y_true,y_prob,y_pred,source,image_id,dx,lesion_id
0,0.514240026473999,1,ham10000,ISIC_0025346,nv,HAM_0000000
0,0.6900050044059753,1,ham10000,ISIC_0027859,bkl,HAM_0000001
1,0.5903305411338806,1,ham10000,ISIC_0032622,mel,HAM_0000002
0,0.7731190919876099,1,ham10000,ISIC_0027886,nv,HAM_0000003
0,0.4790930151939392,1,ham10000,ISIC_0024645,nv,HAM_0000004
1,0.3959009647369385,1,ham10000,ISIC_0024579,akiec,HAM_0000005
1,0.8081964254379272,1,ham10000,ISIC_0032187,mel,HAM_0000006
0,0.5218003988265991,1,ham10000,ISIC_0033879,nv,HAM_0000007
0,0.4773629903793335,1,ham10000,ISIC_0029868,nv,HAM_0000008
1,0.9234477877616882,1,ham10000,ISIC_0026439,bcc,HAM_0000009
0,0.4258476197719574,1,ham10000,ISIC_0027730,nv,HAM_0000010
0,0.19811315834522247,0,ham10000,ISIC_0024678,nv,HAM_0000011
0,0.6644175052642822,1,ham10000,ISIC_0029348,nv,HAM_0000012
0,0.4224095642566681,1,ham10000,ISIC_0024655,nv,HAM_0000013
0,0.2313985973596573,0,ham10000,ISIC_0025640,nv,HAM_0000014
0,0.4469367563724518,1,ham10000,ISIC_0031453,nv,HAM_0000015
0,0.5542196035385132,1,ham10000,ISIC_0029142,nv,HAM_0000016
0,0.3266918957233429,1,ham10000,ISIC_0025894,nv,HAM_0000017
0,0.6335657238960266,1,ham10000,ISIC_0032122,nv,HAM_0000018
0,0.6434118747711182,1,ham10000,ISIC_0025396,nv,HAM_0000019
1,0.6536542773246765,1,ham10000,ISIC_0031922,akiec,HAM_0000020
0,0.39504915475845337,1,ham10000,ISIC_0026773,nv,HAM_0000021
1,0.6142320036888123,1,ham10000,ISIC_0031377,mel,HAM_0000022
0,0.4371875524520874,1,ham10000,ISIC_0026144,nv,HAM_0000023
0,0.4576607346534729,1,ham10000,ISIC_0027141,df,HAM_0000024
0,0.8671646118164062,1,ham10000,ISIC_0024349,nv,HAM_0000025
0,0.29108288884162903,0,ham10000,ISIC_0029325,nv,HAM_0000026
0,0.08501038700342178,0,ham10000,ISIC_0030509,nv,HAM_0000027
0,0.48560816049575806,1,ham10000,ISIC_0026012,nv,HAM_0000028
0,0.22139352560043335,0,ham10000,ISIC_0026815,nv,HAM_0000029
0,0.5200768709182739,1,ham10000,ISIC_0031383,nv,HAM_0000030
0,0.3231568932533264,1,ham10000,ISIC_0028177,nv,HAM_0000031
0,0.463733971118927,1,ham10000,ISIC_0032291,nv,HAM_0000032
0,0.28222793340682983,0,ham10000,ISIC_0031861,nv,HAM_0000033
0,0.6189484000205994,1,ham10000,ISIC_0032411,nv,HAM_0000034
0,0.44306209683418274,1,ham10000,ISIC_0028039,nv,HAM_0000035
0,0.34767112135887146,1,ham10000,ISIC_0024812,nv,HAM_0000036
0,0.636559784412384,1,ham10000,ISIC_0027391,nv,HAM_0000037
0,0.3660969138145447,1,ham10000,ISIC_0026057,nv,HAM_0000038
0,0.6142816543579102,1,ham10000,ISIC_0026103,nv,HAM_0000039
1,0.4438455104827881,1,ham10000,ISIC_0027190,mel,HAM_0000040
0,0.5316143035888672,1,ham10000,ISIC_0032211,nv,HAM_0000041
1,0.41154560446739197,1,ham10000,ISIC_0033905,mel,HAM_0000042
0,0.43244028091430664,1,ham10000,ISIC_0030152,nv,HAM_0000043
0,0.3796534240245819,1,ham10000,ISIC_0024798,nv,HAM_0000044
0,0.4430546164512634,1,ham10000,ISIC_0032126,nv,HAM_0000045
0,0.6171282529830933,1,ham10000,ISIC_0024631,nv,HAM_0000046
0,0.5844025015830994,1,ham10000,ISIC_0027810,nv,HAM_0000047
1,0.9002935886383057,1,ham10000,ISIC_0032774,mel,HAM_0000048
0,0.6525256037712097,1,ham10000,ISIC_0029130,df,HAM_0000049
0,0.275743305683136,0,ham10000,ISIC_0030095,bkl,HAM_0000050
0,0.44026193022727966,1,ham10000,ISIC_0026342,nv,HAM_0000051
0,0.2698673605918884,0,ham10000,ISIC_0029890,nv,HAM_0000052
0,0.40174025297164917,1,ham10000,ISIC_0030376,nv,HAM_0000053
0,0.8721885085105896,1,ham10000,ISIC_0025795,nv,HAM_0000054
1,0.635014533996582,1,ham10000,ISIC_0033546,mel,HAM_0000055
0,0.7177954316139221,1,ham10000,ISIC_0025725,nv,HAM_0000056
0,0.6151085495948792,1,ham10000,ISIC_0025122,nv,HAM_0000057
0,0.5986365079879761,1,ham10000,ISIC_0030302,nv,HAM_0000058
1,0.7551721930503845,1,ham10000,ISIC_0027033,mel,HAM_0000059
1,0.10770080238580704,0,ham10000,ISIC_0031406,mel,HAM_0000060
0,0.6265552043914795,1,ham10000,ISIC_0028417,nv,HAM_0000061
1,0.38851213455200195,1,ham10000,ISIC_0028878,mel,HAM_0000062
0,0.43275001645088196,1,ham10000,ISIC_0031306,nv,HAM_0000063
1,0.5109215378761292,1,ham10000,ISIC_0032603,mel,HAM_0000064
1,0.4053650498390198,1,ham10000,ISIC_0025691,bcc,HAM_0000065
0,0.4091959297657013,1,ham10000,ISIC_0025014,nv,HAM_0000066
0,0.8133535981178284,1,ham10000,ISIC_0034017,nv,HAM_0000067
0,0.7539963722229004,1,ham10000,ISIC_0029045,nv,HAM_0000068
0,0.45596233010292053,1,ham10000,ISIC_0030226,bkl,HAM_0000069
0,0.7643652558326721,1,ham10000,ISIC_0027933,nv,HAM_0000070
0,0.25887301564216614,0,ham10000,ISIC_0029299,nv,HAM_0000071
0,0.7019456028938293,1,ham10000,ISIC_0028461,nv,HAM_0000072
0,0.7507501244544983,1,ham10000,ISIC_0029470,nv,HAM_0000073
0,0.42175546288490295,1,ham10000,ISIC_0024939,nv,HAM_0000074
1,0.8550099730491638,1,ham10000,ISIC_0025651,mel,HAM_0000075
0,0.2881859540939331,0,ham10000,ISIC_0028605,nv,HAM_0000076
0,0.2933245003223419,0,ham10000,ISIC_0030851,nv,HAM_0000077
0,0.2894901931285858,0,ham10000,ISIC_0030853,nv,HAM_0000078
1,0.585919976234436,1,ham10000,ISIC_0033424,mel,HAM_0000079
0,0.36339282989501953,1,ham10000,ISIC_0033528,bkl,HAM_0000080
0,0.3154048025608063,1,ham10000,ISIC_0028072,nv,HAM_0000081
1,0.5222945809364319,1,ham10000,ISIC_0031698,bcc,HAM_0000082
0,0.50931715965271,1,ham10000,ISIC_0028622,bkl,HAM_0000083
0,0.6158767938613892,1,ham10000,ISIC_0028036,nv,HAM_0000084
0,0.4824219048023224,1,ham10000,ISIC_0028421,nv,HAM_0000085
0,0.3287765681743622,1,ham10000,ISIC_0028081,nv,HAM_0000086
0,0.6442804336547852,1,ham10000,ISIC_0033709,bkl,HAM_0000087
0,0.49503690004348755,1,ham10000,ISIC_0027131,nv,HAM_0000088
0,0.5930259227752686,1,ham10000,ISIC_0026783,bkl,HAM_0000089
0,0.5634161829948425,1,ham10000,ISIC_0032330,bkl,HAM_0000090
0,0.3178029954433441,1,ham10000,ISIC_0025737,nv,HAM_0000091
1,0.2869405746459961,0,ham10000,ISIC_0028964,bcc,HAM_0000092
0,0.605019211769104,1,ham10000,ISIC_0030845,nv,HAM_0000093
0,0.6038007736206055,1,ham10000,ISIC_0026233,nv,HAM_0000094
1,0.6736047267913818,1,ham10000,ISIC_0033186,mel,HAM_0000095
0,0.3956562876701355,1,ham10000,ISIC_0029071,nv,HAM_0000096
1,0.8464422225952148,1,ham10000,ISIC_0033103,mel,HAM_0000097
0,0.2810085713863373,0,ham10000,ISIC_0029716,nv,HAM_0000098
1,0.7433199286460876,1,ham10000,ISIC_0027769,mel,HAM_0000099
0,0.301877498626709,1,ham10000,ISIC_0024914,nv,HAM_0000100
0,0.5143294334411621,1,ham10000,ISIC_0032100,nv,HAM_0000101
0,0.7105337381362915,1,ham10000,ISIC_0031547,nv,HAM_0000102
0,0.37787604331970215,1,ham10000,ISIC_0032041,nv,HAM_0000103
0,0.3390037417411804,1,ham10000,ISIC_0031913,nv,HAM_0000104
0,0.42606228590011597,1,ham10000,ISIC_0031362,bkl,HAM_0000105
0,0.6360368728637695,1,ham10000,ISIC_0024770,bkl,HAM_0000106
1,0.8477293252944946,1,ham10000,ISIC_0033299,mel,HAM_0000107
0,0.45327675342559814,1,ham10000,ISIC_0027630,nv,HAM_0000108
0,0.4588146209716797,1,ham10000,ISIC_0031065,vasc,HAM_0000109
0,0.538648247718811,1,ham10000,ISIC_0025703,bkl,HAM_0000110
0,0.29514166712760925,0,ham10000,ISIC_0024742,nv,HAM_0000111
0,0.6006574034690857,1,ham10000,ISIC_0033465,bkl,HAM_0000112
0,0.8152002692222595,1,ham10000,ISIC_0027989,bkl,HAM_0000113
0,0.6008951663970947,1,ham10000,ISIC_0028607,bkl,HAM_0000114
0,0.4903753697872162,1,ham10000,ISIC_0030745,nv,HAM_0000115
0,0.12562263011932373,0,ham10000,ISIC_0031688,nv,HAM_0000116
0,0.49453356862068176,1,ham10000,ISIC_0028005,nv,HAM_0000117
0,0.5902982354164124,1,ham10000,ISIC_0025030,bkl,HAM_0000118
1,0.905735433101654,1,ham10000,ISIC_0033310,mel,HAM_0000119
0,0.2789668142795563,0,ham10000,ISIC_0030904,nv,HAM_0000120
0,0.2597352862358093,0,ham10000,ISIC_0027025,bkl,HAM_0000121
0,0.5260152816772461,1,ham10000,ISIC_0028354,bkl,HAM_0000122
0,0.2565022110939026,0,ham10000,ISIC_0032293,nv,HAM_0000123
0,0.44585293531417847,1,ham10000,ISIC_0025091,nv,HAM_0000124
1,0.878653883934021,1,ham10000,ISIC_0027964,mel,HAM_0000125
0,0.584038257598877,1,ham10000,ISIC_0025354,nv,HAM_0000126
0,0.562506914138794,1,ham10000,ISIC_0031375,nv,HAM_0000127
0,0.6944059133529663,1,ham10000,ISIC_0024968,nv,HAM_0000128
0,0.5627450942993164,1,ham10000,ISIC_0027486,nv,HAM_0000129
0,0.46659815311431885,1,ham10000,ISIC_0025727,nv,HAM_0000130
0,0.47123247385025024,1,ham10000,ISIC_0030769,nv,HAM_0000131
0,0.6406480669975281,1,ham10000,ISIC_0032453,nv,HAM_0000132
1,0.2874545454978943,0,ham10000,ISIC_0028548,mel,HAM_0000133
0,0.3287371098995209,1,ham10000,ISIC_0029064,nv,HAM_0000134
0,0.825010359287262,1,ham10000,ISIC_0030362,nv,HAM_0000135
1,0.33842751383781433,1,ham10000,ISIC_0028065,mel,HAM_0000136
0,0.1979309767484665,0,ham10000,ISIC_0027460,nv,HAM_0000137
0,0.4802907407283783,1,ham10000,ISIC_0028780,nv,HAM_0000138
0,0.718826174736023,1,ham10000,ISIC_0027909,nv,HAM_0000139
0,0.5621031522750854,1,ham10000,ISIC_0030074,nv,HAM_0000140
0,0.13812673091888428,0,ham10000,ISIC_0030477,nv,HAM_0000141
0,0.1430414766073227,0,ham10000,ISIC_0028501,nv,HAM_0000142
0,0.7765997052192688,1,ham10000,ISIC_0027751,nv,HAM_0000143
0,0.5877441763877869,1,ham10000,ISIC_0027558,nv,HAM_0000144
0,0.24964210391044617,0,ham10000,ISIC_0026807,nv,HAM_0000145
0,0.6894030570983887,1,ham10000,ISIC_0027667,nv,HAM_0000146
0,0.26975226402282715,0,ham10000,ISIC_0024993,nv,HAM_0000147
0,0.1859702169895172,0,ham10000,ISIC_0028768,nv,HAM_0000148
0,0.5499229431152344,1,ham10000,ISIC_0025113,bkl,HAM_0000149
0,0.5135959982872009,1,ham10000,ISIC_0024343,nv,HAM_0000150
0,0.07744985073804855,0,ham10000,ISIC_0029350,nv,HAM_0000151
1,0.7870412468910217,1,ham10000,ISIC_0032244,mel,HAM_0000152
1,0.5237435102462769,1,ham10000,ISIC_0031007,bcc,HAM_0000153
0,0.42463183403015137,1,ham10000,ISIC_0025930,nv,HAM_0000154
0,0.36064329743385315,1,ham10000,ISIC_0032390,nv,HAM_0000155
0,0.4511318504810333,1,ham10000,ISIC_0025643,nv,HAM_0000156
0,0.3951985538005829,1,ham10000,ISIC_0032392,nv,HAM_0000157
0,0.2733081877231598,0,ham10000,ISIC_0025082,nv,HAM_0000158
0,0.48953309655189514,1,ham10000,ISIC_0024540,nv,HAM_0000159
0,0.5526162385940552,1,ham10000,ISIC_0027611,nv,HAM_0000160
0,0.49968916177749634,1,ham10000,ISIC_0031820,nv,HAM_0000161
0,0.4175834357738495,1,ham10000,ISIC_0026609,nv,HAM_0000162
0,0.8383855223655701,1,ham10000,ISIC_0025534,nv,HAM_0000163
0,0.8766039609909058,1,ham10000,ISIC_0026273,bkl,HAM_0000164
0,0.682352602481842,1,ham10000,ISIC_0033833,nv,HAM_0000165
0,0.5413792729377747,1,ham10000,ISIC_0028954,nv,HAM_0000166
0,0.7925838828086853,1,ham10000,ISIC_0029431,nv,HAM_0000167
0,0.4072933793067932,1,ham10000,ISIC_0031353,nv,HAM_0000168
1,0.6240596175193787,1,ham10000,ISIC_0032960,mel,HAM_0000169
0,0.7264542579650879,1,ham10000,ISIC_0029918,nv,HAM_0000170
0,0.2226652354001999,0,ham10000,ISIC_0027660,nv,HAM_0000171
0,0.3830259442329407,1,ham10000,ISIC_0027182,nv,HAM_0000172
0,0.5724942088127136,1,ham10000,ISIC_0025026,nv,HAM_0000173
0,0.8135231137275696,1,ham10000,ISIC_0031091,nv,HAM_0000174
0,0.29717767238616943,0,ham10000,ISIC_0028356,nv,HAM_0000175
1,0.8994326591491699,1,ham10000,ISIC_0032862,mel,HAM_0000176
0,0.4944891035556793,1,ham10000,ISIC_0025820,nv,HAM_0000177
0,0.5917500853538513,1,ham10000,ISIC_0031397,nv,HAM_0000178
1,0.8026059865951538,1,ham10000,ISIC_0032550,mel,HAM_0000179
0,0.25337839126586914,0,ham10000,ISIC_0029086,nv,HAM_0000180
0,0.5298759341239929,1,ham10000,ISIC_0033543,nv,HAM_0000181
0,0.7039493918418884,1,ham10000,ISIC_0025096,nv,HAM_0000182
0,0.4038847088813782,1,ham10000,ISIC_0027764,nv,HAM_0000183
0,0.19819523394107819,0,ham10000,ISIC_0027412,nv,HAM_0000184
0,0.31266480684280396,1,ham10000,ISIC_0027906,nv,HAM_0000185
0,0.4152047634124756,1,ham10000,ISIC_0029080,bkl,HAM_0000186
0,0.42994293570518494,1,ham10000,ISIC_0026260,nv,HAM_0000187
0,0.7297587394714355,1,ham10000,ISIC_0027020,nv,HAM_0000188
1,0.8069612979888916,1,ham10000,ISIC_0024504,bcc,HAM_0000189
0,0.46279677748680115,1,ham10000,ISIC_0031946,nv,HAM_0000190
0,0.6187686324119568,1,ham10000,ISIC_0030206,nv,HAM_0000191
0,0.5940722227096558,1,ham10000,ISIC_0025595,nv,HAM_0000192
1,0.2822396159172058,0,ham10000,ISIC_0027950,akiec,HAM_0000193
0,0.4230665862560272,1,ham10000,ISIC_0030456,nv,HAM_0000194
1,0.8477492928504944,1,ham10000,ISIC_0028495,bcc,HAM_0000195
0,0.3936091661453247,1,ham10000,ISIC_0032377,nv,HAM_0000196
0,0.5574954152107239,1,ham10000,ISIC_0024889,nv,HAM_0000197
0,0.4905743896961212,1,ham10000,ISIC_0026923,bkl,HAM_0000198
0,0.4180801808834076,1,ham10000,ISIC_0026127,nv,HAM_0000199
0,0.5239583253860474,1,ham10000,ISIC_0028213,nv,HAM_0000200
1,0.7341850996017456,1,ham10000,ISIC_0031408,mel,HAM_0000201
0,0.6679696440696716,1,ham10000,ISIC_0027219,bkl,HAM_0000202
0,0.37956374883651733,1,ham10000,ISIC_0024738,nv,HAM_0000203
0,0.4906923770904541,1,ham10000,ISIC_0026825,nv,HAM_0000204
0,0.4776743948459625,1,ham10000,ISIC_0029471,nv,HAM_0000205
1,0.8333380818367004,1,ham10000,ISIC_0033431,mel,HAM_0000206
0,0.6190895438194275,1,ham10000,ISIC_0027451,bkl,HAM_0000207
0,0.6946009397506714,1,ham10000,ISIC_0032681,bkl,HAM_0000208
0,0.4766322672367096,1,ham10000,ISIC_0024776,nv,HAM_0000209
1,0.8517009615898132,1,ham10000,ISIC_0024624,mel,HAM_0000210
0,0.6864520311355591,1,ham10000,ISIC_0029482,nv,HAM_0000211
1,0.3895758092403412,1,ham10000,ISIC_0028871,bcc,HAM_0000212
0,0.3317449390888214,1,ham10000,ISIC_0029167,nv,HAM_0000213
0,0.661697506904602,1,ham10000,ISIC_0033364,nv,HAM_0000214
0,0.5273749232292175,1,ham10000,ISIC_0025484,bkl,HAM_0000215
0,0.6211350560188293,1,ham10000,ISIC_0033936,nv,HAM_0000216
0,0.34708037972450256,1,ham10000,ISIC_0029881,nv,HAM_0000217
0,0.4493640661239624,1,ham10000,ISIC_0025552,nv,HAM_0000218
0,0.3704913854598999,1,ham10000,ISIC_0030550,nv,HAM_0000219
1,0.1378757208585739,0,ham10000,ISIC_0030360,mel,HAM_0000220
0,0.2703562378883362,0,ham10000,ISIC_0026344,nv,HAM_0000221
0,0.7839129567146301,1,ham10000,ISIC_0027658,nv,HAM_0000222
0,0.4893666207790375,1,ham10000,ISIC_0027968,nv,HAM_0000223
0,0.12555018067359924,0,ham10000,ISIC_0024542,nv,HAM_0000224
0,0.565517008304596,1,ham10000,ISIC_0029645,nv,HAM_0000225
0,0.9214661717414856,1,ham10000,ISIC_0024854,nv,HAM_0000226
0,0.5584935545921326,1,ham10000,ISIC_0032201,nv,HAM_0000227
0,0.2993493974208832,1,ham10000,ISIC_0025146,nv,HAM_0000228
0,0.6047364473342896,1,ham10000,ISIC_0030086,nv,HAM_0000229
0,0.17825385928153992,0,ham10000,ISIC_0029720,nv,HAM_0000230
0,0.8399583101272583,1,ham10000,ISIC_0024608,nv,HAM_0000231
0,0.6013621687889099,1,ham10000,ISIC_0029950,nv,HAM_0000232
1,0.17744828760623932,0,ham10000,ISIC_0026314,mel,HAM_0000233
0,0.36456313729286194,1,ham10000,ISIC_0032431,nv,HAM_0000234
0,0.5100932121276855,1,ham10000,ISIC_0025910,nv,HAM_0000235
0,0.8336189985275269,1,ham10000,ISIC_0024592,bkl,HAM_0000236
0,0.39048299193382263,1,ham10000,ISIC_0027893,bkl,HAM_0000237
0,0.5753353238105774,1,ham10000,ISIC_0024910,bkl,HAM_0000238
1,0.6193025708198547,1,ham10000,ISIC_0032854,akiec,HAM_0000239
0,0.32979628443717957,1,ham10000,ISIC_0028552,nv,HAM_0000240
1,0.7020942568778992,1,ham10000,ISIC_0030932,mel,HAM_0000241
0,0.2963176965713501,0,ham10000,ISIC_0028273,nv,HAM_0000242
0,0.46680596470832825,1,ham10000,ISIC_0024445,bkl,HAM_0000243
0,0.08234044909477234,0,ham10000,ISIC_0029057,nv,HAM_0000244
0,0.566241443157196,1,ham10000,ISIC_0027454,bkl,HAM_0000245
0,0.5463176369667053,1,ham10000,ISIC_0027079,nv,HAM_0000246
1,0.6771789193153381,1,ham10000,ISIC_0025132,mel,HAM_0000247
0,0.23071415722370148,0,ham10000,ISIC_0024667,nv,HAM_0000248
0,0.3244430720806122,1,ham10000,ISIC_0027847,nv,HAM_0000249
0,0.1995128095149994,0,ham10000,ISIC_0026838,nv,HAM_0000250
0,0.46601006388664246,1,ham10000,ISIC_0025404,nv,HAM_0000251
0,0.36472856998443604,1,ham10000,ISIC_0024953,nv,HAM_0000252
0,0.41579964756965637,1,ham10000,ISIC_0030012,nv,HAM_0000253
0,0.17346921563148499,0,ham10000,ISIC_0026939,nv,HAM_0000254
0,0.4306413233280182,1,ham10000,ISIC_0031786,nv,HAM_0000255
0,0.6379255652427673,1,ham10000,ISIC_0029347,nv,HAM_0000256
0,0.4358266294002533,1,ham10000,ISIC_0030531,nv,HAM_0000257
0,0.3328515589237213,1,ham10000,ISIC_0030909,nv,HAM_0000258
0,0.6148638129234314,1,ham10000,ISIC_0024477,bkl,HAM_0000259
0,0.33057138323783875,1,ham10000,ISIC_0026436,nv,HAM_0000260
0,0.48458734154701233,1,ham10000,ISIC_0026743,nv,HAM_0000261
0,0.5921095013618469,1,ham10000,ISIC_0030326,nv,HAM_0000262
1,0.7463153004646301,1,ham10000,ISIC_0033001,bcc,HAM_0000263
0,0.34658777713775635,1,ham10000,ISIC_0027074,nv,HAM_0000264
0,0.29544681310653687,0,ham10000,ISIC_0027283,nv,HAM_0000265
0,0.45557790994644165,1,ham10000,ISIC_0024933,nv,HAM_0000266
0,0.568426787853241,1,ham10000,ISIC_0026809,nv,HAM_0000267
0,0.7742626667022705,1,ham10000,ISIC_0025160,nv,HAM_0000268
0,0.4541688561439514,1,ham10000,ISIC_0029354,nv,HAM_0000269
0,0.42659124732017517,1,ham10000,ISIC_0031167,nv,HAM_0000270
0,0.28409329056739807,0,ham10000,ISIC_0026408,nv,HAM_0000271
0,0.6621626615524292,1,ham10000,ISIC_0026370,nv,HAM_0000272
0,0.6137950420379639,1,ham10000,ISIC_0025106,nv,HAM_0000273
1,0.553338885307312,1,ham10000,ISIC_0031479,mel,HAM_0000274
0,0.375923216342926,1,ham10000,ISIC_0028645,nv,HAM_0000275
0,0.40086841583251953,1,ham10000,ISIC_0029864,nv,HAM_0000276
0,0.184403195977211,0,ham10000,ISIC_0029182,nv,HAM_0000277
0,0.3210097849369049,1,ham10000,ISIC_0024484,nv,HAM_0000278
0,0.7477836608886719,1,ham10000,ISIC_0028429,nv,HAM_0000279
0,0.3329198658466339,1,ham10000,ISIC_0032326,nv,HAM_0000280
0,0.5024706125259399,1,ham10000,ISIC_0030577,nv,HAM_0000281
1,0.5522952079772949,1,ham10000,ISIC_0027155,mel,HAM_0000282
0,0.3480754792690277,1,ham10000,ISIC_0025159,nv,HAM_0000283
0,0.4453166425228119,1,ham10000,ISIC_0025225,nv,HAM_0000284
0,0.5458653569221497,1,ham10000,ISIC_0026925,nv,HAM_0000285
0,0.16690832376480103,0,ham10000,ISIC_0029099,vasc,HAM_0000286
0,0.26790711283683777,0,ham10000,ISIC_0027203,nv,HAM_0000287
0,0.38151830434799194,1,ham10000,ISIC_0027062,nv,HAM_0000288
0,0.5234006643295288,1,ham10000,ISIC_0032226,nv,HAM_0000289
0,0.5577090382575989,1,ham10000,ISIC_0024526,nv,HAM_0000290
0,0.5269655585289001,1,ham10000,ISIC_0028263,nv,HAM_0000291
0,0.41848304867744446,1,ham10000,ISIC_0031445,nv,HAM_0000292
0,0.357311874628067,1,ham10000,ISIC_0030154,nv,HAM_0000293
0,0.5534449219703674,1,ham10000,ISIC_0032664,nv,HAM_0000294
0,0.44550439715385437,1,ham10000,ISIC_0028590,nv,HAM_0000295
0,0.6930862665176392,1,ham10000,ISIC_0031761,bkl,HAM_0000296
0,0.20960310101509094,0,ham10000,ISIC_0029424,nv,HAM_0000297
0,0.6573278903961182,1,ham10000,ISIC_0029051,bkl,HAM_0000298
0,0.4520513415336609,1,ham10000,ISIC_0024471,bkl,HAM_0000299
0,0.29859238862991333,1,ham10000,ISIC_0030725,nv,HAM_0000300
0,0.4267582595348358,1,ham10000,ISIC_0026112,nv,HAM_0000301
0,0.6549367308616638,1,ham10000,ISIC_0025942,nv,HAM_0000302
0,0.2401522994041443,0,ham10000,ISIC_0026476,nv,HAM_0000303
0,0.24655508995056152,0,ham10000,ISIC_0033276,nv,HAM_0000304
0,0.4218807816505432,1,ham10000,ISIC_0030815,nv,HAM_0000305
0,0.2862488031387329,0,ham10000,ISIC_0029253,nv,HAM_0000306
0,0.42645272612571716,1,ham10000,ISIC_0027011,nv,HAM_0000307
0,0.5456246733665466,1,ham10000,ISIC_0025136,bkl,HAM_0000308
0,0.6931368112564087,1,ham10000,ISIC_0034142,bkl,HAM_0000309
0,0.44839605689048767,1,ham10000,ISIC_0032386,nv,HAM_0000310
0,0.5590185523033142,1,ham10000,ISIC_0028205,nv,HAM_0000311
0,0.6756350994110107,1,ham10000,ISIC_0029654,nv,HAM_0000312
0,0.6717301607131958,1,ham10000,ISIC_0033100,nv,HAM_0000313
0,0.17973485589027405,0,ham10000,ISIC_0024621,nv,HAM_0000314
0,0.39592286944389343,1,ham10000,ISIC_0027474,nv,HAM_0000315
0,0.5992212891578674,1,ham10000,ISIC_0033339,nv,HAM_0000316
0,0.23787525296211243,0,ham10000,ISIC_0030984,nv,HAM_0000317
0,0.3989485800266266,1,ham10000,ISIC_0028750,bkl,HAM_0000318
1,0.6363300085067749,1,ham10000,ISIC_0029209,mel,HAM_0000319
1,0.7132008671760559,1,ham10000,ISIC_0026916,mel,HAM_0000320
1,0.8346522450447083,1,ham10000,ISIC_0032564,mel,HAM_0000321
1,0.6778839826583862,1,ham10000,ISIC_0033473,mel,HAM_0000322
0,0.2980303466320038,1,ham10000,ISIC_0027170,nv,HAM_0000323
0,0.7722011804580688,1,ham10000,ISIC_0028528,nv,HAM_0000324
0,0.4294218122959137,1,ham10000,ISIC_0029832,nv,HAM_0000325
0,0.6356423497200012,1,ham10000,ISIC_0028353,nv,HAM_0000326
0,0.58417809009552,1,ham10000,ISIC_0026682,nv,HAM_0000327
0,0.5399914383888245,1,ham10000,ISIC_0025482,nv,HAM_0000328
0,0.5866491794586182,1,ham10000,ISIC_0031185,nv,HAM_0000329
1,0.83473140001297,1,ham10000,ISIC_0030824,mel,HAM_0000330
0,0.5406510233879089,1,ham10000,ISIC_0026944,nv,HAM_0000331
0,0.7401662468910217,1,ham10000,ISIC_0033307,bkl,HAM_0000332
0,0.033546384423971176,0,ham10000,ISIC_0029098,nv,HAM_0000333
0,0.5779475569725037,1,ham10000,ISIC_0026860,nv,HAM_0000334
0,0.7891969680786133,1,ham10000,ISIC_0032021,nv,HAM_0000335
0,0.5483721494674683,1,ham10000,ISIC_0028859,nv,HAM_0000336
1,0.41901031136512756,1,ham10000,ISIC_0026081,mel,HAM_0000337
0,0.6650019288063049,1,ham10000,ISIC_0028631,nv,HAM_0000338
0,0.6130316853523254,1,ham10000,ISIC_0025044,nv,HAM_0000339
0,0.32911863923072815,1,ham10000,ISIC_0026397,nv,HAM_0000340
0,0.34851330518722534,1,ham10000,ISIC_0031634,nv,HAM_0000341
0,0.6489775776863098,1,ham10000,ISIC_0027226,nv,HAM_0000342
0,0.45219647884368896,1,ham10000,ISIC_0027824,nv,HAM_0000343
0,0.8753466606140137,1,ham10000,ISIC_0032972,bkl,HAM_0000344
0,0.3865499198436737,1,ham10000,ISIC_0031361,nv,HAM_0000345
0,0.5305955410003662,1,ham10000,ISIC_0027518,nv,HAM_0000346
0,0.4511708915233612,1,ham10000,ISIC_0029665,nv,HAM_0000347
0,0.5281704068183899,1,ham10000,ISIC_0028290,nv,HAM_0000348
0,0.6192321181297302,1,ham10000,ISIC_0033005,df,HAM_0000349
0,0.3290505111217499,1,ham10000,ISIC_0030921,nv,HAM_0000350
0,0.47952505946159363,1,ham10000,ISIC_0024324,bkl,HAM_0000351
1,0.36839792132377625,1,ham10000,ISIC_0031225,bcc,HAM_0000352
0,0.3944754898548126,1,ham10000,ISIC_0032157,nv,HAM_0000353
0,0.6531941294670105,1,ham10000,ISIC_0027348,nv,HAM_0000354
0,0.5836387872695923,1,ham10000,ISIC_0027842,nv,HAM_0000355
1,0.7460107803344727,1,ham10000,ISIC_0026171,akiec,HAM_0000356
0,0.366216242313385,1,ham10000,ISIC_0025134,nv,HAM_0000357
1,0.4279375374317169,1,ham10000,ISIC_0026976,mel,HAM_0000358
0,0.5810216665267944,1,ham10000,ISIC_0025701,nv,HAM_0000359
0,0.3833317458629608,1,ham10000,ISIC_0025854,nv,HAM_0000360
1,0.23521631956100464,0,ham10000,ISIC_0032199,akiec,HAM_0000361
0,0.423755407333374,1,ham10000,ISIC_0026043,nv,HAM_0000362
0,0.42093637585639954,1,ham10000,ISIC_0027617,nv,HAM_0000363
0,0.3022771179676056,1,ham10000,ISIC_0024505,bkl,HAM_0000364
0,0.4199428856372833,1,ham10000,ISIC_0026534,nv,HAM_0000365
0,0.37813127040863037,1,ham10000,ISIC_0027147,nv,HAM_0000366
0,0.3871244788169861,1,ham10000,ISIC_0025462,nv,HAM_0000367
0,0.4251540005207062,1,ham10000,ISIC_0027111,nv,HAM_0000368
0,0.3906877636909485,1,ham10000,ISIC_0029400,nv,HAM_0000369
0,0.3648523688316345,1,ham10000,ISIC_0025998,nv,HAM_0000370
0,0.363542377948761,1,ham10000,ISIC_0025395,nv,HAM_0000371
0,0.9238207936286926,1,ham10000,ISIC_0033685,bkl,HAM_0000372
1,0.6076470017433167,1,ham10000,ISIC_0024806,mel,HAM_0000373
0,0.4573608934879303,1,ham10000,ISIC_0026111,nv,HAM_0000374
1,0.42295947670936584,1,ham10000,ISIC_0030238,mel,HAM_0000375
0,0.554534912109375,1,ham10000,ISIC_0025173,nv,HAM_0000376
0,0.4530782699584961,1,ham10000,ISIC_0025201,nv,HAM_0000377
0,0.6896346807479858,1,ham10000,ISIC_0031973,nv,HAM_0000378
0,0.39688828587532043,1,ham10000,ISIC_0029980,nv,HAM_0000379
0,0.6327385306358337,1,ham10000,ISIC_0024344,nv,HAM_0000380
0,0.23142175376415253,0,ham10000,ISIC_0030148,nv,HAM_0000381
0,0.45484623312950134,1,ham10000,ISIC_0031897,bkl,HAM_0000382
0,0.38008496165275574,1,ham10000,ISIC_0024612,bkl,HAM_0000383
0,0.0904049202799797,0,ham10000,ISIC_0030506,nv,HAM_0000384
0,0.32239118218421936,1,ham10000,ISIC_0024611,nv,HAM_0000385
0,0.7240341901779175,1,ham10000,ISIC_0026787,bkl,HAM_0000386
0,0.35265788435935974,1,ham10000,ISIC_0031826,nv,HAM_0000387
1,0.7444915771484375,1,ham10000,ISIC_0032544,mel,HAM_0000388
0,0.22702516615390778,0,ham10000,ISIC_0029754,nv,HAM_0000389
0,0.1003924235701561,0,ham10000,ISIC_0026756,nv,HAM_0000390
0,0.5402702689170837,1,ham10000,ISIC_0025683,nv,HAM_0000391
1,0.5709320306777954,1,ham10000,ISIC_0033440,mel,HAM_0000392
1,0.907660186290741,1,ham10000,ISIC_0027865,bcc,HAM_0000393
1,0.6636977791786194,1,ham10000,ISIC_0033579,bcc,HAM_0000394
0,0.6391564607620239,1,ham10000,ISIC_0025421,nv,HAM_0000395
1,0.4239707887172699,1,ham10000,ISIC_0028481,mel,HAM_0000396
0,0.3880974352359772,1,ham10000,ISIC_0024538,nv,HAM_0000397
0,0.6862673163414001,1,ham10000,ISIC_0027064,bkl,HAM_0000398
0,0.24912029504776,0,ham10000,ISIC_0027599,nv,HAM_0000399
0,0.6006150245666504,1,ham10000,ISIC_0031414,nv,HAM_0000400
0,0.34191030263900757,1,ham10000,ISIC_0031135,nv,HAM_0000401
0,0.5594406127929688,1,ham10000,ISIC_0032612,nv,HAM_0000402
0,0.12387214601039886,0,ham10000,ISIC_0024874,nv,HAM_0000403
0,0.329947292804718,1,ham10000,ISIC_0031241,nv,HAM_0000404
0,0.34727975726127625,1,ham10000,ISIC_0027225,nv,HAM_0000405
0,0.5918116569519043,1,ham10000,ISIC_0030890,nv,HAM_0000406
0,0.6132254004478455,1,ham10000,ISIC_0032771,nv,HAM_0000407
0,0.4473237991333008,1,ham10000,ISIC_0027000,nv,HAM_0000408
0,0.27169692516326904,0,ham10000,ISIC_0025829,nv,HAM_0000409
0,0.5124024748802185,1,ham10000,ISIC_0031796,nv,HAM_0000410
0,0.31992578506469727,1,ham10000,ISIC_0031283,nv,HAM_0000411
0,0.6542824506759644,1,ham10000,ISIC_0032706,nv,HAM_0000412
0,0.1404733806848526,0,ham10000,ISIC_0024589,nv,HAM_0000413
0,0.28969907760620117,0,ham10000,ISIC_0032451,nv,HAM_0000414
0,0.26939520239830017,0,ham10000,ISIC_0025680,vasc,HAM_0000415
0,0.46976765990257263,1,ham10000,ISIC_0028162,nv,HAM_0000416
1,0.6096166968345642,1,ham10000,ISIC_0025783,mel,HAM_0000417
0,0.7133793830871582,1,ham10000,ISIC_0029339,nv,HAM_0000418
0,0.3052476942539215,1,ham10000,ISIC_0027741,nv,HAM_0000419
0,0.18547020852565765,0,ham10000,ISIC_0026864,nv,HAM_0000420
0,0.2349984496831894,0,ham10000,ISIC_0034080,nv,HAM_0000421
0,0.4754796028137207,1,ham10000,ISIC_0027664,nv,HAM_0000422
1,0.5997770428657532,1,ham10000,ISIC_0033813,mel,HAM_0000423
0,0.34262752532958984,1,ham10000,ISIC_0031328,nv,HAM_0000424
0,0.27126970887184143,0,ham10000,ISIC_0024839,bkl,HAM_0000425
0,0.19074760377407074,0,ham10000,ISIC_0028182,nv,HAM_0000426
0,0.36364513635635376,1,ham10000,ISIC_0025444,nv,HAM_0000427
0,0.4177998900413513,1,ham10000,ISIC_0027936,nv,HAM_0000428
0,0.4670177698135376,1,ham10000,ISIC_0026562,nv,HAM_0000429
0,0.2213488072156906,0,ham10000,ISIC_0032477,nv,HAM_0000430
0,0.7043612003326416,1,ham10000,ISIC_0026067,nv,HAM_0000431
0,0.7633157968521118,1,ham10000,ISIC_0033822,nv,HAM_0000432
1,0.8917695879936218,1,ham10000,ISIC_0025472,mel,HAM_0000433
0,0.4773704707622528,1,ham10000,ISIC_0031635,nv,HAM_0000434
0,0.5909769535064697,1,ham10000,ISIC_0026620,nv,HAM_0000435
0,0.5159466862678528,1,ham10000,ISIC_0026547,nv,HAM_0000436
0,0.544304609298706,1,ham10000,ISIC_0027731,nv,HAM_0000437
0,0.35752397775650024,1,ham10000,ISIC_0025532,nv,HAM_0000438
0,0.22762076556682587,0,ham10000,ISIC_0033729,nv,HAM_0000439
0,0.43265271186828613,1,ham10000,ISIC_0027972,nv,HAM_0000440
0,0.24689441919326782,0,ham10000,ISIC_0030316,bkl,HAM_0000441
1,0.6843640804290771,1,ham10000,ISIC_0031565,mel,HAM_0000442
0,0.564802348613739,1,ham10000,ISIC_0034271,nv,HAM_0000443
0,0.5359224677085876,1,ham10000,ISIC_0029118,nv,HAM_0000444
0,0.33225053548812866,1,ham10000,ISIC_0032010,nv,HAM_0000445
0,0.6231951117515564,1,ham10000,ISIC_0025613,nv,HAM_0000446
0,0.4844624102115631,1,ham10000,ISIC_0024817,nv,HAM_0000447
0,0.8518376350402832,1,ham10000,ISIC_0025100,nv,HAM_0000448
0,0.3249998986721039,1,ham10000,ISIC_0028327,nv,HAM_0000449
0,0.5724502205848694,1,ham10000,ISIC_0025059,nv,HAM_0000450
1,0.472183495759964,1,ham10000,ISIC_0029123,bcc,HAM_0000451
0,0.5047425031661987,1,ham10000,ISIC_0029048,bkl,HAM_0000452
0,0.17302262783050537,0,ham10000,ISIC_0025330,bkl,HAM_0000453
0,0.20463797450065613,0,ham10000,ISIC_0025522,nv,HAM_0000454
0,0.4670126438140869,1,ham10000,ISIC_0032005,nv,HAM_0000455
1,0.2848949134349823,0,ham10000,ISIC_0026466,akiec,HAM_0000456
1,0.6905685663223267,1,ham10000,ISIC_0026855,bcc,HAM_0000457
0,0.23367905616760254,0,ham10000,ISIC_0025714,nv,HAM_0000458
0,0.5414207577705383,1,ham10000,ISIC_0026584,nv,HAM_0000459
0,0.1408485770225525,0,ham10000,ISIC_0025197,vasc,HAM_0000460
0,0.11940358579158783,0,ham10000,ISIC_0027750,nv,HAM_0000461
1,0.5147113800048828,1,ham10000,ISIC_0032897,akiec,HAM_0000462
1,0.5660279989242554,1,ham10000,ISIC_0030177,bcc,HAM_0000463
0,0.09321951866149902,0,ham10000,ISIC_0026223,nv,HAM_0000464
0,0.24474912881851196,0,ham10000,ISIC_0030583,bkl,HAM_0000465
0,0.40413758158683777,1,ham10000,ISIC_0027749,nv,HAM_0000466
0,0.12870734930038452,0,ham10000,ISIC_0030612,nv,HAM_0000467
0,0.8170721530914307,1,ham10000,ISIC_0024524,nv,HAM_0000468
0,0.18423935770988464,0,ham10000,ISIC_0025408,nv,HAM_0000469
0,0.18431751430034637,0,ham10000,ISIC_0026965,nv,HAM_0000470
0,0.5281268954277039,1,ham10000,ISIC_0031656,nv,HAM_0000471
0,0.6756560206413269,1,ham10000,ISIC_0028339,nv,HAM_0000472
0,0.6387760639190674,1,ham10000,ISIC_0027356,nv,HAM_0000473
0,0.34966400265693665,1,ham10000,ISIC_0030099,nv,HAM_0000474
0,0.5876410603523254,1,ham10000,ISIC_0027299,nv,HAM_0000475
0,0.6740812659263611,1,ham10000,ISIC_0028293,nv,HAM_0000476
0,0.42754319310188293,1,ham10000,ISIC_0026292,nv,HAM_0000477
0,0.3948899507522583,1,ham10000,ISIC_0025895,nv,HAM_0000478
0,0.6908886432647705,1,ham10000,ISIC_0030441,nv,HAM_0000479
0,0.28407078981399536,0,ham10000,ISIC_0031952,nv,HAM_0000480
0,0.3890604078769684,1,ham10000,ISIC_0028634,nv,HAM_0000481
0,0.7867087721824646,1,ham10000,ISIC_0026885,nv,HAM_0000482
1,0.4911831319332123,1,ham10000,ISIC_0032629,mel,HAM_0000483
0,0.6102940440177917,1,ham10000,ISIC_0024309,nv,HAM_0000484
0,0.3646494150161743,1,ham10000,ISIC_0024959,nv,HAM_0000485
0,0.4833565354347229,1,ham10000,ISIC_0028882,nv,HAM_0000486
0,0.4449927806854248,1,ham10000,ISIC_0032268,nv,HAM_0000487
0,0.5325006246566772,1,ham10000,ISIC_0032930,nv,HAM_0000488
0,0.37066707015037537,1,ham10000,ISIC_0024960,nv,HAM_0000489
1,0.5372331142425537,1,ham10000,ISIC_0026206,akiec,HAM_0000490
0,0.34151503443717957,1,ham10000,ISIC_0028207,nv,HAM_0000491
1,0.4774045944213867,1,ham10000,ISIC_0027076,mel,HAM_0000492
0,0.37079644203186035,1,ham10000,ISIC_0030304,nv,HAM_0000493
0,0.7955782413482666,1,ham10000,ISIC_0032557,vasc,HAM_0000494
0,0.3226785957813263,1,ham10000,ISIC_0030200,nv,HAM_0000495
1,0.3480927646160126,1,ham10000,ISIC_0029545,bcc,HAM_0000496
0,0.39411407709121704,1,ham10000,ISIC_0024563,nv,HAM_0000497
1,0.4688926637172699,1,ham10000,ISIC_0029067,akiec,HAM_0000498
0,0.46632352471351624,1,ham10000,ISIC_0029599,nv,HAM_0000499
0,0.6961426138877869,1,ham10000,ISIC_0029145,nv,HAM_0000500
1,0.5845614075660706,1,ham10000,ISIC_0031335,akiec,HAM_0000501
0,0.1392119973897934,0,ham10000,ISIC_0029608,vasc,HAM_0000502
0,0.493061900138855,1,ham10000,ISIC_0029236,nv,HAM_0000503
1,0.6707942485809326,1,ham10000,ISIC_0025971,bcc,HAM_0000504
0,0.6037551760673523,1,ham10000,ISIC_0024902,nv,HAM_0000505
0,0.5746485590934753,1,ham10000,ISIC_0031891,nv,HAM_0000506
0,0.7465453743934631,1,ham10000,ISIC_0028921,nv,HAM_0000507
0,0.6065294742584229,1,ham10000,ISIC_0027495,nv,HAM_0000508
0,0.4588315486907959,1,ham10000,ISIC_0024837,nv,HAM_0000509
0,0.31972867250442505,1,ham10000,ISIC_0027342,nv,HAM_0000510
0,0.37568190693855286,1,ham10000,ISIC_0026669,nv,HAM_0000511
1,0.7101277709007263,1,ham10000,ISIC_0030528,bcc,HAM_0000512
1,0.1589432656764984,0,ham10000,ISIC_0032207,mel,HAM_0000513
0,0.21629922091960907,0,ham10000,ISIC_0028934,nv,HAM_0000514
0,0.5789971351623535,1,ham10000,ISIC_0029737,nv,HAM_0000515
0,0.7213020324707031,1,ham10000,ISIC_0033952,bkl,HAM_0000516
1,0.3205123543739319,1,ham10000,ISIC_0030507,mel,HAM_0000517
0,0.3215244710445404,1,ham10000,ISIC_0030943,nv,HAM_0000518
0,0.4687019884586334,1,ham10000,ISIC_0030758,bkl,HAM_0000519
0,0.49326902627944946,1,ham10000,ISIC_0026415,nv,HAM_0000520
0,0.5893492698669434,1,ham10000,ISIC_0031889,nv,HAM_0000521
0,0.5233826637268066,1,ham10000,ISIC_0024826,nv,HAM_0000522
0,0.17068250477313995,0,ham10000,ISIC_0025978,nv,HAM_0000523
0,0.46539029479026794,1,ham10000,ISIC_0026069,bkl,HAM_0000524
0,0.4958018362522125,1,ham10000,ISIC_0031510,nv,HAM_0000525
0,0.5568864345550537,1,ham10000,ISIC_0029997,nv,HAM_0000526
0,0.6987623572349548,1,ham10000,ISIC_0032508,bkl,HAM_0000527
0,0.5139878392219543,1,ham10000,ISIC_0028782,nv,HAM_0000528
0,0.4744856357574463,1,ham10000,ISIC_0030540,nv,HAM_0000529
0,0.6024762988090515,1,ham10000,ISIC_0025135,nv,HAM_0000530
1,0.6895050406455994,1,ham10000,ISIC_0025674,mel,HAM_0000531
0,0.6114276647567749,1,ham10000,ISIC_0025365,nv,HAM_0000532
0,0.20373645424842834,0,ham10000,ISIC_0026380,nv,HAM_0000533
1,0.4949178397655487,1,ham10000,ISIC_0025235,mel,HAM_0000534
0,0.16204258799552917,0,ham10000,ISIC_0032353,nv,HAM_0000535
1,0.44721803069114685,1,ham10000,ISIC_0027359,mel,HAM_0000536
0,0.532837986946106,1,ham10000,ISIC_0027095,nv,HAM_0000537
0,0.3998870849609375,1,ham10000,ISIC_0030650,nv,HAM_0000538
0,0.3674996793270111,1,ham10000,ISIC_0024512,nv,HAM_0000539
0,0.4499530494213104,1,ham10000,ISIC_0030748,nv,HAM_0000540
0,0.31407415866851807,1,ham10000,ISIC_0027646,nv,HAM_0000541
0,0.6747903823852539,1,ham10000,ISIC_0025068,bkl,HAM_0000542
0,0.32301095128059387,1,ham10000,ISIC_0030776,nv,HAM_0000543
0,0.3472142517566681,1,ham10000,ISIC_0031810,nv,HAM_0000544
1,0.6184766888618469,1,ham10000,ISIC_0026650,akiec,HAM_0000545
0,0.1759437471628189,0,ham10000,ISIC_0028337,nv,HAM_0000546
0,0.5163130164146423,1,ham10000,ISIC_0032546,nv,HAM_0000547
0,0.4000336825847626,1,ham10000,ISIC_0027763,nv,HAM_0000548
1,0.7026849389076233,1,ham10000,ISIC_0026152,akiec,HAM_0000549
0,0.37421658635139465,1,ham10000,ISIC_0024306,nv,HAM_0000550
0,0.8292087912559509,1,ham10000,ISIC_0025120,nv,HAM_0000551
1,0.5405377745628357,1,ham10000,ISIC_0026083,akiec,HAM_0000552
1,0.8546891212463379,1,ham10000,ISIC_0032716,mel,HAM_0000553
0,0.20417825877666473,0,ham10000,ISIC_0026791,nv,HAM_0000555
0,0.8611734509468079,1,ham10000,ISIC_0033484,nv,HAM_0000556
0,0.5563455820083618,1,ham10000,ISIC_0025675,nv,HAM_0000557
0,0.12255589663982391,0,ham10000,ISIC_0027547,nv,HAM_0000558
0,0.3324715197086334,1,ham10000,ISIC_0024693,nv,HAM_0000559
0,0.49314770102500916,1,ham10000,ISIC_0031509,nv,HAM_0000560
0,0.42769813537597656,1,ham10000,ISIC_0025143,nv,HAM_0000561
0,0.2034424990415573,0,ham10000,ISIC_0026166,nv,HAM_0000562
1,0.4310641288757324,1,ham10000,ISIC_0027900,mel,HAM_0000563
0,0.8946467638015747,1,ham10000,ISIC_0027333,nv,HAM_0000564
0,0.28165778517723083,0,ham10000,ISIC_0025976,nv,HAM_0000565
0,0.586143434047699,1,ham10000,ISIC_0026794,bkl,HAM_0000566
0,0.3721819818019867,1,ham10000,ISIC_0029677,nv,HAM_0000567
0,0.4331435561180115,1,ham10000,ISIC_0026990,nv,HAM_0000568
0,0.4371650516986847,1,ham10000,ISIC_0031592,nv,HAM_0000569
0,0.4041532576084137,1,ham10000,ISIC_0027404,nv,HAM_0000570
0,0.844383716583252,1,ham10000,ISIC_0032773,bkl,HAM_0000571
0,0.05413112789392471,0,ham10000,ISIC_0025224,nv,HAM_0000572
0,0.15328989923000336,0,ham10000,ISIC_0024988,nv,HAM_0000573
0,0.3889809548854828,1,ham10000,ISIC_0026936,nv,HAM_0000574
0,0.18158890306949615,0,ham10000,ISIC_0029936,nv,HAM_0000575
0,0.18753698468208313,0,ham10000,ISIC_0025585,nv,HAM_0000576
0,0.7203947305679321,1,ham10000,ISIC_0026385,nv,HAM_0000577
0,0.6214206218719482,1,ham10000,ISIC_0033087,nv,HAM_0000578
0,0.47685331106185913,1,ham10000,ISIC_0032742,nv,HAM_0000579
0,0.6048900485038757,1,ham10000,ISIC_0029293,nv,HAM_0000580
0,0.6691751480102539,1,ham10000,ISIC_0032826,bkl,HAM_0000581
0,0.6299524307250977,1,ham10000,ISIC_0025885,bkl,HAM_0000582
0,0.21794815361499786,0,ham10000,ISIC_0029681,nv,HAM_0000583
0,0.5107820630073547,1,ham10000,ISIC_0025888,nv,HAM_0000584
0,0.23608313500881195,0,ham10000,ISIC_0030685,nv,HAM_0000585
0,0.5600569248199463,1,ham10000,ISIC_0029649,nv,HAM_0000586
0,0.5879173278808594,1,ham10000,ISIC_0025379,nv,HAM_0000587
1,0.4575487971305847,1,ham10000,ISIC_0026746,mel,HAM_0000588
0,0.8103172183036804,1,ham10000,ISIC_0027103,nv,HAM_0000589
1,0.6675910949707031,1,ham10000,ISIC_0030951,mel,HAM_0000590
0,0.21410058438777924,0,ham10000,ISIC_0026654,nv,HAM_0000591
0,0.26456373929977417,0,ham10000,ISIC_0030781,nv,HAM_0000592
1,0.4571521282196045,1,ham10000,ISIC_0024679,mel,HAM_0000593
0,0.2823953330516815,0,ham10000,ISIC_0029178,nv,HAM_0000594
0,0.26523923873901367,0,ham10000,ISIC_0025991,nv,HAM_0000595
0,0.464289128780365,1,ham10000,ISIC_0025385,nv,HAM_0000596
0,0.6147886514663696,1,ham10000,ISIC_0030654,nv,HAM_0000597
0,0.6733759045600891,1,ham10000,ISIC_0026557,nv,HAM_0000598
0,0.6276397109031677,1,ham10000,ISIC_0026543,nv,HAM_0000599
0,0.41154026985168457,1,ham10000,ISIC_0028311,nv,HAM_0000600
0,0.1863650530576706,0,ham10000,ISIC_0026578,nv,HAM_0000601
0,0.49412092566490173,1,ham10000,ISIC_0026719,nv,HAM_0000602
0,0.6338297128677368,1,ham10000,ISIC_0028441,nv,HAM_0000603
0,0.9165129065513611,1,ham10000,ISIC_0029208,nv,HAM_0000604
0,0.4575966000556946,1,ham10000,ISIC_0030212,nv,HAM_0000605
0,0.46090492606163025,1,ham10000,ISIC_0030109,nv,HAM_0000606
0,0.5535386204719543,1,ham10000,ISIC_0025431,bkl,HAM_0000607
0,0.3002075254917145,1,ham10000,ISIC_0025756,nv,HAM_0000608
0,0.5518866777420044,1,ham10000,ISIC_0025778,nv,HAM_0000609
0,0.6237788796424866,1,ham10000,ISIC_0024689,nv,HAM_0000610
1,0.5146170854568481,1,ham10000,ISIC_0033216,mel,HAM_0000611
1,0.7509689927101135,1,ham10000,ISIC_0026968,bcc,HAM_0000612
0,0.5204827785491943,1,ham10000,ISIC_0031253,bkl,HAM_0000613
0,0.21071673929691315,0,ham10000,ISIC_0025493,nv,HAM_0000614
0,0.3840295672416687,1,ham10000,ISIC_0026758,nv,HAM_0000615
0,0.43603041768074036,1,ham10000,ISIC_0024750,nv,HAM_0000616
0,0.4257256090641022,1,ham10000,ISIC_0029703,nv,HAM_0000617
0,0.6722154021263123,1,ham10000,ISIC_0025840,nv,HAM_0000618
1,0.5577966570854187,1,ham10000,ISIC_0026690,mel,HAM_0000619
0,0.2195347249507904,0,ham10000,ISIC_0027414,nv,HAM_0000620
0,0.27590203285217285,0,ham10000,ISIC_0031101,nv,HAM_0000621
0,0.6009033918380737,1,ham10000,ISIC_0030161,nv,HAM_0000622
0,0.21509768068790436,0,ham10000,ISIC_0032004,nv,HAM_0000623
1,0.26382169127464294,0,ham10000,ISIC_0029089,mel,HAM_0000624
0,0.2888377606868744,0,ham10000,ISIC_0026062,nv,HAM_0000625
0,0.7693061828613281,1,ham10000,ISIC_0025267,nv,HAM_0000626
0,0.6547085642814636,1,ham10000,ISIC_0034019,nv,HAM_0000627
0,0.34913426637649536,1,ham10000,ISIC_0024567,nv,HAM_0000628
0,0.4827515780925751,1,ham10000,ISIC_0029008,nv,HAM_0000629
0,0.20031575858592987,0,ham10000,ISIC_0026832,nv,HAM_0000630
0,0.6135995388031006,1,ham10000,ISIC_0030885,nv,HAM_0000631
0,0.3204522430896759,1,ham10000,ISIC_0031070,nv,HAM_0000632
0,0.15158666670322418,0,ham10000,ISIC_0030719,nv,HAM_0000633
0,0.7305461764335632,1,ham10000,ISIC_0026099,nv,HAM_0000634
0,0.39860957860946655,1,ham10000,ISIC_0028663,nv,HAM_0000635
0,0.3591725528240204,1,ham10000,ISIC_0027104,nv,HAM_0000636
0,0.58525550365448,1,ham10000,ISIC_0027514,nv,HAM_0000637
0,0.18689677119255066,0,ham10000,ISIC_0029887,nv,HAM_0000638
0,0.4899028241634369,1,ham10000,ISIC_0025257,nv,HAM_0000639
0,0.12289551645517349,0,ham10000,ISIC_0024663,nv,HAM_0000640
0,0.5120123624801636,1,ham10000,ISIC_0027477,nv,HAM_0000641
0,0.69407719373703,1,ham10000,ISIC_0026520,nv,HAM_0000642
0,0.4034242331981659,1,ham10000,ISIC_0029731,bkl,HAM_0000643
0,0.25448012351989746,0,ham10000,ISIC_0027728,nv,HAM_0000644
1,0.5608435273170471,1,ham10000,ISIC_0024853,mel,HAM_0000645
0,0.3765106797218323,1,ham10000,ISIC_0025890,nv,HAM_0000646
0,0.15975520014762878,0,ham10000,ISIC_0029911,nv,HAM_0000647
0,0.3776634931564331,1,ham10000,ISIC_0027080,nv,HAM_0000648
0,0.400936096906662,1,ham10000,ISIC_0027276,nv,HAM_0000649
0,0.47315582633018494,1,ham10000,ISIC_0033464,nv,HAM_0000650
0,0.29034680128097534,0,ham10000,ISIC_0032178,nv,HAM_0000651
0,0.43279698491096497,1,ham10000,ISIC_0028597,nv,HAM_0000652
1,0.8205797672271729,1,ham10000,ISIC_0024552,mel,HAM_0000653
0,0.4253784716129303,1,ham10000,ISIC_0027799,nv,HAM_0000654
1,0.7930641770362854,1,ham10000,ISIC_0027175,bcc,HAM_0000655
0,0.25350823998451233,0,ham10000,ISIC_0027096,nv,HAM_0000656
0,0.21912075579166412,0,ham10000,ISIC_0030955,nv,HAM_0000657
1,0.6401045322418213,1,ham10000,ISIC_0031986,bcc,HAM_0000658
0,0.5884892344474792,1,ham10000,ISIC_0030088,bkl,HAM_0000659
0,0.44629213213920593,1,ham10000,ISIC_0028953,nv,HAM_0000660
0,0.5827720165252686,1,ham10000,ISIC_0025538,nv,HAM_0000661
1,0.7528115510940552,1,ham10000,ISIC_0033317,mel,HAM_0000662
0,0.5664904117584229,1,ham10000,ISIC_0027761,nv,HAM_0000663
0,0.10512141138315201,0,ham10000,ISIC_0029535,nv,HAM_0000664
0,0.45519018173217773,1,ham10000,ISIC_0030259,nv,HAM_0000665
0,0.5052921772003174,1,ham10000,ISIC_0026024,nv,HAM_0000666
0,0.30492788553237915,1,ham10000,ISIC_0028551,nv,HAM_0000667
0,0.28427088260650635,0,ham10000,ISIC_0024808,nv,HAM_0000668
0,0.2696550488471985,0,ham10000,ISIC_0032052,nv,HAM_0000669
0,0.3362102806568146,1,ham10000,ISIC_0026204,nv,HAM_0000670
0,0.38450488448143005,1,ham10000,ISIC_0030193,nv,HAM_0000671
0,0.3023802936077118,1,ham10000,ISIC_0029007,nv,HAM_0000672
1,0.5451858639717102,1,ham10000,ISIC_0029659,akiec,HAM_0000673
0,0.5579458475112915,1,ham10000,ISIC_0028983,nv,HAM_0000674
0,0.6018492579460144,1,ham10000,ISIC_0033418,nv,HAM_0000675
0,0.5899686813354492,1,ham10000,ISIC_0032969,nv,HAM_0000676
0,0.11549946665763855,0,ham10000,ISIC_0025494,nv,HAM_0000677
0,0.295784592628479,0,ham10000,ISIC_0029074,nv,HAM_0000678
0,0.2454560250043869,0,ham10000,ISIC_0024724,nv,HAM_0000679
0,0.29119375348091125,0,ham10000,ISIC_0028927,nv,HAM_0000680
0,0.20770159363746643,0,ham10000,ISIC_0032032,nv,HAM_0000681
0,0.5852532982826233,1,ham10000,ISIC_0030786,nv,HAM_0000682
0,0.3181014657020569,1,ham10000,ISIC_0028439,nv,HAM_0000684
0,0.6238074898719788,1,ham10000,ISIC_0026291,bkl,HAM_0000685
0,0.4240778684616089,1,ham10000,ISIC_0031523,nv,HAM_0000686
1,0.9170315265655518,1,ham10000,ISIC_0028994,bcc,HAM_0000687
1,0.9104134440422058,1,ham10000,ISIC_0026720,akiec,HAM_0000688
0,0.269066721200943,0,ham10000,ISIC_0024356,nv,HAM_0000689
0,0.552914023399353,1,ham10000,ISIC_0028586,nv,HAM_0000690
0,0.41811367869377136,1,ham10000,ISIC_0026535,nv,HAM_0000691
0,0.17480240762233734,0,ham10000,ISIC_0025364,nv,HAM_0000692
0,0.518983006477356,1,ham10000,ISIC_0028310,nv,HAM_0000693
0,0.6597558856010437,1,ham10000,ISIC_0032298,nv,HAM_0000694
0,0.2909619212150574,0,ham10000,ISIC_0025757,nv,HAM_0000695
0,0.33702370524406433,1,ham10000,ISIC_0026277,bkl,HAM_0000696
0,0.27546000480651855,0,ham10000,ISIC_0029148,nv,HAM_0000697
0,0.20171739161014557,0,ham10000,ISIC_0027431,nv,HAM_0000698
0,0.44313567876815796,1,ham10000,ISIC_0031575,nv,HAM_0000699
0,0.5101961493492126,1,ham10000,ISIC_0028052,bkl,HAM_0000700
0,0.6435166597366333,1,ham10000,ISIC_0032115,nv,HAM_0000701
0,0.31019940972328186,1,ham10000,ISIC_0030804,nv,HAM_0000702
0,0.47207507491111755,1,ham10000,ISIC_0028424,nv,HAM_0000703
0,0.5773105621337891,1,ham10000,ISIC_0032954,nv,HAM_0000704
0,0.6037278771400452,1,ham10000,ISIC_0025508,nv,HAM_0000705
1,0.6591425538063049,1,ham10000,ISIC_0032690,mel,HAM_0000706
0,0.20810534060001373,0,ham10000,ISIC_0024561,nv,HAM_0000707
0,0.3747920095920563,1,ham10000,ISIC_0024499,nv,HAM_0000708
1,0.644415020942688,1,ham10000,ISIC_0032559,mel,HAM_0000709
0,0.5724160671234131,1,ham10000,ISIC_0024489,bkl,HAM_0000710
0,0.277885377407074,0,ham10000,ISIC_0029387,nv,HAM_0000711
0,0.37812772393226624,1,ham10000,ISIC_0028434,nv,HAM_0000712
0,0.46673813462257385,1,ham10000,ISIC_0031174,nv,HAM_0000713
0,0.5772711634635925,1,ham10000,ISIC_0027857,nv,HAM_0000714
0,0.16704031825065613,0,ham10000,ISIC_0029287,nv,HAM_0000715
0,0.7371474504470825,1,ham10000,ISIC_0029801,bkl,HAM_0000716
0,0.5479320287704468,1,ham10000,ISIC_0030455,nv,HAM_0000717
1,0.7527530789375305,1,ham10000,ISIC_0025130,akiec,HAM_0000718
1,0.788520336151123,1,ham10000,ISIC_0026337,bcc,HAM_0000719
0,0.9037011861801147,1,ham10000,ISIC_0028926,df,HAM_0000720
0,0.8372079133987427,1,ham10000,ISIC_0030243,nv,HAM_0000721
0,0.3626484274864197,1,ham10000,ISIC_0025875,nv,HAM_0000722
0,0.6524830460548401,1,ham10000,ISIC_0031364,nv,HAM_0000723
0,0.46916571259498596,1,ham10000,ISIC_0026038,nv,HAM_0000724
0,0.5920790433883667,1,ham10000,ISIC_0027349,nv,HAM_0000725
0,0.49331194162368774,1,ham10000,ISIC_0030670,nv,HAM_0000726
0,0.4870489537715912,1,ham10000,ISIC_0029961,nv,HAM_0000727
0,0.5410053730010986,1,ham10000,ISIC_0025286,bkl,HAM_0000728
0,0.49561452865600586,1,ham10000,ISIC_0030120,nv,HAM_0000729
0,0.5007187724113464,1,ham10000,ISIC_0026619,nv,HAM_0000730
0,0.5119596719741821,1,ham10000,ISIC_0026813,nv,HAM_0000731
0,0.3680131137371063,1,ham10000,ISIC_0026183,nv,HAM_0000732
0,0.46917033195495605,1,ham10000,ISIC_0024965,nv,HAM_0000733
0,0.42928463220596313,1,ham10000,ISIC_0031196,bkl,HAM_0000734
0,0.3202876150608063,1,ham10000,ISIC_0029492,nv,HAM_0000735
0,0.18902996182441711,0,ham10000,ISIC_0029954,nv,HAM_0000736
0,0.4548912048339844,1,ham10000,ISIC_0030353,nv,HAM_0000737
0,0.104106605052948,0,ham10000,ISIC_0027443,nv,HAM_0000738
0,0.3966703414916992,1,ham10000,ISIC_0025561,nv,HAM_0000739
0,0.3016956150531769,1,ham10000,ISIC_0032142,nv,HAM_0000740
0,0.6499302387237549,1,ham10000,ISIC_0025956,nv,HAM_0000741
0,0.511663556098938,1,ham10000,ISIC_0032048,nv,HAM_0000742
0,0.6446102261543274,1,ham10000,ISIC_0024661,nv,HAM_0000743
0,0.30286985635757446,1,ham10000,ISIC_0029474,bkl,HAM_0000744
0,0.5062044858932495,1,ham10000,ISIC_0027796,bkl,HAM_0000745
0,0.6707569360733032,1,ham10000,ISIC_0027023,bkl,HAM_0000746
0,0.5455791354179382,1,ham10000,ISIC_0033748,nv,HAM_0000747
0,0.342273086309433,1,ham10000,ISIC_0024598,nv,HAM_0000748
0,0.6911594271659851,1,ham10000,ISIC_0029446,nv,HAM_0000749
0,0.6475656032562256,1,ham10000,ISIC_0027974,nv,HAM_0000750
0,0.6518266797065735,1,ham10000,ISIC_0025545,nv,HAM_0000751
0,0.8334431648254395,1,ham10000,ISIC_0026419,nv,HAM_0000752
0,0.5176966786384583,1,ham10000,ISIC_0031224,nv,HAM_0000753
0,0.3228972256183624,1,ham10000,ISIC_0032967,bkl,HAM_0000754
0,0.22191309928894043,0,ham10000,ISIC_0026180,nv,HAM_0000755
0,0.22787930071353912,0,ham10000,ISIC_0025279,nv,HAM_0000756
0,0.778516411781311,1,ham10000,ISIC_0025314,df,HAM_0000757
0,0.30910730361938477,1,ham10000,ISIC_0031974,nv,HAM_0000758
0,0.7240934371948242,1,ham10000,ISIC_0025655,nv,HAM_0000759
0,0.38520339131355286,1,ham10000,ISIC_0025318,nv,HAM_0000760
0,0.3182763159275055,1,ham10000,ISIC_0026259,nv,HAM_0000761
0,0.48311880230903625,1,ham10000,ISIC_0025667,nv,HAM_0000762
0,0.6014862656593323,1,ham10000,ISIC_0028217,nv,HAM_0000763
0,0.559420645236969,1,ham10000,ISIC_0028151,nv,HAM_0000764
0,0.3695240318775177,1,ham10000,ISIC_0033445,nv,HAM_0000765
1,0.6108527183532715,1,ham10000,ISIC_0029937,mel,HAM_0000766
1,0.1807190626859665,0,ham10000,ISIC_0031239,mel,HAM_0000767
0,0.34693700075149536,1,ham10000,ISIC_0028242,nv,HAM_0000768
1,0.8840581774711609,1,ham10000,ISIC_0029279,akiec,HAM_0000769
0,0.5960440635681152,1,ham10000,ISIC_0024741,bkl,HAM_0000770
0,0.5964226126670837,1,ham10000,ISIC_0029349,nv,HAM_0000771
0,0.5575070381164551,1,ham10000,ISIC_0032994,nv,HAM_0000772
0,0.7782424092292786,1,ham10000,ISIC_0026049,nv,HAM_0000773
0,0.5576474666595459,1,ham10000,ISIC_0029707,nv,HAM_0000774
1,0.8511534929275513,1,ham10000,ISIC_0025097,mel,HAM_0000775
0,0.43013542890548706,1,ham10000,ISIC_0027339,nv,HAM_0000776
0,0.3399989902973175,1,ham10000,ISIC_0028364,nv,HAM_0000777
0,0.38668185472488403,1,ham10000,ISIC_0026665,nv,HAM_0000778
0,0.6105098724365234,1,ham10000,ISIC_0032978,bkl,HAM_0000779
0,0.4981887638568878,1,ham10000,ISIC_0027453,nv,HAM_0000780
1,0.8120326399803162,1,ham10000,ISIC_0028155,bcc,HAM_0000781
0,0.757762610912323,1,ham10000,ISIC_0030723,bkl,HAM_0000782
0,0.6056135892868042,1,ham10000,ISIC_0025633,nv,HAM_0000783
0,0.6075959205627441,1,ham10000,ISIC_0030989,nv,HAM_0000784
0,0.7457056641578674,1,ham10000,ISIC_0027585,nv,HAM_0000785
0,0.253048300743103,0,ham10000,ISIC_0028956,nv,HAM_0000786
0,0.5928364396095276,1,ham10000,ISIC_0026157,nv,HAM_0000787
0,0.4211146831512451,1,ham10000,ISIC_0030301,nv,HAM_0000788
0,0.36689478158950806,1,ham10000,ISIC_0028932,nv,HAM_0000789
0,0.719296932220459,1,ham10000,ISIC_0032576,bkl,HAM_0000790
1,0.858299195766449,1,ham10000,ISIC_0025584,bcc,HAM_0000791
0,0.6535519361495972,1,ham10000,ISIC_0025387,bkl,HAM_0000792
0,0.5201327204704285,1,ham10000,ISIC_0030286,nv,HAM_0000793
0,0.8031038045883179,1,ham10000,ISIC_0026340,nv,HAM_0000794
1,0.7310040593147278,1,ham10000,ISIC_0033012,bcc,HAM_0000795
1,0.6211525797843933,1,ham10000,ISIC_0028041,mel,HAM_0000796
0,0.4420487880706787,1,ham10000,ISIC_0026039,nv,HAM_0000797
0,0.4394032657146454,1,ham10000,ISIC_0026751,nv,HAM_0000798
1,0.5800576210021973,1,ham10000,ISIC_0033226,mel,HAM_0000799
0,0.5020592212677002,1,ham10000,ISIC_0028852,nv,HAM_0000800
0,0.7763457298278809,1,ham10000,ISIC_0025619,nv,HAM_0000801
0,0.8166874051094055,1,ham10000,ISIC_0032553,bkl,HAM_0000802
0,0.4018387198448181,1,ham10000,ISIC_0025925,nv,HAM_0000803
0,0.33522871136665344,1,ham10000,ISIC_0029863,nv,HAM_0000804
0,0.840042233467102,1,ham10000,ISIC_0033306,bkl,HAM_0000805
0,0.3809029459953308,1,ham10000,ISIC_0024371,bkl,HAM_0000806
1,0.5162517428398132,1,ham10000,ISIC_0032164,bcc,HAM_0000807
0,0.48139724135398865,1,ham10000,ISIC_0026315,nv,HAM_0000808
0,0.44579946994781494,1,ham10000,ISIC_0030572,nv,HAM_0000809
0,0.4838082492351532,1,ham10000,ISIC_0031734,nv,HAM_0000810
0,0.30863651633262634,1,ham10000,ISIC_0028470,nv,HAM_0000811
0,0.5061578154563904,1,ham10000,ISIC_0032442,nv,HAM_0000812
0,0.2928391993045807,0,ham10000,ISIC_0024395,nv,HAM_0000813
1,0.6567183136940002,1,ham10000,ISIC_0025751,mel,HAM_0000814
0,0.2516642212867737,0,ham10000,ISIC_0026023,nv,HAM_0000815
0,0.5749275088310242,1,ham10000,ISIC_0027082,nv,HAM_0000816
0,0.5317210555076599,1,ham10000,ISIC_0025174,nv,HAM_0000817
0,0.5125882625579834,1,ham10000,ISIC_0029611,nv,HAM_0000818
0,0.24298831820487976,0,ham10000,ISIC_0027777,nv,HAM_0000819
0,0.1461431384086609,0,ham10000,ISIC_0028835,nv,HAM_0000820
0,0.7817583084106445,1,ham10000,ISIC_0025623,bkl,HAM_0000821
0,0.4468490481376648,1,ham10000,ISIC_0033841,nv,HAM_0000822
1,0.774290144443512,1,ham10000,ISIC_0032894,bcc,HAM_0000823
0,0.3454858064651489,1,ham10000,ISIC_0029702,nv,HAM_0000824
0,0.7665529251098633,1,ham10000,ISIC_0034186,bkl,HAM_0000825
0,0.2113201916217804,0,ham10000,ISIC_0027362,nv,HAM_0000826
0,0.6670129299163818,1,ham10000,ISIC_0025223,df,HAM_0000827
0,0.4580226540565491,1,ham10000,ISIC_0024797,nv,HAM_0000828
0,0.36042410135269165,1,ham10000,ISIC_0029440,nv,HAM_0000829
0,0.4750726819038391,1,ham10000,ISIC_0030634,nv,HAM_0000830
0,0.6655891537666321,1,ham10000,ISIC_0029226,nv,HAM_0000831
1,0.41552066802978516,1,ham10000,ISIC_0028763,akiec,HAM_0000832
0,0.6800704002380371,1,ham10000,ISIC_0025719,bkl,HAM_0000833
0,0.5903977751731873,1,ham10000,ISIC_0029989,nv,HAM_0000834
0,0.3194805383682251,1,ham10000,ISIC_0024409,bkl,HAM_0000835
0,0.5161710977554321,1,ham10000,ISIC_0025505,nv,HAM_0000836
0,0.29958876967430115,1,ham10000,ISIC_0024986,nv,HAM_0000837
0,0.21847878396511078,0,ham10000,ISIC_0027029,nv,HAM_0000838
0,0.24765637516975403,0,ham10000,ISIC_0032049,nv,HAM_0000839
0,0.4106941819190979,1,ham10000,ISIC_0026828,nv,HAM_0000840
0,0.3580966889858246,1,ham10000,ISIC_0031455,nv,HAM_0000841
0,0.6479548811912537,1,ham10000,ISIC_0025401,nv,HAM_0000842
0,0.5253152251243591,1,ham10000,ISIC_0029260,bkl,HAM_0000843
0,0.6088863611221313,1,ham10000,ISIC_0024773,bkl,HAM_0000844
0,0.377946674823761,1,ham10000,ISIC_0025244,vasc,HAM_0000845
0,0.5004589557647705,1,ham10000,ISIC_0029115,bkl,HAM_0000846
0,0.5099880695343018,1,ham10000,ISIC_0030744,bkl,HAM_0000847
0,0.4737197756767273,1,ham10000,ISIC_0026294,nv,HAM_0000848
0,0.49731624126434326,1,ham10000,ISIC_0029200,nv,HAM_0000849
0,0.49335768818855286,1,ham10000,ISIC_0028588,nv,HAM_0000850
0,0.44830241799354553,1,ham10000,ISIC_0025074,nv,HAM_0000851
0,0.511247992515564,1,ham10000,ISIC_0025461,nv,HAM_0000852
0,0.48235929012298584,1,ham10000,ISIC_0027153,nv,HAM_0000853
0,0.49169033765792847,1,ham10000,ISIC_0029534,nv,HAM_0000854
0,0.6022309064865112,1,ham10000,ISIC_0033694,nv,HAM_0000855
1,0.7793094515800476,1,ham10000,ISIC_0028537,mel,HAM_0000856
0,0.14173907041549683,0,ham10000,ISIC_0025229,nv,HAM_0000857
0,0.6324344277381897,1,ham10000,ISIC_0030944,nv,HAM_0000858
1,0.5355156064033508,1,ham10000,ISIC_0029715,akiec,HAM_0000859
0,0.4319373667240143,1,ham10000,ISIC_0029796,nv,HAM_0000860
0,0.8319998979568481,1,ham10000,ISIC_0026125,nv,HAM_0000861
0,0.7070121169090271,1,ham10000,ISIC_0030724,nv,HAM_0000862
1,0.5683386325836182,1,ham10000,ISIC_0028899,mel,HAM_0000863
0,0.4375991225242615,1,ham10000,ISIC_0028716,nv,HAM_0000864
0,0.6402031183242798,1,ham10000,ISIC_0028826,bkl,HAM_0000865
0,0.39798611402511597,1,ham10000,ISIC_0024480,nv,HAM_0000866
0,0.42322707176208496,1,ham10000,ISIC_0028044,nv,HAM_0000867
1,0.37868696451187134,1,ham10000,ISIC_0032316,bcc,HAM_0000868
0,0.4095318913459778,1,ham10000,ISIC_0031109,nv,HAM_0000869
0,0.35210803151130676,1,ham10000,ISIC_0029923,nv,HAM_0000870
1,0.28397098183631897,0,ham10000,ISIC_0025964,mel,HAM_0000871
1,0.3951301574707031,1,ham10000,ISIC_0029323,bcc,HAM_0000872
0,0.48817846179008484,1,ham10000,ISIC_0025012,nv,HAM_0000873
0,0.16728706657886505,0,ham10000,ISIC_0032119,nv,HAM_0000874
0,0.18361203372478485,0,ham10000,ISIC_0031022,nv,HAM_0000875
1,0.5133047699928284,1,ham10000,ISIC_0026531,mel,HAM_0000876
0,0.20971910655498505,0,ham10000,ISIC_0030267,nv,HAM_0000877
1,0.7004852890968323,1,ham10000,ISIC_0028746,mel,HAM_0000878
1,0.5471354722976685,1,ham10000,ISIC_0032816,bcc,HAM_0000879
1,0.561407208442688,1,ham10000,ISIC_0033089,mel,HAM_0000880
0,0.48042798042297363,1,ham10000,ISIC_0028404,bkl,HAM_0000881
0,0.43716004490852356,1,ham10000,ISIC_0032241,nv,HAM_0000882
0,0.22841309010982513,0,ham10000,ISIC_0030631,nv,HAM_0000883
0,0.5618643760681152,1,ham10000,ISIC_0026728,bkl,HAM_0000884
0,0.19852572679519653,0,ham10000,ISIC_0025293,nv,HAM_0000885
0,0.4716818034648895,1,ham10000,ISIC_0024560,nv,HAM_0000886
1,0.6472429633140564,1,ham10000,ISIC_0030501,mel,HAM_0000887
1,0.7164424061775208,1,ham10000,ISIC_0025085,mel,HAM_0000888
0,0.48799994587898254,1,ham10000,ISIC_0025936,nv,HAM_0000889
0,0.2689001262187958,0,ham10000,ISIC_0029185,nv,HAM_0000890
0,0.6108798384666443,1,ham10000,ISIC_0027963,nv,HAM_0000891
0,0.3761696219444275,1,ham10000,ISIC_0024594,nv,HAM_0000892
0,0.2567756175994873,0,ham10000,ISIC_0024825,bkl,HAM_0000893
0,0.6703824996948242,1,ham10000,ISIC_0030478,nv,HAM_0000894
0,0.43517082929611206,1,ham10000,ISIC_0030510,nv,HAM_0000895
0,0.3602679967880249,1,ham10000,ISIC_0025051,nv,HAM_0000896
0,0.6238370537757874,1,ham10000,ISIC_0029306,nv,HAM_0000897
0,0.7869806289672852,1,ham10000,ISIC_0025529,bkl,HAM_0000898
0,0.4221518337726593,1,ham10000,ISIC_0029708,nv,HAM_0000899
0,0.6197963953018188,1,ham10000,ISIC_0026552,nv,HAM_0000900
0,0.44752705097198486,1,ham10000,ISIC_0032120,nv,HAM_0000901
0,0.45189279317855835,1,ham10000,ISIC_0027745,df,HAM_0000902
1,0.9507890939712524,1,ham10000,ISIC_0024702,mel,HAM_0000903
0,0.200892835855484,0,ham10000,ISIC_0025149,nv,HAM_0000904
0,0.4867631793022156,1,ham10000,ISIC_0026338,nv,HAM_0000905
0,0.5108805298805237,1,ham10000,ISIC_0026750,nv,HAM_0000906
0,0.8138383626937866,1,ham10000,ISIC_0025140,bkl,HAM_0000907
0,0.49299338459968567,1,ham10000,ISIC_0028340,nv,HAM_0000908
1,0.4874931871891022,1,ham10000,ISIC_0026981,akiec,HAM_0000909
1,0.33918553590774536,1,ham10000,ISIC_0027797,mel,HAM_0000910
0,0.3490341901779175,1,ham10000,ISIC_0029087,nv,HAM_0000911
0,0.5139243006706238,1,ham10000,ISIC_0026232,nv,HAM_0000912
0,0.48356303572654724,1,ham10000,ISIC_0028559,nv,HAM_0000913
0,0.1942039430141449,0,ham10000,ISIC_0025995,nv,HAM_0000914
1,0.5240262746810913,1,ham10000,ISIC_0030339,bcc,HAM_0000915
0,0.5987681150436401,1,ham10000,ISIC_0032167,nv,HAM_0000916
1,0.7059441208839417,1,ham10000,ISIC_0024701,mel,HAM_0000917
1,0.6344273686408997,1,ham10000,ISIC_0029133,akiec,HAM_0000918
0,0.46064311265945435,1,ham10000,ISIC_0025204,nv,HAM_0000919
0,0.7196381688117981,1,ham10000,ISIC_0028707,bkl,HAM_0000920
0,0.3136647939682007,1,ham10000,ISIC_0026098,nv,HAM_0000921
0,0.6295198202133179,1,ham10000,ISIC_0031111,nv,HAM_0000922
0,0.3894832730293274,1,ham10000,ISIC_0024428,nv,HAM_0000923
0,0.5378949046134949,1,ham10000,ISIC_0026804,nv,HAM_0000924
0,0.4545113146305084,1,ham10000,ISIC_0030041,nv,HAM_0000925
0,0.2664649188518524,0,ham10000,ISIC_0026189,nv,HAM_0000926
0,0.46135178208351135,1,ham10000,ISIC_0027318,nv,HAM_0000927
0,0.44932785630226135,1,ham10000,ISIC_0026777,nv,HAM_0000928
0,0.41007381677627563,1,ham10000,ISIC_0029727,nv,HAM_0000929
0,0.47471892833709717,1,ham10000,ISIC_0027848,nv,HAM_0000930
1,0.6473343968391418,1,ham10000,ISIC_0028820,akiec,HAM_0000931
0,0.09723218530416489,0,ham10000,ISIC_0026288,nv,HAM_0000932
0,0.6105839014053345,1,ham10000,ISIC_0024358,bkl,HAM_0000933
0,0.23821735382080078,0,ham10000,ISIC_0031706,vasc,HAM_0000934
0,0.3247857391834259,1,ham10000,ISIC_0027399,nv,HAM_0000935
0,0.18023116886615753,0,ham10000,ISIC_0030388,nv,HAM_0000936
0,0.4204462766647339,1,ham10000,ISIC_0025344,nv,HAM_0000937
0,0.42468318343162537,1,ham10000,ISIC_0031916,nv,HAM_0000938
0,0.2294776290655136,0,ham10000,ISIC_0028620,nv,HAM_0000939
0,0.7222152352333069,1,ham10000,ISIC_0032692,vasc,HAM_0000940
0,0.35988396406173706,1,ham10000,ISIC_0025658,nv,HAM_0000941
0,0.5970324277877808,1,ham10000,ISIC_0028554,nv,HAM_0000942
0,0.8370608687400818,1,ham10000,ISIC_0025900,nv,HAM_0000943
0,0.30831339955329895,1,ham10000,ISIC_0027864,nv,HAM_0000944
0,0.26041409373283386,0,ham10000,ISIC_0031104,nv,HAM_0000945
0,0.3054829239845276,1,ham10000,ISIC_0031775,nv,HAM_0000946
0,0.13230541348457336,0,ham10000,ISIC_0024642,nv,HAM_0000947
0,0.617703378200531,1,ham10000,ISIC_0033631,bkl,HAM_0000948
0,0.46113893389701843,1,ham10000,ISIC_0032444,nv,HAM_0000949
0,0.47361353039741516,1,ham10000,ISIC_0030590,nv,HAM_0000950
0,0.267222136259079,0,ham10000,ISIC_0026003,nv,HAM_0000951
1,0.4389452040195465,1,ham10000,ISIC_0024546,mel,HAM_0000952
1,0.595113217830658,1,ham10000,ISIC_0026213,bcc,HAM_0000953
1,0.619766891002655,1,ham10000,ISIC_0026100,akiec,HAM_0000954
0,0.54424649477005,1,ham10000,ISIC_0029036,bkl,HAM_0000955
0,0.3572893440723419,1,ham10000,ISIC_0025251,nv,HAM_0000956
0,0.288163959980011,0,ham10000,ISIC_0029449,nv,HAM_0000957
0,0.2840002179145813,0,ham10000,ISIC_0028175,nv,HAM_0000958
0,0.4246617257595062,1,ham10000,ISIC_0026532,bkl,HAM_0000959
0,0.5366209149360657,1,ham10000,ISIC_0025779,nv,HAM_0000960
0,0.5628299713134766,1,ham10000,ISIC_0024882,nv,HAM_0000961
0,0.4116692543029785,1,ham10000,ISIC_0028674,nv,HAM_0000962
0,0.6868963241577148,1,ham10000,ISIC_0032227,nv,HAM_0000963
0,0.1638033092021942,0,ham10000,ISIC_0028919,nv,HAM_0000964
0,0.46490153670310974,1,ham10000,ISIC_0027855,nv,HAM_0000965
0,0.6359057426452637,1,ham10000,ISIC_0030168,nv,HAM_0000966
1,0.5604133009910583,1,ham10000,ISIC_0025539,akiec,HAM_0000967
1,0.443768709897995,1,ham10000,ISIC_0026074,bcc,HAM_0000968
0,0.42889508605003357,1,ham10000,ISIC_0028071,nv,HAM_0000969
0,0.47678735852241516,1,ham10000,ISIC_0032574,nv,HAM_0000970
0,0.5925160646438599,1,ham10000,ISIC_0026546,nv,HAM_0000971
0,0.3227015733718872,1,ham10000,ISIC_0031605,nv,HAM_0000972
0,0.8119285106658936,1,ham10000,ISIC_0025222,bkl,HAM_0000973
0,0.3466511070728302,1,ham10000,ISIC_0026262,bkl,HAM_0000974
0,0.3942945897579193,1,ham10000,ISIC_0029267,nv,HAM_0000975
0,0.7004037499427795,1,ham10000,ISIC_0030833,nv,HAM_0000976
0,0.5324445366859436,1,ham10000,ISIC_0024842,nv,HAM_0000977
0,0.268974632024765,0,ham10000,ISIC_0025882,nv,HAM_0000978
0,0.5755621790885925,1,ham10000,ISIC_0028043,bkl,HAM_0000979
0,0.6073482632637024,1,ham10000,ISIC_0028627,nv,HAM_0000980
0,0.4050450325012207,1,ham10000,ISIC_0024311,nv,HAM_0000981
1,0.8151658773422241,1,ham10000,ISIC_0032356,akiec,HAM_0000982
0,0.7693722248077393,1,ham10000,ISIC_0033490,bkl,HAM_0000983
0,0.4314226508140564,1,ham10000,ISIC_0024376,nv,HAM_0000984
0,0.6816814541816711,1,ham10000,ISIC_0024490,bkl,HAM_0000985
0,0.34504544734954834,1,ham10000,ISIC_0026227,nv,HAM_0000986
1,0.8168505430221558,1,ham10000,ISIC_0025301,bcc,HAM_0000987
1,0.42501863837242126,1,ham10000,ISIC_0031186,mel,HAM_0000988
0,0.30284762382507324,1,ham10000,ISIC_0028070,nv,HAM_0000989
0,0.49946483969688416,1,ham10000,ISIC_0031801,nv,HAM_0000990
0,0.40900054574012756,1,ham10000,ISIC_0028275,nv,HAM_0000991
0,0.7482752799987793,1,ham10000,ISIC_0026661,bkl,HAM_0000992
1,0.556203305721283,1,ham10000,ISIC_0032696,bcc,HAM_0000993
1,0.8619233965873718,1,ham10000,ISIC_0027545,bcc,HAM_0000994
0,0.6133723855018616,1,ham10000,ISIC_0027241,nv,HAM_0000995
0,0.6334481239318848,1,ham10000,ISIC_0024793,nv,HAM_0000996
0,0.5820773839950562,1,ham10000,ISIC_0030385,nv,HAM_0000997
1,0.5565972924232483,1,ham10000,ISIC_0027544,bcc,HAM_0000998
0,0.4574020802974701,1,ham10000,ISIC_0026567,bkl,HAM_0000999
0,0.43779805302619934,1,ham10000,ISIC_0033353,nv,HAM_0001000
0,0.5029581785202026,1,ham10000,ISIC_0026852,nv,HAM_0001001
0,0.6907385587692261,1,ham10000,ISIC_0026348,nv,HAM_0001002
0,0.4541870653629303,1,ham10000,ISIC_0028629,nv,HAM_0001003
1,0.5535153150558472,1,ham10000,ISIC_0024923,akiec,HAM_0001004
0,0.28808319568634033,0,ham10000,ISIC_0028058,nv,HAM_0001005
0,0.2092173844575882,0,ham10000,ISIC_0027602,nv,HAM_0001006
0,0.24838078022003174,0,ham10000,ISIC_0031758,nv,HAM_0001007
0,0.27222904562950134,0,ham10000,ISIC_0031898,nv,HAM_0001008
0,0.5100719332695007,1,ham10000,ISIC_0029401,nv,HAM_0001009
0,0.46561411023139954,1,ham10000,ISIC_0026170,nv,HAM_0001010
0,0.3183552622795105,1,ham10000,ISIC_0027202,bkl,HAM_0001011
0,0.3923160135746002,1,ham10000,ISIC_0031867,nv,HAM_0001012
0,0.4285598397254944,1,ham10000,ISIC_0031533,nv,HAM_0001013
0,0.5924419164657593,1,ham10000,ISIC_0031278,nv,HAM_0001014
0,0.1953667253255844,0,ham10000,ISIC_0028833,nv,HAM_0001015
0,0.47073569893836975,1,ham10000,ISIC_0028845,nv,HAM_0001016
0,0.5796122550964355,1,ham10000,ISIC_0024507,nv,HAM_0001017
1,0.8100802898406982,1,ham10000,ISIC_0027090,bcc,HAM_0001018
0,0.43635663390159607,1,ham10000,ISIC_0026377,nv,HAM_0001019
0,0.308712899684906,1,ham10000,ISIC_0030912,nv,HAM_0001020
0,0.4016656279563904,1,ham10000,ISIC_0031332,nv,HAM_0001021
0,0.5789920091629028,1,ham10000,ISIC_0026414,nv,HAM_0001022
1,0.1684258133172989,0,ham10000,ISIC_0026468,akiec,HAM_0001023
0,0.3707153797149658,1,ham10000,ISIC_0027192,bkl,HAM_0001024
0,0.18714240193367004,0,ham10000,ISIC_0030891,nv,HAM_0001025
0,0.23003658652305603,0,ham10000,ISIC_0033743,nv,HAM_0001026
0,0.2981538474559784,1,ham10000,ISIC_0026455,nv,HAM_0001027
0,0.5891515016555786,1,ham10000,ISIC_0031220,nv,HAM_0001028
0,0.2269260436296463,0,ham10000,ISIC_0024384,nv,HAM_0001029
0,0.5145512819290161,1,ham10000,ISIC_0027363,nv,HAM_0001030
0,0.7456340193748474,1,ham10000,ISIC_0030626,nv,HAM_0001031
0,0.2759604752063751,0,ham10000,ISIC_0028321,nv,HAM_0001032
0,0.17030057311058044,0,ham10000,ISIC_0031658,nv,HAM_0001033
0,0.28055456280708313,0,ham10000,ISIC_0026691,nv,HAM_0001034
0,0.3283519744873047,1,ham10000,ISIC_0026129,nv,HAM_0001035
1,0.8469656109809875,1,ham10000,ISIC_0027588,akiec,HAM_0001036
0,0.5913400650024414,1,ham10000,ISIC_0031645,nv,HAM_0001037
0,0.21523450314998627,0,ham10000,ISIC_0024706,vasc,HAM_0001038
0,0.22328315675258636,0,ham10000,ISIC_0026356,nv,HAM_0001039
0,0.6169486045837402,1,ham10000,ISIC_0032747,nv,HAM_0001040
0,0.823810338973999,1,ham10000,ISIC_0026886,nv,HAM_0001041
0,0.4651263654232025,1,ham10000,ISIC_0025246,nv,HAM_0001042
0,0.4098472595214844,1,ham10000,ISIC_0026035,nv,HAM_0001043
0,0.10873040556907654,0,ham10000,ISIC_0027322,nv,HAM_0001044
0,0.2659296989440918,0,ham10000,ISIC_0024605,nv,HAM_0001045
0,0.25362831354141235,0,ham10000,ISIC_0032951,nv,HAM_0001046
0,0.33297374844551086,1,ham10000,ISIC_0028853,nv,HAM_0001047
1,0.42193764448165894,1,ham10000,ISIC_0026525,akiec,HAM_0001048
0,0.22109906375408173,0,ham10000,ISIC_0027703,nv,HAM_0001049
0,0.3839628994464874,1,ham10000,ISIC_0030317,nv,HAM_0001050
0,0.20910516381263733,0,ham10000,ISIC_0024686,nv,HAM_0001051
0,0.6592278480529785,1,ham10000,ISIC_0031053,nv,HAM_0001052
0,0.7207057476043701,1,ham10000,ISIC_0030998,bkl,HAM_0001053
0,0.3519366383552551,1,ham10000,ISIC_0029006,nv,HAM_0001054
0,0.41181737184524536,1,ham10000,ISIC_0028120,bkl,HAM_0001055
0,0.1437760293483734,0,ham10000,ISIC_0025329,nv,HAM_0001056
0,0.6943590641021729,1,ham10000,ISIC_0024381,bkl,HAM_0001057
0,0.42649129033088684,1,ham10000,ISIC_0024716,nv,HAM_0001058
0,0.4551296830177307,1,ham10000,ISIC_0029282,nv,HAM_0001059
0,0.2515043020248413,0,ham10000,ISIC_0024405,nv,HAM_0001060
0,0.38376349210739136,1,ham10000,ISIC_0029526,nv,HAM_0001061
0,0.5185883045196533,1,ham10000,ISIC_0027710,bkl,HAM_0001062
0,0.6354589462280273,1,ham10000,ISIC_0027180,nv,HAM_0001063
0,0.6130035519599915,1,ham10000,ISIC_0031797,nv,HAM_0001064
0,0.2902988791465759,0,ham10000,ISIC_0030035,nv,HAM_0001065
0,0.40358757972717285,1,ham10000,ISIC_0028949,nv,HAM_0001066
0,0.682999312877655,1,ham10000,ISIC_0028813,nv,HAM_0001067
0,0.538222074508667,1,ham10000,ISIC_0029365,nv,HAM_0001068
1,0.6881780028343201,1,ham10000,ISIC_0028898,mel,HAM_0001069
0,0.505760908126831,1,ham10000,ISIC_0027499,nv,HAM_0001070
0,0.6348289251327515,1,ham10000,ISIC_0027570,nv,HAM_0001071
0,0.5185924768447876,1,ham10000,ISIC_0026041,nv,HAM_0001072
0,0.409701943397522,1,ham10000,ISIC_0027990,bkl,HAM_0001073
0,0.37753987312316895,1,ham10000,ISIC_0030764,nv,HAM_0001074
0,0.3812029957771301,1,ham10000,ISIC_0028743,nv,HAM_0001075
0,0.7029739618301392,1,ham10000,ISIC_0032646,nv,HAM_0001076
0,0.2780303657054901,0,ham10000,ISIC_0025846,nv,HAM_0001077
1,0.2079174965620041,0,ham10000,ISIC_0027851,bcc,HAM_0001078
0,0.4029664695262909,1,ham10000,ISIC_0031371,nv,HAM_0001079
0,0.6188496947288513,1,ham10000,ISIC_0028762,nv,HAM_0001080
0,0.3275025486946106,1,ham10000,ISIC_0026278,nv,HAM_0001081
0,0.5721569657325745,1,ham10000,ISIC_0024696,bkl,HAM_0001082
0,0.5824357867240906,1,ham10000,ISIC_0025540,nv,HAM_0001083
0,0.4264450669288635,1,ham10000,ISIC_0030946,nv,HAM_0001084
0,0.4993767738342285,1,ham10000,ISIC_0025919,nv,HAM_0001085
0,0.5134170651435852,1,ham10000,ISIC_0030499,nv,HAM_0001086
0,0.6675794720649719,1,ham10000,ISIC_0031785,nv,HAM_0001087
0,0.19663690030574799,0,ham10000,ISIC_0031959,nv,HAM_0001088
0,0.5268515944480896,1,ham10000,ISIC_0029941,nv,HAM_0001089
0,0.5434587001800537,1,ham10000,ISIC_0031207,nv,HAM_0001090
0,0.6372539401054382,1,ham10000,ISIC_0031955,vasc,HAM_0001091
0,0.3466864228248596,1,ham10000,ISIC_0031962,nv,HAM_0001092
0,0.21908637881278992,0,ham10000,ISIC_0032198,nv,HAM_0001093
0,0.23110167682170868,0,ham10000,ISIC_0031150,bkl,HAM_0001094
1,0.5407997369766235,1,ham10000,ISIC_0026647,mel,HAM_0001095
0,0.3920871913433075,1,ham10000,ISIC_0026932,nv,HAM_0001096
0,0.6866858005523682,1,ham10000,ISIC_0032950,nv,HAM_0001097
0,0.10625042766332626,0,ham10000,ISIC_0024671,nv,HAM_0001098
0,0.400623083114624,1,ham10000,ISIC_0027955,nv,HAM_0001099
0,0.379867285490036,1,ham10000,ISIC_0028194,nv,HAM_0001100
0,0.3866710066795349,1,ham10000,ISIC_0030621,nv,HAM_0001101
0,0.5364865064620972,1,ham10000,ISIC_0029903,nv,HAM_0001102
0,0.6719201803207397,1,ham10000,ISIC_0030918,nv,HAM_0001103
0,0.4569587707519531,1,ham10000,ISIC_0027183,nv,HAM_0001104
1,0.3256511986255646,1,ham10000,ISIC_0025592,mel,HAM_0001105
0,0.6244568824768066,1,ham10000,ISIC_0033225,nv,HAM_0001106
0,0.3227934241294861,1,ham10000,ISIC_0027644,nv,HAM_0001107
0,0.5259374976158142,1,ham10000,ISIC_0027313,nv,HAM_0001108
0,0.7041800022125244,1,ham10000,ISIC_0027636,nv,HAM_0001109
0,0.44282132387161255,1,ham10000,ISIC_0024413,nv,HAM_0001110
0,0.44123145937919617,1,ham10000,ISIC_0026209,nv,HAM_0001111
0,0.6530375480651855,1,ham10000,ISIC_0024359,nv,HAM_0001112
1,0.5246418714523315,1,ham10000,ISIC_0031900,mel,HAM_0001113
0,0.5393692255020142,1,ham10000,ISIC_0031260,nv,HAM_0001114
0,0.23781774938106537,0,ham10000,ISIC_0024778,nv,HAM_0001115
0,0.4729594886302948,1,ham10000,ISIC_0028601,nv,HAM_0001116
0,0.6373556852340698,1,ham10000,ISIC_0027411,nv,HAM_0001117
0,0.1646653711795807,0,ham10000,ISIC_0033332,nv,HAM_0001118
0,0.5669418573379517,1,ham10000,ISIC_0025726,nv,HAM_0001120
0,0.5005093812942505,1,ham10000,ISIC_0024788,nv,HAM_0001121
0,0.3295101821422577,1,ham10000,ISIC_0030104,vasc,HAM_0001122
0,0.13272319734096527,0,ham10000,ISIC_0027554,nv,HAM_0001123
0,0.21468962728977203,0,ham10000,ISIC_0026587,nv,HAM_0001124
0,0.28657659888267517,0,ham10000,ISIC_0024827,nv,HAM_0001125
0,0.3557099401950836,1,ham10000,ISIC_0025123,nv,HAM_0001126
0,0.3976372480392456,1,ham10000,ISIC_0029307,nv,HAM_0001127
0,0.2603735327720642,0,ham10000,ISIC_0029444,nv,HAM_0001128
1,0.27020472288131714,0,ham10000,ISIC_0030352,bcc,HAM_0001129
0,0.5936635136604309,1,ham10000,ISIC_0024694,nv,HAM_0001130
0,0.36888349056243896,1,ham10000,ISIC_0029601,nv,HAM_0001131
0,0.4039325714111328,1,ham10000,ISIC_0031562,nv,HAM_0001132
0,0.4782256484031677,1,ham10000,ISIC_0032980,nv,HAM_0001133
0,0.8753420114517212,1,ham10000,ISIC_0026913,nv,HAM_0001134
1,0.1458294838666916,0,ham10000,ISIC_0033152,mel,HAM_0001135
0,0.36211180686950684,1,ham10000,ISIC_0031848,nv,HAM_0001136
0,0.42531147599220276,1,ham10000,ISIC_0029359,nv,HAM_0001137
1,0.3653102219104767,1,ham10000,ISIC_0032768,bcc,HAM_0001138
0,0.23906801640987396,0,ham10000,ISIC_0033028,nv,HAM_0001139
0,0.23925915360450745,0,ham10000,ISIC_0024884,nv,HAM_0001140
0,0.30700546503067017,1,ham10000,ISIC_0028918,nv,HAM_0001141
0,0.3904922306537628,1,ham10000,ISIC_0024503,nv,HAM_0001142
1,0.8349798321723938,1,ham10000,ISIC_0033426,mel,HAM_0001143
0,0.5807162523269653,1,ham10000,ISIC_0030673,nv,HAM_0001144
0,0.5286928415298462,1,ham10000,ISIC_0030400,nv,HAM_0001145
0,0.7079982757568359,1,ham10000,ISIC_0032480,nv,HAM_0001146
0,0.4690905809402466,1,ham10000,ISIC_0033375,nv,HAM_0001147
0,0.5029975771903992,1,ham10000,ISIC_0030103,nv,HAM_0001148
0,0.19557620584964752,0,ham10000,ISIC_0028924,nv,HAM_0001149
1,0.8159580230712891,1,ham10000,ISIC_0030486,mel,HAM_0001150
0,0.31474384665489197,1,ham10000,ISIC_0024649,nv,HAM_0001151
1,0.5397251844406128,1,ham10000,ISIC_0030133,akiec,HAM_0001152
0,0.8084908127784729,1,ham10000,ISIC_0025849,nv,HAM_0001153
0,0.6055752038955688,1,ham10000,ISIC_0025013,nv,HAM_0001154
1,0.6440510749816895,1,ham10000,ISIC_0032987,mel,HAM_0001155
0,0.35765302181243896,1,ham10000,ISIC_0030811,nv,HAM_0001156
0,0.6564422845840454,1,ham10000,ISIC_0027423,nv,HAM_0001157
0,0.5994085669517517,1,ham10000,ISIC_0025022,nv,HAM_0001158
0,0.2907971143722534,0,ham10000,ISIC_0026533,nv,HAM_0001159
0,0.5766395926475525,1,ham10000,ISIC_0024340,nv,HAM_0001160
0,0.48394182324409485,1,ham10000,ISIC_0028691,nv,HAM_0001161
0,0.5961953997612,1,ham10000,ISIC_0029211,nv,HAM_0001162
0,0.42293432354927063,1,ham10000,ISIC_0028997,nv,HAM_0001163
0,0.4505043029785156,1,ham10000,ISIC_0027118,df,HAM_0001164
0,0.38866326212882996,1,ham10000,ISIC_0030199,nv,HAM_0001165
0,0.5213987827301025,1,ham10000,ISIC_0026851,nv,HAM_0001166
0,0.21404434740543365,0,ham10000,ISIC_0028448,bkl,HAM_0001167
0,0.5618987083435059,1,ham10000,ISIC_0024803,nv,HAM_0001168
0,0.3662939667701721,1,ham10000,ISIC_0029328,nv,HAM_0001169
0,0.6546663641929626,1,ham10000,ISIC_0032202,nv,HAM_0001170
0,0.5082446336746216,1,ham10000,ISIC_0032346,nv,HAM_0001171
0,0.1573781669139862,0,ham10000,ISIC_0024821,nv,HAM_0001172
1,0.20945776998996735,0,ham10000,ISIC_0030827,akiec,HAM_0001173
1,0.6595521569252014,1,ham10000,ISIC_0033027,mel,HAM_0001174
0,0.4671218693256378,1,ham10000,ISIC_0033191,nv,HAM_0001175
1,0.6728752851486206,1,ham10000,ISIC_0028644,akiec,HAM_0001176
0,0.33212199807167053,1,ham10000,ISIC_0025154,df,HAM_0001177
1,0.7957114577293396,1,ham10000,ISIC_0031570,akiec,HAM_0001178
0,0.45284217596054077,1,ham10000,ISIC_0029928,nv,HAM_0001179
0,0.1945851594209671,0,ham10000,ISIC_0029303,nv,HAM_0001180
0,0.5537852048873901,1,ham10000,ISIC_0030409,nv,HAM_0001181
0,0.469472199678421,1,ham10000,ISIC_0029361,nv,HAM_0001182
1,0.8547659516334534,1,ham10000,ISIC_0027846,bcc,HAM_0001183
0,0.3786797523498535,1,ham10000,ISIC_0028330,nv,HAM_0001184
0,0.3101716935634613,1,ham10000,ISIC_0029063,nv,HAM_0001185
0,0.7265027761459351,1,ham10000,ISIC_0033391,bkl,HAM_0001186
0,0.35497379302978516,1,ham10000,ISIC_0027914,nv,HAM_0001187
0,0.5234866738319397,1,ham10000,ISIC_0032162,nv,HAM_0001188
0,0.510269820690155,1,ham10000,ISIC_0029777,nv,HAM_0001189
0,0.19698460400104523,0,ham10000,ISIC_0026071,nv,HAM_0001190
0,0.32950472831726074,1,ham10000,ISIC_0028452,nv,HAM_0001191
0,0.5313348770141602,1,ham10000,ISIC_0031546,nv,HAM_0001192
0,0.2581259608268738,0,ham10000,ISIC_0029125,nv,HAM_0001193
0,0.43752536177635193,1,ham10000,ISIC_0028991,nv,HAM_0001194
0,0.2864227294921875,0,ham10000,ISIC_0031161,nv,HAM_0001195
0,0.25996845960617065,0,ham10000,ISIC_0028088,nv,HAM_0001196
0,0.2516085207462311,0,ham10000,ISIC_0031420,nv,HAM_0001197
0,0.20310142636299133,0,ham10000,ISIC_0025441,nv,HAM_0001198
0,0.3311634659767151,1,ham10000,ISIC_0025802,nv,HAM_0001199
0,0.7895899415016174,1,ham10000,ISIC_0025716,bkl,HAM_0001200
0,0.5121057033538818,1,ham10000,ISIC_0024691,nv,HAM_0001201
1,0.8987143635749817,1,ham10000,ISIC_0028022,mel,HAM_0001202
1,0.5276905298233032,1,ham10000,ISIC_0025081,mel,HAM_0001203
0,0.5089921355247498,1,ham10000,ISIC_0030185,nv,HAM_0001204
0,0.37456128001213074,1,ham10000,ISIC_0025034,nv,HAM_0001205
0,0.39353445172309875,1,ham10000,ISIC_0031320,nv,HAM_0001206
0,0.4459359347820282,1,ham10000,ISIC_0032436,nv,HAM_0001207
0,0.6126156449317932,1,ham10000,ISIC_0026047,nv,HAM_0001208
0,0.6723292469978333,1,ham10000,ISIC_0033064,nv,HAM_0001209
0,0.5971289873123169,1,ham10000,ISIC_0025841,nv,HAM_0001210
0,0.4134137034416199,1,ham10000,ISIC_0033781,nv,HAM_0001211
0,0.7636513710021973,1,ham10000,ISIC_0024846,nv,HAM_0001212
0,0.41540083289146423,1,ham10000,ISIC_0026731,nv,HAM_0001213
1,0.7857341766357422,1,ham10000,ISIC_0025439,mel,HAM_0001214
1,0.6904885172843933,1,ham10000,ISIC_0025260,bcc,HAM_0001215
0,0.4122019112110138,1,ham10000,ISIC_0026499,nv,HAM_0001216
0,0.5670475959777832,1,ham10000,ISIC_0032864,nv,HAM_0001218
1,0.47710007429122925,1,ham10000,ISIC_0028335,akiec,HAM_0001219
0,0.2407888025045395,0,ham10000,ISIC_0027931,nv,HAM_0001220
0,0.4024825692176819,1,ham10000,ISIC_0026637,bkl,HAM_0001221
0,0.34124836325645447,1,ham10000,ISIC_0029916,nv,HAM_0001222
0,0.7373796105384827,1,ham10000,ISIC_0030789,bkl,HAM_0001223
0,0.3813975155353546,1,ham10000,ISIC_0030777,nv,HAM_0001224
0,0.4875178337097168,1,ham10000,ISIC_0025977,nv,HAM_0001225
0,0.6735747456550598,1,ham10000,ISIC_0030636,bkl,HAM_0001226
0,0.3752301037311554,1,ham10000,ISIC_0032210,nv,HAM_0001227
0,0.21126431226730347,0,ham10000,ISIC_0031717,nv,HAM_0001228
0,0.26125863194465637,0,ham10000,ISIC_0032401,nv,HAM_0001229
0,0.6203238368034363,1,ham10000,ISIC_0025295,nv,HAM_0001230
0,0.28392618894577026,0,ham10000,ISIC_0025878,nv,HAM_0001231
0,0.12027985602617264,0,ham10000,ISIC_0026614,bkl,HAM_0001232
0,0.21236978471279144,0,ham10000,ISIC_0029110,nv,HAM_0001233
1,0.5613488554954529,1,ham10000,ISIC_0031940,akiec,HAM_0001234
0,0.14049316942691803,0,ham10000,ISIC_0024530,nv,HAM_0001235
0,0.3003203570842743,1,ham10000,ISIC_0030615,nv,HAM_0001236
1,0.6564699411392212,1,ham10000,ISIC_0029680,bcc,HAM_0001237
0,0.4585763216018677,1,ham10000,ISIC_0032409,vasc,HAM_0001238
1,0.9177411794662476,1,ham10000,ISIC_0031640,bcc,HAM_0001239
0,0.3168546259403229,1,ham10000,ISIC_0026871,bkl,HAM_0001240
0,0.45969268679618835,1,ham10000,ISIC_0031461,nv,HAM_0001241
0,0.7637629508972168,1,ham10000,ISIC_0025988,nv,HAM_0001242
1,0.7140233516693115,1,ham10000,ISIC_0033747,bcc,HAM_0001243
0,0.3591372072696686,1,ham10000,ISIC_0030530,nv,HAM_0001244
0,0.654657244682312,1,ham10000,ISIC_0025575,bkl,HAM_0001245
0,0.5022976994514465,1,ham10000,ISIC_0032822,nv,HAM_0001246
0,0.41630634665489197,1,ham10000,ISIC_0024557,nv,HAM_0001247
0,0.5091855525970459,1,ham10000,ISIC_0025177,nv,HAM_0001248
0,0.3773300051689148,1,ham10000,ISIC_0033817,vasc,HAM_0001249
0,0.20016512274742126,0,ham10000,ISIC_0026972,nv,HAM_0001251
0,0.21987906098365784,0,ham10000,ISIC_0026284,nv,HAM_0001252
0,0.2668824791908264,0,ham10000,ISIC_0025704,nv,HAM_0001253
0,0.2423492968082428,0,ham10000,ISIC_0030987,nv,HAM_0001254
0,0.36547285318374634,1,ham10000,ISIC_0030948,nv,HAM_0001255
0,0.36798641085624695,1,ham10000,ISIC_0025997,nv,HAM_0001256
0,0.28698769211769104,0,ham10000,ISIC_0024614,nv,HAM_0001257
1,0.48719707131385803,1,ham10000,ISIC_0025331,akiec,HAM_0001258
0,0.7889508008956909,1,ham10000,ISIC_0028252,nv,HAM_0001259
0,0.48737943172454834,1,ham10000,ISIC_0024421,nv,HAM_0001260
0,0.17724040150642395,0,ham10000,ISIC_0025332,nv,HAM_0001261
0,0.38022881746292114,1,ham10000,ISIC_0026677,nv,HAM_0001262
0,0.6454741358757019,1,ham10000,ISIC_0031463,nv,HAM_0001263
0,0.6176802515983582,1,ham10000,ISIC_0032838,nv,HAM_0001264
0,0.14385008811950684,0,ham10000,ISIC_0025061,nv,HAM_0001265
1,0.6621129512786865,1,ham10000,ISIC_0029909,mel,HAM_0001266
0,0.47745901346206665,1,ham10000,ISIC_0030454,nv,HAM_0001267
0,0.33743220567703247,1,ham10000,ISIC_0025535,nv,HAM_0001268
0,0.7876785397529602,1,ham10000,ISIC_0027582,nv,HAM_0001269
0,0.3877112865447998,1,ham10000,ISIC_0031935,nv,HAM_0001270
0,0.43790921568870544,1,ham10000,ISIC_0030949,nv,HAM_0001271
1,0.6343060731887817,1,ham10000,ISIC_0029265,mel,HAM_0001272
0,0.6041871905326843,1,ham10000,ISIC_0027806,bkl,HAM_0001273
1,0.6158657073974609,1,ham10000,ISIC_0032462,mel,HAM_0001274
0,0.36649850010871887,1,ham10000,ISIC_0025495,nv,HAM_0001275
0,0.8233852982521057,1,ham10000,ISIC_0031948,nv,HAM_0001276
1,0.5133119225502014,1,ham10000,ISIC_0031927,akiec,HAM_0001277
0,0.4132492244243622,1,ham10000,ISIC_0024527,nv,HAM_0001278
0,0.6824873089790344,1,ham10000,ISIC_0025855,nv,HAM_0001279
1,0.6283266544342041,1,ham10000,ISIC_0033704,mel,HAM_0001280
0,0.4753552973270416,1,ham10000,ISIC_0027048,nv,HAM_0001281
0,0.5513384342193604,1,ham10000,ISIC_0028269,nv,HAM_0001282
1,0.6166622638702393,1,ham10000,ISIC_0026845,bcc,HAM_0001283
1,0.9305486083030701,1,ham10000,ISIC_0024972,mel,HAM_0001284
0,0.4132906496524811,1,ham10000,ISIC_0031553,nv,HAM_0001285
0,0.6962119936943054,1,ham10000,ISIC_0031846,nv,HAM_0001286
0,0.5415157079696655,1,ham10000,ISIC_0024535,nv,HAM_0001287
0,0.30547022819519043,1,ham10000,ISIC_0029757,nv,HAM_0001288
0,0.3000042736530304,1,ham10000,ISIC_0026725,nv,HAM_0001289
0,0.5356061458587646,1,ham10000,ISIC_0032263,nv,HAM_0001290
0,0.28489431738853455,0,ham10000,ISIC_0024613,nv,HAM_0001291
0,0.3496684730052948,1,ham10000,ISIC_0027094,bkl,HAM_0001292
0,0.2208545207977295,0,ham10000,ISIC_0030062,nv,HAM_0001293
0,0.6985943913459778,1,ham10000,ISIC_0028124,bkl,HAM_0001294
0,0.6930466294288635,1,ham10000,ISIC_0024703,nv,HAM_0001295
1,0.668070912361145,1,ham10000,ISIC_0028316,bcc,HAM_0001296
0,0.609681248664856,1,ham10000,ISIC_0030135,nv,HAM_0001297
0,0.435109406709671,1,ham10000,ISIC_0024731,nv,HAM_0001298
1,0.7451832890510559,1,ham10000,ISIC_0026545,mel,HAM_0001299
0,0.3872462809085846,1,ham10000,ISIC_0029497,nv,HAM_0001300
1,0.5707603693008423,1,ham10000,ISIC_0032307,bcc,HAM_0001301
1,0.5270970463752747,1,ham10000,ISIC_0032206,akiec,HAM_0001302
0,0.2133588194847107,0,ham10000,ISIC_0028753,nv,HAM_0001303
0,0.4057394862174988,1,ham10000,ISIC_0028328,nv,HAM_0001304
0,0.3803021311759949,1,ham10000,ISIC_0030887,nv,HAM_0001305
0,0.2855759859085083,0,ham10000,ISIC_0026603,nv,HAM_0001306
0,0.6375128030776978,1,ham10000,ISIC_0025041,nv,HAM_0001307
0,0.5096614956855774,1,ham10000,ISIC_0025740,nv,HAM_0001308
0,0.5294455289840698,1,ham10000,ISIC_0032876,bkl,HAM_0001309
0,0.6064573526382446,1,ham10000,ISIC_0027820,bkl,HAM_0001310
0,0.5101240277290344,1,ham10000,ISIC_0031544,nv,HAM_0001311
0,0.1952691674232483,0,ham10000,ISIC_0024871,bkl,HAM_0001312
0,0.6172696948051453,1,ham10000,ISIC_0025562,nv,HAM_0001313
0,0.40915974974632263,1,ham10000,ISIC_0029675,nv,HAM_0001314
0,0.8194711208343506,1,ham10000,ISIC_0031628,nv,HAM_0001315
0,0.32956188917160034,1,ham10000,ISIC_0031660,nv,HAM_0001316
0,0.34682270884513855,1,ham10000,ISIC_0027995,nv,HAM_0001317
0,0.48231539130210876,1,ham10000,ISIC_0028305,nv,HAM_0001318
0,0.6154054999351501,1,ham10000,ISIC_0026053,nv,HAM_0001319
0,0.5931216478347778,1,ham10000,ISIC_0028638,nv,HAM_0001320
0,0.7416813373565674,1,ham10000,ISIC_0032831,nv,HAM_0001321
0,0.4796312153339386,1,ham10000,ISIC_0028962,nv,HAM_0001322
0,0.5792253613471985,1,ham10000,ISIC_0032087,nv,HAM_0001323
0,0.5314379930496216,1,ham10000,ISIC_0028435,nv,HAM_0001324
0,0.5683326721191406,1,ham10000,ISIC_0030522,bkl,HAM_0001325
1,0.44969919323921204,1,ham10000,ISIC_0030145,bcc,HAM_0001326
0,0.6220753192901611,1,ham10000,ISIC_0032489,nv,HAM_0001327
1,0.932295024394989,1,ham10000,ISIC_0028442,mel,HAM_0001328
0,0.5052500367164612,1,ham10000,ISIC_0029650,nv,HAM_0001329
0,0.22984886169433594,0,ham10000,ISIC_0026818,nv,HAM_0001330
1,0.7924480438232422,1,ham10000,ISIC_0025824,bcc,HAM_0001331
0,0.2561902701854706,0,ham10000,ISIC_0026953,nv,HAM_0001332
0,0.5969244241714478,1,ham10000,ISIC_0028948,nv,HAM_0001333
0,0.4465465843677521,1,ham10000,ISIC_0030328,nv,HAM_0001334
0,0.5619351863861084,1,ham10000,ISIC_0026555,nv,HAM_0001335
0,0.6502701044082642,1,ham10000,ISIC_0028935,nv,HAM_0001336
1,0.9224374890327454,1,ham10000,ISIC_0032455,akiec,HAM_0001337
0,0.4185810983181,1,ham10000,ISIC_0028428,nv,HAM_0001338
0,0.4985164403915405,1,ham10000,ISIC_0026201,nv,HAM_0001339
0,0.1467292159795761,0,ham10000,ISIC_0025290,nv,HAM_0001340
0,0.5443282723426819,1,ham10000,ISIC_0025191,nv,HAM_0001341
0,0.7556205987930298,1,ham10000,ISIC_0029366,nv,HAM_0001342
1,0.7983018755912781,1,ham10000,ISIC_0032687,mel,HAM_0001344
0,0.4965880811214447,1,ham10000,ISIC_0028407,nv,HAM_0001345
0,0.13798581063747406,0,ham10000,ISIC_0026928,nv,HAM_0001346
0,0.4613593816757202,1,ham10000,ISIC_0025181,nv,HAM_0001347
0,0.26877325773239136,0,ham10000,ISIC_0028259,nv,HAM_0001348
1,0.4955802261829376,1,ham10000,ISIC_0024351,mel,HAM_0001349
0,0.47304701805114746,1,ham10000,ISIC_0030221,nv,HAM_0001350
0,0.27804863452911377,0,ham10000,ISIC_0031684,nv,HAM_0001351
0,0.25277113914489746,0,ham10000,ISIC_0029896,nv,HAM_0001352
1,0.4377692937850952,1,ham10000,ISIC_0024886,mel,HAM_0001353
0,0.48044201731681824,1,ham10000,ISIC_0033321,bkl,HAM_0001354
0,0.36081796884536743,1,ham10000,ISIC_0028711,nv,HAM_0001355
0,0.3037279546260834,1,ham10000,ISIC_0026333,nv,HAM_0001356
0,0.3565431237220764,1,ham10000,ISIC_0027145,nv,HAM_0001357
0,0.5745963454246521,1,ham10000,ISIC_0032680,nv,HAM_0001358
0,0.46708279848098755,1,ham10000,ISIC_0024312,bkl,HAM_0001359
0,0.2542591691017151,0,ham10000,ISIC_0029965,nv,HAM_0001360
0,0.6172422766685486,1,ham10000,ISIC_0026076,nv,HAM_0001361
0,0.7659868001937866,1,ham10000,ISIC_0025838,bkl,HAM_0001362
0,0.43136635422706604,1,ham10000,ISIC_0026900,nv,HAM_0001363
0,0.21702128648757935,0,ham10000,ISIC_0029510,nv,HAM_0001364
0,0.3290206789970398,1,ham10000,ISIC_0026307,nv,HAM_0001365
0,0.18180255591869354,0,ham10000,ISIC_0032814,nv,HAM_0001366
0,0.578003466129303,1,ham10000,ISIC_0029239,nv,HAM_0001367
0,0.7576298713684082,1,ham10000,ISIC_0029445,nv,HAM_0001368
1,0.33905109763145447,1,ham10000,ISIC_0026957,bcc,HAM_0001369
0,0.2763071060180664,0,ham10000,ISIC_0030257,nv,HAM_0001370
0,0.3742894232273102,1,ham10000,ISIC_0029322,nv,HAM_0001371
0,0.1886480152606964,0,ham10000,ISIC_0031103,vasc,HAM_0001372
0,0.3301315903663635,1,ham10000,ISIC_0029999,nv,HAM_0001373
0,0.5833101868629456,1,ham10000,ISIC_0029946,nv,HAM_0001374
0,0.12918032705783844,0,ham10000,ISIC_0026238,nv,HAM_0001375
0,0.5812699794769287,1,ham10000,ISIC_0031437,nv,HAM_0001376
0,0.28012022376060486,0,ham10000,ISIC_0030054,nv,HAM_0001377
1,0.7611016631126404,1,ham10000,ISIC_0025313,mel,HAM_0001378
0,0.24488379061222076,0,ham10000,ISIC_0030618,nv,HAM_0001379
0,0.3328157365322113,1,ham10000,ISIC_0031568,nv,HAM_0001380
0,0.2356402426958084,0,ham10000,ISIC_0028870,nv,HAM_0001381
0,0.48010703921318054,1,ham10000,ISIC_0028922,nv,HAM_0001382
1,0.49182721972465515,1,ham10000,ISIC_0027700,akiec,HAM_0001383
0,0.4895150065422058,1,ham10000,ISIC_0033397,bkl,HAM_0001384
0,0.6980865001678467,1,ham10000,ISIC_0033212,bkl,HAM_0001385
1,0.38881227374076843,1,ham10000,ISIC_0027668,akiec,HAM_0001386
0,0.5973570346832275,1,ham10000,ISIC_0024879,nv,HAM_0001387
1,0.434192031621933,1,ham10000,ISIC_0032225,bcc,HAM_0001388
0,0.4936148226261139,1,ham10000,ISIC_0026775,bkl,HAM_0001389
1,0.5742015242576599,1,ham10000,ISIC_0024411,bcc,HAM_0001390
0,0.5459964275360107,1,ham10000,ISIC_0024584,nv,HAM_0001391
0,0.5106588006019592,1,ham10000,ISIC_0030411,nv,HAM_0001392
0,0.3734453022480011,1,ham10000,ISIC_0027418,nv,HAM_0001393
0,0.37720972299575806,1,ham10000,ISIC_0031864,nv,HAM_0001394
0,0.2243807464838028,0,ham10000,ISIC_0031818,nv,HAM_0001395
0,0.7522088885307312,1,ham10000,ISIC_0025276,bkl,HAM_0001396
1,0.612607479095459,1,ham10000,ISIC_0026796,mel,HAM_0001397
0,0.21919287741184235,0,ham10000,ISIC_0027934,nv,HAM_0001398
0,0.3454143702983856,1,ham10000,ISIC_0030207,bkl,HAM_0001399
0,0.5981318354606628,1,ham10000,ISIC_0033059,nv,HAM_0001400
0,0.37527719140052795,1,ham10000,ISIC_0031729,nv,HAM_0001401
0,0.40088704228401184,1,ham10000,ISIC_0031558,bkl,HAM_0001402
0,0.41322824358940125,1,ham10000,ISIC_0025852,nv,HAM_0001403
0,0.19546730816364288,0,ham10000,ISIC_0028533,nv,HAM_0001404
0,0.47959908843040466,1,ham10000,ISIC_0033033,nv,HAM_0001405
0,0.5874505043029785,1,ham10000,ISIC_0026592,nv,HAM_0001406
0,0.44534000754356384,1,ham10000,ISIC_0025931,nv,HAM_0001407
0,0.19919513165950775,0,ham10000,ISIC_0031004,nv,HAM_0001408
1,0.7515426874160767,1,ham10000,ISIC_0026188,mel,HAM_0001409
0,0.43114805221557617,1,ham10000,ISIC_0024830,nv,HAM_0001410
0,0.26510533690452576,0,ham10000,ISIC_0027869,nv,HAM_0001411
1,0.667591392993927,1,ham10000,ISIC_0033678,mel,HAM_0001412
0,0.6546608209609985,1,ham10000,ISIC_0032104,nv,HAM_0001413
0,0.5842941999435425,1,ham10000,ISIC_0024473,nv,HAM_0001414
1,0.3454836905002594,1,ham10000,ISIC_0025019,bcc,HAM_0001415
1,0.5050222873687744,1,ham10000,ISIC_0025427,akiec,HAM_0001416
0,0.658524751663208,1,ham10000,ISIC_0027533,bkl,HAM_0001417
0,0.39435967803001404,1,ham10000,ISIC_0025062,nv,HAM_0001418
0,0.3690914809703827,1,ham10000,ISIC_0024892,nv,HAM_0001419
0,0.6110736131668091,1,ham10000,ISIC_0025544,nv,HAM_0001420
0,0.43072018027305603,1,ham10000,ISIC_0027586,nv,HAM_0001421
0,0.44347986578941345,1,ham10000,ISIC_0029414,nv,HAM_0001422
0,0.48102232813835144,1,ham10000,ISIC_0025454,bkl,HAM_0001423
1,0.2831484377384186,0,ham10000,ISIC_0031318,bcc,HAM_0001424
0,0.5607240796089172,1,ham10000,ISIC_0029701,nv,HAM_0001425
0,0.567765474319458,1,ham10000,ISIC_0029154,nv,HAM_0001426
0,0.5058649778366089,1,ham10000,ISIC_0032163,nv,HAM_0001427
1,0.7874367237091064,1,ham10000,ISIC_0026268,mel,HAM_0001428
0,0.706902265548706,1,ham10000,ISIC_0027875,bkl,HAM_0001429
0,0.5289193987846375,1,ham10000,ISIC_0031088,bkl,HAM_0001430
0,0.4971603751182556,1,ham10000,ISIC_0028142,nv,HAM_0001431
0,0.3873622715473175,1,ham10000,ISIC_0024393,nv,HAM_0001432
0,0.370857298374176,1,ham10000,ISIC_0033735,nv,HAM_0001433
1,0.5447328686714172,1,ham10000,ISIC_0028568,bcc,HAM_0001434
0,0.47075703740119934,1,ham10000,ISIC_0028970,bkl,HAM_0001435
0,0.5624897480010986,1,ham10000,ISIC_0029128,nv,HAM_0001436
0,0.6267141699790955,1,ham10000,ISIC_0033314,nv,HAM_0001437
0,0.20495957136154175,0,ham10000,ISIC_0030490,nv,HAM_0001438
0,0.28563159704208374,0,ham10000,ISIC_0024442,nv,HAM_0001439
1,0.6271897554397583,1,ham10000,ISIC_0027704,bcc,HAM_0001440
0,0.3215912878513336,1,ham10000,ISIC_0024660,nv,HAM_0001441
0,0.3845437467098236,1,ham10000,ISIC_0034053,nv,HAM_0001442
0,0.348358690738678,1,ham10000,ISIC_0025804,bkl,HAM_0001443
1,0.7409009337425232,1,ham10000,ISIC_0024688,mel,HAM_0001444
0,0.4596635699272156,1,ham10000,ISIC_0029433,nv,HAM_0001445
1,0.8011839985847473,1,ham10000,ISIC_0026754,mel,HAM_0001446
0,0.18878191709518433,0,ham10000,ISIC_0027247,nv,HAM_0001447
0,0.2647533118724823,0,ham10000,ISIC_0029496,nv,HAM_0001448
0,0.4105972647666931,1,ham10000,ISIC_0028967,nv,HAM_0001449
0,0.5826178193092346,1,ham10000,ISIC_0030771,nv,HAM_0001450
0,0.35661810636520386,1,ham10000,ISIC_0029960,nv,HAM_0001451
0,0.6949508190155029,1,ham10000,ISIC_0026402,nv,HAM_0001452
1,0.3355409801006317,1,ham10000,ISIC_0030991,akiec,HAM_0001453
0,0.4936446249485016,1,ham10000,ISIC_0027466,nv,HAM_0001454
0,0.3420777916908264,1,ham10000,ISIC_0031933,nv,HAM_0001455
1,0.4481635093688965,1,ham10000,ISIC_0025835,mel,HAM_0001456
1,0.7369910478591919,1,ham10000,ISIC_0029856,bcc,HAM_0001457
0,0.5006410479545593,1,ham10000,ISIC_0032136,nv,HAM_0001458
0,0.3548581898212433,1,ham10000,ISIC_0030529,nv,HAM_0001459
1,0.6297947764396667,1,ham10000,ISIC_0025637,akiec,HAM_0001460
0,0.4684983789920807,1,ham10000,ISIC_0028440,nv,HAM_0001461
0,0.08669126033782959,0,ham10000,ISIC_0026748,nv,HAM_0001462
0,0.43743351101875305,1,ham10000,ISIC_0028040,nv,HAM_0001463
0,0.4333881735801697,1,ham10000,ISIC_0028319,nv,HAM_0001464
1,0.9252558946609497,1,ham10000,ISIC_0032699,mel,HAM_0001465
0,0.8441256880760193,1,ham10000,ISIC_0027850,bkl,HAM_0001466
0,0.31081604957580566,1,ham10000,ISIC_0032501,nv,HAM_0001467
0,0.2985367774963379,1,ham10000,ISIC_0024469,nv,HAM_0001468
0,0.48210883140563965,1,ham10000,ISIC_0029289,bkl,HAM_0001469
0,0.6448667049407959,1,ham10000,ISIC_0030361,nv,HAM_0001470
0,0.3900236189365387,1,ham10000,ISIC_0031843,nv,HAM_0001471
0,0.4542571008205414,1,ham10000,ISIC_0024334,nv,HAM_0001472
0,0.6635674834251404,1,ham10000,ISIC_0029022,bkl,HAM_0001473
1,0.898758590221405,1,ham10000,ISIC_0026765,akiec,HAM_0001474
0,0.23747611045837402,0,ham10000,ISIC_0024446,bkl,HAM_0001475
0,0.6789245009422302,1,ham10000,ISIC_0025343,nv,HAM_0001476
0,0.648398220539093,1,ham10000,ISIC_0024308,nv,HAM_0001477
0,0.33211931586265564,1,ham10000,ISIC_0031689,nv,HAM_0001478
0,0.20322522521018982,0,ham10000,ISIC_0024784,nv,HAM_0001479
0,0.6065696477890015,1,ham10000,ISIC_0026835,bkl,HAM_0001480
0,0.25781697034835815,0,ham10000,ISIC_0028363,nv,HAM_0001481
0,0.45344680547714233,1,ham10000,ISIC_0027691,nv,HAM_0001482
0,0.4551785886287689,1,ham10000,ISIC_0030752,nv,HAM_0001483
0,0.46277910470962524,1,ham10000,ISIC_0032623,nv,HAM_0001484
0,0.26422497630119324,0,ham10000,ISIC_0029853,nv,HAM_0001485
0,0.6386377215385437,1,ham10000,ISIC_0029384,bkl,HAM_0001486
0,0.4780421853065491,1,ham10000,ISIC_0031601,bkl,HAM_0001487
0,0.2055426836013794,0,ham10000,ISIC_0031765,nv,HAM_0001489
0,0.46106818318367004,1,ham10000,ISIC_0033176,nv,HAM_0001490
0,0.323813259601593,1,ham10000,ISIC_0027396,nv,HAM_0001491
0,0.6827657222747803,1,ham10000,ISIC_0025305,nv,HAM_0001492
0,0.951842725276947,1,ham10000,ISIC_0032373,bkl,HAM_0001493
0,0.6806201338768005,1,ham10000,ISIC_0026621,nv,HAM_0001494
1,0.8221396207809448,1,ham10000,ISIC_0024913,akiec,HAM_0001495
0,0.36520859599113464,1,ham10000,ISIC_0028000,nv,HAM_0001496
0,0.8349116444587708,1,ham10000,ISIC_0026608,nv,HAM_0001497
0,0.29119351506233215,0,ham10000,ISIC_0027523,nv,HAM_0001498
1,0.4567298889160156,1,ham10000,ISIC_0031929,akiec,HAM_0001499
0,0.4616152048110962,1,ham10000,ISIC_0025527,nv,HAM_0001500
0,0.3274519741535187,1,ham10000,ISIC_0024397,nv,HAM_0001501
0,0.6270059943199158,1,ham10000,ISIC_0027482,nv,HAM_0001502
1,0.6179330348968506,1,ham10000,ISIC_0025940,bcc,HAM_0001503
0,0.21846447885036469,0,ham10000,ISIC_0025274,nv,HAM_0001504
1,0.5555943250656128,1,ham10000,ISIC_0024511,akiec,HAM_0001505
1,0.6814897656440735,1,ham10000,ISIC_0033051,mel,HAM_0001506
0,0.6023326516151428,1,ham10000,ISIC_0028362,nv,HAM_0001507
0,0.39123350381851196,1,ham10000,ISIC_0029298,nv,HAM_0001508
0,0.5212965607643127,1,ham10000,ISIC_0033044,nv,HAM_0001509
0,0.1938476860523224,0,ham10000,ISIC_0028100,bkl,HAM_0001510
0,0.6108037233352661,1,ham10000,ISIC_0033002,nv,HAM_0001511
0,0.6052711009979248,1,ham10000,ISIC_0025078,nv,HAM_0001512
0,0.25057363510131836,0,ham10000,ISIC_0032491,nv,HAM_0001513
0,0.5652698278427124,1,ham10000,ISIC_0024659,nv,HAM_0001514
0,0.47333481907844543,1,ham10000,ISIC_0028842,bkl,HAM_0001515
0,0.4252494275569916,1,ham10000,ISIC_0027830,nv,HAM_0001516
0,0.748935341835022,1,ham10000,ISIC_0028825,nv,HAM_0001517
0,0.3396379053592682,1,ham10000,ISIC_0028914,nv,HAM_0001518
0,0.40704989433288574,1,ham10000,ISIC_0031661,nv,HAM_0001519
1,0.546030580997467,1,ham10000,ISIC_0027294,akiec,HAM_0001520
0,0.2938271760940552,0,ham10000,ISIC_0031860,nv,HAM_0001521
0,0.19380107522010803,0,ham10000,ISIC_0025084,nv,HAM_0001522
0,0.7182125449180603,1,ham10000,ISIC_0028523,nv,HAM_0001523
1,0.755814254283905,1,ham10000,ISIC_0032915,mel,HAM_0001524
0,0.5934493541717529,1,ham10000,ISIC_0024355,nv,HAM_0001525
1,0.703493595123291,1,ham10000,ISIC_0027795,akiec,HAM_0001526
0,0.4521976411342621,1,ham10000,ISIC_0026767,nv,HAM_0001527
1,0.5881267189979553,1,ham10000,ISIC_0025601,bcc,HAM_0001528
0,0.6403652429580688,1,ham10000,ISIC_0025103,bkl,HAM_0001529
0,0.36782893538475037,1,ham10000,ISIC_0030013,nv,HAM_0001530
1,0.8606144785881042,1,ham10000,ISIC_0024951,mel,HAM_0001531
1,0.3949650526046753,1,ham10000,ISIC_0027204,mel,HAM_0001532
0,0.6243654489517212,1,ham10000,ISIC_0028244,nv,HAM_0001533
0,0.5032322406768799,1,ham10000,ISIC_0024365,nv,HAM_0001534
0,0.37003064155578613,1,ham10000,ISIC_0026653,nv,HAM_0001535
0,0.5658009052276611,1,ham10000,ISIC_0026842,bkl,HAM_0001536
0,0.24175336956977844,0,ham10000,ISIC_0026467,vasc,HAM_0001537
0,0.4131763279438019,1,ham10000,ISIC_0024322,nv,HAM_0001538
0,0.6315383911132812,1,ham10000,ISIC_0026444,bkl,HAM_0001539
0,0.6074698567390442,1,ham10000,ISIC_0028299,nv,HAM_0001540
0,0.4023354947566986,1,ham10000,ISIC_0026218,nv,HAM_0001541
0,0.3701646029949188,1,ham10000,ISIC_0026874,nv,HAM_0001542
0,0.269109308719635,0,ham10000,ISIC_0029639,nv,HAM_0001543
0,0.30903491377830505,1,ham10000,ISIC_0030875,nv,HAM_0001544
0,0.09903068095445633,0,ham10000,ISIC_0030278,nv,HAM_0001545
0,0.1466548591852188,0,ham10000,ISIC_0027584,bkl,HAM_0001546
0,0.6838997602462769,1,ham10000,ISIC_0034209,nv,HAM_0001547
0,0.4410642385482788,1,ham10000,ISIC_0032254,nv,HAM_0001548
0,0.6715547442436218,1,ham10000,ISIC_0026723,nv,HAM_0001549
0,0.29057472944259644,0,ham10000,ISIC_0026020,nv,HAM_0001550
1,0.5574213862419128,1,ham10000,ISIC_0027420,mel,HAM_0001551
0,0.5300436019897461,1,ham10000,ISIC_0025899,nv,HAM_0001552
0,0.4374558627605438,1,ham10000,ISIC_0025966,nv,HAM_0001553
0,0.5901272296905518,1,ham10000,ISIC_0030836,nv,HAM_0001554
0,0.3970905542373657,1,ham10000,ISIC_0027236,nv,HAM_0001555
0,0.454614520072937,1,ham10000,ISIC_0031865,nv,HAM_0001556
0,0.5271384716033936,1,ham10000,ISIC_0029939,nv,HAM_0001557
0,0.26196756958961487,0,ham10000,ISIC_0025007,nv,HAM_0001558
0,0.5116590261459351,1,ham10000,ISIC_0029968,nv,HAM_0001559
0,0.4305974245071411,1,ham10000,ISIC_0026181,nv,HAM_0001560
0,0.762336254119873,1,ham10000,ISIC_0032740,bkl,HAM_0001561
0,0.5234186053276062,1,ham10000,ISIC_0027713,bkl,HAM_0001562
0,0.6537145972251892,1,ham10000,ISIC_0028633,nv,HAM_0001563
0,0.0926612988114357,0,ham10000,ISIC_0027913,nv,HAM_0001564
1,0.8661075830459595,1,ham10000,ISIC_0026709,akiec,HAM_0001565
0,0.5683630108833313,1,ham10000,ISIC_0024747,vasc,HAM_0001566
0,0.537297248840332,1,ham10000,ISIC_0027398,nv,HAM_0001567
0,0.37397313117980957,1,ham10000,ISIC_0030614,nv,HAM_0001568
0,0.70938640832901,1,ham10000,ISIC_0030994,nv,HAM_0001569
1,0.7237734198570251,1,ham10000,ISIC_0032872,mel,HAM_0001570
0,0.2373504340648651,0,ham10000,ISIC_0029156,nv,HAM_0001571
0,0.5138882398605347,1,ham10000,ISIC_0028933,nv,HAM_0001572
1,0.6043685078620911,1,ham10000,ISIC_0024799,bcc,HAM_0001573
0,0.3801138699054718,1,ham10000,ISIC_0031859,nv,HAM_0001574
1,0.469420850276947,1,ham10000,ISIC_0028652,bcc,HAM_0001575
1,0.7885143160820007,1,ham10000,ISIC_0033705,akiec,HAM_0001576
0,0.5026531219482422,1,ham10000,ISIC_0029818,nv,HAM_0001577
0,0.4496380388736725,1,ham10000,ISIC_0031003,nv,HAM_0001578
0,0.6260743141174316,1,ham10000,ISIC_0025636,nv,HAM_0001579
0,0.48951196670532227,1,ham10000,ISIC_0024378,nv,HAM_0001580
0,0.19420281052589417,0,ham10000,ISIC_0027288,nv,HAM_0001581
0,0.42796680331230164,1,ham10000,ISIC_0031771,nv,HAM_0001582
0,0.19197621941566467,0,ham10000,ISIC_0025280,nv,HAM_0001583
0,0.33172252774238586,1,ham10000,ISIC_0029004,nv,HAM_0001584
0,0.5276254415512085,1,ham10000,ISIC_0028697,nv,HAM_0001585
0,0.18259009718894958,0,ham10000,ISIC_0030256,nv,HAM_0001586
0,0.4338638484477997,1,ham10000,ISIC_0024828,nv,HAM_0001587
0,0.3484368622303009,1,ham10000,ISIC_0031956,nv,HAM_0001588
0,0.6240447163581848,1,ham10000,ISIC_0030067,bkl,HAM_0001589
0,0.4204041361808777,1,ham10000,ISIC_0025722,nv,HAM_0001590
0,0.5251944065093994,1,ham10000,ISIC_0032231,nv,HAM_0001591
0,0.14925973117351532,0,ham10000,ISIC_0030686,nv,HAM_0001592
1,0.498782217502594,1,ham10000,ISIC_0028941,akiec,HAM_0001593
0,0.5749658346176147,1,ham10000,ISIC_0025311,nv,HAM_0001594
0,0.5434673428535461,1,ham10000,ISIC_0032127,nv,HAM_0001595
1,0.5936893820762634,1,ham10000,ISIC_0027071,mel,HAM_0001596
0,0.6324541568756104,1,ham10000,ISIC_0024426,bkl,HAM_0001597
1,0.6816457509994507,1,ham10000,ISIC_0029238,mel,HAM_0001598
0,0.2981199324131012,1,ham10000,ISIC_0026066,nv,HAM_0001599
1,0.6166552305221558,1,ham10000,ISIC_0024675,mel,HAM_0001600
0,0.38636264204978943,1,ham10000,ISIC_0025915,bkl,HAM_0001601
0,0.45303431153297424,1,ham10000,ISIC_0032458,nv,HAM_0001602
0,0.5369867086410522,1,ham10000,ISIC_0031016,bkl,HAM_0001603
0,0.2919350266456604,0,ham10000,ISIC_0024664,nv,HAM_0001604
0,0.2918747365474701,0,ham10000,ISIC_0024422,bkl,HAM_0001605
0,0.6331263780593872,1,ham10000,ISIC_0024901,nv,HAM_0001606
1,0.538195013999939,1,ham10000,ISIC_0028508,mel,HAM_0001607
0,0.48421531915664673,1,ham10000,ISIC_0028792,bkl,HAM_0001608
0,0.3648422658443451,1,ham10000,ISIC_0027766,nv,HAM_0001609
1,0.9072743654251099,1,ham10000,ISIC_0028693,bcc,HAM_0001610
0,0.5330895185470581,1,ham10000,ISIC_0031032,nv,HAM_0001611
0,0.7134783864021301,1,ham10000,ISIC_0025618,nv,HAM_0001612
0,0.6000009775161743,1,ham10000,ISIC_0032748,nv,HAM_0001613
0,0.6089983582496643,1,ham10000,ISIC_0027591,nv,HAM_0001614
0,0.4987756907939911,1,ham10000,ISIC_0033048,nv,HAM_0001615
1,0.38802239298820496,1,ham10000,ISIC_0029669,bcc,HAM_0001616
0,0.6792119741439819,1,ham10000,ISIC_0027091,nv,HAM_0001617
1,0.31812939047813416,1,ham10000,ISIC_0030659,bcc,HAM_0001618
0,0.4687037169933319,1,ham10000,ISIC_0033065,nv,HAM_0001619
0,0.19135282933712006,0,ham10000,ISIC_0025466,bkl,HAM_0001620
1,0.5186705589294434,1,ham10000,ISIC_0030297,akiec,HAM_0001621
0,0.6193647384643555,1,ham10000,ISIC_0032360,nv,HAM_0001622
0,0.7746871113777161,1,ham10000,ISIC_0027099,nv,HAM_0001623
1,0.49232208728790283,1,ham10000,ISIC_0032277,akiec,HAM_0001624
1,0.26990988850593567,0,ham10000,ISIC_0028224,akiec,HAM_0001625
0,0.3853096067905426,1,ham10000,ISIC_0029124,nv,HAM_0001626
0,0.2603946924209595,0,ham10000,ISIC_0032153,nv,HAM_0001627
0,0.5583423376083374,1,ham10000,ISIC_0024810,nv,HAM_0001628
0,0.4282267689704895,1,ham10000,ISIC_0032317,nv,HAM_0001629
0,0.6717640161514282,1,ham10000,ISIC_0028297,nv,HAM_0001630
0,0.5270582437515259,1,ham10000,ISIC_0025390,nv,HAM_0001631
0,0.6402549147605896,1,ham10000,ISIC_0029132,nv,HAM_0001632
0,0.2187032252550125,0,ham10000,ISIC_0028618,nv,HAM_0001633
0,0.45393794775009155,1,ham10000,ISIC_0025792,nv,HAM_0001634
0,0.5346802473068237,1,ham10000,ISIC_0028240,nv,HAM_0001635
0,0.22466619312763214,0,ham10000,ISIC_0030866,nv,HAM_0001636
0,0.6269406080245972,1,ham10000,ISIC_0031521,nv,HAM_0001637
0,0.42149776220321655,1,ham10000,ISIC_0031006,nv,HAM_0001638
0,0.39889806509017944,1,ham10000,ISIC_0026160,nv,HAM_0001639
1,0.40690284967422485,1,ham10000,ISIC_0031026,bcc,HAM_0001640
0,0.8006927371025085,1,ham10000,ISIC_0033427,nv,HAM_0001641
0,0.8341037631034851,1,ham10000,ISIC_0028490,bkl,HAM_0001642
0,0.1949533224105835,0,ham10000,ISIC_0025000,nv,HAM_0001643
0,0.5861503481864929,1,ham10000,ISIC_0029906,nv,HAM_0001644
0,0.46913018822669983,1,ham10000,ISIC_0032601,nv,HAM_0001645
0,0.2243463546037674,0,ham10000,ISIC_0029908,nv,HAM_0001646
1,0.8748009204864502,1,ham10000,ISIC_0032975,mel,HAM_0001647
0,0.5242436528205872,1,ham10000,ISIC_0030239,nv,HAM_0001648
0,0.30364492535591125,1,ham10000,ISIC_0030024,nv,HAM_0001650
0,0.5753743648529053,1,ham10000,ISIC_0033251,nv,HAM_0001651
0,0.7148128151893616,1,ham10000,ISIC_0026899,nv,HAM_0001652
0,0.30772778391838074,1,ham10000,ISIC_0027895,nv,HAM_0001653
1,0.37221559882164,1,ham10000,ISIC_0024472,bcc,HAM_0001654
1,0.4487520456314087,1,ham10000,ISIC_0030110,mel,HAM_0001655
0,0.5796530842781067,1,ham10000,ISIC_0026759,nv,HAM_0001656
1,0.45766380429267883,1,ham10000,ISIC_0031529,mel,HAM_0001657
0,0.3839849531650543,1,ham10000,ISIC_0030001,nv,HAM_0001658
0,0.7664031386375427,1,ham10000,ISIC_0026564,nv,HAM_0001659
0,0.457906037569046,1,ham10000,ISIC_0027078,nv,HAM_0001660
0,0.4283832609653473,1,ham10000,ISIC_0032059,nv,HAM_0001661
0,0.514176607131958,1,ham10000,ISIC_0030050,nv,HAM_0001662
0,0.13879218697547913,0,ham10000,ISIC_0029521,nv,HAM_0001663
0,0.4996301233768463,1,ham10000,ISIC_0025217,nv,HAM_0001664
0,0.37970587611198425,1,ham10000,ISIC_0027957,bkl,HAM_0001665
1,0.5433820486068726,1,ham10000,ISIC_0024632,bcc,HAM_0001666
0,0.647578775882721,1,ham10000,ISIC_0033080,nv,HAM_0001667
0,0.5726635456085205,1,ham10000,ISIC_0027434,nv,HAM_0001668
0,0.7603210210800171,1,ham10000,ISIC_0025020,nv,HAM_0001669
0,0.5644369125366211,1,ham10000,ISIC_0027910,nv,HAM_0001670
1,0.6063100695610046,1,ham10000,ISIC_0031586,mel,HAM_0001671
0,0.41574013233184814,1,ham10000,ISIC_0024398,nv,HAM_0001672
0,0.49451008439064026,1,ham10000,ISIC_0033966,nv,HAM_0001673
0,0.4414695203304291,1,ham10000,ISIC_0031551,nv,HAM_0001674
0,0.3175782263278961,1,ham10000,ISIC_0024433,nv,HAM_0001675
0,0.3188781142234802,1,ham10000,ISIC_0031587,nv,HAM_0001676
0,0.4387192130088806,1,ham10000,ISIC_0028191,nv,HAM_0001677
0,0.6540547609329224,1,ham10000,ISIC_0027831,bkl,HAM_0001678
0,0.3204525113105774,1,ham10000,ISIC_0027783,nv,HAM_0001679
0,0.39306899905204773,1,ham10000,ISIC_0026303,nv,HAM_0001680
0,0.4644300937652588,1,ham10000,ISIC_0024651,nv,HAM_0001681
0,0.48521408438682556,1,ham10000,ISIC_0026630,nv,HAM_0001682
0,0.5070760250091553,1,ham10000,ISIC_0033513,nv,HAM_0001683
0,0.2627524435520172,0,ham10000,ISIC_0028576,nv,HAM_0001684
0,0.5143386125564575,1,ham10000,ISIC_0027516,nv,HAM_0001685
1,0.7296304702758789,1,ham10000,ISIC_0032698,mel,HAM_0001686
0,0.43893682956695557,1,ham10000,ISIC_0027230,nv,HAM_0001687
0,0.3911708891391754,1,ham10000,ISIC_0031049,nv,HAM_0001688
0,0.4723062217235565,1,ham10000,ISIC_0025166,nv,HAM_0001689
0,0.2950216829776764,0,ham10000,ISIC_0032361,nv,HAM_0001690
0,0.36179259419441223,1,ham10000,ISIC_0029264,nv,HAM_0001691
0,0.5687233209609985,1,ham10000,ISIC_0032743,nv,HAM_0001692
1,0.7388904094696045,1,ham10000,ISIC_0026995,bcc,HAM_0001693
1,0.47037312388420105,1,ham10000,ISIC_0032173,akiec,HAM_0001694
0,0.5972775816917419,1,ham10000,ISIC_0028752,nv,HAM_0001695
0,0.581375002861023,1,ham10000,ISIC_0027408,nv,HAM_0001696
0,0.5053610801696777,1,ham10000,ISIC_0033497,nv,HAM_0001697
0,0.5411238670349121,1,ham10000,ISIC_0025797,nv,HAM_0001698
0,0.5232337713241577,1,ham10000,ISIC_0029661,nv,HAM_0001699
0,0.6606407165527344,1,ham10000,ISIC_0030971,nv,HAM_0001700
0,0.240295872092247,0,ham10000,ISIC_0025237,nv,HAM_0001701
0,0.6023873686790466,1,ham10000,ISIC_0028592,nv,HAM_0001702
1,0.8243237137794495,1,ham10000,ISIC_0024496,mel,HAM_0001703
0,0.5635107159614563,1,ham10000,ISIC_0031415,nv,HAM_0001704
0,0.11993502825498581,0,ham10000,ISIC_0029009,nv,HAM_0001705
0,0.6993448138237,1,ham10000,ISIC_0030023,nv,HAM_0001706
1,0.28925037384033203,0,ham10000,ISIC_0031925,bcc,HAM_0001707
0,0.4283517301082611,1,ham10000,ISIC_0033719,nv,HAM_0001708
0,0.3175673484802246,1,ham10000,ISIC_0030364,nv,HAM_0001709
0,0.4324902296066284,1,ham10000,ISIC_0030808,nv,HAM_0001710
1,0.23858381807804108,0,ham10000,ISIC_0028677,bcc,HAM_0001711
0,0.9030110836029053,1,ham10000,ISIC_0030793,nv,HAM_0001712
1,0.7720350027084351,1,ham10000,ISIC_0028671,bcc,HAM_0001713
0,0.2891189157962799,0,ham10000,ISIC_0032354,nv,HAM_0001714
0,0.6746901869773865,1,ham10000,ISIC_0027208,nv,HAM_0001715
0,0.49090418219566345,1,ham10000,ISIC_0026901,nv,HAM_0001716
0,0.5470780730247498,1,ham10000,ISIC_0028700,nv,HAM_0001717
0,0.24883730709552765,0,ham10000,ISIC_0026357,nv,HAM_0001718
0,0.9168280363082886,1,ham10000,ISIC_0031090,vasc,HAM_0001719
0,0.764604389667511,1,ham10000,ISIC_0032819,nv,HAM_0001720
0,0.49635571241378784,1,ham10000,ISIC_0024947,bkl,HAM_0001721
0,0.6992951035499573,1,ham10000,ISIC_0030976,bkl,HAM_0001722
0,0.3938397169113159,1,ham10000,ISIC_0027784,nv,HAM_0001723
0,0.27542731165885925,0,ham10000,ISIC_0027386,nv,HAM_0001724
0,0.4225544333457947,1,ham10000,ISIC_0027509,bkl,HAM_0001725
1,0.59230637550354,1,ham10000,ISIC_0024367,mel,HAM_0001726
0,0.6815812587738037,1,ham10000,ISIC_0028799,nv,HAM_0001727
0,0.8882712721824646,1,ham10000,ISIC_0033539,bkl,HAM_0001728
1,0.613409161567688,1,ham10000,ISIC_0024537,mel,HAM_0001729
0,0.5132054090499878,1,ham10000,ISIC_0030790,nv,HAM_0001730
0,0.37717610597610474,1,ham10000,ISIC_0028172,nv,HAM_0001731
0,0.2173232138156891,0,ham10000,ISIC_0024502,nv,HAM_0001732
0,0.6697818040847778,1,ham10000,ISIC_0028414,bkl,HAM_0001733
1,0.566436767578125,1,ham10000,ISIC_0024865,mel,HAM_0001734
0,0.7989795804023743,1,ham10000,ISIC_0028587,bkl,HAM_0001735
0,0.49258092045783997,1,ham10000,ISIC_0026407,nv,HAM_0001736
0,0.336029052734375,1,ham10000,ISIC_0027883,nv,HAM_0001737
0,0.6780471801757812,1,ham10000,ISIC_0027218,bkl,HAM_0001738
0,0.5194934606552124,1,ham10000,ISIC_0032884,nv,HAM_0001739
0,0.714176595211029,1,ham10000,ISIC_0032761,nv,HAM_0001740
1,0.8246423006057739,1,ham10000,ISIC_0026963,mel,HAM_0001741
0,0.26347002387046814,0,ham10000,ISIC_0028456,nv,HAM_0001742
0,0.803874671459198,1,ham10000,ISIC_0030130,bkl,HAM_0001743
1,0.3645269572734833,1,ham10000,ISIC_0029353,mel,HAM_0001744
0,0.7354692816734314,1,ham10000,ISIC_0025045,nv,HAM_0001745
0,0.5087302327156067,1,ham10000,ISIC_0027296,nv,HAM_0001746
1,0.7157751321792603,1,ham10000,ISIC_0028361,mel,HAM_0001747
0,0.27784788608551025,0,ham10000,ISIC_0031739,nv,HAM_0001748
1,0.7916920781135559,1,ham10000,ISIC_0033372,bcc,HAM_0001749
0,0.5933157801628113,1,ham10000,ISIC_0028832,nv,HAM_0001750
0,0.4611593782901764,1,ham10000,ISIC_0024698,nv,HAM_0001751
0,0.6144460439682007,1,ham10000,ISIC_0028925,bkl,HAM_0001752
1,0.8627392053604126,1,ham10000,ISIC_0024929,mel,HAM_0001753
0,0.4417705535888672,1,ham10000,ISIC_0027775,nv,HAM_0001754
0,0.649875283241272,1,ham10000,ISIC_0029393,nv,HAM_0001755
0,0.5005643963813782,1,ham10000,ISIC_0027484,nv,HAM_0001756
0,0.5901091694831848,1,ham10000,ISIC_0025049,nv,HAM_0001757
0,0.6527178883552551,1,ham10000,ISIC_0024362,nv,HAM_0001758
1,0.5334460735321045,1,ham10000,ISIC_0032497,bcc,HAM_0001759
0,0.14967888593673706,0,ham10000,ISIC_0024389,nv,HAM_0001760
0,0.32076406478881836,1,ham10000,ISIC_0026732,nv,HAM_0001761
0,0.5512071847915649,1,ham10000,ISIC_0030535,nv,HAM_0001762
0,0.27866271138191223,0,ham10000,ISIC_0029029,bkl,HAM_0001763
0,0.5390169620513916,1,ham10000,ISIC_0032251,nv,HAM_0001764
0,0.5122147798538208,1,ham10000,ISIC_0026788,nv,HAM_0001765
0,0.386156290769577,1,ham10000,ISIC_0026591,nv,HAM_0001766
0,0.5339409112930298,1,ham10000,ISIC_0025812,nv,HAM_0001767
0,0.47598332166671753,1,ham10000,ISIC_0026019,nv,HAM_0001768
0,0.5748886466026306,1,ham10000,ISIC_0032176,nv,HAM_0001769
0,0.14641153812408447,0,ham10000,ISIC_0025974,nv,HAM_0001770
0,0.41188403964042664,1,ham10000,ISIC_0030556,nv,HAM_0001771
0,0.816482663154602,1,ham10000,ISIC_0032636,bkl,HAM_0001772
0,0.7468740344047546,1,ham10000,ISIC_0024832,bkl,HAM_0001773
0,0.5193803310394287,1,ham10000,ISIC_0029073,nv,HAM_0001774
0,0.5133457183837891,1,ham10000,ISIC_0030338,nv,HAM_0001775
0,0.44100335240364075,1,ham10000,ISIC_0030044,nv,HAM_0001776
0,0.24798287451267242,0,ham10000,ISIC_0033273,nv,HAM_0001777
0,0.21034862101078033,0,ham10000,ISIC_0026792,nv,HAM_0001778
0,0.6167774200439453,1,ham10000,ISIC_0031439,nv,HAM_0001779
0,0.7745416164398193,1,ham10000,ISIC_0024370,vasc,HAM_0001780
0,0.49682146310806274,1,ham10000,ISIC_0025515,bkl,HAM_0001781
0,0.3013913929462433,1,ham10000,ISIC_0032289,nv,HAM_0001782
0,0.34308311343193054,1,ham10000,ISIC_0029256,nv,HAM_0001783
0,0.2957710325717926,0,ham10000,ISIC_0026450,nv,HAM_0001784
0,0.7609050869941711,1,ham10000,ISIC_0032941,df,HAM_0001785
1,0.2896066904067993,0,ham10000,ISIC_0027047,akiec,HAM_0001786
0,0.45464757084846497,1,ham10000,ISIC_0029700,nv,HAM_0001787
0,0.7085186839103699,1,ham10000,ISIC_0029100,bkl,HAM_0001788
0,0.5663141012191772,1,ham10000,ISIC_0026882,nv,HAM_0001789
0,0.6204004287719727,1,ham10000,ISIC_0032739,nv,HAM_0001790
1,0.5712347030639648,1,ham10000,ISIC_0027956,mel,HAM_0001791
0,0.31256234645843506,1,ham10000,ISIC_0024419,nv,HAM_0001792
1,0.5757526755332947,1,ham10000,ISIC_0028520,mel,HAM_0001793
0,0.5542368292808533,1,ham10000,ISIC_0032073,nv,HAM_0001794
0,0.2685374915599823,0,ham10000,ISIC_0030611,nv,HAM_0001795
1,0.8623223304748535,1,ham10000,ISIC_0025363,mel,HAM_0001796
0,0.5431036949157715,1,ham10000,ISIC_0031155,nv,HAM_0001797
0,0.44773977994918823,1,ham10000,ISIC_0030141,nv,HAM_0001798
0,0.14645543694496155,0,ham10000,ISIC_0028675,nv,HAM_0001799
0,0.48084205389022827,1,ham10000,ISIC_0031073,nv,HAM_0001800
0,0.6304726600646973,1,ham10000,ISIC_0033293,nv,HAM_0001801
0,0.2448544055223465,0,ham10000,ISIC_0030224,nv,HAM_0001802
0,0.26598402857780457,0,ham10000,ISIC_0026330,nv,HAM_0001803
0,0.3689115047454834,1,ham10000,ISIC_0029604,nv,HAM_0001804
0,0.2946150600910187,0,ham10000,ISIC_0027200,nv,HAM_0001805
0,0.22073908150196075,0,ham10000,ISIC_0026920,nv,HAM_0001806
0,0.5825323462486267,1,ham10000,ISIC_0029637,nv,HAM_0001807
0,0.6186707019805908,1,ham10000,ISIC_0032615,nv,HAM_0001808
0,0.7515486478805542,1,ham10000,ISIC_0029897,bkl,HAM_0001809
0,0.5537534952163696,1,ham10000,ISIC_0025794,nv,HAM_0001810
1,0.20207716524600983,0,ham10000,ISIC_0028069,mel,HAM_0001811
0,0.4210933446884155,1,ham10000,ISIC_0024326,nv,HAM_0001812
0,0.578481137752533,1,ham10000,ISIC_0030609,nv,HAM_0001813
1,0.44554418325424194,1,ham10000,ISIC_0028567,mel,HAM_0001814
0,0.6477954983711243,1,ham10000,ISIC_0024970,bkl,HAM_0001815
0,0.550362765789032,1,ham10000,ISIC_0028827,nv,HAM_0001816
0,0.5968490839004517,1,ham10000,ISIC_0024938,nv,HAM_0001817
0,0.6199895739555359,1,ham10000,ISIC_0025620,nv,HAM_0001818
1,0.9268298149108887,1,ham10000,ISIC_0028584,mel,HAM_0001819
0,0.47666868567466736,1,ham10000,ISIC_0026744,bkl,HAM_0001820
0,0.20618091523647308,0,ham10000,ISIC_0025308,nv,HAM_0001821
0,0.2982315123081207,1,ham10000,ISIC_0031244,nv,HAM_0001822
0,0.42069461941719055,1,ham10000,ISIC_0027882,nv,HAM_0001823
0,0.7001122832298279,1,ham10000,ISIC_0033121,nv,HAM_0001824
0,0.6309558749198914,1,ham10000,ISIC_0029673,nv,HAM_0001825
0,0.33376389741897583,1,ham10000,ISIC_0029509,nv,HAM_0001826
0,0.16053782403469086,0,ham10000,ISIC_0031275,nv,HAM_0001827
0,0.6384335160255432,1,ham10000,ISIC_0030692,nv,HAM_0001828
0,0.3473741114139557,1,ham10000,ISIC_0027779,nv,HAM_0001829
0,0.4739227890968323,1,ham10000,ISIC_0028057,nv,HAM_0001830
0,0.5136446356773376,1,ham10000,ISIC_0029556,nv,HAM_0001831
0,0.21749752759933472,0,ham10000,ISIC_0031030,nv,HAM_0001832
0,0.6329404711723328,1,ham10000,ISIC_0027227,nv,HAM_0001833
0,0.6198171377182007,1,ham10000,ISIC_0032631,nv,HAM_0001834
1,0.7709112763404846,1,ham10000,ISIC_0026652,mel,HAM_0001835
0,0.649569571018219,1,ham10000,ISIC_0030500,nv,HAM_0001836
0,0.638228178024292,1,ham10000,ISIC_0033635,bkl,HAM_0001837
0,0.4805889427661896,1,ham10000,ISIC_0028797,bkl,HAM_0001838
0,0.8655303716659546,1,ham10000,ISIC_0033434,nv,HAM_0001839
0,0.3637568950653076,1,ham10000,ISIC_0025490,nv,HAM_0001840
0,0.8324610590934753,1,ham10000,ISIC_0025771,df,HAM_0001841
0,0.3157925605773926,1,ham10000,ISIC_0028359,nv,HAM_0001842
0,0.5818507671356201,1,ham10000,ISIC_0028279,nv,HAM_0001843
0,0.3403429090976715,1,ham10000,ISIC_0026736,nv,HAM_0001844
0,0.33866801857948303,1,ham10000,ISIC_0026462,nv,HAM_0001845
0,0.45602720975875854,1,ham10000,ISIC_0029457,nv,HAM_0001846
1,0.66188645362854,1,ham10000,ISIC_0024792,mel,HAM_0001847
0,0.40037354826927185,1,ham10000,ISIC_0030587,nv,HAM_0001848
0,0.6694918870925903,1,ham10000,ISIC_0027209,nv,HAM_0001849
0,0.3962996304035187,1,ham10000,ISIC_0030947,nv,HAM_0001850
0,0.0896139144897461,0,ham10000,ISIC_0027015,nv,HAM_0001851
0,0.9689522385597229,1,ham10000,ISIC_0033749,vasc,HAM_0001852
0,0.7192162871360779,1,ham10000,ISIC_0032306,bkl,HAM_0001853
0,0.5984251499176025,1,ham10000,ISIC_0027013,nv,HAM_0001854
0,0.56119704246521,1,ham10000,ISIC_0033581,bkl,HAM_0001855
0,0.4055253267288208,1,ham10000,ISIC_0027666,nv,HAM_0001856
0,0.3266727328300476,1,ham10000,ISIC_0027317,nv,HAM_0001857
0,0.8013647794723511,1,ham10000,ISIC_0026085,bkl,HAM_0001858
0,0.379548579454422,1,ham10000,ISIC_0029565,nv,HAM_0001859
0,0.42831432819366455,1,ham10000,ISIC_0027665,vasc,HAM_0001860
0,0.5663907527923584,1,ham10000,ISIC_0026688,nv,HAM_0001861
0,0.2090625911951065,0,ham10000,ISIC_0031625,nv,HAM_0001862
1,0.653590977191925,1,ham10000,ISIC_0032596,mel,HAM_0001863
0,0.41429603099823,1,ham10000,ISIC_0030111,nv,HAM_0001864
0,0.19540269672870636,0,ham10000,ISIC_0032464,nv,HAM_0001865
0,0.45701584219932556,1,ham10000,ISIC_0026873,nv,HAM_0001866
0,0.4892415404319763,1,ham10000,ISIC_0030136,nv,HAM_0001867
0,0.5989049673080444,1,ham10000,ISIC_0028037,nv,HAM_0001868
0,0.38463538885116577,1,ham10000,ISIC_0027249,nv,HAM_0001869
0,0.8650582432746887,1,ham10000,ISIC_0033090,nv,HAM_0001870
0,0.4764460325241089,1,ham10000,ISIC_0030834,nv,HAM_0001871
0,0.3442735970020294,1,ham10000,ISIC_0027800,nv,HAM_0001872
0,0.6997214555740356,1,ham10000,ISIC_0029283,nv,HAM_0001873
0,0.44148826599121094,1,ham10000,ISIC_0024601,nv,HAM_0001874
0,0.321938693523407,1,ham10000,ISIC_0031231,nv,HAM_0001875
0,0.5064464807510376,1,ham10000,ISIC_0030470,nv,HAM_0001876
1,0.5425499081611633,1,ham10000,ISIC_0025409,mel,HAM_0001877
0,0.544147253036499,1,ham10000,ISIC_0025434,bkl,HAM_0001878
0,0.43614909052848816,1,ham10000,ISIC_0024440,nv,HAM_0001879
0,0.44105228781700134,1,ham10000,ISIC_0026199,nv,HAM_0001880
0,0.4181535243988037,1,ham10000,ISIC_0024620,nv,HAM_0001881
0,0.3530586361885071,1,ham10000,ISIC_0025866,nv,HAM_0001882
0,0.6708468794822693,1,ham10000,ISIC_0033224,nv,HAM_0001883
1,0.7682746648788452,1,ham10000,ISIC_0025718,bcc,HAM_0001884
0,0.35718244314193726,1,ham10000,ISIC_0027534,nv,HAM_0001885
0,0.24238182604312897,0,ham10000,ISIC_0028318,nv,HAM_0001886
0,0.24290373921394348,0,ham10000,ISIC_0025107,nv,HAM_0001887
0,0.2879400849342346,0,ham10000,ISIC_0026806,nv,HAM_0001888
0,0.4709899425506592,1,ham10000,ISIC_0033621,nv,HAM_0001889
1,0.33814287185668945,1,ham10000,ISIC_0030707,akiec,HAM_0001890
0,0.2593519985675812,0,ham10000,ISIC_0024466,nv,HAM_0001891
0,0.4875440001487732,1,ham10000,ISIC_0025110,nv,HAM_0001893
1,0.5971331000328064,1,ham10000,ISIC_0024517,akiec,HAM_0001894
0,0.5959829688072205,1,ham10000,ISIC_0024777,nv,HAM_0001895
0,0.8835780620574951,1,ham10000,ISIC_0030203,bkl,HAM_0001896
0,0.47592034935951233,1,ham10000,ISIC_0026185,nv,HAM_0001897
0,0.32278770208358765,1,ham10000,ISIC_0026917,nv,HAM_0001898
0,0.39594194293022156,1,ham10000,ISIC_0031549,nv,HAM_0001899
1,0.8292486667633057,1,ham10000,ISIC_0025557,bcc,HAM_0001900
0,0.36802738904953003,1,ham10000,ISIC_0026274,nv,HAM_0001901
0,0.672977089881897,1,ham10000,ISIC_0026480,nv,HAM_0001902
1,0.148837149143219,0,ham10000,ISIC_0026984,akiec,HAM_0001903
0,0.6153082847595215,1,ham10000,ISIC_0030306,nv,HAM_0001904
0,0.652055025100708,1,ham10000,ISIC_0033116,nv,HAM_0001905
0,0.37012287974357605,1,ham10000,ISIC_0032025,nv,HAM_0001906
1,0.48568710684776306,1,ham10000,ISIC_0025383,bcc,HAM_0001907
0,0.34866830706596375,1,ham10000,ISIC_0032851,nv,HAM_0001908
0,0.43929553031921387,1,ham10000,ISIC_0025481,nv,HAM_0001909
1,0.22561466693878174,0,ham10000,ISIC_0024739,mel,HAM_0001910
0,0.19652391970157623,0,ham10000,ISIC_0029197,nv,HAM_0001911
0,0.3590207099914551,1,ham10000,ISIC_0033145,nv,HAM_0001912
1,0.8346349000930786,1,ham10000,ISIC_0030798,mel,HAM_0001913
0,0.470234751701355,1,ham10000,ISIC_0028702,bkl,HAM_0001914
0,0.43344539403915405,1,ham10000,ISIC_0025813,nv,HAM_0001915
0,0.6393245458602905,1,ham10000,ISIC_0032721,nv,HAM_0001916
0,0.3364993631839752,1,ham10000,ISIC_0030046,nv,HAM_0001917
0,0.6512755751609802,1,ham10000,ISIC_0031291,nv,HAM_0001918
0,0.6898257732391357,1,ham10000,ISIC_0026424,nv,HAM_0001919
0,0.5026998519897461,1,ham10000,ISIC_0029486,vasc,HAM_0001920
0,0.40841472148895264,1,ham10000,ISIC_0032205,nv,HAM_0001921
1,0.8440914750099182,1,ham10000,ISIC_0031874,akiec,HAM_0001922
0,0.3676958978176117,1,ham10000,ISIC_0029219,nv,HAM_0001923
0,0.13204437494277954,0,ham10000,ISIC_0031112,nv,HAM_0001924
0,0.22913092374801636,0,ham10000,ISIC_0027583,nv,HAM_0001925
1,0.5255978107452393,1,ham10000,ISIC_0028095,bcc,HAM_0001926
0,0.8825690746307373,1,ham10000,ISIC_0029600,bkl,HAM_0001927
1,0.5992928147315979,1,ham10000,ISIC_0032537,mel,HAM_0001928
0,0.2566167712211609,0,ham10000,ISIC_0026938,nv,HAM_0001929
0,0.6248579621315002,1,ham10000,ISIC_0032600,nv,HAM_0001930
0,0.3644120395183563,1,ham10000,ISIC_0026755,nv,HAM_0001931
0,0.4464002847671509,1,ham10000,ISIC_0031082,nv,HAM_0001932
0,0.4123956859111786,1,ham10000,ISIC_0025243,nv,HAM_0001933
0,0.49298974871635437,1,ham10000,ISIC_0026008,nv,HAM_0001934
0,0.6953476071357727,1,ham10000,ISIC_0032787,nv,HAM_0001935
0,0.30013546347618103,1,ham10000,ISIC_0024704,nv,HAM_0001936
0,0.20193807780742645,0,ham10000,ISIC_0032432,nv,HAM_0001937
0,0.4230119287967682,1,ham10000,ISIC_0026245,bkl,HAM_0001938
0,0.6118163466453552,1,ham10000,ISIC_0025468,nv,HAM_0001939
0,0.49846455454826355,1,ham10000,ISIC_0028502,nv,HAM_0001940
0,0.5866838693618774,1,ham10000,ISIC_0024790,nv,HAM_0001941
0,0.33659201860427856,1,ham10000,ISIC_0027476,nv,HAM_0001942
0,0.3622938394546509,1,ham10000,ISIC_0025769,nv,HAM_0001943
0,0.5850613117218018,1,ham10000,ISIC_0029810,bkl,HAM_0001944
0,0.49309852719306946,1,ham10000,ISIC_0026919,nv,HAM_0001945
0,0.2550866901874542,0,ham10000,ISIC_0029333,nv,HAM_0001946
0,0.41747337579727173,1,ham10000,ISIC_0032051,bkl,HAM_0001947
0,0.5428009629249573,1,ham10000,ISIC_0032926,nv,HAM_0001948
0,0.5411438345909119,1,ham10000,ISIC_0025767,bkl,HAM_0001949
1,0.5512840151786804,1,ham10000,ISIC_0024449,mel,HAM_0001950
0,0.4698133170604706,1,ham10000,ISIC_0030216,nv,HAM_0001951
0,0.2944391667842865,0,ham10000,ISIC_0025660,nv,HAM_0001952
1,0.5603445768356323,1,ham10000,ISIC_0025611,mel,HAM_0001953
0,0.6058692932128906,1,ham10000,ISIC_0032776,bkl,HAM_0001954
0,0.44393110275268555,1,ham10000,ISIC_0029304,nv,HAM_0001955
0,0.5178811550140381,1,ham10000,ISIC_0024955,nv,HAM_0001956
0,0.5526305437088013,1,ham10000,ISIC_0025593,nv,HAM_0001957
0,0.40308916568756104,1,ham10000,ISIC_0029580,bkl,HAM_0001958
0,0.3345527946949005,1,ham10000,ISIC_0027600,nv,HAM_0001959
0,0.408555269241333,1,ham10000,ISIC_0032166,nv,HAM_0001960
0,0.782240092754364,1,ham10000,ISIC_0031076,nv,HAM_0001961
0,0.4851076602935791,1,ham10000,ISIC_0029749,nv,HAM_0001962
0,0.6329182386398315,1,ham10000,ISIC_0025721,nv,HAM_0001963
1,0.3965689241886139,1,ham10000,ISIC_0024733,mel,HAM_0001964
0,0.3345743715763092,1,ham10000,ISIC_0031269,nv,HAM_0001965
0,0.36082255840301514,1,ham10000,ISIC_0025230,nv,HAM_0001966
1,0.8829236626625061,1,ham10000,ISIC_0025471,akiec,HAM_0001967
0,0.6552185416221619,1,ham10000,ISIC_0027421,nv,HAM_0001968
0,0.44199103116989136,1,ham10000,ISIC_0026651,nv,HAM_0001969
0,0.36493349075317383,1,ham10000,ISIC_0031136,nv,HAM_0001970
0,0.773685097694397,1,ham10000,ISIC_0025327,nv,HAM_0001971
0,0.6155945062637329,1,ham10000,ISIC_0027228,nv,HAM_0001972
0,0.34437626600265503,1,ham10000,ISIC_0026061,nv,HAM_0001973
1,0.8550828099250793,1,ham10000,ISIC_0033533,mel,HAM_0001974
0,0.6928421258926392,1,ham10000,ISIC_0028488,nv,HAM_0001975
1,0.6999096870422363,1,ham10000,ISIC_0025732,mel,HAM_0001976
0,0.3365427553653717,1,ham10000,ISIC_0029261,nv,HAM_0001977
0,0.39744365215301514,1,ham10000,ISIC_0031237,nv,HAM_0001978
0,0.6268115639686584,1,ham10000,ISIC_0027527,bkl,HAM_0001979
0,0.14876021444797516,0,ham10000,ISIC_0032012,nv,HAM_0001980
0,0.4540470242500305,1,ham10000,ISIC_0024342,nv,HAM_0001981
0,0.42434993386268616,1,ham10000,ISIC_0029012,bkl,HAM_0001982
0,0.42908668518066406,1,ham10000,ISIC_0030377,bkl,HAM_0001983
0,0.5685948729515076,1,ham10000,ISIC_0025092,nv,HAM_0001984
0,0.47305288910865784,1,ham10000,ISIC_0027330,nv,HAM_0001985
1,0.8025158047676086,1,ham10000,ISIC_0024999,mel,HAM_0001986
0,0.5715364813804626,1,ham10000,ISIC_0024636,nv,HAM_0001987
0,0.32082512974739075,1,ham10000,ISIC_0029948,nv,HAM_0001988
0,0.29076719284057617,0,ham10000,ISIC_0030251,nv,HAM_0001989
0,0.5767109394073486,1,ham10000,ISIC_0027612,bkl,HAM_0001990
0,0.40090125799179077,1,ham10000,ISIC_0028347,bkl,HAM_0001991
0,0.05252830311655998,0,ham10000,ISIC_0025399,nv,HAM_0001992
0,0.5843022465705872,1,ham10000,ISIC_0029848,nv,HAM_0001993
0,0.5557940006256104,1,ham10000,ISIC_0033407,nv,HAM_0001994
0,0.36793187260627747,1,ham10000,ISIC_0024581,bkl,HAM_0001995
0,0.42583832144737244,1,ham10000,ISIC_0031179,nv,HAM_0001996
0,0.6772904396057129,1,ham10000,ISIC_0029251,bkl,HAM_0001997
0,0.18433310091495514,0,ham10000,ISIC_0032038,nv,HAM_0001998
0,0.45656701922416687,1,ham10000,ISIC_0025884,nv,HAM_0001999
0,0.5664339661598206,1,ham10000,ISIC_0030092,nv,HAM_0002000
0,0.39206966757774353,1,ham10000,ISIC_0030595,nv,HAM_0002001
0,0.28433701395988464,0,ham10000,ISIC_0024486,nv,HAM_0002002
0,0.18290118873119354,0,ham10000,ISIC_0031934,nv,HAM_0002003
1,0.4630717635154724,1,ham10000,ISIC_0032847,mel,HAM_0002004
0,0.5219159126281738,1,ham10000,ISIC_0026556,bkl,HAM_0002005
0,0.3934905529022217,1,ham10000,ISIC_0025360,nv,HAM_0002006
0,0.5110922455787659,1,ham10000,ISIC_0024476,nv,HAM_0002007
0,0.7031562924385071,1,ham10000,ISIC_0032983,bkl,HAM_0002008
0,0.6044380068778992,1,ham10000,ISIC_0033165,nv,HAM_0002009
1,0.8225015997886658,1,ham10000,ISIC_0024729,mel,HAM_0002011
1,0.43602779507637024,1,ham10000,ISIC_0026327,akiec,HAM_0002012
0,0.376910001039505,1,ham10000,ISIC_0026168,nv,HAM_0002013
0,0.22597730159759521,0,ham10000,ISIC_0031120,nv,HAM_0002014
0,0.6030126810073853,1,ham10000,ISIC_0033771,nv,HAM_0002015
0,0.5508875250816345,1,ham10000,ISIC_0032753,nv,HAM_0002016
1,0.5121705532073975,1,ham10000,ISIC_0025630,bcc,HAM_0002017
1,0.5882375836372375,1,ham10000,ISIC_0029501,bcc,HAM_0002018
0,0.5898205041885376,1,ham10000,ISIC_0030402,nv,HAM_0002019
0,0.11112906038761139,0,ham10000,ISIC_0032301,nv,HAM_0002020
1,0.8887935876846313,1,ham10000,ISIC_0027057,bcc,HAM_0002021
0,0.541567862033844,1,ham10000,ISIC_0026579,nv,HAM_0002022
0,0.8134081363677979,1,ham10000,ISIC_0028540,nv,HAM_0002023
1,0.616377055644989,1,ham10000,ISIC_0029412,bcc,HAM_0002024
0,0.6062777638435364,1,ham10000,ISIC_0025169,nv,HAM_0002025
0,0.47082680463790894,1,ham10000,ISIC_0027524,nv,HAM_0002026
0,0.8611951470375061,1,ham10000,ISIC_0032697,nv,HAM_0002027
0,0.33850449323654175,1,ham10000,ISIC_0031939,nv,HAM_0002028
0,0.34401434659957886,1,ham10000,ISIC_0030270,nv,HAM_0002029
0,0.5238016247749329,1,ham10000,ISIC_0032916,nv,HAM_0002030
0,0.6752580404281616,1,ham10000,ISIC_0027925,nv,HAM_0002031
1,0.6175326704978943,1,ham10000,ISIC_0030575,mel,HAM_0002032
0,0.5300294160842896,1,ham10000,ISIC_0024899,nv,HAM_0002033
0,0.3272324800491333,1,ham10000,ISIC_0027954,bkl,HAM_0002034
0,0.23814521729946136,0,ham10000,ISIC_0024989,nv,HAM_0002035
0,0.21529193222522736,0,ham10000,ISIC_0025739,nv,HAM_0002036
0,0.5577243566513062,1,ham10000,ISIC_0033733,nv,HAM_0002037
0,0.5723199248313904,1,ham10000,ISIC_0032337,nv,HAM_0002038
0,0.3521517515182495,1,ham10000,ISIC_0029663,nv,HAM_0002039
0,0.6878233551979065,1,ham10000,ISIC_0033041,bkl,HAM_0002040
0,0.3542620539665222,1,ham10000,ISIC_0028532,nv,HAM_0002041
0,0.7004765272140503,1,ham10000,ISIC_0026263,bkl,HAM_0002042
0,0.8818051815032959,1,ham10000,ISIC_0030160,bkl,HAM_0002043
0,0.5746980905532837,1,ham10000,ISIC_0024325,nv,HAM_0002044
0,0.3961161971092224,1,ham10000,ISIC_0029973,df,HAM_0002045
0,0.3094596564769745,1,ham10000,ISIC_0024569,nv,HAM_0002046
0,0.1564142405986786,0,ham10000,ISIC_0030928,nv,HAM_0002047
0,0.3354582190513611,1,ham10000,ISIC_0029137,nv,HAM_0002048
0,0.36089128255844116,1,ham10000,ISIC_0029169,nv,HAM_0002049
0,0.48380011320114136,1,ham10000,ISIC_0032215,bkl,HAM_0002050
1,0.7667196393013,1,ham10000,ISIC_0031784,mel,HAM_0002051
0,0.3619688153266907,1,ham10000,ISIC_0032155,nv,HAM_0002052
0,0.5038896799087524,1,ham10000,ISIC_0028715,nv,HAM_0002053
0,0.06389962881803513,0,ham10000,ISIC_0031685,nv,HAM_0002054
0,0.3525802493095398,1,ham10000,ISIC_0027520,nv,HAM_0002055
0,0.38147157430648804,1,ham10000,ISIC_0026762,nv,HAM_0002056
0,0.5322672128677368,1,ham10000,ISIC_0024893,bkl,HAM_0002058
0,0.29227232933044434,0,ham10000,ISIC_0028061,nv,HAM_0002059
0,0.6232352256774902,1,ham10000,ISIC_0026979,nv,HAM_0002060
1,0.9797215461730957,1,ham10000,ISIC_0030408,akiec,HAM_0002061
0,0.4338032007217407,1,ham10000,ISIC_0027400,nv,HAM_0002062
0,0.28626587986946106,0,ham10000,ISIC_0024819,nv,HAM_0002063
0,0.2621324956417084,0,ham10000,ISIC_0030131,nv,HAM_0002064
0,0.3820441663265228,1,ham10000,ISIC_0028776,nv,HAM_0002065
0,0.5823239088058472,1,ham10000,ISIC_0030936,nv,HAM_0002066
0,0.45077359676361084,1,ham10000,ISIC_0025094,nv,HAM_0002067
0,0.41269204020500183,1,ham10000,ISIC_0029710,nv,HAM_0002068
1,0.7628443241119385,1,ham10000,ISIC_0029331,bcc,HAM_0002069
1,0.8121106028556824,1,ham10000,ISIC_0028659,akiec,HAM_0002070
0,0.4931456744670868,1,ham10000,ISIC_0031616,nv,HAM_0002071
0,0.40773239731788635,1,ham10000,ISIC_0027794,nv,HAM_0002072
0,0.42205214500427246,1,ham10000,ISIC_0025406,nv,HAM_0002073
0,0.7184720635414124,1,ham10000,ISIC_0032575,nv,HAM_0002074
0,0.6391086578369141,1,ham10000,ISIC_0026678,nv,HAM_0002075
0,0.5032438635826111,1,ham10000,ISIC_0024720,nv,HAM_0002076
0,0.49950334429740906,1,ham10000,ISIC_0031936,nv,HAM_0002077
0,0.7537246346473694,1,ham10000,ISIC_0027042,bkl,HAM_0002078
1,0.2820516526699066,0,ham10000,ISIC_0029146,mel,HAM_0002079
0,0.39463508129119873,1,ham10000,ISIC_0029619,nv,HAM_0002080
0,0.683704137802124,1,ham10000,ISIC_0029120,nv,HAM_0002081
0,0.37112703919410706,1,ham10000,ISIC_0031325,nv,HAM_0002082
1,0.5893048048019409,1,ham10000,ISIC_0024432,bcc,HAM_0002083
0,0.7173981666564941,1,ham10000,ISIC_0027311,nv,HAM_0002084
0,0.22592154145240784,0,ham10000,ISIC_0031336,nv,HAM_0002085
1,0.759300947189331,1,ham10000,ISIC_0033814,mel,HAM_0002086
0,0.667654275894165,1,ham10000,ISIC_0027949,nv,HAM_0002087
0,0.44180619716644287,1,ham10000,ISIC_0024377,nv,HAM_0002088
0,0.5087640285491943,1,ham10000,ISIC_0025614,nv,HAM_0002089
0,0.19167447090148926,0,ham10000,ISIC_0032299,nv,HAM_0002090
0,0.23462238907814026,0,ham10000,ISIC_0025857,nv,HAM_0002091
0,0.811404287815094,1,ham10000,ISIC_0025510,bkl,HAM_0002092
0,0.2676679193973541,0,ham10000,ISIC_0027032,nv,HAM_0002093
1,0.1516306847333908,0,ham10000,ISIC_0030549,akiec,HAM_0002094
0,0.6678639650344849,1,ham10000,ISIC_0026244,nv,HAM_0002095
0,0.6865190267562866,1,ham10000,ISIC_0028209,bkl,HAM_0002096
0,0.540812075138092,1,ham10000,ISIC_0025687,nv,HAM_0002097
0,0.44523555040359497,1,ham10000,ISIC_0030218,nv,HAM_0002098
1,0.6850332617759705,1,ham10000,ISIC_0026847,mel,HAM_0002099
0,0.47236770391464233,1,ham10000,ISIC_0031440,nv,HAM_0002100
0,0.27508115768432617,0,ham10000,ISIC_0029398,nv,HAM_0002101
0,0.3943093419075012,1,ham10000,ISIC_0024474,nv,HAM_0002102
0,0.48623207211494446,1,ham10000,ISIC_0026034,nv,HAM_0002103
0,0.4809059500694275,1,ham10000,ISIC_0026410,nv,HAM_0002104
0,0.49562302231788635,1,ham10000,ISIC_0027854,nv,HAM_0002105
0,0.3623223900794983,1,ham10000,ISIC_0025156,nv,HAM_0002106
0,0.5192091464996338,1,ham10000,ISIC_0028857,nv,HAM_0002107
0,0.3519521653652191,1,ham10000,ISIC_0025457,nv,HAM_0002108
1,0.468788743019104,1,ham10000,ISIC_0028897,mel,HAM_0002109
0,0.6407562494277954,1,ham10000,ISIC_0026782,nv,HAM_0002110
0,0.057712242007255554,0,ham10000,ISIC_0031534,nv,HAM_0002111
0,0.5269089341163635,1,ham10000,ISIC_0030820,nv,HAM_0002112
1,0.3790826201438904,1,ham10000,ISIC_0029839,mel,HAM_0002113
0,0.7296319603919983,1,ham10000,ISIC_0026504,nv,HAM_0002114
1,0.9598096609115601,1,ham10000,ISIC_0032408,mel,HAM_0002115
0,0.44145411252975464,1,ham10000,ISIC_0029407,nv,HAM_0002116
0,0.4657641649246216,1,ham10000,ISIC_0032324,nv,HAM_0002117
0,0.35168391466140747,1,ham10000,ISIC_0028249,nv,HAM_0002118
1,0.9212690591812134,1,ham10000,ISIC_0032248,mel,HAM_0002119
0,0.43556106090545654,1,ham10000,ISIC_0028010,nv,HAM_0002120
0,0.5799230933189392,1,ham10000,ISIC_0032486,bkl,HAM_0002121
0,0.20713819563388824,0,ham10000,ISIC_0029408,nv,HAM_0002122
0,0.35442954301834106,1,ham10000,ISIC_0030412,nv,HAM_0002123
0,0.3594348430633545,1,ham10000,ISIC_0025175,nv,HAM_0002124
0,0.2003237009048462,0,ham10000,ISIC_0025502,nv,HAM_0002125
0,0.5184739232063293,1,ham10000,ISIC_0028563,nv,HAM_0002126
0,0.6254228353500366,1,ham10000,ISIC_0029837,bkl,HAM_0002127
0,0.594183623790741,1,ham10000,ISIC_0029867,nv,HAM_0002128
0,0.2796759307384491,0,ham10000,ISIC_0025903,df,HAM_0002129
1,0.3341018855571747,1,ham10000,ISIC_0029570,mel,HAM_0002130
1,0.3084869682788849,1,ham10000,ISIC_0030901,mel,HAM_0002131
0,0.4351169168949127,1,ham10000,ISIC_0027647,nv,HAM_0002132
0,0.2681697607040405,0,ham10000,ISIC_0027885,nv,HAM_0002133
1,0.9237322807312012,1,ham10000,ISIC_0024431,bcc,HAM_0002134
0,0.4857366681098938,1,ham10000,ISIC_0032974,nv,HAM_0002135
0,0.6270158886909485,1,ham10000,ISIC_0032914,nv,HAM_0002136
0,0.3650561571121216,1,ham10000,ISIC_0030217,nv,HAM_0002137
0,0.38884279131889343,1,ham10000,ISIC_0027834,nv,HAM_0002138
0,0.5129647850990295,1,ham10000,ISIC_0032786,nv,HAM_0002139
0,0.445879727602005,1,ham10000,ISIC_0032472,nv,HAM_0002140
0,0.301776260137558,1,ham10000,ISIC_0029338,nv,HAM_0002141
0,0.704622745513916,1,ham10000,ISIC_0025960,nv,HAM_0002142
1,0.6988877058029175,1,ham10000,ISIC_0025451,mel,HAM_0002143
0,0.6814171671867371,1,ham10000,ISIC_0031682,nv,HAM_0002144
0,0.3512885570526123,1,ham10000,ISIC_0028469,nv,HAM_0002145
0,0.3957131803035736,1,ham10000,ISIC_0025686,nv,HAM_0002146
0,0.5055692791938782,1,ham10000,ISIC_0029537,nv,HAM_0002147
0,0.5493371486663818,1,ham10000,ISIC_0031214,nv,HAM_0002148
1,0.8441469073295593,1,ham10000,ISIC_0033042,mel,HAM_0002149
0,0.7215304374694824,1,ham10000,ISIC_0027364,nv,HAM_0002150
0,0.5071612596511841,1,ham10000,ISIC_0029870,nv,HAM_0002151
0,0.3567751944065094,1,ham10000,ISIC_0030234,nv,HAM_0002152
0,0.5189939141273499,1,ham10000,ISIC_0029297,df,HAM_0002153
0,0.561314582824707,1,ham10000,ISIC_0027379,nv,HAM_0002154
0,0.48023462295532227,1,ham10000,ISIC_0027696,nv,HAM_0002155
0,0.42248454689979553,1,ham10000,ISIC_0024802,nv,HAM_0002156
0,0.38451963663101196,1,ham10000,ISIC_0030763,nv,HAM_0002157
1,0.5517410039901733,1,ham10000,ISIC_0025411,akiec,HAM_0002158
0,0.5329288244247437,1,ham10000,ISIC_0030355,nv,HAM_0002159
0,0.5032260417938232,1,ham10000,ISIC_0028712,nv,HAM_0002160
0,0.49829328060150146,1,ham10000,ISIC_0025392,bkl,HAM_0002161
0,0.31981655955314636,1,ham10000,ISIC_0030708,nv,HAM_0002162
0,0.3104495704174042,1,ham10000,ISIC_0030250,nv,HAM_0002163
0,0.233010932803154,0,ham10000,ISIC_0032852,nv,HAM_0002164
0,0.3201214671134949,1,ham10000,ISIC_0031172,nv,HAM_0002165
0,0.43001776933670044,1,ham10000,ISIC_0028077,nv,HAM_0002166
1,0.7145137786865234,1,ham10000,ISIC_0026952,bcc,HAM_0002167
0,0.13950973749160767,0,ham10000,ISIC_0028002,nv,HAM_0002168
0,0.5316588282585144,1,ham10000,ISIC_0031593,bkl,HAM_0002169
0,0.34675195813179016,1,ham10000,ISIC_0033075,nv,HAM_0002170
0,0.35754159092903137,1,ham10000,ISIC_0028529,nv,HAM_0002171
0,0.16906572878360748,0,ham10000,ISIC_0024416,nv,HAM_0002172
0,0.41844019293785095,1,ham10000,ISIC_0030157,nv,HAM_0002173
0,0.29574233293533325,0,ham10000,ISIC_0025138,nv,HAM_0002174
0,0.20342335104942322,0,ham10000,ISIC_0028369,nv,HAM_0002175
0,0.5474027395248413,1,ham10000,ISIC_0026341,nv,HAM_0002176
0,0.38964197039604187,1,ham10000,ISIC_0025612,vasc,HAM_0002177
0,0.38423290848731995,1,ham10000,ISIC_0024401,nv,HAM_0002178
0,0.5831800103187561,1,ham10000,ISIC_0028654,nv,HAM_0002179
0,0.49173402786254883,1,ham10000,ISIC_0027479,nv,HAM_0002180
0,0.39893749356269836,1,ham10000,ISIC_0030972,nv,HAM_0002181
1,0.9239811897277832,1,ham10000,ISIC_0030539,mel,HAM_0002182
0,0.29376909136772156,0,ham10000,ISIC_0031912,nv,HAM_0002183
0,0.6056944131851196,1,ham10000,ISIC_0032325,bkl,HAM_0002184
1,0.6479136347770691,1,ham10000,ISIC_0030794,akiec,HAM_0002185
1,0.8342396020889282,1,ham10000,ISIC_0028463,mel,HAM_0002186
0,0.7843356728553772,1,ham10000,ISIC_0028981,nv,HAM_0002187
0,0.49451807141304016,1,ham10000,ISIC_0032196,nv,HAM_0002188
0,0.556573748588562,1,ham10000,ISIC_0030940,nv,HAM_0002189
0,0.4639691114425659,1,ham10000,ISIC_0026046,bkl,HAM_0002190
0,0.3726966977119446,1,ham10000,ISIC_0028278,nv,HAM_0002191
0,0.5649001002311707,1,ham10000,ISIC_0027388,bkl,HAM_0002192
0,0.5587428212165833,1,ham10000,ISIC_0027392,bkl,HAM_0002193
1,0.7977496981620789,1,ham10000,ISIC_0025814,mel,HAM_0002194
0,0.5862035751342773,1,ham10000,ISIC_0031576,nv,HAM_0002195
1,0.7815450429916382,1,ham10000,ISIC_0024930,mel,HAM_0002196
1,0.5925800204277039,1,ham10000,ISIC_0028709,mel,HAM_0002197
0,0.4756678342819214,1,ham10000,ISIC_0024314,nv,HAM_0002198
0,0.3176269233226776,1,ham10000,ISIC_0029522,bkl,HAM_0002199
0,0.33659783005714417,1,ham10000,ISIC_0025951,nv,HAM_0002200
0,0.3890950381755829,1,ham10000,ISIC_0024514,nv,HAM_0002201
0,0.5448755621910095,1,ham10000,ISIC_0027315,nv,HAM_0002202
0,0.35047101974487305,1,ham10000,ISIC_0031391,nv,HAM_0002203
0,0.5118045806884766,1,ham10000,ISIC_0026217,nv,HAM_0002205
0,0.23302234709262848,0,ham10000,ISIC_0033727,nv,HAM_0002206
0,0.6357077956199646,1,ham10000,ISIC_0025588,nv,HAM_0002207
0,0.4425562620162964,1,ham10000,ISIC_0033818,nv,HAM_0002208
0,0.6428524255752563,1,ham10000,ISIC_0031226,bkl,HAM_0002209
0,0.37382423877716064,1,ham10000,ISIC_0031627,nv,HAM_0002210
0,0.46766719222068787,1,ham10000,ISIC_0026862,nv,HAM_0002211
0,0.4710971415042877,1,ham10000,ISIC_0029988,nv,HAM_0002212
0,0.6050378084182739,1,ham10000,ISIC_0030222,nv,HAM_0002213
0,0.3934100270271301,1,ham10000,ISIC_0027465,nv,HAM_0002214
0,0.48998546600341797,1,ham10000,ISIC_0028539,nv,HAM_0002215
0,0.6692370176315308,1,ham10000,ISIC_0026305,nv,HAM_0002216
0,0.41684213280677795,1,ham10000,ISIC_0024906,nv,HAM_0002217
0,0.6608525514602661,1,ham10000,ISIC_0025578,vasc,HAM_0002218
0,0.5046645998954773,1,ham10000,ISIC_0031679,nv,HAM_0002219
0,0.41616904735565186,1,ham10000,ISIC_0024942,nv,HAM_0002220
0,0.24952377378940582,0,ham10000,ISIC_0026255,nv,HAM_0002221
0,0.3612223267555237,1,ham10000,ISIC_0025021,nv,HAM_0002222
0,0.4353901445865631,1,ham10000,ISIC_0026176,nv,HAM_0002223
1,0.853471577167511,1,ham10000,ISIC_0029278,bcc,HAM_0002224
0,0.6117063164710999,1,ham10000,ISIC_0032066,nv,HAM_0002225
0,0.6372728943824768,1,ham10000,ISIC_0025407,nv,HAM_0002226
0,0.24038562178611755,0,ham10000,ISIC_0024786,bkl,HAM_0002227
0,0.6588844060897827,1,ham10000,ISIC_0032035,nv,HAM_0002228
0,0.4043845534324646,1,ham10000,ISIC_0025423,nv,HAM_0002229
0,0.5157676339149475,1,ham10000,ISIC_0026243,nv,HAM_0002230
0,0.7488138675689697,1,ham10000,ISIC_0028235,nv,HAM_0002231
1,0.7315222024917603,1,ham10000,ISIC_0025825,akiec,HAM_0002232
0,0.44266781210899353,1,ham10000,ISIC_0025774,nv,HAM_0002233
0,0.6755563020706177,1,ham10000,ISIC_0032412,nv,HAM_0002234
1,0.6513727903366089,1,ham10000,ISIC_0032569,mel,HAM_0002235
0,0.35404250025749207,1,ham10000,ISIC_0027894,nv,HAM_0002236
0,0.6504815816879272,1,ham10000,ISIC_0028053,nv,HAM_0002237
0,0.7162202596664429,1,ham10000,ISIC_0026374,nv,HAM_0002238
0,0.5296615362167358,1,ham10000,ISIC_0028021,nv,HAM_0002239
1,0.7272481918334961,1,ham10000,ISIC_0024332,bcc,HAM_0002240
0,0.4458715319633484,1,ham10000,ISIC_0026459,nv,HAM_0002241
0,0.3887607753276825,1,ham10000,ISIC_0026511,bkl,HAM_0002242
1,0.8682806491851807,1,ham10000,ISIC_0032777,bcc,HAM_0002243
0,0.8581996560096741,1,ham10000,ISIC_0032549,nv,HAM_0002244
0,0.4729795455932617,1,ham10000,ISIC_0028248,nv,HAM_0002245
0,0.47140347957611084,1,ham10000,ISIC_0030702,nv,HAM_0002246
0,0.4587516486644745,1,ham10000,ISIC_0029205,nv,HAM_0002247
0,0.4635050892829895,1,ham10000,ISIC_0029011,nv,HAM_0002248
0,0.7485619187355042,1,ham10000,ISIC_0029520,nv,HAM_0002249
0,0.20341870188713074,0,ham10000,ISIC_0029426,nv,HAM_0002250
0,0.2744726836681366,0,ham10000,ISIC_0024438,nv,HAM_0002251
0,0.23087909817695618,0,ham10000,ISIC_0031227,nv,HAM_0002252
0,0.4276244640350342,1,ham10000,ISIC_0032548,nv,HAM_0002253
0,0.4392344653606415,1,ham10000,ISIC_0028027,nv,HAM_0002254
0,0.12273219227790833,0,ham10000,ISIC_0030726,nv,HAM_0002255
0,0.7608681321144104,1,ham10000,ISIC_0026214,nv,HAM_0002256
0,0.4174812138080597,1,ham10000,ISIC_0033448,nv,HAM_0002257
1,0.5668544173240662,1,ham10000,ISIC_0029220,bcc,HAM_0002258
0,0.5075958371162415,1,ham10000,ISIC_0028333,nv,HAM_0002259
0,0.4493335485458374,1,ham10000,ISIC_0028699,nv,HAM_0002260
1,0.7998659610748291,1,ham10000,ISIC_0025808,akiec,HAM_0002261
0,0.6154831051826477,1,ham10000,ISIC_0027307,nv,HAM_0002262
0,0.3729696273803711,1,ham10000,ISIC_0030252,nv,HAM_0002263
0,0.4387701749801636,1,ham10000,ISIC_0024838,nv,HAM_0002264
0,0.6333885192871094,1,ham10000,ISIC_0030791,nv,HAM_0002265
0,0.6281910538673401,1,ham10000,ISIC_0027136,nv,HAM_0002266
0,0.22682811319828033,0,ham10000,ISIC_0026937,nv,HAM_0002267
0,0.5059306621551514,1,ham10000,ISIC_0026070,bkl,HAM_0002268
1,0.4784735143184662,1,ham10000,ISIC_0024443,bcc,HAM_0002269
0,0.3048364520072937,1,ham10000,ISIC_0031607,nv,HAM_0002270
0,0.5649560689926147,1,ham10000,ISIC_0026048,nv,HAM_0002271
0,0.5879620909690857,1,ham10000,ISIC_0025371,nv,HAM_0002272
0,0.53265780210495,1,ham10000,ISIC_0026772,nv,HAM_0002273
0,0.26202312111854553,0,ham10000,ISIC_0026381,nv,HAM_0002274
0,0.44446009397506714,1,ham10000,ISIC_0031774,nv,HAM_0002275
0,0.43254998326301575,1,ham10000,ISIC_0025366,bkl,HAM_0002276
0,0.22878475487232208,0,ham10000,ISIC_0025080,nv,HAM_0002277
0,0.5275176763534546,1,ham10000,ISIC_0026353,nv,HAM_0002278
0,0.1405855417251587,0,ham10000,ISIC_0031427,nv,HAM_0002279
0,0.2655351758003235,0,ham10000,ISIC_0027275,bkl,HAM_0002280
0,0.460721492767334,1,ham10000,ISIC_0031193,nv,HAM_0002281
0,0.18678882718086243,0,ham10000,ISIC_0034045,nv,HAM_0002282
0,0.4646717607975006,1,ham10000,ISIC_0028869,nv,HAM_0002283
0,0.5800976753234863,1,ham10000,ISIC_0026449,nv,HAM_0002284
0,0.43196606636047363,1,ham10000,ISIC_0026309,nv,HAM_0002285
0,0.13999028503894806,0,ham10000,ISIC_0029876,nv,HAM_0002286
0,0.6161749958992004,1,ham10000,ISIC_0026891,nv,HAM_0002287
0,0.6352555751800537,1,ham10000,ISIC_0027803,nv,HAM_0002288
0,0.4000913202762604,1,ham10000,ISIC_0032266,nv,HAM_0002289
0,0.5831517577171326,1,ham10000,ISIC_0027941,nv,HAM_0002290
0,0.16395950317382812,0,ham10000,ISIC_0024836,nv,HAM_0002291
0,0.5045293569564819,1,ham10000,ISIC_0031183,nv,HAM_0002292
0,0.6788729429244995,1,ham10000,ISIC_0027351,nv,HAM_0002293
0,0.6604312062263489,1,ham10000,ISIC_0025221,nv,HAM_0002294
0,0.3023357391357422,1,ham10000,ISIC_0025488,nv,HAM_0002295
0,0.32849445939064026,1,ham10000,ISIC_0026834,nv,HAM_0002296
0,0.6080881953239441,1,ham10000,ISIC_0026095,nv,HAM_0002297
0,0.19841136038303375,0,ham10000,ISIC_0031483,nv,HAM_0002298
0,0.5812808275222778,1,ham10000,ISIC_0025819,bkl,HAM_0002299
0,0.46508294343948364,1,ham10000,ISIC_0024366,nv,HAM_0002300
0,0.40476128458976746,1,ham10000,ISIC_0028555,bkl,HAM_0002301
0,0.520573079586029,1,ham10000,ISIC_0029633,nv,HAM_0002302
0,0.3504655659198761,1,ham10000,ISIC_0031037,bkl,HAM_0002303
0,0.19394198060035706,0,ham10000,ISIC_0024648,nv,HAM_0002304
0,0.4052310585975647,1,ham10000,ISIC_0029693,nv,HAM_0002305
0,0.841370165348053,1,ham10000,ISIC_0027606,bkl,HAM_0002306
1,0.20948292315006256,0,ham10000,ISIC_0026549,akiec,HAM_0002307
0,0.49679863452911377,1,ham10000,ISIC_0027193,nv,HAM_0002308
0,0.3298402428627014,1,ham10000,ISIC_0031910,nv,HAM_0002309
0,0.48101216554641724,1,ham10000,ISIC_0025848,nv,HAM_0002310
0,0.3178532123565674,1,ham10000,ISIC_0028514,nv,HAM_0002311
1,0.4686049520969391,1,ham10000,ISIC_0025650,bcc,HAM_0002312
1,0.6763547658920288,1,ham10000,ISIC_0024461,bcc,HAM_0002313
0,0.7514092326164246,1,ham10000,ISIC_0027662,nv,HAM_0002314
0,0.2849920392036438,0,ham10000,ISIC_0028312,nv,HAM_0002315
0,0.5495296120643616,1,ham10000,ISIC_0029217,bkl,HAM_0002316
0,0.26310062408447266,0,ham10000,ISIC_0027268,nv,HAM_0002317
0,0.6059660911560059,1,ham10000,ISIC_0026797,nv,HAM_0002318
0,0.386069655418396,1,ham10000,ISIC_0026600,nv,HAM_0002319
0,0.40898221731185913,1,ham10000,ISIC_0025163,nv,HAM_0002320
0,0.2821557819843292,0,ham10000,ISIC_0029015,nv,HAM_0002321
0,0.3484453856945038,1,ham10000,ISIC_0027912,nv,HAM_0002322
0,0.9277028441429138,1,ham10000,ISIC_0029976,nv,HAM_0002323
0,0.4010315537452698,1,ham10000,ISIC_0025381,nv,HAM_0002324
0,0.6871916651725769,1,ham10000,ISIC_0033021,nv,HAM_0002325
0,0.3415943682193756,1,ham10000,ISIC_0027346,nv,HAM_0002326
0,0.8255459666252136,1,ham10000,ISIC_0032883,bkl,HAM_0002327
0,0.2497858703136444,0,ham10000,ISIC_0026896,nv,HAM_0002328
0,0.5507667064666748,1,ham10000,ISIC_0032911,nv,HAM_0002329
0,0.3817947208881378,1,ham10000,ISIC_0027430,nv,HAM_0002330
0,0.31063371896743774,1,ham10000,ISIC_0028068,nv,HAM_0002331
0,0.5522962808609009,1,ham10000,ISIC_0025670,nv,HAM_0002332
0,0.683997392654419,1,ham10000,ISIC_0031405,nv,HAM_0002333
1,0.8928975462913513,1,ham10000,ISIC_0027786,bcc,HAM_0002334
0,0.7102482318878174,1,ham10000,ISIC_0030465,bkl,HAM_0002335
0,0.26393043994903564,0,ham10000,ISIC_0031446,nv,HAM_0002336
0,0.47185447812080383,1,ham10000,ISIC_0029949,nv,HAM_0002337
1,0.3005852997303009,1,ham10000,ISIC_0028103,mel,HAM_0002338
0,0.16026389598846436,0,ham10000,ISIC_0026597,nv,HAM_0002339
0,0.3226061165332794,1,ham10000,ISIC_0029047,nv,HAM_0002340
0,0.5075051784515381,1,ham10000,ISIC_0029117,nv,HAM_0002341
1,0.8244072198867798,1,ham10000,ISIC_0032917,mel,HAM_0002342
1,0.49330005049705505,1,ham10000,ISIC_0028158,akiec,HAM_0002343
0,0.2823970317840576,0,ham10000,ISIC_0026778,nv,HAM_0002344
0,0.37014806270599365,1,ham10000,ISIC_0031982,nv,HAM_0002345
1,0.7461481094360352,1,ham10000,ISIC_0026343,bcc,HAM_0002346
0,0.4466835558414459,1,ham10000,ISIC_0030022,nv,HAM_0002347
0,0.7743261456489563,1,ham10000,ISIC_0025240,nv,HAM_0002348
0,0.8913236856460571,1,ham10000,ISIC_0025008,nv,HAM_0002349
0,0.4492659866809845,1,ham10000,ISIC_0026015,bkl,HAM_0002350
0,0.3225889503955841,1,ham10000,ISIC_0028788,nv,HAM_0002351
0,0.38411614298820496,1,ham10000,ISIC_0032319,nv,HAM_0002352
0,0.4364267885684967,1,ham10000,ISIC_0028705,nv,HAM_0002353
0,0.6044600009918213,1,ham10000,ISIC_0025559,nv,HAM_0002354
0,0.6543141007423401,1,ham10000,ISIC_0029202,bkl,HAM_0002355
0,0.18666958808898926,0,ham10000,ISIC_0030889,nv,HAM_0002356
0,0.20228008925914764,0,ham10000,ISIC_0030137,bkl,HAM_0002357
0,0.36947089433670044,1,ham10000,ISIC_0027973,bkl,HAM_0002358
0,0.5439727306365967,1,ham10000,ISIC_0024863,nv,HAM_0002359
0,0.496462881565094,1,ham10000,ISIC_0028024,nv,HAM_0002360
0,0.3867054581642151,1,ham10000,ISIC_0026285,nv,HAM_0002361
0,0.40500015020370483,1,ham10000,ISIC_0025307,nv,HAM_0002362
0,0.6673436760902405,1,ham10000,ISIC_0032924,nv,HAM_0002363
0,0.6017250418663025,1,ham10000,ISIC_0024712,nv,HAM_0002364
0,0.767984926700592,1,ham10000,ISIC_0029880,bkl,HAM_0002366
0,0.3507728576660156,1,ham10000,ISIC_0033150,nv,HAM_0002367
0,0.3711123764514923,1,ham10000,ISIC_0024841,nv,HAM_0002368
0,0.3595016300678253,1,ham10000,ISIC_0027016,nv,HAM_0002369
0,0.03882518783211708,0,ham10000,ISIC_0028945,nv,HAM_0002370
0,0.1798679530620575,0,ham10000,ISIC_0032271,bkl,HAM_0002371
0,0.5776682496070862,1,ham10000,ISIC_0033124,bkl,HAM_0002372
0,0.4988115131855011,1,ham10000,ISIC_0030703,nv,HAM_0002373
0,0.3355114161968231,1,ham10000,ISIC_0024780,nv,HAM_0002374
1,0.7576157450675964,1,ham10000,ISIC_0024940,mel,HAM_0002375
1,0.9425605535507202,1,ham10000,ISIC_0033856,mel,HAM_0002377
0,0.23594708740711212,0,ham10000,ISIC_0026087,nv,HAM_0002378
0,0.299826055765152,1,ham10000,ISIC_0026082,nv,HAM_0002379
0,0.29561877250671387,0,ham10000,ISIC_0029807,nv,HAM_0002380
0,0.3616945147514343,1,ham10000,ISIC_0030680,nv,HAM_0002381
0,0.4906775653362274,1,ham10000,ISIC_0025916,nv,HAM_0002382
0,0.20565886795520782,0,ham10000,ISIC_0032488,nv,HAM_0002383
0,0.44175195693969727,1,ham10000,ISIC_0026195,nv,HAM_0002384
0,0.29411977529525757,0,ham10000,ISIC_0024549,nv,HAM_0002385
0,0.41811057925224304,1,ham10000,ISIC_0033640,nv,HAM_0002386
0,0.44332247972488403,1,ham10000,ISIC_0030292,nv,HAM_0002387
0,0.3399350345134735,1,ham10000,ISIC_0025200,nv,HAM_0002388
0,0.5070227384567261,1,ham10000,ISIC_0026701,nv,HAM_0002389
0,0.10399986803531647,0,ham10000,ISIC_0029439,vasc,HAM_0002390
1,0.6311936974525452,1,ham10000,ISIC_0027260,mel,HAM_0002391
0,0.3802100718021393,1,ham10000,ISIC_0028233,bkl,HAM_0002392
0,0.5920517444610596,1,ham10000,ISIC_0026879,nv,HAM_0002393
0,0.21467432379722595,0,ham10000,ISIC_0029550,nv,HAM_0002394
0,0.28228670358657837,0,ham10000,ISIC_0029750,nv,HAM_0002395
0,0.4394497871398926,1,ham10000,ISIC_0026025,nv,HAM_0002396
1,0.7628649473190308,1,ham10000,ISIC_0029192,bcc,HAM_0002397
0,0.36099007725715637,1,ham10000,ISIC_0028208,nv,HAM_0002398
0,0.5438911318778992,1,ham10000,ISIC_0030330,nv,HAM_0002399
0,0.32111474871635437,1,ham10000,ISIC_0024772,bkl,HAM_0002400
0,0.539886474609375,1,ham10000,ISIC_0028204,nv,HAM_0002401
0,0.1980891078710556,0,ham10000,ISIC_0033515,nv,HAM_0002402
0,0.5209245681762695,1,ham10000,ISIC_0028612,nv,HAM_0002403
0,0.7991675138473511,1,ham10000,ISIC_0031776,nv,HAM_0002404
0,0.43579304218292236,1,ham10000,ISIC_0030380,nv,HAM_0002405
0,0.5262458920478821,1,ham10000,ISIC_0030568,nv,HAM_0002406
0,0.18432635068893433,0,ham10000,ISIC_0028731,nv,HAM_0002407
0,0.795555055141449,1,ham10000,ISIC_0031359,nv,HAM_0002408
0,0.6581978797912598,1,ham10000,ISIC_0028368,nv,HAM_0002409
0,0.7423494458198547,1,ham10000,ISIC_0026639,nv,HAM_0002410
0,0.15879599750041962,0,ham10000,ISIC_0025946,nv,HAM_0002411
0,0.2777198255062103,0,ham10000,ISIC_0026287,nv,HAM_0002412
0,0.5674511790275574,1,ham10000,ISIC_0032543,nv,HAM_0002413
0,0.2339581847190857,0,ham10000,ISIC_0027661,nv,HAM_0002414
0,0.10016869008541107,0,ham10000,ISIC_0026121,nv,HAM_0002415
0,0.5973216891288757,1,ham10000,ISIC_0026816,nv,HAM_0002416
0,0.744820237159729,1,ham10000,ISIC_0032943,nv,HAM_0002417
0,0.49717268347740173,1,ham10000,ISIC_0030711,nv,HAM_0002418
0,0.5481413006782532,1,ham10000,ISIC_0032359,bkl,HAM_0002419
0,0.22036319971084595,0,ham10000,ISIC_0028796,nv,HAM_0002420
1,0.7116594910621643,1,ham10000,ISIC_0028556,bcc,HAM_0002421
0,0.30999091267585754,1,ham10000,ISIC_0031566,nv,HAM_0002422
0,0.1545315980911255,0,ham10000,ISIC_0025088,nv,HAM_0002423
0,0.6383387446403503,1,ham10000,ISIC_0028104,bkl,HAM_0002424
0,0.6349957585334778,1,ham10000,ISIC_0032682,nv,HAM_0002425
0,0.44110754132270813,1,ham10000,ISIC_0024348,nv,HAM_0002426
1,0.19362086057662964,0,ham10000,ISIC_0027629,bcc,HAM_0002427
0,0.13230763375759125,0,ham10000,ISIC_0026510,nv,HAM_0002428
0,0.3192491829395294,1,ham10000,ISIC_0028139,nv,HAM_0002429
1,0.8468577861785889,1,ham10000,ISIC_0027673,mel,HAM_0002430
0,0.28938743472099304,0,ham10000,ISIC_0032657,nv,HAM_0002431
0,0.8663827180862427,1,ham10000,ISIC_0029775,nv,HAM_0002432
0,0.5639458298683167,1,ham10000,ISIC_0032011,nv,HAM_0002433
0,0.37503576278686523,1,ham10000,ISIC_0033253,nv,HAM_0002434
0,0.35603585839271545,1,ham10000,ISIC_0028366,nv,HAM_0002435
1,0.40196123719215393,1,ham10000,ISIC_0025127,mel,HAM_0002436
0,0.3658682107925415,1,ham10000,ISIC_0031899,nv,HAM_0002437
0,0.3191780149936676,1,ham10000,ISIC_0026527,nv,HAM_0002438
0,0.23423966765403748,0,ham10000,ISIC_0031083,nv,HAM_0002439
0,0.4460872411727905,1,ham10000,ISIC_0029723,nv,HAM_0002440
1,0.625281810760498,1,ham10000,ISIC_0030491,akiec,HAM_0002441
0,0.566475510597229,1,ham10000,ISIC_0026325,nv,HAM_0002442
0,0.29730361700057983,0,ham10000,ISIC_0029685,nv,HAM_0002443
0,0.4372081458568573,1,ham10000,ISIC_0029852,nv,HAM_0002444
0,0.4258958399295807,1,ham10000,ISIC_0030879,nv,HAM_0002445
0,0.10863213241100311,0,ham10000,ISIC_0028521,nv,HAM_0002446
0,0.6291067600250244,1,ham10000,ISIC_0033281,nv,HAM_0002448
0,0.24012207984924316,0,ham10000,ISIC_0024391,nv,HAM_0002449
0,0.7798070907592773,1,ham10000,ISIC_0024318,df,HAM_0002450
0,0.35036808252334595,1,ham10000,ISIC_0028150,nv,HAM_0002451
0,0.14836376905441284,0,ham10000,ISIC_0024491,nv,HAM_0002452
0,0.12564846873283386,0,ham10000,ISIC_0029921,nv,HAM_0002453
0,0.13442495465278625,0,ham10000,ISIC_0024628,nv,HAM_0002454
0,0.49433639645576477,1,ham10000,ISIC_0032099,bkl,HAM_0002455
0,0.3512755036354065,1,ham10000,ISIC_0031223,bkl,HAM_0002456
0,0.14627349376678467,0,ham10000,ISIC_0027457,nv,HAM_0002457
0,0.465629518032074,1,ham10000,ISIC_0026155,nv,HAM_0002458
0,0.3071865439414978,1,ham10000,ISIC_0029305,nv,HAM_0002459
0,0.07780872285366058,0,ham10000,ISIC_0032336,nv,HAM_0002460
1,0.6221588253974915,1,ham10000,ISIC_0025953,akiec,HAM_0002461
0,0.8857923746109009,1,ham10000,ISIC_0024498,bkl,HAM_0002462
0,0.5106033086776733,1,ham10000,ISIC_0029052,df,HAM_0002463
0,0.48322269320487976,1,ham10000,ISIC_0030566,nv,HAM_0002464
0,0.5684220194816589,1,ham10000,ISIC_0026565,nv,HAM_0002465
0,0.2805516719818115,0,ham10000,ISIC_0030128,nv,HAM_0002466
1,0.9645741581916809,1,ham10000,ISIC_0030893,bcc,HAM_0002467
0,0.5613787174224854,1,ham10000,ISIC_0028018,nv,HAM_0002468
0,0.11488514393568039,0,ham10000,ISIC_0029419,nv,HAM_0002469
0,0.6455681324005127,1,ham10000,ISIC_0026611,nv,HAM_0002470
1,0.8557774424552917,1,ham10000,ISIC_0027060,mel,HAM_0002471
1,0.5849809050559998,1,ham10000,ISIC_0025696,akiec,HAM_0002472
0,0.39127063751220703,1,ham10000,ISIC_0025922,nv,HAM_0002473
0,0.3986835479736328,1,ham10000,ISIC_0030658,nv,HAM_0002474
0,0.24880601465702057,0,ham10000,ISIC_0026685,nv,HAM_0002475
0,0.7860763072967529,1,ham10000,ISIC_0027837,nv,HAM_0002476
1,0.7178125977516174,1,ham10000,ISIC_0025145,mel,HAM_0002477
0,0.07368995249271393,0,ham10000,ISIC_0031787,nv,HAM_0002478
0,0.5422438383102417,1,ham10000,ISIC_0029768,nv,HAM_0002479
0,0.6586613059043884,1,ham10000,ISIC_0028589,nv,HAM_0002480
0,0.6074414849281311,1,ham10000,ISIC_0024684,nv,HAM_0002481
0,0.23323099315166473,0,ham10000,ISIC_0032064,nv,HAM_0002482
0,0.3813285231590271,1,ham10000,ISIC_0032446,nv,HAM_0002483
0,0.32407861948013306,1,ham10000,ISIC_0029194,nv,HAM_0002484
0,0.3789483308792114,1,ham10000,ISIC_0028351,nv,HAM_0002485
0,0.21708117425441742,0,ham10000,ISIC_0028947,nv,HAM_0002486
0,0.3905923068523407,1,ham10000,ISIC_0032503,nv,HAM_0002487
1,0.4822792410850525,1,ham10000,ISIC_0032645,mel,HAM_0002488
0,0.6114693880081177,1,ham10000,ISIC_0030874,nv,HAM_0002489
0,0.6821974515914917,1,ham10000,ISIC_0027889,nv,HAM_0002490
1,0.8347399234771729,1,ham10000,ISIC_0026770,mel,HAM_0002491
0,0.5296760201454163,1,ham10000,ISIC_0028875,nv,HAM_0002492
1,0.13474079966545105,0,ham10000,ISIC_0024323,mel,HAM_0002493
0,0.798218846321106,1,ham10000,ISIC_0033686,nv,HAM_0002494
0,0.43359753489494324,1,ham10000,ISIC_0031330,nv,HAM_0002495
0,0.44180434942245483,1,ham10000,ISIC_0030861,nv,HAM_0002496
0,0.6604022979736328,1,ham10000,ISIC_0025443,nv,HAM_0002497
0,0.8318187594413757,1,ham10000,ISIC_0032839,vasc,HAM_0002498
0,0.12368635088205338,0,ham10000,ISIC_0024600,nv,HAM_0002499
0,0.4745512306690216,1,ham10000,ISIC_0028169,nv,HAM_0002500
0,0.7634419798851013,1,ham10000,ISIC_0032928,nv,HAM_0002501
0,0.48099619150161743,1,ham10000,ISIC_0032973,nv,HAM_0002502
0,0.5836920738220215,1,ham10000,ISIC_0029676,bkl,HAM_0002503
0,0.3909379541873932,1,ham10000,ISIC_0025455,nv,HAM_0002504
0,0.7211528420448303,1,ham10000,ISIC_0031402,nv,HAM_0002505
1,0.7480436563491821,1,ham10000,ISIC_0029337,bcc,HAM_0002506
0,0.42454618215560913,1,ham10000,ISIC_0030428,nv,HAM_0002508
1,0.8261269330978394,1,ham10000,ISIC_0024732,mel,HAM_0002509
0,0.13341741263866425,0,ham10000,ISIC_0031124,nv,HAM_0002510
0,0.49096912145614624,1,ham10000,ISIC_0025148,nv,HAM_0002511
0,0.4031844735145569,1,ham10000,ISIC_0025768,nv,HAM_0002512
0,0.27499616146087646,0,ham10000,ISIC_0027088,nv,HAM_0002513
0,0.6348298788070679,1,ham10000,ISIC_0026768,nv,HAM_0002514
0,0.350908100605011,1,ham10000,ISIC_0028744,nv,HAM_0002515
0,0.46445977687835693,1,ham10000,ISIC_0028315,nv,HAM_0002516
0,0.28461769223213196,0,ham10000,ISIC_0031838,nv,HAM_0002517
0,0.257997065782547,0,ham10000,ISIC_0032028,nv,HAM_0002518
0,0.5866768956184387,1,ham10000,ISIC_0032986,nv,HAM_0002519
0,0.2976125180721283,1,ham10000,ISIC_0032177,nv,HAM_0002520
0,0.8703144192695618,1,ham10000,ISIC_0027828,bkl,HAM_0002521
0,0.4750080406665802,1,ham10000,ISIC_0028382,nv,HAM_0002522
1,0.7305410504341125,1,ham10000,ISIC_0024516,mel,HAM_0002523
0,0.33007997274398804,1,ham10000,ISIC_0026184,nv,HAM_0002524
1,0.2373460829257965,0,ham10000,ISIC_0025188,mel,HAM_0002525
1,0.9457417130470276,1,ham10000,ISIC_0032799,bcc,HAM_0002526
0,0.6996021866798401,1,ham10000,ISIC_0026717,bkl,HAM_0002527
0,0.6652061343193054,1,ham10000,ISIC_0025821,nv,HAM_0002528
0,0.479973703622818,1,ham10000,ISIC_0026298,bkl,HAM_0002529
0,0.512443482875824,1,ham10000,ISIC_0028239,nv,HAM_0002530
0,0.6523106098175049,1,ham10000,ISIC_0027467,nv,HAM_0002531
0,0.4477166533470154,1,ham10000,ISIC_0026615,nv,HAM_0002532
0,0.7270249724388123,1,ham10000,ISIC_0027755,nv,HAM_0002533
1,0.5268808603286743,1,ham10000,ISIC_0024898,mel,HAM_0002534
0,0.4664011001586914,1,ham10000,ISIC_0027754,bkl,HAM_0002535
0,0.8469550013542175,1,ham10000,ISIC_0032124,bkl,HAM_0002536
0,0.6440243721008301,1,ham10000,ISIC_0028689,nv,HAM_0002537
0,0.4307399094104767,1,ham10000,ISIC_0030770,vasc,HAM_0002538
0,0.4062918424606323,1,ham10000,ISIC_0027422,nv,HAM_0002539
0,0.48286038637161255,1,ham10000,ISIC_0030471,nv,HAM_0002540
0,0.40652069449424744,1,ham10000,ISIC_0028098,nv,HAM_0002541
0,0.5038145780563354,1,ham10000,ISIC_0025817,nv,HAM_0002542
0,0.46556222438812256,1,ham10000,ISIC_0025645,nv,HAM_0002543
0,0.5539124011993408,1,ham10000,ISIC_0029711,nv,HAM_0002544
0,0.33716824650764465,1,ham10000,ISIC_0029149,nv,HAM_0002545
0,0.9349831342697144,1,ham10000,ISIC_0030579,df,HAM_0002546
0,0.505551815032959,1,ham10000,ISIC_0024394,nv,HAM_0002547
0,0.31737151741981506,1,ham10000,ISIC_0027470,bkl,HAM_0002548
0,0.3209599256515503,1,ham10000,ISIC_0030043,nv,HAM_0002549
0,0.34724026918411255,1,ham10000,ISIC_0027682,nv,HAM_0002550
1,0.9005322456359863,1,ham10000,ISIC_0024539,akiec,HAM_0002551
1,0.7383154630661011,1,ham10000,ISIC_0032936,mel,HAM_0002552
0,0.6748418807983398,1,ham10000,ISIC_0032931,nv,HAM_0002553
0,0.6075170040130615,1,ham10000,ISIC_0028585,nv,HAM_0002554
0,0.39864400029182434,1,ham10000,ISIC_0032398,nv,HAM_0002555
0,0.6870312094688416,1,ham10000,ISIC_0025436,nv,HAM_0002556
1,0.8828309178352356,1,ham10000,ISIC_0025927,mel,HAM_0002557
1,0.7344265580177307,1,ham10000,ISIC_0034047,bcc,HAM_0002559
0,0.5991498827934265,1,ham10000,ISIC_0025325,nv,HAM_0002561
0,0.7189180254936218,1,ham10000,ISIC_0025024,nv,HAM_0002562
0,0.2675175964832306,0,ham10000,ISIC_0024607,nv,HAM_0002563
0,0.3998640179634094,1,ham10000,ISIC_0029626,nv,HAM_0002564
1,0.8402607440948486,1,ham10000,ISIC_0032660,bcc,HAM_0002565
0,0.27985596656799316,0,ham10000,ISIC_0024437,nv,HAM_0002566
0,0.4053291976451874,1,ham10000,ISIC_0031048,nv,HAM_0002567
0,0.5031586289405823,1,ham10000,ISIC_0030037,nv,HAM_0002568
0,0.2715147137641907,0,ham10000,ISIC_0034018,nv,HAM_0002569
0,0.16567997634410858,0,ham10000,ISIC_0029952,nv,HAM_0002570
0,0.47236472368240356,1,ham10000,ISIC_0025881,nv,HAM_0002571
0,0.5902991890907288,1,ham10000,ISIC_0025422,nv,HAM_0002572
0,0.8215376734733582,1,ham10000,ISIC_0030018,nv,HAM_0002573
0,0.38815388083457947,1,ham10000,ISIC_0032666,nv,HAM_0002574
0,0.4001459777355194,1,ham10000,ISIC_0026781,nv,HAM_0002575
1,0.06356607377529144,0,ham10000,ISIC_0025414,mel,HAM_0002576
1,0.2863869369029999,0,ham10000,ISIC_0025417,bcc,HAM_0002577
0,0.45047613978385925,1,ham10000,ISIC_0027656,nv,HAM_0002578
0,0.15004710853099823,0,ham10000,ISIC_0031683,nv,HAM_0002579
0,0.4078586995601654,1,ham10000,ISIC_0031252,nv,HAM_0002580
0,0.4923478662967682,1,ham10000,ISIC_0026544,nv,HAM_0002581
0,0.7452806830406189,1,ham10000,ISIC_0032813,nv,HAM_0002582
0,0.31370851397514343,1,ham10000,ISIC_0026572,nv,HAM_0002583
0,0.5209453105926514,1,ham10000,ISIC_0030315,nv,HAM_0002584
0,0.5418339967727661,1,ham10000,ISIC_0027026,bkl,HAM_0002585
0,0.24084842205047607,0,ham10000,ISIC_0025186,nv,HAM_0002586
0,0.3363974392414093,1,ham10000,ISIC_0030485,nv,HAM_0002587
0,0.18738605082035065,0,ham10000,ISIC_0031452,nv,HAM_0002588
0,0.4497707784175873,1,ham10000,ISIC_0026318,nv,HAM_0002589
0,0.27043139934539795,0,ham10000,ISIC_0025010,nv,HAM_0002590
1,0.4640350639820099,1,ham10000,ISIC_0028930,mel,HAM_0002591
0,0.577914834022522,1,ham10000,ISIC_0029311,bkl,HAM_0002592
0,0.16074182093143463,0,ham10000,ISIC_0029935,nv,HAM_0002593
0,0.5227766633033752,1,ham10000,ISIC_0031047,nv,HAM_0002594
0,0.7574805617332458,1,ham10000,ISIC_0032933,nv,HAM_0002595
0,0.6467239260673523,1,ham10000,ISIC_0032848,nv,HAM_0002596
0,0.7975967526435852,1,ham10000,ISIC_0033045,nv,HAM_0002597
0,0.5317332148551941,1,ham10000,ISIC_0033873,nv,HAM_0002598
0,0.8966415524482727,1,ham10000,ISIC_0033143,nv,HAM_0002599
0,0.8527534604072571,1,ham10000,ISIC_0032588,nv,HAM_0002600
0,0.8622022271156311,1,ham10000,ISIC_0032510,nv,HAM_0002601
0,0.7528033256530762,1,ham10000,ISIC_0032798,nv,HAM_0002602
0,0.5315608382225037,1,ham10000,ISIC_0033697,nv,HAM_0002603
0,0.5891621708869934,1,ham10000,ISIC_0033656,nv,HAM_0002604
0,0.657683253288269,1,ham10000,ISIC_0034164,nv,HAM_0002605
0,0.6547121405601501,1,ham10000,ISIC_0033228,nv,HAM_0002606
0,0.7689485549926758,1,ham10000,ISIC_0032744,nv,HAM_0002607
0,0.21816471219062805,0,ham10000,ISIC_0026484,nv,HAM_0002608
1,0.41330260038375854,1,ham10000,ISIC_0029318,mel,HAM_0002609
0,0.502955973148346,1,ham10000,ISIC_0026876,vasc,HAM_0002610
1,0.3261433243751526,1,ham10000,ISIC_0026192,bcc,HAM_0002611
0,0.26349422335624695,0,ham10000,ISIC_0031180,nv,HAM_0002612
1,0.3202347457408905,1,ham10000,ISIC_0024958,mel,HAM_0002613
0,0.46435996890068054,1,ham10000,ISIC_0027637,nv,HAM_0002614
1,0.7458807826042175,1,ham10000,ISIC_0033413,akiec,HAM_0002615
0,0.5925979018211365,1,ham10000,ISIC_0032555,nv,HAM_0002616
1,0.7665166258811951,1,ham10000,ISIC_0033393,mel,HAM_0002617
0,0.2408847212791443,0,ham10000,ISIC_0027705,nv,HAM_0002618
0,0.2616090476512909,0,ham10000,ISIC_0025435,nv,HAM_0002619
0,0.35017135739326477,1,ham10000,ISIC_0032490,nv,HAM_0002620
0,0.17651517689228058,0,ham10000,ISIC_0028047,nv,HAM_0002621
1,0.9748433828353882,1,ham10000,ISIC_0030187,mel,HAM_0002622
0,0.47867342829704285,1,ham10000,ISIC_0025384,nv,HAM_0002623
0,0.4934581518173218,1,ham10000,ISIC_0028282,nv,HAM_0002624
0,0.7567417621612549,1,ham10000,ISIC_0026822,nv,HAM_0002626
0,0.32666218280792236,1,ham10000,ISIC_0027014,nv,HAM_0002627
0,0.6849709749221802,1,ham10000,ISIC_0030652,nv,HAM_0002628
0,0.35953933000564575,1,ham10000,ISIC_0024551,nv,HAM_0002629
0,0.37148451805114746,1,ham10000,ISIC_0026257,nv,HAM_0002630
0,0.39836522936820984,1,ham10000,ISIC_0028048,nv,HAM_0002631
0,0.18098902702331543,0,ham10000,ISIC_0029943,nv,HAM_0002632
0,0.23146599531173706,0,ham10000,ISIC_0031525,nv,HAM_0002633
0,0.2898411154747009,0,ham10000,ISIC_0028392,nv,HAM_0002634
0,0.4014172852039337,1,ham10000,ISIC_0029364,nv,HAM_0002635
0,0.27811339497566223,0,ham10000,ISIC_0031782,nv,HAM_0002636
0,0.33310359716415405,1,ham10000,ISIC_0029376,nv,HAM_0002637
0,0.7015783190727234,1,ham10000,ISIC_0028096,nv,HAM_0002638
0,0.6331430673599243,1,ham10000,ISIC_0025249,vasc,HAM_0002639
0,0.5279417037963867,1,ham10000,ISIC_0030337,nv,HAM_0002640
0,0.609673023223877,1,ham10000,ISIC_0032676,nv,HAM_0002641
0,0.2951712906360626,0,ham10000,ISIC_0031467,nv,HAM_0002642
0,0.3115500211715698,1,ham10000,ISIC_0030017,nv,HAM_0002643
1,0.9030802845954895,1,ham10000,ISIC_0029417,akiec,HAM_0002644
0,0.7629377245903015,1,ham10000,ISIC_0024587,nv,HAM_0002645
1,0.5651330351829529,1,ham10000,ISIC_0028558,akiec,HAM_0002646
0,0.4170583486557007,1,ham10000,ISIC_0030534,nv,HAM_0002647
1,0.1994260549545288,0,ham10000,ISIC_0027650,akiec,HAM_0002648
0,0.4830208718776703,1,ham10000,ISIC_0026235,nv,HAM_0002649
0,0.26773977279663086,0,ham10000,ISIC_0029742,vasc,HAM_0002650
0,0.1436833292245865,0,ham10000,ISIC_0028682,nv,HAM_0002651
0,0.6547686457633972,1,ham10000,ISIC_0024934,nv,HAM_0002652
0,0.5785928964614868,1,ham10000,ISIC_0026817,nv,HAM_0002653
0,0.6351048350334167,1,ham10000,ISIC_0025698,nv,HAM_0002654
0,0.5595955848693848,1,ham10000,ISIC_0027116,nv,HAM_0002656
0,0.5013064742088318,1,ham10000,ISIC_0031046,nv,HAM_0002657
0,0.4338768422603607,1,ham10000,ISIC_0025907,nv,HAM_0002658
0,0.42821016907691956,1,ham10000,ISIC_0026448,nv,HAM_0002659
0,0.7900989651679993,1,ham10000,ISIC_0033750,bkl,HAM_0002660
0,0.6221287250518799,1,ham10000,ISIC_0025665,nv,HAM_0002661
0,0.5967954397201538,1,ham10000,ISIC_0031572,nv,HAM_0002662
0,0.06481924653053284,0,ham10000,ISIC_0030720,nv,HAM_0002663
1,0.8147887587547302,1,ham10000,ISIC_0033054,bcc,HAM_0002664
0,0.4077508747577667,1,ham10000,ISIC_0032208,nv,HAM_0002665
1,0.6359526515007019,1,ham10000,ISIC_0024564,bcc,HAM_0002666
0,0.18525084853172302,0,ham10000,ISIC_0024388,nv,HAM_0002667
0,0.514146625995636,1,ham10000,ISIC_0026784,nv,HAM_0002668
0,0.35711169242858887,1,ham10000,ISIC_0031994,nv,HAM_0002669
0,0.6170118451118469,1,ham10000,ISIC_0027734,nv,HAM_0002670
1,0.7807095050811768,1,ham10000,ISIC_0033068,mel,HAM_0002671
1,0.6473352313041687,1,ham10000,ISIC_0025948,akiec,HAM_0002672
0,0.30190509557724,1,ham10000,ISIC_0027686,nv,HAM_0002673
0,0.4307686686515808,1,ham10000,ISIC_0029646,nv,HAM_0002674
0,0.4196597933769226,1,ham10000,ISIC_0024969,nv,HAM_0002675
0,0.26893243193626404,0,ham10000,ISIC_0024610,nv,HAM_0002676
0,0.7657183408737183,1,ham10000,ISIC_0031024,bkl,HAM_0002677
0,0.19909001886844635,0,ham10000,ISIC_0030739,nv,HAM_0002678
0,0.32930442690849304,1,ham10000,ISIC_0029590,nv,HAM_0002679
0,0.21356721222400665,0,ham10000,ISIC_0031315,nv,HAM_0002680
0,0.6095770001411438,1,ham10000,ISIC_0029381,nv,HAM_0002681
0,0.15014207363128662,0,ham10000,ISIC_0024478,nv,HAM_0002682
0,0.721632182598114,1,ham10000,ISIC_0031677,bkl,HAM_0002683
0,0.6267592310905457,1,ham10000,ISIC_0027874,nv,HAM_0002684
0,0.469014048576355,1,ham10000,ISIC_0030593,nv,HAM_0002685
0,0.4468977153301239,1,ham10000,ISIC_0031716,bkl,HAM_0002686
0,0.17974548041820526,0,ham10000,ISIC_0032037,nv,HAM_0002687
0,0.3824167549610138,1,ham10000,ISIC_0025348,nv,HAM_0002688
1,0.7330299019813538,1,ham10000,ISIC_0026687,bcc,HAM_0002689
0,0.51540607213974,1,ham10000,ISIC_0028828,nv,HAM_0002690
0,0.715115487575531,1,ham10000,ISIC_0031345,bkl,HAM_0002691
0,0.3876732289791107,1,ham10000,ISIC_0029404,vasc,HAM_0002692
1,0.6439257860183716,1,ham10000,ISIC_0031550,mel,HAM_0002693
0,0.5822872519493103,1,ham10000,ISIC_0030100,nv,HAM_0002694
0,0.49832358956336975,1,ham10000,ISIC_0028664,nv,HAM_0002695
1,0.3113206923007965,1,ham10000,ISIC_0026207,mel,HAM_0002696
0,0.3405187726020813,1,ham10000,ISIC_0028055,nv,HAM_0002697
0,0.7092532515525818,1,ham10000,ISIC_0031247,nv,HAM_0002698
1,0.7074583768844604,1,ham10000,ISIC_0029827,akiec,HAM_0002699
0,0.3877902328968048,1,ham10000,ISIC_0025011,nv,HAM_0002700
0,0.6659467816352844,1,ham10000,ISIC_0024328,nv,HAM_0002701
0,0.4475400745868683,1,ham10000,ISIC_0028196,nv,HAM_0002702
0,0.6713961958885193,1,ham10000,ISIC_0025402,nv,HAM_0002703
0,0.6636724472045898,1,ham10000,ISIC_0031638,nv,HAM_0002704
1,0.25253304839134216,0,ham10000,ISIC_0025089,akiec,HAM_0002705
0,0.19911623001098633,0,ham10000,ISIC_0025954,df,HAM_0002706
0,0.5129609107971191,1,ham10000,ISIC_0030628,nv,HAM_0002707
0,0.5728822946548462,1,ham10000,ISIC_0024752,nv,HAM_0002708
0,0.5497583150863647,1,ham10000,ISIC_0025773,nv,HAM_0002709
0,0.24456508457660675,0,ham10000,ISIC_0025241,nv,HAM_0002710
1,0.7703190445899963,1,ham10000,ISIC_0027669,mel,HAM_0002711
0,0.48333290219306946,1,ham10000,ISIC_0034238,nv,HAM_0002712
0,0.5078847408294678,1,ham10000,ISIC_0026695,nv,HAM_0002713
1,0.6054763197898865,1,ham10000,ISIC_0026113,mel,HAM_0002714
0,0.14216364920139313,0,ham10000,ISIC_0024714,nv,HAM_0002715
0,0.31793922185897827,1,ham10000,ISIC_0030779,nv,HAM_0002716
1,0.6070486307144165,1,ham10000,ISIC_0031284,bcc,HAM_0002717
0,0.6781189441680908,1,ham10000,ISIC_0024316,nv,HAM_0002718
1,0.62591952085495,1,ham10000,ISIC_0029033,mel,HAM_0002719
1,0.8162875175476074,1,ham10000,ISIC_0025277,mel,HAM_0002720
0,0.4648129642009735,1,ham10000,ISIC_0032585,nv,HAM_0002721
0,0.5778185725212097,1,ham10000,ISIC_0027991,bkl,HAM_0002722
1,0.9157496094703674,1,ham10000,ISIC_0034050,mel,HAM_0002723
0,0.6487438678741455,1,ham10000,ISIC_0032580,nv,HAM_0002724
0,0.17192186415195465,0,ham10000,ISIC_0025523,nv,HAM_0002725
0,0.4698319435119629,1,ham10000,ISIC_0025473,nv,HAM_0002726
0,0.6257627010345459,1,ham10000,ISIC_0025459,nv,HAM_0002727
0,0.22653213143348694,0,ham10000,ISIC_0026570,nv,HAM_0002728
0,0.5165027379989624,1,ham10000,ISIC_0026346,nv,HAM_0002729
0,0.8265461921691895,1,ham10000,ISIC_0025661,bkl,HAM_0002730
0,0.6087163090705872,1,ham10000,ISIC_0028236,bkl,HAM_0002731
1,0.7328542470932007,1,ham10000,ISIC_0033017,mel,HAM_0002732
1,0.5605578422546387,1,ham10000,ISIC_0031041,bcc,HAM_0002733
1,0.43479540944099426,1,ham10000,ISIC_0028190,akiec,HAM_0002734
0,0.38821592926979065,1,ham10000,ISIC_0029992,nv,HAM_0002735
1,0.48016801476478577,1,ham10000,ISIC_0030594,bcc,HAM_0002736
0,0.5450449585914612,1,ham10000,ISIC_0029795,nv,HAM_0002737
0,0.41628068685531616,1,ham10000,ISIC_0029438,nv,HAM_0002738
0,0.4242601692676544,1,ham10000,ISIC_0032452,nv,HAM_0002739
0,0.5747930407524109,1,ham10000,ISIC_0027246,nv,HAM_0002740
0,0.7211793065071106,1,ham10000,ISIC_0027939,nv,HAM_0002741
0,0.8074378967285156,1,ham10000,ISIC_0025654,bkl,HAM_0002742
0,0.3843977749347687,1,ham10000,ISIC_0030439,nv,HAM_0002743
1,0.34586241841316223,1,ham10000,ISIC_0031236,bcc,HAM_0002744
1,0.34563425183296204,1,ham10000,ISIC_0024562,akiec,HAM_0002745
0,0.5620448589324951,1,ham10000,ISIC_0031399,nv,HAM_0002746
0,0.4434322416782379,1,ham10000,ISIC_0025242,nv,HAM_0002747
0,0.4964049458503723,1,ham10000,ISIC_0028289,nv,HAM_0002748
0,0.3271588683128357,1,ham10000,ISIC_0025066,bkl,HAM_0002749
0,0.4407302737236023,1,ham10000,ISIC_0033003,nv,HAM_0002750
0,0.6041977405548096,1,ham10000,ISIC_0026073,nv,HAM_0002751
1,0.6131813526153564,1,ham10000,ISIC_0025748,mel,HAM_0002752
0,0.676859974861145,1,ham10000,ISIC_0026641,nv,HAM_0002753
0,0.2689139246940613,0,ham10000,ISIC_0025892,nv,HAM_0002754
0,0.6534064412117004,1,ham10000,ISIC_0032523,nv,HAM_0002755
0,0.422049880027771,1,ham10000,ISIC_0027157,nv,HAM_0002756
0,0.5344139933586121,1,ham10000,ISIC_0024909,bkl,HAM_0002757
0,0.3375820815563202,1,ham10000,ISIC_0027575,nv,HAM_0002758
0,0.7839392423629761,1,ham10000,ISIC_0033062,nv,HAM_0002759
0,0.32472559809684753,1,ham10000,ISIC_0031815,nv,HAM_0002760
0,0.6150797605514526,1,ham10000,ISIC_0029068,bkl,HAM_0002761
0,0.5451269745826721,1,ham10000,ISIC_0029458,nv,HAM_0002762
0,0.3574407398700714,1,ham10000,ISIC_0026884,nv,HAM_0002763
1,0.7062373161315918,1,ham10000,ISIC_0030366,mel,HAM_0002764
0,0.2760612666606903,0,ham10000,ISIC_0024860,nv,HAM_0002765
0,0.5629022717475891,1,ham10000,ISIC_0030532,nv,HAM_0002766
0,0.28275737166404724,0,ham10000,ISIC_0031914,nv,HAM_0002767
0,0.30535224080085754,1,ham10000,ISIC_0026657,nv,HAM_0002768
0,0.6930825710296631,1,ham10000,ISIC_0032481,bkl,HAM_0002769
1,0.18850433826446533,0,ham10000,ISIC_0025265,mel,HAM_0002770
1,0.5832949876785278,1,ham10000,ISIC_0029059,akiec,HAM_0002771
1,0.4819593131542206,1,ham10000,ISIC_0026897,mel,HAM_0002772
0,0.370876669883728,1,ham10000,ISIC_0028690,nv,HAM_0002773
0,0.7288255095481873,1,ham10000,ISIC_0029683,bkl,HAM_0002774
0,0.5432595610618591,1,ham10000,ISIC_0024407,nv,HAM_0002775
0,0.35147202014923096,1,ham10000,ISIC_0026143,nv,HAM_0002776
0,0.5545369982719421,1,ham10000,ISIC_0030228,nv,HAM_0002777
0,0.3808259963989258,1,ham10000,ISIC_0026540,nv,HAM_0002778
0,0.4468415379524231,1,ham10000,ISIC_0026515,nv,HAM_0002779
0,0.3963402807712555,1,ham10000,ISIC_0028732,nv,HAM_0002780
0,0.3785640597343445,1,ham10000,ISIC_0029379,nv,HAM_0002781
0,0.5002931356430054,1,ham10000,ISIC_0030536,nv,HAM_0002782
0,0.42019128799438477,1,ham10000,ISIC_0029507,nv,HAM_0002783
0,0.5502265095710754,1,ham10000,ISIC_0027712,nv,HAM_0002784
0,0.31013286113739014,1,ham10000,ISIC_0029258,nv,HAM_0002786
0,0.13364969193935394,0,ham10000,ISIC_0025425,vasc,HAM_0002787
0,0.7407610416412354,1,ham10000,ISIC_0027563,vasc,HAM_0002788
0,0.40566834807395935,1,ham10000,ISIC_0030578,nv,HAM_0002789
0,0.2731415629386902,0,ham10000,ISIC_0026721,nv,HAM_0002790
1,0.5942957997322083,1,ham10000,ISIC_0029847,bcc,HAM_0002791
0,0.5373244881629944,1,ham10000,ISIC_0033169,bkl,HAM_0002792
0,0.6161845326423645,1,ham10000,ISIC_0029953,nv,HAM_0002793
0,0.5148664712905884,1,ham10000,ISIC_0031596,nv,HAM_0002794
0,0.059968385845422745,0,ham10000,ISIC_0025278,nv,HAM_0002795
0,0.6106095314025879,1,ham10000,ISIC_0025261,nv,HAM_0002796
0,0.2597988247871399,0,ham10000,ISIC_0026883,nv,HAM_0002797
0,0.40340641140937805,1,ham10000,ISIC_0025323,nv,HAM_0002798
0,0.47222623229026794,1,ham10000,ISIC_0027975,nv,HAM_0002799
1,0.5603495240211487,1,ham10000,ISIC_0026239,mel,HAM_0002800
0,0.3950943946838379,1,ham10000,ISIC_0025889,nv,HAM_0002801
0,0.4064726233482361,1,ham10000,ISIC_0029717,nv,HAM_0002802
0,0.2599615752696991,0,ham10000,ISIC_0028110,nv,HAM_0002803
0,0.4479716122150421,1,ham10000,ISIC_0031722,nv,HAM_0002805
0,0.3247513771057129,1,ham10000,ISIC_0029175,nv,HAM_0002806
0,0.2701494097709656,0,ham10000,ISIC_0025050,nv,HAM_0002807
0,0.3331230878829956,1,ham10000,ISIC_0031503,nv,HAM_0002808
0,0.4023469090461731,1,ham10000,ISIC_0024338,bkl,HAM_0002809
0,0.7313588261604309,1,ham10000,ISIC_0030542,bkl,HAM_0002810
0,0.2852887213230133,0,ham10000,ISIC_0030632,nv,HAM_0002811
1,0.32227227091789246,1,ham10000,ISIC_0027788,bcc,HAM_0002812
0,0.37027573585510254,1,ham10000,ISIC_0030751,nv,HAM_0002813
0,0.6093488931655884,1,ham10000,ISIC_0028140,nv,HAM_0002814
0,0.49137601256370544,1,ham10000,ISIC_0025298,nv,HAM_0002815
0,0.32882049679756165,1,ham10000,ISIC_0028405,nv,HAM_0002816
1,0.6388448476791382,1,ham10000,ISIC_0029495,mel,HAM_0002817
1,0.40849077701568604,1,ham10000,ISIC_0028570,bcc,HAM_0002818
0,0.2789112627506256,0,ham10000,ISIC_0024467,nv,HAM_0002819
0,0.5033027529716492,1,ham10000,ISIC_0028422,nv,HAM_0002820
0,0.4881400167942047,1,ham10000,ISIC_0028479,bkl,HAM_0002821
0,0.5183256268501282,1,ham10000,ISIC_0026863,nv,HAM_0002822
0,0.49124571681022644,1,ham10000,ISIC_0031354,nv,HAM_0002823
1,0.8301368951797485,1,ham10000,ISIC_0025987,mel,HAM_0002824
0,0.48598581552505493,1,ham10000,ISIC_0031296,nv,HAM_0002825
0,0.37546828389167786,1,ham10000,ISIC_0028334,nv,HAM_0002826
0,0.6540369391441345,1,ham10000,ISIC_0025777,bkl,HAM_0002827
0,0.2947520911693573,0,ham10000,ISIC_0030164,nv,HAM_0002828
0,0.3841613233089447,1,ham10000,ISIC_0029134,nv,HAM_0002829
0,0.6015732288360596,1,ham10000,ISIC_0025796,nv,HAM_0002830
0,0.32043296098709106,1,ham10000,ISIC_0026977,nv,HAM_0002831
0,0.12927700579166412,0,ham10000,ISIC_0029091,nv,HAM_0002832
0,0.2699393332004547,0,ham10000,ISIC_0026889,nv,HAM_0002833
1,0.7398759126663208,1,ham10000,ISIC_0026500,mel,HAM_0002834
0,0.3581463396549225,1,ham10000,ISIC_0028510,nv,HAM_0002835
0,0.4925745725631714,1,ham10000,ISIC_0030289,nv,HAM_0002836
0,0.3419412076473236,1,ham10000,ISIC_0025859,nv,HAM_0002837
1,0.6353673934936523,1,ham10000,ISIC_0030818,mel,HAM_0002838
0,0.6100723147392273,1,ham10000,ISIC_0025982,bkl,HAM_0002839
0,0.5191377401351929,1,ham10000,ISIC_0027424,nv,HAM_0002840
1,0.28220951557159424,0,ham10000,ISIC_0032653,mel,HAM_0002841
0,0.4851743280887604,1,ham10000,ISIC_0029616,nv,HAM_0002842
0,0.2640112340450287,0,ham10000,ISIC_0031855,nv,HAM_0002843
0,0.6582841873168945,1,ham10000,ISIC_0029329,bkl,HAM_0002844
0,0.46641504764556885,1,ham10000,ISIC_0031319,nv,HAM_0002845
0,0.2647041082382202,0,ham10000,ISIC_0028616,nv,HAM_0002846
0,0.33701446652412415,1,ham10000,ISIC_0024353,nv,HAM_0002847
0,0.34059837460517883,1,ham10000,ISIC_0027598,df,HAM_0002848
0,0.5916827917098999,1,ham10000,ISIC_0032229,nv,HAM_0002849
0,0.6711387634277344,1,ham10000,ISIC_0024638,nv,HAM_0002850
0,0.24535666406154633,0,ham10000,ISIC_0026915,nv,HAM_0002851
0,0.5833556652069092,1,ham10000,ISIC_0031530,nv,HAM_0002852
0,0.5712529420852661,1,ham10000,ISIC_0027429,nv,HAM_0002853
0,0.26999813318252563,0,ham10000,ISIC_0031673,nv,HAM_0002854
0,0.10240163654088974,0,ham10000,ISIC_0026116,nv,HAM_0002855
0,0.3917188048362732,1,ham10000,ISIC_0028154,nv,HAM_0002856
0,0.28475430607795715,0,ham10000,ISIC_0024528,nv,HAM_0002857
0,0.4198036193847656,1,ham10000,ISIC_0029990,nv,HAM_0002858
0,0.44394540786743164,1,ham10000,ISIC_0025119,nv,HAM_0002859
0,0.6952188014984131,1,ham10000,ISIC_0030027,nv,HAM_0002860
0,0.1418887823820114,0,ham10000,ISIC_0031462,nv,HAM_0002861
0,0.6541122794151306,1,ham10000,ISIC_0024769,nv,HAM_0002863
0,0.4269101321697235,1,ham10000,ISIC_0025176,nv,HAM_0002864
0,0.6625974178314209,1,ham10000,ISIC_0031708,nv,HAM_0002865
0,0.6358308792114258,1,ham10000,ISIC_0029411,nv,HAM_0002866
1,0.6595738530158997,1,ham10000,ISIC_0033084,akiec,HAM_0002867
0,0.39700478315353394,1,ham10000,ISIC_0031998,nv,HAM_0002868
1,0.5460585355758667,1,ham10000,ISIC_0024313,mel,HAM_0002869
0,0.45245110988616943,1,ham10000,ISIC_0027267,nv,HAM_0002870
0,0.2063346952199936,0,ham10000,ISIC_0027044,df,HAM_0002871
0,0.45360133051872253,1,ham10000,ISIC_0026164,nv,HAM_0002872
0,0.5364741683006287,1,ham10000,ISIC_0026412,nv,HAM_0002873
0,0.5300341248512268,1,ham10000,ISIC_0033707,nv,HAM_0002874
0,0.3242461681365967,1,ham10000,ISIC_0032050,nv,HAM_0002875
0,0.5709612369537354,1,ham10000,ISIC_0033082,nv,HAM_0002876
0,0.4176800847053528,1,ham10000,ISIC_0030435,nv,HAM_0002877
0,0.9007097482681274,1,ham10000,ISIC_0032640,nv,HAM_0002878
0,0.5907243490219116,1,ham10000,ISIC_0025693,bkl,HAM_0002879
0,0.1771821677684784,0,ham10000,ISIC_0029691,nv,HAM_0002880
0,0.47517186403274536,1,ham10000,ISIC_0026328,nv,HAM_0002881
1,0.7089598178863525,1,ham10000,ISIC_0026014,akiec,HAM_0002882
0,0.08036044985055923,0,ham10000,ISIC_0030071,nv,HAM_0002883
0,0.28706663846969604,0,ham10000,ISIC_0028251,nv,HAM_0002884
0,0.5484046936035156,1,ham10000,ISIC_0026386,nv,HAM_0002885
0,0.2548535466194153,0,ham10000,ISIC_0032089,nv,HAM_0002887
0,0.3343266546726227,1,ham10000,ISIC_0025571,nv,HAM_0002888
0,0.663768470287323,1,ham10000,ISIC_0030774,nv,HAM_0002889
0,0.6213883757591248,1,ham10000,ISIC_0032704,nv,HAM_0002890
0,0.3149327337741852,1,ham10000,ISIC_0028906,nv,HAM_0002891
0,0.048480480909347534,0,ham10000,ISIC_0032469,nv,HAM_0002892
0,0.3135307729244232,1,ham10000,ISIC_0025037,nv,HAM_0002893
0,0.7470529675483704,1,ham10000,ISIC_0033056,bkl,HAM_0002894
0,0.6719444990158081,1,ham10000,ISIC_0029578,df,HAM_0002895
0,0.4954478442668915,1,ham10000,ISIC_0030235,nv,HAM_0002896
1,0.5005733966827393,1,ham10000,ISIC_0030552,mel,HAM_0002897
0,0.530718207359314,1,ham10000,ISIC_0033179,nv,HAM_0002898
0,0.6613538265228271,1,ham10000,ISIC_0026601,nv,HAM_0002899
0,0.518734872341156,1,ham10000,ISIC_0024985,nv,HAM_0002900
0,0.3230886161327362,1,ham10000,ISIC_0028722,nv,HAM_0002901
0,0.6114166975021362,1,ham10000,ISIC_0026443,bkl,HAM_0002902
0,0.43082335591316223,1,ham10000,ISIC_0024774,bkl,HAM_0002903
0,0.5302813649177551,1,ham10000,ISIC_0027213,nv,HAM_0002904
0,0.30000680685043335,1,ham10000,ISIC_0029026,nv,HAM_0002905
1,0.7847856283187866,1,ham10000,ISIC_0026604,mel,HAM_0002906
0,0.698289155960083,1,ham10000,ISIC_0029730,nv,HAM_0002907
0,0.5751944780349731,1,ham10000,ISIC_0032650,nv,HAM_0002908
0,0.4359196722507477,1,ham10000,ISIC_0032642,df,HAM_0002909
0,0.4672926664352417,1,ham10000,ISIC_0031010,nv,HAM_0002910
1,0.5947631001472473,1,ham10000,ISIC_0029272,mel,HAM_0002911
0,0.4197956919670105,1,ham10000,ISIC_0028958,bkl,HAM_0002912
0,0.5498692989349365,1,ham10000,ISIC_0025070,nv,HAM_0002913
0,0.674347996711731,1,ham10000,ISIC_0024904,vasc,HAM_0002914
0,0.6079280972480774,1,ham10000,ISIC_0034009,nv,HAM_0002915
0,0.6362747550010681,1,ham10000,ISIC_0030581,nv,HAM_0002916
0,0.3483227491378784,1,ham10000,ISIC_0032506,nv,HAM_0002917
0,0.4831600785255432,1,ham10000,ISIC_0031704,nv,HAM_0002918
0,0.8696261644363403,1,ham10000,ISIC_0028518,nv,HAM_0002919
0,0.27635475993156433,0,ham10000,ISIC_0031205,nv,HAM_0002920
0,0.5347433090209961,1,ham10000,ISIC_0029308,bkl,HAM_0002921
0,0.40233758091926575,1,ham10000,ISIC_0027625,nv,HAM_0002922
0,0.6147546768188477,1,ham10000,ISIC_0032992,nv,HAM_0002923
0,0.5620288848876953,1,ham10000,ISIC_0030682,nv,HAM_0002924
0,0.6322861909866333,1,ham10000,ISIC_0025338,nv,HAM_0002925
0,0.5046563744544983,1,ham10000,ISIC_0030831,nv,HAM_0002926
0,0.39527755975723267,1,ham10000,ISIC_0028012,nv,HAM_0002927
0,0.7314363121986389,1,ham10000,ISIC_0032665,bkl,HAM_0002928
0,0.6363308429718018,1,ham10000,ISIC_0032068,nv,HAM_0002929
0,0.41274136304855347,1,ham10000,ISIC_0026994,nv,HAM_0002930
0,0.6708568334579468,1,ham10000,ISIC_0028427,nv,HAM_0002931
0,0.17247521877288818,0,ham10000,ISIC_0027841,nv,HAM_0002932
0,0.7903456091880798,1,ham10000,ISIC_0024494,bkl,HAM_0002933
1,0.5300386548042297,1,ham10000,ISIC_0025031,bcc,HAM_0002934
0,0.27306315302848816,0,ham10000,ISIC_0024670,nv,HAM_0002935
0,0.526722252368927,1,ham10000,ISIC_0024380,nv,HAM_0002936
0,0.27005675435066223,0,ham10000,ISIC_0029478,nv,HAM_0002937
0,0.5556434392929077,1,ham10000,ISIC_0025580,nv,HAM_0002938
1,0.7438476085662842,1,ham10000,ISIC_0032888,mel,HAM_0002939
0,0.5546627640724182,1,ham10000,ISIC_0024791,nv,HAM_0002940
0,0.21403153240680695,0,ham10000,ISIC_0031028,nv,HAM_0002941
0,0.5186246037483215,1,ham10000,ISIC_0027911,nv,HAM_0002942
0,0.41279056668281555,1,ham10000,ISIC_0026054,nv,HAM_0002943
0,0.3299761116504669,1,ham10000,ISIC_0028135,nv,HAM_0002944
0,0.26924723386764526,0,ham10000,ISIC_0029077,nv,HAM_0002945
0,0.5508066415786743,1,ham10000,ISIC_0031663,nv,HAM_0002946
0,0.37924903631210327,1,ham10000,ISIC_0031589,nv,HAM_0002947
0,0.40543216466903687,1,ham10000,ISIC_0030927,nv,HAM_0002948
0,0.6758629083633423,1,ham10000,ISIC_0030761,nv,HAM_0002949
0,0.479127436876297,1,ham10000,ISIC_0028176,nv,HAM_0002950
0,0.35474899411201477,1,ham10000,ISIC_0024341,nv,HAM_0002951
1,0.8392590880393982,1,ham10000,ISIC_0033518,mel,HAM_0002952
0,0.5153360962867737,1,ham10000,ISIC_0025126,nv,HAM_0002953
1,0.4507145881652832,1,ham10000,ISIC_0024329,akiec,HAM_0002954
1,0.9102078080177307,1,ham10000,ISIC_0029212,mel,HAM_0002955
1,0.7795146107673645,1,ham10000,ISIC_0032637,mel,HAM_0002956
0,0.7936331629753113,1,ham10000,ISIC_0025876,bkl,HAM_0002957
0,0.4789951741695404,1,ham10000,ISIC_0026088,nv,HAM_0002958
1,0.6101346015930176,1,ham10000,ISIC_0025362,bcc,HAM_0002959
0,0.24200785160064697,0,ham10000,ISIC_0024994,df,HAM_0002960
0,0.46553274989128113,1,ham10000,ISIC_0031947,nv,HAM_0002961
0,0.47344428300857544,1,ham10000,ISIC_0028331,bkl,HAM_0002962
0,0.2418353408575058,0,ham10000,ISIC_0032435,nv,HAM_0002963
0,0.17147156596183777,0,ham10000,ISIC_0024927,nv,HAM_0002964
0,0.43478748202323914,1,ham10000,ISIC_0026446,bkl,HAM_0002965
0,0.2856958508491516,0,ham10000,ISIC_0024509,nv,HAM_0002966
0,0.3310334384441376,1,ham10000,ISIC_0025380,nv,HAM_0002967
0,0.475085973739624,1,ham10000,ISIC_0027446,nv,HAM_0002968
0,0.8082916140556335,1,ham10000,ISIC_0030913,nv,HAM_0002969
1,0.6738312840461731,1,ham10000,ISIC_0026930,mel,HAM_0002970
0,0.510133683681488,1,ham10000,ISIC_0026425,nv,HAM_0002971
0,0.31218647956848145,1,ham10000,ISIC_0025430,nv,HAM_0002972
0,0.6041492819786072,1,ham10000,ISIC_0026140,nv,HAM_0002973
0,0.2304016500711441,0,ham10000,ISIC_0027553,nv,HAM_0002974
0,0.5820019841194153,1,ham10000,ISIC_0026148,nv,HAM_0002975
0,0.4733903706073761,1,ham10000,ISIC_0026908,nv,HAM_0002976
0,0.4327958822250366,1,ham10000,ISIC_0025629,nv,HAM_0002977
0,0.40826231241226196,1,ham10000,ISIC_0030215,nv,HAM_0002978
0,0.8435196280479431,1,ham10000,ISIC_0025511,nv,HAM_0002979
0,0.4014493227005005,1,ham10000,ISIC_0030395,nv,HAM_0002980
1,0.8339709639549255,1,ham10000,ISIC_0026664,mel,HAM_0002981
0,0.21618002653121948,0,ham10000,ISIC_0031423,nv,HAM_0002982
1,0.8833050727844238,1,ham10000,ISIC_0029392,bcc,HAM_0002983
0,0.725814163684845,1,ham10000,ISIC_0024602,bkl,HAM_0002984
0,0.7870317101478577,1,ham10000,ISIC_0025063,bkl,HAM_0002985
0,0.8569352626800537,1,ham10000,ISIC_0028706,nv,HAM_0002986
0,0.4576722979545593,1,ham10000,ISIC_0030647,nv,HAM_0002987
0,0.3731337785720825,1,ham10000,ISIC_0025337,bkl,HAM_0002988
0,0.5351832509040833,1,ham10000,ISIC_0027378,nv,HAM_0002989
0,0.5421284437179565,1,ham10000,ISIC_0028437,nv,HAM_0002990
0,0.4548775553703308,1,ham10000,ISIC_0030502,nv,HAM_0002991
0,0.5208777785301208,1,ham10000,ISIC_0024627,nv,HAM_0002992
1,0.8391295671463013,1,ham10000,ISIC_0032547,mel,HAM_0002993
0,0.3860778212547302,1,ham10000,ISIC_0027836,nv,HAM_0002994
0,0.3945116400718689,1,ham10000,ISIC_0028886,nv,HAM_0002995
0,0.4195822775363922,1,ham10000,ISIC_0025496,nv,HAM_0002996
0,0.2824709415435791,0,ham10000,ISIC_0029972,nv,HAM_0002997
1,0.40281927585601807,1,ham10000,ISIC_0028928,bcc,HAM_0002998
0,0.2186526209115982,0,ham10000,ISIC_0029844,nv,HAM_0002999
0,0.5597919821739197,1,ham10000,ISIC_0025326,bkl,HAM_0003000
0,0.5003815293312073,1,ham10000,ISIC_0032514,bkl,HAM_0003001
0,0.7366017699241638,1,ham10000,ISIC_0032830,nv,HAM_0003002
0,0.759682834148407,1,ham10000,ISIC_0033343,nv,HAM_0003003
0,0.6527886390686035,1,ham10000,ISIC_0028889,nv,HAM_0003004
0,0.6498454809188843,1,ham10000,ISIC_0028304,nv,HAM_0003005
0,0.4597541093826294,1,ham10000,ISIC_0032097,nv,HAM_0003006
0,0.6640744209289551,1,ham10000,ISIC_0025388,bkl,HAM_0003007
0,0.6501392722129822,1,ham10000,ISIC_0029729,nv,HAM_0003008
0,0.40270718932151794,1,ham10000,ISIC_0025569,nv,HAM_0003009
0,0.6826149225234985,1,ham10000,ISIC_0029924,bkl,HAM_0003010
0,0.7929180264472961,1,ham10000,ISIC_0030959,bkl,HAM_0003011
0,0.4774041771888733,1,ham10000,ISIC_0029375,nv,HAM_0003012
0,0.211451917886734,0,ham10000,ISIC_0026800,nv,HAM_0003013
0,0.4563535451889038,1,ham10000,ISIC_0031542,bkl,HAM_0003014
0,0.7633964419364929,1,ham10000,ISIC_0025083,bkl,HAM_0003015
0,0.7267276048660278,1,ham10000,ISIC_0027097,nv,HAM_0003016
0,0.33800986409187317,1,ham10000,ISIC_0033535,nv,HAM_0003017
0,0.6786344051361084,1,ham10000,ISIC_0032639,nv,HAM_0003018
0,0.2938380837440491,0,ham10000,ISIC_0032001,nv,HAM_0003019
0,0.45938700437545776,1,ham10000,ISIC_0031579,nv,HAM_0003020
0,0.7319695949554443,1,ham10000,ISIC_0030005,bkl,HAM_0003021
0,0.1815236508846283,0,ham10000,ISIC_0025551,nv,HAM_0003022
0,0.527797520160675,1,ham10000,ISIC_0031257,df,HAM_0003023
0,0.17253151535987854,0,ham10000,ISIC_0024768,nv,HAM_0003024
0,0.6225993633270264,1,ham10000,ISIC_0027440,nv,HAM_0003025
0,0.2983929514884949,1,ham10000,ISIC_0030416,nv,HAM_0003026
0,0.7497668266296387,1,ham10000,ISIC_0025355,nv,HAM_0003027
0,0.21705235540866852,0,ham10000,ISIC_0031870,nv,HAM_0003028
0,0.26086798310279846,0,ham10000,ISIC_0025685,nv,HAM_0003029
0,0.7650721669197083,1,ham10000,ISIC_0028876,bkl,HAM_0003030
1,0.8100626468658447,1,ham10000,ISIC_0030445,mel,HAM_0003031
0,0.42515191435813904,1,ham10000,ISIC_0028789,nv,HAM_0003032
0,0.5017274618148804,1,ham10000,ISIC_0025165,nv,HAM_0003033
0,0.30178192257881165,1,ham10000,ISIC_0033187,nv,HAM_0003034
0,0.7498008012771606,1,ham10000,ISIC_0024617,nv,HAM_0003035
0,0.5823272466659546,1,ham10000,ISIC_0030917,nv,HAM_0003036
0,0.6743816137313843,1,ham10000,ISIC_0026036,nv,HAM_0003038
1,0.9122534990310669,1,ham10000,ISIC_0026350,bcc,HAM_0003039
0,0.8136683106422424,1,ham10000,ISIC_0028170,nv,HAM_0003040
0,0.4524461030960083,1,ham10000,ISIC_0024558,nv,HAM_0003041
0,0.7258167266845703,1,ham10000,ISIC_0031282,nv,HAM_0003042
1,0.43082141876220703,1,ham10000,ISIC_0030915,bcc,HAM_0003043
0,0.7520175576210022,1,ham10000,ISIC_0028544,nv,HAM_0003044
0,0.4292605519294739,1,ham10000,ISIC_0031071,nv,HAM_0003045
1,0.7861983776092529,1,ham10000,ISIC_0033257,bcc,HAM_0003046
0,0.37477558851242065,1,ham10000,ISIC_0026505,nv,HAM_0003047
0,0.688169538974762,1,ham10000,ISIC_0030729,nv,HAM_0003048
0,0.583044707775116,1,ham10000,ISIC_0027041,bkl,HAM_0003049
0,0.6231706142425537,1,ham10000,ISIC_0033659,bkl,HAM_0003050
1,0.5648355484008789,1,ham10000,ISIC_0030175,akiec,HAM_0003051
0,0.3310486972332001,1,ham10000,ISIC_0024796,nv,HAM_0003052
0,0.46168917417526245,1,ham10000,ISIC_0028824,nv,HAM_0003053
0,0.49275681376457214,1,ham10000,ISIC_0027945,nv,HAM_0003054
1,0.3209872543811798,1,ham10000,ISIC_0032420,mel,HAM_0003055
0,0.3137481212615967,1,ham10000,ISIC_0026684,nv,HAM_0003056
0,0.4691926836967468,1,ham10000,ISIC_0033026,nv,HAM_0003057
0,0.49370914697647095,1,ham10000,ISIC_0028032,nv,HAM_0003058
0,0.33172979950904846,1,ham10000,ISIC_0032223,nv,HAM_0003059
0,0.43302837014198303,1,ham10000,ISIC_0027485,nv,HAM_0003060
0,0.5409969687461853,1,ham10000,ISIC_0032262,nv,HAM_0003061
0,0.8856590390205383,1,ham10000,ISIC_0024319,nv,HAM_0003062
0,0.31032755970954895,1,ham10000,ISIC_0027576,nv,HAM_0003063
0,0.6164395809173584,1,ham10000,ISIC_0029966,nv,HAM_0003064
0,0.7032675743103027,1,ham10000,ISIC_0031879,nv,HAM_0003065
0,0.5508193373680115,1,ham10000,ISIC_0032084,nv,HAM_0003067
0,0.32562416791915894,1,ham10000,ISIC_0027344,bkl,HAM_0003069
0,0.616731584072113,1,ham10000,ISIC_0032323,nv,HAM_0003070
0,0.4851708710193634,1,ham10000,ISIC_0026000,nv,HAM_0003071
1,0.5440006256103516,1,ham10000,ISIC_0032611,bcc,HAM_0003072
1,0.6201695203781128,1,ham10000,ISIC_0032836,mel,HAM_0003073
0,0.4099409580230713,1,ham10000,ISIC_0029816,nv,HAM_0003074
0,0.3713191747665405,1,ham10000,ISIC_0028553,nv,HAM_0003075
0,0.5036199688911438,1,ham10000,ISIC_0029062,bkl,HAM_0003076
0,0.5998619198799133,1,ham10000,ISIC_0031230,nv,HAM_0003077
0,0.3136848509311676,1,ham10000,ISIC_0025918,nv,HAM_0003078
0,0.5443238615989685,1,ham10000,ISIC_0032369,nv,HAM_0003079
0,0.29034945368766785,0,ham10000,ISIC_0024868,nv,HAM_0003080
0,0.6287842988967896,1,ham10000,ISIC_0033808,df,HAM_0003081
0,0.3772367835044861,1,ham10000,ISIC_0029579,nv,HAM_0003082
1,0.8057605028152466,1,ham10000,ISIC_0032604,mel,HAM_0003083
0,0.27622196078300476,0,ham10000,ISIC_0026191,nv,HAM_0003084
0,0.3029748499393463,1,ham10000,ISIC_0027809,nv,HAM_0003085
1,0.7145031094551086,1,ham10000,ISIC_0032349,akiec,HAM_0003086
0,0.6253644824028015,1,ham10000,ISIC_0028133,nv,HAM_0003087
0,0.5582526326179504,1,ham10000,ISIC_0029736,nv,HAM_0003088
0,0.4884832799434662,1,ham10000,ISIC_0030706,bkl,HAM_0003089
0,0.42196688055992126,1,ham10000,ISIC_0028020,bkl,HAM_0003090
0,0.7193431854248047,1,ham10000,ISIC_0027152,nv,HAM_0003091
0,0.5490543842315674,1,ham10000,ISIC_0027301,nv,HAM_0003092
0,0.3366038501262665,1,ham10000,ISIC_0025218,nv,HAM_0003093
1,0.929155170917511,1,ham10000,ISIC_0027858,bcc,HAM_0003094
1,0.5569915771484375,1,ham10000,ISIC_0025755,mel,HAM_0003095
0,0.20256106555461884,0,ham10000,ISIC_0031793,nv,HAM_0003096
0,0.4919883608818054,1,ham10000,ISIC_0033181,nv,HAM_0003097
0,0.5336723327636719,1,ham10000,ISIC_0030498,nv,HAM_0003098
0,0.7589744925498962,1,ham10000,ISIC_0025734,nv,HAM_0003099
0,0.5790404081344604,1,ham10000,ISIC_0028976,nv,HAM_0003100
1,0.43903496861457825,1,ham10000,ISIC_0030094,bcc,HAM_0003101
1,0.29598769545555115,0,ham10000,ISIC_0025709,mel,HAM_0003102
0,0.3786528706550598,1,ham10000,ISIC_0031921,nv,HAM_0003103
1,0.7018581032752991,1,ham10000,ISIC_0025029,akiec,HAM_0003105
0,0.756619930267334,1,ham10000,ISIC_0030420,nv,HAM_0003106
1,0.7502790689468384,1,ham10000,ISIC_0030844,akiec,HAM_0003107
0,0.210211843252182,0,ham10000,ISIC_0027166,nv,HAM_0003108
0,0.3846205770969391,1,ham10000,ISIC_0028946,nv,HAM_0003109
0,0.4522980749607086,1,ham10000,ISIC_0026473,df,HAM_0003110
0,0.3750436007976532,1,ham10000,ISIC_0030495,nv,HAM_0003111
1,0.5496068596839905,1,ham10000,ISIC_0030233,bcc,HAM_0003112
0,0.770004153251648,1,ham10000,ISIC_0024520,nv,HAM_0003113
0,0.5240110754966736,1,ham10000,ISIC_0032091,nv,HAM_0003114
1,0.40851035714149475,1,ham10000,ISIC_0030954,bcc,HAM_0003115
0,0.14318788051605225,0,ham10000,ISIC_0030453,nv,HAM_0003116
0,0.6447253227233887,1,ham10000,ISIC_0027917,nv,HAM_0003117
0,0.20544713735580444,0,ham10000,ISIC_0026483,nv,HAM_0003118
1,0.44340166449546814,1,ham10000,ISIC_0030737,bcc,HAM_0003119
0,0.423445463180542,1,ham10000,ISIC_0028593,bkl,HAM_0003120
0,0.38543960452079773,1,ham10000,ISIC_0024347,nv,HAM_0003121
0,0.5349957942962646,1,ham10000,ISIC_0031069,nv,HAM_0003122
1,0.45920318365097046,1,ham10000,ISIC_0028232,akiec,HAM_0003123
0,0.31726527214050293,1,ham10000,ISIC_0031512,nv,HAM_0003124
0,0.22412627935409546,0,ham10000,ISIC_0025477,nv,HAM_0003125
0,0.3057449162006378,1,ham10000,ISIC_0029181,nv,HAM_0003126
0,0.7012467384338379,1,ham10000,ISIC_0024658,nv,HAM_0003127
0,0.1975046545267105,0,ham10000,ISIC_0030660,nv,HAM_0003128
0,0.7400537133216858,1,ham10000,ISIC_0029195,bkl,HAM_0003129
0,0.34945857524871826,1,ham10000,ISIC_0032708,nv,HAM_0003130
0,0.4312131404876709,1,ham10000,ISIC_0025833,nv,HAM_0003131
0,0.32658129930496216,1,ham10000,ISIC_0029259,nv,HAM_0003132
0,0.5915600061416626,1,ham10000,ISIC_0032794,nv,HAM_0003133
0,0.2438058704137802,0,ham10000,ISIC_0027001,nv,HAM_0003134
1,0.47773438692092896,1,ham10000,ISIC_0028107,bcc,HAM_0003135
1,0.6022210717201233,1,ham10000,ISIC_0026645,akiec,HAM_0003136
0,0.2333855926990509,0,ham10000,ISIC_0032770,nv,HAM_0003137
0,0.5039916634559631,1,ham10000,ISIC_0025706,nv,HAM_0003138
0,0.4650352895259857,1,ham10000,ISIC_0026063,nv,HAM_0003139
0,0.2195998728275299,0,ham10000,ISIC_0027037,bkl,HAM_0003140
1,0.5807883143424988,1,ham10000,ISIC_0031918,akiec,HAM_0003141
0,0.24711357057094574,0,ham10000,ISIC_0026956,nv,HAM_0003142
0,0.6902802586555481,1,ham10000,ISIC_0033555,nv,HAM_0003143
1,0.832389235496521,1,ham10000,ISIC_0032135,akiec,HAM_0003144
0,0.5926917791366577,1,ham10000,ISIC_0026136,nv,HAM_0003145
1,0.6571761965751648,1,ham10000,ISIC_0026992,akiec,HAM_0003146
0,0.5831358432769775,1,ham10000,ISIC_0029168,nv,HAM_0003147
0,0.47282543778419495,1,ham10000,ISIC_0025353,nv,HAM_0003148
1,0.753248393535614,1,ham10000,ISIC_0030246,mel,HAM_0003149
0,0.4791308641433716,1,ham10000,ISIC_0025213,nv,HAM_0003150
0,0.24481593072414398,0,ham10000,ISIC_0024556,nv,HAM_0003151
0,0.6425991654396057,1,ham10000,ISIC_0027996,bkl,HAM_0003152
0,0.24511784315109253,0,ham10000,ISIC_0025565,nv,HAM_0003153
0,0.6590858697891235,1,ham10000,ISIC_0031075,nv,HAM_0003154
0,0.6590127944946289,1,ham10000,ISIC_0028247,nv,HAM_0003155
0,0.34048882126808167,1,ham10000,ISIC_0026494,nv,HAM_0003156
1,0.6227014660835266,1,ham10000,ISIC_0029811,akiec,HAM_0003157
0,0.28587257862091064,0,ham10000,ISIC_0025456,nv,HAM_0003158
0,0.401801198720932,1,ham10000,ISIC_0026108,nv,HAM_0003159
0,0.37396976351737976,1,ham10000,ISIC_0029587,nv,HAM_0003160
1,0.46280437707901,1,ham10000,ISIC_0030191,akiec,HAM_0003161
0,0.5455875396728516,1,ham10000,ISIC_0032997,bkl,HAM_0003162
0,0.2833214998245239,0,ham10000,ISIC_0029327,nv,HAM_0003163
0,0.4800621569156647,1,ham10000,ISIC_0027897,nv,HAM_0003164
0,0.23902775347232819,0,ham10000,ISIC_0025856,bkl,HAM_0003165
0,0.18983185291290283,0,ham10000,ISIC_0030848,nv,HAM_0003166
1,0.5946705341339111,1,ham10000,ISIC_0024864,mel,HAM_0003167
0,0.5533088445663452,1,ham10000,ISIC_0026228,nv,HAM_0003168
0,0.16837765276432037,0,ham10000,ISIC_0028867,nv,HAM_0003169
0,0.45112887024879456,1,ham10000,ISIC_0029631,nv,HAM_0003170
1,0.6759147644042969,1,ham10000,ISIC_0025941,mel,HAM_0003171
1,0.4341626763343811,1,ham10000,ISIC_0025832,mel,HAM_0003172
0,0.5350047945976257,1,ham10000,ISIC_0032131,nv,HAM_0003173
1,0.7487892508506775,1,ham10000,ISIC_0032873,mel,HAM_0003174
0,0.7438659071922302,1,ham10000,ISIC_0028145,nv,HAM_0003175
1,0.6660454273223877,1,ham10000,ISIC_0028148,mel,HAM_0003176
1,0.25068169832229614,0,ham10000,ISIC_0031697,bcc,HAM_0003177
0,0.4590502083301544,1,ham10000,ISIC_0025713,nv,HAM_0003178
0,0.5815374255180359,1,ham10000,ISIC_0029108,bkl,HAM_0003179
0,0.34345418214797974,1,ham10000,ISIC_0031058,nv,HAM_0003180
0,0.6981150507926941,1,ham10000,ISIC_0033085,nv,HAM_0003181
1,0.5506317615509033,1,ham10000,ISIC_0027125,mel,HAM_0003182
0,0.4745544493198395,1,ham10000,ISIC_0027017,bkl,HAM_0003183
0,0.5986154675483704,1,ham10000,ISIC_0028844,nv,HAM_0003184
0,0.15576563775539398,0,ham10000,ISIC_0030430,nv,HAM_0003185
1,0.5553632974624634,1,ham10000,ISIC_0027297,bcc,HAM_0003186
0,0.6672958731651306,1,ham10000,ISIC_0025526,bkl,HAM_0003187
0,0.5854546427726746,1,ham10000,ISIC_0024730,nv,HAM_0003188
0,0.6306412220001221,1,ham10000,ISIC_0027324,nv,HAM_0003189
0,0.3672817647457123,1,ham10000,ISIC_0030571,nv,HAM_0003190
1,0.7950005531311035,1,ham10000,ISIC_0028050,bcc,HAM_0003191
0,0.7385454177856445,1,ham10000,ISIC_0030284,nv,HAM_0003192
0,0.7951255440711975,1,ham10000,ISIC_0032818,nv,HAM_0003193
1,0.4345177114009857,1,ham10000,ISIC_0026954,mel,HAM_0003194
1,0.4755493700504303,1,ham10000,ISIC_0025319,akiec,HAM_0003195
0,0.3072105348110199,1,ham10000,ISIC_0025475,nv,HAM_0003196
0,0.7129597067832947,1,ham10000,ISIC_0028668,nv,HAM_0003197
1,0.5750300884246826,1,ham10000,ISIC_0027759,bcc,HAM_0003198
0,0.21805572509765625,0,ham10000,ISIC_0027309,nv,HAM_0003199
0,0.5739445090293884,1,ham10000,ISIC_0030805,nv,HAM_0003200
0,0.554632842540741,1,ham10000,ISIC_0030386,nv,HAM_0003201
1,0.7259129285812378,1,ham10000,ISIC_0032718,mel,HAM_0003202
0,0.4786551296710968,1,ham10000,ISIC_0029421,nv,HAM_0003203
0,0.3590289056301117,1,ham10000,ISIC_0028564,nv,HAM_0003204
0,0.29730722308158875,0,ham10000,ISIC_0031287,bkl,HAM_0003205
0,0.3773817718029022,1,ham10000,ISIC_0025199,bkl,HAM_0003206
0,0.6658883094787598,1,ham10000,ISIC_0024534,nv,HAM_0003207
0,0.7467931509017944,1,ham10000,ISIC_0033572,nv,HAM_0003208
0,0.33876487612724304,1,ham10000,ISIC_0031156,nv,HAM_0003209
0,0.49354100227355957,1,ham10000,ISIC_0030237,nv,HAM_0003210
0,0.40187567472457886,1,ham10000,ISIC_0029942,nv,HAM_0003211
1,0.7906883955001831,1,ham10000,ISIC_0024767,mel,HAM_0003212
0,0.4676472544670105,1,ham10000,ISIC_0031747,nv,HAM_0003213
0,0.4194395840167999,1,ham10000,ISIC_0028745,nv,HAM_0003214
0,0.6066553592681885,1,ham10000,ISIC_0027643,nv,HAM_0003215
1,0.7658398747444153,1,ham10000,ISIC_0034015,bcc,HAM_0003216
0,0.5413139462471008,1,ham10000,ISIC_0029888,nv,HAM_0003217
0,0.677274763584137,1,ham10000,ISIC_0033305,bkl,HAM_0003218
0,0.6074478030204773,1,ham10000,ISIC_0024737,nv,HAM_0003219
1,0.7499690651893616,1,ham10000,ISIC_0034093,bcc,HAM_0003220
0,0.4154019057750702,1,ham10000,ISIC_0029104,nv,HAM_0003221
0,0.30238085985183716,1,ham10000,ISIC_0026382,nv,HAM_0003222
0,0.5290496945381165,1,ham10000,ISIC_0024922,nv,HAM_0003223
1,0.6205527186393738,1,ham10000,ISIC_0029740,mel,HAM_0003225
0,0.1574345976114273,0,ham10000,ISIC_0029225,nv,HAM_0003226
0,0.5933030843734741,1,ham10000,ISIC_0029594,nv,HAM_0003227
0,0.3762868642807007,1,ham10000,ISIC_0027369,nv,HAM_0003228
1,0.2573930025100708,0,ham10000,ISIC_0031140,bcc,HAM_0003229
0,0.6973354816436768,1,ham10000,ISIC_0027640,nv,HAM_0003230
0,0.6501041054725647,1,ham10000,ISIC_0025028,nv,HAM_0003231
0,0.5052079558372498,1,ham10000,ISIC_0032448,nv,HAM_0003232
0,0.5277476906776428,1,ham10000,ISIC_0031571,nv,HAM_0003233
0,0.5751574635505676,1,ham10000,ISIC_0032467,nv,HAM_0003234
0,0.4572727382183075,1,ham10000,ISIC_0025001,nv,HAM_0003235
0,0.6680188775062561,1,ham10000,ISIC_0033025,nv,HAM_0003236
0,0.42059579491615295,1,ham10000,ISIC_0028595,nv,HAM_0003237
0,0.47800248861312866,1,ham10000,ISIC_0031157,nv,HAM_0003238
0,0.26760193705558777,0,ham10000,ISIC_0024533,nv,HAM_0003239
0,0.17072360217571259,0,ham10000,ISIC_0026387,nv,HAM_0003240
0,0.42332857847213745,1,ham10000,ISIC_0024908,nv,HAM_0003241
0,0.35353174805641174,1,ham10000,ISIC_0031242,nv,HAM_0003242
0,0.7239807844161987,1,ham10000,ISIC_0026279,nv,HAM_0003243
0,0.43860572576522827,1,ham10000,ISIC_0027368,nv,HAM_0003244
0,0.45657655596733093,1,ham10000,ISIC_0025211,nv,HAM_0003245
0,0.917493462562561,1,ham10000,ISIC_0029018,nv,HAM_0003246
0,0.3520675599575043,1,ham10000,ISIC_0026707,nv,HAM_0003247
0,0.31670698523521423,1,ham10000,ISIC_0025447,nv,HAM_0003248
0,0.5528919100761414,1,ham10000,ISIC_0025114,nv,HAM_0003249
0,0.44260403513908386,1,ham10000,ISIC_0031997,nv,HAM_0003250
0,0.5947689414024353,1,ham10000,ISIC_0025868,nv,HAM_0003251
0,0.37761613726615906,1,ham10000,ISIC_0029977,nv,HAM_0003252
0,0.6110108494758606,1,ham10000,ISIC_0028998,nv,HAM_0003253
0,0.7749414443969727,1,ham10000,ISIC_0032478,nv,HAM_0003254
0,0.6670492887496948,1,ham10000,ISIC_0026172,nv,HAM_0003255
1,0.443612277507782,1,ham10000,ISIC_0028218,mel,HAM_0003256
0,0.47206082940101624,1,ham10000,ISIC_0024559,nv,HAM_0003257
0,0.41572505235671997,1,ham10000,ISIC_0026187,nv,HAM_0003258
0,0.4619300365447998,1,ham10000,ISIC_0032895,nv,HAM_0003259
0,0.850951611995697,1,ham10000,ISIC_0029345,bkl,HAM_0003260
0,0.3708377480506897,1,ham10000,ISIC_0026031,nv,HAM_0003261
1,0.505547285079956,1,ham10000,ISIC_0026212,akiec,HAM_0003262
0,0.18822115659713745,0,ham10000,ISIC_0028226,nv,HAM_0003263
0,0.3944021761417389,1,ham10000,ISIC_0027723,nv,HAM_0003264
0,0.5382840037345886,1,ham10000,ISIC_0025180,bkl,HAM_0003265
0,0.18477311730384827,0,ham10000,ISIC_0029468,nv,HAM_0003266
0,0.45083773136138916,1,ham10000,ISIC_0024991,nv,HAM_0003267
0,0.5191763043403625,1,ham10000,ISIC_0025572,nv,HAM_0003268
0,0.22491823136806488,0,ham10000,ISIC_0028904,nv,HAM_0003269
0,0.10358570516109467,0,ham10000,ISIC_0025764,nv,HAM_0003270
0,0.4270930588245392,1,ham10000,ISIC_0031850,nv,HAM_0003271
0,0.11803335696458817,0,ham10000,ISIC_0027979,nv,HAM_0003272
0,0.5455847382545471,1,ham10000,ISIC_0024536,nv,HAM_0003273
0,0.3429639935493469,1,ham10000,ISIC_0031348,nv,HAM_0003274
0,0.5498683452606201,1,ham10000,ISIC_0032116,bkl,HAM_0003275
0,0.8583670258522034,1,ham10000,ISIC_0024975,nv,HAM_0003276
0,0.06775960326194763,0,ham10000,ISIC_0026730,nv,HAM_0003277
0,0.6419623494148254,1,ham10000,ISIC_0026537,nv,HAM_0003278
0,0.169441819190979,0,ham10000,ISIC_0030329,bkl,HAM_0003279
1,0.7779558300971985,1,ham10000,ISIC_0032841,mel,HAM_0003280
0,0.33902695775032043,1,ham10000,ISIC_0031903,bkl,HAM_0003281
0,0.3568046987056732,1,ham10000,ISIC_0032474,nv,HAM_0003282
0,0.3923182189464569,1,ham10000,ISIC_0031469,nv,HAM_0003283
0,0.14107705652713776,0,ham10000,ISIC_0030894,nv,HAM_0003284
0,0.4315270185470581,1,ham10000,ISIC_0029907,nv,HAM_0003285
0,0.5151307582855225,1,ham10000,ISIC_0026846,bkl,HAM_0003287
0,0.5694117546081543,1,ham10000,ISIC_0032587,nv,HAM_0003288
0,0.38076251745224,1,ham10000,ISIC_0031357,nv,HAM_0003289
0,0.4868740439414978,1,ham10000,ISIC_0030757,df,HAM_0003290
0,0.45222634077072144,1,ham10000,ISIC_0029428,nv,HAM_0003291
0,0.30473920702934265,1,ham10000,ISIC_0029173,nv,HAM_0003292
0,0.5465651154518127,1,ham10000,ISIC_0029010,bkl,HAM_0003293
0,0.11132507771253586,0,ham10000,ISIC_0028817,nv,HAM_0003294
0,0.4545469582080841,1,ham10000,ISIC_0026110,nv,HAM_0003295
0,0.6228670477867126,1,ham10000,ISIC_0024944,nv,HAM_0003296
0,0.3857155442237854,1,ham10000,ISIC_0024373,nv,HAM_0003297
0,0.3636974096298218,1,ham10000,ISIC_0031535,nv,HAM_0003298
0,0.36770182847976685,1,ham10000,ISIC_0025547,nv,HAM_0003299
0,0.5657305121421814,1,ham10000,ISIC_0034195,nv,HAM_0003300
0,0.4252742528915405,1,ham10000,ISIC_0025033,bkl,HAM_0003301
0,0.5375585556030273,1,ham10000,ISIC_0032434,nv,HAM_0003302
0,0.3199516236782074,1,ham10000,ISIC_0024597,nv,HAM_0003303
0,0.37337151169776917,1,ham10000,ISIC_0029367,nv,HAM_0003304
0,0.4438053369522095,1,ham10000,ISIC_0025172,nv,HAM_0003305
0,0.494920015335083,1,ham10000,ISIC_0025259,nv,HAM_0003306
0,0.15447001159191132,0,ham10000,ISIC_0031147,nv,HAM_0003307
0,0.5208752751350403,1,ham10000,ISIC_0024615,nv,HAM_0003308
0,0.3940892517566681,1,ham10000,ISIC_0028403,nv,HAM_0003309
0,0.5532324910163879,1,ham10000,ISIC_0032952,nv,HAM_0003310
0,0.2246198058128357,0,ham10000,ISIC_0026452,nv,HAM_0003311
0,0.536990225315094,1,ham10000,ISIC_0030516,nv,HAM_0003312
0,0.5473402738571167,1,ham10000,ISIC_0032107,nv,HAM_0003313
0,0.44185057282447815,1,ham10000,ISIC_0026470,nv,HAM_0003314
1,0.6992459893226624,1,ham10000,ISIC_0024481,mel,HAM_0003315
0,0.16150778532028198,0,ham10000,ISIC_0031472,nv,HAM_0003316
0,0.7077820301055908,1,ham10000,ISIC_0024435,bkl,HAM_0003317
0,0.6629492044448853,1,ham10000,ISIC_0031979,nv,HAM_0003318
0,0.2641880512237549,0,ham10000,ISIC_0026033,nv,HAM_0003319
0,0.5184228420257568,1,ham10000,ISIC_0030367,nv,HAM_0003320
0,0.4425908327102661,1,ham10000,ISIC_0032929,bkl,HAM_0003321
0,0.6424261927604675,1,ham10000,ISIC_0028596,nv,HAM_0003322
0,0.6671220660209656,1,ham10000,ISIC_0031297,nv,HAM_0003323
0,0.5156176686286926,1,ham10000,ISIC_0024650,nv,HAM_0003324
0,0.5405993461608887,1,ham10000,ISIC_0034190,nv,HAM_0003325
0,0.5242687463760376,1,ham10000,ISIC_0025548,bkl,HAM_0003326
0,0.5217308402061462,1,ham10000,ISIC_0027312,nv,HAM_0003327
1,0.7215700149536133,1,ham10000,ISIC_0026453,bcc,HAM_0003328
0,0.5416733026504517,1,ham10000,ISIC_0031581,nv,HAM_0003329
1,0.6717275977134705,1,ham10000,ISIC_0028696,mel,HAM_0003330
0,0.5663500428199768,1,ham10000,ISIC_0027035,nv,HAM_0003331
0,0.4733866751194,1,ham10000,ISIC_0028416,nv,HAM_0003332
0,0.2939974367618561,0,ham10000,ISIC_0028379,nv,HAM_0003333
0,0.1164008378982544,0,ham10000,ISIC_0030886,nv,HAM_0003334
1,0.37696242332458496,1,ham10000,ISIC_0032509,mel,HAM_0003335
0,0.3999468982219696,1,ham10000,ISIC_0030298,nv,HAM_0003336
0,0.247066929936409,0,ham10000,ISIC_0024677,nv,HAM_0003337
0,0.23208853602409363,0,ham10000,ISIC_0029722,nv,HAM_0003338
0,0.2767147719860077,0,ham10000,ISIC_0030715,nv,HAM_0003339
0,0.5854917764663696,1,ham10000,ISIC_0028507,nv,HAM_0003340
0,0.4518250823020935,1,ham10000,ISIC_0027212,nv,HAM_0003341
0,0.307545006275177,1,ham10000,ISIC_0027726,nv,HAM_0003342
0,0.9173907041549683,1,ham10000,ISIC_0027861,nv,HAM_0003343
0,0.26276254653930664,0,ham10000,ISIC_0026399,nv,HAM_0003344
0,0.8756195902824402,1,ham10000,ISIC_0024718,nv,HAM_0003345
0,0.48324647545814514,1,ham10000,ISIC_0032714,nv,HAM_0003346
0,0.26736557483673096,0,ham10000,ISIC_0032416,nv,HAM_0003347
0,0.7699853181838989,1,ham10000,ISIC_0031799,df,HAM_0003348
0,0.5281569957733154,1,ham10000,ISIC_0028917,nv,HAM_0003349
1,0.6338192820549011,1,ham10000,ISIC_0024310,mel,HAM_0003350
1,0.7862717509269714,1,ham10000,ISIC_0033878,mel,HAM_0003351
0,0.7591351270675659,1,ham10000,ISIC_0032599,nv,HAM_0003352
0,0.47961047291755676,1,ham10000,ISIC_0025162,nv,HAM_0003353
1,0.8404505848884583,1,ham10000,ISIC_0032892,mel,HAM_0003354
0,0.6379964351654053,1,ham10000,ISIC_0029138,nv,HAM_0003355
0,0.36809056997299194,1,ham10000,ISIC_0032572,nv,HAM_0003356
0,0.43307042121887207,1,ham10000,ISIC_0032912,nv,HAM_0003357
0,0.5476709008216858,1,ham10000,ISIC_0032939,nv,HAM_0003358
0,0.5875282287597656,1,ham10000,ISIC_0032979,nv,HAM_0003359
0,0.6855594515800476,1,ham10000,ISIC_0033140,nv,HAM_0003360
0,0.5248667597770691,1,ham10000,ISIC_0033234,nv,HAM_0003361
0,0.4737589955329895,1,ham10000,ISIC_0033313,nv,HAM_0003362
0,0.6324547529220581,1,ham10000,ISIC_0033381,nv,HAM_0003363
0,0.7546762228012085,1,ham10000,ISIC_0033474,nv,HAM_0003364
0,0.6300485730171204,1,ham10000,ISIC_0033682,nv,HAM_0003365
0,0.6955012083053589,1,ham10000,ISIC_0033765,nv,HAM_0003366
0,0.5380670428276062,1,ham10000,ISIC_0033903,nv,HAM_0003367
0,0.5196587443351746,1,ham10000,ISIC_0034270,nv,HAM_0003368
0,0.48013338446617126,1,ham10000,ISIC_0032181,nv,HAM_0003369
0,0.32977569103240967,1,ham10000,ISIC_0032237,nv,HAM_0003370
0,0.5046557784080505,1,ham10000,ISIC_0030957,nv,HAM_0003371
0,0.3875933885574341,1,ham10000,ISIC_0028883,nv,HAM_0003372
1,0.6132664680480957,1,ham10000,ISIC_0024515,bcc,HAM_0003373
0,0.3481294512748718,1,ham10000,ISIC_0030265,nv,HAM_0003374
0,0.338396817445755,1,ham10000,ISIC_0031422,nv,HAM_0003375
1,0.8111476302146912,1,ham10000,ISIC_0025394,mel,HAM_0003376
0,0.5527671575546265,1,ham10000,ISIC_0032085,nv,HAM_0003377
0,0.2559087872505188,0,ham10000,ISIC_0027674,nv,HAM_0003378
0,0.5620577335357666,1,ham10000,ISIC_0030619,nv,HAM_0003379
1,0.37157464027404785,1,ham10000,ISIC_0024418,akiec,HAM_0003380
0,0.45379793643951416,1,ham10000,ISIC_0028862,nv,HAM_0003382
0,0.4479641914367676,1,ham10000,ISIC_0026594,nv,HAM_0003383
0,0.6039025187492371,1,ham10000,ISIC_0028438,nv,HAM_0003384
0,0.5573104023933411,1,ham10000,ISIC_0025839,nv,HAM_0003385
1,0.6631096005439758,1,ham10000,ISIC_0032662,mel,HAM_0003386
0,0.662548840045929,1,ham10000,ISIC_0028524,nv,HAM_0003387
0,0.363558828830719,1,ham10000,ISIC_0027176,nv,HAM_0003388
1,0.6568252444267273,1,ham10000,ISIC_0031122,bcc,HAM_0003389
0,0.46572551131248474,1,ham10000,ISIC_0024859,nv,HAM_0003390
0,0.4713956415653229,1,ham10000,ISIC_0030025,nv,HAM_0003391
0,0.46404945850372314,1,ham10000,ISIC_0030240,bkl,HAM_0003392
0,0.3369702100753784,1,ham10000,ISIC_0032113,bkl,HAM_0003393
0,0.7043930292129517,1,ham10000,ISIC_0029405,nv,HAM_0003394
0,0.6147790551185608,1,ham10000,ISIC_0030392,nv,HAM_0003395
0,0.4292437732219696,1,ham10000,ISIC_0031068,nv,HAM_0003396
0,0.2585972845554352,0,ham10000,ISIC_0027740,nv,HAM_0003397
0,0.7260215878486633,1,ham10000,ISIC_0031888,bkl,HAM_0003398
0,0.32926028966903687,1,ham10000,ISIC_0028398,nv,HAM_0003399
1,0.5057088732719421,1,ham10000,ISIC_0026167,mel,HAM_0003400
1,0.8968849778175354,1,ham10000,ISIC_0029002,akiec,HAM_0003401
0,0.40264981985092163,1,ham10000,ISIC_0031409,nv,HAM_0003403
0,0.24965357780456543,0,ham10000,ISIC_0029797,nv,HAM_0003404
0,0.5391343235969543,1,ham10000,ISIC_0024580,nv,HAM_0003405
0,0.30448460578918457,1,ham10000,ISIC_0030896,nv,HAM_0003406
0,0.3831412196159363,1,ham10000,ISIC_0026971,nv,HAM_0003407
0,0.7441379427909851,1,ham10000,ISIC_0031942,nv,HAM_0003408
0,0.5881503820419312,1,ham10000,ISIC_0025913,nv,HAM_0003409
0,0.5481366515159607,1,ham10000,ISIC_0024635,bkl,HAM_0003410
0,0.28032243251800537,0,ham10000,ISIC_0024346,nv,HAM_0003411
0,0.4108642041683197,1,ham10000,ISIC_0026241,nv,HAM_0003412
0,0.3374457359313965,1,ham10000,ISIC_0030969,nv,HAM_0003413
0,0.3932020962238312,1,ham10000,ISIC_0027944,nv,HAM_0003414
0,0.21849562227725983,0,ham10000,ISIC_0027789,nv,HAM_0003415
0,0.4104437828063965,1,ham10000,ISIC_0030379,nv,HAM_0003416
0,0.48165634274482727,1,ham10000,ISIC_0027891,nv,HAM_0003417
0,0.4013436734676361,1,ham10000,ISIC_0033182,nv,HAM_0003418
0,0.7731308341026306,1,ham10000,ISIC_0026097,nv,HAM_0003419
0,0.25684046745300293,0,ham10000,ISIC_0024748,bkl,HAM_0003420
1,0.5716168880462646,1,ham10000,ISIC_0033470,mel,HAM_0003421
1,0.7893601655960083,1,ham10000,ISIC_0031198,akiec,HAM_0003422
0,0.43129926919937134,1,ham10000,ISIC_0028344,nv,HAM_0003423
0,0.4697301983833313,1,ham10000,ISIC_0033451,nv,HAM_0003424
0,0.4639398753643036,1,ham10000,ISIC_0031434,nv,HAM_0003425
0,0.4778859317302704,1,ham10000,ISIC_0026959,bkl,HAM_0003426
1,0.717997670173645,1,ham10000,ISIC_0032959,bcc,HAM_0003427
1,0.49854546785354614,1,ham10000,ISIC_0024652,mel,HAM_0003428
1,0.7494160532951355,1,ham10000,ISIC_0024673,bcc,HAM_0003429
0,0.5692299008369446,1,ham10000,ISIC_0025271,nv,HAM_0003430
0,0.2157413363456726,0,ham10000,ISIC_0031847,nv,HAM_0003431
0,0.43215954303741455,1,ham10000,ISIC_0027962,nv,HAM_0003432
0,0.3593655526638031,1,ham10000,ISIC_0029483,nv,HAM_0003433
0,0.3859521746635437,1,ham10000,ISIC_0028608,nv,HAM_0003434
1,0.3132990002632141,1,ham10000,ISIC_0031350,mel,HAM_0003435
0,0.2994363307952881,1,ham10000,ISIC_0027940,nv,HAM_0003436
0,0.4720901846885681,1,ham10000,ISIC_0031151,nv,HAM_0003438
1,0.6510247588157654,1,ham10000,ISIC_0033050,mel,HAM_0003439
0,0.11423484236001968,0,ham10000,ISIC_0026943,nv,HAM_0003440
0,0.6178975701332092,1,ham10000,ISIC_0032673,nv,HAM_0003441
0,0.4464806914329529,1,ham10000,ISIC_0027929,nv,HAM_0003442
0,0.48466360569000244,1,ham10000,ISIC_0032485,nv,HAM_0003443
1,0.2800116539001465,0,ham10000,ISIC_0027120,bcc,HAM_0003444
1,0.7854167222976685,1,ham10000,ISIC_0026229,mel,HAM_0003445
0,0.14200405776500702,0,ham10000,ISIC_0027201,nv,HAM_0003446
0,0.764773428440094,1,ham10000,ISIC_0032703,nv,HAM_0003447
1,0.8944888710975647,1,ham10000,ISIC_0026158,mel,HAM_0003448
1,0.5376145839691162,1,ham10000,ISIC_0027263,mel,HAM_0003449
0,0.5081178545951843,1,ham10000,ISIC_0027746,nv,HAM_0003450
0,0.5027825832366943,1,ham10000,ISIC_0027098,nv,HAM_0003451
0,0.32410869002342224,1,ham10000,ISIC_0028920,bkl,HAM_0003452
0,0.2550985813140869,0,ham10000,ISIC_0031508,nv,HAM_0003453
0,0.32340577244758606,1,ham10000,ISIC_0031764,nv,HAM_0003454
1,0.2448541671037674,0,ham10000,ISIC_0027896,akiec,HAM_0003455
0,0.6088320016860962,1,ham10000,ISIC_0025077,nv,HAM_0003456
0,0.2836154103279114,0,ham10000,ISIC_0024887,nv,HAM_0003457
0,0.7251343727111816,1,ham10000,ISIC_0024623,bkl,HAM_0003458
0,0.47110819816589355,1,ham10000,ISIC_0025697,nv,HAM_0003459
0,0.7998124957084656,1,ham10000,ISIC_0032577,nv,HAM_0003460
0,0.22444725036621094,0,ham10000,ISIC_0027833,nv,HAM_0003461
0,0.7178581953048706,1,ham10000,ISIC_0025239,nv,HAM_0003462
0,0.5756083726882935,1,ham10000,ISIC_0031388,nv,HAM_0003463
0,0.3928316831588745,1,ham10000,ISIC_0031715,nv,HAM_0003464
0,0.40106201171875,1,ham10000,ISIC_0024368,nv,HAM_0003465
1,0.6606314182281494,1,ham10000,ISIC_0033038,mel,HAM_0003466
0,0.2527664601802826,0,ham10000,ISIC_0031089,nv,HAM_0003467
0,0.48429638147354126,1,ham10000,ISIC_0025641,nv,HAM_0003468
0,0.3522246778011322,1,ham10000,ISIC_0031636,nv,HAM_0003469
0,0.3985358774662018,1,ham10000,ISIC_0025979,nv,HAM_0003470
0,0.35694757103919983,1,ham10000,ISIC_0025284,nv,HAM_0003471
0,0.6526937484741211,1,ham10000,ISIC_0024417,nv,HAM_0003473
0,0.2618054449558258,0,ham10000,ISIC_0025212,nv,HAM_0003474
0,0.11637596040964127,0,ham10000,ISIC_0029825,nv,HAM_0003475
0,0.5434918999671936,1,ham10000,ISIC_0028972,bkl,HAM_0003476
0,0.22536373138427734,0,ham10000,ISIC_0029207,nv,HAM_0003477
0,0.29025158286094666,0,ham10000,ISIC_0027493,nv,HAM_0003478
0,0.3189566731452942,1,ham10000,ISIC_0030857,nv,HAM_0003479
0,0.5862882137298584,1,ham10000,ISIC_0031996,vasc,HAM_0003480
0,0.23551343381404877,0,ham10000,ISIC_0029050,nv,HAM_0003481
0,0.45482951402664185,1,ham10000,ISIC_0025150,nv,HAM_0003482
0,0.518928050994873,1,ham10000,ISIC_0025501,nv,HAM_0003483
1,0.45594602823257446,1,ham10000,ISIC_0028003,mel,HAM_0003484
0,0.5393592715263367,1,ham10000,ISIC_0031968,nv,HAM_0003485
0,0.5702419281005859,1,ham10000,ISIC_0029494,nv,HAM_0003486
0,0.46583765745162964,1,ham10000,ISIC_0024845,df,HAM_0003487
0,0.6708405613899231,1,ham10000,ISIC_0028630,nv,HAM_0003488
0,0.11446186900138855,0,ham10000,ISIC_0032275,nv,HAM_0003489
0,0.49041324853897095,1,ham10000,ISIC_0031162,nv,HAM_0003490
0,0.6497318148612976,1,ham10000,ISIC_0026123,nv,HAM_0003491
0,0.39530423283576965,1,ham10000,ISIC_0029228,nv,HAM_0003492
0,0.3132481575012207,1,ham10000,ISIC_0028322,nv,HAM_0003493
0,0.462408185005188,1,ham10000,ISIC_0031347,nv,HAM_0003494
1,0.5385056138038635,1,ham10000,ISIC_0032869,mel,HAM_0003495
0,0.6566128730773926,1,ham10000,ISIC_0027308,nv,HAM_0003496
1,0.854804515838623,1,ham10000,ISIC_0030970,mel,HAM_0003497
0,0.2709464132785797,0,ham10000,ISIC_0024609,nv,HAM_0003498
0,0.11296644061803818,0,ham10000,ISIC_0031516,nv,HAM_0003499
0,0.2696482241153717,0,ham10000,ISIC_0025917,nv,HAM_0003500
1,0.33588629961013794,1,ham10000,ISIC_0026927,akiec,HAM_0003501
0,0.3668975532054901,1,ham10000,ISIC_0027290,nv,HAM_0003502
0,0.4892721474170685,1,ham10000,ISIC_0027555,nv,HAM_0003503
1,0.1948307603597641,0,ham10000,ISIC_0026823,mel,HAM_0003504
0,0.6423431038856506,1,ham10000,ISIC_0033032,nv,HAM_0003505
1,0.6687472462654114,1,ham10000,ISIC_0033336,mel,HAM_0003506
0,0.7234049439430237,1,ham10000,ISIC_0032710,nv,HAM_0003507
0,0.40034735202789307,1,ham10000,ISIC_0030319,bkl,HAM_0003508
1,0.41778409481048584,1,ham10000,ISIC_0027832,mel,HAM_0003509
0,0.44231629371643066,1,ham10000,ISIC_0031507,nv,HAM_0003510
0,0.12150844931602478,0,ham10000,ISIC_0024321,nv,HAM_0003511
0,0.49123263359069824,1,ham10000,ISIC_0032609,nv,HAM_0003512
0,0.2009919285774231,0,ham10000,ISIC_0030743,nv,HAM_0003513
0,0.6655343174934387,1,ham10000,ISIC_0030369,bkl,HAM_0003514
0,0.3148493766784668,1,ham10000,ISIC_0025862,nv,HAM_0003515
0,0.3009634017944336,1,ham10000,ISIC_0029540,nv,HAM_0003516
0,0.6874831914901733,1,ham10000,ISIC_0029798,nv,HAM_0003517
0,0.2447376698255539,0,ham10000,ISIC_0025498,nv,HAM_0003518
0,0.19000144302845,0,ham10000,ISIC_0026627,nv,HAM_0003519
1,0.26087522506713867,0,ham10000,ISIC_0025724,mel,HAM_0003520
1,0.6020258069038391,1,ham10000,ISIC_0032220,mel,HAM_0003521
1,0.510718822479248,1,ham10000,ISIC_0029013,mel,HAM_0003522
0,0.5357043743133545,1,ham10000,ISIC_0026179,nv,HAM_0003523
0,0.5139930844306946,1,ham10000,ISIC_0028779,nv,HAM_0003524
0,0.8640502691268921,1,ham10000,ISIC_0024653,nv,HAM_0003525
0,0.208145409822464,0,ham10000,ISIC_0027070,nv,HAM_0003526
0,0.48569414019584656,1,ham10000,ISIC_0029874,nv,HAM_0003527
0,0.4739196002483368,1,ham10000,ISIC_0028575,nv,HAM_0003528
0,0.35399526357650757,1,ham10000,ISIC_0029871,nv,HAM_0003529
1,0.4232773184776306,1,ham10000,ISIC_0030929,mel,HAM_0003530
1,0.6559051275253296,1,ham10000,ISIC_0031999,mel,HAM_0003531
0,0.621077835559845,1,ham10000,ISIC_0026517,nv,HAM_0003532
0,0.24301870167255402,0,ham10000,ISIC_0030178,nv,HAM_0003533
1,0.5605698227882385,1,ham10000,ISIC_0028493,mel,HAM_0003534
0,0.5127677321434021,1,ham10000,ISIC_0033259,nv,HAM_0003535
0,0.31795454025268555,1,ham10000,ISIC_0028819,nv,HAM_0003536
0,0.29482501745224,0,ham10000,ISIC_0029734,nv,HAM_0003537
0,0.5045422315597534,1,ham10000,ISIC_0031246,nv,HAM_0003538
0,0.5749673247337341,1,ham10000,ISIC_0025897,nv,HAM_0003539
0,0.6795278191566467,1,ham10000,ISIC_0029808,nv,HAM_0003540
0,0.7337060570716858,1,ham10000,ISIC_0028426,nv,HAM_0003541
0,0.4143999218940735,1,ham10000,ISIC_0033506,nv,HAM_0003542
0,0.37195172905921936,1,ham10000,ISIC_0030040,nv,HAM_0003543
0,0.37491703033447266,1,ham10000,ISIC_0029718,nv,HAM_0003545
0,0.828443706035614,1,ham10000,ISIC_0030006,nv,HAM_0003546
0,0.5582755208015442,1,ham10000,ISIC_0027921,nv,HAM_0003547
0,0.3571966588497162,1,ham10000,ISIC_0028480,nv,HAM_0003548
0,0.7407990097999573,1,ham10000,ISIC_0028741,nv,HAM_0003549
0,0.3452567458152771,1,ham10000,ISIC_0026334,nv,HAM_0003550
0,0.47111549973487854,1,ham10000,ISIC_0031800,nv,HAM_0003551
0,0.07364016771316528,0,ham10000,ISIC_0029084,nv,HAM_0003552
0,0.5304402709007263,1,ham10000,ISIC_0026469,nv,HAM_0003553
0,0.32654818892478943,1,ham10000,ISIC_0027494,nv,HAM_0003554
0,0.5623900294303894,1,ham10000,ISIC_0030321,df,HAM_0003555
1,0.5855906009674072,1,ham10000,ISIC_0033175,mel,HAM_0003556
0,0.5177509188652039,1,ham10000,ISIC_0026973,nv,HAM_0003557
1,0.6151776313781738,1,ham10000,ISIC_0025303,mel,HAM_0003558
0,0.4846503734588623,1,ham10000,ISIC_0025810,bkl,HAM_0003559
0,0.6372113823890686,1,ham10000,ISIC_0028136,nv,HAM_0003560
0,0.7049746513366699,1,ham10000,ISIC_0034154,nv,HAM_0003561
0,0.4516880512237549,1,ham10000,ISIC_0030544,nv,HAM_0003562
0,0.3580186069011688,1,ham10000,ISIC_0030075,nv,HAM_0003563
0,0.4176052212715149,1,ham10000,ISIC_0029294,nv,HAM_0003564
0,0.11247175931930542,0,ham10000,ISIC_0027289,nv,HAM_0003565
1,0.4465353786945343,1,ham10000,ISIC_0032684,mel,HAM_0003566
0,0.6554942727088928,1,ham10000,ISIC_0028895,nv,HAM_0003567
0,0.30218130350112915,1,ham10000,ISIC_0030675,nv,HAM_0003568
0,0.4588426947593689,1,ham10000,ISIC_0026955,bkl,HAM_0003569
0,0.4933871030807495,1,ham10000,ISIC_0024847,nv,HAM_0003570
0,0.47675633430480957,1,ham10000,ISIC_0026602,nv,HAM_0003571
0,0.26046159863471985,0,ham10000,ISIC_0029817,nv,HAM_0003572
0,0.27498382329940796,0,ham10000,ISIC_0026447,nv,HAM_0003573
0,0.6132471561431885,1,ham10000,ISIC_0024877,bkl,HAM_0003574
0,0.42917102575302124,1,ham10000,ISIC_0031548,nv,HAM_0003575
0,0.5943087935447693,1,ham10000,ISIC_0027106,nv,HAM_0003576
0,0.22884607315063477,0,ham10000,ISIC_0024307,nv,HAM_0003577
0,0.45418819785118103,1,ham10000,ISIC_0027242,nv,HAM_0003578
0,0.5013428330421448,1,ham10000,ISIC_0028042,nv,HAM_0003579
0,0.5619713664054871,1,ham10000,ISIC_0026030,nv,HAM_0003580
0,0.694922149181366,1,ham10000,ISIC_0030051,nv,HAM_0003581
0,0.33207637071609497,1,ham10000,ISIC_0027332,bkl,HAM_0003582
0,0.39971211552619934,1,ham10000,ISIC_0026006,nv,HAM_0003583
0,0.39380910992622375,1,ham10000,ISIC_0029875,nv,HAM_0003584
0,0.6694076061248779,1,ham10000,ISIC_0029583,nv,HAM_0003585
1,0.13265229761600494,0,ham10000,ISIC_0027678,akiec,HAM_0003586
1,0.43274781107902527,1,ham10000,ISIC_0026870,mel,HAM_0003587
0,0.3628561794757843,1,ham10000,ISIC_0025232,nv,HAM_0003588
0,0.21779131889343262,0,ham10000,ISIC_0025403,nv,HAM_0003589
0,0.23908044397830963,0,ham10000,ISIC_0024916,nv,HAM_0003590
0,0.43248987197875977,1,ham10000,ISIC_0025788,nv,HAM_0003591
0,0.514080822467804,1,ham10000,ISIC_0031416,nv,HAM_0003592
1,0.7101362347602844,1,ham10000,ISIC_0027478,bcc,HAM_0003593
0,0.2977401316165924,1,ham10000,ISIC_0027009,nv,HAM_0003594
0,0.2711048424243927,0,ham10000,ISIC_0027621,nv,HAM_0003595
1,0.6872096657752991,1,ham10000,ISIC_0032194,bcc,HAM_0003596
0,0.8605843782424927,1,ham10000,ISIC_0027488,df,HAM_0003597
0,0.3608397841453552,1,ham10000,ISIC_0028725,nv,HAM_0003598
0,0.6439289450645447,1,ham10000,ISIC_0029607,nv,HAM_0003599
1,0.7885153293609619,1,ham10000,ISIC_0031836,bcc,HAM_0003600
1,0.6125624775886536,1,ham10000,ISIC_0027507,mel,HAM_0003601
1,0.443402498960495,1,ham10000,ISIC_0032533,mel,HAM_0003602
0,0.6216172575950623,1,ham10000,ISIC_0026795,nv,HAM_0003603
0,0.47647297382354736,1,ham10000,ISIC_0028125,nv,HAM_0003604
0,0.2555842995643616,0,ham10000,ISIC_0026895,bkl,HAM_0003605
0,0.5789667963981628,1,ham10000,ISIC_0032661,nv,HAM_0003606
0,0.3192040026187897,1,ham10000,ISIC_0030648,nv,HAM_0003607
1,0.7144389748573303,1,ham10000,ISIC_0028228,mel,HAM_0003608
0,0.6038805842399597,1,ham10000,ISIC_0025729,nv,HAM_0003609
1,0.4770869314670563,1,ham10000,ISIC_0028937,bcc,HAM_0003610
0,0.2796095013618469,0,ham10000,ISIC_0031699,nv,HAM_0003611
0,0.3167106807231903,1,ham10000,ISIC_0024456,nv,HAM_0003612
0,0.9245182275772095,1,ham10000,ISIC_0030118,bkl,HAM_0003613
0,0.7373635172843933,1,ham10000,ISIC_0032560,nv,HAM_0003614
0,0.914681077003479,1,ham10000,ISIC_0029222,nv,HAM_0003615
0,0.21075989305973053,0,ham10000,ISIC_0025291,nv,HAM_0003616
1,0.6124144196510315,1,ham10000,ISIC_0029502,mel,HAM_0003617
0,0.4057328999042511,1,ham10000,ISIC_0028234,nv,HAM_0003618
0,0.8325408697128296,1,ham10000,ISIC_0025553,nv,HAM_0003619
1,0.6312886476516724,1,ham10000,ISIC_0032511,mel,HAM_0003620
0,0.40471121668815613,1,ham10000,ISIC_0030048,nv,HAM_0003621
1,0.4635471999645233,1,ham10000,ISIC_0027776,mel,HAM_0003622
0,0.7849476337432861,1,ham10000,ISIC_0032788,nv,HAM_0003623
0,0.3524183928966522,1,ham10000,ISIC_0025608,nv,HAM_0003624
1,0.6741446852684021,1,ham10000,ISIC_0032875,mel,HAM_0003625
0,0.3009887933731079,1,ham10000,ISIC_0030288,nv,HAM_0003626
0,0.6215316653251648,1,ham10000,ISIC_0024855,nv,HAM_0003627
0,0.2903706133365631,0,ham10000,ISIC_0031324,nv,HAM_0003628
0,0.4860179126262665,1,ham10000,ISIC_0024978,nv,HAM_0003629
0,0.5610675811767578,1,ham10000,ISIC_0030538,nv,HAM_0003630
0,0.43891507387161255,1,ham10000,ISIC_0024779,nv,HAM_0003631
0,0.4017833173274994,1,ham10000,ISIC_0029274,nv,HAM_0003632
1,0.6067569851875305,1,ham10000,ISIC_0030280,akiec,HAM_0003633
0,0.5401468873023987,1,ham10000,ISIC_0033194,nv,HAM_0003634
0,0.5692905783653259,1,ham10000,ISIC_0024801,nv,HAM_0003635
0,0.45624181628227234,1,ham10000,ISIC_0027124,nv,HAM_0003636
0,0.3293285071849823,1,ham10000,ISIC_0029738,nv,HAM_0003637
0,0.3753264546394348,1,ham10000,ISIC_0031492,nv,HAM_0003638
0,0.9524556994438171,1,ham10000,ISIC_0028894,nv,HAM_0003639
0,0.17680270969867706,0,ham10000,ISIC_0027181,nv,HAM_0003640
0,0.3754720091819763,1,ham10000,ISIC_0027492,nv,HAM_0003642
0,0.36359885334968567,1,ham10000,ISIC_0027923,nv,HAM_0003643
0,0.6201357245445251,1,ham10000,ISIC_0030202,nv,HAM_0003644
0,0.4764728844165802,1,ham10000,ISIC_0024390,nv,HAM_0003645
0,0.5669768452644348,1,ham10000,ISIC_0026518,nv,HAM_0003646
0,0.2924675941467285,0,ham10000,ISIC_0028840,bkl,HAM_0003647
0,0.306285560131073,1,ham10000,ISIC_0031730,nv,HAM_0003648
0,0.6310897469520569,1,ham10000,ISIC_0032946,nv,HAM_0003649
0,0.30847883224487305,1,ham10000,ISIC_0024995,nv,HAM_0003650
0,0.5398354530334473,1,ham10000,ISIC_0026252,nv,HAM_0003651
0,0.5885345935821533,1,ham10000,ISIC_0025784,nv,HAM_0003652
0,0.4737171530723572,1,ham10000,ISIC_0028534,nv,HAM_0003653
0,0.2257736623287201,0,ham10000,ISIC_0026283,nv,HAM_0003654
0,0.42892587184906006,1,ham10000,ISIC_0031305,nv,HAM_0003655
0,0.31404605507850647,1,ham10000,ISIC_0032213,nv,HAM_0003656
0,0.43725264072418213,1,ham10000,ISIC_0026740,nv,HAM_0003657
0,0.5624498128890991,1,ham10000,ISIC_0026379,nv,HAM_0003658
0,0.32636019587516785,1,ham10000,ISIC_0033449,bkl,HAM_0003659
0,0.3332020044326782,1,ham10000,ISIC_0026667,nv,HAM_0003660
0,0.5413113832473755,1,ham10000,ISIC_0026910,nv,HAM_0003661
0,0.5819878578186035,1,ham10000,ISIC_0028757,nv,HAM_0003662
0,0.7988149523735046,1,ham10000,ISIC_0026403,nv,HAM_0003663
0,0.4030096232891083,1,ham10000,ISIC_0030533,bkl,HAM_0003664
0,0.46436598896980286,1,ham10000,ISIC_0030573,nv,HAM_0003665
0,0.4622107744216919,1,ham10000,ISIC_0029246,nv,HAM_0003666
0,0.6457828879356384,1,ham10000,ISIC_0025695,nv,HAM_0003667
0,0.6758924722671509,1,ham10000,ISIC_0024383,bkl,HAM_0003668
1,0.7355433106422424,1,ham10000,ISIC_0030096,bcc,HAM_0003669
0,0.8847600221633911,1,ham10000,ISIC_0030105,bkl,HAM_0003670
0,0.26275134086608887,0,ham10000,ISIC_0029373,nv,HAM_0003671
0,0.582751989364624,1,ham10000,ISIC_0030263,nv,HAM_0003672
0,0.17815130949020386,0,ham10000,ISIC_0030016,nv,HAM_0003673
0,0.2863130271434784,0,ham10000,ISIC_0028660,nv,HAM_0003674
0,0.8824751973152161,1,ham10000,ISIC_0028573,nv,HAM_0003675
0,0.6120946407318115,1,ham10000,ISIC_0032530,nv,HAM_0003676
0,0.21860958635807037,0,ham10000,ISIC_0029409,nv,HAM_0003677
0,0.3965989947319031,1,ham10000,ISIC_0026197,nv,HAM_0003678
1,0.7252435088157654,1,ham10000,ISIC_0032840,mel,HAM_0003679
1,0.4887503385543823,1,ham10000,ISIC_0024403,bcc,HAM_0003680
0,0.5391835570335388,1,ham10000,ISIC_0032907,nv,HAM_0003681
0,0.6587474346160889,1,ham10000,ISIC_0031630,bkl,HAM_0003682
1,0.4902020990848541,1,ham10000,ISIC_0027352,mel,HAM_0003683
0,0.7316567897796631,1,ham10000,ISIC_0031385,nv,HAM_0003684
0,0.5195717215538025,1,ham10000,ISIC_0032292,nv,HAM_0003685
0,0.519797682762146,1,ham10000,ISIC_0024870,nv,HAM_0003686
0,0.14516176283359528,0,ham10000,ISIC_0027515,nv,HAM_0003687
1,0.19924817979335785,0,ham10000,ISIC_0028231,akiec,HAM_0003688
0,0.2484082132577896,0,ham10000,ISIC_0025874,bkl,HAM_0003689
1,0.7896135449409485,1,ham10000,ISIC_0033146,bcc,HAM_0003690
0,0.42541876435279846,1,ham10000,ISIC_0027428,bkl,HAM_0003691
0,0.5888999104499817,1,ham10000,ISIC_0027684,nv,HAM_0003692
0,0.5266389846801758,1,ham10000,ISIC_0030149,nv,HAM_0003693
1,0.5449646711349487,1,ham10000,ISIC_0028818,bcc,HAM_0003694
0,0.04529088735580444,0,ham10000,ISIC_0025679,nv,HAM_0003695
0,0.20625466108322144,0,ham10000,ISIC_0032945,nv,HAM_0003696
0,0.38995349407196045,1,ham10000,ISIC_0025438,nv,HAM_0003697
0,0.6365401148796082,1,ham10000,ISIC_0025518,nv,HAM_0003698
0,0.45623070001602173,1,ham10000,ISIC_0027397,nv,HAM_0003699
1,0.5540977120399475,1,ham10000,ISIC_0029606,mel,HAM_0003700
0,0.47023501992225647,1,ham10000,ISIC_0027191,nv,HAM_0003701
0,0.10715444386005402,0,ham10000,ISIC_0029800,nv,HAM_0003702
0,0.2838144302368164,0,ham10000,ISIC_0030468,nv,HAM_0003703
0,0.4762788414955139,1,ham10000,ISIC_0029463,nv,HAM_0003704
0,0.09296781569719315,0,ham10000,ISIC_0025263,nv,HAM_0003705
0,0.3799990713596344,1,ham10000,ISIC_0028099,nv,HAM_0003706
0,0.3118841052055359,1,ham10000,ISIC_0029528,nv,HAM_0003707
0,0.6535508632659912,1,ham10000,ISIC_0027232,nv,HAM_0003708
0,0.05840286985039711,0,ham10000,ISIC_0028483,nv,HAM_0003709
0,0.4241139888763428,1,ham10000,ISIC_0031611,nv,HAM_0003710
0,0.06711271405220032,0,ham10000,ISIC_0024896,nv,HAM_0003711
0,0.40191325545310974,1,ham10000,ISIC_0024513,nv,HAM_0003712
0,0.5304035544395447,1,ham10000,ISIC_0032885,nv,HAM_0003713
0,0.44048380851745605,1,ham10000,ISIC_0026064,nv,HAM_0003714
0,0.33867165446281433,1,ham10000,ISIC_0026941,bkl,HAM_0003715
1,0.5880985856056213,1,ham10000,ISIC_0024897,bcc,HAM_0003716
0,0.5280176997184753,1,ham10000,ISIC_0030414,nv,HAM_0003717
0,0.682314932346344,1,ham10000,ISIC_0025233,nv,HAM_0003718
0,0.4620427191257477,1,ham10000,ISIC_0028046,nv,HAM_0003719
0,0.35497593879699707,1,ham10000,ISIC_0029250,nv,HAM_0003720
0,0.5792994499206543,1,ham10000,ISIC_0029490,nv,HAM_0003721
0,0.16058963537216187,0,ham10000,ISIC_0030052,nv,HAM_0003722
0,0.5149825811386108,1,ham10000,ISIC_0025742,nv,HAM_0003723
0,0.23784133791923523,0,ham10000,ISIC_0025036,nv,HAM_0003724
0,0.19225865602493286,0,ham10000,ISIC_0027986,nv,HAM_0003725
0,0.8610550761222839,1,ham10000,ISIC_0028503,bkl,HAM_0003726
0,0.41317394375801086,1,ham10000,ISIC_0026404,nv,HAM_0003727
0,0.7637602090835571,1,ham10000,ISIC_0033949,bkl,HAM_0003728
0,0.31866487860679626,1,ham10000,ISIC_0026234,nv,HAM_0003729
0,0.5946590900421143,1,ham10000,ISIC_0026431,nv,HAM_0003730
0,0.6177049279212952,1,ham10000,ISIC_0031680,nv,HAM_0003731
0,0.4397183358669281,1,ham10000,ISIC_0026710,nv,HAM_0003732
0,0.3791895806789398,1,ham10000,ISIC_0025448,nv,HAM_0003733
0,0.3429197371006012,1,ham10000,ISIC_0029767,nv,HAM_0003734
0,0.3968541920185089,1,ham10000,ISIC_0032512,nv,HAM_0003735
0,0.20322033762931824,0,ham10000,ISIC_0026373,nv,HAM_0003736
0,0.6041587591171265,1,ham10000,ISIC_0024451,nv,HAM_0003737
1,0.802101194858551,1,ham10000,ISIC_0031243,bcc,HAM_0003738
0,0.7299593091011047,1,ham10000,ISIC_0026675,bkl,HAM_0003739
0,0.3663473129272461,1,ham10000,ISIC_0026568,nv,HAM_0003740
1,0.7593806982040405,1,ham10000,ISIC_0028980,bcc,HAM_0003741
0,0.401643306016922,1,ham10000,ISIC_0027150,nv,HAM_0003742
0,0.8208140730857849,1,ham10000,ISIC_0033592,bkl,HAM_0003743
0,0.668282151222229,1,ham10000,ISIC_0032518,nv,HAM_0003744
0,0.7568542957305908,1,ham10000,ISIC_0029704,nv,HAM_0003745
0,0.3629872500896454,1,ham10000,ISIC_0030437,nv,HAM_0003746
0,0.5458167791366577,1,ham10000,ISIC_0026582,nv,HAM_0003747
0,0.5054917931556702,1,ham10000,ISIC_0031051,nv,HAM_0003748
1,0.539741039276123,1,ham10000,ISIC_0025268,mel,HAM_0003749
0,0.46426883339881897,1,ham10000,ISIC_0028624,nv,HAM_0003750
0,0.6432648301124573,1,ham10000,ISIC_0026302,nv,HAM_0003751
0,0.3949768543243408,1,ham10000,ISIC_0028308,bkl,HAM_0003752
0,0.4447850286960602,1,ham10000,ISIC_0031911,nv,HAM_0003753
0,0.5022576451301575,1,ham10000,ISIC_0028649,nv,HAM_0003754
0,0.703857421875,1,ham10000,ISIC_0033489,nv,HAM_0003755
0,0.4773983955383301,1,ham10000,ISIC_0030832,nv,HAM_0003756
0,0.17887426912784576,0,ham10000,ISIC_0029233,bkl,HAM_0003757
0,0.7601537108421326,1,ham10000,ISIC_0028581,nv,HAM_0003758
1,0.7680773138999939,1,ham10000,ISIC_0032630,mel,HAM_0003759
0,0.44617748260498047,1,ham10000,ISIC_0032145,nv,HAM_0003760
1,0.5391635298728943,1,ham10000,ISIC_0025316,mel,HAM_0003761
0,0.42179128527641296,1,ham10000,ISIC_0024736,nv,HAM_0003762
0,0.3283557593822479,1,ham10000,ISIC_0029709,nv,HAM_0003763
1,0.7990902662277222,1,ham10000,ISIC_0028877,bcc,HAM_0003764
0,0.5798335075378418,1,ham10000,ISIC_0026538,bkl,HAM_0003766
0,0.2895119786262512,0,ham10000,ISIC_0024604,nv,HAM_0003767
0,0.14977280795574188,0,ham10000,ISIC_0026634,bkl,HAM_0003768
0,0.4291609823703766,1,ham10000,ISIC_0027692,nv,HAM_0003769
0,0.669050931930542,1,ham10000,ISIC_0032877,bkl,HAM_0003770
0,0.7102788090705872,1,ham10000,ISIC_0025807,vasc,HAM_0003771
0,0.26253071427345276,0,ham10000,ISIC_0024379,nv,HAM_0003772
0,0.47322598099708557,1,ham10000,ISIC_0027952,nv,HAM_0003773
0,0.5777735710144043,1,ham10000,ISIC_0033144,nv,HAM_0003774
0,0.2937857508659363,0,ham10000,ISIC_0025347,nv,HAM_0003776
0,0.6660686135292053,1,ham10000,ISIC_0033118,nv,HAM_0003777
1,0.775611400604248,1,ham10000,ISIC_0027337,bcc,HAM_0003778
0,0.5446092486381531,1,ham10000,ISIC_0024656,nv,HAM_0003779
0,0.36144015192985535,1,ham10000,ISIC_0027123,nv,HAM_0003780
0,0.5972109436988831,1,ham10000,ISIC_0026225,nv,HAM_0003781
1,0.6947396993637085,1,ham10000,ISIC_0027102,mel,HAM_0003782
0,0.12369615584611893,0,ham10000,ISIC_0024488,nv,HAM_0003783
0,0.2936306893825531,0,ham10000,ISIC_0027965,nv,HAM_0003784
0,0.6407967805862427,1,ham10000,ISIC_0025776,nv,HAM_0003785
0,0.50299471616745,1,ham10000,ISIC_0031590,nv,HAM_0003786
0,0.7086663246154785,1,ham10000,ISIC_0030630,bkl,HAM_0003787
0,0.3486468493938446,1,ham10000,ISIC_0026246,nv,HAM_0003788
0,0.20784035325050354,0,ham10000,ISIC_0024915,bkl,HAM_0003789
0,0.3033103942871094,1,ham10000,ISIC_0028131,nv,HAM_0003790
0,0.8765468001365662,1,ham10000,ISIC_0026893,bkl,HAM_0003791
0,0.3791821599006653,1,ham10000,ISIC_0029069,nv,HAM_0003792
0,0.35553550720214844,1,ham10000,ISIC_0025382,nv,HAM_0003793
0,0.6341889500617981,1,ham10000,ISIC_0029429,nv,HAM_0003794
0,0.15458044409751892,0,ham10000,ISIC_0028811,nv,HAM_0003795
0,0.1933382749557495,0,ham10000,ISIC_0030696,nv,HAM_0003796
0,0.46016189455986023,1,ham10000,ISIC_0024639,nv,HAM_0003797
0,0.385410875082016,1,ham10000,ISIC_0030307,nv,HAM_0003798
0,0.28670191764831543,0,ham10000,ISIC_0031954,nv,HAM_0003799
0,0.41831174492836,1,ham10000,ISIC_0026623,bkl,HAM_0003800
0,0.6197763085365295,1,ham10000,ISIC_0033718,nv,HAM_0003801
1,0.8406202793121338,1,ham10000,ISIC_0032308,mel,HAM_0003802
0,0.642230212688446,1,ham10000,ISIC_0033083,nv,HAM_0003803
0,0.21883057057857513,0,ham10000,ISIC_0026617,nv,HAM_0003804
1,0.9674744606018066,1,ham10000,ISIC_0030446,bcc,HAM_0003805
0,0.4776780903339386,1,ham10000,ISIC_0028667,nv,HAM_0003806
0,0.5474440455436707,1,ham10000,ISIC_0032655,bkl,HAM_0003807
0,0.48357152938842773,1,ham10000,ISIC_0034040,bkl,HAM_0003808
0,0.3038368225097656,1,ham10000,ISIC_0032402,nv,HAM_0003809
0,0.5356858968734741,1,ham10000,ISIC_0034309,nv,HAM_0003810
0,0.3812475800514221,1,ham10000,ISIC_0032900,nv,HAM_0003811
0,0.16038911044597626,0,ham10000,ISIC_0033898,nv,HAM_0003812
0,0.3428207337856293,1,ham10000,ISIC_0033173,nv,HAM_0003813
0,0.44498369097709656,1,ham10000,ISIC_0032647,nv,HAM_0003814
0,0.4802769124507904,1,ham10000,ISIC_0024715,nv,HAM_0003815
0,0.2623978853225708,0,ham10000,ISIC_0029152,nv,HAM_0003816
0,0.3236711919307709,1,ham10000,ISIC_0032800,nv,HAM_0003817
0,0.15055900812149048,0,ham10000,ISIC_0033622,nv,HAM_0003818
0,0.36628273129463196,1,ham10000,ISIC_0027689,nv,HAM_0003819
0,0.45968949794769287,1,ham10000,ISIC_0029109,nv,HAM_0003820
0,0.42827147245407104,1,ham10000,ISIC_0026588,nv,HAM_0003821
0,0.3919571340084076,1,ham10000,ISIC_0030115,nv,HAM_0003822
0,0.5925119519233704,1,ham10000,ISIC_0027081,nv,HAM_0003823
0,0.7865579724311829,1,ham10000,ISIC_0032971,nv,HAM_0003824
0,0.29902827739715576,1,ham10000,ISIC_0030656,nv,HAM_0003825
1,0.6391507387161255,1,ham10000,ISIC_0026433,bcc,HAM_0003826
1,0.5352853536605835,1,ham10000,ISIC_0028350,bcc,HAM_0003827
0,0.6250649690628052,1,ham10000,ISIC_0029865,nv,HAM_0003828
0,0.4369904100894928,1,ham10000,ISIC_0026349,vasc,HAM_0003829
0,0.48756831884384155,1,ham10000,ISIC_0028496,bkl,HAM_0003830
0,0.3003525137901306,1,ham10000,ISIC_0026724,nv,HAM_0003831
1,0.6101508736610413,1,ham10000,ISIC_0024586,mel,HAM_0003832
0,0.629233181476593,1,ham10000,ISIC_0025945,nv,HAM_0003833
0,0.5079953074455261,1,ham10000,ISIC_0030398,nv,HAM_0003834
0,0.5889262557029724,1,ham10000,ISIC_0024412,bkl,HAM_0003835
0,0.29285988211631775,0,ham10000,ISIC_0031802,nv,HAM_0003836
0,0.2318408340215683,0,ham10000,ISIC_0028850,nv,HAM_0003837
0,0.7402549982070923,1,ham10000,ISIC_0028888,nv,HAM_0003838
0,0.4743993282318115,1,ham10000,ISIC_0026693,vasc,HAM_0003839
0,0.4294731020927429,1,ham10000,ISIC_0027801,bkl,HAM_0003840
0,0.6314581036567688,1,ham10000,ISIC_0028349,nv,HAM_0003841
0,0.4179871678352356,1,ham10000,ISIC_0027217,nv,HAM_0003842
1,0.8211908340454102,1,ham10000,ISIC_0034036,mel,HAM_0003843
0,0.28971990942955017,0,ham10000,ISIC_0027169,nv,HAM_0003844
0,0.7288070917129517,1,ham10000,ISIC_0032829,bkl,HAM_0003845
1,0.3757019340991974,1,ham10000,ISIC_0028113,bcc,HAM_0003846
0,0.5446840524673462,1,ham10000,ISIC_0027053,bkl,HAM_0003847
0,0.7443031668663025,1,ham10000,ISIC_0027077,nv,HAM_0003848
0,0.3096674680709839,1,ham10000,ISIC_0027185,nv,HAM_0003849
0,0.5523126125335693,1,ham10000,ISIC_0027237,nv,HAM_0003850
1,0.6999876499176025,1,ham10000,ISIC_0031643,bcc,HAM_0003851
0,0.8227789998054504,1,ham10000,ISIC_0032542,nv,HAM_0003852
1,0.48138973116874695,1,ham10000,ISIC_0030644,bcc,HAM_0003853
0,0.46268415451049805,1,ham10000,ISIC_0031655,nv,HAM_0003854
0,0.19758610427379608,0,ham10000,ISIC_0028801,nv,HAM_0003855
0,0.6386699676513672,1,ham10000,ISIC_0024760,bkl,HAM_0003856
0,0.8102364540100098,1,ham10000,ISIC_0028210,nv,HAM_0003857
0,0.3366106450557709,1,ham10000,ISIC_0031356,nv,HAM_0003858
0,0.6497546434402466,1,ham10000,ISIC_0027167,bkl,HAM_0003859
0,0.5431332588195801,1,ham10000,ISIC_0025669,nv,HAM_0003860
0,0.45295143127441406,1,ham10000,ISIC_0026951,nv,HAM_0003861
0,0.8116782903671265,1,ham10000,ISIC_0032775,vasc,HAM_0003862
0,0.46516257524490356,1,ham10000,ISIC_0027879,nv,HAM_0003863
0,0.4744924008846283,1,ham10000,ISIC_0029586,nv,HAM_0003864
0,0.18774396181106567,0,ham10000,ISIC_0032188,nv,HAM_0003865
1,0.5912162065505981,1,ham10000,ISIC_0024665,bcc,HAM_0003866
0,0.8550918102264404,1,ham10000,ISIC_0028425,nv,HAM_0003867
0,0.2723771631717682,0,ham10000,ISIC_0024708,bkl,HAM_0003868
1,0.60536128282547,1,ham10000,ISIC_0025766,mel,HAM_0003869
0,0.15319176018238068,0,ham10000,ISIC_0024852,nv,HAM_0003870
0,0.35278648138046265,1,ham10000,ISIC_0031664,nv,HAM_0003871
0,0.6450974345207214,1,ham10000,ISIC_0028903,nv,HAM_0003872
0,0.5209348201751709,1,ham10000,ISIC_0024475,vasc,HAM_0003873
0,0.4911227226257324,1,ham10000,ISIC_0024809,nv,HAM_0003874
0,0.3128505051136017,1,ham10000,ISIC_0028955,nv,HAM_0003875
0,0.4664841890335083,1,ham10000,ISIC_0030481,nv,HAM_0003876
0,0.6049947142601013,1,ham10000,ISIC_0031537,bkl,HAM_0003877
0,0.04269792512059212,0,ham10000,ISIC_0031072,nv,HAM_0003878
0,0.49136242270469666,1,ham10000,ISIC_0024894,nv,HAM_0003879
0,0.5436282753944397,1,ham10000,ISIC_0027508,nv,HAM_0003880
0,0.7375262975692749,1,ham10000,ISIC_0029061,bkl,HAM_0003881
0,0.7391024827957153,1,ham10000,ISIC_0028266,nv,HAM_0003882
0,0.4749422073364258,1,ham10000,ISIC_0029112,nv,HAM_0003883
0,0.4422369599342346,1,ham10000,ISIC_0033605,nv,HAM_0003884
1,0.4940657615661621,1,ham10000,ISIC_0027560,mel,HAM_0003885
1,0.6329308152198792,1,ham10000,ISIC_0032857,bcc,HAM_0003887
0,0.5049800276756287,1,ham10000,ISIC_0028672,nv,HAM_0003888
0,0.44109106063842773,1,ham10000,ISIC_0026005,nv,HAM_0003889
0,0.24926820397377014,0,ham10000,ISIC_0028940,nv,HAM_0003890
0,0.7170164585113525,1,ham10000,ISIC_0028487,nv,HAM_0003891
0,0.39738771319389343,1,ham10000,ISIC_0028045,nv,HAM_0003892
0,0.26639920473098755,0,ham10000,ISIC_0025560,nv,HAM_0003894
1,0.3496417701244354,1,ham10000,ISIC_0026203,akiec,HAM_0003895
0,0.4334917366504669,1,ham10000,ISIC_0030952,nv,HAM_0003896
0,0.19402733445167542,0,ham10000,ISIC_0025853,nv,HAM_0003897
0,0.6364378333091736,1,ham10000,ISIC_0028713,nv,HAM_0003898
0,0.5229972004890442,1,ham10000,ISIC_0029991,bkl,HAM_0003899
0,0.7848255038261414,1,ham10000,ISIC_0027868,nv,HAM_0003900
0,0.14234395325183868,0,ham10000,ISIC_0026931,nv,HAM_0003901
0,0.32738614082336426,1,ham10000,ISIC_0030313,nv,HAM_0003902
0,0.3297974467277527,1,ham10000,ISIC_0028536,nv,HAM_0003903
0,0.36832988262176514,1,ham10000,ISIC_0025871,nv,HAM_0003904
0,0.22564947605133057,0,ham10000,ISIC_0029275,nv,HAM_0003905
0,0.30093374848365784,1,ham10000,ISIC_0029955,nv,HAM_0003906
0,0.30289652943611145,1,ham10000,ISIC_0027587,nv,HAM_0003907
0,0.29043668508529663,0,ham10000,ISIC_0030854,nv,HAM_0003908
0,0.49349692463874817,1,ham10000,ISIC_0026935,nv,HAM_0003909
1,0.6290963888168335,1,ham10000,ISIC_0026194,akiec,HAM_0003910
0,0.7148216366767883,1,ham10000,ISIC_0030645,nv,HAM_0003911
0,0.27702561020851135,0,ham10000,ISIC_0028367,nv,HAM_0003912
0,0.6321135759353638,1,ham10000,ISIC_0027295,bkl,HAM_0003913
0,0.5191879868507385,1,ham10000,ISIC_0029300,nv,HAM_0003914
0,0.2152978777885437,0,ham10000,ISIC_0026850,nv,HAM_0003915
0,0.46828028559684753,1,ham10000,ISIC_0032370,nv,HAM_0003916
0,0.5964378118515015,1,ham10000,ISIC_0026814,nv,HAM_0003917
0,0.3591628670692444,1,ham10000,ISIC_0029127,nv,HAM_0003918
0,0.2803703546524048,0,ham10000,ISIC_0024781,nv,HAM_0003919
0,0.8146486878395081,1,ham10000,ISIC_0026351,bkl,HAM_0003920
0,0.25291481614112854,0,ham10000,ISIC_0025728,nv,HAM_0003921
0,0.3530624806880951,1,ham10000,ISIC_0027603,nv,HAM_0003922
0,0.10551007091999054,0,ham10000,ISIC_0025282,nv,HAM_0003923
0,0.5133873820304871,1,ham10000,ISIC_0030569,nv,HAM_0003924
0,0.7919472455978394,1,ham10000,ISIC_0031759,vasc,HAM_0003925
0,0.465471088886261,1,ham10000,ISIC_0026422,bkl,HAM_0003926
0,0.6814258098602295,1,ham10000,ISIC_0032567,bkl,HAM_0003927
0,0.2843899428844452,0,ham10000,ISIC_0031755,nv,HAM_0003928
0,0.49661076068878174,1,ham10000,ISIC_0027792,nv,HAM_0003929
0,0.21235425770282745,0,ham10000,ISIC_0028221,nv,HAM_0003930
0,0.215423583984375,0,ham10000,ISIC_0026007,nv,HAM_0003931
0,0.6386529803276062,1,ham10000,ISIC_0026151,nv,HAM_0003932
0,0.4211563766002655,1,ham10000,ISIC_0029854,nv,HAM_0003933
1,0.8418178558349609,1,ham10000,ISIC_0027767,akiec,HAM_0003934
0,0.11342345178127289,0,ham10000,ISIC_0033782,nv,HAM_0003935
0,0.166151762008667,0,ham10000,ISIC_0024576,nv,HAM_0003936
0,0.428741455078125,1,ham10000,ISIC_0025309,nv,HAM_0003937
0,0.3950437903404236,1,ham10000,ISIC_0030231,bkl,HAM_0003938
1,0.7031688690185547,1,ham10000,ISIC_0027172,akiec,HAM_0003939
0,0.5108822584152222,1,ham10000,ISIC_0029803,nv,HAM_0003940
1,0.7419992685317993,1,ham10000,ISIC_0028419,bcc,HAM_0003941
0,0.33601459860801697,1,ham10000,ISIC_0029024,nv,HAM_0003942
0,0.4573686122894287,1,ham10000,ISIC_0025973,bkl,HAM_0003943
0,0.3734722435474396,1,ham10000,ISIC_0026672,nv,HAM_0003944
0,0.3047060966491699,1,ham10000,ISIC_0032528,nv,HAM_0003945
0,0.14070072770118713,0,ham10000,ISIC_0026991,nv,HAM_0003946
0,0.47561952471733093,1,ham10000,ISIC_0032551,nv,HAM_0003947
0,0.25637710094451904,0,ham10000,ISIC_0025806,nv,HAM_0003948
1,0.6695828437805176,1,ham10000,ISIC_0027254,akiec,HAM_0003949
0,0.3280419111251831,1,ham10000,ISIC_0026474,nv,HAM_0003950
0,0.5601071119308472,1,ham10000,ISIC_0024317,nv,HAM_0003951
0,0.38258782029151917,1,ham10000,ISIC_0031176,nv,HAM_0003952
0,0.15846215188503265,0,ham10000,ISIC_0027158,nv,HAM_0003953
0,0.4727940559387207,1,ham10000,ISIC_0031382,nv,HAM_0003954
0,0.43755772709846497,1,ham10000,ISIC_0026250,nv,HAM_0003955
0,0.13022443652153015,0,ham10000,ISIC_0030190,nv,HAM_0003956
1,0.45006874203681946,1,ham10000,ISIC_0030653,mel,HAM_0003957
0,0.5671032071113586,1,ham10000,ISIC_0027360,nv,HAM_0003958
0,0.2900231182575226,0,ham10000,ISIC_0029314,nv,HAM_0003959
0,0.1663123071193695,0,ham10000,ISIC_0026256,nv,HAM_0003960
0,0.297456294298172,1,ham10000,ISIC_0026624,nv,HAM_0003961
0,0.5126284956932068,1,ham10000,ISIC_0027805,nv,HAM_0003962
0,0.6223061084747314,1,ham10000,ISIC_0027448,nv,HAM_0003963
0,0.31468552350997925,1,ham10000,ISIC_0029111,nv,HAM_0003964
0,0.47218966484069824,1,ham10000,ISIC_0025652,nv,HAM_0003965
0,0.33919692039489746,1,ham10000,ISIC_0032584,nv,HAM_0003966
0,0.2970283329486847,0,ham10000,ISIC_0032796,nv,HAM_0003968
0,0.814350426197052,1,ham10000,ISIC_0032627,nv,HAM_0003969
0,0.18470413982868195,0,ham10000,ISIC_0025093,nv,HAM_0003970
1,0.4113987386226654,1,ham10000,ISIC_0029634,akiec,HAM_0003971
0,0.34075528383255005,1,ham10000,ISIC_0029706,nv,HAM_0003972
0,0.45860520005226135,1,ham10000,ISIC_0026867,bkl,HAM_0003973
0,0.5364764928817749,1,ham10000,ISIC_0026512,nv,HAM_0003974
0,0.5176661610603333,1,ham10000,ISIC_0030098,nv,HAM_0003975
0,0.6250612735748291,1,ham10000,ISIC_0029469,nv,HAM_0003976
0,0.40598437190055847,1,ham10000,ISIC_0026495,nv,HAM_0003977
0,0.7664548754692078,1,ham10000,ISIC_0033284,bkl,HAM_0003978
0,0.47875213623046875,1,ham10000,ISIC_0026416,bkl,HAM_0003979
0,0.5477569699287415,1,ham10000,ISIC_0026712,nv,HAM_0003980
1,0.9058311581611633,1,ham10000,ISIC_0025731,bcc,HAM_0003981
0,0.5716143846511841,1,ham10000,ISIC_0030056,bkl,HAM_0003982
1,0.5846679210662842,1,ham10000,ISIC_0033278,mel,HAM_0003983
0,0.5054258108139038,1,ham10000,ISIC_0032228,nv,HAM_0003984
0,0.6327782273292542,1,ham10000,ISIC_0025570,nv,HAM_0003985
0,0.5938584208488464,1,ham10000,ISIC_0030020,nv,HAM_0003986
0,0.33326393365859985,1,ham10000,ISIC_0030354,nv,HAM_0003987
0,0.41184350848197937,1,ham10000,ISIC_0024427,nv,HAM_0003988
1,0.9477420449256897,1,ham10000,ISIC_0030714,akiec,HAM_0003989
1,0.8276949524879456,1,ham10000,ISIC_0025996,mel,HAM_0003990
1,0.282617449760437,0,ham10000,ISIC_0029602,bcc,HAM_0003991
0,0.32603374123573303,1,ham10000,ISIC_0028821,nv,HAM_0003992
0,0.5218177437782288,1,ham10000,ISIC_0033097,nv,HAM_0003993
0,0.3690961003303528,1,ham10000,ISIC_0026648,nv,HAM_0003994
0,0.5590705275535583,1,ham10000,ISIC_0029799,nv,HAM_0003995
0,0.5215286612510681,1,ham10000,ISIC_0025465,bkl,HAM_0003996
0,0.7680014371871948,1,ham10000,ISIC_0030537,nv,HAM_0003997
0,0.577619194984436,1,ham10000,ISIC_0033809,nv,HAM_0003998
0,0.3369928002357483,1,ham10000,ISIC_0026945,nv,HAM_0003999
0,0.37253081798553467,1,ham10000,ISIC_0032594,nv,HAM_0004000
0,0.4621362090110779,1,ham10000,ISIC_0029996,nv,HAM_0004001
0,0.3660936653614044,1,ham10000,ISIC_0027628,nv,HAM_0004002
0,0.2635224759578705,0,ham10000,ISIC_0031097,nv,HAM_0004003
0,0.30710840225219727,1,ham10000,ISIC_0024782,bkl,HAM_0004004
0,0.39997926354408264,1,ham10000,ISIC_0032093,nv,HAM_0004005
0,0.24667005240917206,0,ham10000,ISIC_0031653,nv,HAM_0004006
0,0.43127286434173584,1,ham10000,ISIC_0027596,nv,HAM_0004007
0,0.23110096156597137,0,ham10000,ISIC_0027997,nv,HAM_0004008
0,0.21167808771133423,0,ham10000,ISIC_0024856,nv,HAM_0004009
0,0.29318180680274963,0,ham10000,ISIC_0031061,bkl,HAM_0004010
1,0.7006704211235046,1,ham10000,ISIC_0033023,mel,HAM_0004011
1,0.5212716460227966,1,ham10000,ISIC_0025831,akiec,HAM_0004012
0,0.338529109954834,1,ham10000,ISIC_0026021,nv,HAM_0004013
0,0.6438922882080078,1,ham10000,ISIC_0029809,nv,HAM_0004014
0,0.3098948895931244,1,ham10000,ISIC_0027892,nv,HAM_0004015
0,0.5019427537918091,1,ham10000,ISIC_0032935,nv,HAM_0004016
0,0.3167780339717865,1,ham10000,ISIC_0030351,nv,HAM_0004017
0,0.38044485449790955,1,ham10000,ISIC_0028112,nv,HAM_0004018
0,0.3670632541179657,1,ham10000,ISIC_0029629,nv,HAM_0004019
0,0.632587730884552,1,ham10000,ISIC_0025245,nv,HAM_0004020
1,0.7399861812591553,1,ham10000,ISIC_0025800,mel,HAM_0004021
0,0.4241872727870941,1,ham10000,ISIC_0028134,nv,HAM_0004022
0,0.6137470006942749,1,ham10000,ISIC_0029766,nv,HAM_0004023
0,0.4478364884853363,1,ham10000,ISIC_0032338,nv,HAM_0004024
0,0.5529079437255859,1,ham10000,ISIC_0025983,nv,HAM_0004025
0,0.4155915081501007,1,ham10000,ISIC_0030357,nv,HAM_0004026
1,0.3316171169281006,1,ham10000,ISIC_0024595,bcc,HAM_0004027
0,0.36838117241859436,1,ham10000,ISIC_0028526,nv,HAM_0004028
0,0.6028670072555542,1,ham10000,ISIC_0029472,bkl,HAM_0004029
0,0.19188065826892853,0,ham10000,ISIC_0029926,nv,HAM_0004030
0,0.31126630306243896,1,ham10000,ISIC_0029517,nv,HAM_0004031
0,0.4164784550666809,1,ham10000,ISIC_0032403,nv,HAM_0004032
1,0.4701550602912903,1,ham10000,ISIC_0027452,akiec,HAM_0004033
1,0.42686232924461365,1,ham10000,ISIC_0024948,akiec,HAM_0004034
0,0.5048386454582214,1,ham10000,ISIC_0027039,nv,HAM_0004035
0,0.4411371648311615,1,ham10000,ISIC_0027107,df,HAM_0004036
0,0.5602686405181885,1,ham10000,ISIC_0027383,nv,HAM_0004037
0,0.43043091893196106,1,ham10000,ISIC_0032582,nv,HAM_0004038
0,0.29193100333213806,0,ham10000,ISIC_0026383,nv,HAM_0004039
0,0.4874209463596344,1,ham10000,ISIC_0029042,nv,HAM_0004040
0,0.15729156136512756,0,ham10000,ISIC_0026375,nv,HAM_0004041
1,0.70144122838974,1,ham10000,ISIC_0026978,bcc,HAM_0004042
0,0.5826681852340698,1,ham10000,ISIC_0030492,nv,HAM_0004043
0,0.1812661737203598,0,ham10000,ISIC_0028606,nv,HAM_0004044
0,0.5149974822998047,1,ham10000,ISIC_0030939,nv,HAM_0004045
0,0.5839698910713196,1,ham10000,ISIC_0032366,nv,HAM_0004046
1,0.34101852774620056,1,ham10000,ISIC_0025500,mel,HAM_0004047
0,0.3481225073337555,1,ham10000,ISIC_0025203,nv,HAM_0004048
0,0.15645836293697357,0,ham10000,ISIC_0030924,nv,HAM_0004049
0,0.4482308328151703,1,ham10000,ISIC_0025086,bkl,HAM_0004050
0,0.521755576133728,1,ham10000,ISIC_0028049,nv,HAM_0004051
0,0.368164986371994,1,ham10000,ISIC_0028206,nv,HAM_0004052
1,0.4722219705581665,1,ham10000,ISIC_0027067,mel,HAM_0004053
0,0.7494311928749084,1,ham10000,ISIC_0031756,nv,HAM_0004054
0,0.38169631361961365,1,ham10000,ISIC_0030287,nv,HAM_0004055
1,0.7724053859710693,1,ham10000,ISIC_0033377,mel,HAM_0004056
0,0.3102063536643982,1,ham10000,ISIC_0026635,nv,HAM_0004057
0,0.6433045268058777,1,ham10000,ISIC_0030802,nv,HAM_0004058
0,0.3412802219390869,1,ham10000,ISIC_0029399,nv,HAM_0004059
1,0.326092928647995,1,ham10000,ISIC_0029210,akiec,HAM_0004060
0,0.3017426133155823,1,ham10000,ISIC_0029925,nv,HAM_0004061
0,0.4349020719528198,1,ham10000,ISIC_0028742,nv,HAM_0004062
0,0.38863781094551086,1,ham10000,ISIC_0032896,nv,HAM_0004063
0,0.33143624663352966,1,ham10000,ISIC_0024399,nv,HAM_0004064
0,0.35501235723495483,1,ham10000,ISIC_0026629,df,HAM_0004065
0,0.5259665250778198,1,ham10000,ISIC_0026390,nv,HAM_0004066
0,0.5038233995437622,1,ham10000,ISIC_0029065,nv,HAM_0004067
0,0.6692980527877808,1,ham10000,ISIC_0027853,nv,HAM_0004068
0,0.2402535378932953,0,ham10000,ISIC_0029476,nv,HAM_0004069
0,0.4164711534976959,1,ham10000,ISIC_0027657,nv,HAM_0004070
0,0.3761445879936218,1,ham10000,ISIC_0032607,nv,HAM_0004071
0,0.13907937705516815,0,ham10000,ISIC_0032130,nv,HAM_0004072
0,0.4241587519645691,1,ham10000,ISIC_0028093,nv,HAM_0004073
0,0.48123669624328613,1,ham10000,ISIC_0030599,nv,HAM_0004074
0,0.8276651501655579,1,ham10000,ISIC_0030276,bkl,HAM_0004075
0,0.31928208470344543,1,ham10000,ISIC_0032966,nv,HAM_0004076
0,0.556624710559845,1,ham10000,ISIC_0026566,bkl,HAM_0004078
0,0.45712846517562866,1,ham10000,ISIC_0031182,nv,HAM_0004079
0,0.44422945380210876,1,ham10000,ISIC_0028613,nv,HAM_0004080
1,0.4651527404785156,1,ham10000,ISIC_0031957,mel,HAM_0004081
0,0.4836980104446411,1,ham10000,ISIC_0025676,nv,HAM_0004082
1,0.6729246377944946,1,ham10000,ISIC_0032652,bcc,HAM_0004083
1,0.2817179262638092,0,ham10000,ISIC_0025285,bcc,HAM_0004084
0,0.5023626685142517,1,ham10000,ISIC_0028471,nv,HAM_0004085
0,0.5168190002441406,1,ham10000,ISIC_0034215,nv,HAM_0004088
0,0.3545937240123749,1,ham10000,ISIC_0026589,nv,HAM_0004089
0,0.9253718852996826,1,ham10000,ISIC_0031271,df,HAM_0004090
0,0.4565122127532959,1,ham10000,ISIC_0032675,bkl,HAM_0004091
0,0.18013429641723633,0,ham10000,ISIC_0028300,nv,HAM_0004092
0,0.39661744236946106,1,ham10000,ISIC_0030562,nv,HAM_0004093
0,0.6230405569076538,1,ham10000,ISIC_0031313,nv,HAM_0004094
0,0.17028987407684326,0,ham10000,ISIC_0026017,nv,HAM_0004095
0,0.34974387288093567,1,ham10000,ISIC_0028541,nv,HAM_0004096
0,0.3155634105205536,1,ham10000,ISIC_0025677,vasc,HAM_0004097
0,0.3820575177669525,1,ham10000,ISIC_0025843,nv,HAM_0004098
0,0.7643241286277771,1,ham10000,ISIC_0033010,nv,HAM_0004099
0,0.5496608018875122,1,ham10000,ISIC_0031106,nv,HAM_0004100
0,0.4945898652076721,1,ham10000,ISIC_0030881,nv,HAM_0004101
1,0.8938455581665039,1,ham10000,ISIC_0029726,mel,HAM_0004102
0,0.6508612036705017,1,ham10000,ISIC_0028880,df,HAM_0004103
0,0.4767524302005768,1,ham10000,ISIC_0032483,nv,HAM_0004104
0,0.6517393589019775,1,ham10000,ISIC_0030007,bkl,HAM_0004105
0,0.7195074558258057,1,ham10000,ISIC_0028943,bkl,HAM_0004106
0,0.5710320472717285,1,ham10000,ISIC_0029769,nv,HAM_0004107
1,0.5470017790794373,1,ham10000,ISIC_0033037,mel,HAM_0004109
0,0.44859111309051514,1,ham10000,ISIC_0030195,nv,HAM_0004110
0,0.5297521352767944,1,ham10000,ISIC_0028138,nv,HAM_0004111
0,0.5187577605247498,1,ham10000,ISIC_0030363,nv,HAM_0004112
0,0.6225427389144897,1,ham10000,ISIC_0033185,bkl,HAM_0004113
0,0.6478456854820251,1,ham10000,ISIC_0026844,bkl,HAM_0004114
0,0.6047268509864807,1,ham10000,ISIC_0027676,nv,HAM_0004115
0,0.6895996928215027,1,ham10000,ISIC_0026613,nv,HAM_0004116
0,0.20613832771778107,0,ham10000,ISIC_0024354,nv,HAM_0004117
0,0.5393576622009277,1,ham10000,ISIC_0032593,nv,HAM_0004118
0,0.24886532127857208,0,ham10000,ISIC_0025015,nv,HAM_0004119
0,0.43194589018821716,1,ham10000,ISIC_0034266,nv,HAM_0004120
1,0.8286283016204834,1,ham10000,ISIC_0025324,mel,HAM_0004121
0,0.41798099875450134,1,ham10000,ISIC_0031102,nv,HAM_0004122
0,0.4393489956855774,1,ham10000,ISIC_0032216,nv,HAM_0004123
0,0.6450635194778442,1,ham10000,ISIC_0029153,nv,HAM_0004124
0,0.4477061331272125,1,ham10000,ISIC_0027437,bkl,HAM_0004125
1,0.9338098168373108,1,ham10000,ISIC_0030060,mel,HAM_0004126
0,0.353130966424942,1,ham10000,ISIC_0027073,nv,HAM_0004127
0,0.4637278616428375,1,ham10000,ISIC_0027072,nv,HAM_0004128
1,0.6827330589294434,1,ham10000,ISIC_0032624,mel,HAM_0004129
0,0.6607798337936401,1,ham10000,ISIC_0026173,nv,HAM_0004130
0,0.4213919937610626,1,ham10000,ISIC_0025583,bkl,HAM_0004131
0,0.31128090620040894,1,ham10000,ISIC_0025801,nv,HAM_0004132
0,0.5643718242645264,1,ham10000,ISIC_0024941,nv,HAM_0004133
0,0.594745934009552,1,ham10000,ISIC_0026075,nv,HAM_0004134
0,0.2495669424533844,0,ham10000,ISIC_0025634,nv,HAM_0004135
0,0.46086639165878296,1,ham10000,ISIC_0029787,nv,HAM_0004136
0,0.23589883744716644,0,ham10000,ISIC_0024966,nv,HAM_0004137
0,0.29737451672554016,1,ham10000,ISIC_0025905,nv,HAM_0004138
0,0.2608848810195923,0,ham10000,ISIC_0027496,nv,HAM_0004139
0,0.5518059134483337,1,ham10000,ISIC_0028298,nv,HAM_0004140
0,0.5220630764961243,1,ham10000,ISIC_0030705,bkl,HAM_0004141
0,0.36168918013572693,1,ham10000,ISIC_0032643,bkl,HAM_0004142
0,0.721356213092804,1,ham10000,ISIC_0029031,bkl,HAM_0004143
0,0.3811089098453522,1,ham10000,ISIC_0027980,nv,HAM_0004144
0,0.7820627689361572,1,ham10000,ISIC_0032749,nv,HAM_0004145
0,0.5844897627830505,1,ham10000,ISIC_0027450,nv,HAM_0004146
1,0.5780325531959534,1,ham10000,ISIC_0031712,bcc,HAM_0004147
0,0.40929844975471497,1,ham10000,ISIC_0026503,nv,HAM_0004148
0,0.18138787150382996,0,ham10000,ISIC_0032755,nv,HAM_0004149
0,0.370728999376297,1,ham10000,ISIC_0026632,nv,HAM_0004150
0,0.431383341550827,1,ham10000,ISIC_0028996,nv,HAM_0004151
0,0.4470745325088501,1,ham10000,ISIC_0025137,nv,HAM_0004152
1,0.7405499815940857,1,ham10000,ISIC_0026489,mel,HAM_0004153
0,0.3695555329322815,1,ham10000,ISIC_0031471,nv,HAM_0004154
0,0.5283192992210388,1,ham10000,ISIC_0025269,nv,HAM_0004155
0,0.1702856570482254,0,ham10000,ISIC_0024387,nv,HAM_0004156
0,0.42614293098449707,1,ham10000,ISIC_0031610,nv,HAM_0004157
0,0.5023868680000305,1,ham10000,ISIC_0028229,bkl,HAM_0004158
0,0.48972755670547485,1,ham10000,ISIC_0031086,nv,HAM_0004159
0,0.3721863329410553,1,ham10000,ISIC_0029066,nv,HAM_0004160
1,0.7121618986129761,1,ham10000,ISIC_0025564,bcc,HAM_0004161
0,0.38287851214408875,1,ham10000,ISIC_0031944,nv,HAM_0004162
0,0.6527729630470276,1,ham10000,ISIC_0025142,nv,HAM_0004163
1,0.5756556987762451,1,ham10000,ISIC_0030695,mel,HAM_0004164
0,0.38849127292633057,1,ham10000,ISIC_0033346,nv,HAM_0004165
0,0.5985304713249207,1,ham10000,ISIC_0028313,nv,HAM_0004166
0,0.443385511636734,1,ham10000,ISIC_0033753,nv,HAM_0004167
0,0.24987804889678955,0,ham10000,ISIC_0029477,nv,HAM_0004168
0,0.24165163934230804,0,ham10000,ISIC_0028482,nv,HAM_0004169
0,0.48703449964523315,1,ham10000,ISIC_0029046,nv,HAM_0004170
1,0.23351578414440155,0,ham10000,ISIC_0024644,mel,HAM_0004171
0,0.23884719610214233,0,ham10000,ISIC_0033996,nv,HAM_0004172
0,0.32822301983833313,1,ham10000,ISIC_0030637,nv,HAM_0004173
0,0.5623421669006348,1,ham10000,ISIC_0032281,nv,HAM_0004174
0,0.33910101652145386,1,ham10000,ISIC_0028806,nv,HAM_0004175
0,0.6995492577552795,1,ham10000,ISIC_0033373,nv,HAM_0004176
0,0.4737527370452881,1,ham10000,ISIC_0031907,nv,HAM_0004177
0,0.45725518465042114,1,ham10000,ISIC_0029171,nv,HAM_0004179
0,0.3196556270122528,1,ham10000,ISIC_0031055,nv,HAM_0004180
0,0.6242833733558655,1,ham10000,ISIC_0032571,nv,HAM_0004181
0,0.699044942855835,1,ham10000,ISIC_0032591,nv,HAM_0004182
0,0.5735475420951843,1,ham10000,ISIC_0032606,nv,HAM_0004183
0,0.6584546566009521,1,ham10000,ISIC_0032634,nv,HAM_0004184
0,0.5822729468345642,1,ham10000,ISIC_0032635,nv,HAM_0004185
0,0.6790951490402222,1,ham10000,ISIC_0032759,nv,HAM_0004186
0,0.6932199001312256,1,ham10000,ISIC_0032956,nv,HAM_0004187
0,0.686760425567627,1,ham10000,ISIC_0032996,nv,HAM_0004188
0,0.3715794086456299,1,ham10000,ISIC_0033036,nv,HAM_0004189
0,0.4778536558151245,1,ham10000,ISIC_0033039,nv,HAM_0004190
0,0.7035747766494751,1,ham10000,ISIC_0032562,nv,HAM_0004191
0,0.5514781475067139,1,ham10000,ISIC_0033066,nv,HAM_0004192
0,0.4266132116317749,1,ham10000,ISIC_0033072,nv,HAM_0004193
0,0.7373679876327515,1,ham10000,ISIC_0033101,nv,HAM_0004194
0,0.7263811230659485,1,ham10000,ISIC_0033383,nv,HAM_0004195
0,0.5300127863883972,1,ham10000,ISIC_0033421,nv,HAM_0004196
0,0.7267115116119385,1,ham10000,ISIC_0033467,nv,HAM_0004197
0,0.4304744005203247,1,ham10000,ISIC_0033481,nv,HAM_0004198
0,0.6651884913444519,1,ham10000,ISIC_0033556,nv,HAM_0004199
0,0.43246474862098694,1,ham10000,ISIC_0033567,nv,HAM_0004200
0,0.6572858691215515,1,ham10000,ISIC_0033602,nv,HAM_0004201
0,0.4661663770675659,1,ham10000,ISIC_0033623,nv,HAM_0004202
0,0.6192356944084167,1,ham10000,ISIC_0033647,nv,HAM_0004203
0,0.49061450362205505,1,ham10000,ISIC_0033772,nv,HAM_0004204
0,0.1484556794166565,0,ham10000,ISIC_0033797,nv,HAM_0004205
0,0.5647128820419312,1,ham10000,ISIC_0033826,nv,HAM_0004206
0,0.5016604661941528,1,ham10000,ISIC_0033858,nv,HAM_0004207
0,0.6511403918266296,1,ham10000,ISIC_0033892,nv,HAM_0004208
0,0.7493498921394348,1,ham10000,ISIC_0034075,nv,HAM_0004209
0,0.5664012432098389,1,ham10000,ISIC_0034081,nv,HAM_0004210
0,0.7551528215408325,1,ham10000,ISIC_0034082,nv,HAM_0004211
0,0.5303031206130981,1,ham10000,ISIC_0034114,nv,HAM_0004212
0,0.2976967692375183,1,ham10000,ISIC_0034228,nv,HAM_0004213
0,0.4399096965789795,1,ham10000,ISIC_0034248,nv,HAM_0004214
0,0.38334378600120544,1,ham10000,ISIC_0034302,nv,HAM_0004215
0,0.25943005084991455,0,ham10000,ISIC_0034312,nv,HAM_0004216
0,0.27183273434638977,0,ham10000,ISIC_0031116,nv,HAM_0004217
0,0.3080941438674927,1,ham10000,ISIC_0028256,nv,HAM_0004218
1,0.478340744972229,1,ham10000,ISIC_0031585,bcc,HAM_0004219
0,0.24830561876296997,0,ham10000,ISIC_0027787,nv,HAM_0004220
0,0.6942251920700073,1,ham10000,ISIC_0033163,nv,HAM_0004221
0,0.7674553990364075,1,ham10000,ISIC_0030899,nv,HAM_0004222
0,0.40409958362579346,1,ham10000,ISIC_0025632,nv,HAM_0004223
0,0.5449329614639282,1,ham10000,ISIC_0026248,bkl,HAM_0004224
0,0.4532740116119385,1,ham10000,ISIC_0026029,nv,HAM_0004225
0,0.6163271069526672,1,ham10000,ISIC_0032494,nv,HAM_0004226
0,0.43075308203697205,1,ham10000,ISIC_0029628,nv,HAM_0004227
0,0.4692552089691162,1,ham10000,ISIC_0027748,nv,HAM_0004228
0,0.3826694190502167,1,ham10000,ISIC_0029593,nv,HAM_0004229
0,0.368586927652359,1,ham10000,ISIC_0024585,nv,HAM_0004230
0,0.8334686756134033,1,ham10000,ISIC_0030323,bkl,HAM_0004232
0,0.5906358361244202,1,ham10000,ISIC_0029979,nv,HAM_0004233
0,0.3924765884876251,1,ham10000,ISIC_0025984,bkl,HAM_0004234
1,0.5469924807548523,1,ham10000,ISIC_0030452,bcc,HAM_0004235
0,0.3646312654018402,1,ham10000,ISIC_0032180,nv,HAM_0004236
0,0.11684326827526093,0,ham10000,ISIC_0033877,nv,HAM_0004237
0,0.5289101004600525,1,ham10000,ISIC_0024903,nv,HAM_0004238
0,0.5660721063613892,1,ham10000,ISIC_0024928,nv,HAM_0004239
1,0.8587327599525452,1,ham10000,ISIC_0032517,mel,HAM_0004240
0,0.4120486378669739,1,ham10000,ISIC_0024616,nv,HAM_0004241
0,0.3456498384475708,1,ham10000,ISIC_0028769,nv,HAM_0004242
1,0.5786678194999695,1,ham10000,ISIC_0031119,akiec,HAM_0004243
0,0.6077671051025391,1,ham10000,ISIC_0032352,nv,HAM_0004244
0,0.6343075037002563,1,ham10000,ISIC_0033701,bkl,HAM_0004245
0,0.4310061037540436,1,ham10000,ISIC_0033854,bkl,HAM_0004246
0,0.43342599272727966,1,ham10000,ISIC_0031532,nv,HAM_0004247
0,0.17062167823314667,0,ham10000,ISIC_0028812,nv,HAM_0004248
0,0.855646014213562,1,ham10000,ISIC_0031591,bkl,HAM_0004249
0,0.07801871746778488,0,ham10000,ISIC_0032499,nv,HAM_0004250
0,0.3101814389228821,1,ham10000,ISIC_0026673,nv,HAM_0004251
0,0.44422754645347595,1,ham10000,ISIC_0030461,nv,HAM_0004252
0,0.5675896406173706,1,ham10000,ISIC_0031035,nv,HAM_0004253
1,0.32473474740982056,1,ham10000,ISIC_0027030,mel,HAM_0004254
0,0.83265620470047,1,ham10000,ISIC_0033264,bkl,HAM_0004255
0,0.5212578177452087,1,ham10000,ISIC_0027472,nv,HAM_0004256
0,0.2544404864311218,0,ham10000,ISIC_0025452,vasc,HAM_0004257
0,0.8312283754348755,1,ham10000,ISIC_0033693,bkl,HAM_0004258
0,0.7700898051261902,1,ham10000,ISIC_0026644,bkl,HAM_0004259
0,0.37002959847450256,1,ham10000,ISIC_0025525,nv,HAM_0004260
0,0.5330536961555481,1,ham10000,ISIC_0027075,nv,HAM_0004261
0,0.5244633555412292,1,ham10000,ISIC_0025236,nv,HAM_0004262
0,0.3324081301689148,1,ham10000,ISIC_0031781,nv,HAM_0004263
0,0.494430810213089,1,ham10000,ISIC_0031671,nv,HAM_0004264
1,0.204767644405365,0,ham10000,ISIC_0025018,mel,HAM_0004265
0,0.41184186935424805,1,ham10000,ISIC_0024483,nv,HAM_0004266
0,0.6528850793838501,1,ham10000,ISIC_0028430,nv,HAM_0004267
0,0.28413933515548706,0,ham10000,ISIC_0025003,nv,HAM_0004269
0,0.546425998210907,1,ham10000,ISIC_0028455,nv,HAM_0004270
0,0.31551867723464966,1,ham10000,ISIC_0025474,nv,HAM_0004271
0,0.5173313021659851,1,ham10000,ISIC_0032957,nv,HAM_0004272
1,0.5907405614852905,1,ham10000,ISIC_0028059,bcc,HAM_0004273
0,0.24498826265335083,0,ham10000,ISIC_0025842,bkl,HAM_0004274
0,0.7916466593742371,1,ham10000,ISIC_0026921,nv,HAM_0004275
0,0.39178481698036194,1,ham10000,ISIC_0029622,nv,HAM_0004276
0,0.6148253083229065,1,ham10000,ISIC_0026472,nv,HAM_0004277
0,0.40895017981529236,1,ham10000,ISIC_0026610,nv,HAM_0004279
0,0.5624825954437256,1,ham10000,ISIC_0030905,nv,HAM_0004280
1,0.8654134273529053,1,ham10000,ISIC_0028965,mel,HAM_0004281
1,0.8417870402336121,1,ham10000,ISIC_0033151,akiec,HAM_0004282
0,0.794055700302124,1,ham10000,ISIC_0028357,nv,HAM_0004283
1,0.8090091943740845,1,ham10000,ISIC_0032709,mel,HAM_0004284
1,0.843792200088501,1,ham10000,ISIC_0029129,bcc,HAM_0004285
0,0.4731791615486145,1,ham10000,ISIC_0029410,nv,HAM_0004286
0,0.14996151626110077,0,ham10000,ISIC_0031128,nv,HAM_0004287
0,0.467868447303772,1,ham10000,ISIC_0026445,nv,HAM_0004288
0,0.3822677731513977,1,ham10000,ISIC_0025879,bkl,HAM_0004289
0,0.3918265402317047,1,ham10000,ISIC_0031184,nv,HAM_0004290
0,0.1926296055316925,0,ham10000,ISIC_0031932,nv,HAM_0004291
0,0.44011592864990234,1,ham10000,ISIC_0029625,nv,HAM_0004292
0,0.39387091994285583,1,ham10000,ISIC_0028153,nv,HAM_0004294
0,0.2432771921157837,0,ham10000,ISIC_0029292,nv,HAM_0004295
0,0.35406795144081116,1,ham10000,ISIC_0033739,nv,HAM_0004296
1,0.647699236869812,1,ham10000,ISIC_0027550,akiec,HAM_0004297
0,0.4913561940193176,1,ham10000,ISIC_0025648,nv,HAM_0004298
0,0.37737610936164856,1,ham10000,ISIC_0031307,nv,HAM_0004299
1,0.41283267736434937,1,ham10000,ISIC_0025266,bcc,HAM_0004300
0,0.39111098647117615,1,ham10000,ISIC_0032487,nv,HAM_0004301
1,0.6215198636054993,1,ham10000,ISIC_0028582,mel,HAM_0004302
0,0.7097632884979248,1,ham10000,ISIC_0033737,nv,HAM_0004303
1,0.8535372614860535,1,ham10000,ISIC_0033324,mel,HAM_0004304
0,0.4792088270187378,1,ham10000,ISIC_0026392,nv,HAM_0004305
0,0.26521509885787964,0,ham10000,ISIC_0032056,nv,HAM_0004306
0,0.38341009616851807,1,ham10000,ISIC_0031714,nv,HAM_0004307
0,0.4469451606273651,1,ham10000,ISIC_0027370,bkl,HAM_0004308
0,0.4669713079929352,1,ham10000,ISIC_0028681,bkl,HAM_0004309
0,0.42716550827026367,1,ham10000,ISIC_0027871,nv,HAM_0004310
0,0.5136672854423523,1,ham10000,ISIC_0029037,nv,HAM_0004311
0,0.1692608743906021,0,ham10000,ISIC_0031768,nv,HAM_0004312
0,0.11886689811944962,0,ham10000,ISIC_0026924,nv,HAM_0004313
0,0.17279376089572906,0,ham10000,ISIC_0029758,nv,HAM_0004314
0,0.4124939441680908,1,ham10000,ISIC_0029244,nv,HAM_0004315
0,0.5123505592346191,1,ham10000,ISIC_0025116,nv,HAM_0004316
0,0.4279117286205292,1,ham10000,ISIC_0025504,df,HAM_0004317
0,0.5500930547714233,1,ham10000,ISIC_0031678,nv,HAM_0004318
0,0.2711770832538605,0,ham10000,ISIC_0026686,nv,HAM_0004319
0,0.1291790008544922,0,ham10000,ISIC_0027901,nv,HAM_0004320
1,0.7257273197174072,1,ham10000,ISIC_0033479,mel,HAM_0004321
0,0.34680256247520447,1,ham10000,ISIC_0027142,bkl,HAM_0004322
0,0.31290116906166077,1,ham10000,ISIC_0028492,nv,HAM_0004323
0,0.4973415434360504,1,ham10000,ISIC_0029898,nv,HAM_0004324
0,0.18615344166755676,0,ham10000,ISIC_0031669,nv,HAM_0004325
1,0.4993768334388733,1,ham10000,ISIC_0030883,mel,HAM_0004326
0,0.492631733417511,1,ham10000,ISIC_0030081,bkl,HAM_0004327
0,0.5318325161933899,1,ham10000,ISIC_0027164,nv,HAM_0004328
0,0.5488842129707336,1,ham10000,ISIC_0027866,nv,HAM_0004329
0,0.9019827246665955,1,ham10000,ISIC_0029760,df,HAM_0004330
0,0.9555661082267761,1,ham10000,ISIC_0032534,bkl,HAM_0004332
0,0.2251794934272766,0,ham10000,ISIC_0032259,nv,HAM_0004333
0,0.2724234163761139,0,ham10000,ISIC_0032077,nv,HAM_0004334
0,0.5049105882644653,1,ham10000,ISIC_0025187,nv,HAM_0004335
0,0.48536378145217896,1,ham10000,ISIC_0031760,nv,HAM_0004336
0,0.2953634560108185,0,ham10000,ISIC_0031981,nv,HAM_0004337
0,0.6217038631439209,1,ham10000,ISIC_0026523,bkl,HAM_0004338
0,0.5067088007926941,1,ham10000,ISIC_0026332,nv,HAM_0004339
0,0.4993838667869568,1,ham10000,ISIC_0024506,nv,HAM_0004340
0,0.3610977232456207,1,ham10000,ISIC_0031584,bkl,HAM_0004341
1,0.5963802337646484,1,ham10000,ISIC_0027976,bcc,HAM_0004342
0,0.6300891041755676,1,ham10000,ISIC_0028343,bkl,HAM_0004343
0,0.3098698556423187,1,ham10000,ISIC_0032678,nv,HAM_0004344
0,0.311895489692688,1,ham10000,ISIC_0033208,nv,HAM_0004345
0,0.37270769476890564,1,ham10000,ISIC_0033577,nv,HAM_0004346
0,0.4887191355228424,1,ham10000,ISIC_0033690,nv,HAM_0004347
0,0.5293741822242737,1,ham10000,ISIC_0033895,nv,HAM_0004348
0,0.516494631767273,1,ham10000,ISIC_0033896,nv,HAM_0004349
0,0.5044485330581665,1,ham10000,ISIC_0033970,nv,HAM_0004350
0,0.30488863587379456,1,ham10000,ISIC_0034193,nv,HAM_0004351
0,0.34785977005958557,1,ham10000,ISIC_0034250,nv,HAM_0004352
0,0.473812997341156,1,ham10000,ISIC_0029262,nv,HAM_0004353
1,0.773955225944519,1,ham10000,ISIC_0026877,mel,HAM_0004354
0,0.27691224217414856,0,ham10000,ISIC_0030934,nv,HAM_0004355
0,0.29274946451187134,0,ham10000,ISIC_0025214,nv,HAM_0004356
0,0.2739641070365906,0,ham10000,ISIC_0027985,nv,HAM_0004357
0,0.5379249453544617,1,ham10000,ISIC_0025393,nv,HAM_0004358
0,0.557431161403656,1,ham10000,ISIC_0025087,nv,HAM_0004359
0,0.5043635964393616,1,ham10000,ISIC_0024857,nv,HAM_0004360
0,0.5137826204299927,1,ham10000,ISIC_0030515,nv,HAM_0004361
0,0.28511032462120056,0,ham10000,ISIC_0031873,nv,HAM_0004362
1,0.40313875675201416,1,ham10000,ISIC_0026857,akiec,HAM_0004363
1,0.3367370069026947,1,ham10000,ISIC_0026697,mel,HAM_0004364
1,0.5637819766998291,1,ham10000,ISIC_0028719,bcc,HAM_0004365
0,0.3535698652267456,1,ham10000,ISIC_0030147,nv,HAM_0004366
0,0.5545356273651123,1,ham10000,ISIC_0033396,nv,HAM_0004367
0,0.5821490287780762,1,ham10000,ISIC_0030236,nv,HAM_0004368
0,0.3899608850479126,1,ham10000,ISIC_0025969,nv,HAM_0004369
0,0.5236272215843201,1,ham10000,ISIC_0024757,nv,HAM_0004370
0,0.4417409300804138,1,ham10000,ISIC_0027626,df,HAM_0004371
0,0.40965431928634644,1,ham10000,ISIC_0026964,nv,HAM_0004372
0,0.9018048048019409,1,ham10000,ISIC_0029014,bkl,HAM_0004373
0,0.2294875979423523,0,ham10000,ISIC_0030651,nv,HAM_0004374
0,0.6680213212966919,1,ham10000,ISIC_0033102,nv,HAM_0004375
1,0.7065918445587158,1,ham10000,ISIC_0024843,akiec,HAM_0004376
0,0.4779892563819885,1,ham10000,ISIC_0030561,bkl,HAM_0004377
0,0.6458286643028259,1,ham10000,ISIC_0025738,nv,HAM_0004378
0,0.5677387714385986,1,ham10000,ISIC_0031352,bkl,HAM_0004379
0,0.6749759912490845,1,ham10000,ISIC_0026251,nv,HAM_0004380
0,0.7367797493934631,1,ham10000,ISIC_0027426,nv,HAM_0004381
0,0.7454009652137756,1,ham10000,ISIC_0025743,bkl,HAM_0004382
0,0.44582033157348633,1,ham10000,ISIC_0031261,bkl,HAM_0004383
1,0.26735496520996094,0,ham10000,ISIC_0029025,akiec,HAM_0004384
0,0.2357567995786667,0,ham10000,ISIC_0026310,nv,HAM_0004385
0,0.4307844042778015,1,ham10000,ISIC_0024766,nv,HAM_0004386
0,0.6161684393882751,1,ham10000,ISIC_0033132,nv,HAM_0004387
1,0.21789129078388214,0,ham10000,ISIC_0027135,bcc,HAM_0004388
0,0.6847008466720581,1,ham10000,ISIC_0028121,bkl,HAM_0004389
0,0.7063698768615723,1,ham10000,ISIC_0031210,nv,HAM_0004390
0,0.2247275859117508,0,ham10000,ISIC_0030290,nv,HAM_0004391
0,0.5968186855316162,1,ham10000,ISIC_0033095,nv,HAM_0004392
0,0.45651939511299133,1,ham10000,ISIC_0029774,nv,HAM_0004393
0,0.34743383526802063,1,ham10000,ISIC_0025060,nv,HAM_0004394
0,0.40731996297836304,1,ham10000,ISIC_0025206,nv,HAM_0004395
0,0.4570484161376953,1,ham10000,ISIC_0028913,bkl,HAM_0004396
1,0.7086471319198608,1,ham10000,ISIC_0025589,mel,HAM_0004397
1,0.6491921544075012,1,ham10000,ISIC_0025358,akiec,HAM_0004398
0,0.3062613308429718,1,ham10000,ISIC_0028905,nv,HAM_0004399
0,0.5639658570289612,1,ham10000,ISIC_0030026,bkl,HAM_0004400
0,0.34469375014305115,1,ham10000,ISIC_0027817,nv,HAM_0004401
0,0.3795759379863739,1,ham10000,ISIC_0025397,nv,HAM_0004402
0,0.3571915030479431,1,ham10000,ISIC_0028006,nv,HAM_0004403
0,0.5630125403404236,1,ham10000,ISIC_0025822,nv,HAM_0004404
1,0.6685861349105835,1,ham10000,ISIC_0032532,mel,HAM_0004405
0,0.4062827229499817,1,ham10000,ISIC_0033060,bkl,HAM_0004406
0,0.2400205284357071,0,ham10000,ISIC_0024555,nv,HAM_0004407
0,0.5522457957267761,1,ham10000,ISIC_0026824,nv,HAM_0004408
0,0.26467835903167725,0,ham10000,ISIC_0027888,vasc,HAM_0004409
0,0.31643712520599365,1,ham10000,ISIC_0032342,nv,HAM_0004410
0,0.5205335021018982,1,ham10000,ISIC_0032524,nv,HAM_0004411
0,0.8176060914993286,1,ham10000,ISIC_0029531,nv,HAM_0004412
0,0.19320280849933624,0,ham10000,ISIC_0026068,vasc,HAM_0004413
0,0.48530468344688416,1,ham10000,ISIC_0030576,nv,HAM_0004414
0,0.3586844503879547,1,ham10000,ISIC_0024532,nv,HAM_0004415
0,0.2631056010723114,0,ham10000,ISIC_0027947,nv,HAM_0004416
0,0.32779461145401,1,ham10000,ISIC_0028566,nv,HAM_0004417
0,0.5579864978790283,1,ham10000,ISIC_0026376,nv,HAM_0004418
0,0.39695361256599426,1,ham10000,ISIC_0031331,nv,HAM_0004419
1,0.4390937089920044,1,ham10000,ISIC_0024795,bcc,HAM_0004420
0,0.5576503872871399,1,ham10000,ISIC_0029481,nv,HAM_0004421
0,0.7135573029518127,1,ham10000,ISIC_0027239,bkl,HAM_0004422
0,0.2616974115371704,0,ham10000,ISIC_0026737,bkl,HAM_0004423
0,0.5394909977912903,1,ham10000,ISIC_0033557,nv,HAM_0004424
0,0.19161143898963928,0,ham10000,ISIC_0025147,nv,HAM_0004425
0,0.3106537163257599,1,ham10000,ISIC_0026378,bkl,HAM_0004426
1,0.7605360150337219,1,ham10000,ISIC_0029092,mel,HAM_0004427
1,0.9549134373664856,1,ham10000,ISIC_0025317,mel,HAM_0004428
0,0.4014957845211029,1,ham10000,ISIC_0032789,nv,HAM_0004430
0,0.2717936038970947,0,ham10000,ISIC_0024335,nv,HAM_0004431
0,0.7898280620574951,1,ham10000,ISIC_0024529,nv,HAM_0004432
0,0.5338395833969116,1,ham10000,ISIC_0029623,nv,HAM_0004433
0,0.286698579788208,0,ham10000,ISIC_0024744,nv,HAM_0004434
1,0.8196154236793518,1,ham10000,ISIC_0032146,bcc,HAM_0004435
0,0.6035957336425781,1,ham10000,ISIC_0030042,nv,HAM_0004436
0,0.5547795295715332,1,ham10000,ISIC_0027316,nv,HAM_0004437
0,0.5380824208259583,1,ham10000,ISIC_0029712,nv,HAM_0004438
1,0.45320671796798706,1,ham10000,ISIC_0030986,akiec,HAM_0004439
1,0.8222839832305908,1,ham10000,ISIC_0027631,bcc,HAM_0004440
1,0.5012400150299072,1,ham10000,ISIC_0031852,akiec,HAM_0004441
0,0.6696259379386902,1,ham10000,ISIC_0033576,bkl,HAM_0004442
0,0.21190370619297028,0,ham10000,ISIC_0028758,nv,HAM_0004443
0,0.31373342871665955,1,ham10000,ISIC_0032769,nv,HAM_0004444
0,0.6724303364753723,1,ham10000,ISIC_0030551,nv,HAM_0004445
0,0.0900353342294693,0,ham10000,ISIC_0031862,nv,HAM_0004446
0,0.5943157076835632,1,ham10000,ISIC_0031831,bkl,HAM_0004448
0,0.129902645945549,0,ham10000,ISIC_0032332,nv,HAM_0004449
0,0.6387720704078674,1,ham10000,ISIC_0028868,nv,HAM_0004450
0,0.4607755243778229,1,ham10000,ISIC_0027992,nv,HAM_0004451
0,0.571449875831604,1,ham10000,ISIC_0027381,nv,HAM_0004452
0,0.8232861161231995,1,ham10000,ISIC_0030677,bkl,HAM_0004453
0,0.3453863263130188,1,ham10000,ISIC_0029834,nv,HAM_0004454
0,0.6621561646461487,1,ham10000,ISIC_0027385,vasc,HAM_0004455
0,0.2966153919696808,0,ham10000,ISIC_0026306,nv,HAM_0004456
0,0.4985179901123047,1,ham10000,ISIC_0029485,nv,HAM_0004457
0,0.6428089141845703,1,ham10000,ISIC_0033453,bkl,HAM_0004458
0,0.446880966424942,1,ham10000,ISIC_0029971,nv,HAM_0004459
0,0.41525790095329285,1,ham10000,ISIC_0028784,nv,HAM_0004460
0,0.8383288979530334,1,ham10000,ISIC_0031817,nv,HAM_0004461
1,0.6227099299430847,1,ham10000,ISIC_0027334,akiec,HAM_0004462
0,0.598602294921875,1,ham10000,ISIC_0027770,bkl,HAM_0004463
0,0.4827750623226166,1,ham10000,ISIC_0025720,nv,HAM_0004464
0,0.22061462700366974,0,ham10000,ISIC_0024500,nv,HAM_0004465
0,0.32934266328811646,1,ham10000,ISIC_0031396,bkl,HAM_0004466
0,0.40170854330062866,1,ham10000,ISIC_0027687,nv,HAM_0004467
0,0.6095449924468994,1,ham10000,ISIC_0030480,nv,HAM_0004468
0,0.0965191200375557,0,ham10000,ISIC_0025787,nv,HAM_0004469
0,0.2631744146347046,0,ham10000,ISIC_0028387,nv,HAM_0004470
0,0.42960798740386963,1,ham10000,ISIC_0027353,nv,HAM_0004471
1,0.5576752424240112,1,ham10000,ISIC_0025368,akiec,HAM_0004472
0,0.45984286069869995,1,ham10000,ISIC_0027881,nv,HAM_0004473
0,0.20789949595928192,0,ham10000,ISIC_0030908,nv,HAM_0004474
0,0.4645245373249054,1,ham10000,ISIC_0029920,nv,HAM_0004475
1,0.735503613948822,1,ham10000,ISIC_0030417,mel,HAM_0004476
0,0.3605838119983673,1,ham10000,ISIC_0026646,nv,HAM_0004477
0,0.35380837321281433,1,ham10000,ISIC_0026793,nv,HAM_0004478
0,0.3420660197734833,1,ham10000,ISIC_0025027,nv,HAM_0004479
1,0.6193034648895264,1,ham10000,ISIC_0032290,bcc,HAM_0004480
0,0.6030153632164001,1,ham10000,ISIC_0032391,nv,HAM_0004481
0,0.3019891679286957,1,ham10000,ISIC_0025449,nv,HAM_0004482
1,0.5903756618499756,1,ham10000,ISIC_0027487,mel,HAM_0004483
0,0.20340974628925323,0,ham10000,ISIC_0025124,nv,HAM_0004484
0,0.6866699457168579,1,ham10000,ISIC_0029814,nv,HAM_0004485
0,0.5342445969581604,1,ham10000,ISIC_0031448,nv,HAM_0004486
1,0.42949995398521423,1,ham10000,ISIC_0028989,bcc,HAM_0004487
0,0.1646197885274887,0,ham10000,ISIC_0030601,nv,HAM_0004488
0,0.4761025011539459,1,ham10000,ISIC_0031229,nv,HAM_0004489
0,0.4693019986152649,1,ham10000,ISIC_0031788,nv,HAM_0004490
0,0.45915260910987854,1,ham10000,ISIC_0025157,bkl,HAM_0004491
0,0.18497967720031738,0,ham10000,ISIC_0026026,nv,HAM_0004492
0,0.4971877932548523,1,ham10000,ISIC_0030325,nv,HAM_0004493
0,0.5349889993667603,1,ham10000,ISIC_0030458,bkl,HAM_0004494
1,0.24721814692020416,0,ham10000,ISIC_0024743,bcc,HAM_0004495
0,0.46913501620292664,1,ham10000,ISIC_0028651,df,HAM_0004496
0,0.24841277301311493,0,ham10000,ISIC_0025625,nv,HAM_0004497
0,0.3425074815750122,1,ham10000,ISIC_0025586,nv,HAM_0004498
0,0.39025717973709106,1,ham10000,ISIC_0027331,nv,HAM_0004499
0,0.2548336982727051,0,ham10000,ISIC_0025032,bkl,HAM_0004500
0,0.49690163135528564,1,ham10000,ISIC_0028856,bkl,HAM_0004501
0,0.37500452995300293,1,ham10000,ISIC_0024541,nv,HAM_0004502
0,0.5927241444587708,1,ham10000,ISIC_0032735,nv,HAM_0004503
0,0.6004273295402527,1,ham10000,ISIC_0029415,nv,HAM_0004504
0,0.30830684304237366,1,ham10000,ISIC_0029369,nv,HAM_0004505
0,0.5452560186386108,1,ham10000,ISIC_0027320,bkl,HAM_0004506
1,0.5903721451759338,1,ham10000,ISIC_0024554,mel,HAM_0004507
0,0.4008451998233795,1,ham10000,ISIC_0033628,nv,HAM_0004508
0,0.15233272314071655,0,ham10000,ISIC_0028028,nv,HAM_0004509
0,0.36586153507232666,1,ham10000,ISIC_0031110,nv,HAM_0004510
1,0.6770340800285339,1,ham10000,ISIC_0024590,bcc,HAM_0004511
0,0.544268786907196,1,ham10000,ISIC_0027977,nv,HAM_0004512
0,0.5335145592689514,1,ham10000,ISIC_0026011,nv,HAM_0004513
1,0.29388561844825745,0,ham10000,ISIC_0030690,bcc,HAM_0004514
1,0.1989874243736267,0,ham10000,ISIC_0029564,bcc,HAM_0004515
0,0.4891209900379181,1,ham10000,ISIC_0025775,nv,HAM_0004516
0,0.5429778695106506,1,ham10000,ISIC_0025359,nv,HAM_0004517
0,0.4066796898841858,1,ham10000,ISIC_0024578,nv,HAM_0004518
0,0.6170800924301147,1,ham10000,ISIC_0028230,nv,HAM_0004519
0,0.4271640479564667,1,ham10000,ISIC_0027259,nv,HAM_0004520
1,0.6773247122764587,1,ham10000,ISIC_0031413,bcc,HAM_0004521
1,0.8171658515930176,1,ham10000,ISIC_0028381,akiec,HAM_0004522
0,0.5128166079521179,1,ham10000,ISIC_0029984,nv,HAM_0004523
0,0.694970965385437,1,ham10000,ISIC_0027406,nv,HAM_0004524
0,0.4396490752696991,1,ham10000,ISIC_0032106,nv,HAM_0004526
0,0.4273536503314972,1,ham10000,ISIC_0027638,nv,HAM_0004527
0,0.44501975178718567,1,ham10000,ISIC_0031969,nv,HAM_0004528
0,0.4990243911743164,1,ham10000,ISIC_0029245,nv,HAM_0004529
0,0.37608280777931213,1,ham10000,ISIC_0030667,nv,HAM_0004530
0,0.5144762396812439,1,ham10000,ISIC_0025799,bkl,HAM_0004531
0,0.3544410765171051,1,ham10000,ISIC_0026706,nv,HAM_0004532
0,0.2474495768547058,0,ham10000,ISIC_0030871,nv,HAM_0004533
0,0.424969881772995,1,ham10000,ISIC_0024363,nv,HAM_0004534
0,0.7713123559951782,1,ham10000,ISIC_0024364,nv,HAM_0004535
1,0.5669353008270264,1,ham10000,ISIC_0025644,bcc,HAM_0004536
0,0.7706736326217651,1,ham10000,ISIC_0026361,nv,HAM_0004537
0,0.5492003560066223,1,ham10000,ISIC_0029273,nv,HAM_0004538
1,0.7782040238380432,1,ham10000,ISIC_0025617,bcc,HAM_0004539
0,0.353885680437088,1,ham10000,ISIC_0027357,nv,HAM_0004540
0,0.29689866304397583,0,ham10000,ISIC_0028838,nv,HAM_0004541
0,0.40131470561027527,1,ham10000,ISIC_0024402,vasc,HAM_0004542
0,0.22847844660282135,0,ham10000,ISIC_0032170,bkl,HAM_0004543
0,0.5009161233901978,1,ham10000,ISIC_0031099,nv,HAM_0004544
0,0.6982426643371582,1,ham10000,ISIC_0025985,bkl,HAM_0004545
0,0.12073208391666412,0,ham10000,ISIC_0026561,nv,HAM_0004546
1,0.3671421706676483,1,ham10000,ISIC_0031303,mel,HAM_0004547
0,0.3074629306793213,1,ham10000,ISIC_0032520,nv,HAM_0004548
0,0.17240102589130402,0,ham10000,ISIC_0031201,vasc,HAM_0004549
0,0.5562438368797302,1,ham10000,ISIC_0032728,nv,HAM_0004550
0,0.4440954625606537,1,ham10000,ISIC_0031763,nv,HAM_0004551
0,0.2331458479166031,0,ham10000,ISIC_0027593,nv,HAM_0004552
0,0.47167298197746277,1,ham10000,ISIC_0028673,nv,HAM_0004553
0,0.3997644782066345,1,ham10000,ISIC_0026065,nv,HAM_0004554
0,0.7912214994430542,1,ham10000,ISIC_0033200,bkl,HAM_0004555
0,0.859662652015686,1,ham10000,ISIC_0028123,bkl,HAM_0004556
0,0.19200949370861053,0,ham10000,ISIC_0032465,nv,HAM_0004557
1,0.7403523921966553,1,ham10000,ISIC_0030341,akiec,HAM_0004558
1,0.09952826052904129,0,ham10000,ISIC_0028220,mel,HAM_0004559
0,0.601730227470398,1,ham10000,ISIC_0030738,nv,HAM_0004560
0,0.4797497093677521,1,ham10000,ISIC_0024775,nv,HAM_0004561
0,0.4729507267475128,1,ham10000,ISIC_0031387,nv,HAM_0004562
1,0.7993707656860352,1,ham10000,ISIC_0031211,akiec,HAM_0004563
0,0.6556859612464905,1,ham10000,ISIC_0026761,nv,HAM_0004564
1,0.27838465571403503,0,ham10000,ISIC_0027561,mel,HAM_0004565
0,0.22417721152305603,0,ham10000,ISIC_0029394,bkl,HAM_0004566
0,0.6053463816642761,1,ham10000,ISIC_0027372,nv,HAM_0004567
1,0.34391534328460693,1,ham10000,ISIC_0024463,akiec,HAM_0004568
0,0.6441583037376404,1,ham10000,ISIC_0026104,bkl,HAM_0004569
0,0.4527418315410614,1,ham10000,ISIC_0030396,bkl,HAM_0004570
1,0.7290565967559814,1,ham10000,ISIC_0033578,mel,HAM_0004571
0,0.5422638654708862,1,ham10000,ISIC_0032868,nv,HAM_0004572
0,0.29199567437171936,0,ham10000,ISIC_0024849,nv,HAM_0004573
0,0.5647607445716858,1,ham10000,ISIC_0032566,nv,HAM_0004574
0,0.36407768726348877,1,ham10000,ISIC_0024789,nv,HAM_0004575
0,0.25248292088508606,0,ham10000,ISIC_0028738,nv,HAM_0004576
0,0.5503520965576172,1,ham10000,ISIC_0027134,nv,HAM_0004577
1,0.8653942942619324,1,ham10000,ISIC_0034239,mel,HAM_0004578
1,0.656568706035614,1,ham10000,ISIC_0025603,mel,HAM_0004579
0,0.5733866691589355,1,ham10000,ISIC_0030872,nv,HAM_0004580
0,0.5143246650695801,1,ham10000,ISIC_0032539,nv,HAM_0004581
0,0.46585148572921753,1,ham10000,ISIC_0033875,nv,HAM_0004582
0,0.28821712732315063,0,ham10000,ISIC_0034200,nv,HAM_0004583
0,0.3383513391017914,1,ham10000,ISIC_0034249,nv,HAM_0004584
0,0.48773494362831116,1,ham10000,ISIC_0032881,nv,HAM_0004585
0,0.38879865407943726,1,ham10000,ISIC_0033329,nv,HAM_0004586
0,0.32122907042503357,1,ham10000,ISIC_0034181,nv,HAM_0004587
0,0.20165470242500305,0,ham10000,ISIC_0033277,nv,HAM_0004588
0,0.5884917378425598,1,ham10000,ISIC_0033197,nv,HAM_0004589
0,0.2911597490310669,0,ham10000,ISIC_0032824,nv,HAM_0004590
0,0.5522321462631226,1,ham10000,ISIC_0027743,nv,HAM_0004591
1,0.45083609223365784,1,ham10000,ISIC_0029141,akiec,HAM_0004592
1,0.5019240379333496,1,ham10000,ISIC_0024900,mel,HAM_0004593
0,0.47601160407066345,1,ham10000,ISIC_0032418,nv,HAM_0004594
0,0.20878252387046814,0,ham10000,ISIC_0027844,nv,HAM_0004595
1,0.2685519754886627,0,ham10000,ISIC_0027187,mel,HAM_0004596
0,0.21895146369934082,0,ham10000,ISIC_0027050,nv,HAM_0004597
0,0.15765827894210815,0,ham10000,ISIC_0030345,nv,HAM_0004598
0,0.6224409341812134,1,ham10000,ISIC_0033861,nv,HAM_0004599
0,0.49871572852134705,1,ham10000,ISIC_0028464,nv,HAM_0004600
0,0.17790363729000092,0,ham10000,ISIC_0028443,nv,HAM_0004601
0,0.38259631395339966,1,ham10000,ISIC_0031240,nv,HAM_0004602
1,0.6119750738143921,1,ham10000,ISIC_0025793,bcc,HAM_0004603
0,0.3416931629180908,1,ham10000,ISIC_0027133,nv,HAM_0004604
0,0.3180128335952759,1,ham10000,ISIC_0032267,nv,HAM_0004605
0,0.4857904314994812,1,ham10000,ISIC_0027273,nv,HAM_0004606
1,0.5611069798469543,1,ham10000,ISIC_0026150,mel,HAM_0004607
0,0.5042068362236023,1,ham10000,ISIC_0028979,nv,HAM_0004608
1,0.9081992506980896,1,ham10000,ISIC_0024710,akiec,HAM_0004609
0,0.3771398365497589,1,ham10000,ISIC_0025042,nv,HAM_0004610
0,0.47767722606658936,1,ham10000,ISIC_0027716,nv,HAM_0004611
0,0.16335640847682953,0,ham10000,ISIC_0031333,nv,HAM_0004612
0,0.11445244401693344,0,ham10000,ISIC_0031938,nv,HAM_0004613
0,0.1787816882133484,0,ham10000,ISIC_0030151,nv,HAM_0004614
0,0.6258061528205872,1,ham10000,ISIC_0032815,nv,HAM_0004615
0,0.5014503002166748,1,ham10000,ISIC_0030084,nv,HAM_0004616
0,0.23060517013072968,0,ham10000,ISIC_0025664,nv,HAM_0004619
1,0.7017614245414734,1,ham10000,ISIC_0033122,mel,HAM_0004620
1,0.5943849086761475,1,ham10000,ISIC_0025818,bcc,HAM_0004621
1,0.3795132040977478,1,ham10000,ISIC_0028666,mel,HAM_0004622
0,0.6461971402168274,1,ham10000,ISIC_0024746,nv,HAM_0004623
1,0.6015138626098633,1,ham10000,ISIC_0028329,bcc,HAM_0004624
0,0.2901630401611328,0,ham10000,ISIC_0029346,nv,HAM_0004625
0,0.3477165400981903,1,ham10000,ISIC_0026904,nv,HAM_0004626
1,0.6038188934326172,1,ham10000,ISIC_0029974,bcc,HAM_0004627
0,0.3588072955608368,1,ham10000,ISIC_0027405,nv,HAM_0004628
0,0.6817595362663269,1,ham10000,ISIC_0027019,nv,HAM_0004629
0,0.7613944411277771,1,ham10000,ISIC_0025292,bkl,HAM_0004630
0,0.29537174105644226,0,ham10000,ISIC_0032473,nv,HAM_0004631
0,0.4577016830444336,1,ham10000,ISIC_0024382,bkl,HAM_0004632
0,0.44478240609169006,1,ham10000,ISIC_0025772,nv,HAM_0004633
0,0.6314526200294495,1,ham10000,ISIC_0032454,nv,HAM_0004634
1,0.2756655514240265,0,ham10000,ISIC_0029541,akiec,HAM_0004636
1,0.31970807909965515,1,ham10000,ISIC_0032036,mel,HAM_0004637
0,0.5105797052383423,1,ham10000,ISIC_0029344,nv,HAM_0004638
0,0.4572993218898773,1,ham10000,ISIC_0025635,nv,HAM_0004639
0,0.4651342034339905,1,ham10000,ISIC_0031834,nv,HAM_0004640
0,0.7938348054885864,1,ham10000,ISIC_0025099,bkl,HAM_0004641
1,0.8920382261276245,1,ham10000,ISIC_0025121,mel,HAM_0004642
1,0.6044619679450989,1,ham10000,ISIC_0029651,mel,HAM_0004643
0,0.11535236984491348,0,ham10000,ISIC_0031232,nv,HAM_0004644
0,0.4338509142398834,1,ham10000,ISIC_0030028,nv,HAM_0004645
0,0.42131146788597107,1,ham10000,ISIC_0029140,nv,HAM_0004646
0,0.4610123336315155,1,ham10000,ISIC_0025639,nv,HAM_0004647
0,0.6181726455688477,1,ham10000,ISIC_0025911,df,HAM_0004648
0,0.26584798097610474,0,ham10000,ISIC_0031373,nv,HAM_0004649
0,0.3809254765510559,1,ham10000,ISIC_0028149,nv,HAM_0004650
1,0.2693862020969391,0,ham10000,ISIC_0027328,mel,HAM_0004651
0,0.6296760439872742,1,ham10000,ISIC_0024583,nv,HAM_0004652
0,0.24286788702011108,0,ham10000,ISIC_0028431,vasc,HAM_0004653
1,0.5397391319274902,1,ham10000,ISIC_0027130,mel,HAM_0004654
1,0.5591092705726624,1,ham10000,ISIC_0030463,akiec,HAM_0004655
0,0.42308497428894043,1,ham10000,ISIC_0027475,nv,HAM_0004656
0,0.453759104013443,1,ham10000,ISIC_0024369,nv,HAM_0004657
0,0.44795337319374084,1,ham10000,ISIC_0031478,nv,HAM_0004658
0,0.3121376931667328,1,ham10000,ISIC_0027993,nv,HAM_0004659
0,0.602664589881897,1,ham10000,ISIC_0027504,bkl,HAM_0004660
0,0.314372181892395,1,ham10000,ISIC_0026808,nv,HAM_0004661
1,0.6983878016471863,1,ham10000,ISIC_0024331,bcc,HAM_0004662
0,0.4566649794578552,1,ham10000,ISIC_0025809,nv,HAM_0004663
0,0.5971478223800659,1,ham10000,ISIC_0027566,nv,HAM_0004664
0,0.26725509762763977,0,ham10000,ISIC_0030990,nv,HAM_0004665
0,0.5614474415779114,1,ham10000,ISIC_0029165,nv,HAM_0004666
0,0.2976115643978119,1,ham10000,ISIC_0031317,nv,HAM_0004667
0,0.22447587549686432,0,ham10000,ISIC_0027272,nv,HAM_0004668
1,0.5568708777427673,1,ham10000,ISIC_0028543,mel,HAM_0004669
0,0.31665194034576416,1,ham10000,ISIC_0033190,nv,HAM_0004670
0,0.5192211866378784,1,ham10000,ISIC_0026013,nv,HAM_0004671
0,0.23503869771957397,0,ham10000,ISIC_0026550,nv,HAM_0004672
0,0.6888328790664673,1,ham10000,ISIC_0027455,bkl,HAM_0004673
0,0.6628246307373047,1,ham10000,ISIC_0027252,nv,HAM_0004674
0,0.7248214483261108,1,ham10000,ISIC_0031411,nv,HAM_0004675
1,0.46498921513557434,1,ham10000,ISIC_0026247,mel,HAM_0004676
0,0.7679303288459778,1,ham10000,ISIC_0027680,bkl,HAM_0004677
0,0.35195791721343994,1,ham10000,ISIC_0025952,nv,HAM_0004678
0,0.655464231967926,1,ham10000,ISIC_0030985,nv,HAM_0004679
0,0.16856317222118378,0,ham10000,ISIC_0024876,nv,HAM_0004680
0,0.2930651009082794,0,ham10000,ISIC_0031919,nv,HAM_0004681
0,0.14228343963623047,0,ham10000,ISIC_0028474,nv,HAM_0004682
0,0.3208405375480652,1,ham10000,ISIC_0026079,nv,HAM_0004683
0,0.49183085560798645,1,ham10000,ISIC_0028394,nv,HAM_0004684
1,0.9429247975349426,1,ham10000,ISIC_0030767,bcc,HAM_0004685
0,0.33463358879089355,1,ham10000,ISIC_0028574,nv,HAM_0004686
1,0.8103229403495789,1,ham10000,ISIC_0032938,mel,HAM_0004687
0,0.4881559908390045,1,ham10000,ISIC_0032000,nv,HAM_0004688
0,0.42412975430488586,1,ham10000,ISIC_0029158,nv,HAM_0004689
0,0.7111348509788513,1,ham10000,ISIC_0027374,bkl,HAM_0004690
0,0.48935046792030334,1,ham10000,ISIC_0025805,bkl,HAM_0004691
0,0.597914457321167,1,ham10000,ISIC_0030734,nv,HAM_0004692
0,0.10010331124067307,0,ham10000,ISIC_0025283,nv,HAM_0004693
0,0.7120229601860046,1,ham10000,ISIC_0028611,bkl,HAM_0004695
0,0.7954874038696289,1,ham10000,ISIC_0024881,bkl,HAM_0004696
0,0.21033784747123718,0,ham10000,ISIC_0026856,nv,HAM_0004697
0,0.46249526739120483,1,ham10000,ISIC_0030127,nv,HAM_0004698
0,0.7582497596740723,1,ham10000,ISIC_0027497,nv,HAM_0004699
0,0.3584168553352356,1,ham10000,ISIC_0024727,nv,HAM_0004700
0,0.7091088891029358,1,ham10000,ISIC_0032243,nv,HAM_0004701
0,0.5455759763717651,1,ham10000,ISIC_0028462,nv,HAM_0004702
0,0.6703119874000549,1,ham10000,ISIC_0028658,nv,HAM_0004703
0,0.44601476192474365,1,ham10000,ISIC_0026093,nv,HAM_0004704
0,0.6582410335540771,1,ham10000,ISIC_0034260,nv,HAM_0004705
0,0.7423610687255859,1,ham10000,ISIC_0033308,nv,HAM_0004706
0,0.17926275730133057,0,ham10000,ISIC_0029386,nv,HAM_0004707
0,0.5391942262649536,1,ham10000,ISIC_0033561,nv,HAM_0004708
1,0.7501809597015381,1,ham10000,ISIC_0026558,mel,HAM_0004709
0,0.5455625057220459,1,ham10000,ISIC_0028270,nv,HAM_0004710
1,0.4539332389831543,1,ham10000,ISIC_0028197,bcc,HAM_0004711
0,0.1949349045753479,0,ham10000,ISIC_0030101,nv,HAM_0004712
0,0.8155611157417297,1,ham10000,ISIC_0031125,bkl,HAM_0004713
0,0.5844376683235168,1,ham10000,ISIC_0032651,nv,HAM_0004714
0,0.6700810790061951,1,ham10000,ISIC_0030494,nv,HAM_0004715
0,0.46842074394226074,1,ham10000,ISIC_0032729,nv,HAM_0004716
0,0.6803035140037537,1,ham10000,ISIC_0025227,nv,HAM_0004717
0,0.19226688146591187,0,ham10000,ISIC_0027589,nv,HAM_0004718
0,0.6438621878623962,1,ham10000,ISIC_0029276,nv,HAM_0004719
1,0.872687041759491,1,ham10000,ISIC_0027277,mel,HAM_0004720
0,0.4305380582809448,1,ham10000,ISIC_0032234,nv,HAM_0004721
1,0.47165215015411377,1,ham10000,ISIC_0024575,akiec,HAM_0004722
0,0.4237250089645386,1,ham10000,ISIC_0032413,nv,HAM_0004723
0,0.6700666546821594,1,ham10000,ISIC_0024924,nv,HAM_0004724
0,0.5531757473945618,1,ham10000,ISIC_0032507,nv,HAM_0004725
0,0.6705620884895325,1,ham10000,ISIC_0027579,nv,HAM_0004726
0,0.2898731529712677,0,ham10000,ISIC_0028250,nv,HAM_0004727
0,0.2956843078136444,0,ham10000,ISIC_0026779,nv,HAM_0004728
0,0.2525176405906677,0,ham10000,ISIC_0026198,nv,HAM_0004729
0,0.6471023559570312,1,ham10000,ISIC_0032297,nv,HAM_0004730
0,0.4820398688316345,1,ham10000,ISIC_0031248,nv,HAM_0004731
0,0.14347821474075317,0,ham10000,ISIC_0024858,nv,HAM_0004732
0,0.41413453221321106,1,ham10000,ISIC_0027565,nv,HAM_0004733
0,0.6394599080085754,1,ham10000,ISIC_0026396,nv,HAM_0004734
0,0.3829213082790375,1,ham10000,ISIC_0030000,nv,HAM_0004735
0,0.4137769639492035,1,ham10000,ISIC_0031990,nv,HAM_0004736
0,0.3948941230773926,1,ham10000,ISIC_0027221,nv,HAM_0004737
0,0.4743359684944153,1,ham10000,ISIC_0027512,nv,HAM_0004738
1,0.8917416334152222,1,ham10000,ISIC_0025234,mel,HAM_0004739
0,0.32431215047836304,1,ham10000,ISIC_0024992,nv,HAM_0004740
0,0.3469142019748688,1,ham10000,ISIC_0031687,nv,HAM_0004741
0,0.10091724246740341,0,ham10000,ISIC_0028338,nv,HAM_0004742
0,0.5240010619163513,1,ham10000,ISIC_0024692,nv,HAM_0004744
0,0.3322054445743561,1,ham10000,ISIC_0028004,nv,HAM_0004745
1,0.4740995764732361,1,ham10000,ISIC_0028764,mel,HAM_0004746
0,0.28351908922195435,0,ham10000,ISIC_0031435,nv,HAM_0004747
0,0.23748713731765747,0,ham10000,ISIC_0027513,bkl,HAM_0004748
0,0.5975551605224609,1,ham10000,ISIC_0024543,nv,HAM_0004749
0,0.4126824736595154,1,ham10000,ISIC_0029266,nv,HAM_0004750
0,0.19902300834655762,0,ham10000,ISIC_0026776,nv,HAM_0004751
0,0.16204173862934113,0,ham10000,ISIC_0028549,nv,HAM_0004752
0,0.4469028115272522,1,ham10000,ISIC_0031884,nv,HAM_0004753
1,0.7482122778892517,1,ham10000,ISIC_0032790,mel,HAM_0004754
0,0.3577423691749573,1,ham10000,ISIC_0029151,nv,HAM_0004755
0,0.3688184320926666,1,ham10000,ISIC_0029248,df,HAM_0004756
0,0.6257272362709045,1,ham10000,ISIC_0025607,nv,HAM_0004757
0,0.4237138628959656,1,ham10000,ISIC_0028491,nv,HAM_0004758
0,0.45351535081863403,1,ham10000,ISIC_0030467,nv,HAM_0004759
0,0.30766257643699646,1,ham10000,ISIC_0026826,nv,HAM_0004761
0,0.46631401777267456,1,ham10000,ISIC_0026080,nv,HAM_0004762
0,0.7877154350280762,1,ham10000,ISIC_0024891,nv,HAM_0004763
0,0.5419343113899231,1,ham10000,ISIC_0025270,nv,HAM_0004764
0,0.3842780888080597,1,ham10000,ISIC_0025599,vasc,HAM_0004765
0,0.8149361610412598,1,ham10000,ISIC_0030462,nv,HAM_0004766
1,0.3921661376953125,1,ham10000,ISIC_0025531,mel,HAM_0004767
0,0.6167687773704529,1,ham10000,ISIC_0024408,bkl,HAM_0004768
0,0.2151261866092682,0,ham10000,ISIC_0025250,vasc,HAM_0004769
0,0.5060155987739563,1,ham10000,ISIC_0032495,nv,HAM_0004770
0,0.3954922556877136,1,ham10000,ISIC_0024622,nv,HAM_0004771
0,0.39369532465934753,1,ham10000,ISIC_0027223,nv,HAM_0004772
0,0.8620583415031433,1,ham10000,ISIC_0032853,nv,HAM_0004773
0,0.45470476150512695,1,ham10000,ISIC_0031497,nv,HAM_0004774
0,0.3286186754703522,1,ham10000,ISIC_0027293,nv,HAM_0004775
0,0.9366462826728821,1,ham10000,ISIC_0032545,vasc,HAM_0004776
0,0.4016375243663788,1,ham10000,ISIC_0026749,nv,HAM_0004777
0,0.6257619261741638,1,ham10000,ISIC_0028432,nv,HAM_0004778
1,0.9003649353981018,1,ham10000,ISIC_0024823,mel,HAM_0004779
1,0.6422511339187622,1,ham10000,ISIC_0029315,akiec,HAM_0004780
0,0.5881823897361755,1,ham10000,ISIC_0025025,nv,HAM_0004781
0,0.7033315896987915,1,ham10000,ISIC_0026264,nv,HAM_0004782
0,0.4302060306072235,1,ham10000,ISIC_0025671,nv,HAM_0004783
1,0.7403508424758911,1,ham10000,ISIC_0027872,mel,HAM_0004784
0,0.5604687929153442,1,ham10000,ISIC_0030788,nv,HAM_0004785
0,0.2531544864177704,0,ham10000,ISIC_0029751,nv,HAM_0004786
0,0.5212040543556213,1,ham10000,ISIC_0029566,nv,HAM_0004787
0,0.9468947649002075,1,ham10000,ISIC_0032835,bkl,HAM_0004788
0,0.5517060160636902,1,ham10000,ISIC_0031652,nv,HAM_0004789
0,0.20682334899902344,0,ham10000,ISIC_0030902,nv,HAM_0004790
0,0.8834117650985718,1,ham10000,ISIC_0032538,vasc,HAM_0004791
0,0.4264843761920929,1,ham10000,ISIC_0031604,nv,HAM_0004792
0,0.33308446407318115,1,ham10000,ISIC_0028102,nv,HAM_0004793
0,0.30025723576545715,1,ham10000,ISIC_0027481,nv,HAM_0004794
0,0.3197486698627472,1,ham10000,ISIC_0026595,nv,HAM_0004795
0,0.6086606979370117,1,ham10000,ISIC_0032143,nv,HAM_0004796
0,0.2853172719478607,0,ham10000,ISIC_0024895,nv,HAM_0004797
0,0.47204867005348206,1,ham10000,ISIC_0029103,nv,HAM_0004798
0,0.18989057838916779,0,ham10000,ISIC_0030807,nv,HAM_0004799
0,0.2592986226081848,0,ham10000,ISIC_0029620,nv,HAM_0004800
0,0.18662060797214508,0,ham10000,ISIC_0030365,bkl,HAM_0004801
0,0.6591655611991882,1,ham10000,ISIC_0024596,nv,HAM_0004802
0,0.9337896704673767,1,ham10000,ISIC_0030880,nv,HAM_0004803
0,0.4104955494403839,1,ham10000,ISIC_0030497,nv,HAM_0004804
0,0.3548312485218048,1,ham10000,ISIC_0028641,nv,HAM_0004805
0,0.45210814476013184,1,ham10000,ISIC_0031031,nv,HAM_0004806
0,0.8232088088989258,1,ham10000,ISIC_0030124,bkl,HAM_0004807
0,0.4338971972465515,1,ham10000,ISIC_0029078,nv,HAM_0004808
1,0.705665647983551,1,ham10000,ISIC_0029840,akiec,HAM_0004809
0,0.2497861385345459,0,ham10000,ISIC_0030220,nv,HAM_0004810
1,0.7384406924247742,1,ham10000,ISIC_0032602,mel,HAM_0004811
0,0.4868833124637604,1,ham10000,ISIC_0025682,nv,HAM_0004812
1,0.7339569926261902,1,ham10000,ISIC_0027063,mel,HAM_0004813
0,0.4762755036354065,1,ham10000,ISIC_0032702,nv,HAM_0004814
0,0.32270073890686035,1,ham10000,ISIC_0031342,nv,HAM_0004815
0,0.4519607722759247,1,ham10000,ISIC_0031608,nv,HAM_0004816
1,0.6774705648422241,1,ham10000,ISIC_0025238,mel,HAM_0004817
0,0.40502503514289856,1,ham10000,ISIC_0030736,nv,HAM_0004818
0,0.4300496578216553,1,ham10000,ISIC_0028975,nv,HAM_0004819
0,0.6673367023468018,1,ham10000,ISIC_0030722,vasc,HAM_0004820
0,0.23763509094715118,0,ham10000,ISIC_0031885,nv,HAM_0004821
0,0.4986528754234314,1,ham10000,ISIC_0029788,nv,HAM_0004822
0,0.47696712613105774,1,ham10000,ISIC_0032108,nv,HAM_0004823
0,0.3918730318546295,1,ham10000,ISIC_0026698,nv,HAM_0004824
0,0.33386150002479553,1,ham10000,ISIC_0028152,nv,HAM_0004825
0,0.4849745035171509,1,ham10000,ISIC_0027564,nv,HAM_0004826
1,0.2972658574581146,0,ham10000,ISIC_0027819,bcc,HAM_0004827
0,0.30194658041000366,1,ham10000,ISIC_0028848,nv,HAM_0004828
0,0.5003024339675903,1,ham10000,ISIC_0032595,nv,HAM_0004829
0,0.6912684440612793,1,ham10000,ISIC_0027248,nv,HAM_0004830
1,0.7258517742156982,1,ham10000,ISIC_0025144,bcc,HAM_0004831
0,0.6537027359008789,1,ham10000,ISIC_0024709,bkl,HAM_0004832
0,0.3445252776145935,1,ham10000,ISIC_0026133,nv,HAM_0004833
0,0.6745454668998718,1,ham10000,ISIC_0025328,nv,HAM_0004834
0,0.35338881611824036,1,ham10000,ISIC_0031809,nv,HAM_0004835
0,0.4376850128173828,1,ham10000,ISIC_0025533,nv,HAM_0004836
0,0.5421157479286194,1,ham10000,ISIC_0030735,nv,HAM_0004837
0,0.6781891584396362,1,ham10000,ISIC_0030869,nv,HAM_0004838
0,0.37165334820747375,1,ham10000,ISIC_0024599,nv,HAM_0004839
0,0.5209361910820007,1,ham10000,ISIC_0025273,nv,HAM_0004840
0,0.3047233819961548,1,ham10000,ISIC_0028694,nv,HAM_0004841
0,0.4967162013053894,1,ham10000,ISIC_0026854,nv,HAM_0004842
0,0.22279192507266998,0,ham10000,ISIC_0031280,nv,HAM_0004843
1,0.8234711289405823,1,ham10000,ISIC_0033394,mel,HAM_0004844
0,0.5041956901550293,1,ham10000,ISIC_0026486,nv,HAM_0004845
1,0.4357926845550537,1,ham10000,ISIC_0026411,akiec,HAM_0004846
0,0.5810321569442749,1,ham10000,ISIC_0030906,nv,HAM_0004847
1,0.7555747032165527,1,ham10000,ISIC_0032727,bcc,HAM_0004848
1,0.47076064348220825,1,ham10000,ISIC_0032991,bcc,HAM_0004849
1,0.7952202558517456,1,ham10000,ISIC_0026438,mel,HAM_0004850
0,0.3472311198711395,1,ham10000,ISIC_0031219,nv,HAM_0004851
0,0.5970415472984314,1,ham10000,ISIC_0028774,bkl,HAM_0004852
1,0.8616775274276733,1,ham10000,ISIC_0030333,mel,HAM_0004853
0,0.244490385055542,0,ham10000,ISIC_0033078,nv,HAM_0004854
0,0.5099631547927856,1,ham10000,ISIC_0026642,nv,HAM_0004855
0,0.44493019580841064,1,ham10000,ISIC_0026299,nv,HAM_0004856
0,0.37322598695755005,1,ham10000,ISIC_0029038,nv,HAM_0004857
0,0.5617671608924866,1,ham10000,ISIC_0032239,nv,HAM_0004858
1,0.732802152633667,1,ham10000,ISIC_0033653,mel,HAM_0004859
0,0.3194056749343872,1,ham10000,ISIC_0031732,nv,HAM_0004860
0,0.3702191710472107,1,ham10000,ISIC_0031153,nv,HAM_0004861
0,0.3072284162044525,1,ham10000,ISIC_0032057,vasc,HAM_0004862
0,0.5712735056877136,1,ham10000,ISIC_0024945,nv,HAM_0004863
0,0.7519139647483826,1,ham10000,ISIC_0024682,nv,HAM_0004864
0,0.23501688241958618,0,ham10000,ISIC_0028157,nv,HAM_0004865
0,0.6693637371063232,1,ham10000,ISIC_0032184,nv,HAM_0004866
0,0.38263487815856934,1,ham10000,ISIC_0031538,nv,HAM_0004868
0,0.735029935836792,1,ham10000,ISIC_0025370,nv,HAM_0004869
0,0.5583047270774841,1,ham10000,ISIC_0024751,nv,HAM_0004870
1,0.6737446784973145,1,ham10000,ISIC_0030261,bcc,HAM_0004871
0,0.44097790122032166,1,ham10000,ISIC_0033202,nv,HAM_0004872
1,0.947686493396759,1,ham10000,ISIC_0029020,bcc,HAM_0004873
0,0.45738542079925537,1,ham10000,ISIC_0032160,nv,HAM_0004874
0,0.5740882754325867,1,ham10000,ISIC_0028268,nv,HAM_0004875
0,0.4977010488510132,1,ham10000,ISIC_0029356,nv,HAM_0004876
0,0.8211871981620789,1,ham10000,ISIC_0027159,vasc,HAM_0004877
1,0.5649378895759583,1,ham10000,ISIC_0026802,mel,HAM_0004878
0,0.4083940386772156,1,ham10000,ISIC_0032419,nv,HAM_0004879
1,0.6812499761581421,1,ham10000,ISIC_0028583,bcc,HAM_0004880
1,0.48783615231513977,1,ham10000,ISIC_0032913,mel,HAM_0004881
0,0.18706586956977844,0,ham10000,ISIC_0033357,nv,HAM_0004882
0,0.8413807153701782,1,ham10000,ISIC_0030436,bkl,HAM_0004883
0,0.7224023342132568,1,ham10000,ISIC_0025937,bkl,HAM_0004884
0,0.5332102179527283,1,ham10000,ISIC_0030570,nv,HAM_0004885
0,0.21765325963497162,0,ham10000,ISIC_0027112,nv,HAM_0004886
0,0.24076025187969208,0,ham10000,ISIC_0024717,nv,HAM_0004887
1,0.5738014578819275,1,ham10000,ISIC_0030107,mel,HAM_0004888
0,0.5591592788696289,1,ham10000,ISIC_0026714,bkl,HAM_0004889
0,0.3682815432548523,1,ham10000,ISIC_0028054,nv,HAM_0004890
0,0.4733544588088989,1,ham10000,ISIC_0027943,nv,HAM_0004891
0,0.4143134355545044,1,ham10000,ISIC_0025228,nv,HAM_0004892
0,0.4548444449901581,1,ham10000,ISIC_0031906,nv,HAM_0004893
0,0.21680964529514313,0,ham10000,ISIC_0030643,nv,HAM_0004894
0,0.29078081250190735,0,ham10000,ISIC_0024753,nv,HAM_0004895
0,0.26108428835868835,0,ham10000,ISIC_0025369,nv,HAM_0004896
0,0.3029463589191437,1,ham10000,ISIC_0024352,nv,HAM_0004897
1,0.49128565192222595,1,ham10000,ISIC_0024932,mel,HAM_0004898
1,0.494078665971756,1,ham10000,ISIC_0027930,akiec,HAM_0004899
0,0.41223734617233276,1,ham10000,ISIC_0027860,nv,HAM_0004900
0,0.5233479142189026,1,ham10000,ISIC_0025361,nv,HAM_0004901
0,0.46442463994026184,1,ham10000,ISIC_0030823,nv,HAM_0004902
0,0.45927050709724426,1,ham10000,ISIC_0025604,nv,HAM_0004903
0,0.5090343356132507,1,ham10000,ISIC_0032381,nv,HAM_0004904
0,0.7594462633132935,1,ham10000,ISIC_0027162,bkl,HAM_0004905
0,0.6170231699943542,1,ham10000,ISIC_0028522,nv,HAM_0004906
0,0.2531411349773407,0,ham10000,ISIC_0026001,nv,HAM_0004907
0,0.5906509757041931,1,ham10000,ISIC_0028710,bkl,HAM_0004908
0,0.4889512360095978,1,ham10000,ISIC_0025118,nv,HAM_0004909
1,0.7612696290016174,1,ham10000,ISIC_0026115,mel,HAM_0004910
0,0.5333096385002136,1,ham10000,ISIC_0030860,nv,HAM_0004911
0,0.7924511432647705,1,ham10000,ISIC_0025753,bkl,HAM_0004912
0,0.5822408199310303,1,ham10000,ISIC_0025770,nv,HAM_0004913
1,0.5426447987556458,1,ham10000,ISIC_0034062,mel,HAM_0004914
0,0.41086500883102417,1,ham10000,ISIC_0025272,nv,HAM_0004915
0,0.25145235657691956,0,ham10000,ISIC_0026010,nv,HAM_0004916
0,0.5068656206130981,1,ham10000,ISIC_0026301,bkl,HAM_0004917
0,0.4110066890716553,1,ham10000,ISIC_0026317,nv,HAM_0004918
0,0.5217404365539551,1,ham10000,ISIC_0025226,nv,HAM_0004919
0,0.14465107023715973,0,ham10000,ISIC_0030983,nv,HAM_0004920
0,0.43130162358283997,1,ham10000,ISIC_0025389,bkl,HAM_0004921
0,0.5090482831001282,1,ham10000,ISIC_0027108,nv,HAM_0004922
0,0.6373065710067749,1,ham10000,ISIC_0030444,nv,HAM_0004923
0,0.5473392009735107,1,ham10000,ISIC_0027040,nv,HAM_0004924
0,0.11296172440052032,0,ham10000,ISIC_0024873,nv,HAM_0004925
0,0.4254566431045532,1,ham10000,ISIC_0024785,nv,HAM_0004926
1,0.8820956349372864,1,ham10000,ISIC_0032921,mel,HAM_0004927
0,0.4163488447666168,1,ham10000,ISIC_0029770,bkl,HAM_0004928
0,0.36887127161026,1,ham10000,ISIC_0029044,nv,HAM_0004929
0,0.40629133582115173,1,ham10000,ISIC_0026428,nv,HAM_0004931
0,0.12492101639509201,0,ham10000,ISIC_0032212,nv,HAM_0004932
0,0.5881876945495605,1,ham10000,ISIC_0025558,nv,HAM_0004933
0,0.5932460427284241,1,ham10000,ISIC_0030629,nv,HAM_0004935
1,0.4947713017463684,1,ham10000,ISIC_0025573,mel,HAM_0004936
1,0.7941387295722961,1,ham10000,ISIC_0026988,bcc,HAM_0004937
0,0.40861597657203674,1,ham10000,ISIC_0027214,nv,HAM_0004938
0,0.42190927267074585,1,ham10000,ISIC_0026521,nv,HAM_0004939
1,0.3990378975868225,1,ham10000,ISIC_0026970,bcc,HAM_0004940
0,0.6008833646774292,1,ham10000,ISIC_0027121,nv,HAM_0004941
0,0.7625626921653748,1,ham10000,ISIC_0028202,nv,HAM_0004942
0,0.6894962191581726,1,ham10000,ISIC_0027790,vasc,HAM_0004943
0,0.5529113411903381,1,ham10000,ISIC_0030559,nv,HAM_0004944
0,0.5272529125213623,1,ham10000,ISIC_0029358,bkl,HAM_0004945
0,0.11177103966474533,0,ham10000,ISIC_0030425,nv,HAM_0004946
0,0.6544787287712097,1,ham10000,ISIC_0024711,bkl,HAM_0004947
0,0.20998165011405945,0,ham10000,ISIC_0025736,nv,HAM_0004948
1,0.39479875564575195,1,ham10000,ISIC_0032981,mel,HAM_0004949
0,0.32586395740509033,1,ham10000,ISIC_0031878,nv,HAM_0004950
0,0.5951385498046875,1,ham10000,ISIC_0026339,nv,HAM_0004951
0,0.26801133155822754,0,ham10000,ISIC_0028111,nv,HAM_0004952
0,0.7843517065048218,1,ham10000,ISIC_0030156,nv,HAM_0004954
0,0.36551570892333984,1,ham10000,ISIC_0027128,nv,HAM_0004955
0,0.2892027199268341,0,ham10000,ISIC_0030810,nv,HAM_0004956
0,0.3547036051750183,1,ham10000,ISIC_0027652,bkl,HAM_0004958
0,0.2627503275871277,0,ham10000,ISIC_0028262,nv,HAM_0004959
0,0.7400816679000854,1,ham10000,ISIC_0027876,df,HAM_0004960
0,0.5252836346626282,1,ham10000,ISIC_0025705,nv,HAM_0004961
0,0.5745459198951721,1,ham10000,ISIC_0032563,nv,HAM_0004963
0,0.41953787207603455,1,ham10000,ISIC_0028062,nv,HAM_0004964
0,0.40978217124938965,1,ham10000,ISIC_0025287,nv,HAM_0004965
0,0.4233303368091583,1,ham10000,ISIC_0029508,nv,HAM_0004966
1,0.4800181984901428,1,ham10000,ISIC_0028815,bcc,HAM_0004967
0,0.31962722539901733,1,ham10000,ISIC_0025521,nv,HAM_0004969
1,0.8279557228088379,1,ham10000,ISIC_0026593,bcc,HAM_0004970
0,0.301178514957428,1,ham10000,ISIC_0028836,nv,HAM_0004971
0,0.4468027353286743,1,ham10000,ISIC_0026997,nv,HAM_0004972
0,0.32973164319992065,1,ham10000,ISIC_0025872,nv,HAM_0004973
0,0.28898656368255615,0,ham10000,ISIC_0028959,nv,HAM_0004974
0,0.5924926996231079,1,ham10000,ISIC_0032863,bkl,HAM_0004975
1,0.15481987595558167,0,ham10000,ISIC_0028499,akiec,HAM_0004976
0,0.4157218337059021,1,ham10000,ISIC_0028740,nv,HAM_0004977
0,0.2677728831768036,0,ham10000,ISIC_0032101,nv,HAM_0004978
1,0.676284909248352,1,ham10000,ISIC_0026596,mel,HAM_0004979
1,0.6846334934234619,1,ham10000,ISIC_0027693,mel,HAM_0004980
0,0.5739728212356567,1,ham10000,ISIC_0030493,nv,HAM_0004981
0,0.2594505548477173,0,ham10000,ISIC_0025192,nv,HAM_0004982
0,0.1411733329296112,0,ham10000,ISIC_0030291,nv,HAM_0004983
1,0.7765908241271973,1,ham10000,ISIC_0032879,mel,HAM_0004984
0,0.7766473293304443,1,ham10000,ISIC_0024518,nv,HAM_0004985
0,0.44545769691467285,1,ham10000,ISIC_0025598,nv,HAM_0004986
0,0.18502530455589294,0,ham10000,ISIC_0027132,nv,HAM_0004987
0,0.2823893129825592,0,ham10000,ISIC_0025659,bkl,HAM_0004988
0,0.3002450466156006,1,ham10000,ISIC_0028669,nv,HAM_0004989
0,0.30513498187065125,1,ham10000,ISIC_0028433,nv,HAM_0004990
0,0.24858534336090088,0,ham10000,ISIC_0028809,nv,HAM_0004991
1,0.3750731945037842,1,ham10000,ISIC_0026132,akiec,HAM_0004992
0,0.44818174839019775,1,ham10000,ISIC_0031736,nv,HAM_0004993
0,0.3472951352596283,1,ham10000,ISIC_0028839,nv,HAM_0004994
0,0.45531556010246277,1,ham10000,ISIC_0029869,nv,HAM_0004995
0,0.6910303235054016,1,ham10000,ISIC_0028909,nv,HAM_0004996
0,0.38359054923057556,1,ham10000,ISIC_0027305,nv,HAM_0004997
1,0.6632009148597717,1,ham10000,ISIC_0033304,mel,HAM_0004998
0,0.44116196036338806,1,ham10000,ISIC_0027690,nv,HAM_0004999
0,0.4339888095855713,1,ham10000,ISIC_0031312,nv,HAM_0005000
0,0.6301735639572144,1,ham10000,ISIC_0031438,nv,HAM_0005001
0,0.43653008341789246,1,ham10000,ISIC_0031869,nv,HAM_0005002
0,0.54665607213974,1,ham10000,ISIC_0026689,nv,HAM_0005003
0,0.3174166977405548,1,ham10000,ISIC_0028708,nv,HAM_0005004
0,0.174726665019989,0,ham10000,ISIC_0031920,nv,HAM_0005005
1,0.5942240953445435,1,ham10000,ISIC_0031146,mel,HAM_0005006
0,0.7059348821640015,1,ham10000,ISIC_0024668,nv,HAM_0005007
0,0.5637931227684021,1,ham10000,ISIC_0026580,nv,HAM_0005008
0,0.5866724252700806,1,ham10000,ISIC_0027569,nv,HAM_0005009
1,0.356385201215744,1,ham10000,ISIC_0033180,mel,HAM_0005010
0,0.2498074769973755,0,ham10000,ISIC_0026393,vasc,HAM_0005011
0,0.2623714208602905,0,ham10000,ISIC_0031251,nv,HAM_0005012
0,0.3533872663974762,1,ham10000,ISIC_0030448,nv,HAM_0005013
0,0.6936221718788147,1,ham10000,ISIC_0030504,nv,HAM_0005014
0,0.40073513984680176,1,ham10000,ISIC_0026355,nv,HAM_0005015
0,0.3965676426887512,1,ham10000,ISIC_0027045,nv,HAM_0005016
0,0.4126521348953247,1,ham10000,ISIC_0025310,nv,HAM_0005017
0,0.1595311015844345,0,ham10000,ISIC_0026440,nv,HAM_0005018
0,0.39804109930992126,1,ham10000,ISIC_0029097,nv,HAM_0005019
1,0.6294671893119812,1,ham10000,ISIC_0026626,akiec,HAM_0005020
1,0.7914846539497375,1,ham10000,ISIC_0033454,mel,HAM_0005021
0,0.590778648853302,1,ham10000,ISIC_0027367,bkl,HAM_0005022
0,0.6463589072227478,1,ham10000,ISIC_0031805,nv,HAM_0005023
1,0.19785284996032715,0,ham10000,ISIC_0025803,akiec,HAM_0005024
0,0.4796547591686249,1,ham10000,ISIC_0032261,nv,HAM_0005025
1,0.5948528051376343,1,ham10000,ISIC_0028728,bcc,HAM_0005026
1,0.7041787505149841,1,ham10000,ISIC_0026138,akiec,HAM_0005027
0,0.5026991367340088,1,ham10000,ISIC_0031190,nv,HAM_0005028
0,0.23874534666538239,0,ham10000,ISIC_0031514,nv,HAM_0005029
1,0.46880027651786804,1,ham10000,ISIC_0028303,bcc,HAM_0005030
0,0.531852662563324,1,ham10000,ISIC_0025109,nv,HAM_0005031
0,0.2270195186138153,0,ham10000,ISIC_0027376,nv,HAM_0005032
0,0.2843683362007141,0,ham10000,ISIC_0032224,nv,HAM_0005033
0,0.3978329300880432,1,ham10000,ISIC_0027024,nv,HAM_0005034
0,0.4143494665622711,1,ham10000,ISIC_0025536,nv,HAM_0005035
0,0.3936198055744171,1,ham10000,ISIC_0025815,nv,HAM_0005036
0,0.41461941599845886,1,ham10000,ISIC_0028108,nv,HAM_0005037
0,0.719239354133606,1,ham10000,ISIC_0026914,nv,HAM_0005038
0,0.432716429233551,1,ham10000,ISIC_0024320,nv,HAM_0005039
1,0.6577343344688416,1,ham10000,ISIC_0033302,mel,HAM_0005040
0,0.4711247384548187,1,ham10000,ISIC_0028019,nv,HAM_0005041
0,0.3476391136646271,1,ham10000,ISIC_0026220,nv,HAM_0005042
0,0.035862959921360016,0,ham10000,ISIC_0025004,nv,HAM_0005043
0,0.3950725495815277,1,ham10000,ISIC_0032169,nv,HAM_0005044
0,0.15101495385169983,0,ham10000,ISIC_0030701,nv,HAM_0005045
0,0.4981846809387207,1,ham10000,ISIC_0029561,nv,HAM_0005046
0,0.589205801486969,1,ham10000,ISIC_0029105,nv,HAM_0005047
0,0.28913724422454834,0,ham10000,ISIC_0029553,nv,HAM_0005048
0,0.6236574053764343,1,ham10000,ISIC_0028201,bkl,HAM_0005049
0,0.2639060318470001,0,ham10000,ISIC_0025949,nv,HAM_0005050
0,0.5916070938110352,1,ham10000,ISIC_0031798,nv,HAM_0005051
0,0.15004205703735352,0,ham10000,ISIC_0033724,nv,HAM_0005052
0,0.4006868302822113,1,ham10000,ISIC_0024761,bkl,HAM_0005053
0,0.13070811331272125,0,ham10000,ISIC_0030676,nv,HAM_0005054
0,0.2533166706562042,0,ham10000,ISIC_0030903,nv,HAM_0005055
0,0.9210190176963806,1,ham10000,ISIC_0031094,nv,HAM_0005056
0,0.5707557797431946,1,ham10000,ISIC_0027711,nv,HAM_0005057
1,0.8021305203437805,1,ham10000,ISIC_0025700,bcc,HAM_0005058
0,0.23070968687534332,0,ham10000,ISIC_0034027,nv,HAM_0005059
0,0.67548006772995,1,ham10000,ISIC_0027852,nv,HAM_0005060
1,0.8124541640281677,1,ham10000,ISIC_0032466,mel,HAM_0005061
0,0.624484658241272,1,ham10000,ISIC_0033211,nv,HAM_0005062
0,0.3046344816684723,1,ham10000,ISIC_0030419,nv,HAM_0005063
1,0.8304646611213684,1,ham10000,ISIC_0027144,mel,HAM_0005064
0,0.6355844140052795,1,ham10000,ISIC_0031256,nv,HAM_0005065
0,0.5484957695007324,1,ham10000,ISIC_0030787,nv,HAM_0005066
0,0.3972666561603546,1,ham10000,ISIC_0026261,nv,HAM_0005067
1,0.6576540470123291,1,ham10000,ISIC_0026156,bcc,HAM_0005068
0,0.4694094657897949,1,ham10000,ISIC_0028301,nv,HAM_0005069
0,0.2983732223510742,1,ham10000,ISIC_0030863,nv,HAM_0005070
0,0.36907076835632324,1,ham10000,ISIC_0029987,nv,HAM_0005071
0,0.33920595049858093,1,ham10000,ISIC_0031632,nv,HAM_0005072
0,0.16031451523303986,0,ham10000,ISIC_0029956,nv,HAM_0005073
0,0.3083714544773102,1,ham10000,ISIC_0028200,bkl,HAM_0005074
0,0.47896942496299744,1,ham10000,ISIC_0029060,bkl,HAM_0005075
0,0.21463920176029205,0,ham10000,ISIC_0024404,nv,HAM_0005076
0,0.3709925711154938,1,ham10000,ISIC_0028646,bkl,HAM_0005077
1,0.24415946006774902,0,ham10000,ISIC_0030784,mel,HAM_0005078
0,0.47501417994499207,1,ham10000,ISIC_0028420,nv,HAM_0005079
0,0.5006328821182251,1,ham10000,ISIC_0027951,nv,HAM_0005080
0,0.26762646436691284,0,ham10000,ISIC_0029326,nv,HAM_0005081
0,0.45815563201904297,1,ham10000,ISIC_0025699,bkl,HAM_0005082
0,0.6328380703926086,1,ham10000,ISIC_0031482,nv,HAM_0005083
1,0.896099328994751,1,ham10000,ISIC_0027261,mel,HAM_0005084
0,0.7725552320480347,1,ham10000,ISIC_0029257,nv,HAM_0005085
0,0.4221065640449524,1,ham10000,ISIC_0030772,nv,HAM_0005086
0,0.18596941232681274,0,ham10000,ISIC_0024765,nv,HAM_0005087
0,0.15617604553699493,0,ham10000,ISIC_0031647,nv,HAM_0005088
0,0.388594388961792,1,ham10000,ISIC_0025673,nv,HAM_0005089
0,0.6740161776542664,1,ham10000,ISIC_0029162,nv,HAM_0005090
0,0.6890136003494263,1,ham10000,ISIC_0027345,nv,HAM_0005091
0,0.9075827598571777,1,ham10000,ISIC_0030232,nv,HAM_0005092
0,0.4705199897289276,1,ham10000,ISIC_0030517,nv,HAM_0005093
0,0.46520498394966125,1,ham10000,ISIC_0027816,nv,HAM_0005094
1,0.8427678942680359,1,ham10000,ISIC_0030324,mel,HAM_0005095
0,0.14833728969097137,0,ham10000,ISIC_0029741,bkl,HAM_0005096
0,0.6906778216362,1,ham10000,ISIC_0031018,nv,HAM_0005097
0,0.17077530920505524,0,ham10000,ISIC_0024728,nv,HAM_0005098
0,0.4972074627876282,1,ham10000,ISIC_0029648,nv,HAM_0005099
0,0.41066837310791016,1,ham10000,ISIC_0030274,nv,HAM_0005100
0,0.10938037186861038,0,ham10000,ISIC_0024643,bkl,HAM_0005101
0,0.4315322935581207,1,ham10000,ISIC_0028128,nv,HAM_0005102
0,0.1837538778781891,0,ham10000,ISIC_0025079,nv,HAM_0005103
0,0.42905935645103455,1,ham10000,ISIC_0030204,nv,HAM_0005104
0,0.3765125274658203,1,ham10000,ISIC_0027377,nv,HAM_0005105
0,0.6448578834533691,1,ham10000,ISIC_0032901,nv,HAM_0005106
0,0.5843260288238525,1,ham10000,ISIC_0026502,nv,HAM_0005107
0,0.6538223624229431,1,ham10000,ISIC_0026078,nv,HAM_0005108
0,0.6069958209991455,1,ham10000,ISIC_0025412,nv,HAM_0005110
0,0.40217506885528564,1,ham10000,ISIC_0030911,nv,HAM_0005111
0,0.5984451770782471,1,ham10000,ISIC_0024386,df,HAM_0005112
0,0.24069152772426605,0,ham10000,ISIC_0028516,nv,HAM_0005113
0,0.37257829308509827,1,ham10000,ISIC_0028038,nv,HAM_0005114
0,0.6319335103034973,1,ham10000,ISIC_0033008,nv,HAM_0005115
0,0.7629641890525818,1,ham10000,ISIC_0032953,nv,HAM_0005116
1,0.8288957476615906,1,ham10000,ISIC_0025712,akiec,HAM_0005117
0,0.46577176451683044,1,ham10000,ISIC_0025357,nv,HAM_0005118
0,0.38046887516975403,1,ham10000,ISIC_0029335,nv,HAM_0005119
0,0.2693672180175781,0,ham10000,ISIC_0027685,nv,HAM_0005120
1,0.26243042945861816,0,ham10000,ISIC_0029591,mel,HAM_0005121
0,0.7027532458305359,1,ham10000,ISIC_0034265,nv,HAM_0005122
0,0.39421164989471436,1,ham10000,ISIC_0025877,nv,HAM_0005123
1,0.6171106100082397,1,ham10000,ISIC_0030150,mel,HAM_0005124
0,0.4462372958660126,1,ham10000,ISIC_0024726,bkl,HAM_0005125
0,0.8615937829017639,1,ham10000,ISIC_0028822,bkl,HAM_0005126
0,0.5551334619522095,1,ham10000,ISIC_0026384,nv,HAM_0005127
0,0.40631425380706787,1,ham10000,ISIC_0025549,nv,HAM_0005128
0,0.04288014397025108,0,ham10000,ISIC_0027870,nv,HAM_0005129
0,0.33403927087783813,1,ham10000,ISIC_0032002,nv,HAM_0005130
0,0.633404016494751,1,ham10000,ISIC_0034007,bkl,HAM_0005131
0,0.8120709657669067,1,ham10000,ISIC_0025209,bkl,HAM_0005132
0,0.3420999348163605,1,ham10000,ISIC_0028409,nv,HAM_0005133
0,0.33825916051864624,1,ham10000,ISIC_0029523,nv,HAM_0005134
0,0.7463207840919495,1,ham10000,ISIC_0032989,nv,HAM_0005135
0,0.28329843282699585,0,ham10000,ISIC_0024337,bkl,HAM_0005136
0,0.33616700768470764,1,ham10000,ISIC_0027207,nv,HAM_0005138
0,0.5022727251052856,1,ham10000,ISIC_0028260,nv,HAM_0005139
0,0.27737292647361755,0,ham10000,ISIC_0026662,nv,HAM_0005140
1,0.5089641809463501,1,ham10000,ISIC_0033217,mel,HAM_0005141
0,0.5688868165016174,1,ham10000,ISIC_0031701,nv,HAM_0005142
0,0.3744564652442932,1,ham10000,ISIC_0030303,nv,HAM_0005143
0,0.2631496489048004,0,ham10000,ISIC_0026130,nv,HAM_0005144
0,0.4151339828968048,1,ham10000,ISIC_0032255,nv,HAM_0005145
0,0.2572477161884308,0,ham10000,ISIC_0026526,bkl,HAM_0005146
0,0.6710723042488098,1,ham10000,ISIC_0029076,nv,HAM_0005147
0,0.5995535254478455,1,ham10000,ISIC_0026969,nv,HAM_0005148
0,0.6403151750564575,1,ham10000,ISIC_0028161,nv,HAM_0005150
0,0.28331345319747925,0,ham10000,ISIC_0030992,nv,HAM_0005151
0,0.3153573274612427,1,ham10000,ISIC_0030112,nv,HAM_0005152
0,0.337154746055603,1,ham10000,ISIC_0030847,nv,HAM_0005153
0,0.34237030148506165,1,ham10000,ISIC_0024762,nv,HAM_0005154
0,0.7159920930862427,1,ham10000,ISIC_0025321,vasc,HAM_0005155
0,0.3924435079097748,1,ham10000,ISIC_0033330,nv,HAM_0005156
0,0.4919177293777466,1,ham10000,ISIC_0024880,bkl,HAM_0005157
0,0.7277260422706604,1,ham10000,ISIC_0031950,vasc,HAM_0005158
0,0.5315302610397339,1,ham10000,ISIC_0025352,nv,HAM_0005159
0,0.4600720703601837,1,ham10000,ISIC_0024935,nv,HAM_0005160
0,0.2506333887577057,0,ham10000,ISIC_0030472,nv,HAM_0005161
0,0.592788577079773,1,ham10000,ISIC_0025568,nv,HAM_0005162
0,0.3978250026702881,1,ham10000,ISIC_0026888,nv,HAM_0005163
0,0.4783320128917694,1,ham10000,ISIC_0028837,nv,HAM_0005164
0,0.32186567783355713,1,ham10000,ISIC_0030108,nv,HAM_0005165
0,0.48707327246665955,1,ham10000,ISIC_0024815,nv,HAM_0005166
0,0.38601210713386536,1,ham10000,ISIC_0031780,nv,HAM_0005167
0,0.27992305159568787,0,ham10000,ISIC_0028277,nv,HAM_0005168
0,0.19870267808437347,0,ham10000,ISIC_0027557,nv,HAM_0005169
0,0.3013770580291748,1,ham10000,ISIC_0026253,nv,HAM_0005170
0,0.547389566898346,1,ham10000,ISIC_0029380,nv,HAM_0005171
0,0.34123215079307556,1,ham10000,ISIC_0027156,nv,HAM_0005172
0,0.3667740523815155,1,ham10000,ISIC_0025400,nv,HAM_0005173
0,0.648572564125061,1,ham10000,ISIC_0032276,nv,HAM_0005174
0,0.7026116847991943,1,ham10000,ISIC_0029479,nv,HAM_0005175
0,0.5773141384124756,1,ham10000,ISIC_0031117,nv,HAM_0005176
0,0.18810442090034485,0,ham10000,ISIC_0029423,nv,HAM_0005177
0,0.4158007800579071,1,ham10000,ISIC_0030285,nv,HAM_0005178
0,0.39179959893226624,1,ham10000,ISIC_0024957,nv,HAM_0005179
1,0.48740750551223755,1,ham10000,ISIC_0024454,bcc,HAM_0005180
0,0.1135144904255867,0,ham10000,ISIC_0027483,nv,HAM_0005181
0,0.6104149222373962,1,ham10000,ISIC_0031288,nv,HAM_0005182
0,0.21547831594944,0,ham10000,ISIC_0029696,nv,HAM_0005183
1,0.5613716840744019,1,ham10000,ISIC_0029644,bcc,HAM_0005184
0,0.18861271440982819,0,ham10000,ISIC_0033412,nv,HAM_0005185
1,0.7299855947494507,1,ham10000,ISIC_0026993,mel,HAM_0005186
0,0.44614920020103455,1,ham10000,ISIC_0029385,nv,HAM_0005187
0,0.5307216644287109,1,ham10000,ISIC_0024824,nv,HAM_0005188
0,0.340275377035141,1,ham10000,ISIC_0025762,nv,HAM_0005189
0,0.6348349452018738,1,ham10000,ISIC_0032700,nv,HAM_0005190
1,0.282607764005661,0,ham10000,ISIC_0031177,mel,HAM_0005191
0,0.24509096145629883,0,ham10000,ISIC_0031858,nv,HAM_0005192
0,0.7785334587097168,1,ham10000,ISIC_0026742,nv,HAM_0005193
0,0.5330066680908203,1,ham10000,ISIC_0032561,nv,HAM_0005194
0,0.5163681507110596,1,ham10000,ISIC_0025929,nv,HAM_0005195
0,0.3327066898345947,1,ham10000,ISIC_0030922,nv,HAM_0005197
0,0.7679934501647949,1,ham10000,ISIC_0032920,nv,HAM_0005198
0,0.4749658405780792,1,ham10000,ISIC_0024982,bkl,HAM_0005199
0,0.4281166195869446,1,ham10000,ISIC_0032393,nv,HAM_0005200
0,0.28205054998397827,0,ham10000,ISIC_0028855,nv,HAM_0005201
0,0.5172551870346069,1,ham10000,ISIC_0028974,nv,HAM_0005202
1,0.6032724380493164,1,ham10000,ISIC_0027742,mel,HAM_0005203
0,0.5911127924919128,1,ham10000,ISIC_0024749,nv,HAM_0005204
0,0.297183632850647,0,ham10000,ISIC_0027581,nv,HAM_0005205
0,0.6234250664710999,1,ham10000,ISIC_0032521,nv,HAM_0005206
0,0.5151430368423462,1,ham10000,ISIC_0028781,nv,HAM_0005208
0,0.3766046464443207,1,ham10000,ISIC_0032713,nv,HAM_0005209
0,0.04503926634788513,0,ham10000,ISIC_0025965,nv,HAM_0005210
0,0.5878900289535522,1,ham10000,ISIC_0030282,nv,HAM_0005211
0,0.06648863106966019,0,ham10000,ISIC_0033356,nv,HAM_0005213
0,0.23960310220718384,0,ham10000,ISIC_0031114,nv,HAM_0005214
0,0.23076236248016357,0,ham10000,ISIC_0028406,vasc,HAM_0005215
0,0.4782472550868988,1,ham10000,ISIC_0032161,nv,HAM_0005216
0,0.5028434991836548,1,ham10000,ISIC_0025057,nv,HAM_0005217
0,0.17408065497875214,0,ham10000,ISIC_0028939,nv,HAM_0005218
0,0.2850394546985626,0,ham10000,ISIC_0027935,nv,HAM_0005219
0,0.20783263444900513,0,ham10000,ISIC_0025479,nv,HAM_0005220
0,0.4085007905960083,1,ham10000,ISIC_0029019,nv,HAM_0005221
0,0.4131432771682739,1,ham10000,ISIC_0026636,nv,HAM_0005222
0,0.16986194252967834,0,ham10000,ISIC_0029536,nv,HAM_0005223
0,0.6479853391647339,1,ham10000,ISIC_0026929,nv,HAM_0005224
0,0.5506859421730042,1,ham10000,ISIC_0031213,nv,HAM_0005225
0,0.6434298753738403,1,ham10000,ISIC_0029290,nv,HAM_0005226
0,0.3444680869579315,1,ham10000,ISIC_0027410,nv,HAM_0005227
1,0.4793497920036316,1,ham10000,ISIC_0026702,akiec,HAM_0005228
0,0.42010247707366943,1,ham10000,ISIC_0030003,nv,HAM_0005229
0,0.14368675649166107,0,ham10000,ISIC_0027127,nv,HAM_0005230
1,0.593485414981842,1,ham10000,ISIC_0025247,akiec,HAM_0005231
0,0.6833687424659729,1,ham10000,ISIC_0025993,nv,HAM_0005232
0,0.5634268522262573,1,ham10000,ISIC_0026289,nv,HAM_0005233
0,0.37388888001441956,1,ham10000,ISIC_0027347,nv,HAM_0005234
0,0.2930699288845062,0,ham10000,ISIC_0029437,nv,HAM_0005235
0,0.4499678313732147,1,ham10000,ISIC_0026366,nv,HAM_0005236
0,0.42191803455352783,1,ham10000,ISIC_0027240,nv,HAM_0005237
0,0.4708336591720581,1,ham10000,ISIC_0030393,nv,HAM_0005238
0,0.5361440181732178,1,ham10000,ISIC_0028679,nv,HAM_0005239
0,0.30015861988067627,1,ham10000,ISIC_0030169,nv,HAM_0005240
0,0.2721249759197235,0,ham10000,ISIC_0029699,nv,HAM_0005241
0,0.46804705262184143,1,ham10000,ISIC_0027597,nv,HAM_0005242
1,0.9030353426933289,1,ham10000,ISIC_0024885,bcc,HAM_0005243
0,0.6343076229095459,1,ham10000,ISIC_0030473,nv,HAM_0005244
0,0.26919621229171753,0,ham10000,ISIC_0024375,vasc,HAM_0005245
0,0.6466902494430542,1,ham10000,ISIC_0030059,nv,HAM_0005246
0,0.4094601571559906,1,ham10000,ISIC_0024687,nv,HAM_0005247
0,0.5389519929885864,1,ham10000,ISIC_0032902,nv,HAM_0005248
1,0.5316476821899414,1,ham10000,ISIC_0032526,mel,HAM_0005249
0,0.39175525307655334,1,ham10000,ISIC_0029792,nv,HAM_0005250
1,0.8740996718406677,1,ham10000,ISIC_0026868,mel,HAM_0005251
0,0.46241623163223267,1,ham10000,ISIC_0028185,nv,HAM_0005252
0,0.2662106454372406,0,ham10000,ISIC_0026715,nv,HAM_0005253
0,0.4854522943496704,1,ham10000,ISIC_0026820,nv,HAM_0005254
1,0.5564262270927429,1,ham10000,ISIC_0025811,akiec,HAM_0005255
1,0.537765383720398,1,ham10000,ISIC_0033728,mel,HAM_0005256
0,0.3842502534389496,1,ham10000,ISIC_0033751,nv,HAM_0005257
0,0.351298063993454,1,ham10000,ISIC_0033262,bkl,HAM_0005258
0,0.5267755389213562,1,ham10000,ISIC_0030174,nv,HAM_0005259
0,0.41134604811668396,1,ham10000,ISIC_0025485,bkl,HAM_0005260
0,0.5685409307479858,1,ham10000,ISIC_0027390,nv,HAM_0005261
0,0.565258800983429,1,ham10000,ISIC_0030488,bkl,HAM_0005262
0,0.5643476247787476,1,ham10000,ISIC_0032889,nv,HAM_0005263
1,0.6437089443206787,1,ham10000,ISIC_0024946,akiec,HAM_0005264
0,0.5844041705131531,1,ham10000,ISIC_0032998,nv,HAM_0005265
0,0.6751328706741333,1,ham10000,ISIC_0027605,nv,HAM_0005266
0,0.4544457495212555,1,ham10000,ISIC_0026423,nv,HAM_0005267
1,0.7223052978515625,1,ham10000,ISIC_0027825,bcc,HAM_0005268
0,0.6258090138435364,1,ham10000,ISIC_0025649,nv,HAM_0005269
0,0.7748543620109558,1,ham10000,ISIC_0032270,vasc,HAM_0005270
0,0.3596360683441162,1,ham10000,ISIC_0025306,nv,HAM_0005271
0,0.29460975527763367,0,ham10000,ISIC_0028786,nv,HAM_0005272
0,0.1772371083498001,0,ham10000,ISIC_0025065,nv,HAM_0005273
1,0.42758217453956604,1,ham10000,ISIC_0032766,mel,HAM_0005274
0,0.2496214061975479,0,ham10000,ISIC_0028749,bkl,HAM_0005275
0,0.9204263091087341,1,ham10000,ISIC_0027008,df,HAM_0005276
0,0.21559277176856995,0,ham10000,ISIC_0030750,nv,HAM_0005277
0,0.4551653265953064,1,ham10000,ISIC_0027826,bkl,HAM_0005278
0,0.528265118598938,1,ham10000,ISIC_0030322,nv,HAM_0005279
1,0.5955725312232971,1,ham10000,ISIC_0033063,mel,HAM_0005280
0,0.3728494942188263,1,ham10000,ISIC_0028908,nv,HAM_0005281
1,0.7556622624397278,1,ham10000,ISIC_0025178,akiec,HAM_0005282
0,0.4623092710971832,1,ham10000,ISIC_0030418,nv,HAM_0005283
0,0.5857986211776733,1,ham10000,ISIC_0027707,nv,HAM_0005284
0,0.41304415464401245,1,ham10000,ISIC_0025167,nv,HAM_0005285
0,0.37387460470199585,1,ham10000,ISIC_0025999,nv,HAM_0005286
0,0.3629930913448334,1,ham10000,ISIC_0026354,nv,HAM_0005288
0,0.3515731692314148,1,ham10000,ISIC_0026703,nv,HAM_0005290
0,0.47094279527664185,1,ham10000,ISIC_0026907,bkl,HAM_0005291
0,0.21582327783107758,0,ham10000,ISIC_0030974,nv,HAM_0005292
0,0.2460566610097885,0,ham10000,ISIC_0025342,nv,HAM_0005293
0,0.7164816856384277,1,ham10000,ISIC_0027055,nv,HAM_0005294
0,0.39116278290748596,1,ham10000,ISIC_0024690,nv,HAM_0005295
0,0.539301335811615,1,ham10000,ISIC_0029484,nv,HAM_0005296
0,0.4140845239162445,1,ham10000,ISIC_0029662,nv,HAM_0005298
0,0.5971633791923523,1,ham10000,ISIC_0032732,bkl,HAM_0005299
0,0.5215263366699219,1,ham10000,ISIC_0033625,nv,HAM_0005300
1,0.2502383887767792,0,ham10000,ISIC_0026362,akiec,HAM_0005301
1,0.5234559774398804,1,ham10000,ISIC_0031539,bcc,HAM_0005302
1,0.7194321751594543,1,ham10000,ISIC_0032522,mel,HAM_0005303
1,0.7661349773406982,1,ham10000,ISIC_0026056,bcc,HAM_0005304
0,0.4536392390727997,1,ham10000,ISIC_0028771,nv,HAM_0005305
0,0.4219430387020111,1,ham10000,ISIC_0027056,nv,HAM_0005306
0,0.3298393785953522,1,ham10000,ISIC_0027765,nv,HAM_0005307
0,0.7853647470474243,1,ham10000,ISIC_0032828,nv,HAM_0005308
1,0.5426181554794312,1,ham10000,ISIC_0026282,bcc,HAM_0005309
1,0.7739653587341309,1,ham10000,ISIC_0027231,akiec,HAM_0005310
0,0.2710671126842499,0,ham10000,ISIC_0025556,nv,HAM_0005311
0,0.38573065400123596,1,ham10000,ISIC_0034033,nv,HAM_0005312
0,0.4669398367404938,1,ham10000,ISIC_0033335,nv,HAM_0005313
0,0.6197774410247803,1,ham10000,ISIC_0030693,nv,HAM_0005314
1,0.7307558655738831,1,ham10000,ISIC_0029319,mel,HAM_0005315
0,0.5063483715057373,1,ham10000,ISIC_0033139,nv,HAM_0005316
0,0.4076662063598633,1,ham10000,ISIC_0030415,nv,HAM_0005317
0,0.36382460594177246,1,ham10000,ISIC_0026347,nv,HAM_0005318
0,0.9454697966575623,1,ham10000,ISIC_0025133,nv,HAM_0005319
0,0.4554171562194824,1,ham10000,ISIC_0025356,nv,HAM_0005320
0,0.5357268452644348,1,ham10000,ISIC_0031816,nv,HAM_0005321
0,0.712917149066925,1,ham10000,ISIC_0030068,nv,HAM_0005322
0,0.5741385817527771,1,ham10000,ISIC_0027456,nv,HAM_0005323
0,0.7511135935783386,1,ham10000,ISIC_0029931,bkl,HAM_0005324
0,0.4669548273086548,1,ham10000,ISIC_0024971,bkl,HAM_0005325
0,0.4600781202316284,1,ham10000,ISIC_0026145,nv,HAM_0005326
0,0.5339934229850769,1,ham10000,ISIC_0031703,nv,HAM_0005327
1,0.6743751764297485,1,ham10000,ISIC_0028969,mel,HAM_0005328
0,0.5504823327064514,1,ham10000,ISIC_0028686,nv,HAM_0005329
0,0.7070083618164062,1,ham10000,ISIC_0024553,df,HAM_0005330
0,0.9513493776321411,1,ham10000,ISIC_0032860,nv,HAM_0005331
0,0.4677616357803345,1,ham10000,ISIC_0027389,nv,HAM_0005332
0,0.44465407729148865,1,ham10000,ISIC_0032383,nv,HAM_0005333
1,0.5201466083526611,1,ham10000,ISIC_0031298,bcc,HAM_0005334
0,0.6891958713531494,1,ham10000,ISIC_0025627,bkl,HAM_0005335
1,0.6029486060142517,1,ham10000,ISIC_0033154,mel,HAM_0005336
0,0.4025037884712219,1,ham10000,ISIC_0025098,nv,HAM_0005337
0,0.056986112147569656,0,ham10000,ISIC_0031577,bkl,HAM_0005338
0,0.4129549264907837,1,ham10000,ISIC_0025428,nv,HAM_0005339
0,0.1562732309103012,0,ham10000,ISIC_0031830,nv,HAM_0005340
0,0.17689427733421326,0,ham10000,ISIC_0031882,nv,HAM_0005341
0,0.5460737943649292,1,ham10000,ISIC_0028401,nv,HAM_0005342
0,0.1827327013015747,0,ham10000,ISIC_0027380,nv,HAM_0005343
0,0.1901562213897705,0,ham10000,ISIC_0029383,nv,HAM_0005344
0,0.49760350584983826,1,ham10000,ISIC_0028171,nv,HAM_0005346
0,0.5029988884925842,1,ham10000,ISIC_0025653,nv,HAM_0005347
0,0.43510180711746216,1,ham10000,ISIC_0029765,nv,HAM_0005348
0,0.2630369961261749,0,ham10000,ISIC_0027375,nv,HAM_0005349
0,0.6167372465133667,1,ham10000,ISIC_0032054,nv,HAM_0005350
0,0.3999297320842743,1,ham10000,ISIC_0032590,nv,HAM_0005351
1,0.33439111709594727,1,ham10000,ISIC_0027100,mel,HAM_0005352
0,0.6313311457633972,1,ham10000,ISIC_0032923,nv,HAM_0005353
1,0.5611447691917419,1,ham10000,ISIC_0026625,akiec,HAM_0005354
0,0.12063094228506088,0,ham10000,ISIC_0031731,nv,HAM_0005355
1,0.6495791673660278,1,ham10000,ISIC_0028854,akiec,HAM_0005356
0,0.11605849862098694,0,ham10000,ISIC_0029981,nv,HAM_0005357
0,0.29035258293151855,0,ham10000,ISIC_0026982,nv,HAM_0005358
0,0.36519983410835266,1,ham10000,ISIC_0030665,df,HAM_0005359
0,0.5020437836647034,1,ham10000,ISIC_0027264,nv,HAM_0005360
0,0.5010640621185303,1,ham10000,ISIC_0024374,nv,HAM_0005361
0,0.6164706349372864,1,ham10000,ISIC_0025622,df,HAM_0005362
0,0.5257622599601746,1,ham10000,ISIC_0032717,nv,HAM_0005363
0,0.37659338116645813,1,ham10000,ISIC_0032525,nv,HAM_0005364
0,0.8459504842758179,1,ham10000,ISIC_0025253,nv,HAM_0005365
0,0.528552234172821,1,ham10000,ISIC_0026211,nv,HAM_0005366
0,0.09060666710138321,0,ham10000,ISIC_0029743,nv,HAM_0005367
1,0.6774957180023193,1,ham10000,ISIC_0032722,mel,HAM_0005368
0,0.32491928339004517,1,ham10000,ISIC_0026799,nv,HAM_0005369
0,0.5002051591873169,1,ham10000,ISIC_0025923,nv,HAM_0005370
1,0.12409301102161407,0,ham10000,ISIC_0027046,bcc,HAM_0005371
0,0.17673614621162415,0,ham10000,ISIC_0030476,nv,HAM_0005372
0,0.5281047224998474,1,ham10000,ISIC_0030718,nv,HAM_0005373
0,0.6542574763298035,1,ham10000,ISIC_0032871,nv,HAM_0005374
1,0.23595492541790009,0,ham10000,ISIC_0028814,bcc,HAM_0005375
0,0.5767003893852234,1,ham10000,ISIC_0025606,vasc,HAM_0005376
0,0.3873789310455322,1,ham10000,ISIC_0028936,nv,HAM_0005377
1,0.3769170641899109,1,ham10000,ISIC_0024787,bcc,HAM_0005379
0,0.32910406589508057,1,ham10000,ISIC_0027464,nv,HAM_0005380
1,0.8450100421905518,1,ham10000,ISIC_0025153,mel,HAM_0005381
1,0.5163099765777588,1,ham10000,ISIC_0026230,bcc,HAM_0005382
0,0.6321842074394226,1,ham10000,ISIC_0032683,nv,HAM_0005383
0,0.3078857958316803,1,ham10000,ISIC_0030072,nv,HAM_0005384
0,0.5119516849517822,1,ham10000,ISIC_0028754,nv,HAM_0005385
0,0.7224966287612915,1,ham10000,ISIC_0033505,bkl,HAM_0005386
0,0.6215794086456299,1,ham10000,ISIC_0026488,nv,HAM_0005387
0,0.495487779378891,1,ham10000,ISIC_0027815,bkl,HAM_0005388
1,0.6636951565742493,1,ham10000,ISIC_0024372,akiec,HAM_0005389
0,0.1653197705745697,0,ham10000,ISIC_0024574,nv,HAM_0005390
0,0.2661780118942261,0,ham10000,ISIC_0030633,nv,HAM_0005391
1,0.667735755443573,1,ham10000,ISIC_0024436,bcc,HAM_0005392
0,0.5267865061759949,1,ham10000,ISIC_0025506,nv,HAM_0005393
0,0.5389149188995361,1,ham10000,ISIC_0026903,nv,HAM_0005394
0,0.3008992075920105,1,ham10000,ISIC_0027471,nv,HAM_0005395
1,0.5937311053276062,1,ham10000,ISIC_0032834,bcc,HAM_0005396
0,0.6068491339683533,1,ham10000,ISIC_0028105,nv,HAM_0005397
0,0.3587687909603119,1,ham10000,ISIC_0028374,nv,HAM_0005398
0,0.5770567655563354,1,ham10000,ISIC_0030474,nv,HAM_0005399
1,0.5525206327438354,1,ham10000,ISIC_0029363,mel,HAM_0005400
0,0.4559551477432251,1,ham10000,ISIC_0029998,nv,HAM_0005401
0,0.5410963892936707,1,ham10000,ISIC_0031695,nv,HAM_0005402
1,0.6441398859024048,1,ham10000,ISIC_0026086,mel,HAM_0005403
0,0.6705241799354553,1,ham10000,ISIC_0028094,bkl,HAM_0005404
0,0.32535576820373535,1,ham10000,ISIC_0025164,nv,HAM_0005405
0,0.5187397599220276,1,ham10000,ISIC_0027807,nv,HAM_0005406
0,0.2753758132457733,0,ham10000,ISIC_0028090,nv,HAM_0005407
0,0.5894250273704529,1,ham10000,ISIC_0031613,nv,HAM_0005408
1,0.9127079844474792,1,ham10000,ISIC_0032531,mel,HAM_0005409
1,0.6628994345664978,1,ham10000,ISIC_0025433,bcc,HAM_0005410
0,0.5120184421539307,1,ham10000,ISIC_0026300,nv,HAM_0005411
0,0.48746660351753235,1,ham10000,ISIC_0030548,nv,HAM_0005412
1,0.617389440536499,1,ham10000,ISIC_0028132,akiec,HAM_0005413
0,0.3140803873538971,1,ham10000,ISIC_0027054,nv,HAM_0005414
0,0.6785775423049927,1,ham10000,ISIC_0027154,bkl,HAM_0005415
0,0.4551546275615692,1,ham10000,ISIC_0029136,nv,HAM_0005416
1,0.8356513381004333,1,ham10000,ISIC_0024448,bcc,HAM_0005417
0,0.48304513096809387,1,ham10000,ISIC_0029957,nv,HAM_0005418
0,0.3610881268978119,1,ham10000,ISIC_0030524,nv,HAM_0005419
0,0.5011154413223267,1,ham10000,ISIC_0024740,bkl,HAM_0005420
0,0.8716520667076111,1,ham10000,ISIC_0028060,nv,HAM_0005421
0,0.590440571308136,1,ham10000,ISIC_0030554,nv,HAM_0005422
0,0.2333022654056549,0,ham10000,ISIC_0025503,nv,HAM_0005423
0,0.5523568987846375,1,ham10000,ISIC_0025052,nv,HAM_0005424
1,0.8305439949035645,1,ham10000,ISIC_0029698,mel,HAM_0005425
0,0.4817345142364502,1,ham10000,ISIC_0028902,nv,HAM_0005426
0,0.31356775760650635,1,ham10000,ISIC_0028885,vasc,HAM_0005427
0,0.6519051194190979,1,ham10000,ISIC_0031654,nv,HAM_0005428
0,0.5057696104049683,1,ham10000,ISIC_0028261,nv,HAM_0005429
0,0.3947899043560028,1,ham10000,ISIC_0024990,nv,HAM_0005430
0,0.35022759437561035,1,ham10000,ISIC_0026413,nv,HAM_0005431
0,0.2314763367176056,0,ham10000,ISIC_0031902,nv,HAM_0005432
0,0.5129174590110779,1,ham10000,ISIC_0033298,nv,HAM_0005433
0,0.6550192832946777,1,ham10000,ISIC_0033457,nv,HAM_0005434
1,0.6660683155059814,1,ham10000,ISIC_0024666,bcc,HAM_0005435
0,0.51984703540802,1,ham10000,ISIC_0026658,nv,HAM_0005436
0,0.28038203716278076,0,ham10000,ISIC_0030029,nv,HAM_0005437
1,0.520601212978363,1,ham10000,ISIC_0027708,akiec,HAM_0005438
0,0.4422302842140198,1,ham10000,ISIC_0033597,nv,HAM_0005439
0,0.43050718307495117,1,ham10000,ISIC_0027139,bkl,HAM_0005440
0,0.4269566237926483,1,ham10000,ISIC_0031804,nv,HAM_0005441
0,0.8584956526756287,1,ham10000,ISIC_0034057,bkl,HAM_0005442
0,0.5416278839111328,1,ham10000,ISIC_0025758,bkl,HAM_0005443
0,0.498260498046875,1,ham10000,ISIC_0025745,nv,HAM_0005444
0,0.3106878995895386,1,ham10000,ISIC_0027695,nv,HAM_0005445
0,0.26311400532722473,0,ham10000,ISIC_0031868,nv,HAM_0005446
0,0.26345446705818176,0,ham10000,ISIC_0026389,nv,HAM_0005447
1,0.6215172410011292,1,ham10000,ISIC_0024707,akiec,HAM_0005448
0,0.40425896644592285,1,ham10000,ISIC_0030102,nv,HAM_0005449
0,0.5006942749023438,1,ham10000,ISIC_0029286,nv,HAM_0005450
0,0.5215050578117371,1,ham10000,ISIC_0029643,nv,HAM_0005451
0,0.5509026646614075,1,ham10000,ISIC_0024722,nv,HAM_0005452
0,0.4004821181297302,1,ham10000,ISIC_0027022,nv,HAM_0005453
0,0.5310869216918945,1,ham10000,ISIC_0029184,nv,HAM_0005454
0,0.3958945572376251,1,ham10000,ISIC_0029416,nv,HAM_0005455
0,0.6056784391403198,1,ham10000,ISIC_0026960,nv,HAM_0005456
0,0.4860023260116577,1,ham10000,ISIC_0025039,nv,HAM_0005457
0,0.16803380846977234,0,ham10000,ISIC_0030584,nv,HAM_0005458
1,0.4597329795360565,1,ham10000,ISIC_0029268,akiec,HAM_0005459
0,0.38435837626457214,1,ham10000,ISIC_0028199,nv,HAM_0005460
0,0.329549640417099,1,ham10000,ISIC_0027699,nv,HAM_0005461
0,0.41831979155540466,1,ham10000,ISIC_0028025,nv,HAM_0005462
0,0.6491377353668213,1,ham10000,ISIC_0028411,bkl,HAM_0005463
0,0.19878359138965607,0,ham10000,ISIC_0031477,nv,HAM_0005464
0,0.4216291010379791,1,ham10000,ISIC_0026827,bkl,HAM_0005465
0,0.36715957522392273,1,ham10000,ISIC_0024721,nv,HAM_0005466
1,0.8918676972389221,1,ham10000,ISIC_0024640,mel,HAM_0005467
0,0.46311840415000916,1,ham10000,ISIC_0029785,nv,HAM_0005468
1,0.8963829278945923,1,ham10000,ISIC_0026643,bcc,HAM_0005469
0,0.20586417615413666,0,ham10000,ISIC_0028286,nv,HAM_0005470
0,0.6676005721092224,1,ham10000,ISIC_0028146,vasc,HAM_0005471
0,0.4977072477340698,1,ham10000,ISIC_0027173,nv,HAM_0005472
0,0.4164718687534332,1,ham10000,ISIC_0026050,nv,HAM_0005473
0,0.44934943318367004,1,ham10000,ISIC_0031398,nv,HAM_0005474
0,0.279192715883255,0,ham10000,ISIC_0025628,vasc,HAM_0005475
0,0.39247873425483704,1,ham10000,ISIC_0027165,nv,HAM_0005476
0,0.5488889813423157,1,ham10000,ISIC_0029552,nv,HAM_0005477
1,0.6896896362304688,1,ham10000,ISIC_0032741,bcc,HAM_0005478
0,0.5197229981422424,1,ham10000,ISIC_0028009,nv,HAM_0005479
1,0.19950424134731293,0,ham10000,ISIC_0025992,akiec,HAM_0005480
1,0.5340273976325989,1,ham10000,ISIC_0025955,mel,HAM_0005481
1,0.6715943217277527,1,ham10000,ISIC_0029546,bcc,HAM_0005482
1,0.6827957630157471,1,ham10000,ISIC_0032965,mel,HAM_0005483
0,0.6632874011993408,1,ham10000,ISIC_0032443,nv,HAM_0005484
0,0.28329387307167053,0,ham10000,ISIC_0029635,nv,HAM_0005485
0,0.17223067581653595,0,ham10000,ISIC_0024565,nv,HAM_0005486
0,0.46154528856277466,1,ham10000,ISIC_0031486,nv,HAM_0005487
1,0.21892593801021576,0,ham10000,ISIC_0024931,bcc,HAM_0005488
0,0.6240594983100891,1,ham10000,ISIC_0033851,nv,HAM_0005489
1,0.739581286907196,1,ham10000,ISIC_0033931,mel,HAM_0005490
0,0.3629481792449951,1,ham10000,ISIC_0032083,nv,HAM_0005491
0,0.6926210522651672,1,ham10000,ISIC_0032138,df,HAM_0005492
0,0.40687820315361023,1,ham10000,ISIC_0028535,nv,HAM_0005493
0,0.11533573269844055,0,ham10000,ISIC_0027161,nv,HAM_0005494
0,0.567461371421814,1,ham10000,ISIC_0028775,nv,HAM_0005495
0,0.6869442462921143,1,ham10000,ISIC_0032772,nv,HAM_0005496
0,0.2933986783027649,0,ham10000,ISIC_0029506,nv,HAM_0005497
0,0.8523604273796082,1,ham10000,ISIC_0032335,bkl,HAM_0005498
0,0.24499006569385529,0,ham10000,ISIC_0025478,nv,HAM_0005499
1,0.713875949382782,1,ham10000,ISIC_0033636,mel,HAM_0005500
1,0.8525524735450745,1,ham10000,ISIC_0025711,bcc,HAM_0005501
0,0.20481371879577637,0,ham10000,ISIC_0029605,nv,HAM_0005502
0,0.5199246406555176,1,ham10000,ISIC_0029692,nv,HAM_0005503
1,0.428492933511734,1,ham10000,ISIC_0027480,mel,HAM_0005504
1,0.7867804169654846,1,ham10000,ISIC_0024450,akiec,HAM_0005505
0,0.32728344202041626,1,ham10000,ISIC_0032484,nv,HAM_0005506
0,0.32166558504104614,1,ham10000,ISIC_0029159,nv,HAM_0005507
0,0.23081672191619873,0,ham10000,ISIC_0032060,nv,HAM_0005508
1,0.6233816146850586,1,ham10000,ISIC_0026865,bcc,HAM_0005509
0,0.30428698658943176,1,ham10000,ISIC_0026406,nv,HAM_0005510
0,0.3524984121322632,1,ham10000,ISIC_0031807,nv,HAM_0005511
0,0.3478013575077057,1,ham10000,ISIC_0025194,nv,HAM_0005512
0,0.8027873039245605,1,ham10000,ISIC_0033214,nv,HAM_0005513
0,0.4784269630908966,1,ham10000,ISIC_0024453,bkl,HAM_0005514
0,0.2206236720085144,0,ham10000,ISIC_0031020,nv,HAM_0005515
0,0.496177077293396,1,ham10000,ISIC_0028748,nv,HAM_0005516
0,0.29180270433425903,0,ham10000,ISIC_0028561,nv,HAM_0005517
0,0.965584397315979,1,ham10000,ISIC_0032410,df,HAM_0005518
0,0.411948025226593,1,ham10000,ISIC_0026215,nv,HAM_0005519
0,0.6076136827468872,1,ham10000,ISIC_0031255,nv,HAM_0005520
0,0.6242002844810486,1,ham10000,ISIC_0031963,nv,HAM_0005521
0,0.3722754716873169,1,ham10000,ISIC_0029368,nv,HAM_0005522
0,0.7399566769599915,1,ham10000,ISIC_0027087,nv,HAM_0005523
0,0.3243183493614197,1,ham10000,ISIC_0026162,nv,HAM_0005525
0,0.23438303172588348,0,ham10000,ISIC_0026563,nv,HAM_0005526
0,0.8369977474212646,1,ham10000,ISIC_0031819,bkl,HAM_0005527
0,0.4962100088596344,1,ham10000,ISIC_0028391,nv,HAM_0005528
0,0.5632629990577698,1,ham10000,ISIC_0025980,df,HAM_0005529
1,0.5873557925224304,1,ham10000,ISIC_0024360,bcc,HAM_0005530
0,0.5486528277397156,1,ham10000,ISIC_0024577,nv,HAM_0005531
1,0.29151350259780884,0,ham10000,ISIC_0030183,mel,HAM_0005532
1,0.6576241254806519,1,ham10000,ISIC_0027065,mel,HAM_0005533
0,0.3665957450866699,1,ham10000,ISIC_0032075,nv,HAM_0005534
1,0.4479670524597168,1,ham10000,ISIC_0025391,mel,HAM_0005535
1,0.22695021331310272,0,ham10000,ISIC_0026798,bcc,HAM_0005536
0,0.5351007580757141,1,ham10000,ISIC_0024657,nv,HAM_0005537
0,0.35643434524536133,1,ham10000,ISIC_0028246,nv,HAM_0005538
0,0.4950329661369324,1,ham10000,ISIC_0033296,nv,HAM_0005539
1,0.4586296081542969,1,ham10000,ISIC_0024525,mel,HAM_0005540
0,0.2771914303302765,0,ham10000,ISIC_0025410,nv,HAM_0005541
0,0.5908171534538269,1,ham10000,ISIC_0024444,nv,HAM_0005543
0,0.5785090327262878,1,ham10000,ISIC_0027791,nv,HAM_0005544
1,0.3988233506679535,1,ham10000,ISIC_0033881,mel,HAM_0005545
0,0.3958216607570648,1,ham10000,ISIC_0029519,bkl,HAM_0005546
1,0.7301350831985474,1,ham10000,ISIC_0032439,bcc,HAM_0005547
0,0.34986814856529236,1,ham10000,ISIC_0027632,nv,HAM_0005548
0,0.5257217884063721,1,ham10000,ISIC_0028802,nv,HAM_0005549
0,0.42257264256477356,1,ham10000,ISIC_0030407,nv,HAM_0005550
1,0.6325189471244812,1,ham10000,ISIC_0029900,akiec,HAM_0005551
0,0.20021027326583862,0,ham10000,ISIC_0025723,nv,HAM_0005552
0,0.3052312731742859,1,ham10000,ISIC_0027521,nv,HAM_0005554
1,0.7020267844200134,1,ham10000,ISIC_0032079,mel,HAM_0005555
0,0.38702744245529175,1,ham10000,ISIC_0028383,nv,HAM_0005556
1,0.917039692401886,1,ham10000,ISIC_0028215,mel,HAM_0005557
0,0.8117603659629822,1,ham10000,ISIC_0029802,bkl,HAM_0005558
1,0.7034294009208679,1,ham10000,ISIC_0032174,bcc,HAM_0005559
0,0.44708889722824097,1,ham10000,ISIC_0027269,vasc,HAM_0005560
0,0.37022730708122253,1,ham10000,ISIC_0028961,nv,HAM_0005561
0,0.30596962571144104,1,ham10000,ISIC_0025901,nv,HAM_0005562
0,0.20087309181690216,0,ham10000,ISIC_0029784,nv,HAM_0005563
0,0.5309028625488281,1,ham10000,ISIC_0026320,nv,HAM_0005564
0,0.4296647012233734,1,ham10000,ISIC_0027384,nv,HAM_0005565
0,0.6725102663040161,1,ham10000,ISIC_0032608,nv,HAM_0005566
0,0.3393508493900299,1,ham10000,ISIC_0028485,nv,HAM_0005567
0,0.580502450466156,1,ham10000,ISIC_0032047,nv,HAM_0005568
0,0.5897566080093384,1,ham10000,ISIC_0027932,nv,HAM_0005569
0,0.3726949095726013,1,ham10000,ISIC_0032440,nv,HAM_0005570
0,0.5540850758552551,1,ham10000,ISIC_0032803,nv,HAM_0005571
0,0.7353253960609436,1,ham10000,ISIC_0033382,nv,HAM_0005573
0,0.31516391038894653,1,ham10000,ISIC_0027823,nv,HAM_0005574
1,0.40205690264701843,1,ham10000,ISIC_0029805,bcc,HAM_0005575
0,0.652208685874939,1,ham10000,ISIC_0026479,nv,HAM_0005576
0,0.33091509342193604,1,ham10000,ISIC_0028320,nv,HAM_0005577
0,0.781926691532135,1,ham10000,ISIC_0032496,nv,HAM_0005578
1,0.5061967968940735,1,ham10000,ISIC_0028393,akiec,HAM_0005579
0,0.3764679729938507,1,ham10000,ISIC_0029235,bkl,HAM_0005580
1,0.760576605796814,1,ham10000,ISIC_0033337,mel,HAM_0005581
0,0.2484588772058487,0,ham10000,ISIC_0030433,nv,HAM_0005582
0,0.47005951404571533,1,ham10000,ISIC_0025574,nv,HAM_0005583
0,0.9327206611633301,1,ham10000,ISIC_0032613,df,HAM_0005584
1,0.42181524634361267,1,ham10000,ISIC_0025826,bcc,HAM_0005585
0,0.5852736830711365,1,ham10000,ISIC_0024415,nv,HAM_0005586
1,0.7236402034759521,1,ham10000,ISIC_0025219,mel,HAM_0005588
0,0.1600094437599182,0,ham10000,ISIC_0026224,nv,HAM_0005589
0,0.7425599098205566,1,ham10000,ISIC_0024458,nv,HAM_0005590
0,0.3700087070465088,1,ham10000,ISIC_0025746,bkl,HAM_0005591
0,0.10199662297964096,0,ham10000,ISIC_0026077,nv,HAM_0005592
0,0.2942592203617096,0,ham10000,ISIC_0029658,nv,HAM_0005593
0,0.7741371393203735,1,ham10000,ISIC_0033703,nv,HAM_0005594
0,0.4335847795009613,1,ham10000,ISIC_0029180,nv,HAM_0005595
0,0.3206127882003784,1,ham10000,ISIC_0027706,bkl,HAM_0005596
0,0.6823504567146301,1,ham10000,ISIC_0025528,nv,HAM_0005597
0,0.4517357349395752,1,ham10000,ISIC_0029023,nv,HAM_0005598
1,0.74554443359375,1,ham10000,ISIC_0030511,bcc,HAM_0005599
1,0.7228717803955078,1,ham10000,ISIC_0025520,mel,HAM_0005600
0,0.27193111181259155,0,ham10000,ISIC_0032670,nv,HAM_0005601
0,0.27668169140815735,0,ham10000,ISIC_0027532,nv,HAM_0005602
0,0.5787915587425232,1,ham10000,ISIC_0024464,nv,HAM_0005604
0,0.7590188384056091,1,ham10000,ISIC_0024361,nv,HAM_0005605
0,0.7394850254058838,1,ham10000,ISIC_0025928,bkl,HAM_0005606
1,0.7491471171379089,1,ham10000,ISIC_0032685,mel,HAM_0005608
0,0.661169707775116,1,ham10000,ISIC_0025847,nv,HAM_0005609
0,0.7323453426361084,1,ham10000,ISIC_0025312,bkl,HAM_0005610
0,0.28899693489074707,0,ham10000,ISIC_0025850,nv,HAM_0005611
0,0.521126925945282,1,ham10000,ISIC_0024981,bkl,HAM_0005612
1,0.25308483839035034,0,ham10000,ISIC_0030564,mel,HAM_0005613
0,0.1970711201429367,0,ham10000,ISIC_0030397,nv,HAM_0005614
0,0.3205832839012146,1,ham10000,ISIC_0031067,nv,HAM_0005615
0,0.5218733549118042,1,ham10000,ISIC_0029107,bkl,HAM_0005616
1,0.5715008974075317,1,ham10000,ISIC_0024833,bcc,HAM_0005617
0,0.16033218801021576,0,ham10000,ISIC_0027280,nv,HAM_0005618
0,0.37614941596984863,1,ham10000,ISIC_0025415,nv,HAM_0005619
0,0.595346212387085,1,ham10000,ISIC_0024963,nv,HAM_0005620
0,0.5154564380645752,1,ham10000,ISIC_0028861,nv,HAM_0005621
0,0.45056208968162537,1,ham10000,ISIC_0030213,nv,HAM_0005622
1,0.6142769455909729,1,ham10000,ISIC_0030616,mel,HAM_0005623
1,0.537347674369812,1,ham10000,ISIC_0028565,mel,HAM_0005624
0,0.718941867351532,1,ham10000,ISIC_0031623,nv,HAM_0005625
0,0.5793147683143616,1,ham10000,ISIC_0031619,bkl,HAM_0005626
1,0.7255753874778748,1,ham10000,ISIC_0033568,mel,HAM_0005627
1,0.8951163291931152,1,ham10000,ISIC_0032940,mel,HAM_0005628
0,0.24675017595291138,0,ham10000,ISIC_0029317,nv,HAM_0005629
0,0.6634663343429565,1,ham10000,ISIC_0025864,nv,HAM_0005630
0,0.43765154480934143,1,ham10000,ISIC_0024439,nv,HAM_0005631
0,0.41323524713516235,1,ham10000,ISIC_0025470,bkl,HAM_0005632
0,0.38122397661209106,1,ham10000,ISIC_0029218,nv,HAM_0005633
0,0.565843939781189,1,ham10000,ISIC_0025944,nv,HAM_0005634
0,0.4797487258911133,1,ham10000,ISIC_0024878,nv,HAM_0005635
1,0.7356916666030884,1,ham10000,ISIC_0032984,mel,HAM_0005636
0,0.6075255870819092,1,ham10000,ISIC_0028078,nv,HAM_0005637
0,0.5660694241523743,1,ham10000,ISIC_0030201,nv,HAM_0005638
0,0.34928494691848755,1,ham10000,ISIC_0030657,nv,HAM_0005639
1,0.5610899329185486,1,ham10000,ISIC_0030382,mel,HAM_0005640
0,0.6874610185623169,1,ham10000,ISIC_0032554,nv,HAM_0005641
1,0.4121881425380707,1,ham10000,ISIC_0027659,mel,HAM_0005642
0,0.3795018792152405,1,ham10000,ISIC_0032015,nv,HAM_0005643
0,0.34168821573257446,1,ham10000,ISIC_0027899,nv,HAM_0005644
0,0.3715992569923401,1,ham10000,ISIC_0030389,nv,HAM_0005645
0,0.6724340915679932,1,ham10000,ISIC_0029753,nv,HAM_0005646
0,0.31684836745262146,1,ham10000,ISIC_0027717,nv,HAM_0005647
1,0.34058114886283875,1,ham10000,ISIC_0027580,akiec,HAM_0005648
1,0.24986578524112701,0,ham10000,ISIC_0024522,akiec,HAM_0005650
0,0.5829771161079407,1,ham10000,ISIC_0028863,nv,HAM_0005651
0,0.5832089185714722,1,ham10000,ISIC_0027701,nv,HAM_0005653
0,0.3446854054927826,1,ham10000,ISIC_0032039,nv,HAM_0005654
0,0.46532487869262695,1,ham10000,ISIC_0029618,nv,HAM_0005655
0,0.3973102271556854,1,ham10000,ISIC_0026478,nv,HAM_0005656
1,0.6365178227424622,1,ham10000,ISIC_0024572,bcc,HAM_0005657
0,0.42831769585609436,1,ham10000,ISIC_0024996,nv,HAM_0005658
0,0.35898786783218384,1,ham10000,ISIC_0028896,nv,HAM_0005659
1,0.9633417129516602,1,ham10000,ISIC_0026574,bcc,HAM_0005660
0,0.46382421255111694,1,ham10000,ISIC_0025053,nv,HAM_0005661
0,0.3164679706096649,1,ham10000,ISIC_0026417,df,HAM_0005663
0,0.4776431620121002,1,ham10000,ISIC_0028016,nv,HAM_0005664
1,0.2926540970802307,0,ham10000,ISIC_0028973,bcc,HAM_0005665
0,0.3800274431705475,1,ham10000,ISIC_0025171,nv,HAM_0005666
0,0.3785749077796936,1,ham10000,ISIC_0032394,nv,HAM_0005667
1,0.5688278675079346,1,ham10000,ISIC_0028370,akiec,HAM_0005668
1,0.3825629651546478,1,ham10000,ISIC_0024949,bcc,HAM_0005669
0,0.4762669503688812,1,ham10000,ISIC_0028648,nv,HAM_0005670
0,0.32912981510162354,1,ham10000,ISIC_0029697,nv,HAM_0005671
0,0.45973488688468933,1,ham10000,ISIC_0028388,bkl,HAM_0005672
1,0.7808144092559814,1,ham10000,ISIC_0033487,mel,HAM_0005673
0,0.4050711989402771,1,ham10000,ISIC_0031060,bkl,HAM_0005674
0,0.6085391640663147,1,ham10000,ISIC_0030814,nv,HAM_0005675
0,0.38981109857559204,1,ham10000,ISIC_0024357,nv,HAM_0005676
0,0.44075214862823486,1,ham10000,ISIC_0032399,nv,HAM_0005677
1,0.6291530132293701,1,ham10000,ISIC_0028086,mel,HAM_0005678
0,0.1986599862575531,0,ham10000,ISIC_0027177,nv,HAM_0005680
1,0.48796045780181885,1,ham10000,ISIC_0027234,mel,HAM_0005681
0,0.5726038217544556,1,ham10000,ISIC_0028770,nv,HAM_0005682
0,0.5426356792449951,1,ham10000,ISIC_0025416,nv,HAM_0005683
0,0.7402878999710083,1,ham10000,ISIC_0027613,df,HAM_0005684
0,0.3745104968547821,1,ham10000,ISIC_0031490,nv,HAM_0005685
0,0.9194948673248291,1,ham10000,ISIC_0033112,nv,HAM_0005686
0,0.36586543917655945,1,ham10000,ISIC_0027880,nv,HAM_0005687
0,0.2722896337509155,0,ham10000,ISIC_0027186,nv,HAM_0005688
0,0.7791483402252197,1,ham10000,ISIC_0028066,nv,HAM_0005689
0,0.5928253531455994,1,ham10000,ISIC_0025487,nv,HAM_0005690
0,0.181731715798378,0,ham10000,ISIC_0032457,nv,HAM_0005691
1,0.7539028525352478,1,ham10000,ISIC_0031931,mel,HAM_0005692
0,0.44510313868522644,1,ham10000,ISIC_0027781,bkl,HAM_0005693
0,0.10791213810443878,0,ham10000,ISIC_0030753,nv,HAM_0005694
0,0.3559253513813019,1,ham10000,ISIC_0030198,nv,HAM_0005695
0,0.5005351305007935,1,ham10000,ISIC_0025499,nv,HAM_0005696
1,0.4313114881515503,1,ham10000,ISIC_0027253,mel,HAM_0005697
0,0.29801973700523376,1,ham10000,ISIC_0028907,nv,HAM_0005698
0,0.19252853095531464,0,ham10000,ISIC_0028547,nv,HAM_0005699
0,0.6444030404090881,1,ham10000,ISIC_0031904,nv,HAM_0005700
1,0.26306697726249695,0,ham10000,ISIC_0025350,akiec,HAM_0005701
0,0.3296358287334442,1,ham10000,ISIC_0030381,nv,HAM_0005702
0,0.42073121666908264,1,ham10000,ISIC_0030519,nv,HAM_0005703
1,0.7081456184387207,1,ham10000,ISIC_0024654,akiec,HAM_0005705
0,0.33132410049438477,1,ham10000,ISIC_0027205,nv,HAM_0005706
0,0.5395440459251404,1,ham10000,ISIC_0029821,nv,HAM_0005707
0,0.5799904465675354,1,ham10000,ISIC_0029791,bkl,HAM_0005708
0,0.5291863679885864,1,ham10000,ISIC_0028569,nv,HAM_0005709
1,0.9124705195426941,1,ham10000,ISIC_0032638,mel,HAM_0005711
0,0.5002744197845459,1,ham10000,ISIC_0025101,nv,HAM_0005712
0,0.30259716510772705,1,ham10000,ISIC_0028714,vasc,HAM_0005713
0,0.7011569142341614,1,ham10000,ISIC_0026308,nv,HAM_0005714
0,0.4404512047767639,1,ham10000,ISIC_0032519,nv,HAM_0005715
0,0.1751386821269989,0,ham10000,ISIC_0031841,nv,HAM_0005716
0,0.285034716129303,0,ham10000,ISIC_0032658,nv,HAM_0005717
1,0.6930018663406372,1,ham10000,ISIC_0029549,akiec,HAM_0005718
1,0.6157357096672058,1,ham10000,ISIC_0029453,mel,HAM_0005719
0,0.17158716917037964,0,ham10000,ISIC_0027714,nv,HAM_0005720
1,0.5635151863098145,1,ham10000,ISIC_0024550,bcc,HAM_0005721
0,0.361494779586792,1,ham10000,ISIC_0028525,bkl,HAM_0005722
1,0.7797984480857849,1,ham10000,ISIC_0024805,mel,HAM_0005724
0,0.43687790632247925,1,ham10000,ISIC_0027634,nv,HAM_0005725
0,0.64681077003479,1,ham10000,ISIC_0026898,nv,HAM_0005726
0,0.1885617971420288,0,ham10000,ISIC_0025781,bkl,HAM_0005728
0,0.45334386825561523,1,ham10000,ISIC_0030113,nv,HAM_0005729
0,0.5851141810417175,1,ham10000,ISIC_0028923,nv,HAM_0005730
0,0.5539021492004395,1,ham10000,ISIC_0024920,nv,HAM_0005731
0,0.46804073452949524,1,ham10000,ISIC_0025741,nv,HAM_0005732
0,0.42093878984451294,1,ham10000,ISIC_0030434,nv,HAM_0005733
0,0.4390045702457428,1,ham10000,ISIC_0025048,nv,HAM_0005734
1,0.4181395173072815,1,ham10000,ISIC_0025543,mel,HAM_0005735
1,0.7892739772796631,1,ham10000,ISIC_0033885,mel,HAM_0005737
0,0.4601399898529053,1,ham10000,ISIC_0027683,nv,HAM_0005738
0,0.6208922266960144,1,ham10000,ISIC_0029763,nv,HAM_0005739
0,0.34921562671661377,1,ham10000,ISIC_0033303,nv,HAM_0005740
0,0.1015971228480339,0,ham10000,ISIC_0027222,nv,HAM_0005741
1,0.7431521415710449,1,ham10000,ISIC_0027651,mel,HAM_0005742
0,0.5532561540603638,1,ham10000,ISIC_0025038,bkl,HAM_0005743
0,0.37795668840408325,1,ham10000,ISIC_0025880,nv,HAM_0005744
0,0.5033853650093079,1,ham10000,ISIC_0028447,nv,HAM_0005745
1,0.5687468647956848,1,ham10000,ISIC_0030002,mel,HAM_0005746
1,0.6132460832595825,1,ham10000,ISIC_0027105,mel,HAM_0005747
1,0.8662418127059937,1,ham10000,ISIC_0032812,mel,HAM_0005748
0,0.588280975818634,1,ham10000,ISIC_0032843,bkl,HAM_0005749
0,0.5234723687171936,1,ham10000,ISIC_0029733,nv,HAM_0005750
0,0.3420620560646057,1,ham10000,ISIC_0028386,bkl,HAM_0005751
1,0.746336042881012,1,ham10000,ISIC_0028317,mel,HAM_0005752
0,0.3712160289287567,1,ham10000,ISIC_0028034,nv,HAM_0005753
0,0.40681523084640503,1,ham10000,ISIC_0029684,nv,HAM_0005754
0,0.4312092363834381,1,ham10000,ISIC_0024566,nv,HAM_0005755
0,0.27922818064689636,0,ham10000,ISIC_0030090,nv,HAM_0005756
1,0.8322829604148865,1,ham10000,ISIC_0026496,bcc,HAM_0005757
1,0.6383774876594543,1,ham10000,ISIC_0032586,mel,HAM_0005758
0,0.4719906151294708,1,ham10000,ISIC_0033263,nv,HAM_0005759
0,0.43234604597091675,1,ham10000,ISIC_0032621,nv,HAM_0005760
0,0.8204442858695984,1,ham10000,ISIC_0029493,nv,HAM_0005761
0,0.40663081407546997,1,ham10000,ISIC_0025179,nv,HAM_0005762
0,0.370246946811676,1,ham10000,ISIC_0030073,nv,HAM_0005764
0,0.38930806517601013,1,ham10000,ISIC_0028031,nv,HAM_0005765
1,0.6807034611701965,1,ham10000,ISIC_0031738,akiec,HAM_0005766
0,0.21575994789600372,0,ham10000,ISIC_0030975,nv,HAM_0005767
0,0.17891855537891388,0,ham10000,ISIC_0029330,nv,HAM_0005768
0,0.7031407356262207,1,ham10000,ISIC_0028472,nv,HAM_0005769
0,0.7238665223121643,1,ham10000,ISIC_0026052,nv,HAM_0005770
0,0.4685436189174652,1,ham10000,ISIC_0030799,nv,HAM_0005771
0,0.7599318027496338,1,ham10000,ISIC_0031017,bkl,HAM_0005772
0,0.280561238527298,0,ham10000,ISIC_0031096,nv,HAM_0005773
0,0.4693339169025421,1,ham10000,ISIC_0031137,nv,HAM_0005774
0,0.697464644908905,1,ham10000,ISIC_0027725,nv,HAM_0005775
1,0.5255206227302551,1,ham10000,ISIC_0028238,bcc,HAM_0005776
1,0.3875104784965515,1,ham10000,ISIC_0033325,mel,HAM_0005777
0,0.4102906882762909,1,ham10000,ISIC_0028001,nv,HAM_0005778
0,0.6711702346801758,1,ham10000,ISIC_0026790,bkl,HAM_0005779
0,0.3294605612754822,1,ham10000,ISIC_0024625,nv,HAM_0005780
0,0.37069353461265564,1,ham10000,ISIC_0024339,nv,HAM_0005781
0,0.25819987058639526,0,ham10000,ISIC_0026906,nv,HAM_0005782
1,0.3885791003704071,1,ham10000,ISIC_0029271,mel,HAM_0005783
0,0.5018278360366821,1,ham10000,ISIC_0030679,nv,HAM_0005784
1,0.1856369823217392,0,ham10000,ISIC_0026236,mel,HAM_0005785
0,0.5700342655181885,1,ham10000,ISIC_0026491,nv,HAM_0005786
0,0.47751298546791077,1,ham10000,ISIC_0027114,nv,HAM_0005787
0,0.52434241771698,1,ham10000,ISIC_0031828,nv,HAM_0005788
1,0.66000896692276,1,ham10000,ISIC_0028033,mel,HAM_0005789
0,0.4708235561847687,1,ham10000,ISIC_0024547,bkl,HAM_0005790
0,0.16144037246704102,0,ham10000,ISIC_0031966,nv,HAM_0005792
0,0.47338956594467163,1,ham10000,ISIC_0024629,nv,HAM_0005793
0,0.29942432045936584,1,ham10000,ISIC_0027574,nv,HAM_0005794
0,0.5831447839736938,1,ham10000,ISIC_0030296,nv,HAM_0005795
0,0.0811956375837326,0,ham10000,ISIC_0030078,nv,HAM_0005796
0,0.30520910024642944,1,ham10000,ISIC_0027220,nv,HAM_0005797
1,0.28138333559036255,0,ham10000,ISIC_0031095,bcc,HAM_0005798
0,0.3920500874519348,1,ham10000,ISIC_0025827,nv,HAM_0005799
0,0.5520904660224915,1,ham10000,ISIC_0028864,nv,HAM_0005800
0,0.8395099639892578,1,ham10000,ISIC_0029413,bkl,HAM_0005801
0,0.5531772971153259,1,ham10000,ISIC_0031173,nv,HAM_0005802
0,0.2535121440887451,0,ham10000,ISIC_0028717,nv,HAM_0005803
1,0.6539800763130188,1,ham10000,ISIC_0024573,bcc,HAM_0005804
0,0.5102271437644958,1,ham10000,ISIC_0027505,nv,HAM_0005805
0,0.5986030101776123,1,ham10000,ISIC_0024980,nv,HAM_0005806
0,0.730329155921936,1,ham10000,ISIC_0026508,nv,HAM_0005807
0,0.6236668229103088,1,ham10000,ISIC_0030496,nv,HAM_0005808
1,0.8442105650901794,1,ham10000,ISIC_0033368,mel,HAM_0005809
0,0.6691625714302063,1,ham10000,ISIC_0030469,nv,HAM_0005810
0,0.3210344612598419,1,ham10000,ISIC_0031250,nv,HAM_0005812
0,0.4469989836215973,1,ham10000,ISIC_0026051,nv,HAM_0005813
0,0.5991649031639099,1,ham10000,ISIC_0032701,nv,HAM_0005814
0,0.5672041773796082,1,ham10000,ISIC_0030327,nv,HAM_0005815
0,0.464664101600647,1,ham10000,ISIC_0027257,nv,HAM_0005816
0,0.4808410108089447,1,ham10000,ISIC_0028384,nv,HAM_0005817
0,0.6231132745742798,1,ham10000,ISIC_0032427,nv,HAM_0005818
0,0.2697475552558899,0,ham10000,ISIC_0025111,nv,HAM_0005819
0,0.6942076086997986,1,ham10000,ISIC_0033265,nv,HAM_0005820
0,0.707366406917572,1,ham10000,ISIC_0029054,nv,HAM_0005822
0,0.35723093152046204,1,ham10000,ISIC_0024872,nv,HAM_0005823
0,0.24430246651172638,0,ham10000,ISIC_0029873,nv,HAM_0005824
0,0.5347977876663208,1,ham10000,ISIC_0027304,nv,HAM_0005825
1,0.5512828230857849,1,ham10000,ISIC_0031077,mel,HAM_0005826
0,0.35713455080986023,1,ham10000,ISIC_0026119,nv,HAM_0005827
0,0.10715033113956451,0,ham10000,ISIC_0026554,nv,HAM_0005828
0,0.5469586849212646,1,ham10000,ISIC_0030091,nv,HAM_0005829
0,0.5373919010162354,1,ham10000,ISIC_0026418,nv,HAM_0005831
0,0.34304380416870117,1,ham10000,ISIC_0027286,nv,HAM_0005832
0,0.07483048737049103,0,ham10000,ISIC_0030431,nv,HAM_0005833
0,0.6303080320358276,1,ham10000,ISIC_0032249,bkl,HAM_0005834
1,0.8697959780693054,1,ham10000,ISIC_0025975,bcc,HAM_0005835
0,0.4260502755641937,1,ham10000,ISIC_0030153,nv,HAM_0005836
1,0.5261270403862,1,ham10000,ISIC_0028653,bcc,HAM_0005837
0,0.7847824096679688,1,ham10000,ISIC_0030888,nv,HAM_0005838
0,0.5161387324333191,1,ham10000,ISIC_0027366,nv,HAM_0005839
0,0.649165153503418,1,ham10000,ISIC_0028692,nv,HAM_0005840
0,0.24606436491012573,0,ham10000,ISIC_0027804,nv,HAM_0005841
1,0.4905129373073578,1,ham10000,ISIC_0027601,bcc,HAM_0005842
0,0.48592934012413025,1,ham10000,ISIC_0024820,nv,HAM_0005843
0,0.20352932810783386,0,ham10000,ISIC_0027918,nv,HAM_0005844
0,0.5883225202560425,1,ham10000,ISIC_0025851,bkl,HAM_0005845
1,0.9127256870269775,1,ham10000,ISIC_0024459,mel,HAM_0005846
0,0.6824700832366943,1,ham10000,ISIC_0033460,bkl,HAM_0005847
0,0.30810195207595825,1,ham10000,ISIC_0025517,nv,HAM_0005848
0,0.442126601934433,1,ham10000,ISIC_0028647,nv,HAM_0005849
0,0.5484737157821655,1,ham10000,ISIC_0026708,nv,HAM_0005850
0,0.4252433180809021,1,ham10000,ISIC_0029804,nv,HAM_0005851
0,0.25116002559661865,0,ham10000,ISIC_0029569,nv,HAM_0005853
0,0.5641493797302246,1,ham10000,ISIC_0025926,nv,HAM_0005854
0,0.25896239280700684,0,ham10000,ISIC_0031727,nv,HAM_0005855
1,0.4944133758544922,1,ham10000,ISIC_0024984,bcc,HAM_0005856
0,0.2749679684638977,0,ham10000,ISIC_0030132,nv,HAM_0005857
0,0.17771002650260925,0,ham10000,ISIC_0028879,nv,HAM_0005858
0,0.21701043844223022,0,ham10000,ISIC_0025367,nv,HAM_0005859
0,0.4042253792285919,1,ham10000,ISIC_0024641,nv,HAM_0005860
0,0.6406360864639282,1,ham10000,ISIC_0028346,df,HAM_0005861
0,0.7010063529014587,1,ham10000,ISIC_0031376,bkl,HAM_0005862
0,0.6026155352592468,1,ham10000,ISIC_0029336,nv,HAM_0005863
0,0.3072649836540222,1,ham10000,ISIC_0025054,nv,HAM_0005864
0,0.3152725100517273,1,ham10000,ISIC_0030731,bkl,HAM_0005865
0,0.40589526295661926,1,ham10000,ISIC_0029422,nv,HAM_0005866
0,0.3609634339809418,1,ham10000,ISIC_0032387,nv,HAM_0005867
0,0.42167556285858154,1,ham10000,ISIC_0025845,nv,HAM_0005868
0,0.6017658114433289,1,ham10000,ISIC_0029249,bkl,HAM_0005869
0,0.6594645380973816,1,ham10000,ISIC_0030399,nv,HAM_0005870
0,0.4399505853652954,1,ham10000,ISIC_0032080,nv,HAM_0005871
0,0.39441928267478943,1,ham10000,ISIC_0030518,nv,HAM_0005872
0,0.5461803674697876,1,ham10000,ISIC_0031612,nv,HAM_0005873
0,0.6918371319770813,1,ham10000,ISIC_0027326,bkl,HAM_0005874
0,0.43381401896476746,1,ham10000,ISIC_0032250,nv,HAM_0005875
0,0.27313753962516785,0,ham10000,ISIC_0026980,nv,HAM_0005876
0,0.4912402927875519,1,ham10000,ISIC_0029204,nv,HAM_0005877
0,0.9111868143081665,1,ham10000,ISIC_0033254,vasc,HAM_0005878
0,0.37355974316596985,1,ham10000,ISIC_0025262,nv,HAM_0005879
0,0.45527660846710205,1,ham10000,ISIC_0025117,nv,HAM_0005880
0,0.33568674325942993,1,ham10000,ISIC_0030967,nv,HAM_0005881
0,0.37272801995277405,1,ham10000,ISIC_0025666,nv,HAM_0005882
0,0.3115536868572235,1,ham10000,ISIC_0026018,bkl,HAM_0005883
0,0.5564548969268799,1,ham10000,ISIC_0027469,nv,HAM_0005884
0,0.5968071818351746,1,ham10000,ISIC_0031215,vasc,HAM_0005885
0,0.21301960945129395,0,ham10000,ISIC_0029982,nv,HAM_0005886
0,0.7737656235694885,1,ham10000,ISIC_0033221,nv,HAM_0005887
0,0.44908058643341064,1,ham10000,ISIC_0032355,nv,HAM_0005888
1,0.35425975918769836,1,ham10000,ISIC_0029930,akiec,HAM_0005889
0,0.25478094816207886,0,ham10000,ISIC_0027653,nv,HAM_0005890
0,0.7729330062866211,1,ham10000,ISIC_0026060,bkl,HAM_0005891
0,0.47030431032180786,1,ham10000,ISIC_0024861,nv,HAM_0005892
1,0.6818482875823975,1,ham10000,ISIC_0032833,mel,HAM_0005893
0,0.3362767696380615,1,ham10000,ISIC_0025579,nv,HAM_0005894
0,0.44814157485961914,1,ham10000,ISIC_0032252,nv,HAM_0005895
0,0.6417818665504456,1,ham10000,ISIC_0024814,bkl,HAM_0005896
0,0.414050817489624,1,ham10000,ISIC_0027511,nv,HAM_0005897
0,0.647226870059967,1,ham10000,ISIC_0033401,bkl,HAM_0005898
0,0.38696417212486267,1,ham10000,ISIC_0031767,nv,HAM_0005899
0,0.44079020619392395,1,ham10000,ISIC_0028726,nv,HAM_0005900
1,0.4332771599292755,1,ham10000,ISIC_0031245,bcc,HAM_0005901
0,0.6951473951339722,1,ham10000,ISIC_0027285,nv,HAM_0005902
0,0.6111733317375183,1,ham10000,ISIC_0032179,bkl,HAM_0005903
0,0.2925710678100586,0,ham10000,ISIC_0024956,nv,HAM_0005904
0,0.7178660035133362,1,ham10000,ISIC_0034257,nv,HAM_0005905
0,0.24572968482971191,0,ham10000,ISIC_0025609,nv,HAM_0005906
0,0.7445626854896545,1,ham10000,ISIC_0027623,nv,HAM_0005907
0,0.2731487452983856,0,ham10000,ISIC_0029150,nv,HAM_0005908
1,0.4206666648387909,1,ham10000,ISIC_0026045,mel,HAM_0005909
0,0.7861713767051697,1,ham10000,ISIC_0026513,nv,HAM_0005910
1,0.7688666582107544,1,ham10000,ISIC_0028127,mel,HAM_0005911
0,0.18555374443531036,0,ham10000,ISIC_0027028,nv,HAM_0005912
0,0.17618098855018616,0,ham10000,ISIC_0028640,bkl,HAM_0005913
0,0.5010687112808228,1,ham10000,ISIC_0028785,nv,HAM_0005914
0,0.7760910987854004,1,ham10000,ISIC_0025656,bkl,HAM_0005915
0,0.19428648054599762,0,ham10000,ISIC_0027556,nv,HAM_0005916
0,0.415195494890213,1,ham10000,ISIC_0032272,nv,HAM_0005917
0,0.6964591145515442,1,ham10000,ISIC_0029177,df,HAM_0005918
0,0.3818524479866028,1,ham10000,ISIC_0030503,nv,HAM_0005919
0,0.09600602090358734,0,ham10000,ISIC_0026727,nv,HAM_0005920
1,0.8808134198188782,1,ham10000,ISIC_0029034,bcc,HAM_0005921
0,0.18481479585170746,0,ham10000,ISIC_0025896,nv,HAM_0005922
0,0.40858253836631775,1,ham10000,ISIC_0031419,nv,HAM_0005923
1,0.48639535903930664,1,ham10000,ISIC_0025196,akiec,HAM_0005924
0,0.46621015667915344,1,ham10000,ISIC_0026222,nv,HAM_0005925
1,0.8940107822418213,1,ham10000,ISIC_0027069,mel,HAM_0005926
1,0.6848275065422058,1,ham10000,ISIC_0028173,mel,HAM_0005927
0,0.20771872997283936,0,ham10000,ISIC_0031574,nv,HAM_0005928
0,0.6044176816940308,1,ham10000,ISIC_0026638,nv,HAM_0005929
0,0.3517177104949951,1,ham10000,ISIC_0031484,nv,HAM_0005930
1,0.736494779586792,1,ham10000,ISIC_0031191,akiec,HAM_0005931
0,0.268145352602005,0,ham10000,ISIC_0027747,bkl,HAM_0005932
1,0.3526309132575989,1,ham10000,ISIC_0024634,bcc,HAM_0005933
0,0.39847052097320557,1,ham10000,ISIC_0031740,nv,HAM_0005934
0,0.13076694309711456,0,ham10000,ISIC_0026679,bkl,HAM_0005935
0,0.6079122424125671,1,ham10000,ISIC_0024921,nv,HAM_0005936
0,0.4523235857486725,1,ham10000,ISIC_0027679,nv,HAM_0005937
0,0.17331606149673462,0,ham10000,ISIC_0025596,vasc,HAM_0005938
0,0.5354516506195068,1,ham10000,ISIC_0024327,nv,HAM_0005939
0,0.4256521165370941,1,ham10000,ISIC_0026331,nv,HAM_0005940
0,0.34548988938331604,1,ham10000,ISIC_0029295,nv,HAM_0005941
0,0.5260747075080872,1,ham10000,ISIC_0032529,nv,HAM_0005942
0,0.21183443069458008,0,ham10000,ISIC_0032033,nv,HAM_0005943
0,0.49012815952301025,1,ham10000,ISIC_0030850,nv,HAM_0005944
0,0.46751710772514343,1,ham10000,ISIC_0032053,nv,HAM_0005945
0,0.43210187554359436,1,ham10000,ISIC_0026368,nv,HAM_0005946
1,0.8164147138595581,1,ham10000,ISIC_0027998,bcc,HAM_0005947
0,0.3245369791984558,1,ham10000,ISIC_0029761,nv,HAM_0005948
0,0.2889251112937927,0,ham10000,ISIC_0027148,nv,HAM_0005949
0,0.4156681001186371,1,ham10000,ISIC_0026165,nv,HAM_0005950
0,0.1306103616952896,0,ham10000,ISIC_0027325,nv,HAM_0005951
0,0.6135096549987793,1,ham10000,ISIC_0027916,bkl,HAM_0005952
1,0.8249558210372925,1,ham10000,ISIC_0032626,mel,HAM_0005953
1,0.4551730453968048,1,ham10000,ISIC_0032203,akiec,HAM_0005954
0,0.6880853176116943,1,ham10000,ISIC_0024713,nv,HAM_0005955
0,0.47307002544403076,1,ham10000,ISIC_0030727,nv,HAM_0005957
1,0.5521484613418579,1,ham10000,ISIC_0027577,akiec,HAM_0005958
0,0.16149073839187622,0,ham10000,ISIC_0025058,nv,HAM_0005959
0,0.4383704662322998,1,ham10000,ISIC_0028632,nv,HAM_0005960
0,0.43108800053596497,1,ham10000,ISIC_0032795,nv,HAM_0005961
0,0.4319775402545929,1,ham10000,ISIC_0028129,nv,HAM_0005963
0,0.32281044125556946,1,ham10000,ISIC_0026405,nv,HAM_0005964
0,0.5481048226356506,1,ham10000,ISIC_0029858,nv,HAM_0005965
0,0.5580242872238159,1,ham10000,ISIC_0025902,nv,HAM_0005966
0,0.7939138412475586,1,ham10000,ISIC_0032031,bkl,HAM_0005967
0,0.6718648076057434,1,ham10000,ISIC_0024758,bkl,HAM_0005968
0,0.46504756808280945,1,ham10000,ISIC_0028257,nv,HAM_0005969
1,0.4500241279602051,1,ham10000,ISIC_0032806,mel,HAM_0005970
1,0.45946183800697327,1,ham10000,ISIC_0024452,bcc,HAM_0005971
0,0.6145786046981812,1,ham10000,ISIC_0033319,nv,HAM_0005972
1,0.8348727822303772,1,ham10000,ISIC_0026940,bcc,HAM_0005973
0,0.7406684756278992,1,ham10000,ISIC_0031395,nv,HAM_0005974
0,0.6320585012435913,1,ham10000,ISIC_0031837,nv,HAM_0005975
0,0.37699630856513977,1,ham10000,ISIC_0030638,nv,HAM_0005976
0,0.4691382348537445,1,ham10000,ISIC_0028396,nv,HAM_0005977
1,0.5381526350975037,1,ham10000,ISIC_0030143,akiec,HAM_0005978
0,0.595302939414978,1,ham10000,ISIC_0030422,nv,HAM_0005980
1,0.3110402822494507,1,ham10000,ISIC_0027371,bcc,HAM_0005981
1,0.48962533473968506,1,ham10000,ISIC_0026766,bcc,HAM_0005982
0,0.9348527789115906,1,ham10000,ISIC_0025594,df,HAM_0005983
1,0.7696335911750793,1,ham10000,ISIC_0026117,bcc,HAM_0005984
1,0.739425539970398,1,ham10000,ISIC_0027038,bcc,HAM_0005985
1,0.5649332404136658,1,ham10000,ISIC_0029574,mel,HAM_0005986
0,0.5412274599075317,1,ham10000,ISIC_0026741,nv,HAM_0005987
0,0.3736772835254669,1,ham10000,ISIC_0025646,nv,HAM_0005988
0,0.9247599840164185,1,ham10000,ISIC_0031648,vasc,HAM_0005989
0,0.4546891748905182,1,ham10000,ISIC_0032320,nv,HAM_0005990
0,0.17662374675273895,0,ham10000,ISIC_0031505,nv,HAM_0005991
1,0.7603222727775574,1,ham10000,ISIC_0032597,mel,HAM_0005992
0,0.42181238532066345,1,ham10000,ISIC_0026441,bkl,HAM_0005993
0,0.41688916087150574,1,ham10000,ISIC_0029975,nv,HAM_0005994
0,0.5771371722221375,1,ham10000,ISIC_0033331,nv,HAM_0005995
0,0.5127716064453125,1,ham10000,ISIC_0031338,nv,HAM_0005996
0,0.7555478811264038,1,ham10000,ISIC_0033740,nv,HAM_0005997
1,0.7895057797431946,1,ham10000,ISIC_0027058,bcc,HAM_0005998
0,0.1176699548959732,0,ham10000,ISIC_0030958,nv,HAM_0005999
0,0.5143046975135803,1,ham10000,ISIC_0032121,nv,HAM_0006000
0,0.24066859483718872,0,ham10000,ISIC_0028395,nv,HAM_0006001
1,0.8910284638404846,1,ham10000,ISIC_0029915,akiec,HAM_0006002
0,0.35169047117233276,1,ham10000,ISIC_0032827,bkl,HAM_0006003
1,0.6701372861862183,1,ham10000,ISIC_0027702,mel,HAM_0006004
1,0.9149616360664368,1,ham10000,ISIC_0029489,bcc,HAM_0006005
1,0.5311204791069031,1,ham10000,ISIC_0024961,mel,HAM_0006006
0,0.30330324172973633,1,ham10000,ISIC_0031737,nv,HAM_0006007
0,0.09528235346078873,0,ham10000,ISIC_0028342,nv,HAM_0006008
0,0.44522973895072937,1,ham10000,ISIC_0026174,bkl,HAM_0006009
0,0.3017977774143219,1,ham10000,ISIC_0028695,nv,HAM_0006010
1,0.5558683276176453,1,ham10000,ISIC_0034012,mel,HAM_0006011
0,0.2725164294242859,0,ham10000,ISIC_0029240,nv,HAM_0006012
0,0.4421270787715912,1,ham10000,ISIC_0028572,nv,HAM_0006013
0,0.8083934187889099,1,ham10000,ISIC_0032737,nv,HAM_0006014
0,0.3873961567878723,1,ham10000,ISIC_0025294,nv,HAM_0006015
0,0.10850734263658524,0,ham10000,ISIC_0029670,nv,HAM_0006016
1,0.7936356067657471,1,ham10000,ISIC_0027282,mel,HAM_0006017
0,0.537663996219635,1,ham10000,ISIC_0033486,bkl,HAM_0006018
0,0.15743203461170197,0,ham10000,ISIC_0030347,nv,HAM_0006019
0,0.6409628987312317,1,ham10000,ISIC_0029572,nv,HAM_0006020
0,0.47988396883010864,1,ham10000,ISIC_0026881,nv,HAM_0006021
0,0.5393596887588501,1,ham10000,ISIC_0029901,nv,HAM_0006022
0,0.22907881438732147,0,ham10000,ISIC_0025002,nv,HAM_0006023
1,0.7391219139099121,1,ham10000,ISIC_0027884,akiec,HAM_0006024
0,0.5551820993423462,1,ham10000,ISIC_0031285,nv,HAM_0006025
0,0.5789588093757629,1,ham10000,ISIC_0032804,bkl,HAM_0006026
0,0.7294349074363708,1,ham10000,ISIC_0032189,nv,HAM_0006028
0,0.17837531864643097,0,ham10000,ISIC_0025935,nv,HAM_0006029
0,0.8333920240402222,1,ham10000,ISIC_0024618,nv,HAM_0006030
0,0.557841956615448,1,ham10000,ISIC_0025374,bkl,HAM_0006031
0,0.4769887924194336,1,ham10000,ISIC_0027501,nv,HAM_0006032
0,0.24239997565746307,0,ham10000,ISIC_0026128,nv,HAM_0006033
0,0.6662410497665405,1,ham10000,ISIC_0026426,nv,HAM_0006034
0,0.5305300951004028,1,ham10000,ISIC_0027551,nv,HAM_0006035
1,0.7608430981636047,1,ham10000,ISIC_0029713,akiec,HAM_0006036
1,0.6526526212692261,1,ham10000,ISIC_0026571,mel,HAM_0006037
0,0.45690491795539856,1,ham10000,ISIC_0029969,nv,HAM_0006038
0,0.5097494721412659,1,ham10000,ISIC_0028092,nv,HAM_0006039
0,0.395696759223938,1,ham10000,ISIC_0029978,nv,HAM_0006040
0,0.5791172981262207,1,ham10000,ISIC_0029313,nv,HAM_0006041
0,0.799771249294281,1,ham10000,ISIC_0033983,nv,HAM_0006042
0,0.2811155319213867,0,ham10000,ISIC_0027782,nv,HAM_0006043
0,0.5056487917900085,1,ham10000,ISIC_0026986,nv,HAM_0006044
0,0.245527446269989,0,ham10000,ISIC_0029910,nv,HAM_0006045
0,0.4560508131980896,1,ham10000,ISIC_0031199,nv,HAM_0006046
1,0.8747638463973999,1,ham10000,ISIC_0025467,bcc,HAM_0006047
0,0.9675478339195251,1,ham10000,ISIC_0030064,nv,HAM_0006048
1,0.15732724964618683,0,ham10000,ISIC_0031614,bcc,HAM_0006049
0,0.5349278450012207,1,ham10000,ISIC_0029122,nv,HAM_0006050
0,0.2012976109981537,0,ham10000,ISIC_0030475,nv,HAM_0006051
0,0.42425617575645447,1,ham10000,ISIC_0025476,nv,HAM_0006052
1,0.6233809590339661,1,ham10000,ISIC_0028147,bcc,HAM_0006053
0,0.2944663166999817,0,ham10000,ISIC_0030982,nv,HAM_0006054
0,0.36992427706718445,1,ham10000,ISIC_0031456,nv,HAM_0006055
0,0.29826611280441284,1,ham10000,ISIC_0030999,nv,HAM_0006057
0,0.19283689558506012,0,ham10000,ISIC_0028911,nv,HAM_0006058
0,0.39649471640586853,1,ham10000,ISIC_0028089,nv,HAM_0006059
0,0.20756642520427704,0,ham10000,ISIC_0030513,nv,HAM_0006060
1,0.8989983201026917,1,ham10000,ISIC_0027179,mel,HAM_0006061
0,0.5141716599464417,1,ham10000,ISIC_0029435,nv,HAM_0006062
0,0.1596306711435318,0,ham10000,ISIC_0026975,nv,HAM_0006063
0,0.553439199924469,1,ham10000,ISIC_0031132,bkl,HAM_0006064
0,0.4916938543319702,1,ham10000,ISIC_0028952,bkl,HAM_0006065
0,0.08524017035961151,0,ham10000,ISIC_0028245,nv,HAM_0006067
0,0.5118055939674377,1,ham10000,ISIC_0024591,nv,HAM_0006068
0,0.17971418797969818,0,ham10000,ISIC_0031681,nv,HAM_0006069
0,0.14044512808322906,0,ham10000,ISIC_0026833,nv,HAM_0006070
0,0.7158103585243225,1,ham10000,ISIC_0032343,bkl,HAM_0006071
0,0.4003627896308899,1,ham10000,ISIC_0027168,nv,HAM_0006072
0,0.5190705060958862,1,ham10000,ISIC_0025761,nv,HAM_0006073
0,0.7066308856010437,1,ham10000,ISIC_0033829,bkl,HAM_0006074
0,0.3839254081249237,1,ham10000,ISIC_0026999,nv,HAM_0006075
0,0.4582686722278595,1,ham10000,ISIC_0027323,nv,HAM_0006077
0,0.5947061777114868,1,ham10000,ISIC_0032809,nv,HAM_0006078
0,0.5265851616859436,1,ham10000,ISIC_0030641,nv,HAM_0006079
0,0.7111732363700867,1,ham10000,ISIC_0032668,nv,HAM_0006080
0,0.5067413449287415,1,ham10000,ISIC_0030691,nv,HAM_0006081
0,0.5992395281791687,1,ham10000,ISIC_0027500,nv,HAM_0006082
0,0.49013587832450867,1,ham10000,ISIC_0028178,nv,HAM_0006083
0,0.12149705737829208,0,ham10000,ISIC_0027641,nv,HAM_0006084
0,0.5311154723167419,1,ham10000,ISIC_0032949,bkl,HAM_0006085
0,0.34032386541366577,1,ham10000,ISIC_0025563,nv,HAM_0006086
0,0.4010957181453705,1,ham10000,ISIC_0032094,nv,HAM_0006087
1,0.32050397992134094,1,ham10000,ISIC_0028760,mel,HAM_0006088
0,0.33047857880592346,1,ham10000,ISIC_0031316,nv,HAM_0006089
0,0.22399824857711792,0,ham10000,ISIC_0026859,nv,HAM_0006090
0,0.3675057291984558,1,ham10000,ISIC_0026507,nv,HAM_0006091
1,0.6851601004600525,1,ham10000,ISIC_0029241,mel,HAM_0006092
0,0.28761887550354004,0,ham10000,ISIC_0024974,nv,HAM_0006093
0,0.39325106143951416,1,ham10000,ISIC_0026998,nv,HAM_0006094
0,0.4604760408401489,1,ham10000,ISIC_0025933,nv,HAM_0006095
0,0.4317379593849182,1,ham10000,ISIC_0025190,nv,HAM_0006096
1,0.6476418972015381,1,ham10000,ISIC_0027306,mel,HAM_0006097
0,0.41394883394241333,1,ham10000,ISIC_0030938,nv,HAM_0006098
0,0.38847795128822327,1,ham10000,ISIC_0026311,bkl,HAM_0006099
0,0.5538583397865295,1,ham10000,ISIC_0032288,nv,HAM_0006100
1,0.908109188079834,1,ham10000,ISIC_0032617,mel,HAM_0006101
0,0.5029124021530151,1,ham10000,ISIC_0032105,nv,HAM_0006102
0,0.5069963932037354,1,ham10000,ISIC_0031504,nv,HAM_0006103
0,0.4546111226081848,1,ham10000,ISIC_0026323,nv,HAM_0006104
0,0.2683866024017334,0,ham10000,ISIC_0032236,nv,HAM_0006105
0,0.3827395737171173,1,ham10000,ISIC_0032295,nv,HAM_0006106
0,0.7168383002281189,1,ham10000,ISIC_0024697,nv,HAM_0006108
0,0.38283538818359375,1,ham10000,ISIC_0028459,nv,HAM_0006109
0,0.7126980423927307,1,ham10000,ISIC_0025289,nv,HAM_0006110
1,0.3466704487800598,1,ham10000,ISIC_0030138,bcc,HAM_0006111
0,0.5454562902450562,1,ham10000,ISIC_0031696,nv,HAM_0006113
0,0.3159268796443939,1,ham10000,ISIC_0027873,nv,HAM_0006114
1,0.8483582735061646,1,ham10000,ISIC_0025576,bcc,HAM_0006115
0,0.2713228762149811,0,ham10000,ISIC_0028117,nv,HAM_0006116
0,0.22080422937870026,0,ham10000,ISIC_0025566,nv,HAM_0006117
0,0.41179409623146057,1,ham10000,ISIC_0026429,nv,HAM_0006118
0,0.4481671452522278,1,ham10000,ISIC_0029944,nv,HAM_0006119
0,0.6362805366516113,1,ham10000,ISIC_0025372,nv,HAM_0006120
0,0.6007391810417175,1,ham10000,ISIC_0032792,nv,HAM_0006121
0,0.6746438145637512,1,ham10000,ISIC_0031556,bkl,HAM_0006122
0,0.2811388373374939,0,ham10000,ISIC_0025275,bkl,HAM_0006123
0,0.8176229596138,1,ham10000,ISIC_0025131,bkl,HAM_0006124
0,0.2362905889749527,0,ham10000,ISIC_0028144,nv,HAM_0006125
0,0.7541986107826233,1,ham10000,ISIC_0027715,nv,HAM_0006126
0,0.279889851808548,0,ham10000,ISIC_0032449,nv,HAM_0006127
0,0.2851502001285553,0,ham10000,ISIC_0028701,bkl,HAM_0006128
0,0.6280797719955444,1,ham10000,ISIC_0027849,nv,HAM_0006129
1,0.48300451040267944,1,ham10000,ISIC_0031670,mel,HAM_0006130
0,0.32739830017089844,1,ham10000,ISIC_0024822,nv,HAM_0006131
0,0.39437955617904663,1,ham10000,ISIC_0027732,nv,HAM_0006132
0,0.21053941547870636,0,ham10000,ISIC_0024755,nv,HAM_0006133
0,0.37451550364494324,1,ham10000,ISIC_0030622,nv,HAM_0006134
1,0.6495763063430786,1,ham10000,ISIC_0031044,akiec,HAM_0006135
0,0.38916775584220886,1,ham10000,ISIC_0028910,nv,HAM_0006136
1,0.22328798472881317,0,ham10000,ISIC_0026738,mel,HAM_0006137
0,0.3986774682998657,1,ham10000,ISIC_0026713,vasc,HAM_0006138
0,0.07669683545827866,0,ham10000,ISIC_0025349,nv,HAM_0006139
0,0.22459425032138824,0,ham10000,ISIC_0030163,nv,HAM_0006140
0,0.34474143385887146,1,ham10000,ISIC_0024603,nv,HAM_0006141
0,0.7779147028923035,1,ham10000,ISIC_0026509,nv,HAM_0006142
0,0.7870790362358093,1,ham10000,ISIC_0032168,bkl,HAM_0006143
0,0.38448286056518555,1,ham10000,ISIC_0029388,nv,HAM_0006144
0,0.7132648229598999,1,ham10000,ISIC_0031713,nv,HAM_0006145
0,0.3335711658000946,1,ham10000,ISIC_0028159,nv,HAM_0006146
0,0.41761961579322815,1,ham10000,ISIC_0032641,nv,HAM_0006147
0,0.7722451686859131,1,ham10000,ISIC_0033987,bkl,HAM_0006148
0,0.7585566639900208,1,ham10000,ISIC_0025047,nv,HAM_0006149
0,0.39203324913978577,1,ham10000,ISIC_0026569,nv,HAM_0006150
0,0.25646501779556274,0,ham10000,ISIC_0032296,nv,HAM_0006151
1,0.7599545121192932,1,ham10000,ISIC_0027238,mel,HAM_0006152
0,0.41484537720680237,1,ham10000,ISIC_0030749,nv,HAM_0006153
0,0.6804680228233337,1,ham10000,ISIC_0030082,nv,HAM_0006154
0,0.6111724972724915,1,ham10000,ISIC_0029728,nv,HAM_0006155
0,0.8525258302688599,1,ham10000,ISIC_0027903,vasc,HAM_0006156
0,0.6342899203300476,1,ham10000,ISIC_0033855,bkl,HAM_0006157
0,0.7383704781532288,1,ham10000,ISIC_0033096,nv,HAM_0006158
0,0.6942693591117859,1,ham10000,ISIC_0028977,bkl,HAM_0006159
1,0.7877407073974609,1,ham10000,ISIC_0030950,mel,HAM_0006160
0,0.40982505679130554,1,ham10000,ISIC_0029164,nv,HAM_0006161
0,0.29654914140701294,0,ham10000,ISIC_0027245,nv,HAM_0006162
0,0.44308632612228394,1,ham10000,ISIC_0030331,nv,HAM_0006163
0,0.10092242062091827,0,ham10000,ISIC_0024385,nv,HAM_0006164
0,0.44297146797180176,1,ham10000,ISIC_0029964,nv,HAM_0006165
0,0.4092838764190674,1,ham10000,ISIC_0028805,nv,HAM_0006166
0,0.17748312652111053,0,ham10000,ISIC_0027845,nv,HAM_0006167
0,0.16554002463817596,0,ham10000,ISIC_0026464,nv,HAM_0006168
0,0.31876757740974426,1,ham10000,ISIC_0026747,nv,HAM_0006169
0,0.3357981741428375,1,ham10000,ISIC_0027969,bkl,HAM_0006170
1,0.5263910293579102,1,ham10000,ISIC_0025663,mel,HAM_0006171
0,0.3750777244567871,1,ham10000,ISIC_0024485,nv,HAM_0006172
0,0.5945429801940918,1,ham10000,ISIC_0031961,bkl,HAM_0006173
0,0.42138588428497314,1,ham10000,ISIC_0028116,nv,HAM_0006174
0,0.42371484637260437,1,ham10000,ISIC_0024954,nv,HAM_0006175
0,0.5011827945709229,1,ham10000,ISIC_0027539,nv,HAM_0006176
0,0.21198466420173645,0,ham10000,ISIC_0031234,nv,HAM_0006177
0,0.4096123278141022,1,ham10000,ISIC_0031100,nv,HAM_0006178
0,0.043199747800827026,0,ham10000,ISIC_0030662,nv,HAM_0006179
1,0.6253267526626587,1,ham10000,ISIC_0026905,akiec,HAM_0006180
0,0.21938273310661316,0,ham10000,ISIC_0026961,bkl,HAM_0006181
0,0.5246918797492981,1,ham10000,ISIC_0033419,nv,HAM_0006182
0,0.26848962903022766,0,ham10000,ISIC_0028397,nv,HAM_0006183
1,0.7053614854812622,1,ham10000,ISIC_0033024,mel,HAM_0006184
0,0.4239148199558258,1,ham10000,ISIC_0028759,nv,HAM_0006185
0,0.4420524835586548,1,ham10000,ISIC_0029320,bkl,HAM_0006186
0,0.8517184853553772,1,ham10000,ISIC_0025453,nv,HAM_0006187
0,0.90045565366745,1,ham10000,ISIC_0024330,df,HAM_0006188
1,0.8606312274932861,1,ham10000,ISIC_0033269,mel,HAM_0006189
0,0.6599504351615906,1,ham10000,ISIC_0025507,bkl,HAM_0006190
0,0.6370041966438293,1,ham10000,ISIC_0028829,nv,HAM_0006191
0,0.5452242493629456,1,ham10000,ISIC_0027416,nv,HAM_0006192
0,0.4472648501396179,1,ham10000,ISIC_0029877,vasc,HAM_0006193
0,0.20222455263137817,0,ham10000,ISIC_0030968,nv,HAM_0006194
0,0.5684582591056824,1,ham10000,ISIC_0028267,nv,HAM_0006195
1,0.5759797096252441,1,ham10000,ISIC_0025248,mel,HAM_0006196
0,0.7295483946800232,1,ham10000,ISIC_0028332,nv,HAM_0006197
0,0.2322085201740265,0,ham10000,ISIC_0028676,nv,HAM_0006198
0,0.3572491705417633,1,ham10000,ISIC_0024888,nv,HAM_0006199
0,0.1381302773952484,0,ham10000,ISIC_0024420,bkl,HAM_0006201
0,0.44733837246894836,1,ham10000,ISIC_0030627,nv,HAM_0006202
0,0.7765512466430664,1,ham10000,ISIC_0026456,vasc,HAM_0006203
0,0.3857246935367584,1,ham10000,ISIC_0029806,nv,HAM_0006204
0,0.47593846917152405,1,ham10000,ISIC_0031121,nv,HAM_0006205
0,0.2844368517398834,0,ham10000,ISIC_0030438,nv,HAM_0006206
1,0.852357029914856,1,ham10000,ISIC_0030034,mel,HAM_0006207
1,0.5489510893821716,1,ham10000,ISIC_0028916,mel,HAM_0006208
0,0.2926868498325348,0,ham10000,ISIC_0028626,nv,HAM_0006209
0,0.6702700257301331,1,ham10000,ISIC_0026454,nv,HAM_0006210
0,0.256799578666687,0,ham10000,ISIC_0025519,bkl,HAM_0006211
0,0.23314522206783295,0,ham10000,ISIC_0029721,nv,HAM_0006212
1,0.8494836091995239,1,ham10000,ISIC_0025182,akiec,HAM_0006213
1,0.7857269644737244,1,ham10000,ISIC_0031189,mel,HAM_0006214
0,0.17297621071338654,0,ham10000,ISIC_0027321,nv,HAM_0006215
0,0.4066942036151886,1,ham10000,ISIC_0030214,nv,HAM_0006216
1,0.2890496850013733,0,ham10000,ISIC_0031043,akiec,HAM_0006217
0,0.6842741370201111,1,ham10000,ISIC_0032589,nv,HAM_0006218
0,0.1150975301861763,0,ham10000,ISIC_0026202,nv,HAM_0006219
1,0.6264943480491638,1,ham10000,ISIC_0024470,akiec,HAM_0006220
0,0.3838758170604706,1,ham10000,ISIC_0025300,nv,HAM_0006221
1,0.7265410423278809,1,ham10000,ISIC_0025069,akiec,HAM_0006222
1,0.3838063180446625,1,ham10000,ISIC_0025791,mel,HAM_0006223
0,0.2679782509803772,0,ham10000,ISIC_0029351,nv,HAM_0006224
0,0.47521480917930603,1,ham10000,ISIC_0028887,nv,HAM_0006225
0,0.3762894868850708,1,ham10000,ISIC_0024414,nv,HAM_0006226
0,0.574579119682312,1,ham10000,ISIC_0031264,nv,HAM_0006227
0,0.3983008563518524,1,ham10000,ISIC_0028594,nv,HAM_0006228
0,0.09334399551153183,0,ham10000,ISIC_0027733,nv,HAM_0006229
0,0.6993746161460876,1,ham10000,ISIC_0032632,nv,HAM_0006230
0,0.3686942160129547,1,ham10000,ISIC_0032849,nv,HAM_0006231
0,0.5244031548500061,1,ham10000,ISIC_0033043,nv,HAM_0006232
0,0.5278385281562805,1,ham10000,ISIC_0033290,nv,HAM_0006233
0,0.5321196913719177,1,ham10000,ISIC_0033341,nv,HAM_0006234
0,0.2588793933391571,0,ham10000,ISIC_0033681,nv,HAM_0006235
0,0.5694844722747803,1,ham10000,ISIC_0033741,nv,HAM_0006236
0,0.5079319477081299,1,ham10000,ISIC_0034072,nv,HAM_0006237
0,0.7081418633460999,1,ham10000,ISIC_0034151,bkl,HAM_0006238
0,0.6300017237663269,1,ham10000,ISIC_0034177,nv,HAM_0006239
0,0.7640863656997681,1,ham10000,ISIC_0030188,bkl,HAM_0006240
0,0.5528043508529663,1,ham10000,ISIC_0031379,nv,HAM_0006241
0,0.6784323453903198,1,ham10000,ISIC_0030846,nv,HAM_0006242
0,0.3217882812023163,1,ham10000,ISIC_0031436,bkl,HAM_0006243
0,0.37230750918388367,1,ham10000,ISIC_0027197,nv,HAM_0006244
0,0.5845547318458557,1,ham10000,ISIC_0030733,nv,HAM_0006245
0,0.4119603931903839,1,ham10000,ISIC_0024523,nv,HAM_0006246
0,0.35674527287483215,1,ham10000,ISIC_0031393,nv,HAM_0006247
0,0.3072829246520996,1,ham10000,ISIC_0030087,nv,HAM_0006248
0,0.1660386621952057,0,ham10000,ISIC_0024759,nv,HAM_0006249
0,0.34353870153427124,1,ham10000,ISIC_0030308,nv,HAM_0006250
0,0.5335925817489624,1,ham10000,ISIC_0026437,nv,HAM_0006251
1,0.6309268474578857,1,ham10000,ISIC_0024646,akiec,HAM_0006252
1,0.5920224189758301,1,ham10000,ISIC_0028291,mel,HAM_0006253
0,0.6207740306854248,1,ham10000,ISIC_0024633,nv,HAM_0006254
0,0.5797155499458313,1,ham10000,ISIC_0026548,nv,HAM_0006255
0,0.5556628704071045,1,ham10000,ISIC_0027624,nv,HAM_0006256
1,0.4406570792198181,1,ham10000,ISIC_0029843,mel,HAM_0006257
0,0.6916109919548035,1,ham10000,ISIC_0028484,nv,HAM_0006258
0,0.06923611462116241,0,ham10000,ISIC_0027785,nv,HAM_0006259
0,0.4115549623966217,1,ham10000,ISIC_0029748,nv,HAM_0006260
0,0.5781768560409546,1,ham10000,ISIC_0028466,nv,HAM_0006261
0,0.5510343909263611,1,ham10000,ISIC_0027211,nv,HAM_0006262
0,0.45910266041755676,1,ham10000,ISIC_0029447,nv,HAM_0006263
0,0.18567046523094177,0,ham10000,ISIC_0024350,nv,HAM_0006264
0,0.5704702138900757,1,ham10000,ISIC_0028212,nv,HAM_0006266
0,0.5727730989456177,1,ham10000,ISIC_0031200,bkl,HAM_0006267
0,0.5106236934661865,1,ham10000,ISIC_0026432,nv,HAM_0006268
0,0.8034095764160156,1,ham10000,ISIC_0031606,nv,HAM_0006270
0,0.5049822926521301,1,ham10000,ISIC_0027572,nv,HAM_0006271
0,0.5564397573471069,1,ham10000,ISIC_0024429,nv,HAM_0006272
0,0.7102787494659424,1,ham10000,ISIC_0028571,nv,HAM_0006273
1,0.3720930814743042,1,ham10000,ISIC_0031351,bcc,HAM_0006274
0,0.5012077689170837,1,ham10000,ISIC_0029186,nv,HAM_0006275
0,0.46866631507873535,1,ham10000,ISIC_0029285,nv,HAM_0006276
0,0.5525943040847778,1,ham10000,ISIC_0031428,bkl,HAM_0006277
0,0.23428891599178314,0,ham10000,ISIC_0031141,nv,HAM_0006278
0,0.2820992171764374,0,ham10000,ISIC_0027195,nv,HAM_0006279
0,0.1405998319387436,0,ham10000,ISIC_0027937,vasc,HAM_0006280
0,0.6856603026390076,1,ham10000,ISIC_0033507,bkl,HAM_0006281
0,0.3511381149291992,1,ham10000,ISIC_0031772,nv,HAM_0006282
0,0.5683945417404175,1,ham10000,ISIC_0027924,nv,HAM_0006283
0,0.5918421149253845,1,ham10000,ISIC_0032904,nv,HAM_0006284
0,0.2831629514694214,0,ham10000,ISIC_0030596,nv,HAM_0006285
0,0.34391656517982483,1,ham10000,ISIC_0027619,nv,HAM_0006286
0,0.500080943107605,1,ham10000,ISIC_0029101,bkl,HAM_0006287
0,0.4237101972103119,1,ham10000,ISIC_0031835,nv,HAM_0006289
0,0.2375396192073822,0,ham10000,ISIC_0026490,vasc,HAM_0006291
0,0.32566145062446594,1,ham10000,ISIC_0029058,nv,HAM_0006292
0,0.295895516872406,0,ham10000,ISIC_0027314,nv,HAM_0006293
0,0.5754845142364502,1,ham10000,ISIC_0032348,bkl,HAM_0006294
0,0.5054329633712769,1,ham10000,ISIC_0032720,nv,HAM_0006295
0,0.7191982865333557,1,ham10000,ISIC_0028999,nv,HAM_0006296
0,0.2419763058423996,0,ham10000,ISIC_0025962,nv,HAM_0006297
0,0.30993226170539856,1,ham10000,ISIC_0030613,nv,HAM_0006298
0,0.2637620270252228,0,ham10000,ISIC_0031582,nv,HAM_0006299
0,0.5158976912498474,1,ham10000,ISIC_0028281,nv,HAM_0006300
1,0.6104037761688232,1,ham10000,ISIC_0024468,akiec,HAM_0006301
0,0.6172046065330505,1,ham10000,ISIC_0030819,nv,HAM_0006302
0,0.27900105714797974,0,ham10000,ISIC_0026911,nv,HAM_0006303
0,0.37116020917892456,1,ham10000,ISIC_0032406,nv,HAM_0006304
0,0.49629685282707214,1,ham10000,ISIC_0031274,nv,HAM_0006305
0,0.19371670484542847,0,ham10000,ISIC_0026242,nv,HAM_0006306
0,0.29601114988327026,0,ham10000,ISIC_0024570,nv,HAM_0006307
0,0.5574644804000854,1,ham10000,ISIC_0030716,nv,HAM_0006308
0,0.33688539266586304,1,ham10000,ISIC_0026640,nv,HAM_0006309
0,0.5993756651878357,1,ham10000,ISIC_0031334,bkl,HAM_0006310
0,0.46621498465538025,1,ham10000,ISIC_0024392,nv,HAM_0006311
0,0.5250726938247681,1,ham10000,ISIC_0025631,nv,HAM_0006312
0,0.3161351978778839,1,ham10000,ISIC_0026926,nv,HAM_0006313
0,0.38600924611091614,1,ham10000,ISIC_0029532,nv,HAM_0006314
0,0.09028822183609009,0,ham10000,ISIC_0031144,nv,HAM_0006316
0,0.4974396824836731,1,ham10000,ISIC_0029934,nv,HAM_0006317
0,0.4703962206840515,1,ham10000,ISIC_0024937,nv,HAM_0006318
0,0.3625357151031494,1,ham10000,ISIC_0028348,nv,HAM_0006319
1,0.671359658241272,1,ham10000,ISIC_0033174,mel,HAM_0006321
0,0.20837849378585815,0,ham10000,ISIC_0030309,nv,HAM_0006322
0,0.40055036544799805,1,ham10000,ISIC_0024680,nv,HAM_0006323
0,0.36014845967292786,1,ham10000,ISIC_0029889,vasc,HAM_0006324
0,0.3284449875354767,1,ham10000,ISIC_0027739,bkl,HAM_0006325
0,0.5921735167503357,1,ham10000,ISIC_0028500,nv,HAM_0006326
0,0.5378511548042297,1,ham10000,ISIC_0028237,bkl,HAM_0006327
0,0.487251877784729,1,ham10000,ISIC_0030450,nv,HAM_0006328
0,0.5563347339630127,1,ham10000,ISIC_0032758,nv,HAM_0006329
1,0.8617600798606873,1,ham10000,ISIC_0026745,mel,HAM_0006330
0,0.19667749106884003,0,ham10000,ISIC_0029229,nv,HAM_0006331
0,0.5256166458129883,1,ham10000,ISIC_0029822,nv,HAM_0006332
0,0.33936312794685364,1,ham10000,ISIC_0024424,nv,HAM_0006333
0,0.5584735870361328,1,ham10000,ISIC_0032605,nv,HAM_0006334
0,0.44854816794395447,1,ham10000,ISIC_0028892,nv,HAM_0006335
0,0.20362837612628937,0,ham10000,ISIC_0032117,nv,HAM_0006336
0,0.1921737641096115,0,ham10000,ISIC_0029106,nv,HAM_0006337
0,0.46089646220207214,1,ham10000,ISIC_0025125,nv,HAM_0006338
0,0.5707232356071472,1,ham10000,ISIC_0031279,nv,HAM_0006339
0,0.6495962738990784,1,ham10000,ISIC_0028639,nv,HAM_0006340
0,0.2038174569606781,0,ham10000,ISIC_0024681,nv,HAM_0006341
0,0.29064494371414185,0,ham10000,ISIC_0024425,nv,HAM_0006342
0,0.3908267319202423,1,ham10000,ISIC_0024997,bkl,HAM_0006343
0,0.31496864557266235,1,ham10000,ISIC_0026966,nv,HAM_0006344
0,0.3781231939792633,1,ham10000,ISIC_0027762,nv,HAM_0006345
0,0.5483527183532715,1,ham10000,ISIC_0026280,bkl,HAM_0006346
0,0.26078274846076965,0,ham10000,ISIC_0025702,nv,HAM_0006347
0,0.4961712062358856,1,ham10000,ISIC_0027110,nv,HAM_0006348
0,0.4936971664428711,1,ham10000,ISIC_0024919,nv,HAM_0006349
0,0.6562910079956055,1,ham10000,ISIC_0031130,bkl,HAM_0006350
1,0.7772171497344971,1,ham10000,ISIC_0027117,bcc,HAM_0006351
0,0.29864951968193054,1,ham10000,ISIC_0025341,nv,HAM_0006352
0,0.5706225633621216,1,ham10000,ISIC_0032712,nv,HAM_0006353
0,0.42278239130973816,1,ham10000,ISIC_0032137,nv,HAM_0006354
1,0.6343289017677307,1,ham10000,ISIC_0027663,mel,HAM_0006355
0,0.24425102770328522,0,ham10000,ISIC_0029732,nv,HAM_0006356
0,0.05308517813682556,0,ham10000,ISIC_0024835,nv,HAM_0006357
0,0.4214911460876465,1,ham10000,ISIC_0025581,nv,HAM_0006358
0,0.5581865310668945,1,ham10000,ISIC_0027403,nv,HAM_0006359
0,0.22253896296024323,0,ham10000,ISIC_0027926,nv,HAM_0006360
0,0.5722525715827942,1,ham10000,ISIC_0030196,nv,HAM_0006361
0,0.7054619789123535,1,ham10000,ISIC_0030523,nv,HAM_0006362
0,0.8690404891967773,1,ham10000,ISIC_0024936,nv,HAM_0006363
0,0.36603230237960815,1,ham10000,ISIC_0029027,nv,HAM_0006364
0,0.6150762438774109,1,ham10000,ISIC_0028296,nv,HAM_0006365
0,0.44578105211257935,1,ham10000,ISIC_0030732,nv,HAM_0006366
0,0.40735211968421936,1,ham10000,ISIC_0024926,nv,HAM_0006367
0,0.507344126701355,1,ham10000,ISIC_0029688,nv,HAM_0006369
0,0.45735445618629456,1,ham10000,ISIC_0026032,nv,HAM_0006370
0,0.333554208278656,1,ham10000,ISIC_0033626,df,HAM_0006371
0,0.5154396295547485,1,ham10000,ISIC_0032817,nv,HAM_0006372
0,0.4449023902416229,1,ham10000,ISIC_0028143,nv,HAM_0006373
0,0.3657778203487396,1,ham10000,ISIC_0031540,nv,HAM_0006374
0,0.3370803892612457,1,ham10000,ISIC_0026114,nv,HAM_0006375
1,0.5589216351509094,1,ham10000,ISIC_0032845,mel,HAM_0006376
0,0.5162096619606018,1,ham10000,ISIC_0024465,nv,HAM_0006377
0,0.5779597163200378,1,ham10000,ISIC_0024735,nv,HAM_0006378
0,0.5334623456001282,1,ham10000,ISIC_0032937,nv,HAM_0006379
1,0.6496674418449402,1,ham10000,ISIC_0028718,mel,HAM_0006380
0,0.45447155833244324,1,ham10000,ISIC_0025023,nv,HAM_0006381
0,0.323779433965683,1,ham10000,ISIC_0029883,nv,HAM_0006382
0,0.46418580412864685,1,ham10000,ISIC_0025183,nv,HAM_0006383
1,0.7923165559768677,1,ham10000,ISIC_0031272,bcc,HAM_0006384
0,0.3749937415122986,1,ham10000,ISIC_0026733,nv,HAM_0006385
1,0.6195952892303467,1,ham10000,ISIC_0029035,bcc,HAM_0006386
1,0.7817237973213196,1,ham10000,ISIC_0026831,bcc,HAM_0006387
0,0.4910770654678345,1,ham10000,ISIC_0029542,nv,HAM_0006388
0,0.5546774864196777,1,ham10000,ISIC_0027738,nv,HAM_0006389
0,0.6353479027748108,1,ham10000,ISIC_0025887,nv,HAM_0006390
0,0.519911527633667,1,ham10000,ISIC_0032783,nv,HAM_0006391
0,0.39068493247032166,1,ham10000,ISIC_0028064,nv,HAM_0006392
0,0.541377604007721,1,ham10000,ISIC_0029189,nv,HAM_0006393
0,0.18519902229309082,0,ham10000,ISIC_0027635,nv,HAM_0006394
0,0.20890860259532928,0,ham10000,ISIC_0025934,nv,HAM_0006395
0,0.5613530278205872,1,ham10000,ISIC_0033015,nv,HAM_0006396
0,0.5226812362670898,1,ham10000,ISIC_0029475,nv,HAM_0006397
0,0.7562705278396606,1,ham10000,ISIC_0027568,nv,HAM_0006398
0,0.7143202424049377,1,ham10000,ISIC_0026219,bkl,HAM_0006399
1,0.6497208476066589,1,ham10000,ISIC_0031741,mel,HAM_0006400
0,0.12115061283111572,0,ham10000,ISIC_0031451,nv,HAM_0006401
0,0.14999137818813324,0,ham10000,ISIC_0025602,nv,HAM_0006402
0,0.2632014751434326,0,ham10000,ISIC_0030248,nv,HAM_0006403
0,0.27237468957901,0,ham10000,ISIC_0026983,nv,HAM_0006404
0,0.15548887848854065,0,ham10000,ISIC_0031641,nv,HAM_0006405
0,0.24679693579673767,0,ham10000,ISIC_0026336,vasc,HAM_0006406
0,0.33348068594932556,1,ham10000,ISIC_0025198,nv,HAM_0006408
0,0.5673485994338989,1,ham10000,ISIC_0028987,nv,HAM_0006409
0,0.4724975526332855,1,ham10000,ISIC_0027449,nv,HAM_0006410
0,0.6855953931808472,1,ham10000,ISIC_0027140,nv,HAM_0006411
0,0.46542829275131226,1,ham10000,ISIC_0027720,nv,HAM_0006412
0,0.07255123555660248,0,ham10000,ISIC_0031165,nv,HAM_0006413
0,0.4093879461288452,1,ham10000,ISIC_0026485,nv,HAM_0006414
0,0.6344890594482422,1,ham10000,ISIC_0032367,nv,HAM_0006415
0,0.27033892273902893,0,ham10000,ISIC_0028137,nv,HAM_0006416
0,0.6602029204368591,1,ham10000,ISIC_0033599,nv,HAM_0006418
0,0.49175968766212463,1,ham10000,ISIC_0026193,nv,HAM_0006419
0,0.601249098777771,1,ham10000,ISIC_0029905,nv,HAM_0006420
0,0.6502623558044434,1,ham10000,ISIC_0031403,nv,HAM_0006421
0,0.32157114148139954,1,ham10000,ISIC_0030368,nv,HAM_0006422
1,0.5183370113372803,1,ham10000,ISIC_0028352,mel,HAM_0006423
0,0.41977301239967346,1,ham10000,ISIC_0032256,nv,HAM_0006424
0,0.20209327340126038,0,ham10000,ISIC_0028530,nv,HAM_0006425
1,0.7060776948928833,1,ham10000,ISIC_0032922,mel,HAM_0006426
0,0.2717631459236145,0,ham10000,ISIC_0028704,nv,HAM_0006427
0,0.4602086544036865,1,ham10000,ISIC_0030862,nv,HAM_0006428
0,0.6649370789527893,1,ham10000,ISIC_0026240,nv,HAM_0006429
0,0.7785638570785522,1,ham10000,ISIC_0026487,nv,HAM_0006430
0,0.18514472246170044,0,ham10000,ISIC_0031992,nv,HAM_0006431
0,0.4037715792655945,1,ham10000,ISIC_0030884,nv,HAM_0006432
1,0.5320103764533997,1,ham10000,ISIC_0029370,mel,HAM_0006433
1,0.4645006060600281,1,ham10000,ISIC_0028076,akiec,HAM_0006434
1,0.8709850907325745,1,ham10000,ISIC_0033573,mel,HAM_0006435
0,0.5329825282096863,1,ham10000,ISIC_0027655,nv,HAM_0006436
1,0.652197539806366,1,ham10000,ISIC_0033469,mel,HAM_0006437
0,0.6085752248764038,1,ham10000,ISIC_0033722,bkl,HAM_0006438
0,0.6729467511177063,1,ham10000,ISIC_0025621,nv,HAM_0006439
0,0.28317147493362427,0,ham10000,ISIC_0028074,nv,HAM_0006440
0,0.491371750831604,1,ham10000,ISIC_0029016,nv,HAM_0006441
1,0.7572919726371765,1,ham10000,ISIC_0032947,akiec,HAM_0006442
0,0.5887030959129333,1,ham10000,ISIC_0028164,nv,HAM_0006443
1,0.7204272150993347,1,ham10000,ISIC_0032318,bcc,HAM_0006444
1,0.6093457341194153,1,ham10000,ISIC_0033333,mel,HAM_0006445
0,0.3981204926967621,1,ham10000,ISIC_0025591,nv,HAM_0006446
0,0.18316887319087982,0,ham10000,ISIC_0031276,vasc,HAM_0006447
0,0.46642717719078064,1,ham10000,ISIC_0028912,nv,HAM_0006448
0,0.16033799946308136,0,ham10000,ISIC_0028604,nv,HAM_0006449
0,0.32926851511001587,1,ham10000,ISIC_0028724,nv,HAM_0006450
0,0.3732438087463379,1,ham10000,ISIC_0032274,nv,HAM_0006451
0,0.47940611839294434,1,ham10000,ISIC_0030424,nv,HAM_0006452
1,0.6448020935058594,1,ham10000,ISIC_0025744,mel,HAM_0006453
0,0.47295206785202026,1,ham10000,ISIC_0030009,nv,HAM_0006454
0,0.27617600560188293,0,ham10000,ISIC_0029690,nv,HAM_0006455
0,0.6847599744796753,1,ham10000,ISIC_0032305,nv,HAM_0006456
0,0.5924862027168274,1,ham10000,ISIC_0027987,nv,HAM_0006457
0,0.5606693625450134,1,ham10000,ISIC_0027578,nv,HAM_0006458
0,0.5071255564689636,1,ham10000,ISIC_0033011,nv,HAM_0006459
0,0.05205456539988518,0,ham10000,ISIC_0027292,nv,HAM_0006460
0,0.3384552597999573,1,ham10000,ISIC_0026830,nv,HAM_0006461
1,0.8317127227783203,1,ham10000,ISIC_0033520,mel,HAM_0006462
0,0.4161795377731323,1,ham10000,ISIC_0028515,nv,HAM_0006463
0,0.4788941740989685,1,ham10000,ISIC_0025424,nv,HAM_0006464
1,0.5613958239555359,1,ham10000,ISIC_0030813,bcc,HAM_0006465
0,0.3518696129322052,1,ham10000,ISIC_0024495,bkl,HAM_0006466
1,0.8627459406852722,1,ham10000,ISIC_0027622,mel,HAM_0006467
0,0.3167991638183594,1,ham10000,ISIC_0030162,nv,HAM_0006468
0,0.4305105209350586,1,ham10000,ISIC_0024479,nv,HAM_0006469
0,0.2548123896121979,0,ham10000,ISIC_0027978,nv,HAM_0006470
0,0.5910242199897766,1,ham10000,ISIC_0028187,nv,HAM_0006471
0,0.6100925803184509,1,ham10000,ISIC_0027394,bkl,HAM_0006472
0,0.28807002305984497,0,ham10000,ISIC_0026696,nv,HAM_0006473
0,0.3890581727027893,1,ham10000,ISIC_0030262,nv,HAM_0006474
0,0.5752279758453369,1,ham10000,ISIC_0030965,bkl,HAM_0006475
0,0.19501811265945435,0,ham10000,ISIC_0031877,nv,HAM_0006476
0,0.22024017572402954,0,ham10000,ISIC_0029237,nv,HAM_0006477
0,0.7696107029914856,1,ham10000,ISIC_0025210,nv,HAM_0006478
0,0.09689541906118393,0,ham10000,ISIC_0026004,nv,HAM_0006479
0,0.35716530680656433,1,ham10000,ISIC_0026536,nv,HAM_0006480
1,0.47883227467536926,1,ham10000,ISIC_0026492,akiec,HAM_0006481
1,0.7991225719451904,1,ham10000,ISIC_0027506,akiec,HAM_0006482
1,0.5945232510566711,1,ham10000,ISIC_0032371,akiec,HAM_0006483
0,0.5972638726234436,1,ham10000,ISIC_0027244,nv,HAM_0006484
0,0.6060494780540466,1,ham10000,ISIC_0024423,nv,HAM_0006485
0,0.4927573800086975,1,ham10000,ISIC_0026880,nv,HAM_0006486
0,0.20128639042377472,0,ham10000,ISIC_0028617,nv,HAM_0006487
0,0.39662426710128784,1,ham10000,ISIC_0031066,nv,HAM_0006488
0,0.7711579203605652,1,ham10000,ISIC_0029624,nv,HAM_0006489
0,0.45670533180236816,1,ham10000,ISIC_0024979,nv,HAM_0006490
0,0.577883780002594,1,ham10000,ISIC_0033070,nv,HAM_0006491
0,0.6393486261367798,1,ham10000,ISIC_0031092,nv,HAM_0006492
0,0.23294410109519958,0,ham10000,ISIC_0024950,nv,HAM_0006493
0,0.19829386472702026,0,ham10000,ISIC_0029714,nv,HAM_0006494
0,0.4007543623447418,1,ham10000,ISIC_0025215,nv,HAM_0006495
0,0.5600887537002563,1,ham10000,ISIC_0032579,nv,HAM_0006496
1,0.5423691868782043,1,ham10000,ISIC_0027302,mel,HAM_0006497
0,0.3724066913127899,1,ham10000,ISIC_0028446,nv,HAM_0006498
0,0.3324449062347412,1,ham10000,ISIC_0031027,nv,HAM_0006499
0,0.6357079744338989,1,ham10000,ISIC_0032479,nv,HAM_0006500
0,0.2999362349510193,1,ham10000,ISIC_0025873,vasc,HAM_0006501
0,0.3645050823688507,1,ham10000,ISIC_0029312,nv,HAM_0006502
0,0.3213564455509186,1,ham10000,ISIC_0032217,nv,HAM_0006503
0,0.36090487241744995,1,ham10000,ISIC_0031098,nv,HAM_0006504
0,0.5074113607406616,1,ham10000,ISIC_0031343,nv,HAM_0006505
0,0.49058493971824646,1,ham10000,ISIC_0028408,nv,HAM_0006506
0,0.48062407970428467,1,ham10000,ISIC_0026585,nv,HAM_0006507
0,0.09820359200239182,0,ham10000,ISIC_0030342,nv,HAM_0006508
0,0.297784686088562,1,ham10000,ISIC_0025733,nv,HAM_0006509
0,0.5983726978302002,1,ham10000,ISIC_0029828,nv,HAM_0006510
0,0.16956612467765808,0,ham10000,ISIC_0029892,nv,HAM_0006511
0,0.5260356068611145,1,ham10000,ISIC_0027614,nv,HAM_0006512
0,0.5284991264343262,1,ham10000,ISIC_0030783,bkl,HAM_0006513
0,0.40606942772865295,1,ham10000,ISIC_0026559,nv,HAM_0006514
0,0.5273476839065552,1,ham10000,ISIC_0025828,nv,HAM_0006515
0,0.7153401970863342,1,ham10000,ISIC_0033315,nv,HAM_0006516
1,0.6900601387023926,1,ham10000,ISIC_0032672,mel,HAM_0006517
0,0.5565119385719299,1,ham10000,ISIC_0027618,nv,HAM_0006518
0,0.19486254453659058,0,ham10000,ISIC_0025258,nv,HAM_0006519
0,0.4491896629333496,1,ham10000,ISIC_0032767,nv,HAM_0006520
1,0.42014196515083313,1,ham10000,ISIC_0025155,mel,HAM_0006521
1,0.8783231377601624,1,ham10000,ISIC_0026369,mel,HAM_0006522
0,0.41765791177749634,1,ham10000,ISIC_0027919,nv,HAM_0006523
1,0.596680760383606,1,ham10000,ISIC_0024763,akiec,HAM_0006524
0,0.26417073607444763,0,ham10000,ISIC_0027018,bkl,HAM_0006525
0,0.31410330533981323,1,ham10000,ISIC_0026671,nv,HAM_0006526
1,0.6149876713752747,1,ham10000,ISIC_0029094,mel,HAM_0006527
0,0.508641242980957,1,ham10000,ISIC_0032763,bkl,HAM_0006528
0,0.6465439796447754,1,ham10000,ISIC_0024695,nv,HAM_0006529
0,0.351102352142334,1,ham10000,ISIC_0029686,nv,HAM_0006530
0,0.5038330554962158,1,ham10000,ISIC_0027681,bkl,HAM_0006531
0,0.40486836433410645,1,ham10000,ISIC_0026435,nv,HAM_0006532
0,0.4502776563167572,1,ham10000,ISIC_0028497,bkl,HAM_0006533
0,0.2544340193271637,0,ham10000,ISIC_0028778,nv,HAM_0006534
0,0.32432499527931213,1,ham10000,ISIC_0032069,nv,HAM_0006535
0,0.5429456233978271,1,ham10000,ISIC_0032171,nv,HAM_0006536
0,0.3954024910926819,1,ham10000,ISIC_0029815,nv,HAM_0006537
1,0.5930538773536682,1,ham10000,ISIC_0029397,mel,HAM_0006538
0,0.5130757093429565,1,ham10000,ISIC_0032516,nv,HAM_0006539
1,0.6101011037826538,1,ham10000,ISIC_0032988,mel,HAM_0006540
0,0.22689184546470642,0,ham10000,ISIC_0024883,bkl,HAM_0006541
0,0.7784923315048218,1,ham10000,ISIC_0030015,df,HAM_0006542
0,0.38375183939933777,1,ham10000,ISIC_0026096,nv,HAM_0006543
0,0.5859801173210144,1,ham10000,ISIC_0031881,nv,HAM_0006544
1,0.6302119493484497,1,ham10000,ISIC_0032598,mel,HAM_0006545
0,0.2629999816417694,0,ham10000,ISIC_0030413,nv,HAM_0006546
0,0.7973933219909668,1,ham10000,ISIC_0027258,nv,HAM_0006547
1,0.7413012385368347,1,ham10000,ISIC_0030010,bcc,HAM_0006548
0,0.7715509533882141,1,ham10000,ISIC_0033007,nv,HAM_0006550
0,0.20310841500759125,0,ham10000,ISIC_0027970,nv,HAM_0006551
0,0.29895859956741333,1,ham10000,ISIC_0024531,nv,HAM_0006552
0,0.651584804058075,1,ham10000,ISIC_0026942,nv,HAM_0006553
0,0.7113795876502991,1,ham10000,ISIC_0028866,nv,HAM_0006554
0,0.6180879473686218,1,ham10000,ISIC_0030405,nv,HAM_0006555
1,0.618815541267395,1,ham10000,ISIC_0027402,mel,HAM_0006556
0,0.3942016661167145,1,ham10000,ISIC_0025334,nv,HAM_0006557
0,0.7991688251495361,1,ham10000,ISIC_0031639,bkl,HAM_0006558
0,0.8949127793312073,1,ham10000,ISIC_0033455,nv,HAM_0006559
1,0.6402463316917419,1,ham10000,ISIC_0026729,akiec,HAM_0006560
0,0.1956949234008789,0,ham10000,ISIC_0026612,nv,HAM_0006561
0,0.21357466280460358,0,ham10000,ISIC_0031084,nv,HAM_0006562
0,0.37574249505996704,1,ham10000,ISIC_0026477,bkl,HAM_0006563
1,0.46233510971069336,1,ham10000,ISIC_0031721,bcc,HAM_0006564
0,0.48370447754859924,1,ham10000,ISIC_0027489,nv,HAM_0006565
1,0.814048707485199,1,ham10000,ISIC_0032535,mel,HAM_0006566
0,0.37402716279029846,1,ham10000,ISIC_0032649,nv,HAM_0006567
0,0.3812125027179718,1,ham10000,ISIC_0025615,nv,HAM_0006568
0,0.3290504515171051,1,ham10000,ISIC_0030483,nv,HAM_0006569
0,0.8062571883201599,1,ham10000,ISIC_0030343,nv,HAM_0006570
0,0.43378832936286926,1,ham10000,ISIC_0025418,nv,HAM_0006571
1,0.8582033514976501,1,ham10000,ISIC_0026091,bcc,HAM_0006572
0,0.4594452381134033,1,ham10000,ISIC_0026918,nv,HAM_0006573
0,0.5504904389381409,1,ham10000,ISIC_0025567,bkl,HAM_0006574
1,0.7589039206504822,1,ham10000,ISIC_0029391,bcc,HAM_0006575
0,0.19201341271400452,0,ham10000,ISIC_0024606,nv,HAM_0006576
0,0.3642222583293915,1,ham10000,ISIC_0030671,nv,HAM_0006578
0,0.15123869478702545,0,ham10000,ISIC_0030668,nv,HAM_0006579
0,0.3009946048259735,1,ham10000,ISIC_0025376,bkl,HAM_0006580
0,0.27706825733184814,0,ham10000,ISIC_0026231,nv,HAM_0006581
0,0.5232600569725037,1,ham10000,ISIC_0029487,nv,HAM_0006582
0,0.582433819770813,1,ham10000,ISIC_0026177,nv,HAM_0006583
0,0.5991392135620117,1,ham10000,ISIC_0024983,nv,HAM_0006584
0,0.18115918338298798,0,ham10000,ISIC_0024455,nv,HAM_0006585
1,0.7803434133529663,1,ham10000,ISIC_0034026,bcc,HAM_0006586
1,0.5447527170181274,1,ham10000,ISIC_0025780,akiec,HAM_0006587
1,0.5826579332351685,1,ham10000,ISIC_0031552,bcc,HAM_0006588
0,0.43763113021850586,1,ham10000,ISIC_0031187,nv,HAM_0006589
0,0.513735294342041,1,ham10000,ISIC_0029694,nv,HAM_0006590
0,0.5126376152038574,1,ham10000,ISIC_0030678,nv,HAM_0006591
1,0.559843897819519,1,ham10000,ISIC_0024925,akiec,HAM_0006592
1,0.7904370427131653,1,ham10000,ISIC_0025708,mel,HAM_0006593
1,0.45966991782188416,1,ham10000,ISIC_0025195,mel,HAM_0006594
0,0.48558902740478516,1,ham10000,ISIC_0028223,bkl,HAM_0006595
0,0.41512662172317505,1,ham10000,ISIC_0027005,nv,HAM_0006596
0,0.1863069385290146,0,ham10000,ISIC_0028657,nv,HAM_0006597
0,0.6346372365951538,1,ham10000,ISIC_0024508,nv,HAM_0006598
0,0.30797120928764343,1,ham10000,ISIC_0025141,nv,HAM_0006599
0,0.7115100622177124,1,ham10000,ISIC_0028891,nv,HAM_0006600
0,0.7592474222183228,1,ham10000,ISIC_0031511,bkl,HAM_0006601
0,0.4074970781803131,1,ham10000,ISIC_0026598,nv,HAM_0006602
1,0.35796308517456055,1,ham10000,ISIC_0030821,akiec,HAM_0006604
0,0.30821865797042847,1,ham10000,ISIC_0026055,nv,HAM_0006605
0,0.15263770520687103,0,ham10000,ISIC_0028794,nv,HAM_0006606
0,0.21540813148021698,0,ham10000,ISIC_0026985,nv,HAM_0006607
0,0.6438390016555786,1,ham10000,ISIC_0025491,nv,HAM_0006608
1,0.4968396723270416,1,ham10000,ISIC_0031266,bcc,HAM_0006609
0,0.8191161751747131,1,ham10000,ISIC_0033250,nv,HAM_0006610
0,0.6039220094680786,1,ham10000,ISIC_0028985,nv,HAM_0006611
0,0.4177948236465454,1,ham10000,ISIC_0031426,nv,HAM_0006612
0,0.6305847764015198,1,ham10000,ISIC_0031894,nv,HAM_0006613
0,0.3871053159236908,1,ham10000,ISIC_0027927,nv,HAM_0006614
0,0.6383461952209473,1,ham10000,ISIC_0032780,nv,HAM_0006615
0,0.5229966044425964,1,ham10000,ISIC_0031794,nv,HAM_0006616
0,0.39818352460861206,1,ham10000,ISIC_0024669,vasc,HAM_0006617
0,0.6788445711135864,1,ham10000,ISIC_0028804,nv,HAM_0006618
0,0.5241467356681824,1,ham10000,ISIC_0029983,nv,HAM_0006619
0,0.3039306402206421,1,ham10000,ISIC_0029378,nv,HAM_0006620
0,0.6811045408248901,1,ham10000,ISIC_0026649,nv,HAM_0006621
0,0.3048166334629059,1,ham10000,ISIC_0025939,bkl,HAM_0006622
0,0.5696549415588379,1,ham10000,ISIC_0033404,nv,HAM_0006623
1,0.46902281045913696,1,ham10000,ISIC_0027595,bcc,HAM_0006624
0,0.31217074394226074,1,ham10000,ISIC_0034043,nv,HAM_0006625
1,0.8222880959510803,1,ham10000,ISIC_0029914,mel,HAM_0006626
0,0.2616286277770996,0,ham10000,ISIC_0029511,nv,HAM_0006627
0,0.653086245059967,1,ham10000,ISIC_0033111,nv,HAM_0006628
0,0.29542824625968933,0,ham10000,ISIC_0025689,nv,HAM_0006629
0,0.8337701559066772,1,ham10000,ISIC_0032063,bkl,HAM_0006630
1,0.20888455212116241,0,ham10000,ISIC_0027814,bcc,HAM_0006631
0,0.30601781606674194,1,ham10000,ISIC_0026196,nv,HAM_0006632
0,0.23332653939723969,0,ham10000,ISIC_0028598,nv,HAM_0006633
0,0.47130411863327026,1,ham10000,ISIC_0033227,nv,HAM_0006634
1,0.8526282906532288,1,ham10000,ISIC_0028900,mel,HAM_0006635
1,0.8275725245475769,1,ham10000,ISIC_0028051,mel,HAM_0006636
0,0.3676239848136902,1,ham10000,ISIC_0033435,nv,HAM_0006637
0,0.267880916595459,0,ham10000,ISIC_0025220,nv,HAM_0006638
0,0.2396424114704132,0,ham10000,ISIC_0028733,nv,HAM_0006639
0,0.5970632433891296,1,ham10000,ISIC_0029551,nv,HAM_0006640
0,0.4599161148071289,1,ham10000,ISIC_0026659,nv,HAM_0006641
0,0.3478885591030121,1,ham10000,ISIC_0030916,nv,HAM_0006642
0,0.4241648316383362,1,ham10000,ISIC_0033982,nv,HAM_0006643
0,0.440585196018219,1,ham10000,ISIC_0033882,nv,HAM_0006644
0,0.3146158754825592,1,ham10000,ISIC_0024818,nv,HAM_0006645
0,0.33688467741012573,1,ham10000,ISIC_0030320,nv,HAM_0006646
0,0.4131735563278198,1,ham10000,ISIC_0030895,nv,HAM_0006647
0,0.3564451336860657,1,ham10000,ISIC_0027981,nv,HAM_0006648
0,0.6998357772827148,1,ham10000,ISIC_0031995,nv,HAM_0006649
0,0.36215782165527344,1,ham10000,ISIC_0032502,nv,HAM_0006650
1,0.9793597459793091,1,ham10000,ISIC_0032182,mel,HAM_0006651
0,0.41693395376205444,1,ham10000,ISIC_0030123,bkl,HAM_0006652
0,0.4625586271286011,1,ham10000,ISIC_0025320,nv,HAM_0006653
0,0.6566446423530579,1,ham10000,ISIC_0032556,bkl,HAM_0006654
0,0.44018447399139404,1,ham10000,ISIC_0025994,nv,HAM_0006655
0,0.37246838212013245,1,ham10000,ISIC_0028192,nv,HAM_0006656
0,0.4194476902484894,1,ham10000,ISIC_0030541,nv,HAM_0006657
1,0.6500805616378784,1,ham10000,ISIC_0026154,bcc,HAM_0006658
0,0.2226397544145584,0,ham10000,ISIC_0028160,nv,HAM_0006659
0,0.48661816120147705,1,ham10000,ISIC_0025055,nv,HAM_0006660
0,0.13292919099330902,0,ham10000,ISIC_0026465,nv,HAM_0006661
0,0.6060180068016052,1,ham10000,ISIC_0030457,nv,HAM_0006662
0,0.5285251140594482,1,ham10000,ISIC_0033201,bkl,HAM_0006663
0,0.7593162655830383,1,ham10000,ISIC_0029833,nv,HAM_0006664
0,0.13183821737766266,0,ham10000,ISIC_0030775,nv,HAM_0006665
0,0.6442269682884216,1,ham10000,ISIC_0032908,nv,HAM_0006666
0,0.29181745648384094,0,ham10000,ISIC_0031744,nv,HAM_0006667
0,0.40790751576423645,1,ham10000,ISIC_0027808,nv,HAM_0006668
0,0.5348658561706543,1,ham10000,ISIC_0026137,nv,HAM_0006669
0,0.5711992979049683,1,ham10000,ISIC_0027335,bkl,HAM_0006670
0,0.29995301365852356,1,ham10000,ISIC_0027843,nv,HAM_0006671
0,0.2828225791454315,0,ham10000,ISIC_0029096,nv,HAM_0006672
0,0.5157862305641174,1,ham10000,ISIC_0032719,bkl,HAM_0006673
0,0.6956306099891663,1,ham10000,ISIC_0029280,nv,HAM_0006674
0,0.39302682876586914,1,ham10000,ISIC_0032846,nv,HAM_0006675
0,0.19138655066490173,0,ham10000,ISIC_0026221,nv,HAM_0006676
0,0.20084071159362793,0,ham10000,ISIC_0025426,nv,HAM_0006677
0,0.6346496939659119,1,ham10000,ISIC_0028727,nv,HAM_0006678
0,0.4505855143070221,1,ham10000,ISIC_0031267,nv,HAM_0006679
0,0.3426080644130707,1,ham10000,ISIC_0028458,nv,HAM_0006680
0,0.6801822781562805,1,ham10000,ISIC_0030219,nv,HAM_0006681
0,0.12421051412820816,0,ham10000,ISIC_0027778,nv,HAM_0006682
0,0.1897963285446167,0,ham10000,ISIC_0031139,nv,HAM_0006683
0,0.5611366033554077,1,ham10000,ISIC_0029614,nv,HAM_0006684
0,0.3745516240596771,1,ham10000,ISIC_0025542,nv,HAM_0006685
0,0.29012832045555115,0,ham10000,ISIC_0028292,nv,HAM_0006686
0,0.20334820449352264,0,ham10000,ISIC_0031273,nv,HAM_0006687
0,0.5560269355773926,1,ham10000,ISIC_0030699,nv,HAM_0006688
0,0.5783082246780396,1,ham10000,ISIC_0024493,nv,HAM_0006689
0,0.34899911284446716,1,ham10000,ISIC_0028942,nv,HAM_0006690
0,0.5699825286865234,1,ham10000,ISIC_0030797,nv,HAM_0006691
1,0.8536083102226257,1,ham10000,ISIC_0029163,mel,HAM_0006692
0,0.5569964051246643,1,ham10000,ISIC_0024462,nv,HAM_0006693
0,0.47647514939308167,1,ham10000,ISIC_0029657,nv,HAM_0006694
0,0.33861491084098816,1,ham10000,ISIC_0029224,nv,HAM_0006695
1,0.544202983379364,1,ham10000,ISIC_0026094,mel,HAM_0006696
0,0.30130070447921753,1,ham10000,ISIC_0030272,bkl,HAM_0006697
0,0.39756518602371216,1,ham10000,ISIC_0026771,nv,HAM_0006698
1,0.3035186231136322,1,ham10000,ISIC_0024571,mel,HAM_0006699
0,0.5968964099884033,1,ham10000,ISIC_0032659,nv,HAM_0006700
0,0.2594767212867737,0,ham10000,ISIC_0029310,nv,HAM_0006701
0,0.1379021555185318,0,ham10000,ISIC_0030580,nv,HAM_0006702
0,0.4849158525466919,1,ham10000,ISIC_0031833,nv,HAM_0006703
0,0.5859951376914978,1,ham10000,ISIC_0025464,nv,HAM_0006704
0,0.3294486999511719,1,ham10000,ISIC_0024840,nv,HAM_0006705
0,0.6549449563026428,1,ham10000,ISIC_0031725,nv,HAM_0006706
0,0.8864492177963257,1,ham10000,ISIC_0030870,df,HAM_0006707
1,0.8125438690185547,1,ham10000,ISIC_0027189,bcc,HAM_0006708
0,0.8450402617454529,1,ham10000,ISIC_0031158,nv,HAM_0006709
0,0.5202941298484802,1,ham10000,ISIC_0028324,nv,HAM_0006710
0,0.5815972685813904,1,ham10000,ISIC_0027010,nv,HAM_0006711
0,0.4624291956424713,1,ham10000,ISIC_0025072,nv,HAM_0006712
0,0.4982783794403076,1,ham10000,ISIC_0030527,nv,HAM_0006713
0,0.3052622973918915,1,ham10000,ISIC_0029850,nv,HAM_0006714
0,0.6654800176620483,1,ham10000,ISIC_0025161,nv,HAM_0006715
0,0.14631491899490356,0,ham10000,ISIC_0024434,nv,HAM_0006716
0,0.5007606148719788,1,ham10000,ISIC_0027890,nv,HAM_0006717
0,0.32325321435928345,1,ham10000,ISIC_0026763,nv,HAM_0006718
0,0.30801400542259216,1,ham10000,ISIC_0027409,nv,HAM_0006719
0,0.6098199486732483,1,ham10000,ISIC_0024725,nv,HAM_0006720
1,0.8586007356643677,1,ham10000,ISIC_0030443,mel,HAM_0006722
0,0.44239747524261475,1,ham10000,ISIC_0026365,bkl,HAM_0006723
0,0.15948279201984406,0,ham10000,ISIC_0026022,nv,HAM_0006725
0,0.5951235294342041,1,ham10000,ISIC_0027736,nv,HAM_0006726
1,0.46429309248924255,1,ham10000,ISIC_0024582,bcc,HAM_0006727
0,0.30825066566467285,1,ham10000,ISIC_0031365,nv,HAM_0006728
0,0.31261998414993286,1,ham10000,ISIC_0031790,nv,HAM_0006729
0,0.2576962411403656,0,ham10000,ISIC_0025657,nv,HAM_0006730
0,0.4214458465576172,1,ham10000,ISIC_0026683,nv,HAM_0006731
0,0.681331217288971,1,ham10000,ISIC_0024336,bkl,HAM_0006732
0,0.23672287166118622,0,ham10000,ISIC_0024804,nv,HAM_0006733
0,0.2507767975330353,0,ham10000,ISIC_0029794,nv,HAM_0006734
0,0.7771698236465454,1,ham10000,ISIC_0029615,nv,HAM_0006735
0,0.3906026780605316,1,ham10000,ISIC_0024492,nv,HAM_0006736
0,0.49681010842323303,1,ham10000,ISIC_0029302,bkl,HAM_0006737
0,0.3709520399570465,1,ham10000,ISIC_0029374,nv,HAM_0006738
1,0.8262258172035217,1,ham10000,ISIC_0028901,mel,HAM_0006739
0,0.5383274555206299,1,ham10000,ISIC_0025886,nv,HAM_0006741
0,0.5256844758987427,1,ham10000,ISIC_0024813,nv,HAM_0006742
0,0.26882630586624146,0,ham10000,ISIC_0030055,nv,HAM_0006743
1,0.4515272080898285,1,ham10000,ISIC_0031561,mel,HAM_0006744
0,0.3403717577457428,1,ham10000,ISIC_0026363,nv,HAM_0006745
1,0.4950728714466095,1,ham10000,ISIC_0026872,akiec,HAM_0006746
0,0.5349969267845154,1,ham10000,ISIC_0029223,nv,HAM_0006747
0,0.7164723873138428,1,ham10000,ISIC_0025924,vasc,HAM_0006748
0,0.3286680579185486,1,ham10000,ISIC_0029198,nv,HAM_0006749
1,0.7138856053352356,1,ham10000,ISIC_0024400,mel,HAM_0006751
0,0.25602200627326965,0,ham10000,ISIC_0031842,nv,HAM_0006752
0,0.20044203102588654,0,ham10000,ISIC_0028073,nv,HAM_0006753
0,0.6516172885894775,1,ham10000,ISIC_0029664,nv,HAM_0006754
0,0.916052520275116,1,ham10000,ISIC_0025339,bkl,HAM_0006755
0,0.18994280695915222,0,ham10000,ISIC_0026037,nv,HAM_0006756
0,0.4998716413974762,1,ham10000,ISIC_0024497,nv,HAM_0006757
0,0.14510054886341095,0,ham10000,ISIC_0029234,nv,HAM_0006758
0,0.1477600634098053,0,ham10000,ISIC_0030254,nv,HAM_0006759
0,0.786552906036377,1,ham10000,ISIC_0031559,nv,HAM_0006760
0,0.3351355195045471,1,ham10000,ISIC_0029866,nv,HAM_0006761
0,0.3886832892894745,1,ham10000,ISIC_0029467,nv,HAM_0006762
1,0.7111293077468872,1,ham10000,ISIC_0034005,mel,HAM_0006763
1,0.38573548197746277,1,ham10000,ISIC_0024647,mel,HAM_0006764
1,0.5733867287635803,1,ham10000,ISIC_0029352,bcc,HAM_0006765
0,0.5022116899490356,1,ham10000,ISIC_0033374,nv,HAM_0006766
0,0.4232955574989319,1,ham10000,ISIC_0031033,nv,HAM_0006767
0,0.3194955587387085,1,ham10000,ISIC_0028284,nv,HAM_0006768
0,0.5498358607292175,1,ham10000,ISIC_0030721,bkl,HAM_0006769
0,0.3285234868526459,1,ham10000,ISIC_0027905,bkl,HAM_0006770
0,0.582022488117218,1,ham10000,ISIC_0030624,nv,HAM_0006771
0,0.47864872217178345,1,ham10000,ISIC_0026135,bkl,HAM_0006772
0,0.4679376482963562,1,ham10000,ISIC_0026680,nv,HAM_0006773
0,0.3211933970451355,1,ham10000,ISIC_0025256,nv,HAM_0006774
0,0.4532488286495209,1,ham10000,ISIC_0028661,nv,HAM_0006776
0,0.44058093428611755,1,ham10000,ISIC_0028181,nv,HAM_0006777
0,0.617556095123291,1,ham10000,ISIC_0030617,nv,HAM_0006778
1,0.2788113057613373,0,ham10000,ISIC_0028860,mel,HAM_0006779
0,0.3054358661174774,1,ham10000,ISIC_0031021,nv,HAM_0006780
0,0.49224501848220825,1,ham10000,ISIC_0025765,nv,HAM_0006781
0,0.3646116256713867,1,ham10000,ISIC_0032581,nv,HAM_0006782
0,0.4278348684310913,1,ham10000,ISIC_0025624,nv,HAM_0006783
0,0.3188250660896301,1,ham10000,ISIC_0025486,nv,HAM_0006784
0,0.4067842960357666,1,ham10000,ISIC_0026169,nv,HAM_0006785
0,0.9002773761749268,1,ham10000,ISIC_0029436,nv,HAM_0006786
0,0.7858877182006836,1,ham10000,ISIC_0026471,df,HAM_0006787
0,0.36161166429519653,1,ham10000,ISIC_0026482,nv,HAM_0006788
0,0.23515744507312775,0,ham10000,ISIC_0024976,nv,HAM_0006789
0,0.4012840986251831,1,ham10000,ISIC_0028625,nv,HAM_0006790
0,0.470936119556427,1,ham10000,ISIC_0025514,nv,HAM_0006791
0,0.42865294218063354,1,ham10000,ISIC_0026460,nv,HAM_0006792
0,0.28978294134140015,0,ham10000,ISIC_0030796,nv,HAM_0006793
0,0.5642664432525635,1,ham10000,ISIC_0030830,df,HAM_0006794
0,0.27886924147605896,0,ham10000,ISIC_0031892,nv,HAM_0006795
0,0.27599388360977173,0,ham10000,ISIC_0025707,vasc,HAM_0006796
0,0.42444702982902527,1,ham10000,ISIC_0025754,nv,HAM_0006797
0,0.449236661195755,1,ham10000,ISIC_0024685,nv,HAM_0006798
0,0.6564183831214905,1,ham10000,ISIC_0032677,nv,HAM_0006799
1,0.9210300445556641,1,ham10000,ISIC_0029747,bcc,HAM_0006800
0,0.8402262330055237,1,ham10000,ISIC_0032570,bkl,HAM_0006801
1,0.4611268639564514,1,ham10000,ISIC_0032610,mel,HAM_0006802
1,0.7785907983779907,1,ham10000,ISIC_0024545,mel,HAM_0006803
0,0.5928467512130737,1,ham10000,ISIC_0028341,nv,HAM_0006804
0,0.2656674087047577,0,ham10000,ISIC_0029772,nv,HAM_0006805
0,0.43452030420303345,1,ham10000,ISIC_0026681,nv,HAM_0006806
0,0.5334407687187195,1,ham10000,ISIC_0031341,nv,HAM_0006807
0,0.40421801805496216,1,ham10000,ISIC_0027438,nv,HAM_0006808
0,0.5660455226898193,1,ham10000,ISIC_0031690,nv,HAM_0006809
0,0.846150815486908,1,ham10000,ISIC_0030546,nv,HAM_0006810
0,0.44424739480018616,1,ham10000,ISIC_0024794,nv,HAM_0006811
0,0.6548994183540344,1,ham10000,ISIC_0024637,nv,HAM_0006812
0,0.8392698764801025,1,ham10000,ISIC_0033167,nv,HAM_0006813
0,0.13325804471969604,0,ham10000,ISIC_0032264,nv,HAM_0006814
0,0.7299634218215942,1,ham10000,ISIC_0026254,df,HAM_0006816
0,0.5102380514144897,1,ham10000,ISIC_0030269,nv,HAM_0006817
0,0.14499834179878235,0,ham10000,ISIC_0031723,nv,HAM_0006818
0,0.5777937769889832,1,ham10000,ISIC_0025590,nv,HAM_0006819
0,0.3612029254436493,1,ham10000,ISIC_0025460,nv,HAM_0006820
0,0.3527078628540039,1,ham10000,ISIC_0027535,nv,HAM_0006821
0,0.7738928198814392,1,ham10000,ISIC_0030350,nv,HAM_0006822
1,0.6093740463256836,1,ham10000,ISIC_0032958,mel,HAM_0006824
0,0.3366806209087372,1,ham10000,ISIC_0030997,nv,HAM_0006825
0,0.14753402769565582,0,ham10000,ISIC_0025129,nv,HAM_0006826
0,0.2681213319301605,0,ham10000,ISIC_0031702,bkl,HAM_0006827
1,0.7378605604171753,1,ham10000,ISIC_0031977,mel,HAM_0006828
0,0.44333961606025696,1,ham10000,ISIC_0024619,nv,HAM_0006829
0,0.45914629101753235,1,ham10000,ISIC_0032285,nv,HAM_0006830
0,0.5556475520133972,1,ham10000,ISIC_0030545,nv,HAM_0006831
1,0.8546642065048218,1,ham10000,ISIC_0028915,mel,HAM_0006832
1,0.5118421316146851,1,ham10000,ISIC_0030512,mel,HAM_0006833
1,0.8749721050262451,1,ham10000,ISIC_0027526,bcc,HAM_0006834
0,0.3198889195919037,1,ham10000,ISIC_0026577,nv,HAM_0006835
0,0.37075865268707275,1,ham10000,ISIC_0025678,nv,HAM_0006836
0,0.7369429469108582,1,ham10000,ISIC_0025834,nv,HAM_0006837
0,0.266882061958313,0,ham10000,ISIC_0028506,nv,HAM_0006838
0,0.5309726595878601,1,ham10000,ISIC_0028683,nv,HAM_0006839
0,0.4970945715904236,1,ham10000,ISIC_0025844,nv,HAM_0006840
0,0.3426007926464081,1,ham10000,ISIC_0026102,nv,HAM_0006841
0,0.09093870222568512,0,ham10000,ISIC_0030728,nv,HAM_0006842
1,0.8667582869529724,1,ham10000,ISIC_0024457,bcc,HAM_0006843
1,0.5492307543754578,1,ham10000,ISIC_0028688,bcc,HAM_0006844
0,0.4935329854488373,1,ham10000,ISIC_0030170,nv,HAM_0006845
0,0.38186028599739075,1,ham10000,ISIC_0027199,nv,HAM_0006846
0,0.5509074926376343,1,ham10000,ISIC_0025095,nv,HAM_0006847
0,0.4087925851345062,1,ham10000,ISIC_0031129,nv,HAM_0006848
0,0.5534350872039795,1,ham10000,ISIC_0028189,nv,HAM_0006849
0,0.22797921299934387,0,ham10000,ISIC_0030186,nv,HAM_0006850
1,0.6274248361587524,1,ham10000,ISIC_0031976,bcc,HAM_0006851
0,0.1822279393672943,0,ham10000,ISIC_0032715,vasc,HAM_0006852
0,0.7635129690170288,1,ham10000,ISIC_0031143,nv,HAM_0006853
0,0.5587688684463501,1,ham10000,ISIC_0030842,nv,HAM_0006855
0,0.5690732002258301,1,ham10000,ISIC_0025909,nv,HAM_0006856
0,0.7068463563919067,1,ham10000,ISIC_0033210,nv,HAM_0006857
0,0.661909282207489,1,ham10000,ISIC_0031751,nv,HAM_0006858
0,0.4074613153934479,1,ham10000,ISIC_0032321,nv,HAM_0006859
0,0.3768562376499176,1,ham10000,ISIC_0032500,nv,HAM_0006860
0,0.5983989834785461,1,ham10000,ISIC_0031216,nv,HAM_0006861
0,0.5435918569564819,1,ham10000,ISIC_0025296,nv,HAM_0006862
0,0.6159984469413757,1,ham10000,ISIC_0030907,nv,HAM_0006863
0,0.379923552274704,1,ham10000,ISIC_0030045,nv,HAM_0006864
0,0.5034679174423218,1,ham10000,ISIC_0029842,nv,HAM_0006865
0,0.3244800269603729,1,ham10000,ISIC_0030713,nv,HAM_0006866
0,0.2067648321390152,0,ham10000,ISIC_0032147,nv,HAM_0006867
0,0.3066873550415039,1,ham10000,ISIC_0031050,bkl,HAM_0006868
0,0.5905429720878601,1,ham10000,ISIC_0032558,nv,HAM_0006869
1,0.4003942310810089,1,ham10000,ISIC_0027793,mel,HAM_0006870
0,0.48791342973709106,1,ham10000,ISIC_0026836,nv,HAM_0006871
1,0.7041581869125366,1,ham10000,ISIC_0024345,bcc,HAM_0006872
0,0.6891621351242065,1,ham10000,ISIC_0033566,nv,HAM_0006873
0,0.4272835850715637,1,ham10000,ISIC_0025017,nv,HAM_0006874
1,0.6316488981246948,1,ham10000,ISIC_0026575,akiec,HAM_0006875
0,0.7838318943977356,1,ham10000,ISIC_0032460,bkl,HAM_0006876
1,0.31437650322914124,1,ham10000,ISIC_0028227,mel,HAM_0006877
1,0.49509280920028687,1,ham10000,ISIC_0029573,akiec,HAM_0006879
0,0.19730877876281738,0,ham10000,ISIC_0029672,nv,HAM_0006880
0,0.3445661962032318,1,ham10000,ISIC_0025798,nv,HAM_0006881
0,0.476504921913147,1,ham10000,ISIC_0032910,nv,HAM_0006882
0,0.4672583043575287,1,ham10000,ISIC_0032619,nv,HAM_0006883
0,0.5451908707618713,1,ham10000,ISIC_0029459,nv,HAM_0006884
0,0.5096599459648132,1,ham10000,ISIC_0027938,nv,HAM_0006885
1,0.8215320706367493,1,ham10000,ISIC_0032823,mel,HAM_0006886
1,0.4672985076904297,1,ham10000,ISIC_0029500,akiec,HAM_0006887
0,0.2832598090171814,0,ham10000,ISIC_0026146,nv,HAM_0006888
0,0.35685282945632935,1,ham10000,ISIC_0031197,vasc,HAM_0006889
0,0.2093258947134018,0,ham10000,ISIC_0031983,nv,HAM_0006890
0,0.335090309381485,1,ham10000,ISIC_0031367,nv,HAM_0006891
0,0.416110634803772,1,ham10000,ISIC_0031444,nv,HAM_0006892
1,0.6441644430160522,1,ham10000,ISIC_0027084,akiec,HAM_0006893
0,0.2589581608772278,0,ham10000,ISIC_0029503,nv,HAM_0006894
0,0.3380056917667389,1,ham10000,ISIC_0030146,nv,HAM_0006895
1,0.3478619158267975,1,ham10000,ISIC_0024911,mel,HAM_0006896
0,0.5659072399139404,1,ham10000,ISIC_0028475,nv,HAM_0006897
1,0.5704219937324524,1,ham10000,ISIC_0029041,akiec,HAM_0006898
1,0.2529333829879761,0,ham10000,ISIC_0025128,mel,HAM_0006899
1,0.48328790068626404,1,ham10000,ISIC_0030080,mel,HAM_0006900
0,0.2555781900882721,0,ham10000,ISIC_0026700,nv,HAM_0006901
1,0.42810457944869995,1,ham10000,ISIC_0031506,akiec,HAM_0006902
0,0.2346384972333908,0,ham10000,ISIC_0031487,nv,HAM_0006903
1,0.40572303533554077,1,ham10000,ISIC_0027281,bcc,HAM_0006904
0,0.5764718651771545,1,ham10000,ISIC_0030451,nv,HAM_0006905
0,0.25398269295692444,0,ham10000,ISIC_0031254,nv,HAM_0006906
0,0.19657212495803833,0,ham10000,ISIC_0027953,bkl,HAM_0006907
1,0.9010247588157654,1,ham10000,ISIC_0025904,mel,HAM_0006908
0,0.4005596339702606,1,ham10000,ISIC_0031777,nv,HAM_0006909
0,0.18524138629436493,0,ham10000,ISIC_0028504,nv,HAM_0006910
0,0.3187881410121918,1,ham10000,ISIC_0025747,nv,HAM_0006911
0,0.6735338568687439,1,ham10000,ISIC_0026205,bkl,HAM_0006912
0,0.3504938781261444,1,ham10000,ISIC_0024683,nv,HAM_0006913
0,0.6582649946212769,1,ham10000,ISIC_0025254,nv,HAM_0006914
0,0.43480584025382996,1,ham10000,ISIC_0027439,nv,HAM_0006915
0,0.6911556124687195,1,ham10000,ISIC_0026618,nv,HAM_0006916
0,0.37029141187667847,1,ham10000,ISIC_0025861,nv,HAM_0006917
0,0.39160510897636414,1,ham10000,ISIC_0031491,nv,HAM_0006918
0,0.33301842212677,1,ham10000,ISIC_0031724,nv,HAM_0006919
0,0.46238091588020325,1,ham10000,ISIC_0025432,nv,HAM_0006920
0,0.3146372437477112,1,ham10000,ISIC_0030603,nv,HAM_0006921
0,0.43038326501846313,1,ham10000,ISIC_0024807,nv,HAM_0006922
1,0.8554626703262329,1,ham10000,ISIC_0032592,mel,HAM_0006923
0,0.6224464774131775,1,ham10000,ISIC_0032065,nv,HAM_0006924
0,0.6207554340362549,1,ham10000,ISIC_0033338,nv,HAM_0006925
0,0.6814239621162415,1,ham10000,ISIC_0030839,nv,HAM_0006926
0,0.1544153392314911,0,ham10000,ISIC_0026312,nv,HAM_0006927
0,0.5071810483932495,1,ham10000,ISIC_0028097,nv,HAM_0006928
0,0.5571544170379639,1,ham10000,ISIC_0026542,nv,HAM_0006929
0,0.3460046350955963,1,ham10000,ISIC_0027818,nv,HAM_0006930
0,0.37624865770339966,1,ham10000,ISIC_0024588,nv,HAM_0006931
0,0.6188597679138184,1,ham10000,ISIC_0031192,nv,HAM_0006932
0,0.4524395167827606,1,ham10000,ISIC_0027594,nv,HAM_0006933
0,0.3816429674625397,1,ham10000,ISIC_0028287,nv,HAM_0006934
0,0.33174505829811096,1,ham10000,ISIC_0026628,nv,HAM_0006935
0,0.5714654922485352,1,ham10000,ISIC_0027729,nv,HAM_0006936
0,0.5800250768661499,1,ham10000,ISIC_0033613,bkl,HAM_0006938
0,0.28541818261146545,0,ham10000,ISIC_0031675,nv,HAM_0006939
1,0.6483777165412903,1,ham10000,ISIC_0027021,mel,HAM_0006940
0,0.46848437190055847,1,ham10000,ISIC_0025684,nv,HAM_0006941
1,0.4829121530056,1,ham10000,ISIC_0027573,mel,HAM_0006942
0,0.332277774810791,1,ham10000,ISIC_0027336,nv,HAM_0006943
0,0.4465778172016144,1,ham10000,ISIC_0030762,nv,HAM_0006944
0,0.4390608072280884,1,ham10000,ISIC_0026044,bkl,HAM_0006945
0,0.5762234330177307,1,ham10000,ISIC_0032614,vasc,HAM_0006946
0,0.18595261871814728,0,ham10000,ISIC_0031662,nv,HAM_0006947
0,0.48792535066604614,1,ham10000,ISIC_0026463,nv,HAM_0006948
0,0.2372094839811325,0,ham10000,ISIC_0031886,nv,HAM_0006949
0,0.4872605800628662,1,ham10000,ISIC_0027215,nv,HAM_0006950
0,0.14999131858348846,0,ham10000,ISIC_0030482,nv,HAM_0006951
0,0.4076685905456543,1,ham10000,ISIC_0027543,nv,HAM_0006952
0,0.5672966837882996,1,ham10000,ISIC_0026175,nv,HAM_0006953
1,0.7165120840072632,1,ham10000,ISIC_0025105,mel,HAM_0006955
0,0.5514814257621765,1,ham10000,ISIC_0030547,nv,HAM_0006956
0,0.19957105815410614,0,ham10000,ISIC_0028402,nv,HAM_0006957
0,0.40250545740127563,1,ham10000,ISIC_0029395,nv,HAM_0006958
0,0.4896494150161743,1,ham10000,ISIC_0032286,nv,HAM_0006959
0,0.10859515517950058,0,ham10000,ISIC_0027592,nv,HAM_0006960
0,0.46869659423828125,1,ham10000,ISIC_0031792,nv,HAM_0006961
0,0.5540187358856201,1,ham10000,ISIC_0025914,nv,HAM_0006962
0,0.4343704879283905,1,ham10000,ISIC_0032351,nv,HAM_0006963
1,0.7394278645515442,1,ham10000,ISIC_0027163,mel,HAM_0006964
1,0.424377977848053,1,ham10000,ISIC_0026475,mel,HAM_0006965
0,0.35234200954437256,1,ham10000,ISIC_0028614,nv,HAM_0006966
0,0.5656174421310425,1,ham10000,ISIC_0026295,nv,HAM_0006967
0,0.40484124422073364,1,ham10000,ISIC_0025340,nv,HAM_0006968
0,0.2637592852115631,0,ham10000,ISIC_0028007,nv,HAM_0006969
0,0.4837498366832733,1,ham10000,ISIC_0026059,nv,HAM_0006970
0,0.530045747756958,1,ham10000,ISIC_0025185,nv,HAM_0006971
0,0.5483155846595764,1,ham10000,ISIC_0027051,nv,HAM_0006972
0,0.513449490070343,1,ham10000,ISIC_0029377,nv,HAM_0006973
0,0.42933040857315063,1,ham10000,ISIC_0026541,nv,HAM_0006974
1,0.8879504203796387,1,ham10000,ISIC_0024967,mel,HAM_0006975
0,0.5540429353713989,1,ham10000,ISIC_0029689,nv,HAM_0006976
0,0.42498305439949036,1,ham10000,ISIC_0029456,nv,HAM_0006977
1,0.7893586754798889,1,ham10000,ISIC_0029316,mel,HAM_0006978
0,0.24416303634643555,0,ham10000,ISIC_0026605,nv,HAM_0006979
0,0.5664718151092529,1,ham10000,ISIC_0033715,nv,HAM_0006980
0,0.5602242350578308,1,ham10000,ISIC_0029451,nv,HAM_0006981
0,0.7781866788864136,1,ham10000,ISIC_0032071,nv,HAM_0006982
0,0.40446799993515015,1,ham10000,ISIC_0026147,nv,HAM_0006983
0,0.18783369660377502,0,ham10000,ISIC_0026894,nv,HAM_0006984
0,0.2477143257856369,0,ham10000,ISIC_0029131,nv,HAM_0006985
0,0.5425018072128296,1,ham10000,ISIC_0025071,nv,HAM_0006986
0,0.5998908281326294,1,ham10000,ISIC_0027649,bkl,HAM_0006987
0,0.4900192320346832,1,ham10000,ISIC_0024943,bkl,HAM_0006988
0,0.2710089683532715,0,ham10000,ISIC_0028729,nv,HAM_0006989
0,0.3662482798099518,1,ham10000,ISIC_0025480,nv,HAM_0006990
0,0.2692187428474426,0,ham10000,ISIC_0031840,nv,HAM_0006991
0,0.2752991020679474,0,ham10000,ISIC_0029829,nv,HAM_0006992
0,0.22693988680839539,0,ham10000,ISIC_0029206,bkl,HAM_0006993
0,0.15743274986743927,0,ham10000,ISIC_0026987,nv,HAM_0006994
0,0.044248875230550766,0,ham10000,ISIC_0025115,nv,HAM_0006995
0,0.13172012567520142,0,ham10000,ISIC_0027610,nv,HAM_0006996
0,0.4647343158721924,1,ham10000,ISIC_0028375,nv,HAM_0006997
0,0.4699971079826355,1,ham10000,ISIC_0030993,nv,HAM_0006998
0,0.23389427363872528,0,ham10000,ISIC_0027459,nv,HAM_0006999
0,0.6583156585693359,1,ham10000,ISIC_0026042,bkl,HAM_0007000
0,0.4166351556777954,1,ham10000,ISIC_0026573,nv,HAM_0007001
1,0.9764466285705566,1,ham10000,ISIC_0027433,bcc,HAM_0007002
0,0.5491286516189575,1,ham10000,ISIC_0025638,nv,HAM_0007003
0,0.39104101061820984,1,ham10000,ISIC_0030525,nv,HAM_0007004
0,0.40465226769447327,1,ham10000,ISIC_0032568,nv,HAM_0007005
0,0.5009298324584961,1,ham10000,ISIC_0025497,nv,HAM_0007006
0,0.3174513578414917,1,ham10000,ISIC_0031665,nv,HAM_0007007
1,0.364627867937088,1,ham10000,ISIC_0030036,akiec,HAM_0007008
1,0.5383812785148621,1,ham10000,ISIC_0027146,bcc,HAM_0007009
0,0.4471830129623413,1,ham10000,ISIC_0025419,bkl,HAM_0007010
0,0.30443769693374634,1,ham10000,ISIC_0032493,nv,HAM_0007011
0,0.4507913291454315,1,ham10000,ISIC_0030865,nv,HAM_0007012
0,0.22256767749786377,0,ham10000,ISIC_0029544,nv,HAM_0007013
0,0.4052967429161072,1,ham10000,ISIC_0027498,nv,HAM_0007014
0,0.1437290906906128,0,ham10000,ISIC_0025760,nv,HAM_0007015
1,0.8705286383628845,1,ham10000,ISIC_0027838,mel,HAM_0007016
0,0.11236178129911423,0,ham10000,ISIC_0030838,nv,HAM_0007017
0,0.6237279176712036,1,ham10000,ISIC_0027006,bkl,HAM_0007018
1,0.5982956290245056,1,ham10000,ISIC_0029454,mel,HAM_0007019
0,0.4847240447998047,1,ham10000,ISIC_0030070,vasc,HAM_0007020
1,0.559579610824585,1,ham10000,ISIC_0033477,mel,HAM_0007021
0,0.4067692458629608,1,ham10000,ISIC_0026364,nv,HAM_0007022
0,0.19360469281673431,0,ham10000,ISIC_0030642,nv,HAM_0007023
0,0.48060837388038635,1,ham10000,ISIC_0026553,bkl,HAM_0007024
0,0.4176216423511505,1,ham10000,ISIC_0029963,nv,HAM_0007025
0,0.3536594808101654,1,ham10000,ISIC_0027085,nv,HAM_0007026
0,0.619930624961853,1,ham10000,ISIC_0026967,bkl,HAM_0007027
0,0.6275685429573059,1,ham10000,ISIC_0028851,nv,HAM_0007028
0,0.6951853036880493,1,ham10000,ISIC_0030608,bkl,HAM_0007029
0,0.31848210096359253,1,ham10000,ISIC_0026711,nv,HAM_0007030
1,0.5409634113311768,1,ham10000,ISIC_0025616,mel,HAM_0007031
1,0.8036252856254578,1,ham10000,ISIC_0033034,mel,HAM_0007032
0,0.16122040152549744,0,ham10000,ISIC_0032350,nv,HAM_0007033
0,0.2703802287578583,0,ham10000,ISIC_0029529,nv,HAM_0007034
0,0.34250739216804504,1,ham10000,ISIC_0030332,nv,HAM_0007035
0,0.41985318064689636,1,ham10000,ISIC_0026655,nv,HAM_0007036
1,0.5465909838676453,1,ham10000,ISIC_0030375,akiec,HAM_0007037
1,0.5610426664352417,1,ham10000,ISIC_0032404,akiec,HAM_0007038
0,0.4803931415081024,1,ham10000,ISIC_0025202,nv,HAM_0007039
0,0.4920254051685333,1,ham10000,ISIC_0026946,nv,HAM_0007040
0,0.2560093402862549,0,ham10000,ISIC_0027341,nv,HAM_0007041
0,0.2890472412109375,0,ham10000,ISIC_0024754,nv,HAM_0007042
0,0.43040069937705994,1,ham10000,ISIC_0029135,bkl,HAM_0007043
0,0.5631972551345825,1,ham10000,ISIC_0024501,nv,HAM_0007044
0,0.14655455946922302,0,ham10000,ISIC_0032088,nv,HAM_0007045
0,0.49271008372306824,1,ham10000,ISIC_0027401,nv,HAM_0007046
1,0.736379861831665,1,ham10000,ISIC_0025605,akiec,HAM_0007047
0,0.2288413941860199,0,ham10000,ISIC_0029284,nv,HAM_0007048
0,0.6889160871505737,1,ham10000,ISIC_0028179,nv,HAM_0007049
0,0.47887420654296875,1,ham10000,ISIC_0027160,nv,HAM_0007050
0,0.5280850529670715,1,ham10000,ISIC_0025668,df,HAM_0007051
0,0.4336242079734802,1,ham10000,ISIC_0032752,nv,HAM_0007052
0,0.3387905955314636,1,ham10000,ISIC_0024487,nv,HAM_0007053
1,0.4765552580356598,1,ham10000,ISIC_0024482,mel,HAM_0007054
0,0.45475661754608154,1,ham10000,ISIC_0031235,nv,HAM_0007055
0,0.2440023124217987,0,ham10000,ISIC_0025750,nv,HAM_0007056
0,0.07873845845460892,0,ham10000,ISIC_0025694,nv,HAM_0007057
0,0.41813409328460693,1,ham10000,ISIC_0027642,nv,HAM_0007058
0,0.47167181968688965,1,ham10000,ISIC_0025947,nv,HAM_0007060
0,0.35031774640083313,1,ham10000,ISIC_0031433,nv,HAM_0007061
0,0.31492653489112854,1,ham10000,ISIC_0029116,nv,HAM_0007062
0,0.507112979888916,1,ham10000,ISIC_0031432,nv,HAM_0007063
0,0.34297382831573486,1,ham10000,ISIC_0032282,nv,HAM_0007064
0,0.35075971484184265,1,ham10000,ISIC_0031773,nv,HAM_0007065
0,0.586493730545044,1,ham10000,ISIC_0029959,nv,HAM_0007066
0,0.29188284277915955,0,ham10000,ISIC_0027251,nv,HAM_0007067
0,0.24783511459827423,0,ham10000,ISIC_0024866,nv,HAM_0007068
0,0.5549410581588745,1,ham10000,ISIC_0029355,nv,HAM_0007069
1,0.5500596165657043,1,ham10000,ISIC_0032192,mel,HAM_0007070
0,0.38614222407341003,1,ham10000,ISIC_0030449,nv,HAM_0007071
0,0.5821241736412048,1,ham10000,ISIC_0032339,nv,HAM_0007072
1,0.6385917067527771,1,ham10000,ISIC_0025035,mel,HAM_0007073
0,0.4813454747200012,1,ham10000,ISIC_0030646,nv,HAM_0007074
0,0.5451174378395081,1,ham10000,ISIC_0025463,nv,HAM_0007075
0,0.1135183721780777,0,ham10000,ISIC_0026757,nv,HAM_0007076
0,0.5275436639785767,1,ham10000,ISIC_0032505,nv,HAM_0007077
0,0.4267028570175171,1,ham10000,ISIC_0024851,bkl,HAM_0007078
0,0.6798892617225647,1,ham10000,ISIC_0029904,nv,HAM_0007079
0,0.3958573043346405,1,ham10000,ISIC_0029994,nv,HAM_0007080
0,0.42340224981307983,1,ham10000,ISIC_0027971,nv,HAM_0007082
0,0.3524923324584961,1,ham10000,ISIC_0027959,nv,HAM_0007083
0,0.04689380154013634,0,ham10000,ISIC_0025315,nv,HAM_0007084
1,0.8546966314315796,1,ham10000,ISIC_0030076,akiec,HAM_0007085
1,0.5327287912368774,1,ham10000,ISIC_0033267,mel,HAM_0007086
0,0.5338442325592041,1,ham10000,ISIC_0031425,nv,HAM_0007087
1,0.7991411685943604,1,ham10000,ISIC_0024800,akiec,HAM_0007088
0,0.6127239465713501,1,ham10000,ISIC_0030066,nv,HAM_0007089
0,0.47600048780441284,1,ham10000,ISIC_0029555,bkl,HAM_0007090
1,0.7457250952720642,1,ham10000,ISIC_0027552,mel,HAM_0007091
0,0.3917751610279083,1,ham10000,ISIC_0031370,nv,HAM_0007092
0,0.5640185475349426,1,ham10000,ISIC_0026858,nv,HAM_0007093
0,0.2937326431274414,0,ham10000,ISIC_0026785,nv,HAM_0007094
0,0.5601987242698669,1,ham10000,ISIC_0030374,nv,HAM_0007095
0,0.829460859298706,1,ham10000,ISIC_0024674,nv,HAM_0007096
0,0.8035540580749512,1,ham10000,ISIC_0033230,vasc,HAM_0007097
0,0.3019343316555023,1,ham10000,ISIC_0032357,nv,HAM_0007098
0,0.5100739002227783,1,ham10000,ISIC_0025921,nv,HAM_0007099
0,0.42287033796310425,1,ham10000,ISIC_0031989,bkl,HAM_0007100
0,0.8914374113082886,1,ham10000,ISIC_0032513,bkl,HAM_0007101
1,0.6625543236732483,1,ham10000,ISIC_0028655,mel,HAM_0007102
0,0.29173651337623596,0,ham10000,ISIC_0026271,nv,HAM_0007103
0,0.6169137358665466,1,ham10000,ISIC_0032133,nv,HAM_0007104
0,0.3117493987083435,1,ham10000,ISIC_0026616,nv,HAM_0007105
0,0.37243396043777466,1,ham10000,ISIC_0031991,nv,HAM_0007108
0,0.21427278220653534,0,ham10000,ISIC_0026529,nv,HAM_0007109
0,0.5916677713394165,1,ham10000,ISIC_0026861,bkl,HAM_0007110
0,0.2967940866947174,0,ham10000,ISIC_0025715,nv,HAM_0007111
0,0.682773232460022,1,ham10000,ISIC_0026819,nv,HAM_0007112
0,0.12981104850769043,0,ham10000,ISIC_0027522,vasc,HAM_0007113
1,0.3632137179374695,1,ham10000,ISIC_0028418,mel,HAM_0007114
0,0.5811966061592102,1,ham10000,ISIC_0029584,nv,HAM_0007115
0,0.3911687731742859,1,ham10000,ISIC_0028951,nv,HAM_0007116
1,0.747552216053009,1,ham10000,ISIC_0033312,mel,HAM_0007117
0,0.23476994037628174,0,ham10000,ISIC_0027856,vasc,HAM_0007118
0,0.48481330275535583,1,ham10000,ISIC_0026134,nv,HAM_0007119
0,0.45587772130966187,1,ham10000,ISIC_0029782,nv,HAM_0007120
0,0.5860823392868042,1,ham10000,ISIC_0029922,nv,HAM_0007121
0,0.2043493092060089,0,ham10000,ISIC_0025816,nv,HAM_0007122
0,0.19918601214885712,0,ham10000,ISIC_0025672,nv,HAM_0007123
0,0.5797340273857117,1,ham10000,ISIC_0032707,nv,HAM_0007124
0,0.5425477027893066,1,ham10000,ISIC_0025016,bkl,HAM_0007125
0,0.6764248609542847,1,ham10000,ISIC_0027835,nv,HAM_0007126
0,0.38210153579711914,1,ham10000,ISIC_0032362,nv,HAM_0007127
0,0.29200276732444763,0,ham10000,ISIC_0025104,nv,HAM_0007128
0,0.511002242565155,1,ham10000,ISIC_0027216,df,HAM_0007129
0,0.5561124086380005,1,ham10000,ISIC_0027395,nv,HAM_0007130
1,0.7141169309616089,1,ham10000,ISIC_0031692,akiec,HAM_0007131
0,0.3095250129699707,1,ham10000,ISIC_0029621,nv,HAM_0007132
0,0.6148254871368408,1,ham10000,ISIC_0027490,nv,HAM_0007133
0,0.23870886862277985,0,ham10000,ISIC_0026394,nv,HAM_0007134
0,0.489593505859375,1,ham10000,ISIC_0024460,nv,HAM_0007135
0,0.6534449458122253,1,ham10000,ISIC_0030563,nv,HAM_0007136
0,0.384958952665329,1,ham10000,ISIC_0031327,nv,HAM_0007137
0,0.25786998867988586,0,ham10000,ISIC_0028823,nv,HAM_0007138
1,0.589402437210083,1,ham10000,ISIC_0028577,bcc,HAM_0007139
0,0.3330936133861542,1,ham10000,ISIC_0026345,nv,HAM_0007140
1,0.41346240043640137,1,ham10000,ISIC_0029230,bcc,HAM_0007141
0,0.6776342391967773,1,ham10000,ISIC_0025255,nv,HAM_0007142
0,0.2691395580768585,0,ham10000,ISIC_0028841,nv,HAM_0007143
0,0.5213580131530762,1,ham10000,ISIC_0026599,nv,HAM_0007144
0,0.6454020738601685,1,ham10000,ISIC_0027758,nv,HAM_0007145
0,0.5662817358970642,1,ham10000,ISIC_0031493,nv,HAM_0007146
0,0.6315432190895081,1,ham10000,ISIC_0032858,nv,HAM_0007148
0,0.4295487105846405,1,ham10000,ISIC_0025304,nv,HAM_0007149
0,0.4386475384235382,1,ham10000,ISIC_0028680,vasc,HAM_0007150
0,0.657755434513092,1,ham10000,ISIC_0029793,bkl,HAM_0007151
0,0.25618064403533936,0,ham10000,ISIC_0028184,nv,HAM_0007152
0,0.28975144028663635,0,ham10000,ISIC_0027813,nv,HAM_0007153
0,0.35215163230895996,1,ham10000,ISIC_0024719,nv,HAM_0007154
0,0.5324298739433289,1,ham10000,ISIC_0025056,nv,HAM_0007155
0,0.709112286567688,1,ham10000,ISIC_0025893,nv,HAM_0007156
0,0.284394234418869,0,ham10000,ISIC_0030600,nv,HAM_0007157
0,0.28685811161994934,0,ham10000,ISIC_0027206,nv,HAM_0007158
0,0.5526738166809082,1,ham10000,ISIC_0031637,nv,HAM_0007159
0,0.5004767775535583,1,ham10000,ISIC_0028723,nv,HAM_0007160
0,0.37065497040748596,1,ham10000,ISIC_0026734,nv,HAM_0007161
0,0.2064877599477768,0,ham10000,ISIC_0029321,nv,HAM_0007162
1,0.5161749720573425,1,ham10000,ISIC_0032750,mel,HAM_0007163
0,0.5301460027694702,1,ham10000,ISIC_0025972,nv,HAM_0007164
1,0.6927961111068726,1,ham10000,ISIC_0026622,mel,HAM_0007165
0,0.47704920172691345,1,ham10000,ISIC_0030878,nv,HAM_0007166
0,0.4178202152252197,1,ham10000,ISIC_0026400,nv,HAM_0007167
0,0.6959481239318848,1,ham10000,ISIC_0028115,nv,HAM_0007168
0,0.6692845821380615,1,ham10000,ISIC_0032934,nv,HAM_0007169
0,0.3644460439682007,1,ham10000,ISIC_0025483,nv,HAM_0007170
1,0.7153286933898926,1,ham10000,ISIC_0026909,mel,HAM_0007171
0,0.5579674243927002,1,ham10000,ISIC_0034130,nv,HAM_0007172
0,0.5392166376113892,1,ham10000,ISIC_0028721,nv,HAM_0007173
0,0.5472575426101685,1,ham10000,ISIC_0031052,nv,HAM_0007174
0,0.2330576479434967,0,ham10000,ISIC_0029442,nv,HAM_0007175
0,0.5227509140968323,1,ham10000,ISIC_0032144,nv,HAM_0007176
0,0.3614998161792755,1,ham10000,ISIC_0025626,nv,HAM_0007177
0,0.27327048778533936,0,ham10000,ISIC_0025184,nv,HAM_0007178
0,0.4518970251083374,1,ham10000,ISIC_0025906,bkl,HAM_0007179
1,0.839715301990509,1,ham10000,ISIC_0032726,mel,HAM_0007180
0,0.505121111869812,1,ham10000,ISIC_0031964,nv,HAM_0007181
0,0.23211540281772614,0,ham10000,ISIC_0030421,nv,HAM_0007183
0,0.12074395269155502,0,ham10000,ISIC_0033436,nv,HAM_0007184
0,0.2850218713283539,0,ham10000,ISIC_0025189,nv,HAM_0007185
0,0.3471895456314087,1,ham10000,ISIC_0028295,nv,HAM_0007186
0,0.4016372263431549,1,ham10000,ISIC_0028950,nv,HAM_0007187
1,0.42087358236312866,1,ham10000,ISIC_0031543,mel,HAM_0007188
0,0.3739626705646515,1,ham10000,ISIC_0027878,nv,HAM_0007189
0,0.5760483741760254,1,ham10000,ISIC_0030505,nv,HAM_0007190
0,0.5531128644943237,1,ham10000,ISIC_0032738,nv,HAM_0007191
0,0.2653980851173401,0,ham10000,ISIC_0030558,nv,HAM_0007192
0,0.15326254069805145,0,ham10000,ISIC_0025398,nv,HAM_0007193
0,0.520271360874176,1,ham10000,ISIC_0025920,nv,HAM_0007194
0,0.515576183795929,1,ham10000,ISIC_0031923,nv,HAM_0007195
0,0.39324259757995605,1,ham10000,ISIC_0024907,nv,HAM_0007196
0,0.37413913011550903,1,ham10000,ISIC_0031856,nv,HAM_0007197
0,0.25172537565231323,0,ham10000,ISIC_0026200,nv,HAM_0007198
1,0.4536464512348175,1,ham10000,ISIC_0030344,akiec,HAM_0007199
0,0.604821503162384,1,ham10000,ISIC_0026304,nv,HAM_0007200
0,0.3580057919025421,1,ham10000,ISIC_0026208,nv,HAM_0007201
0,0.4496503174304962,1,ham10000,ISIC_0026726,nv,HAM_0007202
0,0.24935382604599,0,ham10000,ISIC_0031845,nv,HAM_0007203
0,0.4312865436077118,1,ham10000,ISIC_0025205,nv,HAM_0007204
0,0.43312108516693115,1,ham10000,ISIC_0026269,nv,HAM_0007205
0,0.5293915271759033,1,ham10000,ISIC_0031524,nv,HAM_0007206
0,0.5072858333587646,1,ham10000,ISIC_0031326,bkl,HAM_0007207
0,0.37353816628456116,1,ham10000,ISIC_0030159,nv,HAM_0007208
0,0.3995410203933716,1,ham10000,ISIC_0028365,nv,HAM_0007209
0,0.3360480070114136,1,ham10000,ISIC_0026699,nv,HAM_0007210
0,0.6860145330429077,1,ham10000,ISIC_0025377,nv,HAM_0007211
0,0.48526403307914734,1,ham10000,ISIC_0030897,nv,HAM_0007213
0,0.5633944869041443,1,ham10000,ISIC_0031928,nv,HAM_0007214
0,0.1891217976808548,0,ham10000,ISIC_0030294,nv,HAM_0007215
0,0.37424296140670776,1,ham10000,ISIC_0032962,nv,HAM_0007216
0,0.33717527985572815,1,ham10000,ISIC_0024844,nv,HAM_0007217
0,0.4021456241607666,1,ham10000,ISIC_0025006,nv,HAM_0007218
0,0.4202500581741333,1,ham10000,ISIC_0029227,bkl,HAM_0007219
0,0.3693612515926361,1,ham10000,ISIC_0025867,bkl,HAM_0007220
0,0.7516977190971375,1,ham10000,ISIC_0030264,nv,HAM_0007221
0,0.10457315295934677,0,ham10000,ISIC_0030996,nv,HAM_0007222
0,0.296880304813385,0,ham10000,ISIC_0024783,nv,HAM_0007223
0,0.5118088722229004,1,ham10000,ISIC_0024977,nv,HAM_0007224
0,0.646974503993988,1,ham10000,ISIC_0031429,df,HAM_0007225
0,0.14069633185863495,0,ham10000,ISIC_0027946,nv,HAM_0007226
0,0.5326452255249023,1,ham10000,ISIC_0024973,df,HAM_0007227
0,0.24561235308647156,0,ham10000,ISIC_0025681,nv,HAM_0007228
1,0.7359623312950134,1,ham10000,ISIC_0031545,mel,HAM_0007229
0,0.4837563633918762,1,ham10000,ISIC_0031164,nv,HAM_0007230
0,0.27664682269096375,0,ham10000,ISIC_0029114,nv,HAM_0007231
0,0.5397459268569946,1,ham10000,ISIC_0025830,bkl,HAM_0007232
0,0.2496500462293625,0,ham10000,ISIC_0029113,bkl,HAM_0007233
1,0.7592434287071228,1,ham10000,ISIC_0033362,mel,HAM_0007234
0,0.35342589020729065,1,ham10000,ISIC_0027278,nv,HAM_0007236
1,0.6186587810516357,1,ham10000,ISIC_0028306,mel,HAM_0007238
0,0.652040958404541,1,ham10000,ISIC_0025252,nv,HAM_0007239
0,0.4629739224910736,1,ham10000,ISIC_0027988,nv,HAM_0007240
0,0.3863984942436218,1,ham10000,ISIC_0027752,nv,HAM_0007241
1,0.35415202379226685,1,ham10000,ISIC_0026774,mel,HAM_0007242
1,0.6556079983711243,1,ham10000,ISIC_0028029,mel,HAM_0007243
0,0.43283969163894653,1,ham10000,ISIC_0030669,nv,HAM_0007244
1,0.5130918622016907,1,ham10000,ISIC_0032870,mel,HAM_0007245
0,0.13545463979244232,0,ham10000,ISIC_0024764,nv,HAM_0007246
1,0.6039626002311707,1,ham10000,ISIC_0025102,bcc,HAM_0007248
0,0.4825137257575989,1,ham10000,ISIC_0025789,nv,HAM_0007249
0,0.6180589199066162,1,ham10000,ISIC_0024964,nv,HAM_0007251
0,0.5676493048667908,1,ham10000,ISIC_0026949,nv,HAM_0007252
0,0.5341573357582092,1,ham10000,ISIC_0026840,nv,HAM_0007253
0,0.3632810413837433,1,ham10000,ISIC_0027541,nv,HAM_0007254
0,0.4004450738430023,1,ham10000,ISIC_0026519,nv,HAM_0007255
0,0.3258175253868103,1,ham10000,ISIC_0031480,nv,HAM_0007256
0,0.6526831984519958,1,ham10000,ISIC_0025537,nv,HAM_0007257
0,0.7187734246253967,1,ham10000,ISIC_0025090,nv,HAM_0007258
0,0.4114319682121277,1,ham10000,ISIC_0032669,nv,HAM_0007259
0,0.6763803958892822,1,ham10000,ISIC_0028336,bkl,HAM_0007260
0,0.5203161239624023,1,ham10000,ISIC_0031686,bkl,HAM_0007261
1,0.9060892462730408,1,ham10000,ISIC_0025932,bcc,HAM_0007262
0,0.3418107032775879,1,ham10000,ISIC_0028130,nv,HAM_0007263
0,0.35597002506256104,1,ham10000,ISIC_0028476,nv,HAM_0007264
0,0.7263243794441223,1,ham10000,ISIC_0033447,nv,HAM_0007265
0,0.7634842991828918,1,ham10000,ISIC_0031909,nv,HAM_0007266
0,0.4828503727912903,1,ham10000,ISIC_0031441,nv,HAM_0007267
0,0.49587684869766235,1,ham10000,ISIC_0028600,nv,HAM_0007268
0,0.3087218403816223,1,ham10000,ISIC_0024430,nv,HAM_0007269
0,0.3703003525733948,1,ham10000,ISIC_0030166,nv,HAM_0007270
0,0.35585081577301025,1,ham10000,ISIC_0027862,nv,HAM_0007271
1,0.7425218820571899,1,ham10000,ISIC_0024756,mel,HAM_0007272
0,0.29764580726623535,1,ham10000,ISIC_0025437,nv,HAM_0007273
0,0.502011775970459,1,ham10000,ISIC_0030484,nv,HAM_0007274
0,0.824235737323761,1,ham10000,ISIC_0026705,nv,HAM_0007275
0,0.8636835217475891,1,ham10000,ISIC_0028538,nv,HAM_0007276
0,0.2694089412689209,0,ham10000,ISIC_0031195,nv,HAM_0007277
0,0.492117315530777,1,ham10000,ISIC_0025009,nv,HAM_0007278
0,0.4443631172180176,1,ham10000,ISIC_0025405,nv,HAM_0007279
0,0.30241653323173523,1,ham10000,ISIC_0024917,nv,HAM_0007280
0,0.8460589051246643,1,ham10000,ISIC_0034283,bkl,HAM_0007281
0,0.32474470138549805,1,ham10000,ISIC_0025690,nv,HAM_0007282
0,0.5400921702384949,1,ham10000,ISIC_0027255,nv,HAM_0007284
0,0.25085005164146423,0,ham10000,ISIC_0026718,nv,HAM_0007285
0,0.5152689218521118,1,ham10000,ISIC_0031978,nv,HAM_0007286
0,0.4782906770706177,1,ham10000,ISIC_0027413,nv,HAM_0007287
0,0.36530598998069763,1,ham10000,ISIC_0027243,nv,HAM_0007288
1,0.7076063752174377,1,ham10000,ISIC_0031263,bcc,HAM_0007289
0,0.42741310596466064,1,ham10000,ISIC_0025961,nv,HAM_0007290
0,0.5769275426864624,1,ham10000,ISIC_0027633,nv,HAM_0007291
0,0.3933764398097992,1,ham10000,ISIC_0031626,nv,HAM_0007292
1,0.7219839096069336,1,ham10000,ISIC_0026735,mel,HAM_0007293
0,0.25698113441467285,0,ham10000,ISIC_0025749,nv,HAM_0007294
0,0.7954502105712891,1,ham10000,ISIC_0031380,nv,HAM_0007295
0,0.3269181251525879,1,ham10000,ISIC_0027068,bkl,HAM_0007296
0,0.40042632818222046,1,ham10000,ISIC_0029940,nv,HAM_0007297
0,0.46994203329086304,1,ham10000,ISIC_0028345,nv,HAM_0007298
0,0.6078907251358032,1,ham10000,ISIC_0032565,nv,HAM_0007299
0,0.4675723612308502,1,ham10000,ISIC_0025158,nv,HAM_0007300
0,0.563029408454895,1,ham10000,ISIC_0033417,nv,HAM_0007301
0,0.4711575508117676,1,ham10000,ISIC_0028302,nv,HAM_0007302
1,0.7319929599761963,1,ham10000,ISIC_0026457,akiec,HAM_0007303
0,0.22364339232444763,0,ham10000,ISIC_0027196,nv,HAM_0007304
1,0.938474178314209,1,ham10000,ISIC_0029933,mel,HAM_0007305
0,0.5623788237571716,1,ham10000,ISIC_0026810,nv,HAM_0007306
1,0.5553280115127563,1,ham10000,ISIC_0026848,akiec,HAM_0007308
0,0.3965851962566376,1,ham10000,ISIC_0025151,nv,HAM_0007309
1,0.8200598359107971,1,ham10000,ISIC_0026120,mel,HAM_0007310
0,0.5094689130783081,1,ham10000,ISIC_0026367,nv,HAM_0007311
0,0.5187425017356873,1,ham10000,ISIC_0027709,nv,HAM_0007312
1,0.5603517293930054,1,ham10000,ISIC_0025299,bcc,HAM_0007313
0,0.18437132239341736,0,ham10000,ISIC_0031152,nv,HAM_0007314
0,0.6554681658744812,1,ham10000,ISIC_0026249,bkl,HAM_0007315
0,0.5818062424659729,1,ham10000,ISIC_0031895,nv,HAM_0007316
0,0.07488156855106354,0,ham10000,ISIC_0030008,nv,HAM_0007317
0,0.13562025129795074,0,ham10000,ISIC_0029005,nv,HAM_0007318
0,0.16875210404396057,0,ham10000,ISIC_0029144,nv,HAM_0007319
0,0.29403024911880493,0,ham10000,ISIC_0026780,nv,HAM_0007320
0,0.31215307116508484,1,ham10000,ISIC_0026821,nv,HAM_0007321
0,0.5317057371139526,1,ham10000,ISIC_0030205,nv,HAM_0007322
0,0.5589147806167603,1,ham10000,ISIC_0031038,nv,HAM_0007323
0,0.43865975737571716,1,ham10000,ISIC_0026398,nv,HAM_0007324
0,0.49499279260635376,1,ham10000,ISIC_0026267,nv,HAM_0007325
0,0.2950018644332886,0,ham10000,ISIC_0028783,nv,HAM_0007326
0,0.135969340801239,0,ham10000,ISIC_0030684,nv,HAM_0007328
0,0.48501646518707275,1,ham10000,ISIC_0026583,nv,HAM_0007329
0,0.35978230834007263,1,ham10000,ISIC_0024521,nv,HAM_0007330
0,0.40590420365333557,1,ham10000,ISIC_0031752,nv,HAM_0007331
0,0.40924471616744995,1,ham10000,ISIC_0026481,bkl,HAM_0007332
0,0.6689064502716064,1,ham10000,ISIC_0033614,nv,HAM_0007333
0,0.4006868600845337,1,ham10000,ISIC_0026962,nv,HAM_0007334
1,0.5991930365562439,1,ham10000,ISIC_0032808,bcc,HAM_0007335
0,0.40845775604248047,1,ham10000,ISIC_0024544,nv,HAM_0007336
0,0.6156869530677795,1,ham10000,ISIC_0026912,bkl,HAM_0007337
0,0.28401798009872437,0,ham10000,ISIC_0028986,nv,HAM_0007338
0,0.5097853541374207,1,ham10000,ISIC_0031536,nv,HAM_0007339
0,0.8497307896614075,1,ham10000,ISIC_0028944,nv,HAM_0007340
0,0.7474967837333679,1,ham10000,ISIC_0032898,bkl,HAM_0007341
0,0.5299437046051025,1,ham10000,ISIC_0030625,nv,HAM_0007342
1,0.8312747478485107,1,ham10000,ISIC_0032447,mel,HAM_0007343
0,0.37557482719421387,1,ham10000,ISIC_0029461,nv,HAM_0007344
0,0.2730756402015686,0,ham10000,ISIC_0028703,nv,HAM_0007345
1,0.50347900390625,1,ham10000,ISIC_0027425,bcc,HAM_0007346
0,0.0868775025010109,0,ham10000,ISIC_0031054,nv,HAM_0007347
0,0.6477156281471252,1,ham10000,ISIC_0032625,nv,HAM_0007348
1,0.7100256681442261,1,ham10000,ISIC_0026178,akiec,HAM_0007349
0,0.37169837951660156,1,ham10000,ISIC_0030892,nv,HAM_0007350
0,0.12981875240802765,0,ham10000,ISIC_0032183,nv,HAM_0007351
0,0.36156320571899414,1,ham10000,ISIC_0029739,nv,HAM_0007352
0,0.40439024567604065,1,ham10000,ISIC_0025207,nv,HAM_0007353
1,0.3629036247730255,1,ham10000,ISIC_0027719,akiec,HAM_0007354
0,0.2694486081600189,0,ham10000,ISIC_0024705,bkl,HAM_0007355
0,0.5265616774559021,1,ham10000,ISIC_0025335,nv,HAM_0007356
0,0.47354942560195923,1,ham10000,ISIC_0031265,nv,HAM_0007357
0,0.7566467523574829,1,ham10000,ISIC_0028030,nv,HAM_0007358
0,0.40015149116516113,1,ham10000,ISIC_0027354,bkl,HAM_0007359
0,0.548352062702179,1,ham10000,ISIC_0027773,nv,HAM_0007360
0,0.3665751814842224,1,ham10000,ISIC_0026058,nv,HAM_0007361
0,0.52220219373703,1,ham10000,ISIC_0030373,nv,HAM_0007362
0,0.33964842557907104,1,ham10000,ISIC_0028013,nv,HAM_0007363
1,0.672720193862915,1,ham10000,ISIC_0029917,bcc,HAM_0007364
0,0.5364717245101929,1,ham10000,ISIC_0028798,nv,HAM_0007365
0,0.36668848991394043,1,ham10000,ISIC_0032062,nv,HAM_0007366
0,0.7090091705322266,1,ham10000,ISIC_0032689,nv,HAM_0007367
1,0.6235113143920898,1,ham10000,ISIC_0032017,mel,HAM_0007368
0,0.6971701979637146,1,ham10000,ISIC_0024593,nv,HAM_0007369
0,0.3802398443222046,1,ham10000,ISIC_0026002,nv,HAM_0007371
0,0.09421961009502411,0,ham10000,ISIC_0030283,vasc,HAM_0007372
0,0.8578513264656067,1,ham10000,ISIC_0024723,nv,HAM_0007373
0,0.22249694168567657,0,ham10000,ISIC_0025730,nv,HAM_0007374
0,0.16851980984210968,0,ham10000,ISIC_0027233,nv,HAM_0007375
0,0.5307268500328064,1,ham10000,ISIC_0032616,nv,HAM_0007376
0,0.4124636948108673,1,ham10000,ISIC_0029695,nv,HAM_0007377
0,0.35701605677604675,1,ham10000,ISIC_0025692,nv,HAM_0007378
0,0.38339412212371826,1,ham10000,ISIC_0029155,nv,HAM_0007379
0,0.4456447958946228,1,ham10000,ISIC_0029324,nv,HAM_0007380
0,0.3376380503177643,1,ham10000,ISIC_0027083,bkl,HAM_0007381
0,0.11958111077547073,0,ham10000,ISIC_0030030,nv,HAM_0007382
0,0.31282854080200195,1,ham10000,ISIC_0026812,nv,HAM_0007383
0,0.7946436405181885,1,ham10000,ISIC_0032725,bkl,HAM_0007384
0,0.610522985458374,1,ham10000,ISIC_0025043,nv,HAM_0007385
0,0.2172500193119049,0,ham10000,ISIC_0024568,nv,HAM_0007386
0,0.21435502171516418,0,ham10000,ISIC_0027119,nv,HAM_0007387
0,0.44781798124313354,1,ham10000,ISIC_0031693,nv,HAM_0007388
0,0.4590754210948944,1,ham10000,ISIC_0029090,nv,HAM_0007389
1,0.3812844753265381,1,ham10000,ISIC_0027043,mel,HAM_0007390
0,0.5629988312721252,1,ham10000,ISIC_0031926,nv,HAM_0007391
0,0.4248392879962921,1,ham10000,ISIC_0024905,nv,HAM_0007392
0,0.27928686141967773,0,ham10000,ISIC_0024850,bkl,HAM_0007393
0,0.268498957157135,0,ham10000,ISIC_0030864,nv,HAM_0007394
0,0.5275711417198181,1,ham10000,ISIC_0031133,bkl,HAM_0007395
0,0.25790587067604065,0,ham10000,ISIC_0033554,df,HAM_0007396
0,0.3357850909233093,1,ham10000,ISIC_0027393,nv,HAM_0007397
0,0.5133340954780579,1,ham10000,ISIC_0027445,nv,HAM_0007399
0,0.1915971040725708,0,ham10000,ISIC_0027329,nv,HAM_0007400
0,0.31464770436286926,1,ham10000,ISIC_0031849,nv,HAM_0007401
0,0.7894565463066101,1,ham10000,ISIC_0033079,bkl,HAM_0007402
0,0.2994052469730377,1,ham10000,ISIC_0025440,nv,HAM_0007403
0,0.258731871843338,0,ham10000,ISIC_0030295,nv,HAM_0007404
0,0.4172963798046112,1,ham10000,ISIC_0027694,nv,HAM_0007405
0,0.31472137570381165,1,ham10000,ISIC_0028253,nv,HAM_0007406
0,0.4156797230243683,1,ham10000,ISIC_0026161,nv,HAM_0007407
0,0.5123046636581421,1,ham10000,ISIC_0028377,nv,HAM_0007408
0,0.25994449853897095,0,ham10000,ISIC_0025076,bkl,HAM_0007409
0,0.5906198620796204,1,ham10000,ISIC_0029962,df,HAM_0007410
0,0.610699474811554,1,ham10000,ISIC_0028444,nv,HAM_0007411
0,0.36245545744895935,1,ham10000,ISIC_0031949,nv,HAM_0007412
0,0.48126938939094543,1,ham10000,ISIC_0027984,nv,HAM_0007413
0,0.6729250550270081,1,ham10000,ISIC_0026434,nv,HAM_0007414
0,0.38804683089256287,1,ham10000,ISIC_0032515,nv,HAM_0007415
0,0.5256063342094421,1,ham10000,ISIC_0025281,nv,HAM_0007416
0,0.3501494824886322,1,ham10000,ISIC_0026801,nv,HAM_0007417
0,0.6085686087608337,1,ham10000,ISIC_0026313,df,HAM_0007418
0,0.34717294573783875,1,ham10000,ISIC_0029543,nv,HAM_0007419
1,0.6185881495475769,1,ham10000,ISIC_0031890,mel,HAM_0007420
0,0.6145938634872437,1,ham10000,ISIC_0025302,df,HAM_0007421
0,0.5569753646850586,1,ham10000,ISIC_0024862,nv,HAM_0007422
0,0.5332960486412048,1,ham10000,ISIC_0025582,nv,HAM_0007423
0,0.40278157591819763,1,ham10000,ISIC_0030560,nv,HAM_0007424
0,0.4905528128147125,1,ham10000,ISIC_0025823,nv,HAM_0007425
0,0.6899206042289734,1,ham10000,ISIC_0027034,nv,HAM_0007426
0,0.3956442177295685,1,ham10000,ISIC_0033491,bkl,HAM_0007427
1,0.8125659823417664,1,ham10000,ISIC_0028106,bcc,HAM_0007428
0,0.442996621131897,1,ham10000,ISIC_0024447,nv,HAM_0007429
0,0.3480979800224304,1,ham10000,ISIC_0029088,nv,HAM_0007430
0,0.6986600160598755,1,ham10000,ISIC_0031620,bkl,HAM_0007431
0,0.41741496324539185,1,ham10000,ISIC_0025067,nv,HAM_0007432
0,0.38462209701538086,1,ham10000,ISIC_0033077,nv,HAM_0007433
0,0.6647294759750366,1,ham10000,ISIC_0024816,nv,HAM_0007434
0,0.2714028060436249,0,ham10000,ISIC_0030359,nv,HAM_0007435
0,0.34735286235809326,1,ham10000,ISIC_0026878,nv,HAM_0007436
0,0.5173457264900208,1,ham10000,ISIC_0024745,nv,HAM_0007437
0,0.2850828468799591,0,ham10000,ISIC_0028203,nv,HAM_0007438
0,0.550857663154602,1,ham10000,ISIC_0024890,bkl,HAM_0007439
0,0.403543621301651,1,ham10000,ISIC_0029882,nv,HAM_0007440
0,0.22658230364322662,0,ham10000,ISIC_0024548,nv,HAM_0007441
0,0.6157436370849609,1,ham10000,ISIC_0032067,nv,HAM_0007442
0,0.7099735736846924,1,ham10000,ISIC_0031206,nv,HAM_0007443
0,0.5037109851837158,1,ham10000,ISIC_0032977,nv,HAM_0007444
0,0.46236246824264526,1,ham10000,ISIC_0024734,nv,HAM_0007445
1,0.7355338931083679,1,ham10000,ISIC_0028457,bcc,HAM_0007446
0,0.42342427372932434,1,ham10000,ISIC_0030489,nv,HAM_0007447
0,0.6951460242271423,1,ham10000,ISIC_0032294,nv,HAM_0007448
0,0.588981568813324,1,ham10000,ISIC_0025912,nv,HAM_0007449
0,0.5012868046760559,1,ham10000,ISIC_0027340,nv,HAM_0007450
0,0.5040079951286316,1,ham10000,ISIC_0032527,nv,HAM_0007451
0,0.1706083118915558,0,ham10000,ISIC_0024811,nv,HAM_0007452
0,0.39194455742836,1,ham10000,ISIC_0024510,nv,HAM_0007453
1,0.7902372479438782,1,ham10000,ISIC_0032214,mel,HAM_0007454
0,0.2559601366519928,0,ham10000,ISIC_0027441,nv,HAM_0007455
0,0.4936150014400482,1,ham10000,ISIC_0028167,nv,HAM_0007456
0,0.36724013090133667,1,ham10000,ISIC_0029813,nv,HAM_0007457
0,0.23478955030441284,0,ham10000,ISIC_0030266,nv,HAM_0007458
0,0.30618762969970703,1,ham10000,ISIC_0029886,nv,HAM_0007459
0,0.26544299721717834,0,ham10000,ISIC_0032578,nv,HAM_0007460
0,0.45084771513938904,1,ham10000,ISIC_0025717,nv,HAM_0007461
0,0.49110478162765503,1,ham10000,ISIC_0032633,nv,HAM_0007462
0,0.5247858166694641,1,ham10000,ISIC_0028371,nv,HAM_0007464
0,0.3685888648033142,1,ham10000,ISIC_0031392,nv,HAM_0007465
0,0.3335711658000946,1,ham10000,ISIC_0031355,nv,HAM_0007466
0,0.6008386611938477,1,ham10000,ISIC_0029085,nv,HAM_0007467
0,0.26251545548439026,0,ham10000,ISIC_0024831,nv,HAM_0007468
0,0.6146358847618103,1,ham10000,ISIC_0030049,nv,HAM_0007469
1,0.6973485946655273,1,ham10000,ISIC_0032536,bcc,HAM_0007471
0,0.20221304893493652,0,ham10000,ISIC_0027274,nv,HAM_0007472
0,0.19566693902015686,0,ham10000,ISIC_0025858,nv,HAM_0007473
1,0.7018385529518127,1,ham10000,ISIC_0024848,bcc,HAM_0007474
0,0.3329055607318878,1,ham10000,ISIC_0033408,nv,HAM_0007475
0,0.3721315860748291,1,ham10000,ISIC_0025108,nv,HAM_0007476
0,0.35020095109939575,1,ham10000,ISIC_0025950,nv,HAM_0007477
0,0.3873444199562073,1,ham10000,ISIC_0033040,nv,HAM_0007478
0,0.5259495973587036,1,ham10000,ISIC_0024406,nv,HAM_0007480
0,0.2760695219039917,0,ham10000,ISIC_0026837,nv,HAM_0007481
0,0.5669768452644348,1,ham10000,ISIC_0030004,nv,HAM_0007482
0,0.47426581382751465,1,ham10000,ISIC_0032628,nv,HAM_0007483
0,0.7024985551834106,1,ham10000,ISIC_0030710,nv,HAM_0007484
0,0.11054330319166183,0,ham10000,ISIC_0032438,nv,HAM_0007485
0,0.41147446632385254,1,ham10000,ISIC_0031500,nv,HAM_0007486
0,0.2784600257873535,0,ham10000,ISIC_0030097,nv,HAM_0007487
1,0.5546814203262329,1,ham10000,ISIC_0024952,mel,HAM_0007488
0,0.46255427598953247,1,ham10000,ISIC_0028011,nv,HAM_0007489
0,0.5131734609603882,1,ham10000,ISIC_0025968,nv,HAM_0007490
0,0.46727320551872253,1,ham10000,ISIC_0029183,nv,HAM_0007491
0,0.4705379903316498,1,ham10000,ISIC_0032193,nv,HAM_0007492
0,0.4684300124645233,1,ham10000,ISIC_0030931,nv,HAM_0007493
0,0.4087400436401367,1,ham10000,ISIC_0033136,nv,HAM_0007494
0,0.35622861981391907,1,ham10000,ISIC_0027491,nv,HAM_0007495
0,0.22984033823013306,0,ham10000,ISIC_0028083,nv,HAM_0007496
1,0.4529275596141815,1,ham10000,ISIC_0026829,bcc,HAM_0007497
1,0.4993506073951721,1,ham10000,ISIC_0025546,mel,HAM_0007498
0,0.5692014098167419,1,ham10000,ISIC_0025981,nv,HAM_0007499
0,0.3341168165206909,1,ham10000,ISIC_0027435,bkl,HAM_0007500
0,0.665542721748352,1,ham10000,ISIC_0030780,nv,HAM_0007501
1,0.8465678691864014,1,ham10000,ISIC_0030754,mel,HAM_0007502
0,0.13033349812030792,0,ham10000,ISIC_0026109,nv,HAM_0007503
0,0.583089292049408,1,ham10000,ISIC_0026359,nv,HAM_0007504
0,0.40037068724632263,1,ham10000,ISIC_0027061,nv,HAM_0007505
0,0.306968629360199,1,ham10000,ISIC_0029403,nv,HAM_0007506
1,0.6089594960212708,1,ham10000,ISIC_0031056,bcc,HAM_0007507
0,0.2754472494125366,0,ham10000,ISIC_0025763,nv,HAM_0007508
0,0.2605636417865753,0,ham10000,ISIC_0027542,nv,HAM_0007509
0,0.3360680043697357,1,ham10000,ISIC_0025587,nv,HAM_0007510
1,0.6350473165512085,1,ham10000,ISIC_0024333,mel,HAM_0007511
0,0.28111904859542847,0,ham10000,ISIC_0028546,nv,HAM_0007512
0,0.4081268906593323,1,ham10000,ISIC_0024676,bkl,HAM_0007513
0,0.6025813817977905,1,ham10000,ISIC_0028118,nv,HAM_0007514
0,0.41591742634773254,1,ham10000,ISIC_0025333,nv,HAM_0007515
0,0.3662182688713074,1,ham10000,ISIC_0024441,nv,HAM_0007516
0,0.5940452814102173,1,ham10000,ISIC_0032172,nv,HAM_0007517
0,0.10991014540195465,0,ham10000,ISIC_0031015,nv,HAM_0007518
0,0.16395337879657745,0,ham10000,ISIC_0032865,nv,HAM_0007519
0,0.2732756733894348,0,ham10000,ISIC_0029595,nv,HAM_0007520
0,0.3909381628036499,1,ham10000,ISIC_0032156,bkl,HAM_0007521
1,0.6739115118980408,1,ham10000,ISIC_0027904,mel,HAM_0007522
0,0.25437799096107483,0,ham10000,ISIC_0026461,nv,HAM_0007523
0,0.6440253257751465,1,ham10000,ISIC_0027994,nv,HAM_0007525
0,0.9308956861495972,1,ham10000,ISIC_0030244,df,HAM_0007526
0,0.502941370010376,1,ham10000,ISIC_0032426,nv,HAM_0007527
0,0.9022339582443237,1,ham10000,ISIC_0027003,nv,HAM_0007528
0,0.7025433778762817,1,ham10000,ISIC_0026607,bkl,HAM_0007529
1,0.5553705096244812,1,ham10000,ISIC_0024410,mel,HAM_0007530
0,0.14891177415847778,0,ham10000,ISIC_0030837,nv,HAM_0007531
0,0.7958369255065918,1,ham10000,ISIC_0024662,vasc,HAM_0007532
0,0.3672659397125244,1,ham10000,ISIC_0033463,nv,HAM_0007533
1,0.6390499472618103,1,ham10000,ISIC_0024829,bcc,HAM_0007535
0,0.43811824917793274,1,ham10000,ISIC_0025445,nv,HAM_0007536
0,0.2849460542201996,0,ham10000,ISIC_0025420,nv,HAM_0007537
1,0.7091277241706848,1,ham10000,ISIC_0024315,mel,HAM_0007538
0,0.28629469871520996,0,ham10000,ISIC_0026875,nv,HAM_0007539
0,0.3889608383178711,1,ham10000,ISIC_0032118,nv,HAM_0007540
0,0.6054688692092896,1,ham10000,ISIC_0032540,nv,HAM_0007541
0,0.5654535889625549,1,ham10000,ISIC_0024519,nv,HAM_0007543
0,0.19355641305446625,0,ham10000,ISIC_0031390,nv,HAM_0007544
0,0.3789738118648529,1,ham10000,ISIC_0027129,nv,HAM_0007545
0,0.1681026965379715,0,ham10000,ISIC_0025429,nv,HAM_0007547
0,0.25990012288093567,0,ham10000,ISIC_0026633,nv,HAM_0007548
0,0.38134390115737915,1,ham10000,ISIC_0025216,nv,HAM_0007549
1,0.8841678500175476,1,ham10000,ISIC_0026528,bcc,HAM_0007550
0,0.3675011098384857,1,ham10000,ISIC_0032016,nv,HAM_0007551
0,0.4755937457084656,1,ham10000,ISIC_0032731,nv,HAM_0007552
0,0.6660947203636169,1,ham10000,ISIC_0031676,nv,HAM_0007553
0,0.30043941736221313,1,ham10000,ISIC_0028193,nv,HAM_0007554
1,0.22408056259155273,0,ham10000,ISIC_0030602,akiec,HAM_0007555
0,0.46653544902801514,1,ham10000,ISIC_0028893,nv,HAM_0007556
1,0.31767335534095764,1,ham10000,ISIC_0030964,bcc,HAM_0007557
1,0.49395251274108887,1,ham10000,ISIC_0028410,mel,HAM_0007558
0,0.1477981060743332,0,ham10000,ISIC_0028603,nv,HAM_0007559
1,0.6226162314414978,1,ham10000,ISIC_0024987,mel,HAM_0007560
0,0.1903582215309143,0,ham10000,ISIC_0031458,nv,HAM_0007561
0,0.5628814697265625,1,ham10000,ISIC_0033671,nv,HAM_0007562
0,0.4041565954685211,1,ham10000,ISIC_0025075,bkl,HAM_0007563
0,0.5965149998664856,1,ham10000,ISIC_0028119,nv,HAM_0007564
0,0.31079307198524475,1,ham10000,ISIC_0028241,nv,HAM_0007565
0,0.7223671674728394,1,ham10000,ISIC_0028834,nv,HAM_0007566
0,0.44774937629699707,1,ham10000,ISIC_0031588,nv,HAM_0007567
0,0.2044047713279724,0,ham10000,ISIC_0024867,vasc,HAM_0007568
0,0.6124513745307922,1,ham10000,ISIC_0025373,df,HAM_0007569
1,0.5339276790618896,1,ham10000,ISIC_0026430,mel,HAM_0007570
0,0.903505265712738,1,ham10000,ISIC_0029836,bkl,HAM_0007571
0,0.3039194345474243,1,ham10000,ISIC_0029420,bkl,HAM_0007573
1,0.7252988815307617,1,ham10000,ISIC_0033238,mel,HAM_0007574
0,0.6033360362052917,1,ham10000,ISIC_0027115,nv,HAM_0007576
0,0.7799126505851746,1,ham10000,ISIC_0030305,nv,HAM_0007577
0,0.38983064889907837,1,ham10000,ISIC_0030867,nv,HAM_0007578
0,0.5199652910232544,1,ham10000,ISIC_0027571,nv,HAM_0007579
0,0.6872522830963135,1,ham10000,ISIC_0027877,nv,HAM_0007580
0,0.3942367136478424,1,ham10000,ISIC_0027092,nv,HAM_0007582
1,0.562970757484436,1,ham10000,ISIC_0033081,mel,HAM_0007583
0,0.5378710627555847,1,ham10000,ISIC_0025139,nv,HAM_0007584
0,0.6060670614242554,1,ham10000,ISIC_0032347,nv,HAM_0007585
1,0.5233754515647888,1,ham10000,ISIC_0029819,mel,HAM_0007586
0,0.222518190741539,0,ham10000,ISIC_0029762,nv,HAM_0007587
1,0.24741782248020172,0,ham10000,ISIC_0030230,bcc,HAM_0007588
1,0.7307916283607483,1,ham10000,ISIC_0034049,mel,HAM_0007589
0,0.5537533760070801,1,ham10000,ISIC_0028615,bkl,HAM_0007590
0,0.6836680769920349,1,ham10000,ISIC_0025351,bkl,HAM_0007591
1,0.5532262921333313,1,ham10000,ISIC_0027149,mel,HAM_0007592
0,0.31882989406585693,1,ham10000,ISIC_0031854,nv,HAM_0007593
0,0.19969087839126587,0,ham10000,ISIC_0028772,nv,HAM_0007594
0,0.23412823677062988,0,ham10000,ISIC_0025288,nv,HAM_0007595
0,0.6046843528747559,1,ham10000,ISIC_0032764,nv,HAM_0007596
0,0.357282429933548,1,ham10000,ISIC_0028274,nv,HAM_0007597
0,0.6484944224357605,1,ham10000,ISIC_0026514,bkl,HAM_0007598
0,0.1928279846906662,0,ham10000,ISIC_0029255,nv,HAM_0007599
0,0.494930237531662,1,ham10000,ISIC_0025375,nv,HAM_0007600
1,0.2340490221977234,0,ham10000,ISIC_0027447,akiec,HAM_0007601
0,0.4057096242904663,1,ham10000,ISIC_0031262,nv,HAM_0007602
0,0.367154985666275,1,ham10000,ISIC_0029139,bkl,HAM_0007603
0,0.5771365165710449,1,ham10000,ISIC_0027027,bkl,HAM_0007604
0,0.34718212485313416,1,ham10000,ISIC_0024699,nv,HAM_0007605
0,0.46750423312187195,1,ham10000,ISIC_0025870,nv,HAM_0007606
0,0.7564296126365662,1,ham10000,ISIC_0025883,bkl,HAM_0007607
0,0.29149356484413147,0,ham10000,ISIC_0028609,nv,HAM_0007608
0,0.8413861989974976,1,ham10000,ISIC_0026326,nv,HAM_0007609
0,0.27350911498069763,0,ham10000,ISIC_0030855,nv,HAM_0007610
1,0.7121084332466125,1,ham10000,ISIC_0032314,bcc,HAM_0007611
0,0.1493840515613556,0,ham10000,ISIC_0025688,nv,HAM_0007612
0,0.3117517828941345,1,ham10000,ISIC_0024912,nv,HAM_0007613
0,0.4745205342769623,1,ham10000,ISIC_0027672,vasc,HAM_0007614
0,0.576046347618103,1,ham10000,ISIC_0027417,nv,HAM_0007615
0,0.635461688041687,1,ham10000,ISIC_0027373,nv,HAM_0007616
1,0.8681407570838928,1,ham10000,ISIC_0024875,mel,HAM_0007617
0,0.4313529133796692,1,ham10000,ISIC_0030293,nv,HAM_0007618
0,0.48812761902809143,1,ham10000,ISIC_0026948,nv,HAM_0007619
1,0.902698278427124,1,ham10000,ISIC_0027616,mel,HAM_0007620
0,0.31227627396583557,1,ham10000,ISIC_0024626,bkl,HAM_0007621
1,0.4267303943634033,1,ham10000,ISIC_0027562,akiec,HAM_0007622
1,0.5784503817558289,1,ham10000,ISIC_0025264,akiec,HAM_0007623
0,0.5922869443893433,1,ham10000,ISIC_0026322,nv,HAM_0007624
0,0.7143371105194092,1,ham10000,ISIC_0033378,bkl,HAM_0007625
0,0.18415148556232452,0,ham10000,ISIC_0031300,nv,HAM_0007626
1,0.7034441232681274,1,ham10000,ISIC_0026118,bcc,HAM_0007627
0,0.3183484971523285,1,ham10000,ISIC_0027059,nv,HAM_0007628
