y_true,y_prob,y_pred,source,image_id,dx,lesion_id
0,0.6620199084281921,1,ham10000,ISIC_0025346,nv,HAM_0000000
0,0.37609440088272095,1,ham10000,ISIC_0027859,bkl,HAM_0000001
1,0.3387557864189148,1,ham10000,ISIC_0032622,mel,HAM_0000002
0,0.4531494379043579,1,ham10000,ISIC_0027886,nv,HAM_0000003
0,0.35641202330589294,1,ham10000,ISIC_0024645,nv,HAM_0000004
1,0.273034006357193,1,ham10000,ISIC_0024579,akiec,HAM_0000005
1,0.5298448204994202,1,ham10000,ISIC_0032187,mel,HAM_0000006
0,0.2240271270275116,0,ham10000,ISIC_0033879,nv,HAM_0000007
0,0.1921793818473816,0,ham10000,ISIC_0029868,nv,HAM_0000008
1,0.8892458081245422,1,ham10000,ISIC_0026439,bcc,HAM_0000009
0,0.30999597907066345,1,ham10000,ISIC_0027730,nv,HAM_0000010
0,0.13801121711730957,0,ham10000,ISIC_0024678,nv,HAM_0000011
0,0.16622765362262726,0,ham10000,ISIC_0029348,nv,HAM_0000012
0,0.3185853958129883,1,ham10000,ISIC_0024655,nv,HAM_0000013
0,0.1943691223859787,0,ham10000,ISIC_0025640,nv,HAM_0000014
0,0.268711119890213,1,ham10000,ISIC_0031453,nv,HAM_0000015
0,0.17673571407794952,0,ham10000,ISIC_0029142,nv,HAM_0000016
0,0.14164885878562927,0,ham10000,ISIC_0025894,nv,HAM_0000017
0,0.3527079224586487,1,ham10000,ISIC_0032122,nv,HAM_0000018
0,0.2569783926010132,1,ham10000,ISIC_0025396,nv,HAM_0000019
1,0.1840406209230423,0,ham10000,ISIC_0031922,akiec,HAM_0000020
0,0.19002877175807953,0,ham10000,ISIC_0026773,nv,HAM_0000021
1,0.3137742578983307,1,ham10000,ISIC_0031377,mel,HAM_0000022
0,0.19073516130447388,0,ham10000,ISIC_0026144,nv,HAM_0000023
0,0.2970668375492096,1,ham10000,ISIC_0027141,df,HAM_0000024
0,0.5046693086624146,1,ham10000,ISIC_0024349,nv,HAM_0000025
0,0.13059429824352264,0,ham10000,ISIC_0029325,nv,HAM_0000026
0,0.15165646374225616,0,ham10000,ISIC_0030509,nv,HAM_0000027
0,0.1752638965845108,0,ham10000,ISIC_0026012,nv,HAM_0000028
0,0.0917108878493309,0,ham10000,ISIC_0026815,nv,HAM_0000029
0,0.2846074104309082,1,ham10000,ISIC_0031383,nv,HAM_0000030
0,0.16386912763118744,0,ham10000,ISIC_0028177,nv,HAM_0000031
0,0.2934603691101074,1,ham10000,ISIC_0032291,nv,HAM_0000032
0,0.19740957021713257,0,ham10000,ISIC_0031861,nv,HAM_0000033
0,0.4461074471473694,1,ham10000,ISIC_0032411,nv,HAM_0000034
0,0.15208013355731964,0,ham10000,ISIC_0028039,nv,HAM_0000035
0,0.26092687249183655,1,ham10000,ISIC_0024812,nv,HAM_0000036
0,0.36743831634521484,1,ham10000,ISIC_0027391,nv,HAM_0000037
0,0.36452460289001465,1,ham10000,ISIC_0026057,nv,HAM_0000038
0,0.337535560131073,1,ham10000,ISIC_0026103,nv,HAM_0000039
1,0.4592720568180084,1,ham10000,ISIC_0027190,mel,HAM_0000040
0,0.2001136690378189,0,ham10000,ISIC_0032211,nv,HAM_0000041
1,0.3540230691432953,1,ham10000,ISIC_0033905,mel,HAM_0000042
0,0.36617058515548706,1,ham10000,ISIC_0030152,nv,HAM_0000043
0,0.2111428678035736,0,ham10000,ISIC_0024798,nv,HAM_0000044
0,0.4244626462459564,1,ham10000,ISIC_0032126,nv,HAM_0000045
0,0.3192410469055176,1,ham10000,ISIC_0024631,nv,HAM_0000046
0,0.3864304721355438,1,ham10000,ISIC_0027810,nv,HAM_0000047
1,0.44712039828300476,1,ham10000,ISIC_0032774,mel,HAM_0000048
0,0.3753986060619354,1,ham10000,ISIC_0029130,df,HAM_0000049
0,0.47052499651908875,1,ham10000,ISIC_0030095,bkl,HAM_0000050
0,0.4309017062187195,1,ham10000,ISIC_0026342,nv,HAM_0000051
0,0.14585019648075104,0,ham10000,ISIC_0029890,nv,HAM_0000052
0,0.3468339145183563,1,ham10000,ISIC_0030376,nv,HAM_0000053
0,0.4995560944080353,1,ham10000,ISIC_0025795,nv,HAM_0000054
1,0.33473312854766846,1,ham10000,ISIC_0033546,mel,HAM_0000055
0,0.3230966031551361,1,ham10000,ISIC_0025725,nv,HAM_0000056
0,0.2658265233039856,1,ham10000,ISIC_0025122,nv,HAM_0000057
0,0.20838908851146698,0,ham10000,ISIC_0030302,nv,HAM_0000058
1,0.41282644867897034,1,ham10000,ISIC_0027033,mel,HAM_0000059
1,0.1876060515642166,0,ham10000,ISIC_0031406,mel,HAM_0000060
0,0.17011606693267822,0,ham10000,ISIC_0028417,nv,HAM_0000061
1,0.5668628811836243,1,ham10000,ISIC_0028878,mel,HAM_0000062
0,0.214756041765213,0,ham10000,ISIC_0031306,nv,HAM_0000063
1,0.2223309725522995,0,ham10000,ISIC_0032603,mel,HAM_0000064
1,0.26142627000808716,1,ham10000,ISIC_0025691,bcc,HAM_0000065
0,0.2934098243713379,1,ham10000,ISIC_0025014,nv,HAM_0000066
0,0.3215775489807129,1,ham10000,ISIC_0034017,nv,HAM_0000067
0,0.21263273060321808,0,ham10000,ISIC_0029045,nv,HAM_0000068
0,0.40058252215385437,1,ham10000,ISIC_0030226,bkl,HAM_0000069
0,0.30193427205085754,1,ham10000,ISIC_0027933,nv,HAM_0000070
0,0.2159942388534546,0,ham10000,ISIC_0029299,nv,HAM_0000071
0,0.4780816435813904,1,ham10000,ISIC_0028461,nv,HAM_0000072
0,0.3084017038345337,1,ham10000,ISIC_0029470,nv,HAM_0000073
0,0.29587915539741516,1,ham10000,ISIC_0024939,nv,HAM_0000074
1,0.6377721428871155,1,ham10000,ISIC_0025651,mel,HAM_0000075
0,0.14554184675216675,0,ham10000,ISIC_0028605,nv,HAM_0000076
0,0.15303689241409302,0,ham10000,ISIC_0030851,nv,HAM_0000077
0,0.31198781728744507,1,ham10000,ISIC_0030853,nv,HAM_0000078
1,0.3843690752983093,1,ham10000,ISIC_0033424,mel,HAM_0000079
0,0.3077075481414795,1,ham10000,ISIC_0033528,bkl,HAM_0000080
0,0.3177555203437805,1,ham10000,ISIC_0028072,nv,HAM_0000081
1,0.3986574709415436,1,ham10000,ISIC_0031698,bcc,HAM_0000082
0,0.3724261224269867,1,ham10000,ISIC_0028622,bkl,HAM_0000083
0,0.21187180280685425,0,ham10000,ISIC_0028036,nv,HAM_0000084
0,0.26210394501686096,1,ham10000,ISIC_0028421,nv,HAM_0000085
0,0.23963433504104614,1,ham10000,ISIC_0028081,nv,HAM_0000086
0,0.495990514755249,1,ham10000,ISIC_0033709,bkl,HAM_0000087
0,0.3657957911491394,1,ham10000,ISIC_0027131,nv,HAM_0000088
0,0.34868425130844116,1,ham10000,ISIC_0026783,bkl,HAM_0000089
0,0.33016014099121094,1,ham10000,ISIC_0032330,bkl,HAM_0000090
0,0.40825408697128296,1,ham10000,ISIC_0025737,nv,HAM_0000091
1,0.22268973290920258,0,ham10000,ISIC_0028964,bcc,HAM_0000092
0,0.2996247112751007,1,ham10000,ISIC_0030845,nv,HAM_0000093
0,0.31521424651145935,1,ham10000,ISIC_0026233,nv,HAM_0000094
1,0.3168286681175232,1,ham10000,ISIC_0033186,mel,HAM_0000095
0,0.1979818493127823,0,ham10000,ISIC_0029071,nv,HAM_0000096
1,0.22438517212867737,0,ham10000,ISIC_0033103,mel,HAM_0000097
0,0.3825647532939911,1,ham10000,ISIC_0029716,nv,HAM_0000098
1,0.2509862780570984,1,ham10000,ISIC_0027769,mel,HAM_0000099
0,0.16272538900375366,0,ham10000,ISIC_0024914,nv,HAM_0000100
0,0.26550036668777466,1,ham10000,ISIC_0032100,nv,HAM_0000101
0,0.2842651903629303,1,ham10000,ISIC_0031547,nv,HAM_0000102
0,0.16784605383872986,0,ham10000,ISIC_0032041,nv,HAM_0000103
0,0.35902732610702515,1,ham10000,ISIC_0031913,nv,HAM_0000104
0,0.38767823576927185,1,ham10000,ISIC_0031362,bkl,HAM_0000105
0,0.19144852459430695,0,ham10000,ISIC_0024770,bkl,HAM_0000106
1,0.4840756058692932,1,ham10000,ISIC_0033299,mel,HAM_0000107
0,0.2765013873577118,1,ham10000,ISIC_0027630,nv,HAM_0000108
0,0.23865638673305511,1,ham10000,ISIC_0031065,vasc,HAM_0000109
0,0.41344723105430603,1,ham10000,ISIC_0025703,bkl,HAM_0000110
0,0.20561863481998444,0,ham10000,ISIC_0024742,nv,HAM_0000111
0,0.3068915009498596,1,ham10000,ISIC_0033465,bkl,HAM_0000112
0,0.18716967105865479,0,ham10000,ISIC_0027989,bkl,HAM_0000113
0,0.2580507695674896,1,ham10000,ISIC_0028607,bkl,HAM_0000114
0,0.24221953749656677,1,ham10000,ISIC_0030745,nv,HAM_0000115
0,0.1576038897037506,0,ham10000,ISIC_0031688,nv,HAM_0000116
0,0.2373284548521042,1,ham10000,ISIC_0028005,nv,HAM_0000117
0,0.5396586656570435,1,ham10000,ISIC_0025030,bkl,HAM_0000118
1,0.5454803705215454,1,ham10000,ISIC_0033310,mel,HAM_0000119
0,0.17548930644989014,0,ham10000,ISIC_0030904,nv,HAM_0000120
0,0.271936297416687,1,ham10000,ISIC_0027025,bkl,HAM_0000121
0,0.37637633085250854,1,ham10000,ISIC_0028354,bkl,HAM_0000122
0,0.31059932708740234,1,ham10000,ISIC_0032293,nv,HAM_0000123
0,0.28842079639434814,1,ham10000,ISIC_0025091,nv,HAM_0000124
1,0.6864266395568848,1,ham10000,ISIC_0027964,mel,HAM_0000125
0,0.31530696153640747,1,ham10000,ISIC_0025354,nv,HAM_0000126
0,0.31910884380340576,1,ham10000,ISIC_0031375,nv,HAM_0000127
0,0.34506475925445557,1,ham10000,ISIC_0024968,nv,HAM_0000128
0,0.2304074466228485,0,ham10000,ISIC_0027486,nv,HAM_0000129
0,0.2401488870382309,1,ham10000,ISIC_0025727,nv,HAM_0000130
0,0.4137861132621765,1,ham10000,ISIC_0030769,nv,HAM_0000131
0,0.456146240234375,1,ham10000,ISIC_0032453,nv,HAM_0000132
1,0.3752003014087677,1,ham10000,ISIC_0028548,mel,HAM_0000133
0,0.19231648743152618,0,ham10000,ISIC_0029064,nv,HAM_0000134
0,0.358306884765625,1,ham10000,ISIC_0030362,nv,HAM_0000135
1,0.19693422317504883,0,ham10000,ISIC_0028065,mel,HAM_0000136
0,0.11245981603860855,0,ham10000,ISIC_0027460,nv,HAM_0000137
0,0.3306184709072113,1,ham10000,ISIC_0028780,nv,HAM_0000138
0,0.37081587314605713,1,ham10000,ISIC_0027909,nv,HAM_0000139
0,0.3442152440547943,1,ham10000,ISIC_0030074,nv,HAM_0000140
0,0.1804165095090866,0,ham10000,ISIC_0030477,nv,HAM_0000141
0,0.15394771099090576,0,ham10000,ISIC_0028501,nv,HAM_0000142
0,0.37024572491645813,1,ham10000,ISIC_0027751,nv,HAM_0000143
0,0.18921400606632233,0,ham10000,ISIC_0027558,nv,HAM_0000144
0,0.31718555092811584,1,ham10000,ISIC_0026807,nv,HAM_0000145
0,0.3772118091583252,1,ham10000,ISIC_0027667,nv,HAM_0000146
0,0.14219774305820465,0,ham10000,ISIC_0024993,nv,HAM_0000147
0,0.13421279191970825,0,ham10000,ISIC_0028768,nv,HAM_0000148
0,0.3970804810523987,1,ham10000,ISIC_0025113,bkl,HAM_0000149
0,0.3145570456981659,1,ham10000,ISIC_0024343,nv,HAM_0000150
0,0.13128435611724854,0,ham10000,ISIC_0029350,nv,HAM_0000151
1,0.47483280301094055,1,ham10000,ISIC_0032244,mel,HAM_0000152
1,0.23334741592407227,1,ham10000,ISIC_0031007,bcc,HAM_0000153
0,0.2009921669960022,0,ham10000,ISIC_0025930,nv,HAM_0000154
0,0.41312071681022644,1,ham10000,ISIC_0032390,nv,HAM_0000155
0,0.21484646201133728,0,ham10000,ISIC_0025643,nv,HAM_0000156
0,0.3626806139945984,1,ham10000,ISIC_0032392,nv,HAM_0000157
0,0.29776373505592346,1,ham10000,ISIC_0025082,nv,HAM_0000158
0,0.16579829156398773,0,ham10000,ISIC_0024540,nv,HAM_0000159
0,0.43427661061286926,1,ham10000,ISIC_0027611,nv,HAM_0000160
0,0.34939998388290405,1,ham10000,ISIC_0031820,nv,HAM_0000161
0,0.28867849707603455,1,ham10000,ISIC_0026609,nv,HAM_0000162
0,0.1868431270122528,0,ham10000,ISIC_0025534,nv,HAM_0000163
0,0.4036310017108917,1,ham10000,ISIC_0026273,bkl,HAM_0000164
0,0.2755732238292694,1,ham10000,ISIC_0033833,nv,HAM_0000165
0,0.31190723180770874,1,ham10000,ISIC_0028954,nv,HAM_0000166
0,0.38346824049949646,1,ham10000,ISIC_0029431,nv,HAM_0000167
0,0.18200437724590302,0,ham10000,ISIC_0031353,nv,HAM_0000168
1,0.3275161683559418,1,ham10000,ISIC_0032960,mel,HAM_0000169
0,0.29758012294769287,1,ham10000,ISIC_0029918,nv,HAM_0000170
0,0.17533822357654572,0,ham10000,ISIC_0027660,nv,HAM_0000171
0,0.24338512122631073,1,ham10000,ISIC_0027182,nv,HAM_0000172
0,0.22263403236865997,0,ham10000,ISIC_0025026,nv,HAM_0000173
0,0.5308831334114075,1,ham10000,ISIC_0031091,nv,HAM_0000174
0,0.14545151591300964,0,ham10000,ISIC_0028356,nv,HAM_0000175
1,0.7037102580070496,1,ham10000,ISIC_0032862,mel,HAM_0000176
0,0.3282220661640167,1,ham10000,ISIC_0025820,nv,HAM_0000177
0,0.462999165058136,1,ham10000,ISIC_0031397,nv,HAM_0000178
1,0.4051872491836548,1,ham10000,ISIC_0032550,mel,HAM_0000179
0,0.16425645351409912,0,ham10000,ISIC_0029086,nv,HAM_0000180
0,0.40561366081237793,1,ham10000,ISIC_0033543,nv,HAM_0000181
0,0.3095715641975403,1,ham10000,ISIC_0025096,nv,HAM_0000182
0,0.21435599029064178,0,ham10000,ISIC_0027764,nv,HAM_0000183
0,0.22770573198795319,0,ham10000,ISIC_0027412,nv,HAM_0000184
0,0.19851365685462952,0,ham10000,ISIC_0027906,nv,HAM_0000185
0,0.260947048664093,1,ham10000,ISIC_0029080,bkl,HAM_0000186
0,0.177955761551857,0,ham10000,ISIC_0026260,nv,HAM_0000187
0,0.3866007924079895,1,ham10000,ISIC_0027020,nv,HAM_0000188
1,0.5845527052879333,1,ham10000,ISIC_0024504,bcc,HAM_0000189
0,0.3599989116191864,1,ham10000,ISIC_0031946,nv,HAM_0000190
0,0.3144863545894623,1,ham10000,ISIC_0030206,nv,HAM_0000191
0,0.3352443277835846,1,ham10000,ISIC_0025595,nv,HAM_0000192
1,0.2661861777305603,1,ham10000,ISIC_0027950,akiec,HAM_0000193
0,0.16620376706123352,0,ham10000,ISIC_0030456,nv,HAM_0000194
1,0.45689716935157776,1,ham10000,ISIC_0028495,bcc,HAM_0000195
0,0.25396934151649475,1,ham10000,ISIC_0032377,nv,HAM_0000196
0,0.3708212375640869,1,ham10000,ISIC_0024889,nv,HAM_0000197
0,0.32635971903800964,1,ham10000,ISIC_0026923,bkl,HAM_0000198
0,0.31347066164016724,1,ham10000,ISIC_0026127,nv,HAM_0000199
0,0.32016369700431824,1,ham10000,ISIC_0028213,nv,HAM_0000200
1,0.33922988176345825,1,ham10000,ISIC_0031408,mel,HAM_0000201
0,0.19271358847618103,0,ham10000,ISIC_0027219,bkl,HAM_0000202
0,0.20459161698818207,0,ham10000,ISIC_0024738,nv,HAM_0000203
0,0.35455259680747986,1,ham10000,ISIC_0026825,nv,HAM_0000204
0,0.3856365978717804,1,ham10000,ISIC_0029471,nv,HAM_0000205
1,0.622052788734436,1,ham10000,ISIC_0033431,mel,HAM_0000206
0,0.3624779284000397,1,ham10000,ISIC_0027451,bkl,HAM_0000207
0,0.2624860405921936,1,ham10000,ISIC_0032681,bkl,HAM_0000208
0,0.30352166295051575,1,ham10000,ISIC_0024776,nv,HAM_0000209
1,0.4097345173358917,1,ham10000,ISIC_0024624,mel,HAM_0000210
0,0.3709006905555725,1,ham10000,ISIC_0029482,nv,HAM_0000211
1,0.28285351395606995,1,ham10000,ISIC_0028871,bcc,HAM_0000212
0,0.2387305051088333,1,ham10000,ISIC_0029167,nv,HAM_0000213
0,0.2232946902513504,0,ham10000,ISIC_0033364,nv,HAM_0000214
0,0.25045159459114075,1,ham10000,ISIC_0025484,bkl,HAM_0000215
0,0.20817412436008453,0,ham10000,ISIC_0033936,nv,HAM_0000216
0,0.3218511939048767,1,ham10000,ISIC_0029881,nv,HAM_0000217
0,0.23199987411499023,0,ham10000,ISIC_0025552,nv,HAM_0000218
0,0.1886809915304184,0,ham10000,ISIC_0030550,nv,HAM_0000219
1,0.31305283308029175,1,ham10000,ISIC_0030360,mel,HAM_0000220
0,0.12419780343770981,0,ham10000,ISIC_0026344,nv,HAM_0000221
0,0.375034362077713,1,ham10000,ISIC_0027658,nv,HAM_0000222
0,0.2544455826282501,1,ham10000,ISIC_0027968,nv,HAM_0000223
0,0.11826955527067184,0,ham10000,ISIC_0024542,nv,HAM_0000224
0,0.2103385180234909,0,ham10000,ISIC_0029645,nv,HAM_0000225
0,0.4417968988418579,1,ham10000,ISIC_0024854,nv,HAM_0000226
0,0.29984617233276367,1,ham10000,ISIC_0032201,nv,HAM_0000227
0,0.14875508844852448,0,ham10000,ISIC_0025146,nv,HAM_0000228
0,0.34889310598373413,1,ham10000,ISIC_0030086,nv,HAM_0000229
0,0.20450569689273834,0,ham10000,ISIC_0029720,nv,HAM_0000230
0,0.42462489008903503,1,ham10000,ISIC_0024608,nv,HAM_0000231
0,0.2117946594953537,0,ham10000,ISIC_0029950,nv,HAM_0000232
1,0.19331924617290497,0,ham10000,ISIC_0026314,mel,HAM_0000233
0,0.2646889090538025,1,ham10000,ISIC_0032431,nv,HAM_0000234
0,0.3643319308757782,1,ham10000,ISIC_0025910,nv,HAM_0000235
0,0.6180251836776733,1,ham10000,ISIC_0024592,bkl,HAM_0000236
0,0.331734299659729,1,ham10000,ISIC_0027893,bkl,HAM_0000237
0,0.20030321180820465,0,ham10000,ISIC_0024910,bkl,HAM_0000238
1,0.22812746465206146,0,ham10000,ISIC_0032854,akiec,HAM_0000239
0,0.2553692162036896,1,ham10000,ISIC_0028552,nv,HAM_0000240
1,0.22113309800624847,0,ham10000,ISIC_0030932,mel,HAM_0000241
0,0.27879655361175537,1,ham10000,ISIC_0028273,nv,HAM_0000242
0,0.31986403465270996,1,ham10000,ISIC_0024445,bkl,HAM_0000243
0,0.09802239388227463,0,ham10000,ISIC_0029057,nv,HAM_0000244
0,0.27007535099983215,1,ham10000,ISIC_0027454,bkl,HAM_0000245
0,0.2623668611049652,1,ham10000,ISIC_0027079,nv,HAM_0000246
1,0.611168622970581,1,ham10000,ISIC_0025132,mel,HAM_0000247
0,0.24281708896160126,1,ham10000,ISIC_0024667,nv,HAM_0000248
0,0.17574214935302734,0,ham10000,ISIC_0027847,nv,HAM_0000249
0,0.13045518100261688,0,ham10000,ISIC_0026838,nv,HAM_0000250
0,0.22930143773555756,0,ham10000,ISIC_0025404,nv,HAM_0000251
0,0.404990553855896,1,ham10000,ISIC_0024953,nv,HAM_0000252
0,0.2525781989097595,1,ham10000,ISIC_0030012,nv,HAM_0000253
0,0.3599696755409241,1,ham10000,ISIC_0026939,nv,HAM_0000254
0,0.25938305258750916,1,ham10000,ISIC_0031786,nv,HAM_0000255
0,0.38813313841819763,1,ham10000,ISIC_0029347,nv,HAM_0000256
0,0.2286413013935089,0,ham10000,ISIC_0030531,nv,HAM_0000257
0,0.21174383163452148,0,ham10000,ISIC_0030909,nv,HAM_0000258
0,0.36381250619888306,1,ham10000,ISIC_0024477,bkl,HAM_0000259
0,0.31308937072753906,1,ham10000,ISIC_0026436,nv,HAM_0000260
0,0.3964002728462219,1,ham10000,ISIC_0026743,nv,HAM_0000261
0,0.43001213669776917,1,ham10000,ISIC_0030326,nv,HAM_0000262
1,0.3587896525859833,1,ham10000,ISIC_0033001,bcc,HAM_0000263
0,0.2706136703491211,1,ham10000,ISIC_0027074,nv,HAM_0000264
0,0.4723530113697052,1,ham10000,ISIC_0027283,nv,HAM_0000265
0,0.20499452948570251,0,ham10000,ISIC_0024933,nv,HAM_0000266
0,0.2152215987443924,0,ham10000,ISIC_0026809,nv,HAM_0000267
0,0.46723416447639465,1,ham10000,ISIC_0025160,nv,HAM_0000268
0,0.2097073197364807,0,ham10000,ISIC_0029354,nv,HAM_0000269
0,0.2323608547449112,1,ham10000,ISIC_0031167,nv,HAM_0000270
0,0.18327128887176514,0,ham10000,ISIC_0026408,nv,HAM_0000271
0,0.37894758582115173,1,ham10000,ISIC_0026370,nv,HAM_0000272
0,0.4263744056224823,1,ham10000,ISIC_0025106,nv,HAM_0000273
1,0.3900604248046875,1,ham10000,ISIC_0031479,mel,HAM_0000274
0,0.24754704535007477,1,ham10000,ISIC_0028645,nv,HAM_0000275
0,0.33404049277305603,1,ham10000,ISIC_0029864,nv,HAM_0000276
0,0.1905020922422409,0,ham10000,ISIC_0029182,nv,HAM_0000277
0,0.295307993888855,1,ham10000,ISIC_0024484,nv,HAM_0000278
0,0.34727510809898376,1,ham10000,ISIC_0028429,nv,HAM_0000279
0,0.17096281051635742,0,ham10000,ISIC_0032326,nv,HAM_0000280
0,0.3446037769317627,1,ham10000,ISIC_0030577,nv,HAM_0000281
1,0.5665671825408936,1,ham10000,ISIC_0027155,mel,HAM_0000282
0,0.19583305716514587,0,ham10000,ISIC_0025159,nv,HAM_0000283
0,0.18695618212223053,0,ham10000,ISIC_0025225,nv,HAM_0000284
0,0.24561674892902374,1,ham10000,ISIC_0026925,nv,HAM_0000285
0,0.227827787399292,0,ham10000,ISIC_0029099,vasc,HAM_0000286
0,0.3505624830722809,1,ham10000,ISIC_0027203,nv,HAM_0000287
0,0.28652268648147583,1,ham10000,ISIC_0027062,nv,HAM_0000288
0,0.3837490379810333,1,ham10000,ISIC_0032226,nv,HAM_0000289
0,0.31910163164138794,1,ham10000,ISIC_0024526,nv,HAM_0000290
0,0.3299008309841156,1,ham10000,ISIC_0028263,nv,HAM_0000291
0,0.27937421202659607,1,ham10000,ISIC_0031445,nv,HAM_0000292
0,0.3707028031349182,1,ham10000,ISIC_0030154,nv,HAM_0000293
0,0.3003431558609009,1,ham10000,ISIC_0032664,nv,HAM_0000294
0,0.2783389687538147,1,ham10000,ISIC_0028590,nv,HAM_0000295
0,0.23901493847370148,1,ham10000,ISIC_0031761,bkl,HAM_0000296
0,0.18766836822032928,0,ham10000,ISIC_0029424,nv,HAM_0000297
0,0.31238481402397156,1,ham10000,ISIC_0029051,bkl,HAM_0000298
0,0.33150458335876465,1,ham10000,ISIC_0024471,bkl,HAM_0000299
0,0.20134611427783966,0,ham10000,ISIC_0030725,nv,HAM_0000300
0,0.24747638404369354,1,ham10000,ISIC_0026112,nv,HAM_0000301
0,0.4787428081035614,1,ham10000,ISIC_0025942,nv,HAM_0000302
0,0.14132444560527802,0,ham10000,ISIC_0026476,nv,HAM_0000303
0,0.14425776898860931,0,ham10000,ISIC_0033276,nv,HAM_0000304
0,0.29664134979248047,1,ham10000,ISIC_0030815,nv,HAM_0000305
0,0.20325447618961334,0,ham10000,ISIC_0029253,nv,HAM_0000306
0,0.342438668012619,1,ham10000,ISIC_0027011,nv,HAM_0000307
0,0.25394344329833984,1,ham10000,ISIC_0025136,bkl,HAM_0000308
0,0.6482475399971008,1,ham10000,ISIC_0034142,bkl,HAM_0000309
0,0.22213992476463318,0,ham10000,ISIC_0032386,nv,HAM_0000310
0,0.37488847970962524,1,ham10000,ISIC_0028205,nv,HAM_0000311
0,0.4242367446422577,1,ham10000,ISIC_0029654,nv,HAM_0000312
0,0.41642895340919495,1,ham10000,ISIC_0033100,nv,HAM_0000313
0,0.33802738785743713,1,ham10000,ISIC_0024621,nv,HAM_0000314
0,0.46088477969169617,1,ham10000,ISIC_0027474,nv,HAM_0000315
0,0.15087035298347473,0,ham10000,ISIC_0033339,nv,HAM_0000316
0,0.2284623682498932,0,ham10000,ISIC_0030984,nv,HAM_0000317
0,0.2334650307893753,1,ham10000,ISIC_0028750,bkl,HAM_0000318
1,0.3338010311126709,1,ham10000,ISIC_0029209,mel,HAM_0000319
1,0.5410057306289673,1,ham10000,ISIC_0026916,mel,HAM_0000320
1,0.7582128047943115,1,ham10000,ISIC_0032564,mel,HAM_0000321
1,0.5543699860572815,1,ham10000,ISIC_0033473,mel,HAM_0000322
0,0.2249649465084076,0,ham10000,ISIC_0027170,nv,HAM_0000323
0,0.3865137994289398,1,ham10000,ISIC_0028528,nv,HAM_0000324
0,0.35435736179351807,1,ham10000,ISIC_0029832,nv,HAM_0000325
0,0.25851738452911377,1,ham10000,ISIC_0028353,nv,HAM_0000326
0,0.3253456652164459,1,ham10000,ISIC_0026682,nv,HAM_0000327
0,0.21506325900554657,0,ham10000,ISIC_0025482,nv,HAM_0000328
0,0.3847878575325012,1,ham10000,ISIC_0031185,nv,HAM_0000329
1,0.6158889532089233,1,ham10000,ISIC_0030824,mel,HAM_0000330
0,0.332242876291275,1,ham10000,ISIC_0026944,nv,HAM_0000331
0,0.3936651051044464,1,ham10000,ISIC_0033307,bkl,HAM_0000332
0,0.07510066777467728,0,ham10000,ISIC_0029098,nv,HAM_0000333
0,0.29218271374702454,1,ham10000,ISIC_0026860,nv,HAM_0000334
0,0.3286254405975342,1,ham10000,ISIC_0032021,nv,HAM_0000335
0,0.43854403495788574,1,ham10000,ISIC_0028859,nv,HAM_0000336
1,0.2610228657722473,1,ham10000,ISIC_0026081,mel,HAM_0000337
0,0.2841387391090393,1,ham10000,ISIC_0028631,nv,HAM_0000338
0,0.2528725862503052,1,ham10000,ISIC_0025044,nv,HAM_0000339
0,0.22296905517578125,0,ham10000,ISIC_0026397,nv,HAM_0000340
0,0.15512262284755707,0,ham10000,ISIC_0031634,nv,HAM_0000341
0,0.36909741163253784,1,ham10000,ISIC_0027226,nv,HAM_0000342
0,0.2576315104961395,1,ham10000,ISIC_0027824,nv,HAM_0000343
0,0.5546505451202393,1,ham10000,ISIC_0032972,bkl,HAM_0000344
0,0.36373046040534973,1,ham10000,ISIC_0031361,nv,HAM_0000345
0,0.3709281086921692,1,ham10000,ISIC_0027518,nv,HAM_0000346
0,0.2212623506784439,0,ham10000,ISIC_0029665,nv,HAM_0000347
0,0.2469823658466339,1,ham10000,ISIC_0028290,nv,HAM_0000348
0,0.5929437875747681,1,ham10000,ISIC_0033005,df,HAM_0000349
0,0.3486638367176056,1,ham10000,ISIC_0030921,nv,HAM_0000350
0,0.4385153651237488,1,ham10000,ISIC_0024324,bkl,HAM_0000351
1,0.38233649730682373,1,ham10000,ISIC_0031225,bcc,HAM_0000352
0,0.2562931180000305,1,ham10000,ISIC_0032157,nv,HAM_0000353
0,0.19527864456176758,0,ham10000,ISIC_0027348,nv,HAM_0000354
0,0.38539302349090576,1,ham10000,ISIC_0027842,nv,HAM_0000355
1,0.3600415587425232,1,ham10000,ISIC_0026171,akiec,HAM_0000356
0,0.13604626059532166,0,ham10000,ISIC_0025134,nv,HAM_0000357
1,0.4010087847709656,1,ham10000,ISIC_0026976,mel,HAM_0000358
0,0.15020766854286194,0,ham10000,ISIC_0025701,nv,HAM_0000359
0,0.21284152567386627,0,ham10000,ISIC_0025854,nv,HAM_0000360
1,0.2557855546474457,1,ham10000,ISIC_0032199,akiec,HAM_0000361
0,0.28572356700897217,1,ham10000,ISIC_0026043,nv,HAM_0000362
0,0.3409700393676758,1,ham10000,ISIC_0027617,nv,HAM_0000363
0,0.1783764809370041,0,ham10000,ISIC_0024505,bkl,HAM_0000364
0,0.2457629144191742,1,ham10000,ISIC_0026534,nv,HAM_0000365
0,0.3022029995918274,1,ham10000,ISIC_0027147,nv,HAM_0000366
0,0.19617465138435364,0,ham10000,ISIC_0025462,nv,HAM_0000367
0,0.15512585639953613,0,ham10000,ISIC_0027111,nv,HAM_0000368
0,0.14461077749729156,0,ham10000,ISIC_0029400,nv,HAM_0000369
0,0.40306729078292847,1,ham10000,ISIC_0025998,nv,HAM_0000370
0,0.17768535017967224,0,ham10000,ISIC_0025395,nv,HAM_0000371
0,0.42908164858818054,1,ham10000,ISIC_0033685,bkl,HAM_0000372
1,0.4518931806087494,1,ham10000,ISIC_0024806,mel,HAM_0000373
0,0.212333083152771,0,ham10000,ISIC_0026111,nv,HAM_0000374
1,0.3505852222442627,1,ham10000,ISIC_0030238,mel,HAM_0000375
0,0.3503629267215729,1,ham10000,ISIC_0025173,nv,HAM_0000376
0,0.2656087279319763,1,ham10000,ISIC_0025201,nv,HAM_0000377
0,0.5368781685829163,1,ham10000,ISIC_0031973,nv,HAM_0000378
0,0.3101758658885956,1,ham10000,ISIC_0029980,nv,HAM_0000379
0,0.6420962810516357,1,ham10000,ISIC_0024344,nv,HAM_0000380
0,0.21780531108379364,0,ham10000,ISIC_0030148,nv,HAM_0000381
0,0.463655948638916,1,ham10000,ISIC_0031897,bkl,HAM_0000382
0,0.30038928985595703,1,ham10000,ISIC_0024612,bkl,HAM_0000383
0,0.3133159875869751,1,ham10000,ISIC_0030506,nv,HAM_0000384
0,0.41235414147377014,1,ham10000,ISIC_0024611,nv,HAM_0000385
0,0.3676772713661194,1,ham10000,ISIC_0026787,bkl,HAM_0000386
0,0.3063208758831024,1,ham10000,ISIC_0031826,nv,HAM_0000387
1,0.42093634605407715,1,ham10000,ISIC_0032544,mel,HAM_0000388
0,0.20185814797878265,0,ham10000,ISIC_0029754,nv,HAM_0000389
0,0.1202581450343132,0,ham10000,ISIC_0026756,nv,HAM_0000390
0,0.33521977066993713,1,ham10000,ISIC_0025683,nv,HAM_0000391
1,0.5751833915710449,1,ham10000,ISIC_0033440,mel,HAM_0000392
1,0.7351565361022949,1,ham10000,ISIC_0027865,bcc,HAM_0000393
1,0.39622148871421814,1,ham10000,ISIC_0033579,bcc,HAM_0000394
0,0.21986258029937744,0,ham10000,ISIC_0025421,nv,HAM_0000395
1,0.1828378587961197,0,ham10000,ISIC_0028481,mel,HAM_0000396
0,0.1835978478193283,0,ham10000,ISIC_0024538,nv,HAM_0000397
0,0.33075588941574097,1,ham10000,ISIC_0027064,bkl,HAM_0000398
0,0.2362915277481079,1,ham10000,ISIC_0027599,nv,HAM_0000399
0,0.4472525119781494,1,ham10000,ISIC_0031414,nv,HAM_0000400
0,0.3117377758026123,1,ham10000,ISIC_0031135,nv,HAM_0000401
0,0.1401447206735611,0,ham10000,ISIC_0032612,nv,HAM_0000402
0,0.11755021661520004,0,ham10000,ISIC_0024874,nv,HAM_0000403
0,0.2934791147708893,1,ham10000,ISIC_0031241,nv,HAM_0000404
0,0.28159099817276,1,ham10000,ISIC_0027225,nv,HAM_0000405
0,0.20832890272140503,0,ham10000,ISIC_0030890,nv,HAM_0000406
0,0.420915812253952,1,ham10000,ISIC_0032771,nv,HAM_0000407
0,0.3446023464202881,1,ham10000,ISIC_0027000,nv,HAM_0000408
0,0.3446406126022339,1,ham10000,ISIC_0025829,nv,HAM_0000409
0,0.22819587588310242,0,ham10000,ISIC_0031796,nv,HAM_0000410
0,0.3084794580936432,1,ham10000,ISIC_0031283,nv,HAM_0000411
0,0.24632807075977325,1,ham10000,ISIC_0032706,nv,HAM_0000412
0,0.2597472071647644,1,ham10000,ISIC_0024589,nv,HAM_0000413
0,0.283568799495697,1,ham10000,ISIC_0032451,nv,HAM_0000414
0,0.14107747375965118,0,ham10000,ISIC_0025680,vasc,HAM_0000415
0,0.35930371284484863,1,ham10000,ISIC_0028162,nv,HAM_0000416
1,0.40440669655799866,1,ham10000,ISIC_0025783,mel,HAM_0000417
0,0.5440355539321899,1,ham10000,ISIC_0029339,nv,HAM_0000418
0,0.21010182797908783,0,ham10000,ISIC_0027741,nv,HAM_0000419
0,0.12959450483322144,0,ham10000,ISIC_0026864,nv,HAM_0000420
0,0.20933283865451813,0,ham10000,ISIC_0034080,nv,HAM_0000421
0,0.30784663558006287,1,ham10000,ISIC_0027664,nv,HAM_0000422
1,0.4387076497077942,1,ham10000,ISIC_0033813,mel,HAM_0000423
0,0.30136728286743164,1,ham10000,ISIC_0031328,nv,HAM_0000424
0,0.25458434224128723,1,ham10000,ISIC_0024839,bkl,HAM_0000425
0,0.30170583724975586,1,ham10000,ISIC_0028182,nv,HAM_0000426
0,0.14108221232891083,0,ham10000,ISIC_0025444,nv,HAM_0000427
0,0.1907111406326294,0,ham10000,ISIC_0027936,nv,HAM_0000428
0,0.15838252007961273,0,ham10000,ISIC_0026562,nv,HAM_0000429
0,0.2526066303253174,1,ham10000,ISIC_0032477,nv,HAM_0000430
0,0.3234286606311798,1,ham10000,ISIC_0026067,nv,HAM_0000431
0,0.22169384360313416,0,ham10000,ISIC_0033822,nv,HAM_0000432
1,0.46923816204071045,1,ham10000,ISIC_0025472,mel,HAM_0000433
0,0.29455500841140747,1,ham10000,ISIC_0031635,nv,HAM_0000434
0,0.3555212616920471,1,ham10000,ISIC_0026620,nv,HAM_0000435
0,0.36280903220176697,1,ham10000,ISIC_0026547,nv,HAM_0000436
0,0.40742227435112,1,ham10000,ISIC_0027731,nv,HAM_0000437
0,0.19931143522262573,0,ham10000,ISIC_0025532,nv,HAM_0000438
0,0.17594261467456818,0,ham10000,ISIC_0033729,nv,HAM_0000439
0,0.1691446602344513,0,ham10000,ISIC_0027972,nv,HAM_0000440
0,0.2213919460773468,0,ham10000,ISIC_0030316,bkl,HAM_0000441
1,0.19456042349338531,0,ham10000,ISIC_0031565,mel,HAM_0000442
0,0.17039333283901215,0,ham10000,ISIC_0034271,nv,HAM_0000443
0,0.4290098547935486,1,ham10000,ISIC_0029118,nv,HAM_0000444
0,0.22931362688541412,0,ham10000,ISIC_0032010,nv,HAM_0000445
0,0.40115758776664734,1,ham10000,ISIC_0025613,nv,HAM_0000446
0,0.2947232127189636,1,ham10000,ISIC_0024817,nv,HAM_0000447
0,0.3841314911842346,1,ham10000,ISIC_0025100,nv,HAM_0000448
0,0.24513877928256989,1,ham10000,ISIC_0028327,nv,HAM_0000449
0,0.25231534242630005,1,ham10000,ISIC_0025059,nv,HAM_0000450
1,0.18912090361118317,0,ham10000,ISIC_0029123,bcc,HAM_0000451
0,0.2858487367630005,1,ham10000,ISIC_0029048,bkl,HAM_0000452
0,0.13479170203208923,0,ham10000,ISIC_0025330,bkl,HAM_0000453
0,0.2999919056892395,1,ham10000,ISIC_0025522,nv,HAM_0000454
0,0.40464526414871216,1,ham10000,ISIC_0032005,nv,HAM_0000455
1,0.26064369082450867,1,ham10000,ISIC_0026466,akiec,HAM_0000456
1,0.3691042959690094,1,ham10000,ISIC_0026855,bcc,HAM_0000457
0,0.23302750289440155,1,ham10000,ISIC_0025714,nv,HAM_0000458
0,0.2754806876182556,1,ham10000,ISIC_0026584,nv,HAM_0000459
0,0.14988406002521515,0,ham10000,ISIC_0025197,vasc,HAM_0000460
0,0.24953511357307434,1,ham10000,ISIC_0027750,nv,HAM_0000461
1,0.26354601979255676,1,ham10000,ISIC_0032897,akiec,HAM_0000462
1,0.4177732467651367,1,ham10000,ISIC_0030177,bcc,HAM_0000463
0,0.17733672261238098,0,ham10000,ISIC_0026223,nv,HAM_0000464
0,0.14338476955890656,0,ham10000,ISIC_0030583,bkl,HAM_0000465
0,0.32571932673454285,1,ham10000,ISIC_0027749,nv,HAM_0000466
0,0.3162592947483063,1,ham10000,ISIC_0030612,nv,HAM_0000467
0,0.3287141025066376,1,ham10000,ISIC_0024524,nv,HAM_0000468
0,0.18669721484184265,0,ham10000,ISIC_0025408,nv,HAM_0000469
0,0.21435458958148956,0,ham10000,ISIC_0026965,nv,HAM_0000470
0,0.3319978713989258,1,ham10000,ISIC_0031656,nv,HAM_0000471
0,0.37858521938323975,1,ham10000,ISIC_0028339,nv,HAM_0000472
0,0.3199772536754608,1,ham10000,ISIC_0027356,nv,HAM_0000473
0,0.19250434637069702,0,ham10000,ISIC_0030099,nv,HAM_0000474
0,0.24801643192768097,1,ham10000,ISIC_0027299,nv,HAM_0000475
0,0.20859886705875397,0,ham10000,ISIC_0028293,nv,HAM_0000476
0,0.3572680354118347,1,ham10000,ISIC_0026292,nv,HAM_0000477
0,0.24088247120380402,1,ham10000,ISIC_0025895,nv,HAM_0000478
0,0.32421180605888367,1,ham10000,ISIC_0030441,nv,HAM_0000479
0,0.32623720169067383,1,ham10000,ISIC_0031952,nv,HAM_0000480
0,0.36182597279548645,1,ham10000,ISIC_0028634,nv,HAM_0000481
0,0.34815865755081177,1,ham10000,ISIC_0026885,nv,HAM_0000482
1,0.7082205414772034,1,ham10000,ISIC_0032629,mel,HAM_0000483
0,0.34668269753456116,1,ham10000,ISIC_0024309,nv,HAM_0000484
0,0.2536179721355438,1,ham10000,ISIC_0024959,nv,HAM_0000485
0,0.47569596767425537,1,ham10000,ISIC_0028882,nv,HAM_0000486
0,0.16920872032642365,0,ham10000,ISIC_0032268,nv,HAM_0000487
0,0.29261958599090576,1,ham10000,ISIC_0032930,nv,HAM_0000488
0,0.27054232358932495,1,ham10000,ISIC_0024960,nv,HAM_0000489
1,0.38050663471221924,1,ham10000,ISIC_0026206,akiec,HAM_0000490
0,0.35169264674186707,1,ham10000,ISIC_0028207,nv,HAM_0000491
1,0.16600407660007477,0,ham10000,ISIC_0027076,mel,HAM_0000492
0,0.14817634224891663,0,ham10000,ISIC_0030304,nv,HAM_0000493
0,0.5245475769042969,1,ham10000,ISIC_0032557,vasc,HAM_0000494
0,0.37906932830810547,1,ham10000,ISIC_0030200,nv,HAM_0000495
1,0.29453960061073303,1,ham10000,ISIC_0029545,bcc,HAM_0000496
0,0.3404657542705536,1,ham10000,ISIC_0024563,nv,HAM_0000497
1,0.4294874966144562,1,ham10000,ISIC_0029067,akiec,HAM_0000498
0,0.2974698543548584,1,ham10000,ISIC_0029599,nv,HAM_0000499
0,0.39435702562332153,1,ham10000,ISIC_0029145,nv,HAM_0000500
1,0.4052838385105133,1,ham10000,ISIC_0031335,akiec,HAM_0000501
0,0.16139589250087738,0,ham10000,ISIC_0029608,vasc,HAM_0000502
0,0.27062657475471497,1,ham10000,ISIC_0029236,nv,HAM_0000503
1,0.2124537229537964,0,ham10000,ISIC_0025971,bcc,HAM_0000504
0,0.1575440764427185,0,ham10000,ISIC_0024902,nv,HAM_0000505
0,0.42722877860069275,1,ham10000,ISIC_0031891,nv,HAM_0000506
0,0.4052374064922333,1,ham10000,ISIC_0028921,nv,HAM_0000507
0,0.3896338939666748,1,ham10000,ISIC_0027495,nv,HAM_0000508
0,0.24409639835357666,1,ham10000,ISIC_0024837,nv,HAM_0000509
0,0.35962626338005066,1,ham10000,ISIC_0027342,nv,HAM_0000510
0,0.26146718859672546,1,ham10000,ISIC_0026669,nv,HAM_0000511
1,0.4750726819038391,1,ham10000,ISIC_0030528,bcc,HAM_0000512
1,0.29982617497444153,1,ham10000,ISIC_0032207,mel,HAM_0000513
0,0.16982874274253845,0,ham10000,ISIC_0028934,nv,HAM_0000514
0,0.397929847240448,1,ham10000,ISIC_0029737,nv,HAM_0000515
0,0.6829034686088562,1,ham10000,ISIC_0033952,bkl,HAM_0000516
1,0.27958452701568604,1,ham10000,ISIC_0030507,mel,HAM_0000517
0,0.3147222399711609,1,ham10000,ISIC_0030943,nv,HAM_0000518
0,0.30998262763023376,1,ham10000,ISIC_0030758,bkl,HAM_0000519
0,0.36507153511047363,1,ham10000,ISIC_0026415,nv,HAM_0000520
0,0.26298022270202637,1,ham10000,ISIC_0031889,nv,HAM_0000521
0,0.30387067794799805,1,ham10000,ISIC_0024826,nv,HAM_0000522
0,0.2255987823009491,0,ham10000,ISIC_0025978,nv,HAM_0000523
0,0.16213533282279968,0,ham10000,ISIC_0026069,bkl,HAM_0000524
0,0.20725926756858826,0,ham10000,ISIC_0031510,nv,HAM_0000525
0,0.327814519405365,1,ham10000,ISIC_0029997,nv,HAM_0000526
0,0.2934418320655823,1,ham10000,ISIC_0032508,bkl,HAM_0000527
0,0.33330878615379333,1,ham10000,ISIC_0028782,nv,HAM_0000528
0,0.32307639718055725,1,ham10000,ISIC_0030540,nv,HAM_0000529
0,0.3234357535839081,1,ham10000,ISIC_0025135,nv,HAM_0000530
1,0.37761247158050537,1,ham10000,ISIC_0025674,mel,HAM_0000531
0,0.34861788153648376,1,ham10000,ISIC_0025365,nv,HAM_0000532
0,0.16555485129356384,0,ham10000,ISIC_0026380,nv,HAM_0000533
1,0.2123899608850479,0,ham10000,ISIC_0025235,mel,HAM_0000534
0,0.13171827793121338,0,ham10000,ISIC_0032353,nv,HAM_0000535
1,0.32819288969039917,1,ham10000,ISIC_0027359,mel,HAM_0000536
0,0.30010831356048584,1,ham10000,ISIC_0027095,nv,HAM_0000537
0,0.1696092188358307,0,ham10000,ISIC_0030650,nv,HAM_0000538
0,0.3549829423427582,1,ham10000,ISIC_0024512,nv,HAM_0000539
0,0.3499075472354889,1,ham10000,ISIC_0030748,nv,HAM_0000540
0,0.2415202260017395,1,ham10000,ISIC_0027646,nv,HAM_0000541
0,0.2548025846481323,1,ham10000,ISIC_0025068,bkl,HAM_0000542
0,0.2639313340187073,1,ham10000,ISIC_0030776,nv,HAM_0000543
0,0.2001190483570099,0,ham10000,ISIC_0031810,nv,HAM_0000544
1,0.48912012577056885,1,ham10000,ISIC_0026650,akiec,HAM_0000545
0,0.15684200823307037,0,ham10000,ISIC_0028337,nv,HAM_0000546
0,0.591290295124054,1,ham10000,ISIC_0032546,nv,HAM_0000547
0,0.3745343089103699,1,ham10000,ISIC_0027763,nv,HAM_0000548
1,0.5657603144645691,1,ham10000,ISIC_0026152,akiec,HAM_0000549
0,0.34465324878692627,1,ham10000,ISIC_0024306,nv,HAM_0000550
0,0.375278502702713,1,ham10000,ISIC_0025120,nv,HAM_0000551
1,0.4760487377643585,1,ham10000,ISIC_0026083,akiec,HAM_0000552
1,0.2638455331325531,1,ham10000,ISIC_0032716,mel,HAM_0000553
0,0.2155553698539734,0,ham10000,ISIC_0026791,nv,HAM_0000555
0,0.39503204822540283,1,ham10000,ISIC_0033484,nv,HAM_0000556
0,0.18946479260921478,0,ham10000,ISIC_0025675,nv,HAM_0000557
0,0.15500953793525696,0,ham10000,ISIC_0027547,nv,HAM_0000558
0,0.18614043295383453,0,ham10000,ISIC_0024693,nv,HAM_0000559
0,0.23945453763008118,1,ham10000,ISIC_0031509,nv,HAM_0000560
0,0.36750492453575134,1,ham10000,ISIC_0025143,nv,HAM_0000561
0,0.17897166311740875,0,ham10000,ISIC_0026166,nv,HAM_0000562
1,0.4529780447483063,1,ham10000,ISIC_0027900,mel,HAM_0000563
0,0.42210569977760315,1,ham10000,ISIC_0027333,nv,HAM_0000564
0,0.33833423256874084,1,ham10000,ISIC_0025976,nv,HAM_0000565
0,0.27858588099479675,1,ham10000,ISIC_0026794,bkl,HAM_0000566
0,0.23246733844280243,1,ham10000,ISIC_0029677,nv,HAM_0000567
0,0.3176704943180084,1,ham10000,ISIC_0026990,nv,HAM_0000568
0,0.361937940120697,1,ham10000,ISIC_0031592,nv,HAM_0000569
0,0.39285504817962646,1,ham10000,ISIC_0027404,nv,HAM_0000570
0,0.44765064120292664,1,ham10000,ISIC_0032773,bkl,HAM_0000571
0,0.15041978657245636,0,ham10000,ISIC_0025224,nv,HAM_0000572
0,0.10369768738746643,0,ham10000,ISIC_0024988,nv,HAM_0000573
0,0.3202531635761261,1,ham10000,ISIC_0026936,nv,HAM_0000574
0,0.22518125176429749,0,ham10000,ISIC_0029936,nv,HAM_0000575
0,0.1533064842224121,0,ham10000,ISIC_0025585,nv,HAM_0000576
0,0.4709123373031616,1,ham10000,ISIC_0026385,nv,HAM_0000577
0,0.6011409163475037,1,ham10000,ISIC_0033087,nv,HAM_0000578
0,0.23886613547801971,1,ham10000,ISIC_0032742,nv,HAM_0000579
0,0.3761157691478729,1,ham10000,ISIC_0029293,nv,HAM_0000580
0,0.6020225286483765,1,ham10000,ISIC_0032826,bkl,HAM_0000581
0,0.4562220573425293,1,ham10000,ISIC_0025885,bkl,HAM_0000582
0,0.16622963547706604,0,ham10000,ISIC_0029681,nv,HAM_0000583
0,0.2682611644268036,1,ham10000,ISIC_0025888,nv,HAM_0000584
0,0.21451760828495026,0,ham10000,ISIC_0030685,nv,HAM_0000585
0,0.25339749455451965,1,ham10000,ISIC_0029649,nv,HAM_0000586
0,0.4955250024795532,1,ham10000,ISIC_0025379,nv,HAM_0000587
1,0.4452466368675232,1,ham10000,ISIC_0026746,mel,HAM_0000588
0,0.33472099900245667,1,ham10000,ISIC_0027103,nv,HAM_0000589
1,0.36229220032691956,1,ham10000,ISIC_0030951,mel,HAM_0000590
0,0.2903202176094055,1,ham10000,ISIC_0026654,nv,HAM_0000591
0,0.34034574031829834,1,ham10000,ISIC_0030781,nv,HAM_0000592
1,0.5252293944358826,1,ham10000,ISIC_0024679,mel,HAM_0000593
0,0.15866334736347198,0,ham10000,ISIC_0029178,nv,HAM_0000594
0,0.173892080783844,0,ham10000,ISIC_0025991,nv,HAM_0000595
0,0.3085272014141083,1,ham10000,ISIC_0025385,nv,HAM_0000596
0,0.21731878817081451,0,ham10000,ISIC_0030654,nv,HAM_0000597
0,0.44108983874320984,1,ham10000,ISIC_0026557,nv,HAM_0000598
0,0.3240717947483063,1,ham10000,ISIC_0026543,nv,HAM_0000599
0,0.2917346954345703,1,ham10000,ISIC_0028311,nv,HAM_0000600
0,0.25702226161956787,1,ham10000,ISIC_0026578,nv,HAM_0000601
0,0.42239612340927124,1,ham10000,ISIC_0026719,nv,HAM_0000602
0,0.3048085868358612,1,ham10000,ISIC_0028441,nv,HAM_0000603
0,0.3854089677333832,1,ham10000,ISIC_0029208,nv,HAM_0000604
0,0.1487089991569519,0,ham10000,ISIC_0030212,nv,HAM_0000605
0,0.3890557289123535,1,ham10000,ISIC_0030109,nv,HAM_0000606
0,0.1541740596294403,0,ham10000,ISIC_0025431,bkl,HAM_0000607
0,0.1804242879152298,0,ham10000,ISIC_0025756,nv,HAM_0000608
0,0.38341274857521057,1,ham10000,ISIC_0025778,nv,HAM_0000609
0,0.21977892518043518,0,ham10000,ISIC_0024689,nv,HAM_0000610
1,0.20482400059700012,0,ham10000,ISIC_0033216,mel,HAM_0000611
1,0.4995158910751343,1,ham10000,ISIC_0026968,bcc,HAM_0000612
0,0.3421397805213928,1,ham10000,ISIC_0031253,bkl,HAM_0000613
0,0.08887076377868652,0,ham10000,ISIC_0025493,nv,HAM_0000614
0,0.3061542212963104,1,ham10000,ISIC_0026758,nv,HAM_0000615
0,0.26878228783607483,1,ham10000,ISIC_0024750,nv,HAM_0000616
0,0.26814788579940796,1,ham10000,ISIC_0029703,nv,HAM_0000617
0,0.2109830379486084,0,ham10000,ISIC_0025840,nv,HAM_0000618
1,0.2777717411518097,1,ham10000,ISIC_0026690,mel,HAM_0000619
0,0.18767406046390533,0,ham10000,ISIC_0027414,nv,HAM_0000620
0,0.21597465872764587,0,ham10000,ISIC_0031101,nv,HAM_0000621
0,0.21230442821979523,0,ham10000,ISIC_0030161,nv,HAM_0000622
0,0.23583726584911346,1,ham10000,ISIC_0032004,nv,HAM_0000623
1,0.1655985713005066,0,ham10000,ISIC_0029089,mel,HAM_0000624
0,0.18846821784973145,0,ham10000,ISIC_0026062,nv,HAM_0000625
0,0.13976652920246124,0,ham10000,ISIC_0025267,nv,HAM_0000626
0,0.2864971160888672,1,ham10000,ISIC_0034019,nv,HAM_0000627
0,0.23185724020004272,0,ham10000,ISIC_0024567,nv,HAM_0000628
0,0.38718754053115845,1,ham10000,ISIC_0029008,nv,HAM_0000629
0,0.1188359409570694,0,ham10000,ISIC_0026832,nv,HAM_0000630
0,0.3947769105434418,1,ham10000,ISIC_0030885,nv,HAM_0000631
0,0.15318405628204346,0,ham10000,ISIC_0031070,nv,HAM_0000632
0,0.18488380312919617,0,ham10000,ISIC_0030719,nv,HAM_0000633
0,0.32240229845046997,1,ham10000,ISIC_0026099,nv,HAM_0000634
0,0.17787505686283112,0,ham10000,ISIC_0028663,nv,HAM_0000635
0,0.283651739358902,1,ham10000,ISIC_0027104,nv,HAM_0000636
0,0.33881938457489014,1,ham10000,ISIC_0027514,nv,HAM_0000637
0,0.14305071532726288,0,ham10000,ISIC_0029887,nv,HAM_0000638
0,0.37699881196022034,1,ham10000,ISIC_0025257,nv,HAM_0000639
0,0.08578385412693024,0,ham10000,ISIC_0024663,nv,HAM_0000640
0,0.4243759214878082,1,ham10000,ISIC_0027477,nv,HAM_0000641
0,0.40246713161468506,1,ham10000,ISIC_0026520,nv,HAM_0000642
0,0.2269608974456787,0,ham10000,ISIC_0029731,bkl,HAM_0000643
0,0.22140522301197052,0,ham10000,ISIC_0027728,nv,HAM_0000644
1,0.4685117304325104,1,ham10000,ISIC_0024853,mel,HAM_0000645
0,0.382154643535614,1,ham10000,ISIC_0025890,nv,HAM_0000646
0,0.11830233037471771,0,ham10000,ISIC_0029911,nv,HAM_0000647
0,0.3900437355041504,1,ham10000,ISIC_0027080,nv,HAM_0000648
0,0.2627454102039337,1,ham10000,ISIC_0027276,nv,HAM_0000649
0,0.22645653784275055,0,ham10000,ISIC_0033464,nv,HAM_0000650
0,0.32914814352989197,1,ham10000,ISIC_0032178,nv,HAM_0000651
0,0.17573072016239166,0,ham10000,ISIC_0028597,nv,HAM_0000652
1,0.4681064486503601,1,ham10000,ISIC_0024552,mel,HAM_0000653
0,0.2656126916408539,1,ham10000,ISIC_0027799,nv,HAM_0000654
1,0.17529112100601196,0,ham10000,ISIC_0027175,bcc,HAM_0000655
0,0.15118470788002014,0,ham10000,ISIC_0027096,nv,HAM_0000656
0,0.30066683888435364,1,ham10000,ISIC_0030955,nv,HAM_0000657
1,0.28190162777900696,1,ham10000,ISIC_0031986,bcc,HAM_0000658
0,0.3369828760623932,1,ham10000,ISIC_0030088,bkl,HAM_0000659
0,0.19389930367469788,0,ham10000,ISIC_0028953,nv,HAM_0000660
0,0.3618931472301483,1,ham10000,ISIC_0025538,nv,HAM_0000661
1,0.34680792689323425,1,ham10000,ISIC_0033317,mel,HAM_0000662
0,0.3178828954696655,1,ham10000,ISIC_0027761,nv,HAM_0000663
0,0.20814429223537445,0,ham10000,ISIC_0029535,nv,HAM_0000664
0,0.20418739318847656,0,ham10000,ISIC_0030259,nv,HAM_0000665
0,0.25107792019844055,1,ham10000,ISIC_0026024,nv,HAM_0000666
0,0.3176495432853699,1,ham10000,ISIC_0028551,nv,HAM_0000667
0,0.2628541886806488,1,ham10000,ISIC_0024808,nv,HAM_0000668
0,0.2057378739118576,0,ham10000,ISIC_0032052,nv,HAM_0000669
0,0.33095934987068176,1,ham10000,ISIC_0026204,nv,HAM_0000670
0,0.1568320393562317,0,ham10000,ISIC_0030193,nv,HAM_0000671
0,0.18496470153331757,0,ham10000,ISIC_0029007,nv,HAM_0000672
1,0.5043299794197083,1,ham10000,ISIC_0029659,akiec,HAM_0000673
0,0.3094637095928192,1,ham10000,ISIC_0028983,nv,HAM_0000674
0,0.361702024936676,1,ham10000,ISIC_0033418,nv,HAM_0000675
0,0.4963482916355133,1,ham10000,ISIC_0032969,nv,HAM_0000676
0,0.2524562478065491,1,ham10000,ISIC_0025494,nv,HAM_0000677
0,0.29574263095855713,1,ham10000,ISIC_0029074,nv,HAM_0000678
0,0.41653233766555786,1,ham10000,ISIC_0024724,nv,HAM_0000679
0,0.22995531558990479,0,ham10000,ISIC_0028927,nv,HAM_0000680
0,0.18745194375514984,0,ham10000,ISIC_0032032,nv,HAM_0000681
0,0.4270562529563904,1,ham10000,ISIC_0030786,nv,HAM_0000682
0,0.25450098514556885,1,ham10000,ISIC_0028439,nv,HAM_0000684
0,0.42209526896476746,1,ham10000,ISIC_0026291,bkl,HAM_0000685
0,0.37550583481788635,1,ham10000,ISIC_0031523,nv,HAM_0000686
1,0.8325525522232056,1,ham10000,ISIC_0028994,bcc,HAM_0000687
1,0.23190750181674957,0,ham10000,ISIC_0026720,akiec,HAM_0000688
0,0.2499048411846161,1,ham10000,ISIC_0024356,nv,HAM_0000689
0,0.2739517390727997,1,ham10000,ISIC_0028586,nv,HAM_0000690
0,0.2985819876194,1,ham10000,ISIC_0026535,nv,HAM_0000691
0,0.22174420952796936,0,ham10000,ISIC_0025364,nv,HAM_0000692
0,0.3334093689918518,1,ham10000,ISIC_0028310,nv,HAM_0000693
0,0.3156234920024872,1,ham10000,ISIC_0032298,nv,HAM_0000694
0,0.3365941047668457,1,ham10000,ISIC_0025757,nv,HAM_0000695
0,0.1206357404589653,0,ham10000,ISIC_0026277,bkl,HAM_0000696
0,0.33901160955429077,1,ham10000,ISIC_0029148,nv,HAM_0000697
0,0.1601421982049942,0,ham10000,ISIC_0027431,nv,HAM_0000698
0,0.3634047210216522,1,ham10000,ISIC_0031575,nv,HAM_0000699
0,0.4110020101070404,1,ham10000,ISIC_0028052,bkl,HAM_0000700
0,0.34672802686691284,1,ham10000,ISIC_0032115,nv,HAM_0000701
0,0.3216628432273865,1,ham10000,ISIC_0030804,nv,HAM_0000702
0,0.3905462622642517,1,ham10000,ISIC_0028424,nv,HAM_0000703
0,0.256601482629776,1,ham10000,ISIC_0032954,nv,HAM_0000704
0,0.21294155716896057,0,ham10000,ISIC_0025508,nv,HAM_0000705
1,0.3342825472354889,1,ham10000,ISIC_0032690,mel,HAM_0000706
0,0.17182722687721252,0,ham10000,ISIC_0024561,nv,HAM_0000707
0,0.2553788125514984,1,ham10000,ISIC_0024499,nv,HAM_0000708
1,0.28885331749916077,1,ham10000,ISIC_0032559,mel,HAM_0000709
0,0.14579178392887115,0,ham10000,ISIC_0024489,bkl,HAM_0000710
0,0.1518346220254898,0,ham10000,ISIC_0029387,nv,HAM_0000711
0,0.26660025119781494,1,ham10000,ISIC_0028434,nv,HAM_0000712
0,0.364215612411499,1,ham10000,ISIC_0031174,nv,HAM_0000713
0,0.19973085820674896,0,ham10000,ISIC_0027857,nv,HAM_0000714
0,0.19009549915790558,0,ham10000,ISIC_0029287,nv,HAM_0000715
0,0.41189253330230713,1,ham10000,ISIC_0029801,bkl,HAM_0000716
0,0.40291374921798706,1,ham10000,ISIC_0030455,nv,HAM_0000717
1,0.48788002133369446,1,ham10000,ISIC_0025130,akiec,HAM_0000718
1,0.4144393503665924,1,ham10000,ISIC_0026337,bcc,HAM_0000719
0,0.5256216526031494,1,ham10000,ISIC_0028926,df,HAM_0000720
0,0.34649190306663513,1,ham10000,ISIC_0030243,nv,HAM_0000721
0,0.3576804995536804,1,ham10000,ISIC_0025875,nv,HAM_0000722
0,0.3002817630767822,1,ham10000,ISIC_0031364,nv,HAM_0000723
0,0.23417210578918457,1,ham10000,ISIC_0026038,nv,HAM_0000724
0,0.25266337394714355,1,ham10000,ISIC_0027349,nv,HAM_0000725
0,0.3148365318775177,1,ham10000,ISIC_0030670,nv,HAM_0000726
0,0.16073210537433624,0,ham10000,ISIC_0029961,nv,HAM_0000727
0,0.24476581811904907,1,ham10000,ISIC_0025286,bkl,HAM_0000728
0,0.1918911188840866,0,ham10000,ISIC_0030120,nv,HAM_0000729
0,0.3485358953475952,1,ham10000,ISIC_0026619,nv,HAM_0000730
0,0.366523802280426,1,ham10000,ISIC_0026813,nv,HAM_0000731
0,0.23662547767162323,1,ham10000,ISIC_0026183,nv,HAM_0000732
0,0.2749575078487396,1,ham10000,ISIC_0024965,nv,HAM_0000733
0,0.33196839690208435,1,ham10000,ISIC_0031196,bkl,HAM_0000734
0,0.35492607951164246,1,ham10000,ISIC_0029492,nv,HAM_0000735
0,0.29358401894569397,1,ham10000,ISIC_0029954,nv,HAM_0000736
0,0.2757302224636078,1,ham10000,ISIC_0030353,nv,HAM_0000737
0,0.07889578491449356,0,ham10000,ISIC_0027443,nv,HAM_0000738
0,0.3211124837398529,1,ham10000,ISIC_0025561,nv,HAM_0000739
0,0.2504883408546448,1,ham10000,ISIC_0032142,nv,HAM_0000740
0,0.42765435576438904,1,ham10000,ISIC_0025956,nv,HAM_0000741
0,0.2854028046131134,1,ham10000,ISIC_0032048,nv,HAM_0000742
0,0.4346155524253845,1,ham10000,ISIC_0024661,nv,HAM_0000743
0,0.10941930115222931,0,ham10000,ISIC_0029474,bkl,HAM_0000744
0,0.32480379939079285,1,ham10000,ISIC_0027796,bkl,HAM_0000745
0,0.23912596702575684,1,ham10000,ISIC_0027023,bkl,HAM_0000746
0,0.26198816299438477,1,ham10000,ISIC_0033748,nv,HAM_0000747
0,0.15827535092830658,0,ham10000,ISIC_0024598,nv,HAM_0000748
0,0.5287084579467773,1,ham10000,ISIC_0029446,nv,HAM_0000749
0,0.4466255307197571,1,ham10000,ISIC_0027974,nv,HAM_0000750
0,0.3177137076854706,1,ham10000,ISIC_0025545,nv,HAM_0000751
0,0.4217969477176666,1,ham10000,ISIC_0026419,nv,HAM_0000752
0,0.17535552382469177,0,ham10000,ISIC_0031224,nv,HAM_0000753
0,0.5567578673362732,1,ham10000,ISIC_0032967,bkl,HAM_0000754
0,0.18756099045276642,0,ham10000,ISIC_0026180,nv,HAM_0000755
0,0.10605686902999878,0,ham10000,ISIC_0025279,nv,HAM_0000756
0,0.3847520351409912,1,ham10000,ISIC_0025314,df,HAM_0000757
0,0.27126598358154297,1,ham10000,ISIC_0031974,nv,HAM_0000758
0,0.3756157159805298,1,ham10000,ISIC_0025655,nv,HAM_0000759
0,0.2012547254562378,0,ham10000,ISIC_0025318,nv,HAM_0000760
0,0.2658426761627197,1,ham10000,ISIC_0026259,nv,HAM_0000761
0,0.2887828052043915,1,ham10000,ISIC_0025667,nv,HAM_0000762
0,0.29051920771598816,1,ham10000,ISIC_0028217,nv,HAM_0000763
0,0.3699551224708557,1,ham10000,ISIC_0028151,nv,HAM_0000764
0,0.2562302350997925,1,ham10000,ISIC_0033445,nv,HAM_0000765
1,0.4109850823879242,1,ham10000,ISIC_0029937,mel,HAM_0000766
1,0.2515556216239929,1,ham10000,ISIC_0031239,mel,HAM_0000767
0,0.42100927233695984,1,ham10000,ISIC_0028242,nv,HAM_0000768
1,0.5708011984825134,1,ham10000,ISIC_0029279,akiec,HAM_0000769
0,0.624066948890686,1,ham10000,ISIC_0024741,bkl,HAM_0000770
0,0.247637078166008,1,ham10000,ISIC_0029349,nv,HAM_0000771
0,0.3498437702655792,1,ham10000,ISIC_0032994,nv,HAM_0000772
0,0.22759568691253662,0,ham10000,ISIC_0026049,nv,HAM_0000773
0,0.2349736988544464,1,ham10000,ISIC_0029707,nv,HAM_0000774
1,0.441704124212265,1,ham10000,ISIC_0025097,mel,HAM_0000775
0,0.3290524482727051,1,ham10000,ISIC_0027339,nv,HAM_0000776
0,0.23568585515022278,1,ham10000,ISIC_0028364,nv,HAM_0000777
0,0.26094457507133484,1,ham10000,ISIC_0026665,nv,HAM_0000778
0,0.5097855925559998,1,ham10000,ISIC_0032978,bkl,HAM_0000779
0,0.3010215759277344,1,ham10000,ISIC_0027453,nv,HAM_0000780
1,0.8641301393508911,1,ham10000,ISIC_0028155,bcc,HAM_0000781
0,0.5337847471237183,1,ham10000,ISIC_0030723,bkl,HAM_0000782
0,0.3745749592781067,1,ham10000,ISIC_0025633,nv,HAM_0000783
0,0.2807718813419342,1,ham10000,ISIC_0030989,nv,HAM_0000784
0,0.17368339002132416,0,ham10000,ISIC_0027585,nv,HAM_0000785
0,0.118582583963871,0,ham10000,ISIC_0028956,nv,HAM_0000786
0,0.4863830804824829,1,ham10000,ISIC_0026157,nv,HAM_0000787
0,0.4324790835380554,1,ham10000,ISIC_0030301,nv,HAM_0000788
0,0.43137359619140625,1,ham10000,ISIC_0028932,nv,HAM_0000789
0,0.45270541310310364,1,ham10000,ISIC_0032576,bkl,HAM_0000790
1,0.45357537269592285,1,ham10000,ISIC_0025584,bcc,HAM_0000791
0,0.43220534920692444,1,ham10000,ISIC_0025387,bkl,HAM_0000792
0,0.3332486152648926,1,ham10000,ISIC_0030286,nv,HAM_0000793
0,0.3411434590816498,1,ham10000,ISIC_0026340,nv,HAM_0000794
1,0.7012777924537659,1,ham10000,ISIC_0033012,bcc,HAM_0000795
1,0.23247088491916656,1,ham10000,ISIC_0028041,mel,HAM_0000796
0,0.3408442735671997,1,ham10000,ISIC_0026039,nv,HAM_0000797
0,0.18062251806259155,0,ham10000,ISIC_0026751,nv,HAM_0000798
1,0.40506500005722046,1,ham10000,ISIC_0033226,mel,HAM_0000799
0,0.3158852756023407,1,ham10000,ISIC_0028852,nv,HAM_0000800
0,0.19965192675590515,0,ham10000,ISIC_0025619,nv,HAM_0000801
0,0.33940553665161133,1,ham10000,ISIC_0032553,bkl,HAM_0000802
0,0.31004366278648376,1,ham10000,ISIC_0025925,nv,HAM_0000803
0,0.23691332340240479,1,ham10000,ISIC_0029863,nv,HAM_0000804
0,0.3133452534675598,1,ham10000,ISIC_0033306,bkl,HAM_0000805
0,0.1768617182970047,0,ham10000,ISIC_0024371,bkl,HAM_0000806
1,0.1911700814962387,0,ham10000,ISIC_0032164,bcc,HAM_0000807
0,0.36188942193984985,1,ham10000,ISIC_0026315,nv,HAM_0000808
0,0.2937065362930298,1,ham10000,ISIC_0030572,nv,HAM_0000809
0,0.4101828634738922,1,ham10000,ISIC_0031734,nv,HAM_0000810
0,0.36417606472969055,1,ham10000,ISIC_0028470,nv,HAM_0000811
0,0.2333039492368698,1,ham10000,ISIC_0032442,nv,HAM_0000812
0,0.26395460963249207,1,ham10000,ISIC_0024395,nv,HAM_0000813
1,0.3157477080821991,1,ham10000,ISIC_0025751,mel,HAM_0000814
0,0.13769078254699707,0,ham10000,ISIC_0026023,nv,HAM_0000815
0,0.1809559315443039,0,ham10000,ISIC_0027082,nv,HAM_0000816
0,0.18634116649627686,0,ham10000,ISIC_0025174,nv,HAM_0000817
0,0.4070100784301758,1,ham10000,ISIC_0029611,nv,HAM_0000818
0,0.21641600131988525,0,ham10000,ISIC_0027777,nv,HAM_0000819
0,0.14170141518115997,0,ham10000,ISIC_0028835,nv,HAM_0000820
0,0.23064970970153809,0,ham10000,ISIC_0025623,bkl,HAM_0000821
0,0.23387695848941803,1,ham10000,ISIC_0033841,nv,HAM_0000822
1,0.7604515552520752,1,ham10000,ISIC_0032894,bcc,HAM_0000823
0,0.31463250517845154,1,ham10000,ISIC_0029702,nv,HAM_0000824
0,0.7943095564842224,1,ham10000,ISIC_0034186,bkl,HAM_0000825
0,0.17894448339939117,0,ham10000,ISIC_0027362,nv,HAM_0000826
0,0.7663525938987732,1,ham10000,ISIC_0025223,df,HAM_0000827
0,0.38957536220550537,1,ham10000,ISIC_0024797,nv,HAM_0000828
0,0.28959399461746216,1,ham10000,ISIC_0029440,nv,HAM_0000829
0,0.35706064105033875,1,ham10000,ISIC_0030634,nv,HAM_0000830
0,0.43667376041412354,1,ham10000,ISIC_0029226,nv,HAM_0000831
1,0.31277135014533997,1,ham10000,ISIC_0028763,akiec,HAM_0000832
0,0.22985590994358063,0,ham10000,ISIC_0025719,bkl,HAM_0000833
0,0.4003783166408539,1,ham10000,ISIC_0029989,nv,HAM_0000834
0,0.3244275152683258,1,ham10000,ISIC_0024409,bkl,HAM_0000835
0,0.22093702852725983,0,ham10000,ISIC_0025505,nv,HAM_0000836
0,0.20955143868923187,0,ham10000,ISIC_0024986,nv,HAM_0000837
0,0.1992504894733429,0,ham10000,ISIC_0027029,nv,HAM_0000838
0,0.21896590292453766,0,ham10000,ISIC_0032049,nv,HAM_0000839
0,0.20980145037174225,0,ham10000,ISIC_0026828,nv,HAM_0000840
0,0.20421580970287323,0,ham10000,ISIC_0031455,nv,HAM_0000841
0,0.5214622020721436,1,ham10000,ISIC_0025401,nv,HAM_0000842
0,0.360241562128067,1,ham10000,ISIC_0029260,bkl,HAM_0000843
0,0.3444167375564575,1,ham10000,ISIC_0024773,bkl,HAM_0000844
0,0.2909008264541626,1,ham10000,ISIC_0025244,vasc,HAM_0000845
0,0.3115842044353485,1,ham10000,ISIC_0029115,bkl,HAM_0000846
0,0.3360278308391571,1,ham10000,ISIC_0030744,bkl,HAM_0000847
0,0.33030208945274353,1,ham10000,ISIC_0026294,nv,HAM_0000848
0,0.40498843789100647,1,ham10000,ISIC_0029200,nv,HAM_0000849
0,0.36550208926200867,1,ham10000,ISIC_0028588,nv,HAM_0000850
0,0.2555154263973236,1,ham10000,ISIC_0025074,nv,HAM_0000851
0,0.12779688835144043,0,ham10000,ISIC_0025461,nv,HAM_0000852
0,0.16808554530143738,0,ham10000,ISIC_0027153,nv,HAM_0000853
0,0.33170127868652344,1,ham10000,ISIC_0029534,nv,HAM_0000854
0,0.2361305058002472,1,ham10000,ISIC_0033694,nv,HAM_0000855
1,0.408454567193985,1,ham10000,ISIC_0028537,mel,HAM_0000856
0,0.09412399679422379,0,ham10000,ISIC_0025229,nv,HAM_0000857
0,0.32079192996025085,1,ham10000,ISIC_0030944,nv,HAM_0000858
1,0.4702129364013672,1,ham10000,ISIC_0029715,akiec,HAM_0000859
0,0.19512462615966797,0,ham10000,ISIC_0029796,nv,HAM_0000860
0,0.3528383672237396,1,ham10000,ISIC_0026125,nv,HAM_0000861
0,0.35359999537467957,1,ham10000,ISIC_0030724,nv,HAM_0000862
1,0.4277726411819458,1,ham10000,ISIC_0028899,mel,HAM_0000863
0,0.3135012686252594,1,ham10000,ISIC_0028716,nv,HAM_0000864
0,0.3244529962539673,1,ham10000,ISIC_0028826,bkl,HAM_0000865
0,0.456245094537735,1,ham10000,ISIC_0024480,nv,HAM_0000866
0,0.3370005488395691,1,ham10000,ISIC_0028044,nv,HAM_0000867
1,0.20140673220157623,0,ham10000,ISIC_0032316,bcc,HAM_0000868
0,0.3942803740501404,1,ham10000,ISIC_0031109,nv,HAM_0000869
0,0.32731378078460693,1,ham10000,ISIC_0029923,nv,HAM_0000870
1,0.17273052036762238,0,ham10000,ISIC_0025964,mel,HAM_0000871
1,0.3032853305339813,1,ham10000,ISIC_0029323,bcc,HAM_0000872
0,0.2432883083820343,1,ham10000,ISIC_0025012,nv,HAM_0000873
0,0.14280074834823608,0,ham10000,ISIC_0032119,nv,HAM_0000874
0,0.1872970014810562,0,ham10000,ISIC_0031022,nv,HAM_0000875
1,0.6013669371604919,1,ham10000,ISIC_0026531,mel,HAM_0000876
0,0.1660793572664261,0,ham10000,ISIC_0030267,nv,HAM_0000877
1,0.6633538007736206,1,ham10000,ISIC_0028746,mel,HAM_0000878
1,0.36123400926589966,1,ham10000,ISIC_0032816,bcc,HAM_0000879
1,0.33095523715019226,1,ham10000,ISIC_0033089,mel,HAM_0000880
0,0.38831064105033875,1,ham10000,ISIC_0028404,bkl,HAM_0000881
0,0.3390139937400818,1,ham10000,ISIC_0032241,nv,HAM_0000882
0,0.1511417031288147,0,ham10000,ISIC_0030631,nv,HAM_0000883
0,0.31857264041900635,1,ham10000,ISIC_0026728,bkl,HAM_0000884
0,0.2710728645324707,1,ham10000,ISIC_0025293,nv,HAM_0000885
0,0.38298535346984863,1,ham10000,ISIC_0024560,nv,HAM_0000886
1,0.3239232897758484,1,ham10000,ISIC_0030501,mel,HAM_0000887
1,0.24632754921913147,1,ham10000,ISIC_0025085,mel,HAM_0000888
0,0.309794545173645,1,ham10000,ISIC_0025936,nv,HAM_0000889
0,0.25261154770851135,1,ham10000,ISIC_0029185,nv,HAM_0000890
0,0.4497455954551697,1,ham10000,ISIC_0027963,nv,HAM_0000891
0,0.3371943533420563,1,ham10000,ISIC_0024594,nv,HAM_0000892
0,0.22012527287006378,0,ham10000,ISIC_0024825,bkl,HAM_0000893
0,0.5180909037590027,1,ham10000,ISIC_0030478,nv,HAM_0000894
0,0.3020831346511841,1,ham10000,ISIC_0030510,nv,HAM_0000895
0,0.21855805814266205,0,ham10000,ISIC_0025051,nv,HAM_0000896
0,0.2956799566745758,1,ham10000,ISIC_0029306,nv,HAM_0000897
0,0.4856635332107544,1,ham10000,ISIC_0025529,bkl,HAM_0000898
0,0.18941247463226318,0,ham10000,ISIC_0029708,nv,HAM_0000899
0,0.16149890422821045,0,ham10000,ISIC_0026552,nv,HAM_0000900
0,0.36637091636657715,1,ham10000,ISIC_0032120,nv,HAM_0000901
0,0.2629925012588501,1,ham10000,ISIC_0027745,df,HAM_0000902
1,0.665060818195343,1,ham10000,ISIC_0024702,mel,HAM_0000903
0,0.2262324094772339,0,ham10000,ISIC_0025149,nv,HAM_0000904
0,0.3399990200996399,1,ham10000,ISIC_0026338,nv,HAM_0000905
0,0.4120461940765381,1,ham10000,ISIC_0026750,nv,HAM_0000906
0,0.29741165041923523,1,ham10000,ISIC_0025140,bkl,HAM_0000907
0,0.364384263753891,1,ham10000,ISIC_0028340,nv,HAM_0000908
1,0.3052681088447571,1,ham10000,ISIC_0026981,akiec,HAM_0000909
1,0.32275256514549255,1,ham10000,ISIC_0027797,mel,HAM_0000910
0,0.28419172763824463,1,ham10000,ISIC_0029087,nv,HAM_0000911
0,0.21934005618095398,0,ham10000,ISIC_0026232,nv,HAM_0000912
0,0.24207408726215363,1,ham10000,ISIC_0028559,nv,HAM_0000913
0,0.18944399058818817,0,ham10000,ISIC_0025995,nv,HAM_0000914
1,0.35377973318099976,1,ham10000,ISIC_0030339,bcc,HAM_0000915
0,0.3938450515270233,1,ham10000,ISIC_0032167,nv,HAM_0000916
1,0.5019958019256592,1,ham10000,ISIC_0024701,mel,HAM_0000917
1,0.330730676651001,1,ham10000,ISIC_0029133,akiec,HAM_0000918
0,0.40925151109695435,1,ham10000,ISIC_0025204,nv,HAM_0000919
0,0.6214886903762817,1,ham10000,ISIC_0028707,bkl,HAM_0000920
0,0.4028186500072479,1,ham10000,ISIC_0026098,nv,HAM_0000921
0,0.641971230506897,1,ham10000,ISIC_0031111,nv,HAM_0000922
0,0.20851540565490723,0,ham10000,ISIC_0024428,nv,HAM_0000923
0,0.14532159268856049,0,ham10000,ISIC_0026804,nv,HAM_0000924
0,0.4437349736690521,1,ham10000,ISIC_0030041,nv,HAM_0000925
0,0.3190602660179138,1,ham10000,ISIC_0026189,nv,HAM_0000926
0,0.21590858697891235,0,ham10000,ISIC_0027318,nv,HAM_0000927
0,0.3484766483306885,1,ham10000,ISIC_0026777,nv,HAM_0000928
0,0.21841566264629364,0,ham10000,ISIC_0029727,nv,HAM_0000929
0,0.207952082157135,0,ham10000,ISIC_0027848,nv,HAM_0000930
1,0.6391661167144775,1,ham10000,ISIC_0028820,akiec,HAM_0000931
0,0.035655561834573746,0,ham10000,ISIC_0026288,nv,HAM_0000932
0,0.36166253685951233,1,ham10000,ISIC_0024358,bkl,HAM_0000933
0,0.1622191220521927,0,ham10000,ISIC_0031706,vasc,HAM_0000934
0,0.3399452865123749,1,ham10000,ISIC_0027399,nv,HAM_0000935
0,0.17502962052822113,0,ham10000,ISIC_0030388,nv,HAM_0000936
0,0.26387959718704224,1,ham10000,ISIC_0025344,nv,HAM_0000937
0,0.2532083988189697,1,ham10000,ISIC_0031916,nv,HAM_0000938
0,0.33671194314956665,1,ham10000,ISIC_0028620,nv,HAM_0000939
0,0.3187333047389984,1,ham10000,ISIC_0032692,vasc,HAM_0000940
0,0.4292011559009552,1,ham10000,ISIC_0025658,nv,HAM_0000941
0,0.532841682434082,1,ham10000,ISIC_0028554,nv,HAM_0000942
0,0.4986557364463806,1,ham10000,ISIC_0025900,nv,HAM_0000943
0,0.18201366066932678,0,ham10000,ISIC_0027864,nv,HAM_0000944
0,0.18866148591041565,0,ham10000,ISIC_0031104,nv,HAM_0000945
0,0.28775179386138916,1,ham10000,ISIC_0031775,nv,HAM_0000946
0,0.16020268201828003,0,ham10000,ISIC_0024642,nv,HAM_0000947
0,0.10743755102157593,0,ham10000,ISIC_0033631,bkl,HAM_0000948
0,0.5111131072044373,1,ham10000,ISIC_0032444,nv,HAM_0000949
0,0.3629443645477295,1,ham10000,ISIC_0030590,nv,HAM_0000950
0,0.2286902219057083,0,ham10000,ISIC_0026003,nv,HAM_0000951
1,0.4458197057247162,1,ham10000,ISIC_0024546,mel,HAM_0000952
1,0.366201788187027,1,ham10000,ISIC_0026213,bcc,HAM_0000953
1,0.4444938004016876,1,ham10000,ISIC_0026100,akiec,HAM_0000954
0,0.3982681930065155,1,ham10000,ISIC_0029036,bkl,HAM_0000955
0,0.2152748852968216,0,ham10000,ISIC_0025251,nv,HAM_0000956
0,0.20826004445552826,0,ham10000,ISIC_0029449,nv,HAM_0000957
0,0.2037818878889084,0,ham10000,ISIC_0028175,nv,HAM_0000958
0,0.1731065809726715,0,ham10000,ISIC_0026532,bkl,HAM_0000959
0,0.29768797755241394,1,ham10000,ISIC_0025779,nv,HAM_0000960
0,0.21546202898025513,0,ham10000,ISIC_0024882,nv,HAM_0000961
0,0.3389211595058441,1,ham10000,ISIC_0028674,nv,HAM_0000962
0,0.25703293085098267,1,ham10000,ISIC_0032227,nv,HAM_0000963
0,0.13006550073623657,0,ham10000,ISIC_0028919,nv,HAM_0000964
0,0.2664508521556854,1,ham10000,ISIC_0027855,nv,HAM_0000965
0,0.5825282335281372,1,ham10000,ISIC_0030168,nv,HAM_0000966
1,0.49219411611557007,1,ham10000,ISIC_0025539,akiec,HAM_0000967
1,0.10336426645517349,0,ham10000,ISIC_0026074,bcc,HAM_0000968
0,0.14538352191448212,0,ham10000,ISIC_0028071,nv,HAM_0000969
0,0.3549601137638092,1,ham10000,ISIC_0032574,nv,HAM_0000970
0,0.3694848418235779,1,ham10000,ISIC_0026546,nv,HAM_0000971
0,0.13525092601776123,0,ham10000,ISIC_0031605,nv,HAM_0000972
0,0.35735371708869934,1,ham10000,ISIC_0025222,bkl,HAM_0000973
0,0.17285391688346863,0,ham10000,ISIC_0026262,bkl,HAM_0000974
0,0.41993170976638794,1,ham10000,ISIC_0029267,nv,HAM_0000975
0,0.4425526261329651,1,ham10000,ISIC_0030833,nv,HAM_0000976
0,0.2359275072813034,1,ham10000,ISIC_0024842,nv,HAM_0000977
0,0.41076216101646423,1,ham10000,ISIC_0025882,nv,HAM_0000978
0,0.3869153559207916,1,ham10000,ISIC_0028043,bkl,HAM_0000979
0,0.3543430268764496,1,ham10000,ISIC_0028627,nv,HAM_0000980
0,0.356611967086792,1,ham10000,ISIC_0024311,nv,HAM_0000981
1,0.7817157506942749,1,ham10000,ISIC_0032356,akiec,HAM_0000982
0,0.13928048312664032,0,ham10000,ISIC_0033490,bkl,HAM_0000983
0,0.24454054236412048,1,ham10000,ISIC_0024376,nv,HAM_0000984
0,0.22795799374580383,0,ham10000,ISIC_0024490,bkl,HAM_0000985
0,0.2690591812133789,1,ham10000,ISIC_0026227,nv,HAM_0000986
1,0.5403549075126648,1,ham10000,ISIC_0025301,bcc,HAM_0000987
1,0.16992945969104767,0,ham10000,ISIC_0031186,mel,HAM_0000988
0,0.13966688513755798,0,ham10000,ISIC_0028070,nv,HAM_0000989
0,0.32986050844192505,1,ham10000,ISIC_0031801,nv,HAM_0000990
0,0.3856755495071411,1,ham10000,ISIC_0028275,nv,HAM_0000991
0,0.22343219816684723,0,ham10000,ISIC_0026661,bkl,HAM_0000992
1,0.560039222240448,1,ham10000,ISIC_0032696,bcc,HAM_0000993
1,0.4044765830039978,1,ham10000,ISIC_0027545,bcc,HAM_0000994
0,0.23476500809192657,1,ham10000,ISIC_0027241,nv,HAM_0000995
0,0.28051525354385376,1,ham10000,ISIC_0024793,nv,HAM_0000996
0,0.3443278670310974,1,ham10000,ISIC_0030385,nv,HAM_0000997
1,0.44998452067375183,1,ham10000,ISIC_0027544,bcc,HAM_0000998
0,0.17755673825740814,0,ham10000,ISIC_0026567,bkl,HAM_0000999
0,0.24136897921562195,1,ham10000,ISIC_0033353,nv,HAM_0001000
0,0.2184392660856247,0,ham10000,ISIC_0026852,nv,HAM_0001001
0,0.4019484519958496,1,ham10000,ISIC_0026348,nv,HAM_0001002
0,0.15472257137298584,0,ham10000,ISIC_0028629,nv,HAM_0001003
1,0.4584871232509613,1,ham10000,ISIC_0024923,akiec,HAM_0001004
0,0.16036304831504822,0,ham10000,ISIC_0028058,nv,HAM_0001005
0,0.1348222941160202,0,ham10000,ISIC_0027602,nv,HAM_0001006
0,0.30438748002052307,1,ham10000,ISIC_0031758,nv,HAM_0001007
0,0.18950043618679047,0,ham10000,ISIC_0031898,nv,HAM_0001008
0,0.2674863338470459,1,ham10000,ISIC_0029401,nv,HAM_0001009
0,0.33799922466278076,1,ham10000,ISIC_0026170,nv,HAM_0001010
0,0.24356074631214142,1,ham10000,ISIC_0027202,bkl,HAM_0001011
0,0.19172008335590363,0,ham10000,ISIC_0031867,nv,HAM_0001012
0,0.36004674434661865,1,ham10000,ISIC_0031533,nv,HAM_0001013
0,0.31889477372169495,1,ham10000,ISIC_0031278,nv,HAM_0001014
0,0.16138742864131927,0,ham10000,ISIC_0028833,nv,HAM_0001015
0,0.32333821058273315,1,ham10000,ISIC_0028845,nv,HAM_0001016
0,0.18347927927970886,0,ham10000,ISIC_0024507,nv,HAM_0001017
1,0.34244224429130554,1,ham10000,ISIC_0027090,bcc,HAM_0001018
0,0.20518070459365845,0,ham10000,ISIC_0026377,nv,HAM_0001019
0,0.20876851677894592,0,ham10000,ISIC_0030912,nv,HAM_0001020
0,0.3703083395957947,1,ham10000,ISIC_0031332,nv,HAM_0001021
0,0.40796560049057007,1,ham10000,ISIC_0026414,nv,HAM_0001022
1,0.3421241044998169,1,ham10000,ISIC_0026468,akiec,HAM_0001023
0,0.15869539976119995,0,ham10000,ISIC_0027192,bkl,HAM_0001024
0,0.26777026057243347,1,ham10000,ISIC_0030891,nv,HAM_0001025
0,0.1656123399734497,0,ham10000,ISIC_0033743,nv,HAM_0001026
0,0.18653005361557007,0,ham10000,ISIC_0026455,nv,HAM_0001027
0,0.2191876620054245,0,ham10000,ISIC_0031220,nv,HAM_0001028
0,0.17877797782421112,0,ham10000,ISIC_0024384,nv,HAM_0001029
0,0.23306827247142792,1,ham10000,ISIC_0027363,nv,HAM_0001030
0,0.32104095816612244,1,ham10000,ISIC_0030626,nv,HAM_0001031
0,0.20458170771598816,0,ham10000,ISIC_0028321,nv,HAM_0001032
0,0.20422697067260742,0,ham10000,ISIC_0031658,nv,HAM_0001033
0,0.2725818157196045,1,ham10000,ISIC_0026691,nv,HAM_0001034
0,0.32864657044410706,1,ham10000,ISIC_0026129,nv,HAM_0001035
1,0.39765217900276184,1,ham10000,ISIC_0027588,akiec,HAM_0001036
0,0.36678579449653625,1,ham10000,ISIC_0031645,nv,HAM_0001037
0,0.20698551833629608,0,ham10000,ISIC_0024706,vasc,HAM_0001038
0,0.1507614105939865,0,ham10000,ISIC_0026356,nv,HAM_0001039
0,0.27140480279922485,1,ham10000,ISIC_0032747,nv,HAM_0001040
0,0.39310428500175476,1,ham10000,ISIC_0026886,nv,HAM_0001041
0,0.34042808413505554,1,ham10000,ISIC_0025246,nv,HAM_0001042
0,0.32305872440338135,1,ham10000,ISIC_0026035,nv,HAM_0001043
0,0.16253459453582764,0,ham10000,ISIC_0027322,nv,HAM_0001044
0,0.19940221309661865,0,ham10000,ISIC_0024605,nv,HAM_0001045
0,0.39904358983039856,1,ham10000,ISIC_0032951,nv,HAM_0001046
0,0.11805536597967148,0,ham10000,ISIC_0028853,nv,HAM_0001047
1,0.1451553851366043,0,ham10000,ISIC_0026525,akiec,HAM_0001048
0,0.2782052159309387,1,ham10000,ISIC_0027703,nv,HAM_0001049
0,0.32000550627708435,1,ham10000,ISIC_0030317,nv,HAM_0001050
0,0.1906547099351883,0,ham10000,ISIC_0024686,nv,HAM_0001051
0,0.34379518032073975,1,ham10000,ISIC_0031053,nv,HAM_0001052
0,0.23242992162704468,1,ham10000,ISIC_0030998,bkl,HAM_0001053
0,0.2906339764595032,1,ham10000,ISIC_0029006,nv,HAM_0001054
0,0.44736093282699585,1,ham10000,ISIC_0028120,bkl,HAM_0001055
0,0.0724257305264473,0,ham10000,ISIC_0025329,nv,HAM_0001056
0,0.35399195551872253,1,ham10000,ISIC_0024381,bkl,HAM_0001057
0,0.18016552925109863,0,ham10000,ISIC_0024716,nv,HAM_0001058
0,0.33702361583709717,1,ham10000,ISIC_0029282,nv,HAM_0001059
0,0.19333721697330475,0,ham10000,ISIC_0024405,nv,HAM_0001060
0,0.18809418380260468,0,ham10000,ISIC_0029526,nv,HAM_0001061
0,0.3499510586261749,1,ham10000,ISIC_0027710,bkl,HAM_0001062
0,0.32125917077064514,1,ham10000,ISIC_0027180,nv,HAM_0001063
0,0.41004908084869385,1,ham10000,ISIC_0031797,nv,HAM_0001064
0,0.1408829540014267,0,ham10000,ISIC_0030035,nv,HAM_0001065
0,0.34016093611717224,1,ham10000,ISIC_0028949,nv,HAM_0001066
0,0.2740708887577057,1,ham10000,ISIC_0028813,nv,HAM_0001067
0,0.3059546947479248,1,ham10000,ISIC_0029365,nv,HAM_0001068
1,0.34112364053726196,1,ham10000,ISIC_0028898,mel,HAM_0001069
0,0.40823113918304443,1,ham10000,ISIC_0027499,nv,HAM_0001070
0,0.36619412899017334,1,ham10000,ISIC_0027570,nv,HAM_0001071
0,0.23904959857463837,1,ham10000,ISIC_0026041,nv,HAM_0001072
0,0.31236523389816284,1,ham10000,ISIC_0027990,bkl,HAM_0001073
0,0.29972177743911743,1,ham10000,ISIC_0030764,nv,HAM_0001074
0,0.2334846407175064,1,ham10000,ISIC_0028743,nv,HAM_0001075
0,0.5558622479438782,1,ham10000,ISIC_0032646,nv,HAM_0001076
0,0.18618859350681305,0,ham10000,ISIC_0025846,nv,HAM_0001077
1,0.35036906599998474,1,ham10000,ISIC_0027851,bcc,HAM_0001078
0,0.4185510277748108,1,ham10000,ISIC_0031371,nv,HAM_0001079
0,0.21941225230693817,0,ham10000,ISIC_0028762,nv,HAM_0001080
0,0.19625170528888702,0,ham10000,ISIC_0026278,nv,HAM_0001081
0,0.43714842200279236,1,ham10000,ISIC_0024696,bkl,HAM_0001082
0,0.2377597540616989,1,ham10000,ISIC_0025540,nv,HAM_0001083
0,0.3291004002094269,1,ham10000,ISIC_0030946,nv,HAM_0001084
0,0.32502567768096924,1,ham10000,ISIC_0025919,nv,HAM_0001085
0,0.3367573022842407,1,ham10000,ISIC_0030499,nv,HAM_0001086
0,0.2769959270954132,1,ham10000,ISIC_0031785,nv,HAM_0001087
0,0.15309786796569824,0,ham10000,ISIC_0031959,nv,HAM_0001088
0,0.4069916903972626,1,ham10000,ISIC_0029941,nv,HAM_0001089
0,0.33228206634521484,1,ham10000,ISIC_0031207,nv,HAM_0001090
0,0.31963425874710083,1,ham10000,ISIC_0031955,vasc,HAM_0001091
0,0.26189395785331726,1,ham10000,ISIC_0031962,nv,HAM_0001092
0,0.21922577917575836,0,ham10000,ISIC_0032198,nv,HAM_0001093
0,0.20334714651107788,0,ham10000,ISIC_0031150,bkl,HAM_0001094
1,0.25963646173477173,1,ham10000,ISIC_0026647,mel,HAM_0001095
0,0.21773645281791687,0,ham10000,ISIC_0026932,nv,HAM_0001096
0,0.25170889496803284,1,ham10000,ISIC_0032950,nv,HAM_0001097
0,0.18561656773090363,0,ham10000,ISIC_0024671,nv,HAM_0001098
0,0.1986047923564911,0,ham10000,ISIC_0027955,nv,HAM_0001099
0,0.5231175422668457,1,ham10000,ISIC_0028194,nv,HAM_0001100
0,0.2818939983844757,1,ham10000,ISIC_0030621,nv,HAM_0001101
0,0.35897812247276306,1,ham10000,ISIC_0029903,nv,HAM_0001102
0,0.20581106841564178,0,ham10000,ISIC_0030918,nv,HAM_0001103
0,0.3529279828071594,1,ham10000,ISIC_0027183,nv,HAM_0001104
1,0.1581946611404419,0,ham10000,ISIC_0025592,mel,HAM_0001105
0,0.3539661467075348,1,ham10000,ISIC_0033225,nv,HAM_0001106
0,0.19262228906154633,0,ham10000,ISIC_0027644,nv,HAM_0001107
0,0.20474089682102203,0,ham10000,ISIC_0027313,nv,HAM_0001108
0,0.33599427342414856,1,ham10000,ISIC_0027636,nv,HAM_0001109
0,0.24231040477752686,1,ham10000,ISIC_0024413,nv,HAM_0001110
0,0.33038201928138733,1,ham10000,ISIC_0026209,nv,HAM_0001111
0,0.4014849364757538,1,ham10000,ISIC_0024359,nv,HAM_0001112
1,0.49073439836502075,1,ham10000,ISIC_0031900,mel,HAM_0001113
0,0.4394986927509308,1,ham10000,ISIC_0031260,nv,HAM_0001114
0,0.1554272621870041,0,ham10000,ISIC_0024778,nv,HAM_0001115
0,0.4602753221988678,1,ham10000,ISIC_0028601,nv,HAM_0001116
0,0.4453425705432892,1,ham10000,ISIC_0027411,nv,HAM_0001117
0,0.1801624298095703,0,ham10000,ISIC_0033332,nv,HAM_0001118
0,0.19449268281459808,0,ham10000,ISIC_0025726,nv,HAM_0001120
0,0.45012834668159485,1,ham10000,ISIC_0024788,nv,HAM_0001121
0,0.21342714130878448,0,ham10000,ISIC_0030104,vasc,HAM_0001122
0,0.09511533379554749,0,ham10000,ISIC_0027554,nv,HAM_0001123
0,0.1813039928674698,0,ham10000,ISIC_0026587,nv,HAM_0001124
0,0.20953257381916046,0,ham10000,ISIC_0024827,nv,HAM_0001125
0,0.20974311232566833,0,ham10000,ISIC_0025123,nv,HAM_0001126
0,0.3421107530593872,1,ham10000,ISIC_0029307,nv,HAM_0001127
0,0.21673175692558289,0,ham10000,ISIC_0029444,nv,HAM_0001128
1,0.17560477554798126,0,ham10000,ISIC_0030352,bcc,HAM_0001129
0,0.348122239112854,1,ham10000,ISIC_0024694,nv,HAM_0001130
0,0.23913224041461945,1,ham10000,ISIC_0029601,nv,HAM_0001131
0,0.14666645228862762,0,ham10000,ISIC_0031562,nv,HAM_0001132
0,0.14989997446537018,0,ham10000,ISIC_0032980,nv,HAM_0001133
0,0.20023420453071594,0,ham10000,ISIC_0026913,nv,HAM_0001134
1,0.16347359120845795,0,ham10000,ISIC_0033152,mel,HAM_0001135
0,0.2718075215816498,1,ham10000,ISIC_0031848,nv,HAM_0001136
0,0.32067474722862244,1,ham10000,ISIC_0029359,nv,HAM_0001137
1,0.16018834710121155,0,ham10000,ISIC_0032768,bcc,HAM_0001138
0,0.22053316235542297,0,ham10000,ISIC_0033028,nv,HAM_0001139
0,0.27550798654556274,1,ham10000,ISIC_0024884,nv,HAM_0001140
0,0.2111317664384842,0,ham10000,ISIC_0028918,nv,HAM_0001141
0,0.15307942032814026,0,ham10000,ISIC_0024503,nv,HAM_0001142
1,0.7190119624137878,1,ham10000,ISIC_0033426,mel,HAM_0001143
0,0.36483436822891235,1,ham10000,ISIC_0030673,nv,HAM_0001144
0,0.4105716645717621,1,ham10000,ISIC_0030400,nv,HAM_0001145
0,0.526447594165802,1,ham10000,ISIC_0032480,nv,HAM_0001146
0,0.19399113953113556,0,ham10000,ISIC_0033375,nv,HAM_0001147
0,0.33756715059280396,1,ham10000,ISIC_0030103,nv,HAM_0001148
0,0.18362964689731598,0,ham10000,ISIC_0028924,nv,HAM_0001149
1,0.2684820592403412,1,ham10000,ISIC_0030486,mel,HAM_0001150
0,0.14856229722499847,0,ham10000,ISIC_0024649,nv,HAM_0001151
1,0.4447585940361023,1,ham10000,ISIC_0030133,akiec,HAM_0001152
0,0.4737478792667389,1,ham10000,ISIC_0025849,nv,HAM_0001153
0,0.3912411332130432,1,ham10000,ISIC_0025013,nv,HAM_0001154
1,0.4062730073928833,1,ham10000,ISIC_0032987,mel,HAM_0001155
0,0.16807661950588226,0,ham10000,ISIC_0030811,nv,HAM_0001156
0,0.3664054572582245,1,ham10000,ISIC_0027423,nv,HAM_0001157
0,0.4070116877555847,1,ham10000,ISIC_0025022,nv,HAM_0001158
0,0.21335555613040924,0,ham10000,ISIC_0026533,nv,HAM_0001159
0,0.12753470242023468,0,ham10000,ISIC_0024340,nv,HAM_0001160
0,0.3635319471359253,1,ham10000,ISIC_0028691,nv,HAM_0001161
0,0.3425651490688324,1,ham10000,ISIC_0029211,nv,HAM_0001162
0,0.16463765501976013,0,ham10000,ISIC_0028997,nv,HAM_0001163
0,0.3435491919517517,1,ham10000,ISIC_0027118,df,HAM_0001164
0,0.3008266091346741,1,ham10000,ISIC_0030199,nv,HAM_0001165
0,0.2786351144313812,1,ham10000,ISIC_0026851,nv,HAM_0001166
0,0.14903149008750916,0,ham10000,ISIC_0028448,bkl,HAM_0001167
0,0.24238383769989014,1,ham10000,ISIC_0024803,nv,HAM_0001168
0,0.3500567376613617,1,ham10000,ISIC_0029328,nv,HAM_0001169
0,0.3004204332828522,1,ham10000,ISIC_0032202,nv,HAM_0001170
0,0.3123236298561096,1,ham10000,ISIC_0032346,nv,HAM_0001171
0,0.3033010959625244,1,ham10000,ISIC_0024821,nv,HAM_0001172
1,0.13987289369106293,0,ham10000,ISIC_0030827,akiec,HAM_0001173
1,0.43007218837738037,1,ham10000,ISIC_0033027,mel,HAM_0001174
0,0.13261082768440247,0,ham10000,ISIC_0033191,nv,HAM_0001175
1,0.4795907437801361,1,ham10000,ISIC_0028644,akiec,HAM_0001176
0,0.36481937766075134,1,ham10000,ISIC_0025154,df,HAM_0001177
1,0.6769917607307434,1,ham10000,ISIC_0031570,akiec,HAM_0001178
0,0.3509746193885803,1,ham10000,ISIC_0029928,nv,HAM_0001179
0,0.221156507730484,0,ham10000,ISIC_0029303,nv,HAM_0001180
0,0.2224085032939911,0,ham10000,ISIC_0030409,nv,HAM_0001181
0,0.23617327213287354,1,ham10000,ISIC_0029361,nv,HAM_0001182
1,0.5376503467559814,1,ham10000,ISIC_0027846,bcc,HAM_0001183
0,0.33347469568252563,1,ham10000,ISIC_0028330,nv,HAM_0001184
0,0.36592161655426025,1,ham10000,ISIC_0029063,nv,HAM_0001185
0,0.6936002969741821,1,ham10000,ISIC_0033391,bkl,HAM_0001186
0,0.23865856230258942,1,ham10000,ISIC_0027914,nv,HAM_0001187
0,0.20519693195819855,0,ham10000,ISIC_0032162,nv,HAM_0001188
0,0.3578227758407593,1,ham10000,ISIC_0029777,nv,HAM_0001189
0,0.26721951365470886,1,ham10000,ISIC_0026071,nv,HAM_0001190
0,0.23241622745990753,1,ham10000,ISIC_0028452,nv,HAM_0001191
0,0.18693342804908752,0,ham10000,ISIC_0031546,nv,HAM_0001192
0,0.19823536276817322,0,ham10000,ISIC_0029125,nv,HAM_0001193
0,0.32998064160346985,1,ham10000,ISIC_0028991,nv,HAM_0001194
0,0.20782789587974548,0,ham10000,ISIC_0031161,nv,HAM_0001195
0,0.18292590975761414,0,ham10000,ISIC_0028088,nv,HAM_0001196
0,0.3285859227180481,1,ham10000,ISIC_0031420,nv,HAM_0001197
0,0.14755456149578094,0,ham10000,ISIC_0025441,nv,HAM_0001198
0,0.17154821753501892,0,ham10000,ISIC_0025802,nv,HAM_0001199
0,0.5017175674438477,1,ham10000,ISIC_0025716,bkl,HAM_0001200
0,0.24737417697906494,1,ham10000,ISIC_0024691,nv,HAM_0001201
1,0.6740840673446655,1,ham10000,ISIC_0028022,mel,HAM_0001202
1,0.4407903850078583,1,ham10000,ISIC_0025081,mel,HAM_0001203
0,0.2876453697681427,1,ham10000,ISIC_0030185,nv,HAM_0001204
0,0.38749703764915466,1,ham10000,ISIC_0025034,nv,HAM_0001205
0,0.26252955198287964,1,ham10000,ISIC_0031320,nv,HAM_0001206
0,0.3675215542316437,1,ham10000,ISIC_0032436,nv,HAM_0001207
0,0.21040605008602142,0,ham10000,ISIC_0026047,nv,HAM_0001208
0,0.301847368478775,1,ham10000,ISIC_0033064,nv,HAM_0001209
0,0.45037078857421875,1,ham10000,ISIC_0025841,nv,HAM_0001210
0,0.30630403757095337,1,ham10000,ISIC_0033781,nv,HAM_0001211
0,0.5058618783950806,1,ham10000,ISIC_0024846,nv,HAM_0001212
0,0.331447035074234,1,ham10000,ISIC_0026731,nv,HAM_0001213
1,0.38760802149772644,1,ham10000,ISIC_0025439,mel,HAM_0001214
1,0.35006582736968994,1,ham10000,ISIC_0025260,bcc,HAM_0001215
0,0.2548508048057556,1,ham10000,ISIC_0026499,nv,HAM_0001216
0,0.19591666758060455,0,ham10000,ISIC_0032864,nv,HAM_0001218
1,0.2737489640712738,1,ham10000,ISIC_0028335,akiec,HAM_0001219
0,0.258735716342926,1,ham10000,ISIC_0027931,nv,HAM_0001220
0,0.37200188636779785,1,ham10000,ISIC_0026637,bkl,HAM_0001221
0,0.24879443645477295,1,ham10000,ISIC_0029916,nv,HAM_0001222
0,0.4246152639389038,1,ham10000,ISIC_0030789,bkl,HAM_0001223
0,0.38447725772857666,1,ham10000,ISIC_0030777,nv,HAM_0001224
0,0.35543322563171387,1,ham10000,ISIC_0025977,nv,HAM_0001225
0,0.37903064489364624,1,ham10000,ISIC_0030636,bkl,HAM_0001226
0,0.2283375859260559,0,ham10000,ISIC_0032210,nv,HAM_0001227
0,0.22184859216213226,0,ham10000,ISIC_0031717,nv,HAM_0001228
0,0.16891194880008698,0,ham10000,ISIC_0032401,nv,HAM_0001229
0,0.6542453765869141,1,ham10000,ISIC_0025295,nv,HAM_0001230
0,0.27767863869667053,1,ham10000,ISIC_0025878,nv,HAM_0001231
0,0.3433230221271515,1,ham10000,ISIC_0026614,bkl,HAM_0001232
0,0.20034362375736237,0,ham10000,ISIC_0029110,nv,HAM_0001233
1,0.5015846490859985,1,ham10000,ISIC_0031940,akiec,HAM_0001234
0,0.15976779162883759,0,ham10000,ISIC_0024530,nv,HAM_0001235
0,0.34938839077949524,1,ham10000,ISIC_0030615,nv,HAM_0001236
1,0.3508387804031372,1,ham10000,ISIC_0029680,bcc,HAM_0001237
0,0.1509450078010559,0,ham10000,ISIC_0032409,vasc,HAM_0001238
1,0.41434866189956665,1,ham10000,ISIC_0031640,bcc,HAM_0001239
0,0.18470269441604614,0,ham10000,ISIC_0026871,bkl,HAM_0001240
0,0.31133806705474854,1,ham10000,ISIC_0031461,nv,HAM_0001241
0,0.3043178617954254,1,ham10000,ISIC_0025988,nv,HAM_0001242
1,0.35163620114326477,1,ham10000,ISIC_0033747,bcc,HAM_0001243
0,0.15995313227176666,0,ham10000,ISIC_0030530,nv,HAM_0001244
0,0.309874951839447,1,ham10000,ISIC_0025575,bkl,HAM_0001245
0,0.4473232328891754,1,ham10000,ISIC_0032822,nv,HAM_0001246
0,0.3944133222103119,1,ham10000,ISIC_0024557,nv,HAM_0001247
0,0.3827960789203644,1,ham10000,ISIC_0025177,nv,HAM_0001248
0,0.17573955655097961,0,ham10000,ISIC_0033817,vasc,HAM_0001249
0,0.2939565181732178,1,ham10000,ISIC_0026972,nv,HAM_0001251
0,0.12964414060115814,0,ham10000,ISIC_0026284,nv,HAM_0001252
0,0.1649165004491806,0,ham10000,ISIC_0025704,nv,HAM_0001253
0,0.30146029591560364,1,ham10000,ISIC_0030987,nv,HAM_0001254
0,0.21028222143650055,0,ham10000,ISIC_0030948,nv,HAM_0001255
0,0.17996250092983246,0,ham10000,ISIC_0025997,nv,HAM_0001256
0,0.2770700454711914,1,ham10000,ISIC_0024614,nv,HAM_0001257
1,0.2577477991580963,1,ham10000,ISIC_0025331,akiec,HAM_0001258
0,0.42339617013931274,1,ham10000,ISIC_0028252,nv,HAM_0001259
0,0.20273494720458984,0,ham10000,ISIC_0024421,nv,HAM_0001260
0,0.22156718373298645,0,ham10000,ISIC_0025332,nv,HAM_0001261
0,0.41912779211997986,1,ham10000,ISIC_0026677,nv,HAM_0001262
0,0.3488309979438782,1,ham10000,ISIC_0031463,nv,HAM_0001263
0,0.2177838236093521,0,ham10000,ISIC_0032838,nv,HAM_0001264
0,0.20895050466060638,0,ham10000,ISIC_0025061,nv,HAM_0001265
1,0.39033687114715576,1,ham10000,ISIC_0029909,mel,HAM_0001266
0,0.13306176662445068,0,ham10000,ISIC_0030454,nv,HAM_0001267
0,0.21139466762542725,0,ham10000,ISIC_0025535,nv,HAM_0001268
0,0.5941079258918762,1,ham10000,ISIC_0027582,nv,HAM_0001269
0,0.3511349558830261,1,ham10000,ISIC_0031935,nv,HAM_0001270
0,0.28430840373039246,1,ham10000,ISIC_0030949,nv,HAM_0001271
1,0.7219793796539307,1,ham10000,ISIC_0029265,mel,HAM_0001272
0,0.5652711987495422,1,ham10000,ISIC_0027806,bkl,HAM_0001273
1,0.2589937448501587,1,ham10000,ISIC_0032462,mel,HAM_0001274
0,0.2632431983947754,1,ham10000,ISIC_0025495,nv,HAM_0001275
0,0.38355863094329834,1,ham10000,ISIC_0031948,nv,HAM_0001276
1,0.3410676121711731,1,ham10000,ISIC_0031927,akiec,HAM_0001277
0,0.33249354362487793,1,ham10000,ISIC_0024527,nv,HAM_0001278
0,0.4145975112915039,1,ham10000,ISIC_0025855,nv,HAM_0001279
1,0.3392466604709625,1,ham10000,ISIC_0033704,mel,HAM_0001280
0,0.18354648351669312,0,ham10000,ISIC_0027048,nv,HAM_0001281
0,0.3818206191062927,1,ham10000,ISIC_0028269,nv,HAM_0001282
1,0.6548512578010559,1,ham10000,ISIC_0026845,bcc,HAM_0001283
1,0.3542739748954773,1,ham10000,ISIC_0024972,mel,HAM_0001284
0,0.21183259785175323,0,ham10000,ISIC_0031553,nv,HAM_0001285
0,0.3824608325958252,1,ham10000,ISIC_0031846,nv,HAM_0001286
0,0.39106568694114685,1,ham10000,ISIC_0024535,nv,HAM_0001287
0,0.2861040234565735,1,ham10000,ISIC_0029757,nv,HAM_0001288
0,0.27882465720176697,1,ham10000,ISIC_0026725,nv,HAM_0001289
0,0.19223685562610626,0,ham10000,ISIC_0032263,nv,HAM_0001290
0,0.09908262640237808,0,ham10000,ISIC_0024613,nv,HAM_0001291
0,0.15068206191062927,0,ham10000,ISIC_0027094,bkl,HAM_0001292
0,0.38376501202583313,1,ham10000,ISIC_0030062,nv,HAM_0001293
0,0.31413641571998596,1,ham10000,ISIC_0028124,bkl,HAM_0001294
0,0.3070003390312195,1,ham10000,ISIC_0024703,nv,HAM_0001295
1,0.3835906386375427,1,ham10000,ISIC_0028316,bcc,HAM_0001296
0,0.16981224715709686,0,ham10000,ISIC_0030135,nv,HAM_0001297
0,0.29601946473121643,1,ham10000,ISIC_0024731,nv,HAM_0001298
1,0.48964089155197144,1,ham10000,ISIC_0026545,mel,HAM_0001299
0,0.2994752526283264,1,ham10000,ISIC_0029497,nv,HAM_0001300
1,0.3775824010372162,1,ham10000,ISIC_0032307,bcc,HAM_0001301
1,0.5915971994400024,1,ham10000,ISIC_0032206,akiec,HAM_0001302
0,0.12139059603214264,0,ham10000,ISIC_0028753,nv,HAM_0001303
0,0.16466893255710602,0,ham10000,ISIC_0028328,nv,HAM_0001304
0,0.2088821828365326,0,ham10000,ISIC_0030887,nv,HAM_0001305
0,0.19791680574417114,0,ham10000,ISIC_0026603,nv,HAM_0001306
0,0.3827771842479706,1,ham10000,ISIC_0025041,nv,HAM_0001307
0,0.3540222942829132,1,ham10000,ISIC_0025740,nv,HAM_0001308
0,0.15766608715057373,0,ham10000,ISIC_0032876,bkl,HAM_0001309
0,0.29461202025413513,1,ham10000,ISIC_0027820,bkl,HAM_0001310
0,0.3304673135280609,1,ham10000,ISIC_0031544,nv,HAM_0001311
0,0.15330147743225098,0,ham10000,ISIC_0024871,bkl,HAM_0001312
0,0.17643286287784576,0,ham10000,ISIC_0025562,nv,HAM_0001313
0,0.1793760061264038,0,ham10000,ISIC_0029675,nv,HAM_0001314
0,0.48153164982795715,1,ham10000,ISIC_0031628,nv,HAM_0001315
0,0.2729008197784424,1,ham10000,ISIC_0031660,nv,HAM_0001316
0,0.41894257068634033,1,ham10000,ISIC_0027995,nv,HAM_0001317
0,0.179279163479805,0,ham10000,ISIC_0028305,nv,HAM_0001318
0,0.44880688190460205,1,ham10000,ISIC_0026053,nv,HAM_0001319
0,0.2842027544975281,1,ham10000,ISIC_0028638,nv,HAM_0001320
0,0.35314249992370605,1,ham10000,ISIC_0032831,nv,HAM_0001321
0,0.34147438406944275,1,ham10000,ISIC_0028962,nv,HAM_0001322
0,0.3326675593852997,1,ham10000,ISIC_0032087,nv,HAM_0001323
0,0.3195675313472748,1,ham10000,ISIC_0028435,nv,HAM_0001324
0,0.37550288438796997,1,ham10000,ISIC_0030522,bkl,HAM_0001325
1,0.6328900456428528,1,ham10000,ISIC_0030145,bcc,HAM_0001326
0,0.48774799704551697,1,ham10000,ISIC_0032489,nv,HAM_0001327
1,0.4013502597808838,1,ham10000,ISIC_0028442,mel,HAM_0001328
0,0.14144551753997803,0,ham10000,ISIC_0029650,nv,HAM_0001329
0,0.19341285526752472,0,ham10000,ISIC_0026818,nv,HAM_0001330
1,0.45266246795654297,1,ham10000,ISIC_0025824,bcc,HAM_0001331
0,0.3583129048347473,1,ham10000,ISIC_0026953,nv,HAM_0001332
0,0.3297271430492401,1,ham10000,ISIC_0028948,nv,HAM_0001333
0,0.26689770817756653,1,ham10000,ISIC_0030328,nv,HAM_0001334
0,0.3059432804584503,1,ham10000,ISIC_0026555,nv,HAM_0001335
0,0.26238200068473816,1,ham10000,ISIC_0028935,nv,HAM_0001336
1,0.8630725145339966,1,ham10000,ISIC_0032455,akiec,HAM_0001337
0,0.42042335867881775,1,ham10000,ISIC_0028428,nv,HAM_0001338
0,0.40042904019355774,1,ham10000,ISIC_0026201,nv,HAM_0001339
0,0.14638341963291168,0,ham10000,ISIC_0025290,nv,HAM_0001340
0,0.42755967378616333,1,ham10000,ISIC_0025191,nv,HAM_0001341
0,0.5603653788566589,1,ham10000,ISIC_0029366,nv,HAM_0001342
1,0.5441102981567383,1,ham10000,ISIC_0032687,mel,HAM_0001344
0,0.3657470643520355,1,ham10000,ISIC_0028407,nv,HAM_0001345
0,0.17987224459648132,0,ham10000,ISIC_0026928,nv,HAM_0001346
0,0.19774383306503296,0,ham10000,ISIC_0025181,nv,HAM_0001347
0,0.1625089943408966,0,ham10000,ISIC_0028259,nv,HAM_0001348
1,0.37077710032463074,1,ham10000,ISIC_0024351,mel,HAM_0001349
0,0.16518239676952362,0,ham10000,ISIC_0030221,nv,HAM_0001350
0,0.20030131936073303,0,ham10000,ISIC_0031684,nv,HAM_0001351
0,0.2794485092163086,1,ham10000,ISIC_0029896,nv,HAM_0001352
1,0.23582912981510162,1,ham10000,ISIC_0024886,mel,HAM_0001353
0,0.4531886875629425,1,ham10000,ISIC_0033321,bkl,HAM_0001354
0,0.2834370732307434,1,ham10000,ISIC_0028711,nv,HAM_0001355
0,0.17672450840473175,0,ham10000,ISIC_0026333,nv,HAM_0001356
0,0.11591477692127228,0,ham10000,ISIC_0027145,nv,HAM_0001357
0,0.29232290387153625,1,ham10000,ISIC_0032680,nv,HAM_0001358
0,0.26791107654571533,1,ham10000,ISIC_0024312,bkl,HAM_0001359
0,0.13464580476284027,0,ham10000,ISIC_0029965,nv,HAM_0001360
0,0.33696067333221436,1,ham10000,ISIC_0026076,nv,HAM_0001361
0,0.39451897144317627,1,ham10000,ISIC_0025838,bkl,HAM_0001362
0,0.3421395719051361,1,ham10000,ISIC_0026900,nv,HAM_0001363
0,0.16390664875507355,0,ham10000,ISIC_0029510,nv,HAM_0001364
0,0.28501269221305847,1,ham10000,ISIC_0026307,nv,HAM_0001365
0,0.12465690821409225,0,ham10000,ISIC_0032814,nv,HAM_0001366
0,0.4323868155479431,1,ham10000,ISIC_0029239,nv,HAM_0001367
0,0.3324695825576782,1,ham10000,ISIC_0029445,nv,HAM_0001368
1,0.18883578479290009,0,ham10000,ISIC_0026957,bcc,HAM_0001369
0,0.11363581568002701,0,ham10000,ISIC_0030257,nv,HAM_0001370
0,0.15684948861598969,0,ham10000,ISIC_0029322,nv,HAM_0001371
0,0.143638476729393,0,ham10000,ISIC_0031103,vasc,HAM_0001372
0,0.17614971101284027,0,ham10000,ISIC_0029999,nv,HAM_0001373
0,0.36004289984703064,1,ham10000,ISIC_0029946,nv,HAM_0001374
0,0.14788028597831726,0,ham10000,ISIC_0026238,nv,HAM_0001375
0,0.24653619527816772,1,ham10000,ISIC_0031437,nv,HAM_0001376
0,0.149205282330513,0,ham10000,ISIC_0030054,nv,HAM_0001377
1,0.3337201178073883,1,ham10000,ISIC_0025313,mel,HAM_0001378
0,0.2647162079811096,1,ham10000,ISIC_0030618,nv,HAM_0001379
0,0.43078532814979553,1,ham10000,ISIC_0031568,nv,HAM_0001380
0,0.32313212752342224,1,ham10000,ISIC_0028870,nv,HAM_0001381
0,0.25424012541770935,1,ham10000,ISIC_0028922,nv,HAM_0001382
1,0.39418941736221313,1,ham10000,ISIC_0027700,akiec,HAM_0001383
0,0.33576473593711853,1,ham10000,ISIC_0033397,bkl,HAM_0001384
0,0.41998881101608276,1,ham10000,ISIC_0033212,bkl,HAM_0001385
1,0.4030854403972626,1,ham10000,ISIC_0027668,akiec,HAM_0001386
0,0.39149489998817444,1,ham10000,ISIC_0024879,nv,HAM_0001387
1,0.35928672552108765,1,ham10000,ISIC_0032225,bcc,HAM_0001388
0,0.43784046173095703,1,ham10000,ISIC_0026775,bkl,HAM_0001389
1,0.33034464716911316,1,ham10000,ISIC_0024411,bcc,HAM_0001390
0,0.3754942715167999,1,ham10000,ISIC_0024584,nv,HAM_0001391
0,0.18931877613067627,0,ham10000,ISIC_0030411,nv,HAM_0001392
0,0.3224237263202667,1,ham10000,ISIC_0027418,nv,HAM_0001393
0,0.3176763355731964,1,ham10000,ISIC_0031864,nv,HAM_0001394
0,0.1345619261264801,0,ham10000,ISIC_0031818,nv,HAM_0001395
0,0.448138952255249,1,ham10000,ISIC_0025276,bkl,HAM_0001396
1,0.4022243618965149,1,ham10000,ISIC_0026796,mel,HAM_0001397
0,0.26565471291542053,1,ham10000,ISIC_0027934,nv,HAM_0001398
0,0.2376176416873932,1,ham10000,ISIC_0030207,bkl,HAM_0001399
0,0.3091217875480652,1,ham10000,ISIC_0033059,nv,HAM_0001400
0,0.2688290476799011,1,ham10000,ISIC_0031729,nv,HAM_0001401
0,0.3690715432167053,1,ham10000,ISIC_0031558,bkl,HAM_0001402
0,0.37810850143432617,1,ham10000,ISIC_0025852,nv,HAM_0001403
0,0.23565258085727692,1,ham10000,ISIC_0028533,nv,HAM_0001404
0,0.199554443359375,0,ham10000,ISIC_0033033,nv,HAM_0001405
0,0.262780100107193,1,ham10000,ISIC_0026592,nv,HAM_0001406
0,0.21303661167621613,0,ham10000,ISIC_0025931,nv,HAM_0001407
0,0.14962831139564514,0,ham10000,ISIC_0031004,nv,HAM_0001408
1,0.4010455906391144,1,ham10000,ISIC_0026188,mel,HAM_0001409
0,0.3385748863220215,1,ham10000,ISIC_0024830,nv,HAM_0001410
0,0.16316157579421997,0,ham10000,ISIC_0027869,nv,HAM_0001411
1,0.5088406801223755,1,ham10000,ISIC_0033678,mel,HAM_0001412
0,0.3075544834136963,1,ham10000,ISIC_0032104,nv,HAM_0001413
0,0.41679641604423523,1,ham10000,ISIC_0024473,nv,HAM_0001414
1,0.340218186378479,1,ham10000,ISIC_0025019,bcc,HAM_0001415
1,0.37372422218322754,1,ham10000,ISIC_0025427,akiec,HAM_0001416
0,0.23409223556518555,1,ham10000,ISIC_0027533,bkl,HAM_0001417
0,0.1813301295042038,0,ham10000,ISIC_0025062,nv,HAM_0001418
0,0.20035359263420105,0,ham10000,ISIC_0024892,nv,HAM_0001419
0,0.30580973625183105,1,ham10000,ISIC_0025544,nv,HAM_0001420
0,0.255513072013855,1,ham10000,ISIC_0027586,nv,HAM_0001421
0,0.32445028424263,1,ham10000,ISIC_0029414,nv,HAM_0001422
0,0.40733277797698975,1,ham10000,ISIC_0025454,bkl,HAM_0001423
1,0.12014716863632202,0,ham10000,ISIC_0031318,bcc,HAM_0001424
0,0.3303240239620209,1,ham10000,ISIC_0029701,nv,HAM_0001425
0,0.33402925729751587,1,ham10000,ISIC_0029154,nv,HAM_0001426
0,0.3102457821369171,1,ham10000,ISIC_0032163,nv,HAM_0001427
1,0.4278561770915985,1,ham10000,ISIC_0026268,mel,HAM_0001428
0,0.35403624176979065,1,ham10000,ISIC_0027875,bkl,HAM_0001429
0,0.12957195937633514,0,ham10000,ISIC_0031088,bkl,HAM_0001430
0,0.30848363041877747,1,ham10000,ISIC_0028142,nv,HAM_0001431
0,0.1987118422985077,0,ham10000,ISIC_0024393,nv,HAM_0001432
0,0.23034898936748505,0,ham10000,ISIC_0033735,nv,HAM_0001433
1,0.2386288344860077,1,ham10000,ISIC_0028568,bcc,HAM_0001434
0,0.17721527814865112,0,ham10000,ISIC_0028970,bkl,HAM_0001435
0,0.3998194932937622,1,ham10000,ISIC_0029128,nv,HAM_0001436
0,0.3558811843395233,1,ham10000,ISIC_0033314,nv,HAM_0001437
0,0.2819904386997223,1,ham10000,ISIC_0030490,nv,HAM_0001438
0,0.3820036053657532,1,ham10000,ISIC_0024442,nv,HAM_0001439
1,0.26297295093536377,1,ham10000,ISIC_0027704,bcc,HAM_0001440
0,0.2598170340061188,1,ham10000,ISIC_0024660,nv,HAM_0001441
0,0.19162145256996155,0,ham10000,ISIC_0034053,nv,HAM_0001442
0,0.24548234045505524,1,ham10000,ISIC_0025804,bkl,HAM_0001443
1,0.3186262547969818,1,ham10000,ISIC_0024688,mel,HAM_0001444
0,0.39636895060539246,1,ham10000,ISIC_0029433,nv,HAM_0001445
1,0.4882828891277313,1,ham10000,ISIC_0026754,mel,HAM_0001446
0,0.311433345079422,1,ham10000,ISIC_0027247,nv,HAM_0001447
0,0.20626147091388702,0,ham10000,ISIC_0029496,nv,HAM_0001448
0,0.16900479793548584,0,ham10000,ISIC_0028967,nv,HAM_0001449
0,0.149563729763031,0,ham10000,ISIC_0030771,nv,HAM_0001450
0,0.2093755155801773,0,ham10000,ISIC_0029960,nv,HAM_0001451
0,0.2865334153175354,1,ham10000,ISIC_0026402,nv,HAM_0001452
1,0.12987062335014343,0,ham10000,ISIC_0030991,akiec,HAM_0001453
0,0.36091360449790955,1,ham10000,ISIC_0027466,nv,HAM_0001454
0,0.23836462199687958,1,ham10000,ISIC_0031933,nv,HAM_0001455
1,0.29147785902023315,1,ham10000,ISIC_0025835,mel,HAM_0001456
1,0.3253821134567261,1,ham10000,ISIC_0029856,bcc,HAM_0001457
0,0.253513902425766,1,ham10000,ISIC_0032136,nv,HAM_0001458
0,0.17908118665218353,0,ham10000,ISIC_0030529,nv,HAM_0001459
1,0.35053732991218567,1,ham10000,ISIC_0025637,akiec,HAM_0001460
0,0.3541436493396759,1,ham10000,ISIC_0028440,nv,HAM_0001461
0,0.17106665670871735,0,ham10000,ISIC_0026748,nv,HAM_0001462
0,0.22463011741638184,0,ham10000,ISIC_0028040,nv,HAM_0001463
0,0.19346582889556885,0,ham10000,ISIC_0028319,nv,HAM_0001464
1,0.30520468950271606,1,ham10000,ISIC_0032699,mel,HAM_0001465
0,0.4355759024620056,1,ham10000,ISIC_0027850,bkl,HAM_0001466
0,0.2314991056919098,0,ham10000,ISIC_0032501,nv,HAM_0001467
0,0.16301222145557404,0,ham10000,ISIC_0024469,nv,HAM_0001468
0,0.16771884262561798,0,ham10000,ISIC_0029289,bkl,HAM_0001469
0,0.26425081491470337,1,ham10000,ISIC_0030361,nv,HAM_0001470
0,0.4298986494541168,1,ham10000,ISIC_0031843,nv,HAM_0001471
0,0.2290319800376892,0,ham10000,ISIC_0024334,nv,HAM_0001472
0,0.17674727737903595,0,ham10000,ISIC_0029022,bkl,HAM_0001473
1,0.5134551525115967,1,ham10000,ISIC_0026765,akiec,HAM_0001474
0,0.13558092713356018,0,ham10000,ISIC_0024446,bkl,HAM_0001475
0,0.2520172894001007,1,ham10000,ISIC_0025343,nv,HAM_0001476
0,0.3630090057849884,1,ham10000,ISIC_0024308,nv,HAM_0001477
0,0.3759843409061432,1,ham10000,ISIC_0031689,nv,HAM_0001478
0,0.23036356270313263,0,ham10000,ISIC_0024784,nv,HAM_0001479
0,0.23270180821418762,1,ham10000,ISIC_0026835,bkl,HAM_0001480
0,0.22915306687355042,0,ham10000,ISIC_0028363,nv,HAM_0001481
0,0.28561025857925415,1,ham10000,ISIC_0027691,nv,HAM_0001482
0,0.2653599679470062,1,ham10000,ISIC_0030752,nv,HAM_0001483
0,0.2424309104681015,1,ham10000,ISIC_0032623,nv,HAM_0001484
0,0.3427622318267822,1,ham10000,ISIC_0029853,nv,HAM_0001485
0,0.2903153896331787,1,ham10000,ISIC_0029384,bkl,HAM_0001486
0,0.26837635040283203,1,ham10000,ISIC_0031601,bkl,HAM_0001487
0,0.11613032221794128,0,ham10000,ISIC_0031765,nv,HAM_0001489
0,0.2612755298614502,1,ham10000,ISIC_0033176,nv,HAM_0001490
0,0.2321520894765854,0,ham10000,ISIC_0027396,nv,HAM_0001491
0,0.29726308584213257,1,ham10000,ISIC_0025305,nv,HAM_0001492
0,0.16531279683113098,0,ham10000,ISIC_0032373,bkl,HAM_0001493
0,0.7441819310188293,1,ham10000,ISIC_0026621,nv,HAM_0001494
1,0.6077570915222168,1,ham10000,ISIC_0024913,akiec,HAM_0001495
0,0.1919654905796051,0,ham10000,ISIC_0028000,nv,HAM_0001496
0,0.3836606442928314,1,ham10000,ISIC_0026608,nv,HAM_0001497
0,0.20450329780578613,0,ham10000,ISIC_0027523,nv,HAM_0001498
1,0.4012022912502289,1,ham10000,ISIC_0031929,akiec,HAM_0001499
0,0.4150947630405426,1,ham10000,ISIC_0025527,nv,HAM_0001500
0,0.21031033992767334,0,ham10000,ISIC_0024397,nv,HAM_0001501
0,0.19677095115184784,0,ham10000,ISIC_0027482,nv,HAM_0001502
1,0.3762534260749817,1,ham10000,ISIC_0025940,bcc,HAM_0001503
0,0.17953966557979584,0,ham10000,ISIC_0025274,nv,HAM_0001504
1,0.40380364656448364,1,ham10000,ISIC_0024511,akiec,HAM_0001505
1,0.24699558317661285,1,ham10000,ISIC_0033051,mel,HAM_0001506
0,0.3826269805431366,1,ham10000,ISIC_0028362,nv,HAM_0001507
0,0.2267097681760788,0,ham10000,ISIC_0029298,nv,HAM_0001508
0,0.26983359456062317,1,ham10000,ISIC_0033044,nv,HAM_0001509
0,0.22316770255565643,0,ham10000,ISIC_0028100,bkl,HAM_0001510
0,0.2180156707763672,0,ham10000,ISIC_0033002,nv,HAM_0001511
0,0.37880098819732666,1,ham10000,ISIC_0025078,nv,HAM_0001512
0,0.10172618180513382,0,ham10000,ISIC_0032491,nv,HAM_0001513
0,0.3319332003593445,1,ham10000,ISIC_0024659,nv,HAM_0001514
0,0.2021251618862152,0,ham10000,ISIC_0028842,bkl,HAM_0001515
0,0.1950816512107849,0,ham10000,ISIC_0027830,nv,HAM_0001516
0,0.3148253560066223,1,ham10000,ISIC_0028825,nv,HAM_0001517
0,0.18177109956741333,0,ham10000,ISIC_0028914,nv,HAM_0001518
0,0.15531741082668304,0,ham10000,ISIC_0031661,nv,HAM_0001519
1,0.27387282252311707,1,ham10000,ISIC_0027294,akiec,HAM_0001520
0,0.34944695234298706,1,ham10000,ISIC_0031860,nv,HAM_0001521
0,0.17076261341571808,0,ham10000,ISIC_0025084,nv,HAM_0001522
0,0.36896225810050964,1,ham10000,ISIC_0028523,nv,HAM_0001523
1,0.6524103879928589,1,ham10000,ISIC_0032915,mel,HAM_0001524
0,0.28258976340293884,1,ham10000,ISIC_0024355,nv,HAM_0001525
1,0.37563368678092957,1,ham10000,ISIC_0027795,akiec,HAM_0001526
0,0.40580272674560547,1,ham10000,ISIC_0026767,nv,HAM_0001527
1,0.2943991720676422,1,ham10000,ISIC_0025601,bcc,HAM_0001528
0,0.2539064288139343,1,ham10000,ISIC_0025103,bkl,HAM_0001529
0,0.36539360880851746,1,ham10000,ISIC_0030013,nv,HAM_0001530
1,0.5599957704544067,1,ham10000,ISIC_0024951,mel,HAM_0001531
1,0.22213678061962128,0,ham10000,ISIC_0027204,mel,HAM_0001532
0,0.2939899265766144,1,ham10000,ISIC_0028244,nv,HAM_0001533
0,0.3798324465751648,1,ham10000,ISIC_0024365,nv,HAM_0001534
0,0.2900751829147339,1,ham10000,ISIC_0026653,nv,HAM_0001535
0,0.21768659353256226,0,ham10000,ISIC_0026842,bkl,HAM_0001536
0,0.19402585923671722,0,ham10000,ISIC_0026467,vasc,HAM_0001537
0,0.2907041311264038,1,ham10000,ISIC_0024322,nv,HAM_0001538
0,0.3830583989620209,1,ham10000,ISIC_0026444,bkl,HAM_0001539
0,0.3365000784397125,1,ham10000,ISIC_0028299,nv,HAM_0001540
0,0.1778627187013626,0,ham10000,ISIC_0026218,nv,HAM_0001541
0,0.21777792274951935,0,ham10000,ISIC_0026874,nv,HAM_0001542
0,0.1357676386833191,0,ham10000,ISIC_0029639,nv,HAM_0001543
0,0.2528707683086395,1,ham10000,ISIC_0030875,nv,HAM_0001544
0,0.091391921043396,0,ham10000,ISIC_0030278,nv,HAM_0001545
0,0.3779546320438385,1,ham10000,ISIC_0027584,bkl,HAM_0001546
0,0.24007903039455414,1,ham10000,ISIC_0034209,nv,HAM_0001547
0,0.2353370487689972,1,ham10000,ISIC_0032254,nv,HAM_0001548
0,0.3542013168334961,1,ham10000,ISIC_0026723,nv,HAM_0001549
0,0.13779963552951813,0,ham10000,ISIC_0026020,nv,HAM_0001550
1,0.31431108713150024,1,ham10000,ISIC_0027420,mel,HAM_0001551
0,0.33283731341362,1,ham10000,ISIC_0025899,nv,HAM_0001552
0,0.3186773955821991,1,ham10000,ISIC_0025966,nv,HAM_0001553
0,0.37229660153388977,1,ham10000,ISIC_0030836,nv,HAM_0001554
0,0.20932167768478394,0,ham10000,ISIC_0027236,nv,HAM_0001555
0,0.1676369607448578,0,ham10000,ISIC_0031865,nv,HAM_0001556
0,0.22390392422676086,0,ham10000,ISIC_0029939,nv,HAM_0001557
0,0.18585024774074554,0,ham10000,ISIC_0025007,nv,HAM_0001558
0,0.2741827964782715,1,ham10000,ISIC_0029968,nv,HAM_0001559
0,0.3156226575374603,1,ham10000,ISIC_0026181,nv,HAM_0001560
0,0.7658690810203552,1,ham10000,ISIC_0032740,bkl,HAM_0001561
0,0.1702718436717987,0,ham10000,ISIC_0027713,bkl,HAM_0001562
0,0.20907768607139587,0,ham10000,ISIC_0028633,nv,HAM_0001563
0,0.14924390614032745,0,ham10000,ISIC_0027913,nv,HAM_0001564
1,0.56839919090271,1,ham10000,ISIC_0026709,akiec,HAM_0001565
0,0.22957682609558105,0,ham10000,ISIC_0024747,vasc,HAM_0001566
0,0.2801755666732788,1,ham10000,ISIC_0027398,nv,HAM_0001567
0,0.3348744809627533,1,ham10000,ISIC_0030614,nv,HAM_0001568
0,0.3155304789543152,1,ham10000,ISIC_0030994,nv,HAM_0001569
1,0.627472460269928,1,ham10000,ISIC_0032872,mel,HAM_0001570
0,0.13588978350162506,0,ham10000,ISIC_0029156,nv,HAM_0001571
0,0.389035165309906,1,ham10000,ISIC_0028933,nv,HAM_0001572
1,0.6781075596809387,1,ham10000,ISIC_0024799,bcc,HAM_0001573
0,0.4194765090942383,1,ham10000,ISIC_0031859,nv,HAM_0001574
1,0.28120100498199463,1,ham10000,ISIC_0028652,bcc,HAM_0001575
1,0.4071613550186157,1,ham10000,ISIC_0033705,akiec,HAM_0001576
0,0.3314151465892792,1,ham10000,ISIC_0029818,nv,HAM_0001577
0,0.2892996668815613,1,ham10000,ISIC_0031003,nv,HAM_0001578
0,0.4055898189544678,1,ham10000,ISIC_0025636,nv,HAM_0001579
0,0.18865744769573212,0,ham10000,ISIC_0024378,nv,HAM_0001580
0,0.1885634809732437,0,ham10000,ISIC_0027288,nv,HAM_0001581
0,0.33605772256851196,1,ham10000,ISIC_0031771,nv,HAM_0001582
0,0.1510116457939148,0,ham10000,ISIC_0025280,nv,HAM_0001583
0,0.14103221893310547,0,ham10000,ISIC_0029004,nv,HAM_0001584
0,0.2466953843832016,1,ham10000,ISIC_0028697,nv,HAM_0001585
0,0.14189201593399048,0,ham10000,ISIC_0030256,nv,HAM_0001586
0,0.2262752652168274,0,ham10000,ISIC_0024828,nv,HAM_0001587
0,0.18128065764904022,0,ham10000,ISIC_0031956,nv,HAM_0001588
0,0.3135765492916107,1,ham10000,ISIC_0030067,bkl,HAM_0001589
0,0.24609293043613434,1,ham10000,ISIC_0025722,nv,HAM_0001590
0,0.24884167313575745,1,ham10000,ISIC_0032231,nv,HAM_0001591
0,0.1438145488500595,0,ham10000,ISIC_0030686,nv,HAM_0001592
1,0.1941932886838913,0,ham10000,ISIC_0028941,akiec,HAM_0001593
0,0.3630746603012085,1,ham10000,ISIC_0025311,nv,HAM_0001594
0,0.45007848739624023,1,ham10000,ISIC_0032127,nv,HAM_0001595
1,0.1895885020494461,0,ham10000,ISIC_0027071,mel,HAM_0001596
0,0.5673412084579468,1,ham10000,ISIC_0024426,bkl,HAM_0001597
1,0.4340904951095581,1,ham10000,ISIC_0029238,mel,HAM_0001598
0,0.25912657380104065,1,ham10000,ISIC_0026066,nv,HAM_0001599
1,0.19244694709777832,0,ham10000,ISIC_0024675,mel,HAM_0001600
0,0.18207663297653198,0,ham10000,ISIC_0025915,bkl,HAM_0001601
0,0.19914421439170837,0,ham10000,ISIC_0032458,nv,HAM_0001602
0,0.22441047430038452,0,ham10000,ISIC_0031016,bkl,HAM_0001603
0,0.24967506527900696,1,ham10000,ISIC_0024664,nv,HAM_0001604
0,0.1282763034105301,0,ham10000,ISIC_0024422,bkl,HAM_0001605
0,0.3259034752845764,1,ham10000,ISIC_0024901,nv,HAM_0001606
1,0.3966078758239746,1,ham10000,ISIC_0028508,mel,HAM_0001607
0,0.3018169105052948,1,ham10000,ISIC_0028792,bkl,HAM_0001608
0,0.3406008780002594,1,ham10000,ISIC_0027766,nv,HAM_0001609
1,0.7428406476974487,1,ham10000,ISIC_0028693,bcc,HAM_0001610
0,0.32789885997772217,1,ham10000,ISIC_0031032,nv,HAM_0001611
0,0.20744861662387848,0,ham10000,ISIC_0025618,nv,HAM_0001612
0,0.3524430990219116,1,ham10000,ISIC_0032748,nv,HAM_0001613
0,0.26902294158935547,1,ham10000,ISIC_0027591,nv,HAM_0001614
0,0.3169212341308594,1,ham10000,ISIC_0033048,nv,HAM_0001615
1,0.1916239857673645,0,ham10000,ISIC_0029669,bcc,HAM_0001616
0,0.3444441854953766,1,ham10000,ISIC_0027091,nv,HAM_0001617
1,0.20429466664791107,0,ham10000,ISIC_0030659,bcc,HAM_0001618
0,0.16475117206573486,0,ham10000,ISIC_0033065,nv,HAM_0001619
0,0.3339037001132965,1,ham10000,ISIC_0025466,bkl,HAM_0001620
1,0.3329567313194275,1,ham10000,ISIC_0030297,akiec,HAM_0001621
0,0.3480692505836487,1,ham10000,ISIC_0032360,nv,HAM_0001622
0,0.38393643498420715,1,ham10000,ISIC_0027099,nv,HAM_0001623
1,0.4813956022262573,1,ham10000,ISIC_0032277,akiec,HAM_0001624
1,0.35936179757118225,1,ham10000,ISIC_0028224,akiec,HAM_0001625
0,0.21064604818820953,0,ham10000,ISIC_0029124,nv,HAM_0001626
0,0.4414843022823334,1,ham10000,ISIC_0032153,nv,HAM_0001627
0,0.32143884897232056,1,ham10000,ISIC_0024810,nv,HAM_0001628
0,0.33357587456703186,1,ham10000,ISIC_0032317,nv,HAM_0001629
0,0.27267852425575256,1,ham10000,ISIC_0028297,nv,HAM_0001630
0,0.30253830552101135,1,ham10000,ISIC_0025390,nv,HAM_0001631
0,0.3389070928096771,1,ham10000,ISIC_0029132,nv,HAM_0001632
0,0.29841193556785583,1,ham10000,ISIC_0028618,nv,HAM_0001633
0,0.17745821177959442,0,ham10000,ISIC_0025792,nv,HAM_0001634
0,0.37251636385917664,1,ham10000,ISIC_0028240,nv,HAM_0001635
0,0.1539965122938156,0,ham10000,ISIC_0030866,nv,HAM_0001636
0,0.39280518889427185,1,ham10000,ISIC_0031521,nv,HAM_0001637
0,0.38615044951438904,1,ham10000,ISIC_0031006,nv,HAM_0001638
0,0.24666021764278412,1,ham10000,ISIC_0026160,nv,HAM_0001639
1,0.37076130509376526,1,ham10000,ISIC_0031026,bcc,HAM_0001640
0,0.3466944992542267,1,ham10000,ISIC_0033427,nv,HAM_0001641
0,0.509933352470398,1,ham10000,ISIC_0028490,bkl,HAM_0001642
0,0.19969558715820312,0,ham10000,ISIC_0025000,nv,HAM_0001643
0,0.329397588968277,1,ham10000,ISIC_0029906,nv,HAM_0001644
0,0.38483041524887085,1,ham10000,ISIC_0032601,nv,HAM_0001645
0,0.20311568677425385,0,ham10000,ISIC_0029908,nv,HAM_0001646
1,0.47297927737236023,1,ham10000,ISIC_0032975,mel,HAM_0001647
0,0.37895122170448303,1,ham10000,ISIC_0030239,nv,HAM_0001648
0,0.28044894337654114,1,ham10000,ISIC_0030024,nv,HAM_0001650
0,0.36814022064208984,1,ham10000,ISIC_0033251,nv,HAM_0001651
0,0.2754409611225128,1,ham10000,ISIC_0026899,nv,HAM_0001652
0,0.2016983926296234,0,ham10000,ISIC_0027895,nv,HAM_0001653
1,0.38777458667755127,1,ham10000,ISIC_0024472,bcc,HAM_0001654
1,0.3321298062801361,1,ham10000,ISIC_0030110,mel,HAM_0001655
0,0.22964471578598022,0,ham10000,ISIC_0026759,nv,HAM_0001656
1,0.19270507991313934,0,ham10000,ISIC_0031529,mel,HAM_0001657
0,0.40324223041534424,1,ham10000,ISIC_0030001,nv,HAM_0001658
0,0.3704831898212433,1,ham10000,ISIC_0026564,nv,HAM_0001659
0,0.3025065064430237,1,ham10000,ISIC_0027078,nv,HAM_0001660
0,0.17769239842891693,0,ham10000,ISIC_0032059,nv,HAM_0001661
0,0.2811822295188904,1,ham10000,ISIC_0030050,nv,HAM_0001662
0,0.13007618486881256,0,ham10000,ISIC_0029521,nv,HAM_0001663
0,0.28944894671440125,1,ham10000,ISIC_0025217,nv,HAM_0001664
0,0.18767377734184265,0,ham10000,ISIC_0027957,bkl,HAM_0001665
1,0.23867318034172058,1,ham10000,ISIC_0024632,bcc,HAM_0001666
0,0.3583184778690338,1,ham10000,ISIC_0033080,nv,HAM_0001667
0,0.2518949508666992,1,ham10000,ISIC_0027434,nv,HAM_0001668
0,0.2889513671398163,1,ham10000,ISIC_0025020,nv,HAM_0001669
0,0.45124661922454834,1,ham10000,ISIC_0027910,nv,HAM_0001670
1,0.4109363555908203,1,ham10000,ISIC_0031586,mel,HAM_0001671
0,0.2548259198665619,1,ham10000,ISIC_0024398,nv,HAM_0001672
0,0.1744668036699295,0,ham10000,ISIC_0033966,nv,HAM_0001673
0,0.37320539355278015,1,ham10000,ISIC_0031551,nv,HAM_0001674
0,0.14569725096225739,0,ham10000,ISIC_0024433,nv,HAM_0001675
0,0.2144041806459427,0,ham10000,ISIC_0031587,nv,HAM_0001676
0,0.2266562283039093,0,ham10000,ISIC_0028191,nv,HAM_0001677
0,0.2215849757194519,0,ham10000,ISIC_0027831,bkl,HAM_0001678
0,0.245932936668396,1,ham10000,ISIC_0027783,nv,HAM_0001679
0,0.4077647924423218,1,ham10000,ISIC_0026303,nv,HAM_0001680
0,0.4098888337612152,1,ham10000,ISIC_0024651,nv,HAM_0001681
0,0.37019863724708557,1,ham10000,ISIC_0026630,nv,HAM_0001682
0,0.2649967074394226,1,ham10000,ISIC_0033513,nv,HAM_0001683
0,0.16004537045955658,0,ham10000,ISIC_0028576,nv,HAM_0001684
0,0.21481198072433472,0,ham10000,ISIC_0027516,nv,HAM_0001685
1,0.2854262888431549,1,ham10000,ISIC_0032698,mel,HAM_0001686
0,0.18909774720668793,0,ham10000,ISIC_0027230,nv,HAM_0001687
0,0.4156440496444702,1,ham10000,ISIC_0031049,nv,HAM_0001688
0,0.1441563069820404,0,ham10000,ISIC_0025166,nv,HAM_0001689
0,0.25608378648757935,1,ham10000,ISIC_0032361,nv,HAM_0001690
0,0.18581196665763855,0,ham10000,ISIC_0029264,nv,HAM_0001691
0,0.35611891746520996,1,ham10000,ISIC_0032743,nv,HAM_0001692
1,0.5047519207000732,1,ham10000,ISIC_0026995,bcc,HAM_0001693
1,0.2627337574958801,1,ham10000,ISIC_0032173,akiec,HAM_0001694
0,0.29049161076545715,1,ham10000,ISIC_0028752,nv,HAM_0001695
0,0.28670230507850647,1,ham10000,ISIC_0027408,nv,HAM_0001696
0,0.21525734663009644,0,ham10000,ISIC_0033497,nv,HAM_0001697
0,0.3205515742301941,1,ham10000,ISIC_0025797,nv,HAM_0001698
0,0.32396960258483887,1,ham10000,ISIC_0029661,nv,HAM_0001699
0,0.23461639881134033,1,ham10000,ISIC_0030971,nv,HAM_0001700
0,0.28097182512283325,1,ham10000,ISIC_0025237,nv,HAM_0001701
0,0.37382206320762634,1,ham10000,ISIC_0028592,nv,HAM_0001702
1,0.30648916959762573,1,ham10000,ISIC_0024496,mel,HAM_0001703
0,0.35980647802352905,1,ham10000,ISIC_0031415,nv,HAM_0001704
0,0.13808457553386688,0,ham10000,ISIC_0029009,nv,HAM_0001705
0,0.34378373622894287,1,ham10000,ISIC_0030023,nv,HAM_0001706
1,0.20603716373443604,0,ham10000,ISIC_0031925,bcc,HAM_0001707
0,0.14784222841262817,0,ham10000,ISIC_0033719,nv,HAM_0001708
0,0.24592667818069458,1,ham10000,ISIC_0030364,nv,HAM_0001709
0,0.3692474961280823,1,ham10000,ISIC_0030808,nv,HAM_0001710
1,0.31543228030204773,1,ham10000,ISIC_0028677,bcc,HAM_0001711
0,0.34435564279556274,1,ham10000,ISIC_0030793,nv,HAM_0001712
1,0.6071589589118958,1,ham10000,ISIC_0028671,bcc,HAM_0001713
0,0.16697846353054047,0,ham10000,ISIC_0032354,nv,HAM_0001714
0,0.26016318798065186,1,ham10000,ISIC_0027208,nv,HAM_0001715
0,0.18163490295410156,0,ham10000,ISIC_0026901,nv,HAM_0001716
0,0.36977657675743103,1,ham10000,ISIC_0028700,nv,HAM_0001717
0,0.18087239563465118,0,ham10000,ISIC_0026357,nv,HAM_0001718
0,0.5065850019454956,1,ham10000,ISIC_0031090,vasc,HAM_0001719
0,0.5442835688591003,1,ham10000,ISIC_0032819,nv,HAM_0001720
0,0.11334454268217087,0,ham10000,ISIC_0024947,bkl,HAM_0001721
0,0.6475234627723694,1,ham10000,ISIC_0030976,bkl,HAM_0001722
0,0.1611088216304779,0,ham10000,ISIC_0027784,nv,HAM_0001723
0,0.37078431248664856,1,ham10000,ISIC_0027386,nv,HAM_0001724
0,0.14699697494506836,0,ham10000,ISIC_0027509,bkl,HAM_0001725
1,0.4018981456756592,1,ham10000,ISIC_0024367,mel,HAM_0001726
0,0.38073086738586426,1,ham10000,ISIC_0028799,nv,HAM_0001727
0,0.11836784332990646,0,ham10000,ISIC_0033539,bkl,HAM_0001728
1,0.5329322814941406,1,ham10000,ISIC_0024537,mel,HAM_0001729
0,0.1763652265071869,0,ham10000,ISIC_0030790,nv,HAM_0001730
0,0.25549954175949097,1,ham10000,ISIC_0028172,nv,HAM_0001731
0,0.15811611711978912,0,ham10000,ISIC_0024502,nv,HAM_0001732
0,0.21178117394447327,0,ham10000,ISIC_0028414,bkl,HAM_0001733
1,0.4840506315231323,1,ham10000,ISIC_0024865,mel,HAM_0001734
0,0.39175644516944885,1,ham10000,ISIC_0028587,bkl,HAM_0001735
0,0.3239244222640991,1,ham10000,ISIC_0026407,nv,HAM_0001736
0,0.3666174113750458,1,ham10000,ISIC_0027883,nv,HAM_0001737
0,0.20788708329200745,0,ham10000,ISIC_0027218,bkl,HAM_0001738
0,0.3255891799926758,1,ham10000,ISIC_0032884,nv,HAM_0001739
0,0.40463829040527344,1,ham10000,ISIC_0032761,nv,HAM_0001740
1,0.31847113370895386,1,ham10000,ISIC_0026963,mel,HAM_0001741
0,0.23842045664787292,1,ham10000,ISIC_0028456,nv,HAM_0001742
0,0.3540955185890198,1,ham10000,ISIC_0030130,bkl,HAM_0001743
1,0.5065178275108337,1,ham10000,ISIC_0029353,mel,HAM_0001744
0,0.3217654228210449,1,ham10000,ISIC_0025045,nv,HAM_0001745
0,0.3097529709339142,1,ham10000,ISIC_0027296,nv,HAM_0001746
1,0.7089083790779114,1,ham10000,ISIC_0028361,mel,HAM_0001747
0,0.1775049865245819,0,ham10000,ISIC_0031739,nv,HAM_0001748
1,0.6410803198814392,1,ham10000,ISIC_0033372,bcc,HAM_0001749
0,0.4155520796775818,1,ham10000,ISIC_0028832,nv,HAM_0001750
0,0.29464319348335266,1,ham10000,ISIC_0024698,nv,HAM_0001751
0,0.35296711325645447,1,ham10000,ISIC_0028925,bkl,HAM_0001752
1,0.4094761312007904,1,ham10000,ISIC_0024929,mel,HAM_0001753
0,0.3336246609687805,1,ham10000,ISIC_0027775,nv,HAM_0001754
0,0.3676641583442688,1,ham10000,ISIC_0029393,nv,HAM_0001755
0,0.34932801127433777,1,ham10000,ISIC_0027484,nv,HAM_0001756
0,0.5531073212623596,1,ham10000,ISIC_0025049,nv,HAM_0001757
0,0.42795103788375854,1,ham10000,ISIC_0024362,nv,HAM_0001758
1,0.3292555510997772,1,ham10000,ISIC_0032497,bcc,HAM_0001759
0,0.16379016637802124,0,ham10000,ISIC_0024389,nv,HAM_0001760
0,0.3212038278579712,1,ham10000,ISIC_0026732,nv,HAM_0001761
0,0.29685160517692566,1,ham10000,ISIC_0030535,nv,HAM_0001762
0,0.41849881410598755,1,ham10000,ISIC_0029029,bkl,HAM_0001763
0,0.29124364256858826,1,ham10000,ISIC_0032251,nv,HAM_0001764
0,0.20238417387008667,0,ham10000,ISIC_0026788,nv,HAM_0001765
0,0.15202642977237701,0,ham10000,ISIC_0026591,nv,HAM_0001766
0,0.3362070620059967,1,ham10000,ISIC_0025812,nv,HAM_0001767
0,0.36350658535957336,1,ham10000,ISIC_0026019,nv,HAM_0001768
0,0.3347782790660858,1,ham10000,ISIC_0032176,nv,HAM_0001769
0,0.16371142864227295,0,ham10000,ISIC_0025974,nv,HAM_0001770
0,0.1983034759759903,0,ham10000,ISIC_0030556,nv,HAM_0001771
0,0.2958739101886749,1,ham10000,ISIC_0032636,bkl,HAM_0001772
0,0.4881422221660614,1,ham10000,ISIC_0024832,bkl,HAM_0001773
0,0.3041209578514099,1,ham10000,ISIC_0029073,nv,HAM_0001774
0,0.2944945991039276,1,ham10000,ISIC_0030338,nv,HAM_0001775
0,0.3670074939727783,1,ham10000,ISIC_0030044,nv,HAM_0001776
0,0.17831306159496307,0,ham10000,ISIC_0033273,nv,HAM_0001777
0,0.1815234124660492,0,ham10000,ISIC_0026792,nv,HAM_0001778
0,0.26226890087127686,1,ham10000,ISIC_0031439,nv,HAM_0001779
0,0.25358182191848755,1,ham10000,ISIC_0024370,vasc,HAM_0001780
0,0.31296560168266296,1,ham10000,ISIC_0025515,bkl,HAM_0001781
0,0.24797338247299194,1,ham10000,ISIC_0032289,nv,HAM_0001782
0,0.3487953245639801,1,ham10000,ISIC_0029256,nv,HAM_0001783
0,0.33401209115982056,1,ham10000,ISIC_0026450,nv,HAM_0001784
0,0.8303732872009277,1,ham10000,ISIC_0032941,df,HAM_0001785
1,0.12483392655849457,0,ham10000,ISIC_0027047,akiec,HAM_0001786
0,0.1753363311290741,0,ham10000,ISIC_0029700,nv,HAM_0001787
0,0.638648509979248,1,ham10000,ISIC_0029100,bkl,HAM_0001788
0,0.38541120290756226,1,ham10000,ISIC_0026882,nv,HAM_0001789
0,0.3699370324611664,1,ham10000,ISIC_0032739,nv,HAM_0001790
1,0.39432594180107117,1,ham10000,ISIC_0027956,mel,HAM_0001791
0,0.15033648908138275,0,ham10000,ISIC_0024419,nv,HAM_0001792
1,0.4484734535217285,1,ham10000,ISIC_0028520,mel,HAM_0001793
0,0.3773113787174225,1,ham10000,ISIC_0032073,nv,HAM_0001794
0,0.15716701745986938,0,ham10000,ISIC_0030611,nv,HAM_0001795
1,0.6484315991401672,1,ham10000,ISIC_0025363,mel,HAM_0001796
0,0.2246778905391693,0,ham10000,ISIC_0031155,nv,HAM_0001797
0,0.2886308431625366,1,ham10000,ISIC_0030141,nv,HAM_0001798
0,0.18061266839504242,0,ham10000,ISIC_0028675,nv,HAM_0001799
0,0.3659742772579193,1,ham10000,ISIC_0031073,nv,HAM_0001800
0,0.28034651279449463,1,ham10000,ISIC_0033293,nv,HAM_0001801
0,0.32120847702026367,1,ham10000,ISIC_0030224,nv,HAM_0001802
0,0.31395769119262695,1,ham10000,ISIC_0026330,nv,HAM_0001803
0,0.18353727459907532,0,ham10000,ISIC_0029604,nv,HAM_0001804
0,0.24253806471824646,1,ham10000,ISIC_0027200,nv,HAM_0001805
0,0.17725472152233124,0,ham10000,ISIC_0026920,nv,HAM_0001806
0,0.3129521608352661,1,ham10000,ISIC_0029637,nv,HAM_0001807
0,0.38885971903800964,1,ham10000,ISIC_0032615,nv,HAM_0001808
0,0.5899587273597717,1,ham10000,ISIC_0029897,bkl,HAM_0001809
0,0.35855191946029663,1,ham10000,ISIC_0025794,nv,HAM_0001810
1,0.3366241455078125,1,ham10000,ISIC_0028069,mel,HAM_0001811
0,0.242991641163826,1,ham10000,ISIC_0024326,nv,HAM_0001812
0,0.2639874815940857,1,ham10000,ISIC_0030609,nv,HAM_0001813
1,0.3442844748497009,1,ham10000,ISIC_0028567,mel,HAM_0001814
0,0.5840470790863037,1,ham10000,ISIC_0024970,bkl,HAM_0001815
0,0.1708129495382309,0,ham10000,ISIC_0028827,nv,HAM_0001816
0,0.3019878566265106,1,ham10000,ISIC_0024938,nv,HAM_0001817
0,0.35574233531951904,1,ham10000,ISIC_0025620,nv,HAM_0001818
1,0.48854610323905945,1,ham10000,ISIC_0028584,mel,HAM_0001819
0,0.4284793734550476,1,ham10000,ISIC_0026744,bkl,HAM_0001820
0,0.15885882079601288,0,ham10000,ISIC_0025308,nv,HAM_0001821
0,0.1473599523305893,0,ham10000,ISIC_0031244,nv,HAM_0001822
0,0.3558129072189331,1,ham10000,ISIC_0027882,nv,HAM_0001823
0,0.21842162311077118,0,ham10000,ISIC_0033121,nv,HAM_0001824
0,0.4050665497779846,1,ham10000,ISIC_0029673,nv,HAM_0001825
0,0.32869619131088257,1,ham10000,ISIC_0029509,nv,HAM_0001826
0,0.24223215878009796,1,ham10000,ISIC_0031275,nv,HAM_0001827
0,0.3712356984615326,1,ham10000,ISIC_0030692,nv,HAM_0001828
0,0.29022544622421265,1,ham10000,ISIC_0027779,nv,HAM_0001829
0,0.38416624069213867,1,ham10000,ISIC_0028057,nv,HAM_0001830
0,0.30720916390419006,1,ham10000,ISIC_0029556,nv,HAM_0001831
0,0.2237006574869156,0,ham10000,ISIC_0031030,nv,HAM_0001832
0,0.34166595339775085,1,ham10000,ISIC_0027227,nv,HAM_0001833
0,0.3029879629611969,1,ham10000,ISIC_0032631,nv,HAM_0001834
1,0.5001375675201416,1,ham10000,ISIC_0026652,mel,HAM_0001835
0,0.4711071848869324,1,ham10000,ISIC_0030500,nv,HAM_0001836
0,0.3324712812900543,1,ham10000,ISIC_0033635,bkl,HAM_0001837
0,0.3692278265953064,1,ham10000,ISIC_0028797,bkl,HAM_0001838
0,0.7581570744514465,1,ham10000,ISIC_0033434,nv,HAM_0001839
0,0.3505130112171173,1,ham10000,ISIC_0025490,nv,HAM_0001840
0,0.38926050066947937,1,ham10000,ISIC_0025771,df,HAM_0001841
0,0.4382394552230835,1,ham10000,ISIC_0028359,nv,HAM_0001842
0,0.3683708608150482,1,ham10000,ISIC_0028279,nv,HAM_0001843
0,0.31640487909317017,1,ham10000,ISIC_0026736,nv,HAM_0001844
0,0.3669573962688446,1,ham10000,ISIC_0026462,nv,HAM_0001845
0,0.1701381355524063,0,ham10000,ISIC_0029457,nv,HAM_0001846
1,0.42120248079299927,1,ham10000,ISIC_0024792,mel,HAM_0001847
0,0.397155225276947,1,ham10000,ISIC_0030587,nv,HAM_0001848
0,0.4338790476322174,1,ham10000,ISIC_0027209,nv,HAM_0001849
0,0.30433690547943115,1,ham10000,ISIC_0030947,nv,HAM_0001850
0,0.15723374485969543,0,ham10000,ISIC_0027015,nv,HAM_0001851
0,0.41658562421798706,1,ham10000,ISIC_0033749,vasc,HAM_0001852
0,0.17507894337177277,0,ham10000,ISIC_0032306,bkl,HAM_0001853
0,0.3381181061267853,1,ham10000,ISIC_0027013,nv,HAM_0001854
0,0.19962534308433533,0,ham10000,ISIC_0033581,bkl,HAM_0001855
0,0.2327250838279724,1,ham10000,ISIC_0027666,nv,HAM_0001856
0,0.2983468472957611,1,ham10000,ISIC_0027317,nv,HAM_0001857
0,0.7566769123077393,1,ham10000,ISIC_0026085,bkl,HAM_0001858
0,0.26020389795303345,1,ham10000,ISIC_0029565,nv,HAM_0001859
0,0.2999897599220276,1,ham10000,ISIC_0027665,vasc,HAM_0001860
0,0.42926618456840515,1,ham10000,ISIC_0026688,nv,HAM_0001861
0,0.1368611603975296,0,ham10000,ISIC_0031625,nv,HAM_0001862
1,0.38303032517433167,1,ham10000,ISIC_0032596,mel,HAM_0001863
0,0.3440861105918884,1,ham10000,ISIC_0030111,nv,HAM_0001864
0,0.22247399389743805,0,ham10000,ISIC_0032464,nv,HAM_0001865
0,0.36615118384361267,1,ham10000,ISIC_0026873,nv,HAM_0001866
0,0.409373015165329,1,ham10000,ISIC_0030136,nv,HAM_0001867
0,0.2735018730163574,1,ham10000,ISIC_0028037,nv,HAM_0001868
0,0.21231113374233246,0,ham10000,ISIC_0027249,nv,HAM_0001869
0,0.3154498040676117,1,ham10000,ISIC_0033090,nv,HAM_0001870
0,0.2552666962146759,1,ham10000,ISIC_0030834,nv,HAM_0001871
0,0.3078480660915375,1,ham10000,ISIC_0027800,nv,HAM_0001872
0,0.31491851806640625,1,ham10000,ISIC_0029283,nv,HAM_0001873
0,0.3095352053642273,1,ham10000,ISIC_0024601,nv,HAM_0001874
0,0.19507545232772827,0,ham10000,ISIC_0031231,nv,HAM_0001875
0,0.35991406440734863,1,ham10000,ISIC_0030470,nv,HAM_0001876
1,0.3186310827732086,1,ham10000,ISIC_0025409,mel,HAM_0001877
0,0.19840675592422485,0,ham10000,ISIC_0025434,bkl,HAM_0001878
0,0.34529444575309753,1,ham10000,ISIC_0024440,nv,HAM_0001879
0,0.33876970410346985,1,ham10000,ISIC_0026199,nv,HAM_0001880
0,0.28591734170913696,1,ham10000,ISIC_0024620,nv,HAM_0001881
0,0.15995724499225616,0,ham10000,ISIC_0025866,nv,HAM_0001882
0,0.4143904149532318,1,ham10000,ISIC_0033224,nv,HAM_0001883
1,0.5458296537399292,1,ham10000,ISIC_0025718,bcc,HAM_0001884
0,0.390811949968338,1,ham10000,ISIC_0027534,nv,HAM_0001885
0,0.24708515405654907,1,ham10000,ISIC_0028318,nv,HAM_0001886
0,0.13412301242351532,0,ham10000,ISIC_0025107,nv,HAM_0001887
0,0.3250454366207123,1,ham10000,ISIC_0026806,nv,HAM_0001888
0,0.24804535508155823,1,ham10000,ISIC_0033621,nv,HAM_0001889
1,0.5437571406364441,1,ham10000,ISIC_0030707,akiec,HAM_0001890
0,0.34386366605758667,1,ham10000,ISIC_0024466,nv,HAM_0001891
0,0.3737647235393524,1,ham10000,ISIC_0025110,nv,HAM_0001893
1,0.3114195764064789,1,ham10000,ISIC_0024517,akiec,HAM_0001894
0,0.29591861367225647,1,ham10000,ISIC_0024777,nv,HAM_0001895
0,0.4790152907371521,1,ham10000,ISIC_0030203,bkl,HAM_0001896
0,0.1899254024028778,0,ham10000,ISIC_0026185,nv,HAM_0001897
0,0.22752465307712555,0,ham10000,ISIC_0026917,nv,HAM_0001898
0,0.2589253783226013,1,ham10000,ISIC_0031549,nv,HAM_0001899
1,0.4030700623989105,1,ham10000,ISIC_0025557,bcc,HAM_0001900
0,0.34386441111564636,1,ham10000,ISIC_0026274,nv,HAM_0001901
0,0.6851189136505127,1,ham10000,ISIC_0026480,nv,HAM_0001902
1,0.16240116953849792,0,ham10000,ISIC_0026984,akiec,HAM_0001903
0,0.36623135209083557,1,ham10000,ISIC_0030306,nv,HAM_0001904
0,0.6539384722709656,1,ham10000,ISIC_0033116,nv,HAM_0001905
0,0.2745742201805115,1,ham10000,ISIC_0032025,nv,HAM_0001906
1,0.7199229001998901,1,ham10000,ISIC_0025383,bcc,HAM_0001907
0,0.3678538203239441,1,ham10000,ISIC_0032851,nv,HAM_0001908
0,0.26787519454956055,1,ham10000,ISIC_0025481,nv,HAM_0001909
1,0.14474141597747803,0,ham10000,ISIC_0024739,mel,HAM_0001910
0,0.2410222589969635,1,ham10000,ISIC_0029197,nv,HAM_0001911
0,0.1665927618741989,0,ham10000,ISIC_0033145,nv,HAM_0001912
1,0.4265555739402771,1,ham10000,ISIC_0030798,mel,HAM_0001913
0,0.20722371339797974,0,ham10000,ISIC_0028702,bkl,HAM_0001914
0,0.36285310983657837,1,ham10000,ISIC_0025813,nv,HAM_0001915
0,0.3475162386894226,1,ham10000,ISIC_0032721,nv,HAM_0001916
0,0.21186384558677673,0,ham10000,ISIC_0030046,nv,HAM_0001917
0,0.37344127893447876,1,ham10000,ISIC_0031291,nv,HAM_0001918
0,0.2028515338897705,0,ham10000,ISIC_0026424,nv,HAM_0001919
0,0.6302804350852966,1,ham10000,ISIC_0029486,vasc,HAM_0001920
0,0.32817044854164124,1,ham10000,ISIC_0032205,nv,HAM_0001921
1,0.458407998085022,1,ham10000,ISIC_0031874,akiec,HAM_0001922
0,0.21242406964302063,0,ham10000,ISIC_0029219,nv,HAM_0001923
0,0.19962061941623688,0,ham10000,ISIC_0031112,nv,HAM_0001924
0,0.14470763504505157,0,ham10000,ISIC_0027583,nv,HAM_0001925
1,0.22179412841796875,0,ham10000,ISIC_0028095,bcc,HAM_0001926
0,0.23538900911808014,1,ham10000,ISIC_0029600,bkl,HAM_0001927
1,0.512534499168396,1,ham10000,ISIC_0032537,mel,HAM_0001928
0,0.3624131679534912,1,ham10000,ISIC_0026938,nv,HAM_0001929
0,0.2252979725599289,0,ham10000,ISIC_0032600,nv,HAM_0001930
0,0.2638167440891266,1,ham10000,ISIC_0026755,nv,HAM_0001931
0,0.3506932258605957,1,ham10000,ISIC_0031082,nv,HAM_0001932
0,0.3024839758872986,1,ham10000,ISIC_0025243,nv,HAM_0001933
0,0.21603985130786896,0,ham10000,ISIC_0026008,nv,HAM_0001934
0,0.36211004853248596,1,ham10000,ISIC_0032787,nv,HAM_0001935
0,0.15249520540237427,0,ham10000,ISIC_0024704,nv,HAM_0001936
0,0.18401817977428436,0,ham10000,ISIC_0032432,nv,HAM_0001937
0,0.30811092257499695,1,ham10000,ISIC_0026245,bkl,HAM_0001938
0,0.43519362807273865,1,ham10000,ISIC_0025468,nv,HAM_0001939
0,0.3954407572746277,1,ham10000,ISIC_0028502,nv,HAM_0001940
0,0.2132648229598999,0,ham10000,ISIC_0024790,nv,HAM_0001941
0,0.19084899127483368,0,ham10000,ISIC_0027476,nv,HAM_0001942
0,0.15499445796012878,0,ham10000,ISIC_0025769,nv,HAM_0001943
0,0.26243117451667786,1,ham10000,ISIC_0029810,bkl,HAM_0001944
0,0.1948646605014801,0,ham10000,ISIC_0026919,nv,HAM_0001945
0,0.3014564514160156,1,ham10000,ISIC_0029333,nv,HAM_0001946
0,0.30753475427627563,1,ham10000,ISIC_0032051,bkl,HAM_0001947
0,0.3215632438659668,1,ham10000,ISIC_0032926,nv,HAM_0001948
0,0.14710554480552673,0,ham10000,ISIC_0025767,bkl,HAM_0001949
1,0.473827064037323,1,ham10000,ISIC_0024449,mel,HAM_0001950
0,0.3752683103084564,1,ham10000,ISIC_0030216,nv,HAM_0001951
0,0.22779595851898193,0,ham10000,ISIC_0025660,nv,HAM_0001952
1,0.3538568913936615,1,ham10000,ISIC_0025611,mel,HAM_0001953
0,0.2163439393043518,0,ham10000,ISIC_0032776,bkl,HAM_0001954
0,0.40005573630332947,1,ham10000,ISIC_0029304,nv,HAM_0001955
0,0.42663195729255676,1,ham10000,ISIC_0024955,nv,HAM_0001956
0,0.43348807096481323,1,ham10000,ISIC_0025593,nv,HAM_0001957
0,0.3235708177089691,1,ham10000,ISIC_0029580,bkl,HAM_0001958
0,0.1928589642047882,0,ham10000,ISIC_0027600,nv,HAM_0001959
0,0.23734049499034882,1,ham10000,ISIC_0032166,nv,HAM_0001960
0,0.5298839807510376,1,ham10000,ISIC_0031076,nv,HAM_0001961
0,0.3685910105705261,1,ham10000,ISIC_0029749,nv,HAM_0001962
0,0.36823731660842896,1,ham10000,ISIC_0025721,nv,HAM_0001963
1,0.3026861846446991,1,ham10000,ISIC_0024733,mel,HAM_0001964
0,0.14034141600131989,0,ham10000,ISIC_0031269,nv,HAM_0001965
0,0.3161824345588684,1,ham10000,ISIC_0025230,nv,HAM_0001966
1,0.5490178465843201,1,ham10000,ISIC_0025471,akiec,HAM_0001967
0,0.2255173623561859,0,ham10000,ISIC_0027421,nv,HAM_0001968
0,0.2612035274505615,1,ham10000,ISIC_0026651,nv,HAM_0001969
0,0.3459063470363617,1,ham10000,ISIC_0031136,nv,HAM_0001970
0,0.5527921319007874,1,ham10000,ISIC_0025327,nv,HAM_0001971
0,0.36897051334381104,1,ham10000,ISIC_0027228,nv,HAM_0001972
0,0.20071256160736084,0,ham10000,ISIC_0026061,nv,HAM_0001973
1,0.5674970746040344,1,ham10000,ISIC_0033533,mel,HAM_0001974
0,0.42879611253738403,1,ham10000,ISIC_0028488,nv,HAM_0001975
1,0.5208902955055237,1,ham10000,ISIC_0025732,mel,HAM_0001976
0,0.42985373735427856,1,ham10000,ISIC_0029261,nv,HAM_0001977
0,0.15330523252487183,0,ham10000,ISIC_0031237,nv,HAM_0001978
0,0.44342079758644104,1,ham10000,ISIC_0027527,bkl,HAM_0001979
0,0.147632896900177,0,ham10000,ISIC_0032012,nv,HAM_0001980
0,0.31355229020118713,1,ham10000,ISIC_0024342,nv,HAM_0001981
0,0.6017856597900391,1,ham10000,ISIC_0029012,bkl,HAM_0001982
0,0.3157578706741333,1,ham10000,ISIC_0030377,bkl,HAM_0001983
0,0.39223143458366394,1,ham10000,ISIC_0025092,nv,HAM_0001984
0,0.3707481324672699,1,ham10000,ISIC_0027330,nv,HAM_0001985
1,0.39121657609939575,1,ham10000,ISIC_0024999,mel,HAM_0001986
0,0.31471389532089233,1,ham10000,ISIC_0024636,nv,HAM_0001987
0,0.09096138924360275,0,ham10000,ISIC_0029948,nv,HAM_0001988
0,0.1812543421983719,0,ham10000,ISIC_0030251,nv,HAM_0001989
0,0.3842317759990692,1,ham10000,ISIC_0027612,bkl,HAM_0001990
0,0.42825397849082947,1,ham10000,ISIC_0028347,bkl,HAM_0001991
0,0.06688835471868515,0,ham10000,ISIC_0025399,nv,HAM_0001992
0,0.28474393486976624,1,ham10000,ISIC_0029848,nv,HAM_0001993
0,0.2748648226261139,1,ham10000,ISIC_0033407,nv,HAM_0001994
0,0.21976600587368011,0,ham10000,ISIC_0024581,bkl,HAM_0001995
0,0.3460218012332916,1,ham10000,ISIC_0031179,nv,HAM_0001996
0,0.2054215967655182,0,ham10000,ISIC_0029251,bkl,HAM_0001997
0,0.1874561458826065,0,ham10000,ISIC_0032038,nv,HAM_0001998
0,0.3536674380302429,1,ham10000,ISIC_0025884,nv,HAM_0001999
0,0.309406578540802,1,ham10000,ISIC_0030092,nv,HAM_0002000
0,0.38849204778671265,1,ham10000,ISIC_0030595,nv,HAM_0002001
0,0.16128939390182495,0,ham10000,ISIC_0024486,nv,HAM_0002002
0,0.18194587528705597,0,ham10000,ISIC_0031934,nv,HAM_0002003
1,0.14795559644699097,0,ham10000,ISIC_0032847,mel,HAM_0002004
0,0.20497873425483704,0,ham10000,ISIC_0026556,bkl,HAM_0002005
0,0.2537100613117218,1,ham10000,ISIC_0025360,nv,HAM_0002006
0,0.4571548104286194,1,ham10000,ISIC_0024476,nv,HAM_0002007
0,0.2724795639514923,1,ham10000,ISIC_0032983,bkl,HAM_0002008
0,0.3793107867240906,1,ham10000,ISIC_0033165,nv,HAM_0002009
1,0.5560861229896545,1,ham10000,ISIC_0024729,mel,HAM_0002011
1,0.17638221383094788,0,ham10000,ISIC_0026327,akiec,HAM_0002012
0,0.3548262417316437,1,ham10000,ISIC_0026168,nv,HAM_0002013
0,0.3708791136741638,1,ham10000,ISIC_0031120,nv,HAM_0002014
0,0.34456825256347656,1,ham10000,ISIC_0033771,nv,HAM_0002015
0,0.4133376479148865,1,ham10000,ISIC_0032753,nv,HAM_0002016
1,0.21687480807304382,0,ham10000,ISIC_0025630,bcc,HAM_0002017
1,0.36116886138916016,1,ham10000,ISIC_0029501,bcc,HAM_0002018
0,0.3386528193950653,1,ham10000,ISIC_0030402,nv,HAM_0002019
0,0.2249390333890915,0,ham10000,ISIC_0032301,nv,HAM_0002020
1,0.9227767586708069,1,ham10000,ISIC_0027057,bcc,HAM_0002021
0,0.2912348210811615,1,ham10000,ISIC_0026579,nv,HAM_0002022
0,0.3433322012424469,1,ham10000,ISIC_0028540,nv,HAM_0002023
1,0.2230149656534195,0,ham10000,ISIC_0029412,bcc,HAM_0002024
0,0.4819577634334564,1,ham10000,ISIC_0025169,nv,HAM_0002025
0,0.279280424118042,1,ham10000,ISIC_0027524,nv,HAM_0002026
0,0.4669274389743805,1,ham10000,ISIC_0032697,nv,HAM_0002027
0,0.1552819162607193,0,ham10000,ISIC_0031939,nv,HAM_0002028
0,0.2362665832042694,1,ham10000,ISIC_0030270,nv,HAM_0002029
0,0.4397234618663788,1,ham10000,ISIC_0032916,nv,HAM_0002030
0,0.3522273898124695,1,ham10000,ISIC_0027925,nv,HAM_0002031
1,0.39117431640625,1,ham10000,ISIC_0030575,mel,HAM_0002032
0,0.30900898575782776,1,ham10000,ISIC_0024899,nv,HAM_0002033
0,0.2575666010379791,1,ham10000,ISIC_0027954,bkl,HAM_0002034
0,0.1697230041027069,0,ham10000,ISIC_0024989,nv,HAM_0002035
0,0.3534978926181793,1,ham10000,ISIC_0025739,nv,HAM_0002036
0,0.36455947160720825,1,ham10000,ISIC_0033733,nv,HAM_0002037
0,0.4187588691711426,1,ham10000,ISIC_0032337,nv,HAM_0002038
0,0.41726136207580566,1,ham10000,ISIC_0029663,nv,HAM_0002039
0,0.17692779004573822,0,ham10000,ISIC_0033041,bkl,HAM_0002040
0,0.188653364777565,0,ham10000,ISIC_0028532,nv,HAM_0002041
0,0.35138657689094543,1,ham10000,ISIC_0026263,bkl,HAM_0002042
0,0.5890241265296936,1,ham10000,ISIC_0030160,bkl,HAM_0002043
0,0.42642050981521606,1,ham10000,ISIC_0024325,nv,HAM_0002044
0,0.4645974636077881,1,ham10000,ISIC_0029973,df,HAM_0002045
0,0.2309793382883072,0,ham10000,ISIC_0024569,nv,HAM_0002046
0,0.13767234981060028,0,ham10000,ISIC_0030928,nv,HAM_0002047
0,0.16920651495456696,0,ham10000,ISIC_0029137,nv,HAM_0002048
0,0.20812475681304932,0,ham10000,ISIC_0029169,nv,HAM_0002049
0,0.4705263078212738,1,ham10000,ISIC_0032215,bkl,HAM_0002050
1,0.30892711877822876,1,ham10000,ISIC_0031784,mel,HAM_0002051
0,0.3555825650691986,1,ham10000,ISIC_0032155,nv,HAM_0002052
0,0.1480971872806549,0,ham10000,ISIC_0028715,nv,HAM_0002053
0,0.1208551898598671,0,ham10000,ISIC_0031685,nv,HAM_0002054
0,0.20405396819114685,0,ham10000,ISIC_0027520,nv,HAM_0002055
0,0.3386818766593933,1,ham10000,ISIC_0026762,nv,HAM_0002056
0,0.4537510275840759,1,ham10000,ISIC_0024893,bkl,HAM_0002058
0,0.14889709651470184,0,ham10000,ISIC_0028061,nv,HAM_0002059
0,0.24460342526435852,1,ham10000,ISIC_0026979,nv,HAM_0002060
1,0.6914645433425903,1,ham10000,ISIC_0030408,akiec,HAM_0002061
0,0.35454294085502625,1,ham10000,ISIC_0027400,nv,HAM_0002062
0,0.22839532792568207,0,ham10000,ISIC_0024819,nv,HAM_0002063
0,0.33476802706718445,1,ham10000,ISIC_0030131,nv,HAM_0002064
0,0.23397932946681976,1,ham10000,ISIC_0028776,nv,HAM_0002065
0,0.450520396232605,1,ham10000,ISIC_0030936,nv,HAM_0002066
0,0.21067112684249878,0,ham10000,ISIC_0025094,nv,HAM_0002067
0,0.21238720417022705,0,ham10000,ISIC_0029710,nv,HAM_0002068
1,0.6331571936607361,1,ham10000,ISIC_0029331,bcc,HAM_0002069
1,0.56101393699646,1,ham10000,ISIC_0028659,akiec,HAM_0002070
0,0.3344278037548065,1,ham10000,ISIC_0031616,nv,HAM_0002071
0,0.2183639407157898,0,ham10000,ISIC_0027794,nv,HAM_0002072
0,0.19096608459949493,0,ham10000,ISIC_0025406,nv,HAM_0002073
0,0.23247398436069489,1,ham10000,ISIC_0032575,nv,HAM_0002074
0,0.3639194667339325,1,ham10000,ISIC_0026678,nv,HAM_0002075
0,0.5349517464637756,1,ham10000,ISIC_0024720,nv,HAM_0002076
0,0.28140681982040405,1,ham10000,ISIC_0031936,nv,HAM_0002077
0,0.6115988492965698,1,ham10000,ISIC_0027042,bkl,HAM_0002078
1,0.3464370667934418,1,ham10000,ISIC_0029146,mel,HAM_0002079
0,0.34400367736816406,1,ham10000,ISIC_0029619,nv,HAM_0002080
0,0.41185837984085083,1,ham10000,ISIC_0029120,nv,HAM_0002081
0,0.2782221734523773,1,ham10000,ISIC_0031325,nv,HAM_0002082
1,0.46218153834342957,1,ham10000,ISIC_0024432,bcc,HAM_0002083
0,0.19342371821403503,0,ham10000,ISIC_0027311,nv,HAM_0002084
0,0.31644508242607117,1,ham10000,ISIC_0031336,nv,HAM_0002085
1,0.3246905505657196,1,ham10000,ISIC_0033814,mel,HAM_0002086
0,0.40434855222702026,1,ham10000,ISIC_0027949,nv,HAM_0002087
0,0.2280900925397873,0,ham10000,ISIC_0024377,nv,HAM_0002088
0,0.36615052819252014,1,ham10000,ISIC_0025614,nv,HAM_0002089
0,0.23503674566745758,1,ham10000,ISIC_0032299,nv,HAM_0002090
0,0.10350558906793594,0,ham10000,ISIC_0025857,nv,HAM_0002091
0,0.2462809830904007,1,ham10000,ISIC_0025510,bkl,HAM_0002092
0,0.2789572477340698,1,ham10000,ISIC_0027032,nv,HAM_0002093
1,0.28295794129371643,1,ham10000,ISIC_0030549,akiec,HAM_0002094
0,0.3826315104961395,1,ham10000,ISIC_0026244,nv,HAM_0002095
0,0.2916572391986847,1,ham10000,ISIC_0028209,bkl,HAM_0002096
0,0.30582195520401,1,ham10000,ISIC_0025687,nv,HAM_0002097
0,0.2752682864665985,1,ham10000,ISIC_0030218,nv,HAM_0002098
1,0.3887777626514435,1,ham10000,ISIC_0026847,mel,HAM_0002099
0,0.5982061624526978,1,ham10000,ISIC_0031440,nv,HAM_0002100
0,0.35574397444725037,1,ham10000,ISIC_0029398,nv,HAM_0002101
0,0.3784211277961731,1,ham10000,ISIC_0024474,nv,HAM_0002102
0,0.1694214791059494,0,ham10000,ISIC_0026034,nv,HAM_0002103
0,0.25961098074913025,1,ham10000,ISIC_0026410,nv,HAM_0002104
0,0.26169875264167786,1,ham10000,ISIC_0027854,nv,HAM_0002105
0,0.23940172791481018,1,ham10000,ISIC_0025156,nv,HAM_0002106
0,0.2601759433746338,1,ham10000,ISIC_0028857,nv,HAM_0002107
0,0.37932243943214417,1,ham10000,ISIC_0025457,nv,HAM_0002108
1,0.3931227922439575,1,ham10000,ISIC_0028897,mel,HAM_0002109
0,0.27731919288635254,1,ham10000,ISIC_0026782,nv,HAM_0002110
0,0.10870441049337387,0,ham10000,ISIC_0031534,nv,HAM_0002111
0,0.3164295554161072,1,ham10000,ISIC_0030820,nv,HAM_0002112
1,0.33882102370262146,1,ham10000,ISIC_0029839,mel,HAM_0002113
0,0.4633190333843231,1,ham10000,ISIC_0026504,nv,HAM_0002114
1,0.6662718057632446,1,ham10000,ISIC_0032408,mel,HAM_0002115
0,0.36494988203048706,1,ham10000,ISIC_0029407,nv,HAM_0002116
0,0.4193549156188965,1,ham10000,ISIC_0032324,nv,HAM_0002117
0,0.2619461715221405,1,ham10000,ISIC_0028249,nv,HAM_0002118
1,0.7816588282585144,1,ham10000,ISIC_0032248,mel,HAM_0002119
0,0.20355308055877686,0,ham10000,ISIC_0028010,nv,HAM_0002120
0,0.34630802273750305,1,ham10000,ISIC_0032486,bkl,HAM_0002121
0,0.16654512286186218,0,ham10000,ISIC_0029408,nv,HAM_0002122
0,0.14332541823387146,0,ham10000,ISIC_0030412,nv,HAM_0002123
0,0.27261555194854736,1,ham10000,ISIC_0025175,nv,HAM_0002124
0,0.18715979158878326,0,ham10000,ISIC_0025502,nv,HAM_0002125
0,0.3157854378223419,1,ham10000,ISIC_0028563,nv,HAM_0002126
0,0.19693663716316223,0,ham10000,ISIC_0029837,bkl,HAM_0002127
0,0.5827462673187256,1,ham10000,ISIC_0029867,nv,HAM_0002128
0,0.2155686616897583,0,ham10000,ISIC_0025903,df,HAM_0002129
1,0.19806039333343506,0,ham10000,ISIC_0029570,mel,HAM_0002130
1,0.25067681074142456,1,ham10000,ISIC_0030901,mel,HAM_0002131
0,0.34725895524024963,1,ham10000,ISIC_0027647,nv,HAM_0002132
0,0.3359593451023102,1,ham10000,ISIC_0027885,nv,HAM_0002133
1,0.38882943987846375,1,ham10000,ISIC_0024431,bcc,HAM_0002134
0,0.3525850176811218,1,ham10000,ISIC_0032974,nv,HAM_0002135
0,0.5238911509513855,1,ham10000,ISIC_0032914,nv,HAM_0002136
0,0.35836175084114075,1,ham10000,ISIC_0030217,nv,HAM_0002137
0,0.3541782796382904,1,ham10000,ISIC_0027834,nv,HAM_0002138
0,0.22373826801776886,0,ham10000,ISIC_0032786,nv,HAM_0002139
0,0.35433417558670044,1,ham10000,ISIC_0032472,nv,HAM_0002140
0,0.1900608241558075,0,ham10000,ISIC_0029338,nv,HAM_0002141
0,0.5119053721427917,1,ham10000,ISIC_0025960,nv,HAM_0002142
1,0.21755379438400269,0,ham10000,ISIC_0025451,mel,HAM_0002143
0,0.45518356561660767,1,ham10000,ISIC_0031682,nv,HAM_0002144
0,0.30925676226615906,1,ham10000,ISIC_0028469,nv,HAM_0002145
0,0.3065721392631531,1,ham10000,ISIC_0025686,nv,HAM_0002146
0,0.20445194840431213,0,ham10000,ISIC_0029537,nv,HAM_0002147
0,0.3936675786972046,1,ham10000,ISIC_0031214,nv,HAM_0002148
1,0.34997305274009705,1,ham10000,ISIC_0033042,mel,HAM_0002149
0,0.3378920555114746,1,ham10000,ISIC_0027364,nv,HAM_0002150
0,0.3536655902862549,1,ham10000,ISIC_0029870,nv,HAM_0002151
0,0.25576159358024597,1,ham10000,ISIC_0030234,nv,HAM_0002152
0,0.4366495907306671,1,ham10000,ISIC_0029297,df,HAM_0002153
0,0.27470794320106506,1,ham10000,ISIC_0027379,nv,HAM_0002154
0,0.39913904666900635,1,ham10000,ISIC_0027696,nv,HAM_0002155
0,0.40174105763435364,1,ham10000,ISIC_0024802,nv,HAM_0002156
0,0.36702072620391846,1,ham10000,ISIC_0030763,nv,HAM_0002157
1,0.3365456759929657,1,ham10000,ISIC_0025411,akiec,HAM_0002158
0,0.2290857583284378,0,ham10000,ISIC_0030355,nv,HAM_0002159
0,0.28106075525283813,1,ham10000,ISIC_0028712,nv,HAM_0002160
0,0.23348496854305267,1,ham10000,ISIC_0025392,bkl,HAM_0002161
0,0.15680991113185883,0,ham10000,ISIC_0030708,nv,HAM_0002162
0,0.33591413497924805,1,ham10000,ISIC_0030250,nv,HAM_0002163
0,0.14711903035640717,0,ham10000,ISIC_0032852,nv,HAM_0002164
0,0.19013991951942444,0,ham10000,ISIC_0031172,nv,HAM_0002165
0,0.40710023045539856,1,ham10000,ISIC_0028077,nv,HAM_0002166
1,0.4730667173862457,1,ham10000,ISIC_0026952,bcc,HAM_0002167
0,0.16335132718086243,0,ham10000,ISIC_0028002,nv,HAM_0002168
0,0.5489318370819092,1,ham10000,ISIC_0031593,bkl,HAM_0002169
0,0.24431760609149933,1,ham10000,ISIC_0033075,nv,HAM_0002170
0,0.41840556263923645,1,ham10000,ISIC_0028529,nv,HAM_0002171
0,0.21014629304409027,0,ham10000,ISIC_0024416,nv,HAM_0002172
0,0.3350571095943451,1,ham10000,ISIC_0030157,nv,HAM_0002173
0,0.16845488548278809,0,ham10000,ISIC_0025138,nv,HAM_0002174
0,0.1633933186531067,0,ham10000,ISIC_0028369,nv,HAM_0002175
0,0.23413464426994324,1,ham10000,ISIC_0026341,nv,HAM_0002176
0,0.18370358645915985,0,ham10000,ISIC_0025612,vasc,HAM_0002177
0,0.22007907927036285,0,ham10000,ISIC_0024401,nv,HAM_0002178
0,0.19547949731349945,0,ham10000,ISIC_0028654,nv,HAM_0002179
0,0.1819567084312439,0,ham10000,ISIC_0027479,nv,HAM_0002180
0,0.37122800946235657,1,ham10000,ISIC_0030972,nv,HAM_0002181
1,0.536647617816925,1,ham10000,ISIC_0030539,mel,HAM_0002182
0,0.2956865429878235,1,ham10000,ISIC_0031912,nv,HAM_0002183
0,0.305006206035614,1,ham10000,ISIC_0032325,bkl,HAM_0002184
1,0.30625447630882263,1,ham10000,ISIC_0030794,akiec,HAM_0002185
1,0.37789902091026306,1,ham10000,ISIC_0028463,mel,HAM_0002186
0,0.2850072979927063,1,ham10000,ISIC_0028981,nv,HAM_0002187
0,0.370583713054657,1,ham10000,ISIC_0032196,nv,HAM_0002188
0,0.46949225664138794,1,ham10000,ISIC_0030940,nv,HAM_0002189
0,0.5173556804656982,1,ham10000,ISIC_0026046,bkl,HAM_0002190
0,0.2202988862991333,0,ham10000,ISIC_0028278,nv,HAM_0002191
0,0.23917852342128754,1,ham10000,ISIC_0027388,bkl,HAM_0002192
0,0.3450202941894531,1,ham10000,ISIC_0027392,bkl,HAM_0002193
1,0.6034868359565735,1,ham10000,ISIC_0025814,mel,HAM_0002194
0,0.3180437982082367,1,ham10000,ISIC_0031576,nv,HAM_0002195
1,0.4320981204509735,1,ham10000,ISIC_0024930,mel,HAM_0002196
1,0.4154912829399109,1,ham10000,ISIC_0028709,mel,HAM_0002197
0,0.45323920249938965,1,ham10000,ISIC_0024314,nv,HAM_0002198
0,0.30651867389678955,1,ham10000,ISIC_0029522,bkl,HAM_0002199
0,0.15891453623771667,0,ham10000,ISIC_0025951,nv,HAM_0002200
0,0.3009466528892517,1,ham10000,ISIC_0024514,nv,HAM_0002201
0,0.2041543573141098,0,ham10000,ISIC_0027315,nv,HAM_0002202
0,0.35177063941955566,1,ham10000,ISIC_0031391,nv,HAM_0002203
0,0.2173057496547699,0,ham10000,ISIC_0026217,nv,HAM_0002205
0,0.16556183993816376,0,ham10000,ISIC_0033727,nv,HAM_0002206
0,0.3720661699771881,1,ham10000,ISIC_0025588,nv,HAM_0002207
0,0.2421911358833313,1,ham10000,ISIC_0033818,nv,HAM_0002208
0,0.3792688846588135,1,ham10000,ISIC_0031226,bkl,HAM_0002209
0,0.20081111788749695,0,ham10000,ISIC_0031627,nv,HAM_0002210
0,0.35134321451187134,1,ham10000,ISIC_0026862,nv,HAM_0002211
0,0.38688695430755615,1,ham10000,ISIC_0029988,nv,HAM_0002212
0,0.27377504110336304,1,ham10000,ISIC_0030222,nv,HAM_0002213
0,0.23800921440124512,1,ham10000,ISIC_0027465,nv,HAM_0002214
0,0.39280927181243896,1,ham10000,ISIC_0028539,nv,HAM_0002215
0,0.389470636844635,1,ham10000,ISIC_0026305,nv,HAM_0002216
0,0.24507321417331696,1,ham10000,ISIC_0024906,nv,HAM_0002217
0,0.2606402337551117,1,ham10000,ISIC_0025578,vasc,HAM_0002218
0,0.31955257058143616,1,ham10000,ISIC_0031679,nv,HAM_0002219
0,0.19346259534358978,0,ham10000,ISIC_0024942,nv,HAM_0002220
0,0.23693335056304932,1,ham10000,ISIC_0026255,nv,HAM_0002221
0,0.3947223722934723,1,ham10000,ISIC_0025021,nv,HAM_0002222
0,0.35539647936820984,1,ham10000,ISIC_0026176,nv,HAM_0002223
1,0.3918967545032501,1,ham10000,ISIC_0029278,bcc,HAM_0002224
0,0.3905525505542755,1,ham10000,ISIC_0032066,nv,HAM_0002225
0,0.22275212407112122,0,ham10000,ISIC_0025407,nv,HAM_0002226
0,0.31550759077072144,1,ham10000,ISIC_0024786,bkl,HAM_0002227
0,0.3806335926055908,1,ham10000,ISIC_0032035,nv,HAM_0002228
0,0.19819942116737366,0,ham10000,ISIC_0025423,nv,HAM_0002229
0,0.3627036213874817,1,ham10000,ISIC_0026243,nv,HAM_0002230
0,0.13101616501808167,0,ham10000,ISIC_0028235,nv,HAM_0002231
1,0.23334060609340668,1,ham10000,ISIC_0025825,akiec,HAM_0002232
0,0.2648821771144867,1,ham10000,ISIC_0025774,nv,HAM_0002233
0,0.36774489283561707,1,ham10000,ISIC_0032412,nv,HAM_0002234
1,0.3893437683582306,1,ham10000,ISIC_0032569,mel,HAM_0002235
0,0.3562496602535248,1,ham10000,ISIC_0027894,nv,HAM_0002236
0,0.3887612521648407,1,ham10000,ISIC_0028053,nv,HAM_0002237
0,0.5992504954338074,1,ham10000,ISIC_0026374,nv,HAM_0002238
0,0.2785516381263733,1,ham10000,ISIC_0028021,nv,HAM_0002239
1,0.4345659017562866,1,ham10000,ISIC_0024332,bcc,HAM_0002240
0,0.315750390291214,1,ham10000,ISIC_0026459,nv,HAM_0002241
0,0.2734066843986511,1,ham10000,ISIC_0026511,bkl,HAM_0002242
1,0.5273378491401672,1,ham10000,ISIC_0032777,bcc,HAM_0002243
0,0.15129201114177704,0,ham10000,ISIC_0032549,nv,HAM_0002244
0,0.2506377100944519,1,ham10000,ISIC_0028248,nv,HAM_0002245
0,0.3489011526107788,1,ham10000,ISIC_0030702,nv,HAM_0002246
0,0.21265782415866852,0,ham10000,ISIC_0029205,nv,HAM_0002247
0,0.3466454744338989,1,ham10000,ISIC_0029011,nv,HAM_0002248
0,0.5525515079498291,1,ham10000,ISIC_0029520,nv,HAM_0002249
0,0.13207890093326569,0,ham10000,ISIC_0029426,nv,HAM_0002250
0,0.23247794806957245,1,ham10000,ISIC_0024438,nv,HAM_0002251
0,0.311460018157959,1,ham10000,ISIC_0031227,nv,HAM_0002252
0,0.4376017153263092,1,ham10000,ISIC_0032548,nv,HAM_0002253
0,0.11364418268203735,0,ham10000,ISIC_0028027,nv,HAM_0002254
0,0.3141308128833771,1,ham10000,ISIC_0030726,nv,HAM_0002255
0,0.39622268080711365,1,ham10000,ISIC_0026214,nv,HAM_0002256
0,0.18940168619155884,0,ham10000,ISIC_0033448,nv,HAM_0002257
1,0.3189553916454315,1,ham10000,ISIC_0029220,bcc,HAM_0002258
0,0.5082733035087585,1,ham10000,ISIC_0028333,nv,HAM_0002259
0,0.2885783612728119,1,ham10000,ISIC_0028699,nv,HAM_0002260
1,0.21116898953914642,0,ham10000,ISIC_0025808,akiec,HAM_0002261
0,0.3497348129749298,1,ham10000,ISIC_0027307,nv,HAM_0002262
0,0.34521231055259705,1,ham10000,ISIC_0030252,nv,HAM_0002263
0,0.3274674415588379,1,ham10000,ISIC_0024838,nv,HAM_0002264
0,0.33144426345825195,1,ham10000,ISIC_0030791,nv,HAM_0002265
0,0.18529565632343292,0,ham10000,ISIC_0027136,nv,HAM_0002266
0,0.21032990515232086,0,ham10000,ISIC_0026937,nv,HAM_0002267
0,0.3127846121788025,1,ham10000,ISIC_0026070,bkl,HAM_0002268
1,0.30646491050720215,1,ham10000,ISIC_0024443,bcc,HAM_0002269
0,0.22101792693138123,0,ham10000,ISIC_0031607,nv,HAM_0002270
0,0.2977631390094757,1,ham10000,ISIC_0026048,nv,HAM_0002271
0,0.3585539758205414,1,ham10000,ISIC_0025371,nv,HAM_0002272
0,0.2321481853723526,0,ham10000,ISIC_0026772,nv,HAM_0002273
0,0.14256761968135834,0,ham10000,ISIC_0026381,nv,HAM_0002274
0,0.20169517397880554,0,ham10000,ISIC_0031774,nv,HAM_0002275
0,0.31296485662460327,1,ham10000,ISIC_0025366,bkl,HAM_0002276
0,0.3052838444709778,1,ham10000,ISIC_0025080,nv,HAM_0002277
0,0.278226375579834,1,ham10000,ISIC_0026353,nv,HAM_0002278
0,0.10892470926046371,0,ham10000,ISIC_0031427,nv,HAM_0002279
0,0.11518750339746475,0,ham10000,ISIC_0027275,bkl,HAM_0002280
0,0.17892199754714966,0,ham10000,ISIC_0031193,nv,HAM_0002281
0,0.20765994489192963,0,ham10000,ISIC_0034045,nv,HAM_0002282
0,0.2432187795639038,1,ham10000,ISIC_0028869,nv,HAM_0002283
0,0.3194541931152344,1,ham10000,ISIC_0026449,nv,HAM_0002284
0,0.17394085228443146,0,ham10000,ISIC_0026309,nv,HAM_0002285
0,0.3420851230621338,1,ham10000,ISIC_0029876,nv,HAM_0002286
0,0.29079070687294006,1,ham10000,ISIC_0026891,nv,HAM_0002287
0,0.4727601110935211,1,ham10000,ISIC_0027803,nv,HAM_0002288
0,0.25687089562416077,1,ham10000,ISIC_0032266,nv,HAM_0002289
0,0.43075087666511536,1,ham10000,ISIC_0027941,nv,HAM_0002290
0,0.18353210389614105,0,ham10000,ISIC_0024836,nv,HAM_0002291
0,0.3771706223487854,1,ham10000,ISIC_0031183,nv,HAM_0002292
0,0.2834109663963318,1,ham10000,ISIC_0027351,nv,HAM_0002293
0,0.3323109745979309,1,ham10000,ISIC_0025221,nv,HAM_0002294
0,0.14589951932430267,0,ham10000,ISIC_0025488,nv,HAM_0002295
0,0.16445022821426392,0,ham10000,ISIC_0026834,nv,HAM_0002296
0,0.3238011300563812,1,ham10000,ISIC_0026095,nv,HAM_0002297
0,0.1529235541820526,0,ham10000,ISIC_0031483,nv,HAM_0002298
0,0.34662115573883057,1,ham10000,ISIC_0025819,bkl,HAM_0002299
0,0.1723068207502365,0,ham10000,ISIC_0024366,nv,HAM_0002300
0,0.43132349848747253,1,ham10000,ISIC_0028555,bkl,HAM_0002301
0,0.25775763392448425,1,ham10000,ISIC_0029633,nv,HAM_0002302
0,0.24985985457897186,1,ham10000,ISIC_0031037,bkl,HAM_0002303
0,0.13206228613853455,0,ham10000,ISIC_0024648,nv,HAM_0002304
0,0.2925291657447815,1,ham10000,ISIC_0029693,nv,HAM_0002305
0,0.3219218850135803,1,ham10000,ISIC_0027606,bkl,HAM_0002306
1,0.3429427146911621,1,ham10000,ISIC_0026549,akiec,HAM_0002307
0,0.33076512813568115,1,ham10000,ISIC_0027193,nv,HAM_0002308
0,0.36951392889022827,1,ham10000,ISIC_0031910,nv,HAM_0002309
0,0.3573501706123352,1,ham10000,ISIC_0025848,nv,HAM_0002310
0,0.23857994377613068,1,ham10000,ISIC_0028514,nv,HAM_0002311
1,0.35513535141944885,1,ham10000,ISIC_0025650,bcc,HAM_0002312
1,0.11753670871257782,0,ham10000,ISIC_0024461,bcc,HAM_0002313
0,0.4649832844734192,1,ham10000,ISIC_0027662,nv,HAM_0002314
0,0.28188854455947876,1,ham10000,ISIC_0028312,nv,HAM_0002315
0,0.26162588596343994,1,ham10000,ISIC_0029217,bkl,HAM_0002316
0,0.28534045815467834,1,ham10000,ISIC_0027268,nv,HAM_0002317
0,0.4495163559913635,1,ham10000,ISIC_0026797,nv,HAM_0002318
0,0.18013359606266022,0,ham10000,ISIC_0026600,nv,HAM_0002319
0,0.3306484818458557,1,ham10000,ISIC_0025163,nv,HAM_0002320
0,0.32572802901268005,1,ham10000,ISIC_0029015,nv,HAM_0002321
0,0.17099985480308533,0,ham10000,ISIC_0027912,nv,HAM_0002322
0,0.4958076775074005,1,ham10000,ISIC_0029976,nv,HAM_0002323
0,0.1568881720304489,0,ham10000,ISIC_0025381,nv,HAM_0002324
0,0.3339647948741913,1,ham10000,ISIC_0033021,nv,HAM_0002325
0,0.4688928723335266,1,ham10000,ISIC_0027346,nv,HAM_0002326
0,0.48645371198654175,1,ham10000,ISIC_0032883,bkl,HAM_0002327
0,0.13493609428405762,0,ham10000,ISIC_0026896,nv,HAM_0002328
0,0.301715612411499,1,ham10000,ISIC_0032911,nv,HAM_0002329
0,0.12418203800916672,0,ham10000,ISIC_0027430,nv,HAM_0002330
0,0.2024868279695511,0,ham10000,ISIC_0028068,nv,HAM_0002331
0,0.16195975244045258,0,ham10000,ISIC_0025670,nv,HAM_0002332
0,0.40859362483024597,1,ham10000,ISIC_0031405,nv,HAM_0002333
1,0.7051116824150085,1,ham10000,ISIC_0027786,bcc,HAM_0002334
0,0.5146560072898865,1,ham10000,ISIC_0030465,bkl,HAM_0002335
0,0.1824701577425003,0,ham10000,ISIC_0031446,nv,HAM_0002336
0,0.40789783000946045,1,ham10000,ISIC_0029949,nv,HAM_0002337
1,0.17513655126094818,0,ham10000,ISIC_0028103,mel,HAM_0002338
0,0.23515771329402924,1,ham10000,ISIC_0026597,nv,HAM_0002339
0,0.3939056396484375,1,ham10000,ISIC_0029047,nv,HAM_0002340
0,0.32929953932762146,1,ham10000,ISIC_0029117,nv,HAM_0002341
1,0.39870211482048035,1,ham10000,ISIC_0032917,mel,HAM_0002342
1,0.1756497621536255,0,ham10000,ISIC_0028158,akiec,HAM_0002343
0,0.19115662574768066,0,ham10000,ISIC_0026778,nv,HAM_0002344
0,0.17146456241607666,0,ham10000,ISIC_0031982,nv,HAM_0002345
1,0.3288175165653229,1,ham10000,ISIC_0026343,bcc,HAM_0002346
0,0.35027047991752625,1,ham10000,ISIC_0030022,nv,HAM_0002347
0,0.3752676844596863,1,ham10000,ISIC_0025240,nv,HAM_0002348
0,0.5585982799530029,1,ham10000,ISIC_0025008,nv,HAM_0002349
0,0.3929121196269989,1,ham10000,ISIC_0026015,bkl,HAM_0002350
0,0.326629638671875,1,ham10000,ISIC_0028788,nv,HAM_0002351
0,0.27148187160491943,1,ham10000,ISIC_0032319,nv,HAM_0002352
0,0.2922695279121399,1,ham10000,ISIC_0028705,nv,HAM_0002353
0,0.45291808247566223,1,ham10000,ISIC_0025559,nv,HAM_0002354
0,0.3092106878757477,1,ham10000,ISIC_0029202,bkl,HAM_0002355
0,0.2765839099884033,1,ham10000,ISIC_0030889,nv,HAM_0002356
0,0.3918914794921875,1,ham10000,ISIC_0030137,bkl,HAM_0002357
0,0.1420741230249405,0,ham10000,ISIC_0027973,bkl,HAM_0002358
0,0.34323233366012573,1,ham10000,ISIC_0024863,nv,HAM_0002359
0,0.36966440081596375,1,ham10000,ISIC_0028024,nv,HAM_0002360
0,0.3892773985862732,1,ham10000,ISIC_0026285,nv,HAM_0002361
0,0.35765329003334045,1,ham10000,ISIC_0025307,nv,HAM_0002362
0,0.45334309339523315,1,ham10000,ISIC_0032924,nv,HAM_0002363
0,0.43002161383628845,1,ham10000,ISIC_0024712,nv,HAM_0002364
0,0.45255517959594727,1,ham10000,ISIC_0029880,bkl,HAM_0002366
0,0.13811025023460388,0,ham10000,ISIC_0033150,nv,HAM_0002367
0,0.21767966449260712,0,ham10000,ISIC_0024841,nv,HAM_0002368
0,0.2599639594554901,1,ham10000,ISIC_0027016,nv,HAM_0002369
0,0.08071351051330566,0,ham10000,ISIC_0028945,nv,HAM_0002370
0,0.16950903832912445,0,ham10000,ISIC_0032271,bkl,HAM_0002371
0,0.18667764961719513,0,ham10000,ISIC_0033124,bkl,HAM_0002372
0,0.25405025482177734,1,ham10000,ISIC_0030703,nv,HAM_0002373
0,0.31913959980010986,1,ham10000,ISIC_0024780,nv,HAM_0002374
1,0.5062869191169739,1,ham10000,ISIC_0024940,mel,HAM_0002375
1,0.5904045701026917,1,ham10000,ISIC_0033856,mel,HAM_0002377
0,0.27947351336479187,1,ham10000,ISIC_0026087,nv,HAM_0002378
0,0.1956322193145752,0,ham10000,ISIC_0026082,nv,HAM_0002379
0,0.3251314163208008,1,ham10000,ISIC_0029807,nv,HAM_0002380
0,0.46720531582832336,1,ham10000,ISIC_0030680,nv,HAM_0002381
0,0.2752249538898468,1,ham10000,ISIC_0025916,nv,HAM_0002382
0,0.29496052861213684,1,ham10000,ISIC_0032488,nv,HAM_0002383
0,0.45163777470588684,1,ham10000,ISIC_0026195,nv,HAM_0002384
0,0.28965339064598083,1,ham10000,ISIC_0024549,nv,HAM_0002385
0,0.20319436490535736,0,ham10000,ISIC_0033640,nv,HAM_0002386
0,0.1951797604560852,0,ham10000,ISIC_0030292,nv,HAM_0002387
0,0.27472230792045593,1,ham10000,ISIC_0025200,nv,HAM_0002388
0,0.25863364338874817,1,ham10000,ISIC_0026701,nv,HAM_0002389
0,0.1614438146352768,0,ham10000,ISIC_0029439,vasc,HAM_0002390
1,0.2519212067127228,1,ham10000,ISIC_0027260,mel,HAM_0002391
0,0.25068479776382446,1,ham10000,ISIC_0028233,bkl,HAM_0002392
0,0.3741081655025482,1,ham10000,ISIC_0026879,nv,HAM_0002393
0,0.16190971434116364,0,ham10000,ISIC_0029550,nv,HAM_0002394
0,0.191512793302536,0,ham10000,ISIC_0029750,nv,HAM_0002395
0,0.3578203022480011,1,ham10000,ISIC_0026025,nv,HAM_0002396
1,0.753290593624115,1,ham10000,ISIC_0029192,bcc,HAM_0002397
0,0.204513281583786,0,ham10000,ISIC_0028208,nv,HAM_0002398
0,0.5266258120536804,1,ham10000,ISIC_0030330,nv,HAM_0002399
0,0.16581666469573975,0,ham10000,ISIC_0024772,bkl,HAM_0002400
0,0.36427178978919983,1,ham10000,ISIC_0028204,nv,HAM_0002401
0,0.2194274514913559,0,ham10000,ISIC_0033515,nv,HAM_0002402
0,0.20818233489990234,0,ham10000,ISIC_0028612,nv,HAM_0002403
0,0.307976096868515,1,ham10000,ISIC_0031776,nv,HAM_0002404
0,0.32877156138420105,1,ham10000,ISIC_0030380,nv,HAM_0002405
0,0.24814927577972412,1,ham10000,ISIC_0030568,nv,HAM_0002406
0,0.13578781485557556,0,ham10000,ISIC_0028731,nv,HAM_0002407
0,0.6279597878456116,1,ham10000,ISIC_0031359,nv,HAM_0002408
0,0.3633076548576355,1,ham10000,ISIC_0028368,nv,HAM_0002409
0,0.3349568545818329,1,ham10000,ISIC_0026639,nv,HAM_0002410
0,0.2003074735403061,0,ham10000,ISIC_0025946,nv,HAM_0002411
0,0.3099539875984192,1,ham10000,ISIC_0026287,nv,HAM_0002412
0,0.24361297488212585,1,ham10000,ISIC_0032543,nv,HAM_0002413
0,0.2605886161327362,1,ham10000,ISIC_0027661,nv,HAM_0002414
0,0.07751194387674332,0,ham10000,ISIC_0026121,nv,HAM_0002415
0,0.2606300413608551,1,ham10000,ISIC_0026816,nv,HAM_0002416
0,0.4361501634120941,1,ham10000,ISIC_0032943,nv,HAM_0002417
0,0.3508257269859314,1,ham10000,ISIC_0030711,nv,HAM_0002418
0,0.2659412920475006,1,ham10000,ISIC_0032359,bkl,HAM_0002419
0,0.13555201888084412,0,ham10000,ISIC_0028796,nv,HAM_0002420
1,0.4062473475933075,1,ham10000,ISIC_0028556,bcc,HAM_0002421
0,0.207452192902565,0,ham10000,ISIC_0031566,nv,HAM_0002422
0,0.23929864168167114,1,ham10000,ISIC_0025088,nv,HAM_0002423
0,0.4573202133178711,1,ham10000,ISIC_0028104,bkl,HAM_0002424
0,0.247468963265419,1,ham10000,ISIC_0032682,nv,HAM_0002425
0,0.3603743314743042,1,ham10000,ISIC_0024348,nv,HAM_0002426
1,0.2861960232257843,1,ham10000,ISIC_0027629,bcc,HAM_0002427
0,0.13493390381336212,0,ham10000,ISIC_0026510,nv,HAM_0002428
0,0.20724573731422424,0,ham10000,ISIC_0028139,nv,HAM_0002429
1,0.441058486700058,1,ham10000,ISIC_0027673,mel,HAM_0002430
0,0.15151675045490265,0,ham10000,ISIC_0032657,nv,HAM_0002431
0,0.24901975691318512,1,ham10000,ISIC_0029775,nv,HAM_0002432
0,0.26680758595466614,1,ham10000,ISIC_0032011,nv,HAM_0002433
0,0.24090735614299774,1,ham10000,ISIC_0033253,nv,HAM_0002434
0,0.21887525916099548,0,ham10000,ISIC_0028366,nv,HAM_0002435
1,0.3149689733982086,1,ham10000,ISIC_0025127,mel,HAM_0002436
0,0.17502424120903015,0,ham10000,ISIC_0031899,nv,HAM_0002437
0,0.2691763937473297,1,ham10000,ISIC_0026527,nv,HAM_0002438
0,0.1574239283800125,0,ham10000,ISIC_0031083,nv,HAM_0002439
0,0.3359748125076294,1,ham10000,ISIC_0029723,nv,HAM_0002440
1,0.4498227536678314,1,ham10000,ISIC_0030491,akiec,HAM_0002441
0,0.3698514401912689,1,ham10000,ISIC_0026325,nv,HAM_0002442
0,0.28035926818847656,1,ham10000,ISIC_0029685,nv,HAM_0002443
0,0.29631856083869934,1,ham10000,ISIC_0029852,nv,HAM_0002444
0,0.24100840091705322,1,ham10000,ISIC_0030879,nv,HAM_0002445
0,0.11552207916975021,0,ham10000,ISIC_0028521,nv,HAM_0002446
0,0.20317798852920532,0,ham10000,ISIC_0033281,nv,HAM_0002448
0,0.1854652315378189,0,ham10000,ISIC_0024391,nv,HAM_0002449
0,0.42723679542541504,1,ham10000,ISIC_0024318,df,HAM_0002450
0,0.3217393755912781,1,ham10000,ISIC_0028150,nv,HAM_0002451
0,0.13712838292121887,0,ham10000,ISIC_0024491,nv,HAM_0002452
0,0.24838291108608246,1,ham10000,ISIC_0029921,nv,HAM_0002453
0,0.10506784915924072,0,ham10000,ISIC_0024628,nv,HAM_0002454
0,0.396414190530777,1,ham10000,ISIC_0032099,bkl,HAM_0002455
0,0.4151856303215027,1,ham10000,ISIC_0031223,bkl,HAM_0002456
0,0.14855504035949707,0,ham10000,ISIC_0027457,nv,HAM_0002457
0,0.2891460359096527,1,ham10000,ISIC_0026155,nv,HAM_0002458
0,0.21365103125572205,0,ham10000,ISIC_0029305,nv,HAM_0002459
0,0.19500556588172913,0,ham10000,ISIC_0032336,nv,HAM_0002460
1,0.16316790878772736,0,ham10000,ISIC_0025953,akiec,HAM_0002461
0,0.3216218948364258,1,ham10000,ISIC_0024498,bkl,HAM_0002462
0,0.40507346391677856,1,ham10000,ISIC_0029052,df,HAM_0002463
0,0.35636579990386963,1,ham10000,ISIC_0030566,nv,HAM_0002464
0,0.40326324105262756,1,ham10000,ISIC_0026565,nv,HAM_0002465
0,0.2527583837509155,1,ham10000,ISIC_0030128,nv,HAM_0002466
1,0.5930319428443909,1,ham10000,ISIC_0030893,bcc,HAM_0002467
0,0.4136698842048645,1,ham10000,ISIC_0028018,nv,HAM_0002468
0,0.20283785462379456,0,ham10000,ISIC_0029419,nv,HAM_0002469
0,0.16012375056743622,0,ham10000,ISIC_0026611,nv,HAM_0002470
1,0.43539294600486755,1,ham10000,ISIC_0027060,mel,HAM_0002471
1,0.3685266077518463,1,ham10000,ISIC_0025696,akiec,HAM_0002472
0,0.20300090312957764,0,ham10000,ISIC_0025922,nv,HAM_0002473
0,0.38631901144981384,1,ham10000,ISIC_0030658,nv,HAM_0002474
0,0.15421247482299805,0,ham10000,ISIC_0026685,nv,HAM_0002475
0,0.2490330934524536,1,ham10000,ISIC_0027837,nv,HAM_0002476
1,0.48308494687080383,1,ham10000,ISIC_0025145,mel,HAM_0002477
0,0.07526296377182007,0,ham10000,ISIC_0031787,nv,HAM_0002478
0,0.36324381828308105,1,ham10000,ISIC_0029768,nv,HAM_0002479
0,0.4550239145755768,1,ham10000,ISIC_0028589,nv,HAM_0002480
0,0.37637513875961304,1,ham10000,ISIC_0024684,nv,HAM_0002481
0,0.15798044204711914,0,ham10000,ISIC_0032064,nv,HAM_0002482
0,0.41617298126220703,1,ham10000,ISIC_0032446,nv,HAM_0002483
0,0.19007305800914764,0,ham10000,ISIC_0029194,nv,HAM_0002484
0,0.22061137855052948,0,ham10000,ISIC_0028351,nv,HAM_0002485
0,0.18734097480773926,0,ham10000,ISIC_0028947,nv,HAM_0002486
0,0.29436352849006653,1,ham10000,ISIC_0032503,nv,HAM_0002487
1,0.5368233919143677,1,ham10000,ISIC_0032645,mel,HAM_0002488
0,0.25018149614334106,1,ham10000,ISIC_0030874,nv,HAM_0002489
0,0.26451218128204346,1,ham10000,ISIC_0027889,nv,HAM_0002490
1,0.5241101384162903,1,ham10000,ISIC_0026770,mel,HAM_0002491
0,0.3206668496131897,1,ham10000,ISIC_0028875,nv,HAM_0002492
1,0.22759220004081726,0,ham10000,ISIC_0024323,mel,HAM_0002493
0,0.41737204790115356,1,ham10000,ISIC_0033686,nv,HAM_0002494
0,0.2157713919878006,0,ham10000,ISIC_0031330,nv,HAM_0002495
0,0.33043307065963745,1,ham10000,ISIC_0030861,nv,HAM_0002496
0,0.36633241176605225,1,ham10000,ISIC_0025443,nv,HAM_0002497
0,0.6705529093742371,1,ham10000,ISIC_0032839,vasc,HAM_0002498
0,0.19982318580150604,0,ham10000,ISIC_0024600,nv,HAM_0002499
0,0.3140563368797302,1,ham10000,ISIC_0028169,nv,HAM_0002500
0,0.28529128432273865,1,ham10000,ISIC_0032928,nv,HAM_0002501
0,0.4356268346309662,1,ham10000,ISIC_0032973,nv,HAM_0002502
0,0.44543781876564026,1,ham10000,ISIC_0029676,bkl,HAM_0002503
0,0.3586965501308441,1,ham10000,ISIC_0025455,nv,HAM_0002504
0,0.6733773350715637,1,ham10000,ISIC_0031402,nv,HAM_0002505
1,0.2546558976173401,1,ham10000,ISIC_0029337,bcc,HAM_0002506
0,0.36547860503196716,1,ham10000,ISIC_0030428,nv,HAM_0002508
1,0.27295541763305664,1,ham10000,ISIC_0024732,mel,HAM_0002509
0,0.27277594804763794,1,ham10000,ISIC_0031124,nv,HAM_0002510
0,0.27637988328933716,1,ham10000,ISIC_0025148,nv,HAM_0002511
0,0.2010778933763504,0,ham10000,ISIC_0025768,nv,HAM_0002512
0,0.1674356609582901,0,ham10000,ISIC_0027088,nv,HAM_0002513
0,0.3110641539096832,1,ham10000,ISIC_0026768,nv,HAM_0002514
0,0.16644346714019775,0,ham10000,ISIC_0028744,nv,HAM_0002515
0,0.16433769464492798,0,ham10000,ISIC_0028315,nv,HAM_0002516
0,0.22816890478134155,0,ham10000,ISIC_0031838,nv,HAM_0002517
0,0.1996704638004303,0,ham10000,ISIC_0032028,nv,HAM_0002518
0,0.407817542552948,1,ham10000,ISIC_0032986,nv,HAM_0002519
0,0.25276899337768555,1,ham10000,ISIC_0032177,nv,HAM_0002520
0,0.22854353487491608,0,ham10000,ISIC_0027828,bkl,HAM_0002521
0,0.18951724469661713,0,ham10000,ISIC_0028382,nv,HAM_0002522
1,0.3330260217189789,1,ham10000,ISIC_0024516,mel,HAM_0002523
0,0.30076637864112854,1,ham10000,ISIC_0026184,nv,HAM_0002524
1,0.2818831503391266,1,ham10000,ISIC_0025188,mel,HAM_0002525
1,0.601584792137146,1,ham10000,ISIC_0032799,bcc,HAM_0002526
0,0.3358466327190399,1,ham10000,ISIC_0026717,bkl,HAM_0002527
0,0.24555625021457672,1,ham10000,ISIC_0025821,nv,HAM_0002528
0,0.210699200630188,0,ham10000,ISIC_0026298,bkl,HAM_0002529
0,0.24899926781654358,1,ham10000,ISIC_0028239,nv,HAM_0002530
0,0.44436708092689514,1,ham10000,ISIC_0027467,nv,HAM_0002531
0,0.38912826776504517,1,ham10000,ISIC_0026615,nv,HAM_0002532
0,0.19691301882266998,0,ham10000,ISIC_0027755,nv,HAM_0002533
1,0.19687999784946442,0,ham10000,ISIC_0024898,mel,HAM_0002534
0,0.2890739142894745,1,ham10000,ISIC_0027754,bkl,HAM_0002535
0,0.6526005864143372,1,ham10000,ISIC_0032124,bkl,HAM_0002536
0,0.24244140088558197,1,ham10000,ISIC_0028689,nv,HAM_0002537
0,0.21918252110481262,0,ham10000,ISIC_0030770,vasc,HAM_0002538
0,0.36196407675743103,1,ham10000,ISIC_0027422,nv,HAM_0002539
0,0.286315381526947,1,ham10000,ISIC_0030471,nv,HAM_0002540
0,0.26790788769721985,1,ham10000,ISIC_0028098,nv,HAM_0002541
0,0.19838783144950867,0,ham10000,ISIC_0025817,nv,HAM_0002542
0,0.3601718246936798,1,ham10000,ISIC_0025645,nv,HAM_0002543
0,0.3226231038570404,1,ham10000,ISIC_0029711,nv,HAM_0002544
0,0.3041223883628845,1,ham10000,ISIC_0029149,nv,HAM_0002545
0,0.8226824998855591,1,ham10000,ISIC_0030579,df,HAM_0002546
0,0.3391382396221161,1,ham10000,ISIC_0024394,nv,HAM_0002547
0,0.15669021010398865,0,ham10000,ISIC_0027470,bkl,HAM_0002548
0,0.2161037027835846,0,ham10000,ISIC_0030043,nv,HAM_0002549
0,0.19831952452659607,0,ham10000,ISIC_0027682,nv,HAM_0002550
1,0.6817977428436279,1,ham10000,ISIC_0024539,akiec,HAM_0002551
1,0.46725454926490784,1,ham10000,ISIC_0032936,mel,HAM_0002552
0,0.36913320422172546,1,ham10000,ISIC_0032931,nv,HAM_0002553
0,0.29627591371536255,1,ham10000,ISIC_0028585,nv,HAM_0002554
0,0.185124009847641,0,ham10000,ISIC_0032398,nv,HAM_0002555
0,0.34335315227508545,1,ham10000,ISIC_0025436,nv,HAM_0002556
1,0.6118409633636475,1,ham10000,ISIC_0025927,mel,HAM_0002557
1,0.5484094023704529,1,ham10000,ISIC_0034047,bcc,HAM_0002559
0,0.35805460810661316,1,ham10000,ISIC_0025325,nv,HAM_0002561
0,0.42339029908180237,1,ham10000,ISIC_0025024,nv,HAM_0002562
0,0.16913118958473206,0,ham10000,ISIC_0024607,nv,HAM_0002563
0,0.35076212882995605,1,ham10000,ISIC_0029626,nv,HAM_0002564
1,0.5733475089073181,1,ham10000,ISIC_0032660,bcc,HAM_0002565
0,0.15896476805210114,0,ham10000,ISIC_0024437,nv,HAM_0002566
0,0.13611316680908203,0,ham10000,ISIC_0031048,nv,HAM_0002567
0,0.21801163256168365,0,ham10000,ISIC_0030037,nv,HAM_0002568
0,0.15825782716274261,0,ham10000,ISIC_0034018,nv,HAM_0002569
0,0.2884220480918884,1,ham10000,ISIC_0029952,nv,HAM_0002570
0,0.32924655079841614,1,ham10000,ISIC_0025881,nv,HAM_0002571
0,0.35081446170806885,1,ham10000,ISIC_0025422,nv,HAM_0002572
0,0.5819392800331116,1,ham10000,ISIC_0030018,nv,HAM_0002573
0,0.1966358870267868,0,ham10000,ISIC_0032666,nv,HAM_0002574
0,0.35065439343452454,1,ham10000,ISIC_0026781,nv,HAM_0002575
1,0.18158219754695892,0,ham10000,ISIC_0025414,mel,HAM_0002576
1,0.1867321878671646,0,ham10000,ISIC_0025417,bcc,HAM_0002577
0,0.2535884380340576,1,ham10000,ISIC_0027656,nv,HAM_0002578
0,0.2004142701625824,0,ham10000,ISIC_0031683,nv,HAM_0002579
0,0.23443323373794556,1,ham10000,ISIC_0031252,nv,HAM_0002580
0,0.4222349226474762,1,ham10000,ISIC_0026544,nv,HAM_0002581
0,0.34179797768592834,1,ham10000,ISIC_0032813,nv,HAM_0002582
0,0.30773982405662537,1,ham10000,ISIC_0026572,nv,HAM_0002583
0,0.20977483689785004,0,ham10000,ISIC_0030315,nv,HAM_0002584
0,0.5331910252571106,1,ham10000,ISIC_0027026,bkl,HAM_0002585
0,0.28323569893836975,1,ham10000,ISIC_0025186,nv,HAM_0002586
0,0.36870715022087097,1,ham10000,ISIC_0030485,nv,HAM_0002587
0,0.2143646478652954,0,ham10000,ISIC_0031452,nv,HAM_0002588
0,0.3915419280529022,1,ham10000,ISIC_0026318,nv,HAM_0002589
0,0.41962385177612305,1,ham10000,ISIC_0025010,nv,HAM_0002590
1,0.28982219099998474,1,ham10000,ISIC_0028930,mel,HAM_0002591
0,0.23606610298156738,1,ham10000,ISIC_0029311,bkl,HAM_0002592
0,0.1806398183107376,0,ham10000,ISIC_0029935,nv,HAM_0002593
0,0.3912418782711029,1,ham10000,ISIC_0031047,nv,HAM_0002594
0,0.17933911085128784,0,ham10000,ISIC_0032933,nv,HAM_0002595
0,0.14528313279151917,0,ham10000,ISIC_0032848,nv,HAM_0002596
0,0.2686862349510193,1,ham10000,ISIC_0033045,nv,HAM_0002597
0,0.36586955189704895,1,ham10000,ISIC_0033873,nv,HAM_0002598
0,0.25419750809669495,1,ham10000,ISIC_0033143,nv,HAM_0002599
0,0.31934821605682373,1,ham10000,ISIC_0032588,nv,HAM_0002600
0,0.5515483617782593,1,ham10000,ISIC_0032510,nv,HAM_0002601
0,0.2223460078239441,0,ham10000,ISIC_0032798,nv,HAM_0002602
0,0.3889290690422058,1,ham10000,ISIC_0033697,nv,HAM_0002603
0,0.2926781475543976,1,ham10000,ISIC_0033656,nv,HAM_0002604
0,0.5010603666305542,1,ham10000,ISIC_0034164,nv,HAM_0002605
0,0.30944520235061646,1,ham10000,ISIC_0033228,nv,HAM_0002606
0,0.15080727636814117,0,ham10000,ISIC_0032744,nv,HAM_0002607
0,0.14679962396621704,0,ham10000,ISIC_0026484,nv,HAM_0002608
1,0.25217846035957336,1,ham10000,ISIC_0029318,mel,HAM_0002609
0,0.6360122561454773,1,ham10000,ISIC_0026876,vasc,HAM_0002610
1,0.2705182731151581,1,ham10000,ISIC_0026192,bcc,HAM_0002611
0,0.1971333622932434,0,ham10000,ISIC_0031180,nv,HAM_0002612
1,0.3087165057659149,1,ham10000,ISIC_0024958,mel,HAM_0002613
0,0.28855183720588684,1,ham10000,ISIC_0027637,nv,HAM_0002614
1,0.7792184948921204,1,ham10000,ISIC_0033413,akiec,HAM_0002615
0,0.563718855381012,1,ham10000,ISIC_0032555,nv,HAM_0002616
1,0.41370439529418945,1,ham10000,ISIC_0033393,mel,HAM_0002617
0,0.10830248892307281,0,ham10000,ISIC_0027705,nv,HAM_0002618
0,0.19047489762306213,0,ham10000,ISIC_0025435,nv,HAM_0002619
0,0.2885342538356781,1,ham10000,ISIC_0032490,nv,HAM_0002620
0,0.153447687625885,0,ham10000,ISIC_0028047,nv,HAM_0002621
1,0.43126508593559265,1,ham10000,ISIC_0030187,mel,HAM_0002622
0,0.37677299976348877,1,ham10000,ISIC_0025384,nv,HAM_0002623
0,0.3660619258880615,1,ham10000,ISIC_0028282,nv,HAM_0002624
0,0.2716248631477356,1,ham10000,ISIC_0026822,nv,HAM_0002626
0,0.1526985466480255,0,ham10000,ISIC_0027014,nv,HAM_0002627
0,0.4295036494731903,1,ham10000,ISIC_0030652,nv,HAM_0002628
0,0.3778236508369446,1,ham10000,ISIC_0024551,nv,HAM_0002629
0,0.1820930391550064,0,ham10000,ISIC_0026257,nv,HAM_0002630
0,0.3943946361541748,1,ham10000,ISIC_0028048,nv,HAM_0002631
0,0.17432555556297302,0,ham10000,ISIC_0029943,nv,HAM_0002632
0,0.22475330531597137,0,ham10000,ISIC_0031525,nv,HAM_0002633
0,0.21794815361499786,0,ham10000,ISIC_0028392,nv,HAM_0002634
0,0.3383576273918152,1,ham10000,ISIC_0029364,nv,HAM_0002635
0,0.19117233157157898,0,ham10000,ISIC_0031782,nv,HAM_0002636
0,0.3560324013233185,1,ham10000,ISIC_0029376,nv,HAM_0002637
0,0.3518775403499603,1,ham10000,ISIC_0028096,nv,HAM_0002638
0,0.3258468806743622,1,ham10000,ISIC_0025249,vasc,HAM_0002639
0,0.20193815231323242,0,ham10000,ISIC_0030337,nv,HAM_0002640
0,0.15350548923015594,0,ham10000,ISIC_0032676,nv,HAM_0002641
0,0.16338053345680237,0,ham10000,ISIC_0031467,nv,HAM_0002642
0,0.19797495007514954,0,ham10000,ISIC_0030017,nv,HAM_0002643
1,0.5383960008621216,1,ham10000,ISIC_0029417,akiec,HAM_0002644
0,0.37002837657928467,1,ham10000,ISIC_0024587,nv,HAM_0002645
1,0.35141831636428833,1,ham10000,ISIC_0028558,akiec,HAM_0002646
0,0.42865440249443054,1,ham10000,ISIC_0030534,nv,HAM_0002647
1,0.12745144963264465,0,ham10000,ISIC_0027650,akiec,HAM_0002648
0,0.40765899419784546,1,ham10000,ISIC_0026235,nv,HAM_0002649
0,0.18029694259166718,0,ham10000,ISIC_0029742,vasc,HAM_0002650
0,0.135907381772995,0,ham10000,ISIC_0028682,nv,HAM_0002651
0,0.409965842962265,1,ham10000,ISIC_0024934,nv,HAM_0002652
0,0.2978023886680603,1,ham10000,ISIC_0026817,nv,HAM_0002653
0,0.3788653612136841,1,ham10000,ISIC_0025698,nv,HAM_0002654
0,0.18577274680137634,0,ham10000,ISIC_0027116,nv,HAM_0002656
0,0.2551770508289337,1,ham10000,ISIC_0031046,nv,HAM_0002657
0,0.36458197236061096,1,ham10000,ISIC_0025907,nv,HAM_0002658
0,0.2973358631134033,1,ham10000,ISIC_0026448,nv,HAM_0002659
0,0.3069814443588257,1,ham10000,ISIC_0033750,bkl,HAM_0002660
0,0.2842320501804352,1,ham10000,ISIC_0025665,nv,HAM_0002661
0,0.33995845913887024,1,ham10000,ISIC_0031572,nv,HAM_0002662
0,0.16607007384300232,0,ham10000,ISIC_0030720,nv,HAM_0002663
1,0.6742801070213318,1,ham10000,ISIC_0033054,bcc,HAM_0002664
0,0.2910633683204651,1,ham10000,ISIC_0032208,nv,HAM_0002665
1,0.23964858055114746,1,ham10000,ISIC_0024564,bcc,HAM_0002666
0,0.24232491850852966,1,ham10000,ISIC_0024388,nv,HAM_0002667
0,0.39498424530029297,1,ham10000,ISIC_0026784,nv,HAM_0002668
0,0.2797134518623352,1,ham10000,ISIC_0031994,nv,HAM_0002669
0,0.561393141746521,1,ham10000,ISIC_0027734,nv,HAM_0002670
1,0.5939399003982544,1,ham10000,ISIC_0033068,mel,HAM_0002671
1,0.6183701753616333,1,ham10000,ISIC_0025948,akiec,HAM_0002672
0,0.18228882551193237,0,ham10000,ISIC_0027686,nv,HAM_0002673
0,0.3647593855857849,1,ham10000,ISIC_0029646,nv,HAM_0002674
0,0.21339863538742065,0,ham10000,ISIC_0024969,nv,HAM_0002675
0,0.19114159047603607,0,ham10000,ISIC_0024610,nv,HAM_0002676
0,0.4390910565853119,1,ham10000,ISIC_0031024,bkl,HAM_0002677
0,0.14276592433452606,0,ham10000,ISIC_0030739,nv,HAM_0002678
0,0.1167120411992073,0,ham10000,ISIC_0029590,nv,HAM_0002679
0,0.1489342600107193,0,ham10000,ISIC_0031315,nv,HAM_0002680
0,0.29633164405822754,1,ham10000,ISIC_0029381,nv,HAM_0002681
0,0.1318783313035965,0,ham10000,ISIC_0024478,nv,HAM_0002682
0,0.27011874318122864,1,ham10000,ISIC_0031677,bkl,HAM_0002683
0,0.37406107783317566,1,ham10000,ISIC_0027874,nv,HAM_0002684
0,0.37233766913414,1,ham10000,ISIC_0030593,nv,HAM_0002685
0,0.3410691022872925,1,ham10000,ISIC_0031716,bkl,HAM_0002686
0,0.3647024929523468,1,ham10000,ISIC_0032037,nv,HAM_0002687
0,0.2089863419532776,0,ham10000,ISIC_0025348,nv,HAM_0002688
1,0.3842432200908661,1,ham10000,ISIC_0026687,bcc,HAM_0002689
0,0.36399173736572266,1,ham10000,ISIC_0028828,nv,HAM_0002690
0,0.2031744420528412,0,ham10000,ISIC_0031345,bkl,HAM_0002691
0,0.2503376007080078,1,ham10000,ISIC_0029404,vasc,HAM_0002692
1,0.32159167528152466,1,ham10000,ISIC_0031550,mel,HAM_0002693
0,0.3351915776729584,1,ham10000,ISIC_0030100,nv,HAM_0002694
0,0.37173140048980713,1,ham10000,ISIC_0028664,nv,HAM_0002695
1,0.16873526573181152,0,ham10000,ISIC_0026207,mel,HAM_0002696
0,0.282731294631958,1,ham10000,ISIC_0028055,nv,HAM_0002697
0,0.1964656114578247,0,ham10000,ISIC_0031247,nv,HAM_0002698
1,0.6499441266059875,1,ham10000,ISIC_0029827,akiec,HAM_0002699
0,0.24279218912124634,1,ham10000,ISIC_0025011,nv,HAM_0002700
0,0.27023211121559143,1,ham10000,ISIC_0024328,nv,HAM_0002701
0,0.25391390919685364,1,ham10000,ISIC_0028196,nv,HAM_0002702
0,0.5457763671875,1,ham10000,ISIC_0025402,nv,HAM_0002703
0,0.40998679399490356,1,ham10000,ISIC_0031638,nv,HAM_0002704
1,0.2869540750980377,1,ham10000,ISIC_0025089,akiec,HAM_0002705
0,0.13704641163349152,0,ham10000,ISIC_0025954,df,HAM_0002706
0,0.2820703983306885,1,ham10000,ISIC_0030628,nv,HAM_0002707
0,0.3118930459022522,1,ham10000,ISIC_0024752,nv,HAM_0002708
0,0.3110664188861847,1,ham10000,ISIC_0025773,nv,HAM_0002709
0,0.3629531264305115,1,ham10000,ISIC_0025241,nv,HAM_0002710
1,0.39914876222610474,1,ham10000,ISIC_0027669,mel,HAM_0002711
0,0.17926597595214844,0,ham10000,ISIC_0034238,nv,HAM_0002712
0,0.3916149437427521,1,ham10000,ISIC_0026695,nv,HAM_0002713
1,0.14303770661354065,0,ham10000,ISIC_0026113,mel,HAM_0002714
0,0.3042474687099457,1,ham10000,ISIC_0024714,nv,HAM_0002715
0,0.17510555684566498,0,ham10000,ISIC_0030779,nv,HAM_0002716
1,0.11878188699483871,0,ham10000,ISIC_0031284,bcc,HAM_0002717
0,0.4095305800437927,1,ham10000,ISIC_0024316,nv,HAM_0002718
1,0.3195543885231018,1,ham10000,ISIC_0029033,mel,HAM_0002719
1,0.4270590841770172,1,ham10000,ISIC_0025277,mel,HAM_0002720
0,0.302225261926651,1,ham10000,ISIC_0032585,nv,HAM_0002721
0,0.40859583020210266,1,ham10000,ISIC_0027991,bkl,HAM_0002722
1,0.374292254447937,1,ham10000,ISIC_0034050,mel,HAM_0002723
0,0.34129878878593445,1,ham10000,ISIC_0032580,nv,HAM_0002724
0,0.15188691020011902,0,ham10000,ISIC_0025523,nv,HAM_0002725
0,0.22179438173770905,0,ham10000,ISIC_0025473,nv,HAM_0002726
0,0.3057701885700226,1,ham10000,ISIC_0025459,nv,HAM_0002727
0,0.19203855097293854,0,ham10000,ISIC_0026570,nv,HAM_0002728
0,0.15752072632312775,0,ham10000,ISIC_0026346,nv,HAM_0002729
0,0.547342836856842,1,ham10000,ISIC_0025661,bkl,HAM_0002730
0,0.24361102283000946,1,ham10000,ISIC_0028236,bkl,HAM_0002731
1,0.37970003485679626,1,ham10000,ISIC_0033017,mel,HAM_0002732
1,0.275481253862381,1,ham10000,ISIC_0031041,bcc,HAM_0002733
1,0.24207685887813568,1,ham10000,ISIC_0028190,akiec,HAM_0002734
0,0.21298563480377197,0,ham10000,ISIC_0029992,nv,HAM_0002735
1,0.39345142245292664,1,ham10000,ISIC_0030594,bcc,HAM_0002736
0,0.22216148674488068,0,ham10000,ISIC_0029795,nv,HAM_0002737
0,0.3130185902118683,1,ham10000,ISIC_0029438,nv,HAM_0002738
0,0.35924702882766724,1,ham10000,ISIC_0032452,nv,HAM_0002739
0,0.31631484627723694,1,ham10000,ISIC_0027246,nv,HAM_0002740
0,0.36341679096221924,1,ham10000,ISIC_0027939,nv,HAM_0002741
0,0.5369962453842163,1,ham10000,ISIC_0025654,bkl,HAM_0002742
0,0.3442182242870331,1,ham10000,ISIC_0030439,nv,HAM_0002743
1,0.17075376212596893,0,ham10000,ISIC_0031236,bcc,HAM_0002744
1,0.37665116786956787,1,ham10000,ISIC_0024562,akiec,HAM_0002745
0,0.30325454473495483,1,ham10000,ISIC_0031399,nv,HAM_0002746
0,0.27517175674438477,1,ham10000,ISIC_0025242,nv,HAM_0002747
0,0.227776899933815,0,ham10000,ISIC_0028289,nv,HAM_0002748
0,0.2928584814071655,1,ham10000,ISIC_0025066,bkl,HAM_0002749
0,0.14494094252586365,0,ham10000,ISIC_0033003,nv,HAM_0002750
0,0.2717077136039734,1,ham10000,ISIC_0026073,nv,HAM_0002751
1,0.394527792930603,1,ham10000,ISIC_0025748,mel,HAM_0002752
0,0.4477824568748474,1,ham10000,ISIC_0026641,nv,HAM_0002753
0,0.15050412714481354,0,ham10000,ISIC_0025892,nv,HAM_0002754
0,0.2776603102684021,1,ham10000,ISIC_0032523,nv,HAM_0002755
0,0.3801129460334778,1,ham10000,ISIC_0027157,nv,HAM_0002756
0,0.4443577229976654,1,ham10000,ISIC_0024909,bkl,HAM_0002757
0,0.19315752387046814,0,ham10000,ISIC_0027575,nv,HAM_0002758
0,0.30942535400390625,1,ham10000,ISIC_0033062,nv,HAM_0002759
0,0.14765755832195282,0,ham10000,ISIC_0031815,nv,HAM_0002760
0,0.3535922169685364,1,ham10000,ISIC_0029068,bkl,HAM_0002761
0,0.38467854261398315,1,ham10000,ISIC_0029458,nv,HAM_0002762
0,0.16305847465991974,0,ham10000,ISIC_0026884,nv,HAM_0002763
1,0.3552565276622772,1,ham10000,ISIC_0030366,mel,HAM_0002764
0,0.29703548550605774,1,ham10000,ISIC_0024860,nv,HAM_0002765
0,0.48919132351875305,1,ham10000,ISIC_0030532,nv,HAM_0002766
0,0.12890996038913727,0,ham10000,ISIC_0031914,nv,HAM_0002767
0,0.160523921251297,0,ham10000,ISIC_0026657,nv,HAM_0002768
0,0.2488691359758377,1,ham10000,ISIC_0032481,bkl,HAM_0002769
1,0.2756154239177704,1,ham10000,ISIC_0025265,mel,HAM_0002770
1,0.1889725923538208,0,ham10000,ISIC_0029059,akiec,HAM_0002771
1,0.236375629901886,1,ham10000,ISIC_0026897,mel,HAM_0002772
0,0.3991774618625641,1,ham10000,ISIC_0028690,nv,HAM_0002773
0,0.42479702830314636,1,ham10000,ISIC_0029683,bkl,HAM_0002774
0,0.2285843789577484,0,ham10000,ISIC_0024407,nv,HAM_0002775
0,0.27171391248703003,1,ham10000,ISIC_0026143,nv,HAM_0002776
0,0.2979763150215149,1,ham10000,ISIC_0030228,nv,HAM_0002777
0,0.1937703639268875,0,ham10000,ISIC_0026540,nv,HAM_0002778
0,0.3484232425689697,1,ham10000,ISIC_0026515,nv,HAM_0002779
0,0.35620003938674927,1,ham10000,ISIC_0028732,nv,HAM_0002780
0,0.3539625406265259,1,ham10000,ISIC_0029379,nv,HAM_0002781
0,0.42953428626060486,1,ham10000,ISIC_0030536,nv,HAM_0002782
0,0.35817617177963257,1,ham10000,ISIC_0029507,nv,HAM_0002783
0,0.3442613482475281,1,ham10000,ISIC_0027712,nv,HAM_0002784
0,0.34776294231414795,1,ham10000,ISIC_0029258,nv,HAM_0002786
0,0.18868964910507202,0,ham10000,ISIC_0025425,vasc,HAM_0002787
0,0.38050389289855957,1,ham10000,ISIC_0027563,vasc,HAM_0002788
0,0.1863112598657608,0,ham10000,ISIC_0030578,nv,HAM_0002789
0,0.3000287115573883,1,ham10000,ISIC_0026721,nv,HAM_0002790
1,0.4226503074169159,1,ham10000,ISIC_0029847,bcc,HAM_0002791
0,0.15979470312595367,0,ham10000,ISIC_0033169,bkl,HAM_0002792
0,0.23777168989181519,1,ham10000,ISIC_0029953,nv,HAM_0002793
0,0.3710642457008362,1,ham10000,ISIC_0031596,nv,HAM_0002794
0,0.13248081505298615,0,ham10000,ISIC_0025278,nv,HAM_0002795
0,0.10344991832971573,0,ham10000,ISIC_0025261,nv,HAM_0002796
0,0.40842366218566895,1,ham10000,ISIC_0026883,nv,HAM_0002797
0,0.22678278386592865,0,ham10000,ISIC_0025323,nv,HAM_0002798
0,0.2453848272562027,1,ham10000,ISIC_0027975,nv,HAM_0002799
1,0.3061961233615875,1,ham10000,ISIC_0026239,mel,HAM_0002800
0,0.2698579430580139,1,ham10000,ISIC_0025889,nv,HAM_0002801
0,0.38373449444770813,1,ham10000,ISIC_0029717,nv,HAM_0002802
0,0.3448190987110138,1,ham10000,ISIC_0028110,nv,HAM_0002803
0,0.39139169454574585,1,ham10000,ISIC_0031722,nv,HAM_0002805
0,0.31056180596351624,1,ham10000,ISIC_0029175,nv,HAM_0002806
0,0.36142975091934204,1,ham10000,ISIC_0025050,nv,HAM_0002807
0,0.20613645017147064,0,ham10000,ISIC_0031503,nv,HAM_0002808
0,0.19634704291820526,0,ham10000,ISIC_0024338,bkl,HAM_0002809
0,0.24055221676826477,1,ham10000,ISIC_0030542,bkl,HAM_0002810
0,0.3202892243862152,1,ham10000,ISIC_0030632,nv,HAM_0002811
1,0.3233571946620941,1,ham10000,ISIC_0027788,bcc,HAM_0002812
0,0.16024403274059296,0,ham10000,ISIC_0030751,nv,HAM_0002813
0,0.27925413846969604,1,ham10000,ISIC_0028140,nv,HAM_0002814
0,0.2507532238960266,1,ham10000,ISIC_0025298,nv,HAM_0002815
0,0.13989374041557312,0,ham10000,ISIC_0028405,nv,HAM_0002816
1,0.24468711018562317,1,ham10000,ISIC_0029495,mel,HAM_0002817
1,0.36431488394737244,1,ham10000,ISIC_0028570,bcc,HAM_0002818
0,0.2602342665195465,1,ham10000,ISIC_0024467,nv,HAM_0002819
0,0.4232136011123657,1,ham10000,ISIC_0028422,nv,HAM_0002820
0,0.25692224502563477,1,ham10000,ISIC_0028479,bkl,HAM_0002821
0,0.287959486246109,1,ham10000,ISIC_0026863,nv,HAM_0002822
0,0.1556750386953354,0,ham10000,ISIC_0031354,nv,HAM_0002823
1,0.24833407998085022,1,ham10000,ISIC_0025987,mel,HAM_0002824
0,0.22588221728801727,0,ham10000,ISIC_0031296,nv,HAM_0002825
0,0.3329709470272064,1,ham10000,ISIC_0028334,nv,HAM_0002826
0,0.27498286962509155,1,ham10000,ISIC_0025777,bkl,HAM_0002827
0,0.1900203675031662,0,ham10000,ISIC_0030164,nv,HAM_0002828
0,0.4084453582763672,1,ham10000,ISIC_0029134,nv,HAM_0002829
0,0.35153886675834656,1,ham10000,ISIC_0025796,nv,HAM_0002830
0,0.31577590107917786,1,ham10000,ISIC_0026977,nv,HAM_0002831
0,0.16711488366127014,0,ham10000,ISIC_0029091,nv,HAM_0002832
0,0.17538687586784363,0,ham10000,ISIC_0026889,nv,HAM_0002833
1,0.5539264678955078,1,ham10000,ISIC_0026500,mel,HAM_0002834
0,0.29371657967567444,1,ham10000,ISIC_0028510,nv,HAM_0002835
0,0.44568774104118347,1,ham10000,ISIC_0030289,nv,HAM_0002836
0,0.20031312108039856,0,ham10000,ISIC_0025859,nv,HAM_0002837
1,0.24582946300506592,1,ham10000,ISIC_0030818,mel,HAM_0002838
0,0.40599122643470764,1,ham10000,ISIC_0025982,bkl,HAM_0002839
0,0.4059247076511383,1,ham10000,ISIC_0027424,nv,HAM_0002840
1,0.25343337655067444,1,ham10000,ISIC_0032653,mel,HAM_0002841
0,0.26015999913215637,1,ham10000,ISIC_0029616,nv,HAM_0002842
0,0.11364100128412247,0,ham10000,ISIC_0031855,nv,HAM_0002843
0,0.35693246126174927,1,ham10000,ISIC_0029329,bkl,HAM_0002844
0,0.37585175037384033,1,ham10000,ISIC_0031319,nv,HAM_0002845
0,0.30106064677238464,1,ham10000,ISIC_0028616,nv,HAM_0002846
0,0.1639515459537506,0,ham10000,ISIC_0024353,nv,HAM_0002847
0,0.2257671058177948,0,ham10000,ISIC_0027598,df,HAM_0002848
0,0.3576129376888275,1,ham10000,ISIC_0032229,nv,HAM_0002849
0,0.43644821643829346,1,ham10000,ISIC_0024638,nv,HAM_0002850
0,0.11810014396905899,0,ham10000,ISIC_0026915,nv,HAM_0002851
0,0.3654181659221649,1,ham10000,ISIC_0031530,nv,HAM_0002852
0,0.2681959271430969,1,ham10000,ISIC_0027429,nv,HAM_0002853
0,0.17464785277843475,0,ham10000,ISIC_0031673,nv,HAM_0002854
0,0.16528771817684174,0,ham10000,ISIC_0026116,nv,HAM_0002855
0,0.29197388887405396,1,ham10000,ISIC_0028154,nv,HAM_0002856
0,0.14717571437358856,0,ham10000,ISIC_0024528,nv,HAM_0002857
0,0.3041897416114807,1,ham10000,ISIC_0029990,nv,HAM_0002858
0,0.26228266954421997,1,ham10000,ISIC_0025119,nv,HAM_0002859
0,0.3513677418231964,1,ham10000,ISIC_0030027,nv,HAM_0002860
0,0.23179389536380768,0,ham10000,ISIC_0031462,nv,HAM_0002861
0,0.40018990635871887,1,ham10000,ISIC_0024769,nv,HAM_0002863
0,0.21298524737358093,0,ham10000,ISIC_0025176,nv,HAM_0002864
0,0.35832396149635315,1,ham10000,ISIC_0031708,nv,HAM_0002865
0,0.3554770350456238,1,ham10000,ISIC_0029411,nv,HAM_0002866
1,0.47652333974838257,1,ham10000,ISIC_0033084,akiec,HAM_0002867
0,0.2623804211616516,1,ham10000,ISIC_0031998,nv,HAM_0002868
1,0.29685136675834656,1,ham10000,ISIC_0024313,mel,HAM_0002869
0,0.25323382019996643,1,ham10000,ISIC_0027267,nv,HAM_0002870
0,0.15712226927280426,0,ham10000,ISIC_0027044,df,HAM_0002871
0,0.22407883405685425,0,ham10000,ISIC_0026164,nv,HAM_0002872
0,0.3721262216567993,1,ham10000,ISIC_0026412,nv,HAM_0002873
0,0.17623180150985718,0,ham10000,ISIC_0033707,nv,HAM_0002874
0,0.2463967204093933,1,ham10000,ISIC_0032050,nv,HAM_0002875
0,0.5187663435935974,1,ham10000,ISIC_0033082,nv,HAM_0002876
0,0.43215805292129517,1,ham10000,ISIC_0030435,nv,HAM_0002877
0,0.3994010090827942,1,ham10000,ISIC_0032640,nv,HAM_0002878
0,0.23354803025722504,1,ham10000,ISIC_0025693,bkl,HAM_0002879
0,0.2126031219959259,0,ham10000,ISIC_0029691,nv,HAM_0002880
0,0.24312184751033783,1,ham10000,ISIC_0026328,nv,HAM_0002881
1,0.468798965215683,1,ham10000,ISIC_0026014,akiec,HAM_0002882
0,0.11085595190525055,0,ham10000,ISIC_0030071,nv,HAM_0002883
0,0.2337900549173355,1,ham10000,ISIC_0028251,nv,HAM_0002884
0,0.34881851077079773,1,ham10000,ISIC_0026386,nv,HAM_0002885
0,0.22458285093307495,0,ham10000,ISIC_0032089,nv,HAM_0002887
0,0.15662726759910583,0,ham10000,ISIC_0025571,nv,HAM_0002888
0,0.42421966791152954,1,ham10000,ISIC_0030774,nv,HAM_0002889
0,0.41411522030830383,1,ham10000,ISIC_0032704,nv,HAM_0002890
0,0.32152989506721497,1,ham10000,ISIC_0028906,nv,HAM_0002891
0,0.09369076043367386,0,ham10000,ISIC_0032469,nv,HAM_0002892
0,0.36915963888168335,1,ham10000,ISIC_0025037,nv,HAM_0002893
0,0.6236753463745117,1,ham10000,ISIC_0033056,bkl,HAM_0002894
0,0.44673189520835876,1,ham10000,ISIC_0029578,df,HAM_0002895
0,0.24983493983745575,1,ham10000,ISIC_0030235,nv,HAM_0002896
1,0.338779479265213,1,ham10000,ISIC_0030552,mel,HAM_0002897
0,0.21478372812271118,0,ham10000,ISIC_0033179,nv,HAM_0002898
0,0.35795408487319946,1,ham10000,ISIC_0026601,nv,HAM_0002899
0,0.1825505942106247,0,ham10000,ISIC_0024985,nv,HAM_0002900
0,0.23834609985351562,1,ham10000,ISIC_0028722,nv,HAM_0002901
0,0.23529480397701263,1,ham10000,ISIC_0026443,bkl,HAM_0002902
0,0.3244887888431549,1,ham10000,ISIC_0024774,bkl,HAM_0002903
0,0.2705768942832947,1,ham10000,ISIC_0027213,nv,HAM_0002904
0,0.1422913372516632,0,ham10000,ISIC_0029026,nv,HAM_0002905
1,0.41089579463005066,1,ham10000,ISIC_0026604,mel,HAM_0002906
0,0.5365028977394104,1,ham10000,ISIC_0029730,nv,HAM_0002907
0,0.4146280586719513,1,ham10000,ISIC_0032650,nv,HAM_0002908
0,0.5885984897613525,1,ham10000,ISIC_0032642,df,HAM_0002909
0,0.3266790807247162,1,ham10000,ISIC_0031010,nv,HAM_0002910
1,0.25323522090911865,1,ham10000,ISIC_0029272,mel,HAM_0002911
0,0.5542349815368652,1,ham10000,ISIC_0028958,bkl,HAM_0002912
0,0.3993400037288666,1,ham10000,ISIC_0025070,nv,HAM_0002913
0,0.7923741936683655,1,ham10000,ISIC_0024904,vasc,HAM_0002914
0,0.31304895877838135,1,ham10000,ISIC_0034009,nv,HAM_0002915
0,0.27606409788131714,1,ham10000,ISIC_0030581,nv,HAM_0002916
0,0.25465989112854004,1,ham10000,ISIC_0032506,nv,HAM_0002917
0,0.3692243695259094,1,ham10000,ISIC_0031704,nv,HAM_0002918
0,0.28424593806266785,1,ham10000,ISIC_0028518,nv,HAM_0002919
0,0.14619044959545135,0,ham10000,ISIC_0031205,nv,HAM_0002920
0,0.37028664350509644,1,ham10000,ISIC_0029308,bkl,HAM_0002921
0,0.15073351562023163,0,ham10000,ISIC_0027625,nv,HAM_0002922
0,0.4428742229938507,1,ham10000,ISIC_0032992,nv,HAM_0002923
0,0.1519448608160019,0,ham10000,ISIC_0030682,nv,HAM_0002924
0,0.2601395547389984,1,ham10000,ISIC_0025338,nv,HAM_0002925
0,0.22799581289291382,0,ham10000,ISIC_0030831,nv,HAM_0002926
0,0.39551785588264465,1,ham10000,ISIC_0028012,nv,HAM_0002927
0,0.35333767533302307,1,ham10000,ISIC_0032665,bkl,HAM_0002928
0,0.4051350951194763,1,ham10000,ISIC_0032068,nv,HAM_0002929
0,0.2906396687030792,1,ham10000,ISIC_0026994,nv,HAM_0002930
0,0.38087210059165955,1,ham10000,ISIC_0028427,nv,HAM_0002931
0,0.14937548339366913,0,ham10000,ISIC_0027841,nv,HAM_0002932
0,0.25612568855285645,1,ham10000,ISIC_0024494,bkl,HAM_0002933
1,0.23664924502372742,1,ham10000,ISIC_0025031,bcc,HAM_0002934
0,0.14329718053340912,0,ham10000,ISIC_0024670,nv,HAM_0002935
0,0.2288641780614853,0,ham10000,ISIC_0024380,nv,HAM_0002936
0,0.2875579297542572,1,ham10000,ISIC_0029478,nv,HAM_0002937
0,0.27882373332977295,1,ham10000,ISIC_0025580,nv,HAM_0002938
1,0.4000823497772217,1,ham10000,ISIC_0032888,mel,HAM_0002939
0,0.20228829979896545,0,ham10000,ISIC_0024791,nv,HAM_0002940
0,0.18159779906272888,0,ham10000,ISIC_0031028,nv,HAM_0002941
0,0.12318427860736847,0,ham10000,ISIC_0027911,nv,HAM_0002942
0,0.19069069623947144,0,ham10000,ISIC_0026054,nv,HAM_0002943
0,0.18195581436157227,0,ham10000,ISIC_0028135,nv,HAM_0002944
0,0.14350202679634094,0,ham10000,ISIC_0029077,nv,HAM_0002945
0,0.223953515291214,0,ham10000,ISIC_0031663,nv,HAM_0002946
0,0.26817944645881653,1,ham10000,ISIC_0031589,nv,HAM_0002947
0,0.1627318412065506,0,ham10000,ISIC_0030927,nv,HAM_0002948
0,0.40314367413520813,1,ham10000,ISIC_0030761,nv,HAM_0002949
0,0.35929372906684875,1,ham10000,ISIC_0028176,nv,HAM_0002950
0,0.17787452042102814,0,ham10000,ISIC_0024341,nv,HAM_0002951
1,0.3841696083545685,1,ham10000,ISIC_0033518,mel,HAM_0002952
0,0.3341016471385956,1,ham10000,ISIC_0025126,nv,HAM_0002953
1,0.45391494035720825,1,ham10000,ISIC_0024329,akiec,HAM_0002954
1,0.5985075831413269,1,ham10000,ISIC_0029212,mel,HAM_0002955
1,0.43243733048439026,1,ham10000,ISIC_0032637,mel,HAM_0002956
0,0.46613115072250366,1,ham10000,ISIC_0025876,bkl,HAM_0002957
0,0.24865607917308807,1,ham10000,ISIC_0026088,nv,HAM_0002958
1,0.35709577798843384,1,ham10000,ISIC_0025362,bcc,HAM_0002959
0,0.20162759721279144,0,ham10000,ISIC_0024994,df,HAM_0002960
0,0.2139538675546646,0,ham10000,ISIC_0031947,nv,HAM_0002961
0,0.3204730153083801,1,ham10000,ISIC_0028331,bkl,HAM_0002962
0,0.35615280270576477,1,ham10000,ISIC_0032435,nv,HAM_0002963
0,0.32920005917549133,1,ham10000,ISIC_0024927,nv,HAM_0002964
0,0.3195398449897766,1,ham10000,ISIC_0026446,bkl,HAM_0002965
0,0.22033490240573883,0,ham10000,ISIC_0024509,nv,HAM_0002966
0,0.17195741832256317,0,ham10000,ISIC_0025380,nv,HAM_0002967
0,0.3475283682346344,1,ham10000,ISIC_0027446,nv,HAM_0002968
0,0.34978222846984863,1,ham10000,ISIC_0030913,nv,HAM_0002969
1,0.4396739602088928,1,ham10000,ISIC_0026930,mel,HAM_0002970
0,0.37999430298805237,1,ham10000,ISIC_0026425,nv,HAM_0002971
0,0.1575336456298828,0,ham10000,ISIC_0025430,nv,HAM_0002972
0,0.3427031338214874,1,ham10000,ISIC_0026140,nv,HAM_0002973
0,0.1354333907365799,0,ham10000,ISIC_0027553,nv,HAM_0002974
0,0.638859748840332,1,ham10000,ISIC_0026148,nv,HAM_0002975
0,0.3245999217033386,1,ham10000,ISIC_0026908,nv,HAM_0002976
0,0.3063375651836395,1,ham10000,ISIC_0025629,nv,HAM_0002977
0,0.1589963734149933,0,ham10000,ISIC_0030215,nv,HAM_0002978
0,0.30397552251815796,1,ham10000,ISIC_0025511,nv,HAM_0002979
0,0.2830003798007965,1,ham10000,ISIC_0030395,nv,HAM_0002980
1,0.4088527262210846,1,ham10000,ISIC_0026664,mel,HAM_0002981
0,0.23345589637756348,1,ham10000,ISIC_0031423,nv,HAM_0002982
1,0.6118010878562927,1,ham10000,ISIC_0029392,bcc,HAM_0002983
0,0.374902606010437,1,ham10000,ISIC_0024602,bkl,HAM_0002984
0,0.6031612157821655,1,ham10000,ISIC_0025063,bkl,HAM_0002985
0,0.24377214908599854,1,ham10000,ISIC_0028706,nv,HAM_0002986
0,0.19395427405834198,0,ham10000,ISIC_0030647,nv,HAM_0002987
0,0.28986304998397827,1,ham10000,ISIC_0025337,bkl,HAM_0002988
0,0.25275662541389465,1,ham10000,ISIC_0027378,nv,HAM_0002989
0,0.38467714190483093,1,ham10000,ISIC_0028437,nv,HAM_0002990
0,0.2863680422306061,1,ham10000,ISIC_0030502,nv,HAM_0002991
0,0.367291659116745,1,ham10000,ISIC_0024627,nv,HAM_0002992
1,0.41813644766807556,1,ham10000,ISIC_0032547,mel,HAM_0002993
0,0.2578572928905487,1,ham10000,ISIC_0027836,nv,HAM_0002994
0,0.23998990654945374,1,ham10000,ISIC_0028886,nv,HAM_0002995
0,0.2109973281621933,0,ham10000,ISIC_0025496,nv,HAM_0002996
0,0.24311485886573792,1,ham10000,ISIC_0029972,nv,HAM_0002997
1,0.173788383603096,0,ham10000,ISIC_0028928,bcc,HAM_0002998
0,0.298096239566803,1,ham10000,ISIC_0029844,nv,HAM_0002999
0,0.693372905254364,1,ham10000,ISIC_0025326,bkl,HAM_0003000
0,0.21702270209789276,0,ham10000,ISIC_0032514,bkl,HAM_0003001
0,0.4038136303424835,1,ham10000,ISIC_0032830,nv,HAM_0003002
0,0.4524700343608856,1,ham10000,ISIC_0033343,nv,HAM_0003003
0,0.3339311480522156,1,ham10000,ISIC_0028889,nv,HAM_0003004
0,0.40085333585739136,1,ham10000,ISIC_0028304,nv,HAM_0003005
0,0.21648849546909332,0,ham10000,ISIC_0032097,nv,HAM_0003006
0,0.24410489201545715,1,ham10000,ISIC_0025388,bkl,HAM_0003007
0,0.1893528401851654,0,ham10000,ISIC_0029729,nv,HAM_0003008
0,0.37458541989326477,1,ham10000,ISIC_0025569,nv,HAM_0003009
0,0.1629057675600052,0,ham10000,ISIC_0029924,bkl,HAM_0003010
0,0.5388246774673462,1,ham10000,ISIC_0030959,bkl,HAM_0003011
0,0.39088571071624756,1,ham10000,ISIC_0029375,nv,HAM_0003012
0,0.26324665546417236,1,ham10000,ISIC_0026800,nv,HAM_0003013
0,0.17695291340351105,0,ham10000,ISIC_0031542,bkl,HAM_0003014
0,0.4668147563934326,1,ham10000,ISIC_0025083,bkl,HAM_0003015
0,0.41023972630500793,1,ham10000,ISIC_0027097,nv,HAM_0003016
0,0.1649053394794464,0,ham10000,ISIC_0033535,nv,HAM_0003017
0,0.3338228166103363,1,ham10000,ISIC_0032639,nv,HAM_0003018
0,0.30372169613838196,1,ham10000,ISIC_0032001,nv,HAM_0003019
0,0.24541659653186798,1,ham10000,ISIC_0031579,nv,HAM_0003020
0,0.4816431999206543,1,ham10000,ISIC_0030005,bkl,HAM_0003021
0,0.1486539989709854,0,ham10000,ISIC_0025551,nv,HAM_0003022
0,0.4271015226840973,1,ham10000,ISIC_0031257,df,HAM_0003023
0,0.2701853811740875,1,ham10000,ISIC_0024768,nv,HAM_0003024
0,0.2614574730396271,1,ham10000,ISIC_0027440,nv,HAM_0003025
0,0.274546355009079,1,ham10000,ISIC_0030416,nv,HAM_0003026
0,0.36329349875450134,1,ham10000,ISIC_0025355,nv,HAM_0003027
0,0.32033514976501465,1,ham10000,ISIC_0031870,nv,HAM_0003028
0,0.29954302310943604,1,ham10000,ISIC_0025685,nv,HAM_0003029
0,0.43470245599746704,1,ham10000,ISIC_0028876,bkl,HAM_0003030
1,0.677879273891449,1,ham10000,ISIC_0030445,mel,HAM_0003031
0,0.32654139399528503,1,ham10000,ISIC_0028789,nv,HAM_0003032
0,0.3173888921737671,1,ham10000,ISIC_0025165,nv,HAM_0003033
0,0.1537197232246399,0,ham10000,ISIC_0033187,nv,HAM_0003034
0,0.43616247177124023,1,ham10000,ISIC_0024617,nv,HAM_0003035
0,0.21167981624603271,0,ham10000,ISIC_0030917,nv,HAM_0003036
0,0.44125282764434814,1,ham10000,ISIC_0026036,nv,HAM_0003038
1,0.5096333026885986,1,ham10000,ISIC_0026350,bcc,HAM_0003039
0,0.3035086989402771,1,ham10000,ISIC_0028170,nv,HAM_0003040
0,0.32509884238243103,1,ham10000,ISIC_0024558,nv,HAM_0003041
0,0.36224985122680664,1,ham10000,ISIC_0031282,nv,HAM_0003042
1,0.11428912729024887,0,ham10000,ISIC_0030915,bcc,HAM_0003043
0,0.5534216165542603,1,ham10000,ISIC_0028544,nv,HAM_0003044
0,0.15135204792022705,0,ham10000,ISIC_0031071,nv,HAM_0003045
1,0.5109006762504578,1,ham10000,ISIC_0033257,bcc,HAM_0003046
0,0.34107691049575806,1,ham10000,ISIC_0026505,nv,HAM_0003047
0,0.19745570421218872,0,ham10000,ISIC_0030729,nv,HAM_0003048
0,0.3934406638145447,1,ham10000,ISIC_0027041,bkl,HAM_0003049
0,0.17740684747695923,0,ham10000,ISIC_0033659,bkl,HAM_0003050
1,0.32943519949913025,1,ham10000,ISIC_0030175,akiec,HAM_0003051
0,0.32675740122795105,1,ham10000,ISIC_0024796,nv,HAM_0003052
0,0.3689124584197998,1,ham10000,ISIC_0028824,nv,HAM_0003053
0,0.5764431953430176,1,ham10000,ISIC_0027945,nv,HAM_0003054
1,0.1860237419605255,0,ham10000,ISIC_0032420,mel,HAM_0003055
0,0.16772228479385376,0,ham10000,ISIC_0026684,nv,HAM_0003056
0,0.20536519587039948,0,ham10000,ISIC_0033026,nv,HAM_0003057
0,0.279690682888031,1,ham10000,ISIC_0028032,nv,HAM_0003058
0,0.2290433943271637,0,ham10000,ISIC_0032223,nv,HAM_0003059
0,0.37848642468452454,1,ham10000,ISIC_0027485,nv,HAM_0003060
0,0.34819626808166504,1,ham10000,ISIC_0032262,nv,HAM_0003061
0,0.34107425808906555,1,ham10000,ISIC_0024319,nv,HAM_0003062
0,0.1775766760110855,0,ham10000,ISIC_0027576,nv,HAM_0003063
0,0.282123863697052,1,ham10000,ISIC_0029966,nv,HAM_0003064
0,0.36145880818367004,1,ham10000,ISIC_0031879,nv,HAM_0003065
0,0.43476995825767517,1,ham10000,ISIC_0032084,nv,HAM_0003067
0,0.2428452968597412,1,ham10000,ISIC_0027344,bkl,HAM_0003069
0,0.40812286734580994,1,ham10000,ISIC_0032323,nv,HAM_0003070
0,0.3761138617992401,1,ham10000,ISIC_0026000,nv,HAM_0003071
1,0.6226613521575928,1,ham10000,ISIC_0032611,bcc,HAM_0003072
1,0.30903977155685425,1,ham10000,ISIC_0032836,mel,HAM_0003073
0,0.26001718640327454,1,ham10000,ISIC_0029816,nv,HAM_0003074
0,0.29564136266708374,1,ham10000,ISIC_0028553,nv,HAM_0003075
0,0.36667630076408386,1,ham10000,ISIC_0029062,bkl,HAM_0003076
0,0.3518271744251251,1,ham10000,ISIC_0031230,nv,HAM_0003077
0,0.46558237075805664,1,ham10000,ISIC_0025918,nv,HAM_0003078
0,0.3147428631782532,1,ham10000,ISIC_0032369,nv,HAM_0003079
0,0.29941079020500183,1,ham10000,ISIC_0024868,nv,HAM_0003080
0,0.4153926968574524,1,ham10000,ISIC_0033808,df,HAM_0003081
0,0.37391141057014465,1,ham10000,ISIC_0029579,nv,HAM_0003082
1,0.6393145322799683,1,ham10000,ISIC_0032604,mel,HAM_0003083
0,0.2168281227350235,0,ham10000,ISIC_0026191,nv,HAM_0003084
0,0.3094954490661621,1,ham10000,ISIC_0027809,nv,HAM_0003085
1,0.8403933644294739,1,ham10000,ISIC_0032349,akiec,HAM_0003086
0,0.3588123917579651,1,ham10000,ISIC_0028133,nv,HAM_0003087
0,0.2848195433616638,1,ham10000,ISIC_0029736,nv,HAM_0003088
0,0.4020903408527374,1,ham10000,ISIC_0030706,bkl,HAM_0003089
0,0.11103763431310654,0,ham10000,ISIC_0028020,bkl,HAM_0003090
0,0.32043805718421936,1,ham10000,ISIC_0027152,nv,HAM_0003091
0,0.20664949715137482,0,ham10000,ISIC_0027301,nv,HAM_0003092
0,0.25455769896507263,1,ham10000,ISIC_0025218,nv,HAM_0003093
1,0.8764049410820007,1,ham10000,ISIC_0027858,bcc,HAM_0003094
1,0.21284893155097961,0,ham10000,ISIC_0025755,mel,HAM_0003095
0,0.25239455699920654,1,ham10000,ISIC_0031793,nv,HAM_0003096
0,0.28531405329704285,1,ham10000,ISIC_0033181,nv,HAM_0003097
0,0.31672489643096924,1,ham10000,ISIC_0030498,nv,HAM_0003098
0,0.5641031265258789,1,ham10000,ISIC_0025734,nv,HAM_0003099
0,0.21529728174209595,0,ham10000,ISIC_0028976,nv,HAM_0003100
1,0.17912471294403076,0,ham10000,ISIC_0030094,bcc,HAM_0003101
1,0.1887436956167221,0,ham10000,ISIC_0025709,mel,HAM_0003102
0,0.19105806946754456,0,ham10000,ISIC_0031921,nv,HAM_0003103
1,0.5384491086006165,1,ham10000,ISIC_0025029,akiec,HAM_0003105
0,0.31055188179016113,1,ham10000,ISIC_0030420,nv,HAM_0003106
1,0.35565420985221863,1,ham10000,ISIC_0030844,akiec,HAM_0003107
0,0.29079559445381165,1,ham10000,ISIC_0027166,nv,HAM_0003108
0,0.19879791140556335,0,ham10000,ISIC_0028946,nv,HAM_0003109
0,0.4449065625667572,1,ham10000,ISIC_0026473,df,HAM_0003110
0,0.3866256773471832,1,ham10000,ISIC_0030495,nv,HAM_0003111
1,0.7258223295211792,1,ham10000,ISIC_0030233,bcc,HAM_0003112
0,0.36774230003356934,1,ham10000,ISIC_0024520,nv,HAM_0003113
0,0.29496610164642334,1,ham10000,ISIC_0032091,nv,HAM_0003114
1,0.20525874197483063,0,ham10000,ISIC_0030954,bcc,HAM_0003115
0,0.1569056361913681,0,ham10000,ISIC_0030453,nv,HAM_0003116
0,0.21653161942958832,0,ham10000,ISIC_0027917,nv,HAM_0003117
0,0.24238336086273193,1,ham10000,ISIC_0026483,nv,HAM_0003118
1,0.40440288186073303,1,ham10000,ISIC_0030737,bcc,HAM_0003119
0,0.33486977219581604,1,ham10000,ISIC_0028593,bkl,HAM_0003120
0,0.2034936249256134,0,ham10000,ISIC_0024347,nv,HAM_0003121
0,0.38968801498413086,1,ham10000,ISIC_0031069,nv,HAM_0003122
1,0.30399563908576965,1,ham10000,ISIC_0028232,akiec,HAM_0003123
0,0.26431843638420105,1,ham10000,ISIC_0031512,nv,HAM_0003124
0,0.19674800336360931,0,ham10000,ISIC_0025477,nv,HAM_0003125
0,0.3366389870643616,1,ham10000,ISIC_0029181,nv,HAM_0003126
0,0.320466548204422,1,ham10000,ISIC_0024658,nv,HAM_0003127
0,0.13507063686847687,0,ham10000,ISIC_0030660,nv,HAM_0003128
0,0.32859528064727783,1,ham10000,ISIC_0029195,bkl,HAM_0003129
0,0.2594718039035797,1,ham10000,ISIC_0032708,nv,HAM_0003130
0,0.3165251314640045,1,ham10000,ISIC_0025833,nv,HAM_0003131
0,0.20143476128578186,0,ham10000,ISIC_0029259,nv,HAM_0003132
0,0.3576751947402954,1,ham10000,ISIC_0032794,nv,HAM_0003133
0,0.205865740776062,0,ham10000,ISIC_0027001,nv,HAM_0003134
1,0.4305773973464966,1,ham10000,ISIC_0028107,bcc,HAM_0003135
1,0.4241349995136261,1,ham10000,ISIC_0026645,akiec,HAM_0003136
0,0.2702890634536743,1,ham10000,ISIC_0032770,nv,HAM_0003137
0,0.37296393513679504,1,ham10000,ISIC_0025706,nv,HAM_0003138
0,0.4030745327472687,1,ham10000,ISIC_0026063,nv,HAM_0003139
0,0.43029075860977173,1,ham10000,ISIC_0027037,bkl,HAM_0003140
1,0.3219655156135559,1,ham10000,ISIC_0031918,akiec,HAM_0003141
0,0.2841191291809082,1,ham10000,ISIC_0026956,nv,HAM_0003142
0,0.49411267042160034,1,ham10000,ISIC_0033555,nv,HAM_0003143
1,0.19336673617362976,0,ham10000,ISIC_0032135,akiec,HAM_0003144
0,0.40176141262054443,1,ham10000,ISIC_0026136,nv,HAM_0003145
1,0.5178861618041992,1,ham10000,ISIC_0026992,akiec,HAM_0003146
0,0.41018345952033997,1,ham10000,ISIC_0029168,nv,HAM_0003147
0,0.4141474664211273,1,ham10000,ISIC_0025353,nv,HAM_0003148
1,0.3722359538078308,1,ham10000,ISIC_0030246,mel,HAM_0003149
0,0.23035207390785217,0,ham10000,ISIC_0025213,nv,HAM_0003150
0,0.12374765425920486,0,ham10000,ISIC_0024556,nv,HAM_0003151
0,0.41085484623908997,1,ham10000,ISIC_0027996,bkl,HAM_0003152
0,0.14932487905025482,0,ham10000,ISIC_0025565,nv,HAM_0003153
0,0.36664116382598877,1,ham10000,ISIC_0031075,nv,HAM_0003154
0,0.2836012840270996,1,ham10000,ISIC_0028247,nv,HAM_0003155
0,0.2802635133266449,1,ham10000,ISIC_0026494,nv,HAM_0003156
1,0.5204886198043823,1,ham10000,ISIC_0029811,akiec,HAM_0003157
0,0.2641339600086212,1,ham10000,ISIC_0025456,nv,HAM_0003158
0,0.13469073176383972,0,ham10000,ISIC_0026108,nv,HAM_0003159
0,0.33868640661239624,1,ham10000,ISIC_0029587,nv,HAM_0003160
1,0.2527100145816803,1,ham10000,ISIC_0030191,akiec,HAM_0003161
0,0.40114209055900574,1,ham10000,ISIC_0032997,bkl,HAM_0003162
0,0.19222457706928253,0,ham10000,ISIC_0029327,nv,HAM_0003163
0,0.18612150847911835,0,ham10000,ISIC_0027897,nv,HAM_0003164
0,0.21503517031669617,0,ham10000,ISIC_0025856,bkl,HAM_0003165
0,0.11790657788515091,0,ham10000,ISIC_0030848,nv,HAM_0003166
1,0.3552927076816559,1,ham10000,ISIC_0024864,mel,HAM_0003167
0,0.2681949734687805,1,ham10000,ISIC_0026228,nv,HAM_0003168
0,0.1942186802625656,0,ham10000,ISIC_0028867,nv,HAM_0003169
0,0.3371487259864807,1,ham10000,ISIC_0029631,nv,HAM_0003170
1,0.2841259241104126,1,ham10000,ISIC_0025941,mel,HAM_0003171
1,0.33076217770576477,1,ham10000,ISIC_0025832,mel,HAM_0003172
0,0.42967739701271057,1,ham10000,ISIC_0032131,nv,HAM_0003173
1,0.42534339427948,1,ham10000,ISIC_0032873,mel,HAM_0003174
0,0.19065603613853455,0,ham10000,ISIC_0028145,nv,HAM_0003175
1,0.404913991689682,1,ham10000,ISIC_0028148,mel,HAM_0003176
1,0.1499737799167633,0,ham10000,ISIC_0031697,bcc,HAM_0003177
0,0.17317257821559906,0,ham10000,ISIC_0025713,nv,HAM_0003178
0,0.20465371012687683,0,ham10000,ISIC_0029108,bkl,HAM_0003179
0,0.26230448484420776,1,ham10000,ISIC_0031058,nv,HAM_0003180
0,0.2627018690109253,1,ham10000,ISIC_0033085,nv,HAM_0003181
1,0.26835036277770996,1,ham10000,ISIC_0027125,mel,HAM_0003182
0,0.3228536546230316,1,ham10000,ISIC_0027017,bkl,HAM_0003183
0,0.37904712557792664,1,ham10000,ISIC_0028844,nv,HAM_0003184
0,0.08626723289489746,0,ham10000,ISIC_0030430,nv,HAM_0003185
1,0.4745236933231354,1,ham10000,ISIC_0027297,bcc,HAM_0003186
0,0.16042111814022064,0,ham10000,ISIC_0025526,bkl,HAM_0003187
0,0.19547371566295624,0,ham10000,ISIC_0024730,nv,HAM_0003188
0,0.23444974422454834,1,ham10000,ISIC_0027324,nv,HAM_0003189
0,0.29923754930496216,1,ham10000,ISIC_0030571,nv,HAM_0003190
1,0.4228210747241974,1,ham10000,ISIC_0028050,bcc,HAM_0003191
0,0.30563250184059143,1,ham10000,ISIC_0030284,nv,HAM_0003192
0,0.3630779981613159,1,ham10000,ISIC_0032818,nv,HAM_0003193
1,0.3441345691680908,1,ham10000,ISIC_0026954,mel,HAM_0003194
1,0.2767324447631836,1,ham10000,ISIC_0025319,akiec,HAM_0003195
0,0.21794645488262177,0,ham10000,ISIC_0025475,nv,HAM_0003196
0,0.2738627791404724,1,ham10000,ISIC_0028668,nv,HAM_0003197
1,0.19604212045669556,0,ham10000,ISIC_0027759,bcc,HAM_0003198
0,0.10383205860853195,0,ham10000,ISIC_0027309,nv,HAM_0003199
0,0.32268983125686646,1,ham10000,ISIC_0030805,nv,HAM_0003200
0,0.3943205773830414,1,ham10000,ISIC_0030386,nv,HAM_0003201
1,0.4619610905647278,1,ham10000,ISIC_0032718,mel,HAM_0003202
0,0.33670198917388916,1,ham10000,ISIC_0029421,nv,HAM_0003203
0,0.1965116262435913,0,ham10000,ISIC_0028564,nv,HAM_0003204
0,0.3366442322731018,1,ham10000,ISIC_0031287,bkl,HAM_0003205
0,0.1315312385559082,0,ham10000,ISIC_0025199,bkl,HAM_0003206
0,0.4218466579914093,1,ham10000,ISIC_0024534,nv,HAM_0003207
0,0.4310041666030884,1,ham10000,ISIC_0033572,nv,HAM_0003208
0,0.3176942467689514,1,ham10000,ISIC_0031156,nv,HAM_0003209
0,0.37584197521209717,1,ham10000,ISIC_0030237,nv,HAM_0003210
0,0.2509060800075531,1,ham10000,ISIC_0029942,nv,HAM_0003211
1,0.6318342685699463,1,ham10000,ISIC_0024767,mel,HAM_0003212
0,0.2277364879846573,0,ham10000,ISIC_0031747,nv,HAM_0003213
0,0.2815762758255005,1,ham10000,ISIC_0028745,nv,HAM_0003214
0,0.3070933222770691,1,ham10000,ISIC_0027643,nv,HAM_0003215
1,0.41472935676574707,1,ham10000,ISIC_0034015,bcc,HAM_0003216
0,0.28884223103523254,1,ham10000,ISIC_0029888,nv,HAM_0003217
0,0.2289472222328186,0,ham10000,ISIC_0033305,bkl,HAM_0003218
0,0.2737678289413452,1,ham10000,ISIC_0024737,nv,HAM_0003219
1,0.6706111431121826,1,ham10000,ISIC_0034093,bcc,HAM_0003220
0,0.24182619154453278,1,ham10000,ISIC_0029104,nv,HAM_0003221
0,0.2256447672843933,0,ham10000,ISIC_0026382,nv,HAM_0003222
0,0.342500239610672,1,ham10000,ISIC_0024922,nv,HAM_0003223
1,0.39861276745796204,1,ham10000,ISIC_0029740,mel,HAM_0003225
0,0.23137116432189941,0,ham10000,ISIC_0029225,nv,HAM_0003226
0,0.4224761128425598,1,ham10000,ISIC_0029594,nv,HAM_0003227
0,0.2398914098739624,1,ham10000,ISIC_0027369,nv,HAM_0003228
1,0.20267637073993683,0,ham10000,ISIC_0031140,bcc,HAM_0003229
0,0.8275225162506104,1,ham10000,ISIC_0027640,nv,HAM_0003230
0,0.3929348886013031,1,ham10000,ISIC_0025028,nv,HAM_0003231
0,0.36864250898361206,1,ham10000,ISIC_0032448,nv,HAM_0003232
0,0.33517158031463623,1,ham10000,ISIC_0031571,nv,HAM_0003233
0,0.3515564501285553,1,ham10000,ISIC_0032467,nv,HAM_0003234
0,0.23569263517856598,1,ham10000,ISIC_0025001,nv,HAM_0003235
0,0.4144934415817261,1,ham10000,ISIC_0033025,nv,HAM_0003236
0,0.2467324137687683,1,ham10000,ISIC_0028595,nv,HAM_0003237
0,0.16837401688098907,0,ham10000,ISIC_0031157,nv,HAM_0003238
0,0.25781482458114624,1,ham10000,ISIC_0024533,nv,HAM_0003239
0,0.2691444158554077,1,ham10000,ISIC_0026387,nv,HAM_0003240
0,0.34256547689437866,1,ham10000,ISIC_0024908,nv,HAM_0003241
0,0.253095805644989,1,ham10000,ISIC_0031242,nv,HAM_0003242
0,0.3299664855003357,1,ham10000,ISIC_0026279,nv,HAM_0003243
0,0.4301583766937256,1,ham10000,ISIC_0027368,nv,HAM_0003244
0,0.23740524053573608,1,ham10000,ISIC_0025211,nv,HAM_0003245
0,0.1687067598104477,0,ham10000,ISIC_0029018,nv,HAM_0003246
0,0.27104172110557556,1,ham10000,ISIC_0026707,nv,HAM_0003247
0,0.15428902208805084,0,ham10000,ISIC_0025447,nv,HAM_0003248
0,0.34213900566101074,1,ham10000,ISIC_0025114,nv,HAM_0003249
0,0.2154790461063385,0,ham10000,ISIC_0031997,nv,HAM_0003250
0,0.28951743245124817,1,ham10000,ISIC_0025868,nv,HAM_0003251
0,0.36806178092956543,1,ham10000,ISIC_0029977,nv,HAM_0003252
0,0.293500691652298,1,ham10000,ISIC_0028998,nv,HAM_0003253
0,0.35916459560394287,1,ham10000,ISIC_0032478,nv,HAM_0003254
0,0.326469749212265,1,ham10000,ISIC_0026172,nv,HAM_0003255
1,0.3874465227127075,1,ham10000,ISIC_0028218,mel,HAM_0003256
0,0.37266993522644043,1,ham10000,ISIC_0024559,nv,HAM_0003257
0,0.1971706748008728,0,ham10000,ISIC_0026187,nv,HAM_0003258
0,0.22927041351795197,0,ham10000,ISIC_0032895,nv,HAM_0003259
0,0.35105735063552856,1,ham10000,ISIC_0029345,bkl,HAM_0003260
0,0.18669971823692322,0,ham10000,ISIC_0026031,nv,HAM_0003261
1,0.21334195137023926,0,ham10000,ISIC_0026212,akiec,HAM_0003262
0,0.22536402940750122,0,ham10000,ISIC_0028226,nv,HAM_0003263
0,0.3293638527393341,1,ham10000,ISIC_0027723,nv,HAM_0003264
0,0.2399749904870987,1,ham10000,ISIC_0025180,bkl,HAM_0003265
0,0.16387052834033966,0,ham10000,ISIC_0029468,nv,HAM_0003266
0,0.1826992630958557,0,ham10000,ISIC_0024991,nv,HAM_0003267
0,0.3277392089366913,1,ham10000,ISIC_0025572,nv,HAM_0003268
0,0.25983521342277527,1,ham10000,ISIC_0028904,nv,HAM_0003269
0,0.07282634824514389,0,ham10000,ISIC_0025764,nv,HAM_0003270
0,0.29725128412246704,1,ham10000,ISIC_0031850,nv,HAM_0003271
0,0.11163636296987534,0,ham10000,ISIC_0027979,nv,HAM_0003272
0,0.2399575561285019,1,ham10000,ISIC_0024536,nv,HAM_0003273
0,0.18884924054145813,0,ham10000,ISIC_0031348,nv,HAM_0003274
0,0.18213056027889252,0,ham10000,ISIC_0032116,bkl,HAM_0003275
0,0.5715617537498474,1,ham10000,ISIC_0024975,nv,HAM_0003276
0,0.24522151052951813,1,ham10000,ISIC_0026730,nv,HAM_0003277
0,0.35434046387672424,1,ham10000,ISIC_0026537,nv,HAM_0003278
0,0.17161457240581512,0,ham10000,ISIC_0030329,bkl,HAM_0003279
1,0.325664758682251,1,ham10000,ISIC_0032841,mel,HAM_0003280
0,0.17524519562721252,0,ham10000,ISIC_0031903,bkl,HAM_0003281
0,0.18325108289718628,0,ham10000,ISIC_0032474,nv,HAM_0003282
0,0.19503569602966309,0,ham10000,ISIC_0031469,nv,HAM_0003283
0,0.3873653709888458,1,ham10000,ISIC_0030894,nv,HAM_0003284
0,0.1938212513923645,0,ham10000,ISIC_0029907,nv,HAM_0003285
0,0.4230397045612335,1,ham10000,ISIC_0026846,bkl,HAM_0003287
0,0.15714919567108154,0,ham10000,ISIC_0032587,nv,HAM_0003288
0,0.2484033852815628,1,ham10000,ISIC_0031357,nv,HAM_0003289
0,0.6579554080963135,1,ham10000,ISIC_0030757,df,HAM_0003290
0,0.2884787321090698,1,ham10000,ISIC_0029428,nv,HAM_0003291
0,0.29818621277809143,1,ham10000,ISIC_0029173,nv,HAM_0003292
0,0.33667078614234924,1,ham10000,ISIC_0029010,bkl,HAM_0003293
0,0.2782953083515167,1,ham10000,ISIC_0028817,nv,HAM_0003294
0,0.28294751048088074,1,ham10000,ISIC_0026110,nv,HAM_0003295
0,0.35537973046302795,1,ham10000,ISIC_0024944,nv,HAM_0003296
0,0.2933662235736847,1,ham10000,ISIC_0024373,nv,HAM_0003297
0,0.21096131205558777,0,ham10000,ISIC_0031535,nv,HAM_0003298
0,0.20045563578605652,0,ham10000,ISIC_0025547,nv,HAM_0003299
0,0.16788245737552643,0,ham10000,ISIC_0034195,nv,HAM_0003300
0,0.23805703222751617,1,ham10000,ISIC_0025033,bkl,HAM_0003301
0,0.49425163865089417,1,ham10000,ISIC_0032434,nv,HAM_0003302
0,0.15218298137187958,0,ham10000,ISIC_0024597,nv,HAM_0003303
0,0.4228690564632416,1,ham10000,ISIC_0029367,nv,HAM_0003304
0,0.17400656640529633,0,ham10000,ISIC_0025172,nv,HAM_0003305
0,0.28497737646102905,1,ham10000,ISIC_0025259,nv,HAM_0003306
0,0.15848398208618164,0,ham10000,ISIC_0031147,nv,HAM_0003307
0,0.21102751791477203,0,ham10000,ISIC_0024615,nv,HAM_0003308
0,0.15472576022148132,0,ham10000,ISIC_0028403,nv,HAM_0003309
0,0.3767714202404022,1,ham10000,ISIC_0032952,nv,HAM_0003310
0,0.18018154799938202,0,ham10000,ISIC_0026452,nv,HAM_0003311
0,0.27694210410118103,1,ham10000,ISIC_0030516,nv,HAM_0003312
0,0.3601393699645996,1,ham10000,ISIC_0032107,nv,HAM_0003313
0,0.3524550795555115,1,ham10000,ISIC_0026470,nv,HAM_0003314
1,0.3313473165035248,1,ham10000,ISIC_0024481,mel,HAM_0003315
0,0.18680235743522644,0,ham10000,ISIC_0031472,nv,HAM_0003316
0,0.1173730120062828,0,ham10000,ISIC_0024435,bkl,HAM_0003317
0,0.5762742757797241,1,ham10000,ISIC_0031979,nv,HAM_0003318
0,0.16768977046012878,0,ham10000,ISIC_0026033,nv,HAM_0003319
0,0.23402050137519836,1,ham10000,ISIC_0030367,nv,HAM_0003320
0,0.1369527131319046,0,ham10000,ISIC_0032929,bkl,HAM_0003321
0,0.286052942276001,1,ham10000,ISIC_0028596,nv,HAM_0003322
0,0.2971096932888031,1,ham10000,ISIC_0031297,nv,HAM_0003323
0,0.3683598041534424,1,ham10000,ISIC_0024650,nv,HAM_0003324
0,0.2218068242073059,0,ham10000,ISIC_0034190,nv,HAM_0003325
0,0.34256991744041443,1,ham10000,ISIC_0025548,bkl,HAM_0003326
0,0.3824458122253418,1,ham10000,ISIC_0027312,nv,HAM_0003327
1,0.5224847197532654,1,ham10000,ISIC_0026453,bcc,HAM_0003328
0,0.28723523020744324,1,ham10000,ISIC_0031581,nv,HAM_0003329
1,0.4138159155845642,1,ham10000,ISIC_0028696,mel,HAM_0003330
0,0.40935319662094116,1,ham10000,ISIC_0027035,nv,HAM_0003331
0,0.17577879130840302,0,ham10000,ISIC_0028416,nv,HAM_0003332
0,0.16439615190029144,0,ham10000,ISIC_0028379,nv,HAM_0003333
0,0.34771522879600525,1,ham10000,ISIC_0030886,nv,HAM_0003334
1,0.35194382071495056,1,ham10000,ISIC_0032509,mel,HAM_0003335
0,0.17102518677711487,0,ham10000,ISIC_0030298,nv,HAM_0003336
0,0.20988315343856812,0,ham10000,ISIC_0024677,nv,HAM_0003337
0,0.16678059101104736,0,ham10000,ISIC_0029722,nv,HAM_0003338
0,0.15579523146152496,0,ham10000,ISIC_0030715,nv,HAM_0003339
0,0.315097838640213,1,ham10000,ISIC_0028507,nv,HAM_0003340
0,0.19074423611164093,0,ham10000,ISIC_0027212,nv,HAM_0003341
0,0.2640623450279236,1,ham10000,ISIC_0027726,nv,HAM_0003342
0,0.8308688402175903,1,ham10000,ISIC_0027861,nv,HAM_0003343
0,0.2641337811946869,1,ham10000,ISIC_0026399,nv,HAM_0003344
0,0.35559704899787903,1,ham10000,ISIC_0024718,nv,HAM_0003345
0,0.25157028436660767,1,ham10000,ISIC_0032714,nv,HAM_0003346
0,0.22135716676712036,0,ham10000,ISIC_0032416,nv,HAM_0003347
0,0.49510860443115234,1,ham10000,ISIC_0031799,df,HAM_0003348
0,0.28294816613197327,1,ham10000,ISIC_0028917,nv,HAM_0003349
1,0.6001046895980835,1,ham10000,ISIC_0024310,mel,HAM_0003350
1,0.47029855847358704,1,ham10000,ISIC_0033878,mel,HAM_0003351
0,0.35879459977149963,1,ham10000,ISIC_0032599,nv,HAM_0003352
0,0.3917478024959564,1,ham10000,ISIC_0025162,nv,HAM_0003353
1,0.5139304399490356,1,ham10000,ISIC_0032892,mel,HAM_0003354
0,0.20712783932685852,0,ham10000,ISIC_0029138,nv,HAM_0003355
0,0.22509688138961792,0,ham10000,ISIC_0032572,nv,HAM_0003356
0,0.2500550448894501,1,ham10000,ISIC_0032912,nv,HAM_0003357
0,0.2013498842716217,0,ham10000,ISIC_0032939,nv,HAM_0003358
0,0.4301360547542572,1,ham10000,ISIC_0032979,nv,HAM_0003359
0,0.3073670566082001,1,ham10000,ISIC_0033140,nv,HAM_0003360
0,0.2652122378349304,1,ham10000,ISIC_0033234,nv,HAM_0003361
0,0.2877323627471924,1,ham10000,ISIC_0033313,nv,HAM_0003362
0,0.289531946182251,1,ham10000,ISIC_0033381,nv,HAM_0003363
0,0.46374115347862244,1,ham10000,ISIC_0033474,nv,HAM_0003364
0,0.18341314792633057,0,ham10000,ISIC_0033682,nv,HAM_0003365
0,0.3136439323425293,1,ham10000,ISIC_0033765,nv,HAM_0003366
0,0.21838495135307312,0,ham10000,ISIC_0033903,nv,HAM_0003367
0,0.19357410073280334,0,ham10000,ISIC_0034270,nv,HAM_0003368
0,0.24531622231006622,1,ham10000,ISIC_0032181,nv,HAM_0003369
0,0.2739325165748596,1,ham10000,ISIC_0032237,nv,HAM_0003370
0,0.32086682319641113,1,ham10000,ISIC_0030957,nv,HAM_0003371
0,0.2964513897895813,1,ham10000,ISIC_0028883,nv,HAM_0003372
1,0.49445483088493347,1,ham10000,ISIC_0024515,bcc,HAM_0003373
0,0.23432788252830505,1,ham10000,ISIC_0030265,nv,HAM_0003374
0,0.13310682773590088,0,ham10000,ISIC_0031422,nv,HAM_0003375
1,0.36007073521614075,1,ham10000,ISIC_0025394,mel,HAM_0003376
0,0.3611219525337219,1,ham10000,ISIC_0032085,nv,HAM_0003377
0,0.300784170627594,1,ham10000,ISIC_0027674,nv,HAM_0003378
0,0.40220823884010315,1,ham10000,ISIC_0030619,nv,HAM_0003379
1,0.23015998303890228,0,ham10000,ISIC_0024418,akiec,HAM_0003380
0,0.21167270839214325,0,ham10000,ISIC_0028862,nv,HAM_0003382
0,0.3630751371383667,1,ham10000,ISIC_0026594,nv,HAM_0003383
0,0.17168952524662018,0,ham10000,ISIC_0028438,nv,HAM_0003384
0,0.32874423265457153,1,ham10000,ISIC_0025839,nv,HAM_0003385
1,0.4273577034473419,1,ham10000,ISIC_0032662,mel,HAM_0003386
0,0.3126361072063446,1,ham10000,ISIC_0028524,nv,HAM_0003387
0,0.21411719918251038,0,ham10000,ISIC_0027176,nv,HAM_0003388
1,0.3548888862133026,1,ham10000,ISIC_0031122,bcc,HAM_0003389
0,0.3394628167152405,1,ham10000,ISIC_0024859,nv,HAM_0003390
0,0.2436695247888565,1,ham10000,ISIC_0030025,nv,HAM_0003391
0,0.17095057666301727,0,ham10000,ISIC_0030240,bkl,HAM_0003392
0,0.2622925937175751,1,ham10000,ISIC_0032113,bkl,HAM_0003393
0,0.4486376941204071,1,ham10000,ISIC_0029405,nv,HAM_0003394
0,0.37343984842300415,1,ham10000,ISIC_0030392,nv,HAM_0003395
0,0.2168053388595581,0,ham10000,ISIC_0031068,nv,HAM_0003396
0,0.1923513412475586,0,ham10000,ISIC_0027740,nv,HAM_0003397
0,0.26601308584213257,1,ham10000,ISIC_0031888,bkl,HAM_0003398
0,0.3350846767425537,1,ham10000,ISIC_0028398,nv,HAM_0003399
1,0.3806956112384796,1,ham10000,ISIC_0026167,mel,HAM_0003400
1,0.39682212471961975,1,ham10000,ISIC_0029002,akiec,HAM_0003401
0,0.36775892972946167,1,ham10000,ISIC_0031409,nv,HAM_0003403
0,0.33383414149284363,1,ham10000,ISIC_0029797,nv,HAM_0003404
0,0.22299402952194214,0,ham10000,ISIC_0024580,nv,HAM_0003405
0,0.27483490109443665,1,ham10000,ISIC_0030896,nv,HAM_0003406
0,0.40598762035369873,1,ham10000,ISIC_0026971,nv,HAM_0003407
0,0.4451018273830414,1,ham10000,ISIC_0031942,nv,HAM_0003408
0,0.3599112331867218,1,ham10000,ISIC_0025913,nv,HAM_0003409
0,0.4003749489784241,1,ham10000,ISIC_0024635,bkl,HAM_0003410
0,0.10530097037553787,0,ham10000,ISIC_0024346,nv,HAM_0003411
0,0.24613651633262634,1,ham10000,ISIC_0026241,nv,HAM_0003412
0,0.3409543037414551,1,ham10000,ISIC_0030969,nv,HAM_0003413
0,0.34063541889190674,1,ham10000,ISIC_0027944,nv,HAM_0003414
0,0.15387128293514252,0,ham10000,ISIC_0027789,nv,HAM_0003415
0,0.20427864789962769,0,ham10000,ISIC_0030379,nv,HAM_0003416
0,0.3665063679218292,1,ham10000,ISIC_0027891,nv,HAM_0003417
0,0.23758426308631897,1,ham10000,ISIC_0033182,nv,HAM_0003418
0,0.5023775100708008,1,ham10000,ISIC_0026097,nv,HAM_0003419
0,0.2986164391040802,1,ham10000,ISIC_0024748,bkl,HAM_0003420
1,0.20535776019096375,0,ham10000,ISIC_0033470,mel,HAM_0003421
1,0.30557945370674133,1,ham10000,ISIC_0031198,akiec,HAM_0003422
0,0.17178092896938324,0,ham10000,ISIC_0028344,nv,HAM_0003423
0,0.40078866481781006,1,ham10000,ISIC_0033451,nv,HAM_0003424
0,0.3868134319782257,1,ham10000,ISIC_0031434,nv,HAM_0003425
0,0.3441278636455536,1,ham10000,ISIC_0026959,bkl,HAM_0003426
1,0.29904547333717346,1,ham10000,ISIC_0032959,bcc,HAM_0003427
1,0.16300028562545776,0,ham10000,ISIC_0024652,mel,HAM_0003428
1,0.36844131350517273,1,ham10000,ISIC_0024673,bcc,HAM_0003429
0,0.32730889320373535,1,ham10000,ISIC_0025271,nv,HAM_0003430
0,0.13352607190608978,0,ham10000,ISIC_0031847,nv,HAM_0003431
0,0.1984872668981552,0,ham10000,ISIC_0027962,nv,HAM_0003432
0,0.16967518627643585,0,ham10000,ISIC_0029483,nv,HAM_0003433
0,0.18643701076507568,0,ham10000,ISIC_0028608,nv,HAM_0003434
1,0.4456709623336792,1,ham10000,ISIC_0031350,mel,HAM_0003435
0,0.12895481288433075,0,ham10000,ISIC_0027940,nv,HAM_0003436
0,0.25270146131515503,1,ham10000,ISIC_0031151,nv,HAM_0003438
1,0.4804576635360718,1,ham10000,ISIC_0033050,mel,HAM_0003439
0,0.11989138275384903,0,ham10000,ISIC_0026943,nv,HAM_0003440
0,0.4085158109664917,1,ham10000,ISIC_0032673,nv,HAM_0003441
0,0.31703314185142517,1,ham10000,ISIC_0027929,nv,HAM_0003442
0,0.3079289197921753,1,ham10000,ISIC_0032485,nv,HAM_0003443
1,0.11856552958488464,0,ham10000,ISIC_0027120,bcc,HAM_0003444
1,0.5386837720870972,1,ham10000,ISIC_0026229,mel,HAM_0003445
0,0.2055530548095703,0,ham10000,ISIC_0027201,nv,HAM_0003446
0,0.410066694021225,1,ham10000,ISIC_0032703,nv,HAM_0003447
1,0.9410672783851624,1,ham10000,ISIC_0026158,mel,HAM_0003448
1,0.5370987057685852,1,ham10000,ISIC_0027263,mel,HAM_0003449
0,0.26663488149642944,1,ham10000,ISIC_0027746,nv,HAM_0003450
0,0.5037813186645508,1,ham10000,ISIC_0027098,nv,HAM_0003451
0,0.24764014780521393,1,ham10000,ISIC_0028920,bkl,HAM_0003452
0,0.26341238617897034,1,ham10000,ISIC_0031508,nv,HAM_0003453
0,0.17844994366168976,0,ham10000,ISIC_0031764,nv,HAM_0003454
1,0.17545545101165771,0,ham10000,ISIC_0027896,akiec,HAM_0003455
0,0.3911464810371399,1,ham10000,ISIC_0025077,nv,HAM_0003456
0,0.2444671094417572,1,ham10000,ISIC_0024887,nv,HAM_0003457
0,0.4374665915966034,1,ham10000,ISIC_0024623,bkl,HAM_0003458
0,0.2815515398979187,1,ham10000,ISIC_0025697,nv,HAM_0003459
0,0.38464099168777466,1,ham10000,ISIC_0032577,nv,HAM_0003460
0,0.14301283657550812,0,ham10000,ISIC_0027833,nv,HAM_0003461
0,0.3885776400566101,1,ham10000,ISIC_0025239,nv,HAM_0003462
0,0.48754727840423584,1,ham10000,ISIC_0031388,nv,HAM_0003463
0,0.23800380527973175,1,ham10000,ISIC_0031715,nv,HAM_0003464
0,0.2824716567993164,1,ham10000,ISIC_0024368,nv,HAM_0003465
1,0.5960184931755066,1,ham10000,ISIC_0033038,mel,HAM_0003466
0,0.13806147873401642,0,ham10000,ISIC_0031089,nv,HAM_0003467
0,0.17095689475536346,0,ham10000,ISIC_0025641,nv,HAM_0003468
0,0.3138214945793152,1,ham10000,ISIC_0031636,nv,HAM_0003469
0,0.15145860612392426,0,ham10000,ISIC_0025979,nv,HAM_0003470
0,0.3476783037185669,1,ham10000,ISIC_0025284,nv,HAM_0003471
0,0.2880518138408661,1,ham10000,ISIC_0024417,nv,HAM_0003473
0,0.35736021399497986,1,ham10000,ISIC_0025212,nv,HAM_0003474
0,0.266832560300827,1,ham10000,ISIC_0029825,nv,HAM_0003475
0,0.26036959886550903,1,ham10000,ISIC_0028972,bkl,HAM_0003476
0,0.2338392287492752,1,ham10000,ISIC_0029207,nv,HAM_0003477
0,0.1819177120923996,0,ham10000,ISIC_0027493,nv,HAM_0003478
0,0.23657642304897308,1,ham10000,ISIC_0030857,nv,HAM_0003479
0,0.35867151618003845,1,ham10000,ISIC_0031996,vasc,HAM_0003480
0,0.3745267689228058,1,ham10000,ISIC_0029050,nv,HAM_0003481
0,0.39520716667175293,1,ham10000,ISIC_0025150,nv,HAM_0003482
0,0.3026469051837921,1,ham10000,ISIC_0025501,nv,HAM_0003483
1,0.28359121084213257,1,ham10000,ISIC_0028003,mel,HAM_0003484
0,0.3221414387226105,1,ham10000,ISIC_0031968,nv,HAM_0003485
0,0.41102099418640137,1,ham10000,ISIC_0029494,nv,HAM_0003486
0,0.49096107482910156,1,ham10000,ISIC_0024845,df,HAM_0003487
0,0.3860025703907013,1,ham10000,ISIC_0028630,nv,HAM_0003488
0,0.27077656984329224,1,ham10000,ISIC_0032275,nv,HAM_0003489
0,0.4429903030395508,1,ham10000,ISIC_0031162,nv,HAM_0003490
0,0.18756796419620514,0,ham10000,ISIC_0026123,nv,HAM_0003491
0,0.22588373720645905,0,ham10000,ISIC_0029228,nv,HAM_0003492
0,0.2768072187900543,1,ham10000,ISIC_0028322,nv,HAM_0003493
0,0.4229602515697479,1,ham10000,ISIC_0031347,nv,HAM_0003494
1,0.3183490037918091,1,ham10000,ISIC_0032869,mel,HAM_0003495
0,0.29133281111717224,1,ham10000,ISIC_0027308,nv,HAM_0003496
1,0.4224402904510498,1,ham10000,ISIC_0030970,mel,HAM_0003497
0,0.2874366343021393,1,ham10000,ISIC_0024609,nv,HAM_0003498
0,0.12929555773735046,0,ham10000,ISIC_0031516,nv,HAM_0003499
0,0.3095996677875519,1,ham10000,ISIC_0025917,nv,HAM_0003500
1,0.25804781913757324,1,ham10000,ISIC_0026927,akiec,HAM_0003501
0,0.34783264994621277,1,ham10000,ISIC_0027290,nv,HAM_0003502
0,0.2716476619243622,1,ham10000,ISIC_0027555,nv,HAM_0003503
1,0.2003786414861679,0,ham10000,ISIC_0026823,mel,HAM_0003504
0,0.3252241909503937,1,ham10000,ISIC_0033032,nv,HAM_0003505
1,0.38758811354637146,1,ham10000,ISIC_0033336,mel,HAM_0003506
0,0.18911418318748474,0,ham10000,ISIC_0032710,nv,HAM_0003507
0,0.17014072835445404,0,ham10000,ISIC_0030319,bkl,HAM_0003508
1,0.3075868785381317,1,ham10000,ISIC_0027832,mel,HAM_0003509
0,0.3423578441143036,1,ham10000,ISIC_0031507,nv,HAM_0003510
0,0.1928345263004303,0,ham10000,ISIC_0024321,nv,HAM_0003511
0,0.22421251237392426,0,ham10000,ISIC_0032609,nv,HAM_0003512
0,0.21838659048080444,0,ham10000,ISIC_0030743,nv,HAM_0003513
0,0.14311619102954865,0,ham10000,ISIC_0030369,bkl,HAM_0003514
0,0.18595564365386963,0,ham10000,ISIC_0025862,nv,HAM_0003515
0,0.34947746992111206,1,ham10000,ISIC_0029540,nv,HAM_0003516
0,0.3301973044872284,1,ham10000,ISIC_0029798,nv,HAM_0003517
0,0.2572748064994812,1,ham10000,ISIC_0025498,nv,HAM_0003518
0,0.21645821630954742,0,ham10000,ISIC_0026627,nv,HAM_0003519
1,0.16478903591632843,0,ham10000,ISIC_0025724,mel,HAM_0003520
1,0.31459614634513855,1,ham10000,ISIC_0032220,mel,HAM_0003521
1,0.23909690976142883,1,ham10000,ISIC_0029013,mel,HAM_0003522
0,0.2040458470582962,0,ham10000,ISIC_0026179,nv,HAM_0003523
0,0.24364450573921204,1,ham10000,ISIC_0028779,nv,HAM_0003524
0,0.35879990458488464,1,ham10000,ISIC_0024653,nv,HAM_0003525
0,0.15752756595611572,0,ham10000,ISIC_0027070,nv,HAM_0003526
0,0.24935469031333923,1,ham10000,ISIC_0029874,nv,HAM_0003527
0,0.22895902395248413,0,ham10000,ISIC_0028575,nv,HAM_0003528
0,0.270107626914978,1,ham10000,ISIC_0029871,nv,HAM_0003529
1,0.39912551641464233,1,ham10000,ISIC_0030929,mel,HAM_0003530
1,0.4442875385284424,1,ham10000,ISIC_0031999,mel,HAM_0003531
0,0.34185847640037537,1,ham10000,ISIC_0026517,nv,HAM_0003532
0,0.27689361572265625,1,ham10000,ISIC_0030178,nv,HAM_0003533
1,0.29724228382110596,1,ham10000,ISIC_0028493,mel,HAM_0003534
0,0.32027116417884827,1,ham10000,ISIC_0033259,nv,HAM_0003535
0,0.10134613513946533,0,ham10000,ISIC_0028819,nv,HAM_0003536
0,0.22693109512329102,0,ham10000,ISIC_0029734,nv,HAM_0003537
0,0.34402933716773987,1,ham10000,ISIC_0031246,nv,HAM_0003538
0,0.3595336675643921,1,ham10000,ISIC_0025897,nv,HAM_0003539
0,0.3381930887699127,1,ham10000,ISIC_0029808,nv,HAM_0003540
0,0.515242338180542,1,ham10000,ISIC_0028426,nv,HAM_0003541
0,0.21197082102298737,0,ham10000,ISIC_0033506,nv,HAM_0003542
0,0.20681776106357574,0,ham10000,ISIC_0030040,nv,HAM_0003543
0,0.3117966055870056,1,ham10000,ISIC_0029718,nv,HAM_0003545
0,0.47537165880203247,1,ham10000,ISIC_0030006,nv,HAM_0003546
0,0.33909592032432556,1,ham10000,ISIC_0027921,nv,HAM_0003547
0,0.34353432059288025,1,ham10000,ISIC_0028480,nv,HAM_0003548
0,0.31949493288993835,1,ham10000,ISIC_0028741,nv,HAM_0003549
0,0.31959736347198486,1,ham10000,ISIC_0026334,nv,HAM_0003550
0,0.36657384037971497,1,ham10000,ISIC_0031800,nv,HAM_0003551
0,0.16695764660835266,0,ham10000,ISIC_0029084,nv,HAM_0003552
0,0.3998079001903534,1,ham10000,ISIC_0026469,nv,HAM_0003553
0,0.13916920125484467,0,ham10000,ISIC_0027494,nv,HAM_0003554
0,0.3595932722091675,1,ham10000,ISIC_0030321,df,HAM_0003555
1,0.3944185674190521,1,ham10000,ISIC_0033175,mel,HAM_0003556
0,0.3593358099460602,1,ham10000,ISIC_0026973,nv,HAM_0003557
1,0.25644370913505554,1,ham10000,ISIC_0025303,mel,HAM_0003558
0,0.21841643750667572,0,ham10000,ISIC_0025810,bkl,HAM_0003559
0,0.33469051122665405,1,ham10000,ISIC_0028136,nv,HAM_0003560
0,0.2683851718902588,1,ham10000,ISIC_0034154,nv,HAM_0003561
0,0.31491777300834656,1,ham10000,ISIC_0030544,nv,HAM_0003562
0,0.19884276390075684,0,ham10000,ISIC_0030075,nv,HAM_0003563
0,0.18384692072868347,0,ham10000,ISIC_0029294,nv,HAM_0003564
0,0.25027990341186523,1,ham10000,ISIC_0027289,nv,HAM_0003565
1,0.23918548226356506,1,ham10000,ISIC_0032684,mel,HAM_0003566
0,0.2118234783411026,0,ham10000,ISIC_0028895,nv,HAM_0003567
0,0.13039931654930115,0,ham10000,ISIC_0030675,nv,HAM_0003568
0,0.3397471010684967,1,ham10000,ISIC_0026955,bkl,HAM_0003569
0,0.24661992490291595,1,ham10000,ISIC_0024847,nv,HAM_0003570
0,0.3002675473690033,1,ham10000,ISIC_0026602,nv,HAM_0003571
0,0.18175318837165833,0,ham10000,ISIC_0029817,nv,HAM_0003572
0,0.2788238227367401,1,ham10000,ISIC_0026447,nv,HAM_0003573
0,0.19458474218845367,0,ham10000,ISIC_0024877,bkl,HAM_0003574
0,0.24499954283237457,1,ham10000,ISIC_0031548,nv,HAM_0003575
0,0.4279937744140625,1,ham10000,ISIC_0027106,nv,HAM_0003576
0,0.2677033841609955,1,ham10000,ISIC_0024307,nv,HAM_0003577
0,0.5851123929023743,1,ham10000,ISIC_0027242,nv,HAM_0003578
0,0.2270275503396988,0,ham10000,ISIC_0028042,nv,HAM_0003579
0,0.2683618366718292,1,ham10000,ISIC_0026030,nv,HAM_0003580
0,0.5125952959060669,1,ham10000,ISIC_0030051,nv,HAM_0003581
0,0.3896200358867645,1,ham10000,ISIC_0027332,bkl,HAM_0003582
0,0.23081816732883453,0,ham10000,ISIC_0026006,nv,HAM_0003583
0,0.33223846554756165,1,ham10000,ISIC_0029875,nv,HAM_0003584
0,0.491751104593277,1,ham10000,ISIC_0029583,nv,HAM_0003585
1,0.15487417578697205,0,ham10000,ISIC_0027678,akiec,HAM_0003586
1,0.261369526386261,1,ham10000,ISIC_0026870,mel,HAM_0003587
0,0.37183088064193726,1,ham10000,ISIC_0025232,nv,HAM_0003588
0,0.1571671962738037,0,ham10000,ISIC_0025403,nv,HAM_0003589
0,0.22592991590499878,0,ham10000,ISIC_0024916,nv,HAM_0003590
0,0.43612849712371826,1,ham10000,ISIC_0025788,nv,HAM_0003591
0,0.33336567878723145,1,ham10000,ISIC_0031416,nv,HAM_0003592
1,0.4612849950790405,1,ham10000,ISIC_0027478,bcc,HAM_0003593
0,0.18038944900035858,0,ham10000,ISIC_0027009,nv,HAM_0003594
0,0.14583395421504974,0,ham10000,ISIC_0027621,nv,HAM_0003595
1,0.4814922511577606,1,ham10000,ISIC_0032194,bcc,HAM_0003596
0,0.6151431798934937,1,ham10000,ISIC_0027488,df,HAM_0003597
0,0.19197435677051544,0,ham10000,ISIC_0028725,nv,HAM_0003598
0,0.24812781810760498,1,ham10000,ISIC_0029607,nv,HAM_0003599
1,0.3974875807762146,1,ham10000,ISIC_0031836,bcc,HAM_0003600
1,0.19926568865776062,0,ham10000,ISIC_0027507,mel,HAM_0003601
1,0.21532103419303894,0,ham10000,ISIC_0032533,mel,HAM_0003602
0,0.27299103140830994,1,ham10000,ISIC_0026795,nv,HAM_0003603
0,0.39174801111221313,1,ham10000,ISIC_0028125,nv,HAM_0003604
0,0.12237520515918732,0,ham10000,ISIC_0026895,bkl,HAM_0003605
0,0.22683389484882355,0,ham10000,ISIC_0032661,nv,HAM_0003606
0,0.380796879529953,1,ham10000,ISIC_0030648,nv,HAM_0003607
1,0.40151652693748474,1,ham10000,ISIC_0028228,mel,HAM_0003608
0,0.34040090441703796,1,ham10000,ISIC_0025729,nv,HAM_0003609
1,0.6434898972511292,1,ham10000,ISIC_0028937,bcc,HAM_0003610
0,0.10392927378416061,0,ham10000,ISIC_0031699,nv,HAM_0003611
0,0.33098918199539185,1,ham10000,ISIC_0024456,nv,HAM_0003612
0,0.5668415427207947,1,ham10000,ISIC_0030118,bkl,HAM_0003613
0,0.620165228843689,1,ham10000,ISIC_0032560,nv,HAM_0003614
0,0.4296005964279175,1,ham10000,ISIC_0029222,nv,HAM_0003615
0,0.13162930309772491,0,ham10000,ISIC_0025291,nv,HAM_0003616
1,0.2896781265735626,1,ham10000,ISIC_0029502,mel,HAM_0003617
0,0.1847204566001892,0,ham10000,ISIC_0028234,nv,HAM_0003618
0,0.19270512461662292,0,ham10000,ISIC_0025553,nv,HAM_0003619
1,0.5315302610397339,1,ham10000,ISIC_0032511,mel,HAM_0003620
0,0.44465675950050354,1,ham10000,ISIC_0030048,nv,HAM_0003621
1,0.1512291580438614,0,ham10000,ISIC_0027776,mel,HAM_0003622
0,0.5848087668418884,1,ham10000,ISIC_0032788,nv,HAM_0003623
0,0.3369261622428894,1,ham10000,ISIC_0025608,nv,HAM_0003624
1,0.326669842004776,1,ham10000,ISIC_0032875,mel,HAM_0003625
0,0.23192739486694336,0,ham10000,ISIC_0030288,nv,HAM_0003626
0,0.3577544093132019,1,ham10000,ISIC_0024855,nv,HAM_0003627
0,0.37943702936172485,1,ham10000,ISIC_0031324,nv,HAM_0003628
0,0.17506971955299377,0,ham10000,ISIC_0024978,nv,HAM_0003629
0,0.16549991071224213,0,ham10000,ISIC_0030538,nv,HAM_0003630
0,0.3793458938598633,1,ham10000,ISIC_0024779,nv,HAM_0003631
0,0.23048929870128632,0,ham10000,ISIC_0029274,nv,HAM_0003632
1,0.4578947126865387,1,ham10000,ISIC_0030280,akiec,HAM_0003633
0,0.3492228388786316,1,ham10000,ISIC_0033194,nv,HAM_0003634
0,0.3294811248779297,1,ham10000,ISIC_0024801,nv,HAM_0003635
0,0.3821120262145996,1,ham10000,ISIC_0027124,nv,HAM_0003636
0,0.1623052954673767,0,ham10000,ISIC_0029738,nv,HAM_0003637
0,0.14872083067893982,0,ham10000,ISIC_0031492,nv,HAM_0003638
0,0.6107000112533569,1,ham10000,ISIC_0028894,nv,HAM_0003639
0,0.2600104808807373,1,ham10000,ISIC_0027181,nv,HAM_0003640
0,0.19177962839603424,0,ham10000,ISIC_0027492,nv,HAM_0003642
0,0.1704384684562683,0,ham10000,ISIC_0027923,nv,HAM_0003643
0,0.29805535078048706,1,ham10000,ISIC_0030202,nv,HAM_0003644
0,0.38163092732429504,1,ham10000,ISIC_0024390,nv,HAM_0003645
0,0.3937574625015259,1,ham10000,ISIC_0026518,nv,HAM_0003646
0,0.45420682430267334,1,ham10000,ISIC_0028840,bkl,HAM_0003647
0,0.3708145022392273,1,ham10000,ISIC_0031730,nv,HAM_0003648
0,0.3925676941871643,1,ham10000,ISIC_0032946,nv,HAM_0003649
0,0.23559080064296722,1,ham10000,ISIC_0024995,nv,HAM_0003650
0,0.2266446053981781,0,ham10000,ISIC_0026252,nv,HAM_0003651
0,0.30358657240867615,1,ham10000,ISIC_0025784,nv,HAM_0003652
0,0.43419966101646423,1,ham10000,ISIC_0028534,nv,HAM_0003653
0,0.16413557529449463,0,ham10000,ISIC_0026283,nv,HAM_0003654
0,0.34531745314598083,1,ham10000,ISIC_0031305,nv,HAM_0003655
0,0.1953132003545761,0,ham10000,ISIC_0032213,nv,HAM_0003656
0,0.220884770154953,0,ham10000,ISIC_0026740,nv,HAM_0003657
0,0.37797024846076965,1,ham10000,ISIC_0026379,nv,HAM_0003658
0,0.45481106638908386,1,ham10000,ISIC_0033449,bkl,HAM_0003659
0,0.2643493711948395,1,ham10000,ISIC_0026667,nv,HAM_0003660
0,0.2602129280567169,1,ham10000,ISIC_0026910,nv,HAM_0003661
0,0.41551098227500916,1,ham10000,ISIC_0028757,nv,HAM_0003662
0,0.5255261659622192,1,ham10000,ISIC_0026403,nv,HAM_0003663
0,0.16376909613609314,0,ham10000,ISIC_0030533,bkl,HAM_0003664
0,0.2533983588218689,1,ham10000,ISIC_0030573,nv,HAM_0003665
0,0.3785226345062256,1,ham10000,ISIC_0029246,nv,HAM_0003666
0,0.3322550356388092,1,ham10000,ISIC_0025695,nv,HAM_0003667
0,0.4204740524291992,1,ham10000,ISIC_0024383,bkl,HAM_0003668
1,0.45291730761528015,1,ham10000,ISIC_0030096,bcc,HAM_0003669
0,0.442255437374115,1,ham10000,ISIC_0030105,bkl,HAM_0003670
0,0.1615162491798401,0,ham10000,ISIC_0029373,nv,HAM_0003671
0,0.21019436419010162,0,ham10000,ISIC_0030263,nv,HAM_0003672
0,0.2050073742866516,0,ham10000,ISIC_0030016,nv,HAM_0003673
0,0.1925293207168579,0,ham10000,ISIC_0028660,nv,HAM_0003674
0,0.6311702132225037,1,ham10000,ISIC_0028573,nv,HAM_0003675
0,0.17047502100467682,0,ham10000,ISIC_0032530,nv,HAM_0003676
0,0.36337748169898987,1,ham10000,ISIC_0029409,nv,HAM_0003677
0,0.25464776158332825,1,ham10000,ISIC_0026197,nv,HAM_0003678
1,0.6649720668792725,1,ham10000,ISIC_0032840,mel,HAM_0003679
1,0.3365998864173889,1,ham10000,ISIC_0024403,bcc,HAM_0003680
0,0.24698452651500702,1,ham10000,ISIC_0032907,nv,HAM_0003681
0,0.19369545578956604,0,ham10000,ISIC_0031630,bkl,HAM_0003682
1,0.34776055812835693,1,ham10000,ISIC_0027352,mel,HAM_0003683
0,0.60317462682724,1,ham10000,ISIC_0031385,nv,HAM_0003684
0,0.17346405982971191,0,ham10000,ISIC_0032292,nv,HAM_0003685
0,0.2419595569372177,1,ham10000,ISIC_0024870,nv,HAM_0003686
0,0.07896659523248672,0,ham10000,ISIC_0027515,nv,HAM_0003687
1,0.35544320940971375,1,ham10000,ISIC_0028231,akiec,HAM_0003688
0,0.294784814119339,1,ham10000,ISIC_0025874,bkl,HAM_0003689
1,0.4320211410522461,1,ham10000,ISIC_0033146,bcc,HAM_0003690
0,0.2929139733314514,1,ham10000,ISIC_0027428,bkl,HAM_0003691
0,0.35829272866249084,1,ham10000,ISIC_0027684,nv,HAM_0003692
0,0.24814502894878387,1,ham10000,ISIC_0030149,nv,HAM_0003693
1,0.4530388116836548,1,ham10000,ISIC_0028818,bcc,HAM_0003694
0,0.1620725691318512,0,ham10000,ISIC_0025679,nv,HAM_0003695
0,0.1919313371181488,0,ham10000,ISIC_0032945,nv,HAM_0003696
0,0.32398316264152527,1,ham10000,ISIC_0025438,nv,HAM_0003697
0,0.45001745223999023,1,ham10000,ISIC_0025518,nv,HAM_0003698
0,0.1441870480775833,0,ham10000,ISIC_0027397,nv,HAM_0003699
1,0.20455673336982727,0,ham10000,ISIC_0029606,mel,HAM_0003700
0,0.3499285578727722,1,ham10000,ISIC_0027191,nv,HAM_0003701
0,0.25242871046066284,1,ham10000,ISIC_0029800,nv,HAM_0003702
0,0.22788012027740479,0,ham10000,ISIC_0030468,nv,HAM_0003703
0,0.26201745867729187,1,ham10000,ISIC_0029463,nv,HAM_0003704
0,0.1814461201429367,0,ham10000,ISIC_0025263,nv,HAM_0003705
0,0.3218157887458801,1,ham10000,ISIC_0028099,nv,HAM_0003706
0,0.13140901923179626,0,ham10000,ISIC_0029528,nv,HAM_0003707
0,0.41583433747291565,1,ham10000,ISIC_0027232,nv,HAM_0003708
0,0.20883724093437195,0,ham10000,ISIC_0028483,nv,HAM_0003709
0,0.213466614484787,0,ham10000,ISIC_0031611,nv,HAM_0003710
0,0.07934293895959854,0,ham10000,ISIC_0024896,nv,HAM_0003711
0,0.3324303925037384,1,ham10000,ISIC_0024513,nv,HAM_0003712
0,0.1613570898771286,0,ham10000,ISIC_0032885,nv,HAM_0003713
0,0.3163030743598938,1,ham10000,ISIC_0026064,nv,HAM_0003714
0,0.33653056621551514,1,ham10000,ISIC_0026941,bkl,HAM_0003715
1,0.40653905272483826,1,ham10000,ISIC_0024897,bcc,HAM_0003716
0,0.3562721908092499,1,ham10000,ISIC_0030414,nv,HAM_0003717
0,0.29907575249671936,1,ham10000,ISIC_0025233,nv,HAM_0003718
0,0.3009272515773773,1,ham10000,ISIC_0028046,nv,HAM_0003719
0,0.3830636441707611,1,ham10000,ISIC_0029250,nv,HAM_0003720
0,0.3410578966140747,1,ham10000,ISIC_0029490,nv,HAM_0003721
0,0.1461561769247055,0,ham10000,ISIC_0030052,nv,HAM_0003722
0,0.3352526128292084,1,ham10000,ISIC_0025742,nv,HAM_0003723
0,0.39003387093544006,1,ham10000,ISIC_0025036,nv,HAM_0003724
0,0.10594968497753143,0,ham10000,ISIC_0027986,nv,HAM_0003725
0,0.4053908884525299,1,ham10000,ISIC_0028503,bkl,HAM_0003726
0,0.26533448696136475,1,ham10000,ISIC_0026404,nv,HAM_0003727
0,0.583015501499176,1,ham10000,ISIC_0033949,bkl,HAM_0003728
0,0.13186948001384735,0,ham10000,ISIC_0026234,nv,HAM_0003729
0,0.3439330756664276,1,ham10000,ISIC_0026431,nv,HAM_0003730
0,0.3166649639606476,1,ham10000,ISIC_0031680,nv,HAM_0003731
0,0.24102336168289185,1,ham10000,ISIC_0026710,nv,HAM_0003732
0,0.2109844982624054,0,ham10000,ISIC_0025448,nv,HAM_0003733
0,0.27766335010528564,1,ham10000,ISIC_0029767,nv,HAM_0003734
0,0.28202366828918457,1,ham10000,ISIC_0032512,nv,HAM_0003735
0,0.16430987417697906,0,ham10000,ISIC_0026373,nv,HAM_0003736
0,0.477107971906662,1,ham10000,ISIC_0024451,nv,HAM_0003737
1,0.8810681104660034,1,ham10000,ISIC_0031243,bcc,HAM_0003738
0,0.4090441167354584,1,ham10000,ISIC_0026675,bkl,HAM_0003739
0,0.2959411144256592,1,ham10000,ISIC_0026568,nv,HAM_0003740
1,0.6148450970649719,1,ham10000,ISIC_0028980,bcc,HAM_0003741
0,0.19928184151649475,0,ham10000,ISIC_0027150,nv,HAM_0003742
0,0.5253214836120605,1,ham10000,ISIC_0033592,bkl,HAM_0003743
0,0.3841487467288971,1,ham10000,ISIC_0032518,nv,HAM_0003744
0,0.36420321464538574,1,ham10000,ISIC_0029704,nv,HAM_0003745
0,0.22539643943309784,0,ham10000,ISIC_0030437,nv,HAM_0003746
0,0.3671271800994873,1,ham10000,ISIC_0026582,nv,HAM_0003747
0,0.38488394021987915,1,ham10000,ISIC_0031051,nv,HAM_0003748
1,0.3050997853279114,1,ham10000,ISIC_0025268,mel,HAM_0003749
0,0.3562372624874115,1,ham10000,ISIC_0028624,nv,HAM_0003750
0,0.486491322517395,1,ham10000,ISIC_0026302,nv,HAM_0003751
0,0.17725400626659393,0,ham10000,ISIC_0028308,bkl,HAM_0003752
0,0.26772722601890564,1,ham10000,ISIC_0031911,nv,HAM_0003753
0,0.17887865006923676,0,ham10000,ISIC_0028649,nv,HAM_0003754
0,0.2358180433511734,1,ham10000,ISIC_0033489,nv,HAM_0003755
0,0.24888116121292114,1,ham10000,ISIC_0030832,nv,HAM_0003756
0,0.238850936293602,1,ham10000,ISIC_0029233,bkl,HAM_0003757
0,0.4025140702724457,1,ham10000,ISIC_0028581,nv,HAM_0003758
1,0.19063982367515564,0,ham10000,ISIC_0032630,mel,HAM_0003759
0,0.17015092074871063,0,ham10000,ISIC_0032145,nv,HAM_0003760
1,0.3069053590297699,1,ham10000,ISIC_0025316,mel,HAM_0003761
0,0.3291912376880646,1,ham10000,ISIC_0024736,nv,HAM_0003762
0,0.21807071566581726,0,ham10000,ISIC_0029709,nv,HAM_0003763
1,0.5432236194610596,1,ham10000,ISIC_0028877,bcc,HAM_0003764
0,0.1990223526954651,0,ham10000,ISIC_0026538,bkl,HAM_0003766
0,0.15877030789852142,0,ham10000,ISIC_0024604,nv,HAM_0003767
0,0.19631733000278473,0,ham10000,ISIC_0026634,bkl,HAM_0003768
0,0.28395140171051025,1,ham10000,ISIC_0027692,nv,HAM_0003769
0,0.3499178886413574,1,ham10000,ISIC_0032877,bkl,HAM_0003770
0,0.23420864343643188,1,ham10000,ISIC_0025807,vasc,HAM_0003771
0,0.2144051343202591,0,ham10000,ISIC_0024379,nv,HAM_0003772
0,0.20551656186580658,0,ham10000,ISIC_0027952,nv,HAM_0003773
0,0.18683500587940216,0,ham10000,ISIC_0033144,nv,HAM_0003774
0,0.4218364655971527,1,ham10000,ISIC_0025347,nv,HAM_0003776
0,0.3884730637073517,1,ham10000,ISIC_0033118,nv,HAM_0003777
1,0.36368951201438904,1,ham10000,ISIC_0027337,bcc,HAM_0003778
0,0.35633549094200134,1,ham10000,ISIC_0024656,nv,HAM_0003779
0,0.3066607415676117,1,ham10000,ISIC_0027123,nv,HAM_0003780
0,0.2962808609008789,1,ham10000,ISIC_0026225,nv,HAM_0003781
1,0.7267982959747314,1,ham10000,ISIC_0027102,mel,HAM_0003782
0,0.18671615421772003,0,ham10000,ISIC_0024488,nv,HAM_0003783
0,0.290007084608078,1,ham10000,ISIC_0027965,nv,HAM_0003784
0,0.15688899159431458,0,ham10000,ISIC_0025776,nv,HAM_0003785
0,0.3844868242740631,1,ham10000,ISIC_0031590,nv,HAM_0003786
0,0.2902432978153229,1,ham10000,ISIC_0030630,bkl,HAM_0003787
0,0.42028170824050903,1,ham10000,ISIC_0026246,nv,HAM_0003788
0,0.2621067762374878,1,ham10000,ISIC_0024915,bkl,HAM_0003789
0,0.22974249720573425,0,ham10000,ISIC_0028131,nv,HAM_0003790
0,0.3854861259460449,1,ham10000,ISIC_0026893,bkl,HAM_0003791
0,0.27102404832839966,1,ham10000,ISIC_0029069,nv,HAM_0003792
0,0.1818332076072693,0,ham10000,ISIC_0025382,nv,HAM_0003793
0,0.4365038573741913,1,ham10000,ISIC_0029429,nv,HAM_0003794
0,0.2855602502822876,1,ham10000,ISIC_0028811,nv,HAM_0003795
0,0.2650497853755951,1,ham10000,ISIC_0030696,nv,HAM_0003796
0,0.22411812841892242,0,ham10000,ISIC_0024639,nv,HAM_0003797
0,0.23527537286281586,1,ham10000,ISIC_0030307,nv,HAM_0003798
0,0.2165534794330597,0,ham10000,ISIC_0031954,nv,HAM_0003799
0,0.5892924070358276,1,ham10000,ISIC_0026623,bkl,HAM_0003800
0,0.3335520327091217,1,ham10000,ISIC_0033718,nv,HAM_0003801
1,0.45483285188674927,1,ham10000,ISIC_0032308,mel,HAM_0003802
0,0.30913713574409485,1,ham10000,ISIC_0033083,nv,HAM_0003803
0,0.3160407543182373,1,ham10000,ISIC_0026617,nv,HAM_0003804
1,0.7486667037010193,1,ham10000,ISIC_0030446,bcc,HAM_0003805
0,0.36763250827789307,1,ham10000,ISIC_0028667,nv,HAM_0003806
0,0.39923572540283203,1,ham10000,ISIC_0032655,bkl,HAM_0003807
0,0.3339100182056427,1,ham10000,ISIC_0034040,bkl,HAM_0003808
0,0.114845409989357,0,ham10000,ISIC_0032402,nv,HAM_0003809
0,0.4207138419151306,1,ham10000,ISIC_0034309,nv,HAM_0003810
0,0.2849620282649994,1,ham10000,ISIC_0032900,nv,HAM_0003811
0,0.175606831908226,0,ham10000,ISIC_0033898,nv,HAM_0003812
0,0.14398425817489624,0,ham10000,ISIC_0033173,nv,HAM_0003813
0,0.22086578607559204,0,ham10000,ISIC_0032647,nv,HAM_0003814
0,0.22344771027565002,0,ham10000,ISIC_0024715,nv,HAM_0003815
0,0.15469342470169067,0,ham10000,ISIC_0029152,nv,HAM_0003816
0,0.2342565804719925,1,ham10000,ISIC_0032800,nv,HAM_0003817
0,0.2104198932647705,0,ham10000,ISIC_0033622,nv,HAM_0003818
0,0.2591647803783417,1,ham10000,ISIC_0027689,nv,HAM_0003819
0,0.3578769266605377,1,ham10000,ISIC_0029109,nv,HAM_0003820
0,0.21980910003185272,0,ham10000,ISIC_0026588,nv,HAM_0003821
0,0.3859414756298065,1,ham10000,ISIC_0030115,nv,HAM_0003822
0,0.18313919007778168,0,ham10000,ISIC_0027081,nv,HAM_0003823
0,0.32065439224243164,1,ham10000,ISIC_0032971,nv,HAM_0003824
0,0.18521705269813538,0,ham10000,ISIC_0030656,nv,HAM_0003825
1,0.5312207341194153,1,ham10000,ISIC_0026433,bcc,HAM_0003826
1,0.19690465927124023,0,ham10000,ISIC_0028350,bcc,HAM_0003827
0,0.3514292538166046,1,ham10000,ISIC_0029865,nv,HAM_0003828
0,0.3390743136405945,1,ham10000,ISIC_0026349,vasc,HAM_0003829
0,0.26745134592056274,1,ham10000,ISIC_0028496,bkl,HAM_0003830
0,0.19837193191051483,0,ham10000,ISIC_0026724,nv,HAM_0003831
1,0.23261338472366333,1,ham10000,ISIC_0024586,mel,HAM_0003832
0,0.3509201109409332,1,ham10000,ISIC_0025945,nv,HAM_0003833
0,0.37846070528030396,1,ham10000,ISIC_0030398,nv,HAM_0003834
0,0.23676928877830505,1,ham10000,ISIC_0024412,bkl,HAM_0003835
0,0.197783961892128,0,ham10000,ISIC_0031802,nv,HAM_0003836
0,0.20309582352638245,0,ham10000,ISIC_0028850,nv,HAM_0003837
0,0.5225107669830322,1,ham10000,ISIC_0028888,nv,HAM_0003838
0,0.5847812294960022,1,ham10000,ISIC_0026693,vasc,HAM_0003839
0,0.3658793568611145,1,ham10000,ISIC_0027801,bkl,HAM_0003840
0,0.39983442425727844,1,ham10000,ISIC_0028349,nv,HAM_0003841
0,0.23570524156093597,1,ham10000,ISIC_0027217,nv,HAM_0003842
1,0.572979211807251,1,ham10000,ISIC_0034036,mel,HAM_0003843
0,0.18429702520370483,0,ham10000,ISIC_0027169,nv,HAM_0003844
0,0.29129165410995483,1,ham10000,ISIC_0032829,bkl,HAM_0003845
1,0.19395248591899872,0,ham10000,ISIC_0028113,bcc,HAM_0003846
0,0.37957707047462463,1,ham10000,ISIC_0027053,bkl,HAM_0003847
0,0.5786439180374146,1,ham10000,ISIC_0027077,nv,HAM_0003848
0,0.15643276274204254,0,ham10000,ISIC_0027185,nv,HAM_0003849
0,0.3862946033477783,1,ham10000,ISIC_0027237,nv,HAM_0003850
1,0.47768738865852356,1,ham10000,ISIC_0031643,bcc,HAM_0003851
0,0.5387282371520996,1,ham10000,ISIC_0032542,nv,HAM_0003852
1,0.3468535244464874,1,ham10000,ISIC_0030644,bcc,HAM_0003853
0,0.28392767906188965,1,ham10000,ISIC_0031655,nv,HAM_0003854
0,0.07640980184078217,0,ham10000,ISIC_0028801,nv,HAM_0003855
0,0.208107590675354,0,ham10000,ISIC_0024760,bkl,HAM_0003856
0,0.41369307041168213,1,ham10000,ISIC_0028210,nv,HAM_0003857
0,0.13725979626178741,0,ham10000,ISIC_0031356,nv,HAM_0003858
0,0.18722185492515564,0,ham10000,ISIC_0027167,bkl,HAM_0003859
0,0.2834901809692383,1,ham10000,ISIC_0025669,nv,HAM_0003860
0,0.2452554702758789,1,ham10000,ISIC_0026951,nv,HAM_0003861
0,0.8166809678077698,1,ham10000,ISIC_0032775,vasc,HAM_0003862
0,0.32279372215270996,1,ham10000,ISIC_0027879,nv,HAM_0003863
0,0.12509794533252716,0,ham10000,ISIC_0029586,nv,HAM_0003864
0,0.27283331751823425,1,ham10000,ISIC_0032188,nv,HAM_0003865
1,0.3397692143917084,1,ham10000,ISIC_0024665,bcc,HAM_0003866
0,0.3782041072845459,1,ham10000,ISIC_0028425,nv,HAM_0003867
0,0.29085370898246765,1,ham10000,ISIC_0024708,bkl,HAM_0003868
1,0.3366375267505646,1,ham10000,ISIC_0025766,mel,HAM_0003869
0,0.20396293699741364,0,ham10000,ISIC_0024852,nv,HAM_0003870
0,0.17401616275310516,0,ham10000,ISIC_0031664,nv,HAM_0003871
0,0.17744006216526031,0,ham10000,ISIC_0028903,nv,HAM_0003872
0,0.3949586749076843,1,ham10000,ISIC_0024475,vasc,HAM_0003873
0,0.22632135450839996,0,ham10000,ISIC_0024809,nv,HAM_0003874
0,0.2240789532661438,0,ham10000,ISIC_0028955,nv,HAM_0003875
0,0.2861629128456116,1,ham10000,ISIC_0030481,nv,HAM_0003876
0,0.5411566495895386,1,ham10000,ISIC_0031537,bkl,HAM_0003877
0,0.095442034304142,0,ham10000,ISIC_0031072,nv,HAM_0003878
0,0.35410091280937195,1,ham10000,ISIC_0024894,nv,HAM_0003879
0,0.3571157157421112,1,ham10000,ISIC_0027508,nv,HAM_0003880
0,0.2328730970621109,1,ham10000,ISIC_0029061,bkl,HAM_0003881
0,0.346272349357605,1,ham10000,ISIC_0028266,nv,HAM_0003882
0,0.22049516439437866,0,ham10000,ISIC_0029112,nv,HAM_0003883
0,0.17506468296051025,0,ham10000,ISIC_0033605,nv,HAM_0003884
1,0.24609766900539398,1,ham10000,ISIC_0027560,mel,HAM_0003885
1,0.7118317484855652,1,ham10000,ISIC_0032857,bcc,HAM_0003887
0,0.2449386566877365,1,ham10000,ISIC_0028672,nv,HAM_0003888
0,0.3202197849750519,1,ham10000,ISIC_0026005,nv,HAM_0003889
0,0.15893003344535828,0,ham10000,ISIC_0028940,nv,HAM_0003890
0,0.3282742202281952,1,ham10000,ISIC_0028487,nv,HAM_0003891
0,0.187772735953331,0,ham10000,ISIC_0028045,nv,HAM_0003892
0,0.19453246891498566,0,ham10000,ISIC_0025560,nv,HAM_0003894
1,0.22617514431476593,0,ham10000,ISIC_0026203,akiec,HAM_0003895
0,0.4757789969444275,1,ham10000,ISIC_0030952,nv,HAM_0003896
0,0.3337640166282654,1,ham10000,ISIC_0025853,nv,HAM_0003897
0,0.3933841288089752,1,ham10000,ISIC_0028713,nv,HAM_0003898
0,0.3207623064517975,1,ham10000,ISIC_0029991,bkl,HAM_0003899
0,0.3901050090789795,1,ham10000,ISIC_0027868,nv,HAM_0003900
0,0.21493837237358093,0,ham10000,ISIC_0026931,nv,HAM_0003901
0,0.13208332657814026,0,ham10000,ISIC_0030313,nv,HAM_0003902
0,0.37794116139411926,1,ham10000,ISIC_0028536,nv,HAM_0003903
0,0.1980046182870865,0,ham10000,ISIC_0025871,nv,HAM_0003904
0,0.16355754435062408,0,ham10000,ISIC_0029275,nv,HAM_0003905
0,0.2891887128353119,1,ham10000,ISIC_0029955,nv,HAM_0003906
0,0.22525183856487274,0,ham10000,ISIC_0027587,nv,HAM_0003907
0,0.17967858910560608,0,ham10000,ISIC_0030854,nv,HAM_0003908
0,0.20602691173553467,0,ham10000,ISIC_0026935,nv,HAM_0003909
1,0.31488683819770813,1,ham10000,ISIC_0026194,akiec,HAM_0003910
0,0.29204806685447693,1,ham10000,ISIC_0030645,nv,HAM_0003911
0,0.23055562376976013,0,ham10000,ISIC_0028367,nv,HAM_0003912
0,0.29364222288131714,1,ham10000,ISIC_0027295,bkl,HAM_0003913
0,0.25161388516426086,1,ham10000,ISIC_0029300,nv,HAM_0003914
0,0.13525162637233734,0,ham10000,ISIC_0026850,nv,HAM_0003915
0,0.25074756145477295,1,ham10000,ISIC_0032370,nv,HAM_0003916
0,0.31955382227897644,1,ham10000,ISIC_0026814,nv,HAM_0003917
0,0.24023760855197906,1,ham10000,ISIC_0029127,nv,HAM_0003918
0,0.1789938062429428,0,ham10000,ISIC_0024781,nv,HAM_0003919
0,0.23280054330825806,1,ham10000,ISIC_0026351,bkl,HAM_0003920
0,0.3417920172214508,1,ham10000,ISIC_0025728,nv,HAM_0003921
0,0.29453399777412415,1,ham10000,ISIC_0027603,nv,HAM_0003922
0,0.15744639933109283,0,ham10000,ISIC_0025282,nv,HAM_0003923
0,0.3789651095867157,1,ham10000,ISIC_0030569,nv,HAM_0003924
0,0.35001423954963684,1,ham10000,ISIC_0031759,vasc,HAM_0003925
0,0.23689702153205872,1,ham10000,ISIC_0026422,bkl,HAM_0003926
0,0.1629076600074768,0,ham10000,ISIC_0032567,bkl,HAM_0003927
0,0.25666141510009766,1,ham10000,ISIC_0031755,nv,HAM_0003928
0,0.21612392365932465,0,ham10000,ISIC_0027792,nv,HAM_0003929
0,0.41201722621917725,1,ham10000,ISIC_0028221,nv,HAM_0003930
0,0.21828080713748932,0,ham10000,ISIC_0026007,nv,HAM_0003931
0,0.37419593334198,1,ham10000,ISIC_0026151,nv,HAM_0003932
0,0.36193156242370605,1,ham10000,ISIC_0029854,nv,HAM_0003933
1,0.4657345712184906,1,ham10000,ISIC_0027767,akiec,HAM_0003934
0,0.1508774757385254,0,ham10000,ISIC_0033782,nv,HAM_0003935
0,0.19341513514518738,0,ham10000,ISIC_0024576,nv,HAM_0003936
0,0.16460202634334564,0,ham10000,ISIC_0025309,nv,HAM_0003937
0,0.2876235842704773,1,ham10000,ISIC_0030231,bkl,HAM_0003938
1,0.2994917929172516,1,ham10000,ISIC_0027172,akiec,HAM_0003939
0,0.28771573305130005,1,ham10000,ISIC_0029803,nv,HAM_0003940
1,0.5077120065689087,1,ham10000,ISIC_0028419,bcc,HAM_0003941
0,0.3191557228565216,1,ham10000,ISIC_0029024,nv,HAM_0003942
0,0.2605336606502533,1,ham10000,ISIC_0025973,bkl,HAM_0003943
0,0.28830936551094055,1,ham10000,ISIC_0026672,nv,HAM_0003944
0,0.12694108486175537,0,ham10000,ISIC_0032528,nv,HAM_0003945
0,0.2196229100227356,0,ham10000,ISIC_0026991,nv,HAM_0003946
0,0.34061533212661743,1,ham10000,ISIC_0032551,nv,HAM_0003947
0,0.3509576618671417,1,ham10000,ISIC_0025806,nv,HAM_0003948
1,0.17973238229751587,0,ham10000,ISIC_0027254,akiec,HAM_0003949
0,0.21684260666370392,0,ham10000,ISIC_0026474,nv,HAM_0003950
0,0.25885099172592163,1,ham10000,ISIC_0024317,nv,HAM_0003951
0,0.31645727157592773,1,ham10000,ISIC_0031176,nv,HAM_0003952
0,0.1332058608531952,0,ham10000,ISIC_0027158,nv,HAM_0003953
0,0.24314089119434357,1,ham10000,ISIC_0031382,nv,HAM_0003954
0,0.18139298260211945,0,ham10000,ISIC_0026250,nv,HAM_0003955
0,0.11965109407901764,0,ham10000,ISIC_0030190,nv,HAM_0003956
1,0.2323511838912964,1,ham10000,ISIC_0030653,mel,HAM_0003957
0,0.3545798361301422,1,ham10000,ISIC_0027360,nv,HAM_0003958
0,0.3926829695701599,1,ham10000,ISIC_0029314,nv,HAM_0003959
0,0.3012886047363281,1,ham10000,ISIC_0026256,nv,HAM_0003960
0,0.33595460653305054,1,ham10000,ISIC_0026624,nv,HAM_0003961
0,0.3636685907840729,1,ham10000,ISIC_0027805,nv,HAM_0003962
0,0.43871650099754333,1,ham10000,ISIC_0027448,nv,HAM_0003963
0,0.24723143875598907,1,ham10000,ISIC_0029111,nv,HAM_0003964
0,0.21487444639205933,0,ham10000,ISIC_0025652,nv,HAM_0003965
0,0.17979680001735687,0,ham10000,ISIC_0032584,nv,HAM_0003966
0,0.21920186281204224,0,ham10000,ISIC_0032796,nv,HAM_0003968
0,0.40161779522895813,1,ham10000,ISIC_0032627,nv,HAM_0003969
0,0.12895545363426208,0,ham10000,ISIC_0025093,nv,HAM_0003970
1,0.33437225222587585,1,ham10000,ISIC_0029634,akiec,HAM_0003971
0,0.3422011435031891,1,ham10000,ISIC_0029706,nv,HAM_0003972
0,0.4066770076751709,1,ham10000,ISIC_0026867,bkl,HAM_0003973
0,0.3651089668273926,1,ham10000,ISIC_0026512,nv,HAM_0003974
0,0.3608432114124298,1,ham10000,ISIC_0030098,nv,HAM_0003975
0,0.36514610052108765,1,ham10000,ISIC_0029469,nv,HAM_0003976
0,0.24910278618335724,1,ham10000,ISIC_0026495,nv,HAM_0003977
0,0.3400444984436035,1,ham10000,ISIC_0033284,bkl,HAM_0003978
0,0.2452143132686615,1,ham10000,ISIC_0026416,bkl,HAM_0003979
0,0.22761715948581696,0,ham10000,ISIC_0026712,nv,HAM_0003980
1,0.2490844428539276,1,ham10000,ISIC_0025731,bcc,HAM_0003981
0,0.3862897455692291,1,ham10000,ISIC_0030056,bkl,HAM_0003982
1,0.5251933932304382,1,ham10000,ISIC_0033278,mel,HAM_0003983
0,0.2776491940021515,1,ham10000,ISIC_0032228,nv,HAM_0003984
0,0.42570507526397705,1,ham10000,ISIC_0025570,nv,HAM_0003985
0,0.3426656723022461,1,ham10000,ISIC_0030020,nv,HAM_0003986
0,0.1761324554681778,0,ham10000,ISIC_0030354,nv,HAM_0003987
0,0.2665621042251587,1,ham10000,ISIC_0024427,nv,HAM_0003988
1,0.6607462167739868,1,ham10000,ISIC_0030714,akiec,HAM_0003989
1,0.5187930464744568,1,ham10000,ISIC_0025996,mel,HAM_0003990
1,0.1588287651538849,0,ham10000,ISIC_0029602,bcc,HAM_0003991
0,0.19468428194522858,0,ham10000,ISIC_0028821,nv,HAM_0003992
0,0.46123751997947693,1,ham10000,ISIC_0033097,nv,HAM_0003993
0,0.15835869312286377,0,ham10000,ISIC_0026648,nv,HAM_0003994
0,0.4027147889137268,1,ham10000,ISIC_0029799,nv,HAM_0003995
0,0.2868485748767853,1,ham10000,ISIC_0025465,bkl,HAM_0003996
0,0.2530926764011383,1,ham10000,ISIC_0030537,nv,HAM_0003997
0,0.16077029705047607,0,ham10000,ISIC_0033809,nv,HAM_0003998
0,0.1411481648683548,0,ham10000,ISIC_0026945,nv,HAM_0003999
0,0.17376944422721863,0,ham10000,ISIC_0032594,nv,HAM_0004000
0,0.25959768891334534,1,ham10000,ISIC_0029996,nv,HAM_0004001
0,0.21348126232624054,0,ham10000,ISIC_0027628,nv,HAM_0004002
0,0.1650826781988144,0,ham10000,ISIC_0031097,nv,HAM_0004003
0,0.36956965923309326,1,ham10000,ISIC_0024782,bkl,HAM_0004004
0,0.23004823923110962,0,ham10000,ISIC_0032093,nv,HAM_0004005
0,0.36122411489486694,1,ham10000,ISIC_0031653,nv,HAM_0004006
0,0.19643495976924896,0,ham10000,ISIC_0027596,nv,HAM_0004007
0,0.17258703708648682,0,ham10000,ISIC_0027997,nv,HAM_0004008
0,0.23282679915428162,1,ham10000,ISIC_0024856,nv,HAM_0004009
0,0.2225545048713684,0,ham10000,ISIC_0031061,bkl,HAM_0004010
1,0.720442533493042,1,ham10000,ISIC_0033023,mel,HAM_0004011
1,0.1801682710647583,0,ham10000,ISIC_0025831,akiec,HAM_0004012
0,0.20773197710514069,0,ham10000,ISIC_0026021,nv,HAM_0004013
0,0.364865779876709,1,ham10000,ISIC_0029809,nv,HAM_0004014
0,0.3598920404911041,1,ham10000,ISIC_0027892,nv,HAM_0004015
0,0.16009175777435303,0,ham10000,ISIC_0032935,nv,HAM_0004016
0,0.14443600177764893,0,ham10000,ISIC_0030351,nv,HAM_0004017
0,0.42464813590049744,1,ham10000,ISIC_0028112,nv,HAM_0004018
0,0.19189292192459106,0,ham10000,ISIC_0029629,nv,HAM_0004019
0,0.47953271865844727,1,ham10000,ISIC_0025245,nv,HAM_0004020
1,0.41234827041625977,1,ham10000,ISIC_0025800,mel,HAM_0004021
0,0.3631996810436249,1,ham10000,ISIC_0028134,nv,HAM_0004022
0,0.33244502544403076,1,ham10000,ISIC_0029766,nv,HAM_0004023
0,0.1474207490682602,0,ham10000,ISIC_0032338,nv,HAM_0004024
0,0.24185627698898315,1,ham10000,ISIC_0025983,nv,HAM_0004025
0,0.27676185965538025,1,ham10000,ISIC_0030357,nv,HAM_0004026
1,0.37054014205932617,1,ham10000,ISIC_0024595,bcc,HAM_0004027
0,0.25576311349868774,1,ham10000,ISIC_0028526,nv,HAM_0004028
0,0.3412427008152008,1,ham10000,ISIC_0029472,bkl,HAM_0004029
0,0.20549841225147247,0,ham10000,ISIC_0029926,nv,HAM_0004030
0,0.24097833037376404,1,ham10000,ISIC_0029517,nv,HAM_0004031
0,0.3264625072479248,1,ham10000,ISIC_0032403,nv,HAM_0004032
1,0.4550282657146454,1,ham10000,ISIC_0027452,akiec,HAM_0004033
1,0.20815449953079224,0,ham10000,ISIC_0024948,akiec,HAM_0004034
0,0.3623785972595215,1,ham10000,ISIC_0027039,nv,HAM_0004035
0,0.4305422604084015,1,ham10000,ISIC_0027107,df,HAM_0004036
0,0.40376102924346924,1,ham10000,ISIC_0027383,nv,HAM_0004037
0,0.148702934384346,0,ham10000,ISIC_0032582,nv,HAM_0004038
0,0.1502973884344101,0,ham10000,ISIC_0026383,nv,HAM_0004039
0,0.3812555968761444,1,ham10000,ISIC_0029042,nv,HAM_0004040
0,0.15533600747585297,0,ham10000,ISIC_0026375,nv,HAM_0004041
1,0.6086273193359375,1,ham10000,ISIC_0026978,bcc,HAM_0004042
0,0.43577486276626587,1,ham10000,ISIC_0030492,nv,HAM_0004043
0,0.1635219156742096,0,ham10000,ISIC_0028606,nv,HAM_0004044
0,0.2030000239610672,0,ham10000,ISIC_0030939,nv,HAM_0004045
0,0.439221054315567,1,ham10000,ISIC_0032366,nv,HAM_0004046
1,0.16839347779750824,0,ham10000,ISIC_0025500,mel,HAM_0004047
0,0.27632883191108704,1,ham10000,ISIC_0025203,nv,HAM_0004048
0,0.24399591982364655,1,ham10000,ISIC_0030924,nv,HAM_0004049
0,0.2981070578098297,1,ham10000,ISIC_0025086,bkl,HAM_0004050
0,0.250382661819458,1,ham10000,ISIC_0028049,nv,HAM_0004051
0,0.15540455281734467,0,ham10000,ISIC_0028206,nv,HAM_0004052
1,0.46290913224220276,1,ham10000,ISIC_0027067,mel,HAM_0004053
0,0.5429105162620544,1,ham10000,ISIC_0031756,nv,HAM_0004054
0,0.4249275028705597,1,ham10000,ISIC_0030287,nv,HAM_0004055
1,0.38037410378456116,1,ham10000,ISIC_0033377,mel,HAM_0004056
0,0.20198343694210052,0,ham10000,ISIC_0026635,nv,HAM_0004057
0,0.3380827009677887,1,ham10000,ISIC_0030802,nv,HAM_0004058
0,0.17722481489181519,0,ham10000,ISIC_0029399,nv,HAM_0004059
1,0.5618458986282349,1,ham10000,ISIC_0029210,akiec,HAM_0004060
0,0.27325835824012756,1,ham10000,ISIC_0029925,nv,HAM_0004061
0,0.20974566042423248,0,ham10000,ISIC_0028742,nv,HAM_0004062
0,0.3442545533180237,1,ham10000,ISIC_0032896,nv,HAM_0004063
0,0.285436749458313,1,ham10000,ISIC_0024399,nv,HAM_0004064
0,0.3391849398612976,1,ham10000,ISIC_0026629,df,HAM_0004065
0,0.156306192278862,0,ham10000,ISIC_0026390,nv,HAM_0004066
0,0.25589466094970703,1,ham10000,ISIC_0029065,nv,HAM_0004067
0,0.3724859356880188,1,ham10000,ISIC_0027853,nv,HAM_0004068
0,0.2457253336906433,1,ham10000,ISIC_0029476,nv,HAM_0004069
0,0.4446318745613098,1,ham10000,ISIC_0027657,nv,HAM_0004070
0,0.2604679465293884,1,ham10000,ISIC_0032607,nv,HAM_0004071
0,0.24692872166633606,1,ham10000,ISIC_0032130,nv,HAM_0004072
0,0.3233826160430908,1,ham10000,ISIC_0028093,nv,HAM_0004073
0,0.36068519949913025,1,ham10000,ISIC_0030599,nv,HAM_0004074
0,0.29601478576660156,1,ham10000,ISIC_0030276,bkl,HAM_0004075
0,0.19848154485225677,0,ham10000,ISIC_0032966,nv,HAM_0004076
0,0.3316443860530853,1,ham10000,ISIC_0026566,bkl,HAM_0004078
0,0.46733206510543823,1,ham10000,ISIC_0031182,nv,HAM_0004079
0,0.3938605487346649,1,ham10000,ISIC_0028613,nv,HAM_0004080
1,0.23158200085163116,0,ham10000,ISIC_0031957,mel,HAM_0004081
0,0.3368687331676483,1,ham10000,ISIC_0025676,nv,HAM_0004082
1,0.2424718290567398,1,ham10000,ISIC_0032652,bcc,HAM_0004083
1,0.2956733703613281,1,ham10000,ISIC_0025285,bcc,HAM_0004084
0,0.27224457263946533,1,ham10000,ISIC_0028471,nv,HAM_0004085
0,0.18215568363666534,0,ham10000,ISIC_0034215,nv,HAM_0004088
0,0.22957941889762878,0,ham10000,ISIC_0026589,nv,HAM_0004089
0,0.5339494943618774,1,ham10000,ISIC_0031271,df,HAM_0004090
0,0.2564644515514374,1,ham10000,ISIC_0032675,bkl,HAM_0004091
0,0.25047996640205383,1,ham10000,ISIC_0028300,nv,HAM_0004092
0,0.18670155107975006,0,ham10000,ISIC_0030562,nv,HAM_0004093
0,0.47332674264907837,1,ham10000,ISIC_0031313,nv,HAM_0004094
0,0.0941997691988945,0,ham10000,ISIC_0026017,nv,HAM_0004095
0,0.2061297446489334,0,ham10000,ISIC_0028541,nv,HAM_0004096
0,0.13640622794628143,0,ham10000,ISIC_0025677,vasc,HAM_0004097
0,0.3251410126686096,1,ham10000,ISIC_0025843,nv,HAM_0004098
0,0.3681201934814453,1,ham10000,ISIC_0033010,nv,HAM_0004099
0,0.47982698678970337,1,ham10000,ISIC_0031106,nv,HAM_0004100
0,0.2748340368270874,1,ham10000,ISIC_0030881,nv,HAM_0004101
1,0.7895872592926025,1,ham10000,ISIC_0029726,mel,HAM_0004102
0,0.5456220507621765,1,ham10000,ISIC_0028880,df,HAM_0004103
0,0.32140052318573,1,ham10000,ISIC_0032483,nv,HAM_0004104
0,0.5013895034790039,1,ham10000,ISIC_0030007,bkl,HAM_0004105
0,0.42761024832725525,1,ham10000,ISIC_0028943,bkl,HAM_0004106
0,0.3732683062553406,1,ham10000,ISIC_0029769,nv,HAM_0004107
1,0.37073612213134766,1,ham10000,ISIC_0033037,mel,HAM_0004109
0,0.3705042600631714,1,ham10000,ISIC_0030195,nv,HAM_0004110
0,0.371103972196579,1,ham10000,ISIC_0028138,nv,HAM_0004111
0,0.30070334672927856,1,ham10000,ISIC_0030363,nv,HAM_0004112
0,0.4320083558559418,1,ham10000,ISIC_0033185,bkl,HAM_0004113
0,0.46427997946739197,1,ham10000,ISIC_0026844,bkl,HAM_0004114
0,0.17499947547912598,0,ham10000,ISIC_0027676,nv,HAM_0004115
0,0.23550090193748474,1,ham10000,ISIC_0026613,nv,HAM_0004116
0,0.21598485112190247,0,ham10000,ISIC_0024354,nv,HAM_0004117
0,0.16329325735569,0,ham10000,ISIC_0032593,nv,HAM_0004118
0,0.14592193067073822,0,ham10000,ISIC_0025015,nv,HAM_0004119
0,0.1409802883863449,0,ham10000,ISIC_0034266,nv,HAM_0004120
1,0.4774986207485199,1,ham10000,ISIC_0025324,mel,HAM_0004121
0,0.4265426695346832,1,ham10000,ISIC_0031102,nv,HAM_0004122
0,0.47267985343933105,1,ham10000,ISIC_0032216,nv,HAM_0004123
0,0.43708208203315735,1,ham10000,ISIC_0029153,nv,HAM_0004124
0,0.11470559239387512,0,ham10000,ISIC_0027437,bkl,HAM_0004125
1,0.5866653919219971,1,ham10000,ISIC_0030060,mel,HAM_0004126
0,0.2967299222946167,1,ham10000,ISIC_0027073,nv,HAM_0004127
0,0.3821253776550293,1,ham10000,ISIC_0027072,nv,HAM_0004128
1,0.45631057024002075,1,ham10000,ISIC_0032624,mel,HAM_0004129
0,0.43197619915008545,1,ham10000,ISIC_0026173,nv,HAM_0004130
0,0.6220548748970032,1,ham10000,ISIC_0025583,bkl,HAM_0004131
0,0.3250131607055664,1,ham10000,ISIC_0025801,nv,HAM_0004132
0,0.23468807339668274,1,ham10000,ISIC_0024941,nv,HAM_0004133
0,0.3883223235607147,1,ham10000,ISIC_0026075,nv,HAM_0004134
0,0.18386557698249817,0,ham10000,ISIC_0025634,nv,HAM_0004135
0,0.27314919233322144,1,ham10000,ISIC_0029787,nv,HAM_0004136
0,0.1390133649110794,0,ham10000,ISIC_0024966,nv,HAM_0004137
0,0.16997367143630981,0,ham10000,ISIC_0025905,nv,HAM_0004138
0,0.12660975754261017,0,ham10000,ISIC_0027496,nv,HAM_0004139
0,0.22544057667255402,0,ham10000,ISIC_0028298,nv,HAM_0004140
0,0.13392846286296844,0,ham10000,ISIC_0030705,bkl,HAM_0004141
0,0.2785358726978302,1,ham10000,ISIC_0032643,bkl,HAM_0004142
0,0.35327208042144775,1,ham10000,ISIC_0029031,bkl,HAM_0004143
0,0.3776482045650482,1,ham10000,ISIC_0027980,nv,HAM_0004144
0,0.3969004154205322,1,ham10000,ISIC_0032749,nv,HAM_0004145
0,0.29865601658821106,1,ham10000,ISIC_0027450,nv,HAM_0004146
1,0.23292066156864166,1,ham10000,ISIC_0031712,bcc,HAM_0004147
0,0.27805760502815247,1,ham10000,ISIC_0026503,nv,HAM_0004148
0,0.18035858869552612,0,ham10000,ISIC_0032755,nv,HAM_0004149
0,0.31932777166366577,1,ham10000,ISIC_0026632,nv,HAM_0004150
0,0.26208236813545227,1,ham10000,ISIC_0028996,nv,HAM_0004151
0,0.3381135165691376,1,ham10000,ISIC_0025137,nv,HAM_0004152
1,0.7217304706573486,1,ham10000,ISIC_0026489,mel,HAM_0004153
0,0.2643081545829773,1,ham10000,ISIC_0031471,nv,HAM_0004154
0,0.42908552289009094,1,ham10000,ISIC_0025269,nv,HAM_0004155
0,0.17693296074867249,0,ham10000,ISIC_0024387,nv,HAM_0004156
0,0.2782662510871887,1,ham10000,ISIC_0031610,nv,HAM_0004157
0,0.4154248833656311,1,ham10000,ISIC_0028229,bkl,HAM_0004158
0,0.25732794404029846,1,ham10000,ISIC_0031086,nv,HAM_0004159
0,0.2288970947265625,0,ham10000,ISIC_0029066,nv,HAM_0004160
1,0.44732093811035156,1,ham10000,ISIC_0025564,bcc,HAM_0004161
0,0.3938668668270111,1,ham10000,ISIC_0031944,nv,HAM_0004162
0,0.3262794613838196,1,ham10000,ISIC_0025142,nv,HAM_0004163
1,0.40283480286598206,1,ham10000,ISIC_0030695,mel,HAM_0004164
0,0.20670002698898315,0,ham10000,ISIC_0033346,nv,HAM_0004165
0,0.3589686155319214,1,ham10000,ISIC_0028313,nv,HAM_0004166
0,0.31042081117630005,1,ham10000,ISIC_0033753,nv,HAM_0004167
0,0.2915290892124176,1,ham10000,ISIC_0029477,nv,HAM_0004168
0,0.3374159336090088,1,ham10000,ISIC_0028482,nv,HAM_0004169
0,0.2725578844547272,1,ham10000,ISIC_0029046,nv,HAM_0004170
1,0.18108192086219788,0,ham10000,ISIC_0024644,mel,HAM_0004171
0,0.17959794402122498,0,ham10000,ISIC_0033996,nv,HAM_0004172
0,0.40742695331573486,1,ham10000,ISIC_0030637,nv,HAM_0004173
0,0.6765244603157043,1,ham10000,ISIC_0032281,nv,HAM_0004174
0,0.17127016186714172,0,ham10000,ISIC_0028806,nv,HAM_0004175
0,0.41072946786880493,1,ham10000,ISIC_0033373,nv,HAM_0004176
0,0.3646153509616852,1,ham10000,ISIC_0031907,nv,HAM_0004177
0,0.3252643942832947,1,ham10000,ISIC_0029171,nv,HAM_0004179
0,0.19548378884792328,0,ham10000,ISIC_0031055,nv,HAM_0004180
0,0.5064730644226074,1,ham10000,ISIC_0032571,nv,HAM_0004181
0,0.36893728375434875,1,ham10000,ISIC_0032591,nv,HAM_0004182
0,0.34690243005752563,1,ham10000,ISIC_0032606,nv,HAM_0004183
0,0.19036553800106049,0,ham10000,ISIC_0032634,nv,HAM_0004184
0,0.19177746772766113,0,ham10000,ISIC_0032635,nv,HAM_0004185
0,0.3289327323436737,1,ham10000,ISIC_0032759,nv,HAM_0004186
0,0.31754350662231445,1,ham10000,ISIC_0032956,nv,HAM_0004187
0,0.3384396433830261,1,ham10000,ISIC_0032996,nv,HAM_0004188
0,0.2248716652393341,0,ham10000,ISIC_0033036,nv,HAM_0004189
0,0.20436473190784454,0,ham10000,ISIC_0033039,nv,HAM_0004190
0,0.25022092461586,1,ham10000,ISIC_0032562,nv,HAM_0004191
0,0.32183730602264404,1,ham10000,ISIC_0033066,nv,HAM_0004192
0,0.3161213994026184,1,ham10000,ISIC_0033072,nv,HAM_0004193
0,0.6051037907600403,1,ham10000,ISIC_0033101,nv,HAM_0004194
0,0.16749043762683868,0,ham10000,ISIC_0033383,nv,HAM_0004195
0,0.46657252311706543,1,ham10000,ISIC_0033421,nv,HAM_0004196
0,0.167851984500885,0,ham10000,ISIC_0033467,nv,HAM_0004197
0,0.4465961754322052,1,ham10000,ISIC_0033481,nv,HAM_0004198
0,0.2158290296792984,0,ham10000,ISIC_0033556,nv,HAM_0004199
0,0.39387884736061096,1,ham10000,ISIC_0033567,nv,HAM_0004200
0,0.23497091233730316,1,ham10000,ISIC_0033602,nv,HAM_0004201
0,0.20662039518356323,0,ham10000,ISIC_0033623,nv,HAM_0004202
0,0.18831583857536316,0,ham10000,ISIC_0033647,nv,HAM_0004203
0,0.31731873750686646,1,ham10000,ISIC_0033772,nv,HAM_0004204
0,0.19857099652290344,0,ham10000,ISIC_0033797,nv,HAM_0004205
0,0.26385730504989624,1,ham10000,ISIC_0033826,nv,HAM_0004206
0,0.2153622955083847,0,ham10000,ISIC_0033858,nv,HAM_0004207
0,0.43815091252326965,1,ham10000,ISIC_0033892,nv,HAM_0004208
0,0.36858904361724854,1,ham10000,ISIC_0034075,nv,HAM_0004209
0,0.40079841017723083,1,ham10000,ISIC_0034081,nv,HAM_0004210
0,0.3834640085697174,1,ham10000,ISIC_0034082,nv,HAM_0004211
0,0.2946593165397644,1,ham10000,ISIC_0034114,nv,HAM_0004212
0,0.37810659408569336,1,ham10000,ISIC_0034228,nv,HAM_0004213
0,0.3794621229171753,1,ham10000,ISIC_0034248,nv,HAM_0004214
0,0.35257065296173096,1,ham10000,ISIC_0034302,nv,HAM_0004215
0,0.17705990374088287,0,ham10000,ISIC_0034312,nv,HAM_0004216
0,0.19943267107009888,0,ham10000,ISIC_0031116,nv,HAM_0004217
0,0.22669292986392975,0,ham10000,ISIC_0028256,nv,HAM_0004218
1,0.2243809700012207,0,ham10000,ISIC_0031585,bcc,HAM_0004219
0,0.22588075697422028,0,ham10000,ISIC_0027787,nv,HAM_0004220
0,0.23314182460308075,1,ham10000,ISIC_0033163,nv,HAM_0004221
0,0.18017633259296417,0,ham10000,ISIC_0030899,nv,HAM_0004222
0,0.2763873338699341,1,ham10000,ISIC_0025632,nv,HAM_0004223
0,0.27473190426826477,1,ham10000,ISIC_0026248,bkl,HAM_0004224
0,0.19410911202430725,0,ham10000,ISIC_0026029,nv,HAM_0004225
0,0.28141918778419495,1,ham10000,ISIC_0032494,nv,HAM_0004226
0,0.17937278747558594,0,ham10000,ISIC_0029628,nv,HAM_0004227
0,0.45882782340049744,1,ham10000,ISIC_0027748,nv,HAM_0004228
0,0.3421616852283478,1,ham10000,ISIC_0029593,nv,HAM_0004229
0,0.29961317777633667,1,ham10000,ISIC_0024585,nv,HAM_0004230
0,0.1991317719221115,0,ham10000,ISIC_0030323,bkl,HAM_0004232
0,0.2378648966550827,1,ham10000,ISIC_0029979,nv,HAM_0004233
0,0.19692246615886688,0,ham10000,ISIC_0025984,bkl,HAM_0004234
1,0.29810431599617004,1,ham10000,ISIC_0030452,bcc,HAM_0004235
0,0.32744425535202026,1,ham10000,ISIC_0032180,nv,HAM_0004236
0,0.17099572718143463,0,ham10000,ISIC_0033877,nv,HAM_0004237
0,0.433341920375824,1,ham10000,ISIC_0024903,nv,HAM_0004238
0,0.32881343364715576,1,ham10000,ISIC_0024928,nv,HAM_0004239
1,0.5114630460739136,1,ham10000,ISIC_0032517,mel,HAM_0004240
0,0.275020569562912,1,ham10000,ISIC_0024616,nv,HAM_0004241
0,0.3491712510585785,1,ham10000,ISIC_0028769,nv,HAM_0004242
1,0.635935366153717,1,ham10000,ISIC_0031119,akiec,HAM_0004243
0,0.3622910678386688,1,ham10000,ISIC_0032352,nv,HAM_0004244
0,0.30810660123825073,1,ham10000,ISIC_0033701,bkl,HAM_0004245
0,0.33914485573768616,1,ham10000,ISIC_0033854,bkl,HAM_0004246
0,0.18475162982940674,0,ham10000,ISIC_0031532,nv,HAM_0004247
0,0.12323997914791107,0,ham10000,ISIC_0028812,nv,HAM_0004248
0,0.4318862557411194,1,ham10000,ISIC_0031591,bkl,HAM_0004249
0,0.13760964572429657,0,ham10000,ISIC_0032499,nv,HAM_0004250
0,0.3709239363670349,1,ham10000,ISIC_0026673,nv,HAM_0004251
0,0.23074205219745636,0,ham10000,ISIC_0030461,nv,HAM_0004252
0,0.42376166582107544,1,ham10000,ISIC_0031035,nv,HAM_0004253
1,0.22672252357006073,0,ham10000,ISIC_0027030,mel,HAM_0004254
0,0.5439375638961792,1,ham10000,ISIC_0033264,bkl,HAM_0004255
0,0.38416334986686707,1,ham10000,ISIC_0027472,nv,HAM_0004256
0,0.1674165278673172,0,ham10000,ISIC_0025452,vasc,HAM_0004257
0,0.3430354595184326,1,ham10000,ISIC_0033693,bkl,HAM_0004258
0,0.18708501756191254,0,ham10000,ISIC_0026644,bkl,HAM_0004259
0,0.19116029143333435,0,ham10000,ISIC_0025525,nv,HAM_0004260
0,0.32246217131614685,1,ham10000,ISIC_0027075,nv,HAM_0004261
0,0.31950661540031433,1,ham10000,ISIC_0025236,nv,HAM_0004262
0,0.30448034405708313,1,ham10000,ISIC_0031781,nv,HAM_0004263
0,0.34179818630218506,1,ham10000,ISIC_0031671,nv,HAM_0004264
1,0.17178457975387573,0,ham10000,ISIC_0025018,mel,HAM_0004265
0,0.2911983132362366,1,ham10000,ISIC_0024483,nv,HAM_0004266
0,0.17237409949302673,0,ham10000,ISIC_0028430,nv,HAM_0004267
0,0.14953139424324036,0,ham10000,ISIC_0025003,nv,HAM_0004269
0,0.19318044185638428,0,ham10000,ISIC_0028455,nv,HAM_0004270
0,0.3867414593696594,1,ham10000,ISIC_0025474,nv,HAM_0004271
0,0.2575036585330963,1,ham10000,ISIC_0032957,nv,HAM_0004272
1,0.4848802089691162,1,ham10000,ISIC_0028059,bcc,HAM_0004273
0,0.3761078119277954,1,ham10000,ISIC_0025842,bkl,HAM_0004274
0,0.5726552605628967,1,ham10000,ISIC_0026921,nv,HAM_0004275
0,0.25586095452308655,1,ham10000,ISIC_0029622,nv,HAM_0004276
0,0.3681356608867645,1,ham10000,ISIC_0026472,nv,HAM_0004277
0,0.535380482673645,1,ham10000,ISIC_0026610,nv,HAM_0004279
0,0.33844155073165894,1,ham10000,ISIC_0030905,nv,HAM_0004280
1,0.48709794878959656,1,ham10000,ISIC_0028965,mel,HAM_0004281
1,0.37354063987731934,1,ham10000,ISIC_0033151,akiec,HAM_0004282
0,0.41320309042930603,1,ham10000,ISIC_0028357,nv,HAM_0004283
1,0.31588664650917053,1,ham10000,ISIC_0032709,mel,HAM_0004284
1,0.33737504482269287,1,ham10000,ISIC_0029129,bcc,HAM_0004285
0,0.2072361558675766,0,ham10000,ISIC_0029410,nv,HAM_0004286
0,0.3615005910396576,1,ham10000,ISIC_0031128,nv,HAM_0004287
0,0.19657881557941437,0,ham10000,ISIC_0026445,nv,HAM_0004288
0,0.1984553188085556,0,ham10000,ISIC_0025879,bkl,HAM_0004289
0,0.37209829688072205,1,ham10000,ISIC_0031184,nv,HAM_0004290
0,0.23208026587963104,0,ham10000,ISIC_0031932,nv,HAM_0004291
0,0.25163769721984863,1,ham10000,ISIC_0029625,nv,HAM_0004292
0,0.24086172878742218,1,ham10000,ISIC_0028153,nv,HAM_0004294
0,0.14686204493045807,0,ham10000,ISIC_0029292,nv,HAM_0004295
0,0.3807085454463959,1,ham10000,ISIC_0033739,nv,HAM_0004296
1,0.42941805720329285,1,ham10000,ISIC_0027550,akiec,HAM_0004297
0,0.3373737037181854,1,ham10000,ISIC_0025648,nv,HAM_0004298
0,0.29268184304237366,1,ham10000,ISIC_0031307,nv,HAM_0004299
1,0.4775007367134094,1,ham10000,ISIC_0025266,bcc,HAM_0004300
0,0.25182831287384033,1,ham10000,ISIC_0032487,nv,HAM_0004301
1,0.5030062794685364,1,ham10000,ISIC_0028582,mel,HAM_0004302
0,0.34295421838760376,1,ham10000,ISIC_0033737,nv,HAM_0004303
1,0.7201353311538696,1,ham10000,ISIC_0033324,mel,HAM_0004304
0,0.40130409598350525,1,ham10000,ISIC_0026392,nv,HAM_0004305
0,0.19970394670963287,0,ham10000,ISIC_0032056,nv,HAM_0004306
0,0.1870678961277008,0,ham10000,ISIC_0031714,nv,HAM_0004307
0,0.18950188159942627,0,ham10000,ISIC_0027370,bkl,HAM_0004308
0,0.3888532817363739,1,ham10000,ISIC_0028681,bkl,HAM_0004309
0,0.1980978101491928,0,ham10000,ISIC_0027871,nv,HAM_0004310
0,0.3947994112968445,1,ham10000,ISIC_0029037,nv,HAM_0004311
0,0.18926484882831573,0,ham10000,ISIC_0031768,nv,HAM_0004312
0,0.33158937096595764,1,ham10000,ISIC_0026924,nv,HAM_0004313
0,0.10875000059604645,0,ham10000,ISIC_0029758,nv,HAM_0004314
0,0.16309764981269836,0,ham10000,ISIC_0029244,nv,HAM_0004315
0,0.28615692257881165,1,ham10000,ISIC_0025116,nv,HAM_0004316
0,0.18120893836021423,0,ham10000,ISIC_0025504,df,HAM_0004317
0,0.24903510510921478,1,ham10000,ISIC_0031678,nv,HAM_0004318
0,0.22210901975631714,0,ham10000,ISIC_0026686,nv,HAM_0004319
0,0.18723270297050476,0,ham10000,ISIC_0027901,nv,HAM_0004320
1,0.40026408433914185,1,ham10000,ISIC_0033479,mel,HAM_0004321
0,0.17312820255756378,0,ham10000,ISIC_0027142,bkl,HAM_0004322
0,0.10841159522533417,0,ham10000,ISIC_0028492,nv,HAM_0004323
0,0.36617404222488403,1,ham10000,ISIC_0029898,nv,HAM_0004324
0,0.3792051076889038,1,ham10000,ISIC_0031669,nv,HAM_0004325
1,0.35038694739341736,1,ham10000,ISIC_0030883,mel,HAM_0004326
0,0.40049833059310913,1,ham10000,ISIC_0030081,bkl,HAM_0004327
0,0.4286175072193146,1,ham10000,ISIC_0027164,nv,HAM_0004328
0,0.4401503801345825,1,ham10000,ISIC_0027866,nv,HAM_0004329
0,0.48128947615623474,1,ham10000,ISIC_0029760,df,HAM_0004330
0,0.8156254291534424,1,ham10000,ISIC_0032534,bkl,HAM_0004332
0,0.14526914060115814,0,ham10000,ISIC_0032259,nv,HAM_0004333
0,0.18962354958057404,0,ham10000,ISIC_0032077,nv,HAM_0004334
0,0.3987978398799896,1,ham10000,ISIC_0025187,nv,HAM_0004335
0,0.4098489582538605,1,ham10000,ISIC_0031760,nv,HAM_0004336
0,0.21903353929519653,0,ham10000,ISIC_0031981,nv,HAM_0004337
0,0.3705959618091583,1,ham10000,ISIC_0026523,bkl,HAM_0004338
0,0.3006453812122345,1,ham10000,ISIC_0026332,nv,HAM_0004339
0,0.2779124677181244,1,ham10000,ISIC_0024506,nv,HAM_0004340
0,0.29308846592903137,1,ham10000,ISIC_0031584,bkl,HAM_0004341
1,0.544904351234436,1,ham10000,ISIC_0027976,bcc,HAM_0004342
0,0.11721330136060715,0,ham10000,ISIC_0028343,bkl,HAM_0004343
0,0.16257509589195251,0,ham10000,ISIC_0032678,nv,HAM_0004344
0,0.15332616865634918,0,ham10000,ISIC_0033208,nv,HAM_0004345
0,0.1271713227033615,0,ham10000,ISIC_0033577,nv,HAM_0004346
0,0.1931701898574829,0,ham10000,ISIC_0033690,nv,HAM_0004347
0,0.31079497933387756,1,ham10000,ISIC_0033895,nv,HAM_0004348
0,0.20224207639694214,0,ham10000,ISIC_0033896,nv,HAM_0004349
0,0.31275954842567444,1,ham10000,ISIC_0033970,nv,HAM_0004350
0,0.1830480843782425,0,ham10000,ISIC_0034193,nv,HAM_0004351
0,0.15819019079208374,0,ham10000,ISIC_0034250,nv,HAM_0004352
0,0.29304835200309753,1,ham10000,ISIC_0029262,nv,HAM_0004353
1,0.33757415413856506,1,ham10000,ISIC_0026877,mel,HAM_0004354
0,0.15677645802497864,0,ham10000,ISIC_0030934,nv,HAM_0004355
0,0.3227105438709259,1,ham10000,ISIC_0025214,nv,HAM_0004356
0,0.11245652288198471,0,ham10000,ISIC_0027985,nv,HAM_0004357
0,0.20412467420101166,0,ham10000,ISIC_0025393,nv,HAM_0004358
0,0.38280418515205383,1,ham10000,ISIC_0025087,nv,HAM_0004359
0,0.16590331494808197,0,ham10000,ISIC_0024857,nv,HAM_0004360
0,0.2666071653366089,1,ham10000,ISIC_0030515,nv,HAM_0004361
0,0.11912008374929428,0,ham10000,ISIC_0031873,nv,HAM_0004362
1,0.3939448595046997,1,ham10000,ISIC_0026857,akiec,HAM_0004363
1,0.2861406207084656,1,ham10000,ISIC_0026697,mel,HAM_0004364
1,0.3931630253791809,1,ham10000,ISIC_0028719,bcc,HAM_0004365
0,0.43868288397789,1,ham10000,ISIC_0030147,nv,HAM_0004366
0,0.4114340841770172,1,ham10000,ISIC_0033396,nv,HAM_0004367
0,0.4071779251098633,1,ham10000,ISIC_0030236,nv,HAM_0004368
0,0.2727043330669403,1,ham10000,ISIC_0025969,nv,HAM_0004369
0,0.28864535689353943,1,ham10000,ISIC_0024757,nv,HAM_0004370
0,0.5911345481872559,1,ham10000,ISIC_0027626,df,HAM_0004371
0,0.4103333652019501,1,ham10000,ISIC_0026964,nv,HAM_0004372
0,0.2812992334365845,1,ham10000,ISIC_0029014,bkl,HAM_0004373
0,0.23955793678760529,1,ham10000,ISIC_0030651,nv,HAM_0004374
0,0.44310083985328674,1,ham10000,ISIC_0033102,nv,HAM_0004375
1,0.2835023105144501,1,ham10000,ISIC_0024843,akiec,HAM_0004376
0,0.2225302904844284,0,ham10000,ISIC_0030561,bkl,HAM_0004377
0,0.3622990846633911,1,ham10000,ISIC_0025738,nv,HAM_0004378
0,0.1900266855955124,0,ham10000,ISIC_0031352,bkl,HAM_0004379
0,0.1808329075574875,0,ham10000,ISIC_0026251,nv,HAM_0004380
0,0.22872568666934967,0,ham10000,ISIC_0027426,nv,HAM_0004381
0,0.6095291972160339,1,ham10000,ISIC_0025743,bkl,HAM_0004382
0,0.24278892576694489,1,ham10000,ISIC_0031261,bkl,HAM_0004383
1,0.48907384276390076,1,ham10000,ISIC_0029025,akiec,HAM_0004384
0,0.1847093403339386,0,ham10000,ISIC_0026310,nv,HAM_0004385
0,0.19807922840118408,0,ham10000,ISIC_0024766,nv,HAM_0004386
0,0.44450417160987854,1,ham10000,ISIC_0033132,nv,HAM_0004387
1,0.25153815746307373,1,ham10000,ISIC_0027135,bcc,HAM_0004388
0,0.1951284557580948,0,ham10000,ISIC_0028121,bkl,HAM_0004389
0,0.34908851981163025,1,ham10000,ISIC_0031210,nv,HAM_0004390
0,0.19461746513843536,0,ham10000,ISIC_0030290,nv,HAM_0004391
0,0.5542147755622864,1,ham10000,ISIC_0033095,nv,HAM_0004392
0,0.3756628930568695,1,ham10000,ISIC_0029774,nv,HAM_0004393
0,0.266765296459198,1,ham10000,ISIC_0025060,nv,HAM_0004394
0,0.31418946385383606,1,ham10000,ISIC_0025206,nv,HAM_0004395
0,0.32134926319122314,1,ham10000,ISIC_0028913,bkl,HAM_0004396
1,0.3639685809612274,1,ham10000,ISIC_0025589,mel,HAM_0004397
1,0.42799344658851624,1,ham10000,ISIC_0025358,akiec,HAM_0004398
0,0.17567627131938934,0,ham10000,ISIC_0028905,nv,HAM_0004399
0,0.5861764550209045,1,ham10000,ISIC_0030026,bkl,HAM_0004400
0,0.1266600340604782,0,ham10000,ISIC_0027817,nv,HAM_0004401
0,0.20935030281543732,0,ham10000,ISIC_0025397,nv,HAM_0004402
0,0.26126107573509216,1,ham10000,ISIC_0028006,nv,HAM_0004403
0,0.35784298181533813,1,ham10000,ISIC_0025822,nv,HAM_0004404
1,0.4666980504989624,1,ham10000,ISIC_0032532,mel,HAM_0004405
0,0.21751847863197327,0,ham10000,ISIC_0033060,bkl,HAM_0004406
0,0.13024526834487915,0,ham10000,ISIC_0024555,nv,HAM_0004407
0,0.6097744703292847,1,ham10000,ISIC_0026824,nv,HAM_0004408
0,0.11618205159902573,0,ham10000,ISIC_0027888,vasc,HAM_0004409
0,0.23159267008304596,0,ham10000,ISIC_0032342,nv,HAM_0004410
0,0.34791597723960876,1,ham10000,ISIC_0032524,nv,HAM_0004411
0,0.4349757432937622,1,ham10000,ISIC_0029531,nv,HAM_0004412
0,0.18242192268371582,0,ham10000,ISIC_0026068,vasc,HAM_0004413
0,0.35933661460876465,1,ham10000,ISIC_0030576,nv,HAM_0004414
0,0.17645512521266937,0,ham10000,ISIC_0024532,nv,HAM_0004415
0,0.2656302750110626,1,ham10000,ISIC_0027947,nv,HAM_0004416
0,0.301139771938324,1,ham10000,ISIC_0028566,nv,HAM_0004417
0,0.34955957531929016,1,ham10000,ISIC_0026376,nv,HAM_0004418
0,0.274030864238739,1,ham10000,ISIC_0031331,nv,HAM_0004419
1,0.45651116967201233,1,ham10000,ISIC_0024795,bcc,HAM_0004420
0,0.38199102878570557,1,ham10000,ISIC_0029481,nv,HAM_0004421
0,0.2933000922203064,1,ham10000,ISIC_0027239,bkl,HAM_0004422
0,0.2913830876350403,1,ham10000,ISIC_0026737,bkl,HAM_0004423
0,0.3706115782260895,1,ham10000,ISIC_0033557,nv,HAM_0004424
0,0.11200987547636032,0,ham10000,ISIC_0025147,nv,HAM_0004425
0,0.1771169900894165,0,ham10000,ISIC_0026378,bkl,HAM_0004426
1,0.41877609491348267,1,ham10000,ISIC_0029092,mel,HAM_0004427
1,0.9089475870132446,1,ham10000,ISIC_0025317,mel,HAM_0004428
0,0.18902002274990082,0,ham10000,ISIC_0032789,nv,HAM_0004430
0,0.19848543405532837,0,ham10000,ISIC_0024335,nv,HAM_0004431
0,0.37416210770606995,1,ham10000,ISIC_0024529,nv,HAM_0004432
0,0.36763691902160645,1,ham10000,ISIC_0029623,nv,HAM_0004433
0,0.23523752391338348,1,ham10000,ISIC_0024744,nv,HAM_0004434
1,0.38661107420921326,1,ham10000,ISIC_0032146,bcc,HAM_0004435
0,0.3201436400413513,1,ham10000,ISIC_0030042,nv,HAM_0004436
0,0.3848283886909485,1,ham10000,ISIC_0027316,nv,HAM_0004437
0,0.21709823608398438,0,ham10000,ISIC_0029712,nv,HAM_0004438
1,0.2193552553653717,0,ham10000,ISIC_0030986,akiec,HAM_0004439
1,0.43235936760902405,1,ham10000,ISIC_0027631,bcc,HAM_0004440
1,0.23704276978969574,1,ham10000,ISIC_0031852,akiec,HAM_0004441
0,0.522040843963623,1,ham10000,ISIC_0033576,bkl,HAM_0004442
0,0.23421084880828857,1,ham10000,ISIC_0028758,nv,HAM_0004443
0,0.2213556319475174,0,ham10000,ISIC_0032769,nv,HAM_0004444
0,0.4154200553894043,1,ham10000,ISIC_0030551,nv,HAM_0004445
0,0.1471334993839264,0,ham10000,ISIC_0031862,nv,HAM_0004446
0,0.5923450589179993,1,ham10000,ISIC_0031831,bkl,HAM_0004448
0,0.21650627255439758,0,ham10000,ISIC_0032332,nv,HAM_0004449
0,0.3715324401855469,1,ham10000,ISIC_0028868,nv,HAM_0004450
0,0.32694345712661743,1,ham10000,ISIC_0027992,nv,HAM_0004451
0,0.34996089339256287,1,ham10000,ISIC_0027381,nv,HAM_0004452
0,0.3533112406730652,1,ham10000,ISIC_0030677,bkl,HAM_0004453
0,0.17394550144672394,0,ham10000,ISIC_0029834,nv,HAM_0004454
0,0.38160404562950134,1,ham10000,ISIC_0027385,vasc,HAM_0004455
0,0.19089242815971375,0,ham10000,ISIC_0026306,nv,HAM_0004456
0,0.2863762378692627,1,ham10000,ISIC_0029485,nv,HAM_0004457
0,0.2865433692932129,1,ham10000,ISIC_0033453,bkl,HAM_0004458
0,0.3003719747066498,1,ham10000,ISIC_0029971,nv,HAM_0004459
0,0.3137206733226776,1,ham10000,ISIC_0028784,nv,HAM_0004460
0,0.46350058913230896,1,ham10000,ISIC_0031817,nv,HAM_0004461
1,0.32347315549850464,1,ham10000,ISIC_0027334,akiec,HAM_0004462
0,0.13267749547958374,0,ham10000,ISIC_0027770,bkl,HAM_0004463
0,0.3565254807472229,1,ham10000,ISIC_0025720,nv,HAM_0004464
0,0.23704132437705994,1,ham10000,ISIC_0024500,nv,HAM_0004465
0,0.34493759274482727,1,ham10000,ISIC_0031396,bkl,HAM_0004466
0,0.1752401739358902,0,ham10000,ISIC_0027687,nv,HAM_0004467
0,0.21816661953926086,0,ham10000,ISIC_0030480,nv,HAM_0004468
0,0.08616893738508224,0,ham10000,ISIC_0025787,nv,HAM_0004469
0,0.13995862007141113,0,ham10000,ISIC_0028387,nv,HAM_0004470
0,0.2576411962509155,1,ham10000,ISIC_0027353,nv,HAM_0004471
1,0.339954137802124,1,ham10000,ISIC_0025368,akiec,HAM_0004472
0,0.3382175862789154,1,ham10000,ISIC_0027881,nv,HAM_0004473
0,0.16031664609909058,0,ham10000,ISIC_0030908,nv,HAM_0004474
0,0.17494119703769684,0,ham10000,ISIC_0029920,nv,HAM_0004475
1,0.4064878225326538,1,ham10000,ISIC_0030417,mel,HAM_0004476
0,0.3108291029930115,1,ham10000,ISIC_0026646,nv,HAM_0004477
0,0.247964546084404,1,ham10000,ISIC_0026793,nv,HAM_0004478
0,0.18019697070121765,0,ham10000,ISIC_0025027,nv,HAM_0004479
1,0.42399173974990845,1,ham10000,ISIC_0032290,bcc,HAM_0004480
0,0.2798607349395752,1,ham10000,ISIC_0032391,nv,HAM_0004481
0,0.3456372320652008,1,ham10000,ISIC_0025449,nv,HAM_0004482
1,0.5865317583084106,1,ham10000,ISIC_0027487,mel,HAM_0004483
0,0.14377538859844208,0,ham10000,ISIC_0025124,nv,HAM_0004484
0,0.3456665277481079,1,ham10000,ISIC_0029814,nv,HAM_0004485
0,0.3425511419773102,1,ham10000,ISIC_0031448,nv,HAM_0004486
1,0.28518420457839966,1,ham10000,ISIC_0028989,bcc,HAM_0004487
0,0.32312557101249695,1,ham10000,ISIC_0030601,nv,HAM_0004488
0,0.5205988883972168,1,ham10000,ISIC_0031229,nv,HAM_0004489
0,0.19875794649124146,0,ham10000,ISIC_0031788,nv,HAM_0004490
0,0.21544431149959564,0,ham10000,ISIC_0025157,bkl,HAM_0004491
0,0.3022451400756836,1,ham10000,ISIC_0026026,nv,HAM_0004492
0,0.2715298533439636,1,ham10000,ISIC_0030325,nv,HAM_0004493
0,0.39820706844329834,1,ham10000,ISIC_0030458,bkl,HAM_0004494
1,0.199025496840477,0,ham10000,ISIC_0024743,bcc,HAM_0004495
0,0.38816946744918823,1,ham10000,ISIC_0028651,df,HAM_0004496
0,0.13877607882022858,0,ham10000,ISIC_0025625,nv,HAM_0004497
0,0.26143941283226013,1,ham10000,ISIC_0025586,nv,HAM_0004498
0,0.26514363288879395,1,ham10000,ISIC_0027331,nv,HAM_0004499
0,0.19809575378894806,0,ham10000,ISIC_0025032,bkl,HAM_0004500
0,0.2742929756641388,1,ham10000,ISIC_0028856,bkl,HAM_0004501
0,0.24119555950164795,1,ham10000,ISIC_0024541,nv,HAM_0004502
0,0.2307114154100418,0,ham10000,ISIC_0032735,nv,HAM_0004503
0,0.4254879951477051,1,ham10000,ISIC_0029415,nv,HAM_0004504
0,0.3804944157600403,1,ham10000,ISIC_0029369,nv,HAM_0004505
0,0.3374584913253784,1,ham10000,ISIC_0027320,bkl,HAM_0004506
1,0.1891564428806305,0,ham10000,ISIC_0024554,mel,HAM_0004507
0,0.149173766374588,0,ham10000,ISIC_0033628,nv,HAM_0004508
0,0.2723604142665863,1,ham10000,ISIC_0028028,nv,HAM_0004509
0,0.1595057249069214,0,ham10000,ISIC_0031110,nv,HAM_0004510
1,0.2881155014038086,1,ham10000,ISIC_0024590,bcc,HAM_0004511
0,0.38307827711105347,1,ham10000,ISIC_0027977,nv,HAM_0004512
0,0.1705261915922165,0,ham10000,ISIC_0026011,nv,HAM_0004513
1,0.20686742663383484,0,ham10000,ISIC_0030690,bcc,HAM_0004514
1,0.14187349379062653,0,ham10000,ISIC_0029564,bcc,HAM_0004515
0,0.2946518659591675,1,ham10000,ISIC_0025775,nv,HAM_0004516
0,0.31929031014442444,1,ham10000,ISIC_0025359,nv,HAM_0004517
0,0.16020971536636353,0,ham10000,ISIC_0024578,nv,HAM_0004518
0,0.34976300597190857,1,ham10000,ISIC_0028230,nv,HAM_0004519
0,0.26028791069984436,1,ham10000,ISIC_0027259,nv,HAM_0004520
1,0.5522263646125793,1,ham10000,ISIC_0031413,bcc,HAM_0004521
1,0.48164939880371094,1,ham10000,ISIC_0028381,akiec,HAM_0004522
0,0.2104112207889557,0,ham10000,ISIC_0029984,nv,HAM_0004523
0,0.36780932545661926,1,ham10000,ISIC_0027406,nv,HAM_0004524
0,0.3092527985572815,1,ham10000,ISIC_0032106,nv,HAM_0004526
0,0.19294950366020203,0,ham10000,ISIC_0027638,nv,HAM_0004527
0,0.2845897078514099,1,ham10000,ISIC_0031969,nv,HAM_0004528
0,0.3124823272228241,1,ham10000,ISIC_0029245,nv,HAM_0004529
0,0.11815759539604187,0,ham10000,ISIC_0030667,nv,HAM_0004530
0,0.255452960729599,1,ham10000,ISIC_0025799,bkl,HAM_0004531
0,0.3443015515804291,1,ham10000,ISIC_0026706,nv,HAM_0004532
0,0.3224780857563019,1,ham10000,ISIC_0030871,nv,HAM_0004533
0,0.1674131453037262,0,ham10000,ISIC_0024363,nv,HAM_0004534
0,0.216533824801445,0,ham10000,ISIC_0024364,nv,HAM_0004535
1,0.41038623452186584,1,ham10000,ISIC_0025644,bcc,HAM_0004536
0,0.3266046345233917,1,ham10000,ISIC_0026361,nv,HAM_0004537
0,0.423822820186615,1,ham10000,ISIC_0029273,nv,HAM_0004538
1,0.2838361859321594,1,ham10000,ISIC_0025617,bcc,HAM_0004539
0,0.25392842292785645,1,ham10000,ISIC_0027357,nv,HAM_0004540
0,0.1601344794034958,0,ham10000,ISIC_0028838,nv,HAM_0004541
0,0.1500183790922165,0,ham10000,ISIC_0024402,vasc,HAM_0004542
0,0.27311471104621887,1,ham10000,ISIC_0032170,bkl,HAM_0004543
0,0.23760569095611572,1,ham10000,ISIC_0031099,nv,HAM_0004544
0,0.19009263813495636,0,ham10000,ISIC_0025985,bkl,HAM_0004545
0,0.18685448169708252,0,ham10000,ISIC_0026561,nv,HAM_0004546
1,0.17667227983474731,0,ham10000,ISIC_0031303,mel,HAM_0004547
0,0.37682458758354187,1,ham10000,ISIC_0032520,nv,HAM_0004548
0,0.20159313082695007,0,ham10000,ISIC_0031201,vasc,HAM_0004549
0,0.31900206208229065,1,ham10000,ISIC_0032728,nv,HAM_0004550
0,0.3590450584888458,1,ham10000,ISIC_0031763,nv,HAM_0004551
0,0.20508973300457,0,ham10000,ISIC_0027593,nv,HAM_0004552
0,0.19109304249286652,0,ham10000,ISIC_0028673,nv,HAM_0004553
0,0.2589865028858185,1,ham10000,ISIC_0026065,nv,HAM_0004554
0,0.5357246398925781,1,ham10000,ISIC_0033200,bkl,HAM_0004555
0,0.3959159851074219,1,ham10000,ISIC_0028123,bkl,HAM_0004556
0,0.11666379123926163,0,ham10000,ISIC_0032465,nv,HAM_0004557
1,0.603925347328186,1,ham10000,ISIC_0030341,akiec,HAM_0004558
1,0.313382625579834,1,ham10000,ISIC_0028220,mel,HAM_0004559
0,0.22302202880382538,0,ham10000,ISIC_0030738,nv,HAM_0004560
0,0.19738464057445526,0,ham10000,ISIC_0024775,nv,HAM_0004561
0,0.33790093660354614,1,ham10000,ISIC_0031387,nv,HAM_0004562
1,0.5224477052688599,1,ham10000,ISIC_0031211,akiec,HAM_0004563
0,0.38634583353996277,1,ham10000,ISIC_0026761,nv,HAM_0004564
1,0.1433638632297516,0,ham10000,ISIC_0027561,mel,HAM_0004565
0,0.20942501723766327,0,ham10000,ISIC_0029394,bkl,HAM_0004566
0,0.40761226415634155,1,ham10000,ISIC_0027372,nv,HAM_0004567
1,0.541422963142395,1,ham10000,ISIC_0024463,akiec,HAM_0004568
0,0.13122043013572693,0,ham10000,ISIC_0026104,bkl,HAM_0004569
0,0.3080078363418579,1,ham10000,ISIC_0030396,bkl,HAM_0004570
1,0.1965118795633316,0,ham10000,ISIC_0033578,mel,HAM_0004571
0,0.18247927725315094,0,ham10000,ISIC_0032868,nv,HAM_0004572
0,0.3556480407714844,1,ham10000,ISIC_0024849,nv,HAM_0004573
0,0.6012153625488281,1,ham10000,ISIC_0032566,nv,HAM_0004574
0,0.25685426592826843,1,ham10000,ISIC_0024789,nv,HAM_0004575
0,0.2460959553718567,1,ham10000,ISIC_0028738,nv,HAM_0004576
0,0.3517449200153351,1,ham10000,ISIC_0027134,nv,HAM_0004577
1,0.43390145897865295,1,ham10000,ISIC_0034239,mel,HAM_0004578
1,0.4291185140609741,1,ham10000,ISIC_0025603,mel,HAM_0004579
0,0.3402617275714874,1,ham10000,ISIC_0030872,nv,HAM_0004580
0,0.3537847697734833,1,ham10000,ISIC_0032539,nv,HAM_0004581
0,0.24438735842704773,1,ham10000,ISIC_0033875,nv,HAM_0004582
0,0.16768652200698853,0,ham10000,ISIC_0034200,nv,HAM_0004583
0,0.32831650972366333,1,ham10000,ISIC_0034249,nv,HAM_0004584
0,0.3063020408153534,1,ham10000,ISIC_0032881,nv,HAM_0004585
0,0.23795606195926666,1,ham10000,ISIC_0033329,nv,HAM_0004586
0,0.20877042412757874,0,ham10000,ISIC_0034181,nv,HAM_0004587
0,0.2033846080303192,0,ham10000,ISIC_0033277,nv,HAM_0004588
0,0.18638627231121063,0,ham10000,ISIC_0033197,nv,HAM_0004589
0,0.19898274540901184,0,ham10000,ISIC_0032824,nv,HAM_0004590
0,0.2852497100830078,1,ham10000,ISIC_0027743,nv,HAM_0004591
1,0.14636076986789703,0,ham10000,ISIC_0029141,akiec,HAM_0004592
1,0.35494816303253174,1,ham10000,ISIC_0024900,mel,HAM_0004593
0,0.37603074312210083,1,ham10000,ISIC_0032418,nv,HAM_0004594
0,0.24480392038822174,1,ham10000,ISIC_0027844,nv,HAM_0004595
1,0.21102678775787354,0,ham10000,ISIC_0027187,mel,HAM_0004596
0,0.14774689078330994,0,ham10000,ISIC_0027050,nv,HAM_0004597
0,0.09940579533576965,0,ham10000,ISIC_0030345,nv,HAM_0004598
0,0.3989582657814026,1,ham10000,ISIC_0033861,nv,HAM_0004599
0,0.2791387140750885,1,ham10000,ISIC_0028464,nv,HAM_0004600
0,0.3092690408229828,1,ham10000,ISIC_0028443,nv,HAM_0004601
0,0.15110327303409576,0,ham10000,ISIC_0031240,nv,HAM_0004602
1,0.3882324695587158,1,ham10000,ISIC_0025793,bcc,HAM_0004603
0,0.2486223578453064,1,ham10000,ISIC_0027133,nv,HAM_0004604
0,0.3601377606391907,1,ham10000,ISIC_0032267,nv,HAM_0004605
0,0.3233705461025238,1,ham10000,ISIC_0027273,nv,HAM_0004606
1,0.32991886138916016,1,ham10000,ISIC_0026150,mel,HAM_0004607
0,0.38402843475341797,1,ham10000,ISIC_0028979,nv,HAM_0004608
1,0.5843987464904785,1,ham10000,ISIC_0024710,akiec,HAM_0004609
0,0.23935812711715698,1,ham10000,ISIC_0025042,nv,HAM_0004610
0,0.3093917667865753,1,ham10000,ISIC_0027716,nv,HAM_0004611
0,0.10906236618757248,0,ham10000,ISIC_0031333,nv,HAM_0004612
0,0.31693369150161743,1,ham10000,ISIC_0031938,nv,HAM_0004613
0,0.16612452268600464,0,ham10000,ISIC_0030151,nv,HAM_0004614
0,0.13677673041820526,0,ham10000,ISIC_0032815,nv,HAM_0004615
0,0.28244781494140625,1,ham10000,ISIC_0030084,nv,HAM_0004616
0,0.2068989872932434,0,ham10000,ISIC_0025664,nv,HAM_0004619
1,0.4011804461479187,1,ham10000,ISIC_0033122,mel,HAM_0004620
1,0.38640910387039185,1,ham10000,ISIC_0025818,bcc,HAM_0004621
1,0.2286580353975296,0,ham10000,ISIC_0028666,mel,HAM_0004622
0,0.3402668833732605,1,ham10000,ISIC_0024746,nv,HAM_0004623
1,0.3011767268180847,1,ham10000,ISIC_0028329,bcc,HAM_0004624
0,0.2645878195762634,1,ham10000,ISIC_0029346,nv,HAM_0004625
0,0.3083333969116211,1,ham10000,ISIC_0026904,nv,HAM_0004626
1,0.1919872909784317,0,ham10000,ISIC_0029974,bcc,HAM_0004627
0,0.12972348928451538,0,ham10000,ISIC_0027405,nv,HAM_0004628
0,0.4146014451980591,1,ham10000,ISIC_0027019,nv,HAM_0004629
0,0.3790970742702484,1,ham10000,ISIC_0025292,bkl,HAM_0004630
0,0.11592621356248856,0,ham10000,ISIC_0032473,nv,HAM_0004631
0,0.19163423776626587,0,ham10000,ISIC_0024382,bkl,HAM_0004632
0,0.30443552136421204,1,ham10000,ISIC_0025772,nv,HAM_0004633
0,0.41002821922302246,1,ham10000,ISIC_0032454,nv,HAM_0004634
1,0.2060115784406662,0,ham10000,ISIC_0029541,akiec,HAM_0004636
1,0.24406318366527557,1,ham10000,ISIC_0032036,mel,HAM_0004637
0,0.21751615405082703,0,ham10000,ISIC_0029344,nv,HAM_0004638
0,0.2770118713378906,1,ham10000,ISIC_0025635,nv,HAM_0004639
0,0.19349630177021027,0,ham10000,ISIC_0031834,nv,HAM_0004640
0,0.29605814814567566,1,ham10000,ISIC_0025099,bkl,HAM_0004641
1,0.37462976574897766,1,ham10000,ISIC_0025121,mel,HAM_0004642
1,0.774006724357605,1,ham10000,ISIC_0029651,mel,HAM_0004643
0,0.41890817880630493,1,ham10000,ISIC_0031232,nv,HAM_0004644
0,0.14136911928653717,0,ham10000,ISIC_0030028,nv,HAM_0004645
0,0.38777729868888855,1,ham10000,ISIC_0029140,nv,HAM_0004646
0,0.3676387667655945,1,ham10000,ISIC_0025639,nv,HAM_0004647
0,0.3672739565372467,1,ham10000,ISIC_0025911,df,HAM_0004648
0,0.22273074090480804,0,ham10000,ISIC_0031373,nv,HAM_0004649
0,0.18960033357143402,0,ham10000,ISIC_0028149,nv,HAM_0004650
1,0.15299446880817413,0,ham10000,ISIC_0027328,mel,HAM_0004651
0,0.3239292502403259,1,ham10000,ISIC_0024583,nv,HAM_0004652
0,0.24794329702854156,1,ham10000,ISIC_0028431,vasc,HAM_0004653
1,0.41300252079963684,1,ham10000,ISIC_0027130,mel,HAM_0004654
1,0.11806201189756393,0,ham10000,ISIC_0030463,akiec,HAM_0004655
0,0.20798957347869873,0,ham10000,ISIC_0027475,nv,HAM_0004656
0,0.39946040511131287,1,ham10000,ISIC_0024369,nv,HAM_0004657
0,0.3844550549983978,1,ham10000,ISIC_0031478,nv,HAM_0004658
0,0.11924726516008377,0,ham10000,ISIC_0027993,nv,HAM_0004659
0,0.4293361306190491,1,ham10000,ISIC_0027504,bkl,HAM_0004660
0,0.37358587980270386,1,ham10000,ISIC_0026808,nv,HAM_0004661
1,0.3053801953792572,1,ham10000,ISIC_0024331,bcc,HAM_0004662
0,0.31695908308029175,1,ham10000,ISIC_0025809,nv,HAM_0004663
0,0.29143399000167847,1,ham10000,ISIC_0027566,nv,HAM_0004664
0,0.14839139580726624,0,ham10000,ISIC_0030990,nv,HAM_0004665
0,0.2683049142360687,1,ham10000,ISIC_0029165,nv,HAM_0004666
0,0.2277396023273468,0,ham10000,ISIC_0031317,nv,HAM_0004667
0,0.28714898228645325,1,ham10000,ISIC_0027272,nv,HAM_0004668
1,0.3841908276081085,1,ham10000,ISIC_0028543,mel,HAM_0004669
0,0.17205622792243958,0,ham10000,ISIC_0033190,nv,HAM_0004670
0,0.22652694582939148,0,ham10000,ISIC_0026013,nv,HAM_0004671
0,0.18185608088970184,0,ham10000,ISIC_0026550,nv,HAM_0004672
0,0.28321388363838196,1,ham10000,ISIC_0027455,bkl,HAM_0004673
0,0.3659541606903076,1,ham10000,ISIC_0027252,nv,HAM_0004674
0,0.3041600286960602,1,ham10000,ISIC_0031411,nv,HAM_0004675
1,0.15657036006450653,0,ham10000,ISIC_0026247,mel,HAM_0004676
0,0.6275196671485901,1,ham10000,ISIC_0027680,bkl,HAM_0004677
0,0.3905247449874878,1,ham10000,ISIC_0025952,nv,HAM_0004678
0,0.2867184579372406,1,ham10000,ISIC_0030985,nv,HAM_0004679
0,0.22570577263832092,0,ham10000,ISIC_0024876,nv,HAM_0004680
0,0.3654707074165344,1,ham10000,ISIC_0031919,nv,HAM_0004681
0,0.13819846510887146,0,ham10000,ISIC_0028474,nv,HAM_0004682
0,0.22483231127262115,0,ham10000,ISIC_0026079,nv,HAM_0004683
0,0.23214410245418549,0,ham10000,ISIC_0028394,nv,HAM_0004684
1,0.8513595461845398,1,ham10000,ISIC_0030767,bcc,HAM_0004685
0,0.1527717411518097,0,ham10000,ISIC_0028574,nv,HAM_0004686
1,0.6722002625465393,1,ham10000,ISIC_0032938,mel,HAM_0004687
0,0.3784928619861603,1,ham10000,ISIC_0032000,nv,HAM_0004688
0,0.178660050034523,0,ham10000,ISIC_0029158,nv,HAM_0004689
0,0.27288901805877686,1,ham10000,ISIC_0027374,bkl,HAM_0004690
0,0.2245495319366455,0,ham10000,ISIC_0025805,bkl,HAM_0004691
0,0.3152976334095001,1,ham10000,ISIC_0030734,nv,HAM_0004692
0,0.12102963775396347,0,ham10000,ISIC_0025283,nv,HAM_0004693
0,0.5078927278518677,1,ham10000,ISIC_0028611,bkl,HAM_0004695
0,0.5289450883865356,1,ham10000,ISIC_0024881,bkl,HAM_0004696
0,0.1700853705406189,0,ham10000,ISIC_0026856,nv,HAM_0004697
0,0.2335784137248993,1,ham10000,ISIC_0030127,nv,HAM_0004698
0,0.17106284201145172,0,ham10000,ISIC_0027497,nv,HAM_0004699
0,0.29034724831581116,1,ham10000,ISIC_0024727,nv,HAM_0004700
0,0.26700061559677124,1,ham10000,ISIC_0032243,nv,HAM_0004701
0,0.22255034744739532,0,ham10000,ISIC_0028462,nv,HAM_0004702
0,0.3197402358055115,1,ham10000,ISIC_0028658,nv,HAM_0004703
0,0.31538668274879456,1,ham10000,ISIC_0026093,nv,HAM_0004704
0,0.3936854302883148,1,ham10000,ISIC_0034260,nv,HAM_0004705
0,0.34404170513153076,1,ham10000,ISIC_0033308,nv,HAM_0004706
0,0.2139517366886139,0,ham10000,ISIC_0029386,nv,HAM_0004707
0,0.22125118970870972,0,ham10000,ISIC_0033561,nv,HAM_0004708
1,0.400621235370636,1,ham10000,ISIC_0026558,mel,HAM_0004709
0,0.37636715173721313,1,ham10000,ISIC_0028270,nv,HAM_0004710
1,0.4246639013290405,1,ham10000,ISIC_0028197,bcc,HAM_0004711
0,0.1314801722764969,0,ham10000,ISIC_0030101,nv,HAM_0004712
0,0.20580139756202698,0,ham10000,ISIC_0031125,bkl,HAM_0004713
0,0.24843502044677734,1,ham10000,ISIC_0032651,nv,HAM_0004714
0,0.25129902362823486,1,ham10000,ISIC_0030494,nv,HAM_0004715
0,0.2467872053384781,1,ham10000,ISIC_0032729,nv,HAM_0004716
0,0.4153405427932739,1,ham10000,ISIC_0025227,nv,HAM_0004717
0,0.13467001914978027,0,ham10000,ISIC_0027589,nv,HAM_0004718
0,0.4043082594871521,1,ham10000,ISIC_0029276,nv,HAM_0004719
1,0.4136984348297119,1,ham10000,ISIC_0027277,mel,HAM_0004720
0,0.3415120840072632,1,ham10000,ISIC_0032234,nv,HAM_0004721
1,0.5417298674583435,1,ham10000,ISIC_0024575,akiec,HAM_0004722
0,0.3268924951553345,1,ham10000,ISIC_0032413,nv,HAM_0004723
0,0.34735310077667236,1,ham10000,ISIC_0024924,nv,HAM_0004724
0,0.378920316696167,1,ham10000,ISIC_0032507,nv,HAM_0004725
0,0.3514447510242462,1,ham10000,ISIC_0027579,nv,HAM_0004726
0,0.13124080002307892,0,ham10000,ISIC_0028250,nv,HAM_0004727
0,0.3957768678665161,1,ham10000,ISIC_0026779,nv,HAM_0004728
0,0.26477277278900146,1,ham10000,ISIC_0026198,nv,HAM_0004729
0,0.4178675711154938,1,ham10000,ISIC_0032297,nv,HAM_0004730
0,0.41649875044822693,1,ham10000,ISIC_0031248,nv,HAM_0004731
0,0.30119311809539795,1,ham10000,ISIC_0024858,nv,HAM_0004732
0,0.28050583600997925,1,ham10000,ISIC_0027565,nv,HAM_0004733
0,0.34356117248535156,1,ham10000,ISIC_0026396,nv,HAM_0004734
0,0.19837884604930878,0,ham10000,ISIC_0030000,nv,HAM_0004735
0,0.42656391859054565,1,ham10000,ISIC_0031990,nv,HAM_0004736
0,0.35933437943458557,1,ham10000,ISIC_0027221,nv,HAM_0004737
0,0.35394564270973206,1,ham10000,ISIC_0027512,nv,HAM_0004738
1,0.5794652700424194,1,ham10000,ISIC_0025234,mel,HAM_0004739
0,0.4283798038959503,1,ham10000,ISIC_0024992,nv,HAM_0004740
0,0.3263222277164459,1,ham10000,ISIC_0031687,nv,HAM_0004741
0,0.1565157026052475,0,ham10000,ISIC_0028338,nv,HAM_0004742
0,0.4127558171749115,1,ham10000,ISIC_0024692,nv,HAM_0004744
0,0.260268896818161,1,ham10000,ISIC_0028004,nv,HAM_0004745
1,0.345957487821579,1,ham10000,ISIC_0028764,mel,HAM_0004746
0,0.2284187227487564,0,ham10000,ISIC_0031435,nv,HAM_0004747
0,0.1806473433971405,0,ham10000,ISIC_0027513,bkl,HAM_0004748
0,0.41634926199913025,1,ham10000,ISIC_0024543,nv,HAM_0004749
0,0.23586609959602356,1,ham10000,ISIC_0029266,nv,HAM_0004750
0,0.1800455003976822,0,ham10000,ISIC_0026776,nv,HAM_0004751
0,0.1956343948841095,0,ham10000,ISIC_0028549,nv,HAM_0004752
0,0.37258678674697876,1,ham10000,ISIC_0031884,nv,HAM_0004753
1,0.7397993803024292,1,ham10000,ISIC_0032790,mel,HAM_0004754
0,0.2659243941307068,1,ham10000,ISIC_0029151,nv,HAM_0004755
0,0.26146528124809265,1,ham10000,ISIC_0029248,df,HAM_0004756
0,0.24514463543891907,1,ham10000,ISIC_0025607,nv,HAM_0004757
0,0.15540854632854462,0,ham10000,ISIC_0028491,nv,HAM_0004758
0,0.22263464331626892,0,ham10000,ISIC_0030467,nv,HAM_0004759
0,0.17986376583576202,0,ham10000,ISIC_0026826,nv,HAM_0004761
0,0.19487424194812775,0,ham10000,ISIC_0026080,nv,HAM_0004762
0,0.3651319444179535,1,ham10000,ISIC_0024891,nv,HAM_0004763
0,0.14703452587127686,0,ham10000,ISIC_0025270,nv,HAM_0004764
0,0.29206663370132446,1,ham10000,ISIC_0025599,vasc,HAM_0004765
0,0.4033881425857544,1,ham10000,ISIC_0030462,nv,HAM_0004766
1,0.175453320145607,0,ham10000,ISIC_0025531,mel,HAM_0004767
0,0.19028685986995697,0,ham10000,ISIC_0024408,bkl,HAM_0004768
0,0.19223131239414215,0,ham10000,ISIC_0025250,vasc,HAM_0004769
0,0.3443463146686554,1,ham10000,ISIC_0032495,nv,HAM_0004770
0,0.21470960974693298,0,ham10000,ISIC_0024622,nv,HAM_0004771
0,0.354375422000885,1,ham10000,ISIC_0027223,nv,HAM_0004772
0,0.5395371913909912,1,ham10000,ISIC_0032853,nv,HAM_0004773
0,0.1963983029127121,0,ham10000,ISIC_0031497,nv,HAM_0004774
0,0.23596593737602234,1,ham10000,ISIC_0027293,nv,HAM_0004775
0,0.7458900213241577,1,ham10000,ISIC_0032545,vasc,HAM_0004776
0,0.32882359623908997,1,ham10000,ISIC_0026749,nv,HAM_0004777
0,0.3661767244338989,1,ham10000,ISIC_0028432,nv,HAM_0004778
1,0.40788164734840393,1,ham10000,ISIC_0024823,mel,HAM_0004779
1,0.40172532200813293,1,ham10000,ISIC_0029315,akiec,HAM_0004780
0,0.38988369703292847,1,ham10000,ISIC_0025025,nv,HAM_0004781
0,0.3250959813594818,1,ham10000,ISIC_0026264,nv,HAM_0004782
0,0.1861802637577057,0,ham10000,ISIC_0025671,nv,HAM_0004783
1,0.3347570598125458,1,ham10000,ISIC_0027872,mel,HAM_0004784
0,0.40436476469039917,1,ham10000,ISIC_0030788,nv,HAM_0004785
0,0.1582375317811966,0,ham10000,ISIC_0029751,nv,HAM_0004786
0,0.3640076220035553,1,ham10000,ISIC_0029566,nv,HAM_0004787
0,0.5017998814582825,1,ham10000,ISIC_0032835,bkl,HAM_0004788
0,0.3067028820514679,1,ham10000,ISIC_0031652,nv,HAM_0004789
0,0.3134072422981262,1,ham10000,ISIC_0030902,nv,HAM_0004790
0,0.4539783298969269,1,ham10000,ISIC_0032538,vasc,HAM_0004791
0,0.16150401532649994,0,ham10000,ISIC_0031604,nv,HAM_0004792
0,0.28967535495758057,1,ham10000,ISIC_0028102,nv,HAM_0004793
0,0.23350293934345245,1,ham10000,ISIC_0027481,nv,HAM_0004794
0,0.33605560660362244,1,ham10000,ISIC_0026595,nv,HAM_0004795
0,0.4183093309402466,1,ham10000,ISIC_0032143,nv,HAM_0004796
0,0.2813025414943695,1,ham10000,ISIC_0024895,nv,HAM_0004797
0,0.25758054852485657,1,ham10000,ISIC_0029103,nv,HAM_0004798
0,0.12116164714097977,0,ham10000,ISIC_0030807,nv,HAM_0004799
0,0.4166700839996338,1,ham10000,ISIC_0029620,nv,HAM_0004800
0,0.24825868010520935,1,ham10000,ISIC_0030365,bkl,HAM_0004801
0,0.3986414968967438,1,ham10000,ISIC_0024596,nv,HAM_0004802
0,0.7208858728408813,1,ham10000,ISIC_0030880,nv,HAM_0004803
0,0.4515451490879059,1,ham10000,ISIC_0030497,nv,HAM_0004804
0,0.318790465593338,1,ham10000,ISIC_0028641,nv,HAM_0004805
0,0.4573596119880676,1,ham10000,ISIC_0031031,nv,HAM_0004806
0,0.3920232057571411,1,ham10000,ISIC_0030124,bkl,HAM_0004807
0,0.18856385350227356,0,ham10000,ISIC_0029078,nv,HAM_0004808
1,0.49098819494247437,1,ham10000,ISIC_0029840,akiec,HAM_0004809
0,0.15617622435092926,0,ham10000,ISIC_0030220,nv,HAM_0004810
1,0.39552971720695496,1,ham10000,ISIC_0032602,mel,HAM_0004811
0,0.17605865001678467,0,ham10000,ISIC_0025682,nv,HAM_0004812
1,0.3038223683834076,1,ham10000,ISIC_0027063,mel,HAM_0004813
0,0.23904390633106232,1,ham10000,ISIC_0032702,nv,HAM_0004814
0,0.3172389566898346,1,ham10000,ISIC_0031342,nv,HAM_0004815
0,0.3507459759712219,1,ham10000,ISIC_0031608,nv,HAM_0004816
1,0.3612767457962036,1,ham10000,ISIC_0025238,mel,HAM_0004817
0,0.26416918635368347,1,ham10000,ISIC_0030736,nv,HAM_0004818
0,0.26223060488700867,1,ham10000,ISIC_0028975,nv,HAM_0004819
0,0.5565470457077026,1,ham10000,ISIC_0030722,vasc,HAM_0004820
0,0.0839981660246849,0,ham10000,ISIC_0031885,nv,HAM_0004821
0,0.2480573207139969,1,ham10000,ISIC_0029788,nv,HAM_0004822
0,0.4095129668712616,1,ham10000,ISIC_0032108,nv,HAM_0004823
0,0.38361677527427673,1,ham10000,ISIC_0026698,nv,HAM_0004824
0,0.2423182725906372,1,ham10000,ISIC_0028152,nv,HAM_0004825
0,0.30217525362968445,1,ham10000,ISIC_0027564,nv,HAM_0004826
1,0.14423786103725433,0,ham10000,ISIC_0027819,bcc,HAM_0004827
0,0.2640630304813385,1,ham10000,ISIC_0028848,nv,HAM_0004828
0,0.2104114294052124,0,ham10000,ISIC_0032595,nv,HAM_0004829
0,0.1851164847612381,0,ham10000,ISIC_0027248,nv,HAM_0004830
1,0.38855740427970886,1,ham10000,ISIC_0025144,bcc,HAM_0004831
0,0.5405359268188477,1,ham10000,ISIC_0024709,bkl,HAM_0004832
0,0.4460689127445221,1,ham10000,ISIC_0026133,nv,HAM_0004833
0,0.356898695230484,1,ham10000,ISIC_0025328,nv,HAM_0004834
0,0.2274053394794464,0,ham10000,ISIC_0031809,nv,HAM_0004835
0,0.28811368346214294,1,ham10000,ISIC_0025533,nv,HAM_0004836
0,0.22472022473812103,0,ham10000,ISIC_0030735,nv,HAM_0004837
0,0.2961888611316681,1,ham10000,ISIC_0030869,nv,HAM_0004838
0,0.2569277286529541,1,ham10000,ISIC_0024599,nv,HAM_0004839
0,0.35213297605514526,1,ham10000,ISIC_0025273,nv,HAM_0004840
0,0.11681991070508957,0,ham10000,ISIC_0028694,nv,HAM_0004841
0,0.2855979800224304,1,ham10000,ISIC_0026854,nv,HAM_0004842
0,0.29170989990234375,1,ham10000,ISIC_0031280,nv,HAM_0004843
1,0.3967238664627075,1,ham10000,ISIC_0033394,mel,HAM_0004844
0,0.24486595392227173,1,ham10000,ISIC_0026486,nv,HAM_0004845
1,0.2019214630126953,0,ham10000,ISIC_0026411,akiec,HAM_0004846
0,0.3968009352684021,1,ham10000,ISIC_0030906,nv,HAM_0004847
1,0.2563197910785675,1,ham10000,ISIC_0032727,bcc,HAM_0004848
1,0.4950735867023468,1,ham10000,ISIC_0032991,bcc,HAM_0004849
1,0.3643508851528168,1,ham10000,ISIC_0026438,mel,HAM_0004850
0,0.30169761180877686,1,ham10000,ISIC_0031219,nv,HAM_0004851
0,0.162014901638031,0,ham10000,ISIC_0028774,bkl,HAM_0004852
1,0.40670210123062134,1,ham10000,ISIC_0030333,mel,HAM_0004853
0,0.18237611651420593,0,ham10000,ISIC_0033078,nv,HAM_0004854
0,0.3752495050430298,1,ham10000,ISIC_0026642,nv,HAM_0004855
0,0.32478001713752747,1,ham10000,ISIC_0026299,nv,HAM_0004856
0,0.25117218494415283,1,ham10000,ISIC_0029038,nv,HAM_0004857
0,0.23710432648658752,1,ham10000,ISIC_0032239,nv,HAM_0004858
1,0.3290441930294037,1,ham10000,ISIC_0033653,mel,HAM_0004859
0,0.26685473322868347,1,ham10000,ISIC_0031732,nv,HAM_0004860
0,0.3442727327346802,1,ham10000,ISIC_0031153,nv,HAM_0004861
0,0.18539559841156006,0,ham10000,ISIC_0032057,vasc,HAM_0004862
0,0.2869917154312134,1,ham10000,ISIC_0024945,nv,HAM_0004863
0,0.4406421184539795,1,ham10000,ISIC_0024682,nv,HAM_0004864
0,0.141455739736557,0,ham10000,ISIC_0028157,nv,HAM_0004865
0,0.3772728741168976,1,ham10000,ISIC_0032184,nv,HAM_0004866
0,0.20009174942970276,0,ham10000,ISIC_0031538,nv,HAM_0004868
0,0.24839290976524353,1,ham10000,ISIC_0025370,nv,HAM_0004869
0,0.36064013838768005,1,ham10000,ISIC_0024751,nv,HAM_0004870
1,0.48385658860206604,1,ham10000,ISIC_0030261,bcc,HAM_0004871
0,0.36212658882141113,1,ham10000,ISIC_0033202,nv,HAM_0004872
1,0.6010373830795288,1,ham10000,ISIC_0029020,bcc,HAM_0004873
0,0.2672656178474426,1,ham10000,ISIC_0032160,nv,HAM_0004874
0,0.3046238422393799,1,ham10000,ISIC_0028268,nv,HAM_0004875
0,0.3240714967250824,1,ham10000,ISIC_0029356,nv,HAM_0004876
0,0.46627697348594666,1,ham10000,ISIC_0027159,vasc,HAM_0004877
1,0.30940932035446167,1,ham10000,ISIC_0026802,mel,HAM_0004878
0,0.20374304056167603,0,ham10000,ISIC_0032419,nv,HAM_0004879
1,0.5366879105567932,1,ham10000,ISIC_0028583,bcc,HAM_0004880
1,0.47908633947372437,1,ham10000,ISIC_0032913,mel,HAM_0004881
0,0.1739061176776886,0,ham10000,ISIC_0033357,nv,HAM_0004882
0,0.7206137180328369,1,ham10000,ISIC_0030436,bkl,HAM_0004883
0,0.18293650448322296,0,ham10000,ISIC_0025937,bkl,HAM_0004884
0,0.264108270406723,1,ham10000,ISIC_0030570,nv,HAM_0004885
0,0.27660828828811646,1,ham10000,ISIC_0027112,nv,HAM_0004886
0,0.15575364232063293,0,ham10000,ISIC_0024717,nv,HAM_0004887
1,0.2597751021385193,1,ham10000,ISIC_0030107,mel,HAM_0004888
0,0.4377850294113159,1,ham10000,ISIC_0026714,bkl,HAM_0004889
0,0.3604816794395447,1,ham10000,ISIC_0028054,nv,HAM_0004890
0,0.2949361205101013,1,ham10000,ISIC_0027943,nv,HAM_0004891
0,0.4350513517856598,1,ham10000,ISIC_0025228,nv,HAM_0004892
0,0.3157840371131897,1,ham10000,ISIC_0031906,nv,HAM_0004893
0,0.272845596075058,1,ham10000,ISIC_0030643,nv,HAM_0004894
0,0.12397708743810654,0,ham10000,ISIC_0024753,nv,HAM_0004895
0,0.20206350088119507,0,ham10000,ISIC_0025369,nv,HAM_0004896
0,0.23453548550605774,1,ham10000,ISIC_0024352,nv,HAM_0004897
1,0.16452544927597046,0,ham10000,ISIC_0024932,mel,HAM_0004898
1,0.3761795461177826,1,ham10000,ISIC_0027930,akiec,HAM_0004899
0,0.3308717608451843,1,ham10000,ISIC_0027860,nv,HAM_0004900
0,0.36392366886138916,1,ham10000,ISIC_0025361,nv,HAM_0004901
0,0.4044938087463379,1,ham10000,ISIC_0030823,nv,HAM_0004902
0,0.3782891035079956,1,ham10000,ISIC_0025604,nv,HAM_0004903
0,0.3390807807445526,1,ham10000,ISIC_0032381,nv,HAM_0004904
0,0.20778676867485046,0,ham10000,ISIC_0027162,bkl,HAM_0004905
0,0.3520413935184479,1,ham10000,ISIC_0028522,nv,HAM_0004906
0,0.17656303942203522,0,ham10000,ISIC_0026001,nv,HAM_0004907
0,0.13914822041988373,0,ham10000,ISIC_0028710,bkl,HAM_0004908
0,0.2880265712738037,1,ham10000,ISIC_0025118,nv,HAM_0004909
1,0.4347786009311676,1,ham10000,ISIC_0026115,mel,HAM_0004910
0,0.3376697301864624,1,ham10000,ISIC_0030860,nv,HAM_0004911
0,0.21496519446372986,0,ham10000,ISIC_0025753,bkl,HAM_0004912
0,0.2339324951171875,1,ham10000,ISIC_0025770,nv,HAM_0004913
1,0.20051738619804382,0,ham10000,ISIC_0034062,mel,HAM_0004914
0,0.20998011529445648,0,ham10000,ISIC_0025272,nv,HAM_0004915
0,0.21010389924049377,0,ham10000,ISIC_0026010,nv,HAM_0004916
0,0.4993225038051605,1,ham10000,ISIC_0026301,bkl,HAM_0004917
0,0.385001003742218,1,ham10000,ISIC_0026317,nv,HAM_0004918
0,0.31641966104507446,1,ham10000,ISIC_0025226,nv,HAM_0004919
0,0.18397000432014465,0,ham10000,ISIC_0030983,nv,HAM_0004920
0,0.1840299665927887,0,ham10000,ISIC_0025389,bkl,HAM_0004921
0,0.2852621376514435,1,ham10000,ISIC_0027108,nv,HAM_0004922
0,0.30987200140953064,1,ham10000,ISIC_0030444,nv,HAM_0004923
0,0.36450323462486267,1,ham10000,ISIC_0027040,nv,HAM_0004924
0,0.1397024542093277,0,ham10000,ISIC_0024873,nv,HAM_0004925
0,0.22045712172985077,0,ham10000,ISIC_0024785,nv,HAM_0004926
1,0.6272587776184082,1,ham10000,ISIC_0032921,mel,HAM_0004927
0,0.25732845067977905,1,ham10000,ISIC_0029770,bkl,HAM_0004928
0,0.20457656681537628,0,ham10000,ISIC_0029044,nv,HAM_0004929
0,0.2595738470554352,1,ham10000,ISIC_0026428,nv,HAM_0004931
0,0.09690889716148376,0,ham10000,ISIC_0032212,nv,HAM_0004932
0,0.4532003402709961,1,ham10000,ISIC_0025558,nv,HAM_0004933
0,0.32062235474586487,1,ham10000,ISIC_0030629,nv,HAM_0004935
1,0.41719815135002136,1,ham10000,ISIC_0025573,mel,HAM_0004936
1,0.8397093415260315,1,ham10000,ISIC_0026988,bcc,HAM_0004937
0,0.30955758690834045,1,ham10000,ISIC_0027214,nv,HAM_0004938
0,0.368535578250885,1,ham10000,ISIC_0026521,nv,HAM_0004939
1,0.23525370657444,1,ham10000,ISIC_0026970,bcc,HAM_0004940
0,0.292919397354126,1,ham10000,ISIC_0027121,nv,HAM_0004941
0,0.33297985792160034,1,ham10000,ISIC_0028202,nv,HAM_0004942
0,0.49098554253578186,1,ham10000,ISIC_0027790,vasc,HAM_0004943
0,0.40853115916252136,1,ham10000,ISIC_0030559,nv,HAM_0004944
0,0.33555662631988525,1,ham10000,ISIC_0029358,bkl,HAM_0004945
0,0.2954593896865845,1,ham10000,ISIC_0030425,nv,HAM_0004946
0,0.4183753430843353,1,ham10000,ISIC_0024711,bkl,HAM_0004947
0,0.12073312699794769,0,ham10000,ISIC_0025736,nv,HAM_0004948
1,0.27440962195396423,1,ham10000,ISIC_0032981,mel,HAM_0004949
0,0.3748410642147064,1,ham10000,ISIC_0031878,nv,HAM_0004950
0,0.30216798186302185,1,ham10000,ISIC_0026339,nv,HAM_0004951
0,0.19383543729782104,0,ham10000,ISIC_0028111,nv,HAM_0004952
0,0.2516942322254181,1,ham10000,ISIC_0030156,nv,HAM_0004954
0,0.2906131148338318,1,ham10000,ISIC_0027128,nv,HAM_0004955
0,0.3386971652507782,1,ham10000,ISIC_0030810,nv,HAM_0004956
0,0.4745778739452362,1,ham10000,ISIC_0027652,bkl,HAM_0004958
0,0.17622564733028412,0,ham10000,ISIC_0028262,nv,HAM_0004959
0,0.44598326086997986,1,ham10000,ISIC_0027876,df,HAM_0004960
0,0.3903070092201233,1,ham10000,ISIC_0025705,nv,HAM_0004961
0,0.5318119525909424,1,ham10000,ISIC_0032563,nv,HAM_0004963
0,0.28605276346206665,1,ham10000,ISIC_0028062,nv,HAM_0004964
0,0.16487616300582886,0,ham10000,ISIC_0025287,nv,HAM_0004965
0,0.25318005681037903,1,ham10000,ISIC_0029508,nv,HAM_0004966
1,0.2617279589176178,1,ham10000,ISIC_0028815,bcc,HAM_0004967
0,0.16204941272735596,0,ham10000,ISIC_0025521,nv,HAM_0004969
1,0.5947484374046326,1,ham10000,ISIC_0026593,bcc,HAM_0004970
0,0.24875271320343018,1,ham10000,ISIC_0028836,nv,HAM_0004971
0,0.2751306891441345,1,ham10000,ISIC_0026997,nv,HAM_0004972
0,0.21326695382595062,0,ham10000,ISIC_0025872,nv,HAM_0004973
0,0.3247125446796417,1,ham10000,ISIC_0028959,nv,HAM_0004974
0,0.5833020806312561,1,ham10000,ISIC_0032863,bkl,HAM_0004975
1,0.15023277699947357,0,ham10000,ISIC_0028499,akiec,HAM_0004976
0,0.25143375992774963,1,ham10000,ISIC_0028740,nv,HAM_0004977
0,0.16727927327156067,0,ham10000,ISIC_0032101,nv,HAM_0004978
1,0.3519434332847595,1,ham10000,ISIC_0026596,mel,HAM_0004979
1,0.35272619128227234,1,ham10000,ISIC_0027693,mel,HAM_0004980
0,0.23039157688617706,0,ham10000,ISIC_0030493,nv,HAM_0004981
0,0.3818841874599457,1,ham10000,ISIC_0025192,nv,HAM_0004982
0,0.08382359147071838,0,ham10000,ISIC_0030291,nv,HAM_0004983
1,0.6913382411003113,1,ham10000,ISIC_0032879,mel,HAM_0004984
0,0.4111226797103882,1,ham10000,ISIC_0024518,nv,HAM_0004985
0,0.197374626994133,0,ham10000,ISIC_0025598,nv,HAM_0004986
0,0.19730736315250397,0,ham10000,ISIC_0027132,nv,HAM_0004987
0,0.3073149621486664,1,ham10000,ISIC_0025659,bkl,HAM_0004988
0,0.2798301875591278,1,ham10000,ISIC_0028669,nv,HAM_0004989
0,0.13562309741973877,0,ham10000,ISIC_0028433,nv,HAM_0004990
0,0.21390525996685028,0,ham10000,ISIC_0028809,nv,HAM_0004991
1,0.20632068812847137,0,ham10000,ISIC_0026132,akiec,HAM_0004992
0,0.35064592957496643,1,ham10000,ISIC_0031736,nv,HAM_0004993
0,0.21782909333705902,0,ham10000,ISIC_0028839,nv,HAM_0004994
0,0.3471369743347168,1,ham10000,ISIC_0029869,nv,HAM_0004995
0,0.2690633535385132,1,ham10000,ISIC_0028909,nv,HAM_0004996
0,0.44975823163986206,1,ham10000,ISIC_0027305,nv,HAM_0004997
1,0.2493910789489746,1,ham10000,ISIC_0033304,mel,HAM_0004998
0,0.30006641149520874,1,ham10000,ISIC_0027690,nv,HAM_0004999
0,0.23063519597053528,0,ham10000,ISIC_0031312,nv,HAM_0005000
0,0.21957255899906158,0,ham10000,ISIC_0031438,nv,HAM_0005001
0,0.3903979957103729,1,ham10000,ISIC_0031869,nv,HAM_0005002
0,0.3036549985408783,1,ham10000,ISIC_0026689,nv,HAM_0005003
0,0.3881617486476898,1,ham10000,ISIC_0028708,nv,HAM_0005004
0,0.16726796329021454,0,ham10000,ISIC_0031920,nv,HAM_0005005
1,0.38299843668937683,1,ham10000,ISIC_0031146,mel,HAM_0005006
0,0.3524952232837677,1,ham10000,ISIC_0024668,nv,HAM_0005007
0,0.3436320424079895,1,ham10000,ISIC_0026580,nv,HAM_0005008
0,0.4978453814983368,1,ham10000,ISIC_0027569,nv,HAM_0005009
1,0.1957322657108307,0,ham10000,ISIC_0033180,mel,HAM_0005010
0,0.1448228657245636,0,ham10000,ISIC_0026393,vasc,HAM_0005011
0,0.148142471909523,0,ham10000,ISIC_0031251,nv,HAM_0005012
0,0.4190683364868164,1,ham10000,ISIC_0030448,nv,HAM_0005013
0,0.40100380778312683,1,ham10000,ISIC_0030504,nv,HAM_0005014
0,0.31852859258651733,1,ham10000,ISIC_0026355,nv,HAM_0005015
0,0.24066849052906036,1,ham10000,ISIC_0027045,nv,HAM_0005016
0,0.35345587134361267,1,ham10000,ISIC_0025310,nv,HAM_0005017
0,0.228657528758049,0,ham10000,ISIC_0026440,nv,HAM_0005018
0,0.37171149253845215,1,ham10000,ISIC_0029097,nv,HAM_0005019
1,0.17365673184394836,0,ham10000,ISIC_0026626,akiec,HAM_0005020
1,0.3100711405277252,1,ham10000,ISIC_0033454,mel,HAM_0005021
0,0.3373170495033264,1,ham10000,ISIC_0027367,bkl,HAM_0005022
0,0.3233847916126251,1,ham10000,ISIC_0031805,nv,HAM_0005023
1,0.1972694993019104,0,ham10000,ISIC_0025803,akiec,HAM_0005024
0,0.3646971583366394,1,ham10000,ISIC_0032261,nv,HAM_0005025
1,0.6446818709373474,1,ham10000,ISIC_0028728,bcc,HAM_0005026
1,0.5639777779579163,1,ham10000,ISIC_0026138,akiec,HAM_0005027
0,0.36715880036354065,1,ham10000,ISIC_0031190,nv,HAM_0005028
0,0.15522098541259766,0,ham10000,ISIC_0031514,nv,HAM_0005029
1,0.3029367923736572,1,ham10000,ISIC_0028303,bcc,HAM_0005030
0,0.30375510454177856,1,ham10000,ISIC_0025109,nv,HAM_0005031
0,0.20091141760349274,0,ham10000,ISIC_0027376,nv,HAM_0005032
0,0.23935312032699585,1,ham10000,ISIC_0032224,nv,HAM_0005033
0,0.2731139361858368,1,ham10000,ISIC_0027024,nv,HAM_0005034
0,0.2887285649776459,1,ham10000,ISIC_0025536,nv,HAM_0005035
0,0.3277343213558197,1,ham10000,ISIC_0025815,nv,HAM_0005036
0,0.1529352068901062,0,ham10000,ISIC_0028108,nv,HAM_0005037
0,0.381849080324173,1,ham10000,ISIC_0026914,nv,HAM_0005038
0,0.4174264073371887,1,ham10000,ISIC_0024320,nv,HAM_0005039
1,0.41061708331108093,1,ham10000,ISIC_0033302,mel,HAM_0005040
0,0.3311067819595337,1,ham10000,ISIC_0028019,nv,HAM_0005041
0,0.23939840495586395,1,ham10000,ISIC_0026220,nv,HAM_0005042
0,0.12842872738838196,0,ham10000,ISIC_0025004,nv,HAM_0005043
0,0.2328895777463913,1,ham10000,ISIC_0032169,nv,HAM_0005044
0,0.1733846366405487,0,ham10000,ISIC_0030701,nv,HAM_0005045
0,0.28465455770492554,1,ham10000,ISIC_0029561,nv,HAM_0005046
0,0.4465009570121765,1,ham10000,ISIC_0029105,nv,HAM_0005047
0,0.28949394822120667,1,ham10000,ISIC_0029553,nv,HAM_0005048
0,0.366906076669693,1,ham10000,ISIC_0028201,bkl,HAM_0005049
0,0.38656553626060486,1,ham10000,ISIC_0025949,nv,HAM_0005050
0,0.2751510739326477,1,ham10000,ISIC_0031798,nv,HAM_0005051
0,0.15364457666873932,0,ham10000,ISIC_0033724,nv,HAM_0005052
0,0.30469799041748047,1,ham10000,ISIC_0024761,bkl,HAM_0005053
0,0.07293664664030075,0,ham10000,ISIC_0030676,nv,HAM_0005054
0,0.28071609139442444,1,ham10000,ISIC_0030903,nv,HAM_0005055
0,0.2898537218570709,1,ham10000,ISIC_0031094,nv,HAM_0005056
0,0.2173476666212082,0,ham10000,ISIC_0027711,nv,HAM_0005057
1,0.4184599220752716,1,ham10000,ISIC_0025700,bcc,HAM_0005058
0,0.2593516409397125,1,ham10000,ISIC_0034027,nv,HAM_0005059
0,0.37848252058029175,1,ham10000,ISIC_0027852,nv,HAM_0005060
1,0.4589907228946686,1,ham10000,ISIC_0032466,mel,HAM_0005061
0,0.40227875113487244,1,ham10000,ISIC_0033211,nv,HAM_0005062
0,0.2535795271396637,1,ham10000,ISIC_0030419,nv,HAM_0005063
1,0.3129774332046509,1,ham10000,ISIC_0027144,mel,HAM_0005064
0,0.3381732404232025,1,ham10000,ISIC_0031256,nv,HAM_0005065
0,0.222937673330307,0,ham10000,ISIC_0030787,nv,HAM_0005066
0,0.24714423716068268,1,ham10000,ISIC_0026261,nv,HAM_0005067
1,0.17399831116199493,0,ham10000,ISIC_0026156,bcc,HAM_0005068
0,0.18317387998104095,0,ham10000,ISIC_0028301,nv,HAM_0005069
0,0.2690105438232422,1,ham10000,ISIC_0030863,nv,HAM_0005070
0,0.28645971417427063,1,ham10000,ISIC_0029987,nv,HAM_0005071
0,0.2172059863805771,0,ham10000,ISIC_0031632,nv,HAM_0005072
0,0.27098456025123596,1,ham10000,ISIC_0029956,nv,HAM_0005073
0,0.5184493660926819,1,ham10000,ISIC_0028200,bkl,HAM_0005074
0,0.2794043719768524,1,ham10000,ISIC_0029060,bkl,HAM_0005075
0,0.17275157570838928,0,ham10000,ISIC_0024404,nv,HAM_0005076
0,0.3032315671443939,1,ham10000,ISIC_0028646,bkl,HAM_0005077
1,0.364157110452652,1,ham10000,ISIC_0030784,mel,HAM_0005078
0,0.28001728653907776,1,ham10000,ISIC_0028420,nv,HAM_0005079
0,0.3891819417476654,1,ham10000,ISIC_0027951,nv,HAM_0005080
0,0.3370780944824219,1,ham10000,ISIC_0029326,nv,HAM_0005081
0,0.29457607865333557,1,ham10000,ISIC_0025699,bkl,HAM_0005082
0,0.236398383975029,1,ham10000,ISIC_0031482,nv,HAM_0005083
1,0.3817557692527771,1,ham10000,ISIC_0027261,mel,HAM_0005084
0,0.4334702491760254,1,ham10000,ISIC_0029257,nv,HAM_0005085
0,0.15729109942913055,0,ham10000,ISIC_0030772,nv,HAM_0005086
0,0.13081839680671692,0,ham10000,ISIC_0024765,nv,HAM_0005087
0,0.2671752870082855,1,ham10000,ISIC_0031647,nv,HAM_0005088
0,0.2144157886505127,0,ham10000,ISIC_0025673,nv,HAM_0005089
0,0.3096087872982025,1,ham10000,ISIC_0029162,nv,HAM_0005090
0,0.3196362257003784,1,ham10000,ISIC_0027345,nv,HAM_0005091
0,0.352864146232605,1,ham10000,ISIC_0030232,nv,HAM_0005092
0,0.3833634853363037,1,ham10000,ISIC_0030517,nv,HAM_0005093
0,0.26674264669418335,1,ham10000,ISIC_0027816,nv,HAM_0005094
1,0.4853129982948303,1,ham10000,ISIC_0030324,mel,HAM_0005095
0,0.09487390518188477,0,ham10000,ISIC_0029741,bkl,HAM_0005096
0,0.28656622767448425,1,ham10000,ISIC_0031018,nv,HAM_0005097
0,0.1570693403482437,0,ham10000,ISIC_0024728,nv,HAM_0005098
0,0.36489927768707275,1,ham10000,ISIC_0029648,nv,HAM_0005099
0,0.3474075198173523,1,ham10000,ISIC_0030274,nv,HAM_0005100
0,0.138757586479187,0,ham10000,ISIC_0024643,bkl,HAM_0005101
0,0.46480822563171387,1,ham10000,ISIC_0028128,nv,HAM_0005102
0,0.26620087027549744,1,ham10000,ISIC_0025079,nv,HAM_0005103
0,0.2622900903224945,1,ham10000,ISIC_0030204,nv,HAM_0005104
0,0.1692475974559784,0,ham10000,ISIC_0027377,nv,HAM_0005105
0,0.3118444085121155,1,ham10000,ISIC_0032901,nv,HAM_0005106
0,0.24755209684371948,1,ham10000,ISIC_0026502,nv,HAM_0005107
0,0.3131255507469177,1,ham10000,ISIC_0026078,nv,HAM_0005108
0,0.2639058828353882,1,ham10000,ISIC_0025412,nv,HAM_0005110
0,0.18502762913703918,0,ham10000,ISIC_0030911,nv,HAM_0005111
0,0.339446097612381,1,ham10000,ISIC_0024386,df,HAM_0005112
0,0.21683314442634583,0,ham10000,ISIC_0028516,nv,HAM_0005113
0,0.15568451583385468,0,ham10000,ISIC_0028038,nv,HAM_0005114
0,0.20778709650039673,0,ham10000,ISIC_0033008,nv,HAM_0005115
0,0.20156356692314148,0,ham10000,ISIC_0032953,nv,HAM_0005116
1,0.4166821837425232,1,ham10000,ISIC_0025712,akiec,HAM_0005117
0,0.1677887737751007,0,ham10000,ISIC_0025357,nv,HAM_0005118
0,0.21028773486614227,0,ham10000,ISIC_0029335,nv,HAM_0005119
0,0.15745970606803894,0,ham10000,ISIC_0027685,nv,HAM_0005120
1,0.2515864968299866,1,ham10000,ISIC_0029591,mel,HAM_0005121
0,0.42254191637039185,1,ham10000,ISIC_0034265,nv,HAM_0005122
0,0.17789316177368164,0,ham10000,ISIC_0025877,nv,HAM_0005123
1,0.5213698744773865,1,ham10000,ISIC_0030150,mel,HAM_0005124
0,0.46255016326904297,1,ham10000,ISIC_0024726,bkl,HAM_0005125
0,0.20220611989498138,0,ham10000,ISIC_0028822,bkl,HAM_0005126
0,0.253218412399292,1,ham10000,ISIC_0026384,nv,HAM_0005127
0,0.2001093178987503,0,ham10000,ISIC_0025549,nv,HAM_0005128
0,0.12596051394939423,0,ham10000,ISIC_0027870,nv,HAM_0005129
0,0.1870017796754837,0,ham10000,ISIC_0032002,nv,HAM_0005130
0,0.3928444981575012,1,ham10000,ISIC_0034007,bkl,HAM_0005131
0,0.886047899723053,1,ham10000,ISIC_0025209,bkl,HAM_0005132
0,0.16708478331565857,0,ham10000,ISIC_0028409,nv,HAM_0005133
0,0.242898091673851,1,ham10000,ISIC_0029523,nv,HAM_0005134
0,0.30534622073173523,1,ham10000,ISIC_0032989,nv,HAM_0005135
0,0.11161846667528152,0,ham10000,ISIC_0024337,bkl,HAM_0005136
0,0.19314515590667725,0,ham10000,ISIC_0027207,nv,HAM_0005138
0,0.3396863341331482,1,ham10000,ISIC_0028260,nv,HAM_0005139
0,0.33824872970581055,1,ham10000,ISIC_0026662,nv,HAM_0005140
1,0.3265087902545929,1,ham10000,ISIC_0033217,mel,HAM_0005141
0,0.4547578692436218,1,ham10000,ISIC_0031701,nv,HAM_0005142
0,0.15254341065883636,0,ham10000,ISIC_0030303,nv,HAM_0005143
0,0.10034172981977463,0,ham10000,ISIC_0026130,nv,HAM_0005144
0,0.19490022957324982,0,ham10000,ISIC_0032255,nv,HAM_0005145
0,0.3603787422180176,1,ham10000,ISIC_0026526,bkl,HAM_0005146
0,0.33072641491889954,1,ham10000,ISIC_0029076,nv,HAM_0005147
0,0.36783236265182495,1,ham10000,ISIC_0026969,nv,HAM_0005148
0,0.25581270456314087,1,ham10000,ISIC_0028161,nv,HAM_0005150
0,0.37240535020828247,1,ham10000,ISIC_0030992,nv,HAM_0005151
0,0.3210660517215729,1,ham10000,ISIC_0030112,nv,HAM_0005152
0,0.2899937629699707,1,ham10000,ISIC_0030847,nv,HAM_0005153
0,0.24088339507579803,1,ham10000,ISIC_0024762,nv,HAM_0005154
0,0.4380408227443695,1,ham10000,ISIC_0025321,vasc,HAM_0005155
0,0.200792133808136,0,ham10000,ISIC_0033330,nv,HAM_0005156
0,0.40797868371009827,1,ham10000,ISIC_0024880,bkl,HAM_0005157
0,0.3717685639858246,1,ham10000,ISIC_0031950,vasc,HAM_0005158
0,0.4237000644207001,1,ham10000,ISIC_0025352,nv,HAM_0005159
0,0.2298046052455902,0,ham10000,ISIC_0024935,nv,HAM_0005160
0,0.3807506859302521,1,ham10000,ISIC_0030472,nv,HAM_0005161
0,0.21450023353099823,0,ham10000,ISIC_0025568,nv,HAM_0005162
0,0.3554629981517792,1,ham10000,ISIC_0026888,nv,HAM_0005163
0,0.23650801181793213,1,ham10000,ISIC_0028837,nv,HAM_0005164
0,0.38720542192459106,1,ham10000,ISIC_0030108,nv,HAM_0005165
0,0.157598614692688,0,ham10000,ISIC_0024815,nv,HAM_0005166
0,0.3781958520412445,1,ham10000,ISIC_0031780,nv,HAM_0005167
0,0.14366793632507324,0,ham10000,ISIC_0028277,nv,HAM_0005168
0,0.2521718740463257,1,ham10000,ISIC_0027557,nv,HAM_0005169
0,0.2196066528558731,0,ham10000,ISIC_0026253,nv,HAM_0005170
0,0.22493256628513336,0,ham10000,ISIC_0029380,nv,HAM_0005171
0,0.3307866156101227,1,ham10000,ISIC_0027156,nv,HAM_0005172
0,0.32022809982299805,1,ham10000,ISIC_0025400,nv,HAM_0005173
0,0.2494703084230423,1,ham10000,ISIC_0032276,nv,HAM_0005174
0,0.262616902589798,1,ham10000,ISIC_0029479,nv,HAM_0005175
0,0.3502858877182007,1,ham10000,ISIC_0031117,nv,HAM_0005176
0,0.1537168174982071,0,ham10000,ISIC_0029423,nv,HAM_0005177
0,0.13934127986431122,0,ham10000,ISIC_0030285,nv,HAM_0005178
0,0.2155044972896576,0,ham10000,ISIC_0024957,nv,HAM_0005179
1,0.2665318250656128,1,ham10000,ISIC_0024454,bcc,HAM_0005180
0,0.12987281382083893,0,ham10000,ISIC_0027483,nv,HAM_0005181
0,0.1697576940059662,0,ham10000,ISIC_0031288,nv,HAM_0005182
0,0.243523970246315,1,ham10000,ISIC_0029696,nv,HAM_0005183
1,0.3296405076980591,1,ham10000,ISIC_0029644,bcc,HAM_0005184
0,0.3108474314212799,1,ham10000,ISIC_0033412,nv,HAM_0005185
1,0.3452649414539337,1,ham10000,ISIC_0026993,mel,HAM_0005186
0,0.17759133875370026,0,ham10000,ISIC_0029385,nv,HAM_0005187
0,0.3641996681690216,1,ham10000,ISIC_0024824,nv,HAM_0005188
0,0.36537304520606995,1,ham10000,ISIC_0025762,nv,HAM_0005189
0,0.6039742231369019,1,ham10000,ISIC_0032700,nv,HAM_0005190
1,0.3167235553264618,1,ham10000,ISIC_0031177,mel,HAM_0005191
0,0.21130715310573578,0,ham10000,ISIC_0031858,nv,HAM_0005192
0,0.30743592977523804,1,ham10000,ISIC_0026742,nv,HAM_0005193
0,0.30256277322769165,1,ham10000,ISIC_0032561,nv,HAM_0005194
0,0.19642609357833862,0,ham10000,ISIC_0025929,nv,HAM_0005195
0,0.3004944324493408,1,ham10000,ISIC_0030922,nv,HAM_0005197
0,0.41655823588371277,1,ham10000,ISIC_0032920,nv,HAM_0005198
0,0.2681635916233063,1,ham10000,ISIC_0024982,bkl,HAM_0005199
0,0.3547629714012146,1,ham10000,ISIC_0032393,nv,HAM_0005200
0,0.24024830758571625,1,ham10000,ISIC_0028855,nv,HAM_0005201
0,0.3064115345478058,1,ham10000,ISIC_0028974,nv,HAM_0005202
1,0.2776547968387604,1,ham10000,ISIC_0027742,mel,HAM_0005203
0,0.31369510293006897,1,ham10000,ISIC_0024749,nv,HAM_0005204
0,0.26193076372146606,1,ham10000,ISIC_0027581,nv,HAM_0005205
0,0.4316563010215759,1,ham10000,ISIC_0032521,nv,HAM_0005206
0,0.316698282957077,1,ham10000,ISIC_0028781,nv,HAM_0005208
0,0.18331477046012878,0,ham10000,ISIC_0032713,nv,HAM_0005209
0,0.17844679951667786,0,ham10000,ISIC_0025965,nv,HAM_0005210
0,0.3462351858615875,1,ham10000,ISIC_0030282,nv,HAM_0005211
0,0.1831206977367401,0,ham10000,ISIC_0033356,nv,HAM_0005213
0,0.18237629532814026,0,ham10000,ISIC_0031114,nv,HAM_0005214
0,0.16960594058036804,0,ham10000,ISIC_0028406,vasc,HAM_0005215
0,0.17453832924365997,0,ham10000,ISIC_0032161,nv,HAM_0005216
0,0.2645893394947052,1,ham10000,ISIC_0025057,nv,HAM_0005217
0,0.19209091365337372,0,ham10000,ISIC_0028939,nv,HAM_0005218
0,0.1387040764093399,0,ham10000,ISIC_0027935,nv,HAM_0005219
0,0.3764021396636963,1,ham10000,ISIC_0025479,nv,HAM_0005220
0,0.28556644916534424,1,ham10000,ISIC_0029019,nv,HAM_0005221
0,0.2203609198331833,0,ham10000,ISIC_0026636,nv,HAM_0005222
0,0.14053970575332642,0,ham10000,ISIC_0029536,nv,HAM_0005223
0,0.3828582167625427,1,ham10000,ISIC_0026929,nv,HAM_0005224
0,0.327063649892807,1,ham10000,ISIC_0031213,nv,HAM_0005225
0,0.20725354552268982,0,ham10000,ISIC_0029290,nv,HAM_0005226
0,0.16498202085494995,0,ham10000,ISIC_0027410,nv,HAM_0005227
1,0.2149219810962677,0,ham10000,ISIC_0026702,akiec,HAM_0005228
0,0.3675568401813507,1,ham10000,ISIC_0030003,nv,HAM_0005229
0,0.17546899616718292,0,ham10000,ISIC_0027127,nv,HAM_0005230
1,0.21241439878940582,0,ham10000,ISIC_0025247,akiec,HAM_0005231
0,0.4184151589870453,1,ham10000,ISIC_0025993,nv,HAM_0005232
0,0.264913946390152,1,ham10000,ISIC_0026289,nv,HAM_0005233
0,0.2572920620441437,1,ham10000,ISIC_0027347,nv,HAM_0005234
0,0.3970939517021179,1,ham10000,ISIC_0029437,nv,HAM_0005235
0,0.24823032319545746,1,ham10000,ISIC_0026366,nv,HAM_0005236
0,0.2466934621334076,1,ham10000,ISIC_0027240,nv,HAM_0005237
0,0.38792112469673157,1,ham10000,ISIC_0030393,nv,HAM_0005238
0,0.36534222960472107,1,ham10000,ISIC_0028679,nv,HAM_0005239
0,0.3734222650527954,1,ham10000,ISIC_0030169,nv,HAM_0005240
0,0.13563822209835052,0,ham10000,ISIC_0029699,nv,HAM_0005241
0,0.43345344066619873,1,ham10000,ISIC_0027597,nv,HAM_0005242
1,0.532885730266571,1,ham10000,ISIC_0024885,bcc,HAM_0005243
0,0.3014914393424988,1,ham10000,ISIC_0030473,nv,HAM_0005244
0,0.1741282343864441,0,ham10000,ISIC_0024375,vasc,HAM_0005245
0,0.18005573749542236,0,ham10000,ISIC_0030059,nv,HAM_0005246
0,0.3431353271007538,1,ham10000,ISIC_0024687,nv,HAM_0005247
0,0.26393982768058777,1,ham10000,ISIC_0032902,nv,HAM_0005248
1,0.2892872989177704,1,ham10000,ISIC_0032526,mel,HAM_0005249
0,0.19576206803321838,0,ham10000,ISIC_0029792,nv,HAM_0005250
1,0.5780608654022217,1,ham10000,ISIC_0026868,mel,HAM_0005251
0,0.24768079817295074,1,ham10000,ISIC_0028185,nv,HAM_0005252
0,0.3193516135215759,1,ham10000,ISIC_0026715,nv,HAM_0005253
0,0.10266054421663284,0,ham10000,ISIC_0026820,nv,HAM_0005254
1,0.4677017629146576,1,ham10000,ISIC_0025811,akiec,HAM_0005255
1,0.3132583796977997,1,ham10000,ISIC_0033728,mel,HAM_0005256
0,0.30458879470825195,1,ham10000,ISIC_0033751,nv,HAM_0005257
0,0.3704681396484375,1,ham10000,ISIC_0033262,bkl,HAM_0005258
0,0.30958425998687744,1,ham10000,ISIC_0030174,nv,HAM_0005259
0,0.22275784611701965,0,ham10000,ISIC_0025485,bkl,HAM_0005260
0,0.3870706260204315,1,ham10000,ISIC_0027390,nv,HAM_0005261
0,0.16203954815864563,0,ham10000,ISIC_0030488,bkl,HAM_0005262
0,0.36502978205680847,1,ham10000,ISIC_0032889,nv,HAM_0005263
1,0.4941076636314392,1,ham10000,ISIC_0024946,akiec,HAM_0005264
0,0.3134841024875641,1,ham10000,ISIC_0032998,nv,HAM_0005265
0,0.4048050343990326,1,ham10000,ISIC_0027605,nv,HAM_0005266
0,0.3517836928367615,1,ham10000,ISIC_0026423,nv,HAM_0005267
1,0.5254486799240112,1,ham10000,ISIC_0027825,bcc,HAM_0005268
0,0.4185298979282379,1,ham10000,ISIC_0025649,nv,HAM_0005269
0,0.229095458984375,0,ham10000,ISIC_0032270,vasc,HAM_0005270
0,0.3498297929763794,1,ham10000,ISIC_0025306,nv,HAM_0005271
0,0.3685559034347534,1,ham10000,ISIC_0028786,nv,HAM_0005272
0,0.22097130119800568,0,ham10000,ISIC_0025065,nv,HAM_0005273
1,0.16174395382404327,0,ham10000,ISIC_0032766,mel,HAM_0005274
0,0.40835702419281006,1,ham10000,ISIC_0028749,bkl,HAM_0005275
0,0.7036705017089844,1,ham10000,ISIC_0027008,df,HAM_0005276
0,0.31520843505859375,1,ham10000,ISIC_0030750,nv,HAM_0005277
0,0.23588326573371887,1,ham10000,ISIC_0027826,bkl,HAM_0005278
0,0.21031488478183746,0,ham10000,ISIC_0030322,nv,HAM_0005279
1,0.5648813843727112,1,ham10000,ISIC_0033063,mel,HAM_0005280
0,0.33514973521232605,1,ham10000,ISIC_0028908,nv,HAM_0005281
1,0.3930969834327698,1,ham10000,ISIC_0025178,akiec,HAM_0005282
0,0.2793677747249603,1,ham10000,ISIC_0030418,nv,HAM_0005283
0,0.32384201884269714,1,ham10000,ISIC_0027707,nv,HAM_0005284
0,0.35129719972610474,1,ham10000,ISIC_0025167,nv,HAM_0005285
0,0.13931035995483398,0,ham10000,ISIC_0025999,nv,HAM_0005286
0,0.3487253189086914,1,ham10000,ISIC_0026354,nv,HAM_0005288
0,0.19232840836048126,0,ham10000,ISIC_0026703,nv,HAM_0005290
0,0.36769434809684753,1,ham10000,ISIC_0026907,bkl,HAM_0005291
0,0.1539127230644226,0,ham10000,ISIC_0030974,nv,HAM_0005292
0,0.12358678132295609,0,ham10000,ISIC_0025342,nv,HAM_0005293
0,0.25373801589012146,1,ham10000,ISIC_0027055,nv,HAM_0005294
0,0.4090714752674103,1,ham10000,ISIC_0024690,nv,HAM_0005295
0,0.38129791617393494,1,ham10000,ISIC_0029484,nv,HAM_0005296
0,0.230635404586792,0,ham10000,ISIC_0029662,nv,HAM_0005298
0,0.38654714822769165,1,ham10000,ISIC_0032732,bkl,HAM_0005299
0,0.20243115723133087,0,ham10000,ISIC_0033625,nv,HAM_0005300
1,0.3328987658023834,1,ham10000,ISIC_0026362,akiec,HAM_0005301
1,0.16589078307151794,0,ham10000,ISIC_0031539,bcc,HAM_0005302
1,0.7116748094558716,1,ham10000,ISIC_0032522,mel,HAM_0005303
1,0.5242325663566589,1,ham10000,ISIC_0026056,bcc,HAM_0005304
0,0.3494921922683716,1,ham10000,ISIC_0028771,nv,HAM_0005305
0,0.31970086693763733,1,ham10000,ISIC_0027056,nv,HAM_0005306
0,0.23154380917549133,0,ham10000,ISIC_0027765,nv,HAM_0005307
0,0.33445608615875244,1,ham10000,ISIC_0032828,nv,HAM_0005308
1,0.15680904686450958,0,ham10000,ISIC_0026282,bcc,HAM_0005309
1,0.6794707179069519,1,ham10000,ISIC_0027231,akiec,HAM_0005310
0,0.1693996638059616,0,ham10000,ISIC_0025556,nv,HAM_0005311
0,0.6411510705947876,1,ham10000,ISIC_0034033,nv,HAM_0005312
0,0.2230377346277237,0,ham10000,ISIC_0033335,nv,HAM_0005313
0,0.2754601836204529,1,ham10000,ISIC_0030693,nv,HAM_0005314
1,0.38426756858825684,1,ham10000,ISIC_0029319,mel,HAM_0005315
0,0.28619328141212463,1,ham10000,ISIC_0033139,nv,HAM_0005316
0,0.1386759877204895,0,ham10000,ISIC_0030415,nv,HAM_0005317
0,0.3650243878364563,1,ham10000,ISIC_0026347,nv,HAM_0005318
0,0.48740366101264954,1,ham10000,ISIC_0025133,nv,HAM_0005319
0,0.2914580702781677,1,ham10000,ISIC_0025356,nv,HAM_0005320
0,0.30277255177497864,1,ham10000,ISIC_0031816,nv,HAM_0005321
0,0.36103662848472595,1,ham10000,ISIC_0030068,nv,HAM_0005322
0,0.3287626802921295,1,ham10000,ISIC_0027456,nv,HAM_0005323
0,0.48170581459999084,1,ham10000,ISIC_0029931,bkl,HAM_0005324
0,0.2607138156890869,1,ham10000,ISIC_0024971,bkl,HAM_0005325
0,0.3976912498474121,1,ham10000,ISIC_0026145,nv,HAM_0005326
0,0.1883569061756134,0,ham10000,ISIC_0031703,nv,HAM_0005327
1,0.4398975968360901,1,ham10000,ISIC_0028969,mel,HAM_0005328
0,0.30675187706947327,1,ham10000,ISIC_0028686,nv,HAM_0005329
0,0.5153661370277405,1,ham10000,ISIC_0024553,df,HAM_0005330
0,0.620570957660675,1,ham10000,ISIC_0032860,nv,HAM_0005331
0,0.34309402108192444,1,ham10000,ISIC_0027389,nv,HAM_0005332
0,0.20100384950637817,0,ham10000,ISIC_0032383,nv,HAM_0005333
1,0.39502763748168945,1,ham10000,ISIC_0031298,bcc,HAM_0005334
0,0.5004713535308838,1,ham10000,ISIC_0025627,bkl,HAM_0005335
1,0.3741489350795746,1,ham10000,ISIC_0033154,mel,HAM_0005336
0,0.3874901235103607,1,ham10000,ISIC_0025098,nv,HAM_0005337
0,0.16888941824436188,0,ham10000,ISIC_0031577,bkl,HAM_0005338
0,0.15383467078208923,0,ham10000,ISIC_0025428,nv,HAM_0005339
0,0.1950792372226715,0,ham10000,ISIC_0031830,nv,HAM_0005340
0,0.35667213797569275,1,ham10000,ISIC_0031882,nv,HAM_0005341
0,0.13412407040596008,0,ham10000,ISIC_0028401,nv,HAM_0005342
0,0.17172595858573914,0,ham10000,ISIC_0027380,nv,HAM_0005343
0,0.26185569167137146,1,ham10000,ISIC_0029383,nv,HAM_0005344
0,0.18779484927654266,0,ham10000,ISIC_0028171,nv,HAM_0005346
0,0.19888640940189362,0,ham10000,ISIC_0025653,nv,HAM_0005347
0,0.2909739315509796,1,ham10000,ISIC_0029765,nv,HAM_0005348
0,0.21220649778842926,0,ham10000,ISIC_0027375,nv,HAM_0005349
0,0.3483428955078125,1,ham10000,ISIC_0032054,nv,HAM_0005350
0,0.24998420476913452,1,ham10000,ISIC_0032590,nv,HAM_0005351
1,0.2363886833190918,1,ham10000,ISIC_0027100,mel,HAM_0005352
0,0.23148706555366516,0,ham10000,ISIC_0032923,nv,HAM_0005353
1,0.18213854730129242,0,ham10000,ISIC_0026625,akiec,HAM_0005354
0,0.13631173968315125,0,ham10000,ISIC_0031731,nv,HAM_0005355
1,0.480862557888031,1,ham10000,ISIC_0028854,akiec,HAM_0005356
0,0.10364178568124771,0,ham10000,ISIC_0029981,nv,HAM_0005357
0,0.2717982828617096,1,ham10000,ISIC_0026982,nv,HAM_0005358
0,0.3236275315284729,1,ham10000,ISIC_0030665,df,HAM_0005359
0,0.27836355566978455,1,ham10000,ISIC_0027264,nv,HAM_0005360
0,0.31056979298591614,1,ham10000,ISIC_0024374,nv,HAM_0005361
0,0.3961758017539978,1,ham10000,ISIC_0025622,df,HAM_0005362
0,0.2716444730758667,1,ham10000,ISIC_0032717,nv,HAM_0005363
0,0.16512925922870636,0,ham10000,ISIC_0032525,nv,HAM_0005364
0,0.17280679941177368,0,ham10000,ISIC_0025253,nv,HAM_0005365
0,0.35635584592819214,1,ham10000,ISIC_0026211,nv,HAM_0005366
0,0.16628462076187134,0,ham10000,ISIC_0029743,nv,HAM_0005367
1,0.4196007549762726,1,ham10000,ISIC_0032722,mel,HAM_0005368
0,0.34185391664505005,1,ham10000,ISIC_0026799,nv,HAM_0005369
0,0.23642535507678986,1,ham10000,ISIC_0025923,nv,HAM_0005370
1,0.08373323827981949,0,ham10000,ISIC_0027046,bcc,HAM_0005371
0,0.1285337656736374,0,ham10000,ISIC_0030476,nv,HAM_0005372
0,0.2895543873310089,1,ham10000,ISIC_0030718,nv,HAM_0005373
0,0.26857492327690125,1,ham10000,ISIC_0032871,nv,HAM_0005374
1,0.14355912804603577,0,ham10000,ISIC_0028814,bcc,HAM_0005375
0,0.3212929368019104,1,ham10000,ISIC_0025606,vasc,HAM_0005376
0,0.38854655623435974,1,ham10000,ISIC_0028936,nv,HAM_0005377
1,0.12995529174804688,0,ham10000,ISIC_0024787,bcc,HAM_0005379
0,0.20919457077980042,0,ham10000,ISIC_0027464,nv,HAM_0005380
1,0.24758249521255493,1,ham10000,ISIC_0025153,mel,HAM_0005381
1,0.34053462743759155,1,ham10000,ISIC_0026230,bcc,HAM_0005382
0,0.20995484292507172,0,ham10000,ISIC_0032683,nv,HAM_0005383
0,0.3569619655609131,1,ham10000,ISIC_0030072,nv,HAM_0005384
0,0.2384040206670761,1,ham10000,ISIC_0028754,nv,HAM_0005385
0,0.28865328431129456,1,ham10000,ISIC_0033505,bkl,HAM_0005386
0,0.4318476617336273,1,ham10000,ISIC_0026488,nv,HAM_0005387
0,0.4464625418186188,1,ham10000,ISIC_0027815,bkl,HAM_0005388
1,0.5833900570869446,1,ham10000,ISIC_0024372,akiec,HAM_0005389
0,0.1485680490732193,0,ham10000,ISIC_0024574,nv,HAM_0005390
0,0.18996661901474,0,ham10000,ISIC_0030633,nv,HAM_0005391
1,0.5841377377510071,1,ham10000,ISIC_0024436,bcc,HAM_0005392
0,0.38797861337661743,1,ham10000,ISIC_0025506,nv,HAM_0005393
0,0.2929938733577728,1,ham10000,ISIC_0026903,nv,HAM_0005394
0,0.15285110473632812,0,ham10000,ISIC_0027471,nv,HAM_0005395
1,0.49784111976623535,1,ham10000,ISIC_0032834,bcc,HAM_0005396
0,0.37035951018333435,1,ham10000,ISIC_0028105,nv,HAM_0005397
0,0.2684977054595947,1,ham10000,ISIC_0028374,nv,HAM_0005398
0,0.34817251563072205,1,ham10000,ISIC_0030474,nv,HAM_0005399
1,0.4288105070590973,1,ham10000,ISIC_0029363,mel,HAM_0005400
0,0.265463650226593,1,ham10000,ISIC_0029998,nv,HAM_0005401
0,0.28734445571899414,1,ham10000,ISIC_0031695,nv,HAM_0005402
1,0.5917657017707825,1,ham10000,ISIC_0026086,mel,HAM_0005403
0,0.3365948796272278,1,ham10000,ISIC_0028094,bkl,HAM_0005404
0,0.3277198374271393,1,ham10000,ISIC_0025164,nv,HAM_0005405
0,0.31935733556747437,1,ham10000,ISIC_0027807,nv,HAM_0005406
0,0.17227177321910858,0,ham10000,ISIC_0028090,nv,HAM_0005407
0,0.18140554428100586,0,ham10000,ISIC_0031613,nv,HAM_0005408
1,0.6333030462265015,1,ham10000,ISIC_0032531,mel,HAM_0005409
1,0.4238678216934204,1,ham10000,ISIC_0025433,bcc,HAM_0005410
0,0.36720335483551025,1,ham10000,ISIC_0026300,nv,HAM_0005411
0,0.37672287225723267,1,ham10000,ISIC_0030548,nv,HAM_0005412
1,0.464334636926651,1,ham10000,ISIC_0028132,akiec,HAM_0005413
0,0.16691993176937103,0,ham10000,ISIC_0027054,nv,HAM_0005414
0,0.1804625689983368,0,ham10000,ISIC_0027154,bkl,HAM_0005415
0,0.21713034808635712,0,ham10000,ISIC_0029136,nv,HAM_0005416
1,0.475253164768219,1,ham10000,ISIC_0024448,bcc,HAM_0005417
0,0.25076520442962646,1,ham10000,ISIC_0029957,nv,HAM_0005418
0,0.24055390059947968,1,ham10000,ISIC_0030524,nv,HAM_0005419
0,0.23326510190963745,1,ham10000,ISIC_0024740,bkl,HAM_0005420
0,0.38329482078552246,1,ham10000,ISIC_0028060,nv,HAM_0005421
0,0.3919108211994171,1,ham10000,ISIC_0030554,nv,HAM_0005422
0,0.2946679890155792,1,ham10000,ISIC_0025503,nv,HAM_0005423
0,0.14154234528541565,0,ham10000,ISIC_0025052,nv,HAM_0005424
1,0.48125484585762024,1,ham10000,ISIC_0029698,mel,HAM_0005425
0,0.303706556558609,1,ham10000,ISIC_0028902,nv,HAM_0005426
0,0.3002983629703522,1,ham10000,ISIC_0028885,vasc,HAM_0005427
0,0.30522722005844116,1,ham10000,ISIC_0031654,nv,HAM_0005428
0,0.2861032485961914,1,ham10000,ISIC_0028261,nv,HAM_0005429
0,0.276400625705719,1,ham10000,ISIC_0024990,nv,HAM_0005430
0,0.22941391170024872,0,ham10000,ISIC_0026413,nv,HAM_0005431
0,0.14413924515247345,0,ham10000,ISIC_0031902,nv,HAM_0005432
0,0.2387593686580658,1,ham10000,ISIC_0033298,nv,HAM_0005433
0,0.15063481032848358,0,ham10000,ISIC_0033457,nv,HAM_0005434
1,0.550102710723877,1,ham10000,ISIC_0024666,bcc,HAM_0005435
0,0.2487262785434723,1,ham10000,ISIC_0026658,nv,HAM_0005436
0,0.2335909754037857,1,ham10000,ISIC_0030029,nv,HAM_0005437
1,0.14606381952762604,0,ham10000,ISIC_0027708,akiec,HAM_0005438
0,0.42620396614074707,1,ham10000,ISIC_0033597,nv,HAM_0005439
0,0.33634281158447266,1,ham10000,ISIC_0027139,bkl,HAM_0005440
0,0.31511417031288147,1,ham10000,ISIC_0031804,nv,HAM_0005441
0,0.5181987881660461,1,ham10000,ISIC_0034057,bkl,HAM_0005442
0,0.21105094254016876,0,ham10000,ISIC_0025758,bkl,HAM_0005443
0,0.27981817722320557,1,ham10000,ISIC_0025745,nv,HAM_0005444
0,0.21778595447540283,0,ham10000,ISIC_0027695,nv,HAM_0005445
0,0.2462765872478485,1,ham10000,ISIC_0031868,nv,HAM_0005446
0,0.1174960657954216,0,ham10000,ISIC_0026389,nv,HAM_0005447
1,0.12903708219528198,0,ham10000,ISIC_0024707,akiec,HAM_0005448
0,0.195927232503891,0,ham10000,ISIC_0030102,nv,HAM_0005449
0,0.2737397253513336,1,ham10000,ISIC_0029286,nv,HAM_0005450
0,0.39948126673698425,1,ham10000,ISIC_0029643,nv,HAM_0005451
0,0.3260098397731781,1,ham10000,ISIC_0024722,nv,HAM_0005452
0,0.3051126003265381,1,ham10000,ISIC_0027022,nv,HAM_0005453
0,0.3258688449859619,1,ham10000,ISIC_0029184,nv,HAM_0005454
0,0.15234380960464478,0,ham10000,ISIC_0029416,nv,HAM_0005455
0,0.37224051356315613,1,ham10000,ISIC_0026960,nv,HAM_0005456
0,0.19855783879756927,0,ham10000,ISIC_0025039,nv,HAM_0005457
0,0.18703514337539673,0,ham10000,ISIC_0030584,nv,HAM_0005458
1,0.3326197862625122,1,ham10000,ISIC_0029268,akiec,HAM_0005459
0,0.15556006133556366,0,ham10000,ISIC_0028199,nv,HAM_0005460
0,0.1637342870235443,0,ham10000,ISIC_0027699,nv,HAM_0005461
0,0.19830620288848877,0,ham10000,ISIC_0028025,nv,HAM_0005462
0,0.36793386936187744,1,ham10000,ISIC_0028411,bkl,HAM_0005463
0,0.11994031071662903,0,ham10000,ISIC_0031477,nv,HAM_0005464
0,0.2744786739349365,1,ham10000,ISIC_0026827,bkl,HAM_0005465
0,0.26375705003738403,1,ham10000,ISIC_0024721,nv,HAM_0005466
1,0.42860519886016846,1,ham10000,ISIC_0024640,mel,HAM_0005467
0,0.35334742069244385,1,ham10000,ISIC_0029785,nv,HAM_0005468
1,0.8657458424568176,1,ham10000,ISIC_0026643,bcc,HAM_0005469
0,0.22995761036872864,0,ham10000,ISIC_0028286,nv,HAM_0005470
0,0.2538662850856781,1,ham10000,ISIC_0028146,vasc,HAM_0005471
0,0.2849763333797455,1,ham10000,ISIC_0027173,nv,HAM_0005472
0,0.22571316361427307,0,ham10000,ISIC_0026050,nv,HAM_0005473
0,0.2255619615316391,0,ham10000,ISIC_0031398,nv,HAM_0005474
0,0.1713934987783432,0,ham10000,ISIC_0025628,vasc,HAM_0005475
0,0.18361115455627441,0,ham10000,ISIC_0027165,nv,HAM_0005476
0,0.3399108350276947,1,ham10000,ISIC_0029552,nv,HAM_0005477
1,0.5383242964744568,1,ham10000,ISIC_0032741,bcc,HAM_0005478
0,0.2531902492046356,1,ham10000,ISIC_0028009,nv,HAM_0005479
1,0.17128637433052063,0,ham10000,ISIC_0025992,akiec,HAM_0005480
1,0.21468034386634827,0,ham10000,ISIC_0025955,mel,HAM_0005481
1,0.6215015053749084,1,ham10000,ISIC_0029546,bcc,HAM_0005482
1,0.3507896959781647,1,ham10000,ISIC_0032965,mel,HAM_0005483
0,0.3630198836326599,1,ham10000,ISIC_0032443,nv,HAM_0005484
0,0.24209968745708466,1,ham10000,ISIC_0029635,nv,HAM_0005485
0,0.21602681279182434,0,ham10000,ISIC_0024565,nv,HAM_0005486
0,0.33596616983413696,1,ham10000,ISIC_0031486,nv,HAM_0005487
1,0.1532001495361328,0,ham10000,ISIC_0024931,bcc,HAM_0005488
0,0.34212255477905273,1,ham10000,ISIC_0033851,nv,HAM_0005489
1,0.4221849739551544,1,ham10000,ISIC_0033931,mel,HAM_0005490
0,0.20103879272937775,0,ham10000,ISIC_0032083,nv,HAM_0005491
0,0.3927551805973053,1,ham10000,ISIC_0032138,df,HAM_0005492
0,0.18862104415893555,0,ham10000,ISIC_0028535,nv,HAM_0005493
0,0.17198775708675385,0,ham10000,ISIC_0027161,nv,HAM_0005494
0,0.36178159713745117,1,ham10000,ISIC_0028775,nv,HAM_0005495
0,0.33689481019973755,1,ham10000,ISIC_0032772,nv,HAM_0005496
0,0.27887263894081116,1,ham10000,ISIC_0029506,nv,HAM_0005497
0,0.6914509534835815,1,ham10000,ISIC_0032335,bkl,HAM_0005498
0,0.35888615250587463,1,ham10000,ISIC_0025478,nv,HAM_0005499
1,0.5291979908943176,1,ham10000,ISIC_0033636,mel,HAM_0005500
1,0.5277286767959595,1,ham10000,ISIC_0025711,bcc,HAM_0005501
0,0.2505173683166504,1,ham10000,ISIC_0029605,nv,HAM_0005502
0,0.3567461371421814,1,ham10000,ISIC_0029692,nv,HAM_0005503
1,0.2217552214860916,0,ham10000,ISIC_0027480,mel,HAM_0005504
1,0.45735421776771545,1,ham10000,ISIC_0024450,akiec,HAM_0005505
0,0.3839655816555023,1,ham10000,ISIC_0032484,nv,HAM_0005506
0,0.2678890526294708,1,ham10000,ISIC_0029159,nv,HAM_0005507
0,0.11574719846248627,0,ham10000,ISIC_0032060,nv,HAM_0005508
1,0.21520282328128815,0,ham10000,ISIC_0026865,bcc,HAM_0005509
0,0.3175834119319916,1,ham10000,ISIC_0026406,nv,HAM_0005510
0,0.23681046068668365,1,ham10000,ISIC_0031807,nv,HAM_0005511
0,0.32821908593177795,1,ham10000,ISIC_0025194,nv,HAM_0005512
0,0.3577345013618469,1,ham10000,ISIC_0033214,nv,HAM_0005513
0,0.3040655255317688,1,ham10000,ISIC_0024453,bkl,HAM_0005514
0,0.15028823912143707,0,ham10000,ISIC_0031020,nv,HAM_0005515
0,0.34987467527389526,1,ham10000,ISIC_0028748,nv,HAM_0005516
0,0.3357945382595062,1,ham10000,ISIC_0028561,nv,HAM_0005517
0,0.5460485219955444,1,ham10000,ISIC_0032410,df,HAM_0005518
0,0.20541653037071228,0,ham10000,ISIC_0026215,nv,HAM_0005519
0,0.3593936860561371,1,ham10000,ISIC_0031255,nv,HAM_0005520
0,0.3769361674785614,1,ham10000,ISIC_0031963,nv,HAM_0005521
0,0.21851278841495514,0,ham10000,ISIC_0029368,nv,HAM_0005522
0,0.373121052980423,1,ham10000,ISIC_0027087,nv,HAM_0005523
0,0.28823089599609375,1,ham10000,ISIC_0026162,nv,HAM_0005525
0,0.3650243580341339,1,ham10000,ISIC_0026563,nv,HAM_0005526
0,0.6055280566215515,1,ham10000,ISIC_0031819,bkl,HAM_0005527
0,0.2963494658470154,1,ham10000,ISIC_0028391,nv,HAM_0005528
0,0.46553337574005127,1,ham10000,ISIC_0025980,df,HAM_0005529
1,0.3765318989753723,1,ham10000,ISIC_0024360,bcc,HAM_0005530
0,0.2831915020942688,1,ham10000,ISIC_0024577,nv,HAM_0005531
1,0.4412787854671478,1,ham10000,ISIC_0030183,mel,HAM_0005532
1,0.2524062693119049,1,ham10000,ISIC_0027065,mel,HAM_0005533
0,0.22800585627555847,0,ham10000,ISIC_0032075,nv,HAM_0005534
1,0.5592167377471924,1,ham10000,ISIC_0025391,mel,HAM_0005535
1,0.2919692099094391,1,ham10000,ISIC_0026798,bcc,HAM_0005536
0,0.29119637608528137,1,ham10000,ISIC_0024657,nv,HAM_0005537
0,0.3446013927459717,1,ham10000,ISIC_0028246,nv,HAM_0005538
0,0.17871393263339996,0,ham10000,ISIC_0033296,nv,HAM_0005539
1,0.375448614358902,1,ham10000,ISIC_0024525,mel,HAM_0005540
0,0.19473816454410553,0,ham10000,ISIC_0025410,nv,HAM_0005541
0,0.336106538772583,1,ham10000,ISIC_0024444,nv,HAM_0005543
0,0.4030784070491791,1,ham10000,ISIC_0027791,nv,HAM_0005544
1,0.41194388270378113,1,ham10000,ISIC_0033881,mel,HAM_0005545
0,0.25951167941093445,1,ham10000,ISIC_0029519,bkl,HAM_0005546
1,0.298533171415329,1,ham10000,ISIC_0032439,bcc,HAM_0005547
0,0.3784322738647461,1,ham10000,ISIC_0027632,nv,HAM_0005548
0,0.3209674060344696,1,ham10000,ISIC_0028802,nv,HAM_0005549
0,0.34270167350769043,1,ham10000,ISIC_0030407,nv,HAM_0005550
1,0.1762825846672058,0,ham10000,ISIC_0029900,akiec,HAM_0005551
0,0.31711646914482117,1,ham10000,ISIC_0025723,nv,HAM_0005552
0,0.30556952953338623,1,ham10000,ISIC_0027521,nv,HAM_0005554
1,0.33795225620269775,1,ham10000,ISIC_0032079,mel,HAM_0005555
0,0.17247407138347626,0,ham10000,ISIC_0028383,nv,HAM_0005556
1,0.6243585348129272,1,ham10000,ISIC_0028215,mel,HAM_0005557
0,0.5291177034378052,1,ham10000,ISIC_0029802,bkl,HAM_0005558
1,0.2496185451745987,1,ham10000,ISIC_0032174,bcc,HAM_0005559
0,0.39781367778778076,1,ham10000,ISIC_0027269,vasc,HAM_0005560
0,0.2296711951494217,0,ham10000,ISIC_0028961,nv,HAM_0005561
0,0.18925340473651886,0,ham10000,ISIC_0025901,nv,HAM_0005562
0,0.20187366008758545,0,ham10000,ISIC_0029784,nv,HAM_0005563
0,0.18330328166484833,0,ham10000,ISIC_0026320,nv,HAM_0005564
0,0.38388895988464355,1,ham10000,ISIC_0027384,nv,HAM_0005565
0,0.6236974000930786,1,ham10000,ISIC_0032608,nv,HAM_0005566
0,0.18900354206562042,0,ham10000,ISIC_0028485,nv,HAM_0005567
0,0.26535114645957947,1,ham10000,ISIC_0032047,nv,HAM_0005568
0,0.3775174915790558,1,ham10000,ISIC_0027932,nv,HAM_0005569
0,0.3400009870529175,1,ham10000,ISIC_0032440,nv,HAM_0005570
0,0.22577716410160065,0,ham10000,ISIC_0032803,nv,HAM_0005571
0,0.35173410177230835,1,ham10000,ISIC_0033382,nv,HAM_0005573
0,0.3376670181751251,1,ham10000,ISIC_0027823,nv,HAM_0005574
1,0.15192124247550964,0,ham10000,ISIC_0029805,bcc,HAM_0005575
0,0.33077481389045715,1,ham10000,ISIC_0026479,nv,HAM_0005576
0,0.21211446821689606,0,ham10000,ISIC_0028320,nv,HAM_0005577
0,0.25052547454833984,1,ham10000,ISIC_0032496,nv,HAM_0005578
1,0.2250843644142151,0,ham10000,ISIC_0028393,akiec,HAM_0005579
0,0.29229629039764404,1,ham10000,ISIC_0029235,bkl,HAM_0005580
1,0.35515230894088745,1,ham10000,ISIC_0033337,mel,HAM_0005581
0,0.14663730561733246,0,ham10000,ISIC_0030433,nv,HAM_0005582
0,0.3844115138053894,1,ham10000,ISIC_0025574,nv,HAM_0005583
0,0.526923418045044,1,ham10000,ISIC_0032613,df,HAM_0005584
1,0.16994090378284454,0,ham10000,ISIC_0025826,bcc,HAM_0005585
0,0.38284832239151,1,ham10000,ISIC_0024415,nv,HAM_0005586
1,0.49310362339019775,1,ham10000,ISIC_0025219,mel,HAM_0005588
0,0.17358578741550446,0,ham10000,ISIC_0026224,nv,HAM_0005589
0,0.3561440408229828,1,ham10000,ISIC_0024458,nv,HAM_0005590
0,0.2627952992916107,1,ham10000,ISIC_0025746,bkl,HAM_0005591
0,0.12138407677412033,0,ham10000,ISIC_0026077,nv,HAM_0005592
0,0.2695632874965668,1,ham10000,ISIC_0029658,nv,HAM_0005593
0,0.45755302906036377,1,ham10000,ISIC_0033703,nv,HAM_0005594
0,0.3103199303150177,1,ham10000,ISIC_0029180,nv,HAM_0005595
0,0.326648086309433,1,ham10000,ISIC_0027706,bkl,HAM_0005596
0,0.38308122754096985,1,ham10000,ISIC_0025528,nv,HAM_0005597
0,0.16151869297027588,0,ham10000,ISIC_0029023,nv,HAM_0005598
1,0.45165032148361206,1,ham10000,ISIC_0030511,bcc,HAM_0005599
1,0.4631820321083069,1,ham10000,ISIC_0025520,mel,HAM_0005600
0,0.17839662730693817,0,ham10000,ISIC_0032670,nv,HAM_0005601
0,0.1677844524383545,0,ham10000,ISIC_0027532,nv,HAM_0005602
0,0.325308233499527,1,ham10000,ISIC_0024464,nv,HAM_0005604
0,0.37560969591140747,1,ham10000,ISIC_0024361,nv,HAM_0005605
0,0.30345621705055237,1,ham10000,ISIC_0025928,bkl,HAM_0005606
1,0.4368050694465637,1,ham10000,ISIC_0032685,mel,HAM_0005608
0,0.23522576689720154,1,ham10000,ISIC_0025847,nv,HAM_0005609
0,0.40573105216026306,1,ham10000,ISIC_0025312,bkl,HAM_0005610
0,0.18898050487041473,0,ham10000,ISIC_0025850,nv,HAM_0005611
0,0.29833975434303284,1,ham10000,ISIC_0024981,bkl,HAM_0005612
1,0.22263620793819427,0,ham10000,ISIC_0030564,mel,HAM_0005613
0,0.17624548077583313,0,ham10000,ISIC_0030397,nv,HAM_0005614
0,0.22159740328788757,0,ham10000,ISIC_0031067,nv,HAM_0005615
0,0.30877408385276794,1,ham10000,ISIC_0029107,bkl,HAM_0005616
1,0.2977159917354584,1,ham10000,ISIC_0024833,bcc,HAM_0005617
0,0.14369522035121918,0,ham10000,ISIC_0027280,nv,HAM_0005618
0,0.3677617311477661,1,ham10000,ISIC_0025415,nv,HAM_0005619
0,0.2677440047264099,1,ham10000,ISIC_0024963,nv,HAM_0005620
0,0.27274852991104126,1,ham10000,ISIC_0028861,nv,HAM_0005621
0,0.28249818086624146,1,ham10000,ISIC_0030213,nv,HAM_0005622
1,0.5515544414520264,1,ham10000,ISIC_0030616,mel,HAM_0005623
1,0.29603636264801025,1,ham10000,ISIC_0028565,mel,HAM_0005624
0,0.38849782943725586,1,ham10000,ISIC_0031623,nv,HAM_0005625
0,0.4070405066013336,1,ham10000,ISIC_0031619,bkl,HAM_0005626
1,0.2972162067890167,1,ham10000,ISIC_0033568,mel,HAM_0005627
1,0.6243817806243896,1,ham10000,ISIC_0032940,mel,HAM_0005628
0,0.23193904757499695,0,ham10000,ISIC_0029317,nv,HAM_0005629
0,0.3288825750350952,1,ham10000,ISIC_0025864,nv,HAM_0005630
0,0.3755512237548828,1,ham10000,ISIC_0024439,nv,HAM_0005631
0,0.21780037879943848,0,ham10000,ISIC_0025470,bkl,HAM_0005632
0,0.29684460163116455,1,ham10000,ISIC_0029218,nv,HAM_0005633
0,0.382783442735672,1,ham10000,ISIC_0025944,nv,HAM_0005634
0,0.3084729015827179,1,ham10000,ISIC_0024878,nv,HAM_0005635
1,0.740239679813385,1,ham10000,ISIC_0032984,mel,HAM_0005636
0,0.2954976260662079,1,ham10000,ISIC_0028078,nv,HAM_0005637
0,0.23036275804042816,0,ham10000,ISIC_0030201,nv,HAM_0005638
0,0.22124026715755463,0,ham10000,ISIC_0030657,nv,HAM_0005639
1,0.3401038646697998,1,ham10000,ISIC_0030382,mel,HAM_0005640
0,0.15057756006717682,0,ham10000,ISIC_0032554,nv,HAM_0005641
1,0.29660284519195557,1,ham10000,ISIC_0027659,mel,HAM_0005642
0,0.2547588050365448,1,ham10000,ISIC_0032015,nv,HAM_0005643
0,0.3914266526699066,1,ham10000,ISIC_0027899,nv,HAM_0005644
0,0.32767143845558167,1,ham10000,ISIC_0030389,nv,HAM_0005645
0,0.36015334725379944,1,ham10000,ISIC_0029753,nv,HAM_0005646
0,0.3825880289077759,1,ham10000,ISIC_0027717,nv,HAM_0005647
1,0.33187034726142883,1,ham10000,ISIC_0027580,akiec,HAM_0005648
1,0.16168993711471558,0,ham10000,ISIC_0024522,akiec,HAM_0005650
0,0.4569404721260071,1,ham10000,ISIC_0028863,nv,HAM_0005651
0,0.30473271012306213,1,ham10000,ISIC_0027701,nv,HAM_0005653
0,0.2704083323478699,1,ham10000,ISIC_0032039,nv,HAM_0005654
0,0.40373557806015015,1,ham10000,ISIC_0029618,nv,HAM_0005655
0,0.22965584695339203,0,ham10000,ISIC_0026478,nv,HAM_0005656
1,0.39226436614990234,1,ham10000,ISIC_0024572,bcc,HAM_0005657
0,0.2467459738254547,1,ham10000,ISIC_0024996,nv,HAM_0005658
0,0.25904199481010437,1,ham10000,ISIC_0028896,nv,HAM_0005659
1,0.6826876401901245,1,ham10000,ISIC_0026574,bcc,HAM_0005660
0,0.4255545437335968,1,ham10000,ISIC_0025053,nv,HAM_0005661
0,0.27254772186279297,1,ham10000,ISIC_0026417,df,HAM_0005663
0,0.3132258653640747,1,ham10000,ISIC_0028016,nv,HAM_0005664
1,0.18116435408592224,0,ham10000,ISIC_0028973,bcc,HAM_0005665
0,0.23405155539512634,1,ham10000,ISIC_0025171,nv,HAM_0005666
0,0.38968899846076965,1,ham10000,ISIC_0032394,nv,HAM_0005667
1,0.4498923420906067,1,ham10000,ISIC_0028370,akiec,HAM_0005668
1,0.3760046362876892,1,ham10000,ISIC_0024949,bcc,HAM_0005669
0,0.21187284588813782,0,ham10000,ISIC_0028648,nv,HAM_0005670
0,0.24432657659053802,1,ham10000,ISIC_0029697,nv,HAM_0005671
0,0.1982313096523285,0,ham10000,ISIC_0028388,bkl,HAM_0005672
1,0.5141835808753967,1,ham10000,ISIC_0033487,mel,HAM_0005673
0,0.3148044943809509,1,ham10000,ISIC_0031060,bkl,HAM_0005674
0,0.3767140507698059,1,ham10000,ISIC_0030814,nv,HAM_0005675
0,0.3726665675640106,1,ham10000,ISIC_0024357,nv,HAM_0005676
0,0.3577248454093933,1,ham10000,ISIC_0032399,nv,HAM_0005677
1,0.503195583820343,1,ham10000,ISIC_0028086,mel,HAM_0005678
0,0.09660906344652176,0,ham10000,ISIC_0027177,nv,HAM_0005680
1,0.298331081867218,1,ham10000,ISIC_0027234,mel,HAM_0005681
0,0.36168786883354187,1,ham10000,ISIC_0028770,nv,HAM_0005682
0,0.3630940020084381,1,ham10000,ISIC_0025416,nv,HAM_0005683
0,0.4281885623931885,1,ham10000,ISIC_0027613,df,HAM_0005684
0,0.310233473777771,1,ham10000,ISIC_0031490,nv,HAM_0005685
0,0.41139864921569824,1,ham10000,ISIC_0033112,nv,HAM_0005686
0,0.26086294651031494,1,ham10000,ISIC_0027880,nv,HAM_0005687
0,0.16369560360908508,0,ham10000,ISIC_0027186,nv,HAM_0005688
0,0.2833007276058197,1,ham10000,ISIC_0028066,nv,HAM_0005689
0,0.48128241300582886,1,ham10000,ISIC_0025487,nv,HAM_0005690
0,0.196055606007576,0,ham10000,ISIC_0032457,nv,HAM_0005691
1,0.6705373525619507,1,ham10000,ISIC_0031931,mel,HAM_0005692
0,0.7483325004577637,1,ham10000,ISIC_0027781,bkl,HAM_0005693
0,0.44372111558914185,1,ham10000,ISIC_0030753,nv,HAM_0005694
0,0.2760840356349945,1,ham10000,ISIC_0030198,nv,HAM_0005695
0,0.29543599486351013,1,ham10000,ISIC_0025499,nv,HAM_0005696
1,0.5049899220466614,1,ham10000,ISIC_0027253,mel,HAM_0005697
0,0.31177613139152527,1,ham10000,ISIC_0028907,nv,HAM_0005698
0,0.1462319940328598,0,ham10000,ISIC_0028547,nv,HAM_0005699
0,0.4520077705383301,1,ham10000,ISIC_0031904,nv,HAM_0005700
1,0.38188669085502625,1,ham10000,ISIC_0025350,akiec,HAM_0005701
0,0.19313721358776093,0,ham10000,ISIC_0030381,nv,HAM_0005702
0,0.17277924716472626,0,ham10000,ISIC_0030519,nv,HAM_0005703
1,0.4406076669692993,1,ham10000,ISIC_0024654,akiec,HAM_0005705
0,0.13978618383407593,0,ham10000,ISIC_0027205,nv,HAM_0005706
0,0.29377123713493347,1,ham10000,ISIC_0029821,nv,HAM_0005707
0,0.33027786016464233,1,ham10000,ISIC_0029791,bkl,HAM_0005708
0,0.2680363655090332,1,ham10000,ISIC_0028569,nv,HAM_0005709
1,0.5180041790008545,1,ham10000,ISIC_0032638,mel,HAM_0005711
0,0.3923145532608032,1,ham10000,ISIC_0025101,nv,HAM_0005712
0,0.22314834594726562,0,ham10000,ISIC_0028714,vasc,HAM_0005713
0,0.2396513968706131,1,ham10000,ISIC_0026308,nv,HAM_0005714
0,0.3112910985946655,1,ham10000,ISIC_0032519,nv,HAM_0005715
0,0.2438937872648239,1,ham10000,ISIC_0031841,nv,HAM_0005716
0,0.19491150975227356,0,ham10000,ISIC_0032658,nv,HAM_0005717
1,0.34386250376701355,1,ham10000,ISIC_0029549,akiec,HAM_0005718
1,0.5050089955329895,1,ham10000,ISIC_0029453,mel,HAM_0005719
0,0.2076270580291748,0,ham10000,ISIC_0027714,nv,HAM_0005720
1,0.46875888109207153,1,ham10000,ISIC_0024550,bcc,HAM_0005721
0,0.24159148335456848,1,ham10000,ISIC_0028525,bkl,HAM_0005722
1,0.37781789898872375,1,ham10000,ISIC_0024805,mel,HAM_0005724
0,0.14818787574768066,0,ham10000,ISIC_0027634,nv,HAM_0005725
0,0.4384406507015228,1,ham10000,ISIC_0026898,nv,HAM_0005726
0,0.20745058357715607,0,ham10000,ISIC_0025781,bkl,HAM_0005728
0,0.37881916761398315,1,ham10000,ISIC_0030113,nv,HAM_0005729
0,0.20036756992340088,0,ham10000,ISIC_0028923,nv,HAM_0005730
0,0.2895805537700653,1,ham10000,ISIC_0024920,nv,HAM_0005731
0,0.2152298390865326,0,ham10000,ISIC_0025741,nv,HAM_0005732
0,0.1741345077753067,0,ham10000,ISIC_0030434,nv,HAM_0005733
0,0.31414252519607544,1,ham10000,ISIC_0025048,nv,HAM_0005734
1,0.18935947120189667,0,ham10000,ISIC_0025543,mel,HAM_0005735
1,0.39268022775650024,1,ham10000,ISIC_0033885,mel,HAM_0005737
0,0.25165560841560364,1,ham10000,ISIC_0027683,nv,HAM_0005738
0,0.5383063554763794,1,ham10000,ISIC_0029763,nv,HAM_0005739
0,0.2730422019958496,1,ham10000,ISIC_0033303,nv,HAM_0005740
0,0.12477140128612518,0,ham10000,ISIC_0027222,nv,HAM_0005741
1,0.3419490456581116,1,ham10000,ISIC_0027651,mel,HAM_0005742
0,0.1893119215965271,0,ham10000,ISIC_0025038,bkl,HAM_0005743
0,0.35009950399398804,1,ham10000,ISIC_0025880,nv,HAM_0005744
0,0.2837601900100708,1,ham10000,ISIC_0028447,nv,HAM_0005745
1,0.4790104329586029,1,ham10000,ISIC_0030002,mel,HAM_0005746
1,0.25833815336227417,1,ham10000,ISIC_0027105,mel,HAM_0005747
1,0.23355633020401,1,ham10000,ISIC_0032812,mel,HAM_0005748
0,0.4369511902332306,1,ham10000,ISIC_0032843,bkl,HAM_0005749
0,0.40409523248672485,1,ham10000,ISIC_0029733,nv,HAM_0005750
0,0.16526208817958832,0,ham10000,ISIC_0028386,bkl,HAM_0005751
1,0.36654168367385864,1,ham10000,ISIC_0028317,mel,HAM_0005752
0,0.3172816336154938,1,ham10000,ISIC_0028034,nv,HAM_0005753
0,0.2676205039024353,1,ham10000,ISIC_0029684,nv,HAM_0005754
0,0.4476119577884674,1,ham10000,ISIC_0024566,nv,HAM_0005755
0,0.23856528103351593,1,ham10000,ISIC_0030090,nv,HAM_0005756
1,0.566312849521637,1,ham10000,ISIC_0026496,bcc,HAM_0005757
1,0.645464301109314,1,ham10000,ISIC_0032586,mel,HAM_0005758
0,0.2678896188735962,1,ham10000,ISIC_0033263,nv,HAM_0005759
0,0.2833578586578369,1,ham10000,ISIC_0032621,nv,HAM_0005760
0,0.3321625292301178,1,ham10000,ISIC_0029493,nv,HAM_0005761
0,0.30737999081611633,1,ham10000,ISIC_0025179,nv,HAM_0005762
0,0.23664186894893646,1,ham10000,ISIC_0030073,nv,HAM_0005764
0,0.4204571843147278,1,ham10000,ISIC_0028031,nv,HAM_0005765
1,0.6851724982261658,1,ham10000,ISIC_0031738,akiec,HAM_0005766
0,0.13999196887016296,0,ham10000,ISIC_0030975,nv,HAM_0005767
0,0.21140897274017334,0,ham10000,ISIC_0029330,nv,HAM_0005768
0,0.29428112506866455,1,ham10000,ISIC_0028472,nv,HAM_0005769
0,0.46951866149902344,1,ham10000,ISIC_0026052,nv,HAM_0005770
0,0.3082903027534485,1,ham10000,ISIC_0030799,nv,HAM_0005771
0,0.37355101108551025,1,ham10000,ISIC_0031017,bkl,HAM_0005772
0,0.19465067982673645,0,ham10000,ISIC_0031096,nv,HAM_0005773
0,0.30110499262809753,1,ham10000,ISIC_0031137,nv,HAM_0005774
0,0.39108842611312866,1,ham10000,ISIC_0027725,nv,HAM_0005775
1,0.33632874488830566,1,ham10000,ISIC_0028238,bcc,HAM_0005776
1,0.5654483437538147,1,ham10000,ISIC_0033325,mel,HAM_0005777
0,0.19240835309028625,0,ham10000,ISIC_0028001,nv,HAM_0005778
0,0.49106696248054504,1,ham10000,ISIC_0026790,bkl,HAM_0005779
0,0.26310300827026367,1,ham10000,ISIC_0024625,nv,HAM_0005780
0,0.204154834151268,0,ham10000,ISIC_0024339,nv,HAM_0005781
0,0.13610957562923431,0,ham10000,ISIC_0026906,nv,HAM_0005782
1,0.3051556646823883,1,ham10000,ISIC_0029271,mel,HAM_0005783
0,0.3454999625682831,1,ham10000,ISIC_0030679,nv,HAM_0005784
1,0.18577054142951965,0,ham10000,ISIC_0026236,mel,HAM_0005785
0,0.2515060603618622,1,ham10000,ISIC_0026491,nv,HAM_0005786
0,0.26550349593162537,1,ham10000,ISIC_0027114,nv,HAM_0005787
0,0.3129032850265503,1,ham10000,ISIC_0031828,nv,HAM_0005788
1,0.3130871057510376,1,ham10000,ISIC_0028033,mel,HAM_0005789
0,0.3187342882156372,1,ham10000,ISIC_0024547,bkl,HAM_0005790
0,0.1758275032043457,0,ham10000,ISIC_0031966,nv,HAM_0005792
0,0.2533208429813385,1,ham10000,ISIC_0024629,nv,HAM_0005793
0,0.1455012559890747,0,ham10000,ISIC_0027574,nv,HAM_0005794
0,0.18256336450576782,0,ham10000,ISIC_0030296,nv,HAM_0005795
0,0.1110597550868988,0,ham10000,ISIC_0030078,nv,HAM_0005796
0,0.3530564606189728,1,ham10000,ISIC_0027220,nv,HAM_0005797
1,0.3597009778022766,1,ham10000,ISIC_0031095,bcc,HAM_0005798
0,0.28185155987739563,1,ham10000,ISIC_0025827,nv,HAM_0005799
0,0.3090353012084961,1,ham10000,ISIC_0028864,nv,HAM_0005800
0,0.5327044129371643,1,ham10000,ISIC_0029413,bkl,HAM_0005801
0,0.2912384867668152,1,ham10000,ISIC_0031173,nv,HAM_0005802
0,0.3470412492752075,1,ham10000,ISIC_0028717,nv,HAM_0005803
1,0.16619433462619781,0,ham10000,ISIC_0024573,bcc,HAM_0005804
0,0.33936432003974915,1,ham10000,ISIC_0027505,nv,HAM_0005805
0,0.2514391243457794,1,ham10000,ISIC_0024980,nv,HAM_0005806
0,0.4391476809978485,1,ham10000,ISIC_0026508,nv,HAM_0005807
0,0.23290027678012848,1,ham10000,ISIC_0030496,nv,HAM_0005808
1,0.4283524751663208,1,ham10000,ISIC_0033368,mel,HAM_0005809
0,0.36083585023880005,1,ham10000,ISIC_0030469,nv,HAM_0005810
0,0.2016458511352539,0,ham10000,ISIC_0031250,nv,HAM_0005812
0,0.30395323038101196,1,ham10000,ISIC_0026051,nv,HAM_0005813
0,0.20256775617599487,0,ham10000,ISIC_0032701,nv,HAM_0005814
0,0.39620885252952576,1,ham10000,ISIC_0030327,nv,HAM_0005815
0,0.29828158020973206,1,ham10000,ISIC_0027257,nv,HAM_0005816
0,0.16961759328842163,0,ham10000,ISIC_0028384,nv,HAM_0005817
0,0.44129663705825806,1,ham10000,ISIC_0032427,nv,HAM_0005818
0,0.27208465337753296,1,ham10000,ISIC_0025111,nv,HAM_0005819
0,0.30601999163627625,1,ham10000,ISIC_0033265,nv,HAM_0005820
0,0.24806682765483856,1,ham10000,ISIC_0029054,nv,HAM_0005822
0,0.380963534116745,1,ham10000,ISIC_0024872,nv,HAM_0005823
0,0.19206486642360687,0,ham10000,ISIC_0029873,nv,HAM_0005824
0,0.3042469620704651,1,ham10000,ISIC_0027304,nv,HAM_0005825
1,0.4796396493911743,1,ham10000,ISIC_0031077,mel,HAM_0005826
0,0.3196066617965698,1,ham10000,ISIC_0026119,nv,HAM_0005827
0,0.16614343225955963,0,ham10000,ISIC_0026554,nv,HAM_0005828
0,0.448721319437027,1,ham10000,ISIC_0030091,nv,HAM_0005829
0,0.39058718085289,1,ham10000,ISIC_0026418,nv,HAM_0005831
0,0.26100027561187744,1,ham10000,ISIC_0027286,nv,HAM_0005832
0,0.07958608120679855,0,ham10000,ISIC_0030431,nv,HAM_0005833
0,0.22979705035686493,0,ham10000,ISIC_0032249,bkl,HAM_0005834
1,0.27939197421073914,1,ham10000,ISIC_0025975,bcc,HAM_0005835
0,0.2726157307624817,1,ham10000,ISIC_0030153,nv,HAM_0005836
1,0.25653475522994995,1,ham10000,ISIC_0028653,bcc,HAM_0005837
0,0.35510310530662537,1,ham10000,ISIC_0030888,nv,HAM_0005838
0,0.1740819811820984,0,ham10000,ISIC_0027366,nv,HAM_0005839
0,0.3406234383583069,1,ham10000,ISIC_0028692,nv,HAM_0005840
0,0.23439575731754303,1,ham10000,ISIC_0027804,nv,HAM_0005841
1,0.4938600957393646,1,ham10000,ISIC_0027601,bcc,HAM_0005842
0,0.36994290351867676,1,ham10000,ISIC_0024820,nv,HAM_0005843
0,0.1162140741944313,0,ham10000,ISIC_0027918,nv,HAM_0005844
0,0.36905962228775024,1,ham10000,ISIC_0025851,bkl,HAM_0005845
1,0.4480871856212616,1,ham10000,ISIC_0024459,mel,HAM_0005846
0,0.40359145402908325,1,ham10000,ISIC_0033460,bkl,HAM_0005847
0,0.2407481074333191,1,ham10000,ISIC_0025517,nv,HAM_0005848
0,0.24250705540180206,1,ham10000,ISIC_0028647,nv,HAM_0005849
0,0.30538833141326904,1,ham10000,ISIC_0026708,nv,HAM_0005850
0,0.22382494807243347,0,ham10000,ISIC_0029804,nv,HAM_0005851
0,0.36040863394737244,1,ham10000,ISIC_0029569,nv,HAM_0005853
0,0.28947898745536804,1,ham10000,ISIC_0025926,nv,HAM_0005854
0,0.19967515766620636,0,ham10000,ISIC_0031727,nv,HAM_0005855
1,0.44334647059440613,1,ham10000,ISIC_0024984,bcc,HAM_0005856
0,0.3414836525917053,1,ham10000,ISIC_0030132,nv,HAM_0005857
0,0.12409650534391403,0,ham10000,ISIC_0028879,nv,HAM_0005858
0,0.18430650234222412,0,ham10000,ISIC_0025367,nv,HAM_0005859
0,0.294427752494812,1,ham10000,ISIC_0024641,nv,HAM_0005860
0,0.3236662447452545,1,ham10000,ISIC_0028346,df,HAM_0005861
0,0.19917906820774078,0,ham10000,ISIC_0031376,bkl,HAM_0005862
0,0.4277344346046448,1,ham10000,ISIC_0029336,nv,HAM_0005863
0,0.20525601506233215,0,ham10000,ISIC_0025054,nv,HAM_0005864
0,0.345500648021698,1,ham10000,ISIC_0030731,bkl,HAM_0005865
0,0.2064986377954483,0,ham10000,ISIC_0029422,nv,HAM_0005866
0,0.20243240892887115,0,ham10000,ISIC_0032387,nv,HAM_0005867
0,0.370833158493042,1,ham10000,ISIC_0025845,nv,HAM_0005868
0,0.41094520688056946,1,ham10000,ISIC_0029249,bkl,HAM_0005869
0,0.28906553983688354,1,ham10000,ISIC_0030399,nv,HAM_0005870
0,0.18140779435634613,0,ham10000,ISIC_0032080,nv,HAM_0005871
0,0.20291706919670105,0,ham10000,ISIC_0030518,nv,HAM_0005872
0,0.4084067642688751,1,ham10000,ISIC_0031612,nv,HAM_0005873
0,0.28903669118881226,1,ham10000,ISIC_0027326,bkl,HAM_0005874
0,0.23024535179138184,0,ham10000,ISIC_0032250,nv,HAM_0005875
0,0.13635946810245514,0,ham10000,ISIC_0026980,nv,HAM_0005876
0,0.36115750670433044,1,ham10000,ISIC_0029204,nv,HAM_0005877
0,0.6629307866096497,1,ham10000,ISIC_0033254,vasc,HAM_0005878
0,0.32012638449668884,1,ham10000,ISIC_0025262,nv,HAM_0005879
0,0.1610168069601059,0,ham10000,ISIC_0025117,nv,HAM_0005880
0,0.24122971296310425,1,ham10000,ISIC_0030967,nv,HAM_0005881
0,0.24717222154140472,1,ham10000,ISIC_0025666,nv,HAM_0005882
0,0.45914924144744873,1,ham10000,ISIC_0026018,bkl,HAM_0005883
0,0.42835912108421326,1,ham10000,ISIC_0027469,nv,HAM_0005884
0,0.3587137758731842,1,ham10000,ISIC_0031215,vasc,HAM_0005885
0,0.1483948528766632,0,ham10000,ISIC_0029982,nv,HAM_0005886
0,0.3387843370437622,1,ham10000,ISIC_0033221,nv,HAM_0005887
0,0.27063319087028503,1,ham10000,ISIC_0032355,nv,HAM_0005888
1,0.1300840824842453,0,ham10000,ISIC_0029930,akiec,HAM_0005889
0,0.3008245825767517,1,ham10000,ISIC_0027653,nv,HAM_0005890
0,0.16123242676258087,0,ham10000,ISIC_0026060,bkl,HAM_0005891
0,0.44959989190101624,1,ham10000,ISIC_0024861,nv,HAM_0005892
1,0.27095913887023926,1,ham10000,ISIC_0032833,mel,HAM_0005893
0,0.1650313138961792,0,ham10000,ISIC_0025579,nv,HAM_0005894
0,0.3760417401790619,1,ham10000,ISIC_0032252,nv,HAM_0005895
0,0.561969518661499,1,ham10000,ISIC_0024814,bkl,HAM_0005896
0,0.3179090619087219,1,ham10000,ISIC_0027511,nv,HAM_0005897
0,0.34376582503318787,1,ham10000,ISIC_0033401,bkl,HAM_0005898
0,0.3005939722061157,1,ham10000,ISIC_0031767,nv,HAM_0005899
0,0.3410794734954834,1,ham10000,ISIC_0028726,nv,HAM_0005900
1,0.17500996589660645,0,ham10000,ISIC_0031245,bcc,HAM_0005901
0,0.36048343777656555,1,ham10000,ISIC_0027285,nv,HAM_0005902
0,0.29210808873176575,1,ham10000,ISIC_0032179,bkl,HAM_0005903
0,0.21351055800914764,0,ham10000,ISIC_0024956,nv,HAM_0005904
0,0.46981894969940186,1,ham10000,ISIC_0034257,nv,HAM_0005905
0,0.1637379676103592,0,ham10000,ISIC_0025609,nv,HAM_0005906
0,0.34357449412345886,1,ham10000,ISIC_0027623,nv,HAM_0005907
0,0.09437014162540436,0,ham10000,ISIC_0029150,nv,HAM_0005908
1,0.4302823841571808,1,ham10000,ISIC_0026045,mel,HAM_0005909
0,0.3070772886276245,1,ham10000,ISIC_0026513,nv,HAM_0005910
1,0.42757415771484375,1,ham10000,ISIC_0028127,mel,HAM_0005911
0,0.12270299345254898,0,ham10000,ISIC_0027028,nv,HAM_0005912
0,0.16046005487442017,0,ham10000,ISIC_0028640,bkl,HAM_0005913
0,0.2805626094341278,1,ham10000,ISIC_0028785,nv,HAM_0005914
0,0.6759294271469116,1,ham10000,ISIC_0025656,bkl,HAM_0005915
0,0.16785018146038055,0,ham10000,ISIC_0027556,nv,HAM_0005916
0,0.23961158096790314,1,ham10000,ISIC_0032272,nv,HAM_0005917
0,0.27148300409317017,1,ham10000,ISIC_0029177,df,HAM_0005918
0,0.2687671184539795,1,ham10000,ISIC_0030503,nv,HAM_0005919
0,0.16625544428825378,0,ham10000,ISIC_0026727,nv,HAM_0005920
1,0.8956087231636047,1,ham10000,ISIC_0029034,bcc,HAM_0005921
0,0.17488929629325867,0,ham10000,ISIC_0025896,nv,HAM_0005922
0,0.23701678216457367,1,ham10000,ISIC_0031419,nv,HAM_0005923
1,0.3167668282985687,1,ham10000,ISIC_0025196,akiec,HAM_0005924
0,0.3102611303329468,1,ham10000,ISIC_0026222,nv,HAM_0005925
1,0.4360540509223938,1,ham10000,ISIC_0027069,mel,HAM_0005926
1,0.30779367685317993,1,ham10000,ISIC_0028173,mel,HAM_0005927
0,0.13483227789402008,0,ham10000,ISIC_0031574,nv,HAM_0005928
0,0.3131150007247925,1,ham10000,ISIC_0026638,nv,HAM_0005929
0,0.31040915846824646,1,ham10000,ISIC_0031484,nv,HAM_0005930
1,0.33574748039245605,1,ham10000,ISIC_0031191,akiec,HAM_0005931
0,0.2703075706958771,1,ham10000,ISIC_0027747,bkl,HAM_0005932
1,0.48723602294921875,1,ham10000,ISIC_0024634,bcc,HAM_0005933
0,0.19723795354366302,0,ham10000,ISIC_0031740,nv,HAM_0005934
0,0.24277262389659882,1,ham10000,ISIC_0026679,bkl,HAM_0005935
0,0.37181758880615234,1,ham10000,ISIC_0024921,nv,HAM_0005936
0,0.2525453567504883,1,ham10000,ISIC_0027679,nv,HAM_0005937
0,0.14021103084087372,0,ham10000,ISIC_0025596,vasc,HAM_0005938
0,0.41048020124435425,1,ham10000,ISIC_0024327,nv,HAM_0005939
0,0.255240797996521,1,ham10000,ISIC_0026331,nv,HAM_0005940
0,0.3502653241157532,1,ham10000,ISIC_0029295,nv,HAM_0005941
0,0.28600698709487915,1,ham10000,ISIC_0032529,nv,HAM_0005942
0,0.13340996205806732,0,ham10000,ISIC_0032033,nv,HAM_0005943
0,0.45129090547561646,1,ham10000,ISIC_0030850,nv,HAM_0005944
0,0.2571726441383362,1,ham10000,ISIC_0032053,nv,HAM_0005945
0,0.3101429045200348,1,ham10000,ISIC_0026368,nv,HAM_0005946
1,0.8396497368812561,1,ham10000,ISIC_0027998,bcc,HAM_0005947
0,0.2502346932888031,1,ham10000,ISIC_0029761,nv,HAM_0005948
0,0.2333468347787857,1,ham10000,ISIC_0027148,nv,HAM_0005949
0,0.2680438756942749,1,ham10000,ISIC_0026165,nv,HAM_0005950
0,0.2641493082046509,1,ham10000,ISIC_0027325,nv,HAM_0005951
0,0.3964978754520416,1,ham10000,ISIC_0027916,bkl,HAM_0005952
1,0.4448632299900055,1,ham10000,ISIC_0032626,mel,HAM_0005953
1,0.5356863737106323,1,ham10000,ISIC_0032203,akiec,HAM_0005954
0,0.4123436510562897,1,ham10000,ISIC_0024713,nv,HAM_0005955
0,0.30161231756210327,1,ham10000,ISIC_0030727,nv,HAM_0005957
1,0.45072442293167114,1,ham10000,ISIC_0027577,akiec,HAM_0005958
0,0.19971957802772522,0,ham10000,ISIC_0025058,nv,HAM_0005959
0,0.4478805661201477,1,ham10000,ISIC_0028632,nv,HAM_0005960
0,0.17570792138576508,0,ham10000,ISIC_0032795,nv,HAM_0005961
0,0.23583856225013733,1,ham10000,ISIC_0028129,nv,HAM_0005963
0,0.16438154876232147,0,ham10000,ISIC_0026405,nv,HAM_0005964
0,0.28230759501457214,1,ham10000,ISIC_0029858,nv,HAM_0005965
0,0.3687080442905426,1,ham10000,ISIC_0025902,nv,HAM_0005966
0,0.44117671251296997,1,ham10000,ISIC_0032031,bkl,HAM_0005967
0,0.3679271340370178,1,ham10000,ISIC_0024758,bkl,HAM_0005968
0,0.3626049757003784,1,ham10000,ISIC_0028257,nv,HAM_0005969
1,0.4634046256542206,1,ham10000,ISIC_0032806,mel,HAM_0005970
1,0.32254695892333984,1,ham10000,ISIC_0024452,bcc,HAM_0005971
0,0.2545851171016693,1,ham10000,ISIC_0033319,nv,HAM_0005972
1,0.44826987385749817,1,ham10000,ISIC_0026940,bcc,HAM_0005973
0,0.5962144732475281,1,ham10000,ISIC_0031395,nv,HAM_0005974
0,0.31722578406333923,1,ham10000,ISIC_0031837,nv,HAM_0005975
0,0.27383944392204285,1,ham10000,ISIC_0030638,nv,HAM_0005976
0,0.49726277589797974,1,ham10000,ISIC_0028396,nv,HAM_0005977
1,0.16902700066566467,0,ham10000,ISIC_0030143,akiec,HAM_0005978
0,0.4074755907058716,1,ham10000,ISIC_0030422,nv,HAM_0005980
1,0.1559988409280777,0,ham10000,ISIC_0027371,bcc,HAM_0005981
1,0.39340272545814514,1,ham10000,ISIC_0026766,bcc,HAM_0005982
0,0.5489230155944824,1,ham10000,ISIC_0025594,df,HAM_0005983
1,0.38945260643959045,1,ham10000,ISIC_0026117,bcc,HAM_0005984
1,0.4140812158584595,1,ham10000,ISIC_0027038,bcc,HAM_0005985
1,0.4658181667327881,1,ham10000,ISIC_0029574,mel,HAM_0005986
0,0.15679822862148285,0,ham10000,ISIC_0026741,nv,HAM_0005987
0,0.20049384236335754,0,ham10000,ISIC_0025646,nv,HAM_0005988
0,0.4974507689476013,1,ham10000,ISIC_0031648,vasc,HAM_0005989
0,0.3070564568042755,1,ham10000,ISIC_0032320,nv,HAM_0005990
0,0.21705886721611023,0,ham10000,ISIC_0031505,nv,HAM_0005991
1,0.3654799461364746,1,ham10000,ISIC_0032597,mel,HAM_0005992
0,0.3057743310928345,1,ham10000,ISIC_0026441,bkl,HAM_0005993
0,0.2899628281593323,1,ham10000,ISIC_0029975,nv,HAM_0005994
0,0.22953735291957855,0,ham10000,ISIC_0033331,nv,HAM_0005995
0,0.22923985123634338,0,ham10000,ISIC_0031338,nv,HAM_0005996
0,0.5516236424446106,1,ham10000,ISIC_0033740,nv,HAM_0005997
1,0.21643680334091187,0,ham10000,ISIC_0027058,bcc,HAM_0005998
0,0.18240271508693695,0,ham10000,ISIC_0030958,nv,HAM_0005999
0,0.38430190086364746,1,ham10000,ISIC_0032121,nv,HAM_0006000
0,0.41914743185043335,1,ham10000,ISIC_0028395,nv,HAM_0006001
1,0.4566780626773834,1,ham10000,ISIC_0029915,akiec,HAM_0006002
0,0.3945859968662262,1,ham10000,ISIC_0032827,bkl,HAM_0006003
1,0.285980761051178,1,ham10000,ISIC_0027702,mel,HAM_0006004
1,0.7036092877388,1,ham10000,ISIC_0029489,bcc,HAM_0006005
1,0.3181600570678711,1,ham10000,ISIC_0024961,mel,HAM_0006006
0,0.13593538105487823,0,ham10000,ISIC_0031737,nv,HAM_0006007
0,0.10368473082780838,0,ham10000,ISIC_0028342,nv,HAM_0006008
0,0.5216365456581116,1,ham10000,ISIC_0026174,bkl,HAM_0006009
0,0.1635870784521103,0,ham10000,ISIC_0028695,nv,HAM_0006010
1,0.2513578534126282,1,ham10000,ISIC_0034012,mel,HAM_0006011
0,0.18195489048957825,0,ham10000,ISIC_0029240,nv,HAM_0006012
0,0.27992573380470276,1,ham10000,ISIC_0028572,nv,HAM_0006013
0,0.35324910283088684,1,ham10000,ISIC_0032737,nv,HAM_0006014
0,0.23453351855278015,1,ham10000,ISIC_0025294,nv,HAM_0006015
0,0.21280606091022491,0,ham10000,ISIC_0029670,nv,HAM_0006016
1,0.4205192029476166,1,ham10000,ISIC_0027282,mel,HAM_0006017
0,0.20873594284057617,0,ham10000,ISIC_0033486,bkl,HAM_0006018
0,0.12460195273160934,0,ham10000,ISIC_0030347,nv,HAM_0006019
0,0.2809113562107086,1,ham10000,ISIC_0029572,nv,HAM_0006020
0,0.42357128858566284,1,ham10000,ISIC_0026881,nv,HAM_0006021
0,0.23300723731517792,1,ham10000,ISIC_0029901,nv,HAM_0006022
0,0.28155839443206787,1,ham10000,ISIC_0025002,nv,HAM_0006023
1,0.2816218137741089,1,ham10000,ISIC_0027884,akiec,HAM_0006024
0,0.308580607175827,1,ham10000,ISIC_0031285,nv,HAM_0006025
0,0.2523100674152374,1,ham10000,ISIC_0032804,bkl,HAM_0006026
0,0.5174922943115234,1,ham10000,ISIC_0032189,nv,HAM_0006028
0,0.17098309099674225,0,ham10000,ISIC_0025935,nv,HAM_0006029
0,0.2928697168827057,1,ham10000,ISIC_0024618,nv,HAM_0006030
0,0.46572479605674744,1,ham10000,ISIC_0025374,bkl,HAM_0006031
0,0.10747548937797546,0,ham10000,ISIC_0027501,nv,HAM_0006032
0,0.29132530093193054,1,ham10000,ISIC_0026128,nv,HAM_0006033
0,0.32573220133781433,1,ham10000,ISIC_0026426,nv,HAM_0006034
0,0.34326937794685364,1,ham10000,ISIC_0027551,nv,HAM_0006035
1,0.4475218951702118,1,ham10000,ISIC_0029713,akiec,HAM_0006036
1,0.728252649307251,1,ham10000,ISIC_0026571,mel,HAM_0006037
0,0.21133580803871155,0,ham10000,ISIC_0029969,nv,HAM_0006038
0,0.3545871376991272,1,ham10000,ISIC_0028092,nv,HAM_0006039
0,0.24918758869171143,1,ham10000,ISIC_0029978,nv,HAM_0006040
0,0.3179732859134674,1,ham10000,ISIC_0029313,nv,HAM_0006041
0,0.47668299078941345,1,ham10000,ISIC_0033983,nv,HAM_0006042
0,0.3199712038040161,1,ham10000,ISIC_0027782,nv,HAM_0006043
0,0.17535999417304993,0,ham10000,ISIC_0026986,nv,HAM_0006044
0,0.34473446011543274,1,ham10000,ISIC_0029910,nv,HAM_0006045
0,0.4004693627357483,1,ham10000,ISIC_0031199,nv,HAM_0006046
1,0.6028851270675659,1,ham10000,ISIC_0025467,bcc,HAM_0006047
0,0.5710848569869995,1,ham10000,ISIC_0030064,nv,HAM_0006048
1,0.1847601979970932,0,ham10000,ISIC_0031614,bcc,HAM_0006049
0,0.3602488040924072,1,ham10000,ISIC_0029122,nv,HAM_0006050
0,0.3358684778213501,1,ham10000,ISIC_0030475,nv,HAM_0006051
0,0.17706815898418427,0,ham10000,ISIC_0025476,nv,HAM_0006052
1,0.29452845454216003,1,ham10000,ISIC_0028147,bcc,HAM_0006053
0,0.18994422256946564,0,ham10000,ISIC_0030982,nv,HAM_0006054
0,0.21852314472198486,0,ham10000,ISIC_0031456,nv,HAM_0006055
0,0.20331299304962158,0,ham10000,ISIC_0030999,nv,HAM_0006057
0,0.16803020238876343,0,ham10000,ISIC_0028911,nv,HAM_0006058
0,0.4509037137031555,1,ham10000,ISIC_0028089,nv,HAM_0006059
0,0.12883861362934113,0,ham10000,ISIC_0030513,nv,HAM_0006060
1,0.5799806118011475,1,ham10000,ISIC_0027179,mel,HAM_0006061
0,0.19205926358699799,0,ham10000,ISIC_0029435,nv,HAM_0006062
0,0.18770374357700348,0,ham10000,ISIC_0026975,nv,HAM_0006063
0,0.2639213502407074,1,ham10000,ISIC_0031132,bkl,HAM_0006064
0,0.32668936252593994,1,ham10000,ISIC_0028952,bkl,HAM_0006065
0,0.16118092834949493,0,ham10000,ISIC_0028245,nv,HAM_0006067
0,0.33773353695869446,1,ham10000,ISIC_0024591,nv,HAM_0006068
0,0.09531494230031967,0,ham10000,ISIC_0031681,nv,HAM_0006069
0,0.16801932454109192,0,ham10000,ISIC_0026833,nv,HAM_0006070
0,0.46373632550239563,1,ham10000,ISIC_0032343,bkl,HAM_0006071
0,0.39915311336517334,1,ham10000,ISIC_0027168,nv,HAM_0006072
0,0.25750306248664856,1,ham10000,ISIC_0025761,nv,HAM_0006073
0,0.6841017007827759,1,ham10000,ISIC_0033829,bkl,HAM_0006074
0,0.2797960638999939,1,ham10000,ISIC_0026999,nv,HAM_0006075
0,0.19725197553634644,0,ham10000,ISIC_0027323,nv,HAM_0006077
0,0.6372280716896057,1,ham10000,ISIC_0032809,nv,HAM_0006078
0,0.20667244493961334,0,ham10000,ISIC_0030641,nv,HAM_0006079
0,0.20700161159038544,0,ham10000,ISIC_0032668,nv,HAM_0006080
0,0.28067275881767273,1,ham10000,ISIC_0030691,nv,HAM_0006081
0,0.3315001130104065,1,ham10000,ISIC_0027500,nv,HAM_0006082
0,0.32634851336479187,1,ham10000,ISIC_0028178,nv,HAM_0006083
0,0.0677669420838356,0,ham10000,ISIC_0027641,nv,HAM_0006084
0,0.5035071969032288,1,ham10000,ISIC_0032949,bkl,HAM_0006085
0,0.1232462078332901,0,ham10000,ISIC_0025563,nv,HAM_0006086
0,0.27272000908851624,1,ham10000,ISIC_0032094,nv,HAM_0006087
1,0.2134024053812027,0,ham10000,ISIC_0028760,mel,HAM_0006088
0,0.22219766676425934,0,ham10000,ISIC_0031316,nv,HAM_0006089
0,0.17251068353652954,0,ham10000,ISIC_0026859,nv,HAM_0006090
0,0.38499513268470764,1,ham10000,ISIC_0026507,nv,HAM_0006091
1,0.4051845669746399,1,ham10000,ISIC_0029241,mel,HAM_0006092
0,0.22903594374656677,0,ham10000,ISIC_0024974,nv,HAM_0006093
0,0.22404053807258606,0,ham10000,ISIC_0026998,nv,HAM_0006094
0,0.2685864269733429,1,ham10000,ISIC_0025933,nv,HAM_0006095
0,0.4021312892436981,1,ham10000,ISIC_0025190,nv,HAM_0006096
1,0.3953276574611664,1,ham10000,ISIC_0027306,mel,HAM_0006097
0,0.26741746068000793,1,ham10000,ISIC_0030938,nv,HAM_0006098
0,0.3733017146587372,1,ham10000,ISIC_0026311,bkl,HAM_0006099
0,0.3260307312011719,1,ham10000,ISIC_0032288,nv,HAM_0006100
1,0.7004588842391968,1,ham10000,ISIC_0032617,mel,HAM_0006101
0,0.3169069290161133,1,ham10000,ISIC_0032105,nv,HAM_0006102
0,0.3075956106185913,1,ham10000,ISIC_0031504,nv,HAM_0006103
0,0.22508373856544495,0,ham10000,ISIC_0026323,nv,HAM_0006104
0,0.14812500774860382,0,ham10000,ISIC_0032236,nv,HAM_0006105
0,0.28674936294555664,1,ham10000,ISIC_0032295,nv,HAM_0006106
0,0.39479124546051025,1,ham10000,ISIC_0024697,nv,HAM_0006108
0,0.2878550589084625,1,ham10000,ISIC_0028459,nv,HAM_0006109
0,0.33124932646751404,1,ham10000,ISIC_0025289,nv,HAM_0006110
1,0.2696163058280945,1,ham10000,ISIC_0030138,bcc,HAM_0006111
0,0.4043363630771637,1,ham10000,ISIC_0031696,nv,HAM_0006113
0,0.18230001628398895,0,ham10000,ISIC_0027873,nv,HAM_0006114
1,0.63356614112854,1,ham10000,ISIC_0025576,bcc,HAM_0006115
0,0.43484005331993103,1,ham10000,ISIC_0028117,nv,HAM_0006116
0,0.3546392321586609,1,ham10000,ISIC_0025566,nv,HAM_0006117
0,0.2989136576652527,1,ham10000,ISIC_0026429,nv,HAM_0006118
0,0.20649029314517975,0,ham10000,ISIC_0029944,nv,HAM_0006119
0,0.43387502431869507,1,ham10000,ISIC_0025372,nv,HAM_0006120
0,0.37046918272972107,1,ham10000,ISIC_0032792,nv,HAM_0006121
0,0.3595521152019501,1,ham10000,ISIC_0031556,bkl,HAM_0006122
0,0.26959627866744995,1,ham10000,ISIC_0025275,bkl,HAM_0006123
0,0.4201430082321167,1,ham10000,ISIC_0025131,bkl,HAM_0006124
0,0.41434672474861145,1,ham10000,ISIC_0028144,nv,HAM_0006125
0,0.31606796383857727,1,ham10000,ISIC_0027715,nv,HAM_0006126
0,0.2729019820690155,1,ham10000,ISIC_0032449,nv,HAM_0006127
0,0.3653925061225891,1,ham10000,ISIC_0028701,bkl,HAM_0006128
0,0.5484097599983215,1,ham10000,ISIC_0027849,nv,HAM_0006129
1,0.29616329073905945,1,ham10000,ISIC_0031670,mel,HAM_0006130
0,0.1665651798248291,0,ham10000,ISIC_0024822,nv,HAM_0006131
0,0.21416446566581726,0,ham10000,ISIC_0027732,nv,HAM_0006132
0,0.2470422387123108,1,ham10000,ISIC_0024755,nv,HAM_0006133
0,0.3608497083187103,1,ham10000,ISIC_0030622,nv,HAM_0006134
1,0.2662574052810669,1,ham10000,ISIC_0031044,akiec,HAM_0006135
0,0.29526081681251526,1,ham10000,ISIC_0028910,nv,HAM_0006136
1,0.12217975407838821,0,ham10000,ISIC_0026738,mel,HAM_0006137
0,0.2180563062429428,0,ham10000,ISIC_0026713,vasc,HAM_0006138
0,0.06505514681339264,0,ham10000,ISIC_0025349,nv,HAM_0006139
0,0.18975144624710083,0,ham10000,ISIC_0030163,nv,HAM_0006140
0,0.2172888070344925,0,ham10000,ISIC_0024603,nv,HAM_0006141
0,0.4420596957206726,1,ham10000,ISIC_0026509,nv,HAM_0006142
0,0.33812272548675537,1,ham10000,ISIC_0032168,bkl,HAM_0006143
0,0.2457365095615387,1,ham10000,ISIC_0029388,nv,HAM_0006144
0,0.37762776017189026,1,ham10000,ISIC_0031713,nv,HAM_0006145
0,0.409602552652359,1,ham10000,ISIC_0028159,nv,HAM_0006146
0,0.31137099862098694,1,ham10000,ISIC_0032641,nv,HAM_0006147
0,0.3693615198135376,1,ham10000,ISIC_0033987,bkl,HAM_0006148
0,0.39979395270347595,1,ham10000,ISIC_0025047,nv,HAM_0006149
0,0.27287688851356506,1,ham10000,ISIC_0026569,nv,HAM_0006150
0,0.22010166943073273,0,ham10000,ISIC_0032296,nv,HAM_0006151
1,0.4585758149623871,1,ham10000,ISIC_0027238,mel,HAM_0006152
0,0.2777303457260132,1,ham10000,ISIC_0030749,nv,HAM_0006153
0,0.3099825978279114,1,ham10000,ISIC_0030082,nv,HAM_0006154
0,0.4254612326622009,1,ham10000,ISIC_0029728,nv,HAM_0006155
0,0.4358404874801636,1,ham10000,ISIC_0027903,vasc,HAM_0006156
0,0.13279308378696442,0,ham10000,ISIC_0033855,bkl,HAM_0006157
0,0.2512660026550293,1,ham10000,ISIC_0033096,nv,HAM_0006158
0,0.2969863712787628,1,ham10000,ISIC_0028977,bkl,HAM_0006159
1,0.5205985307693481,1,ham10000,ISIC_0030950,mel,HAM_0006160
0,0.2786159813404083,1,ham10000,ISIC_0029164,nv,HAM_0006161
0,0.23099227249622345,0,ham10000,ISIC_0027245,nv,HAM_0006162
0,0.39576372504234314,1,ham10000,ISIC_0030331,nv,HAM_0006163
0,0.06454630196094513,0,ham10000,ISIC_0024385,nv,HAM_0006164
0,0.3458385467529297,1,ham10000,ISIC_0029964,nv,HAM_0006165
0,0.2016129046678543,0,ham10000,ISIC_0028805,nv,HAM_0006166
0,0.19233094155788422,0,ham10000,ISIC_0027845,nv,HAM_0006167
0,0.11466611921787262,0,ham10000,ISIC_0026464,nv,HAM_0006168
0,0.3539222776889801,1,ham10000,ISIC_0026747,nv,HAM_0006169
0,0.13946053385734558,0,ham10000,ISIC_0027969,bkl,HAM_0006170
1,0.4681365489959717,1,ham10000,ISIC_0025663,mel,HAM_0006171
0,0.1550525426864624,0,ham10000,ISIC_0024485,nv,HAM_0006172
0,0.30632278323173523,1,ham10000,ISIC_0031961,bkl,HAM_0006173
0,0.2354397177696228,1,ham10000,ISIC_0028116,nv,HAM_0006174
0,0.35282614827156067,1,ham10000,ISIC_0024954,nv,HAM_0006175
0,0.45142725110054016,1,ham10000,ISIC_0027539,nv,HAM_0006176
0,0.32885420322418213,1,ham10000,ISIC_0031234,nv,HAM_0006177
0,0.40414711833000183,1,ham10000,ISIC_0031100,nv,HAM_0006178
0,0.09118759632110596,0,ham10000,ISIC_0030662,nv,HAM_0006179
1,0.33689507842063904,1,ham10000,ISIC_0026905,akiec,HAM_0006180
0,0.5457404851913452,1,ham10000,ISIC_0026961,bkl,HAM_0006181
0,0.42460063099861145,1,ham10000,ISIC_0033419,nv,HAM_0006182
0,0.20703105628490448,0,ham10000,ISIC_0028397,nv,HAM_0006183
1,0.546082079410553,1,ham10000,ISIC_0033024,mel,HAM_0006184
0,0.40819332003593445,1,ham10000,ISIC_0028759,nv,HAM_0006185
0,0.2909105122089386,1,ham10000,ISIC_0029320,bkl,HAM_0006186
0,0.40359604358673096,1,ham10000,ISIC_0025453,nv,HAM_0006187
0,0.48847508430480957,1,ham10000,ISIC_0024330,df,HAM_0006188
1,0.6222286820411682,1,ham10000,ISIC_0033269,mel,HAM_0006189
0,0.3140811324119568,1,ham10000,ISIC_0025507,bkl,HAM_0006190
0,0.1891113519668579,0,ham10000,ISIC_0028829,nv,HAM_0006191
0,0.46780598163604736,1,ham10000,ISIC_0027416,nv,HAM_0006192
0,0.32553014159202576,1,ham10000,ISIC_0029877,vasc,HAM_0006193
0,0.2938993573188782,1,ham10000,ISIC_0030968,nv,HAM_0006194
0,0.30685698986053467,1,ham10000,ISIC_0028267,nv,HAM_0006195
1,0.3519466817378998,1,ham10000,ISIC_0025248,mel,HAM_0006196
0,0.5530987977981567,1,ham10000,ISIC_0028332,nv,HAM_0006197
0,0.2097688764333725,0,ham10000,ISIC_0028676,nv,HAM_0006198
0,0.260592520236969,1,ham10000,ISIC_0024888,nv,HAM_0006199
0,0.49385958909988403,1,ham10000,ISIC_0024420,bkl,HAM_0006201
0,0.2487584948539734,1,ham10000,ISIC_0030627,nv,HAM_0006202
0,0.4308425486087799,1,ham10000,ISIC_0026456,vasc,HAM_0006203
0,0.367603600025177,1,ham10000,ISIC_0029806,nv,HAM_0006204
0,0.2595295011997223,1,ham10000,ISIC_0031121,nv,HAM_0006205
0,0.18730607628822327,0,ham10000,ISIC_0030438,nv,HAM_0006206
1,0.5441484451293945,1,ham10000,ISIC_0030034,mel,HAM_0006207
1,0.332266628742218,1,ham10000,ISIC_0028916,mel,HAM_0006208
0,0.29358696937561035,1,ham10000,ISIC_0028626,nv,HAM_0006209
0,0.3659074902534485,1,ham10000,ISIC_0026454,nv,HAM_0006210
0,0.2746356427669525,1,ham10000,ISIC_0025519,bkl,HAM_0006211
0,0.32969385385513306,1,ham10000,ISIC_0029721,nv,HAM_0006212
1,0.6185242533683777,1,ham10000,ISIC_0025182,akiec,HAM_0006213
1,0.22089184820652008,0,ham10000,ISIC_0031189,mel,HAM_0006214
0,0.16944657266139984,0,ham10000,ISIC_0027321,nv,HAM_0006215
0,0.204392209649086,0,ham10000,ISIC_0030214,nv,HAM_0006216
1,0.3001679480075836,1,ham10000,ISIC_0031043,akiec,HAM_0006217
0,0.29580557346343994,1,ham10000,ISIC_0032589,nv,HAM_0006218
0,0.13759776949882507,0,ham10000,ISIC_0026202,nv,HAM_0006219
1,0.5776051878929138,1,ham10000,ISIC_0024470,akiec,HAM_0006220
0,0.20609736442565918,0,ham10000,ISIC_0025300,nv,HAM_0006221
1,0.4982133209705353,1,ham10000,ISIC_0025069,akiec,HAM_0006222
1,0.256695419549942,1,ham10000,ISIC_0025791,mel,HAM_0006223
0,0.21647551655769348,0,ham10000,ISIC_0029351,nv,HAM_0006224
0,0.34025660157203674,1,ham10000,ISIC_0028887,nv,HAM_0006225
0,0.23374846577644348,1,ham10000,ISIC_0024414,nv,HAM_0006226
0,0.33795657753944397,1,ham10000,ISIC_0031264,nv,HAM_0006227
0,0.1444285660982132,0,ham10000,ISIC_0028594,nv,HAM_0006228
0,0.18969427049160004,0,ham10000,ISIC_0027733,nv,HAM_0006229
0,0.3889414072036743,1,ham10000,ISIC_0032632,nv,HAM_0006230
0,0.2779860198497772,1,ham10000,ISIC_0032849,nv,HAM_0006231
0,0.42522647976875305,1,ham10000,ISIC_0033043,nv,HAM_0006232
0,0.39934054017066956,1,ham10000,ISIC_0033290,nv,HAM_0006233
0,0.3812512755393982,1,ham10000,ISIC_0033341,nv,HAM_0006234
0,0.2481503039598465,1,ham10000,ISIC_0033681,nv,HAM_0006235
0,0.30461329221725464,1,ham10000,ISIC_0033741,nv,HAM_0006236
0,0.1896185427904129,0,ham10000,ISIC_0034072,nv,HAM_0006237
0,0.3173236846923828,1,ham10000,ISIC_0034151,bkl,HAM_0006238
0,0.2400946170091629,1,ham10000,ISIC_0034177,nv,HAM_0006239
0,0.6080613136291504,1,ham10000,ISIC_0030188,bkl,HAM_0006240
0,0.2978852093219757,1,ham10000,ISIC_0031379,nv,HAM_0006241
0,0.35144785046577454,1,ham10000,ISIC_0030846,nv,HAM_0006242
0,0.2574031352996826,1,ham10000,ISIC_0031436,bkl,HAM_0006243
0,0.3315797746181488,1,ham10000,ISIC_0027197,nv,HAM_0006244
0,0.49359050393104553,1,ham10000,ISIC_0030733,nv,HAM_0006245
0,0.3115427792072296,1,ham10000,ISIC_0024523,nv,HAM_0006246
0,0.2006441205739975,0,ham10000,ISIC_0031393,nv,HAM_0006247
0,0.2940156161785126,1,ham10000,ISIC_0030087,nv,HAM_0006248
0,0.1725040078163147,0,ham10000,ISIC_0024759,nv,HAM_0006249
0,0.2755952477455139,1,ham10000,ISIC_0030308,nv,HAM_0006250
0,0.3645128905773163,1,ham10000,ISIC_0026437,nv,HAM_0006251
1,0.2863529920578003,1,ham10000,ISIC_0024646,akiec,HAM_0006252
1,0.3438984155654907,1,ham10000,ISIC_0028291,mel,HAM_0006253
0,0.208808034658432,0,ham10000,ISIC_0024633,nv,HAM_0006254
0,0.31298065185546875,1,ham10000,ISIC_0026548,nv,HAM_0006255
0,0.35566020011901855,1,ham10000,ISIC_0027624,nv,HAM_0006256
1,0.29956749081611633,1,ham10000,ISIC_0029843,mel,HAM_0006257
0,0.16913853585720062,0,ham10000,ISIC_0028484,nv,HAM_0006258
0,0.1189965009689331,0,ham10000,ISIC_0027785,nv,HAM_0006259
0,0.29447486996650696,1,ham10000,ISIC_0029748,nv,HAM_0006260
0,0.3209278881549835,1,ham10000,ISIC_0028466,nv,HAM_0006261
0,0.20853115618228912,0,ham10000,ISIC_0027211,nv,HAM_0006262
0,0.27766725420951843,1,ham10000,ISIC_0029447,nv,HAM_0006263
0,0.1774883270263672,0,ham10000,ISIC_0024350,nv,HAM_0006264
0,0.18695791065692902,0,ham10000,ISIC_0028212,nv,HAM_0006266
0,0.369151771068573,1,ham10000,ISIC_0031200,bkl,HAM_0006267
0,0.22021839022636414,0,ham10000,ISIC_0026432,nv,HAM_0006268
0,0.3655286133289337,1,ham10000,ISIC_0031606,nv,HAM_0006270
0,0.30415162444114685,1,ham10000,ISIC_0027572,nv,HAM_0006271
0,0.3609534204006195,1,ham10000,ISIC_0024429,nv,HAM_0006272
0,0.39749374985694885,1,ham10000,ISIC_0028571,nv,HAM_0006273
1,0.20199552178382874,0,ham10000,ISIC_0031351,bcc,HAM_0006274
0,0.25751402974128723,1,ham10000,ISIC_0029186,nv,HAM_0006275
0,0.3995484709739685,1,ham10000,ISIC_0029285,nv,HAM_0006276
0,0.45235612988471985,1,ham10000,ISIC_0031428,bkl,HAM_0006277
0,0.2160319685935974,0,ham10000,ISIC_0031141,nv,HAM_0006278
0,0.134910449385643,0,ham10000,ISIC_0027195,nv,HAM_0006279
0,0.2396239936351776,1,ham10000,ISIC_0027937,vasc,HAM_0006280
0,0.42037463188171387,1,ham10000,ISIC_0033507,bkl,HAM_0006281
0,0.23853474855422974,1,ham10000,ISIC_0031772,nv,HAM_0006282
0,0.2296537309885025,0,ham10000,ISIC_0027924,nv,HAM_0006283
0,0.22622999548912048,0,ham10000,ISIC_0032904,nv,HAM_0006284
0,0.15235528349876404,0,ham10000,ISIC_0030596,nv,HAM_0006285
0,0.3932468891143799,1,ham10000,ISIC_0027619,nv,HAM_0006286
0,0.46433374285697937,1,ham10000,ISIC_0029101,bkl,HAM_0006287
0,0.22427073121070862,0,ham10000,ISIC_0031835,nv,HAM_0006289
0,0.16578374803066254,0,ham10000,ISIC_0026490,vasc,HAM_0006291
0,0.20959699153900146,0,ham10000,ISIC_0029058,nv,HAM_0006292
0,0.38857051730155945,1,ham10000,ISIC_0027314,nv,HAM_0006293
0,0.5947977900505066,1,ham10000,ISIC_0032348,bkl,HAM_0006294
0,0.27981558442115784,1,ham10000,ISIC_0032720,nv,HAM_0006295
0,0.4166235327720642,1,ham10000,ISIC_0028999,nv,HAM_0006296
0,0.3435642421245575,1,ham10000,ISIC_0025962,nv,HAM_0006297
0,0.35574832558631897,1,ham10000,ISIC_0030613,nv,HAM_0006298
0,0.19676581025123596,0,ham10000,ISIC_0031582,nv,HAM_0006299
0,0.14060385525226593,0,ham10000,ISIC_0028281,nv,HAM_0006300
1,0.5606130361557007,1,ham10000,ISIC_0024468,akiec,HAM_0006301
0,0.2053682506084442,0,ham10000,ISIC_0030819,nv,HAM_0006302
0,0.15334394574165344,0,ham10000,ISIC_0026911,nv,HAM_0006303
0,0.4209059178829193,1,ham10000,ISIC_0032406,nv,HAM_0006304
0,0.3476438820362091,1,ham10000,ISIC_0031274,nv,HAM_0006305
0,0.33991602063179016,1,ham10000,ISIC_0026242,nv,HAM_0006306
0,0.26929140090942383,1,ham10000,ISIC_0024570,nv,HAM_0006307
0,0.22317978739738464,0,ham10000,ISIC_0030716,nv,HAM_0006308
0,0.1686543971300125,0,ham10000,ISIC_0026640,nv,HAM_0006309
0,0.2508378028869629,1,ham10000,ISIC_0031334,bkl,HAM_0006310
0,0.3153042793273926,1,ham10000,ISIC_0024392,nv,HAM_0006311
0,0.24883559346199036,1,ham10000,ISIC_0025631,nv,HAM_0006312
0,0.2605307996273041,1,ham10000,ISIC_0026926,nv,HAM_0006313
0,0.23913131654262543,1,ham10000,ISIC_0029532,nv,HAM_0006314
0,0.09958087652921677,0,ham10000,ISIC_0031144,nv,HAM_0006316
0,0.27633213996887207,1,ham10000,ISIC_0029934,nv,HAM_0006317
0,0.22920846939086914,0,ham10000,ISIC_0024937,nv,HAM_0006318
0,0.2858787178993225,1,ham10000,ISIC_0028348,nv,HAM_0006319
1,0.31260624527931213,1,ham10000,ISIC_0033174,mel,HAM_0006321
0,0.35447731614112854,1,ham10000,ISIC_0030309,nv,HAM_0006322
0,0.21130405366420746,0,ham10000,ISIC_0024680,nv,HAM_0006323
0,0.24653641879558563,1,ham10000,ISIC_0029889,vasc,HAM_0006324
0,0.304805189371109,1,ham10000,ISIC_0027739,bkl,HAM_0006325
0,0.1819598227739334,0,ham10000,ISIC_0028500,nv,HAM_0006326
0,0.39891317486763,1,ham10000,ISIC_0028237,bkl,HAM_0006327
0,0.23914271593093872,1,ham10000,ISIC_0030450,nv,HAM_0006328
0,0.27582743763923645,1,ham10000,ISIC_0032758,nv,HAM_0006329
1,0.39584994316101074,1,ham10000,ISIC_0026745,mel,HAM_0006330
0,0.2627694606781006,1,ham10000,ISIC_0029229,nv,HAM_0006331
0,0.327151894569397,1,ham10000,ISIC_0029822,nv,HAM_0006332
0,0.2834997773170471,1,ham10000,ISIC_0024424,nv,HAM_0006333
0,0.12211176007986069,0,ham10000,ISIC_0032605,nv,HAM_0006334
0,0.23682914674282074,1,ham10000,ISIC_0028892,nv,HAM_0006335
0,0.18012261390686035,0,ham10000,ISIC_0032117,nv,HAM_0006336
0,0.2828851044178009,1,ham10000,ISIC_0029106,nv,HAM_0006337
0,0.31061455607414246,1,ham10000,ISIC_0025125,nv,HAM_0006338
0,0.31610316038131714,1,ham10000,ISIC_0031279,nv,HAM_0006339
0,0.364715039730072,1,ham10000,ISIC_0028639,nv,HAM_0006340
0,0.43937909603118896,1,ham10000,ISIC_0024681,nv,HAM_0006341
0,0.6289373636245728,1,ham10000,ISIC_0024425,nv,HAM_0006342
0,0.2746433913707733,1,ham10000,ISIC_0024997,bkl,HAM_0006343
0,0.32672151923179626,1,ham10000,ISIC_0026966,nv,HAM_0006344
0,0.21404717862606049,0,ham10000,ISIC_0027762,nv,HAM_0006345
0,0.13339926302433014,0,ham10000,ISIC_0026280,bkl,HAM_0006346
0,0.18101616203784943,0,ham10000,ISIC_0025702,nv,HAM_0006347
0,0.3743915557861328,1,ham10000,ISIC_0027110,nv,HAM_0006348
0,0.3566475808620453,1,ham10000,ISIC_0024919,nv,HAM_0006349
0,0.21103741228580475,0,ham10000,ISIC_0031130,bkl,HAM_0006350
1,0.4186425507068634,1,ham10000,ISIC_0027117,bcc,HAM_0006351
0,0.2775564193725586,1,ham10000,ISIC_0025341,nv,HAM_0006352
0,0.39182689785957336,1,ham10000,ISIC_0032712,nv,HAM_0006353
0,0.22328327596187592,0,ham10000,ISIC_0032137,nv,HAM_0006354
1,0.43825897574424744,1,ham10000,ISIC_0027663,mel,HAM_0006355
0,0.25913065671920776,1,ham10000,ISIC_0029732,nv,HAM_0006356
0,0.15914654731750488,0,ham10000,ISIC_0024835,nv,HAM_0006357
0,0.18928644061088562,0,ham10000,ISIC_0025581,nv,HAM_0006358
0,0.3619772791862488,1,ham10000,ISIC_0027403,nv,HAM_0006359
0,0.2325628250837326,1,ham10000,ISIC_0027926,nv,HAM_0006360
0,0.33735865354537964,1,ham10000,ISIC_0030196,nv,HAM_0006361
0,0.3925870358943939,1,ham10000,ISIC_0030523,nv,HAM_0006362
0,0.4204001724720001,1,ham10000,ISIC_0024936,nv,HAM_0006363
0,0.3499888479709625,1,ham10000,ISIC_0029027,nv,HAM_0006364
0,0.3418409824371338,1,ham10000,ISIC_0028296,nv,HAM_0006365
0,0.1908537596464157,0,ham10000,ISIC_0030732,nv,HAM_0006366
0,0.4359276592731476,1,ham10000,ISIC_0024926,nv,HAM_0006367
0,0.29751867055892944,1,ham10000,ISIC_0029688,nv,HAM_0006369
0,0.25294029712677,1,ham10000,ISIC_0026032,nv,HAM_0006370
0,0.24355199933052063,1,ham10000,ISIC_0033626,df,HAM_0006371
0,0.21316295862197876,0,ham10000,ISIC_0032817,nv,HAM_0006372
0,0.29191848635673523,1,ham10000,ISIC_0028143,nv,HAM_0006373
0,0.18061350286006927,0,ham10000,ISIC_0031540,nv,HAM_0006374
0,0.3712986707687378,1,ham10000,ISIC_0026114,nv,HAM_0006375
1,0.3027847409248352,1,ham10000,ISIC_0032845,mel,HAM_0006376
0,0.3436465859413147,1,ham10000,ISIC_0024465,nv,HAM_0006377
0,0.2976958155632019,1,ham10000,ISIC_0024735,nv,HAM_0006378
0,0.36647215485572815,1,ham10000,ISIC_0032937,nv,HAM_0006379
1,0.26713719964027405,1,ham10000,ISIC_0028718,mel,HAM_0006380
0,0.34696099162101746,1,ham10000,ISIC_0025023,nv,HAM_0006381
0,0.16514448821544647,0,ham10000,ISIC_0029883,nv,HAM_0006382
0,0.28911155462265015,1,ham10000,ISIC_0025183,nv,HAM_0006383
1,0.6180442571640015,1,ham10000,ISIC_0031272,bcc,HAM_0006384
0,0.33260202407836914,1,ham10000,ISIC_0026733,nv,HAM_0006385
1,0.48344454169273376,1,ham10000,ISIC_0029035,bcc,HAM_0006386
1,0.2443724423646927,1,ham10000,ISIC_0026831,bcc,HAM_0006387
0,0.3058174252510071,1,ham10000,ISIC_0029542,nv,HAM_0006388
0,0.17010223865509033,0,ham10000,ISIC_0027738,nv,HAM_0006389
0,0.418409138917923,1,ham10000,ISIC_0025887,nv,HAM_0006390
0,0.19937168061733246,0,ham10000,ISIC_0032783,nv,HAM_0006391
0,0.250345379114151,1,ham10000,ISIC_0028064,nv,HAM_0006392
0,0.3502631187438965,1,ham10000,ISIC_0029189,nv,HAM_0006393
0,0.11234989017248154,0,ham10000,ISIC_0027635,nv,HAM_0006394
0,0.18461506068706512,0,ham10000,ISIC_0025934,nv,HAM_0006395
0,0.24666760861873627,1,ham10000,ISIC_0033015,nv,HAM_0006396
0,0.33257609605789185,1,ham10000,ISIC_0029475,nv,HAM_0006397
0,0.5115511417388916,1,ham10000,ISIC_0027568,nv,HAM_0006398
0,0.22033897042274475,0,ham10000,ISIC_0026219,bkl,HAM_0006399
1,0.23222336173057556,0,ham10000,ISIC_0031741,mel,HAM_0006400
0,0.21705032885074615,0,ham10000,ISIC_0031451,nv,HAM_0006401
0,0.0849500298500061,0,ham10000,ISIC_0025602,nv,HAM_0006402
0,0.24683904647827148,1,ham10000,ISIC_0030248,nv,HAM_0006403
0,0.23028889298439026,0,ham10000,ISIC_0026983,nv,HAM_0006404
0,0.23404139280319214,1,ham10000,ISIC_0031641,nv,HAM_0006405
0,0.2260391116142273,0,ham10000,ISIC_0026336,vasc,HAM_0006406
0,0.17522430419921875,0,ham10000,ISIC_0025198,nv,HAM_0006408
0,0.3371434509754181,1,ham10000,ISIC_0028987,nv,HAM_0006409
0,0.39267998933792114,1,ham10000,ISIC_0027449,nv,HAM_0006410
0,0.45865803956985474,1,ham10000,ISIC_0027140,nv,HAM_0006411
0,0.30246680974960327,1,ham10000,ISIC_0027720,nv,HAM_0006412
0,0.1025591567158699,0,ham10000,ISIC_0031165,nv,HAM_0006413
0,0.36199402809143066,1,ham10000,ISIC_0026485,nv,HAM_0006414
0,0.24287046492099762,1,ham10000,ISIC_0032367,nv,HAM_0006415
0,0.20196443796157837,0,ham10000,ISIC_0028137,nv,HAM_0006416
0,0.5085923075675964,1,ham10000,ISIC_0033599,nv,HAM_0006418
0,0.37757402658462524,1,ham10000,ISIC_0026193,nv,HAM_0006419
0,0.23406533896923065,1,ham10000,ISIC_0029905,nv,HAM_0006420
0,0.29849401116371155,1,ham10000,ISIC_0031403,nv,HAM_0006421
0,0.3267877697944641,1,ham10000,ISIC_0030368,nv,HAM_0006422
1,0.4360150694847107,1,ham10000,ISIC_0028352,mel,HAM_0006423
0,0.26424461603164673,1,ham10000,ISIC_0032256,nv,HAM_0006424
0,0.15302549302577972,0,ham10000,ISIC_0028530,nv,HAM_0006425
1,0.608725905418396,1,ham10000,ISIC_0032922,mel,HAM_0006426
0,0.25097185373306274,1,ham10000,ISIC_0028704,nv,HAM_0006427
0,0.2862808108329773,1,ham10000,ISIC_0030862,nv,HAM_0006428
0,0.36040717363357544,1,ham10000,ISIC_0026240,nv,HAM_0006429
0,0.3719632029533386,1,ham10000,ISIC_0026487,nv,HAM_0006430
0,0.1644832044839859,0,ham10000,ISIC_0031992,nv,HAM_0006431
0,0.39411407709121704,1,ham10000,ISIC_0030884,nv,HAM_0006432
1,0.35553303360939026,1,ham10000,ISIC_0029370,mel,HAM_0006433
1,0.29862716794013977,1,ham10000,ISIC_0028076,akiec,HAM_0006434
1,0.6244426965713501,1,ham10000,ISIC_0033573,mel,HAM_0006435
0,0.32240355014801025,1,ham10000,ISIC_0027655,nv,HAM_0006436
1,0.42661967873573303,1,ham10000,ISIC_0033469,mel,HAM_0006437
0,0.16564202308654785,0,ham10000,ISIC_0033722,bkl,HAM_0006438
0,0.29379355907440186,1,ham10000,ISIC_0025621,nv,HAM_0006439
0,0.21642538905143738,0,ham10000,ISIC_0028074,nv,HAM_0006440
0,0.2849767804145813,1,ham10000,ISIC_0029016,nv,HAM_0006441
1,0.45617422461509705,1,ham10000,ISIC_0032947,akiec,HAM_0006442
0,0.40908265113830566,1,ham10000,ISIC_0028164,nv,HAM_0006443
1,0.6758037209510803,1,ham10000,ISIC_0032318,bcc,HAM_0006444
1,0.30006155371665955,1,ham10000,ISIC_0033333,mel,HAM_0006445
0,0.26775214076042175,1,ham10000,ISIC_0025591,nv,HAM_0006446
0,0.1666913479566574,0,ham10000,ISIC_0031276,vasc,HAM_0006447
0,0.3336225748062134,1,ham10000,ISIC_0028912,nv,HAM_0006448
0,0.14138847589492798,0,ham10000,ISIC_0028604,nv,HAM_0006449
0,0.1794874668121338,0,ham10000,ISIC_0028724,nv,HAM_0006450
0,0.427083820104599,1,ham10000,ISIC_0032274,nv,HAM_0006451
0,0.1523214429616928,0,ham10000,ISIC_0030424,nv,HAM_0006452
1,0.5386168360710144,1,ham10000,ISIC_0025744,mel,HAM_0006453
0,0.4358590543270111,1,ham10000,ISIC_0030009,nv,HAM_0006454
0,0.193313866853714,0,ham10000,ISIC_0029690,nv,HAM_0006455
0,0.3934033215045929,1,ham10000,ISIC_0032305,nv,HAM_0006456
0,0.42947566509246826,1,ham10000,ISIC_0027987,nv,HAM_0006457
0,0.40516698360443115,1,ham10000,ISIC_0027578,nv,HAM_0006458
0,0.379355251789093,1,ham10000,ISIC_0033011,nv,HAM_0006459
0,0.10204099118709564,0,ham10000,ISIC_0027292,nv,HAM_0006460
0,0.2834891080856323,1,ham10000,ISIC_0026830,nv,HAM_0006461
1,0.40125346183776855,1,ham10000,ISIC_0033520,mel,HAM_0006462
0,0.3820708990097046,1,ham10000,ISIC_0028515,nv,HAM_0006463
0,0.15338446199893951,0,ham10000,ISIC_0025424,nv,HAM_0006464
1,0.4752832055091858,1,ham10000,ISIC_0030813,bcc,HAM_0006465
0,0.18948133289813995,0,ham10000,ISIC_0024495,bkl,HAM_0006466
1,0.4278031885623932,1,ham10000,ISIC_0027622,mel,HAM_0006467
0,0.16818660497665405,0,ham10000,ISIC_0030162,nv,HAM_0006468
0,0.22884030640125275,0,ham10000,ISIC_0024479,nv,HAM_0006469
0,0.33199170231819153,1,ham10000,ISIC_0027978,nv,HAM_0006470
0,0.4438270330429077,1,ham10000,ISIC_0028187,nv,HAM_0006471
0,0.23184175789356232,0,ham10000,ISIC_0027394,bkl,HAM_0006472
0,0.1759394109249115,0,ham10000,ISIC_0026696,nv,HAM_0006473
0,0.20024099946022034,0,ham10000,ISIC_0030262,nv,HAM_0006474
0,0.404752254486084,1,ham10000,ISIC_0030965,bkl,HAM_0006475
0,0.17058022320270538,0,ham10000,ISIC_0031877,nv,HAM_0006476
0,0.16218920052051544,0,ham10000,ISIC_0029237,nv,HAM_0006477
0,0.4395309388637543,1,ham10000,ISIC_0025210,nv,HAM_0006478
0,0.18283487856388092,0,ham10000,ISIC_0026004,nv,HAM_0006479
0,0.3007912337779999,1,ham10000,ISIC_0026536,nv,HAM_0006480
1,0.49192890524864197,1,ham10000,ISIC_0026492,akiec,HAM_0006481
1,0.43074485659599304,1,ham10000,ISIC_0027506,akiec,HAM_0006482
1,0.5126888751983643,1,ham10000,ISIC_0032371,akiec,HAM_0006483
0,0.2730362117290497,1,ham10000,ISIC_0027244,nv,HAM_0006484
0,0.18299418687820435,0,ham10000,ISIC_0024423,nv,HAM_0006485
0,0.32831937074661255,1,ham10000,ISIC_0026880,nv,HAM_0006486
0,0.15360260009765625,0,ham10000,ISIC_0028617,nv,HAM_0006487
0,0.24606753885746002,1,ham10000,ISIC_0031066,nv,HAM_0006488
0,0.41902026534080505,1,ham10000,ISIC_0029624,nv,HAM_0006489
0,0.3740854859352112,1,ham10000,ISIC_0024979,nv,HAM_0006490
0,0.2817913889884949,1,ham10000,ISIC_0033070,nv,HAM_0006491
0,0.3976210951805115,1,ham10000,ISIC_0031092,nv,HAM_0006492
0,0.2652502655982971,1,ham10000,ISIC_0024950,nv,HAM_0006493
0,0.29327619075775146,1,ham10000,ISIC_0029714,nv,HAM_0006494
0,0.1459868848323822,0,ham10000,ISIC_0025215,nv,HAM_0006495
0,0.499609112739563,1,ham10000,ISIC_0032579,nv,HAM_0006496
1,0.3331965506076813,1,ham10000,ISIC_0027302,mel,HAM_0006497
0,0.2514755427837372,1,ham10000,ISIC_0028446,nv,HAM_0006498
0,0.42771115899086,1,ham10000,ISIC_0031027,nv,HAM_0006499
0,0.47133669257164,1,ham10000,ISIC_0032479,nv,HAM_0006500
0,0.1874222457408905,0,ham10000,ISIC_0025873,vasc,HAM_0006501
0,0.17182788252830505,0,ham10000,ISIC_0029312,nv,HAM_0006502
0,0.17981550097465515,0,ham10000,ISIC_0032217,nv,HAM_0006503
0,0.17126686871051788,0,ham10000,ISIC_0031098,nv,HAM_0006504
0,0.28332236409187317,1,ham10000,ISIC_0031343,nv,HAM_0006505
0,0.17254549264907837,0,ham10000,ISIC_0028408,nv,HAM_0006506
0,0.4149635136127472,1,ham10000,ISIC_0026585,nv,HAM_0006507
0,0.17878378927707672,0,ham10000,ISIC_0030342,nv,HAM_0006508
0,0.16852520406246185,0,ham10000,ISIC_0025733,nv,HAM_0006509
0,0.3585171401500702,1,ham10000,ISIC_0029828,nv,HAM_0006510
0,0.19599507749080658,0,ham10000,ISIC_0029892,nv,HAM_0006511
0,0.2819691002368927,1,ham10000,ISIC_0027614,nv,HAM_0006512
0,0.5433248281478882,1,ham10000,ISIC_0030783,bkl,HAM_0006513
0,0.20204344391822815,0,ham10000,ISIC_0026559,nv,HAM_0006514
0,0.265298068523407,1,ham10000,ISIC_0025828,nv,HAM_0006515
0,0.5786197185516357,1,ham10000,ISIC_0033315,nv,HAM_0006516
1,0.6182407140731812,1,ham10000,ISIC_0032672,mel,HAM_0006517
0,0.35917869210243225,1,ham10000,ISIC_0027618,nv,HAM_0006518
0,0.22146795690059662,0,ham10000,ISIC_0025258,nv,HAM_0006519
0,0.25531312823295593,1,ham10000,ISIC_0032767,nv,HAM_0006520
1,0.20138230919837952,0,ham10000,ISIC_0025155,mel,HAM_0006521
1,0.4112894535064697,1,ham10000,ISIC_0026369,mel,HAM_0006522
0,0.4117031693458557,1,ham10000,ISIC_0027919,nv,HAM_0006523
1,0.3432261049747467,1,ham10000,ISIC_0024763,akiec,HAM_0006524
0,0.4563222825527191,1,ham10000,ISIC_0027018,bkl,HAM_0006525
0,0.20859624445438385,0,ham10000,ISIC_0026671,nv,HAM_0006526
1,0.6537020206451416,1,ham10000,ISIC_0029094,mel,HAM_0006527
0,0.2421223521232605,1,ham10000,ISIC_0032763,bkl,HAM_0006528
0,0.4274882972240448,1,ham10000,ISIC_0024695,nv,HAM_0006529
0,0.4374069571495056,1,ham10000,ISIC_0029686,nv,HAM_0006530
0,0.35514071583747864,1,ham10000,ISIC_0027681,bkl,HAM_0006531
0,0.15347708761692047,0,ham10000,ISIC_0026435,nv,HAM_0006532
0,0.41541287302970886,1,ham10000,ISIC_0028497,bkl,HAM_0006533
0,0.2748686373233795,1,ham10000,ISIC_0028778,nv,HAM_0006534
0,0.3302772045135498,1,ham10000,ISIC_0032069,nv,HAM_0006535
0,0.23658820986747742,1,ham10000,ISIC_0032171,nv,HAM_0006536
0,0.3342217206954956,1,ham10000,ISIC_0029815,nv,HAM_0006537
1,0.3730202615261078,1,ham10000,ISIC_0029397,mel,HAM_0006538
0,0.2524842321872711,1,ham10000,ISIC_0032516,nv,HAM_0006539
1,0.3440042734146118,1,ham10000,ISIC_0032988,mel,HAM_0006540
0,0.20236538350582123,0,ham10000,ISIC_0024883,bkl,HAM_0006541
0,0.6714499592781067,1,ham10000,ISIC_0030015,df,HAM_0006542
0,0.3271806836128235,1,ham10000,ISIC_0026096,nv,HAM_0006543
0,0.20662283897399902,0,ham10000,ISIC_0031881,nv,HAM_0006544
1,0.26154187321662903,1,ham10000,ISIC_0032598,mel,HAM_0006545
0,0.2293546497821808,0,ham10000,ISIC_0030413,nv,HAM_0006546
0,0.4000212550163269,1,ham10000,ISIC_0027258,nv,HAM_0006547
1,0.4348818361759186,1,ham10000,ISIC_0030010,bcc,HAM_0006548
0,0.4025671184062958,1,ham10000,ISIC_0033007,nv,HAM_0006550
0,0.19444677233695984,0,ham10000,ISIC_0027970,nv,HAM_0006551
0,0.2688187062740326,1,ham10000,ISIC_0024531,nv,HAM_0006552
0,0.14968590438365936,0,ham10000,ISIC_0026942,nv,HAM_0006553
0,0.3650206923484802,1,ham10000,ISIC_0028866,nv,HAM_0006554
0,0.38285142183303833,1,ham10000,ISIC_0030405,nv,HAM_0006555
1,0.23531904816627502,1,ham10000,ISIC_0027402,mel,HAM_0006556
0,0.22504235804080963,0,ham10000,ISIC_0025334,nv,HAM_0006557
0,0.48276644945144653,1,ham10000,ISIC_0031639,bkl,HAM_0006558
0,0.2141045182943344,0,ham10000,ISIC_0033455,nv,HAM_0006559
1,0.4419589340686798,1,ham10000,ISIC_0026729,akiec,HAM_0006560
0,0.15549227595329285,0,ham10000,ISIC_0026612,nv,HAM_0006561
0,0.17820973694324493,0,ham10000,ISIC_0031084,nv,HAM_0006562
0,0.1908833533525467,0,ham10000,ISIC_0026477,bkl,HAM_0006563
1,0.31694290041923523,1,ham10000,ISIC_0031721,bcc,HAM_0006564
0,0.23996515572071075,1,ham10000,ISIC_0027489,nv,HAM_0006565
1,0.4767979681491852,1,ham10000,ISIC_0032535,mel,HAM_0006566
0,0.27502596378326416,1,ham10000,ISIC_0032649,nv,HAM_0006567
0,0.41680005192756653,1,ham10000,ISIC_0025615,nv,HAM_0006568
0,0.2385386824607849,1,ham10000,ISIC_0030483,nv,HAM_0006569
0,0.5419615507125854,1,ham10000,ISIC_0030343,nv,HAM_0006570
0,0.29924482107162476,1,ham10000,ISIC_0025418,nv,HAM_0006571
1,0.8887922763824463,1,ham10000,ISIC_0026091,bcc,HAM_0006572
0,0.2352409064769745,1,ham10000,ISIC_0026918,nv,HAM_0006573
0,0.1397097259759903,0,ham10000,ISIC_0025567,bkl,HAM_0006574
1,0.5198554396629333,1,ham10000,ISIC_0029391,bcc,HAM_0006575
0,0.24010933935642242,1,ham10000,ISIC_0024606,nv,HAM_0006576
0,0.3067799508571625,1,ham10000,ISIC_0030671,nv,HAM_0006578
0,0.11654996126890182,0,ham10000,ISIC_0030668,nv,HAM_0006579
0,0.2714424431324005,1,ham10000,ISIC_0025376,bkl,HAM_0006580
0,0.20391733944416046,0,ham10000,ISIC_0026231,nv,HAM_0006581
0,0.29735568165779114,1,ham10000,ISIC_0029487,nv,HAM_0006582
0,0.4117172062397003,1,ham10000,ISIC_0026177,nv,HAM_0006583
0,0.3573208451271057,1,ham10000,ISIC_0024983,nv,HAM_0006584
0,0.1382884830236435,0,ham10000,ISIC_0024455,nv,HAM_0006585
1,0.46084699034690857,1,ham10000,ISIC_0034026,bcc,HAM_0006586
1,0.18865500390529633,0,ham10000,ISIC_0025780,akiec,HAM_0006587
1,0.4324570298194885,1,ham10000,ISIC_0031552,bcc,HAM_0006588
0,0.27839162945747375,1,ham10000,ISIC_0031187,nv,HAM_0006589
0,0.3868675231933594,1,ham10000,ISIC_0029694,nv,HAM_0006590
0,0.40328317880630493,1,ham10000,ISIC_0030678,nv,HAM_0006591
1,0.4829382300376892,1,ham10000,ISIC_0024925,akiec,HAM_0006592
1,0.36063435673713684,1,ham10000,ISIC_0025708,mel,HAM_0006593
1,0.3527425229549408,1,ham10000,ISIC_0025195,mel,HAM_0006594
0,0.22119112312793732,0,ham10000,ISIC_0028223,bkl,HAM_0006595
0,0.47937193512916565,1,ham10000,ISIC_0027005,nv,HAM_0006596
0,0.24149325489997864,1,ham10000,ISIC_0028657,nv,HAM_0006597
0,0.39875611662864685,1,ham10000,ISIC_0024508,nv,HAM_0006598
0,0.1850237399339676,0,ham10000,ISIC_0025141,nv,HAM_0006599
0,0.35885730385780334,1,ham10000,ISIC_0028891,nv,HAM_0006600
0,0.4328433573246002,1,ham10000,ISIC_0031511,bkl,HAM_0006601
0,0.42923569679260254,1,ham10000,ISIC_0026598,nv,HAM_0006602
1,0.47142234444618225,1,ham10000,ISIC_0030821,akiec,HAM_0006604
0,0.20777131617069244,0,ham10000,ISIC_0026055,nv,HAM_0006605
0,0.19136136770248413,0,ham10000,ISIC_0028794,nv,HAM_0006606
0,0.2580041289329529,1,ham10000,ISIC_0026985,nv,HAM_0006607
0,0.378228098154068,1,ham10000,ISIC_0025491,nv,HAM_0006608
1,0.5868926644325256,1,ham10000,ISIC_0031266,bcc,HAM_0006609
0,0.31648150086402893,1,ham10000,ISIC_0033250,nv,HAM_0006610
0,0.31083956360816956,1,ham10000,ISIC_0028985,nv,HAM_0006611
0,0.22017376124858856,0,ham10000,ISIC_0031426,nv,HAM_0006612
0,0.31357094645500183,1,ham10000,ISIC_0031894,nv,HAM_0006613
0,0.20942623913288116,0,ham10000,ISIC_0027927,nv,HAM_0006614
0,0.24843142926692963,1,ham10000,ISIC_0032780,nv,HAM_0006615
0,0.49791890382766724,1,ham10000,ISIC_0031794,nv,HAM_0006616
0,0.25489160418510437,1,ham10000,ISIC_0024669,vasc,HAM_0006617
0,0.4712306261062622,1,ham10000,ISIC_0028804,nv,HAM_0006618
0,0.3695676028728485,1,ham10000,ISIC_0029983,nv,HAM_0006619
0,0.12976481020450592,0,ham10000,ISIC_0029378,nv,HAM_0006620
0,0.6110909581184387,1,ham10000,ISIC_0026649,nv,HAM_0006621
0,0.21252761781215668,0,ham10000,ISIC_0025939,bkl,HAM_0006622
0,0.309924453496933,1,ham10000,ISIC_0033404,nv,HAM_0006623
1,0.32512643933296204,1,ham10000,ISIC_0027595,bcc,HAM_0006624
0,0.3267212510108948,1,ham10000,ISIC_0034043,nv,HAM_0006625
1,0.402072936296463,1,ham10000,ISIC_0029914,mel,HAM_0006626
0,0.28820380568504333,1,ham10000,ISIC_0029511,nv,HAM_0006627
0,0.3616483211517334,1,ham10000,ISIC_0033111,nv,HAM_0006628
0,0.16014043986797333,0,ham10000,ISIC_0025689,nv,HAM_0006629
0,0.6531215906143188,1,ham10000,ISIC_0032063,bkl,HAM_0006630
1,0.0931711196899414,0,ham10000,ISIC_0027814,bcc,HAM_0006631
0,0.2179614156484604,0,ham10000,ISIC_0026196,nv,HAM_0006632
0,0.24062541127204895,1,ham10000,ISIC_0028598,nv,HAM_0006633
0,0.1726110726594925,0,ham10000,ISIC_0033227,nv,HAM_0006634
1,0.46192216873168945,1,ham10000,ISIC_0028900,mel,HAM_0006635
1,0.5294382572174072,1,ham10000,ISIC_0028051,mel,HAM_0006636
0,0.2289813756942749,0,ham10000,ISIC_0033435,nv,HAM_0006637
0,0.17536599934101105,0,ham10000,ISIC_0025220,nv,HAM_0006638
0,0.32542791962623596,1,ham10000,ISIC_0028733,nv,HAM_0006639
0,0.2371118664741516,1,ham10000,ISIC_0029551,nv,HAM_0006640
0,0.24090264737606049,1,ham10000,ISIC_0026659,nv,HAM_0006641
0,0.26213130354881287,1,ham10000,ISIC_0030916,nv,HAM_0006642
0,0.18144313991069794,0,ham10000,ISIC_0033982,nv,HAM_0006643
0,0.3115687966346741,1,ham10000,ISIC_0033882,nv,HAM_0006644
0,0.21897974610328674,0,ham10000,ISIC_0024818,nv,HAM_0006645
0,0.38925743103027344,1,ham10000,ISIC_0030320,nv,HAM_0006646
0,0.27712035179138184,1,ham10000,ISIC_0030895,nv,HAM_0006647
0,0.2122458517551422,0,ham10000,ISIC_0027981,nv,HAM_0006648
0,0.43623921275138855,1,ham10000,ISIC_0031995,nv,HAM_0006649
0,0.18979516625404358,0,ham10000,ISIC_0032502,nv,HAM_0006650
1,0.6989315152168274,1,ham10000,ISIC_0032182,mel,HAM_0006651
0,0.41095656156539917,1,ham10000,ISIC_0030123,bkl,HAM_0006652
0,0.16344407200813293,0,ham10000,ISIC_0025320,nv,HAM_0006653
0,0.5371338725090027,1,ham10000,ISIC_0032556,bkl,HAM_0006654
0,0.36004436016082764,1,ham10000,ISIC_0025994,nv,HAM_0006655
0,0.3187868297100067,1,ham10000,ISIC_0028192,nv,HAM_0006656
0,0.1922360360622406,0,ham10000,ISIC_0030541,nv,HAM_0006657
1,0.5226698517799377,1,ham10000,ISIC_0026154,bcc,HAM_0006658
0,0.21550987660884857,0,ham10000,ISIC_0028160,nv,HAM_0006659
0,0.3281916677951813,1,ham10000,ISIC_0025055,nv,HAM_0006660
0,0.1589614897966385,0,ham10000,ISIC_0026465,nv,HAM_0006661
0,0.23859769105911255,1,ham10000,ISIC_0030457,nv,HAM_0006662
0,0.4321025013923645,1,ham10000,ISIC_0033201,bkl,HAM_0006663
0,0.40831395983695984,1,ham10000,ISIC_0029833,nv,HAM_0006664
0,0.10537271201610565,0,ham10000,ISIC_0030775,nv,HAM_0006665
0,0.43135184049606323,1,ham10000,ISIC_0032908,nv,HAM_0006666
0,0.17676641047000885,0,ham10000,ISIC_0031744,nv,HAM_0006667
0,0.35092195868492126,1,ham10000,ISIC_0027808,nv,HAM_0006668
0,0.3357936143875122,1,ham10000,ISIC_0026137,nv,HAM_0006669
0,0.37422606348991394,1,ham10000,ISIC_0027335,bkl,HAM_0006670
0,0.22057315707206726,0,ham10000,ISIC_0027843,nv,HAM_0006671
0,0.20224355161190033,0,ham10000,ISIC_0029096,nv,HAM_0006672
0,0.21956658363342285,0,ham10000,ISIC_0032719,bkl,HAM_0006673
0,0.42235028743743896,1,ham10000,ISIC_0029280,nv,HAM_0006674
0,0.28899309039115906,1,ham10000,ISIC_0032846,nv,HAM_0006675
0,0.29031437635421753,1,ham10000,ISIC_0026221,nv,HAM_0006676
0,0.23666061460971832,1,ham10000,ISIC_0025426,nv,HAM_0006677
0,0.4129272997379303,1,ham10000,ISIC_0028727,nv,HAM_0006678
0,0.37758275866508484,1,ham10000,ISIC_0031267,nv,HAM_0006679
0,0.10559707880020142,0,ham10000,ISIC_0028458,nv,HAM_0006680
0,0.3123110234737396,1,ham10000,ISIC_0030219,nv,HAM_0006681
0,0.2863523066043854,1,ham10000,ISIC_0027778,nv,HAM_0006682
0,0.2181922346353531,0,ham10000,ISIC_0031139,nv,HAM_0006683
0,0.1940082311630249,0,ham10000,ISIC_0029614,nv,HAM_0006684
0,0.3038088381290436,1,ham10000,ISIC_0025542,nv,HAM_0006685
0,0.3811315596103668,1,ham10000,ISIC_0028292,nv,HAM_0006686
0,0.18719977140426636,0,ham10000,ISIC_0031273,nv,HAM_0006687
0,0.4216172397136688,1,ham10000,ISIC_0030699,nv,HAM_0006688
0,0.3445177674293518,1,ham10000,ISIC_0024493,nv,HAM_0006689
0,0.2342054545879364,1,ham10000,ISIC_0028942,nv,HAM_0006690
0,0.41620415449142456,1,ham10000,ISIC_0030797,nv,HAM_0006691
1,0.27865132689476013,1,ham10000,ISIC_0029163,mel,HAM_0006692
0,0.38423338532447815,1,ham10000,ISIC_0024462,nv,HAM_0006693
0,0.35157492756843567,1,ham10000,ISIC_0029657,nv,HAM_0006694
0,0.2643655836582184,1,ham10000,ISIC_0029224,nv,HAM_0006695
1,0.29035860300064087,1,ham10000,ISIC_0026094,mel,HAM_0006696
0,0.14830215275287628,0,ham10000,ISIC_0030272,bkl,HAM_0006697
0,0.2426297664642334,1,ham10000,ISIC_0026771,nv,HAM_0006698
1,0.12523676455020905,0,ham10000,ISIC_0024571,mel,HAM_0006699
0,0.3918209671974182,1,ham10000,ISIC_0032659,nv,HAM_0006700
0,0.22180519998073578,0,ham10000,ISIC_0029310,nv,HAM_0006701
0,0.35379931330680847,1,ham10000,ISIC_0030580,nv,HAM_0006702
0,0.4000042974948883,1,ham10000,ISIC_0031833,nv,HAM_0006703
0,0.4052562713623047,1,ham10000,ISIC_0025464,nv,HAM_0006704
0,0.25405606627464294,1,ham10000,ISIC_0024840,nv,HAM_0006705
0,0.3622516989707947,1,ham10000,ISIC_0031725,nv,HAM_0006706
0,0.451949805021286,1,ham10000,ISIC_0030870,df,HAM_0006707
1,0.4002089202404022,1,ham10000,ISIC_0027189,bcc,HAM_0006708
0,0.5476828813552856,1,ham10000,ISIC_0031158,nv,HAM_0006709
0,0.2593144476413727,1,ham10000,ISIC_0028324,nv,HAM_0006710
0,0.34234628081321716,1,ham10000,ISIC_0027010,nv,HAM_0006711
0,0.33823657035827637,1,ham10000,ISIC_0025072,nv,HAM_0006712
0,0.31431442499160767,1,ham10000,ISIC_0030527,nv,HAM_0006713
0,0.26705843210220337,1,ham10000,ISIC_0029850,nv,HAM_0006714
0,0.3047288656234741,1,ham10000,ISIC_0025161,nv,HAM_0006715
0,0.13131023943424225,0,ham10000,ISIC_0024434,nv,HAM_0006716
0,0.36476922035217285,1,ham10000,ISIC_0027890,nv,HAM_0006717
0,0.3429170250892639,1,ham10000,ISIC_0026763,nv,HAM_0006718
0,0.14494816958904266,0,ham10000,ISIC_0027409,nv,HAM_0006719
0,0.14735150337219238,0,ham10000,ISIC_0024725,nv,HAM_0006720
1,0.6605649590492249,1,ham10000,ISIC_0030443,mel,HAM_0006722
0,0.38184961676597595,1,ham10000,ISIC_0026365,bkl,HAM_0006723
0,0.19548027217388153,0,ham10000,ISIC_0026022,nv,HAM_0006725
0,0.39602717757225037,1,ham10000,ISIC_0027736,nv,HAM_0006726
1,0.2611805498600006,1,ham10000,ISIC_0024582,bcc,HAM_0006727
0,0.2710663080215454,1,ham10000,ISIC_0031365,nv,HAM_0006728
0,0.2721911370754242,1,ham10000,ISIC_0031790,nv,HAM_0006729
0,0.18678122758865356,0,ham10000,ISIC_0025657,nv,HAM_0006730
0,0.36896634101867676,1,ham10000,ISIC_0026683,nv,HAM_0006731
0,0.37148070335388184,1,ham10000,ISIC_0024336,bkl,HAM_0006732
0,0.32213544845581055,1,ham10000,ISIC_0024804,nv,HAM_0006733
0,0.42443427443504333,1,ham10000,ISIC_0029794,nv,HAM_0006734
0,0.5014759302139282,1,ham10000,ISIC_0029615,nv,HAM_0006735
0,0.16062971949577332,0,ham10000,ISIC_0024492,nv,HAM_0006736
0,0.28179895877838135,1,ham10000,ISIC_0029302,bkl,HAM_0006737
0,0.24106237292289734,1,ham10000,ISIC_0029374,nv,HAM_0006738
1,0.32679659128189087,1,ham10000,ISIC_0028901,mel,HAM_0006739
0,0.33441680669784546,1,ham10000,ISIC_0025886,nv,HAM_0006741
0,0.3019472658634186,1,ham10000,ISIC_0024813,nv,HAM_0006742
0,0.3166744112968445,1,ham10000,ISIC_0030055,nv,HAM_0006743
1,0.3126671016216278,1,ham10000,ISIC_0031561,mel,HAM_0006744
0,0.19096529483795166,0,ham10000,ISIC_0026363,nv,HAM_0006745
1,0.5467095375061035,1,ham10000,ISIC_0026872,akiec,HAM_0006746
0,0.18387529253959656,0,ham10000,ISIC_0029223,nv,HAM_0006747
0,0.32710444927215576,1,ham10000,ISIC_0025924,vasc,HAM_0006748
0,0.3779342770576477,1,ham10000,ISIC_0029198,nv,HAM_0006749
1,0.48952099680900574,1,ham10000,ISIC_0024400,mel,HAM_0006751
0,0.1858503222465515,0,ham10000,ISIC_0031842,nv,HAM_0006752
0,0.16289183497428894,0,ham10000,ISIC_0028073,nv,HAM_0006753
0,0.3491644263267517,1,ham10000,ISIC_0029664,nv,HAM_0006754
0,0.44973739981651306,1,ham10000,ISIC_0025339,bkl,HAM_0006755
0,0.17362238466739655,0,ham10000,ISIC_0026037,nv,HAM_0006756
0,0.22913758456707,0,ham10000,ISIC_0024497,nv,HAM_0006757
0,0.2927298843860626,1,ham10000,ISIC_0029234,nv,HAM_0006758
0,0.177272766828537,0,ham10000,ISIC_0030254,nv,HAM_0006759
0,0.19463248550891876,0,ham10000,ISIC_0031559,nv,HAM_0006760
0,0.22819826006889343,0,ham10000,ISIC_0029866,nv,HAM_0006761
0,0.21941767632961273,0,ham10000,ISIC_0029467,nv,HAM_0006762
1,0.42506110668182373,1,ham10000,ISIC_0034005,mel,HAM_0006763
1,0.40338897705078125,1,ham10000,ISIC_0024647,mel,HAM_0006764
1,0.4291326701641083,1,ham10000,ISIC_0029352,bcc,HAM_0006765
0,0.39881303906440735,1,ham10000,ISIC_0033374,nv,HAM_0006766
0,0.33320149779319763,1,ham10000,ISIC_0031033,nv,HAM_0006767
0,0.12837804853916168,0,ham10000,ISIC_0028284,nv,HAM_0006768
0,0.3408035635948181,1,ham10000,ISIC_0030721,bkl,HAM_0006769
0,0.22247470915317535,0,ham10000,ISIC_0027905,bkl,HAM_0006770
0,0.3970503509044647,1,ham10000,ISIC_0030624,nv,HAM_0006771
0,0.22570961713790894,0,ham10000,ISIC_0026135,bkl,HAM_0006772
0,0.34971144795417786,1,ham10000,ISIC_0026680,nv,HAM_0006773
0,0.22529307007789612,0,ham10000,ISIC_0025256,nv,HAM_0006774
0,0.32868531346321106,1,ham10000,ISIC_0028661,nv,HAM_0006776
0,0.3507358133792877,1,ham10000,ISIC_0028181,nv,HAM_0006777
0,0.42612728476524353,1,ham10000,ISIC_0030617,nv,HAM_0006778
1,0.4332670569419861,1,ham10000,ISIC_0028860,mel,HAM_0006779
0,0.20828582346439362,0,ham10000,ISIC_0031021,nv,HAM_0006780
0,0.35021981596946716,1,ham10000,ISIC_0025765,nv,HAM_0006781
0,0.1283082216978073,0,ham10000,ISIC_0032581,nv,HAM_0006782
0,0.42131108045578003,1,ham10000,ISIC_0025624,nv,HAM_0006783
0,0.22927166521549225,0,ham10000,ISIC_0025486,nv,HAM_0006784
0,0.3649173974990845,1,ham10000,ISIC_0026169,nv,HAM_0006785
0,0.39094024896621704,1,ham10000,ISIC_0029436,nv,HAM_0006786
0,0.48024630546569824,1,ham10000,ISIC_0026471,df,HAM_0006787
0,0.2660357654094696,1,ham10000,ISIC_0026482,nv,HAM_0006788
0,0.246590256690979,1,ham10000,ISIC_0024976,nv,HAM_0006789
0,0.37908363342285156,1,ham10000,ISIC_0028625,nv,HAM_0006790
0,0.2961522042751312,1,ham10000,ISIC_0025514,nv,HAM_0006791
0,0.24329106509685516,1,ham10000,ISIC_0026460,nv,HAM_0006792
0,0.2418830245733261,1,ham10000,ISIC_0030796,nv,HAM_0006793
0,0.3440008759498596,1,ham10000,ISIC_0030830,df,HAM_0006794
0,0.31801313161849976,1,ham10000,ISIC_0031892,nv,HAM_0006795
0,0.23553912341594696,1,ham10000,ISIC_0025707,vasc,HAM_0006796
0,0.2082865834236145,0,ham10000,ISIC_0025754,nv,HAM_0006797
0,0.34355664253234863,1,ham10000,ISIC_0024685,nv,HAM_0006798
0,0.42974716424942017,1,ham10000,ISIC_0032677,nv,HAM_0006799
1,0.4590585231781006,1,ham10000,ISIC_0029747,bcc,HAM_0006800
0,0.14791448414325714,0,ham10000,ISIC_0032570,bkl,HAM_0006801
1,0.27148187160491943,1,ham10000,ISIC_0032610,mel,HAM_0006802
1,0.47114041447639465,1,ham10000,ISIC_0024545,mel,HAM_0006803
0,0.3649597764015198,1,ham10000,ISIC_0028341,nv,HAM_0006804
0,0.12802386283874512,0,ham10000,ISIC_0029772,nv,HAM_0006805
0,0.23205740749835968,0,ham10000,ISIC_0026681,nv,HAM_0006806
0,0.3573724329471588,1,ham10000,ISIC_0031341,nv,HAM_0006807
0,0.3619458079338074,1,ham10000,ISIC_0027438,nv,HAM_0006808
0,0.2639271914958954,1,ham10000,ISIC_0031690,nv,HAM_0006809
0,0.5598233938217163,1,ham10000,ISIC_0030546,nv,HAM_0006810
0,0.4711949825286865,1,ham10000,ISIC_0024794,nv,HAM_0006811
0,0.38801947236061096,1,ham10000,ISIC_0024637,nv,HAM_0006812
0,0.3655082881450653,1,ham10000,ISIC_0033167,nv,HAM_0006813
0,0.17560648918151855,0,ham10000,ISIC_0032264,nv,HAM_0006814
0,0.5472734570503235,1,ham10000,ISIC_0026254,df,HAM_0006816
0,0.2275661677122116,0,ham10000,ISIC_0030269,nv,HAM_0006817
0,0.1371435821056366,0,ham10000,ISIC_0031723,nv,HAM_0006818
0,0.3698152005672455,1,ham10000,ISIC_0025590,nv,HAM_0006819
0,0.2629295885562897,1,ham10000,ISIC_0025460,nv,HAM_0006820
0,0.2348252832889557,1,ham10000,ISIC_0027535,nv,HAM_0006821
0,0.19007644057273865,0,ham10000,ISIC_0030350,nv,HAM_0006822
1,0.4074287712574005,1,ham10000,ISIC_0032958,mel,HAM_0006824
0,0.30569401383399963,1,ham10000,ISIC_0030997,nv,HAM_0006825
0,0.2831750810146332,1,ham10000,ISIC_0025129,nv,HAM_0006826
0,0.42296162247657776,1,ham10000,ISIC_0031702,bkl,HAM_0006827
1,0.3618108034133911,1,ham10000,ISIC_0031977,mel,HAM_0006828
0,0.40238428115844727,1,ham10000,ISIC_0024619,nv,HAM_0006829
0,0.16657699644565582,0,ham10000,ISIC_0032285,nv,HAM_0006830
0,0.39496079087257385,1,ham10000,ISIC_0030545,nv,HAM_0006831
1,0.6865079998970032,1,ham10000,ISIC_0028915,mel,HAM_0006832
1,0.24743986129760742,1,ham10000,ISIC_0030512,mel,HAM_0006833
1,0.6713243126869202,1,ham10000,ISIC_0027526,bcc,HAM_0006834
0,0.27987754344940186,1,ham10000,ISIC_0026577,nv,HAM_0006835
0,0.3449786901473999,1,ham10000,ISIC_0025678,nv,HAM_0006836
0,0.4529925286769867,1,ham10000,ISIC_0025834,nv,HAM_0006837
0,0.3791402280330658,1,ham10000,ISIC_0028506,nv,HAM_0006838
0,0.3027389347553253,1,ham10000,ISIC_0028683,nv,HAM_0006839
0,0.4011169970035553,1,ham10000,ISIC_0025844,nv,HAM_0006840
0,0.1602509468793869,0,ham10000,ISIC_0026102,nv,HAM_0006841
0,0.26714086532592773,1,ham10000,ISIC_0030728,nv,HAM_0006842
1,0.8326994776725769,1,ham10000,ISIC_0024457,bcc,HAM_0006843
1,0.3232402205467224,1,ham10000,ISIC_0028688,bcc,HAM_0006844
0,0.15191064774990082,0,ham10000,ISIC_0030170,nv,HAM_0006845
0,0.20797684788703918,0,ham10000,ISIC_0027199,nv,HAM_0006846
0,0.3293396532535553,1,ham10000,ISIC_0025095,nv,HAM_0006847
0,0.2676042914390564,1,ham10000,ISIC_0031129,nv,HAM_0006848
0,0.36079949140548706,1,ham10000,ISIC_0028189,nv,HAM_0006849
0,0.266359806060791,1,ham10000,ISIC_0030186,nv,HAM_0006850
1,0.5026332139968872,1,ham10000,ISIC_0031976,bcc,HAM_0006851
0,0.19491930305957794,0,ham10000,ISIC_0032715,vasc,HAM_0006852
0,0.26717519760131836,1,ham10000,ISIC_0031143,nv,HAM_0006853
0,0.2322303056716919,0,ham10000,ISIC_0030842,nv,HAM_0006855
0,0.31705060601234436,1,ham10000,ISIC_0025909,nv,HAM_0006856
0,0.26167699694633484,1,ham10000,ISIC_0033210,nv,HAM_0006857
0,0.3228375315666199,1,ham10000,ISIC_0031751,nv,HAM_0006858
0,0.1632993072271347,0,ham10000,ISIC_0032321,nv,HAM_0006859
0,0.255818635225296,1,ham10000,ISIC_0032500,nv,HAM_0006860
0,0.2515038847923279,1,ham10000,ISIC_0031216,nv,HAM_0006861
0,0.25525709986686707,1,ham10000,ISIC_0025296,nv,HAM_0006862
0,0.4029408395290375,1,ham10000,ISIC_0030907,nv,HAM_0006863
0,0.3260493576526642,1,ham10000,ISIC_0030045,nv,HAM_0006864
0,0.24620603024959564,1,ham10000,ISIC_0029842,nv,HAM_0006865
0,0.15679217875003815,0,ham10000,ISIC_0030713,nv,HAM_0006866
0,0.14738765358924866,0,ham10000,ISIC_0032147,nv,HAM_0006867
0,0.40275776386260986,1,ham10000,ISIC_0031050,bkl,HAM_0006868
0,0.3584948778152466,1,ham10000,ISIC_0032558,nv,HAM_0006869
1,0.26194334030151367,1,ham10000,ISIC_0027793,mel,HAM_0006870
0,0.2010028064250946,0,ham10000,ISIC_0026836,nv,HAM_0006871
1,0.36734429001808167,1,ham10000,ISIC_0024345,bcc,HAM_0006872
0,0.38017475605010986,1,ham10000,ISIC_0033566,nv,HAM_0006873
0,0.21288944780826569,0,ham10000,ISIC_0025017,nv,HAM_0006874
1,0.35834601521492004,1,ham10000,ISIC_0026575,akiec,HAM_0006875
0,0.5687423944473267,1,ham10000,ISIC_0032460,bkl,HAM_0006876
1,0.3442324101924896,1,ham10000,ISIC_0028227,mel,HAM_0006877
1,0.19246989488601685,0,ham10000,ISIC_0029573,akiec,HAM_0006879
0,0.1537957489490509,0,ham10000,ISIC_0029672,nv,HAM_0006880
0,0.21330846846103668,0,ham10000,ISIC_0025798,nv,HAM_0006881
0,0.44350987672805786,1,ham10000,ISIC_0032910,nv,HAM_0006882
0,0.37812530994415283,1,ham10000,ISIC_0032619,nv,HAM_0006883
0,0.3213062286376953,1,ham10000,ISIC_0029459,nv,HAM_0006884
0,0.19913342595100403,0,ham10000,ISIC_0027938,nv,HAM_0006885
1,0.3794087767601013,1,ham10000,ISIC_0032823,mel,HAM_0006886
1,0.1686992645263672,0,ham10000,ISIC_0029500,akiec,HAM_0006887
0,0.18203386664390564,0,ham10000,ISIC_0026146,nv,HAM_0006888
0,0.5549470782279968,1,ham10000,ISIC_0031197,vasc,HAM_0006889
0,0.13693034648895264,0,ham10000,ISIC_0031983,nv,HAM_0006890
0,0.15527500212192535,0,ham10000,ISIC_0031367,nv,HAM_0006891
0,0.3736928701400757,1,ham10000,ISIC_0031444,nv,HAM_0006892
1,0.4871772825717926,1,ham10000,ISIC_0027084,akiec,HAM_0006893
0,0.2388186752796173,1,ham10000,ISIC_0029503,nv,HAM_0006894
0,0.29393067955970764,1,ham10000,ISIC_0030146,nv,HAM_0006895
1,0.20111297070980072,0,ham10000,ISIC_0024911,mel,HAM_0006896
0,0.20512300729751587,0,ham10000,ISIC_0028475,nv,HAM_0006897
1,0.522221028804779,1,ham10000,ISIC_0029041,akiec,HAM_0006898
1,0.200145423412323,0,ham10000,ISIC_0025128,mel,HAM_0006899
1,0.28329962491989136,1,ham10000,ISIC_0030080,mel,HAM_0006900
0,0.3521743416786194,1,ham10000,ISIC_0026700,nv,HAM_0006901
1,0.16755349934101105,0,ham10000,ISIC_0031506,akiec,HAM_0006902
0,0.2730250656604767,1,ham10000,ISIC_0031487,nv,HAM_0006903
1,0.31137382984161377,1,ham10000,ISIC_0027281,bcc,HAM_0006904
0,0.22904574871063232,0,ham10000,ISIC_0030451,nv,HAM_0006905
0,0.22641611099243164,0,ham10000,ISIC_0031254,nv,HAM_0006906
0,0.2643751800060272,1,ham10000,ISIC_0027953,bkl,HAM_0006907
1,0.6350674033164978,1,ham10000,ISIC_0025904,mel,HAM_0006908
0,0.421875923871994,1,ham10000,ISIC_0031777,nv,HAM_0006909
0,0.2280128002166748,0,ham10000,ISIC_0028504,nv,HAM_0006910
0,0.12969882786273956,0,ham10000,ISIC_0025747,nv,HAM_0006911
0,0.5031734704971313,1,ham10000,ISIC_0026205,bkl,HAM_0006912
0,0.24321943521499634,1,ham10000,ISIC_0024683,nv,HAM_0006913
0,0.34806713461875916,1,ham10000,ISIC_0025254,nv,HAM_0006914
0,0.2579078674316406,1,ham10000,ISIC_0027439,nv,HAM_0006915
0,0.35383540391921997,1,ham10000,ISIC_0026618,nv,HAM_0006916
0,0.2784568965435028,1,ham10000,ISIC_0025861,nv,HAM_0006917
0,0.22904950380325317,0,ham10000,ISIC_0031491,nv,HAM_0006918
0,0.10477026551961899,0,ham10000,ISIC_0031724,nv,HAM_0006919
0,0.468986839056015,1,ham10000,ISIC_0025432,nv,HAM_0006920
0,0.3232598900794983,1,ham10000,ISIC_0030603,nv,HAM_0006921
0,0.23596858978271484,1,ham10000,ISIC_0024807,nv,HAM_0006922
1,0.4545781910419464,1,ham10000,ISIC_0032592,mel,HAM_0006923
0,0.2574361264705658,1,ham10000,ISIC_0032065,nv,HAM_0006924
0,0.4606897234916687,1,ham10000,ISIC_0033338,nv,HAM_0006925
0,0.4961795508861542,1,ham10000,ISIC_0030839,nv,HAM_0006926
0,0.15210579335689545,0,ham10000,ISIC_0026312,nv,HAM_0006927
0,0.3777119517326355,1,ham10000,ISIC_0028097,nv,HAM_0006928
0,0.41849038004875183,1,ham10000,ISIC_0026542,nv,HAM_0006929
0,0.28905829787254333,1,ham10000,ISIC_0027818,nv,HAM_0006930
0,0.33503320813179016,1,ham10000,ISIC_0024588,nv,HAM_0006931
0,0.420989990234375,1,ham10000,ISIC_0031192,nv,HAM_0006932
0,0.21627533435821533,0,ham10000,ISIC_0027594,nv,HAM_0006933
0,0.18143989145755768,0,ham10000,ISIC_0028287,nv,HAM_0006934
0,0.241597518324852,1,ham10000,ISIC_0026628,nv,HAM_0006935
0,0.16273781657218933,0,ham10000,ISIC_0027729,nv,HAM_0006936
0,0.36644288897514343,1,ham10000,ISIC_0033613,bkl,HAM_0006938
0,0.21157419681549072,0,ham10000,ISIC_0031675,nv,HAM_0006939
1,0.5218586921691895,1,ham10000,ISIC_0027021,mel,HAM_0006940
0,0.17198245227336884,0,ham10000,ISIC_0025684,nv,HAM_0006941
1,0.13985587656497955,0,ham10000,ISIC_0027573,mel,HAM_0006942
0,0.2018207460641861,0,ham10000,ISIC_0027336,nv,HAM_0006943
0,0.3344561755657196,1,ham10000,ISIC_0030762,nv,HAM_0006944
0,0.1817915141582489,0,ham10000,ISIC_0026044,bkl,HAM_0006945
0,0.47113439440727234,1,ham10000,ISIC_0032614,vasc,HAM_0006946
0,0.18582245707511902,0,ham10000,ISIC_0031662,nv,HAM_0006947
0,0.2934856712818146,1,ham10000,ISIC_0026463,nv,HAM_0006948
0,0.30805855989456177,1,ham10000,ISIC_0031886,nv,HAM_0006949
0,0.35587596893310547,1,ham10000,ISIC_0027215,nv,HAM_0006950
0,0.20426471531391144,0,ham10000,ISIC_0030482,nv,HAM_0006951
0,0.26984432339668274,1,ham10000,ISIC_0027543,nv,HAM_0006952
0,0.141280397772789,0,ham10000,ISIC_0026175,nv,HAM_0006953
1,0.4247684180736542,1,ham10000,ISIC_0025105,mel,HAM_0006955
0,0.26788565516471863,1,ham10000,ISIC_0030547,nv,HAM_0006956
0,0.2169230729341507,0,ham10000,ISIC_0028402,nv,HAM_0006957
0,0.1715932935476303,0,ham10000,ISIC_0029395,nv,HAM_0006958
0,0.36924517154693604,1,ham10000,ISIC_0032286,nv,HAM_0006959
0,0.14185145497322083,0,ham10000,ISIC_0027592,nv,HAM_0006960
0,0.2555854618549347,1,ham10000,ISIC_0031792,nv,HAM_0006961
0,0.2430378794670105,1,ham10000,ISIC_0025914,nv,HAM_0006962
0,0.2646072506904602,1,ham10000,ISIC_0032351,nv,HAM_0006963
1,0.31266188621520996,1,ham10000,ISIC_0027163,mel,HAM_0006964
1,0.19246786832809448,0,ham10000,ISIC_0026475,mel,HAM_0006965
0,0.2501319944858551,1,ham10000,ISIC_0028614,nv,HAM_0006966
0,0.4350673258304596,1,ham10000,ISIC_0026295,nv,HAM_0006967
0,0.29091817140579224,1,ham10000,ISIC_0025340,nv,HAM_0006968
0,0.25879839062690735,1,ham10000,ISIC_0028007,nv,HAM_0006969
0,0.39951032400131226,1,ham10000,ISIC_0026059,nv,HAM_0006970
0,0.29205167293548584,1,ham10000,ISIC_0025185,nv,HAM_0006971
0,0.3042340576648712,1,ham10000,ISIC_0027051,nv,HAM_0006972
0,0.41154035925865173,1,ham10000,ISIC_0029377,nv,HAM_0006973
0,0.2441483736038208,1,ham10000,ISIC_0026541,nv,HAM_0006974
1,0.4391500949859619,1,ham10000,ISIC_0024967,mel,HAM_0006975
0,0.387000173330307,1,ham10000,ISIC_0029689,nv,HAM_0006976
0,0.1958569437265396,0,ham10000,ISIC_0029456,nv,HAM_0006977
1,0.4355689287185669,1,ham10000,ISIC_0029316,mel,HAM_0006978
0,0.3491389751434326,1,ham10000,ISIC_0026605,nv,HAM_0006979
0,0.2219407558441162,0,ham10000,ISIC_0033715,nv,HAM_0006980
0,0.19560812413692474,0,ham10000,ISIC_0029451,nv,HAM_0006981
0,0.4512186646461487,1,ham10000,ISIC_0032071,nv,HAM_0006982
0,0.1705087423324585,0,ham10000,ISIC_0026147,nv,HAM_0006983
0,0.1528102457523346,0,ham10000,ISIC_0026894,nv,HAM_0006984
0,0.3206116259098053,1,ham10000,ISIC_0029131,nv,HAM_0006985
0,0.37389856576919556,1,ham10000,ISIC_0025071,nv,HAM_0006986
0,0.47818729281425476,1,ham10000,ISIC_0027649,bkl,HAM_0006987
0,0.2765214145183563,1,ham10000,ISIC_0024943,bkl,HAM_0006988
0,0.21609534323215485,0,ham10000,ISIC_0028729,nv,HAM_0006989
0,0.2653493285179138,1,ham10000,ISIC_0025480,nv,HAM_0006990
0,0.1537931114435196,0,ham10000,ISIC_0031840,nv,HAM_0006991
0,0.3608470857143402,1,ham10000,ISIC_0029829,nv,HAM_0006992
0,0.2887502610683441,1,ham10000,ISIC_0029206,bkl,HAM_0006993
0,0.18478800356388092,0,ham10000,ISIC_0026987,nv,HAM_0006994
0,0.1635088324546814,0,ham10000,ISIC_0025115,nv,HAM_0006995
0,0.20034773647785187,0,ham10000,ISIC_0027610,nv,HAM_0006996
0,0.29319849610328674,1,ham10000,ISIC_0028375,nv,HAM_0006997
0,0.3045935034751892,1,ham10000,ISIC_0030993,nv,HAM_0006998
0,0.2893389165401459,1,ham10000,ISIC_0027459,nv,HAM_0006999
0,0.27529048919677734,1,ham10000,ISIC_0026042,bkl,HAM_0007000
0,0.15639935433864594,0,ham10000,ISIC_0026573,nv,HAM_0007001
1,0.7749772667884827,1,ham10000,ISIC_0027433,bcc,HAM_0007002
0,0.3110877275466919,1,ham10000,ISIC_0025638,nv,HAM_0007003
0,0.20931218564510345,0,ham10000,ISIC_0030525,nv,HAM_0007004
0,0.20489752292633057,0,ham10000,ISIC_0032568,nv,HAM_0007005
0,0.21098032593727112,0,ham10000,ISIC_0025497,nv,HAM_0007006
0,0.24488407373428345,1,ham10000,ISIC_0031665,nv,HAM_0007007
1,0.28751909732818604,1,ham10000,ISIC_0030036,akiec,HAM_0007008
1,0.278876930475235,1,ham10000,ISIC_0027146,bcc,HAM_0007009
0,0.2645098865032196,1,ham10000,ISIC_0025419,bkl,HAM_0007010
0,0.14904680848121643,0,ham10000,ISIC_0032493,nv,HAM_0007011
0,0.3756237328052521,1,ham10000,ISIC_0030865,nv,HAM_0007012
0,0.1813085973262787,0,ham10000,ISIC_0029544,nv,HAM_0007013
0,0.22217302024364471,0,ham10000,ISIC_0027498,nv,HAM_0007014
0,0.16145092248916626,0,ham10000,ISIC_0025760,nv,HAM_0007015
1,0.4128967225551605,1,ham10000,ISIC_0027838,mel,HAM_0007016
0,0.11236846446990967,0,ham10000,ISIC_0030838,nv,HAM_0007017
0,0.4013223648071289,1,ham10000,ISIC_0027006,bkl,HAM_0007018
1,0.42146092653274536,1,ham10000,ISIC_0029454,mel,HAM_0007019
0,0.14324168860912323,0,ham10000,ISIC_0030070,vasc,HAM_0007020
1,0.41960591077804565,1,ham10000,ISIC_0033477,mel,HAM_0007021
0,0.2436692714691162,1,ham10000,ISIC_0026364,nv,HAM_0007022
0,0.13426503539085388,0,ham10000,ISIC_0030642,nv,HAM_0007023
0,0.34562090039253235,1,ham10000,ISIC_0026553,bkl,HAM_0007024
0,0.1265277862548828,0,ham10000,ISIC_0029963,nv,HAM_0007025
0,0.1398494839668274,0,ham10000,ISIC_0027085,nv,HAM_0007026
0,0.359006404876709,1,ham10000,ISIC_0026967,bkl,HAM_0007027
0,0.3538878858089447,1,ham10000,ISIC_0028851,nv,HAM_0007028
0,0.4934064447879791,1,ham10000,ISIC_0030608,bkl,HAM_0007029
0,0.18532703816890717,0,ham10000,ISIC_0026711,nv,HAM_0007030
1,0.34733155369758606,1,ham10000,ISIC_0025616,mel,HAM_0007031
1,0.49502086639404297,1,ham10000,ISIC_0033034,mel,HAM_0007032
0,0.23182715475559235,0,ham10000,ISIC_0032350,nv,HAM_0007033
0,0.2514359951019287,1,ham10000,ISIC_0029529,nv,HAM_0007034
0,0.2889999449253082,1,ham10000,ISIC_0030332,nv,HAM_0007035
0,0.3483482897281647,1,ham10000,ISIC_0026655,nv,HAM_0007036
1,0.34404346346855164,1,ham10000,ISIC_0030375,akiec,HAM_0007037
1,0.20634041726589203,0,ham10000,ISIC_0032404,akiec,HAM_0007038
0,0.28517621755599976,1,ham10000,ISIC_0025202,nv,HAM_0007039
0,0.33149319887161255,1,ham10000,ISIC_0026946,nv,HAM_0007040
0,0.16482265293598175,0,ham10000,ISIC_0027341,nv,HAM_0007041
0,0.2689463794231415,1,ham10000,ISIC_0024754,nv,HAM_0007042
0,0.19016003608703613,0,ham10000,ISIC_0029135,bkl,HAM_0007043
0,0.2932462990283966,1,ham10000,ISIC_0024501,nv,HAM_0007044
0,0.16499871015548706,0,ham10000,ISIC_0032088,nv,HAM_0007045
0,0.3612445890903473,1,ham10000,ISIC_0027401,nv,HAM_0007046
1,0.6048656105995178,1,ham10000,ISIC_0025605,akiec,HAM_0007047
0,0.17278793454170227,0,ham10000,ISIC_0029284,nv,HAM_0007048
0,0.5229966044425964,1,ham10000,ISIC_0028179,nv,HAM_0007049
0,0.1633559614419937,0,ham10000,ISIC_0027160,nv,HAM_0007050
0,0.5356637835502625,1,ham10000,ISIC_0025668,df,HAM_0007051
0,0.3369274437427521,1,ham10000,ISIC_0032752,nv,HAM_0007052
0,0.24921633303165436,1,ham10000,ISIC_0024487,nv,HAM_0007053
1,0.4653625786304474,1,ham10000,ISIC_0024482,mel,HAM_0007054
0,0.23382394015789032,1,ham10000,ISIC_0031235,nv,HAM_0007055
0,0.27554136514663696,1,ham10000,ISIC_0025750,nv,HAM_0007056
0,0.11235471814870834,0,ham10000,ISIC_0025694,nv,HAM_0007057
0,0.34754490852355957,1,ham10000,ISIC_0027642,nv,HAM_0007058
0,0.2854801416397095,1,ham10000,ISIC_0025947,nv,HAM_0007060
0,0.36579182744026184,1,ham10000,ISIC_0031433,nv,HAM_0007061
0,0.3033130466938019,1,ham10000,ISIC_0029116,nv,HAM_0007062
0,0.32863518595695496,1,ham10000,ISIC_0031432,nv,HAM_0007063
0,0.1308128982782364,0,ham10000,ISIC_0032282,nv,HAM_0007064
0,0.2220781147480011,0,ham10000,ISIC_0031773,nv,HAM_0007065
0,0.2943810522556305,1,ham10000,ISIC_0029959,nv,HAM_0007066
0,0.4026196599006653,1,ham10000,ISIC_0027251,nv,HAM_0007067
0,0.2296081781387329,0,ham10000,ISIC_0024866,nv,HAM_0007068
0,0.20556798577308655,0,ham10000,ISIC_0029355,nv,HAM_0007069
1,0.5211532711982727,1,ham10000,ISIC_0032192,mel,HAM_0007070
0,0.24561083316802979,1,ham10000,ISIC_0030449,nv,HAM_0007071
0,0.3603735864162445,1,ham10000,ISIC_0032339,nv,HAM_0007072
1,0.39451512694358826,1,ham10000,ISIC_0025035,mel,HAM_0007073
0,0.24786025285720825,1,ham10000,ISIC_0030646,nv,HAM_0007074
0,0.24729149043560028,1,ham10000,ISIC_0025463,nv,HAM_0007075
0,0.11584711074829102,0,ham10000,ISIC_0026757,nv,HAM_0007076
0,0.3792511522769928,1,ham10000,ISIC_0032505,nv,HAM_0007077
0,0.24090547859668732,1,ham10000,ISIC_0024851,bkl,HAM_0007078
0,0.20057539641857147,0,ham10000,ISIC_0029904,nv,HAM_0007079
0,0.39931929111480713,1,ham10000,ISIC_0029994,nv,HAM_0007080
0,0.23370392620563507,1,ham10000,ISIC_0027971,nv,HAM_0007082
0,0.21302033960819244,0,ham10000,ISIC_0027959,nv,HAM_0007083
0,0.16639354825019836,0,ham10000,ISIC_0025315,nv,HAM_0007084
1,0.5671191215515137,1,ham10000,ISIC_0030076,akiec,HAM_0007085
1,0.4169468879699707,1,ham10000,ISIC_0033267,mel,HAM_0007086
0,0.2673465609550476,1,ham10000,ISIC_0031425,nv,HAM_0007087
1,0.488840252161026,1,ham10000,ISIC_0024800,akiec,HAM_0007088
0,0.38157919049263,1,ham10000,ISIC_0030066,nv,HAM_0007089
0,0.19033168256282806,0,ham10000,ISIC_0029555,bkl,HAM_0007090
1,0.4269861876964569,1,ham10000,ISIC_0027552,mel,HAM_0007091
0,0.34285858273506165,1,ham10000,ISIC_0031370,nv,HAM_0007092
0,0.30042269825935364,1,ham10000,ISIC_0026858,nv,HAM_0007093
0,0.18470311164855957,0,ham10000,ISIC_0026785,nv,HAM_0007094
0,0.29711267352104187,1,ham10000,ISIC_0030374,nv,HAM_0007095
0,0.4821116626262665,1,ham10000,ISIC_0024674,nv,HAM_0007096
0,0.6412174701690674,1,ham10000,ISIC_0033230,vasc,HAM_0007097
0,0.189181849360466,0,ham10000,ISIC_0032357,nv,HAM_0007098
0,0.2931116223335266,1,ham10000,ISIC_0025921,nv,HAM_0007099
0,0.4401469826698303,1,ham10000,ISIC_0031989,bkl,HAM_0007100
0,0.2821049094200134,1,ham10000,ISIC_0032513,bkl,HAM_0007101
1,0.3910110294818878,1,ham10000,ISIC_0028655,mel,HAM_0007102
0,0.13168993592262268,0,ham10000,ISIC_0026271,nv,HAM_0007103
0,0.27254942059516907,1,ham10000,ISIC_0032133,nv,HAM_0007104
0,0.3344072699546814,1,ham10000,ISIC_0026616,nv,HAM_0007105
0,0.32211512327194214,1,ham10000,ISIC_0031991,nv,HAM_0007108
0,0.15293939411640167,0,ham10000,ISIC_0026529,nv,HAM_0007109
0,0.5502150058746338,1,ham10000,ISIC_0026861,bkl,HAM_0007110
0,0.22447127103805542,0,ham10000,ISIC_0025715,nv,HAM_0007111
0,0.48589083552360535,1,ham10000,ISIC_0026819,nv,HAM_0007112
0,0.16427646577358246,0,ham10000,ISIC_0027522,vasc,HAM_0007113
1,0.21072083711624146,0,ham10000,ISIC_0028418,mel,HAM_0007114
0,0.2681383788585663,1,ham10000,ISIC_0029584,nv,HAM_0007115
0,0.2790381908416748,1,ham10000,ISIC_0028951,nv,HAM_0007116
1,0.5071830749511719,1,ham10000,ISIC_0033312,mel,HAM_0007117
0,0.2587762176990509,1,ham10000,ISIC_0027856,vasc,HAM_0007118
0,0.2914556562900543,1,ham10000,ISIC_0026134,nv,HAM_0007119
0,0.23629140853881836,1,ham10000,ISIC_0029782,nv,HAM_0007120
0,0.40785568952560425,1,ham10000,ISIC_0029922,nv,HAM_0007121
0,0.1967252790927887,0,ham10000,ISIC_0025816,nv,HAM_0007122
0,0.2684686481952667,1,ham10000,ISIC_0025672,nv,HAM_0007123
0,0.44183170795440674,1,ham10000,ISIC_0032707,nv,HAM_0007124
0,0.3165120780467987,1,ham10000,ISIC_0025016,bkl,HAM_0007125
0,0.42418840527534485,1,ham10000,ISIC_0027835,nv,HAM_0007126
0,0.22573624551296234,0,ham10000,ISIC_0032362,nv,HAM_0007127
0,0.11800705641508102,0,ham10000,ISIC_0025104,nv,HAM_0007128
0,0.35625094175338745,1,ham10000,ISIC_0027216,df,HAM_0007129
0,0.21452124416828156,0,ham10000,ISIC_0027395,nv,HAM_0007130
1,0.7405877113342285,1,ham10000,ISIC_0031692,akiec,HAM_0007131
0,0.18731991946697235,0,ham10000,ISIC_0029621,nv,HAM_0007132
0,0.31617042422294617,1,ham10000,ISIC_0027490,nv,HAM_0007133
0,0.12972480058670044,0,ham10000,ISIC_0026394,nv,HAM_0007134
0,0.27473193407058716,1,ham10000,ISIC_0024460,nv,HAM_0007135
0,0.3485565781593323,1,ham10000,ISIC_0030563,nv,HAM_0007136
0,0.38036298751831055,1,ham10000,ISIC_0031327,nv,HAM_0007137
0,0.22635158896446228,0,ham10000,ISIC_0028823,nv,HAM_0007138
1,0.46250951290130615,1,ham10000,ISIC_0028577,bcc,HAM_0007139
0,0.44047099351882935,1,ham10000,ISIC_0026345,nv,HAM_0007140
1,0.38025733828544617,1,ham10000,ISIC_0029230,bcc,HAM_0007141
0,0.20272225141525269,0,ham10000,ISIC_0025255,nv,HAM_0007142
0,0.12762486934661865,0,ham10000,ISIC_0028841,nv,HAM_0007143
0,0.33178791403770447,1,ham10000,ISIC_0026599,nv,HAM_0007144
0,0.3383682072162628,1,ham10000,ISIC_0027758,nv,HAM_0007145
0,0.21433870494365692,0,ham10000,ISIC_0031493,nv,HAM_0007146
0,0.2834250330924988,1,ham10000,ISIC_0032858,nv,HAM_0007148
0,0.25695908069610596,1,ham10000,ISIC_0025304,nv,HAM_0007149
0,0.16471976041793823,0,ham10000,ISIC_0028680,vasc,HAM_0007150
0,0.4427791237831116,1,ham10000,ISIC_0029793,bkl,HAM_0007151
0,0.37677204608917236,1,ham10000,ISIC_0028184,nv,HAM_0007152
0,0.35317426919937134,1,ham10000,ISIC_0027813,nv,HAM_0007153
0,0.29160076379776,1,ham10000,ISIC_0024719,nv,HAM_0007154
0,0.3030226230621338,1,ham10000,ISIC_0025056,nv,HAM_0007155
0,0.4299328029155731,1,ham10000,ISIC_0025893,nv,HAM_0007156
0,0.15450157225131989,0,ham10000,ISIC_0030600,nv,HAM_0007157
0,0.16732843220233917,0,ham10000,ISIC_0027206,nv,HAM_0007158
0,0.23605704307556152,1,ham10000,ISIC_0031637,nv,HAM_0007159
0,0.2547512352466583,1,ham10000,ISIC_0028723,nv,HAM_0007160
0,0.13225314021110535,0,ham10000,ISIC_0026734,nv,HAM_0007161
0,0.18235497176647186,0,ham10000,ISIC_0029321,nv,HAM_0007162
1,0.40605902671813965,1,ham10000,ISIC_0032750,mel,HAM_0007163
0,0.20249374210834503,0,ham10000,ISIC_0025972,nv,HAM_0007164
1,0.4299452304840088,1,ham10000,ISIC_0026622,mel,HAM_0007165
0,0.359668105840683,1,ham10000,ISIC_0030878,nv,HAM_0007166
0,0.2867375910282135,1,ham10000,ISIC_0026400,nv,HAM_0007167
0,0.24599319696426392,1,ham10000,ISIC_0028115,nv,HAM_0007168
0,0.2530159652233124,1,ham10000,ISIC_0032934,nv,HAM_0007169
0,0.18779969215393066,0,ham10000,ISIC_0025483,nv,HAM_0007170
1,0.27109020948410034,1,ham10000,ISIC_0026909,mel,HAM_0007171
0,0.27148374915122986,1,ham10000,ISIC_0034130,nv,HAM_0007172
0,0.22517701983451843,0,ham10000,ISIC_0028721,nv,HAM_0007173
0,0.40921807289123535,1,ham10000,ISIC_0031052,nv,HAM_0007174
0,0.14937381446361542,0,ham10000,ISIC_0029442,nv,HAM_0007175
0,0.2643604874610901,1,ham10000,ISIC_0032144,nv,HAM_0007176
0,0.19488124549388885,0,ham10000,ISIC_0025626,nv,HAM_0007177
0,0.22590981423854828,0,ham10000,ISIC_0025184,nv,HAM_0007178
0,0.41531458497047424,1,ham10000,ISIC_0025906,bkl,HAM_0007179
1,0.2618231773376465,1,ham10000,ISIC_0032726,mel,HAM_0007180
0,0.26162511110305786,1,ham10000,ISIC_0031964,nv,HAM_0007181
0,0.1608746498823166,0,ham10000,ISIC_0030421,nv,HAM_0007183
0,0.19607225060462952,0,ham10000,ISIC_0033436,nv,HAM_0007184
0,0.360445499420166,1,ham10000,ISIC_0025189,nv,HAM_0007185
0,0.12335507571697235,0,ham10000,ISIC_0028295,nv,HAM_0007186
0,0.2900128662586212,1,ham10000,ISIC_0028950,nv,HAM_0007187
1,0.17177458107471466,0,ham10000,ISIC_0031543,mel,HAM_0007188
0,0.1985449194908142,0,ham10000,ISIC_0027878,nv,HAM_0007189
0,0.3195357322692871,1,ham10000,ISIC_0030505,nv,HAM_0007190
0,0.5416383147239685,1,ham10000,ISIC_0032738,nv,HAM_0007191
0,0.1866454929113388,0,ham10000,ISIC_0030558,nv,HAM_0007192
0,0.1728854477405548,0,ham10000,ISIC_0025398,nv,HAM_0007193
0,0.2934572994709015,1,ham10000,ISIC_0025920,nv,HAM_0007194
0,0.31905874609947205,1,ham10000,ISIC_0031923,nv,HAM_0007195
0,0.23638692498207092,1,ham10000,ISIC_0024907,nv,HAM_0007196
0,0.17849445343017578,0,ham10000,ISIC_0031856,nv,HAM_0007197
0,0.36450496315956116,1,ham10000,ISIC_0026200,nv,HAM_0007198
1,0.15664173662662506,0,ham10000,ISIC_0030344,akiec,HAM_0007199
0,0.35173696279525757,1,ham10000,ISIC_0026304,nv,HAM_0007200
0,0.27772173285484314,1,ham10000,ISIC_0026208,nv,HAM_0007201
0,0.35686588287353516,1,ham10000,ISIC_0026726,nv,HAM_0007202
0,0.21042422950267792,0,ham10000,ISIC_0031845,nv,HAM_0007203
0,0.3925325870513916,1,ham10000,ISIC_0025205,nv,HAM_0007204
0,0.18614357709884644,0,ham10000,ISIC_0026269,nv,HAM_0007205
0,0.2702632248401642,1,ham10000,ISIC_0031524,nv,HAM_0007206
0,0.3520874083042145,1,ham10000,ISIC_0031326,bkl,HAM_0007207
0,0.26564112305641174,1,ham10000,ISIC_0030159,nv,HAM_0007208
0,0.4150950610637665,1,ham10000,ISIC_0028365,nv,HAM_0007209
0,0.2333935797214508,1,ham10000,ISIC_0026699,nv,HAM_0007210
0,0.3685014247894287,1,ham10000,ISIC_0025377,nv,HAM_0007211
0,0.2511897683143616,1,ham10000,ISIC_0030897,nv,HAM_0007213
0,0.2180759459733963,0,ham10000,ISIC_0031928,nv,HAM_0007214
0,0.1721697449684143,0,ham10000,ISIC_0030294,nv,HAM_0007215
0,0.43711337447166443,1,ham10000,ISIC_0032962,nv,HAM_0007216
0,0.24902558326721191,1,ham10000,ISIC_0024844,nv,HAM_0007217
0,0.19808633625507355,0,ham10000,ISIC_0025006,nv,HAM_0007218
0,0.3485835790634155,1,ham10000,ISIC_0029227,bkl,HAM_0007219
0,0.5242088437080383,1,ham10000,ISIC_0025867,bkl,HAM_0007220
0,0.5104633569717407,1,ham10000,ISIC_0030264,nv,HAM_0007221
0,0.15917645394802094,0,ham10000,ISIC_0030996,nv,HAM_0007222
0,0.22523429989814758,0,ham10000,ISIC_0024783,nv,HAM_0007223
0,0.29070907831192017,1,ham10000,ISIC_0024977,nv,HAM_0007224
0,0.4371507465839386,1,ham10000,ISIC_0031429,df,HAM_0007225
0,0.21937920153141022,0,ham10000,ISIC_0027946,nv,HAM_0007226
0,0.4094826877117157,1,ham10000,ISIC_0024973,df,HAM_0007227
0,0.3299902379512787,1,ham10000,ISIC_0025681,nv,HAM_0007228
1,0.3216790556907654,1,ham10000,ISIC_0031545,mel,HAM_0007229
0,0.34859150648117065,1,ham10000,ISIC_0031164,nv,HAM_0007230
0,0.22902053594589233,0,ham10000,ISIC_0029114,nv,HAM_0007231
0,0.3020045757293701,1,ham10000,ISIC_0025830,bkl,HAM_0007232
0,0.3864920139312744,1,ham10000,ISIC_0029113,bkl,HAM_0007233
1,0.33706748485565186,1,ham10000,ISIC_0033362,mel,HAM_0007234
0,0.2987626791000366,1,ham10000,ISIC_0027278,nv,HAM_0007236
1,0.30145263671875,1,ham10000,ISIC_0028306,mel,HAM_0007238
0,0.3567757308483124,1,ham10000,ISIC_0025252,nv,HAM_0007239
0,0.34689855575561523,1,ham10000,ISIC_0027988,nv,HAM_0007240
0,0.1753608137369156,0,ham10000,ISIC_0027752,nv,HAM_0007241
1,0.24871034920215607,1,ham10000,ISIC_0026774,mel,HAM_0007242
1,0.28844764828681946,1,ham10000,ISIC_0028029,mel,HAM_0007243
0,0.42570599913597107,1,ham10000,ISIC_0030669,nv,HAM_0007244
1,0.38887637853622437,1,ham10000,ISIC_0032870,mel,HAM_0007245
0,0.1252867728471756,0,ham10000,ISIC_0024764,nv,HAM_0007246
1,0.3669736981391907,1,ham10000,ISIC_0025102,bcc,HAM_0007248
0,0.29371410608291626,1,ham10000,ISIC_0025789,nv,HAM_0007249
0,0.4002852439880371,1,ham10000,ISIC_0024964,nv,HAM_0007251
0,0.32074564695358276,1,ham10000,ISIC_0026949,nv,HAM_0007252
0,0.2797025442123413,1,ham10000,ISIC_0026840,nv,HAM_0007253
0,0.2881680727005005,1,ham10000,ISIC_0027541,nv,HAM_0007254
0,0.3749122619628906,1,ham10000,ISIC_0026519,nv,HAM_0007255
0,0.3467128574848175,1,ham10000,ISIC_0031480,nv,HAM_0007256
0,0.27506744861602783,1,ham10000,ISIC_0025537,nv,HAM_0007257
0,0.4650864601135254,1,ham10000,ISIC_0025090,nv,HAM_0007258
0,0.27692094445228577,1,ham10000,ISIC_0032669,nv,HAM_0007259
0,0.2493506520986557,1,ham10000,ISIC_0028336,bkl,HAM_0007260
0,0.17361043393611908,0,ham10000,ISIC_0031686,bkl,HAM_0007261
1,0.8013380169868469,1,ham10000,ISIC_0025932,bcc,HAM_0007262
0,0.28313717246055603,1,ham10000,ISIC_0028130,nv,HAM_0007263
0,0.4187450110912323,1,ham10000,ISIC_0028476,nv,HAM_0007264
0,0.29688164591789246,1,ham10000,ISIC_0033447,nv,HAM_0007265
0,0.09199071675539017,0,ham10000,ISIC_0031909,nv,HAM_0007266
0,0.34609296917915344,1,ham10000,ISIC_0031441,nv,HAM_0007267
0,0.3180884122848511,1,ham10000,ISIC_0028600,nv,HAM_0007268
0,0.36287087202072144,1,ham10000,ISIC_0024430,nv,HAM_0007269
0,0.16737404465675354,0,ham10000,ISIC_0030166,nv,HAM_0007270
0,0.32225051522254944,1,ham10000,ISIC_0027862,nv,HAM_0007271
1,0.4723007380962372,1,ham10000,ISIC_0024756,mel,HAM_0007272
0,0.14950259029865265,0,ham10000,ISIC_0025437,nv,HAM_0007273
0,0.35769110918045044,1,ham10000,ISIC_0030484,nv,HAM_0007274
0,0.44047072529792786,1,ham10000,ISIC_0026705,nv,HAM_0007275
0,0.6328181028366089,1,ham10000,ISIC_0028538,nv,HAM_0007276
0,0.21798226237297058,0,ham10000,ISIC_0031195,nv,HAM_0007277
0,0.6077463030815125,1,ham10000,ISIC_0025009,nv,HAM_0007278
0,0.228782057762146,0,ham10000,ISIC_0025405,nv,HAM_0007279
0,0.24746152758598328,1,ham10000,ISIC_0024917,nv,HAM_0007280
0,0.5062896013259888,1,ham10000,ISIC_0034283,bkl,HAM_0007281
0,0.2887134850025177,1,ham10000,ISIC_0025690,nv,HAM_0007282
0,0.4474189579486847,1,ham10000,ISIC_0027255,nv,HAM_0007284
0,0.32115089893341064,1,ham10000,ISIC_0026718,nv,HAM_0007285
0,0.42797666788101196,1,ham10000,ISIC_0031978,nv,HAM_0007286
0,0.33717718720436096,1,ham10000,ISIC_0027413,nv,HAM_0007287
0,0.19341494143009186,0,ham10000,ISIC_0027243,nv,HAM_0007288
1,0.45063546299934387,1,ham10000,ISIC_0031263,bcc,HAM_0007289
0,0.3682619035243988,1,ham10000,ISIC_0025961,nv,HAM_0007290
0,0.3856075406074524,1,ham10000,ISIC_0027633,nv,HAM_0007291
0,0.2607002854347229,1,ham10000,ISIC_0031626,nv,HAM_0007292
1,0.37336379289627075,1,ham10000,ISIC_0026735,mel,HAM_0007293
0,0.13085104525089264,0,ham10000,ISIC_0025749,nv,HAM_0007294
0,0.25673845410346985,1,ham10000,ISIC_0031380,nv,HAM_0007295
0,0.22898967564105988,0,ham10000,ISIC_0027068,bkl,HAM_0007296
0,0.34726813435554504,1,ham10000,ISIC_0029940,nv,HAM_0007297
0,0.2966075837612152,1,ham10000,ISIC_0028345,nv,HAM_0007298
0,0.436044842004776,1,ham10000,ISIC_0032565,nv,HAM_0007299
0,0.3196117877960205,1,ham10000,ISIC_0025158,nv,HAM_0007300
0,0.363851934671402,1,ham10000,ISIC_0033417,nv,HAM_0007301
0,0.24560102820396423,1,ham10000,ISIC_0028302,nv,HAM_0007302
1,0.20988264679908752,0,ham10000,ISIC_0026457,akiec,HAM_0007303
0,0.2035004198551178,0,ham10000,ISIC_0027196,nv,HAM_0007304
1,0.4765635132789612,1,ham10000,ISIC_0029933,mel,HAM_0007305
0,0.20457908511161804,0,ham10000,ISIC_0026810,nv,HAM_0007306
1,0.46243786811828613,1,ham10000,ISIC_0026848,akiec,HAM_0007308
0,0.3620879054069519,1,ham10000,ISIC_0025151,nv,HAM_0007309
1,0.5243651270866394,1,ham10000,ISIC_0026120,mel,HAM_0007310
0,0.33213356137275696,1,ham10000,ISIC_0026367,nv,HAM_0007311
0,0.19560684263706207,0,ham10000,ISIC_0027709,nv,HAM_0007312
1,0.4189069867134094,1,ham10000,ISIC_0025299,bcc,HAM_0007313
0,0.10535997897386551,0,ham10000,ISIC_0031152,nv,HAM_0007314
0,0.24208328127861023,1,ham10000,ISIC_0026249,bkl,HAM_0007315
0,0.19911542534828186,0,ham10000,ISIC_0031895,nv,HAM_0007316
0,0.20341756939888,0,ham10000,ISIC_0030008,nv,HAM_0007317
0,0.30013591051101685,1,ham10000,ISIC_0029005,nv,HAM_0007318
0,0.22537066042423248,0,ham10000,ISIC_0029144,nv,HAM_0007319
0,0.19264376163482666,0,ham10000,ISIC_0026780,nv,HAM_0007320
0,0.18519489467144012,0,ham10000,ISIC_0026821,nv,HAM_0007321
0,0.36724933981895447,1,ham10000,ISIC_0030205,nv,HAM_0007322
0,0.38857001066207886,1,ham10000,ISIC_0031038,nv,HAM_0007323
0,0.3127416670322418,1,ham10000,ISIC_0026398,nv,HAM_0007324
0,0.4140467941761017,1,ham10000,ISIC_0026267,nv,HAM_0007325
0,0.18458953499794006,0,ham10000,ISIC_0028783,nv,HAM_0007326
0,0.18308909237384796,0,ham10000,ISIC_0030684,nv,HAM_0007328
0,0.2631789445877075,1,ham10000,ISIC_0026583,nv,HAM_0007329
0,0.2665843367576599,1,ham10000,ISIC_0024521,nv,HAM_0007330
0,0.352599173784256,1,ham10000,ISIC_0031752,nv,HAM_0007331
0,0.4351813495159149,1,ham10000,ISIC_0026481,bkl,HAM_0007332
0,0.38769325613975525,1,ham10000,ISIC_0033614,nv,HAM_0007333
0,0.15482424199581146,0,ham10000,ISIC_0026962,nv,HAM_0007334
1,0.4202652871608734,1,ham10000,ISIC_0032808,bcc,HAM_0007335
0,0.38590097427368164,1,ham10000,ISIC_0024544,nv,HAM_0007336
0,0.20983289182186127,0,ham10000,ISIC_0026912,bkl,HAM_0007337
0,0.1650545448064804,0,ham10000,ISIC_0028986,nv,HAM_0007338
0,0.26472824811935425,1,ham10000,ISIC_0031536,nv,HAM_0007339
0,0.3262639045715332,1,ham10000,ISIC_0028944,nv,HAM_0007340
0,0.45996418595314026,1,ham10000,ISIC_0032898,bkl,HAM_0007341
0,0.3662939667701721,1,ham10000,ISIC_0030625,nv,HAM_0007342
1,0.4007677733898163,1,ham10000,ISIC_0032447,mel,HAM_0007343
0,0.2966001331806183,1,ham10000,ISIC_0029461,nv,HAM_0007344
0,0.13837914168834686,0,ham10000,ISIC_0028703,nv,HAM_0007345
1,0.21208161115646362,0,ham10000,ISIC_0027425,bcc,HAM_0007346
0,0.19449664652347565,0,ham10000,ISIC_0031054,nv,HAM_0007347
0,0.3012469410896301,1,ham10000,ISIC_0032625,nv,HAM_0007348
1,0.22844459116458893,0,ham10000,ISIC_0026178,akiec,HAM_0007349
0,0.16506549715995789,0,ham10000,ISIC_0030892,nv,HAM_0007350
0,0.18559624254703522,0,ham10000,ISIC_0032183,nv,HAM_0007351
0,0.21031257510185242,0,ham10000,ISIC_0029739,nv,HAM_0007352
0,0.18029510974884033,0,ham10000,ISIC_0025207,nv,HAM_0007353
1,0.12691856920719147,0,ham10000,ISIC_0027719,akiec,HAM_0007354
0,0.18453173339366913,0,ham10000,ISIC_0024705,bkl,HAM_0007355
0,0.4805241525173187,1,ham10000,ISIC_0025335,nv,HAM_0007356
0,0.3828147053718567,1,ham10000,ISIC_0031265,nv,HAM_0007357
0,0.3312431871891022,1,ham10000,ISIC_0028030,nv,HAM_0007358
0,0.2900010347366333,1,ham10000,ISIC_0027354,bkl,HAM_0007359
0,0.36983349919319153,1,ham10000,ISIC_0027773,nv,HAM_0007360
0,0.17465311288833618,0,ham10000,ISIC_0026058,nv,HAM_0007361
0,0.3157459497451782,1,ham10000,ISIC_0030373,nv,HAM_0007362
0,0.2699596881866455,1,ham10000,ISIC_0028013,nv,HAM_0007363
1,0.3671758472919464,1,ham10000,ISIC_0029917,bcc,HAM_0007364
0,0.2764753997325897,1,ham10000,ISIC_0028798,nv,HAM_0007365
0,0.3645336329936981,1,ham10000,ISIC_0032062,nv,HAM_0007366
0,0.18929660320281982,0,ham10000,ISIC_0032689,nv,HAM_0007367
1,0.25337666273117065,1,ham10000,ISIC_0032017,mel,HAM_0007368
0,0.4199207127094269,1,ham10000,ISIC_0024593,nv,HAM_0007369
0,0.18946444988250732,0,ham10000,ISIC_0026002,nv,HAM_0007371
0,0.10638381540775299,0,ham10000,ISIC_0030283,vasc,HAM_0007372
0,0.5876205563545227,1,ham10000,ISIC_0024723,nv,HAM_0007373
0,0.20237323641777039,0,ham10000,ISIC_0025730,nv,HAM_0007374
0,0.19952625036239624,0,ham10000,ISIC_0027233,nv,HAM_0007375
0,0.18093828856945038,0,ham10000,ISIC_0032616,nv,HAM_0007376
0,0.3398430347442627,1,ham10000,ISIC_0029695,nv,HAM_0007377
0,0.15355101227760315,0,ham10000,ISIC_0025692,nv,HAM_0007378
0,0.2227148413658142,0,ham10000,ISIC_0029155,nv,HAM_0007379
0,0.19140145182609558,0,ham10000,ISIC_0029324,nv,HAM_0007380
0,0.27677154541015625,1,ham10000,ISIC_0027083,bkl,HAM_0007381
0,0.2116098701953888,0,ham10000,ISIC_0030030,nv,HAM_0007382
0,0.3218764662742615,1,ham10000,ISIC_0026812,nv,HAM_0007383
0,0.48574578762054443,1,ham10000,ISIC_0032725,bkl,HAM_0007384
0,0.30042120814323425,1,ham10000,ISIC_0025043,nv,HAM_0007385
0,0.16147075593471527,0,ham10000,ISIC_0024568,nv,HAM_0007386
0,0.19175304472446442,0,ham10000,ISIC_0027119,nv,HAM_0007387
0,0.26077160239219666,1,ham10000,ISIC_0031693,nv,HAM_0007388
0,0.3127416968345642,1,ham10000,ISIC_0029090,nv,HAM_0007389
1,0.32922282814979553,1,ham10000,ISIC_0027043,mel,HAM_0007390
0,0.2834215760231018,1,ham10000,ISIC_0031926,nv,HAM_0007391
0,0.3003299832344055,1,ham10000,ISIC_0024905,nv,HAM_0007392
0,0.20359860360622406,0,ham10000,ISIC_0024850,bkl,HAM_0007393
0,0.14827579259872437,0,ham10000,ISIC_0030864,nv,HAM_0007394
0,0.33341604471206665,1,ham10000,ISIC_0031133,bkl,HAM_0007395
0,0.19063159823417664,0,ham10000,ISIC_0033554,df,HAM_0007396
0,0.3141290843486786,1,ham10000,ISIC_0027393,nv,HAM_0007397
0,0.4733511507511139,1,ham10000,ISIC_0027445,nv,HAM_0007399
0,0.1185443252325058,0,ham10000,ISIC_0027329,nv,HAM_0007400
0,0.2911713719367981,1,ham10000,ISIC_0031849,nv,HAM_0007401
0,0.7529665231704712,1,ham10000,ISIC_0033079,bkl,HAM_0007402
0,0.3604234457015991,1,ham10000,ISIC_0025440,nv,HAM_0007403
0,0.19098380208015442,0,ham10000,ISIC_0030295,nv,HAM_0007404
0,0.2577131390571594,1,ham10000,ISIC_0027694,nv,HAM_0007405
0,0.17149335145950317,0,ham10000,ISIC_0028253,nv,HAM_0007406
0,0.33594098687171936,1,ham10000,ISIC_0026161,nv,HAM_0007407
0,0.3839172124862671,1,ham10000,ISIC_0028377,nv,HAM_0007408
0,0.10333328694105148,0,ham10000,ISIC_0025076,bkl,HAM_0007409
0,0.4274614751338959,1,ham10000,ISIC_0029962,df,HAM_0007410
0,0.3761976957321167,1,ham10000,ISIC_0028444,nv,HAM_0007411
0,0.2360049933195114,1,ham10000,ISIC_0031949,nv,HAM_0007412
0,0.44655391573905945,1,ham10000,ISIC_0027984,nv,HAM_0007413
0,0.4018819034099579,1,ham10000,ISIC_0026434,nv,HAM_0007414
0,0.25094708800315857,1,ham10000,ISIC_0032515,nv,HAM_0007415
0,0.33307769894599915,1,ham10000,ISIC_0025281,nv,HAM_0007416
0,0.2587738037109375,1,ham10000,ISIC_0026801,nv,HAM_0007417
0,0.2589091360569,1,ham10000,ISIC_0026313,df,HAM_0007418
0,0.391323983669281,1,ham10000,ISIC_0029543,nv,HAM_0007419
1,0.21283826231956482,0,ham10000,ISIC_0031890,mel,HAM_0007420
0,0.36008161306381226,1,ham10000,ISIC_0025302,df,HAM_0007421
0,0.35463088750839233,1,ham10000,ISIC_0024862,nv,HAM_0007422
0,0.3397972285747528,1,ham10000,ISIC_0025582,nv,HAM_0007423
0,0.33569440245628357,1,ham10000,ISIC_0030560,nv,HAM_0007424
0,0.08908440917730331,0,ham10000,ISIC_0025823,nv,HAM_0007425
0,0.1674262136220932,0,ham10000,ISIC_0027034,nv,HAM_0007426
0,0.2016981840133667,0,ham10000,ISIC_0033491,bkl,HAM_0007427
1,0.4025791585445404,1,ham10000,ISIC_0028106,bcc,HAM_0007428
0,0.25750115513801575,1,ham10000,ISIC_0024447,nv,HAM_0007429
0,0.3477843999862671,1,ham10000,ISIC_0029088,nv,HAM_0007430
0,0.4127354621887207,1,ham10000,ISIC_0031620,bkl,HAM_0007431
0,0.4492643475532532,1,ham10000,ISIC_0025067,nv,HAM_0007432
0,0.16784773766994476,0,ham10000,ISIC_0033077,nv,HAM_0007433
0,0.3839559555053711,1,ham10000,ISIC_0024816,nv,HAM_0007434
0,0.24362780153751373,1,ham10000,ISIC_0030359,nv,HAM_0007435
0,0.3800336718559265,1,ham10000,ISIC_0026878,nv,HAM_0007436
0,0.22144873440265656,0,ham10000,ISIC_0024745,nv,HAM_0007437
0,0.2141624093055725,0,ham10000,ISIC_0028203,nv,HAM_0007438
0,0.4187108874320984,1,ham10000,ISIC_0024890,bkl,HAM_0007439
0,0.3396187722682953,1,ham10000,ISIC_0029882,nv,HAM_0007440
0,0.13467161357402802,0,ham10000,ISIC_0024548,nv,HAM_0007441
0,0.3849548399448395,1,ham10000,ISIC_0032067,nv,HAM_0007442
0,0.28253409266471863,1,ham10000,ISIC_0031206,nv,HAM_0007443
0,0.2213665097951889,0,ham10000,ISIC_0032977,nv,HAM_0007444
0,0.3017878532409668,1,ham10000,ISIC_0024734,nv,HAM_0007445
1,0.25399959087371826,1,ham10000,ISIC_0028457,bcc,HAM_0007446
0,0.32640066742897034,1,ham10000,ISIC_0030489,nv,HAM_0007447
0,0.3518824279308319,1,ham10000,ISIC_0032294,nv,HAM_0007448
0,0.3117017447948456,1,ham10000,ISIC_0025912,nv,HAM_0007449
0,0.27920231223106384,1,ham10000,ISIC_0027340,nv,HAM_0007450
0,0.24871818721294403,1,ham10000,ISIC_0032527,nv,HAM_0007451
0,0.3614780604839325,1,ham10000,ISIC_0024811,nv,HAM_0007452
0,0.3050776720046997,1,ham10000,ISIC_0024510,nv,HAM_0007453
1,0.46137750148773193,1,ham10000,ISIC_0032214,mel,HAM_0007454
0,0.15902020037174225,0,ham10000,ISIC_0027441,nv,HAM_0007455
0,0.270868182182312,1,ham10000,ISIC_0028167,nv,HAM_0007456
0,0.30241894721984863,1,ham10000,ISIC_0029813,nv,HAM_0007457
0,0.2467598170042038,1,ham10000,ISIC_0030266,nv,HAM_0007458
0,0.16760866343975067,0,ham10000,ISIC_0029886,nv,HAM_0007459
0,0.13766472041606903,0,ham10000,ISIC_0032578,nv,HAM_0007460
0,0.36094751954078674,1,ham10000,ISIC_0025717,nv,HAM_0007461
0,0.3610488474369049,1,ham10000,ISIC_0032633,nv,HAM_0007462
0,0.2707056999206543,1,ham10000,ISIC_0028371,nv,HAM_0007464
0,0.19277888536453247,0,ham10000,ISIC_0031392,nv,HAM_0007465
0,0.19484446942806244,0,ham10000,ISIC_0031355,nv,HAM_0007466
0,0.23059353232383728,0,ham10000,ISIC_0029085,nv,HAM_0007467
0,0.22013022005558014,0,ham10000,ISIC_0024831,nv,HAM_0007468
0,0.32600414752960205,1,ham10000,ISIC_0030049,nv,HAM_0007469
1,0.5591317415237427,1,ham10000,ISIC_0032536,bcc,HAM_0007471
0,0.20164228975772858,0,ham10000,ISIC_0027274,nv,HAM_0007472
0,0.17274083197116852,0,ham10000,ISIC_0025858,nv,HAM_0007473
1,0.3562738597393036,1,ham10000,ISIC_0024848,bcc,HAM_0007474
0,0.19164720177650452,0,ham10000,ISIC_0033408,nv,HAM_0007475
0,0.2847926616668701,1,ham10000,ISIC_0025108,nv,HAM_0007476
0,0.2456788718700409,1,ham10000,ISIC_0025950,nv,HAM_0007477
0,0.18210674822330475,0,ham10000,ISIC_0033040,nv,HAM_0007478
0,0.3480820655822754,1,ham10000,ISIC_0024406,nv,HAM_0007480
0,0.40814486145973206,1,ham10000,ISIC_0026837,nv,HAM_0007481
0,0.29791784286499023,1,ham10000,ISIC_0030004,nv,HAM_0007482
0,0.1922767162322998,0,ham10000,ISIC_0032628,nv,HAM_0007483
0,0.38027727603912354,1,ham10000,ISIC_0030710,nv,HAM_0007484
0,0.2641228139400482,1,ham10000,ISIC_0032438,nv,HAM_0007485
0,0.5046248435974121,1,ham10000,ISIC_0031500,nv,HAM_0007486
0,0.3515011966228485,1,ham10000,ISIC_0030097,nv,HAM_0007487
1,0.3659045696258545,1,ham10000,ISIC_0024952,mel,HAM_0007488
0,0.19600403308868408,0,ham10000,ISIC_0028011,nv,HAM_0007489
0,0.3028947114944458,1,ham10000,ISIC_0025968,nv,HAM_0007490
0,0.1551380306482315,0,ham10000,ISIC_0029183,nv,HAM_0007491
0,0.3593197464942932,1,ham10000,ISIC_0032193,nv,HAM_0007492
0,0.2590664029121399,1,ham10000,ISIC_0030931,nv,HAM_0007493
0,0.19523487985134125,0,ham10000,ISIC_0033136,nv,HAM_0007494
0,0.10594494640827179,0,ham10000,ISIC_0027491,nv,HAM_0007495
0,0.3494180142879486,1,ham10000,ISIC_0028083,nv,HAM_0007496
1,0.1223105862736702,0,ham10000,ISIC_0026829,bcc,HAM_0007497
1,0.36249613761901855,1,ham10000,ISIC_0025546,mel,HAM_0007498
0,0.24976222217082977,1,ham10000,ISIC_0025981,nv,HAM_0007499
0,0.23101003468036652,0,ham10000,ISIC_0027435,bkl,HAM_0007500
0,0.26296377182006836,1,ham10000,ISIC_0030780,nv,HAM_0007501
1,0.4130237400531769,1,ham10000,ISIC_0030754,mel,HAM_0007502
0,0.15369492769241333,0,ham10000,ISIC_0026109,nv,HAM_0007503
0,0.4322459399700165,1,ham10000,ISIC_0026359,nv,HAM_0007504
0,0.12696489691734314,0,ham10000,ISIC_0027061,nv,HAM_0007505
0,0.27489277720451355,1,ham10000,ISIC_0029403,nv,HAM_0007506
1,0.4450519382953644,1,ham10000,ISIC_0031056,bcc,HAM_0007507
0,0.24361272156238556,1,ham10000,ISIC_0025763,nv,HAM_0007508
0,0.12434142827987671,0,ham10000,ISIC_0027542,nv,HAM_0007509
0,0.11732804775238037,0,ham10000,ISIC_0025587,nv,HAM_0007510
1,0.39923328161239624,1,ham10000,ISIC_0024333,mel,HAM_0007511
0,0.1476268619298935,0,ham10000,ISIC_0028546,nv,HAM_0007512
0,0.3029770255088806,1,ham10000,ISIC_0024676,bkl,HAM_0007513
0,0.2124873548746109,0,ham10000,ISIC_0028118,nv,HAM_0007514
0,0.24309282004833221,1,ham10000,ISIC_0025333,nv,HAM_0007515
0,0.20698212087154388,0,ham10000,ISIC_0024441,nv,HAM_0007516
0,0.24462933838367462,1,ham10000,ISIC_0032172,nv,HAM_0007517
0,0.30667993426322937,1,ham10000,ISIC_0031015,nv,HAM_0007518
0,0.20091313123703003,0,ham10000,ISIC_0032865,nv,HAM_0007519
0,0.3214470148086548,1,ham10000,ISIC_0029595,nv,HAM_0007520
0,0.37169408798217773,1,ham10000,ISIC_0032156,bkl,HAM_0007521
1,0.32501929998397827,1,ham10000,ISIC_0027904,mel,HAM_0007522
0,0.28965476155281067,1,ham10000,ISIC_0026461,nv,HAM_0007523
0,0.327364981174469,1,ham10000,ISIC_0027994,nv,HAM_0007525
0,0.478194922208786,1,ham10000,ISIC_0030244,df,HAM_0007526
0,0.3731153607368469,1,ham10000,ISIC_0032426,nv,HAM_0007527
0,0.5168184638023376,1,ham10000,ISIC_0027003,nv,HAM_0007528
0,0.14146742224693298,0,ham10000,ISIC_0026607,bkl,HAM_0007529
1,0.19013501703739166,0,ham10000,ISIC_0024410,mel,HAM_0007530
0,0.11681513488292694,0,ham10000,ISIC_0030837,nv,HAM_0007531
0,0.43185895681381226,1,ham10000,ISIC_0024662,vasc,HAM_0007532
0,0.09244529157876968,0,ham10000,ISIC_0033463,nv,HAM_0007533
1,0.23161698877811432,0,ham10000,ISIC_0024829,bcc,HAM_0007535
0,0.27779653668403625,1,ham10000,ISIC_0025445,nv,HAM_0007536
0,0.19905728101730347,0,ham10000,ISIC_0025420,nv,HAM_0007537
1,0.31775736808776855,1,ham10000,ISIC_0024315,mel,HAM_0007538
0,0.160660058259964,0,ham10000,ISIC_0026875,nv,HAM_0007539
0,0.39345017075538635,1,ham10000,ISIC_0032118,nv,HAM_0007540
0,0.4055734872817993,1,ham10000,ISIC_0032540,nv,HAM_0007541
0,0.2841808497905731,1,ham10000,ISIC_0024519,nv,HAM_0007543
0,0.17786173522472382,0,ham10000,ISIC_0031390,nv,HAM_0007544
0,0.17934902012348175,0,ham10000,ISIC_0027129,nv,HAM_0007545
0,0.23325668275356293,1,ham10000,ISIC_0025429,nv,HAM_0007547
0,0.19237323105335236,0,ham10000,ISIC_0026633,nv,HAM_0007548
0,0.35893571376800537,1,ham10000,ISIC_0025216,nv,HAM_0007549
1,0.5030436515808105,1,ham10000,ISIC_0026528,bcc,HAM_0007550
0,0.4024926722049713,1,ham10000,ISIC_0032016,nv,HAM_0007551
0,0.46010950207710266,1,ham10000,ISIC_0032731,nv,HAM_0007552
0,0.5027720928192139,1,ham10000,ISIC_0031676,nv,HAM_0007553
0,0.32679563760757446,1,ham10000,ISIC_0028193,nv,HAM_0007554
1,0.42625007033348083,1,ham10000,ISIC_0030602,akiec,HAM_0007555
0,0.2007644921541214,0,ham10000,ISIC_0028893,nv,HAM_0007556
1,0.17759044468402863,0,ham10000,ISIC_0030964,bcc,HAM_0007557
1,0.3526778519153595,1,ham10000,ISIC_0028410,mel,HAM_0007558
0,0.12458788603544235,0,ham10000,ISIC_0028603,nv,HAM_0007559
1,0.4363701641559601,1,ham10000,ISIC_0024987,mel,HAM_0007560
0,0.2650197446346283,1,ham10000,ISIC_0031458,nv,HAM_0007561
0,0.2955687940120697,1,ham10000,ISIC_0033671,nv,HAM_0007562
0,0.28124091029167175,1,ham10000,ISIC_0025075,bkl,HAM_0007563
0,0.3397301137447357,1,ham10000,ISIC_0028119,nv,HAM_0007564
0,0.3270730972290039,1,ham10000,ISIC_0028241,nv,HAM_0007565
0,0.34330618381500244,1,ham10000,ISIC_0028834,nv,HAM_0007566
0,0.3654229938983917,1,ham10000,ISIC_0031588,nv,HAM_0007567
0,0.2606501579284668,1,ham10000,ISIC_0024867,vasc,HAM_0007568
0,0.29029005765914917,1,ham10000,ISIC_0025373,df,HAM_0007569
1,0.23934337496757507,1,ham10000,ISIC_0026430,mel,HAM_0007570
0,0.46463456749916077,1,ham10000,ISIC_0029836,bkl,HAM_0007571
0,0.34460291266441345,1,ham10000,ISIC_0029420,bkl,HAM_0007573
1,0.31290021538734436,1,ham10000,ISIC_0033238,mel,HAM_0007574
0,0.38913315534591675,1,ham10000,ISIC_0027115,nv,HAM_0007576
0,0.39160796999931335,1,ham10000,ISIC_0030305,nv,HAM_0007577
0,0.2991860806941986,1,ham10000,ISIC_0030867,nv,HAM_0007578
0,0.358652800321579,1,ham10000,ISIC_0027571,nv,HAM_0007579
0,0.42837271094322205,1,ham10000,ISIC_0027877,nv,HAM_0007580
0,0.25627994537353516,1,ham10000,ISIC_0027092,nv,HAM_0007582
1,0.3656901717185974,1,ham10000,ISIC_0033081,mel,HAM_0007583
0,0.3881501853466034,1,ham10000,ISIC_0025139,nv,HAM_0007584
0,0.3765162229537964,1,ham10000,ISIC_0032347,nv,HAM_0007585
1,0.437799870967865,1,ham10000,ISIC_0029819,mel,HAM_0007586
0,0.10301964730024338,0,ham10000,ISIC_0029762,nv,HAM_0007587
1,0.15050674974918365,0,ham10000,ISIC_0030230,bcc,HAM_0007588
1,0.32177355885505676,1,ham10000,ISIC_0034049,mel,HAM_0007589
0,0.11585947871208191,0,ham10000,ISIC_0028615,bkl,HAM_0007590
0,0.3984640836715698,1,ham10000,ISIC_0025351,bkl,HAM_0007591
1,0.2515324056148529,1,ham10000,ISIC_0027149,mel,HAM_0007592
0,0.20236216485500336,0,ham10000,ISIC_0031854,nv,HAM_0007593
0,0.11636367440223694,0,ham10000,ISIC_0028772,nv,HAM_0007594
0,0.3660763204097748,1,ham10000,ISIC_0025288,nv,HAM_0007595
0,0.45608246326446533,1,ham10000,ISIC_0032764,nv,HAM_0007596
0,0.2531278729438782,1,ham10000,ISIC_0028274,nv,HAM_0007597
0,0.49945080280303955,1,ham10000,ISIC_0026514,bkl,HAM_0007598
0,0.2877972722053528,1,ham10000,ISIC_0029255,nv,HAM_0007599
0,0.2332725077867508,1,ham10000,ISIC_0025375,nv,HAM_0007600
1,0.3824543356895447,1,ham10000,ISIC_0027447,akiec,HAM_0007601
0,0.36541879177093506,1,ham10000,ISIC_0031262,nv,HAM_0007602
0,0.3225233256816864,1,ham10000,ISIC_0029139,bkl,HAM_0007603
0,0.4012070894241333,1,ham10000,ISIC_0027027,bkl,HAM_0007604
0,0.3011507987976074,1,ham10000,ISIC_0024699,nv,HAM_0007605
0,0.24356131255626678,1,ham10000,ISIC_0025870,nv,HAM_0007606
0,0.3798510730266571,1,ham10000,ISIC_0025883,bkl,HAM_0007607
0,0.19460318982601166,0,ham10000,ISIC_0028609,nv,HAM_0007608
0,0.3900381326675415,1,ham10000,ISIC_0026326,nv,HAM_0007609
0,0.22852276265621185,0,ham10000,ISIC_0030855,nv,HAM_0007610
1,0.28798985481262207,1,ham10000,ISIC_0032314,bcc,HAM_0007611
0,0.0790974423289299,0,ham10000,ISIC_0025688,nv,HAM_0007612
0,0.2360062450170517,1,ham10000,ISIC_0024912,nv,HAM_0007613
0,0.6676083207130432,1,ham10000,ISIC_0027672,vasc,HAM_0007614
0,0.18551616370677948,0,ham10000,ISIC_0027417,nv,HAM_0007615
0,0.18825173377990723,0,ham10000,ISIC_0027373,nv,HAM_0007616
1,0.8231049180030823,1,ham10000,ISIC_0024875,mel,HAM_0007617
0,0.3505997955799103,1,ham10000,ISIC_0030293,nv,HAM_0007618
0,0.3488590717315674,1,ham10000,ISIC_0026948,nv,HAM_0007619
1,0.5373691320419312,1,ham10000,ISIC_0027616,mel,HAM_0007620
0,0.5059074759483337,1,ham10000,ISIC_0024626,bkl,HAM_0007621
1,0.31237298250198364,1,ham10000,ISIC_0027562,akiec,HAM_0007622
1,0.5302979350090027,1,ham10000,ISIC_0025264,akiec,HAM_0007623
0,0.3522326350212097,1,ham10000,ISIC_0026322,nv,HAM_0007624
0,0.5526580214500427,1,ham10000,ISIC_0033378,bkl,HAM_0007625
0,0.3781067728996277,1,ham10000,ISIC_0031300,nv,HAM_0007626
1,0.19173172116279602,0,ham10000,ISIC_0026118,bcc,HAM_0007627
0,0.10704926401376724,0,ham10000,ISIC_0027059,nv,HAM_0007628
