y_true,y_prob,y_pred,source,image_id,dx,lesion_id
0,0.7276365756988525,1,ham10000,ISIC_0025346,nv,HAM_0000000
0,0.28386127948760986,1,ham10000,ISIC_0027859,bkl,HAM_0000001
1,0.2076108157634735,1,ham10000,ISIC_0032622,mel,HAM_0000002
0,0.22604617476463318,1,ham10000,ISIC_0027886,nv,HAM_0000003
0,0.13787192106246948,0,ham10000,ISIC_0024645,nv,HAM_0000004
1,0.585589587688446,1,ham10000,ISIC_0024579,akiec,HAM_0000005
1,0.5966073870658875,1,ham10000,ISIC_0032187,mel,HAM_0000006
0,0.14692196249961853,1,ham10000,ISIC_0033879,nv,HAM_0000007
0,0.15335234999656677,1,ham10000,ISIC_0029868,nv,HAM_0000008
1,0.45279213786125183,1,ham10000,ISIC_0026439,bcc,HAM_0000009
0,0.08246540278196335,0,ham10000,ISIC_0027730,nv,HAM_0000010
0,0.042174603790044785,0,ham10000,ISIC_0024678,nv,HAM_0000011
0,0.031650617718696594,0,ham10000,ISIC_0029348,nv,HAM_0000012
0,0.22612100839614868,1,ham10000,ISIC_0024655,nv,HAM_0000013
0,0.04038285091519356,0,ham10000,ISIC_0025640,nv,HAM_0000014
0,0.1886989176273346,1,ham10000,ISIC_0031453,nv,HAM_0000015
0,0.08393409103155136,0,ham10000,ISIC_0029142,nv,HAM_0000016
0,0.137309268116951,0,ham10000,ISIC_0025894,nv,HAM_0000017
0,0.17197993397712708,1,ham10000,ISIC_0032122,nv,HAM_0000018
0,0.141161248087883,1,ham10000,ISIC_0025396,nv,HAM_0000019
1,0.2081194669008255,1,ham10000,ISIC_0031922,akiec,HAM_0000020
0,0.12862469255924225,0,ham10000,ISIC_0026773,nv,HAM_0000021
1,0.2320185899734497,1,ham10000,ISIC_0031377,mel,HAM_0000022
0,0.09378156065940857,0,ham10000,ISIC_0026144,nv,HAM_0000023
0,0.505721926689148,1,ham10000,ISIC_0027141,df,HAM_0000024
0,0.8538188338279724,1,ham10000,ISIC_0024349,nv,HAM_0000025
0,0.06377680599689484,0,ham10000,ISIC_0029325,nv,HAM_0000026
0,0.09314285218715668,0,ham10000,ISIC_0030509,nv,HAM_0000027
0,0.06004631146788597,0,ham10000,ISIC_0026012,nv,HAM_0000028
0,0.02663346379995346,0,ham10000,ISIC_0026815,nv,HAM_0000029
0,0.2289792150259018,1,ham10000,ISIC_0031383,nv,HAM_0000030
0,0.11912252008914948,0,ham10000,ISIC_0028177,nv,HAM_0000031
0,0.29858753085136414,1,ham10000,ISIC_0032291,nv,HAM_0000032
0,0.09532575309276581,0,ham10000,ISIC_0031861,nv,HAM_0000033
0,0.5475236177444458,1,ham10000,ISIC_0032411,nv,HAM_0000034
0,0.035057902336120605,0,ham10000,ISIC_0028039,nv,HAM_0000035
0,0.15956731140613556,1,ham10000,ISIC_0024812,nv,HAM_0000036
0,0.1583554893732071,1,ham10000,ISIC_0027391,nv,HAM_0000037
0,0.10981766879558563,0,ham10000,ISIC_0026057,nv,HAM_0000038
0,0.1162836030125618,0,ham10000,ISIC_0026103,nv,HAM_0000039
1,0.5282215476036072,1,ham10000,ISIC_0027190,mel,HAM_0000040
0,0.22902816534042358,1,ham10000,ISIC_0032211,nv,HAM_0000041
1,0.5350431799888611,1,ham10000,ISIC_0033905,mel,HAM_0000042
0,0.3139265775680542,1,ham10000,ISIC_0030152,nv,HAM_0000043
0,0.13456889986991882,0,ham10000,ISIC_0024798,nv,HAM_0000044
0,0.2656824290752411,1,ham10000,ISIC_0032126,nv,HAM_0000045
0,0.11302172392606735,0,ham10000,ISIC_0024631,nv,HAM_0000046
0,0.258378267288208,1,ham10000,ISIC_0027810,nv,HAM_0000047
1,0.717154860496521,1,ham10000,ISIC_0032774,mel,HAM_0000048
0,0.4599098265171051,1,ham10000,ISIC_0029130,df,HAM_0000049
0,0.3188140094280243,1,ham10000,ISIC_0030095,bkl,HAM_0000050
0,0.5222103595733643,1,ham10000,ISIC_0026342,nv,HAM_0000051
0,0.10881756991147995,0,ham10000,ISIC_0029890,nv,HAM_0000052
0,0.26065558195114136,1,ham10000,ISIC_0030376,nv,HAM_0000053
0,0.6796269416809082,1,ham10000,ISIC_0025795,nv,HAM_0000054
1,0.13863638043403625,0,ham10000,ISIC_0033546,mel,HAM_0000055
0,0.18829762935638428,1,ham10000,ISIC_0025725,nv,HAM_0000056
0,0.13322749733924866,0,ham10000,ISIC_0025122,nv,HAM_0000057
0,0.08853030949831009,0,ham10000,ISIC_0030302,nv,HAM_0000058
1,0.1389780044555664,0,ham10000,ISIC_0027033,mel,HAM_0000059
1,0.1437932252883911,1,ham10000,ISIC_0031406,mel,HAM_0000060
0,0.1211165115237236,0,ham10000,ISIC_0028417,nv,HAM_0000061
1,0.1954701691865921,1,ham10000,ISIC_0028878,mel,HAM_0000062
0,0.1266746073961258,0,ham10000,ISIC_0031306,nv,HAM_0000063
1,0.10933753103017807,0,ham10000,ISIC_0032603,mel,HAM_0000064
1,0.09431638568639755,0,ham10000,ISIC_0025691,bcc,HAM_0000065
0,0.49223074316978455,1,ham10000,ISIC_0025014,nv,HAM_0000066
0,0.3312474191188812,1,ham10000,ISIC_0034017,nv,HAM_0000067
0,0.11712224036455154,0,ham10000,ISIC_0029045,nv,HAM_0000068
0,0.4164268374443054,1,ham10000,ISIC_0030226,bkl,HAM_0000069
0,0.35630518198013306,1,ham10000,ISIC_0027933,nv,HAM_0000070
0,0.1023809164762497,0,ham10000,ISIC_0029299,nv,HAM_0000071
0,0.5562441349029541,1,ham10000,ISIC_0028461,nv,HAM_0000072
0,0.2376103401184082,1,ham10000,ISIC_0029470,nv,HAM_0000073
0,0.09282856434583664,0,ham10000,ISIC_0024939,nv,HAM_0000074
1,0.795663595199585,1,ham10000,ISIC_0025651,mel,HAM_0000075
0,0.15460167825222015,1,ham10000,ISIC_0028605,nv,HAM_0000076
0,0.05711594596505165,0,ham10000,ISIC_0030851,nv,HAM_0000077
0,0.21607288718223572,1,ham10000,ISIC_0030853,nv,HAM_0000078
1,0.337261825799942,1,ham10000,ISIC_0033424,mel,HAM_0000079
0,0.4303264319896698,1,ham10000,ISIC_0033528,bkl,HAM_0000080
0,0.1922469437122345,1,ham10000,ISIC_0028072,nv,HAM_0000081
1,0.6587188243865967,1,ham10000,ISIC_0031698,bcc,HAM_0000082
0,0.2532398998737335,1,ham10000,ISIC_0028622,bkl,HAM_0000083
0,0.19521072506904602,1,ham10000,ISIC_0028036,nv,HAM_0000084
0,0.1454201191663742,1,ham10000,ISIC_0028421,nv,HAM_0000085
0,0.3503006100654602,1,ham10000,ISIC_0028081,nv,HAM_0000086
0,0.5999211072921753,1,ham10000,ISIC_0033709,bkl,HAM_0000087
0,0.2557107210159302,1,ham10000,ISIC_0027131,nv,HAM_0000088
0,0.477899432182312,1,ham10000,ISIC_0026783,bkl,HAM_0000089
0,0.21716129779815674,1,ham10000,ISIC_0032330,bkl,HAM_0000090
0,0.37330079078674316,1,ham10000,ISIC_0025737,nv,HAM_0000091
1,0.48793864250183105,1,ham10000,ISIC_0028964,bcc,HAM_0000092
0,0.2291400134563446,1,ham10000,ISIC_0030845,nv,HAM_0000093
0,0.15566030144691467,1,ham10000,ISIC_0026233,nv,HAM_0000094
1,0.2619538903236389,1,ham10000,ISIC_0033186,mel,HAM_0000095
0,0.15063641965389252,1,ham10000,ISIC_0029071,nv,HAM_0000096
1,0.01312458049505949,0,ham10000,ISIC_0033103,mel,HAM_0000097
0,0.24727022647857666,1,ham10000,ISIC_0029716,nv,HAM_0000098
1,0.11095544695854187,0,ham10000,ISIC_0027769,mel,HAM_0000099
0,0.29960036277770996,1,ham10000,ISIC_0024914,nv,HAM_0000100
0,0.18982075154781342,1,ham10000,ISIC_0032100,nv,HAM_0000101
0,0.17980636656284332,1,ham10000,ISIC_0031547,nv,HAM_0000102
0,0.06694770604372025,0,ham10000,ISIC_0032041,nv,HAM_0000103
0,0.24473519623279572,1,ham10000,ISIC_0031913,nv,HAM_0000104
0,0.30406442284584045,1,ham10000,ISIC_0031362,bkl,HAM_0000105
0,0.19990357756614685,1,ham10000,ISIC_0024770,bkl,HAM_0000106
1,0.47425493597984314,1,ham10000,ISIC_0033299,mel,HAM_0000107
0,0.2609878480434418,1,ham10000,ISIC_0027630,nv,HAM_0000108
0,0.2192106544971466,1,ham10000,ISIC_0031065,vasc,HAM_0000109
0,0.3008742928504944,1,ham10000,ISIC_0025703,bkl,HAM_0000110
0,0.262047678232193,1,ham10000,ISIC_0024742,nv,HAM_0000111
0,0.18568116426467896,1,ham10000,ISIC_0033465,bkl,HAM_0000112
0,0.21853266656398773,1,ham10000,ISIC_0027989,bkl,HAM_0000113
0,0.5107970237731934,1,ham10000,ISIC_0028607,bkl,HAM_0000114
0,0.178289994597435,1,ham10000,ISIC_0030745,nv,HAM_0000115
0,0.15866467356681824,1,ham10000,ISIC_0031688,nv,HAM_0000116
0,0.12541233003139496,0,ham10000,ISIC_0028005,nv,HAM_0000117
0,0.4669494032859802,1,ham10000,ISIC_0025030,bkl,HAM_0000118
1,0.8903912901878357,1,ham10000,ISIC_0033310,mel,HAM_0000119
0,0.07689770311117172,0,ham10000,ISIC_0030904,nv,HAM_0000120
0,0.12167201191186905,0,ham10000,ISIC_0027025,bkl,HAM_0000121
0,0.45323464274406433,1,ham10000,ISIC_0028354,bkl,HAM_0000122
0,0.12066322565078735,0,ham10000,ISIC_0032293,nv,HAM_0000123
0,0.25380051136016846,1,ham10000,ISIC_0025091,nv,HAM_0000124
1,0.5038712024688721,1,ham10000,ISIC_0027964,mel,HAM_0000125
0,0.25531959533691406,1,ham10000,ISIC_0025354,nv,HAM_0000126
0,0.08641336858272552,0,ham10000,ISIC_0031375,nv,HAM_0000127
0,0.24658255279064178,1,ham10000,ISIC_0024968,nv,HAM_0000128
0,0.08312883228063583,0,ham10000,ISIC_0027486,nv,HAM_0000129
0,0.08683536946773529,0,ham10000,ISIC_0025727,nv,HAM_0000130
0,0.3179773688316345,1,ham10000,ISIC_0030769,nv,HAM_0000131
0,0.4816102385520935,1,ham10000,ISIC_0032453,nv,HAM_0000132
1,0.49661970138549805,1,ham10000,ISIC_0028548,mel,HAM_0000133
0,0.1428869217634201,1,ham10000,ISIC_0029064,nv,HAM_0000134
0,0.361482173204422,1,ham10000,ISIC_0030362,nv,HAM_0000135
1,0.0969567745923996,0,ham10000,ISIC_0028065,mel,HAM_0000136
0,0.04350804537534714,0,ham10000,ISIC_0027460,nv,HAM_0000137
0,0.03934989869594574,0,ham10000,ISIC_0028780,nv,HAM_0000138
0,0.4361342489719391,1,ham10000,ISIC_0027909,nv,HAM_0000139
0,0.4849524199962616,1,ham10000,ISIC_0030074,nv,HAM_0000140
0,0.07153119146823883,0,ham10000,ISIC_0030477,nv,HAM_0000141
0,0.060054097324609756,0,ham10000,ISIC_0028501,nv,HAM_0000142
0,0.5470682382583618,1,ham10000,ISIC_0027751,nv,HAM_0000143
0,0.08241961151361465,0,ham10000,ISIC_0027558,nv,HAM_0000144
0,0.5244380831718445,1,ham10000,ISIC_0026807,nv,HAM_0000145
0,0.6381335854530334,1,ham10000,ISIC_0027667,nv,HAM_0000146
0,0.06577078253030777,0,ham10000,ISIC_0024993,nv,HAM_0000147
0,0.08164326846599579,0,ham10000,ISIC_0028768,nv,HAM_0000148
0,0.5088719129562378,1,ham10000,ISIC_0025113,bkl,HAM_0000149
0,0.16453659534454346,1,ham10000,ISIC_0024343,nv,HAM_0000150
0,0.08251635730266571,0,ham10000,ISIC_0029350,nv,HAM_0000151
1,0.5242854952812195,1,ham10000,ISIC_0032244,mel,HAM_0000152
1,0.378265380859375,1,ham10000,ISIC_0031007,bcc,HAM_0000153
0,0.12238825857639313,0,ham10000,ISIC_0025930,nv,HAM_0000154
0,0.4326559901237488,1,ham10000,ISIC_0032390,nv,HAM_0000155
0,0.09150207787752151,0,ham10000,ISIC_0025643,nv,HAM_0000156
0,0.3576311767101288,1,ham10000,ISIC_0032392,nv,HAM_0000157
0,0.19300152361392975,1,ham10000,ISIC_0025082,nv,HAM_0000158
0,0.035498205572366714,0,ham10000,ISIC_0024540,nv,HAM_0000159
0,0.4391087591648102,1,ham10000,ISIC_0027611,nv,HAM_0000160
0,0.2284056395292282,1,ham10000,ISIC_0031820,nv,HAM_0000161
0,0.26215246319770813,1,ham10000,ISIC_0026609,nv,HAM_0000162
0,0.0016376550775021315,0,ham10000,ISIC_0025534,nv,HAM_0000163
0,0.3167574107646942,1,ham10000,ISIC_0026273,bkl,HAM_0000164
0,0.14414408802986145,1,ham10000,ISIC_0033833,nv,HAM_0000165
0,0.16393722593784332,1,ham10000,ISIC_0028954,nv,HAM_0000166
0,0.6865257024765015,1,ham10000,ISIC_0029431,nv,HAM_0000167
0,0.04229208081960678,0,ham10000,ISIC_0031353,nv,HAM_0000168
1,0.3258235454559326,1,ham10000,ISIC_0032960,mel,HAM_0000169
0,0.4145784080028534,1,ham10000,ISIC_0029918,nv,HAM_0000170
0,0.14547988772392273,1,ham10000,ISIC_0027660,nv,HAM_0000171
0,0.3087911903858185,1,ham10000,ISIC_0027182,nv,HAM_0000172
0,0.13733255863189697,0,ham10000,ISIC_0025026,nv,HAM_0000173
0,0.713733971118927,1,ham10000,ISIC_0031091,nv,HAM_0000174
0,0.09404169023036957,0,ham10000,ISIC_0028356,nv,HAM_0000175
1,0.8663935661315918,1,ham10000,ISIC_0032862,mel,HAM_0000176
0,0.28091076016426086,1,ham10000,ISIC_0025820,nv,HAM_0000177
0,0.7323059439659119,1,ham10000,ISIC_0031397,nv,HAM_0000178
1,0.7788679003715515,1,ham10000,ISIC_0032550,mel,HAM_0000179
0,0.17308677732944489,1,ham10000,ISIC_0029086,nv,HAM_0000180
0,0.17790363729000092,1,ham10000,ISIC_0033543,nv,HAM_0000181
0,0.005052794236689806,0,ham10000,ISIC_0025096,nv,HAM_0000182
0,0.29294008016586304,1,ham10000,ISIC_0027764,nv,HAM_0000183
0,0.08193130046129227,0,ham10000,ISIC_0027412,nv,HAM_0000184
0,0.24954378604888916,1,ham10000,ISIC_0027906,nv,HAM_0000185
0,0.29863619804382324,1,ham10000,ISIC_0029080,bkl,HAM_0000186
0,0.20928044617176056,1,ham10000,ISIC_0026260,nv,HAM_0000187
0,0.6900916695594788,1,ham10000,ISIC_0027020,nv,HAM_0000188
1,0.8220915198326111,1,ham10000,ISIC_0024504,bcc,HAM_0000189
0,0.24476875364780426,1,ham10000,ISIC_0031946,nv,HAM_0000190
0,0.2519967555999756,1,ham10000,ISIC_0030206,nv,HAM_0000191
0,0.20020392537117004,1,ham10000,ISIC_0025595,nv,HAM_0000192
1,0.09205834567546844,0,ham10000,ISIC_0027950,akiec,HAM_0000193
0,0.09253929555416107,0,ham10000,ISIC_0030456,nv,HAM_0000194
1,0.7502061128616333,1,ham10000,ISIC_0028495,bcc,HAM_0000195
0,0.11772912740707397,0,ham10000,ISIC_0032377,nv,HAM_0000196
0,0.23359115421772003,1,ham10000,ISIC_0024889,nv,HAM_0000197
0,0.566109836101532,1,ham10000,ISIC_0026923,bkl,HAM_0000198
0,0.19950392842292786,1,ham10000,ISIC_0026127,nv,HAM_0000199
0,0.4806312024593353,1,ham10000,ISIC_0028213,nv,HAM_0000200
1,0.44381821155548096,1,ham10000,ISIC_0031408,mel,HAM_0000201
0,0.09147288650274277,0,ham10000,ISIC_0027219,bkl,HAM_0000202
0,0.15406788885593414,1,ham10000,ISIC_0024738,nv,HAM_0000203
0,0.5366170406341553,1,ham10000,ISIC_0026825,nv,HAM_0000204
0,0.18593871593475342,1,ham10000,ISIC_0029471,nv,HAM_0000205
1,0.6579036116600037,1,ham10000,ISIC_0033431,mel,HAM_0000206
0,0.5229232907295227,1,ham10000,ISIC_0027451,bkl,HAM_0000207
0,0.257047563791275,1,ham10000,ISIC_0032681,bkl,HAM_0000208
0,0.17878621816635132,1,ham10000,ISIC_0024776,nv,HAM_0000209
1,0.6428711414337158,1,ham10000,ISIC_0024624,mel,HAM_0000210
0,0.5958502888679504,1,ham10000,ISIC_0029482,nv,HAM_0000211
1,0.28948265314102173,1,ham10000,ISIC_0028871,bcc,HAM_0000212
0,0.09568800032138824,0,ham10000,ISIC_0029167,nv,HAM_0000213
0,0.2609405219554901,1,ham10000,ISIC_0033364,nv,HAM_0000214
0,0.1794268637895584,1,ham10000,ISIC_0025484,bkl,HAM_0000215
0,0.02693725936114788,0,ham10000,ISIC_0033936,nv,HAM_0000216
0,0.14867722988128662,1,ham10000,ISIC_0029881,nv,HAM_0000217
0,0.15792924165725708,1,ham10000,ISIC_0025552,nv,HAM_0000218
0,0.09241705387830734,0,ham10000,ISIC_0030550,nv,HAM_0000219
1,0.2919151782989502,1,ham10000,ISIC_0030360,mel,HAM_0000220
0,0.07488536834716797,0,ham10000,ISIC_0026344,nv,HAM_0000221
0,0.6983650922775269,1,ham10000,ISIC_0027658,nv,HAM_0000222
0,0.1764671355485916,1,ham10000,ISIC_0027968,nv,HAM_0000223
0,0.08536268025636673,0,ham10000,ISIC_0024542,nv,HAM_0000224
0,0.12297798693180084,0,ham10000,ISIC_0029645,nv,HAM_0000225
0,0.15218724310398102,1,ham10000,ISIC_0024854,nv,HAM_0000226
0,0.187104269862175,1,ham10000,ISIC_0032201,nv,HAM_0000227
0,0.06483212858438492,0,ham10000,ISIC_0025146,nv,HAM_0000228
0,0.33456507325172424,1,ham10000,ISIC_0030086,nv,HAM_0000229
0,0.05589359253644943,0,ham10000,ISIC_0029720,nv,HAM_0000230
0,0.5095178484916687,1,ham10000,ISIC_0024608,nv,HAM_0000231
0,0.007264507468789816,0,ham10000,ISIC_0029950,nv,HAM_0000232
1,0.045237693935632706,0,ham10000,ISIC_0026314,mel,HAM_0000233
0,0.2197481244802475,1,ham10000,ISIC_0032431,nv,HAM_0000234
0,0.23961475491523743,1,ham10000,ISIC_0025910,nv,HAM_0000235
0,0.3846374750137329,1,ham10000,ISIC_0024592,bkl,HAM_0000236
0,0.524373471736908,1,ham10000,ISIC_0027893,bkl,HAM_0000237
0,0.2211340069770813,1,ham10000,ISIC_0024910,bkl,HAM_0000238
1,0.19415563344955444,1,ham10000,ISIC_0032854,akiec,HAM_0000239
0,0.2146027833223343,1,ham10000,ISIC_0028552,nv,HAM_0000240
1,0.32036030292510986,1,ham10000,ISIC_0030932,mel,HAM_0000241
0,0.3025655448436737,1,ham10000,ISIC_0028273,nv,HAM_0000242
0,0.2084033489227295,1,ham10000,ISIC_0024445,bkl,HAM_0000243
0,0.23373466730117798,1,ham10000,ISIC_0029057,nv,HAM_0000244
0,0.301421195268631,1,ham10000,ISIC_0027454,bkl,HAM_0000245
0,0.134789377450943,0,ham10000,ISIC_0027079,nv,HAM_0000246
1,0.49195948243141174,1,ham10000,ISIC_0025132,mel,HAM_0000247
0,0.24151800572872162,1,ham10000,ISIC_0024667,nv,HAM_0000248
0,0.061757832765579224,0,ham10000,ISIC_0027847,nv,HAM_0000249
0,0.11926961690187454,0,ham10000,ISIC_0026838,nv,HAM_0000250
0,0.1764395534992218,1,ham10000,ISIC_0025404,nv,HAM_0000251
0,0.419322669506073,1,ham10000,ISIC_0024953,nv,HAM_0000252
0,0.2422759234905243,1,ham10000,ISIC_0030012,nv,HAM_0000253
0,0.1510682851076126,1,ham10000,ISIC_0026939,nv,HAM_0000254
0,0.13303349912166595,0,ham10000,ISIC_0031786,nv,HAM_0000255
0,0.40433573722839355,1,ham10000,ISIC_0029347,nv,HAM_0000256
0,0.12558391690254211,0,ham10000,ISIC_0030531,nv,HAM_0000257
0,0.09192398190498352,0,ham10000,ISIC_0030909,nv,HAM_0000258
0,0.7500177621841431,1,ham10000,ISIC_0024477,bkl,HAM_0000259
0,0.25691747665405273,1,ham10000,ISIC_0026436,nv,HAM_0000260
0,0.48391565680503845,1,ham10000,ISIC_0026743,nv,HAM_0000261
0,0.4066128134727478,1,ham10000,ISIC_0030326,nv,HAM_0000262
1,0.4065345525741577,1,ham10000,ISIC_0033001,bcc,HAM_0000263
0,0.11650875210762024,0,ham10000,ISIC_0027074,nv,HAM_0000264
0,0.6899752020835876,1,ham10000,ISIC_0027283,nv,HAM_0000265
0,0.0693657398223877,0,ham10000,ISIC_0024933,nv,HAM_0000266
0,0.18906158208847046,1,ham10000,ISIC_0026809,nv,HAM_0000267
0,0.16727367043495178,1,ham10000,ISIC_0025160,nv,HAM_0000268
0,0.0548689141869545,0,ham10000,ISIC_0029354,nv,HAM_0000269
0,0.2310904860496521,1,ham10000,ISIC_0031167,nv,HAM_0000270
0,0.09699083119630814,0,ham10000,ISIC_0026408,nv,HAM_0000271
0,0.5458065867424011,1,ham10000,ISIC_0026370,nv,HAM_0000272
0,0.1991802155971527,1,ham10000,ISIC_0025106,nv,HAM_0000273
1,0.36088091135025024,1,ham10000,ISIC_0031479,mel,HAM_0000274
0,0.07924013584852219,0,ham10000,ISIC_0028645,nv,HAM_0000275
0,0.1449771374464035,1,ham10000,ISIC_0029864,nv,HAM_0000276
0,0.10847404599189758,0,ham10000,ISIC_0029182,nv,HAM_0000277
0,0.2579747140407562,1,ham10000,ISIC_0024484,nv,HAM_0000278
0,0.42513278126716614,1,ham10000,ISIC_0028429,nv,HAM_0000279
0,0.160471111536026,1,ham10000,ISIC_0032326,nv,HAM_0000280
0,0.21605926752090454,1,ham10000,ISIC_0030577,nv,HAM_0000281
1,0.4935832917690277,1,ham10000,ISIC_0027155,mel,HAM_0000282
0,0.16962265968322754,1,ham10000,ISIC_0025159,nv,HAM_0000283
0,0.07126165926456451,0,ham10000,ISIC_0025225,nv,HAM_0000284
0,0.0893922671675682,0,ham10000,ISIC_0026925,nv,HAM_0000285
0,0.27764883637428284,1,ham10000,ISIC_0029099,vasc,HAM_0000286
0,0.5066874027252197,1,ham10000,ISIC_0027203,nv,HAM_0000287
0,0.13951371610164642,0,ham10000,ISIC_0027062,nv,HAM_0000288
0,0.47239547967910767,1,ham10000,ISIC_0032226,nv,HAM_0000289
0,0.0879088044166565,0,ham10000,ISIC_0024526,nv,HAM_0000290
0,0.15768976509571075,1,ham10000,ISIC_0028263,nv,HAM_0000291
0,0.17879684269428253,1,ham10000,ISIC_0031445,nv,HAM_0000292
0,0.24584920704364777,1,ham10000,ISIC_0030154,nv,HAM_0000293
0,0.3014208972454071,1,ham10000,ISIC_0032664,nv,HAM_0000294
0,0.25751274824142456,1,ham10000,ISIC_0028590,nv,HAM_0000295
0,0.21340486407279968,1,ham10000,ISIC_0031761,bkl,HAM_0000296
0,0.12754493951797485,0,ham10000,ISIC_0029424,nv,HAM_0000297
0,0.34622275829315186,1,ham10000,ISIC_0029051,bkl,HAM_0000298
0,0.162430539727211,1,ham10000,ISIC_0024471,bkl,HAM_0000299
0,0.11392640322446823,0,ham10000,ISIC_0030725,nv,HAM_0000300
0,0.2166183888912201,1,ham10000,ISIC_0026112,nv,HAM_0000301
0,0.22542230784893036,1,ham10000,ISIC_0025942,nv,HAM_0000302
0,0.038211144506931305,0,ham10000,ISIC_0026476,nv,HAM_0000303
0,0.006277788896113634,0,ham10000,ISIC_0033276,nv,HAM_0000304
0,0.14944925904273987,1,ham10000,ISIC_0030815,nv,HAM_0000305
0,0.23268316686153412,1,ham10000,ISIC_0029253,nv,HAM_0000306
0,0.2776603102684021,1,ham10000,ISIC_0027011,nv,HAM_0000307
0,0.39800694584846497,1,ham10000,ISIC_0025136,bkl,HAM_0000308
0,0.6044401526451111,1,ham10000,ISIC_0034142,bkl,HAM_0000309
0,0.13467535376548767,0,ham10000,ISIC_0032386,nv,HAM_0000310
0,0.2792898714542389,1,ham10000,ISIC_0028205,nv,HAM_0000311
0,0.6329883337020874,1,ham10000,ISIC_0029654,nv,HAM_0000312
0,0.4891435205936432,1,ham10000,ISIC_0033100,nv,HAM_0000313
0,0.13286222517490387,0,ham10000,ISIC_0024621,nv,HAM_0000314
0,0.43042606115341187,1,ham10000,ISIC_0027474,nv,HAM_0000315
0,0.11575204133987427,0,ham10000,ISIC_0033339,nv,HAM_0000316
0,0.18279436230659485,1,ham10000,ISIC_0030984,nv,HAM_0000317
0,0.24475309252738953,1,ham10000,ISIC_0028750,bkl,HAM_0000318
1,0.31201693415641785,1,ham10000,ISIC_0029209,mel,HAM_0000319
1,0.5854522585868835,1,ham10000,ISIC_0026916,mel,HAM_0000320
1,0.5682393312454224,1,ham10000,ISIC_0032564,mel,HAM_0000321
1,0.6981723308563232,1,ham10000,ISIC_0033473,mel,HAM_0000322
0,0.2118271142244339,1,ham10000,ISIC_0027170,nv,HAM_0000323
0,0.6169393062591553,1,ham10000,ISIC_0028528,nv,HAM_0000324
0,0.34336674213409424,1,ham10000,ISIC_0029832,nv,HAM_0000325
0,0.48230069875717163,1,ham10000,ISIC_0028353,nv,HAM_0000326
0,0.5564663410186768,1,ham10000,ISIC_0026682,nv,HAM_0000327
0,0.07061063498258591,0,ham10000,ISIC_0025482,nv,HAM_0000328
0,0.24062925577163696,1,ham10000,ISIC_0031185,nv,HAM_0000329
1,0.7125622034072876,1,ham10000,ISIC_0030824,mel,HAM_0000330
0,0.20694410800933838,1,ham10000,ISIC_0026944,nv,HAM_0000331
0,0.2734628915786743,1,ham10000,ISIC_0033307,bkl,HAM_0000332
0,0.047049980610609055,0,ham10000,ISIC_0029098,nv,HAM_0000333
0,0.0959412232041359,0,ham10000,ISIC_0026860,nv,HAM_0000334
0,0.22081875801086426,1,ham10000,ISIC_0032021,nv,HAM_0000335
0,0.3420758843421936,1,ham10000,ISIC_0028859,nv,HAM_0000336
1,0.10838479548692703,0,ham10000,ISIC_0026081,mel,HAM_0000337
0,0.14691035449504852,1,ham10000,ISIC_0028631,nv,HAM_0000338
0,0.14897571504116058,1,ham10000,ISIC_0025044,nv,HAM_0000339
0,0.23253406584262848,1,ham10000,ISIC_0026397,nv,HAM_0000340
0,0.07008423656225204,0,ham10000,ISIC_0031634,nv,HAM_0000341
0,0.6402847170829773,1,ham10000,ISIC_0027226,nv,HAM_0000342
0,0.14179013669490814,1,ham10000,ISIC_0027824,nv,HAM_0000343
0,0.35928624868392944,1,ham10000,ISIC_0032972,bkl,HAM_0000344
0,0.16220617294311523,1,ham10000,ISIC_0031361,nv,HAM_0000345
0,0.24788561463356018,1,ham10000,ISIC_0027518,nv,HAM_0000346
0,0.12008382380008698,0,ham10000,ISIC_0029665,nv,HAM_0000347
0,0.2711239159107208,1,ham10000,ISIC_0028290,nv,HAM_0000348
0,0.781177818775177,1,ham10000,ISIC_0033005,df,HAM_0000349
0,0.12861931324005127,0,ham10000,ISIC_0030921,nv,HAM_0000350
0,0.7936217188835144,1,ham10000,ISIC_0024324,bkl,HAM_0000351
1,0.4483242630958557,1,ham10000,ISIC_0031225,bcc,HAM_0000352
0,0.07177412509918213,0,ham10000,ISIC_0032157,nv,HAM_0000353
0,0.17079636454582214,1,ham10000,ISIC_0027348,nv,HAM_0000354
0,0.29918667674064636,1,ham10000,ISIC_0027842,nv,HAM_0000355
1,0.1960306316614151,1,ham10000,ISIC_0026171,akiec,HAM_0000356
0,0.21430571377277374,1,ham10000,ISIC_0025134,nv,HAM_0000357
1,0.570358395576477,1,ham10000,ISIC_0026976,mel,HAM_0000358
0,0.3160783350467682,1,ham10000,ISIC_0025701,nv,HAM_0000359
0,0.15156765282154083,1,ham10000,ISIC_0025854,nv,HAM_0000360
1,0.19739225506782532,1,ham10000,ISIC_0032199,akiec,HAM_0000361
0,0.2492491602897644,1,ham10000,ISIC_0026043,nv,HAM_0000362
0,0.5355996489524841,1,ham10000,ISIC_0027617,nv,HAM_0000363
0,0.6033009886741638,1,ham10000,ISIC_0024505,bkl,HAM_0000364
0,0.13170409202575684,0,ham10000,ISIC_0026534,nv,HAM_0000365
0,0.4264383316040039,1,ham10000,ISIC_0027147,nv,HAM_0000366
0,0.1804530918598175,1,ham10000,ISIC_0025462,nv,HAM_0000367
0,0.08099117875099182,0,ham10000,ISIC_0027111,nv,HAM_0000368
0,0.04431778937578201,0,ham10000,ISIC_0029400,nv,HAM_0000369
0,0.19746580719947815,1,ham10000,ISIC_0025998,nv,HAM_0000370
0,0.2537820637226105,1,ham10000,ISIC_0025395,nv,HAM_0000371
0,0.3136480152606964,1,ham10000,ISIC_0033685,bkl,HAM_0000372
1,0.46102216839790344,1,ham10000,ISIC_0024806,mel,HAM_0000373
0,0.1493462771177292,1,ham10000,ISIC_0026111,nv,HAM_0000374
1,0.17906959354877472,1,ham10000,ISIC_0030238,mel,HAM_0000375
0,0.34476131200790405,1,ham10000,ISIC_0025173,nv,HAM_0000376
0,0.3387255072593689,1,ham10000,ISIC_0025201,nv,HAM_0000377
0,0.5569196343421936,1,ham10000,ISIC_0031973,nv,HAM_0000378
0,0.17468994855880737,1,ham10000,ISIC_0029980,nv,HAM_0000379
0,0.5556869506835938,1,ham10000,ISIC_0024344,nv,HAM_0000380
0,0.170576274394989,1,ham10000,ISIC_0030148,nv,HAM_0000381
0,0.3566552996635437,1,ham10000,ISIC_0031897,bkl,HAM_0000382
0,0.3406253457069397,1,ham10000,ISIC_0024612,bkl,HAM_0000383
0,0.31491559743881226,1,ham10000,ISIC_0030506,nv,HAM_0000384
0,0.4518434703350067,1,ham10000,ISIC_0024611,nv,HAM_0000385
0,0.3273690938949585,1,ham10000,ISIC_0026787,bkl,HAM_0000386
0,0.18700164556503296,1,ham10000,ISIC_0031826,nv,HAM_0000387
1,0.6883249282836914,1,ham10000,ISIC_0032544,mel,HAM_0000388
0,0.1004570871591568,0,ham10000,ISIC_0029754,nv,HAM_0000389
0,0.017414983361959457,0,ham10000,ISIC_0026756,nv,HAM_0000390
0,0.5860195755958557,1,ham10000,ISIC_0025683,nv,HAM_0000391
1,0.561316967010498,1,ham10000,ISIC_0033440,mel,HAM_0000392
1,0.5783632397651672,1,ham10000,ISIC_0027865,bcc,HAM_0000393
1,0.18102498352527618,1,ham10000,ISIC_0033579,bcc,HAM_0000394
0,0.014077790081501007,0,ham10000,ISIC_0025421,nv,HAM_0000395
1,0.4278767704963684,1,ham10000,ISIC_0028481,mel,HAM_0000396
0,0.13831759989261627,0,ham10000,ISIC_0024538,nv,HAM_0000397
0,0.23899780213832855,1,ham10000,ISIC_0027064,bkl,HAM_0000398
0,0.17557471990585327,1,ham10000,ISIC_0027599,nv,HAM_0000399
0,0.2869965732097626,1,ham10000,ISIC_0031414,nv,HAM_0000400
0,0.22924546897411346,1,ham10000,ISIC_0031135,nv,HAM_0000401
0,0.042107995599508286,0,ham10000,ISIC_0032612,nv,HAM_0000402
0,0.10993076115846634,0,ham10000,ISIC_0024874,nv,HAM_0000403
0,0.10537024587392807,0,ham10000,ISIC_0031241,nv,HAM_0000404
0,0.37229499220848083,1,ham10000,ISIC_0027225,nv,HAM_0000405
0,0.09442748129367828,0,ham10000,ISIC_0030890,nv,HAM_0000406
0,0.6428444981575012,1,ham10000,ISIC_0032771,nv,HAM_0000407
0,0.26969969272613525,1,ham10000,ISIC_0027000,nv,HAM_0000408
0,0.23646259307861328,1,ham10000,ISIC_0025829,nv,HAM_0000409
0,0.1868012547492981,1,ham10000,ISIC_0031796,nv,HAM_0000410
0,0.1449526846408844,1,ham10000,ISIC_0031283,nv,HAM_0000411
0,0.08081153780221939,0,ham10000,ISIC_0032706,nv,HAM_0000412
0,0.27671313285827637,1,ham10000,ISIC_0024589,nv,HAM_0000413
0,0.17909321188926697,1,ham10000,ISIC_0032451,nv,HAM_0000414
0,0.057807713747024536,0,ham10000,ISIC_0025680,vasc,HAM_0000415
0,0.2311973124742508,1,ham10000,ISIC_0028162,nv,HAM_0000416
1,0.3483997583389282,1,ham10000,ISIC_0025783,mel,HAM_0000417
0,0.2625848948955536,1,ham10000,ISIC_0029339,nv,HAM_0000418
0,0.13913412392139435,0,ham10000,ISIC_0027741,nv,HAM_0000419
0,0.05086885020136833,0,ham10000,ISIC_0026864,nv,HAM_0000420
0,0.16356059908866882,1,ham10000,ISIC_0034080,nv,HAM_0000421
0,0.14550209045410156,1,ham10000,ISIC_0027664,nv,HAM_0000422
1,0.6339182257652283,1,ham10000,ISIC_0033813,mel,HAM_0000423
0,0.3394641578197479,1,ham10000,ISIC_0031328,nv,HAM_0000424
0,0.13669617474079132,0,ham10000,ISIC_0024839,bkl,HAM_0000425
0,0.23096249997615814,1,ham10000,ISIC_0028182,nv,HAM_0000426
0,0.1080431118607521,0,ham10000,ISIC_0025444,nv,HAM_0000427
0,0.15946288406848907,1,ham10000,ISIC_0027936,nv,HAM_0000428
0,0.05293073505163193,0,ham10000,ISIC_0026562,nv,HAM_0000429
0,0.08594796061515808,0,ham10000,ISIC_0032477,nv,HAM_0000430
0,0.40782707929611206,1,ham10000,ISIC_0026067,nv,HAM_0000431
0,0.11785940080881119,0,ham10000,ISIC_0033822,nv,HAM_0000432
1,0.19871826469898224,1,ham10000,ISIC_0025472,mel,HAM_0000433
0,0.09787661582231522,0,ham10000,ISIC_0031635,nv,HAM_0000434
0,0.1468176692724228,1,ham10000,ISIC_0026620,nv,HAM_0000435
0,0.5084952712059021,1,ham10000,ISIC_0026547,nv,HAM_0000436
0,0.2565561830997467,1,ham10000,ISIC_0027731,nv,HAM_0000437
0,0.09489373117685318,0,ham10000,ISIC_0025532,nv,HAM_0000438
0,0.10489902645349503,0,ham10000,ISIC_0033729,nv,HAM_0000439
0,0.07486964017152786,0,ham10000,ISIC_0027972,nv,HAM_0000440
0,0.1365184783935547,0,ham10000,ISIC_0030316,bkl,HAM_0000441
1,0.4016543924808502,1,ham10000,ISIC_0031565,mel,HAM_0000442
0,0.5193203091621399,1,ham10000,ISIC_0034271,nv,HAM_0000443
0,0.4551466703414917,1,ham10000,ISIC_0029118,nv,HAM_0000444
0,0.0845373347401619,0,ham10000,ISIC_0032010,nv,HAM_0000445
0,0.24275927245616913,1,ham10000,ISIC_0025613,nv,HAM_0000446
0,0.14383623003959656,1,ham10000,ISIC_0024817,nv,HAM_0000447
0,0.6273512244224548,1,ham10000,ISIC_0025100,nv,HAM_0000448
0,0.5149976015090942,1,ham10000,ISIC_0028327,nv,HAM_0000449
0,0.33928540349006653,1,ham10000,ISIC_0025059,nv,HAM_0000450
1,0.07389398664236069,0,ham10000,ISIC_0029123,bcc,HAM_0000451
0,0.052736442536115646,0,ham10000,ISIC_0029048,bkl,HAM_0000452
0,0.05026613920927048,0,ham10000,ISIC_0025330,bkl,HAM_0000453
0,0.4621507227420807,1,ham10000,ISIC_0025522,nv,HAM_0000454
0,0.30813726782798767,1,ham10000,ISIC_0032005,nv,HAM_0000455
1,0.3807860314846039,1,ham10000,ISIC_0026466,akiec,HAM_0000456
1,0.2815881073474884,1,ham10000,ISIC_0026855,bcc,HAM_0000457
0,0.23852066695690155,1,ham10000,ISIC_0025714,nv,HAM_0000458
0,0.1941971331834793,1,ham10000,ISIC_0026584,nv,HAM_0000459
0,0.039095744490623474,0,ham10000,ISIC_0025197,vasc,HAM_0000460
0,0.22688111662864685,1,ham10000,ISIC_0027750,nv,HAM_0000461
1,0.20079396665096283,1,ham10000,ISIC_0032897,akiec,HAM_0000462
1,0.8271055817604065,1,ham10000,ISIC_0030177,bcc,HAM_0000463
0,0.2884368896484375,1,ham10000,ISIC_0026223,nv,HAM_0000464
0,0.16206388175487518,1,ham10000,ISIC_0030583,bkl,HAM_0000465
0,0.20673568546772003,1,ham10000,ISIC_0027749,nv,HAM_0000466
0,0.27644219994544983,1,ham10000,ISIC_0030612,nv,HAM_0000467
0,0.3396287262439728,1,ham10000,ISIC_0024524,nv,HAM_0000468
0,0.12236448377370834,0,ham10000,ISIC_0025408,nv,HAM_0000469
0,0.15429438650608063,1,ham10000,ISIC_0026965,nv,HAM_0000470
0,0.31047606468200684,1,ham10000,ISIC_0031656,nv,HAM_0000471
0,0.31290560960769653,1,ham10000,ISIC_0028339,nv,HAM_0000472
0,0.17840996384620667,1,ham10000,ISIC_0027356,nv,HAM_0000473
0,0.22964414954185486,1,ham10000,ISIC_0030099,nv,HAM_0000474
0,0.20144952833652496,1,ham10000,ISIC_0027299,nv,HAM_0000475
0,0.24747586250305176,1,ham10000,ISIC_0028293,nv,HAM_0000476
0,0.29201456904411316,1,ham10000,ISIC_0026292,nv,HAM_0000477
0,0.058961763978004456,0,ham10000,ISIC_0025895,nv,HAM_0000478
0,0.24044917523860931,1,ham10000,ISIC_0030441,nv,HAM_0000479
0,0.28106656670570374,1,ham10000,ISIC_0031952,nv,HAM_0000480
0,0.2604873776435852,1,ham10000,ISIC_0028634,nv,HAM_0000481
0,0.12230667471885681,0,ham10000,ISIC_0026885,nv,HAM_0000482
1,0.7784538865089417,1,ham10000,ISIC_0032629,mel,HAM_0000483
0,0.2145577222108841,1,ham10000,ISIC_0024309,nv,HAM_0000484
0,0.10060705989599228,0,ham10000,ISIC_0024959,nv,HAM_0000485
0,0.5442240238189697,1,ham10000,ISIC_0028882,nv,HAM_0000486
0,0.32466769218444824,1,ham10000,ISIC_0032268,nv,HAM_0000487
0,0.1757076233625412,1,ham10000,ISIC_0032930,nv,HAM_0000488
0,0.21441048383712769,1,ham10000,ISIC_0024960,nv,HAM_0000489
1,0.2123008817434311,1,ham10000,ISIC_0026206,akiec,HAM_0000490
0,0.09808313846588135,0,ham10000,ISIC_0028207,nv,HAM_0000491
1,0.15604542195796967,1,ham10000,ISIC_0027076,mel,HAM_0000492
0,0.07256471365690231,0,ham10000,ISIC_0030304,nv,HAM_0000493
0,0.3561728894710541,1,ham10000,ISIC_0032557,vasc,HAM_0000494
0,0.28535762429237366,1,ham10000,ISIC_0030200,nv,HAM_0000495
1,0.5342018008232117,1,ham10000,ISIC_0029545,bcc,HAM_0000496
0,0.47539180517196655,1,ham10000,ISIC_0024563,nv,HAM_0000497
1,0.7622636556625366,1,ham10000,ISIC_0029067,akiec,HAM_0000498
0,0.19698669016361237,1,ham10000,ISIC_0029599,nv,HAM_0000499
0,0.4407538175582886,1,ham10000,ISIC_0029145,nv,HAM_0000500
1,0.4351004660129547,1,ham10000,ISIC_0031335,akiec,HAM_0000501
0,0.05115463584661484,0,ham10000,ISIC_0029608,vasc,HAM_0000502
0,0.21981926262378693,1,ham10000,ISIC_0029236,nv,HAM_0000503
1,0.3784724771976471,1,ham10000,ISIC_0025971,bcc,HAM_0000504
0,0.010782563127577305,0,ham10000,ISIC_0024902,nv,HAM_0000505
0,0.2117847204208374,1,ham10000,ISIC_0031891,nv,HAM_0000506
0,0.32483232021331787,1,ham10000,ISIC_0028921,nv,HAM_0000507
0,0.20518340170383453,1,ham10000,ISIC_0027495,nv,HAM_0000508
0,0.0137933399528265,0,ham10000,ISIC_0024837,nv,HAM_0000509
0,0.2523704767227173,1,ham10000,ISIC_0027342,nv,HAM_0000510
0,0.2575841546058655,1,ham10000,ISIC_0026669,nv,HAM_0000511
1,0.2997080683708191,1,ham10000,ISIC_0030528,bcc,HAM_0000512
1,0.19003498554229736,1,ham10000,ISIC_0032207,mel,HAM_0000513
0,0.1152304857969284,0,ham10000,ISIC_0028934,nv,HAM_0000514
0,0.6678630709648132,1,ham10000,ISIC_0029737,nv,HAM_0000515
0,0.36510300636291504,1,ham10000,ISIC_0033952,bkl,HAM_0000516
1,0.3027249872684479,1,ham10000,ISIC_0030507,mel,HAM_0000517
0,0.13928844034671783,0,ham10000,ISIC_0030943,nv,HAM_0000518
0,0.23014256358146667,1,ham10000,ISIC_0030758,bkl,HAM_0000519
0,0.25420090556144714,1,ham10000,ISIC_0026415,nv,HAM_0000520
0,0.0893096998333931,0,ham10000,ISIC_0031889,nv,HAM_0000521
0,0.2502034306526184,1,ham10000,ISIC_0024826,nv,HAM_0000522
0,0.0016711201751604676,0,ham10000,ISIC_0025978,nv,HAM_0000523
0,0.1269759088754654,0,ham10000,ISIC_0026069,bkl,HAM_0000524
0,0.05469278618693352,0,ham10000,ISIC_0031510,nv,HAM_0000525
0,0.2421082705259323,1,ham10000,ISIC_0029997,nv,HAM_0000526
0,0.22446055710315704,1,ham10000,ISIC_0032508,bkl,HAM_0000527
0,0.13306941092014313,0,ham10000,ISIC_0028782,nv,HAM_0000528
0,0.23327961564064026,1,ham10000,ISIC_0030540,nv,HAM_0000529
0,0.5147334337234497,1,ham10000,ISIC_0025135,nv,HAM_0000530
1,0.47856035828590393,1,ham10000,ISIC_0025674,mel,HAM_0000531
0,0.19665129482746124,1,ham10000,ISIC_0025365,nv,HAM_0000532
0,0.11445404589176178,0,ham10000,ISIC_0026380,nv,HAM_0000533
1,0.09354817122220993,0,ham10000,ISIC_0025235,mel,HAM_0000534
0,0.053784292191267014,0,ham10000,ISIC_0032353,nv,HAM_0000535
1,0.20386452972888947,1,ham10000,ISIC_0027359,mel,HAM_0000536
0,0.16973760724067688,1,ham10000,ISIC_0027095,nv,HAM_0000537
0,0.028484776616096497,0,ham10000,ISIC_0030650,nv,HAM_0000538
0,0.3332257568836212,1,ham10000,ISIC_0024512,nv,HAM_0000539
0,0.08970494568347931,0,ham10000,ISIC_0030748,nv,HAM_0000540
0,0.15147659182548523,1,ham10000,ISIC_0027646,nv,HAM_0000541
0,0.30308014154434204,1,ham10000,ISIC_0025068,bkl,HAM_0000542
0,0.10802796483039856,0,ham10000,ISIC_0030776,nv,HAM_0000543
0,0.31652185320854187,1,ham10000,ISIC_0031810,nv,HAM_0000544
1,0.2565182149410248,1,ham10000,ISIC_0026650,akiec,HAM_0000545
0,0.03414476290345192,0,ham10000,ISIC_0028337,nv,HAM_0000546
0,0.45626041293144226,1,ham10000,ISIC_0032546,nv,HAM_0000547
0,0.253775030374527,1,ham10000,ISIC_0027763,nv,HAM_0000548
1,0.2855548560619354,1,ham10000,ISIC_0026152,akiec,HAM_0000549
0,0.3997034430503845,1,ham10000,ISIC_0024306,nv,HAM_0000550
0,0.5271525979042053,1,ham10000,ISIC_0025120,nv,HAM_0000551
1,0.49322041869163513,1,ham10000,ISIC_0026083,akiec,HAM_0000552
1,0.44646263122558594,1,ham10000,ISIC_0032716,mel,HAM_0000553
0,0.1395263522863388,0,ham10000,ISIC_0026791,nv,HAM_0000555
0,0.6314896941184998,1,ham10000,ISIC_0033484,nv,HAM_0000556
0,0.08536873757839203,0,ham10000,ISIC_0025675,nv,HAM_0000557
0,0.08541599661111832,0,ham10000,ISIC_0027547,nv,HAM_0000558
0,0.28966036438941956,1,ham10000,ISIC_0024693,nv,HAM_0000559
0,0.33186426758766174,1,ham10000,ISIC_0031509,nv,HAM_0000560
0,0.29430511593818665,1,ham10000,ISIC_0025143,nv,HAM_0000561
0,0.07924185693264008,0,ham10000,ISIC_0026166,nv,HAM_0000562
1,0.5122672915458679,1,ham10000,ISIC_0027900,mel,HAM_0000563
0,0.46142998337745667,1,ham10000,ISIC_0027333,nv,HAM_0000564
0,0.10894209146499634,0,ham10000,ISIC_0025976,nv,HAM_0000565
0,0.22310854494571686,1,ham10000,ISIC_0026794,bkl,HAM_0000566
0,0.1344192773103714,0,ham10000,ISIC_0029677,nv,HAM_0000567
0,0.17473742365837097,1,ham10000,ISIC_0026990,nv,HAM_0000568
0,0.1328340619802475,0,ham10000,ISIC_0031592,nv,HAM_0000569
0,0.3134883642196655,1,ham10000,ISIC_0027404,nv,HAM_0000570
0,0.27171918749809265,1,ham10000,ISIC_0032773,bkl,HAM_0000571
0,0.2974238693714142,1,ham10000,ISIC_0025224,nv,HAM_0000572
0,0.05679917335510254,0,ham10000,ISIC_0024988,nv,HAM_0000573
0,0.10947011411190033,0,ham10000,ISIC_0026936,nv,HAM_0000574
0,0.27462249994277954,1,ham10000,ISIC_0029936,nv,HAM_0000575
0,0.17405284941196442,1,ham10000,ISIC_0025585,nv,HAM_0000576
0,0.26528558135032654,1,ham10000,ISIC_0026385,nv,HAM_0000577
0,0.7187573909759521,1,ham10000,ISIC_0033087,nv,HAM_0000578
0,0.04766786843538284,0,ham10000,ISIC_0032742,nv,HAM_0000579
0,0.2967894673347473,1,ham10000,ISIC_0029293,nv,HAM_0000580
0,0.49347370862960815,1,ham10000,ISIC_0032826,bkl,HAM_0000581
0,0.5308173894882202,1,ham10000,ISIC_0025885,bkl,HAM_0000582
0,0.11233136802911758,0,ham10000,ISIC_0029681,nv,HAM_0000583
0,0.0835988000035286,0,ham10000,ISIC_0025888,nv,HAM_0000584
0,0.14902785420417786,1,ham10000,ISIC_0030685,nv,HAM_0000585
0,0.07635823637247086,0,ham10000,ISIC_0029649,nv,HAM_0000586
0,0.18309593200683594,1,ham10000,ISIC_0025379,nv,HAM_0000587
1,0.17601726949214935,1,ham10000,ISIC_0026746,mel,HAM_0000588
0,0.0754312202334404,0,ham10000,ISIC_0027103,nv,HAM_0000589
1,0.5619127750396729,1,ham10000,ISIC_0030951,mel,HAM_0000590
0,0.19563494622707367,1,ham10000,ISIC_0026654,nv,HAM_0000591
0,0.3816591203212738,1,ham10000,ISIC_0030781,nv,HAM_0000592
1,0.21917299926280975,1,ham10000,ISIC_0024679,mel,HAM_0000593
0,0.3271868824958801,1,ham10000,ISIC_0029178,nv,HAM_0000594
0,0.09382237493991852,0,ham10000,ISIC_0025991,nv,HAM_0000595
0,0.509739875793457,1,ham10000,ISIC_0025385,nv,HAM_0000596
0,0.3415716886520386,1,ham10000,ISIC_0030654,nv,HAM_0000597
0,0.45542746782302856,1,ham10000,ISIC_0026557,nv,HAM_0000598
0,0.10128166526556015,0,ham10000,ISIC_0026543,nv,HAM_0000599
0,0.152472585439682,1,ham10000,ISIC_0028311,nv,HAM_0000600
0,0.11727162450551987,0,ham10000,ISIC_0026578,nv,HAM_0000601
0,0.4859461188316345,1,ham10000,ISIC_0026719,nv,HAM_0000602
0,0.5399619936943054,1,ham10000,ISIC_0028441,nv,HAM_0000603
0,0.5008893609046936,1,ham10000,ISIC_0029208,nv,HAM_0000604
0,0.034796763211488724,0,ham10000,ISIC_0030212,nv,HAM_0000605
0,0.2744193971157074,1,ham10000,ISIC_0030109,nv,HAM_0000606
0,0.0714336484670639,0,ham10000,ISIC_0025431,bkl,HAM_0000607
0,0.08805718272924423,0,ham10000,ISIC_0025756,nv,HAM_0000608
0,0.08095455169677734,0,ham10000,ISIC_0025778,nv,HAM_0000609
0,0.05112440139055252,0,ham10000,ISIC_0024689,nv,HAM_0000610
1,0.12324478477239609,0,ham10000,ISIC_0033216,mel,HAM_0000611
1,0.6329318284988403,1,ham10000,ISIC_0026968,bcc,HAM_0000612
0,0.353860080242157,1,ham10000,ISIC_0031253,bkl,HAM_0000613
0,0.159306138753891,1,ham10000,ISIC_0025493,nv,HAM_0000614
0,0.45771870017051697,1,ham10000,ISIC_0026758,nv,HAM_0000615
0,0.18933725357055664,1,ham10000,ISIC_0024750,nv,HAM_0000616
0,0.3152792453765869,1,ham10000,ISIC_0029703,nv,HAM_0000617
0,0.04509061947464943,0,ham10000,ISIC_0025840,nv,HAM_0000618
1,0.16502180695533752,1,ham10000,ISIC_0026690,mel,HAM_0000619
0,0.17452871799468994,1,ham10000,ISIC_0027414,nv,HAM_0000620
0,0.2210775762796402,1,ham10000,ISIC_0031101,nv,HAM_0000621
0,0.21179409325122833,1,ham10000,ISIC_0030161,nv,HAM_0000622
0,0.13439081609249115,0,ham10000,ISIC_0032004,nv,HAM_0000623
1,0.19167916476726532,1,ham10000,ISIC_0029089,mel,HAM_0000624
0,0.2478204071521759,1,ham10000,ISIC_0026062,nv,HAM_0000625
0,0.04286434128880501,0,ham10000,ISIC_0025267,nv,HAM_0000626
0,0.4143263101577759,1,ham10000,ISIC_0034019,nv,HAM_0000627
0,0.1751943826675415,1,ham10000,ISIC_0024567,nv,HAM_0000628
0,0.3796902596950531,1,ham10000,ISIC_0029008,nv,HAM_0000629
0,0.08246259391307831,0,ham10000,ISIC_0026832,nv,HAM_0000630
0,0.3023589849472046,1,ham10000,ISIC_0030885,nv,HAM_0000631
0,0.05777493491768837,0,ham10000,ISIC_0031070,nv,HAM_0000632
0,0.18738755583763123,1,ham10000,ISIC_0030719,nv,HAM_0000633
0,0.4245675802230835,1,ham10000,ISIC_0026099,nv,HAM_0000634
0,0.10233111679553986,0,ham10000,ISIC_0028663,nv,HAM_0000635
0,0.26421114802360535,1,ham10000,ISIC_0027104,nv,HAM_0000636
0,0.25987815856933594,1,ham10000,ISIC_0027514,nv,HAM_0000637
0,0.10821890085935593,0,ham10000,ISIC_0029887,nv,HAM_0000638
0,0.29502883553504944,1,ham10000,ISIC_0025257,nv,HAM_0000639
0,4.882806388195604e-05,0,ham10000,ISIC_0024663,nv,HAM_0000640
0,0.3288184702396393,1,ham10000,ISIC_0027477,nv,HAM_0000641
0,0.4718300402164459,1,ham10000,ISIC_0026520,nv,HAM_0000642
0,0.19630767405033112,1,ham10000,ISIC_0029731,bkl,HAM_0000643
0,0.16852928698062897,1,ham10000,ISIC_0027728,nv,HAM_0000644
1,0.5345064401626587,1,ham10000,ISIC_0024853,mel,HAM_0000645
0,0.19863513112068176,1,ham10000,ISIC_0025890,nv,HAM_0000646
0,0.0920925885438919,0,ham10000,ISIC_0029911,nv,HAM_0000647
0,0.2616753578186035,1,ham10000,ISIC_0027080,nv,HAM_0000648
0,0.2887255549430847,1,ham10000,ISIC_0027276,nv,HAM_0000649
0,0.07827194780111313,0,ham10000,ISIC_0033464,nv,HAM_0000650
0,0.13035957515239716,0,ham10000,ISIC_0032178,nv,HAM_0000651
0,0.2115279585123062,1,ham10000,ISIC_0028597,nv,HAM_0000652
1,0.5459827780723572,1,ham10000,ISIC_0024552,mel,HAM_0000653
0,0.07448357343673706,0,ham10000,ISIC_0027799,nv,HAM_0000654
1,0.18672911822795868,1,ham10000,ISIC_0027175,bcc,HAM_0000655
0,0.05790509283542633,0,ham10000,ISIC_0027096,nv,HAM_0000656
0,0.0870298370718956,0,ham10000,ISIC_0030955,nv,HAM_0000657
1,0.4477277398109436,1,ham10000,ISIC_0031986,bcc,HAM_0000658
0,0.28099098801612854,1,ham10000,ISIC_0030088,bkl,HAM_0000659
0,0.16002219915390015,1,ham10000,ISIC_0028953,nv,HAM_0000660
0,0.3580295443534851,1,ham10000,ISIC_0025538,nv,HAM_0000661
1,0.6255856156349182,1,ham10000,ISIC_0033317,mel,HAM_0000662
0,0.12725268304347992,0,ham10000,ISIC_0027761,nv,HAM_0000663
0,0.15032397210597992,1,ham10000,ISIC_0029535,nv,HAM_0000664
0,0.15837310254573822,1,ham10000,ISIC_0030259,nv,HAM_0000665
0,0.08738625794649124,0,ham10000,ISIC_0026024,nv,HAM_0000666
0,0.16439101099967957,1,ham10000,ISIC_0028551,nv,HAM_0000667
0,0.0871739313006401,0,ham10000,ISIC_0024808,nv,HAM_0000668
0,0.2012728452682495,1,ham10000,ISIC_0032052,nv,HAM_0000669
0,0.28877463936805725,1,ham10000,ISIC_0026204,nv,HAM_0000670
0,0.12759950757026672,0,ham10000,ISIC_0030193,nv,HAM_0000671
0,0.10696113854646683,0,ham10000,ISIC_0029007,nv,HAM_0000672
1,0.4254618287086487,1,ham10000,ISIC_0029659,akiec,HAM_0000673
0,0.15838119387626648,1,ham10000,ISIC_0028983,nv,HAM_0000674
0,0.15284015238285065,1,ham10000,ISIC_0033418,nv,HAM_0000675
0,0.7638416290283203,1,ham10000,ISIC_0032969,nv,HAM_0000676
0,0.4270477294921875,1,ham10000,ISIC_0025494,nv,HAM_0000677
0,0.18015475571155548,1,ham10000,ISIC_0029074,nv,HAM_0000678
0,0.38507217168807983,1,ham10000,ISIC_0024724,nv,HAM_0000679
0,0.18083444237709045,1,ham10000,ISIC_0028927,nv,HAM_0000680
0,0.22096899151802063,1,ham10000,ISIC_0032032,nv,HAM_0000681
0,0.5751883387565613,1,ham10000,ISIC_0030786,nv,HAM_0000682
0,0.13133306801319122,0,ham10000,ISIC_0028439,nv,HAM_0000684
0,0.22995910048484802,1,ham10000,ISIC_0026291,bkl,HAM_0000685
0,0.2475459724664688,1,ham10000,ISIC_0031523,nv,HAM_0000686
1,0.8991567492485046,1,ham10000,ISIC_0028994,bcc,HAM_0000687
1,0.411715030670166,1,ham10000,ISIC_0026720,akiec,HAM_0000688
0,0.11907204240560532,0,ham10000,ISIC_0024356,nv,HAM_0000689
0,0.08070705085992813,0,ham10000,ISIC_0028586,nv,HAM_0000690
0,0.071515291929245,0,ham10000,ISIC_0026535,nv,HAM_0000691
0,0.2294955849647522,1,ham10000,ISIC_0025364,nv,HAM_0000692
0,0.30826565623283386,1,ham10000,ISIC_0028310,nv,HAM_0000693
0,0.3112134039402008,1,ham10000,ISIC_0032298,nv,HAM_0000694
0,0.21427445113658905,1,ham10000,ISIC_0025757,nv,HAM_0000695
0,0.16724953055381775,1,ham10000,ISIC_0026277,bkl,HAM_0000696
0,0.4964235723018646,1,ham10000,ISIC_0029148,nv,HAM_0000697
0,0.021596921607851982,0,ham10000,ISIC_0027431,nv,HAM_0000698
0,0.4404965341091156,1,ham10000,ISIC_0031575,nv,HAM_0000699
0,0.3331102132797241,1,ham10000,ISIC_0028052,bkl,HAM_0000700
0,0.22657446563243866,1,ham10000,ISIC_0032115,nv,HAM_0000701
0,0.22144491970539093,1,ham10000,ISIC_0030804,nv,HAM_0000702
0,0.24035950005054474,1,ham10000,ISIC_0028424,nv,HAM_0000703
0,0.35181036591529846,1,ham10000,ISIC_0032954,nv,HAM_0000704
0,0.2788289487361908,1,ham10000,ISIC_0025508,nv,HAM_0000705
1,0.4179457724094391,1,ham10000,ISIC_0032690,mel,HAM_0000706
0,0.0033130839001387358,0,ham10000,ISIC_0024561,nv,HAM_0000707
0,0.15485402941703796,1,ham10000,ISIC_0024499,nv,HAM_0000708
1,0.06984707713127136,0,ham10000,ISIC_0032559,mel,HAM_0000709
0,0.21751205623149872,1,ham10000,ISIC_0024489,bkl,HAM_0000710
0,0.09820034354925156,0,ham10000,ISIC_0029387,nv,HAM_0000711
0,0.24756017327308655,1,ham10000,ISIC_0028434,nv,HAM_0000712
0,0.2043524533510208,1,ham10000,ISIC_0031174,nv,HAM_0000713
0,0.15523608028888702,1,ham10000,ISIC_0027857,nv,HAM_0000714
0,0.2289884239435196,1,ham10000,ISIC_0029287,nv,HAM_0000715
0,0.2439923733472824,1,ham10000,ISIC_0029801,bkl,HAM_0000716
0,0.8553200364112854,1,ham10000,ISIC_0030455,nv,HAM_0000717
1,0.32026830315589905,1,ham10000,ISIC_0025130,akiec,HAM_0000718
1,0.5776934027671814,1,ham10000,ISIC_0026337,bcc,HAM_0000719
0,0.7352077960968018,1,ham10000,ISIC_0028926,df,HAM_0000720
0,0.30954891443252563,1,ham10000,ISIC_0030243,nv,HAM_0000721
0,0.35375964641571045,1,ham10000,ISIC_0025875,nv,HAM_0000722
0,0.11214443296194077,0,ham10000,ISIC_0031364,nv,HAM_0000723
0,0.1099555492401123,0,ham10000,ISIC_0026038,nv,HAM_0000724
0,0.11597372591495514,0,ham10000,ISIC_0027349,nv,HAM_0000725
0,0.16348764300346375,1,ham10000,ISIC_0030670,nv,HAM_0000726
0,0.13417740166187286,0,ham10000,ISIC_0029961,nv,HAM_0000727
0,0.0832628533244133,0,ham10000,ISIC_0025286,bkl,HAM_0000728
0,0.1119423434138298,0,ham10000,ISIC_0030120,nv,HAM_0000729
0,0.15829740464687347,1,ham10000,ISIC_0026619,nv,HAM_0000730
0,0.497484415769577,1,ham10000,ISIC_0026813,nv,HAM_0000731
0,0.09282832592725754,0,ham10000,ISIC_0026183,nv,HAM_0000732
0,0.1768631637096405,1,ham10000,ISIC_0024965,nv,HAM_0000733
0,0.22020269930362701,1,ham10000,ISIC_0031196,bkl,HAM_0000734
0,0.23765884339809418,1,ham10000,ISIC_0029492,nv,HAM_0000735
0,0.3960567116737366,1,ham10000,ISIC_0029954,nv,HAM_0000736
0,0.2281060665845871,1,ham10000,ISIC_0030353,nv,HAM_0000737
0,2.18339891944197e-07,0,ham10000,ISIC_0027443,nv,HAM_0000738
0,0.48892515897750854,1,ham10000,ISIC_0025561,nv,HAM_0000739
0,0.12148743122816086,0,ham10000,ISIC_0032142,nv,HAM_0000740
0,0.28509587049484253,1,ham10000,ISIC_0025956,nv,HAM_0000741
0,0.2420567125082016,1,ham10000,ISIC_0032048,nv,HAM_0000742
0,0.34839510917663574,1,ham10000,ISIC_0024661,nv,HAM_0000743
0,0.1946602314710617,1,ham10000,ISIC_0029474,bkl,HAM_0000744
0,0.35064229369163513,1,ham10000,ISIC_0027796,bkl,HAM_0000745
0,0.17723357677459717,1,ham10000,ISIC_0027023,bkl,HAM_0000746
0,0.10720661282539368,0,ham10000,ISIC_0033748,nv,HAM_0000747
0,0.4547441899776459,1,ham10000,ISIC_0024598,nv,HAM_0000748
0,0.3726748526096344,1,ham10000,ISIC_0029446,nv,HAM_0000749
0,0.2384738028049469,1,ham10000,ISIC_0027974,nv,HAM_0000750
0,0.26172003149986267,1,ham10000,ISIC_0025545,nv,HAM_0000751
0,0.6259101033210754,1,ham10000,ISIC_0026419,nv,HAM_0000752
0,0.08415761590003967,0,ham10000,ISIC_0031224,nv,HAM_0000753
0,0.39156875014305115,1,ham10000,ISIC_0032967,bkl,HAM_0000754
0,0.1450599730014801,1,ham10000,ISIC_0026180,nv,HAM_0000755
0,0.11997217684984207,0,ham10000,ISIC_0025279,nv,HAM_0000756
0,0.46021053194999695,1,ham10000,ISIC_0025314,df,HAM_0000757
0,0.1463608294725418,1,ham10000,ISIC_0031974,nv,HAM_0000758
0,0.20292983949184418,1,ham10000,ISIC_0025655,nv,HAM_0000759
0,0.25366684794425964,1,ham10000,ISIC_0025318,nv,HAM_0000760
0,0.20690158009529114,1,ham10000,ISIC_0026259,nv,HAM_0000761
0,0.24003690481185913,1,ham10000,ISIC_0025667,nv,HAM_0000762
0,0.6038073301315308,1,ham10000,ISIC_0028217,nv,HAM_0000763
0,0.2596374750137329,1,ham10000,ISIC_0028151,nv,HAM_0000764
0,0.06199737638235092,0,ham10000,ISIC_0033445,nv,HAM_0000765
1,0.6044187545776367,1,ham10000,ISIC_0029937,mel,HAM_0000766
1,0.11306802183389664,0,ham10000,ISIC_0031239,mel,HAM_0000767
0,0.314211368560791,1,ham10000,ISIC_0028242,nv,HAM_0000768
1,0.7820255160331726,1,ham10000,ISIC_0029279,akiec,HAM_0000769
0,0.548399031162262,1,ham10000,ISIC_0024741,bkl,HAM_0000770
0,0.10510372370481491,0,ham10000,ISIC_0029349,nv,HAM_0000771
0,0.643109142780304,1,ham10000,ISIC_0032994,nv,HAM_0000772
0,0.01428926084190607,0,ham10000,ISIC_0026049,nv,HAM_0000773
0,0.22297807037830353,1,ham10000,ISIC_0029707,nv,HAM_0000774
1,0.7791145443916321,1,ham10000,ISIC_0025097,mel,HAM_0000775
0,0.2977812886238098,1,ham10000,ISIC_0027339,nv,HAM_0000776
0,0.22645674645900726,1,ham10000,ISIC_0028364,nv,HAM_0000777
0,0.167531818151474,1,ham10000,ISIC_0026665,nv,HAM_0000778
0,0.5974246263504028,1,ham10000,ISIC_0032978,bkl,HAM_0000779
0,0.5022722482681274,1,ham10000,ISIC_0027453,nv,HAM_0000780
1,0.9179689884185791,1,ham10000,ISIC_0028155,bcc,HAM_0000781
0,0.6838083267211914,1,ham10000,ISIC_0030723,bkl,HAM_0000782
0,0.793167769908905,1,ham10000,ISIC_0025633,nv,HAM_0000783
0,0.18365761637687683,1,ham10000,ISIC_0030989,nv,HAM_0000784
0,0.10385023057460785,0,ham10000,ISIC_0027585,nv,HAM_0000785
0,0.06452056765556335,0,ham10000,ISIC_0028956,nv,HAM_0000786
0,0.32693323493003845,1,ham10000,ISIC_0026157,nv,HAM_0000787
0,0.237758070230484,1,ham10000,ISIC_0030301,nv,HAM_0000788
0,0.4392866790294647,1,ham10000,ISIC_0028932,nv,HAM_0000789
0,0.5009733438491821,1,ham10000,ISIC_0032576,bkl,HAM_0000790
1,0.7484307289123535,1,ham10000,ISIC_0025584,bcc,HAM_0000791
0,0.020746596157550812,0,ham10000,ISIC_0025387,bkl,HAM_0000792
0,0.41202571988105774,1,ham10000,ISIC_0030286,nv,HAM_0000793
0,0.258117139339447,1,ham10000,ISIC_0026340,nv,HAM_0000794
1,0.5490714311599731,1,ham10000,ISIC_0033012,bcc,HAM_0000795
1,0.5377081632614136,1,ham10000,ISIC_0028041,mel,HAM_0000796
0,0.2649337947368622,1,ham10000,ISIC_0026039,nv,HAM_0000797
0,0.04418645426630974,0,ham10000,ISIC_0026751,nv,HAM_0000798
1,0.6034737229347229,1,ham10000,ISIC_0033226,mel,HAM_0000799
0,0.1252138465642929,0,ham10000,ISIC_0028852,nv,HAM_0000800
0,0.05381087213754654,0,ham10000,ISIC_0025619,nv,HAM_0000801
0,0.4494170844554901,1,ham10000,ISIC_0032553,bkl,HAM_0000802
0,0.47513115406036377,1,ham10000,ISIC_0025925,nv,HAM_0000803
0,0.25773635506629944,1,ham10000,ISIC_0029863,nv,HAM_0000804
0,0.18776698410511017,1,ham10000,ISIC_0033306,bkl,HAM_0000805
0,0.17890527844429016,1,ham10000,ISIC_0024371,bkl,HAM_0000806
1,0.21526998281478882,1,ham10000,ISIC_0032164,bcc,HAM_0000807
0,0.42674097418785095,1,ham10000,ISIC_0026315,nv,HAM_0000808
0,0.359061598777771,1,ham10000,ISIC_0030572,nv,HAM_0000809
0,0.4578101933002472,1,ham10000,ISIC_0031734,nv,HAM_0000810
0,0.31119129061698914,1,ham10000,ISIC_0028470,nv,HAM_0000811
0,0.1666552722454071,1,ham10000,ISIC_0032442,nv,HAM_0000812
0,0.40842172503471375,1,ham10000,ISIC_0024395,nv,HAM_0000813
1,0.2359732687473297,1,ham10000,ISIC_0025751,mel,HAM_0000814
0,0.28673601150512695,1,ham10000,ISIC_0026023,nv,HAM_0000815
0,0.122223861515522,0,ham10000,ISIC_0027082,nv,HAM_0000816
0,0.4032924473285675,1,ham10000,ISIC_0025174,nv,HAM_0000817
0,0.3518633544445038,1,ham10000,ISIC_0029611,nv,HAM_0000818
0,0.2316889762878418,1,ham10000,ISIC_0027777,nv,HAM_0000819
0,0.09252193570137024,0,ham10000,ISIC_0028835,nv,HAM_0000820
0,0.32160985469818115,1,ham10000,ISIC_0025623,bkl,HAM_0000821
0,0.06600642204284668,0,ham10000,ISIC_0033841,nv,HAM_0000822
1,0.7950661182403564,1,ham10000,ISIC_0032894,bcc,HAM_0000823
0,0.05653100088238716,0,ham10000,ISIC_0029702,nv,HAM_0000824
0,0.962710976600647,1,ham10000,ISIC_0034186,bkl,HAM_0000825
0,0.234317347407341,1,ham10000,ISIC_0027362,nv,HAM_0000826
0,0.6645165085792542,1,ham10000,ISIC_0025223,df,HAM_0000827
0,0.24815060198307037,1,ham10000,ISIC_0024797,nv,HAM_0000828
0,0.181791290640831,1,ham10000,ISIC_0029440,nv,HAM_0000829
0,0.4078832268714905,1,ham10000,ISIC_0030634,nv,HAM_0000830
0,0.5086379051208496,1,ham10000,ISIC_0029226,nv,HAM_0000831
1,0.5025293231010437,1,ham10000,ISIC_0028763,akiec,HAM_0000832
0,0.26277151703834534,1,ham10000,ISIC_0025719,bkl,HAM_0000833
0,0.5428465604782104,1,ham10000,ISIC_0029989,nv,HAM_0000834
0,0.4294566214084625,1,ham10000,ISIC_0024409,bkl,HAM_0000835
0,0.1309417486190796,0,ham10000,ISIC_0025505,nv,HAM_0000836
0,0.08508531749248505,0,ham10000,ISIC_0024986,nv,HAM_0000837
0,0.1995438188314438,1,ham10000,ISIC_0027029,nv,HAM_0000838
0,0.19985508918762207,1,ham10000,ISIC_0032049,nv,HAM_0000839
0,0.16792771220207214,1,ham10000,ISIC_0026828,nv,HAM_0000840
0,0.27793100476264954,1,ham10000,ISIC_0031455,nv,HAM_0000841
0,0.6398086547851562,1,ham10000,ISIC_0025401,nv,HAM_0000842
0,0.27992841601371765,1,ham10000,ISIC_0029260,bkl,HAM_0000843
0,0.14865805208683014,1,ham10000,ISIC_0024773,bkl,HAM_0000844
0,0.19125477969646454,1,ham10000,ISIC_0025244,vasc,HAM_0000845
0,0.33662158250808716,1,ham10000,ISIC_0029115,bkl,HAM_0000846
0,0.23761002719402313,1,ham10000,ISIC_0030744,bkl,HAM_0000847
0,0.12148287147283554,0,ham10000,ISIC_0026294,nv,HAM_0000848
0,0.35467231273651123,1,ham10000,ISIC_0029200,nv,HAM_0000849
0,0.41428881883621216,1,ham10000,ISIC_0028588,nv,HAM_0000850
0,0.11171789467334747,0,ham10000,ISIC_0025074,nv,HAM_0000851
0,0.1768053025007248,1,ham10000,ISIC_0025461,nv,HAM_0000852
0,0.09039174765348434,0,ham10000,ISIC_0027153,nv,HAM_0000853
0,0.11338533461093903,0,ham10000,ISIC_0029534,nv,HAM_0000854
0,0.255998820066452,1,ham10000,ISIC_0033694,nv,HAM_0000855
1,0.3290573060512543,1,ham10000,ISIC_0028537,mel,HAM_0000856
0,0.06697447597980499,0,ham10000,ISIC_0025229,nv,HAM_0000857
0,0.12616057693958282,0,ham10000,ISIC_0030944,nv,HAM_0000858
1,0.4306896924972534,1,ham10000,ISIC_0029715,akiec,HAM_0000859
0,0.09819411486387253,0,ham10000,ISIC_0029796,nv,HAM_0000860
0,0.6569610834121704,1,ham10000,ISIC_0026125,nv,HAM_0000861
0,0.4851401150226593,1,ham10000,ISIC_0030724,nv,HAM_0000862
1,0.3137163817882538,1,ham10000,ISIC_0028899,mel,HAM_0000863
0,0.18003053963184357,1,ham10000,ISIC_0028716,nv,HAM_0000864
0,0.16281627118587494,1,ham10000,ISIC_0028826,bkl,HAM_0000865
0,0.5883833765983582,1,ham10000,ISIC_0024480,nv,HAM_0000866
0,0.1388145536184311,0,ham10000,ISIC_0028044,nv,HAM_0000867
1,0.3475973606109619,1,ham10000,ISIC_0032316,bcc,HAM_0000868
0,0.2415776550769806,1,ham10000,ISIC_0031109,nv,HAM_0000869
0,0.1691368669271469,1,ham10000,ISIC_0029923,nv,HAM_0000870
1,0.08873692899942398,0,ham10000,ISIC_0025964,mel,HAM_0000871
1,0.592860221862793,1,ham10000,ISIC_0029323,bcc,HAM_0000872
0,0.17131052911281586,1,ham10000,ISIC_0025012,nv,HAM_0000873
0,0.05848514288663864,0,ham10000,ISIC_0032119,nv,HAM_0000874
0,0.2887301743030548,1,ham10000,ISIC_0031022,nv,HAM_0000875
1,0.6160867810249329,1,ham10000,ISIC_0026531,mel,HAM_0000876
0,0.1831779181957245,1,ham10000,ISIC_0030267,nv,HAM_0000877
1,0.8925966620445251,1,ham10000,ISIC_0028746,mel,HAM_0000878
1,0.44013768434524536,1,ham10000,ISIC_0032816,bcc,HAM_0000879
1,0.12951458990573883,0,ham10000,ISIC_0033089,mel,HAM_0000880
0,0.46965283155441284,1,ham10000,ISIC_0028404,bkl,HAM_0000881
0,0.44522571563720703,1,ham10000,ISIC_0032241,nv,HAM_0000882
0,0.20386213064193726,1,ham10000,ISIC_0030631,nv,HAM_0000883
0,0.22649382054805756,1,ham10000,ISIC_0026728,bkl,HAM_0000884
0,0.18611770868301392,1,ham10000,ISIC_0025293,nv,HAM_0000885
0,0.47329849004745483,1,ham10000,ISIC_0024560,nv,HAM_0000886
1,0.20406965911388397,1,ham10000,ISIC_0030501,mel,HAM_0000887
1,0.045925386250019073,0,ham10000,ISIC_0025085,mel,HAM_0000888
0,0.3226219415664673,1,ham10000,ISIC_0025936,nv,HAM_0000889
0,0.28111812472343445,1,ham10000,ISIC_0029185,nv,HAM_0000890
0,0.590255618095398,1,ham10000,ISIC_0027963,nv,HAM_0000891
0,0.09320659190416336,0,ham10000,ISIC_0024594,nv,HAM_0000892
0,0.24167673289775848,1,ham10000,ISIC_0024825,bkl,HAM_0000893
0,0.4528103172779083,1,ham10000,ISIC_0030478,nv,HAM_0000894
0,0.22398138046264648,1,ham10000,ISIC_0030510,nv,HAM_0000895
0,0.08130768686532974,0,ham10000,ISIC_0025051,nv,HAM_0000896
0,0.024168195202946663,0,ham10000,ISIC_0029306,nv,HAM_0000897
0,0.813101053237915,1,ham10000,ISIC_0025529,bkl,HAM_0000898
0,0.12270477414131165,0,ham10000,ISIC_0029708,nv,HAM_0000899
0,0.06179266795516014,0,ham10000,ISIC_0026552,nv,HAM_0000900
0,0.32060614228248596,1,ham10000,ISIC_0032120,nv,HAM_0000901
0,0.3004547953605652,1,ham10000,ISIC_0027745,df,HAM_0000902
1,0.9261358380317688,1,ham10000,ISIC_0024702,mel,HAM_0000903
0,0.10572794079780579,0,ham10000,ISIC_0025149,nv,HAM_0000904
0,0.21797791123390198,1,ham10000,ISIC_0026338,nv,HAM_0000905
0,0.2477824091911316,1,ham10000,ISIC_0026750,nv,HAM_0000906
0,0.049843352288007736,0,ham10000,ISIC_0025140,bkl,HAM_0000907
0,0.22129324078559875,1,ham10000,ISIC_0028340,nv,HAM_0000908
1,0.3716903328895569,1,ham10000,ISIC_0026981,akiec,HAM_0000909
1,0.08159585297107697,0,ham10000,ISIC_0027797,mel,HAM_0000910
0,0.19330134987831116,1,ham10000,ISIC_0029087,nv,HAM_0000911
0,0.22228610515594482,1,ham10000,ISIC_0026232,nv,HAM_0000912
0,0.05846162512898445,0,ham10000,ISIC_0028559,nv,HAM_0000913
0,0.1412568837404251,1,ham10000,ISIC_0025995,nv,HAM_0000914
1,0.40059545636177063,1,ham10000,ISIC_0030339,bcc,HAM_0000915
0,0.2924397587776184,1,ham10000,ISIC_0032167,nv,HAM_0000916
1,0.8280009627342224,1,ham10000,ISIC_0024701,mel,HAM_0000917
1,0.2541498839855194,1,ham10000,ISIC_0029133,akiec,HAM_0000918
0,0.2671259343624115,1,ham10000,ISIC_0025204,nv,HAM_0000919
0,0.6316418647766113,1,ham10000,ISIC_0028707,bkl,HAM_0000920
0,0.1995556801557541,1,ham10000,ISIC_0026098,nv,HAM_0000921
0,0.4538208544254303,1,ham10000,ISIC_0031111,nv,HAM_0000922
0,0.03464757278561592,0,ham10000,ISIC_0024428,nv,HAM_0000923
0,0.055279940366744995,0,ham10000,ISIC_0026804,nv,HAM_0000924
0,0.44621118903160095,1,ham10000,ISIC_0030041,nv,HAM_0000925
0,0.1372648924589157,0,ham10000,ISIC_0026189,nv,HAM_0000926
0,0.08595604449510574,0,ham10000,ISIC_0027318,nv,HAM_0000927
0,0.4190693199634552,1,ham10000,ISIC_0026777,nv,HAM_0000928
0,0.25432419776916504,1,ham10000,ISIC_0029727,nv,HAM_0000929
0,0.09319505095481873,0,ham10000,ISIC_0027848,nv,HAM_0000930
1,0.724109411239624,1,ham10000,ISIC_0028820,akiec,HAM_0000931
0,0.012045015580952168,0,ham10000,ISIC_0026288,nv,HAM_0000932
0,0.41931214928627014,1,ham10000,ISIC_0024358,bkl,HAM_0000933
0,0.031268808990716934,0,ham10000,ISIC_0031706,vasc,HAM_0000934
0,0.3030025362968445,1,ham10000,ISIC_0027399,nv,HAM_0000935
0,0.06372065842151642,0,ham10000,ISIC_0030388,nv,HAM_0000936
0,0.19663327932357788,1,ham10000,ISIC_0025344,nv,HAM_0000937
0,0.14055947959423065,1,ham10000,ISIC_0031916,nv,HAM_0000938
0,0.17874257266521454,1,ham10000,ISIC_0028620,nv,HAM_0000939
0,0.5624352693557739,1,ham10000,ISIC_0032692,vasc,HAM_0000940
0,0.25986388325691223,1,ham10000,ISIC_0025658,nv,HAM_0000941
0,0.28666117787361145,1,ham10000,ISIC_0028554,nv,HAM_0000942
0,0.4696211516857147,1,ham10000,ISIC_0025900,nv,HAM_0000943
0,0.16710513830184937,1,ham10000,ISIC_0027864,nv,HAM_0000944
0,0.16660061478614807,1,ham10000,ISIC_0031104,nv,HAM_0000945
0,0.24955078959465027,1,ham10000,ISIC_0031775,nv,HAM_0000946
0,0.01834694854915142,0,ham10000,ISIC_0024642,nv,HAM_0000947
0,0.0015116236172616482,0,ham10000,ISIC_0033631,bkl,HAM_0000948
0,0.1575067639350891,1,ham10000,ISIC_0032444,nv,HAM_0000949
0,0.5478827953338623,1,ham10000,ISIC_0030590,nv,HAM_0000950
0,0.22896796464920044,1,ham10000,ISIC_0026003,nv,HAM_0000951
1,0.5968478322029114,1,ham10000,ISIC_0024546,mel,HAM_0000952
1,0.6169724464416504,1,ham10000,ISIC_0026213,bcc,HAM_0000953
1,0.669167160987854,1,ham10000,ISIC_0026100,akiec,HAM_0000954
0,0.10044652968645096,0,ham10000,ISIC_0029036,bkl,HAM_0000955
0,0.0904635488986969,0,ham10000,ISIC_0025251,nv,HAM_0000956
0,0.08830274641513824,0,ham10000,ISIC_0029449,nv,HAM_0000957
0,0.11286452412605286,0,ham10000,ISIC_0028175,nv,HAM_0000958
0,0.15199556946754456,1,ham10000,ISIC_0026532,bkl,HAM_0000959
0,0.15899710357189178,1,ham10000,ISIC_0025779,nv,HAM_0000960
0,0.21478040516376495,1,ham10000,ISIC_0024882,nv,HAM_0000961
0,0.366653174161911,1,ham10000,ISIC_0028674,nv,HAM_0000962
0,0.19178028404712677,1,ham10000,ISIC_0032227,nv,HAM_0000963
0,0.06337780505418777,0,ham10000,ISIC_0028919,nv,HAM_0000964
0,0.2595745325088501,1,ham10000,ISIC_0027855,nv,HAM_0000965
0,0.41303274035453796,1,ham10000,ISIC_0030168,nv,HAM_0000966
1,0.5031619668006897,1,ham10000,ISIC_0025539,akiec,HAM_0000967
1,0.17820972204208374,1,ham10000,ISIC_0026074,bcc,HAM_0000968
0,0.09103906154632568,0,ham10000,ISIC_0028071,nv,HAM_0000969
0,0.34529024362564087,1,ham10000,ISIC_0032574,nv,HAM_0000970
0,0.1650552898645401,1,ham10000,ISIC_0026546,nv,HAM_0000971
0,0.08534789085388184,0,ham10000,ISIC_0031605,nv,HAM_0000972
0,0.5988016724586487,1,ham10000,ISIC_0025222,bkl,HAM_0000973
0,0.45846232771873474,1,ham10000,ISIC_0026262,bkl,HAM_0000974
0,0.2272387444972992,1,ham10000,ISIC_0029267,nv,HAM_0000975
0,0.6007125973701477,1,ham10000,ISIC_0030833,nv,HAM_0000976
0,0.18194061517715454,1,ham10000,ISIC_0024842,nv,HAM_0000977
0,0.39817944169044495,1,ham10000,ISIC_0025882,nv,HAM_0000978
0,0.26819682121276855,1,ham10000,ISIC_0028043,bkl,HAM_0000979
0,0.13381139934062958,0,ham10000,ISIC_0028627,nv,HAM_0000980
0,0.3020669221878052,1,ham10000,ISIC_0024311,nv,HAM_0000981
1,0.6719174385070801,1,ham10000,ISIC_0032356,akiec,HAM_0000982
0,0.011007147841155529,0,ham10000,ISIC_0033490,bkl,HAM_0000983
0,0.1070932000875473,0,ham10000,ISIC_0024376,nv,HAM_0000984
0,0.2199026346206665,1,ham10000,ISIC_0024490,bkl,HAM_0000985
0,0.2304525226354599,1,ham10000,ISIC_0026227,nv,HAM_0000986
1,0.6637593507766724,1,ham10000,ISIC_0025301,bcc,HAM_0000987
1,0.22163639962673187,1,ham10000,ISIC_0031186,mel,HAM_0000988
0,0.0873960554599762,0,ham10000,ISIC_0028070,nv,HAM_0000989
0,0.24157431721687317,1,ham10000,ISIC_0031801,nv,HAM_0000990
0,0.16770382225513458,1,ham10000,ISIC_0028275,nv,HAM_0000991
0,0.2697819173336029,1,ham10000,ISIC_0026661,bkl,HAM_0000992
1,0.5499007105827332,1,ham10000,ISIC_0032696,bcc,HAM_0000993
1,0.26234105229377747,1,ham10000,ISIC_0027545,bcc,HAM_0000994
0,0.1050461083650589,0,ham10000,ISIC_0027241,nv,HAM_0000995
0,0.02326657623052597,0,ham10000,ISIC_0024793,nv,HAM_0000996
0,0.2536263167858124,1,ham10000,ISIC_0030385,nv,HAM_0000997
1,0.3767196536064148,1,ham10000,ISIC_0027544,bcc,HAM_0000998
0,0.07093057781457901,0,ham10000,ISIC_0026567,bkl,HAM_0000999
0,0.22746938467025757,1,ham10000,ISIC_0033353,nv,HAM_0001000
0,0.08498070389032364,0,ham10000,ISIC_0026852,nv,HAM_0001001
0,0.7340066432952881,1,ham10000,ISIC_0026348,nv,HAM_0001002
0,0.1030125692486763,0,ham10000,ISIC_0028629,nv,HAM_0001003
1,0.6836727857589722,1,ham10000,ISIC_0024923,akiec,HAM_0001004
0,0.11098422855138779,0,ham10000,ISIC_0028058,nv,HAM_0001005
0,0.11028943210840225,0,ham10000,ISIC_0027602,nv,HAM_0001006
0,0.1532171368598938,1,ham10000,ISIC_0031758,nv,HAM_0001007
0,0.09458516538143158,0,ham10000,ISIC_0031898,nv,HAM_0001008
0,0.28494229912757874,1,ham10000,ISIC_0029401,nv,HAM_0001009
0,0.3326673209667206,1,ham10000,ISIC_0026170,nv,HAM_0001010
0,0.22449029982089996,1,ham10000,ISIC_0027202,bkl,HAM_0001011
0,0.08809921145439148,0,ham10000,ISIC_0031867,nv,HAM_0001012
0,0.1681353747844696,1,ham10000,ISIC_0031533,nv,HAM_0001013
0,0.22498096525669098,1,ham10000,ISIC_0031278,nv,HAM_0001014
0,0.07575032860040665,0,ham10000,ISIC_0028833,nv,HAM_0001015
0,0.22719046473503113,1,ham10000,ISIC_0028845,nv,HAM_0001016
0,0.06811945140361786,0,ham10000,ISIC_0024507,nv,HAM_0001017
1,0.3816334307193756,1,ham10000,ISIC_0027090,bcc,HAM_0001018
0,0.2112981677055359,1,ham10000,ISIC_0026377,nv,HAM_0001019
0,0.16315969824790955,1,ham10000,ISIC_0030912,nv,HAM_0001020
0,0.24353574216365814,1,ham10000,ISIC_0031332,nv,HAM_0001021
0,0.5043365955352783,1,ham10000,ISIC_0026414,nv,HAM_0001022
1,0.5082594752311707,1,ham10000,ISIC_0026468,akiec,HAM_0001023
0,0.2990511655807495,1,ham10000,ISIC_0027192,bkl,HAM_0001024
0,0.17470452189445496,1,ham10000,ISIC_0030891,nv,HAM_0001025
0,3.030272864634753e-06,0,ham10000,ISIC_0033743,nv,HAM_0001026
0,0.2445746213197708,1,ham10000,ISIC_0026455,nv,HAM_0001027
0,0.2231767773628235,1,ham10000,ISIC_0031220,nv,HAM_0001028
0,0.11623949557542801,0,ham10000,ISIC_0024384,nv,HAM_0001029
0,0.1102747842669487,0,ham10000,ISIC_0027363,nv,HAM_0001030
0,0.35619592666625977,1,ham10000,ISIC_0030626,nv,HAM_0001031
0,0.211919367313385,1,ham10000,ISIC_0028321,nv,HAM_0001032
0,0.1510782390832901,1,ham10000,ISIC_0031658,nv,HAM_0001033
0,0.1851416826248169,1,ham10000,ISIC_0026691,nv,HAM_0001034
0,0.20163381099700928,1,ham10000,ISIC_0026129,nv,HAM_0001035
1,0.2958385944366455,1,ham10000,ISIC_0027588,akiec,HAM_0001036
0,0.6355529427528381,1,ham10000,ISIC_0031645,nv,HAM_0001037
0,0.10158853232860565,0,ham10000,ISIC_0024706,vasc,HAM_0001038
0,0.12858055531978607,0,ham10000,ISIC_0026356,nv,HAM_0001039
0,0.08835694193840027,0,ham10000,ISIC_0032747,nv,HAM_0001040
0,0.6604806780815125,1,ham10000,ISIC_0026886,nv,HAM_0001041
0,0.4972206652164459,1,ham10000,ISIC_0025246,nv,HAM_0001042
0,0.15049636363983154,1,ham10000,ISIC_0026035,nv,HAM_0001043
0,0.12762977182865143,0,ham10000,ISIC_0027322,nv,HAM_0001044
0,0.13880608975887299,0,ham10000,ISIC_0024605,nv,HAM_0001045
0,0.18394656479358673,1,ham10000,ISIC_0032951,nv,HAM_0001046
0,0.07069043070077896,0,ham10000,ISIC_0028853,nv,HAM_0001047
1,0.20802190899848938,1,ham10000,ISIC_0026525,akiec,HAM_0001048
0,0.24272969365119934,1,ham10000,ISIC_0027703,nv,HAM_0001049
0,0.12272883206605911,0,ham10000,ISIC_0030317,nv,HAM_0001050
0,0.14434517920017242,1,ham10000,ISIC_0024686,nv,HAM_0001051
0,0.021708467975258827,0,ham10000,ISIC_0031053,nv,HAM_0001052
0,0.072451151907444,0,ham10000,ISIC_0030998,bkl,HAM_0001053
0,0.15169084072113037,1,ham10000,ISIC_0029006,nv,HAM_0001054
0,0.11864453554153442,0,ham10000,ISIC_0028120,bkl,HAM_0001055
0,0.07573208212852478,0,ham10000,ISIC_0025329,nv,HAM_0001056
0,0.3663274347782135,1,ham10000,ISIC_0024381,bkl,HAM_0001057
0,0.22915895283222198,1,ham10000,ISIC_0024716,nv,HAM_0001058
0,0.29835742712020874,1,ham10000,ISIC_0029282,nv,HAM_0001059
0,0.14584088325500488,1,ham10000,ISIC_0024405,nv,HAM_0001060
0,0.16943120956420898,1,ham10000,ISIC_0029526,nv,HAM_0001061
0,0.23665817081928253,1,ham10000,ISIC_0027710,bkl,HAM_0001062
0,0.25624343752861023,1,ham10000,ISIC_0027180,nv,HAM_0001063
0,0.17527155578136444,1,ham10000,ISIC_0031797,nv,HAM_0001064
0,0.12000449746847153,0,ham10000,ISIC_0030035,nv,HAM_0001065
0,0.21188051998615265,1,ham10000,ISIC_0028949,nv,HAM_0001066
0,0.2921929955482483,1,ham10000,ISIC_0028813,nv,HAM_0001067
0,0.24662725627422333,1,ham10000,ISIC_0029365,nv,HAM_0001068
1,0.14485542476177216,1,ham10000,ISIC_0028898,mel,HAM_0001069
0,0.24524442851543427,1,ham10000,ISIC_0027499,nv,HAM_0001070
0,0.5395248532295227,1,ham10000,ISIC_0027570,nv,HAM_0001071
0,0.16944970190525055,1,ham10000,ISIC_0026041,nv,HAM_0001072
0,0.15940724313259125,1,ham10000,ISIC_0027990,bkl,HAM_0001073
0,0.3768281638622284,1,ham10000,ISIC_0030764,nv,HAM_0001074
0,0.1107155978679657,0,ham10000,ISIC_0028743,nv,HAM_0001075
0,0.6062326431274414,1,ham10000,ISIC_0032646,nv,HAM_0001076
0,0.11900093406438828,0,ham10000,ISIC_0025846,nv,HAM_0001077
1,0.12898001074790955,0,ham10000,ISIC_0027851,bcc,HAM_0001078
0,0.545409619808197,1,ham10000,ISIC_0031371,nv,HAM_0001079
0,0.1491013467311859,1,ham10000,ISIC_0028762,nv,HAM_0001080
0,0.08844757825136185,0,ham10000,ISIC_0026278,nv,HAM_0001081
0,0.24224726855754852,1,ham10000,ISIC_0024696,bkl,HAM_0001082
0,0.11662037670612335,0,ham10000,ISIC_0025540,nv,HAM_0001083
0,0.2981821596622467,1,ham10000,ISIC_0030946,nv,HAM_0001084
0,0.30069831013679504,1,ham10000,ISIC_0025919,nv,HAM_0001085
0,0.24674034118652344,1,ham10000,ISIC_0030499,nv,HAM_0001086
0,0.14928527176380157,1,ham10000,ISIC_0031785,nv,HAM_0001087
0,0.198466494679451,1,ham10000,ISIC_0031959,nv,HAM_0001088
0,0.4361720681190491,1,ham10000,ISIC_0029941,nv,HAM_0001089
0,0.4829389452934265,1,ham10000,ISIC_0031207,nv,HAM_0001090
0,0.47715070843696594,1,ham10000,ISIC_0031955,vasc,HAM_0001091
0,0.2297157496213913,1,ham10000,ISIC_0031962,nv,HAM_0001092
0,0.0728035494685173,0,ham10000,ISIC_0032198,nv,HAM_0001093
0,0.15029475092887878,1,ham10000,ISIC_0031150,bkl,HAM_0001094
1,0.3983828127384186,1,ham10000,ISIC_0026647,mel,HAM_0001095
0,0.2894516587257385,1,ham10000,ISIC_0026932,nv,HAM_0001096
0,0.2511487305164337,1,ham10000,ISIC_0032950,nv,HAM_0001097
0,0.10842118412256241,0,ham10000,ISIC_0024671,nv,HAM_0001098
0,0.1467234194278717,1,ham10000,ISIC_0027955,nv,HAM_0001099
0,0.13625770807266235,0,ham10000,ISIC_0028194,nv,HAM_0001100
0,0.15022459626197815,1,ham10000,ISIC_0030621,nv,HAM_0001101
0,0.2077430933713913,1,ham10000,ISIC_0029903,nv,HAM_0001102
0,0.01928575709462166,0,ham10000,ISIC_0030918,nv,HAM_0001103
0,0.2580413222312927,1,ham10000,ISIC_0027183,nv,HAM_0001104
1,0.09946545958518982,0,ham10000,ISIC_0025592,mel,HAM_0001105
0,0.1045919805765152,0,ham10000,ISIC_0033225,nv,HAM_0001106
0,0.1033160537481308,0,ham10000,ISIC_0027644,nv,HAM_0001107
0,0.22347195446491241,1,ham10000,ISIC_0027313,nv,HAM_0001108
0,0.21532903611660004,1,ham10000,ISIC_0027636,nv,HAM_0001109
0,0.08611925691366196,0,ham10000,ISIC_0024413,nv,HAM_0001110
0,0.6407265067100525,1,ham10000,ISIC_0026209,nv,HAM_0001111
0,0.2532808780670166,1,ham10000,ISIC_0024359,nv,HAM_0001112
1,0.5097695589065552,1,ham10000,ISIC_0031900,mel,HAM_0001113
0,0.28486552834510803,1,ham10000,ISIC_0031260,nv,HAM_0001114
0,0.13816611468791962,0,ham10000,ISIC_0024778,nv,HAM_0001115
0,0.5003698468208313,1,ham10000,ISIC_0028601,nv,HAM_0001116
0,0.2987912595272064,1,ham10000,ISIC_0027411,nv,HAM_0001117
0,0.1970185786485672,1,ham10000,ISIC_0033332,nv,HAM_0001118
0,0.1591200828552246,1,ham10000,ISIC_0025726,nv,HAM_0001120
0,0.24798396229743958,1,ham10000,ISIC_0024788,nv,HAM_0001121
0,0.15145552158355713,1,ham10000,ISIC_0030104,vasc,HAM_0001122
0,0.017103368416428566,0,ham10000,ISIC_0027554,nv,HAM_0001123
0,0.18496176600456238,1,ham10000,ISIC_0026587,nv,HAM_0001124
0,0.10218778252601624,0,ham10000,ISIC_0024827,nv,HAM_0001125
0,0.009183578193187714,0,ham10000,ISIC_0025123,nv,HAM_0001126
0,0.2761794328689575,1,ham10000,ISIC_0029307,nv,HAM_0001127
0,0.1693573296070099,1,ham10000,ISIC_0029444,nv,HAM_0001128
1,0.2284291684627533,1,ham10000,ISIC_0030352,bcc,HAM_0001129
0,0.5754706859588623,1,ham10000,ISIC_0024694,nv,HAM_0001130
0,0.1515013873577118,1,ham10000,ISIC_0029601,nv,HAM_0001131
0,0.15246693789958954,1,ham10000,ISIC_0031562,nv,HAM_0001132
0,0.020684439688920975,0,ham10000,ISIC_0032980,nv,HAM_0001133
0,0.009531299583613873,0,ham10000,ISIC_0026913,nv,HAM_0001134
1,0.07009774446487427,0,ham10000,ISIC_0033152,mel,HAM_0001135
0,0.11391621828079224,0,ham10000,ISIC_0031848,nv,HAM_0001136
0,0.32079774141311646,1,ham10000,ISIC_0029359,nv,HAM_0001137
1,0.08524283021688461,0,ham10000,ISIC_0032768,bcc,HAM_0001138
0,0.0803275853395462,0,ham10000,ISIC_0033028,nv,HAM_0001139
0,0.05486799031496048,0,ham10000,ISIC_0024884,nv,HAM_0001140
0,0.07306059449911118,0,ham10000,ISIC_0028918,nv,HAM_0001141
0,0.0403723306953907,0,ham10000,ISIC_0024503,nv,HAM_0001142
1,0.7031728029251099,1,ham10000,ISIC_0033426,mel,HAM_0001143
0,0.4141586720943451,1,ham10000,ISIC_0030673,nv,HAM_0001144
0,0.36645665764808655,1,ham10000,ISIC_0030400,nv,HAM_0001145
0,0.5168840289115906,1,ham10000,ISIC_0032480,nv,HAM_0001146
0,0.0852435752749443,0,ham10000,ISIC_0033375,nv,HAM_0001147
0,0.19400522112846375,1,ham10000,ISIC_0030103,nv,HAM_0001148
0,0.04092305898666382,0,ham10000,ISIC_0028924,nv,HAM_0001149
1,0.3407343327999115,1,ham10000,ISIC_0030486,mel,HAM_0001150
0,0.11500880867242813,0,ham10000,ISIC_0024649,nv,HAM_0001151
1,0.219923734664917,1,ham10000,ISIC_0030133,akiec,HAM_0001152
0,0.4163450300693512,1,ham10000,ISIC_0025849,nv,HAM_0001153
0,0.1955603063106537,1,ham10000,ISIC_0025013,nv,HAM_0001154
1,0.30197590589523315,1,ham10000,ISIC_0032987,mel,HAM_0001155
0,0.05892324820160866,0,ham10000,ISIC_0030811,nv,HAM_0001156
0,0.32386407256126404,1,ham10000,ISIC_0027423,nv,HAM_0001157
0,0.4275630712509155,1,ham10000,ISIC_0025022,nv,HAM_0001158
0,0.1818239539861679,1,ham10000,ISIC_0026533,nv,HAM_0001159
0,0.0457259938120842,0,ham10000,ISIC_0024340,nv,HAM_0001160
0,0.3340451121330261,1,ham10000,ISIC_0028691,nv,HAM_0001161
0,0.15869063138961792,1,ham10000,ISIC_0029211,nv,HAM_0001162
0,0.2962217926979065,1,ham10000,ISIC_0028997,nv,HAM_0001163
0,0.28091132640838623,1,ham10000,ISIC_0027118,df,HAM_0001164
0,0.1584932953119278,1,ham10000,ISIC_0030199,nv,HAM_0001165
0,0.18032804131507874,1,ham10000,ISIC_0026851,nv,HAM_0001166
0,0.18836069107055664,1,ham10000,ISIC_0028448,bkl,HAM_0001167
0,0.36923694610595703,1,ham10000,ISIC_0024803,nv,HAM_0001168
0,0.20036649703979492,1,ham10000,ISIC_0029328,nv,HAM_0001169
0,0.3740931451320648,1,ham10000,ISIC_0032202,nv,HAM_0001170
0,0.2177877575159073,1,ham10000,ISIC_0032346,nv,HAM_0001171
0,0.24179528653621674,1,ham10000,ISIC_0024821,nv,HAM_0001172
1,0.20701679587364197,1,ham10000,ISIC_0030827,akiec,HAM_0001173
1,0.3282706141471863,1,ham10000,ISIC_0033027,mel,HAM_0001174
0,0.1935109794139862,1,ham10000,ISIC_0033191,nv,HAM_0001175
1,0.3925175964832306,1,ham10000,ISIC_0028644,akiec,HAM_0001176
0,0.3136485815048218,1,ham10000,ISIC_0025154,df,HAM_0001177
1,0.6159417629241943,1,ham10000,ISIC_0031570,akiec,HAM_0001178
0,0.1648307740688324,1,ham10000,ISIC_0029928,nv,HAM_0001179
0,0.14593525230884552,1,ham10000,ISIC_0029303,nv,HAM_0001180
0,0.12920157611370087,0,ham10000,ISIC_0030409,nv,HAM_0001181
0,0.28222760558128357,1,ham10000,ISIC_0029361,nv,HAM_0001182
1,0.7341853380203247,1,ham10000,ISIC_0027846,bcc,HAM_0001183
0,0.08214173465967178,0,ham10000,ISIC_0028330,nv,HAM_0001184
0,0.21082451939582825,1,ham10000,ISIC_0029063,nv,HAM_0001185
0,0.9371395707130432,1,ham10000,ISIC_0033391,bkl,HAM_0001186
0,0.17095418274402618,1,ham10000,ISIC_0027914,nv,HAM_0001187
0,0.056477636098861694,0,ham10000,ISIC_0032162,nv,HAM_0001188
0,0.21353374421596527,1,ham10000,ISIC_0029777,nv,HAM_0001189
0,0.28431451320648193,1,ham10000,ISIC_0026071,nv,HAM_0001190
0,0.09944209456443787,0,ham10000,ISIC_0028452,nv,HAM_0001191
0,0.060999028384685516,0,ham10000,ISIC_0031546,nv,HAM_0001192
0,0.09596844762563705,0,ham10000,ISIC_0029125,nv,HAM_0001193
0,0.250227689743042,1,ham10000,ISIC_0028991,nv,HAM_0001194
0,0.2621563673019409,1,ham10000,ISIC_0031161,nv,HAM_0001195
0,0.027525989338755608,0,ham10000,ISIC_0028088,nv,HAM_0001196
0,0.36565351486206055,1,ham10000,ISIC_0031420,nv,HAM_0001197
0,0.08079301565885544,0,ham10000,ISIC_0025441,nv,HAM_0001198
0,0.17344097793102264,1,ham10000,ISIC_0025802,nv,HAM_0001199
0,0.4761497378349304,1,ham10000,ISIC_0025716,bkl,HAM_0001200
0,0.29713013768196106,1,ham10000,ISIC_0024691,nv,HAM_0001201
1,0.7912464141845703,1,ham10000,ISIC_0028022,mel,HAM_0001202
1,0.18801110982894897,1,ham10000,ISIC_0025081,mel,HAM_0001203
0,0.34207093715667725,1,ham10000,ISIC_0030185,nv,HAM_0001204
0,0.15557624399662018,1,ham10000,ISIC_0025034,nv,HAM_0001205
0,0.16713084280490875,1,ham10000,ISIC_0031320,nv,HAM_0001206
0,0.10601287335157394,0,ham10000,ISIC_0032436,nv,HAM_0001207
0,0.15295295417308807,1,ham10000,ISIC_0026047,nv,HAM_0001208
0,0.12638594210147858,0,ham10000,ISIC_0033064,nv,HAM_0001209
0,0.4463117718696594,1,ham10000,ISIC_0025841,nv,HAM_0001210
0,0.3332595229148865,1,ham10000,ISIC_0033781,nv,HAM_0001211
0,0.7597594261169434,1,ham10000,ISIC_0024846,nv,HAM_0001212
0,0.16100266575813293,1,ham10000,ISIC_0026731,nv,HAM_0001213
1,0.7493025064468384,1,ham10000,ISIC_0025439,mel,HAM_0001214
1,0.7045546770095825,1,ham10000,ISIC_0025260,bcc,HAM_0001215
0,0.08627845346927643,0,ham10000,ISIC_0026499,nv,HAM_0001216
0,0.15888267755508423,1,ham10000,ISIC_0032864,nv,HAM_0001218
1,0.30456674098968506,1,ham10000,ISIC_0028335,akiec,HAM_0001219
0,0.1957903802394867,1,ham10000,ISIC_0027931,nv,HAM_0001220
0,0.5370373129844666,1,ham10000,ISIC_0026637,bkl,HAM_0001221
0,0.1302068829536438,0,ham10000,ISIC_0029916,nv,HAM_0001222
0,0.4263424277305603,1,ham10000,ISIC_0030789,bkl,HAM_0001223
0,0.5793461799621582,1,ham10000,ISIC_0030777,nv,HAM_0001224
0,0.22629360854625702,1,ham10000,ISIC_0025977,nv,HAM_0001225
0,0.6073357462882996,1,ham10000,ISIC_0030636,bkl,HAM_0001226
0,0.22660678625106812,1,ham10000,ISIC_0032210,nv,HAM_0001227
0,0.04567424952983856,0,ham10000,ISIC_0031717,nv,HAM_0001228
0,0.09945819526910782,0,ham10000,ISIC_0032401,nv,HAM_0001229
0,0.5463795065879822,1,ham10000,ISIC_0025295,nv,HAM_0001230
0,0.22601085901260376,1,ham10000,ISIC_0025878,nv,HAM_0001231
0,0.30731454491615295,1,ham10000,ISIC_0026614,bkl,HAM_0001232
0,0.14354956150054932,1,ham10000,ISIC_0029110,nv,HAM_0001233
1,0.3613671064376831,1,ham10000,ISIC_0031940,akiec,HAM_0001234
0,0.08721410483121872,0,ham10000,ISIC_0024530,nv,HAM_0001235
0,0.41454097628593445,1,ham10000,ISIC_0030615,nv,HAM_0001236
1,0.777604877948761,1,ham10000,ISIC_0029680,bcc,HAM_0001237
0,0.020705217495560646,0,ham10000,ISIC_0032409,vasc,HAM_0001238
1,0.6875244379043579,1,ham10000,ISIC_0031640,bcc,HAM_0001239
0,0.08751928061246872,0,ham10000,ISIC_0026871,bkl,HAM_0001240
0,0.2389478087425232,1,ham10000,ISIC_0031461,nv,HAM_0001241
0,0.31128019094467163,1,ham10000,ISIC_0025988,nv,HAM_0001242
1,0.6023880839347839,1,ham10000,ISIC_0033747,bcc,HAM_0001243
0,0.11122715473175049,0,ham10000,ISIC_0030530,nv,HAM_0001244
0,0.5967782139778137,1,ham10000,ISIC_0025575,bkl,HAM_0001245
0,0.23057781159877777,1,ham10000,ISIC_0032822,nv,HAM_0001246
0,0.23212550580501556,1,ham10000,ISIC_0024557,nv,HAM_0001247
0,0.5901145935058594,1,ham10000,ISIC_0025177,nv,HAM_0001248
0,0.17590288817882538,1,ham10000,ISIC_0033817,vasc,HAM_0001249
0,0.20578975975513458,1,ham10000,ISIC_0026972,nv,HAM_0001251
0,0.0958574041724205,0,ham10000,ISIC_0026284,nv,HAM_0001252
0,0.10105953365564346,0,ham10000,ISIC_0025704,nv,HAM_0001253
0,0.1804487556219101,1,ham10000,ISIC_0030987,nv,HAM_0001254
0,0.13949069380760193,0,ham10000,ISIC_0030948,nv,HAM_0001255
0,0.1022632047533989,0,ham10000,ISIC_0025997,nv,HAM_0001256
0,0.17102035880088806,1,ham10000,ISIC_0024614,nv,HAM_0001257
1,0.24474738538265228,1,ham10000,ISIC_0025331,akiec,HAM_0001258
0,0.2355884462594986,1,ham10000,ISIC_0028252,nv,HAM_0001259
0,0.0786217749118805,0,ham10000,ISIC_0024421,nv,HAM_0001260
0,0.1017022505402565,0,ham10000,ISIC_0025332,nv,HAM_0001261
0,0.1611282378435135,1,ham10000,ISIC_0026677,nv,HAM_0001262
0,0.3421865999698639,1,ham10000,ISIC_0031463,nv,HAM_0001263
0,0.09756392240524292,0,ham10000,ISIC_0032838,nv,HAM_0001264
0,0.0010032581631094217,0,ham10000,ISIC_0025061,nv,HAM_0001265
1,0.40355682373046875,1,ham10000,ISIC_0029909,mel,HAM_0001266
0,0.1754794716835022,1,ham10000,ISIC_0030454,nv,HAM_0001267
0,0.1254599243402481,0,ham10000,ISIC_0025535,nv,HAM_0001268
0,0.45751631259918213,1,ham10000,ISIC_0027582,nv,HAM_0001269
0,0.23487228155136108,1,ham10000,ISIC_0031935,nv,HAM_0001270
0,0.28025299310684204,1,ham10000,ISIC_0030949,nv,HAM_0001271
1,0.7980517745018005,1,ham10000,ISIC_0029265,mel,HAM_0001272
0,0.37529945373535156,1,ham10000,ISIC_0027806,bkl,HAM_0001273
1,0.15924657881259918,1,ham10000,ISIC_0032462,mel,HAM_0001274
0,0.10432372242212296,0,ham10000,ISIC_0025495,nv,HAM_0001275
0,0.9713500142097473,1,ham10000,ISIC_0031948,nv,HAM_0001276
1,0.2770352363586426,1,ham10000,ISIC_0031927,akiec,HAM_0001277
0,0.32905706763267517,1,ham10000,ISIC_0024527,nv,HAM_0001278
0,0.5494637489318848,1,ham10000,ISIC_0025855,nv,HAM_0001279
1,0.7856199741363525,1,ham10000,ISIC_0033704,mel,HAM_0001280
0,0.08270065486431122,0,ham10000,ISIC_0027048,nv,HAM_0001281
0,0.3282511234283447,1,ham10000,ISIC_0028269,nv,HAM_0001282
1,0.7640169262886047,1,ham10000,ISIC_0026845,bcc,HAM_0001283
1,0.7980107665061951,1,ham10000,ISIC_0024972,mel,HAM_0001284
0,0.2403155416250229,1,ham10000,ISIC_0031553,nv,HAM_0001285
0,0.31746163964271545,1,ham10000,ISIC_0031846,nv,HAM_0001286
0,0.22438393533229828,1,ham10000,ISIC_0024535,nv,HAM_0001287
0,0.16323857009410858,1,ham10000,ISIC_0029757,nv,HAM_0001288
0,0.1644112914800644,1,ham10000,ISIC_0026725,nv,HAM_0001289
0,0.17037323117256165,1,ham10000,ISIC_0032263,nv,HAM_0001290
0,0.07860250025987625,0,ham10000,ISIC_0024613,nv,HAM_0001291
0,0.27591103315353394,1,ham10000,ISIC_0027094,bkl,HAM_0001292
0,0.26933956146240234,1,ham10000,ISIC_0030062,nv,HAM_0001293
0,0.29055318236351013,1,ham10000,ISIC_0028124,bkl,HAM_0001294
0,0.16911928355693817,1,ham10000,ISIC_0024703,nv,HAM_0001295
1,0.38269928097724915,1,ham10000,ISIC_0028316,bcc,HAM_0001296
0,0.015064382925629616,0,ham10000,ISIC_0030135,nv,HAM_0001297
0,0.32712340354919434,1,ham10000,ISIC_0024731,nv,HAM_0001298
1,0.8603240847587585,1,ham10000,ISIC_0026545,mel,HAM_0001299
0,0.12203942239284515,0,ham10000,ISIC_0029497,nv,HAM_0001300
1,0.49767518043518066,1,ham10000,ISIC_0032307,bcc,HAM_0001301
1,0.6153306365013123,1,ham10000,ISIC_0032206,akiec,HAM_0001302
0,0.09428117424249649,0,ham10000,ISIC_0028753,nv,HAM_0001303
0,0.1500396728515625,1,ham10000,ISIC_0028328,nv,HAM_0001304
0,0.24436037242412567,1,ham10000,ISIC_0030887,nv,HAM_0001305
0,0.17507591843605042,1,ham10000,ISIC_0026603,nv,HAM_0001306
0,0.21750803291797638,1,ham10000,ISIC_0025041,nv,HAM_0001307
0,0.40066173672676086,1,ham10000,ISIC_0025740,nv,HAM_0001308
0,0.04171152785420418,0,ham10000,ISIC_0032876,bkl,HAM_0001309
0,0.2977161705493927,1,ham10000,ISIC_0027820,bkl,HAM_0001310
0,0.21617215871810913,1,ham10000,ISIC_0031544,nv,HAM_0001311
0,0.3129751682281494,1,ham10000,ISIC_0024871,bkl,HAM_0001312
0,0.12304731458425522,0,ham10000,ISIC_0025562,nv,HAM_0001313
0,0.12611430883407593,0,ham10000,ISIC_0029675,nv,HAM_0001314
0,0.2919423282146454,1,ham10000,ISIC_0031628,nv,HAM_0001315
0,0.2082953304052353,1,ham10000,ISIC_0031660,nv,HAM_0001316
0,0.251223087310791,1,ham10000,ISIC_0027995,nv,HAM_0001317
0,0.12028924375772476,0,ham10000,ISIC_0028305,nv,HAM_0001318
0,0.6064750552177429,1,ham10000,ISIC_0026053,nv,HAM_0001319
0,0.31838634610176086,1,ham10000,ISIC_0028638,nv,HAM_0001320
0,0.49363213777542114,1,ham10000,ISIC_0032831,nv,HAM_0001321
0,0.4393635392189026,1,ham10000,ISIC_0028962,nv,HAM_0001322
0,0.1281631886959076,0,ham10000,ISIC_0032087,nv,HAM_0001323
0,0.40351590514183044,1,ham10000,ISIC_0028435,nv,HAM_0001324
0,0.42823806405067444,1,ham10000,ISIC_0030522,bkl,HAM_0001325
1,0.7972659468650818,1,ham10000,ISIC_0030145,bcc,HAM_0001326
0,0.5801327228546143,1,ham10000,ISIC_0032489,nv,HAM_0001327
1,0.5404233932495117,1,ham10000,ISIC_0028442,mel,HAM_0001328
0,0.05936247855424881,0,ham10000,ISIC_0029650,nv,HAM_0001329
0,0.02737676165997982,0,ham10000,ISIC_0026818,nv,HAM_0001330
1,0.6874374747276306,1,ham10000,ISIC_0025824,bcc,HAM_0001331
0,0.23918701708316803,1,ham10000,ISIC_0026953,nv,HAM_0001332
0,0.2022145390510559,1,ham10000,ISIC_0028948,nv,HAM_0001333
0,0.2858748137950897,1,ham10000,ISIC_0030328,nv,HAM_0001334
0,0.2262299656867981,1,ham10000,ISIC_0026555,nv,HAM_0001335
0,0.42530107498168945,1,ham10000,ISIC_0028935,nv,HAM_0001336
1,0.7468101978302002,1,ham10000,ISIC_0032455,akiec,HAM_0001337
0,0.307867169380188,1,ham10000,ISIC_0028428,nv,HAM_0001338
0,0.37574756145477295,1,ham10000,ISIC_0026201,nv,HAM_0001339
0,0.06258470565080643,0,ham10000,ISIC_0025290,nv,HAM_0001340
0,0.4140363335609436,1,ham10000,ISIC_0025191,nv,HAM_0001341
0,0.7395012378692627,1,ham10000,ISIC_0029366,nv,HAM_0001342
1,0.7102176547050476,1,ham10000,ISIC_0032687,mel,HAM_0001344
0,0.18336749076843262,1,ham10000,ISIC_0028407,nv,HAM_0001345
0,0.16618841886520386,1,ham10000,ISIC_0026928,nv,HAM_0001346
0,0.061907507479190826,0,ham10000,ISIC_0025181,nv,HAM_0001347
0,0.0038378085009753704,0,ham10000,ISIC_0028259,nv,HAM_0001348
1,0.42935606837272644,1,ham10000,ISIC_0024351,mel,HAM_0001349
0,0.176505446434021,1,ham10000,ISIC_0030221,nv,HAM_0001350
0,0.07935036718845367,0,ham10000,ISIC_0031684,nv,HAM_0001351
0,0.1988743543624878,1,ham10000,ISIC_0029896,nv,HAM_0001352
1,0.25029027462005615,1,ham10000,ISIC_0024886,mel,HAM_0001353
0,0.4818994104862213,1,ham10000,ISIC_0033321,bkl,HAM_0001354
0,0.33632349967956543,1,ham10000,ISIC_0028711,nv,HAM_0001355
0,0.05515623092651367,0,ham10000,ISIC_0026333,nv,HAM_0001356
0,0.04681888222694397,0,ham10000,ISIC_0027145,nv,HAM_0001357
0,0.5332237482070923,1,ham10000,ISIC_0032680,nv,HAM_0001358
0,0.6001689434051514,1,ham10000,ISIC_0024312,bkl,HAM_0001359
0,0.08021513372659683,0,ham10000,ISIC_0029965,nv,HAM_0001360
0,0.16301438212394714,1,ham10000,ISIC_0026076,nv,HAM_0001361
0,0.44133204221725464,1,ham10000,ISIC_0025838,bkl,HAM_0001362
0,0.203258216381073,1,ham10000,ISIC_0026900,nv,HAM_0001363
0,0.21064645051956177,1,ham10000,ISIC_0029510,nv,HAM_0001364
0,0.13791775703430176,0,ham10000,ISIC_0026307,nv,HAM_0001365
0,0.023472996428608894,0,ham10000,ISIC_0032814,nv,HAM_0001366
0,0.3691313564777374,1,ham10000,ISIC_0029239,nv,HAM_0001367
0,0.25281453132629395,1,ham10000,ISIC_0029445,nv,HAM_0001368
1,0.20149175822734833,1,ham10000,ISIC_0026957,bcc,HAM_0001369
0,0.08631625771522522,0,ham10000,ISIC_0030257,nv,HAM_0001370
0,0.054996032267808914,0,ham10000,ISIC_0029322,nv,HAM_0001371
0,0.08688949048519135,0,ham10000,ISIC_0031103,vasc,HAM_0001372
0,0.5099664926528931,1,ham10000,ISIC_0029999,nv,HAM_0001373
0,0.29500189423561096,1,ham10000,ISIC_0029946,nv,HAM_0001374
0,0.1463695466518402,1,ham10000,ISIC_0026238,nv,HAM_0001375
0,0.2223498821258545,1,ham10000,ISIC_0031437,nv,HAM_0001376
0,0.07620073854923248,0,ham10000,ISIC_0030054,nv,HAM_0001377
1,0.14007113873958588,0,ham10000,ISIC_0025313,mel,HAM_0001378
0,0.15882337093353271,1,ham10000,ISIC_0030618,nv,HAM_0001379
0,0.28798386454582214,1,ham10000,ISIC_0031568,nv,HAM_0001380
0,0.16750647127628326,1,ham10000,ISIC_0028870,nv,HAM_0001381
0,0.21509772539138794,1,ham10000,ISIC_0028922,nv,HAM_0001382
1,0.24040308594703674,1,ham10000,ISIC_0027700,akiec,HAM_0001383
0,0.20612750947475433,1,ham10000,ISIC_0033397,bkl,HAM_0001384
0,0.502964437007904,1,ham10000,ISIC_0033212,bkl,HAM_0001385
1,0.2574898600578308,1,ham10000,ISIC_0027668,akiec,HAM_0001386
0,0.2885715663433075,1,ham10000,ISIC_0024879,nv,HAM_0001387
1,0.35353463888168335,1,ham10000,ISIC_0032225,bcc,HAM_0001388
0,0.3899487853050232,1,ham10000,ISIC_0026775,bkl,HAM_0001389
1,0.34002846479415894,1,ham10000,ISIC_0024411,bcc,HAM_0001390
0,0.20220546424388885,1,ham10000,ISIC_0024584,nv,HAM_0001391
0,0.022117754444479942,0,ham10000,ISIC_0030411,nv,HAM_0001392
0,0.09838887304067612,0,ham10000,ISIC_0027418,nv,HAM_0001393
0,0.4020717442035675,1,ham10000,ISIC_0031864,nv,HAM_0001394
0,0.07700072973966599,0,ham10000,ISIC_0031818,nv,HAM_0001395
0,0.6475228667259216,1,ham10000,ISIC_0025276,bkl,HAM_0001396
1,0.2787611782550812,1,ham10000,ISIC_0026796,mel,HAM_0001397
0,0.20686577260494232,1,ham10000,ISIC_0027934,nv,HAM_0001398
0,0.22519457340240479,1,ham10000,ISIC_0030207,bkl,HAM_0001399
0,0.3619317412376404,1,ham10000,ISIC_0033059,nv,HAM_0001400
0,0.1362738162279129,0,ham10000,ISIC_0031729,nv,HAM_0001401
0,0.29592248797416687,1,ham10000,ISIC_0031558,bkl,HAM_0001402
0,0.22726444900035858,1,ham10000,ISIC_0025852,nv,HAM_0001403
0,0.15069794654846191,1,ham10000,ISIC_0028533,nv,HAM_0001404
0,0.1221318244934082,0,ham10000,ISIC_0033033,nv,HAM_0001405
0,0.2622063159942627,1,ham10000,ISIC_0026592,nv,HAM_0001406
0,0.07866810262203217,0,ham10000,ISIC_0025931,nv,HAM_0001407
0,0.08088034391403198,0,ham10000,ISIC_0031004,nv,HAM_0001408
1,0.4581032395362854,1,ham10000,ISIC_0026188,mel,HAM_0001409
0,0.25723010301589966,1,ham10000,ISIC_0024830,nv,HAM_0001410
0,0.18094706535339355,1,ham10000,ISIC_0027869,nv,HAM_0001411
1,0.48921266198158264,1,ham10000,ISIC_0033678,mel,HAM_0001412
0,0.184752956032753,1,ham10000,ISIC_0032104,nv,HAM_0001413
0,0.5296466946601868,1,ham10000,ISIC_0024473,nv,HAM_0001414
1,0.32698169350624084,1,ham10000,ISIC_0025019,bcc,HAM_0001415
1,0.3480037450790405,1,ham10000,ISIC_0025427,akiec,HAM_0001416
0,0.1088956892490387,0,ham10000,ISIC_0027533,bkl,HAM_0001417
0,0.14631196856498718,1,ham10000,ISIC_0025062,nv,HAM_0001418
0,0.14408937096595764,1,ham10000,ISIC_0024892,nv,HAM_0001419
0,0.014020701870322227,0,ham10000,ISIC_0025544,nv,HAM_0001420
0,0.1619936227798462,1,ham10000,ISIC_0027586,nv,HAM_0001421
0,0.16288331151008606,1,ham10000,ISIC_0029414,nv,HAM_0001422
0,0.5403614044189453,1,ham10000,ISIC_0025454,bkl,HAM_0001423
1,0.40084317326545715,1,ham10000,ISIC_0031318,bcc,HAM_0001424
0,0.20744328200817108,1,ham10000,ISIC_0029701,nv,HAM_0001425
0,0.23441928625106812,1,ham10000,ISIC_0029154,nv,HAM_0001426
0,0.3557899594306946,1,ham10000,ISIC_0032163,nv,HAM_0001427
1,0.7139039039611816,1,ham10000,ISIC_0026268,mel,HAM_0001428
0,0.509807288646698,1,ham10000,ISIC_0027875,bkl,HAM_0001429
0,0.0025502450298517942,0,ham10000,ISIC_0031088,bkl,HAM_0001430
0,0.11102815717458725,0,ham10000,ISIC_0028142,nv,HAM_0001431
0,0.2877871096134186,1,ham10000,ISIC_0024393,nv,HAM_0001432
0,0.12502212822437286,0,ham10000,ISIC_0033735,nv,HAM_0001433
1,0.46187880635261536,1,ham10000,ISIC_0028568,bcc,HAM_0001434
0,0.27239784598350525,1,ham10000,ISIC_0028970,bkl,HAM_0001435
0,0.3238455653190613,1,ham10000,ISIC_0029128,nv,HAM_0001436
0,0.05572965741157532,0,ham10000,ISIC_0033314,nv,HAM_0001437
0,0.1468343734741211,1,ham10000,ISIC_0030490,nv,HAM_0001438
0,0.2820436656475067,1,ham10000,ISIC_0024442,nv,HAM_0001439
1,0.18482066690921783,1,ham10000,ISIC_0027704,bcc,HAM_0001440
0,0.2269459366798401,1,ham10000,ISIC_0024660,nv,HAM_0001441
0,0.0763109102845192,0,ham10000,ISIC_0034053,nv,HAM_0001442
0,0.14684200286865234,1,ham10000,ISIC_0025804,bkl,HAM_0001443
1,0.49253910779953003,1,ham10000,ISIC_0024688,mel,HAM_0001444
0,0.23999431729316711,1,ham10000,ISIC_0029433,nv,HAM_0001445
1,0.6762992739677429,1,ham10000,ISIC_0026754,mel,HAM_0001446
0,0.4316881000995636,1,ham10000,ISIC_0027247,nv,HAM_0001447
0,0.12028079479932785,0,ham10000,ISIC_0029496,nv,HAM_0001448
0,0.09552177786827087,0,ham10000,ISIC_0028967,nv,HAM_0001449
0,0.21203437447547913,1,ham10000,ISIC_0030771,nv,HAM_0001450
0,0.09394341707229614,0,ham10000,ISIC_0029960,nv,HAM_0001451
0,0.46893638372421265,1,ham10000,ISIC_0026402,nv,HAM_0001452
1,0.27412569522857666,1,ham10000,ISIC_0030991,akiec,HAM_0001453
0,0.2787993252277374,1,ham10000,ISIC_0027466,nv,HAM_0001454
0,0.07703828811645508,0,ham10000,ISIC_0031933,nv,HAM_0001455
1,0.11603725701570511,0,ham10000,ISIC_0025835,mel,HAM_0001456
1,0.6537725329399109,1,ham10000,ISIC_0029856,bcc,HAM_0001457
0,0.19232794642448425,1,ham10000,ISIC_0032136,nv,HAM_0001458
0,0.1318892389535904,0,ham10000,ISIC_0030529,nv,HAM_0001459
1,0.2369711548089981,1,ham10000,ISIC_0025637,akiec,HAM_0001460
0,0.2033769190311432,1,ham10000,ISIC_0028440,nv,HAM_0001461
0,0.11751732975244522,0,ham10000,ISIC_0026748,nv,HAM_0001462
0,0.13993403315544128,0,ham10000,ISIC_0028040,nv,HAM_0001463
0,0.09597895294427872,0,ham10000,ISIC_0028319,nv,HAM_0001464
1,0.363519549369812,1,ham10000,ISIC_0032699,mel,HAM_0001465
0,0.506737232208252,1,ham10000,ISIC_0027850,bkl,HAM_0001466
0,0.27174365520477295,1,ham10000,ISIC_0032501,nv,HAM_0001467
0,0.13734889030456543,0,ham10000,ISIC_0024469,nv,HAM_0001468
0,0.053544338792562485,0,ham10000,ISIC_0029289,bkl,HAM_0001469
0,0.030295809730887413,0,ham10000,ISIC_0030361,nv,HAM_0001470
0,0.33820560574531555,1,ham10000,ISIC_0031843,nv,HAM_0001471
0,0.18749776482582092,1,ham10000,ISIC_0024334,nv,HAM_0001472
0,0.12520894408226013,0,ham10000,ISIC_0029022,bkl,HAM_0001473
1,0.578321099281311,1,ham10000,ISIC_0026765,akiec,HAM_0001474
0,0.1988837867975235,1,ham10000,ISIC_0024446,bkl,HAM_0001475
0,0.15754182636737823,1,ham10000,ISIC_0025343,nv,HAM_0001476
0,0.10188295692205429,0,ham10000,ISIC_0024308,nv,HAM_0001477
0,0.18792574107646942,1,ham10000,ISIC_0031689,nv,HAM_0001478
0,0.336742103099823,1,ham10000,ISIC_0024784,nv,HAM_0001479
0,0.1755864918231964,1,ham10000,ISIC_0026835,bkl,HAM_0001480
0,0.2643870413303375,1,ham10000,ISIC_0028363,nv,HAM_0001481
0,0.1273317039012909,0,ham10000,ISIC_0027691,nv,HAM_0001482
0,0.23680701851844788,1,ham10000,ISIC_0030752,nv,HAM_0001483
0,0.0929131805896759,0,ham10000,ISIC_0032623,nv,HAM_0001484
0,0.17096950113773346,1,ham10000,ISIC_0029853,nv,HAM_0001485
0,0.2159423679113388,1,ham10000,ISIC_0029384,bkl,HAM_0001486
0,0.023895250633358955,0,ham10000,ISIC_0031601,bkl,HAM_0001487
0,0.07837757468223572,0,ham10000,ISIC_0031765,nv,HAM_0001489
0,0.21661964058876038,1,ham10000,ISIC_0033176,nv,HAM_0001490
0,0.09304160624742508,0,ham10000,ISIC_0027396,nv,HAM_0001491
0,0.2127450704574585,1,ham10000,ISIC_0025305,nv,HAM_0001492
0,0.008111746050417423,0,ham10000,ISIC_0032373,bkl,HAM_0001493
0,0.37610626220703125,1,ham10000,ISIC_0026621,nv,HAM_0001494
1,0.5160125494003296,1,ham10000,ISIC_0024913,akiec,HAM_0001495
0,0.20393887162208557,1,ham10000,ISIC_0028000,nv,HAM_0001496
0,0.21152935922145844,1,ham10000,ISIC_0026608,nv,HAM_0001497
0,0.05957045778632164,0,ham10000,ISIC_0027523,nv,HAM_0001498
1,0.4501464068889618,1,ham10000,ISIC_0031929,akiec,HAM_0001499
0,0.3690865635871887,1,ham10000,ISIC_0025527,nv,HAM_0001500
0,0.08181845396757126,0,ham10000,ISIC_0024397,nv,HAM_0001501
0,0.03753693029284477,0,ham10000,ISIC_0027482,nv,HAM_0001502
1,0.19913950562477112,1,ham10000,ISIC_0025940,bcc,HAM_0001503
0,0.0868384838104248,0,ham10000,ISIC_0025274,nv,HAM_0001504
1,0.5592187643051147,1,ham10000,ISIC_0024511,akiec,HAM_0001505
1,0.005042121279984713,0,ham10000,ISIC_0033051,mel,HAM_0001506
0,0.6857383251190186,1,ham10000,ISIC_0028362,nv,HAM_0001507
0,0.06730707734823227,0,ham10000,ISIC_0029298,nv,HAM_0001508
0,0.23285843431949615,1,ham10000,ISIC_0033044,nv,HAM_0001509
0,0.27765005826950073,1,ham10000,ISIC_0028100,bkl,HAM_0001510
0,0.2542041838169098,1,ham10000,ISIC_0033002,nv,HAM_0001511
0,0.4213820695877075,1,ham10000,ISIC_0025078,nv,HAM_0001512
0,0.0740412250161171,0,ham10000,ISIC_0032491,nv,HAM_0001513
0,0.20467829704284668,1,ham10000,ISIC_0024659,nv,HAM_0001514
0,0.10196340084075928,0,ham10000,ISIC_0028842,bkl,HAM_0001515
0,0.1379687786102295,0,ham10000,ISIC_0027830,nv,HAM_0001516
0,0.40275150537490845,1,ham10000,ISIC_0028825,nv,HAM_0001517
0,0.3063338100910187,1,ham10000,ISIC_0028914,nv,HAM_0001518
0,0.23805484175682068,1,ham10000,ISIC_0031661,nv,HAM_0001519
1,0.35801276564598083,1,ham10000,ISIC_0027294,akiec,HAM_0001520
0,0.26229122281074524,1,ham10000,ISIC_0031860,nv,HAM_0001521
0,0.08790849149227142,0,ham10000,ISIC_0025084,nv,HAM_0001522
0,0.3896547853946686,1,ham10000,ISIC_0028523,nv,HAM_0001523
1,0.8706365823745728,1,ham10000,ISIC_0032915,mel,HAM_0001524
0,0.2712578773498535,1,ham10000,ISIC_0024355,nv,HAM_0001525
1,0.41159892082214355,1,ham10000,ISIC_0027795,akiec,HAM_0001526
0,0.4329215884208679,1,ham10000,ISIC_0026767,nv,HAM_0001527
1,0.343458354473114,1,ham10000,ISIC_0025601,bcc,HAM_0001528
0,0.3702181875705719,1,ham10000,ISIC_0025103,bkl,HAM_0001529
0,0.18668924272060394,1,ham10000,ISIC_0030013,nv,HAM_0001530
1,0.7785411477088928,1,ham10000,ISIC_0024951,mel,HAM_0001531
1,0.1638043075799942,1,ham10000,ISIC_0027204,mel,HAM_0001532
0,0.14030110836029053,1,ham10000,ISIC_0028244,nv,HAM_0001533
0,0.267132967710495,1,ham10000,ISIC_0024365,nv,HAM_0001534
0,0.26591524481773376,1,ham10000,ISIC_0026653,nv,HAM_0001535
0,0.2520514726638794,1,ham10000,ISIC_0026842,bkl,HAM_0001536
0,0.08929271250963211,0,ham10000,ISIC_0026467,vasc,HAM_0001537
0,0.17531566321849823,1,ham10000,ISIC_0024322,nv,HAM_0001538
0,0.7660019397735596,1,ham10000,ISIC_0026444,bkl,HAM_0001539
0,0.2929838001728058,1,ham10000,ISIC_0028299,nv,HAM_0001540
0,0.09511981904506683,0,ham10000,ISIC_0026218,nv,HAM_0001541
0,0.21499475836753845,1,ham10000,ISIC_0026874,nv,HAM_0001542
0,0.22840631008148193,1,ham10000,ISIC_0029639,nv,HAM_0001543
0,0.23106138408184052,1,ham10000,ISIC_0030875,nv,HAM_0001544
0,0.2299390286207199,1,ham10000,ISIC_0030278,nv,HAM_0001545
0,0.6287979483604431,1,ham10000,ISIC_0027584,bkl,HAM_0001546
0,0.45681464672088623,1,ham10000,ISIC_0034209,nv,HAM_0001547
0,0.15961869060993195,1,ham10000,ISIC_0032254,nv,HAM_0001548
0,0.3774263262748718,1,ham10000,ISIC_0026723,nv,HAM_0001549
0,0.09061186015605927,0,ham10000,ISIC_0026020,nv,HAM_0001550
1,0.29655054211616516,1,ham10000,ISIC_0027420,mel,HAM_0001551
0,0.5559188723564148,1,ham10000,ISIC_0025899,nv,HAM_0001552
0,0.3536568582057953,1,ham10000,ISIC_0025966,nv,HAM_0001553
0,0.49384480714797974,1,ham10000,ISIC_0030836,nv,HAM_0001554
0,0.10395349562168121,0,ham10000,ISIC_0027236,nv,HAM_0001555
0,0.12369930744171143,0,ham10000,ISIC_0031865,nv,HAM_0001556
0,0.17197076976299286,1,ham10000,ISIC_0029939,nv,HAM_0001557
0,0.1618690937757492,1,ham10000,ISIC_0025007,nv,HAM_0001558
0,0.2722068428993225,1,ham10000,ISIC_0029968,nv,HAM_0001559
0,0.18627050518989563,1,ham10000,ISIC_0026181,nv,HAM_0001560
0,0.5790577530860901,1,ham10000,ISIC_0032740,bkl,HAM_0001561
0,0.10901788622140884,0,ham10000,ISIC_0027713,bkl,HAM_0001562
0,0.2928692400455475,1,ham10000,ISIC_0028633,nv,HAM_0001563
0,0.0963408350944519,0,ham10000,ISIC_0027913,nv,HAM_0001564
1,0.4456563889980316,1,ham10000,ISIC_0026709,akiec,HAM_0001565
0,0.27270418405532837,1,ham10000,ISIC_0024747,vasc,HAM_0001566
0,0.014596761204302311,0,ham10000,ISIC_0027398,nv,HAM_0001567
0,0.061393432319164276,0,ham10000,ISIC_0030614,nv,HAM_0001568
0,0.47995811700820923,1,ham10000,ISIC_0030994,nv,HAM_0001569
1,0.8786142468452454,1,ham10000,ISIC_0032872,mel,HAM_0001570
0,0.05315195769071579,0,ham10000,ISIC_0029156,nv,HAM_0001571
0,0.24703991413116455,1,ham10000,ISIC_0028933,nv,HAM_0001572
1,0.8938962817192078,1,ham10000,ISIC_0024799,bcc,HAM_0001573
0,0.5199277997016907,1,ham10000,ISIC_0031859,nv,HAM_0001574
1,0.2900162935256958,1,ham10000,ISIC_0028652,bcc,HAM_0001575
1,0.30261504650115967,1,ham10000,ISIC_0033705,akiec,HAM_0001576
0,0.44246238470077515,1,ham10000,ISIC_0029818,nv,HAM_0001577
0,0.155533567070961,1,ham10000,ISIC_0031003,nv,HAM_0001578
0,0.2640310823917389,1,ham10000,ISIC_0025636,nv,HAM_0001579
0,0.05504252761602402,0,ham10000,ISIC_0024378,nv,HAM_0001580
0,0.11424962431192398,0,ham10000,ISIC_0027288,nv,HAM_0001581
0,0.21999993920326233,1,ham10000,ISIC_0031771,nv,HAM_0001582
0,0.13841938972473145,0,ham10000,ISIC_0025280,nv,HAM_0001583
0,0.12946957349777222,0,ham10000,ISIC_0029004,nv,HAM_0001584
0,0.2722226083278656,1,ham10000,ISIC_0028697,nv,HAM_0001585
0,0.024976370856165886,0,ham10000,ISIC_0030256,nv,HAM_0001586
0,0.16486312448978424,1,ham10000,ISIC_0024828,nv,HAM_0001587
0,0.08897969871759415,0,ham10000,ISIC_0031956,nv,HAM_0001588
0,0.22849348187446594,1,ham10000,ISIC_0030067,bkl,HAM_0001589
0,0.22363051772117615,1,ham10000,ISIC_0025722,nv,HAM_0001590
0,0.26959091424942017,1,ham10000,ISIC_0032231,nv,HAM_0001591
0,0.07289734482765198,0,ham10000,ISIC_0030686,nv,HAM_0001592
1,0.08996211737394333,0,ham10000,ISIC_0028941,akiec,HAM_0001593
0,0.1449650079011917,1,ham10000,ISIC_0025311,nv,HAM_0001594
0,0.4985016882419586,1,ham10000,ISIC_0032127,nv,HAM_0001595
1,0.25214606523513794,1,ham10000,ISIC_0027071,mel,HAM_0001596
0,0.4843960404396057,1,ham10000,ISIC_0024426,bkl,HAM_0001597
1,0.4023105502128601,1,ham10000,ISIC_0029238,mel,HAM_0001598
0,0.23467504978179932,1,ham10000,ISIC_0026066,nv,HAM_0001599
1,0.08217405527830124,0,ham10000,ISIC_0024675,mel,HAM_0001600
0,0.26949912309646606,1,ham10000,ISIC_0025915,bkl,HAM_0001601
0,0.26551640033721924,1,ham10000,ISIC_0032458,nv,HAM_0001602
0,0.45669397711753845,1,ham10000,ISIC_0031016,bkl,HAM_0001603
0,0.07881774753332138,0,ham10000,ISIC_0024664,nv,HAM_0001604
0,0.11092023551464081,0,ham10000,ISIC_0024422,bkl,HAM_0001605
0,0.2487713247537613,1,ham10000,ISIC_0024901,nv,HAM_0001606
1,0.7396447062492371,1,ham10000,ISIC_0028508,mel,HAM_0001607
0,0.2377675324678421,1,ham10000,ISIC_0028792,bkl,HAM_0001608
0,0.2803662121295929,1,ham10000,ISIC_0027766,nv,HAM_0001609
1,0.8982011675834656,1,ham10000,ISIC_0028693,bcc,HAM_0001610
0,0.20407652854919434,1,ham10000,ISIC_0031032,nv,HAM_0001611
0,0.009101600386202335,0,ham10000,ISIC_0025618,nv,HAM_0001612
0,0.16090597212314606,1,ham10000,ISIC_0032748,nv,HAM_0001613
0,0.20111516118049622,1,ham10000,ISIC_0027591,nv,HAM_0001614
0,0.10978011041879654,0,ham10000,ISIC_0033048,nv,HAM_0001615
1,0.2091844081878662,1,ham10000,ISIC_0029669,bcc,HAM_0001616
0,0.18422599136829376,1,ham10000,ISIC_0027091,nv,HAM_0001617
1,0.38950496912002563,1,ham10000,ISIC_0030659,bcc,HAM_0001618
0,0.059636685997247696,0,ham10000,ISIC_0033065,nv,HAM_0001619
0,0.03595384955406189,0,ham10000,ISIC_0025466,bkl,HAM_0001620
1,0.4075196087360382,1,ham10000,ISIC_0030297,akiec,HAM_0001621
0,0.3171863257884979,1,ham10000,ISIC_0032360,nv,HAM_0001622
0,0.10215121507644653,0,ham10000,ISIC_0027099,nv,HAM_0001623
1,0.3260754644870758,1,ham10000,ISIC_0032277,akiec,HAM_0001624
1,0.3123180866241455,1,ham10000,ISIC_0028224,akiec,HAM_0001625
0,0.16643661260604858,1,ham10000,ISIC_0029124,nv,HAM_0001626
0,0.4139375388622284,1,ham10000,ISIC_0032153,nv,HAM_0001627
0,0.18232093751430511,1,ham10000,ISIC_0024810,nv,HAM_0001628
0,0.31516069173812866,1,ham10000,ISIC_0032317,nv,HAM_0001629
0,0.05758679658174515,0,ham10000,ISIC_0028297,nv,HAM_0001630
0,0.1913127899169922,1,ham10000,ISIC_0025390,nv,HAM_0001631
0,0.2667365074157715,1,ham10000,ISIC_0029132,nv,HAM_0001632
0,0.171396404504776,1,ham10000,ISIC_0028618,nv,HAM_0001633
0,0.13023899495601654,0,ham10000,ISIC_0025792,nv,HAM_0001634
0,0.5228983163833618,1,ham10000,ISIC_0028240,nv,HAM_0001635
0,0.10078340768814087,0,ham10000,ISIC_0030866,nv,HAM_0001636
0,0.43908512592315674,1,ham10000,ISIC_0031521,nv,HAM_0001637
0,0.7449390888214111,1,ham10000,ISIC_0031006,nv,HAM_0001638
0,0.1261838972568512,0,ham10000,ISIC_0026160,nv,HAM_0001639
1,0.3642725348472595,1,ham10000,ISIC_0031026,bcc,HAM_0001640
0,0.4356255531311035,1,ham10000,ISIC_0033427,nv,HAM_0001641
0,0.4271138310432434,1,ham10000,ISIC_0028490,bkl,HAM_0001642
0,0.09332732856273651,0,ham10000,ISIC_0025000,nv,HAM_0001643
0,0.3274995982646942,1,ham10000,ISIC_0029906,nv,HAM_0001644
0,0.35049930214881897,1,ham10000,ISIC_0032601,nv,HAM_0001645
0,0.07842860370874405,0,ham10000,ISIC_0029908,nv,HAM_0001646
1,0.5580519437789917,1,ham10000,ISIC_0032975,mel,HAM_0001647
0,0.2365918904542923,1,ham10000,ISIC_0030239,nv,HAM_0001648
0,0.19020310044288635,1,ham10000,ISIC_0030024,nv,HAM_0001650
0,0.35057681798934937,1,ham10000,ISIC_0033251,nv,HAM_0001651
0,0.22183586657047272,1,ham10000,ISIC_0026899,nv,HAM_0001652
0,0.09106393158435822,0,ham10000,ISIC_0027895,nv,HAM_0001653
1,0.4759262800216675,1,ham10000,ISIC_0024472,bcc,HAM_0001654
1,0.6127756237983704,1,ham10000,ISIC_0030110,mel,HAM_0001655
0,0.15812528133392334,1,ham10000,ISIC_0026759,nv,HAM_0001656
1,0.1269262433052063,0,ham10000,ISIC_0031529,mel,HAM_0001657
0,0.42803382873535156,1,ham10000,ISIC_0030001,nv,HAM_0001658
0,0.24929863214492798,1,ham10000,ISIC_0026564,nv,HAM_0001659
0,0.03643815219402313,0,ham10000,ISIC_0027078,nv,HAM_0001660
0,0.12090010195970535,0,ham10000,ISIC_0032059,nv,HAM_0001661
0,0.04865371063351631,0,ham10000,ISIC_0030050,nv,HAM_0001662
0,0.07205550372600555,0,ham10000,ISIC_0029521,nv,HAM_0001663
0,0.14013415575027466,1,ham10000,ISIC_0025217,nv,HAM_0001664
0,0.10887838155031204,0,ham10000,ISIC_0027957,bkl,HAM_0001665
1,0.29261693358421326,1,ham10000,ISIC_0024632,bcc,HAM_0001666
0,0.11843621730804443,0,ham10000,ISIC_0033080,nv,HAM_0001667
0,0.17604660987854004,1,ham10000,ISIC_0027434,nv,HAM_0001668
0,0.19962696731090546,1,ham10000,ISIC_0025020,nv,HAM_0001669
0,0.3764353096485138,1,ham10000,ISIC_0027910,nv,HAM_0001670
1,0.32382893562316895,1,ham10000,ISIC_0031586,mel,HAM_0001671
0,0.3707177937030792,1,ham10000,ISIC_0024398,nv,HAM_0001672
0,0.024923838675022125,0,ham10000,ISIC_0033966,nv,HAM_0001673
0,0.19304729998111725,1,ham10000,ISIC_0031551,nv,HAM_0001674
0,0.1507466584444046,1,ham10000,ISIC_0024433,nv,HAM_0001675
0,0.24385346472263336,1,ham10000,ISIC_0031587,nv,HAM_0001676
0,0.16066962480545044,1,ham10000,ISIC_0028191,nv,HAM_0001677
0,0.21450744569301605,1,ham10000,ISIC_0027831,bkl,HAM_0001678
0,0.19594909250736237,1,ham10000,ISIC_0027783,nv,HAM_0001679
0,0.0736159235239029,0,ham10000,ISIC_0026303,nv,HAM_0001680
0,0.23782065510749817,1,ham10000,ISIC_0024651,nv,HAM_0001681
0,0.2358236163854599,1,ham10000,ISIC_0026630,nv,HAM_0001682
0,0.0818035677075386,0,ham10000,ISIC_0033513,nv,HAM_0001683
0,0.0451633594930172,0,ham10000,ISIC_0028576,nv,HAM_0001684
0,0.39216384291648865,1,ham10000,ISIC_0027516,nv,HAM_0001685
1,0.3908592760562897,1,ham10000,ISIC_0032698,mel,HAM_0001686
0,0.1296124905347824,0,ham10000,ISIC_0027230,nv,HAM_0001687
0,0.3015819191932678,1,ham10000,ISIC_0031049,nv,HAM_0001688
0,0.08395262807607651,0,ham10000,ISIC_0025166,nv,HAM_0001689
0,0.11089000850915909,0,ham10000,ISIC_0032361,nv,HAM_0001690
0,0.015830963850021362,0,ham10000,ISIC_0029264,nv,HAM_0001691
0,0.13679687678813934,0,ham10000,ISIC_0032743,nv,HAM_0001692
1,0.4771151542663574,1,ham10000,ISIC_0026995,bcc,HAM_0001693
1,0.29458650946617126,1,ham10000,ISIC_0032173,akiec,HAM_0001694
0,0.18291296064853668,1,ham10000,ISIC_0028752,nv,HAM_0001695
0,0.26092442870140076,1,ham10000,ISIC_0027408,nv,HAM_0001696
0,0.15686169266700745,1,ham10000,ISIC_0033497,nv,HAM_0001697
0,0.22813370823860168,1,ham10000,ISIC_0025797,nv,HAM_0001698
0,0.2902902662754059,1,ham10000,ISIC_0029661,nv,HAM_0001699
0,0.4427635967731476,1,ham10000,ISIC_0030971,nv,HAM_0001700
0,0.14296488463878632,1,ham10000,ISIC_0025237,nv,HAM_0001701
0,0.1977473348379135,1,ham10000,ISIC_0028592,nv,HAM_0001702
1,0.2928650379180908,1,ham10000,ISIC_0024496,mel,HAM_0001703
0,0.20032820105552673,1,ham10000,ISIC_0031415,nv,HAM_0001704
0,0.09060841798782349,0,ham10000,ISIC_0029009,nv,HAM_0001705
0,0.30441033840179443,1,ham10000,ISIC_0030023,nv,HAM_0001706
1,0.41138482093811035,1,ham10000,ISIC_0031925,bcc,HAM_0001707
0,0.056333113461732864,0,ham10000,ISIC_0033719,nv,HAM_0001708
0,0.07195737212896347,0,ham10000,ISIC_0030364,nv,HAM_0001709
0,0.583210289478302,1,ham10000,ISIC_0030808,nv,HAM_0001710
1,0.5383297204971313,1,ham10000,ISIC_0028677,bcc,HAM_0001711
0,0.5834292769432068,1,ham10000,ISIC_0030793,nv,HAM_0001712
1,0.8495538234710693,1,ham10000,ISIC_0028671,bcc,HAM_0001713
0,0.11727685481309891,0,ham10000,ISIC_0032354,nv,HAM_0001714
0,0.37312373518943787,1,ham10000,ISIC_0027208,nv,HAM_0001715
0,0.03722825646400452,0,ham10000,ISIC_0026901,nv,HAM_0001716
0,0.30449751019477844,1,ham10000,ISIC_0028700,nv,HAM_0001717
0,0.1357872039079666,0,ham10000,ISIC_0026357,nv,HAM_0001718
0,0.7188279032707214,1,ham10000,ISIC_0031090,vasc,HAM_0001719
0,0.7601466774940491,1,ham10000,ISIC_0032819,nv,HAM_0001720
0,0.15249818563461304,1,ham10000,ISIC_0024947,bkl,HAM_0001721
0,0.7790030837059021,1,ham10000,ISIC_0030976,bkl,HAM_0001722
0,0.08025862276554108,0,ham10000,ISIC_0027784,nv,HAM_0001723
0,0.24746862053871155,1,ham10000,ISIC_0027386,nv,HAM_0001724
0,0.08920416980981827,0,ham10000,ISIC_0027509,bkl,HAM_0001725
1,0.4806343913078308,1,ham10000,ISIC_0024367,mel,HAM_0001726
0,0.3459409177303314,1,ham10000,ISIC_0028799,nv,HAM_0001727
0,0.009257554076611996,0,ham10000,ISIC_0033539,bkl,HAM_0001728
1,0.489304780960083,1,ham10000,ISIC_0024537,mel,HAM_0001729
0,0.08319660276174545,0,ham10000,ISIC_0030790,nv,HAM_0001730
0,0.11385951191186905,0,ham10000,ISIC_0028172,nv,HAM_0001731
0,0.06719578057527542,0,ham10000,ISIC_0024502,nv,HAM_0001732
0,0.20534685254096985,1,ham10000,ISIC_0028414,bkl,HAM_0001733
1,0.2478192150592804,1,ham10000,ISIC_0024865,mel,HAM_0001734
0,0.27298471331596375,1,ham10000,ISIC_0028587,bkl,HAM_0001735
0,0.06171320006251335,0,ham10000,ISIC_0026407,nv,HAM_0001736
0,0.27823376655578613,1,ham10000,ISIC_0027883,nv,HAM_0001737
0,0.0012247978011146188,0,ham10000,ISIC_0027218,bkl,HAM_0001738
0,0.1310897320508957,0,ham10000,ISIC_0032884,nv,HAM_0001739
0,0.25191161036491394,1,ham10000,ISIC_0032761,nv,HAM_0001740
1,0.43535152077674866,1,ham10000,ISIC_0026963,mel,HAM_0001741
0,0.22492925822734833,1,ham10000,ISIC_0028456,nv,HAM_0001742
0,0.48888468742370605,1,ham10000,ISIC_0030130,bkl,HAM_0001743
1,0.4904673397541046,1,ham10000,ISIC_0029353,mel,HAM_0001744
0,0.13232696056365967,0,ham10000,ISIC_0025045,nv,HAM_0001745
0,0.6374342441558838,1,ham10000,ISIC_0027296,nv,HAM_0001746
1,0.5989327430725098,1,ham10000,ISIC_0028361,mel,HAM_0001747
0,0.14518293738365173,1,ham10000,ISIC_0031739,nv,HAM_0001748
1,0.7139995694160461,1,ham10000,ISIC_0033372,bcc,HAM_0001749
0,0.32515788078308105,1,ham10000,ISIC_0028832,nv,HAM_0001750
0,0.14389927685260773,1,ham10000,ISIC_0024698,nv,HAM_0001751
0,0.3084597885608673,1,ham10000,ISIC_0028925,bkl,HAM_0001752
1,0.515680730342865,1,ham10000,ISIC_0024929,mel,HAM_0001753
0,0.26603415608406067,1,ham10000,ISIC_0027775,nv,HAM_0001754
0,0.28574541211128235,1,ham10000,ISIC_0029393,nv,HAM_0001755
0,0.2580779492855072,1,ham10000,ISIC_0027484,nv,HAM_0001756
0,0.2717878222465515,1,ham10000,ISIC_0025049,nv,HAM_0001757
0,0.3322407007217407,1,ham10000,ISIC_0024362,nv,HAM_0001758
1,0.14735448360443115,1,ham10000,ISIC_0032497,bcc,HAM_0001759
0,0.2336098700761795,1,ham10000,ISIC_0024389,nv,HAM_0001760
0,0.1622411012649536,1,ham10000,ISIC_0026732,nv,HAM_0001761
0,0.40869879722595215,1,ham10000,ISIC_0030535,nv,HAM_0001762
0,0.519618570804596,1,ham10000,ISIC_0029029,bkl,HAM_0001763
0,0.3974793553352356,1,ham10000,ISIC_0032251,nv,HAM_0001764
0,0.2813429534435272,1,ham10000,ISIC_0026788,nv,HAM_0001765
0,0.2015986442565918,1,ham10000,ISIC_0026591,nv,HAM_0001766
0,0.26904168725013733,1,ham10000,ISIC_0025812,nv,HAM_0001767
0,0.21800346672534943,1,ham10000,ISIC_0026019,nv,HAM_0001768
0,0.4131014347076416,1,ham10000,ISIC_0032176,nv,HAM_0001769
0,0.1777854561805725,1,ham10000,ISIC_0025974,nv,HAM_0001770
0,0.20172856748104095,1,ham10000,ISIC_0030556,nv,HAM_0001771
0,0.25768762826919556,1,ham10000,ISIC_0032636,bkl,HAM_0001772
0,0.7332565188407898,1,ham10000,ISIC_0024832,bkl,HAM_0001773
0,0.31611329317092896,1,ham10000,ISIC_0029073,nv,HAM_0001774
0,0.09826909005641937,0,ham10000,ISIC_0030338,nv,HAM_0001775
0,0.18955814838409424,1,ham10000,ISIC_0030044,nv,HAM_0001776
0,0.18464477360248566,1,ham10000,ISIC_0033273,nv,HAM_0001777
0,0.05620308965444565,0,ham10000,ISIC_0026792,nv,HAM_0001778
0,0.10279610753059387,0,ham10000,ISIC_0031439,nv,HAM_0001779
0,0.2472974956035614,1,ham10000,ISIC_0024370,vasc,HAM_0001780
0,0.2767952084541321,1,ham10000,ISIC_0025515,bkl,HAM_0001781
0,0.05451565980911255,0,ham10000,ISIC_0032289,nv,HAM_0001782
0,0.19457130134105682,1,ham10000,ISIC_0029256,nv,HAM_0001783
0,0.3005257844924927,1,ham10000,ISIC_0026450,nv,HAM_0001784
0,0.9605187773704529,1,ham10000,ISIC_0032941,df,HAM_0001785
1,0.1387580931186676,0,ham10000,ISIC_0027047,akiec,HAM_0001786
0,0.18762263655662537,1,ham10000,ISIC_0029700,nv,HAM_0001787
0,0.3786388039588928,1,ham10000,ISIC_0029100,bkl,HAM_0001788
0,0.30499109625816345,1,ham10000,ISIC_0026882,nv,HAM_0001789
0,0.37795233726501465,1,ham10000,ISIC_0032739,nv,HAM_0001790
1,0.4000411927700043,1,ham10000,ISIC_0027956,mel,HAM_0001791
0,0.13857780396938324,0,ham10000,ISIC_0024419,nv,HAM_0001792
1,0.2328299582004547,1,ham10000,ISIC_0028520,mel,HAM_0001793
0,0.18874113261699677,1,ham10000,ISIC_0032073,nv,HAM_0001794
0,0.094050332903862,0,ham10000,ISIC_0030611,nv,HAM_0001795
1,0.8829858303070068,1,ham10000,ISIC_0025363,mel,HAM_0001796
0,0.12042734026908875,0,ham10000,ISIC_0031155,nv,HAM_0001797
0,0.18133148550987244,1,ham10000,ISIC_0030141,nv,HAM_0001798
0,0.05788002163171768,0,ham10000,ISIC_0028675,nv,HAM_0001799
0,0.16764651238918304,1,ham10000,ISIC_0031073,nv,HAM_0001800
0,0.08464150130748749,0,ham10000,ISIC_0033293,nv,HAM_0001801
0,0.17930921912193298,1,ham10000,ISIC_0030224,nv,HAM_0001802
0,0.24367371201515198,1,ham10000,ISIC_0026330,nv,HAM_0001803
0,0.026798125356435776,0,ham10000,ISIC_0029604,nv,HAM_0001804
0,0.08937382698059082,0,ham10000,ISIC_0027200,nv,HAM_0001805
0,0.1360291689634323,0,ham10000,ISIC_0026920,nv,HAM_0001806
0,0.1603519320487976,1,ham10000,ISIC_0029637,nv,HAM_0001807
0,0.19230970740318298,1,ham10000,ISIC_0032615,nv,HAM_0001808
0,0.31151270866394043,1,ham10000,ISIC_0029897,bkl,HAM_0001809
0,0.3252449035644531,1,ham10000,ISIC_0025794,nv,HAM_0001810
1,0.1660035103559494,1,ham10000,ISIC_0028069,mel,HAM_0001811
0,0.12128595262765884,0,ham10000,ISIC_0024326,nv,HAM_0001812
0,0.16048166155815125,1,ham10000,ISIC_0030609,nv,HAM_0001813
1,0.378658264875412,1,ham10000,ISIC_0028567,mel,HAM_0001814
0,0.511833131313324,1,ham10000,ISIC_0024970,bkl,HAM_0001815
0,0.04041573405265808,0,ham10000,ISIC_0028827,nv,HAM_0001816
0,0.417960524559021,1,ham10000,ISIC_0024938,nv,HAM_0001817
0,0.4313099682331085,1,ham10000,ISIC_0025620,nv,HAM_0001818
1,0.7230164408683777,1,ham10000,ISIC_0028584,mel,HAM_0001819
0,0.2550518214702606,1,ham10000,ISIC_0026744,bkl,HAM_0001820
0,0.10934008657932281,0,ham10000,ISIC_0025308,nv,HAM_0001821
0,0.12367068231105804,0,ham10000,ISIC_0031244,nv,HAM_0001822
0,0.26916176080703735,1,ham10000,ISIC_0027882,nv,HAM_0001823
0,0.338260293006897,1,ham10000,ISIC_0033121,nv,HAM_0001824
0,0.16338717937469482,1,ham10000,ISIC_0029673,nv,HAM_0001825
0,0.26379525661468506,1,ham10000,ISIC_0029509,nv,HAM_0001826
0,0.10808166861534119,0,ham10000,ISIC_0031275,nv,HAM_0001827
0,0.27696335315704346,1,ham10000,ISIC_0030692,nv,HAM_0001828
0,0.21973396837711334,1,ham10000,ISIC_0027779,nv,HAM_0001829
0,0.3339700698852539,1,ham10000,ISIC_0028057,nv,HAM_0001830
0,0.15090112388134003,1,ham10000,ISIC_0029556,nv,HAM_0001831
0,0.15964557230472565,1,ham10000,ISIC_0031030,nv,HAM_0001832
0,0.15143486857414246,1,ham10000,ISIC_0027227,nv,HAM_0001833
0,0.16729529201984406,1,ham10000,ISIC_0032631,nv,HAM_0001834
1,0.5118016004562378,1,ham10000,ISIC_0026652,mel,HAM_0001835
0,0.2906266152858734,1,ham10000,ISIC_0030500,nv,HAM_0001836
0,0.3227139413356781,1,ham10000,ISIC_0033635,bkl,HAM_0001837
0,0.48376092314720154,1,ham10000,ISIC_0028797,bkl,HAM_0001838
0,0.6312392950057983,1,ham10000,ISIC_0033434,nv,HAM_0001839
0,0.2731637954711914,1,ham10000,ISIC_0025490,nv,HAM_0001840
0,0.4996691644191742,1,ham10000,ISIC_0025771,df,HAM_0001841
0,0.3440149128437042,1,ham10000,ISIC_0028359,nv,HAM_0001842
0,0.23569919168949127,1,ham10000,ISIC_0028279,nv,HAM_0001843
0,0.20392870903015137,1,ham10000,ISIC_0026736,nv,HAM_0001844
0,0.23694121837615967,1,ham10000,ISIC_0026462,nv,HAM_0001845
0,0.0563657321035862,0,ham10000,ISIC_0029457,nv,HAM_0001846
1,0.3689159154891968,1,ham10000,ISIC_0024792,mel,HAM_0001847
0,0.2736603915691376,1,ham10000,ISIC_0030587,nv,HAM_0001848
0,0.5361508727073669,1,ham10000,ISIC_0027209,nv,HAM_0001849
0,0.17481188476085663,1,ham10000,ISIC_0030947,nv,HAM_0001850
0,0.07728320360183716,0,ham10000,ISIC_0027015,nv,HAM_0001851
0,0.7893147468566895,1,ham10000,ISIC_0033749,vasc,HAM_0001852
0,0.1668253242969513,1,ham10000,ISIC_0032306,bkl,HAM_0001853
0,0.24133840203285217,1,ham10000,ISIC_0027013,nv,HAM_0001854
0,0.1366916000843048,0,ham10000,ISIC_0033581,bkl,HAM_0001855
0,0.11960065364837646,0,ham10000,ISIC_0027666,nv,HAM_0001856
0,0.35864225029945374,1,ham10000,ISIC_0027317,nv,HAM_0001857
0,0.6191689968109131,1,ham10000,ISIC_0026085,bkl,HAM_0001858
0,0.12833720445632935,0,ham10000,ISIC_0029565,nv,HAM_0001859
0,0.10783340036869049,0,ham10000,ISIC_0027665,vasc,HAM_0001860
0,0.46181002259254456,1,ham10000,ISIC_0026688,nv,HAM_0001861
0,0.08175317943096161,0,ham10000,ISIC_0031625,nv,HAM_0001862
1,0.5426249504089355,1,ham10000,ISIC_0032596,mel,HAM_0001863
0,0.22258199751377106,1,ham10000,ISIC_0030111,nv,HAM_0001864
0,0.18118254840373993,1,ham10000,ISIC_0032464,nv,HAM_0001865
0,0.2969701886177063,1,ham10000,ISIC_0026873,nv,HAM_0001866
0,0.20465613901615143,1,ham10000,ISIC_0030136,nv,HAM_0001867
0,0.11848549544811249,0,ham10000,ISIC_0028037,nv,HAM_0001868
0,0.09459903836250305,0,ham10000,ISIC_0027249,nv,HAM_0001869
0,0.25215622782707214,1,ham10000,ISIC_0033090,nv,HAM_0001870
0,0.13048681616783142,0,ham10000,ISIC_0030834,nv,HAM_0001871
0,0.13557963073253632,0,ham10000,ISIC_0027800,nv,HAM_0001872
0,0.026624977588653564,0,ham10000,ISIC_0029283,nv,HAM_0001873
0,0.19090485572814941,1,ham10000,ISIC_0024601,nv,HAM_0001874
0,0.11537624150514603,0,ham10000,ISIC_0031231,nv,HAM_0001875
0,0.2751222252845764,1,ham10000,ISIC_0030470,nv,HAM_0001876
1,0.4754326045513153,1,ham10000,ISIC_0025409,mel,HAM_0001877
0,0.25492510199546814,1,ham10000,ISIC_0025434,bkl,HAM_0001878
0,0.41922426223754883,1,ham10000,ISIC_0024440,nv,HAM_0001879
0,0.575586199760437,1,ham10000,ISIC_0026199,nv,HAM_0001880
0,0.1371999979019165,0,ham10000,ISIC_0024620,nv,HAM_0001881
0,0.10143022984266281,0,ham10000,ISIC_0025866,nv,HAM_0001882
0,0.40485379099845886,1,ham10000,ISIC_0033224,nv,HAM_0001883
1,0.8581304550170898,1,ham10000,ISIC_0025718,bcc,HAM_0001884
0,0.33793729543685913,1,ham10000,ISIC_0027534,nv,HAM_0001885
0,0.08521392196416855,0,ham10000,ISIC_0028318,nv,HAM_0001886
0,0.13322816789150238,0,ham10000,ISIC_0025107,nv,HAM_0001887
0,0.06825557351112366,0,ham10000,ISIC_0026806,nv,HAM_0001888
0,0.43130579590797424,1,ham10000,ISIC_0033621,nv,HAM_0001889
1,0.47304871678352356,1,ham10000,ISIC_0030707,akiec,HAM_0001890
0,0.18907682597637177,1,ham10000,ISIC_0024466,nv,HAM_0001891
0,0.1366865336894989,0,ham10000,ISIC_0025110,nv,HAM_0001893
1,0.7100360989570618,1,ham10000,ISIC_0024517,akiec,HAM_0001894
0,0.28312546014785767,1,ham10000,ISIC_0024777,nv,HAM_0001895
0,0.5146219730377197,1,ham10000,ISIC_0030203,bkl,HAM_0001896
0,0.05182841420173645,0,ham10000,ISIC_0026185,nv,HAM_0001897
0,0.08783721923828125,0,ham10000,ISIC_0026917,nv,HAM_0001898
0,0.19292917847633362,1,ham10000,ISIC_0031549,nv,HAM_0001899
1,0.675011157989502,1,ham10000,ISIC_0025557,bcc,HAM_0001900
0,0.2948996126651764,1,ham10000,ISIC_0026274,nv,HAM_0001901
0,0.6784737706184387,1,ham10000,ISIC_0026480,nv,HAM_0001902
1,0.09986724704504013,0,ham10000,ISIC_0026984,akiec,HAM_0001903
0,0.3594573140144348,1,ham10000,ISIC_0030306,nv,HAM_0001904
0,0.4951079487800598,1,ham10000,ISIC_0033116,nv,HAM_0001905
0,0.40779200196266174,1,ham10000,ISIC_0032025,nv,HAM_0001906
1,0.5510227084159851,1,ham10000,ISIC_0025383,bcc,HAM_0001907
0,0.3970063626766205,1,ham10000,ISIC_0032851,nv,HAM_0001908
0,0.20399799942970276,1,ham10000,ISIC_0025481,nv,HAM_0001909
1,0.18567126989364624,1,ham10000,ISIC_0024739,mel,HAM_0001910
0,0.07763038575649261,0,ham10000,ISIC_0029197,nv,HAM_0001911
0,0.07027452439069748,0,ham10000,ISIC_0033145,nv,HAM_0001912
1,0.4403465986251831,1,ham10000,ISIC_0030798,mel,HAM_0001913
0,0.09168142080307007,0,ham10000,ISIC_0028702,bkl,HAM_0001914
0,0.17757658660411835,1,ham10000,ISIC_0025813,nv,HAM_0001915
0,0.5688960552215576,1,ham10000,ISIC_0032721,nv,HAM_0001916
0,0.19864897429943085,1,ham10000,ISIC_0030046,nv,HAM_0001917
0,0.3697277307510376,1,ham10000,ISIC_0031291,nv,HAM_0001918
0,0.01002761535346508,0,ham10000,ISIC_0026424,nv,HAM_0001919
0,0.6326026320457458,1,ham10000,ISIC_0029486,vasc,HAM_0001920
0,0.14585615694522858,1,ham10000,ISIC_0032205,nv,HAM_0001921
1,0.5330064296722412,1,ham10000,ISIC_0031874,akiec,HAM_0001922
0,0.27943697571754456,1,ham10000,ISIC_0029219,nv,HAM_0001923
0,0.6010029315948486,1,ham10000,ISIC_0031112,nv,HAM_0001924
0,0.10379556566476822,0,ham10000,ISIC_0027583,nv,HAM_0001925
1,0.19910727441310883,1,ham10000,ISIC_0028095,bcc,HAM_0001926
0,0.3304605484008789,1,ham10000,ISIC_0029600,bkl,HAM_0001927
1,0.5912136435508728,1,ham10000,ISIC_0032537,mel,HAM_0001928
0,0.2547617256641388,1,ham10000,ISIC_0026938,nv,HAM_0001929
0,0.31054937839508057,1,ham10000,ISIC_0032600,nv,HAM_0001930
0,0.18701253831386566,1,ham10000,ISIC_0026755,nv,HAM_0001931
0,0.11765241622924805,0,ham10000,ISIC_0031082,nv,HAM_0001932
0,0.2755102217197418,1,ham10000,ISIC_0025243,nv,HAM_0001933
0,0.06223546713590622,0,ham10000,ISIC_0026008,nv,HAM_0001934
0,0.12321378290653229,0,ham10000,ISIC_0032787,nv,HAM_0001935
0,0.04453602433204651,0,ham10000,ISIC_0024704,nv,HAM_0001936
0,0.22792404890060425,1,ham10000,ISIC_0032432,nv,HAM_0001937
0,0.2688103914260864,1,ham10000,ISIC_0026245,bkl,HAM_0001938
0,0.3168458640575409,1,ham10000,ISIC_0025468,nv,HAM_0001939
0,0.13876371085643768,0,ham10000,ISIC_0028502,nv,HAM_0001940
0,0.1574115753173828,1,ham10000,ISIC_0024790,nv,HAM_0001941
0,0.18504318594932556,1,ham10000,ISIC_0027476,nv,HAM_0001942
0,0.08536510914564133,0,ham10000,ISIC_0025769,nv,HAM_0001943
0,0.4876175820827484,1,ham10000,ISIC_0029810,bkl,HAM_0001944
0,0.16457043588161469,1,ham10000,ISIC_0026919,nv,HAM_0001945
0,0.28079909086227417,1,ham10000,ISIC_0029333,nv,HAM_0001946
0,0.2390376627445221,1,ham10000,ISIC_0032051,bkl,HAM_0001947
0,0.08564747124910355,0,ham10000,ISIC_0032926,nv,HAM_0001948
0,0.015088697895407677,0,ham10000,ISIC_0025767,bkl,HAM_0001949
1,0.6360795497894287,1,ham10000,ISIC_0024449,mel,HAM_0001950
0,0.32572808861732483,1,ham10000,ISIC_0030216,nv,HAM_0001951
0,0.0307393129914999,0,ham10000,ISIC_0025660,nv,HAM_0001952
1,0.3950847387313843,1,ham10000,ISIC_0025611,mel,HAM_0001953
0,0.05727972090244293,0,ham10000,ISIC_0032776,bkl,HAM_0001954
0,0.3146041929721832,1,ham10000,ISIC_0029304,nv,HAM_0001955
0,0.1517535299062729,1,ham10000,ISIC_0024955,nv,HAM_0001956
0,0.3897280693054199,1,ham10000,ISIC_0025593,nv,HAM_0001957
0,0.33225467801094055,1,ham10000,ISIC_0029580,bkl,HAM_0001958
0,0.23494239151477814,1,ham10000,ISIC_0027600,nv,HAM_0001959
0,0.21243664622306824,1,ham10000,ISIC_0032166,nv,HAM_0001960
0,0.1440940946340561,1,ham10000,ISIC_0031076,nv,HAM_0001961
0,0.6557451486587524,1,ham10000,ISIC_0029749,nv,HAM_0001962
0,0.2035306692123413,1,ham10000,ISIC_0025721,nv,HAM_0001963
1,0.25848156213760376,1,ham10000,ISIC_0024733,mel,HAM_0001964
0,0.12295854836702347,0,ham10000,ISIC_0031269,nv,HAM_0001965
0,0.36596742272377014,1,ham10000,ISIC_0025230,nv,HAM_0001966
1,0.8202958703041077,1,ham10000,ISIC_0025471,akiec,HAM_0001967
0,0.2785998582839966,1,ham10000,ISIC_0027421,nv,HAM_0001968
0,0.4347957372665405,1,ham10000,ISIC_0026651,nv,HAM_0001969
0,0.17940549552440643,1,ham10000,ISIC_0031136,nv,HAM_0001970
0,0.5112258195877075,1,ham10000,ISIC_0025327,nv,HAM_0001971
0,0.1863010972738266,1,ham10000,ISIC_0027228,nv,HAM_0001972
0,0.18138644099235535,1,ham10000,ISIC_0026061,nv,HAM_0001973
1,0.5597777962684631,1,ham10000,ISIC_0033533,mel,HAM_0001974
0,0.337056964635849,1,ham10000,ISIC_0028488,nv,HAM_0001975
1,0.8086550831794739,1,ham10000,ISIC_0025732,mel,HAM_0001976
0,0.6723993420600891,1,ham10000,ISIC_0029261,nv,HAM_0001977
0,0.23885546624660492,1,ham10000,ISIC_0031237,nv,HAM_0001978
0,0.32691690325737,1,ham10000,ISIC_0027527,bkl,HAM_0001979
0,0.15324969589710236,1,ham10000,ISIC_0032012,nv,HAM_0001980
0,0.26163190603256226,1,ham10000,ISIC_0024342,nv,HAM_0001981
0,0.8062806129455566,1,ham10000,ISIC_0029012,bkl,HAM_0001982
0,0.28908640146255493,1,ham10000,ISIC_0030377,bkl,HAM_0001983
0,0.24636176228523254,1,ham10000,ISIC_0025092,nv,HAM_0001984
0,0.2168622612953186,1,ham10000,ISIC_0027330,nv,HAM_0001985
1,0.7972641587257385,1,ham10000,ISIC_0024999,mel,HAM_0001986
0,0.2193676382303238,1,ham10000,ISIC_0024636,nv,HAM_0001987
0,0.09268718212842941,0,ham10000,ISIC_0029948,nv,HAM_0001988
0,0.06497437506914139,0,ham10000,ISIC_0030251,nv,HAM_0001989
0,0.1962503343820572,1,ham10000,ISIC_0027612,bkl,HAM_0001990
0,0.2522086203098297,1,ham10000,ISIC_0028347,bkl,HAM_0001991
0,0.00031741615384817123,0,ham10000,ISIC_0025399,nv,HAM_0001992
0,0.204896941781044,1,ham10000,ISIC_0029848,nv,HAM_0001993
0,0.4162350594997406,1,ham10000,ISIC_0033407,nv,HAM_0001994
0,0.14172911643981934,1,ham10000,ISIC_0024581,bkl,HAM_0001995
0,0.34434106945991516,1,ham10000,ISIC_0031179,nv,HAM_0001996
0,0.1162312850356102,0,ham10000,ISIC_0029251,bkl,HAM_0001997
0,0.1111370176076889,0,ham10000,ISIC_0032038,nv,HAM_0001998
0,0.2845635712146759,1,ham10000,ISIC_0025884,nv,HAM_0001999
0,0.22645527124404907,1,ham10000,ISIC_0030092,nv,HAM_0002000
0,0.3385540843009949,1,ham10000,ISIC_0030595,nv,HAM_0002001
0,0.1758260577917099,1,ham10000,ISIC_0024486,nv,HAM_0002002
0,0.079445481300354,0,ham10000,ISIC_0031934,nv,HAM_0002003
1,0.10822532325983047,0,ham10000,ISIC_0032847,mel,HAM_0002004
0,0.26035383343696594,1,ham10000,ISIC_0026556,bkl,HAM_0002005
0,0.1272457391023636,0,ham10000,ISIC_0025360,nv,HAM_0002006
0,0.5086562037467957,1,ham10000,ISIC_0024476,nv,HAM_0002007
0,0.47086817026138306,1,ham10000,ISIC_0032983,bkl,HAM_0002008
0,0.27975666522979736,1,ham10000,ISIC_0033165,nv,HAM_0002009
1,0.39594805240631104,1,ham10000,ISIC_0024729,mel,HAM_0002011
1,0.26437216997146606,1,ham10000,ISIC_0026327,akiec,HAM_0002012
0,0.228976771235466,1,ham10000,ISIC_0026168,nv,HAM_0002013
0,0.20304453372955322,1,ham10000,ISIC_0031120,nv,HAM_0002014
0,0.1142926886677742,0,ham10000,ISIC_0033771,nv,HAM_0002015
0,0.4446927309036255,1,ham10000,ISIC_0032753,nv,HAM_0002016
1,0.16548360884189606,1,ham10000,ISIC_0025630,bcc,HAM_0002017
1,0.724396824836731,1,ham10000,ISIC_0029501,bcc,HAM_0002018
0,0.3581749498844147,1,ham10000,ISIC_0030402,nv,HAM_0002019
0,0.3062153458595276,1,ham10000,ISIC_0032301,nv,HAM_0002020
1,0.9069368243217468,1,ham10000,ISIC_0027057,bcc,HAM_0002021
0,0.09812334924936295,0,ham10000,ISIC_0026579,nv,HAM_0002022
0,0.6486743688583374,1,ham10000,ISIC_0028540,nv,HAM_0002023
1,0.37557488679885864,1,ham10000,ISIC_0029412,bcc,HAM_0002024
0,0.5394977927207947,1,ham10000,ISIC_0025169,nv,HAM_0002025
0,0.14838601648807526,1,ham10000,ISIC_0027524,nv,HAM_0002026
0,0.2453918308019638,1,ham10000,ISIC_0032697,nv,HAM_0002027
0,0.1873779296875,1,ham10000,ISIC_0031939,nv,HAM_0002028
0,0.1948535144329071,1,ham10000,ISIC_0030270,nv,HAM_0002029
0,0.23212270438671112,1,ham10000,ISIC_0032916,nv,HAM_0002030
0,0.24470999836921692,1,ham10000,ISIC_0027925,nv,HAM_0002031
1,0.2952302396297455,1,ham10000,ISIC_0030575,mel,HAM_0002032
0,0.2684258818626404,1,ham10000,ISIC_0024899,nv,HAM_0002033
0,0.3249078691005707,1,ham10000,ISIC_0027954,bkl,HAM_0002034
0,0.17253883183002472,1,ham10000,ISIC_0024989,nv,HAM_0002035
0,0.2847180962562561,1,ham10000,ISIC_0025739,nv,HAM_0002036
0,0.4632888436317444,1,ham10000,ISIC_0033733,nv,HAM_0002037
0,0.5031508207321167,1,ham10000,ISIC_0032337,nv,HAM_0002038
0,0.5165713429450989,1,ham10000,ISIC_0029663,nv,HAM_0002039
0,0.22438764572143555,1,ham10000,ISIC_0033041,bkl,HAM_0002040
0,0.2342502474784851,1,ham10000,ISIC_0028532,nv,HAM_0002041
0,0.2379094660282135,1,ham10000,ISIC_0026263,bkl,HAM_0002042
0,0.7229000329971313,1,ham10000,ISIC_0030160,bkl,HAM_0002043
0,0.24520006775856018,1,ham10000,ISIC_0024325,nv,HAM_0002044
0,0.4032745659351349,1,ham10000,ISIC_0029973,df,HAM_0002045
0,0.12978218495845795,0,ham10000,ISIC_0024569,nv,HAM_0002046
0,0.1264202892780304,0,ham10000,ISIC_0030928,nv,HAM_0002047
0,0.1569867879152298,1,ham10000,ISIC_0029137,nv,HAM_0002048
0,0.08827283978462219,0,ham10000,ISIC_0029169,nv,HAM_0002049
0,0.5839832425117493,1,ham10000,ISIC_0032215,bkl,HAM_0002050
1,0.4004325270652771,1,ham10000,ISIC_0031784,mel,HAM_0002051
0,0.19404341280460358,1,ham10000,ISIC_0032155,nv,HAM_0002052
0,0.20852456986904144,1,ham10000,ISIC_0028715,nv,HAM_0002053
0,0.04382694885134697,0,ham10000,ISIC_0031685,nv,HAM_0002054
0,0.12861290574073792,0,ham10000,ISIC_0027520,nv,HAM_0002055
0,0.17990849912166595,1,ham10000,ISIC_0026762,nv,HAM_0002056
0,0.582463264465332,1,ham10000,ISIC_0024893,bkl,HAM_0002058
0,0.13579407334327698,0,ham10000,ISIC_0028061,nv,HAM_0002059
0,0.18467268347740173,1,ham10000,ISIC_0026979,nv,HAM_0002060
1,0.48156797885894775,1,ham10000,ISIC_0030408,akiec,HAM_0002061
0,0.26890191435813904,1,ham10000,ISIC_0027400,nv,HAM_0002062
0,0.15439926087856293,1,ham10000,ISIC_0024819,nv,HAM_0002063
0,0.3029954433441162,1,ham10000,ISIC_0030131,nv,HAM_0002064
0,0.47219976782798767,1,ham10000,ISIC_0028776,nv,HAM_0002065
0,0.38379228115081787,1,ham10000,ISIC_0030936,nv,HAM_0002066
0,0.06387302279472351,0,ham10000,ISIC_0025094,nv,HAM_0002067
0,0.10167575627565384,0,ham10000,ISIC_0029710,nv,HAM_0002068
1,0.7143711447715759,1,ham10000,ISIC_0029331,bcc,HAM_0002069
1,0.6127046942710876,1,ham10000,ISIC_0028659,akiec,HAM_0002070
0,0.29176846146583557,1,ham10000,ISIC_0031616,nv,HAM_0002071
0,0.13049504160881042,0,ham10000,ISIC_0027794,nv,HAM_0002072
0,0.16522587835788727,1,ham10000,ISIC_0025406,nv,HAM_0002073
0,0.043454039841890335,0,ham10000,ISIC_0032575,nv,HAM_0002074
0,0.45605310797691345,1,ham10000,ISIC_0026678,nv,HAM_0002075
0,0.6223869323730469,1,ham10000,ISIC_0024720,nv,HAM_0002076
0,0.27270078659057617,1,ham10000,ISIC_0031936,nv,HAM_0002077
0,0.6627748608589172,1,ham10000,ISIC_0027042,bkl,HAM_0002078
1,0.30201801657676697,1,ham10000,ISIC_0029146,mel,HAM_0002079
0,0.19997559487819672,1,ham10000,ISIC_0029619,nv,HAM_0002080
0,0.3859347105026245,1,ham10000,ISIC_0029120,nv,HAM_0002081
0,0.3462800085544586,1,ham10000,ISIC_0031325,nv,HAM_0002082
1,0.5591394305229187,1,ham10000,ISIC_0024432,bcc,HAM_0002083
0,0.02271864004433155,0,ham10000,ISIC_0027311,nv,HAM_0002084
0,0.20386025309562683,1,ham10000,ISIC_0031336,nv,HAM_0002085
1,0.0948987603187561,0,ham10000,ISIC_0033814,mel,HAM_0002086
0,0.2796163558959961,1,ham10000,ISIC_0027949,nv,HAM_0002087
0,0.06724570691585541,0,ham10000,ISIC_0024377,nv,HAM_0002088
0,0.31705403327941895,1,ham10000,ISIC_0025614,nv,HAM_0002089
0,0.16558192670345306,1,ham10000,ISIC_0032299,nv,HAM_0002090
0,0.09478220343589783,0,ham10000,ISIC_0025857,nv,HAM_0002091
0,0.7271035313606262,1,ham10000,ISIC_0025510,bkl,HAM_0002092
0,0.2854066789150238,1,ham10000,ISIC_0027032,nv,HAM_0002093
1,0.08329132199287415,0,ham10000,ISIC_0030549,akiec,HAM_0002094
0,0.13424408435821533,0,ham10000,ISIC_0026244,nv,HAM_0002095
0,0.30468642711639404,1,ham10000,ISIC_0028209,bkl,HAM_0002096
0,0.09110081195831299,0,ham10000,ISIC_0025687,nv,HAM_0002097
0,0.09098755568265915,0,ham10000,ISIC_0030218,nv,HAM_0002098
1,0.45656779408454895,1,ham10000,ISIC_0026847,mel,HAM_0002099
0,0.34470316767692566,1,ham10000,ISIC_0031440,nv,HAM_0002100
0,0.20043514668941498,1,ham10000,ISIC_0029398,nv,HAM_0002101
0,0.2511220872402191,1,ham10000,ISIC_0024474,nv,HAM_0002102
0,0.13451778888702393,0,ham10000,ISIC_0026034,nv,HAM_0002103
0,0.14921699464321136,1,ham10000,ISIC_0026410,nv,HAM_0002104
0,0.08170347660779953,0,ham10000,ISIC_0027854,nv,HAM_0002105
0,0.6613723039627075,1,ham10000,ISIC_0025156,nv,HAM_0002106
0,0.06303605437278748,0,ham10000,ISIC_0028857,nv,HAM_0002107
0,0.3424248695373535,1,ham10000,ISIC_0025457,nv,HAM_0002108
1,0.5703917741775513,1,ham10000,ISIC_0028897,mel,HAM_0002109
0,0.09999418258666992,0,ham10000,ISIC_0026782,nv,HAM_0002110
0,0.1000516265630722,0,ham10000,ISIC_0031534,nv,HAM_0002111
0,0.42008176445961,1,ham10000,ISIC_0030820,nv,HAM_0002112
1,0.1051127091050148,0,ham10000,ISIC_0029839,mel,HAM_0002113
0,0.2877059280872345,1,ham10000,ISIC_0026504,nv,HAM_0002114
1,0.776408851146698,1,ham10000,ISIC_0032408,mel,HAM_0002115
0,0.21935266256332397,1,ham10000,ISIC_0029407,nv,HAM_0002116
0,0.18622346222400665,1,ham10000,ISIC_0032324,nv,HAM_0002117
0,0.030716074630618095,0,ham10000,ISIC_0028249,nv,HAM_0002118
1,0.677014172077179,1,ham10000,ISIC_0032248,mel,HAM_0002119
0,0.06672287732362747,0,ham10000,ISIC_0028010,nv,HAM_0002120
0,0.1605081856250763,1,ham10000,ISIC_0032486,bkl,HAM_0002121
0,0.15974457561969757,1,ham10000,ISIC_0029408,nv,HAM_0002122
0,0.10647149384021759,0,ham10000,ISIC_0030412,nv,HAM_0002123
0,0.07984847575426102,0,ham10000,ISIC_0025175,nv,HAM_0002124
0,0.14060968160629272,1,ham10000,ISIC_0025502,nv,HAM_0002125
0,0.2922326922416687,1,ham10000,ISIC_0028563,nv,HAM_0002126
0,0.23191483318805695,1,ham10000,ISIC_0029837,bkl,HAM_0002127
0,0.27034926414489746,1,ham10000,ISIC_0029867,nv,HAM_0002128
0,0.17953504621982574,1,ham10000,ISIC_0025903,df,HAM_0002129
1,0.17494681477546692,1,ham10000,ISIC_0029570,mel,HAM_0002130
1,0.27937963604927063,1,ham10000,ISIC_0030901,mel,HAM_0002131
0,0.24180655181407928,1,ham10000,ISIC_0027647,nv,HAM_0002132
0,0.2740385830402374,1,ham10000,ISIC_0027885,nv,HAM_0002133
1,0.2748144268989563,1,ham10000,ISIC_0024431,bcc,HAM_0002134
0,0.41443029046058655,1,ham10000,ISIC_0032974,nv,HAM_0002135
0,0.7029050588607788,1,ham10000,ISIC_0032914,nv,HAM_0002136
0,0.33821219205856323,1,ham10000,ISIC_0030217,nv,HAM_0002137
0,0.25358298420906067,1,ham10000,ISIC_0027834,nv,HAM_0002138
0,0.12271152436733246,0,ham10000,ISIC_0032786,nv,HAM_0002139
0,0.2692599892616272,1,ham10000,ISIC_0032472,nv,HAM_0002140
0,0.2161276638507843,1,ham10000,ISIC_0029338,nv,HAM_0002141
0,0.49225470423698425,1,ham10000,ISIC_0025960,nv,HAM_0002142
1,0.04006354138255119,0,ham10000,ISIC_0025451,mel,HAM_0002143
0,0.44039180874824524,1,ham10000,ISIC_0031682,nv,HAM_0002144
0,0.12515060603618622,0,ham10000,ISIC_0028469,nv,HAM_0002145
0,0.2979554831981659,1,ham10000,ISIC_0025686,nv,HAM_0002146
0,0.0766967311501503,0,ham10000,ISIC_0029537,nv,HAM_0002147
0,0.22146350145339966,1,ham10000,ISIC_0031214,nv,HAM_0002148
1,0.4084991216659546,1,ham10000,ISIC_0033042,mel,HAM_0002149
0,0.14539514482021332,1,ham10000,ISIC_0027364,nv,HAM_0002150
0,0.18132881820201874,1,ham10000,ISIC_0029870,nv,HAM_0002151
0,0.358452707529068,1,ham10000,ISIC_0030234,nv,HAM_0002152
0,0.5611593127250671,1,ham10000,ISIC_0029297,df,HAM_0002153
0,0.3291482925415039,1,ham10000,ISIC_0027379,nv,HAM_0002154
0,0.2743273973464966,1,ham10000,ISIC_0027696,nv,HAM_0002155
0,0.44161325693130493,1,ham10000,ISIC_0024802,nv,HAM_0002156
0,0.2018563598394394,1,ham10000,ISIC_0030763,nv,HAM_0002157
1,0.3202057480812073,1,ham10000,ISIC_0025411,akiec,HAM_0002158
0,0.01796010322868824,0,ham10000,ISIC_0030355,nv,HAM_0002159
0,0.3312249183654785,1,ham10000,ISIC_0028712,nv,HAM_0002160
0,0.012500142678618431,0,ham10000,ISIC_0025392,bkl,HAM_0002161
0,0.21934209764003754,1,ham10000,ISIC_0030708,nv,HAM_0002162
0,0.21441689133644104,1,ham10000,ISIC_0030250,nv,HAM_0002163
0,0.035382624715566635,0,ham10000,ISIC_0032852,nv,HAM_0002164
0,0.19318856298923492,1,ham10000,ISIC_0031172,nv,HAM_0002165
0,0.4685923457145691,1,ham10000,ISIC_0028077,nv,HAM_0002166
1,0.652309238910675,1,ham10000,ISIC_0026952,bcc,HAM_0002167
0,0.09426642209291458,0,ham10000,ISIC_0028002,nv,HAM_0002168
0,0.5140551924705505,1,ham10000,ISIC_0031593,bkl,HAM_0002169
0,0.07124504446983337,0,ham10000,ISIC_0033075,nv,HAM_0002170
0,0.4044687747955322,1,ham10000,ISIC_0028529,nv,HAM_0002171
0,0.239859938621521,1,ham10000,ISIC_0024416,nv,HAM_0002172
0,0.2918388843536377,1,ham10000,ISIC_0030157,nv,HAM_0002173
0,0.06073995679616928,0,ham10000,ISIC_0025138,nv,HAM_0002174
0,0.1451074779033661,1,ham10000,ISIC_0028369,nv,HAM_0002175
0,0.22382640838623047,1,ham10000,ISIC_0026341,nv,HAM_0002176
0,0.16576606035232544,1,ham10000,ISIC_0025612,vasc,HAM_0002177
0,0.168616384267807,1,ham10000,ISIC_0024401,nv,HAM_0002178
0,0.17204341292381287,1,ham10000,ISIC_0028654,nv,HAM_0002179
0,0.14598415791988373,1,ham10000,ISIC_0027479,nv,HAM_0002180
0,0.3216560482978821,1,ham10000,ISIC_0030972,nv,HAM_0002181
1,0.8996126055717468,1,ham10000,ISIC_0030539,mel,HAM_0002182
0,0.3171951472759247,1,ham10000,ISIC_0031912,nv,HAM_0002183
0,0.19309097528457642,1,ham10000,ISIC_0032325,bkl,HAM_0002184
1,0.5161231160163879,1,ham10000,ISIC_0030794,akiec,HAM_0002185
1,0.248782217502594,1,ham10000,ISIC_0028463,mel,HAM_0002186
0,0.27271607518196106,1,ham10000,ISIC_0028981,nv,HAM_0002187
0,0.4388965964317322,1,ham10000,ISIC_0032196,nv,HAM_0002188
0,0.27479061484336853,1,ham10000,ISIC_0030940,nv,HAM_0002189
0,0.5211371779441833,1,ham10000,ISIC_0026046,bkl,HAM_0002190
0,0.16916964948177338,1,ham10000,ISIC_0028278,nv,HAM_0002191
0,0.629707396030426,1,ham10000,ISIC_0027388,bkl,HAM_0002192
0,0.5636982321739197,1,ham10000,ISIC_0027392,bkl,HAM_0002193
1,0.32301464676856995,1,ham10000,ISIC_0025814,mel,HAM_0002194
0,0.26884350180625916,1,ham10000,ISIC_0031576,nv,HAM_0002195
1,0.5664133429527283,1,ham10000,ISIC_0024930,mel,HAM_0002196
1,0.33914467692375183,1,ham10000,ISIC_0028709,mel,HAM_0002197
0,0.6770092844963074,1,ham10000,ISIC_0024314,nv,HAM_0002198
0,0.1184813529253006,0,ham10000,ISIC_0029522,bkl,HAM_0002199
0,0.08955349773168564,0,ham10000,ISIC_0025951,nv,HAM_0002200
0,0.08851058036088943,0,ham10000,ISIC_0024514,nv,HAM_0002201
0,0.22371059656143188,1,ham10000,ISIC_0027315,nv,HAM_0002202
0,0.2870638072490692,1,ham10000,ISIC_0031391,nv,HAM_0002203
0,0.11328479647636414,0,ham10000,ISIC_0026217,nv,HAM_0002205
0,0.08403001725673676,0,ham10000,ISIC_0033727,nv,HAM_0002206
0,0.6983864307403564,1,ham10000,ISIC_0025588,nv,HAM_0002207
0,0.13943630456924438,0,ham10000,ISIC_0033818,nv,HAM_0002208
0,0.20087090134620667,1,ham10000,ISIC_0031226,bkl,HAM_0002209
0,0.22059543430805206,1,ham10000,ISIC_0031627,nv,HAM_0002210
0,0.45976442098617554,1,ham10000,ISIC_0026862,nv,HAM_0002211
0,0.2722753584384918,1,ham10000,ISIC_0029988,nv,HAM_0002212
0,0.277103990316391,1,ham10000,ISIC_0030222,nv,HAM_0002213
0,0.2807043790817261,1,ham10000,ISIC_0027465,nv,HAM_0002214
0,0.050505753606557846,0,ham10000,ISIC_0028539,nv,HAM_0002215
0,0.5198912620544434,1,ham10000,ISIC_0026305,nv,HAM_0002216
0,0.5116497874259949,1,ham10000,ISIC_0024906,nv,HAM_0002217
0,0.030379587784409523,0,ham10000,ISIC_0025578,vasc,HAM_0002218
0,0.3089850842952728,1,ham10000,ISIC_0031679,nv,HAM_0002219
0,0.22064033150672913,1,ham10000,ISIC_0024942,nv,HAM_0002220
0,0.2832941710948944,1,ham10000,ISIC_0026255,nv,HAM_0002221
0,0.22596940398216248,1,ham10000,ISIC_0025021,nv,HAM_0002222
0,0.3277692496776581,1,ham10000,ISIC_0026176,nv,HAM_0002223
1,0.5018728971481323,1,ham10000,ISIC_0029278,bcc,HAM_0002224
0,0.28476259112358093,1,ham10000,ISIC_0032066,nv,HAM_0002225
0,0.13410091400146484,0,ham10000,ISIC_0025407,nv,HAM_0002226
0,0.3254423439502716,1,ham10000,ISIC_0024786,bkl,HAM_0002227
0,0.5304016470909119,1,ham10000,ISIC_0032035,nv,HAM_0002228
0,0.22892490029335022,1,ham10000,ISIC_0025423,nv,HAM_0002229
0,0.554516077041626,1,ham10000,ISIC_0026243,nv,HAM_0002230
0,0.03107471950352192,0,ham10000,ISIC_0028235,nv,HAM_0002231
1,0.2763657569885254,1,ham10000,ISIC_0025825,akiec,HAM_0002232
0,0.08463026583194733,0,ham10000,ISIC_0025774,nv,HAM_0002233
0,0.44463974237442017,1,ham10000,ISIC_0032412,nv,HAM_0002234
1,0.6502709984779358,1,ham10000,ISIC_0032569,mel,HAM_0002235
0,0.4722389578819275,1,ham10000,ISIC_0027894,nv,HAM_0002236
0,0.3924585282802582,1,ham10000,ISIC_0028053,nv,HAM_0002237
0,0.25791871547698975,1,ham10000,ISIC_0026374,nv,HAM_0002238
0,0.2766253650188446,1,ham10000,ISIC_0028021,nv,HAM_0002239
1,0.30887141823768616,1,ham10000,ISIC_0024332,bcc,HAM_0002240
0,0.33536723256111145,1,ham10000,ISIC_0026459,nv,HAM_0002241
0,0.06359613686800003,0,ham10000,ISIC_0026511,bkl,HAM_0002242
1,0.8859761953353882,1,ham10000,ISIC_0032777,bcc,HAM_0002243
0,0.04070107638835907,0,ham10000,ISIC_0032549,nv,HAM_0002244
0,0.09318225830793381,0,ham10000,ISIC_0028248,nv,HAM_0002245
0,0.1303388774394989,0,ham10000,ISIC_0030702,nv,HAM_0002246
0,0.05673327296972275,0,ham10000,ISIC_0029205,nv,HAM_0002247
0,0.19347618520259857,1,ham10000,ISIC_0029011,nv,HAM_0002248
0,0.49907273054122925,1,ham10000,ISIC_0029520,nv,HAM_0002249
0,0.09639254957437515,0,ham10000,ISIC_0029426,nv,HAM_0002250
0,0.45531266927719116,1,ham10000,ISIC_0024438,nv,HAM_0002251
0,0.16413632035255432,1,ham10000,ISIC_0031227,nv,HAM_0002252
0,0.5581684112548828,1,ham10000,ISIC_0032548,nv,HAM_0002253
0,0.16287164390087128,1,ham10000,ISIC_0028027,nv,HAM_0002254
0,0.4017272889614105,1,ham10000,ISIC_0030726,nv,HAM_0002255
0,0.42204752564430237,1,ham10000,ISIC_0026214,nv,HAM_0002256
0,0.11421848833560944,0,ham10000,ISIC_0033448,nv,HAM_0002257
1,0.332545667886734,1,ham10000,ISIC_0029220,bcc,HAM_0002258
0,0.5945636630058289,1,ham10000,ISIC_0028333,nv,HAM_0002259
0,0.2624404728412628,1,ham10000,ISIC_0028699,nv,HAM_0002260
1,0.4161170721054077,1,ham10000,ISIC_0025808,akiec,HAM_0002261
0,0.45035287737846375,1,ham10000,ISIC_0027307,nv,HAM_0002262
0,0.12811772525310516,0,ham10000,ISIC_0030252,nv,HAM_0002263
0,0.4161963164806366,1,ham10000,ISIC_0024838,nv,HAM_0002264
0,0.32419756054878235,1,ham10000,ISIC_0030791,nv,HAM_0002265
0,0.11160266399383545,0,ham10000,ISIC_0027136,nv,HAM_0002266
0,0.16196654736995697,1,ham10000,ISIC_0026937,nv,HAM_0002267
0,0.35018953680992126,1,ham10000,ISIC_0026070,bkl,HAM_0002268
1,0.27808254957199097,1,ham10000,ISIC_0024443,bcc,HAM_0002269
0,0.1267656832933426,0,ham10000,ISIC_0031607,nv,HAM_0002270
0,0.18425734341144562,1,ham10000,ISIC_0026048,nv,HAM_0002271
0,0.39514756202697754,1,ham10000,ISIC_0025371,nv,HAM_0002272
0,0.22202615439891815,1,ham10000,ISIC_0026772,nv,HAM_0002273
0,0.07547962665557861,0,ham10000,ISIC_0026381,nv,HAM_0002274
0,0.2745134234428406,1,ham10000,ISIC_0031774,nv,HAM_0002275
0,0.09864801168441772,0,ham10000,ISIC_0025366,bkl,HAM_0002276
0,0.6287947297096252,1,ham10000,ISIC_0025080,nv,HAM_0002277
0,0.042749714106321335,0,ham10000,ISIC_0026353,nv,HAM_0002278
0,0.13139303028583527,0,ham10000,ISIC_0031427,nv,HAM_0002279
0,0.016682637855410576,0,ham10000,ISIC_0027275,bkl,HAM_0002280
0,0.09140758961439133,0,ham10000,ISIC_0031193,nv,HAM_0002281
0,0.06984622031450272,0,ham10000,ISIC_0034045,nv,HAM_0002282
0,0.26323768496513367,1,ham10000,ISIC_0028869,nv,HAM_0002283
0,0.08571051061153412,0,ham10000,ISIC_0026449,nv,HAM_0002284
0,0.1366354525089264,0,ham10000,ISIC_0026309,nv,HAM_0002285
0,0.458513081073761,1,ham10000,ISIC_0029876,nv,HAM_0002286
0,0.2264072597026825,1,ham10000,ISIC_0026891,nv,HAM_0002287
0,0.6015056371688843,1,ham10000,ISIC_0027803,nv,HAM_0002288
0,0.22564993798732758,1,ham10000,ISIC_0032266,nv,HAM_0002289
0,0.47686323523521423,1,ham10000,ISIC_0027941,nv,HAM_0002290
0,0.1114528477191925,0,ham10000,ISIC_0024836,nv,HAM_0002291
0,0.09496324509382248,0,ham10000,ISIC_0031183,nv,HAM_0002292
0,0.18274441361427307,1,ham10000,ISIC_0027351,nv,HAM_0002293
0,0.16118124127388,1,ham10000,ISIC_0025221,nv,HAM_0002294
0,0.1993137001991272,1,ham10000,ISIC_0025488,nv,HAM_0002295
0,0.10055572539567947,0,ham10000,ISIC_0026834,nv,HAM_0002296
0,0.21765738725662231,1,ham10000,ISIC_0026095,nv,HAM_0002297
0,0.10770273208618164,0,ham10000,ISIC_0031483,nv,HAM_0002298
0,0.29719844460487366,1,ham10000,ISIC_0025819,bkl,HAM_0002299
0,0.03910409286618233,0,ham10000,ISIC_0024366,nv,HAM_0002300
0,0.2773684561252594,1,ham10000,ISIC_0028555,bkl,HAM_0002301
0,0.11000938713550568,0,ham10000,ISIC_0029633,nv,HAM_0002302
0,0.4647095501422882,1,ham10000,ISIC_0031037,bkl,HAM_0002303
0,0.19867442548274994,1,ham10000,ISIC_0024648,nv,HAM_0002304
0,0.13531459867954254,0,ham10000,ISIC_0029693,nv,HAM_0002305
0,0.04340827837586403,0,ham10000,ISIC_0027606,bkl,HAM_0002306
1,0.17141182720661163,1,ham10000,ISIC_0026549,akiec,HAM_0002307
0,0.17642463743686676,1,ham10000,ISIC_0027193,nv,HAM_0002308
0,0.2716931700706482,1,ham10000,ISIC_0031910,nv,HAM_0002309
0,0.3309273421764374,1,ham10000,ISIC_0025848,nv,HAM_0002310
0,0.11557907611131668,0,ham10000,ISIC_0028514,nv,HAM_0002311
1,0.5753566026687622,1,ham10000,ISIC_0025650,bcc,HAM_0002312
1,0.31282466650009155,1,ham10000,ISIC_0024461,bcc,HAM_0002313
0,0.4557609260082245,1,ham10000,ISIC_0027662,nv,HAM_0002314
0,0.34356048703193665,1,ham10000,ISIC_0028312,nv,HAM_0002315
0,0.30910301208496094,1,ham10000,ISIC_0029217,bkl,HAM_0002316
0,0.11960098147392273,0,ham10000,ISIC_0027268,nv,HAM_0002317
0,0.36878448724746704,1,ham10000,ISIC_0026797,nv,HAM_0002318
0,0.09117584675550461,0,ham10000,ISIC_0026600,nv,HAM_0002319
0,0.45506224036216736,1,ham10000,ISIC_0025163,nv,HAM_0002320
0,0.27485358715057373,1,ham10000,ISIC_0029015,nv,HAM_0002321
0,0.018428383395075798,0,ham10000,ISIC_0027912,nv,HAM_0002322
0,0.5009625554084778,1,ham10000,ISIC_0029976,nv,HAM_0002323
0,0.0669817328453064,0,ham10000,ISIC_0025381,nv,HAM_0002324
0,0.30942803621292114,1,ham10000,ISIC_0033021,nv,HAM_0002325
0,0.6483065485954285,1,ham10000,ISIC_0027346,nv,HAM_0002326
0,0.948240339756012,1,ham10000,ISIC_0032883,bkl,HAM_0002327
0,0.06186044588685036,0,ham10000,ISIC_0026896,nv,HAM_0002328
0,0.1643722653388977,1,ham10000,ISIC_0032911,nv,HAM_0002329
0,0.16073372960090637,1,ham10000,ISIC_0027430,nv,HAM_0002330
0,0.16039921343326569,1,ham10000,ISIC_0028068,nv,HAM_0002331
0,0.08403053879737854,0,ham10000,ISIC_0025670,nv,HAM_0002332
0,0.5910796523094177,1,ham10000,ISIC_0031405,nv,HAM_0002333
1,0.7732800245285034,1,ham10000,ISIC_0027786,bcc,HAM_0002334
0,0.5059294700622559,1,ham10000,ISIC_0030465,bkl,HAM_0002335
0,0.2110404074192047,1,ham10000,ISIC_0031446,nv,HAM_0002336
0,0.5256536602973938,1,ham10000,ISIC_0029949,nv,HAM_0002337
1,0.2878683805465698,1,ham10000,ISIC_0028103,mel,HAM_0002338
0,0.15821923315525055,1,ham10000,ISIC_0026597,nv,HAM_0002339
0,0.2933255732059479,1,ham10000,ISIC_0029047,nv,HAM_0002340
0,0.11401507258415222,0,ham10000,ISIC_0029117,nv,HAM_0002341
1,0.7800463438034058,1,ham10000,ISIC_0032917,mel,HAM_0002342
1,0.08259671181440353,0,ham10000,ISIC_0028158,akiec,HAM_0002343
0,0.07982390373945236,0,ham10000,ISIC_0026778,nv,HAM_0002344
0,0.1015453040599823,0,ham10000,ISIC_0031982,nv,HAM_0002345
1,0.4934174716472626,1,ham10000,ISIC_0026343,bcc,HAM_0002346
0,0.18610641360282898,1,ham10000,ISIC_0030022,nv,HAM_0002347
0,0.44321101903915405,1,ham10000,ISIC_0025240,nv,HAM_0002348
0,0.414954274892807,1,ham10000,ISIC_0025008,nv,HAM_0002349
0,0.6155055165290833,1,ham10000,ISIC_0026015,bkl,HAM_0002350
0,0.17200718820095062,1,ham10000,ISIC_0028788,nv,HAM_0002351
0,0.12286006659269333,0,ham10000,ISIC_0032319,nv,HAM_0002352
0,0.04099612310528755,0,ham10000,ISIC_0028705,nv,HAM_0002353
0,0.7271368503570557,1,ham10000,ISIC_0025559,nv,HAM_0002354
0,0.18705613911151886,1,ham10000,ISIC_0029202,bkl,HAM_0002355
0,0.18315255641937256,1,ham10000,ISIC_0030889,nv,HAM_0002356
0,0.12288051098585129,0,ham10000,ISIC_0030137,bkl,HAM_0002357
0,0.1470707207918167,1,ham10000,ISIC_0027973,bkl,HAM_0002358
0,0.14373207092285156,1,ham10000,ISIC_0024863,nv,HAM_0002359
0,0.4802480638027191,1,ham10000,ISIC_0028024,nv,HAM_0002360
0,0.25363174080848694,1,ham10000,ISIC_0026285,nv,HAM_0002361
0,0.3739221394062042,1,ham10000,ISIC_0025307,nv,HAM_0002362
0,0.7258278727531433,1,ham10000,ISIC_0032924,nv,HAM_0002363
0,0.1964927315711975,1,ham10000,ISIC_0024712,nv,HAM_0002364
0,0.04346002638339996,0,ham10000,ISIC_0029880,bkl,HAM_0002366
0,0.06130126118659973,0,ham10000,ISIC_0033150,nv,HAM_0002367
0,0.048652321100234985,0,ham10000,ISIC_0024841,nv,HAM_0002368
0,0.12697401642799377,0,ham10000,ISIC_0027016,nv,HAM_0002369
0,0.059515129774808884,0,ham10000,ISIC_0028945,nv,HAM_0002370
0,0.23606017231941223,1,ham10000,ISIC_0032271,bkl,HAM_0002371
0,0.002461681142449379,0,ham10000,ISIC_0033124,bkl,HAM_0002372
0,0.045201048254966736,0,ham10000,ISIC_0030703,nv,HAM_0002373
0,0.21790312230587006,1,ham10000,ISIC_0024780,nv,HAM_0002374
1,0.7482110261917114,1,ham10000,ISIC_0024940,mel,HAM_0002375
1,0.5791938304901123,1,ham10000,ISIC_0033856,mel,HAM_0002377
0,0.33406174182891846,1,ham10000,ISIC_0026087,nv,HAM_0002378
0,0.10981959104537964,0,ham10000,ISIC_0026082,nv,HAM_0002379
0,0.3610934913158417,1,ham10000,ISIC_0029807,nv,HAM_0002380
0,0.29962557554244995,1,ham10000,ISIC_0030680,nv,HAM_0002381
0,0.32147669792175293,1,ham10000,ISIC_0025916,nv,HAM_0002382
0,0.12070587277412415,0,ham10000,ISIC_0032488,nv,HAM_0002383
0,0.18532004952430725,1,ham10000,ISIC_0026195,nv,HAM_0002384
0,0.26490792632102966,1,ham10000,ISIC_0024549,nv,HAM_0002385
0,0.05563536658883095,0,ham10000,ISIC_0033640,nv,HAM_0002386
0,0.08699484914541245,0,ham10000,ISIC_0030292,nv,HAM_0002387
0,0.2216448038816452,1,ham10000,ISIC_0025200,nv,HAM_0002388
0,0.30947405099868774,1,ham10000,ISIC_0026701,nv,HAM_0002389
0,0.051771681755781174,0,ham10000,ISIC_0029439,vasc,HAM_0002390
1,0.34092769026756287,1,ham10000,ISIC_0027260,mel,HAM_0002391
0,0.24494871497154236,1,ham10000,ISIC_0028233,bkl,HAM_0002392
0,0.2259756326675415,1,ham10000,ISIC_0026879,nv,HAM_0002393
0,0.08913881331682205,0,ham10000,ISIC_0029550,nv,HAM_0002394
0,0.14987044036388397,1,ham10000,ISIC_0029750,nv,HAM_0002395
0,0.37238961458206177,1,ham10000,ISIC_0026025,nv,HAM_0002396
1,0.7138025760650635,1,ham10000,ISIC_0029192,bcc,HAM_0002397
0,0.20357635617256165,1,ham10000,ISIC_0028208,nv,HAM_0002398
0,0.36251384019851685,1,ham10000,ISIC_0030330,nv,HAM_0002399
0,0.12725548446178436,0,ham10000,ISIC_0024772,bkl,HAM_0002400
0,0.19305510818958282,1,ham10000,ISIC_0028204,nv,HAM_0002401
0,0.09365915507078171,0,ham10000,ISIC_0033515,nv,HAM_0002402
0,0.2821100652217865,1,ham10000,ISIC_0028612,nv,HAM_0002403
0,0.1205478385090828,0,ham10000,ISIC_0031776,nv,HAM_0002404
0,0.1657659411430359,1,ham10000,ISIC_0030380,nv,HAM_0002405
0,0.20975738763809204,1,ham10000,ISIC_0030568,nv,HAM_0002406
0,0.16579264402389526,1,ham10000,ISIC_0028731,nv,HAM_0002407
0,0.4129165709018707,1,ham10000,ISIC_0031359,nv,HAM_0002408
0,0.21197326481342316,1,ham10000,ISIC_0028368,nv,HAM_0002409
0,0.22775672376155853,1,ham10000,ISIC_0026639,nv,HAM_0002410
0,0.17264147102832794,1,ham10000,ISIC_0025946,nv,HAM_0002411
0,0.16214454174041748,1,ham10000,ISIC_0026287,nv,HAM_0002412
0,0.08449387550354004,0,ham10000,ISIC_0032543,nv,HAM_0002413
0,0.3259529173374176,1,ham10000,ISIC_0027661,nv,HAM_0002414
0,0.051485080271959305,0,ham10000,ISIC_0026121,nv,HAM_0002415
0,0.211644247174263,1,ham10000,ISIC_0026816,nv,HAM_0002416
0,0.40693315863609314,1,ham10000,ISIC_0032943,nv,HAM_0002417
0,0.30440273880958557,1,ham10000,ISIC_0030711,nv,HAM_0002418
0,0.21750816702842712,1,ham10000,ISIC_0032359,bkl,HAM_0002419
0,0.06118031218647957,0,ham10000,ISIC_0028796,nv,HAM_0002420
1,0.5159158706665039,1,ham10000,ISIC_0028556,bcc,HAM_0002421
0,0.1970239281654358,1,ham10000,ISIC_0031566,nv,HAM_0002422
0,0.09447478502988815,0,ham10000,ISIC_0025088,nv,HAM_0002423
0,0.7656452059745789,1,ham10000,ISIC_0028104,bkl,HAM_0002424
0,0.4194846749305725,1,ham10000,ISIC_0032682,nv,HAM_0002425
0,0.2211187779903412,1,ham10000,ISIC_0024348,nv,HAM_0002426
1,0.27979424595832825,1,ham10000,ISIC_0027629,bcc,HAM_0002427
0,0.12347009778022766,0,ham10000,ISIC_0026510,nv,HAM_0002428
0,0.04971849545836449,0,ham10000,ISIC_0028139,nv,HAM_0002429
1,0.55265212059021,1,ham10000,ISIC_0027673,mel,HAM_0002430
0,0.07448508590459824,0,ham10000,ISIC_0032657,nv,HAM_0002431
0,0.08317004889249802,0,ham10000,ISIC_0029775,nv,HAM_0002432
0,0.08531471341848373,0,ham10000,ISIC_0032011,nv,HAM_0002433
0,0.14650852978229523,1,ham10000,ISIC_0033253,nv,HAM_0002434
0,0.1388597935438156,0,ham10000,ISIC_0028366,nv,HAM_0002435
1,0.5556105971336365,1,ham10000,ISIC_0025127,mel,HAM_0002436
0,0.1808818280696869,1,ham10000,ISIC_0031899,nv,HAM_0002437
0,0.20094221830368042,1,ham10000,ISIC_0026527,nv,HAM_0002438
0,0.05511923134326935,0,ham10000,ISIC_0031083,nv,HAM_0002439
0,0.2711404263973236,1,ham10000,ISIC_0029723,nv,HAM_0002440
1,0.3282104730606079,1,ham10000,ISIC_0030491,akiec,HAM_0002441
0,0.33397147059440613,1,ham10000,ISIC_0026325,nv,HAM_0002442
0,0.24874131381511688,1,ham10000,ISIC_0029685,nv,HAM_0002443
0,0.08066639304161072,0,ham10000,ISIC_0029852,nv,HAM_0002444
0,0.32710394263267517,1,ham10000,ISIC_0030879,nv,HAM_0002445
0,0.08764374256134033,0,ham10000,ISIC_0028521,nv,HAM_0002446
0,0.15253160893917084,1,ham10000,ISIC_0033281,nv,HAM_0002448
0,0.2073056399822235,1,ham10000,ISIC_0024391,nv,HAM_0002449
0,0.5516401529312134,1,ham10000,ISIC_0024318,df,HAM_0002450
0,0.13289953768253326,0,ham10000,ISIC_0028150,nv,HAM_0002451
0,0.10159172862768173,0,ham10000,ISIC_0024491,nv,HAM_0002452
0,0.3984709084033966,1,ham10000,ISIC_0029921,nv,HAM_0002453
0,0.0712236538529396,0,ham10000,ISIC_0024628,nv,HAM_0002454
0,0.49081090092658997,1,ham10000,ISIC_0032099,bkl,HAM_0002455
0,0.2403860092163086,1,ham10000,ISIC_0031223,bkl,HAM_0002456
0,0.1276186853647232,0,ham10000,ISIC_0027457,nv,HAM_0002457
0,0.2835283875465393,1,ham10000,ISIC_0026155,nv,HAM_0002458
0,0.18004372715950012,1,ham10000,ISIC_0029305,nv,HAM_0002459
0,0.009269594214856625,0,ham10000,ISIC_0032336,nv,HAM_0002460
1,0.30163177847862244,1,ham10000,ISIC_0025953,akiec,HAM_0002461
0,0.43063482642173767,1,ham10000,ISIC_0024498,bkl,HAM_0002462
0,0.49770355224609375,1,ham10000,ISIC_0029052,df,HAM_0002463
0,0.3487425744533539,1,ham10000,ISIC_0030566,nv,HAM_0002464
0,0.2596016824245453,1,ham10000,ISIC_0026565,nv,HAM_0002465
0,0.09305903315544128,0,ham10000,ISIC_0030128,nv,HAM_0002466
1,0.6112653017044067,1,ham10000,ISIC_0030893,bcc,HAM_0002467
0,0.24008987843990326,1,ham10000,ISIC_0028018,nv,HAM_0002468
0,0.3514547049999237,1,ham10000,ISIC_0029419,nv,HAM_0002469
0,0.007591065485030413,0,ham10000,ISIC_0026611,nv,HAM_0002470
1,0.2623196244239807,1,ham10000,ISIC_0027060,mel,HAM_0002471
1,0.25586873292922974,1,ham10000,ISIC_0025696,akiec,HAM_0002472
0,0.20210613310337067,1,ham10000,ISIC_0025922,nv,HAM_0002473
0,0.24963663518428802,1,ham10000,ISIC_0030658,nv,HAM_0002474
0,0.14885585010051727,1,ham10000,ISIC_0026685,nv,HAM_0002475
0,0.0033673788420856,0,ham10000,ISIC_0027837,nv,HAM_0002476
1,0.5577328205108643,1,ham10000,ISIC_0025145,mel,HAM_0002477
0,0.03211009502410889,0,ham10000,ISIC_0031787,nv,HAM_0002478
0,0.3101177215576172,1,ham10000,ISIC_0029768,nv,HAM_0002479
0,0.5383591055870056,1,ham10000,ISIC_0028589,nv,HAM_0002480
0,0.4493717849254608,1,ham10000,ISIC_0024684,nv,HAM_0002481
0,0.10346369445323944,0,ham10000,ISIC_0032064,nv,HAM_0002482
0,0.22291135787963867,1,ham10000,ISIC_0032446,nv,HAM_0002483
0,0.15399332344532013,1,ham10000,ISIC_0029194,nv,HAM_0002484
0,0.14905759692192078,1,ham10000,ISIC_0028351,nv,HAM_0002485
0,0.041906099766492844,0,ham10000,ISIC_0028947,nv,HAM_0002486
0,0.14569856226444244,1,ham10000,ISIC_0032503,nv,HAM_0002487
1,0.664410412311554,1,ham10000,ISIC_0032645,mel,HAM_0002488
0,0.6026832461357117,1,ham10000,ISIC_0030874,nv,HAM_0002489
0,0.15914468467235565,1,ham10000,ISIC_0027889,nv,HAM_0002490
1,0.7398437261581421,1,ham10000,ISIC_0026770,mel,HAM_0002491
0,0.09061452746391296,0,ham10000,ISIC_0028875,nv,HAM_0002492
1,0.10191990435123444,0,ham10000,ISIC_0024323,mel,HAM_0002493
0,0.4431842863559723,1,ham10000,ISIC_0033686,nv,HAM_0002494
0,0.16880537569522858,1,ham10000,ISIC_0031330,nv,HAM_0002495
0,0.334693968296051,1,ham10000,ISIC_0030861,nv,HAM_0002496
0,0.19425944983959198,1,ham10000,ISIC_0025443,nv,HAM_0002497
0,0.3702665865421295,1,ham10000,ISIC_0032839,vasc,HAM_0002498
0,0.25366634130477905,1,ham10000,ISIC_0024600,nv,HAM_0002499
0,0.23471778631210327,1,ham10000,ISIC_0028169,nv,HAM_0002500
0,0.12606117129325867,0,ham10000,ISIC_0032928,nv,HAM_0002501
0,0.4041077792644501,1,ham10000,ISIC_0032973,nv,HAM_0002502
0,0.8112602829933167,1,ham10000,ISIC_0029676,bkl,HAM_0002503
0,0.25939518213272095,1,ham10000,ISIC_0025455,nv,HAM_0002504
0,0.6704346537590027,1,ham10000,ISIC_0031402,nv,HAM_0002505
1,0.6745842695236206,1,ham10000,ISIC_0029337,bcc,HAM_0002506
0,0.6179483532905579,1,ham10000,ISIC_0030428,nv,HAM_0002508
1,0.16644640266895294,1,ham10000,ISIC_0024732,mel,HAM_0002509
0,0.1190919429063797,0,ham10000,ISIC_0031124,nv,HAM_0002510
0,0.2497798651456833,1,ham10000,ISIC_0025148,nv,HAM_0002511
0,0.1710788458585739,1,ham10000,ISIC_0025768,nv,HAM_0002512
0,0.06851020455360413,0,ham10000,ISIC_0027088,nv,HAM_0002513
0,0.20479744672775269,1,ham10000,ISIC_0026768,nv,HAM_0002514
0,0.06374875456094742,0,ham10000,ISIC_0028744,nv,HAM_0002515
0,0.22692593932151794,1,ham10000,ISIC_0028315,nv,HAM_0002516
0,0.09677150100469589,0,ham10000,ISIC_0031838,nv,HAM_0002517
0,0.15806561708450317,1,ham10000,ISIC_0032028,nv,HAM_0002518
0,0.44601359963417053,1,ham10000,ISIC_0032986,nv,HAM_0002519
0,0.18948934972286224,1,ham10000,ISIC_0032177,nv,HAM_0002520
0,0.08242534101009369,0,ham10000,ISIC_0027828,bkl,HAM_0002521
0,0.2554294168949127,1,ham10000,ISIC_0028382,nv,HAM_0002522
1,0.5159874558448792,1,ham10000,ISIC_0024516,mel,HAM_0002523
0,0.13645321130752563,0,ham10000,ISIC_0026184,nv,HAM_0002524
1,0.12369025498628616,0,ham10000,ISIC_0025188,mel,HAM_0002525
1,0.6707338094711304,1,ham10000,ISIC_0032799,bcc,HAM_0002526
0,0.272918164730072,1,ham10000,ISIC_0026717,bkl,HAM_0002527
0,0.2621956765651703,1,ham10000,ISIC_0025821,nv,HAM_0002528
0,0.1380421668291092,0,ham10000,ISIC_0026298,bkl,HAM_0002529
0,0.17368096113204956,1,ham10000,ISIC_0028239,nv,HAM_0002530
0,0.49697133898735046,1,ham10000,ISIC_0027467,nv,HAM_0002531
0,0.14488959312438965,1,ham10000,ISIC_0026615,nv,HAM_0002532
0,0.2225329875946045,1,ham10000,ISIC_0027755,nv,HAM_0002533
1,0.07609562575817108,0,ham10000,ISIC_0024898,mel,HAM_0002534
0,0.25636184215545654,1,ham10000,ISIC_0027754,bkl,HAM_0002535
0,0.68147212266922,1,ham10000,ISIC_0032124,bkl,HAM_0002536
0,0.11927936971187592,0,ham10000,ISIC_0028689,nv,HAM_0002537
0,0.08088850229978561,0,ham10000,ISIC_0030770,vasc,HAM_0002538
0,0.22183892130851746,1,ham10000,ISIC_0027422,nv,HAM_0002539
0,0.4475390911102295,1,ham10000,ISIC_0030471,nv,HAM_0002540
0,0.17354470491409302,1,ham10000,ISIC_0028098,nv,HAM_0002541
0,0.136506587266922,0,ham10000,ISIC_0025817,nv,HAM_0002542
0,0.20900636911392212,1,ham10000,ISIC_0025645,nv,HAM_0002543
0,0.1886012703180313,1,ham10000,ISIC_0029711,nv,HAM_0002544
0,0.2816324234008789,1,ham10000,ISIC_0029149,nv,HAM_0002545
0,0.5174773931503296,1,ham10000,ISIC_0030579,df,HAM_0002546
0,0.26699331402778625,1,ham10000,ISIC_0024394,nv,HAM_0002547
0,0.08822206407785416,0,ham10000,ISIC_0027470,bkl,HAM_0002548
0,0.023204343393445015,0,ham10000,ISIC_0030043,nv,HAM_0002549
0,0.3564104437828064,1,ham10000,ISIC_0027682,nv,HAM_0002550
1,0.5629966855049133,1,ham10000,ISIC_0024539,akiec,HAM_0002551
1,0.5241492390632629,1,ham10000,ISIC_0032936,mel,HAM_0002552
0,0.22710566222667694,1,ham10000,ISIC_0032931,nv,HAM_0002553
0,0.039812855422496796,0,ham10000,ISIC_0028585,nv,HAM_0002554
0,0.222050741314888,1,ham10000,ISIC_0032398,nv,HAM_0002555
0,0.17312262952327728,1,ham10000,ISIC_0025436,nv,HAM_0002556
1,0.373477041721344,1,ham10000,ISIC_0025927,mel,HAM_0002557
1,0.7365438342094421,1,ham10000,ISIC_0034047,bcc,HAM_0002559
0,0.1483125388622284,1,ham10000,ISIC_0025325,nv,HAM_0002561
0,0.3465389609336853,1,ham10000,ISIC_0025024,nv,HAM_0002562
0,0.11891859769821167,0,ham10000,ISIC_0024607,nv,HAM_0002563
0,0.36300402879714966,1,ham10000,ISIC_0029626,nv,HAM_0002564
1,0.702704131603241,1,ham10000,ISIC_0032660,bcc,HAM_0002565
0,0.06145009025931358,0,ham10000,ISIC_0024437,nv,HAM_0002566
0,0.011715021915733814,0,ham10000,ISIC_0031048,nv,HAM_0002567
0,0.15083281695842743,1,ham10000,ISIC_0030037,nv,HAM_0002568
0,0.024216176941990852,0,ham10000,ISIC_0034018,nv,HAM_0002569
0,0.2824372947216034,1,ham10000,ISIC_0029952,nv,HAM_0002570
0,0.16465236246585846,1,ham10000,ISIC_0025881,nv,HAM_0002571
0,0.20180445909500122,1,ham10000,ISIC_0025422,nv,HAM_0002572
0,0.43859755992889404,1,ham10000,ISIC_0030018,nv,HAM_0002573
0,0.0009037309209816158,0,ham10000,ISIC_0032666,nv,HAM_0002574
0,0.13593952357769012,0,ham10000,ISIC_0026781,nv,HAM_0002575
1,0.12352848798036575,0,ham10000,ISIC_0025414,mel,HAM_0002576
1,0.09738124161958694,0,ham10000,ISIC_0025417,bcc,HAM_0002577
0,0.139911949634552,0,ham10000,ISIC_0027656,nv,HAM_0002578
0,0.10958368331193924,0,ham10000,ISIC_0031683,nv,HAM_0002579
0,0.19288718700408936,1,ham10000,ISIC_0031252,nv,HAM_0002580
0,0.24215534329414368,1,ham10000,ISIC_0026544,nv,HAM_0002581
0,0.24436037242412567,1,ham10000,ISIC_0032813,nv,HAM_0002582
0,0.0971546620130539,0,ham10000,ISIC_0026572,nv,HAM_0002583
0,0.06927011907100677,0,ham10000,ISIC_0030315,nv,HAM_0002584
0,0.7642608284950256,1,ham10000,ISIC_0027026,bkl,HAM_0002585
0,0.19540740549564362,1,ham10000,ISIC_0025186,nv,HAM_0002586
0,0.1286662369966507,0,ham10000,ISIC_0030485,nv,HAM_0002587
0,0.2227092683315277,1,ham10000,ISIC_0031452,nv,HAM_0002588
0,0.258064329624176,1,ham10000,ISIC_0026318,nv,HAM_0002589
0,0.368529349565506,1,ham10000,ISIC_0025010,nv,HAM_0002590
1,0.10908868908882141,0,ham10000,ISIC_0028930,mel,HAM_0002591
0,0.2249080091714859,1,ham10000,ISIC_0029311,bkl,HAM_0002592
0,0.12011092156171799,0,ham10000,ISIC_0029935,nv,HAM_0002593
0,0.2535146474838257,1,ham10000,ISIC_0031047,nv,HAM_0002594
0,0.018510062247514725,0,ham10000,ISIC_0032933,nv,HAM_0002595
0,0.021252376958727837,0,ham10000,ISIC_0032848,nv,HAM_0002596
0,0.11943960189819336,0,ham10000,ISIC_0033045,nv,HAM_0002597
0,0.282540500164032,1,ham10000,ISIC_0033873,nv,HAM_0002598
0,0.12906159460544586,0,ham10000,ISIC_0033143,nv,HAM_0002599
0,0.11907555162906647,0,ham10000,ISIC_0032588,nv,HAM_0002600
0,0.3190200924873352,1,ham10000,ISIC_0032510,nv,HAM_0002601
0,0.021460935473442078,0,ham10000,ISIC_0032798,nv,HAM_0002602
0,0.08499991148710251,0,ham10000,ISIC_0033697,nv,HAM_0002603
0,0.25672468543052673,1,ham10000,ISIC_0033656,nv,HAM_0002604
0,0.529137372970581,1,ham10000,ISIC_0034164,nv,HAM_0002605
0,0.10240060836076736,0,ham10000,ISIC_0033228,nv,HAM_0002606
0,0.009355262853205204,0,ham10000,ISIC_0032744,nv,HAM_0002607
0,0.07469619810581207,0,ham10000,ISIC_0026484,nv,HAM_0002608
1,0.403394490480423,1,ham10000,ISIC_0029318,mel,HAM_0002609
0,0.34340208768844604,1,ham10000,ISIC_0026876,vasc,HAM_0002610
1,0.18609802424907684,1,ham10000,ISIC_0026192,bcc,HAM_0002611
0,0.09179507941007614,0,ham10000,ISIC_0031180,nv,HAM_0002612
1,0.2657518684864044,1,ham10000,ISIC_0024958,mel,HAM_0002613
0,0.19064545631408691,1,ham10000,ISIC_0027637,nv,HAM_0002614
1,0.7358851432800293,1,ham10000,ISIC_0033413,akiec,HAM_0002615
0,0.34043872356414795,1,ham10000,ISIC_0032555,nv,HAM_0002616
1,0.47967329621315,1,ham10000,ISIC_0033393,mel,HAM_0002617
0,0.034142062067985535,0,ham10000,ISIC_0027705,nv,HAM_0002618
0,0.12277746200561523,0,ham10000,ISIC_0025435,nv,HAM_0002619
0,0.21238793432712555,1,ham10000,ISIC_0032490,nv,HAM_0002620
0,0.11106997728347778,0,ham10000,ISIC_0028047,nv,HAM_0002621
1,0.6723834276199341,1,ham10000,ISIC_0030187,mel,HAM_0002622
0,0.17527292668819427,1,ham10000,ISIC_0025384,nv,HAM_0002623
0,0.21631796658039093,1,ham10000,ISIC_0028282,nv,HAM_0002624
0,0.1430189311504364,1,ham10000,ISIC_0026822,nv,HAM_0002626
0,0.07220727205276489,0,ham10000,ISIC_0027014,nv,HAM_0002627
0,0.8051355481147766,1,ham10000,ISIC_0030652,nv,HAM_0002628
0,0.37515345215797424,1,ham10000,ISIC_0024551,nv,HAM_0002629
0,0.1121506467461586,0,ham10000,ISIC_0026257,nv,HAM_0002630
0,0.39630377292633057,1,ham10000,ISIC_0028048,nv,HAM_0002631
0,0.07613479346036911,0,ham10000,ISIC_0029943,nv,HAM_0002632
0,0.18482927978038788,1,ham10000,ISIC_0031525,nv,HAM_0002633
0,0.12253902852535248,0,ham10000,ISIC_0028392,nv,HAM_0002634
0,0.5094194412231445,1,ham10000,ISIC_0029364,nv,HAM_0002635
0,0.12811234593391418,0,ham10000,ISIC_0031782,nv,HAM_0002636
0,0.23092354834079742,1,ham10000,ISIC_0029376,nv,HAM_0002637
0,0.4292869567871094,1,ham10000,ISIC_0028096,nv,HAM_0002638
0,0.4009436368942261,1,ham10000,ISIC_0025249,vasc,HAM_0002639
0,0.17185626924037933,1,ham10000,ISIC_0030337,nv,HAM_0002640
0,0.009830765426158905,0,ham10000,ISIC_0032676,nv,HAM_0002641
0,0.2220303863286972,1,ham10000,ISIC_0031467,nv,HAM_0002642
0,0.17736773192882538,1,ham10000,ISIC_0030017,nv,HAM_0002643
1,0.22766439616680145,1,ham10000,ISIC_0029417,akiec,HAM_0002644
0,0.6272523999214172,1,ham10000,ISIC_0024587,nv,HAM_0002645
1,0.40804150700569153,1,ham10000,ISIC_0028558,akiec,HAM_0002646
0,0.4573315680027008,1,ham10000,ISIC_0030534,nv,HAM_0002647
1,0.1915512979030609,1,ham10000,ISIC_0027650,akiec,HAM_0002648
0,0.5518012642860413,1,ham10000,ISIC_0026235,nv,HAM_0002649
0,0.03558487817645073,0,ham10000,ISIC_0029742,vasc,HAM_0002650
0,0.035934533923864365,0,ham10000,ISIC_0028682,nv,HAM_0002651
0,0.23037393391132355,1,ham10000,ISIC_0024934,nv,HAM_0002652
0,0.3055869936943054,1,ham10000,ISIC_0026817,nv,HAM_0002653
0,0.3855375647544861,1,ham10000,ISIC_0025698,nv,HAM_0002654
0,0.12137841433286667,0,ham10000,ISIC_0027116,nv,HAM_0002656
0,0.09823769330978394,0,ham10000,ISIC_0031046,nv,HAM_0002657
0,0.14891549944877625,1,ham10000,ISIC_0025907,nv,HAM_0002658
0,0.37709736824035645,1,ham10000,ISIC_0026448,nv,HAM_0002659
0,0.015350696630775928,0,ham10000,ISIC_0033750,bkl,HAM_0002660
0,0.04246925562620163,0,ham10000,ISIC_0025665,nv,HAM_0002661
0,0.24572131037712097,1,ham10000,ISIC_0031572,nv,HAM_0002662
0,0.08639095723628998,0,ham10000,ISIC_0030720,nv,HAM_0002663
1,0.6936930418014526,1,ham10000,ISIC_0033054,bcc,HAM_0002664
0,0.26333481073379517,1,ham10000,ISIC_0032208,nv,HAM_0002665
1,0.368653804063797,1,ham10000,ISIC_0024564,bcc,HAM_0002666
0,0.3888886272907257,1,ham10000,ISIC_0024388,nv,HAM_0002667
0,0.7492557764053345,1,ham10000,ISIC_0026784,nv,HAM_0002668
0,0.23448193073272705,1,ham10000,ISIC_0031994,nv,HAM_0002669
0,0.5293777585029602,1,ham10000,ISIC_0027734,nv,HAM_0002670
1,0.7603064179420471,1,ham10000,ISIC_0033068,mel,HAM_0002671
1,0.3212798535823822,1,ham10000,ISIC_0025948,akiec,HAM_0002672
0,0.1878732144832611,1,ham10000,ISIC_0027686,nv,HAM_0002673
0,0.36911195516586304,1,ham10000,ISIC_0029646,nv,HAM_0002674
0,0.118098683655262,0,ham10000,ISIC_0024969,nv,HAM_0002675
0,0.12391132116317749,0,ham10000,ISIC_0024610,nv,HAM_0002676
0,0.17305205762386322,1,ham10000,ISIC_0031024,bkl,HAM_0002677
0,0.10904920101165771,0,ham10000,ISIC_0030739,nv,HAM_0002678
0,0.07621242105960846,0,ham10000,ISIC_0029590,nv,HAM_0002679
0,0.08477087318897247,0,ham10000,ISIC_0031315,nv,HAM_0002680
0,0.17922115325927734,1,ham10000,ISIC_0029381,nv,HAM_0002681
0,0.04518140107393265,0,ham10000,ISIC_0024478,nv,HAM_0002682
0,0.2543858587741852,1,ham10000,ISIC_0031677,bkl,HAM_0002683
0,0.5462448000907898,1,ham10000,ISIC_0027874,nv,HAM_0002684
0,0.13717420399188995,0,ham10000,ISIC_0030593,nv,HAM_0002685
0,0.2520723044872284,1,ham10000,ISIC_0031716,bkl,HAM_0002686
0,0.3886246383190155,1,ham10000,ISIC_0032037,nv,HAM_0002687
0,0.2104129046201706,1,ham10000,ISIC_0025348,nv,HAM_0002688
1,0.22071215510368347,1,ham10000,ISIC_0026687,bcc,HAM_0002689
0,0.15470418334007263,1,ham10000,ISIC_0028828,nv,HAM_0002690
0,0.39405307173728943,1,ham10000,ISIC_0031345,bkl,HAM_0002691
0,0.013715099543333054,0,ham10000,ISIC_0029404,vasc,HAM_0002692
1,0.13396647572517395,0,ham10000,ISIC_0031550,mel,HAM_0002693
0,0.05015428736805916,0,ham10000,ISIC_0030100,nv,HAM_0002694
0,0.331908643245697,1,ham10000,ISIC_0028664,nv,HAM_0002695
1,0.03846701234579086,0,ham10000,ISIC_0026207,mel,HAM_0002696
0,0.35930389165878296,1,ham10000,ISIC_0028055,nv,HAM_0002697
0,0.32454293966293335,1,ham10000,ISIC_0031247,nv,HAM_0002698
1,0.7858461141586304,1,ham10000,ISIC_0029827,akiec,HAM_0002699
0,0.1415172815322876,1,ham10000,ISIC_0025011,nv,HAM_0002700
0,0.16705574095249176,1,ham10000,ISIC_0024328,nv,HAM_0002701
0,0.11872167885303497,0,ham10000,ISIC_0028196,nv,HAM_0002702
0,0.07060655951499939,0,ham10000,ISIC_0025402,nv,HAM_0002703
0,0.6081032752990723,1,ham10000,ISIC_0031638,nv,HAM_0002704
1,0.35094866156578064,1,ham10000,ISIC_0025089,akiec,HAM_0002705
0,0.12927179038524628,0,ham10000,ISIC_0025954,df,HAM_0002706
0,0.25298070907592773,1,ham10000,ISIC_0030628,nv,HAM_0002707
0,0.08398739993572235,0,ham10000,ISIC_0024752,nv,HAM_0002708
0,0.11722452938556671,0,ham10000,ISIC_0025773,nv,HAM_0002709
0,0.28150567412376404,1,ham10000,ISIC_0025241,nv,HAM_0002710
1,0.6829400062561035,1,ham10000,ISIC_0027669,mel,HAM_0002711
0,0.0831729993224144,0,ham10000,ISIC_0034238,nv,HAM_0002712
0,0.16778454184532166,1,ham10000,ISIC_0026695,nv,HAM_0002713
1,0.012782254256308079,0,ham10000,ISIC_0026113,mel,HAM_0002714
0,0.09307920187711716,0,ham10000,ISIC_0024714,nv,HAM_0002715
0,0.044382333755493164,0,ham10000,ISIC_0030779,nv,HAM_0002716
1,0.17268431186676025,1,ham10000,ISIC_0031284,bcc,HAM_0002717
0,0.28713929653167725,1,ham10000,ISIC_0024316,nv,HAM_0002718
1,0.2799212336540222,1,ham10000,ISIC_0029033,mel,HAM_0002719
1,0.3575696349143982,1,ham10000,ISIC_0025277,mel,HAM_0002720
0,0.25018563866615295,1,ham10000,ISIC_0032585,nv,HAM_0002721
0,0.459386944770813,1,ham10000,ISIC_0027991,bkl,HAM_0002722
1,0.3826630711555481,1,ham10000,ISIC_0034050,mel,HAM_0002723
0,0.7204517126083374,1,ham10000,ISIC_0032580,nv,HAM_0002724
0,0.10975455492734909,0,ham10000,ISIC_0025523,nv,HAM_0002725
0,0.1674717366695404,1,ham10000,ISIC_0025473,nv,HAM_0002726
0,0.14455057680606842,1,ham10000,ISIC_0025459,nv,HAM_0002727
0,0.14114981889724731,1,ham10000,ISIC_0026570,nv,HAM_0002728
0,0.07982431352138519,0,ham10000,ISIC_0026346,nv,HAM_0002729
0,0.5754132270812988,1,ham10000,ISIC_0025661,bkl,HAM_0002730
0,0.3993007242679596,1,ham10000,ISIC_0028236,bkl,HAM_0002731
1,0.6583327651023865,1,ham10000,ISIC_0033017,mel,HAM_0002732
1,0.788536548614502,1,ham10000,ISIC_0031041,bcc,HAM_0002733
1,0.42757275700569153,1,ham10000,ISIC_0028190,akiec,HAM_0002734
0,0.26711007952690125,1,ham10000,ISIC_0029992,nv,HAM_0002735
1,0.49958133697509766,1,ham10000,ISIC_0030594,bcc,HAM_0002736
0,0.1840444952249527,1,ham10000,ISIC_0029795,nv,HAM_0002737
0,0.21181586384773254,1,ham10000,ISIC_0029438,nv,HAM_0002738
0,0.2673853933811188,1,ham10000,ISIC_0032452,nv,HAM_0002739
0,0.2050544023513794,1,ham10000,ISIC_0027246,nv,HAM_0002740
0,0.3574628531932831,1,ham10000,ISIC_0027939,nv,HAM_0002741
0,0.29956695437431335,1,ham10000,ISIC_0025654,bkl,HAM_0002742
0,0.384720116853714,1,ham10000,ISIC_0030439,nv,HAM_0002743
1,0.15355859696865082,1,ham10000,ISIC_0031236,bcc,HAM_0002744
1,0.18432390689849854,1,ham10000,ISIC_0024562,akiec,HAM_0002745
0,0.27182483673095703,1,ham10000,ISIC_0031399,nv,HAM_0002746
0,0.4466448128223419,1,ham10000,ISIC_0025242,nv,HAM_0002747
0,0.2768419682979584,1,ham10000,ISIC_0028289,nv,HAM_0002748
0,0.30327108502388,1,ham10000,ISIC_0025066,bkl,HAM_0002749
0,0.19588367640972137,1,ham10000,ISIC_0033003,nv,HAM_0002750
0,0.0802384689450264,0,ham10000,ISIC_0026073,nv,HAM_0002751
1,0.38574427366256714,1,ham10000,ISIC_0025748,mel,HAM_0002752
0,0.37102261185646057,1,ham10000,ISIC_0026641,nv,HAM_0002753
0,0.10935380309820175,0,ham10000,ISIC_0025892,nv,HAM_0002754
0,0.1107005849480629,0,ham10000,ISIC_0032523,nv,HAM_0002755
0,0.20540152490139008,1,ham10000,ISIC_0027157,nv,HAM_0002756
0,0.6719871759414673,1,ham10000,ISIC_0024909,bkl,HAM_0002757
0,0.007334652356803417,0,ham10000,ISIC_0027575,nv,HAM_0002758
0,0.32648029923439026,1,ham10000,ISIC_0033062,nv,HAM_0002759
0,0.09694370627403259,0,ham10000,ISIC_0031815,nv,HAM_0002760
0,0.722741961479187,1,ham10000,ISIC_0029068,bkl,HAM_0002761
0,0.2787814736366272,1,ham10000,ISIC_0029458,nv,HAM_0002762
0,0.15584871172904968,1,ham10000,ISIC_0026884,nv,HAM_0002763
1,0.5051806569099426,1,ham10000,ISIC_0030366,mel,HAM_0002764
0,0.23944179713726044,1,ham10000,ISIC_0024860,nv,HAM_0002765
0,0.3572682738304138,1,ham10000,ISIC_0030532,nv,HAM_0002766
0,0.14259076118469238,1,ham10000,ISIC_0031914,nv,HAM_0002767
0,0.08602652698755264,0,ham10000,ISIC_0026657,nv,HAM_0002768
0,0.28119784593582153,1,ham10000,ISIC_0032481,bkl,HAM_0002769
1,0.1465863585472107,1,ham10000,ISIC_0025265,mel,HAM_0002770
1,0.21335317194461823,1,ham10000,ISIC_0029059,akiec,HAM_0002771
1,0.016278842464089394,0,ham10000,ISIC_0026897,mel,HAM_0002772
0,0.3047381043434143,1,ham10000,ISIC_0028690,nv,HAM_0002773
0,0.6002343893051147,1,ham10000,ISIC_0029683,bkl,HAM_0002774
0,0.20325657725334167,1,ham10000,ISIC_0024407,nv,HAM_0002775
0,0.23538976907730103,1,ham10000,ISIC_0026143,nv,HAM_0002776
0,0.1315656453371048,0,ham10000,ISIC_0030228,nv,HAM_0002777
0,0.1236741840839386,0,ham10000,ISIC_0026540,nv,HAM_0002778
0,0.16839167475700378,1,ham10000,ISIC_0026515,nv,HAM_0002779
0,0.3350960612297058,1,ham10000,ISIC_0028732,nv,HAM_0002780
0,0.25807300209999084,1,ham10000,ISIC_0029379,nv,HAM_0002781
0,0.48418647050857544,1,ham10000,ISIC_0030536,nv,HAM_0002782
0,0.25719887018203735,1,ham10000,ISIC_0029507,nv,HAM_0002783
0,0.4420895278453827,1,ham10000,ISIC_0027712,nv,HAM_0002784
0,0.2022295743227005,1,ham10000,ISIC_0029258,nv,HAM_0002786
0,0.06974007189273834,0,ham10000,ISIC_0025425,vasc,HAM_0002787
0,0.29530438780784607,1,ham10000,ISIC_0027563,vasc,HAM_0002788
0,0.26281678676605225,1,ham10000,ISIC_0030578,nv,HAM_0002789
0,0.11760591715574265,0,ham10000,ISIC_0026721,nv,HAM_0002790
1,0.5603845119476318,1,ham10000,ISIC_0029847,bcc,HAM_0002791
0,0.04488113895058632,0,ham10000,ISIC_0033169,bkl,HAM_0002792
0,0.05094629526138306,0,ham10000,ISIC_0029953,nv,HAM_0002793
0,0.38808485865592957,1,ham10000,ISIC_0031596,nv,HAM_0002794
0,0.004048726987093687,0,ham10000,ISIC_0025278,nv,HAM_0002795
0,0.0015707950806245208,0,ham10000,ISIC_0025261,nv,HAM_0002796
0,0.633597731590271,1,ham10000,ISIC_0026883,nv,HAM_0002797
0,0.09312865883111954,0,ham10000,ISIC_0025323,nv,HAM_0002798
0,0.1951259821653366,1,ham10000,ISIC_0027975,nv,HAM_0002799
1,0.12098834663629532,0,ham10000,ISIC_0026239,mel,HAM_0002800
0,0.18579711019992828,1,ham10000,ISIC_0025889,nv,HAM_0002801
0,0.17223134636878967,1,ham10000,ISIC_0029717,nv,HAM_0002802
0,0.19004619121551514,1,ham10000,ISIC_0028110,nv,HAM_0002803
0,0.33916354179382324,1,ham10000,ISIC_0031722,nv,HAM_0002805
0,0.1266985684633255,0,ham10000,ISIC_0029175,nv,HAM_0002806
0,0.21005544066429138,1,ham10000,ISIC_0025050,nv,HAM_0002807
0,0.18827377259731293,1,ham10000,ISIC_0031503,nv,HAM_0002808
0,0.31049519777297974,1,ham10000,ISIC_0024338,bkl,HAM_0002809
0,0.5326770544052124,1,ham10000,ISIC_0030542,bkl,HAM_0002810
0,0.12508629262447357,0,ham10000,ISIC_0030632,nv,HAM_0002811
1,0.2596159279346466,1,ham10000,ISIC_0027788,bcc,HAM_0002812
0,0.1133216843008995,0,ham10000,ISIC_0030751,nv,HAM_0002813
0,0.362965852022171,1,ham10000,ISIC_0028140,nv,HAM_0002814
0,0.1729016751050949,1,ham10000,ISIC_0025298,nv,HAM_0002815
0,0.04746643826365471,0,ham10000,ISIC_0028405,nv,HAM_0002816
1,0.17906005680561066,1,ham10000,ISIC_0029495,mel,HAM_0002817
1,0.659865140914917,1,ham10000,ISIC_0028570,bcc,HAM_0002818
0,0.40166133642196655,1,ham10000,ISIC_0024467,nv,HAM_0002819
0,0.3937343657016754,1,ham10000,ISIC_0028422,nv,HAM_0002820
0,0.2128601223230362,1,ham10000,ISIC_0028479,bkl,HAM_0002821
0,0.24819189310073853,1,ham10000,ISIC_0026863,nv,HAM_0002822
0,0.17116686701774597,1,ham10000,ISIC_0031354,nv,HAM_0002823
1,0.02309596724808216,0,ham10000,ISIC_0025987,mel,HAM_0002824
0,0.37756282091140747,1,ham10000,ISIC_0031296,nv,HAM_0002825
0,0.36033177375793457,1,ham10000,ISIC_0028334,nv,HAM_0002826
0,0.14749135076999664,1,ham10000,ISIC_0025777,bkl,HAM_0002827
0,0.1336345374584198,0,ham10000,ISIC_0030164,nv,HAM_0002828
0,0.19429679214954376,1,ham10000,ISIC_0029134,nv,HAM_0002829
0,0.33993586897850037,1,ham10000,ISIC_0025796,nv,HAM_0002830
0,0.18459591269493103,1,ham10000,ISIC_0026977,nv,HAM_0002831
0,0.1200840100646019,0,ham10000,ISIC_0029091,nv,HAM_0002832
0,0.07655549049377441,0,ham10000,ISIC_0026889,nv,HAM_0002833
1,0.5893317461013794,1,ham10000,ISIC_0026500,mel,HAM_0002834
0,0.015073790214955807,0,ham10000,ISIC_0028510,nv,HAM_0002835
0,0.49740666151046753,1,ham10000,ISIC_0030289,nv,HAM_0002836
0,0.03252056986093521,0,ham10000,ISIC_0025859,nv,HAM_0002837
1,0.09568704664707184,0,ham10000,ISIC_0030818,mel,HAM_0002838
0,0.341362327337265,1,ham10000,ISIC_0025982,bkl,HAM_0002839
0,0.282652884721756,1,ham10000,ISIC_0027424,nv,HAM_0002840
1,0.3069184124469757,1,ham10000,ISIC_0032653,mel,HAM_0002841
0,0.023587308824062347,0,ham10000,ISIC_0029616,nv,HAM_0002842
0,0.07143175601959229,0,ham10000,ISIC_0031855,nv,HAM_0002843
0,0.337261438369751,1,ham10000,ISIC_0029329,bkl,HAM_0002844
0,0.3974010944366455,1,ham10000,ISIC_0031319,nv,HAM_0002845
0,0.25770896673202515,1,ham10000,ISIC_0028616,nv,HAM_0002846
0,0.10912012308835983,0,ham10000,ISIC_0024353,nv,HAM_0002847
0,0.30476105213165283,1,ham10000,ISIC_0027598,df,HAM_0002848
0,0.19710606336593628,1,ham10000,ISIC_0032229,nv,HAM_0002849
0,0.06660711020231247,0,ham10000,ISIC_0024638,nv,HAM_0002850
0,0.08567702025175095,0,ham10000,ISIC_0026915,nv,HAM_0002851
0,0.27342844009399414,1,ham10000,ISIC_0031530,nv,HAM_0002852
0,0.29895657300949097,1,ham10000,ISIC_0027429,nv,HAM_0002853
0,0.11400194466114044,0,ham10000,ISIC_0031673,nv,HAM_0002854
0,0.11644607037305832,0,ham10000,ISIC_0026116,nv,HAM_0002855
0,0.10425838828086853,0,ham10000,ISIC_0028154,nv,HAM_0002856
0,0.11169075220823288,0,ham10000,ISIC_0024528,nv,HAM_0002857
0,0.0832260251045227,0,ham10000,ISIC_0029990,nv,HAM_0002858
0,0.21538470685482025,1,ham10000,ISIC_0025119,nv,HAM_0002859
0,0.5869076251983643,1,ham10000,ISIC_0030027,nv,HAM_0002860
0,0.21448250114917755,1,ham10000,ISIC_0031462,nv,HAM_0002861
0,0.2526763081550598,1,ham10000,ISIC_0024769,nv,HAM_0002863
0,0.21375438570976257,1,ham10000,ISIC_0025176,nv,HAM_0002864
0,0.6402692794799805,1,ham10000,ISIC_0031708,nv,HAM_0002865
0,0.39713847637176514,1,ham10000,ISIC_0029411,nv,HAM_0002866
1,0.5669364333152771,1,ham10000,ISIC_0033084,akiec,HAM_0002867
0,0.14083170890808105,1,ham10000,ISIC_0031998,nv,HAM_0002868
1,0.16815707087516785,1,ham10000,ISIC_0024313,mel,HAM_0002869
0,0.03614312782883644,0,ham10000,ISIC_0027267,nv,HAM_0002870
0,0.27495884895324707,1,ham10000,ISIC_0027044,df,HAM_0002871
0,0.04423614963889122,0,ham10000,ISIC_0026164,nv,HAM_0002872
0,0.1591000258922577,1,ham10000,ISIC_0026412,nv,HAM_0002873
0,0.05454027280211449,0,ham10000,ISIC_0033707,nv,HAM_0002874
0,0.28421714901924133,1,ham10000,ISIC_0032050,nv,HAM_0002875
0,0.7978484630584717,1,ham10000,ISIC_0033082,nv,HAM_0002876
0,0.4458681046962738,1,ham10000,ISIC_0030435,nv,HAM_0002877
0,0.32427823543548584,1,ham10000,ISIC_0032640,nv,HAM_0002878
0,0.6005235910415649,1,ham10000,ISIC_0025693,bkl,HAM_0002879
0,0.13037565350532532,0,ham10000,ISIC_0029691,nv,HAM_0002880
0,0.12678365409374237,0,ham10000,ISIC_0026328,nv,HAM_0002881
1,0.5024677515029907,1,ham10000,ISIC_0026014,akiec,HAM_0002882
0,0.14127637445926666,1,ham10000,ISIC_0030071,nv,HAM_0002883
0,0.055185288190841675,0,ham10000,ISIC_0028251,nv,HAM_0002884
0,0.16953504085540771,1,ham10000,ISIC_0026386,nv,HAM_0002885
0,0.12726221978664398,0,ham10000,ISIC_0032089,nv,HAM_0002887
0,0.21380913257598877,1,ham10000,ISIC_0025571,nv,HAM_0002888
0,0.5719017386436462,1,ham10000,ISIC_0030774,nv,HAM_0002889
0,0.1557072103023529,1,ham10000,ISIC_0032704,nv,HAM_0002890
0,0.1523026078939438,1,ham10000,ISIC_0028906,nv,HAM_0002891
0,0.07605641335248947,0,ham10000,ISIC_0032469,nv,HAM_0002892
0,0.24541939795017242,1,ham10000,ISIC_0025037,nv,HAM_0002893
0,0.8158841133117676,1,ham10000,ISIC_0033056,bkl,HAM_0002894
0,0.47240525484085083,1,ham10000,ISIC_0029578,df,HAM_0002895
0,0.27031758427619934,1,ham10000,ISIC_0030235,nv,HAM_0002896
1,0.5770325064659119,1,ham10000,ISIC_0030552,mel,HAM_0002897
0,0.09422451257705688,0,ham10000,ISIC_0033179,nv,HAM_0002898
0,0.2899273633956909,1,ham10000,ISIC_0026601,nv,HAM_0002899
0,0.15752045810222626,1,ham10000,ISIC_0024985,nv,HAM_0002900
0,0.09575594961643219,0,ham10000,ISIC_0028722,nv,HAM_0002901
0,0.1490180492401123,1,ham10000,ISIC_0026443,bkl,HAM_0002902
0,0.30217260122299194,1,ham10000,ISIC_0024774,bkl,HAM_0002903
0,0.26832085847854614,1,ham10000,ISIC_0027213,nv,HAM_0002904
0,0.11304158717393875,0,ham10000,ISIC_0029026,nv,HAM_0002905
1,0.559122622013092,1,ham10000,ISIC_0026604,mel,HAM_0002906
0,0.6384027004241943,1,ham10000,ISIC_0029730,nv,HAM_0002907
0,0.11837895214557648,0,ham10000,ISIC_0032650,nv,HAM_0002908
0,0.17242851853370667,1,ham10000,ISIC_0032642,df,HAM_0002909
0,0.26520347595214844,1,ham10000,ISIC_0031010,nv,HAM_0002910
1,0.20985448360443115,1,ham10000,ISIC_0029272,mel,HAM_0002911
0,0.5480051636695862,1,ham10000,ISIC_0028958,bkl,HAM_0002912
0,0.3495510220527649,1,ham10000,ISIC_0025070,nv,HAM_0002913
0,0.7638367414474487,1,ham10000,ISIC_0024904,vasc,HAM_0002914
0,0.1622461974620819,1,ham10000,ISIC_0034009,nv,HAM_0002915
0,0.11462931334972382,0,ham10000,ISIC_0030581,nv,HAM_0002916
0,0.05084729567170143,0,ham10000,ISIC_0032506,nv,HAM_0002917
0,0.3545413613319397,1,ham10000,ISIC_0031704,nv,HAM_0002918
0,0.25993382930755615,1,ham10000,ISIC_0028518,nv,HAM_0002919
0,0.07043588906526566,0,ham10000,ISIC_0031205,nv,HAM_0002920
0,0.422140896320343,1,ham10000,ISIC_0029308,bkl,HAM_0002921
0,0.09808509796857834,0,ham10000,ISIC_0027625,nv,HAM_0002922
0,0.6376180052757263,1,ham10000,ISIC_0032992,nv,HAM_0002923
0,0.15414214134216309,1,ham10000,ISIC_0030682,nv,HAM_0002924
0,0.3701368272304535,1,ham10000,ISIC_0025338,nv,HAM_0002925
0,0.21442526578903198,1,ham10000,ISIC_0030831,nv,HAM_0002926
0,0.2781023681163788,1,ham10000,ISIC_0028012,nv,HAM_0002927
0,0.1356372982263565,0,ham10000,ISIC_0032665,bkl,HAM_0002928
0,0.17520993947982788,1,ham10000,ISIC_0032068,nv,HAM_0002929
0,0.2329922467470169,1,ham10000,ISIC_0026994,nv,HAM_0002930
0,0.4825739562511444,1,ham10000,ISIC_0028427,nv,HAM_0002931
0,0.07939036935567856,0,ham10000,ISIC_0027841,nv,HAM_0002932
0,0.11078398674726486,0,ham10000,ISIC_0024494,bkl,HAM_0002933
1,0.48813149333000183,1,ham10000,ISIC_0025031,bcc,HAM_0002934
0,0.060755711048841476,0,ham10000,ISIC_0024670,nv,HAM_0002935
0,0.08120959252119064,0,ham10000,ISIC_0024380,nv,HAM_0002936
0,0.10456258803606033,0,ham10000,ISIC_0029478,nv,HAM_0002937
0,0.16919323801994324,1,ham10000,ISIC_0025580,nv,HAM_0002938
1,0.7062658667564392,1,ham10000,ISIC_0032888,mel,HAM_0002939
0,0.08873103559017181,0,ham10000,ISIC_0024791,nv,HAM_0002940
0,0.15175478160381317,1,ham10000,ISIC_0031028,nv,HAM_0002941
0,0.29391300678253174,1,ham10000,ISIC_0027911,nv,HAM_0002942
0,0.20173411071300507,1,ham10000,ISIC_0026054,nv,HAM_0002943
0,0.07372470945119858,0,ham10000,ISIC_0028135,nv,HAM_0002944
0,0.10379098355770111,0,ham10000,ISIC_0029077,nv,HAM_0002945
0,0.05375001206994057,0,ham10000,ISIC_0031663,nv,HAM_0002946
0,0.24410875141620636,1,ham10000,ISIC_0031589,nv,HAM_0002947
0,0.08354452252388,0,ham10000,ISIC_0030927,nv,HAM_0002948
0,0.752029538154602,1,ham10000,ISIC_0030761,nv,HAM_0002949
0,0.2502495348453522,1,ham10000,ISIC_0028176,nv,HAM_0002950
0,0.11635442823171616,0,ham10000,ISIC_0024341,nv,HAM_0002951
1,0.33280375599861145,1,ham10000,ISIC_0033518,mel,HAM_0002952
0,0.22157424688339233,1,ham10000,ISIC_0025126,nv,HAM_0002953
1,0.5809505581855774,1,ham10000,ISIC_0024329,akiec,HAM_0002954
1,0.6717158555984497,1,ham10000,ISIC_0029212,mel,HAM_0002955
1,0.4109888970851898,1,ham10000,ISIC_0032637,mel,HAM_0002956
0,0.45019665360450745,1,ham10000,ISIC_0025876,bkl,HAM_0002957
0,0.18564143776893616,1,ham10000,ISIC_0026088,nv,HAM_0002958
1,0.22726237773895264,1,ham10000,ISIC_0025362,bcc,HAM_0002959
0,0.43630969524383545,1,ham10000,ISIC_0024994,df,HAM_0002960
0,0.18673965334892273,1,ham10000,ISIC_0031947,nv,HAM_0002961
0,0.37913522124290466,1,ham10000,ISIC_0028331,bkl,HAM_0002962
0,0.20799508690834045,1,ham10000,ISIC_0032435,nv,HAM_0002963
0,0.1742585450410843,1,ham10000,ISIC_0024927,nv,HAM_0002964
0,0.19927984476089478,1,ham10000,ISIC_0026446,bkl,HAM_0002965
0,0.13255487382411957,0,ham10000,ISIC_0024509,nv,HAM_0002966
0,0.051453184336423874,0,ham10000,ISIC_0025380,nv,HAM_0002967
0,0.4541211724281311,1,ham10000,ISIC_0027446,nv,HAM_0002968
0,0.08152657002210617,0,ham10000,ISIC_0030913,nv,HAM_0002969
1,0.2826916575431824,1,ham10000,ISIC_0026930,mel,HAM_0002970
0,0.12720248103141785,0,ham10000,ISIC_0026425,nv,HAM_0002971
0,0.13748545944690704,0,ham10000,ISIC_0025430,nv,HAM_0002972
0,0.41864702105522156,1,ham10000,ISIC_0026140,nv,HAM_0002973
0,0.12208914011716843,0,ham10000,ISIC_0027553,nv,HAM_0002974
0,0.764282763004303,1,ham10000,ISIC_0026148,nv,HAM_0002975
0,0.2203836590051651,1,ham10000,ISIC_0026908,nv,HAM_0002976
0,0.11840413510799408,0,ham10000,ISIC_0025629,nv,HAM_0002977
0,0.1024901419878006,0,ham10000,ISIC_0030215,nv,HAM_0002978
0,0.23803168535232544,1,ham10000,ISIC_0025511,nv,HAM_0002979
0,0.29281118512153625,1,ham10000,ISIC_0030395,nv,HAM_0002980
1,0.6726306080818176,1,ham10000,ISIC_0026664,mel,HAM_0002981
0,0.08921758830547333,0,ham10000,ISIC_0031423,nv,HAM_0002982
1,0.7071833610534668,1,ham10000,ISIC_0029392,bcc,HAM_0002983
0,0.40756234526634216,1,ham10000,ISIC_0024602,bkl,HAM_0002984
0,0.6255710124969482,1,ham10000,ISIC_0025063,bkl,HAM_0002985
0,0.1713196188211441,1,ham10000,ISIC_0028706,nv,HAM_0002986
0,0.3353157043457031,1,ham10000,ISIC_0030647,nv,HAM_0002987
0,0.23895001411437988,1,ham10000,ISIC_0025337,bkl,HAM_0002988
0,0.42014580965042114,1,ham10000,ISIC_0027378,nv,HAM_0002989
0,0.43275201320648193,1,ham10000,ISIC_0028437,nv,HAM_0002990
0,0.16934464871883392,1,ham10000,ISIC_0030502,nv,HAM_0002991
0,0.38593658804893494,1,ham10000,ISIC_0024627,nv,HAM_0002992
1,0.5128946304321289,1,ham10000,ISIC_0032547,mel,HAM_0002993
0,0.2594301700592041,1,ham10000,ISIC_0027836,nv,HAM_0002994
0,0.2197250872850418,1,ham10000,ISIC_0028886,nv,HAM_0002995
0,0.15779626369476318,1,ham10000,ISIC_0025496,nv,HAM_0002996
0,0.19231854379177094,1,ham10000,ISIC_0029972,nv,HAM_0002997
1,0.03723954036831856,0,ham10000,ISIC_0028928,bcc,HAM_0002998
0,0.21200613677501678,1,ham10000,ISIC_0029844,nv,HAM_0002999
0,0.7208654284477234,1,ham10000,ISIC_0025326,bkl,HAM_0003000
0,0.14862042665481567,1,ham10000,ISIC_0032514,bkl,HAM_0003001
0,0.35309484601020813,1,ham10000,ISIC_0032830,nv,HAM_0003002
0,0.6516838669776917,1,ham10000,ISIC_0033343,nv,HAM_0003003
0,0.1732385903596878,1,ham10000,ISIC_0028889,nv,HAM_0003004
0,0.166625514626503,1,ham10000,ISIC_0028304,nv,HAM_0003005
0,0.25255367159843445,1,ham10000,ISIC_0032097,nv,HAM_0003006
0,0.04870278760790825,0,ham10000,ISIC_0025388,bkl,HAM_0003007
0,0.2070375382900238,1,ham10000,ISIC_0029729,nv,HAM_0003008
0,0.21890921890735626,1,ham10000,ISIC_0025569,nv,HAM_0003009
0,0.19025425612926483,1,ham10000,ISIC_0029924,bkl,HAM_0003010
0,0.6881421804428101,1,ham10000,ISIC_0030959,bkl,HAM_0003011
0,0.37208834290504456,1,ham10000,ISIC_0029375,nv,HAM_0003012
0,0.18099215626716614,1,ham10000,ISIC_0026800,nv,HAM_0003013
0,0.2663050591945648,1,ham10000,ISIC_0031542,bkl,HAM_0003014
0,0.4704815149307251,1,ham10000,ISIC_0025083,bkl,HAM_0003015
0,0.46994391083717346,1,ham10000,ISIC_0027097,nv,HAM_0003016
0,0.01702916994690895,0,ham10000,ISIC_0033535,nv,HAM_0003017
0,0.1429421752691269,1,ham10000,ISIC_0032639,nv,HAM_0003018
0,0.21051660180091858,1,ham10000,ISIC_0032001,nv,HAM_0003019
0,0.23832784593105316,1,ham10000,ISIC_0031579,nv,HAM_0003020
0,0.827143132686615,1,ham10000,ISIC_0030005,bkl,HAM_0003021
0,0.06081918254494667,0,ham10000,ISIC_0025551,nv,HAM_0003022
0,0.5404191613197327,1,ham10000,ISIC_0031257,df,HAM_0003023
0,0.35340026021003723,1,ham10000,ISIC_0024768,nv,HAM_0003024
0,0.1276245415210724,0,ham10000,ISIC_0027440,nv,HAM_0003025
0,0.6111447215080261,1,ham10000,ISIC_0030416,nv,HAM_0003026
0,0.12387967109680176,0,ham10000,ISIC_0025355,nv,HAM_0003027
0,0.2305619865655899,1,ham10000,ISIC_0031870,nv,HAM_0003028
0,0.3297150433063507,1,ham10000,ISIC_0025685,nv,HAM_0003029
0,0.3366983234882355,1,ham10000,ISIC_0028876,bkl,HAM_0003030
1,0.48967525362968445,1,ham10000,ISIC_0030445,mel,HAM_0003031
0,0.4002300202846527,1,ham10000,ISIC_0028789,nv,HAM_0003032
0,0.4342060089111328,1,ham10000,ISIC_0025165,nv,HAM_0003033
0,0.07903124392032623,0,ham10000,ISIC_0033187,nv,HAM_0003034
0,0.394969642162323,1,ham10000,ISIC_0024617,nv,HAM_0003035
0,0.15230286121368408,1,ham10000,ISIC_0030917,nv,HAM_0003036
0,0.5872440934181213,1,ham10000,ISIC_0026036,nv,HAM_0003038
1,0.5332717299461365,1,ham10000,ISIC_0026350,bcc,HAM_0003039
0,0.31672993302345276,1,ham10000,ISIC_0028170,nv,HAM_0003040
0,0.29837945103645325,1,ham10000,ISIC_0024558,nv,HAM_0003041
0,0.26479047536849976,1,ham10000,ISIC_0031282,nv,HAM_0003042
1,0.12017273902893066,0,ham10000,ISIC_0030915,bcc,HAM_0003043
0,0.6829208135604858,1,ham10000,ISIC_0028544,nv,HAM_0003044
0,0.16193963587284088,1,ham10000,ISIC_0031071,nv,HAM_0003045
1,0.6751384735107422,1,ham10000,ISIC_0033257,bcc,HAM_0003046
0,0.1429518312215805,1,ham10000,ISIC_0026505,nv,HAM_0003047
0,0.236445352435112,1,ham10000,ISIC_0030729,nv,HAM_0003048
0,0.6868822574615479,1,ham10000,ISIC_0027041,bkl,HAM_0003049
0,0.14653676748275757,1,ham10000,ISIC_0033659,bkl,HAM_0003050
1,0.7339950799942017,1,ham10000,ISIC_0030175,akiec,HAM_0003051
0,0.33926355838775635,1,ham10000,ISIC_0024796,nv,HAM_0003052
0,0.372429221868515,1,ham10000,ISIC_0028824,nv,HAM_0003053
0,0.27291667461395264,1,ham10000,ISIC_0027945,nv,HAM_0003054
1,0.3231104910373688,1,ham10000,ISIC_0032420,mel,HAM_0003055
0,0.16856500506401062,1,ham10000,ISIC_0026684,nv,HAM_0003056
0,0.12725678086280823,0,ham10000,ISIC_0033026,nv,HAM_0003057
0,0.112266406416893,0,ham10000,ISIC_0028032,nv,HAM_0003058
0,0.2836543619632721,1,ham10000,ISIC_0032223,nv,HAM_0003059
0,0.21737533807754517,1,ham10000,ISIC_0027485,nv,HAM_0003060
0,0.192460834980011,1,ham10000,ISIC_0032262,nv,HAM_0003061
0,0.023660190403461456,0,ham10000,ISIC_0024319,nv,HAM_0003062
0,0.16038778424263,1,ham10000,ISIC_0027576,nv,HAM_0003063
0,0.39923158288002014,1,ham10000,ISIC_0029966,nv,HAM_0003064
0,0.2243901640176773,1,ham10000,ISIC_0031879,nv,HAM_0003065
0,0.3313450813293457,1,ham10000,ISIC_0032084,nv,HAM_0003067
0,0.2860657870769501,1,ham10000,ISIC_0027344,bkl,HAM_0003069
0,0.4981112480163574,1,ham10000,ISIC_0032323,nv,HAM_0003070
0,0.5537785291671753,1,ham10000,ISIC_0026000,nv,HAM_0003071
1,0.6877930760383606,1,ham10000,ISIC_0032611,bcc,HAM_0003072
1,0.2950100302696228,1,ham10000,ISIC_0032836,mel,HAM_0003073
0,0.13608309626579285,0,ham10000,ISIC_0029816,nv,HAM_0003074
0,0.1932460069656372,1,ham10000,ISIC_0028553,nv,HAM_0003075
0,0.5127922296524048,1,ham10000,ISIC_0029062,bkl,HAM_0003076
0,0.1992027461528778,1,ham10000,ISIC_0031230,nv,HAM_0003077
0,0.3096764385700226,1,ham10000,ISIC_0025918,nv,HAM_0003078
0,0.24234630167484283,1,ham10000,ISIC_0032369,nv,HAM_0003079
0,0.1379564255475998,0,ham10000,ISIC_0024868,nv,HAM_0003080
0,0.2769889533519745,1,ham10000,ISIC_0033808,df,HAM_0003081
0,0.13677120208740234,0,ham10000,ISIC_0029579,nv,HAM_0003082
1,0.5559053421020508,1,ham10000,ISIC_0032604,mel,HAM_0003083
0,0.5272316932678223,1,ham10000,ISIC_0026191,nv,HAM_0003084
0,0.3010765612125397,1,ham10000,ISIC_0027809,nv,HAM_0003085
1,0.9266272187232971,1,ham10000,ISIC_0032349,akiec,HAM_0003086
0,0.17901518940925598,1,ham10000,ISIC_0028133,nv,HAM_0003087
0,0.1442825347185135,1,ham10000,ISIC_0029736,nv,HAM_0003088
0,0.3444384038448334,1,ham10000,ISIC_0030706,bkl,HAM_0003089
0,0.1266680359840393,0,ham10000,ISIC_0028020,bkl,HAM_0003090
0,0.4879043698310852,1,ham10000,ISIC_0027152,nv,HAM_0003091
0,0.11763496696949005,0,ham10000,ISIC_0027301,nv,HAM_0003092
0,0.21605125069618225,1,ham10000,ISIC_0025218,nv,HAM_0003093
1,0.30594682693481445,1,ham10000,ISIC_0027858,bcc,HAM_0003094
1,0.1626044064760208,1,ham10000,ISIC_0025755,mel,HAM_0003095
0,0.14538682997226715,1,ham10000,ISIC_0031793,nv,HAM_0003096
0,0.047908056527376175,0,ham10000,ISIC_0033181,nv,HAM_0003097
0,0.21960479021072388,1,ham10000,ISIC_0030498,nv,HAM_0003098
0,0.5212588310241699,1,ham10000,ISIC_0025734,nv,HAM_0003099
0,0.15037581324577332,1,ham10000,ISIC_0028976,nv,HAM_0003100
1,0.3271358609199524,1,ham10000,ISIC_0030094,bcc,HAM_0003101
1,0.1749107390642166,1,ham10000,ISIC_0025709,mel,HAM_0003102
0,0.13129915297031403,0,ham10000,ISIC_0031921,nv,HAM_0003103
1,0.569821834564209,1,ham10000,ISIC_0025029,akiec,HAM_0003105
0,0.042619794607162476,0,ham10000,ISIC_0030420,nv,HAM_0003106
1,0.8123348355293274,1,ham10000,ISIC_0030844,akiec,HAM_0003107
0,0.19594013690948486,1,ham10000,ISIC_0027166,nv,HAM_0003108
0,0.2037036269903183,1,ham10000,ISIC_0028946,nv,HAM_0003109
0,0.45897865295410156,1,ham10000,ISIC_0026473,df,HAM_0003110
0,0.45992571115493774,1,ham10000,ISIC_0030495,nv,HAM_0003111
1,0.7296932339668274,1,ham10000,ISIC_0030233,bcc,HAM_0003112
0,0.5289106965065002,1,ham10000,ISIC_0024520,nv,HAM_0003113
0,0.22864100337028503,1,ham10000,ISIC_0032091,nv,HAM_0003114
1,0.06364597380161285,0,ham10000,ISIC_0030954,bcc,HAM_0003115
0,0.05716835334897041,0,ham10000,ISIC_0030453,nv,HAM_0003116
0,0.00766391959041357,0,ham10000,ISIC_0027917,nv,HAM_0003117
0,0.1254475861787796,0,ham10000,ISIC_0026483,nv,HAM_0003118
1,0.3004000782966614,1,ham10000,ISIC_0030737,bcc,HAM_0003119
0,0.2060636281967163,1,ham10000,ISIC_0028593,bkl,HAM_0003120
0,0.05109957605600357,0,ham10000,ISIC_0024347,nv,HAM_0003121
0,0.2068648487329483,1,ham10000,ISIC_0031069,nv,HAM_0003122
1,0.5883607268333435,1,ham10000,ISIC_0028232,akiec,HAM_0003123
0,0.1373029202222824,0,ham10000,ISIC_0031512,nv,HAM_0003124
0,0.19052666425704956,1,ham10000,ISIC_0025477,nv,HAM_0003125
0,0.36310064792633057,1,ham10000,ISIC_0029181,nv,HAM_0003126
0,0.1023532897233963,0,ham10000,ISIC_0024658,nv,HAM_0003127
0,0.0737789124250412,0,ham10000,ISIC_0030660,nv,HAM_0003128
0,0.09818429499864578,0,ham10000,ISIC_0029195,bkl,HAM_0003129
0,0.3555028736591339,1,ham10000,ISIC_0032708,nv,HAM_0003130
0,0.13918814063072205,0,ham10000,ISIC_0025833,nv,HAM_0003131
0,0.23883239924907684,1,ham10000,ISIC_0029259,nv,HAM_0003132
0,0.3015994131565094,1,ham10000,ISIC_0032794,nv,HAM_0003133
0,0.15646673738956451,1,ham10000,ISIC_0027001,nv,HAM_0003134
1,0.702235996723175,1,ham10000,ISIC_0028107,bcc,HAM_0003135
1,0.14156194031238556,1,ham10000,ISIC_0026645,akiec,HAM_0003136
0,0.04970433562994003,0,ham10000,ISIC_0032770,nv,HAM_0003137
0,0.3930432200431824,1,ham10000,ISIC_0025706,nv,HAM_0003138
0,0.5032311081886292,1,ham10000,ISIC_0026063,nv,HAM_0003139
0,0.6168848276138306,1,ham10000,ISIC_0027037,bkl,HAM_0003140
1,0.3704228401184082,1,ham10000,ISIC_0031918,akiec,HAM_0003141
0,0.33028730750083923,1,ham10000,ISIC_0026956,nv,HAM_0003142
0,0.36516067385673523,1,ham10000,ISIC_0033555,nv,HAM_0003143
1,0.25658532977104187,1,ham10000,ISIC_0032135,akiec,HAM_0003144
0,0.18253271281719208,1,ham10000,ISIC_0026136,nv,HAM_0003145
1,0.3615800440311432,1,ham10000,ISIC_0026992,akiec,HAM_0003146
0,0.5682206749916077,1,ham10000,ISIC_0029168,nv,HAM_0003147
0,0.40415605902671814,1,ham10000,ISIC_0025353,nv,HAM_0003148
1,0.35615837574005127,1,ham10000,ISIC_0030246,mel,HAM_0003149
0,0.16544926166534424,1,ham10000,ISIC_0025213,nv,HAM_0003150
0,0.22087648510932922,1,ham10000,ISIC_0024556,nv,HAM_0003151
0,0.4672684967517853,1,ham10000,ISIC_0027996,bkl,HAM_0003152
0,0.1299825757741928,0,ham10000,ISIC_0025565,nv,HAM_0003153
0,0.28519773483276367,1,ham10000,ISIC_0031075,nv,HAM_0003154
0,0.16017454862594604,1,ham10000,ISIC_0028247,nv,HAM_0003155
0,0.31035107374191284,1,ham10000,ISIC_0026494,nv,HAM_0003156
1,0.7239301204681396,1,ham10000,ISIC_0029811,akiec,HAM_0003157
0,0.10520422458648682,0,ham10000,ISIC_0025456,nv,HAM_0003158
0,0.02045394666492939,0,ham10000,ISIC_0026108,nv,HAM_0003159
0,0.14059585332870483,1,ham10000,ISIC_0029587,nv,HAM_0003160
1,0.30034616589546204,1,ham10000,ISIC_0030191,akiec,HAM_0003161
0,0.35636624693870544,1,ham10000,ISIC_0032997,bkl,HAM_0003162
0,0.1370849609375,0,ham10000,ISIC_0029327,nv,HAM_0003163
0,0.005768586881458759,0,ham10000,ISIC_0027897,nv,HAM_0003164
0,0.08447974920272827,0,ham10000,ISIC_0025856,bkl,HAM_0003165
0,0.1369544118642807,0,ham10000,ISIC_0030848,nv,HAM_0003166
1,0.22108754515647888,1,ham10000,ISIC_0024864,mel,HAM_0003167
0,0.17513906955718994,1,ham10000,ISIC_0026228,nv,HAM_0003168
0,0.20611608028411865,1,ham10000,ISIC_0028867,nv,HAM_0003169
0,0.24898318946361542,1,ham10000,ISIC_0029631,nv,HAM_0003170
1,0.11773525923490524,0,ham10000,ISIC_0025941,mel,HAM_0003171
1,0.43729010224342346,1,ham10000,ISIC_0025832,mel,HAM_0003172
0,0.366539865732193,1,ham10000,ISIC_0032131,nv,HAM_0003173
1,0.5461041331291199,1,ham10000,ISIC_0032873,mel,HAM_0003174
0,0.08117184787988663,0,ham10000,ISIC_0028145,nv,HAM_0003175
1,0.5535167455673218,1,ham10000,ISIC_0028148,mel,HAM_0003176
1,0.10770143568515778,0,ham10000,ISIC_0031697,bcc,HAM_0003177
0,0.175749272108078,1,ham10000,ISIC_0025713,nv,HAM_0003178
0,0.06338249146938324,0,ham10000,ISIC_0029108,bkl,HAM_0003179
0,0.2426033318042755,1,ham10000,ISIC_0031058,nv,HAM_0003180
0,0.1870194971561432,1,ham10000,ISIC_0033085,nv,HAM_0003181
1,0.26424211263656616,1,ham10000,ISIC_0027125,mel,HAM_0003182
0,0.34600329399108887,1,ham10000,ISIC_0027017,bkl,HAM_0003183
0,0.48526841402053833,1,ham10000,ISIC_0028844,nv,HAM_0003184
0,1.9339670416229637e-06,0,ham10000,ISIC_0030430,nv,HAM_0003185
1,0.42489445209503174,1,ham10000,ISIC_0027297,bcc,HAM_0003186
0,0.1515294462442398,1,ham10000,ISIC_0025526,bkl,HAM_0003187
0,0.11645259708166122,0,ham10000,ISIC_0024730,nv,HAM_0003188
0,0.29008716344833374,1,ham10000,ISIC_0027324,nv,HAM_0003189
0,0.10264629125595093,0,ham10000,ISIC_0030571,nv,HAM_0003190
1,0.7319656014442444,1,ham10000,ISIC_0028050,bcc,HAM_0003191
0,0.038163717836141586,0,ham10000,ISIC_0030284,nv,HAM_0003192
0,0.297364741563797,1,ham10000,ISIC_0032818,nv,HAM_0003193
1,0.45812350511550903,1,ham10000,ISIC_0026954,mel,HAM_0003194
1,0.35738274455070496,1,ham10000,ISIC_0025319,akiec,HAM_0003195
0,0.20623920857906342,1,ham10000,ISIC_0025475,nv,HAM_0003196
0,0.2480887770652771,1,ham10000,ISIC_0028668,nv,HAM_0003197
1,0.2735041677951813,1,ham10000,ISIC_0027759,bcc,HAM_0003198
0,0.10854706168174744,0,ham10000,ISIC_0027309,nv,HAM_0003199
0,0.21024134755134583,1,ham10000,ISIC_0030805,nv,HAM_0003200
0,0.24976573884487152,1,ham10000,ISIC_0030386,nv,HAM_0003201
1,0.7030836343765259,1,ham10000,ISIC_0032718,mel,HAM_0003202
0,0.2911677062511444,1,ham10000,ISIC_0029421,nv,HAM_0003203
0,0.14375223219394684,1,ham10000,ISIC_0028564,nv,HAM_0003204
0,0.3359631597995758,1,ham10000,ISIC_0031287,bkl,HAM_0003205
0,0.09238932281732559,0,ham10000,ISIC_0025199,bkl,HAM_0003206
0,0.4397040009498596,1,ham10000,ISIC_0024534,nv,HAM_0003207
0,0.21247193217277527,1,ham10000,ISIC_0033572,nv,HAM_0003208
0,0.21580465137958527,1,ham10000,ISIC_0031156,nv,HAM_0003209
0,0.2441605031490326,1,ham10000,ISIC_0030237,nv,HAM_0003210
0,0.18014779686927795,1,ham10000,ISIC_0029942,nv,HAM_0003211
1,0.7201169729232788,1,ham10000,ISIC_0024767,mel,HAM_0003212
0,0.022740814834833145,0,ham10000,ISIC_0031747,nv,HAM_0003213
0,0.21117860078811646,1,ham10000,ISIC_0028745,nv,HAM_0003214
0,0.32129648327827454,1,ham10000,ISIC_0027643,nv,HAM_0003215
1,0.5562365055084229,1,ham10000,ISIC_0034015,bcc,HAM_0003216
0,0.1694408655166626,1,ham10000,ISIC_0029888,nv,HAM_0003217
0,0.15298452973365784,1,ham10000,ISIC_0033305,bkl,HAM_0003218
0,0.19949088990688324,1,ham10000,ISIC_0024737,nv,HAM_0003219
1,0.8662279844284058,1,ham10000,ISIC_0034093,bcc,HAM_0003220
0,0.07196833938360214,0,ham10000,ISIC_0029104,nv,HAM_0003221
0,0.18986481428146362,1,ham10000,ISIC_0026382,nv,HAM_0003222
0,0.47976627945899963,1,ham10000,ISIC_0024922,nv,HAM_0003223
1,0.22288839519023895,1,ham10000,ISIC_0029740,mel,HAM_0003225
0,0.05250639468431473,0,ham10000,ISIC_0029225,nv,HAM_0003226
0,0.2680286169052124,1,ham10000,ISIC_0029594,nv,HAM_0003227
0,0.267444372177124,1,ham10000,ISIC_0027369,nv,HAM_0003228
1,0.04178710654377937,0,ham10000,ISIC_0031140,bcc,HAM_0003229
0,0.7548307776451111,1,ham10000,ISIC_0027640,nv,HAM_0003230
0,0.28265446424484253,1,ham10000,ISIC_0025028,nv,HAM_0003231
0,0.288548082113266,1,ham10000,ISIC_0032448,nv,HAM_0003232
0,0.21377329528331757,1,ham10000,ISIC_0031571,nv,HAM_0003233
0,0.3990783095359802,1,ham10000,ISIC_0032467,nv,HAM_0003234
0,0.16656814515590668,1,ham10000,ISIC_0025001,nv,HAM_0003235
0,0.3211912214756012,1,ham10000,ISIC_0033025,nv,HAM_0003236
0,0.12328566610813141,0,ham10000,ISIC_0028595,nv,HAM_0003237
0,0.1592208743095398,1,ham10000,ISIC_0031157,nv,HAM_0003238
0,0.18209050595760345,1,ham10000,ISIC_0024533,nv,HAM_0003239
0,0.20637188851833344,1,ham10000,ISIC_0026387,nv,HAM_0003240
0,0.3321705162525177,1,ham10000,ISIC_0024908,nv,HAM_0003241
0,0.09526985883712769,0,ham10000,ISIC_0031242,nv,HAM_0003242
0,0.15532809495925903,1,ham10000,ISIC_0026279,nv,HAM_0003243
0,0.3996400237083435,1,ham10000,ISIC_0027368,nv,HAM_0003244
0,0.17074079811573029,1,ham10000,ISIC_0025211,nv,HAM_0003245
0,0.0825863778591156,0,ham10000,ISIC_0029018,nv,HAM_0003246
0,0.30822864174842834,1,ham10000,ISIC_0026707,nv,HAM_0003247
0,0.12104654312133789,0,ham10000,ISIC_0025447,nv,HAM_0003248
0,0.12331566214561462,0,ham10000,ISIC_0025114,nv,HAM_0003249
0,0.02860373817384243,0,ham10000,ISIC_0031997,nv,HAM_0003250
0,0.2155093252658844,1,ham10000,ISIC_0025868,nv,HAM_0003251
0,0.16339261829853058,1,ham10000,ISIC_0029977,nv,HAM_0003252
0,0.13289019465446472,0,ham10000,ISIC_0028998,nv,HAM_0003253
0,0.12274420261383057,0,ham10000,ISIC_0032478,nv,HAM_0003254
0,0.5293449759483337,1,ham10000,ISIC_0026172,nv,HAM_0003255
1,0.12780626118183136,0,ham10000,ISIC_0028218,mel,HAM_0003256
0,0.3861335515975952,1,ham10000,ISIC_0024559,nv,HAM_0003257
0,0.09601849317550659,0,ham10000,ISIC_0026187,nv,HAM_0003258
0,0.1983930915594101,1,ham10000,ISIC_0032895,nv,HAM_0003259
0,0.10548310726881027,0,ham10000,ISIC_0029345,bkl,HAM_0003260
0,0.10857129096984863,0,ham10000,ISIC_0026031,nv,HAM_0003261
1,0.16714157164096832,1,ham10000,ISIC_0026212,akiec,HAM_0003262
0,0.09546399116516113,0,ham10000,ISIC_0028226,nv,HAM_0003263
0,0.2996329367160797,1,ham10000,ISIC_0027723,nv,HAM_0003264
0,0.08163168281316757,0,ham10000,ISIC_0025180,bkl,HAM_0003265
0,0.09266334027051926,0,ham10000,ISIC_0029468,nv,HAM_0003266
0,0.0725683644413948,0,ham10000,ISIC_0024991,nv,HAM_0003267
0,0.3412077724933624,1,ham10000,ISIC_0025572,nv,HAM_0003268
0,0.19555549323558807,1,ham10000,ISIC_0028904,nv,HAM_0003269
0,0.15795201063156128,1,ham10000,ISIC_0025764,nv,HAM_0003270
0,0.16820378601551056,1,ham10000,ISIC_0031850,nv,HAM_0003271
0,0.021350517868995667,0,ham10000,ISIC_0027979,nv,HAM_0003272
0,0.46031665802001953,1,ham10000,ISIC_0024536,nv,HAM_0003273
0,0.16621583700180054,1,ham10000,ISIC_0031348,nv,HAM_0003274
0,0.16335295140743256,1,ham10000,ISIC_0032116,bkl,HAM_0003275
0,0.5541859269142151,1,ham10000,ISIC_0024975,nv,HAM_0003276
0,0.07983088493347168,0,ham10000,ISIC_0026730,nv,HAM_0003277
0,0.2301788330078125,1,ham10000,ISIC_0026537,nv,HAM_0003278
0,0.20287486910820007,1,ham10000,ISIC_0030329,bkl,HAM_0003279
1,0.6719416975975037,1,ham10000,ISIC_0032841,mel,HAM_0003280
0,0.2566920220851898,1,ham10000,ISIC_0031903,bkl,HAM_0003281
0,0.06510306149721146,0,ham10000,ISIC_0032474,nv,HAM_0003282
0,0.2668774127960205,1,ham10000,ISIC_0031469,nv,HAM_0003283
0,0.18562138080596924,1,ham10000,ISIC_0030894,nv,HAM_0003284
0,0.08297383785247803,0,ham10000,ISIC_0029907,nv,HAM_0003285
0,0.3205750286579132,1,ham10000,ISIC_0026846,bkl,HAM_0003287
0,0.133704274892807,0,ham10000,ISIC_0032587,nv,HAM_0003288
0,0.14986960589885712,1,ham10000,ISIC_0031357,nv,HAM_0003289
0,0.843626856803894,1,ham10000,ISIC_0030757,df,HAM_0003290
0,0.15573015809059143,1,ham10000,ISIC_0029428,nv,HAM_0003291
0,0.31767645478248596,1,ham10000,ISIC_0029173,nv,HAM_0003292
0,0.19252316653728485,1,ham10000,ISIC_0029010,bkl,HAM_0003293
0,0.2206176370382309,1,ham10000,ISIC_0028817,nv,HAM_0003294
0,0.45490193367004395,1,ham10000,ISIC_0026110,nv,HAM_0003295
0,0.29454514384269714,1,ham10000,ISIC_0024944,nv,HAM_0003296
0,0.2934991121292114,1,ham10000,ISIC_0024373,nv,HAM_0003297
0,0.05860180780291557,0,ham10000,ISIC_0031535,nv,HAM_0003298
0,0.3807843029499054,1,ham10000,ISIC_0025547,nv,HAM_0003299
0,0.13641294836997986,0,ham10000,ISIC_0034195,nv,HAM_0003300
0,0.1413331925868988,1,ham10000,ISIC_0025033,bkl,HAM_0003301
0,0.47614216804504395,1,ham10000,ISIC_0032434,nv,HAM_0003302
0,0.0186125710606575,0,ham10000,ISIC_0024597,nv,HAM_0003303
0,0.24099107086658478,1,ham10000,ISIC_0029367,nv,HAM_0003304
0,0.2696335017681122,1,ham10000,ISIC_0025172,nv,HAM_0003305
0,0.13015760481357574,0,ham10000,ISIC_0025259,nv,HAM_0003306
0,0.07606054842472076,0,ham10000,ISIC_0031147,nv,HAM_0003307
0,0.1243913471698761,0,ham10000,ISIC_0024615,nv,HAM_0003308
0,0.07297202944755554,0,ham10000,ISIC_0028403,nv,HAM_0003309
0,0.16156332194805145,1,ham10000,ISIC_0032952,nv,HAM_0003310
0,0.08958180248737335,0,ham10000,ISIC_0026452,nv,HAM_0003311
0,0.10202205181121826,0,ham10000,ISIC_0030516,nv,HAM_0003312
0,0.14724677801132202,1,ham10000,ISIC_0032107,nv,HAM_0003313
0,0.4303564131259918,1,ham10000,ISIC_0026470,nv,HAM_0003314
1,0.09646006673574448,0,ham10000,ISIC_0024481,mel,HAM_0003315
0,0.13916939496994019,0,ham10000,ISIC_0031472,nv,HAM_0003316
0,0.08036932349205017,0,ham10000,ISIC_0024435,bkl,HAM_0003317
0,0.5796080231666565,1,ham10000,ISIC_0031979,nv,HAM_0003318
0,0.15163347125053406,1,ham10000,ISIC_0026033,nv,HAM_0003319
0,0.01930222287774086,0,ham10000,ISIC_0030367,nv,HAM_0003320
0,0.07010751962661743,0,ham10000,ISIC_0032929,bkl,HAM_0003321
0,0.13908126950263977,0,ham10000,ISIC_0028596,nv,HAM_0003322
0,0.19478389620780945,1,ham10000,ISIC_0031297,nv,HAM_0003323
0,0.261233389377594,1,ham10000,ISIC_0024650,nv,HAM_0003324
0,0.5718352198600769,1,ham10000,ISIC_0034190,nv,HAM_0003325
0,0.23048695921897888,1,ham10000,ISIC_0025548,bkl,HAM_0003326
0,0.30466434359550476,1,ham10000,ISIC_0027312,nv,HAM_0003327
1,0.6894943714141846,1,ham10000,ISIC_0026453,bcc,HAM_0003328
0,0.24433793127536774,1,ham10000,ISIC_0031581,nv,HAM_0003329
1,0.6113016605377197,1,ham10000,ISIC_0028696,mel,HAM_0003330
0,0.4398880898952484,1,ham10000,ISIC_0027035,nv,HAM_0003331
0,0.11103377491235733,0,ham10000,ISIC_0028416,nv,HAM_0003332
0,0.18445086479187012,1,ham10000,ISIC_0028379,nv,HAM_0003333
0,0.37714284658432007,1,ham10000,ISIC_0030886,nv,HAM_0003334
1,0.0940699577331543,0,ham10000,ISIC_0032509,mel,HAM_0003335
0,0.1431947648525238,1,ham10000,ISIC_0030298,nv,HAM_0003336
0,0.21645767986774445,1,ham10000,ISIC_0024677,nv,HAM_0003337
0,0.23103679716587067,1,ham10000,ISIC_0029722,nv,HAM_0003338
0,0.13570436835289001,0,ham10000,ISIC_0030715,nv,HAM_0003339
0,0.5026655197143555,1,ham10000,ISIC_0028507,nv,HAM_0003340
0,0.24277937412261963,1,ham10000,ISIC_0027212,nv,HAM_0003341
0,0.13420578837394714,0,ham10000,ISIC_0027726,nv,HAM_0003342
0,0.6588453054428101,1,ham10000,ISIC_0027861,nv,HAM_0003343
0,0.1958865523338318,1,ham10000,ISIC_0026399,nv,HAM_0003344
0,0.45340514183044434,1,ham10000,ISIC_0024718,nv,HAM_0003345
0,0.10134492069482803,0,ham10000,ISIC_0032714,nv,HAM_0003346
0,0.3619628846645355,1,ham10000,ISIC_0032416,nv,HAM_0003347
0,0.5369245409965515,1,ham10000,ISIC_0031799,df,HAM_0003348
0,0.164865180850029,1,ham10000,ISIC_0028917,nv,HAM_0003349
1,0.8599222898483276,1,ham10000,ISIC_0024310,mel,HAM_0003350
1,0.35464856028556824,1,ham10000,ISIC_0033878,mel,HAM_0003351
0,0.5568651556968689,1,ham10000,ISIC_0032599,nv,HAM_0003352
0,0.35050341486930847,1,ham10000,ISIC_0025162,nv,HAM_0003353
1,0.6631372570991516,1,ham10000,ISIC_0032892,mel,HAM_0003354
0,0.07111798971891403,0,ham10000,ISIC_0029138,nv,HAM_0003355
0,0.18105727434158325,1,ham10000,ISIC_0032572,nv,HAM_0003356
0,0.1525854617357254,1,ham10000,ISIC_0032912,nv,HAM_0003357
0,0.05914774164557457,0,ham10000,ISIC_0032939,nv,HAM_0003358
0,0.13984668254852295,0,ham10000,ISIC_0032979,nv,HAM_0003359
0,0.32139623165130615,1,ham10000,ISIC_0033140,nv,HAM_0003360
0,0.5145227909088135,1,ham10000,ISIC_0033234,nv,HAM_0003361
0,0.26170289516448975,1,ham10000,ISIC_0033313,nv,HAM_0003362
0,0.2666427791118622,1,ham10000,ISIC_0033381,nv,HAM_0003363
0,0.21627655625343323,1,ham10000,ISIC_0033474,nv,HAM_0003364
0,0.060833100229501724,0,ham10000,ISIC_0033682,nv,HAM_0003365
0,0.15485772490501404,1,ham10000,ISIC_0033765,nv,HAM_0003366
0,0.4088490605354309,1,ham10000,ISIC_0033903,nv,HAM_0003367
0,0.2501181960105896,1,ham10000,ISIC_0034270,nv,HAM_0003368
0,0.16601799428462982,1,ham10000,ISIC_0032181,nv,HAM_0003369
0,0.2637958824634552,1,ham10000,ISIC_0032237,nv,HAM_0003370
0,0.6312631368637085,1,ham10000,ISIC_0030957,nv,HAM_0003371
0,0.2253243625164032,1,ham10000,ISIC_0028883,nv,HAM_0003372
1,0.47522979974746704,1,ham10000,ISIC_0024515,bcc,HAM_0003373
0,0.19077377021312714,1,ham10000,ISIC_0030265,nv,HAM_0003374
0,0.04043906182050705,0,ham10000,ISIC_0031422,nv,HAM_0003375
1,0.4786929786205292,1,ham10000,ISIC_0025394,mel,HAM_0003376
0,0.19350579380989075,1,ham10000,ISIC_0032085,nv,HAM_0003377
0,0.2706948220729828,1,ham10000,ISIC_0027674,nv,HAM_0003378
0,0.25134479999542236,1,ham10000,ISIC_0030619,nv,HAM_0003379
1,0.04998777061700821,0,ham10000,ISIC_0024418,akiec,HAM_0003380
0,0.1745312213897705,1,ham10000,ISIC_0028862,nv,HAM_0003382
0,0.2896575331687927,1,ham10000,ISIC_0026594,nv,HAM_0003383
0,0.1260661482810974,0,ham10000,ISIC_0028438,nv,HAM_0003384
0,0.31075480580329895,1,ham10000,ISIC_0025839,nv,HAM_0003385
1,0.3041599988937378,1,ham10000,ISIC_0032662,mel,HAM_0003386
0,0.09610200673341751,0,ham10000,ISIC_0028524,nv,HAM_0003387
0,0.13843956589698792,0,ham10000,ISIC_0027176,nv,HAM_0003388
1,0.5057817697525024,1,ham10000,ISIC_0031122,bcc,HAM_0003389
0,0.20971977710723877,1,ham10000,ISIC_0024859,nv,HAM_0003390
0,0.15674442052841187,1,ham10000,ISIC_0030025,nv,HAM_0003391
0,0.2824658453464508,1,ham10000,ISIC_0030240,bkl,HAM_0003392
0,0.11593319475650787,0,ham10000,ISIC_0032113,bkl,HAM_0003393
0,0.1827513575553894,1,ham10000,ISIC_0029405,nv,HAM_0003394
0,0.2150323987007141,1,ham10000,ISIC_0030392,nv,HAM_0003395
0,0.22388941049575806,1,ham10000,ISIC_0031068,nv,HAM_0003396
0,0.08669739961624146,0,ham10000,ISIC_0027740,nv,HAM_0003397
0,0.21025235950946808,1,ham10000,ISIC_0031888,bkl,HAM_0003398
0,0.21528209745883942,1,ham10000,ISIC_0028398,nv,HAM_0003399
1,0.5841573476791382,1,ham10000,ISIC_0026167,mel,HAM_0003400
1,0.7593681216239929,1,ham10000,ISIC_0029002,akiec,HAM_0003401
0,0.4174266755580902,1,ham10000,ISIC_0031409,nv,HAM_0003403
0,0.19280241429805756,1,ham10000,ISIC_0029797,nv,HAM_0003404
0,0.2610737085342407,1,ham10000,ISIC_0024580,nv,HAM_0003405
0,0.18030433356761932,1,ham10000,ISIC_0030896,nv,HAM_0003406
0,0.3713594675064087,1,ham10000,ISIC_0026971,nv,HAM_0003407
0,0.3955523371696472,1,ham10000,ISIC_0031942,nv,HAM_0003408
0,0.2609418034553528,1,ham10000,ISIC_0025913,nv,HAM_0003409
0,0.3202100396156311,1,ham10000,ISIC_0024635,bkl,HAM_0003410
0,0.17517344653606415,1,ham10000,ISIC_0024346,nv,HAM_0003411
0,0.18319901823997498,1,ham10000,ISIC_0026241,nv,HAM_0003412
0,0.17113164067268372,1,ham10000,ISIC_0030969,nv,HAM_0003413
0,0.27678337693214417,1,ham10000,ISIC_0027944,nv,HAM_0003414
0,0.10244622081518173,0,ham10000,ISIC_0027789,nv,HAM_0003415
0,0.08105055242776871,0,ham10000,ISIC_0030379,nv,HAM_0003416
0,0.1967214047908783,1,ham10000,ISIC_0027891,nv,HAM_0003417
0,0.26014718413352966,1,ham10000,ISIC_0033182,nv,HAM_0003418
0,0.5799944400787354,1,ham10000,ISIC_0026097,nv,HAM_0003419
0,0.032925721257925034,0,ham10000,ISIC_0024748,bkl,HAM_0003420
1,0.17948493361473083,1,ham10000,ISIC_0033470,mel,HAM_0003421
1,0.3960835635662079,1,ham10000,ISIC_0031198,akiec,HAM_0003422
0,0.09261277318000793,0,ham10000,ISIC_0028344,nv,HAM_0003423
0,0.38042911887168884,1,ham10000,ISIC_0033451,nv,HAM_0003424
0,0.2417900562286377,1,ham10000,ISIC_0031434,nv,HAM_0003425
0,0.16365976631641388,1,ham10000,ISIC_0026959,bkl,HAM_0003426
1,0.2394765317440033,1,ham10000,ISIC_0032959,bcc,HAM_0003427
1,0.36477699875831604,1,ham10000,ISIC_0024652,mel,HAM_0003428
1,0.7586933374404907,1,ham10000,ISIC_0024673,bcc,HAM_0003429
0,0.20649361610412598,1,ham10000,ISIC_0025271,nv,HAM_0003430
0,0.02353702485561371,0,ham10000,ISIC_0031847,nv,HAM_0003431
0,0.22912529110908508,1,ham10000,ISIC_0027962,nv,HAM_0003432
0,0.07961317896842957,0,ham10000,ISIC_0029483,nv,HAM_0003433
0,0.1713421791791916,1,ham10000,ISIC_0028608,nv,HAM_0003434
1,0.16372014582157135,1,ham10000,ISIC_0031350,mel,HAM_0003435
0,0.10435708612203598,0,ham10000,ISIC_0027940,nv,HAM_0003436
0,0.29606664180755615,1,ham10000,ISIC_0031151,nv,HAM_0003438
1,0.5445352792739868,1,ham10000,ISIC_0033050,mel,HAM_0003439
0,0.12461219727993011,0,ham10000,ISIC_0026943,nv,HAM_0003440
0,0.3758031129837036,1,ham10000,ISIC_0032673,nv,HAM_0003441
0,0.18822847306728363,1,ham10000,ISIC_0027929,nv,HAM_0003442
0,0.17293807864189148,1,ham10000,ISIC_0032485,nv,HAM_0003443
1,0.19869962334632874,1,ham10000,ISIC_0027120,bcc,HAM_0003444
1,0.35345402359962463,1,ham10000,ISIC_0026229,mel,HAM_0003445
0,0.014055154286324978,0,ham10000,ISIC_0027201,nv,HAM_0003446
0,0.668999969959259,1,ham10000,ISIC_0032703,nv,HAM_0003447
1,0.69525146484375,1,ham10000,ISIC_0026158,mel,HAM_0003448
1,0.7327980995178223,1,ham10000,ISIC_0027263,mel,HAM_0003449
0,0.14008504152297974,1,ham10000,ISIC_0027746,nv,HAM_0003450
0,0.21282871067523956,1,ham10000,ISIC_0027098,nv,HAM_0003451
0,0.3087196350097656,1,ham10000,ISIC_0028920,bkl,HAM_0003452
0,0.12983018159866333,0,ham10000,ISIC_0031508,nv,HAM_0003453
0,0.1976839154958725,1,ham10000,ISIC_0031764,nv,HAM_0003454
1,0.19528989493846893,1,ham10000,ISIC_0027896,akiec,HAM_0003455
0,0.5762492418289185,1,ham10000,ISIC_0025077,nv,HAM_0003456
0,0.25368356704711914,1,ham10000,ISIC_0024887,nv,HAM_0003457
0,0.6654183268547058,1,ham10000,ISIC_0024623,bkl,HAM_0003458
0,0.14883486926555634,1,ham10000,ISIC_0025697,nv,HAM_0003459
0,0.5135632753372192,1,ham10000,ISIC_0032577,nv,HAM_0003460
0,0.0491398461163044,0,ham10000,ISIC_0027833,nv,HAM_0003461
0,0.8030146956443787,1,ham10000,ISIC_0025239,nv,HAM_0003462
0,0.21217457950115204,1,ham10000,ISIC_0031388,nv,HAM_0003463
0,0.15924224257469177,1,ham10000,ISIC_0031715,nv,HAM_0003464
0,0.347258597612381,1,ham10000,ISIC_0024368,nv,HAM_0003465
1,0.59378582239151,1,ham10000,ISIC_0033038,mel,HAM_0003466
0,0.06566008925437927,0,ham10000,ISIC_0031089,nv,HAM_0003467
0,0.10294600576162338,0,ham10000,ISIC_0025641,nv,HAM_0003468
0,0.19392509758472443,1,ham10000,ISIC_0031636,nv,HAM_0003469
0,0.11722977459430695,0,ham10000,ISIC_0025979,nv,HAM_0003470
0,0.2709905505180359,1,ham10000,ISIC_0025284,nv,HAM_0003471
0,0.19016334414482117,1,ham10000,ISIC_0024417,nv,HAM_0003473
0,0.1385246366262436,0,ham10000,ISIC_0025212,nv,HAM_0003474
0,0.21605640649795532,1,ham10000,ISIC_0029825,nv,HAM_0003475
0,0.25010231137275696,1,ham10000,ISIC_0028972,bkl,HAM_0003476
0,0.04222862794995308,0,ham10000,ISIC_0029207,nv,HAM_0003477
0,0.2019822746515274,1,ham10000,ISIC_0027493,nv,HAM_0003478
0,0.12482337653636932,0,ham10000,ISIC_0030857,nv,HAM_0003479
0,0.21599455177783966,1,ham10000,ISIC_0031996,vasc,HAM_0003480
0,0.19785994291305542,1,ham10000,ISIC_0029050,nv,HAM_0003481
0,0.31485095620155334,1,ham10000,ISIC_0025150,nv,HAM_0003482
0,0.26973727345466614,1,ham10000,ISIC_0025501,nv,HAM_0003483
1,0.18354134261608124,1,ham10000,ISIC_0028003,mel,HAM_0003484
0,0.3965536952018738,1,ham10000,ISIC_0031968,nv,HAM_0003485
0,0.304117351770401,1,ham10000,ISIC_0029494,nv,HAM_0003486
0,0.4176456332206726,1,ham10000,ISIC_0024845,df,HAM_0003487
0,0.30396997928619385,1,ham10000,ISIC_0028630,nv,HAM_0003488
0,0.16517433524131775,1,ham10000,ISIC_0032275,nv,HAM_0003489
0,0.4219658374786377,1,ham10000,ISIC_0031162,nv,HAM_0003490
0,0.1353186070919037,0,ham10000,ISIC_0026123,nv,HAM_0003491
0,0.1608203500509262,1,ham10000,ISIC_0029228,nv,HAM_0003492
0,0.24555978178977966,1,ham10000,ISIC_0028322,nv,HAM_0003493
0,0.23883061110973358,1,ham10000,ISIC_0031347,nv,HAM_0003494
1,0.15663576126098633,1,ham10000,ISIC_0032869,mel,HAM_0003495
0,0.09385018050670624,0,ham10000,ISIC_0027308,nv,HAM_0003496
1,0.6658006906509399,1,ham10000,ISIC_0030970,mel,HAM_0003497
0,0.6560018658638,1,ham10000,ISIC_0024609,nv,HAM_0003498
0,0.12143132090568542,0,ham10000,ISIC_0031516,nv,HAM_0003499
0,0.09000348299741745,0,ham10000,ISIC_0025917,nv,HAM_0003500
1,0.1419813185930252,1,ham10000,ISIC_0026927,akiec,HAM_0003501
0,0.12404249608516693,0,ham10000,ISIC_0027290,nv,HAM_0003502
0,0.11844541877508163,0,ham10000,ISIC_0027555,nv,HAM_0003503
1,0.14914001524448395,1,ham10000,ISIC_0026823,mel,HAM_0003504
0,0.10829626768827438,0,ham10000,ISIC_0033032,nv,HAM_0003505
1,0.06632129102945328,0,ham10000,ISIC_0033336,mel,HAM_0003506
0,0.20123769342899323,1,ham10000,ISIC_0032710,nv,HAM_0003507
0,0.11027853190898895,0,ham10000,ISIC_0030319,bkl,HAM_0003508
1,0.14609719812870026,1,ham10000,ISIC_0027832,mel,HAM_0003509
0,0.3257037401199341,1,ham10000,ISIC_0031507,nv,HAM_0003510
0,0.09174448251724243,0,ham10000,ISIC_0024321,nv,HAM_0003511
0,0.11502588540315628,0,ham10000,ISIC_0032609,nv,HAM_0003512
0,0.2956407964229584,1,ham10000,ISIC_0030743,nv,HAM_0003513
0,0.3853800594806671,1,ham10000,ISIC_0030369,bkl,HAM_0003514
0,0.1433471292257309,1,ham10000,ISIC_0025862,nv,HAM_0003515
0,0.16407687962055206,1,ham10000,ISIC_0029540,nv,HAM_0003516
0,0.1824207454919815,1,ham10000,ISIC_0029798,nv,HAM_0003517
0,0.2003147453069687,1,ham10000,ISIC_0025498,nv,HAM_0003518
0,0.17895734310150146,1,ham10000,ISIC_0026627,nv,HAM_0003519
1,0.01792440377175808,0,ham10000,ISIC_0025724,mel,HAM_0003520
1,0.39548206329345703,1,ham10000,ISIC_0032220,mel,HAM_0003521
1,0.18506133556365967,1,ham10000,ISIC_0029013,mel,HAM_0003522
0,0.13421069085597992,0,ham10000,ISIC_0026179,nv,HAM_0003523
0,0.24314448237419128,1,ham10000,ISIC_0028779,nv,HAM_0003524
0,0.284627765417099,1,ham10000,ISIC_0024653,nv,HAM_0003525
0,0.11058784276247025,0,ham10000,ISIC_0027070,nv,HAM_0003526
0,0.0771118551492691,0,ham10000,ISIC_0029874,nv,HAM_0003527
0,0.08163052052259445,0,ham10000,ISIC_0028575,nv,HAM_0003528
0,0.38187524676322937,1,ham10000,ISIC_0029871,nv,HAM_0003529
1,0.5406302213668823,1,ham10000,ISIC_0030929,mel,HAM_0003530
1,0.4789746105670929,1,ham10000,ISIC_0031999,mel,HAM_0003531
0,0.31201761960983276,1,ham10000,ISIC_0026517,nv,HAM_0003532
0,0.1382429599761963,0,ham10000,ISIC_0030178,nv,HAM_0003533
1,0.4597265422344208,1,ham10000,ISIC_0028493,mel,HAM_0003534
0,0.29271310567855835,1,ham10000,ISIC_0033259,nv,HAM_0003535
0,0.0888427123427391,0,ham10000,ISIC_0028819,nv,HAM_0003536
0,0.07630825787782669,0,ham10000,ISIC_0029734,nv,HAM_0003537
0,0.2946404814720154,1,ham10000,ISIC_0031246,nv,HAM_0003538
0,0.17964042723178864,1,ham10000,ISIC_0025897,nv,HAM_0003539
0,0.2687086760997772,1,ham10000,ISIC_0029808,nv,HAM_0003540
0,0.42489513754844666,1,ham10000,ISIC_0028426,nv,HAM_0003541
0,0.10755044966936111,0,ham10000,ISIC_0033506,nv,HAM_0003542
0,0.1471135914325714,1,ham10000,ISIC_0030040,nv,HAM_0003543
0,0.37561479210853577,1,ham10000,ISIC_0029718,nv,HAM_0003545
0,0.2475287914276123,1,ham10000,ISIC_0030006,nv,HAM_0003546
0,0.22792856395244598,1,ham10000,ISIC_0027921,nv,HAM_0003547
0,0.5311747193336487,1,ham10000,ISIC_0028480,nv,HAM_0003548
0,0.15817463397979736,1,ham10000,ISIC_0028741,nv,HAM_0003549
0,0.19725468754768372,1,ham10000,ISIC_0026334,nv,HAM_0003550
0,0.33800554275512695,1,ham10000,ISIC_0031800,nv,HAM_0003551
0,0.08098413050174713,0,ham10000,ISIC_0029084,nv,HAM_0003552
0,0.2741881012916565,1,ham10000,ISIC_0026469,nv,HAM_0003553
0,0.13157719373703003,0,ham10000,ISIC_0027494,nv,HAM_0003554
0,0.4095750153064728,1,ham10000,ISIC_0030321,df,HAM_0003555
1,0.25042077898979187,1,ham10000,ISIC_0033175,mel,HAM_0003556
0,0.16988897323608398,1,ham10000,ISIC_0026973,nv,HAM_0003557
1,0.12257011979818344,0,ham10000,ISIC_0025303,mel,HAM_0003558
0,0.5486769080162048,1,ham10000,ISIC_0025810,bkl,HAM_0003559
0,0.1290133148431778,0,ham10000,ISIC_0028136,nv,HAM_0003560
0,0.18154455721378326,1,ham10000,ISIC_0034154,nv,HAM_0003561
0,0.1446692943572998,1,ham10000,ISIC_0030544,nv,HAM_0003562
0,0.1264902800321579,0,ham10000,ISIC_0030075,nv,HAM_0003563
0,0.24565890431404114,1,ham10000,ISIC_0029294,nv,HAM_0003564
0,0.1930636167526245,1,ham10000,ISIC_0027289,nv,HAM_0003565
1,0.0810190886259079,0,ham10000,ISIC_0032684,mel,HAM_0003566
0,0.36047327518463135,1,ham10000,ISIC_0028895,nv,HAM_0003567
0,0.12324743717908859,0,ham10000,ISIC_0030675,nv,HAM_0003568
0,0.17143657803535461,1,ham10000,ISIC_0026955,bkl,HAM_0003569
0,0.1602545827627182,1,ham10000,ISIC_0024847,nv,HAM_0003570
0,0.3380204439163208,1,ham10000,ISIC_0026602,nv,HAM_0003571
0,0.16552691161632538,1,ham10000,ISIC_0029817,nv,HAM_0003572
0,0.07711368054151535,0,ham10000,ISIC_0026447,nv,HAM_0003573
0,0.20231671631336212,1,ham10000,ISIC_0024877,bkl,HAM_0003574
0,0.14886325597763062,1,ham10000,ISIC_0031548,nv,HAM_0003575
0,0.24383936822414398,1,ham10000,ISIC_0027106,nv,HAM_0003576
0,0.4144372045993805,1,ham10000,ISIC_0024307,nv,HAM_0003577
0,0.7021268606185913,1,ham10000,ISIC_0027242,nv,HAM_0003578
0,0.7308736443519592,1,ham10000,ISIC_0028042,nv,HAM_0003579
0,0.15987734496593475,1,ham10000,ISIC_0026030,nv,HAM_0003580
0,0.49221646785736084,1,ham10000,ISIC_0030051,nv,HAM_0003581
0,0.2642052471637726,1,ham10000,ISIC_0027332,bkl,HAM_0003582
0,0.1876383274793625,1,ham10000,ISIC_0026006,nv,HAM_0003583
0,0.5318534970283508,1,ham10000,ISIC_0029875,nv,HAM_0003584
0,0.2270190417766571,1,ham10000,ISIC_0029583,nv,HAM_0003585
1,0.15055370330810547,1,ham10000,ISIC_0027678,akiec,HAM_0003586
1,0.17640528082847595,1,ham10000,ISIC_0026870,mel,HAM_0003587
0,0.2954361140727997,1,ham10000,ISIC_0025232,nv,HAM_0003588
0,0.14887318015098572,1,ham10000,ISIC_0025403,nv,HAM_0003589
0,0.09399771690368652,0,ham10000,ISIC_0024916,nv,HAM_0003590
0,0.40834322571754456,1,ham10000,ISIC_0025788,nv,HAM_0003591
0,0.187195286154747,1,ham10000,ISIC_0031416,nv,HAM_0003592
1,0.4543156027793884,1,ham10000,ISIC_0027478,bcc,HAM_0003593
0,0.10363585501909256,0,ham10000,ISIC_0027009,nv,HAM_0003594
0,0.004572257865220308,0,ham10000,ISIC_0027621,nv,HAM_0003595
1,0.6032868027687073,1,ham10000,ISIC_0032194,bcc,HAM_0003596
0,0.807537853717804,1,ham10000,ISIC_0027488,df,HAM_0003597
0,0.1111987754702568,0,ham10000,ISIC_0028725,nv,HAM_0003598
0,0.15411487221717834,1,ham10000,ISIC_0029607,nv,HAM_0003599
1,0.38591867685317993,1,ham10000,ISIC_0031836,bcc,HAM_0003600
1,0.0678519532084465,0,ham10000,ISIC_0027507,mel,HAM_0003601
1,0.3811075985431671,1,ham10000,ISIC_0032533,mel,HAM_0003602
0,0.13744467496871948,0,ham10000,ISIC_0026795,nv,HAM_0003603
0,0.23085635900497437,1,ham10000,ISIC_0028125,nv,HAM_0003604
0,0.10138143599033356,0,ham10000,ISIC_0026895,bkl,HAM_0003605
0,0.13873156905174255,0,ham10000,ISIC_0032661,nv,HAM_0003606
0,0.3565281927585602,1,ham10000,ISIC_0030648,nv,HAM_0003607
1,0.34797403216362,1,ham10000,ISIC_0028228,mel,HAM_0003608
0,0.12742812931537628,0,ham10000,ISIC_0025729,nv,HAM_0003609
1,0.27191516757011414,1,ham10000,ISIC_0028937,bcc,HAM_0003610
0,0.13175614178180695,0,ham10000,ISIC_0031699,nv,HAM_0003611
0,0.2055497169494629,1,ham10000,ISIC_0024456,nv,HAM_0003612
0,0.5235256552696228,1,ham10000,ISIC_0030118,bkl,HAM_0003613
0,0.647730827331543,1,ham10000,ISIC_0032560,nv,HAM_0003614
0,0.36908024549484253,1,ham10000,ISIC_0029222,nv,HAM_0003615
0,0.1421317160129547,1,ham10000,ISIC_0025291,nv,HAM_0003616
1,0.3338843882083893,1,ham10000,ISIC_0029502,mel,HAM_0003617
0,0.07349046319723129,0,ham10000,ISIC_0028234,nv,HAM_0003618
0,0.7482796311378479,1,ham10000,ISIC_0025553,nv,HAM_0003619
1,0.4185836911201477,1,ham10000,ISIC_0032511,mel,HAM_0003620
0,0.39981210231781006,1,ham10000,ISIC_0030048,nv,HAM_0003621
1,0.14830803871154785,1,ham10000,ISIC_0027776,mel,HAM_0003622
0,0.7140411138534546,1,ham10000,ISIC_0032788,nv,HAM_0003623
0,0.16547636687755585,1,ham10000,ISIC_0025608,nv,HAM_0003624
1,0.20947790145874023,1,ham10000,ISIC_0032875,mel,HAM_0003625
0,0.1713702380657196,1,ham10000,ISIC_0030288,nv,HAM_0003626
0,0.3279276490211487,1,ham10000,ISIC_0024855,nv,HAM_0003627
0,0.2380751371383667,1,ham10000,ISIC_0031324,nv,HAM_0003628
0,0.17683593928813934,1,ham10000,ISIC_0024978,nv,HAM_0003629
0,0.11884796619415283,0,ham10000,ISIC_0030538,nv,HAM_0003630
0,0.3323817551136017,1,ham10000,ISIC_0024779,nv,HAM_0003631
0,0.1662956327199936,1,ham10000,ISIC_0029274,nv,HAM_0003632
1,0.6102152466773987,1,ham10000,ISIC_0030280,akiec,HAM_0003633
0,0.5960497856140137,1,ham10000,ISIC_0033194,nv,HAM_0003634
0,0.18838323652744293,1,ham10000,ISIC_0024801,nv,HAM_0003635
0,0.1338750123977661,0,ham10000,ISIC_0027124,nv,HAM_0003636
0,0.09094267338514328,0,ham10000,ISIC_0029738,nv,HAM_0003637
0,0.0743323415517807,0,ham10000,ISIC_0031492,nv,HAM_0003638
0,0.6642040610313416,1,ham10000,ISIC_0028894,nv,HAM_0003639
0,0.027258234098553658,0,ham10000,ISIC_0027181,nv,HAM_0003640
0,0.08452348411083221,0,ham10000,ISIC_0027492,nv,HAM_0003642
0,0.1857033669948578,1,ham10000,ISIC_0027923,nv,HAM_0003643
0,0.2273675948381424,1,ham10000,ISIC_0030202,nv,HAM_0003644
0,0.37394601106643677,1,ham10000,ISIC_0024390,nv,HAM_0003645
0,0.48119714856147766,1,ham10000,ISIC_0026518,nv,HAM_0003646
0,0.5303601622581482,1,ham10000,ISIC_0028840,bkl,HAM_0003647
0,0.20787173509597778,1,ham10000,ISIC_0031730,nv,HAM_0003648
0,0.4933706223964691,1,ham10000,ISIC_0032946,nv,HAM_0003649
0,0.0604998841881752,0,ham10000,ISIC_0024995,nv,HAM_0003650
0,0.29917460680007935,1,ham10000,ISIC_0026252,nv,HAM_0003651
0,0.333085834980011,1,ham10000,ISIC_0025784,nv,HAM_0003652
0,0.3449327349662781,1,ham10000,ISIC_0028534,nv,HAM_0003653
0,0.0961310863494873,0,ham10000,ISIC_0026283,nv,HAM_0003654
0,0.2629307806491852,1,ham10000,ISIC_0031305,nv,HAM_0003655
0,0.1099507063627243,0,ham10000,ISIC_0032213,nv,HAM_0003656
0,0.30217230319976807,1,ham10000,ISIC_0026740,nv,HAM_0003657
0,0.6125181913375854,1,ham10000,ISIC_0026379,nv,HAM_0003658
0,0.40431711077690125,1,ham10000,ISIC_0033449,bkl,HAM_0003659
0,0.12383545935153961,0,ham10000,ISIC_0026667,nv,HAM_0003660
0,0.10912981629371643,0,ham10000,ISIC_0026910,nv,HAM_0003661
0,0.49239277839660645,1,ham10000,ISIC_0028757,nv,HAM_0003662
0,0.46161600947380066,1,ham10000,ISIC_0026403,nv,HAM_0003663
0,0.3080469071865082,1,ham10000,ISIC_0030533,bkl,HAM_0003664
0,0.2539810240268707,1,ham10000,ISIC_0030573,nv,HAM_0003665
0,0.22398196160793304,1,ham10000,ISIC_0029246,nv,HAM_0003666
0,0.4282151162624359,1,ham10000,ISIC_0025695,nv,HAM_0003667
0,0.35221102833747864,1,ham10000,ISIC_0024383,bkl,HAM_0003668
1,0.7383091449737549,1,ham10000,ISIC_0030096,bcc,HAM_0003669
0,0.5263664126396179,1,ham10000,ISIC_0030105,bkl,HAM_0003670
0,0.07535136491060257,0,ham10000,ISIC_0029373,nv,HAM_0003671
0,0.12394409626722336,0,ham10000,ISIC_0030263,nv,HAM_0003672
0,0.053499456495046616,0,ham10000,ISIC_0030016,nv,HAM_0003673
0,0.18922625482082367,1,ham10000,ISIC_0028660,nv,HAM_0003674
0,0.6230184435844421,1,ham10000,ISIC_0028573,nv,HAM_0003675
0,0.03938436880707741,0,ham10000,ISIC_0032530,nv,HAM_0003676
0,0.20900094509124756,1,ham10000,ISIC_0029409,nv,HAM_0003677
0,0.27243807911872864,1,ham10000,ISIC_0026197,nv,HAM_0003678
1,0.8276054263114929,1,ham10000,ISIC_0032840,mel,HAM_0003679
1,0.2492595911026001,1,ham10000,ISIC_0024403,bcc,HAM_0003680
0,0.1064966693520546,0,ham10000,ISIC_0032907,nv,HAM_0003681
0,0.17083673179149628,1,ham10000,ISIC_0031630,bkl,HAM_0003682
1,0.428080290555954,1,ham10000,ISIC_0027352,mel,HAM_0003683
0,0.24161534011363983,1,ham10000,ISIC_0031385,nv,HAM_0003684
0,0.037888139486312866,0,ham10000,ISIC_0032292,nv,HAM_0003685
0,0.002028347458690405,0,ham10000,ISIC_0024870,nv,HAM_0003686
0,5.9464418882271275e-05,0,ham10000,ISIC_0027515,nv,HAM_0003687
1,0.18825167417526245,1,ham10000,ISIC_0028231,akiec,HAM_0003688
0,0.15289273858070374,1,ham10000,ISIC_0025874,bkl,HAM_0003689
1,0.6867378950119019,1,ham10000,ISIC_0033146,bcc,HAM_0003690
0,0.2603512108325958,1,ham10000,ISIC_0027428,bkl,HAM_0003691
0,0.1933666467666626,1,ham10000,ISIC_0027684,nv,HAM_0003692
0,0.048368945717811584,0,ham10000,ISIC_0030149,nv,HAM_0003693
1,0.5390470623970032,1,ham10000,ISIC_0028818,bcc,HAM_0003694
0,0.27581551671028137,1,ham10000,ISIC_0025679,nv,HAM_0003695
0,0.1128602996468544,0,ham10000,ISIC_0032945,nv,HAM_0003696
0,0.17293956875801086,1,ham10000,ISIC_0025438,nv,HAM_0003697
0,0.3788162171840668,1,ham10000,ISIC_0025518,nv,HAM_0003698
0,0.21493679285049438,1,ham10000,ISIC_0027397,nv,HAM_0003699
1,0.10295014083385468,0,ham10000,ISIC_0029606,mel,HAM_0003700
0,0.40929731726646423,1,ham10000,ISIC_0027191,nv,HAM_0003701
0,0.1393807977437973,0,ham10000,ISIC_0029800,nv,HAM_0003702
0,0.09488625079393387,0,ham10000,ISIC_0030468,nv,HAM_0003703
0,0.2922213077545166,1,ham10000,ISIC_0029463,nv,HAM_0003704
0,0.11660382896661758,0,ham10000,ISIC_0025263,nv,HAM_0003705
0,0.25501498579978943,1,ham10000,ISIC_0028099,nv,HAM_0003706
0,0.055422816425561905,0,ham10000,ISIC_0029528,nv,HAM_0003707
0,0.24445219337940216,1,ham10000,ISIC_0027232,nv,HAM_0003708
0,0.12699687480926514,0,ham10000,ISIC_0028483,nv,HAM_0003709
0,0.050885967910289764,0,ham10000,ISIC_0031611,nv,HAM_0003710
0,0.0019078553887084126,0,ham10000,ISIC_0024896,nv,HAM_0003711
0,0.4429319202899933,1,ham10000,ISIC_0024513,nv,HAM_0003712
0,0.07930976152420044,0,ham10000,ISIC_0032885,nv,HAM_0003713
0,0.1778535693883896,1,ham10000,ISIC_0026064,nv,HAM_0003714
0,0.14685052633285522,1,ham10000,ISIC_0026941,bkl,HAM_0003715
1,0.30881524085998535,1,ham10000,ISIC_0024897,bcc,HAM_0003716
0,0.35771435499191284,1,ham10000,ISIC_0030414,nv,HAM_0003717
0,0.22901682555675507,1,ham10000,ISIC_0025233,nv,HAM_0003718
0,0.5043538212776184,1,ham10000,ISIC_0028046,nv,HAM_0003719
0,0.2202652245759964,1,ham10000,ISIC_0029250,nv,HAM_0003720
0,0.3539620041847229,1,ham10000,ISIC_0029490,nv,HAM_0003721
0,0.22391831874847412,1,ham10000,ISIC_0030052,nv,HAM_0003722
0,0.16633403301239014,1,ham10000,ISIC_0025742,nv,HAM_0003723
0,0.2684039771556854,1,ham10000,ISIC_0025036,nv,HAM_0003724
0,0.19323140382766724,1,ham10000,ISIC_0027986,nv,HAM_0003725
0,0.4294753968715668,1,ham10000,ISIC_0028503,bkl,HAM_0003726
0,0.6105325818061829,1,ham10000,ISIC_0026404,nv,HAM_0003727
0,0.3652348518371582,1,ham10000,ISIC_0033949,bkl,HAM_0003728
0,0.09440330415964127,0,ham10000,ISIC_0026234,nv,HAM_0003729
0,0.38111236691474915,1,ham10000,ISIC_0026431,nv,HAM_0003730
0,0.3435123860836029,1,ham10000,ISIC_0031680,nv,HAM_0003731
0,0.22245077788829803,1,ham10000,ISIC_0026710,nv,HAM_0003732
0,0.12799043953418732,0,ham10000,ISIC_0025448,nv,HAM_0003733
0,0.16936585307121277,1,ham10000,ISIC_0029767,nv,HAM_0003734
0,0.344736248254776,1,ham10000,ISIC_0032512,nv,HAM_0003735
0,0.14544223248958588,1,ham10000,ISIC_0026373,nv,HAM_0003736
0,0.5585393905639648,1,ham10000,ISIC_0024451,nv,HAM_0003737
1,0.8210595846176147,1,ham10000,ISIC_0031243,bcc,HAM_0003738
0,0.21904657781124115,1,ham10000,ISIC_0026675,bkl,HAM_0003739
0,0.2306969165802002,1,ham10000,ISIC_0026568,nv,HAM_0003740
1,0.8179861903190613,1,ham10000,ISIC_0028980,bcc,HAM_0003741
0,0.4064752161502838,1,ham10000,ISIC_0027150,nv,HAM_0003742
0,0.3016600012779236,1,ham10000,ISIC_0033592,bkl,HAM_0003743
0,0.11328664422035217,0,ham10000,ISIC_0032518,nv,HAM_0003744
0,0.46645358204841614,1,ham10000,ISIC_0029704,nv,HAM_0003745
0,0.11755494773387909,0,ham10000,ISIC_0030437,nv,HAM_0003746
0,0.14068910479545593,1,ham10000,ISIC_0026582,nv,HAM_0003747
0,0.42521554231643677,1,ham10000,ISIC_0031051,nv,HAM_0003748
1,0.3654906451702118,1,ham10000,ISIC_0025268,mel,HAM_0003749
0,0.308083713054657,1,ham10000,ISIC_0028624,nv,HAM_0003750
0,0.5855444073677063,1,ham10000,ISIC_0026302,nv,HAM_0003751
0,0.39634010195732117,1,ham10000,ISIC_0028308,bkl,HAM_0003752
0,0.23508654534816742,1,ham10000,ISIC_0031911,nv,HAM_0003753
0,0.07081219553947449,0,ham10000,ISIC_0028649,nv,HAM_0003754
0,0.14644105732440948,1,ham10000,ISIC_0033489,nv,HAM_0003755
0,0.3209984600543976,1,ham10000,ISIC_0030832,nv,HAM_0003756
0,0.1997620016336441,1,ham10000,ISIC_0029233,bkl,HAM_0003757
0,0.7080894112586975,1,ham10000,ISIC_0028581,nv,HAM_0003758
1,0.2898629307746887,1,ham10000,ISIC_0032630,mel,HAM_0003759
0,0.05394011735916138,0,ham10000,ISIC_0032145,nv,HAM_0003760
1,0.14982059597969055,1,ham10000,ISIC_0025316,mel,HAM_0003761
0,0.3217792212963104,1,ham10000,ISIC_0024736,nv,HAM_0003762
0,0.1636338233947754,1,ham10000,ISIC_0029709,nv,HAM_0003763
1,0.8081872463226318,1,ham10000,ISIC_0028877,bcc,HAM_0003764
0,0.22757911682128906,1,ham10000,ISIC_0026538,bkl,HAM_0003766
0,0.07451898604631424,0,ham10000,ISIC_0024604,nv,HAM_0003767
0,0.21589022874832153,1,ham10000,ISIC_0026634,bkl,HAM_0003768
0,0.056819234043359756,0,ham10000,ISIC_0027692,nv,HAM_0003769
0,0.08694180846214294,0,ham10000,ISIC_0032877,bkl,HAM_0003770
0,0.7005022168159485,1,ham10000,ISIC_0025807,vasc,HAM_0003771
0,0.06797763705253601,0,ham10000,ISIC_0024379,nv,HAM_0003772
0,0.07055013626813889,0,ham10000,ISIC_0027952,nv,HAM_0003773
0,0.08432800322771072,0,ham10000,ISIC_0033144,nv,HAM_0003774
0,0.26454848051071167,1,ham10000,ISIC_0025347,nv,HAM_0003776
0,0.4711228907108307,1,ham10000,ISIC_0033118,nv,HAM_0003777
1,0.5533442497253418,1,ham10000,ISIC_0027337,bcc,HAM_0003778
0,0.3675558567047119,1,ham10000,ISIC_0024656,nv,HAM_0003779
0,0.25969305634498596,1,ham10000,ISIC_0027123,nv,HAM_0003780
0,0.14362439513206482,1,ham10000,ISIC_0026225,nv,HAM_0003781
1,0.6678067445755005,1,ham10000,ISIC_0027102,mel,HAM_0003782
0,0.1447480022907257,1,ham10000,ISIC_0024488,nv,HAM_0003783
0,0.16614504158496857,1,ham10000,ISIC_0027965,nv,HAM_0003784
0,0.02313685603439808,0,ham10000,ISIC_0025776,nv,HAM_0003785
0,0.22604748606681824,1,ham10000,ISIC_0031590,nv,HAM_0003786
0,0.2414434850215912,1,ham10000,ISIC_0030630,bkl,HAM_0003787
0,0.3974994719028473,1,ham10000,ISIC_0026246,nv,HAM_0003788
0,0.35435375571250916,1,ham10000,ISIC_0024915,bkl,HAM_0003789
0,0.1313653290271759,0,ham10000,ISIC_0028131,nv,HAM_0003790
0,0.19675186276435852,1,ham10000,ISIC_0026893,bkl,HAM_0003791
0,0.18212559819221497,1,ham10000,ISIC_0029069,nv,HAM_0003792
0,0.16952063143253326,1,ham10000,ISIC_0025382,nv,HAM_0003793
0,0.22742022573947906,1,ham10000,ISIC_0029429,nv,HAM_0003794
0,0.20108452439308167,1,ham10000,ISIC_0028811,nv,HAM_0003795
0,0.18687905371189117,1,ham10000,ISIC_0030696,nv,HAM_0003796
0,0.10944559425115585,0,ham10000,ISIC_0024639,nv,HAM_0003797
0,0.20835824310779572,1,ham10000,ISIC_0030307,nv,HAM_0003798
0,0.11208078265190125,0,ham10000,ISIC_0031954,nv,HAM_0003799
0,0.6460021138191223,1,ham10000,ISIC_0026623,bkl,HAM_0003800
0,0.4745774269104004,1,ham10000,ISIC_0033718,nv,HAM_0003801
1,0.3493638038635254,1,ham10000,ISIC_0032308,mel,HAM_0003802
0,0.3190147876739502,1,ham10000,ISIC_0033083,nv,HAM_0003803
0,0.1726379543542862,1,ham10000,ISIC_0026617,nv,HAM_0003804
1,0.26830196380615234,1,ham10000,ISIC_0030446,bcc,HAM_0003805
0,0.20208390057086945,1,ham10000,ISIC_0028667,nv,HAM_0003806
0,0.2291184663772583,1,ham10000,ISIC_0032655,bkl,HAM_0003807
0,0.2505916357040405,1,ham10000,ISIC_0034040,bkl,HAM_0003808
0,0.05293001979589462,0,ham10000,ISIC_0032402,nv,HAM_0003809
0,0.29957133531570435,1,ham10000,ISIC_0034309,nv,HAM_0003810
0,0.259177565574646,1,ham10000,ISIC_0032900,nv,HAM_0003811
0,0.08221504092216492,0,ham10000,ISIC_0033898,nv,HAM_0003812
0,0.09950263798236847,0,ham10000,ISIC_0033173,nv,HAM_0003813
0,0.10835430026054382,0,ham10000,ISIC_0032647,nv,HAM_0003814
0,0.16227078437805176,1,ham10000,ISIC_0024715,nv,HAM_0003815
0,0.0839182436466217,0,ham10000,ISIC_0029152,nv,HAM_0003816
0,0.09788043051958084,0,ham10000,ISIC_0032800,nv,HAM_0003817
0,0.09011241048574448,0,ham10000,ISIC_0033622,nv,HAM_0003818
0,0.11786703020334244,0,ham10000,ISIC_0027689,nv,HAM_0003819
0,0.19010809063911438,1,ham10000,ISIC_0029109,nv,HAM_0003820
0,0.06620724499225616,0,ham10000,ISIC_0026588,nv,HAM_0003821
0,0.20628294348716736,1,ham10000,ISIC_0030115,nv,HAM_0003822
0,0.09586670249700546,0,ham10000,ISIC_0027081,nv,HAM_0003823
0,0.5430686473846436,1,ham10000,ISIC_0032971,nv,HAM_0003824
0,0.060390718281269073,0,ham10000,ISIC_0030656,nv,HAM_0003825
1,0.6295568346977234,1,ham10000,ISIC_0026433,bcc,HAM_0003826
1,0.29957956075668335,1,ham10000,ISIC_0028350,bcc,HAM_0003827
0,0.5294544100761414,1,ham10000,ISIC_0029865,nv,HAM_0003828
0,0.42304906249046326,1,ham10000,ISIC_0026349,vasc,HAM_0003829
0,0.3038940131664276,1,ham10000,ISIC_0028496,bkl,HAM_0003830
0,0.0627787709236145,0,ham10000,ISIC_0026724,nv,HAM_0003831
1,0.12340671569108963,0,ham10000,ISIC_0024586,mel,HAM_0003832
0,0.6074394583702087,1,ham10000,ISIC_0025945,nv,HAM_0003833
0,0.052240487188100815,0,ham10000,ISIC_0030398,nv,HAM_0003834
0,0.3359135389328003,1,ham10000,ISIC_0024412,bkl,HAM_0003835
0,0.16554789245128632,1,ham10000,ISIC_0031802,nv,HAM_0003836
0,0.13557471334934235,0,ham10000,ISIC_0028850,nv,HAM_0003837
0,0.4168488681316376,1,ham10000,ISIC_0028888,nv,HAM_0003838
0,0.6900589466094971,1,ham10000,ISIC_0026693,vasc,HAM_0003839
0,0.2049417793750763,1,ham10000,ISIC_0027801,bkl,HAM_0003840
0,0.3108232319355011,1,ham10000,ISIC_0028349,nv,HAM_0003841
0,0.0825832337141037,0,ham10000,ISIC_0027217,nv,HAM_0003842
1,0.4311562478542328,1,ham10000,ISIC_0034036,mel,HAM_0003843
0,0.1276361048221588,0,ham10000,ISIC_0027169,nv,HAM_0003844
0,0.08064758032560349,0,ham10000,ISIC_0032829,bkl,HAM_0003845
1,0.12776361405849457,0,ham10000,ISIC_0028113,bcc,HAM_0003846
0,0.4726385474205017,1,ham10000,ISIC_0027053,bkl,HAM_0003847
0,0.7313132286071777,1,ham10000,ISIC_0027077,nv,HAM_0003848
0,0.1801484227180481,1,ham10000,ISIC_0027185,nv,HAM_0003849
0,0.3573969900608063,1,ham10000,ISIC_0027237,nv,HAM_0003850
1,0.6582801342010498,1,ham10000,ISIC_0031643,bcc,HAM_0003851
0,0.593868613243103,1,ham10000,ISIC_0032542,nv,HAM_0003852
1,0.3617992699146271,1,ham10000,ISIC_0030644,bcc,HAM_0003853
0,0.24833014607429504,1,ham10000,ISIC_0031655,nv,HAM_0003854
0,0.09939984977245331,0,ham10000,ISIC_0028801,nv,HAM_0003855
0,0.10177093744277954,0,ham10000,ISIC_0024760,bkl,HAM_0003856
0,0.4187433123588562,1,ham10000,ISIC_0028210,nv,HAM_0003857
0,0.05818319320678711,0,ham10000,ISIC_0031356,nv,HAM_0003858
0,0.0270908884704113,0,ham10000,ISIC_0027167,bkl,HAM_0003859
0,0.27543917298316956,1,ham10000,ISIC_0025669,nv,HAM_0003860
0,0.05259840935468674,0,ham10000,ISIC_0026951,nv,HAM_0003861
0,0.81619793176651,1,ham10000,ISIC_0032775,vasc,HAM_0003862
0,0.2066996991634369,1,ham10000,ISIC_0027879,nv,HAM_0003863
0,0.1360223889350891,0,ham10000,ISIC_0029586,nv,HAM_0003864
0,0.15015868842601776,1,ham10000,ISIC_0032188,nv,HAM_0003865
1,0.5666741132736206,1,ham10000,ISIC_0024665,bcc,HAM_0003866
0,0.6379823684692383,1,ham10000,ISIC_0028425,nv,HAM_0003867
0,0.26244860887527466,1,ham10000,ISIC_0024708,bkl,HAM_0003868
1,0.16791275143623352,1,ham10000,ISIC_0025766,mel,HAM_0003869
0,0.23515459895133972,1,ham10000,ISIC_0024852,nv,HAM_0003870
0,0.057483457028865814,0,ham10000,ISIC_0031664,nv,HAM_0003871
0,0.0909251868724823,0,ham10000,ISIC_0028903,nv,HAM_0003872
0,0.3279765546321869,1,ham10000,ISIC_0024475,vasc,HAM_0003873
0,0.1487676352262497,1,ham10000,ISIC_0024809,nv,HAM_0003874
0,0.32425129413604736,1,ham10000,ISIC_0028955,nv,HAM_0003875
0,0.0984949842095375,0,ham10000,ISIC_0030481,nv,HAM_0003876
0,0.7518587112426758,1,ham10000,ISIC_0031537,bkl,HAM_0003877
0,0.09874933212995529,0,ham10000,ISIC_0031072,nv,HAM_0003878
0,0.1483987271785736,1,ham10000,ISIC_0024894,nv,HAM_0003879
0,0.285513699054718,1,ham10000,ISIC_0027508,nv,HAM_0003880
0,0.18547603487968445,1,ham10000,ISIC_0029061,bkl,HAM_0003881
0,0.23224568367004395,1,ham10000,ISIC_0028266,nv,HAM_0003882
0,0.1255640834569931,0,ham10000,ISIC_0029112,nv,HAM_0003883
0,0.07718495279550552,0,ham10000,ISIC_0033605,nv,HAM_0003884
1,0.23316513001918793,1,ham10000,ISIC_0027560,mel,HAM_0003885
1,0.7260914444923401,1,ham10000,ISIC_0032857,bcc,HAM_0003887
0,0.22728988528251648,1,ham10000,ISIC_0028672,nv,HAM_0003888
0,0.19793656468391418,1,ham10000,ISIC_0026005,nv,HAM_0003889
0,0.1379406452178955,0,ham10000,ISIC_0028940,nv,HAM_0003890
0,0.16660146415233612,1,ham10000,ISIC_0028487,nv,HAM_0003891
0,0.05909296125173569,0,ham10000,ISIC_0028045,nv,HAM_0003892
0,0.12478122860193253,0,ham10000,ISIC_0025560,nv,HAM_0003894
1,0.06245632469654083,0,ham10000,ISIC_0026203,akiec,HAM_0003895
0,0.1745862066745758,1,ham10000,ISIC_0030952,nv,HAM_0003896
0,0.26776760816574097,1,ham10000,ISIC_0025853,nv,HAM_0003897
0,0.08583343774080276,0,ham10000,ISIC_0028713,nv,HAM_0003898
0,0.26338180899620056,1,ham10000,ISIC_0029991,bkl,HAM_0003899
0,0.5754320025444031,1,ham10000,ISIC_0027868,nv,HAM_0003900
0,0.11824274808168411,0,ham10000,ISIC_0026931,nv,HAM_0003901
0,0.03412874788045883,0,ham10000,ISIC_0030313,nv,HAM_0003902
0,0.3797350227832794,1,ham10000,ISIC_0028536,nv,HAM_0003903
0,0.20918750762939453,1,ham10000,ISIC_0025871,nv,HAM_0003904
0,0.08327528834342957,0,ham10000,ISIC_0029275,nv,HAM_0003905
0,0.14837731420993805,1,ham10000,ISIC_0029955,nv,HAM_0003906
0,0.1457977294921875,1,ham10000,ISIC_0027587,nv,HAM_0003907
0,0.166741281747818,1,ham10000,ISIC_0030854,nv,HAM_0003908
0,0.24108509719371796,1,ham10000,ISIC_0026935,nv,HAM_0003909
1,0.19697634875774384,1,ham10000,ISIC_0026194,akiec,HAM_0003910
0,0.4256925582885742,1,ham10000,ISIC_0030645,nv,HAM_0003911
0,0.033969469368457794,0,ham10000,ISIC_0028367,nv,HAM_0003912
0,0.4144592583179474,1,ham10000,ISIC_0027295,bkl,HAM_0003913
0,0.2111797034740448,1,ham10000,ISIC_0029300,nv,HAM_0003914
0,0.13355274498462677,0,ham10000,ISIC_0026850,nv,HAM_0003915
0,0.13785412907600403,0,ham10000,ISIC_0032370,nv,HAM_0003916
0,0.18789780139923096,1,ham10000,ISIC_0026814,nv,HAM_0003917
0,0.20377111434936523,1,ham10000,ISIC_0029127,nv,HAM_0003918
0,0.13626977801322937,0,ham10000,ISIC_0024781,nv,HAM_0003919
0,0.34553760290145874,1,ham10000,ISIC_0026351,bkl,HAM_0003920
0,0.10294687747955322,0,ham10000,ISIC_0025728,nv,HAM_0003921
0,0.3403819501399994,1,ham10000,ISIC_0027603,nv,HAM_0003922
0,0.07721099257469177,0,ham10000,ISIC_0025282,nv,HAM_0003923
0,0.4061315059661865,1,ham10000,ISIC_0030569,nv,HAM_0003924
0,0.7626398801803589,1,ham10000,ISIC_0031759,vasc,HAM_0003925
0,0.21769091486930847,1,ham10000,ISIC_0026422,bkl,HAM_0003926
0,0.044417575001716614,0,ham10000,ISIC_0032567,bkl,HAM_0003927
0,0.3842344880104065,1,ham10000,ISIC_0031755,nv,HAM_0003928
0,0.049374472349882126,0,ham10000,ISIC_0027792,nv,HAM_0003929
0,0.3113967180252075,1,ham10000,ISIC_0028221,nv,HAM_0003930
0,0.23349204659461975,1,ham10000,ISIC_0026007,nv,HAM_0003931
0,0.5756145119667053,1,ham10000,ISIC_0026151,nv,HAM_0003932
0,0.305309921503067,1,ham10000,ISIC_0029854,nv,HAM_0003933
1,0.545762836933136,1,ham10000,ISIC_0027767,akiec,HAM_0003934
0,0.11623135954141617,0,ham10000,ISIC_0033782,nv,HAM_0003935
0,0.147339329123497,1,ham10000,ISIC_0024576,nv,HAM_0003936
0,0.10431375354528427,0,ham10000,ISIC_0025309,nv,HAM_0003937
0,0.16280372440814972,1,ham10000,ISIC_0030231,bkl,HAM_0003938
1,0.17302627861499786,1,ham10000,ISIC_0027172,akiec,HAM_0003939
0,0.15615177154541016,1,ham10000,ISIC_0029803,nv,HAM_0003940
1,0.45731791853904724,1,ham10000,ISIC_0028419,bcc,HAM_0003941
0,0.2495376318693161,1,ham10000,ISIC_0029024,nv,HAM_0003942
0,0.2646409571170807,1,ham10000,ISIC_0025973,bkl,HAM_0003943
0,0.10891882330179214,0,ham10000,ISIC_0026672,nv,HAM_0003944
0,0.026653600856661797,0,ham10000,ISIC_0032528,nv,HAM_0003945
0,0.14450055360794067,1,ham10000,ISIC_0026991,nv,HAM_0003946
0,0.21530908346176147,1,ham10000,ISIC_0032551,nv,HAM_0003947
0,0.17641614377498627,1,ham10000,ISIC_0025806,nv,HAM_0003948
1,0.10879866778850555,0,ham10000,ISIC_0027254,akiec,HAM_0003949
0,0.14706023037433624,1,ham10000,ISIC_0026474,nv,HAM_0003950
0,0.11023329198360443,0,ham10000,ISIC_0024317,nv,HAM_0003951
0,0.195616215467453,1,ham10000,ISIC_0031176,nv,HAM_0003952
0,0.06604833900928497,0,ham10000,ISIC_0027158,nv,HAM_0003953
0,0.22121496498584747,1,ham10000,ISIC_0031382,nv,HAM_0003954
0,0.1305021345615387,0,ham10000,ISIC_0026250,nv,HAM_0003955
0,0.0744534358382225,0,ham10000,ISIC_0030190,nv,HAM_0003956
1,0.03660803288221359,0,ham10000,ISIC_0030653,mel,HAM_0003957
0,0.3444645404815674,1,ham10000,ISIC_0027360,nv,HAM_0003958
0,0.2954273521900177,1,ham10000,ISIC_0029314,nv,HAM_0003959
0,0.12703271210193634,0,ham10000,ISIC_0026256,nv,HAM_0003960
0,0.19928567111492157,1,ham10000,ISIC_0026624,nv,HAM_0003961
0,0.35364070534706116,1,ham10000,ISIC_0027805,nv,HAM_0003962
0,0.32707345485687256,1,ham10000,ISIC_0027448,nv,HAM_0003963
0,0.28405120968818665,1,ham10000,ISIC_0029111,nv,HAM_0003964
0,0.06774653494358063,0,ham10000,ISIC_0025652,nv,HAM_0003965
0,0.009603018872439861,0,ham10000,ISIC_0032584,nv,HAM_0003966
0,0.24359843134880066,1,ham10000,ISIC_0032796,nv,HAM_0003968
0,0.4084562361240387,1,ham10000,ISIC_0032627,nv,HAM_0003969
0,0.1422528624534607,1,ham10000,ISIC_0025093,nv,HAM_0003970
1,0.4841720461845398,1,ham10000,ISIC_0029634,akiec,HAM_0003971
0,0.25565195083618164,1,ham10000,ISIC_0029706,nv,HAM_0003972
0,0.40092843770980835,1,ham10000,ISIC_0026867,bkl,HAM_0003973
0,0.2683940529823303,1,ham10000,ISIC_0026512,nv,HAM_0003974
0,0.5452244281768799,1,ham10000,ISIC_0030098,nv,HAM_0003975
0,0.2673245966434479,1,ham10000,ISIC_0029469,nv,HAM_0003976
0,0.18277670443058014,1,ham10000,ISIC_0026495,nv,HAM_0003977
0,0.40567147731781006,1,ham10000,ISIC_0033284,bkl,HAM_0003978
0,0.10661524534225464,0,ham10000,ISIC_0026416,bkl,HAM_0003979
0,0.5345578193664551,1,ham10000,ISIC_0026712,nv,HAM_0003980
1,0.3489798605442047,1,ham10000,ISIC_0025731,bcc,HAM_0003981
0,0.3227854073047638,1,ham10000,ISIC_0030056,bkl,HAM_0003982
1,0.6564690470695496,1,ham10000,ISIC_0033278,mel,HAM_0003983
0,0.37380754947662354,1,ham10000,ISIC_0032228,nv,HAM_0003984
0,0.25281500816345215,1,ham10000,ISIC_0025570,nv,HAM_0003985
0,0.4003678560256958,1,ham10000,ISIC_0030020,nv,HAM_0003986
0,0.026155821979045868,0,ham10000,ISIC_0030354,nv,HAM_0003987
0,0.2417355626821518,1,ham10000,ISIC_0024427,nv,HAM_0003988
1,0.7003263831138611,1,ham10000,ISIC_0030714,akiec,HAM_0003989
1,0.8573064208030701,1,ham10000,ISIC_0025996,mel,HAM_0003990
1,0.18266542255878448,1,ham10000,ISIC_0029602,bcc,HAM_0003991
0,0.1351379007101059,0,ham10000,ISIC_0028821,nv,HAM_0003992
0,0.6988466382026672,1,ham10000,ISIC_0033097,nv,HAM_0003993
0,0.1442590206861496,1,ham10000,ISIC_0026648,nv,HAM_0003994
0,0.2639943063259125,1,ham10000,ISIC_0029799,nv,HAM_0003995
0,0.35381045937538147,1,ham10000,ISIC_0025465,bkl,HAM_0003996
0,0.018143581226468086,0,ham10000,ISIC_0030537,nv,HAM_0003997
0,0.11457563936710358,0,ham10000,ISIC_0033809,nv,HAM_0003998
0,0.0713169202208519,0,ham10000,ISIC_0026945,nv,HAM_0003999
0,0.16117136180400848,1,ham10000,ISIC_0032594,nv,HAM_0004000
0,0.16447970271110535,1,ham10000,ISIC_0029996,nv,HAM_0004001
0,0.2623319923877716,1,ham10000,ISIC_0027628,nv,HAM_0004002
0,0.13054899871349335,0,ham10000,ISIC_0031097,nv,HAM_0004003
0,0.0956428274512291,0,ham10000,ISIC_0024782,bkl,HAM_0004004
0,0.30107182264328003,1,ham10000,ISIC_0032093,nv,HAM_0004005
0,0.2636164724826813,1,ham10000,ISIC_0031653,nv,HAM_0004006
0,0.21232235431671143,1,ham10000,ISIC_0027596,nv,HAM_0004007
0,0.05709024891257286,0,ham10000,ISIC_0027997,nv,HAM_0004008
0,0.10233598202466965,0,ham10000,ISIC_0024856,nv,HAM_0004009
0,0.28087690472602844,1,ham10000,ISIC_0031061,bkl,HAM_0004010
1,0.8393941521644592,1,ham10000,ISIC_0033023,mel,HAM_0004011
1,0.28435322642326355,1,ham10000,ISIC_0025831,akiec,HAM_0004012
0,0.24722662568092346,1,ham10000,ISIC_0026021,nv,HAM_0004013
0,0.8701044321060181,1,ham10000,ISIC_0029809,nv,HAM_0004014
0,0.4806411564350128,1,ham10000,ISIC_0027892,nv,HAM_0004015
0,0.028751419857144356,0,ham10000,ISIC_0032935,nv,HAM_0004016
0,0.056976038962602615,0,ham10000,ISIC_0030351,nv,HAM_0004017
0,0.6317654252052307,1,ham10000,ISIC_0028112,nv,HAM_0004018
0,0.13217368721961975,0,ham10000,ISIC_0029629,nv,HAM_0004019
0,0.7833252549171448,1,ham10000,ISIC_0025245,nv,HAM_0004020
1,0.381215363740921,1,ham10000,ISIC_0025800,mel,HAM_0004021
0,0.2356279045343399,1,ham10000,ISIC_0028134,nv,HAM_0004022
0,0.3510162830352783,1,ham10000,ISIC_0029766,nv,HAM_0004023
0,0.08231931924819946,0,ham10000,ISIC_0032338,nv,HAM_0004024
0,0.15864893794059753,1,ham10000,ISIC_0025983,nv,HAM_0004025
0,0.16236670315265656,1,ham10000,ISIC_0030357,nv,HAM_0004026
1,0.32001441717147827,1,ham10000,ISIC_0024595,bcc,HAM_0004027
0,0.29270827770233154,1,ham10000,ISIC_0028526,nv,HAM_0004028
0,0.20692461729049683,1,ham10000,ISIC_0029472,bkl,HAM_0004029
0,0.14592237770557404,1,ham10000,ISIC_0029926,nv,HAM_0004030
0,0.31474044919013977,1,ham10000,ISIC_0029517,nv,HAM_0004031
0,0.25558191537857056,1,ham10000,ISIC_0032403,nv,HAM_0004032
1,0.40717461705207825,1,ham10000,ISIC_0027452,akiec,HAM_0004033
1,0.20888634026050568,1,ham10000,ISIC_0024948,akiec,HAM_0004034
0,0.22905054688453674,1,ham10000,ISIC_0027039,nv,HAM_0004035
0,0.7557480335235596,1,ham10000,ISIC_0027107,df,HAM_0004036
0,0.48951664566993713,1,ham10000,ISIC_0027383,nv,HAM_0004037
0,0.036172572523355484,0,ham10000,ISIC_0032582,nv,HAM_0004038
0,0.11682635545730591,0,ham10000,ISIC_0026383,nv,HAM_0004039
0,0.40658271312713623,1,ham10000,ISIC_0029042,nv,HAM_0004040
0,0.11002235859632492,0,ham10000,ISIC_0026375,nv,HAM_0004041
1,0.3257719874382019,1,ham10000,ISIC_0026978,bcc,HAM_0004042
0,0.42215871810913086,1,ham10000,ISIC_0030492,nv,HAM_0004043
0,0.030204081907868385,0,ham10000,ISIC_0028606,nv,HAM_0004044
0,0.03901471197605133,0,ham10000,ISIC_0030939,nv,HAM_0004045
0,0.3739762306213379,1,ham10000,ISIC_0032366,nv,HAM_0004046
1,0.14490705728530884,1,ham10000,ISIC_0025500,mel,HAM_0004047
0,0.20404525101184845,1,ham10000,ISIC_0025203,nv,HAM_0004048
0,0.13612206280231476,0,ham10000,ISIC_0030924,nv,HAM_0004049
0,0.6758785843849182,1,ham10000,ISIC_0025086,bkl,HAM_0004050
0,0.20653091371059418,1,ham10000,ISIC_0028049,nv,HAM_0004051
0,0.10166299343109131,0,ham10000,ISIC_0028206,nv,HAM_0004052
1,0.3572709858417511,1,ham10000,ISIC_0027067,mel,HAM_0004053
0,0.5851999521255493,1,ham10000,ISIC_0031756,nv,HAM_0004054
0,0.509131908416748,1,ham10000,ISIC_0030287,nv,HAM_0004055
1,0.3251221179962158,1,ham10000,ISIC_0033377,mel,HAM_0004056
0,0.11637131869792938,0,ham10000,ISIC_0026635,nv,HAM_0004057
0,0.6151120662689209,1,ham10000,ISIC_0030802,nv,HAM_0004058
0,0.05423102155327797,0,ham10000,ISIC_0029399,nv,HAM_0004059
1,0.2374325543642044,1,ham10000,ISIC_0029210,akiec,HAM_0004060
0,0.1919475942850113,1,ham10000,ISIC_0029925,nv,HAM_0004061
0,0.12275034189224243,0,ham10000,ISIC_0028742,nv,HAM_0004062
0,0.2930157482624054,1,ham10000,ISIC_0032896,nv,HAM_0004063
0,0.19284415245056152,1,ham10000,ISIC_0024399,nv,HAM_0004064
0,0.5885160565376282,1,ham10000,ISIC_0026629,df,HAM_0004065
0,0.18091921508312225,1,ham10000,ISIC_0026390,nv,HAM_0004066
0,0.2403094470500946,1,ham10000,ISIC_0029065,nv,HAM_0004067
0,0.5821110606193542,1,ham10000,ISIC_0027853,nv,HAM_0004068
0,0.08642414957284927,0,ham10000,ISIC_0029476,nv,HAM_0004069
0,0.29191353917121887,1,ham10000,ISIC_0027657,nv,HAM_0004070
0,0.25329893827438354,1,ham10000,ISIC_0032607,nv,HAM_0004071
0,0.11491186171770096,0,ham10000,ISIC_0032130,nv,HAM_0004072
0,0.3362310528755188,1,ham10000,ISIC_0028093,nv,HAM_0004073
0,0.33280304074287415,1,ham10000,ISIC_0030599,nv,HAM_0004074
0,0.30991655588150024,1,ham10000,ISIC_0030276,bkl,HAM_0004075
0,0.022930242121219635,0,ham10000,ISIC_0032966,nv,HAM_0004076
0,0.5421626567840576,1,ham10000,ISIC_0026566,bkl,HAM_0004078
0,0.4004995822906494,1,ham10000,ISIC_0031182,nv,HAM_0004079
0,0.16241227090358734,1,ham10000,ISIC_0028613,nv,HAM_0004080
1,0.25275442004203796,1,ham10000,ISIC_0031957,mel,HAM_0004081
0,0.27698343992233276,1,ham10000,ISIC_0025676,nv,HAM_0004082
1,0.20530274510383606,1,ham10000,ISIC_0032652,bcc,HAM_0004083
1,0.37473952770233154,1,ham10000,ISIC_0025285,bcc,HAM_0004084
0,0.2014555186033249,1,ham10000,ISIC_0028471,nv,HAM_0004085
0,0.06702209264039993,0,ham10000,ISIC_0034215,nv,HAM_0004088
0,0.0922045186161995,0,ham10000,ISIC_0026589,nv,HAM_0004089
0,0.7074167132377625,1,ham10000,ISIC_0031271,df,HAM_0004090
0,0.09080033749341965,0,ham10000,ISIC_0032675,bkl,HAM_0004091
0,0.18936489522457123,1,ham10000,ISIC_0028300,nv,HAM_0004092
0,0.11176189035177231,0,ham10000,ISIC_0030562,nv,HAM_0004093
0,0.5096826553344727,1,ham10000,ISIC_0031313,nv,HAM_0004094
0,0.11142604053020477,0,ham10000,ISIC_0026017,nv,HAM_0004095
0,0.09889990836381912,0,ham10000,ISIC_0028541,nv,HAM_0004096
0,0.10468943417072296,0,ham10000,ISIC_0025677,vasc,HAM_0004097
0,0.2164125144481659,1,ham10000,ISIC_0025843,nv,HAM_0004098
0,0.19709689915180206,1,ham10000,ISIC_0033010,nv,HAM_0004099
0,0.5479229092597961,1,ham10000,ISIC_0031106,nv,HAM_0004100
0,0.3854495584964752,1,ham10000,ISIC_0030881,nv,HAM_0004101
1,0.5006471872329712,1,ham10000,ISIC_0029726,mel,HAM_0004102
0,0.926074743270874,1,ham10000,ISIC_0028880,df,HAM_0004103
0,0.1276840716600418,0,ham10000,ISIC_0032483,nv,HAM_0004104
0,0.5272655487060547,1,ham10000,ISIC_0030007,bkl,HAM_0004105
0,0.46067723631858826,1,ham10000,ISIC_0028943,bkl,HAM_0004106
0,0.484010249376297,1,ham10000,ISIC_0029769,nv,HAM_0004107
1,0.49552804231643677,1,ham10000,ISIC_0033037,mel,HAM_0004109
0,0.15968342125415802,1,ham10000,ISIC_0030195,nv,HAM_0004110
0,0.4616025984287262,1,ham10000,ISIC_0028138,nv,HAM_0004111
0,0.2683679759502411,1,ham10000,ISIC_0030363,nv,HAM_0004112
0,0.4617029130458832,1,ham10000,ISIC_0033185,bkl,HAM_0004113
0,0.5088348984718323,1,ham10000,ISIC_0026844,bkl,HAM_0004114
0,0.30059438943862915,1,ham10000,ISIC_0027676,nv,HAM_0004115
0,0.20179052650928497,1,ham10000,ISIC_0026613,nv,HAM_0004116
0,0.19492796063423157,1,ham10000,ISIC_0024354,nv,HAM_0004117
0,0.0780624970793724,0,ham10000,ISIC_0032593,nv,HAM_0004118
0,0.05006229132413864,0,ham10000,ISIC_0025015,nv,HAM_0004119
0,0.035588908940553665,0,ham10000,ISIC_0034266,nv,HAM_0004120
1,0.15128766000270844,1,ham10000,ISIC_0025324,mel,HAM_0004121
0,0.8104844689369202,1,ham10000,ISIC_0031102,nv,HAM_0004122
0,0.19405518472194672,1,ham10000,ISIC_0032216,nv,HAM_0004123
0,0.6047496199607849,1,ham10000,ISIC_0029153,nv,HAM_0004124
0,0.2559610605239868,1,ham10000,ISIC_0027437,bkl,HAM_0004125
1,0.7970837950706482,1,ham10000,ISIC_0030060,mel,HAM_0004126
0,0.16065286099910736,1,ham10000,ISIC_0027073,nv,HAM_0004127
0,0.5397322177886963,1,ham10000,ISIC_0027072,nv,HAM_0004128
1,0.09418264776468277,0,ham10000,ISIC_0032624,mel,HAM_0004129
0,0.24160419404506683,1,ham10000,ISIC_0026173,nv,HAM_0004130
0,0.6884070038795471,1,ham10000,ISIC_0025583,bkl,HAM_0004131
0,0.24928270280361176,1,ham10000,ISIC_0025801,nv,HAM_0004132
0,0.026095788925886154,0,ham10000,ISIC_0024941,nv,HAM_0004133
0,0.3780089318752289,1,ham10000,ISIC_0026075,nv,HAM_0004134
0,0.24922823905944824,1,ham10000,ISIC_0025634,nv,HAM_0004135
0,0.14692838490009308,1,ham10000,ISIC_0029787,nv,HAM_0004136
0,0.08211147040128708,0,ham10000,ISIC_0024966,nv,HAM_0004137
0,0.061235055327415466,0,ham10000,ISIC_0025905,nv,HAM_0004138
0,0.07238105684518814,0,ham10000,ISIC_0027496,nv,HAM_0004139
0,0.08878117054700851,0,ham10000,ISIC_0028298,nv,HAM_0004140
0,0.03519037365913391,0,ham10000,ISIC_0030705,bkl,HAM_0004141
0,0.09303629398345947,0,ham10000,ISIC_0032643,bkl,HAM_0004142
0,0.36363452672958374,1,ham10000,ISIC_0029031,bkl,HAM_0004143
0,0.26744720339775085,1,ham10000,ISIC_0027980,nv,HAM_0004144
0,0.6051673889160156,1,ham10000,ISIC_0032749,nv,HAM_0004145
0,0.21669937670230865,1,ham10000,ISIC_0027450,nv,HAM_0004146
1,0.17526933550834656,1,ham10000,ISIC_0031712,bcc,HAM_0004147
0,0.12360099703073502,0,ham10000,ISIC_0026503,nv,HAM_0004148
0,0.011944782920181751,0,ham10000,ISIC_0032755,nv,HAM_0004149
0,0.13706845045089722,0,ham10000,ISIC_0026632,nv,HAM_0004150
0,0.19599218666553497,1,ham10000,ISIC_0028996,nv,HAM_0004151
0,0.14938223361968994,1,ham10000,ISIC_0025137,nv,HAM_0004152
1,0.546629786491394,1,ham10000,ISIC_0026489,mel,HAM_0004153
0,0.2765539586544037,1,ham10000,ISIC_0031471,nv,HAM_0004154
0,0.37807583808898926,1,ham10000,ISIC_0025269,nv,HAM_0004155
0,0.10237003862857819,0,ham10000,ISIC_0024387,nv,HAM_0004156
0,0.22716379165649414,1,ham10000,ISIC_0031610,nv,HAM_0004157
0,0.29933232069015503,1,ham10000,ISIC_0028229,bkl,HAM_0004158
0,0.20246435701847076,1,ham10000,ISIC_0031086,nv,HAM_0004159
0,0.14469951391220093,1,ham10000,ISIC_0029066,nv,HAM_0004160
1,0.39213842153549194,1,ham10000,ISIC_0025564,bcc,HAM_0004161
0,0.5087848901748657,1,ham10000,ISIC_0031944,nv,HAM_0004162
0,0.2946559190750122,1,ham10000,ISIC_0025142,nv,HAM_0004163
1,0.320965439081192,1,ham10000,ISIC_0030695,mel,HAM_0004164
0,0.09870684146881104,0,ham10000,ISIC_0033346,nv,HAM_0004165
0,0.5135776400566101,1,ham10000,ISIC_0028313,nv,HAM_0004166
0,0.08152448385953903,0,ham10000,ISIC_0033753,nv,HAM_0004167
0,0.1613149493932724,1,ham10000,ISIC_0029477,nv,HAM_0004168
0,0.17884115874767303,1,ham10000,ISIC_0028482,nv,HAM_0004169
0,0.09309472143650055,0,ham10000,ISIC_0029046,nv,HAM_0004170
1,0.22907514870166779,1,ham10000,ISIC_0024644,mel,HAM_0004171
0,0.08921098709106445,0,ham10000,ISIC_0033996,nv,HAM_0004172
0,0.21876190602779388,1,ham10000,ISIC_0030637,nv,HAM_0004173
0,0.45140036940574646,1,ham10000,ISIC_0032281,nv,HAM_0004174
0,0.0891333743929863,0,ham10000,ISIC_0028806,nv,HAM_0004175
0,0.31332704424858093,1,ham10000,ISIC_0033373,nv,HAM_0004176
0,0.19050998985767365,1,ham10000,ISIC_0031907,nv,HAM_0004177
0,0.24065467715263367,1,ham10000,ISIC_0029171,nv,HAM_0004179
0,0.3098648190498352,1,ham10000,ISIC_0031055,nv,HAM_0004180
0,0.21728961169719696,1,ham10000,ISIC_0032571,nv,HAM_0004181
0,0.05201137065887451,0,ham10000,ISIC_0032591,nv,HAM_0004182
0,0.15341158211231232,1,ham10000,ISIC_0032606,nv,HAM_0004183
0,0.12839721143245697,0,ham10000,ISIC_0032634,nv,HAM_0004184
0,0.07733061164617538,0,ham10000,ISIC_0032635,nv,HAM_0004185
0,0.3299201428890228,1,ham10000,ISIC_0032759,nv,HAM_0004186
0,0.16587604582309723,1,ham10000,ISIC_0032956,nv,HAM_0004187
0,0.08816832304000854,0,ham10000,ISIC_0032996,nv,HAM_0004188
0,0.06954317539930344,0,ham10000,ISIC_0033036,nv,HAM_0004189
0,0.08696624636650085,0,ham10000,ISIC_0033039,nv,HAM_0004190
0,0.08269546180963516,0,ham10000,ISIC_0032562,nv,HAM_0004191
0,0.3064984381198883,1,ham10000,ISIC_0033066,nv,HAM_0004192
0,0.07074548304080963,0,ham10000,ISIC_0033072,nv,HAM_0004193
0,0.6598458290100098,1,ham10000,ISIC_0033101,nv,HAM_0004194
0,0.10936249047517776,0,ham10000,ISIC_0033383,nv,HAM_0004195
0,0.1454962193965912,1,ham10000,ISIC_0033421,nv,HAM_0004196
0,0.07955899834632874,0,ham10000,ISIC_0033467,nv,HAM_0004197
0,0.09360270947217941,0,ham10000,ISIC_0033481,nv,HAM_0004198
0,0.1313336193561554,0,ham10000,ISIC_0033556,nv,HAM_0004199
0,0.6362560987472534,1,ham10000,ISIC_0033567,nv,HAM_0004200
0,0.10191675275564194,0,ham10000,ISIC_0033602,nv,HAM_0004201
0,0.09162026643753052,0,ham10000,ISIC_0033623,nv,HAM_0004202
0,0.08920193463563919,0,ham10000,ISIC_0033647,nv,HAM_0004203
0,0.4755479693412781,1,ham10000,ISIC_0033772,nv,HAM_0004204
0,0.04251072183251381,0,ham10000,ISIC_0033797,nv,HAM_0004205
0,0.1268184781074524,0,ham10000,ISIC_0033826,nv,HAM_0004206
0,0.12957970798015594,0,ham10000,ISIC_0033858,nv,HAM_0004207
0,0.1539909392595291,1,ham10000,ISIC_0033892,nv,HAM_0004208
0,0.30001482367515564,1,ham10000,ISIC_0034075,nv,HAM_0004209
0,0.2844390273094177,1,ham10000,ISIC_0034081,nv,HAM_0004210
0,0.09172383695840836,0,ham10000,ISIC_0034082,nv,HAM_0004211
0,0.0888032391667366,0,ham10000,ISIC_0034114,nv,HAM_0004212
0,0.11142772436141968,0,ham10000,ISIC_0034228,nv,HAM_0004213
0,0.11252481490373611,0,ham10000,ISIC_0034248,nv,HAM_0004214
0,0.16445083916187286,1,ham10000,ISIC_0034302,nv,HAM_0004215
0,0.05712942034006119,0,ham10000,ISIC_0034312,nv,HAM_0004216
0,0.15298476815223694,1,ham10000,ISIC_0031116,nv,HAM_0004217
0,0.062261778861284256,0,ham10000,ISIC_0028256,nv,HAM_0004218
1,0.3195623457431793,1,ham10000,ISIC_0031585,bcc,HAM_0004219
0,0.2709130346775055,1,ham10000,ISIC_0027787,nv,HAM_0004220
0,0.12179233878850937,0,ham10000,ISIC_0033163,nv,HAM_0004221
0,0.026155199855566025,0,ham10000,ISIC_0030899,nv,HAM_0004222
0,0.21905450522899628,1,ham10000,ISIC_0025632,nv,HAM_0004223
0,0.18080976605415344,1,ham10000,ISIC_0026248,bkl,HAM_0004224
0,0.15541459619998932,1,ham10000,ISIC_0026029,nv,HAM_0004225
0,0.06568539887666702,0,ham10000,ISIC_0032494,nv,HAM_0004226
0,0.05056941881775856,0,ham10000,ISIC_0029628,nv,HAM_0004227
0,0.4290677011013031,1,ham10000,ISIC_0027748,nv,HAM_0004228
0,0.40666258335113525,1,ham10000,ISIC_0029593,nv,HAM_0004229
0,0.15861721336841583,1,ham10000,ISIC_0024585,nv,HAM_0004230
0,0.481732040643692,1,ham10000,ISIC_0030323,bkl,HAM_0004232
0,0.14230886101722717,1,ham10000,ISIC_0029979,nv,HAM_0004233
0,0.31394848227500916,1,ham10000,ISIC_0025984,bkl,HAM_0004234
1,0.36156320571899414,1,ham10000,ISIC_0030452,bcc,HAM_0004235
0,0.20415404438972473,1,ham10000,ISIC_0032180,nv,HAM_0004236
0,0.15018980205059052,1,ham10000,ISIC_0033877,nv,HAM_0004237
0,0.32485970854759216,1,ham10000,ISIC_0024903,nv,HAM_0004238
0,0.26497283577919006,1,ham10000,ISIC_0024928,nv,HAM_0004239
1,0.8537149429321289,1,ham10000,ISIC_0032517,mel,HAM_0004240
0,0.10733296722173691,0,ham10000,ISIC_0024616,nv,HAM_0004241
0,0.1918439418077469,1,ham10000,ISIC_0028769,nv,HAM_0004242
1,0.5658386945724487,1,ham10000,ISIC_0031119,akiec,HAM_0004243
0,0.4885161519050598,1,ham10000,ISIC_0032352,nv,HAM_0004244
0,0.23486517369747162,1,ham10000,ISIC_0033701,bkl,HAM_0004245
0,0.5341389179229736,1,ham10000,ISIC_0033854,bkl,HAM_0004246
0,0.14093492925167084,1,ham10000,ISIC_0031532,nv,HAM_0004247
0,0.1328141987323761,0,ham10000,ISIC_0028812,nv,HAM_0004248
0,0.33405056595802307,1,ham10000,ISIC_0031591,bkl,HAM_0004249
0,0.11733428388834,0,ham10000,ISIC_0032499,nv,HAM_0004250
0,0.28601759672164917,1,ham10000,ISIC_0026673,nv,HAM_0004251
0,0.1787167340517044,1,ham10000,ISIC_0030461,nv,HAM_0004252
0,0.5276430249214172,1,ham10000,ISIC_0031035,nv,HAM_0004253
1,0.1415717899799347,1,ham10000,ISIC_0027030,mel,HAM_0004254
0,0.6553393602371216,1,ham10000,ISIC_0033264,bkl,HAM_0004255
0,0.24608469009399414,1,ham10000,ISIC_0027472,nv,HAM_0004256
0,0.07418876886367798,0,ham10000,ISIC_0025452,vasc,HAM_0004257
0,0.08289717882871628,0,ham10000,ISIC_0033693,bkl,HAM_0004258
0,0.010730372741818428,0,ham10000,ISIC_0026644,bkl,HAM_0004259
0,0.19026951491832733,1,ham10000,ISIC_0025525,nv,HAM_0004260
0,0.10989495366811752,0,ham10000,ISIC_0027075,nv,HAM_0004261
0,0.2586381137371063,1,ham10000,ISIC_0025236,nv,HAM_0004262
0,0.15665271878242493,1,ham10000,ISIC_0031781,nv,HAM_0004263
0,0.22520136833190918,1,ham10000,ISIC_0031671,nv,HAM_0004264
1,0.06530612707138062,0,ham10000,ISIC_0025018,mel,HAM_0004265
0,0.2117842435836792,1,ham10000,ISIC_0024483,nv,HAM_0004266
0,0.11600732803344727,0,ham10000,ISIC_0028430,nv,HAM_0004267
0,0.08755294233560562,0,ham10000,ISIC_0025003,nv,HAM_0004269
0,0.08340673893690109,0,ham10000,ISIC_0028455,nv,HAM_0004270
0,0.40460312366485596,1,ham10000,ISIC_0025474,nv,HAM_0004271
0,0.1769927740097046,1,ham10000,ISIC_0032957,nv,HAM_0004272
1,0.9501656889915466,1,ham10000,ISIC_0028059,bcc,HAM_0004273
0,0.544571042060852,1,ham10000,ISIC_0025842,bkl,HAM_0004274
0,0.679673433303833,1,ham10000,ISIC_0026921,nv,HAM_0004275
0,0.3504302501678467,1,ham10000,ISIC_0029622,nv,HAM_0004276
0,0.19512063264846802,1,ham10000,ISIC_0026472,nv,HAM_0004277
0,0.1683022379875183,1,ham10000,ISIC_0026610,nv,HAM_0004279
0,0.12191567569971085,0,ham10000,ISIC_0030905,nv,HAM_0004280
1,0.6676571369171143,1,ham10000,ISIC_0028965,mel,HAM_0004281
1,0.3934948444366455,1,ham10000,ISIC_0033151,akiec,HAM_0004282
0,0.6409093737602234,1,ham10000,ISIC_0028357,nv,HAM_0004283
1,0.4489853084087372,1,ham10000,ISIC_0032709,mel,HAM_0004284
1,0.6677414178848267,1,ham10000,ISIC_0029129,bcc,HAM_0004285
0,0.19643865525722504,1,ham10000,ISIC_0029410,nv,HAM_0004286
0,0.28999587893486023,1,ham10000,ISIC_0031128,nv,HAM_0004287
0,0.08393160253763199,0,ham10000,ISIC_0026445,nv,HAM_0004288
0,0.015028195455670357,0,ham10000,ISIC_0025879,bkl,HAM_0004289
0,0.5542525053024292,1,ham10000,ISIC_0031184,nv,HAM_0004290
0,0.22687071561813354,1,ham10000,ISIC_0031932,nv,HAM_0004291
0,0.16838249564170837,1,ham10000,ISIC_0029625,nv,HAM_0004292
0,0.2919054925441742,1,ham10000,ISIC_0028153,nv,HAM_0004294
0,0.07368515431880951,0,ham10000,ISIC_0029292,nv,HAM_0004295
0,0.30730557441711426,1,ham10000,ISIC_0033739,nv,HAM_0004296
1,0.32593783736228943,1,ham10000,ISIC_0027550,akiec,HAM_0004297
0,0.17476323246955872,1,ham10000,ISIC_0025648,nv,HAM_0004298
0,0.16845367848873138,1,ham10000,ISIC_0031307,nv,HAM_0004299
1,0.3915959596633911,1,ham10000,ISIC_0025266,bcc,HAM_0004300
0,0.21994151175022125,1,ham10000,ISIC_0032487,nv,HAM_0004301
1,0.6536632776260376,1,ham10000,ISIC_0028582,mel,HAM_0004302
0,0.19692930579185486,1,ham10000,ISIC_0033737,nv,HAM_0004303
1,0.7955024242401123,1,ham10000,ISIC_0033324,mel,HAM_0004304
0,0.2577195167541504,1,ham10000,ISIC_0026392,nv,HAM_0004305
0,0.0666063204407692,0,ham10000,ISIC_0032056,nv,HAM_0004306
0,0.27385127544403076,1,ham10000,ISIC_0031714,nv,HAM_0004307
0,0.11936774104833603,0,ham10000,ISIC_0027370,bkl,HAM_0004308
0,0.302947074174881,1,ham10000,ISIC_0028681,bkl,HAM_0004309
0,0.09921024739742279,0,ham10000,ISIC_0027871,nv,HAM_0004310
0,0.2738971710205078,1,ham10000,ISIC_0029037,nv,HAM_0004311
0,0.14057482779026031,1,ham10000,ISIC_0031768,nv,HAM_0004312
0,0.2566377818584442,1,ham10000,ISIC_0026924,nv,HAM_0004313
0,0.061051253229379654,0,ham10000,ISIC_0029758,nv,HAM_0004314
0,0.16993513703346252,1,ham10000,ISIC_0029244,nv,HAM_0004315
0,0.0830877497792244,0,ham10000,ISIC_0025116,nv,HAM_0004316
0,0.12764514982700348,0,ham10000,ISIC_0025504,df,HAM_0004317
0,0.22619397938251495,1,ham10000,ISIC_0031678,nv,HAM_0004318
0,0.19590826332569122,1,ham10000,ISIC_0026686,nv,HAM_0004319
0,0.10405711829662323,0,ham10000,ISIC_0027901,nv,HAM_0004320
1,0.5585118532180786,1,ham10000,ISIC_0033479,mel,HAM_0004321
0,0.2191658467054367,1,ham10000,ISIC_0027142,bkl,HAM_0004322
0,0.08019416779279709,0,ham10000,ISIC_0028492,nv,HAM_0004323
0,0.144952654838562,1,ham10000,ISIC_0029898,nv,HAM_0004324
0,0.749771773815155,1,ham10000,ISIC_0031669,nv,HAM_0004325
1,0.366428941488266,1,ham10000,ISIC_0030883,mel,HAM_0004326
0,0.237294003367424,1,ham10000,ISIC_0030081,bkl,HAM_0004327
0,0.3691564202308655,1,ham10000,ISIC_0027164,nv,HAM_0004328
0,0.5328651666641235,1,ham10000,ISIC_0027866,nv,HAM_0004329
0,0.3347184658050537,1,ham10000,ISIC_0029760,df,HAM_0004330
0,0.9760772585868835,1,ham10000,ISIC_0032534,bkl,HAM_0004332
0,0.08883331716060638,0,ham10000,ISIC_0032259,nv,HAM_0004333
0,0.09864135831594467,0,ham10000,ISIC_0032077,nv,HAM_0004334
0,0.31483325362205505,1,ham10000,ISIC_0025187,nv,HAM_0004335
0,0.25268876552581787,1,ham10000,ISIC_0031760,nv,HAM_0004336
0,0.054921139031648636,0,ham10000,ISIC_0031981,nv,HAM_0004337
0,0.4432024359703064,1,ham10000,ISIC_0026523,bkl,HAM_0004338
0,0.09304732829332352,0,ham10000,ISIC_0026332,nv,HAM_0004339
0,0.07403132319450378,0,ham10000,ISIC_0024506,nv,HAM_0004340
0,0.40828439593315125,1,ham10000,ISIC_0031584,bkl,HAM_0004341
1,0.7003728747367859,1,ham10000,ISIC_0027976,bcc,HAM_0004342
0,0.09750635921955109,0,ham10000,ISIC_0028343,bkl,HAM_0004343
0,0.06292125582695007,0,ham10000,ISIC_0032678,nv,HAM_0004344
0,0.09261732548475266,0,ham10000,ISIC_0033208,nv,HAM_0004345
0,0.09655603021383286,0,ham10000,ISIC_0033577,nv,HAM_0004346
0,0.08428570628166199,0,ham10000,ISIC_0033690,nv,HAM_0004347
0,0.23314319550991058,1,ham10000,ISIC_0033895,nv,HAM_0004348
0,0.07831226289272308,0,ham10000,ISIC_0033896,nv,HAM_0004349
0,0.24299848079681396,1,ham10000,ISIC_0033970,nv,HAM_0004350
0,0.1373978555202484,0,ham10000,ISIC_0034193,nv,HAM_0004351
0,0.09514601528644562,0,ham10000,ISIC_0034250,nv,HAM_0004352
0,0.2181435078382492,1,ham10000,ISIC_0029262,nv,HAM_0004353
1,0.24200361967086792,1,ham10000,ISIC_0026877,mel,HAM_0004354
0,0.10597111284732819,0,ham10000,ISIC_0030934,nv,HAM_0004355
0,0.3239962160587311,1,ham10000,ISIC_0025214,nv,HAM_0004356
0,0.010437335819005966,0,ham10000,ISIC_0027985,nv,HAM_0004357
0,0.10256852954626083,0,ham10000,ISIC_0025393,nv,HAM_0004358
0,0.3144072890281677,1,ham10000,ISIC_0025087,nv,HAM_0004359
0,0.13071255385875702,0,ham10000,ISIC_0024857,nv,HAM_0004360
0,0.18118636310100555,1,ham10000,ISIC_0030515,nv,HAM_0004361
0,0.06917983293533325,0,ham10000,ISIC_0031873,nv,HAM_0004362
1,0.2782963812351227,1,ham10000,ISIC_0026857,akiec,HAM_0004363
1,0.27872034907341003,1,ham10000,ISIC_0026697,mel,HAM_0004364
1,0.3415968120098114,1,ham10000,ISIC_0028719,bcc,HAM_0004365
0,0.4506281912326813,1,ham10000,ISIC_0030147,nv,HAM_0004366
0,0.44236937165260315,1,ham10000,ISIC_0033396,nv,HAM_0004367
0,0.35822081565856934,1,ham10000,ISIC_0030236,nv,HAM_0004368
0,0.10391317307949066,0,ham10000,ISIC_0025969,nv,HAM_0004369
0,0.007401777897030115,0,ham10000,ISIC_0024757,nv,HAM_0004370
0,0.3931512236595154,1,ham10000,ISIC_0027626,df,HAM_0004371
0,0.3609866499900818,1,ham10000,ISIC_0026964,nv,HAM_0004372
0,0.035835132002830505,0,ham10000,ISIC_0029014,bkl,HAM_0004373
0,0.217317134141922,1,ham10000,ISIC_0030651,nv,HAM_0004374
0,0.48594263195991516,1,ham10000,ISIC_0033102,nv,HAM_0004375
1,0.27591732144355774,1,ham10000,ISIC_0024843,akiec,HAM_0004376
0,0.5517857670783997,1,ham10000,ISIC_0030561,bkl,HAM_0004377
0,0.5080133080482483,1,ham10000,ISIC_0025738,nv,HAM_0004378
0,0.14536911249160767,1,ham10000,ISIC_0031352,bkl,HAM_0004379
0,0.18074172735214233,1,ham10000,ISIC_0026251,nv,HAM_0004380
0,0.08559655398130417,0,ham10000,ISIC_0027426,nv,HAM_0004381
0,0.8543936610221863,1,ham10000,ISIC_0025743,bkl,HAM_0004382
0,0.2265448123216629,1,ham10000,ISIC_0031261,bkl,HAM_0004383
1,0.2956708073616028,1,ham10000,ISIC_0029025,akiec,HAM_0004384
0,0.21356314420700073,1,ham10000,ISIC_0026310,nv,HAM_0004385
0,0.09771613031625748,0,ham10000,ISIC_0024766,nv,HAM_0004386
0,0.2160792499780655,1,ham10000,ISIC_0033132,nv,HAM_0004387
1,0.19516807794570923,1,ham10000,ISIC_0027135,bcc,HAM_0004388
0,0.3053484857082367,1,ham10000,ISIC_0028121,bkl,HAM_0004389
0,0.25133809447288513,1,ham10000,ISIC_0031210,nv,HAM_0004390
0,0.19275522232055664,1,ham10000,ISIC_0030290,nv,HAM_0004391
0,0.8011624813079834,1,ham10000,ISIC_0033095,nv,HAM_0004392
0,0.3516131043434143,1,ham10000,ISIC_0029774,nv,HAM_0004393
0,0.14753776788711548,1,ham10000,ISIC_0025060,nv,HAM_0004394
0,0.07585480064153671,0,ham10000,ISIC_0025206,nv,HAM_0004395
0,0.26226410269737244,1,ham10000,ISIC_0028913,bkl,HAM_0004396
1,0.48520755767822266,1,ham10000,ISIC_0025589,mel,HAM_0004397
1,0.5130947828292847,1,ham10000,ISIC_0025358,akiec,HAM_0004398
0,0.053597960621118546,0,ham10000,ISIC_0028905,nv,HAM_0004399
0,0.7462165951728821,1,ham10000,ISIC_0030026,bkl,HAM_0004400
0,0.08839944005012512,0,ham10000,ISIC_0027817,nv,HAM_0004401
0,0.07095776498317719,0,ham10000,ISIC_0025397,nv,HAM_0004402
0,0.15094706416130066,1,ham10000,ISIC_0028006,nv,HAM_0004403
0,0.3389417231082916,1,ham10000,ISIC_0025822,nv,HAM_0004404
1,0.16038349270820618,1,ham10000,ISIC_0032532,mel,HAM_0004405
0,0.0707913413643837,0,ham10000,ISIC_0033060,bkl,HAM_0004406
0,0.07533031702041626,0,ham10000,ISIC_0024555,nv,HAM_0004407
0,0.2108587771654129,1,ham10000,ISIC_0026824,nv,HAM_0004408
0,0.08504487574100494,0,ham10000,ISIC_0027888,vasc,HAM_0004409
0,0.17507143318653107,1,ham10000,ISIC_0032342,nv,HAM_0004410
0,0.32571107149124146,1,ham10000,ISIC_0032524,nv,HAM_0004411
0,0.5823715329170227,1,ham10000,ISIC_0029531,nv,HAM_0004412
0,0.06579393148422241,0,ham10000,ISIC_0026068,vasc,HAM_0004413
0,0.19406020641326904,1,ham10000,ISIC_0030576,nv,HAM_0004414
0,0.1485273540019989,1,ham10000,ISIC_0024532,nv,HAM_0004415
0,0.24302762746810913,1,ham10000,ISIC_0027947,nv,HAM_0004416
0,0.1966095119714737,1,ham10000,ISIC_0028566,nv,HAM_0004417
0,0.3960067629814148,1,ham10000,ISIC_0026376,nv,HAM_0004418
0,0.07012142986059189,0,ham10000,ISIC_0031331,nv,HAM_0004419
1,0.6390779614448547,1,ham10000,ISIC_0024795,bcc,HAM_0004420
0,0.3746935725212097,1,ham10000,ISIC_0029481,nv,HAM_0004421
0,0.2874109745025635,1,ham10000,ISIC_0027239,bkl,HAM_0004422
0,0.48324671387672424,1,ham10000,ISIC_0026737,bkl,HAM_0004423
0,0.35566678643226624,1,ham10000,ISIC_0033557,nv,HAM_0004424
0,0.042397528886795044,0,ham10000,ISIC_0025147,nv,HAM_0004425
0,0.18498538434505463,1,ham10000,ISIC_0026378,bkl,HAM_0004426
1,0.6919764876365662,1,ham10000,ISIC_0029092,mel,HAM_0004427
1,0.866161048412323,1,ham10000,ISIC_0025317,mel,HAM_0004428
0,0.2728920876979828,1,ham10000,ISIC_0032789,nv,HAM_0004430
0,0.21192896366119385,1,ham10000,ISIC_0024335,nv,HAM_0004431
0,0.137211874127388,0,ham10000,ISIC_0024529,nv,HAM_0004432
0,0.47761237621307373,1,ham10000,ISIC_0029623,nv,HAM_0004433
0,0.22486206889152527,1,ham10000,ISIC_0024744,nv,HAM_0004434
1,0.5646145939826965,1,ham10000,ISIC_0032146,bcc,HAM_0004435
0,0.38408318161964417,1,ham10000,ISIC_0030042,nv,HAM_0004436
0,0.22364027798175812,1,ham10000,ISIC_0027316,nv,HAM_0004437
0,0.23184089362621307,1,ham10000,ISIC_0029712,nv,HAM_0004438
1,0.24002280831336975,1,ham10000,ISIC_0030986,akiec,HAM_0004439
1,0.8451628684997559,1,ham10000,ISIC_0027631,bcc,HAM_0004440
1,0.1339067667722702,0,ham10000,ISIC_0031852,akiec,HAM_0004441
0,0.6235483288764954,1,ham10000,ISIC_0033576,bkl,HAM_0004442
0,0.12936283648014069,0,ham10000,ISIC_0028758,nv,HAM_0004443
0,0.0619359128177166,0,ham10000,ISIC_0032769,nv,HAM_0004444
0,0.395902156829834,1,ham10000,ISIC_0030551,nv,HAM_0004445
0,0.14483453333377838,1,ham10000,ISIC_0031862,nv,HAM_0004446
0,0.7757346034049988,1,ham10000,ISIC_0031831,bkl,HAM_0004448
0,0.21793460845947266,1,ham10000,ISIC_0032332,nv,HAM_0004449
0,0.5854182243347168,1,ham10000,ISIC_0028868,nv,HAM_0004450
0,0.28667929768562317,1,ham10000,ISIC_0027992,nv,HAM_0004451
0,0.41601112484931946,1,ham10000,ISIC_0027381,nv,HAM_0004452
0,0.47151440382003784,1,ham10000,ISIC_0030677,bkl,HAM_0004453
0,0.08449873328208923,0,ham10000,ISIC_0029834,nv,HAM_0004454
0,0.13278527557849884,0,ham10000,ISIC_0027385,vasc,HAM_0004455
0,0.061763107776641846,0,ham10000,ISIC_0026306,nv,HAM_0004456
0,0.21522191166877747,1,ham10000,ISIC_0029485,nv,HAM_0004457
0,0.2489442527294159,1,ham10000,ISIC_0033453,bkl,HAM_0004458
0,0.05964132770895958,0,ham10000,ISIC_0029971,nv,HAM_0004459
0,0.40681084990501404,1,ham10000,ISIC_0028784,nv,HAM_0004460
0,0.7773546576499939,1,ham10000,ISIC_0031817,nv,HAM_0004461
1,0.47170794010162354,1,ham10000,ISIC_0027334,akiec,HAM_0004462
0,0.13888734579086304,0,ham10000,ISIC_0027770,bkl,HAM_0004463
0,0.3225131332874298,1,ham10000,ISIC_0025720,nv,HAM_0004464
0,0.13303184509277344,0,ham10000,ISIC_0024500,nv,HAM_0004465
0,0.3539176881313324,1,ham10000,ISIC_0031396,bkl,HAM_0004466
0,0.17148475348949432,1,ham10000,ISIC_0027687,nv,HAM_0004467
0,0.09886779636144638,0,ham10000,ISIC_0030480,nv,HAM_0004468
0,0.05531204119324684,0,ham10000,ISIC_0025787,nv,HAM_0004469
0,0.13914605975151062,0,ham10000,ISIC_0028387,nv,HAM_0004470
0,0.29439812898635864,1,ham10000,ISIC_0027353,nv,HAM_0004471
1,0.6394038200378418,1,ham10000,ISIC_0025368,akiec,HAM_0004472
0,0.24172328412532806,1,ham10000,ISIC_0027881,nv,HAM_0004473
0,0.08200180530548096,0,ham10000,ISIC_0030908,nv,HAM_0004474
0,0.11602909117937088,0,ham10000,ISIC_0029920,nv,HAM_0004475
1,0.21131570637226105,1,ham10000,ISIC_0030417,mel,HAM_0004476
0,0.21151083707809448,1,ham10000,ISIC_0026646,nv,HAM_0004477
0,0.19083942472934723,1,ham10000,ISIC_0026793,nv,HAM_0004478
0,0.4631953239440918,1,ham10000,ISIC_0025027,nv,HAM_0004479
1,0.5677011013031006,1,ham10000,ISIC_0032290,bcc,HAM_0004480
0,0.16290158033370972,1,ham10000,ISIC_0032391,nv,HAM_0004481
0,0.2816978096961975,1,ham10000,ISIC_0025449,nv,HAM_0004482
1,0.6641603112220764,1,ham10000,ISIC_0027487,mel,HAM_0004483
0,0.12011747062206268,0,ham10000,ISIC_0025124,nv,HAM_0004484
0,0.1831146478652954,1,ham10000,ISIC_0029814,nv,HAM_0004485
0,0.37106096744537354,1,ham10000,ISIC_0031448,nv,HAM_0004486
1,0.04550010338425636,0,ham10000,ISIC_0028989,bcc,HAM_0004487
0,0.262220561504364,1,ham10000,ISIC_0030601,nv,HAM_0004488
0,0.34842541813850403,1,ham10000,ISIC_0031229,nv,HAM_0004489
0,0.19083057343959808,1,ham10000,ISIC_0031788,nv,HAM_0004490
0,0.30654042959213257,1,ham10000,ISIC_0025157,bkl,HAM_0004491
0,0.13356836140155792,0,ham10000,ISIC_0026026,nv,HAM_0004492
0,0.09846385568380356,0,ham10000,ISIC_0030325,nv,HAM_0004493
0,0.24939757585525513,1,ham10000,ISIC_0030458,bkl,HAM_0004494
1,0.22368618845939636,1,ham10000,ISIC_0024743,bcc,HAM_0004495
0,0.6266612410545349,1,ham10000,ISIC_0028651,df,HAM_0004496
0,0.0913129448890686,0,ham10000,ISIC_0025625,nv,HAM_0004497
0,0.15772131085395813,1,ham10000,ISIC_0025586,nv,HAM_0004498
0,0.25268983840942383,1,ham10000,ISIC_0027331,nv,HAM_0004499
0,0.19558025896549225,1,ham10000,ISIC_0025032,bkl,HAM_0004500
0,0.07859025150537491,0,ham10000,ISIC_0028856,bkl,HAM_0004501
0,0.3003701865673065,1,ham10000,ISIC_0024541,nv,HAM_0004502
0,0.39269503951072693,1,ham10000,ISIC_0032735,nv,HAM_0004503
0,0.18617703020572662,1,ham10000,ISIC_0029415,nv,HAM_0004504
0,0.09431599825620651,0,ham10000,ISIC_0029369,nv,HAM_0004505
0,0.24523647129535675,1,ham10000,ISIC_0027320,bkl,HAM_0004506
1,0.4075413644313812,1,ham10000,ISIC_0024554,mel,HAM_0004507
0,0.09387318044900894,0,ham10000,ISIC_0033628,nv,HAM_0004508
0,0.21168437600135803,1,ham10000,ISIC_0028028,nv,HAM_0004509
0,0.07476154714822769,0,ham10000,ISIC_0031110,nv,HAM_0004510
1,0.2862072288990021,1,ham10000,ISIC_0024590,bcc,HAM_0004511
0,0.23640142381191254,1,ham10000,ISIC_0027977,nv,HAM_0004512
0,0.16396935284137726,1,ham10000,ISIC_0026011,nv,HAM_0004513
1,0.27988022565841675,1,ham10000,ISIC_0030690,bcc,HAM_0004514
1,0.20560817420482635,1,ham10000,ISIC_0029564,bcc,HAM_0004515
0,0.12057562172412872,0,ham10000,ISIC_0025775,nv,HAM_0004516
0,0.18453510105609894,1,ham10000,ISIC_0025359,nv,HAM_0004517
0,0.0772540420293808,0,ham10000,ISIC_0024578,nv,HAM_0004518
0,0.16486793756484985,1,ham10000,ISIC_0028230,nv,HAM_0004519
0,0.5725471377372742,1,ham10000,ISIC_0027259,nv,HAM_0004520
1,0.3903444707393646,1,ham10000,ISIC_0031413,bcc,HAM_0004521
1,0.7176603078842163,1,ham10000,ISIC_0028381,akiec,HAM_0004522
0,0.08603981882333755,0,ham10000,ISIC_0029984,nv,HAM_0004523
0,0.6373727917671204,1,ham10000,ISIC_0027406,nv,HAM_0004524
0,0.1469888687133789,1,ham10000,ISIC_0032106,nv,HAM_0004526
0,0.46738582849502563,1,ham10000,ISIC_0027638,nv,HAM_0004527
0,0.3658539950847626,1,ham10000,ISIC_0031969,nv,HAM_0004528
0,0.3089536130428314,1,ham10000,ISIC_0029245,nv,HAM_0004529
0,0.09806746989488602,0,ham10000,ISIC_0030667,nv,HAM_0004530
0,0.19266259670257568,1,ham10000,ISIC_0025799,bkl,HAM_0004531
0,0.32256489992141724,1,ham10000,ISIC_0026706,nv,HAM_0004532
0,0.11186051368713379,0,ham10000,ISIC_0030871,nv,HAM_0004533
0,0.06494877487421036,0,ham10000,ISIC_0024363,nv,HAM_0004534
0,0.27514269948005676,1,ham10000,ISIC_0024364,nv,HAM_0004535
1,0.4308135211467743,1,ham10000,ISIC_0025644,bcc,HAM_0004536
0,0.19332255423069,1,ham10000,ISIC_0026361,nv,HAM_0004537
0,0.4475964903831482,1,ham10000,ISIC_0029273,nv,HAM_0004538
1,0.33014950156211853,1,ham10000,ISIC_0025617,bcc,HAM_0004539
0,0.1092803031206131,0,ham10000,ISIC_0027357,nv,HAM_0004540
0,0.1754705160856247,1,ham10000,ISIC_0028838,nv,HAM_0004541
0,0.11754442751407623,0,ham10000,ISIC_0024402,vasc,HAM_0004542
0,0.11194957047700882,0,ham10000,ISIC_0032170,bkl,HAM_0004543
0,0.22993645071983337,1,ham10000,ISIC_0031099,nv,HAM_0004544
0,0.35680872201919556,1,ham10000,ISIC_0025985,bkl,HAM_0004545
0,0.1576945185661316,1,ham10000,ISIC_0026561,nv,HAM_0004546
1,0.28024551272392273,1,ham10000,ISIC_0031303,mel,HAM_0004547
0,0.1079140305519104,0,ham10000,ISIC_0032520,nv,HAM_0004548
0,0.08672190457582474,0,ham10000,ISIC_0031201,vasc,HAM_0004549
0,0.177616685628891,1,ham10000,ISIC_0032728,nv,HAM_0004550
0,0.23737286031246185,1,ham10000,ISIC_0031763,nv,HAM_0004551
0,0.1515309363603592,1,ham10000,ISIC_0027593,nv,HAM_0004552
0,0.049140047281980515,0,ham10000,ISIC_0028673,nv,HAM_0004553
0,0.28424766659736633,1,ham10000,ISIC_0026065,nv,HAM_0004554
0,0.5788088440895081,1,ham10000,ISIC_0033200,bkl,HAM_0004555
0,0.6696767210960388,1,ham10000,ISIC_0028123,bkl,HAM_0004556
0,0.08291950821876526,0,ham10000,ISIC_0032465,nv,HAM_0004557
1,0.6919728517532349,1,ham10000,ISIC_0030341,akiec,HAM_0004558
1,0.11729397624731064,0,ham10000,ISIC_0028220,mel,HAM_0004559
0,0.07312432676553726,0,ham10000,ISIC_0030738,nv,HAM_0004560
0,0.2340632528066635,1,ham10000,ISIC_0024775,nv,HAM_0004561
0,0.26412805914878845,1,ham10000,ISIC_0031387,nv,HAM_0004562
1,0.6471026539802551,1,ham10000,ISIC_0031211,akiec,HAM_0004563
0,0.12432055175304413,0,ham10000,ISIC_0026761,nv,HAM_0004564
1,0.3320132791996002,1,ham10000,ISIC_0027561,mel,HAM_0004565
0,0.09007882326841354,0,ham10000,ISIC_0029394,bkl,HAM_0004566
0,0.646463930606842,1,ham10000,ISIC_0027372,nv,HAM_0004567
1,0.6075397729873657,1,ham10000,ISIC_0024463,akiec,HAM_0004568
0,0.0027688092086464167,0,ham10000,ISIC_0026104,bkl,HAM_0004569
0,0.4755004644393921,1,ham10000,ISIC_0030396,bkl,HAM_0004570
1,0.2782957851886749,1,ham10000,ISIC_0033578,mel,HAM_0004571
0,0.1055733785033226,0,ham10000,ISIC_0032868,nv,HAM_0004572
0,0.38920727372169495,1,ham10000,ISIC_0024849,nv,HAM_0004573
0,0.5049635171890259,1,ham10000,ISIC_0032566,nv,HAM_0004574
0,0.4307214319705963,1,ham10000,ISIC_0024789,nv,HAM_0004575
0,0.14844921231269836,1,ham10000,ISIC_0028738,nv,HAM_0004576
0,0.24593716859817505,1,ham10000,ISIC_0027134,nv,HAM_0004577
1,0.5292172431945801,1,ham10000,ISIC_0034239,mel,HAM_0004578
1,0.6833088397979736,1,ham10000,ISIC_0025603,mel,HAM_0004579
0,0.2863456904888153,1,ham10000,ISIC_0030872,nv,HAM_0004580
0,0.16117531061172485,1,ham10000,ISIC_0032539,nv,HAM_0004581
0,0.1868686079978943,1,ham10000,ISIC_0033875,nv,HAM_0004582
0,0.07434830814599991,0,ham10000,ISIC_0034200,nv,HAM_0004583
0,0.16208021342754364,1,ham10000,ISIC_0034249,nv,HAM_0004584
0,0.10390061140060425,0,ham10000,ISIC_0032881,nv,HAM_0004585
0,0.05234985053539276,0,ham10000,ISIC_0033329,nv,HAM_0004586
0,0.10789798200130463,0,ham10000,ISIC_0034181,nv,HAM_0004587
0,0.09205103665590286,0,ham10000,ISIC_0033277,nv,HAM_0004588
0,0.05346124991774559,0,ham10000,ISIC_0033197,nv,HAM_0004589
0,0.12843483686447144,0,ham10000,ISIC_0032824,nv,HAM_0004590
0,0.14085516333580017,1,ham10000,ISIC_0027743,nv,HAM_0004591
1,0.3963981568813324,1,ham10000,ISIC_0029141,akiec,HAM_0004592
1,0.4896529018878937,1,ham10000,ISIC_0024900,mel,HAM_0004593
0,0.2744426131248474,1,ham10000,ISIC_0032418,nv,HAM_0004594
0,0.14762431383132935,1,ham10000,ISIC_0027844,nv,HAM_0004595
1,0.2572444975376129,1,ham10000,ISIC_0027187,mel,HAM_0004596
0,0.07768387347459793,0,ham10000,ISIC_0027050,nv,HAM_0004597
0,0.08329635113477707,0,ham10000,ISIC_0030345,nv,HAM_0004598
0,0.5585136413574219,1,ham10000,ISIC_0033861,nv,HAM_0004599
0,0.5052658319473267,1,ham10000,ISIC_0028464,nv,HAM_0004600
0,0.19101722538471222,1,ham10000,ISIC_0028443,nv,HAM_0004601
0,0.052232641726732254,0,ham10000,ISIC_0031240,nv,HAM_0004602
1,0.4440721273422241,1,ham10000,ISIC_0025793,bcc,HAM_0004603
0,0.0842847228050232,0,ham10000,ISIC_0027133,nv,HAM_0004604
0,0.16533756256103516,1,ham10000,ISIC_0032267,nv,HAM_0004605
0,0.36770322918891907,1,ham10000,ISIC_0027273,nv,HAM_0004606
1,0.08609379082918167,0,ham10000,ISIC_0026150,mel,HAM_0004607
0,0.38485080003738403,1,ham10000,ISIC_0028979,nv,HAM_0004608
1,0.9319796562194824,1,ham10000,ISIC_0024710,akiec,HAM_0004609
0,0.15707430243492126,1,ham10000,ISIC_0025042,nv,HAM_0004610
0,0.3005475699901581,1,ham10000,ISIC_0027716,nv,HAM_0004611
0,0.03788507357239723,0,ham10000,ISIC_0031333,nv,HAM_0004612
0,0.16984784603118896,1,ham10000,ISIC_0031938,nv,HAM_0004613
0,0.2665060758590698,1,ham10000,ISIC_0030151,nv,HAM_0004614
0,0.01635613851249218,0,ham10000,ISIC_0032815,nv,HAM_0004615
0,0.22764931619167328,1,ham10000,ISIC_0030084,nv,HAM_0004616
0,0.20795838534832,1,ham10000,ISIC_0025664,nv,HAM_0004619
1,0.4396052062511444,1,ham10000,ISIC_0033122,mel,HAM_0004620
1,0.47123855352401733,1,ham10000,ISIC_0025818,bcc,HAM_0004621
1,0.18894611299037933,1,ham10000,ISIC_0028666,mel,HAM_0004622
0,0.23819097876548767,1,ham10000,ISIC_0024746,nv,HAM_0004623
1,0.5652751922607422,1,ham10000,ISIC_0028329,bcc,HAM_0004624
0,0.032838374376297,0,ham10000,ISIC_0029346,nv,HAM_0004625
0,0.19217686355113983,1,ham10000,ISIC_0026904,nv,HAM_0004626
1,0.6031760573387146,1,ham10000,ISIC_0029974,bcc,HAM_0004627
0,0.1308594048023224,0,ham10000,ISIC_0027405,nv,HAM_0004628
0,0.34261342883110046,1,ham10000,ISIC_0027019,nv,HAM_0004629
0,0.4865163266658783,1,ham10000,ISIC_0025292,bkl,HAM_0004630
0,0.16495920717716217,1,ham10000,ISIC_0032473,nv,HAM_0004631
0,0.19136367738246918,1,ham10000,ISIC_0024382,bkl,HAM_0004632
0,0.3735607862472534,1,ham10000,ISIC_0025772,nv,HAM_0004633
0,0.5435216426849365,1,ham10000,ISIC_0032454,nv,HAM_0004634
1,0.2624989151954651,1,ham10000,ISIC_0029541,akiec,HAM_0004636
1,0.1448671519756317,1,ham10000,ISIC_0032036,mel,HAM_0004637
0,0.29171741008758545,1,ham10000,ISIC_0029344,nv,HAM_0004638
0,0.22382882237434387,1,ham10000,ISIC_0025635,nv,HAM_0004639
0,0.31556427478790283,1,ham10000,ISIC_0031834,nv,HAM_0004640
0,0.3147776424884796,1,ham10000,ISIC_0025099,bkl,HAM_0004641
1,0.47855523228645325,1,ham10000,ISIC_0025121,mel,HAM_0004642
1,0.5928267240524292,1,ham10000,ISIC_0029651,mel,HAM_0004643
0,0.27849557995796204,1,ham10000,ISIC_0031232,nv,HAM_0004644
0,0.11627523601055145,0,ham10000,ISIC_0030028,nv,HAM_0004645
0,0.6284859776496887,1,ham10000,ISIC_0029140,nv,HAM_0004646
0,0.5578521490097046,1,ham10000,ISIC_0025639,nv,HAM_0004647
0,0.3050614595413208,1,ham10000,ISIC_0025911,df,HAM_0004648
0,0.20184843242168427,1,ham10000,ISIC_0031373,nv,HAM_0004649
0,0.12505123019218445,0,ham10000,ISIC_0028149,nv,HAM_0004650
1,0.1675805002450943,1,ham10000,ISIC_0027328,mel,HAM_0004651
0,0.28799891471862793,1,ham10000,ISIC_0024583,nv,HAM_0004652
0,0.11627119779586792,0,ham10000,ISIC_0028431,vasc,HAM_0004653
1,0.6829283833503723,1,ham10000,ISIC_0027130,mel,HAM_0004654
1,0.14180321991443634,1,ham10000,ISIC_0030463,akiec,HAM_0004655
0,0.06981717050075531,0,ham10000,ISIC_0027475,nv,HAM_0004656
0,0.5688521265983582,1,ham10000,ISIC_0024369,nv,HAM_0004657
0,0.5966852307319641,1,ham10000,ISIC_0031478,nv,HAM_0004658
0,0.0659351646900177,0,ham10000,ISIC_0027993,nv,HAM_0004659
0,0.34015926718711853,1,ham10000,ISIC_0027504,bkl,HAM_0004660
0,0.3097676932811737,1,ham10000,ISIC_0026808,nv,HAM_0004661
1,0.23579825460910797,1,ham10000,ISIC_0024331,bcc,HAM_0004662
0,0.451750248670578,1,ham10000,ISIC_0025809,nv,HAM_0004663
0,0.40495458245277405,1,ham10000,ISIC_0027566,nv,HAM_0004664
0,0.0614800751209259,0,ham10000,ISIC_0030990,nv,HAM_0004665
0,0.2769603133201599,1,ham10000,ISIC_0029165,nv,HAM_0004666
0,0.3075200915336609,1,ham10000,ISIC_0031317,nv,HAM_0004667
0,0.24410580098628998,1,ham10000,ISIC_0027272,nv,HAM_0004668
1,0.11065827310085297,0,ham10000,ISIC_0028543,mel,HAM_0004669
0,0.028290370479226112,0,ham10000,ISIC_0033190,nv,HAM_0004670
0,0.04155145213007927,0,ham10000,ISIC_0026013,nv,HAM_0004671
0,0.09524925798177719,0,ham10000,ISIC_0026550,nv,HAM_0004672
0,0.13234315812587738,0,ham10000,ISIC_0027455,bkl,HAM_0004673
0,0.3067012429237366,1,ham10000,ISIC_0027252,nv,HAM_0004674
0,0.0581330843269825,0,ham10000,ISIC_0031411,nv,HAM_0004675
1,0.2875288128852844,1,ham10000,ISIC_0026247,mel,HAM_0004676
0,0.7495377063751221,1,ham10000,ISIC_0027680,bkl,HAM_0004677
0,0.2516915798187256,1,ham10000,ISIC_0025952,nv,HAM_0004678
0,0.16113729774951935,1,ham10000,ISIC_0030985,nv,HAM_0004679
0,0.0013420116156339645,0,ham10000,ISIC_0024876,nv,HAM_0004680
0,0.3164099454879761,1,ham10000,ISIC_0031919,nv,HAM_0004681
0,0.06725138425827026,0,ham10000,ISIC_0028474,nv,HAM_0004682
0,0.2258264720439911,1,ham10000,ISIC_0026079,nv,HAM_0004683
0,0.13717618584632874,0,ham10000,ISIC_0028394,nv,HAM_0004684
1,0.9878737330436707,1,ham10000,ISIC_0030767,bcc,HAM_0004685
0,0.14692559838294983,1,ham10000,ISIC_0028574,nv,HAM_0004686
1,0.6062363386154175,1,ham10000,ISIC_0032938,mel,HAM_0004687
0,0.2011958509683609,1,ham10000,ISIC_0032000,nv,HAM_0004688
0,0.14163418114185333,1,ham10000,ISIC_0029158,nv,HAM_0004689
0,0.042680978775024414,0,ham10000,ISIC_0027374,bkl,HAM_0004690
0,0.15163923799991608,1,ham10000,ISIC_0025805,bkl,HAM_0004691
0,0.16839438676834106,1,ham10000,ISIC_0030734,nv,HAM_0004692
0,0.054519474506378174,0,ham10000,ISIC_0025283,nv,HAM_0004693
0,0.5743652582168579,1,ham10000,ISIC_0028611,bkl,HAM_0004695
0,0.7885029315948486,1,ham10000,ISIC_0024881,bkl,HAM_0004696
0,0.12776853144168854,0,ham10000,ISIC_0026856,nv,HAM_0004697
0,0.4503004848957062,1,ham10000,ISIC_0030127,nv,HAM_0004698
0,0.015878774225711823,0,ham10000,ISIC_0027497,nv,HAM_0004699
0,0.1460094451904297,1,ham10000,ISIC_0024727,nv,HAM_0004700
0,0.34253427386283875,1,ham10000,ISIC_0032243,nv,HAM_0004701
0,0.07004901021718979,0,ham10000,ISIC_0028462,nv,HAM_0004702
0,0.07631848752498627,0,ham10000,ISIC_0028658,nv,HAM_0004703
0,0.26383858919143677,1,ham10000,ISIC_0026093,nv,HAM_0004704
0,0.6956579089164734,1,ham10000,ISIC_0034260,nv,HAM_0004705
0,0.1463344395160675,1,ham10000,ISIC_0033308,nv,HAM_0004706
0,0.14487236738204956,1,ham10000,ISIC_0029386,nv,HAM_0004707
0,0.30499404668807983,1,ham10000,ISIC_0033561,nv,HAM_0004708
1,0.29260265827178955,1,ham10000,ISIC_0026558,mel,HAM_0004709
0,0.2766803801059723,1,ham10000,ISIC_0028270,nv,HAM_0004710
1,0.35800448060035706,1,ham10000,ISIC_0028197,bcc,HAM_0004711
0,0.17427559196949005,1,ham10000,ISIC_0030101,nv,HAM_0004712
0,0.19901800155639648,1,ham10000,ISIC_0031125,bkl,HAM_0004713
0,0.11326760798692703,0,ham10000,ISIC_0032651,nv,HAM_0004714
0,0.2648068368434906,1,ham10000,ISIC_0030494,nv,HAM_0004715
0,0.23403243720531464,1,ham10000,ISIC_0032729,nv,HAM_0004716
0,0.4704646170139313,1,ham10000,ISIC_0025227,nv,HAM_0004717
0,0.08886626362800598,0,ham10000,ISIC_0027589,nv,HAM_0004718
0,0.48460492491722107,1,ham10000,ISIC_0029276,nv,HAM_0004719
1,0.3070283532142639,1,ham10000,ISIC_0027277,mel,HAM_0004720
0,0.23623397946357727,1,ham10000,ISIC_0032234,nv,HAM_0004721
1,0.48178842663764954,1,ham10000,ISIC_0024575,akiec,HAM_0004722
0,0.30284249782562256,1,ham10000,ISIC_0032413,nv,HAM_0004723
0,0.25992754101753235,1,ham10000,ISIC_0024924,nv,HAM_0004724
0,0.25504520535469055,1,ham10000,ISIC_0032507,nv,HAM_0004725
0,0.4675099551677704,1,ham10000,ISIC_0027579,nv,HAM_0004726
0,0.0455097071826458,0,ham10000,ISIC_0028250,nv,HAM_0004727
0,0.3521712124347687,1,ham10000,ISIC_0026779,nv,HAM_0004728
0,0.21448439359664917,1,ham10000,ISIC_0026198,nv,HAM_0004729
0,0.31533190608024597,1,ham10000,ISIC_0032297,nv,HAM_0004730
0,0.3718786835670471,1,ham10000,ISIC_0031248,nv,HAM_0004731
0,0.13317038118839264,0,ham10000,ISIC_0024858,nv,HAM_0004732
0,0.19228927791118622,1,ham10000,ISIC_0027565,nv,HAM_0004733
0,0.3999601900577545,1,ham10000,ISIC_0026396,nv,HAM_0004734
0,0.13159345090389252,0,ham10000,ISIC_0030000,nv,HAM_0004735
0,0.24549904465675354,1,ham10000,ISIC_0031990,nv,HAM_0004736
0,0.1768355667591095,1,ham10000,ISIC_0027221,nv,HAM_0004737
0,0.47063544392585754,1,ham10000,ISIC_0027512,nv,HAM_0004738
1,0.7471626400947571,1,ham10000,ISIC_0025234,mel,HAM_0004739
0,0.4073644280433655,1,ham10000,ISIC_0024992,nv,HAM_0004740
0,0.09080705046653748,0,ham10000,ISIC_0031687,nv,HAM_0004741
0,0.051838140934705734,0,ham10000,ISIC_0028338,nv,HAM_0004742
0,0.27265244722366333,1,ham10000,ISIC_0024692,nv,HAM_0004744
0,0.25127729773521423,1,ham10000,ISIC_0028004,nv,HAM_0004745
1,0.25802746415138245,1,ham10000,ISIC_0028764,mel,HAM_0004746
0,0.12350890040397644,0,ham10000,ISIC_0031435,nv,HAM_0004747
0,0.09651396423578262,0,ham10000,ISIC_0027513,bkl,HAM_0004748
0,0.5415604710578918,1,ham10000,ISIC_0024543,nv,HAM_0004749
0,0.18628594279289246,1,ham10000,ISIC_0029266,nv,HAM_0004750
0,0.13971590995788574,0,ham10000,ISIC_0026776,nv,HAM_0004751
0,0.1361268013715744,0,ham10000,ISIC_0028549,nv,HAM_0004752
0,0.3711684048175812,1,ham10000,ISIC_0031884,nv,HAM_0004753
1,0.4839506447315216,1,ham10000,ISIC_0032790,mel,HAM_0004754
0,0.11366475373506546,0,ham10000,ISIC_0029151,nv,HAM_0004755
0,0.3376336395740509,1,ham10000,ISIC_0029248,df,HAM_0004756
0,0.20098409056663513,1,ham10000,ISIC_0025607,nv,HAM_0004757
0,0.1586943417787552,1,ham10000,ISIC_0028491,nv,HAM_0004758
0,0.3204229176044464,1,ham10000,ISIC_0030467,nv,HAM_0004759
0,0.07404125481843948,0,ham10000,ISIC_0026826,nv,HAM_0004761
0,0.13581602275371552,0,ham10000,ISIC_0026080,nv,HAM_0004762
0,0.5379554033279419,1,ham10000,ISIC_0024891,nv,HAM_0004763
0,0.03239458054304123,0,ham10000,ISIC_0025270,nv,HAM_0004764
0,0.16951154172420502,1,ham10000,ISIC_0025599,vasc,HAM_0004765
0,0.19138872623443604,1,ham10000,ISIC_0030462,nv,HAM_0004766
1,0.03433983400464058,0,ham10000,ISIC_0025531,mel,HAM_0004767
0,0.07348988205194473,0,ham10000,ISIC_0024408,bkl,HAM_0004768
0,0.1257634311914444,0,ham10000,ISIC_0025250,vasc,HAM_0004769
0,0.3066861033439636,1,ham10000,ISIC_0032495,nv,HAM_0004770
0,0.20992213487625122,1,ham10000,ISIC_0024622,nv,HAM_0004771
0,0.20547795295715332,1,ham10000,ISIC_0027223,nv,HAM_0004772
0,0.47867706418037415,1,ham10000,ISIC_0032853,nv,HAM_0004773
0,0.1763838529586792,1,ham10000,ISIC_0031497,nv,HAM_0004774
0,0.1272275298833847,0,ham10000,ISIC_0027293,nv,HAM_0004775
0,0.8824402093887329,1,ham10000,ISIC_0032545,vasc,HAM_0004776
0,0.16410233080387115,1,ham10000,ISIC_0026749,nv,HAM_0004777
0,0.29227492213249207,1,ham10000,ISIC_0028432,nv,HAM_0004778
1,0.6633977890014648,1,ham10000,ISIC_0024823,mel,HAM_0004779
1,0.500281035900116,1,ham10000,ISIC_0029315,akiec,HAM_0004780
0,0.334852010011673,1,ham10000,ISIC_0025025,nv,HAM_0004781
0,0.3006877303123474,1,ham10000,ISIC_0026264,nv,HAM_0004782
0,0.08421030640602112,0,ham10000,ISIC_0025671,nv,HAM_0004783
1,0.42666441202163696,1,ham10000,ISIC_0027872,mel,HAM_0004784
0,0.3220194876194,1,ham10000,ISIC_0030788,nv,HAM_0004785
0,0.36859288811683655,1,ham10000,ISIC_0029751,nv,HAM_0004786
0,0.5782313346862793,1,ham10000,ISIC_0029566,nv,HAM_0004787
0,0.5286276936531067,1,ham10000,ISIC_0032835,bkl,HAM_0004788
0,0.2310682088136673,1,ham10000,ISIC_0031652,nv,HAM_0004789
0,0.2497534155845642,1,ham10000,ISIC_0030902,nv,HAM_0004790
0,0.9932976365089417,1,ham10000,ISIC_0032538,vasc,HAM_0004791
0,0.016126438975334167,0,ham10000,ISIC_0031604,nv,HAM_0004792
0,0.15698252618312836,1,ham10000,ISIC_0028102,nv,HAM_0004793
0,0.23342861235141754,1,ham10000,ISIC_0027481,nv,HAM_0004794
0,0.3039802014827728,1,ham10000,ISIC_0026595,nv,HAM_0004795
0,0.35960426926612854,1,ham10000,ISIC_0032143,nv,HAM_0004796
0,0.07342896610498428,0,ham10000,ISIC_0024895,nv,HAM_0004797
0,0.21565480530261993,1,ham10000,ISIC_0029103,nv,HAM_0004798
0,0.11391445994377136,0,ham10000,ISIC_0030807,nv,HAM_0004799
0,0.40019112825393677,1,ham10000,ISIC_0029620,nv,HAM_0004800
0,0.18091467022895813,1,ham10000,ISIC_0030365,bkl,HAM_0004801
0,0.2988988757133484,1,ham10000,ISIC_0024596,nv,HAM_0004802
0,0.5157198905944824,1,ham10000,ISIC_0030880,nv,HAM_0004803
0,0.4980398118495941,1,ham10000,ISIC_0030497,nv,HAM_0004804
0,0.1585695892572403,1,ham10000,ISIC_0028641,nv,HAM_0004805
0,0.1292438805103302,0,ham10000,ISIC_0031031,nv,HAM_0004806
0,0.5498866438865662,1,ham10000,ISIC_0030124,bkl,HAM_0004807
0,0.1464293897151947,1,ham10000,ISIC_0029078,nv,HAM_0004808
1,0.3914661109447479,1,ham10000,ISIC_0029840,akiec,HAM_0004809
0,0.354333758354187,1,ham10000,ISIC_0030220,nv,HAM_0004810
1,0.5361658334732056,1,ham10000,ISIC_0032602,mel,HAM_0004811
0,0.037991125136613846,0,ham10000,ISIC_0025682,nv,HAM_0004812
1,0.1449848860502243,1,ham10000,ISIC_0027063,mel,HAM_0004813
0,0.38540518283843994,1,ham10000,ISIC_0032702,nv,HAM_0004814
0,0.24805673956871033,1,ham10000,ISIC_0031342,nv,HAM_0004815
0,0.1306477040052414,0,ham10000,ISIC_0031608,nv,HAM_0004816
1,0.4134221374988556,1,ham10000,ISIC_0025238,mel,HAM_0004817
0,0.04515000805258751,0,ham10000,ISIC_0030736,nv,HAM_0004818
0,0.19600798189640045,1,ham10000,ISIC_0028975,nv,HAM_0004819
0,0.8737064003944397,1,ham10000,ISIC_0030722,vasc,HAM_0004820
0,0.11212553083896637,0,ham10000,ISIC_0031885,nv,HAM_0004821
0,0.2890317440032959,1,ham10000,ISIC_0029788,nv,HAM_0004822
0,0.47989046573638916,1,ham10000,ISIC_0032108,nv,HAM_0004823
0,0.2844281792640686,1,ham10000,ISIC_0026698,nv,HAM_0004824
0,0.4357534646987915,1,ham10000,ISIC_0028152,nv,HAM_0004825
0,0.09183070063591003,0,ham10000,ISIC_0027564,nv,HAM_0004826
1,0.018715934827923775,0,ham10000,ISIC_0027819,bcc,HAM_0004827
0,0.10128633677959442,0,ham10000,ISIC_0028848,nv,HAM_0004828
0,0.16331429779529572,1,ham10000,ISIC_0032595,nv,HAM_0004829
0,0.01851820759475231,0,ham10000,ISIC_0027248,nv,HAM_0004830
1,0.4537479877471924,1,ham10000,ISIC_0025144,bcc,HAM_0004831
0,0.6669689416885376,1,ham10000,ISIC_0024709,bkl,HAM_0004832
0,0.22750578820705414,1,ham10000,ISIC_0026133,nv,HAM_0004833
0,0.19624026119709015,1,ham10000,ISIC_0025328,nv,HAM_0004834
0,0.18218979239463806,1,ham10000,ISIC_0031809,nv,HAM_0004835
0,0.04879375174641609,0,ham10000,ISIC_0025533,nv,HAM_0004836
0,0.09843017905950546,0,ham10000,ISIC_0030735,nv,HAM_0004837
0,0.05826544761657715,0,ham10000,ISIC_0030869,nv,HAM_0004838
0,0.12541106343269348,0,ham10000,ISIC_0024599,nv,HAM_0004839
0,0.24774564802646637,1,ham10000,ISIC_0025273,nv,HAM_0004840
0,0.11073403060436249,0,ham10000,ISIC_0028694,nv,HAM_0004841
0,0.14288148283958435,1,ham10000,ISIC_0026854,nv,HAM_0004842
0,0.16735731065273285,1,ham10000,ISIC_0031280,nv,HAM_0004843
1,0.38894879817962646,1,ham10000,ISIC_0033394,mel,HAM_0004844
0,0.33546411991119385,1,ham10000,ISIC_0026486,nv,HAM_0004845
1,0.26752662658691406,1,ham10000,ISIC_0026411,akiec,HAM_0004846
0,0.29484158754348755,1,ham10000,ISIC_0030906,nv,HAM_0004847
1,0.23536092042922974,1,ham10000,ISIC_0032727,bcc,HAM_0004848
1,0.6814397573471069,1,ham10000,ISIC_0032991,bcc,HAM_0004849
1,0.690512478351593,1,ham10000,ISIC_0026438,mel,HAM_0004850
0,0.1509290188550949,1,ham10000,ISIC_0031219,nv,HAM_0004851
0,0.310903400182724,1,ham10000,ISIC_0028774,bkl,HAM_0004852
1,0.878414511680603,1,ham10000,ISIC_0030333,mel,HAM_0004853
0,0.2240760624408722,1,ham10000,ISIC_0033078,nv,HAM_0004854
0,0.17660051584243774,1,ham10000,ISIC_0026642,nv,HAM_0004855
0,0.43628767132759094,1,ham10000,ISIC_0026299,nv,HAM_0004856
0,0.1538320630788803,1,ham10000,ISIC_0029038,nv,HAM_0004857
0,0.2610298693180084,1,ham10000,ISIC_0032239,nv,HAM_0004858
1,0.10006215423345566,0,ham10000,ISIC_0033653,mel,HAM_0004859
0,0.18394775688648224,1,ham10000,ISIC_0031732,nv,HAM_0004860
0,0.12710420787334442,0,ham10000,ISIC_0031153,nv,HAM_0004861
0,0.13934896886348724,0,ham10000,ISIC_0032057,vasc,HAM_0004862
0,0.3172931671142578,1,ham10000,ISIC_0024945,nv,HAM_0004863
0,0.7985985279083252,1,ham10000,ISIC_0024682,nv,HAM_0004864
0,0.04294354468584061,0,ham10000,ISIC_0028157,nv,HAM_0004865
0,0.21642641723155975,1,ham10000,ISIC_0032184,nv,HAM_0004866
0,0.34227386116981506,1,ham10000,ISIC_0031538,nv,HAM_0004868
0,0.17825372517108917,1,ham10000,ISIC_0025370,nv,HAM_0004869
0,0.4139968156814575,1,ham10000,ISIC_0024751,nv,HAM_0004870
1,0.6388522386550903,1,ham10000,ISIC_0030261,bcc,HAM_0004871
0,0.1670369654893875,1,ham10000,ISIC_0033202,nv,HAM_0004872
1,0.7262614369392395,1,ham10000,ISIC_0029020,bcc,HAM_0004873
0,0.20815838873386383,1,ham10000,ISIC_0032160,nv,HAM_0004874
0,0.28456270694732666,1,ham10000,ISIC_0028268,nv,HAM_0004875
0,0.4149656593799591,1,ham10000,ISIC_0029356,nv,HAM_0004876
0,0.7889999747276306,1,ham10000,ISIC_0027159,vasc,HAM_0004877
1,0.08449506014585495,0,ham10000,ISIC_0026802,mel,HAM_0004878
0,0.3076784908771515,1,ham10000,ISIC_0032419,nv,HAM_0004879
1,0.5093777775764465,1,ham10000,ISIC_0028583,bcc,HAM_0004880
1,0.7343096733093262,1,ham10000,ISIC_0032913,mel,HAM_0004881
0,0.09032010287046432,0,ham10000,ISIC_0033357,nv,HAM_0004882
0,0.7967051267623901,1,ham10000,ISIC_0030436,bkl,HAM_0004883
0,0.13895174860954285,0,ham10000,ISIC_0025937,bkl,HAM_0004884
0,0.03483963757753372,0,ham10000,ISIC_0030570,nv,HAM_0004885
0,0.11589789390563965,0,ham10000,ISIC_0027112,nv,HAM_0004886
0,0.10663186758756638,0,ham10000,ISIC_0024717,nv,HAM_0004887
1,0.2306876927614212,1,ham10000,ISIC_0030107,mel,HAM_0004888
0,0.5294284224510193,1,ham10000,ISIC_0026714,bkl,HAM_0004889
0,0.32706335186958313,1,ham10000,ISIC_0028054,nv,HAM_0004890
0,0.16800272464752197,1,ham10000,ISIC_0027943,nv,HAM_0004891
0,0.2619794011116028,1,ham10000,ISIC_0025228,nv,HAM_0004892
0,0.32194626331329346,1,ham10000,ISIC_0031906,nv,HAM_0004893
0,0.32759416103363037,1,ham10000,ISIC_0030643,nv,HAM_0004894
0,0.018553802743554115,0,ham10000,ISIC_0024753,nv,HAM_0004895
0,0.10355965793132782,0,ham10000,ISIC_0025369,nv,HAM_0004896
0,0.13126155734062195,0,ham10000,ISIC_0024352,nv,HAM_0004897
1,0.01681765913963318,0,ham10000,ISIC_0024932,mel,HAM_0004898
1,0.5887981057167053,1,ham10000,ISIC_0027930,akiec,HAM_0004899
0,0.10663002729415894,0,ham10000,ISIC_0027860,nv,HAM_0004900
0,0.20838360488414764,1,ham10000,ISIC_0025361,nv,HAM_0004901
0,0.28958815336227417,1,ham10000,ISIC_0030823,nv,HAM_0004902
0,0.2619018256664276,1,ham10000,ISIC_0025604,nv,HAM_0004903
0,0.40025612711906433,1,ham10000,ISIC_0032381,nv,HAM_0004904
0,0.16717290878295898,1,ham10000,ISIC_0027162,bkl,HAM_0004905
0,0.21533291041851044,1,ham10000,ISIC_0028522,nv,HAM_0004906
0,0.16819323599338531,1,ham10000,ISIC_0026001,nv,HAM_0004907
0,0.4372323453426361,1,ham10000,ISIC_0028710,bkl,HAM_0004908
0,0.1604875773191452,1,ham10000,ISIC_0025118,nv,HAM_0004909
1,0.3299742043018341,1,ham10000,ISIC_0026115,mel,HAM_0004910
0,0.18235406279563904,1,ham10000,ISIC_0030860,nv,HAM_0004911
0,0.20104315876960754,1,ham10000,ISIC_0025753,bkl,HAM_0004912
0,0.4718135893344879,1,ham10000,ISIC_0025770,nv,HAM_0004913
1,0.2203177660703659,1,ham10000,ISIC_0034062,mel,HAM_0004914
0,0.07761478424072266,0,ham10000,ISIC_0025272,nv,HAM_0004915
0,0.1195690929889679,0,ham10000,ISIC_0026010,nv,HAM_0004916
0,0.322161465883255,1,ham10000,ISIC_0026301,bkl,HAM_0004917
0,0.19753025472164154,1,ham10000,ISIC_0026317,nv,HAM_0004918
0,0.25331297516822815,1,ham10000,ISIC_0025226,nv,HAM_0004919
0,0.1404781937599182,1,ham10000,ISIC_0030983,nv,HAM_0004920
0,0.4104955792427063,1,ham10000,ISIC_0025389,bkl,HAM_0004921
0,0.5225234627723694,1,ham10000,ISIC_0027108,nv,HAM_0004922
0,0.2841222286224365,1,ham10000,ISIC_0030444,nv,HAM_0004923
0,0.23224136233329773,1,ham10000,ISIC_0027040,nv,HAM_0004924
0,0.10058820247650146,0,ham10000,ISIC_0024873,nv,HAM_0004925
0,0.1504134237766266,1,ham10000,ISIC_0024785,nv,HAM_0004926
1,0.7945259213447571,1,ham10000,ISIC_0032921,mel,HAM_0004927
0,0.2651934027671814,1,ham10000,ISIC_0029770,bkl,HAM_0004928
0,0.028736848384141922,0,ham10000,ISIC_0029044,nv,HAM_0004929
0,0.07543554902076721,0,ham10000,ISIC_0026428,nv,HAM_0004931
0,0.027316782623529434,0,ham10000,ISIC_0032212,nv,HAM_0004932
0,0.2439255714416504,1,ham10000,ISIC_0025558,nv,HAM_0004933
0,0.13578422367572784,0,ham10000,ISIC_0030629,nv,HAM_0004935
1,0.5728867053985596,1,ham10000,ISIC_0025573,mel,HAM_0004936
1,0.7943416833877563,1,ham10000,ISIC_0026988,bcc,HAM_0004937
0,0.1587422490119934,1,ham10000,ISIC_0027214,nv,HAM_0004938
0,0.3746752142906189,1,ham10000,ISIC_0026521,nv,HAM_0004939
1,0.4290831387042999,1,ham10000,ISIC_0026970,bcc,HAM_0004940
0,0.1236196979880333,0,ham10000,ISIC_0027121,nv,HAM_0004941
0,0.35020139813423157,1,ham10000,ISIC_0028202,nv,HAM_0004942
0,0.6750186085700989,1,ham10000,ISIC_0027790,vasc,HAM_0004943
0,0.24823126196861267,1,ham10000,ISIC_0030559,nv,HAM_0004944
0,0.4061850309371948,1,ham10000,ISIC_0029358,bkl,HAM_0004945
0,0.13389946520328522,0,ham10000,ISIC_0030425,nv,HAM_0004946
0,0.46437451243400574,1,ham10000,ISIC_0024711,bkl,HAM_0004947
0,0.07298693060874939,0,ham10000,ISIC_0025736,nv,HAM_0004948
1,0.25948578119277954,1,ham10000,ISIC_0032981,mel,HAM_0004949
0,0.30444973707199097,1,ham10000,ISIC_0031878,nv,HAM_0004950
0,0.3056042790412903,1,ham10000,ISIC_0026339,nv,HAM_0004951
0,0.19793204963207245,1,ham10000,ISIC_0028111,nv,HAM_0004952
0,0.1678720861673355,1,ham10000,ISIC_0030156,nv,HAM_0004954
0,0.23154792189598083,1,ham10000,ISIC_0027128,nv,HAM_0004955
0,0.5257300734519958,1,ham10000,ISIC_0030810,nv,HAM_0004956
0,0.40093711018562317,1,ham10000,ISIC_0027652,bkl,HAM_0004958
0,0.10713417083024979,0,ham10000,ISIC_0028262,nv,HAM_0004959
0,0.4049462676048279,1,ham10000,ISIC_0027876,df,HAM_0004960
0,0.3514193594455719,1,ham10000,ISIC_0025705,nv,HAM_0004961
0,0.5747895836830139,1,ham10000,ISIC_0032563,nv,HAM_0004963
0,0.3159036636352539,1,ham10000,ISIC_0028062,nv,HAM_0004964
0,0.047416042536497116,0,ham10000,ISIC_0025287,nv,HAM_0004965
0,0.2238343060016632,1,ham10000,ISIC_0029508,nv,HAM_0004966
1,0.3376765549182892,1,ham10000,ISIC_0028815,bcc,HAM_0004967
0,0.1378823071718216,0,ham10000,ISIC_0025521,nv,HAM_0004969
1,0.6587371826171875,1,ham10000,ISIC_0026593,bcc,HAM_0004970
0,0.3358980417251587,1,ham10000,ISIC_0028836,nv,HAM_0004971
0,0.1686207503080368,1,ham10000,ISIC_0026997,nv,HAM_0004972
0,0.10872247815132141,0,ham10000,ISIC_0025872,nv,HAM_0004973
0,0.1320202499628067,0,ham10000,ISIC_0028959,nv,HAM_0004974
0,0.5402733087539673,1,ham10000,ISIC_0032863,bkl,HAM_0004975
1,0.23303553462028503,1,ham10000,ISIC_0028499,akiec,HAM_0004976
0,0.18714094161987305,1,ham10000,ISIC_0028740,nv,HAM_0004977
0,0.09467120468616486,0,ham10000,ISIC_0032101,nv,HAM_0004978
1,0.15834274888038635,1,ham10000,ISIC_0026596,mel,HAM_0004979
1,0.7000598907470703,1,ham10000,ISIC_0027693,mel,HAM_0004980
0,0.21132171154022217,1,ham10000,ISIC_0030493,nv,HAM_0004981
0,0.30093899369239807,1,ham10000,ISIC_0025192,nv,HAM_0004982
0,0.03239255025982857,0,ham10000,ISIC_0030291,nv,HAM_0004983
1,0.9248068928718567,1,ham10000,ISIC_0032879,mel,HAM_0004984
0,0.6522688269615173,1,ham10000,ISIC_0024518,nv,HAM_0004985
0,0.1941276490688324,1,ham10000,ISIC_0025598,nv,HAM_0004986
0,0.14200076460838318,1,ham10000,ISIC_0027132,nv,HAM_0004987
0,0.7072415351867676,1,ham10000,ISIC_0025659,bkl,HAM_0004988
0,0.3368159830570221,1,ham10000,ISIC_0028669,nv,HAM_0004989
0,0.10913006216287613,0,ham10000,ISIC_0028433,nv,HAM_0004990
0,0.23431146144866943,1,ham10000,ISIC_0028809,nv,HAM_0004991
1,0.126561239361763,0,ham10000,ISIC_0026132,akiec,HAM_0004992
0,0.17725622653961182,1,ham10000,ISIC_0031736,nv,HAM_0004993
0,0.0978885143995285,0,ham10000,ISIC_0028839,nv,HAM_0004994
0,0.21463029086589813,1,ham10000,ISIC_0029869,nv,HAM_0004995
0,0.06989013403654099,0,ham10000,ISIC_0028909,nv,HAM_0004996
0,0.6889877319335938,1,ham10000,ISIC_0027305,nv,HAM_0004997
1,0.07609809190034866,0,ham10000,ISIC_0033304,mel,HAM_0004998
0,0.15840326249599457,1,ham10000,ISIC_0027690,nv,HAM_0004999
0,0.09314130991697311,0,ham10000,ISIC_0031312,nv,HAM_0005000
0,0.10237440466880798,0,ham10000,ISIC_0031438,nv,HAM_0005001
0,0.20272678136825562,1,ham10000,ISIC_0031869,nv,HAM_0005002
0,0.19496150314807892,1,ham10000,ISIC_0026689,nv,HAM_0005003
0,0.2009912133216858,1,ham10000,ISIC_0028708,nv,HAM_0005004
0,0.14305144548416138,1,ham10000,ISIC_0031920,nv,HAM_0005005
1,0.5686843395233154,1,ham10000,ISIC_0031146,mel,HAM_0005006
0,0.6402942538261414,1,ham10000,ISIC_0024668,nv,HAM_0005007
0,0.2697528898715973,1,ham10000,ISIC_0026580,nv,HAM_0005008
0,0.4935470521450043,1,ham10000,ISIC_0027569,nv,HAM_0005009
1,0.05140189826488495,0,ham10000,ISIC_0033180,mel,HAM_0005010
0,0.06516455113887787,0,ham10000,ISIC_0026393,vasc,HAM_0005011
0,0.07515126466751099,0,ham10000,ISIC_0031251,nv,HAM_0005012
0,0.6436910629272461,1,ham10000,ISIC_0030448,nv,HAM_0005013
0,0.47331953048706055,1,ham10000,ISIC_0030504,nv,HAM_0005014
0,0.21094080805778503,1,ham10000,ISIC_0026355,nv,HAM_0005015
0,0.1597272902727127,1,ham10000,ISIC_0027045,nv,HAM_0005016
0,0.6775698065757751,1,ham10000,ISIC_0025310,nv,HAM_0005017
0,0.05864333361387253,0,ham10000,ISIC_0026440,nv,HAM_0005018
0,0.4573115110397339,1,ham10000,ISIC_0029097,nv,HAM_0005019
1,0.1970159411430359,1,ham10000,ISIC_0026626,akiec,HAM_0005020
1,0.27686214447021484,1,ham10000,ISIC_0033454,mel,HAM_0005021
0,0.2139512002468109,1,ham10000,ISIC_0027367,bkl,HAM_0005022
0,0.127126082777977,0,ham10000,ISIC_0031805,nv,HAM_0005023
1,0.36375781893730164,1,ham10000,ISIC_0025803,akiec,HAM_0005024
0,0.12192583829164505,0,ham10000,ISIC_0032261,nv,HAM_0005025
1,0.799303412437439,1,ham10000,ISIC_0028728,bcc,HAM_0005026
1,0.5534529685974121,1,ham10000,ISIC_0026138,akiec,HAM_0005027
0,0.2648873031139374,1,ham10000,ISIC_0031190,nv,HAM_0005028
0,0.05929107964038849,0,ham10000,ISIC_0031514,nv,HAM_0005029
1,0.5250760316848755,1,ham10000,ISIC_0028303,bcc,HAM_0005030
0,0.24484851956367493,1,ham10000,ISIC_0025109,nv,HAM_0005031
0,0.3288417458534241,1,ham10000,ISIC_0027376,nv,HAM_0005032
0,0.1974903643131256,1,ham10000,ISIC_0032224,nv,HAM_0005033
0,0.058093778789043427,0,ham10000,ISIC_0027024,nv,HAM_0005034
0,0.28871166706085205,1,ham10000,ISIC_0025536,nv,HAM_0005035
0,0.3059989809989929,1,ham10000,ISIC_0025815,nv,HAM_0005036
0,0.10945390909910202,0,ham10000,ISIC_0028108,nv,HAM_0005037
0,0.26855406165122986,1,ham10000,ISIC_0026914,nv,HAM_0005038
0,0.40336260199546814,1,ham10000,ISIC_0024320,nv,HAM_0005039
1,0.24440670013427734,1,ham10000,ISIC_0033302,mel,HAM_0005040
0,0.18409393727779388,1,ham10000,ISIC_0028019,nv,HAM_0005041
0,0.11367330700159073,0,ham10000,ISIC_0026220,nv,HAM_0005042
0,0.06083907186985016,0,ham10000,ISIC_0025004,nv,HAM_0005043
0,0.049215152859687805,0,ham10000,ISIC_0032169,nv,HAM_0005044
0,0.154158815741539,1,ham10000,ISIC_0030701,nv,HAM_0005045
0,0.16809143126010895,1,ham10000,ISIC_0029561,nv,HAM_0005046
0,0.49697089195251465,1,ham10000,ISIC_0029105,nv,HAM_0005047
0,0.11525677889585495,0,ham10000,ISIC_0029553,nv,HAM_0005048
0,0.252086877822876,1,ham10000,ISIC_0028201,bkl,HAM_0005049
0,0.18149961531162262,1,ham10000,ISIC_0025949,nv,HAM_0005050
0,0.1994088590145111,1,ham10000,ISIC_0031798,nv,HAM_0005051
0,0.07474619150161743,0,ham10000,ISIC_0033724,nv,HAM_0005052
0,0.3523105978965759,1,ham10000,ISIC_0024761,bkl,HAM_0005053
0,0.0354546420276165,0,ham10000,ISIC_0030676,nv,HAM_0005054
0,0.07505378127098083,0,ham10000,ISIC_0030903,nv,HAM_0005055
0,0.0380103774368763,0,ham10000,ISIC_0031094,nv,HAM_0005056
0,0.20054738223552704,1,ham10000,ISIC_0027711,nv,HAM_0005057
1,0.466562956571579,1,ham10000,ISIC_0025700,bcc,HAM_0005058
0,0.26679033041000366,1,ham10000,ISIC_0034027,nv,HAM_0005059
0,0.5561414361000061,1,ham10000,ISIC_0027852,nv,HAM_0005060
1,0.7913559675216675,1,ham10000,ISIC_0032466,mel,HAM_0005061
0,0.5984464287757874,1,ham10000,ISIC_0033211,nv,HAM_0005062
0,0.059097543358802795,0,ham10000,ISIC_0030419,nv,HAM_0005063
1,0.18588978052139282,1,ham10000,ISIC_0027144,mel,HAM_0005064
0,0.2366761416196823,1,ham10000,ISIC_0031256,nv,HAM_0005065
0,0.15734046697616577,1,ham10000,ISIC_0030787,nv,HAM_0005066
0,0.24581871926784515,1,ham10000,ISIC_0026261,nv,HAM_0005067
1,0.13704811036586761,0,ham10000,ISIC_0026156,bcc,HAM_0005068
0,0.1854642629623413,1,ham10000,ISIC_0028301,nv,HAM_0005069
0,0.16555896401405334,1,ham10000,ISIC_0030863,nv,HAM_0005070
0,0.2513663172721863,1,ham10000,ISIC_0029987,nv,HAM_0005071
0,0.20053835213184357,1,ham10000,ISIC_0031632,nv,HAM_0005072
0,0.1683615893125534,1,ham10000,ISIC_0029956,nv,HAM_0005073
0,0.1907808482646942,1,ham10000,ISIC_0028200,bkl,HAM_0005074
0,0.46551498770713806,1,ham10000,ISIC_0029060,bkl,HAM_0005075
0,0.13750040531158447,0,ham10000,ISIC_0024404,nv,HAM_0005076
0,0.5574749708175659,1,ham10000,ISIC_0028646,bkl,HAM_0005077
1,0.3868398368358612,1,ham10000,ISIC_0030784,mel,HAM_0005078
0,0.3182160258293152,1,ham10000,ISIC_0028420,nv,HAM_0005079
0,0.17031779885292053,1,ham10000,ISIC_0027951,nv,HAM_0005080
0,0.141475111246109,1,ham10000,ISIC_0029326,nv,HAM_0005081
0,0.06897705793380737,0,ham10000,ISIC_0025699,bkl,HAM_0005082
0,0.28464993834495544,1,ham10000,ISIC_0031482,nv,HAM_0005083
1,0.732085645198822,1,ham10000,ISIC_0027261,mel,HAM_0005084
0,0.24735385179519653,1,ham10000,ISIC_0029257,nv,HAM_0005085
0,0.038847703486680984,0,ham10000,ISIC_0030772,nv,HAM_0005086
0,0.07382349669933319,0,ham10000,ISIC_0024765,nv,HAM_0005087
0,0.22453299164772034,1,ham10000,ISIC_0031647,nv,HAM_0005088
0,0.2610391080379486,1,ham10000,ISIC_0025673,nv,HAM_0005089
0,0.3731295168399811,1,ham10000,ISIC_0029162,nv,HAM_0005090
0,0.4179062247276306,1,ham10000,ISIC_0027345,nv,HAM_0005091
0,0.5974177718162537,1,ham10000,ISIC_0030232,nv,HAM_0005092
0,0.27478379011154175,1,ham10000,ISIC_0030517,nv,HAM_0005093
0,0.17155064642429352,1,ham10000,ISIC_0027816,nv,HAM_0005094
1,0.3788895606994629,1,ham10000,ISIC_0030324,mel,HAM_0005095
0,0.14431336522102356,1,ham10000,ISIC_0029741,bkl,HAM_0005096
0,0.3054509460926056,1,ham10000,ISIC_0031018,nv,HAM_0005097
0,0.1140885278582573,0,ham10000,ISIC_0024728,nv,HAM_0005098
0,0.42853793501853943,1,ham10000,ISIC_0029648,nv,HAM_0005099
0,0.32598695158958435,1,ham10000,ISIC_0030274,nv,HAM_0005100
0,0.07757784426212311,0,ham10000,ISIC_0024643,bkl,HAM_0005101
0,0.3237147927284241,1,ham10000,ISIC_0028128,nv,HAM_0005102
0,0.2111419290304184,1,ham10000,ISIC_0025079,nv,HAM_0005103
0,0.21839600801467896,1,ham10000,ISIC_0030204,nv,HAM_0005104
0,0.1736917346715927,1,ham10000,ISIC_0027377,nv,HAM_0005105
0,0.6148369312286377,1,ham10000,ISIC_0032901,nv,HAM_0005106
0,0.06339633464813232,0,ham10000,ISIC_0026502,nv,HAM_0005107
0,0.5206663608551025,1,ham10000,ISIC_0026078,nv,HAM_0005108
0,0.05525756627321243,0,ham10000,ISIC_0025412,nv,HAM_0005110
0,0.14290684461593628,1,ham10000,ISIC_0030911,nv,HAM_0005111
0,0.1468369960784912,1,ham10000,ISIC_0024386,df,HAM_0005112
0,0.24841856956481934,1,ham10000,ISIC_0028516,nv,HAM_0005113
0,0.19819557666778564,1,ham10000,ISIC_0028038,nv,HAM_0005114
0,0.13092274963855743,0,ham10000,ISIC_0033008,nv,HAM_0005115
0,0.08060598373413086,0,ham10000,ISIC_0032953,nv,HAM_0005116
1,0.6695065498352051,1,ham10000,ISIC_0025712,akiec,HAM_0005117
0,0.10626349598169327,0,ham10000,ISIC_0025357,nv,HAM_0005118
0,0.17051707208156586,1,ham10000,ISIC_0029335,nv,HAM_0005119
0,0.11111198365688324,0,ham10000,ISIC_0027685,nv,HAM_0005120
1,0.24060235917568207,1,ham10000,ISIC_0029591,mel,HAM_0005121
0,0.664081335067749,1,ham10000,ISIC_0034265,nv,HAM_0005122
0,0.10361440479755402,0,ham10000,ISIC_0025877,nv,HAM_0005123
1,0.21943002939224243,1,ham10000,ISIC_0030150,mel,HAM_0005124
0,0.3555576801300049,1,ham10000,ISIC_0024726,bkl,HAM_0005125
0,0.145224928855896,1,ham10000,ISIC_0028822,bkl,HAM_0005126
0,0.26090529561042786,1,ham10000,ISIC_0026384,nv,HAM_0005127
0,0.1093139722943306,0,ham10000,ISIC_0025549,nv,HAM_0005128
0,0.06944040954113007,0,ham10000,ISIC_0027870,nv,HAM_0005129
0,0.0838380679488182,0,ham10000,ISIC_0032002,nv,HAM_0005130
0,0.46112531423568726,1,ham10000,ISIC_0034007,bkl,HAM_0005131
0,0.2804712653160095,1,ham10000,ISIC_0025209,bkl,HAM_0005132
0,0.061253391206264496,0,ham10000,ISIC_0028409,nv,HAM_0005133
0,0.2721444368362427,1,ham10000,ISIC_0029523,nv,HAM_0005134
0,0.10746050626039505,0,ham10000,ISIC_0032989,nv,HAM_0005135
0,0.1404457837343216,1,ham10000,ISIC_0024337,bkl,HAM_0005136
0,0.1497853547334671,1,ham10000,ISIC_0027207,nv,HAM_0005138
0,0.5512285828590393,1,ham10000,ISIC_0028260,nv,HAM_0005139
0,0.25631609559059143,1,ham10000,ISIC_0026662,nv,HAM_0005140
1,0.23817873001098633,1,ham10000,ISIC_0033217,mel,HAM_0005141
0,0.5006228685379028,1,ham10000,ISIC_0031701,nv,HAM_0005142
0,0.19360993802547455,1,ham10000,ISIC_0030303,nv,HAM_0005143
0,0.04256086423993111,0,ham10000,ISIC_0026130,nv,HAM_0005144
0,0.08265070617198944,0,ham10000,ISIC_0032255,nv,HAM_0005145
0,0.28537604212760925,1,ham10000,ISIC_0026526,bkl,HAM_0005146
0,0.4464281499385834,1,ham10000,ISIC_0029076,nv,HAM_0005147
0,0.3035523295402527,1,ham10000,ISIC_0026969,nv,HAM_0005148
0,0.0793587937951088,0,ham10000,ISIC_0028161,nv,HAM_0005150
0,0.2596762180328369,1,ham10000,ISIC_0030992,nv,HAM_0005151
0,0.1801646202802658,1,ham10000,ISIC_0030112,nv,HAM_0005152
0,0.5351613163948059,1,ham10000,ISIC_0030847,nv,HAM_0005153
0,0.5121444463729858,1,ham10000,ISIC_0024762,nv,HAM_0005154
0,0.16355128586292267,1,ham10000,ISIC_0025321,vasc,HAM_0005155
0,0.004220246337354183,0,ham10000,ISIC_0033330,nv,HAM_0005156
0,0.6525630354881287,1,ham10000,ISIC_0024880,bkl,HAM_0005157
0,0.5387734770774841,1,ham10000,ISIC_0031950,vasc,HAM_0005158
0,0.41628262400627136,1,ham10000,ISIC_0025352,nv,HAM_0005159
0,0.22028176486492157,1,ham10000,ISIC_0024935,nv,HAM_0005160
0,0.3585289418697357,1,ham10000,ISIC_0030472,nv,HAM_0005161
0,0.2304464876651764,1,ham10000,ISIC_0025568,nv,HAM_0005162
0,0.4384642541408539,1,ham10000,ISIC_0026888,nv,HAM_0005163
0,0.09211041033267975,0,ham10000,ISIC_0028837,nv,HAM_0005164
0,0.30957910418510437,1,ham10000,ISIC_0030108,nv,HAM_0005165
0,0.012239684350788593,0,ham10000,ISIC_0024815,nv,HAM_0005166
0,0.3084067404270172,1,ham10000,ISIC_0031780,nv,HAM_0005167
0,0.1333204209804535,0,ham10000,ISIC_0028277,nv,HAM_0005168
0,0.16691729426383972,1,ham10000,ISIC_0027557,nv,HAM_0005169
0,0.24621349573135376,1,ham10000,ISIC_0026253,nv,HAM_0005170
0,0.29960933327674866,1,ham10000,ISIC_0029380,nv,HAM_0005171
0,0.2606593668460846,1,ham10000,ISIC_0027156,nv,HAM_0005172
0,0.14094015955924988,1,ham10000,ISIC_0025400,nv,HAM_0005173
0,0.28162631392478943,1,ham10000,ISIC_0032276,nv,HAM_0005174
0,0.7074231505393982,1,ham10000,ISIC_0029479,nv,HAM_0005175
0,0.16153809428215027,1,ham10000,ISIC_0031117,nv,HAM_0005176
0,0.09814140945672989,0,ham10000,ISIC_0029423,nv,HAM_0005177
0,0.15050405263900757,1,ham10000,ISIC_0030285,nv,HAM_0005178
0,0.20272547006607056,1,ham10000,ISIC_0024957,nv,HAM_0005179
1,0.27093762159347534,1,ham10000,ISIC_0024454,bcc,HAM_0005180
0,0.04687533155083656,0,ham10000,ISIC_0027483,nv,HAM_0005181
0,0.09135556221008301,0,ham10000,ISIC_0031288,nv,HAM_0005182
0,0.26362162828445435,1,ham10000,ISIC_0029696,nv,HAM_0005183
1,0.6591775417327881,1,ham10000,ISIC_0029644,bcc,HAM_0005184
0,0.22263672947883606,1,ham10000,ISIC_0033412,nv,HAM_0005185
1,0.38616490364074707,1,ham10000,ISIC_0026993,mel,HAM_0005186
0,0.05817219242453575,0,ham10000,ISIC_0029385,nv,HAM_0005187
0,0.29363757371902466,1,ham10000,ISIC_0024824,nv,HAM_0005188
0,0.24754378199577332,1,ham10000,ISIC_0025762,nv,HAM_0005189
0,0.6651597619056702,1,ham10000,ISIC_0032700,nv,HAM_0005190
1,0.547256588935852,1,ham10000,ISIC_0031177,mel,HAM_0005191
0,0.15752092003822327,1,ham10000,ISIC_0031858,nv,HAM_0005192
0,0.25616493821144104,1,ham10000,ISIC_0026742,nv,HAM_0005193
0,0.3502117991447449,1,ham10000,ISIC_0032561,nv,HAM_0005194
0,0.11997011303901672,0,ham10000,ISIC_0025929,nv,HAM_0005195
0,0.16925455629825592,1,ham10000,ISIC_0030922,nv,HAM_0005197
0,0.764086902141571,1,ham10000,ISIC_0032920,nv,HAM_0005198
0,0.3477402329444885,1,ham10000,ISIC_0024982,bkl,HAM_0005199
0,0.35096991062164307,1,ham10000,ISIC_0032393,nv,HAM_0005200
0,0.19070051610469818,1,ham10000,ISIC_0028855,nv,HAM_0005201
0,0.32193729281425476,1,ham10000,ISIC_0028974,nv,HAM_0005202
1,0.28073394298553467,1,ham10000,ISIC_0027742,mel,HAM_0005203
0,0.46085166931152344,1,ham10000,ISIC_0024749,nv,HAM_0005204
0,0.2991481423377991,1,ham10000,ISIC_0027581,nv,HAM_0005205
0,0.5903137922286987,1,ham10000,ISIC_0032521,nv,HAM_0005206
0,0.24783526360988617,1,ham10000,ISIC_0028781,nv,HAM_0005208
0,0.10975725203752518,0,ham10000,ISIC_0032713,nv,HAM_0005209
0,0.16851459443569183,1,ham10000,ISIC_0025965,nv,HAM_0005210
0,0.1192178949713707,0,ham10000,ISIC_0030282,nv,HAM_0005211
0,0.0741802230477333,0,ham10000,ISIC_0033356,nv,HAM_0005213
0,0.15845030546188354,1,ham10000,ISIC_0031114,nv,HAM_0005214
0,0.10082749277353287,0,ham10000,ISIC_0028406,vasc,HAM_0005215
0,0.11016968637704849,0,ham10000,ISIC_0032161,nv,HAM_0005216
0,0.0553751178085804,0,ham10000,ISIC_0025057,nv,HAM_0005217
0,0.10037178546190262,0,ham10000,ISIC_0028939,nv,HAM_0005218
0,0.025001687929034233,0,ham10000,ISIC_0027935,nv,HAM_0005219
0,0.22857511043548584,1,ham10000,ISIC_0025479,nv,HAM_0005220
0,0.17520001530647278,1,ham10000,ISIC_0029019,nv,HAM_0005221
0,0.13011638820171356,0,ham10000,ISIC_0026636,nv,HAM_0005222
0,0.12155798822641373,0,ham10000,ISIC_0029536,nv,HAM_0005223
0,0.5543314814567566,1,ham10000,ISIC_0026929,nv,HAM_0005224
0,0.23546621203422546,1,ham10000,ISIC_0031213,nv,HAM_0005225
0,0.22104047238826752,1,ham10000,ISIC_0029290,nv,HAM_0005226
0,0.09613911062479019,0,ham10000,ISIC_0027410,nv,HAM_0005227
1,0.31308111548423767,1,ham10000,ISIC_0026702,akiec,HAM_0005228
0,0.2080652415752411,1,ham10000,ISIC_0030003,nv,HAM_0005229
0,0.17204061150550842,1,ham10000,ISIC_0027127,nv,HAM_0005230
1,0.26912763714790344,1,ham10000,ISIC_0025247,akiec,HAM_0005231
0,0.2163769006729126,1,ham10000,ISIC_0025993,nv,HAM_0005232
0,0.3701222538948059,1,ham10000,ISIC_0026289,nv,HAM_0005233
0,0.1910463124513626,1,ham10000,ISIC_0027347,nv,HAM_0005234
0,0.22845275700092316,1,ham10000,ISIC_0029437,nv,HAM_0005235
0,0.27558034658432007,1,ham10000,ISIC_0026366,nv,HAM_0005236
0,0.10715514421463013,0,ham10000,ISIC_0027240,nv,HAM_0005237
0,0.29578837752342224,1,ham10000,ISIC_0030393,nv,HAM_0005238
0,0.18434599041938782,1,ham10000,ISIC_0028679,nv,HAM_0005239
0,0.4032489061355591,1,ham10000,ISIC_0030169,nv,HAM_0005240
0,0.07624104619026184,0,ham10000,ISIC_0029699,nv,HAM_0005241
0,0.4797612428665161,1,ham10000,ISIC_0027597,nv,HAM_0005242
1,0.6884996294975281,1,ham10000,ISIC_0024885,bcc,HAM_0005243
0,0.03718283027410507,0,ham10000,ISIC_0030473,nv,HAM_0005244
0,0.35990235209465027,1,ham10000,ISIC_0024375,vasc,HAM_0005245
0,0.11709292978048325,0,ham10000,ISIC_0030059,nv,HAM_0005246
0,0.23363319039344788,1,ham10000,ISIC_0024687,nv,HAM_0005247
0,0.13430561125278473,0,ham10000,ISIC_0032902,nv,HAM_0005248
1,0.06344131380319595,0,ham10000,ISIC_0032526,mel,HAM_0005249
0,0.12670353055000305,0,ham10000,ISIC_0029792,nv,HAM_0005250
1,0.6594375967979431,1,ham10000,ISIC_0026868,mel,HAM_0005251
0,0.15839964151382446,1,ham10000,ISIC_0028185,nv,HAM_0005252
0,0.1650143265724182,1,ham10000,ISIC_0026715,nv,HAM_0005253
0,0.010708043351769447,0,ham10000,ISIC_0026820,nv,HAM_0005254
1,0.3035982549190521,1,ham10000,ISIC_0025811,akiec,HAM_0005255
1,0.2678789794445038,1,ham10000,ISIC_0033728,mel,HAM_0005256
0,0.2082970291376114,1,ham10000,ISIC_0033751,nv,HAM_0005257
0,0.6138966679573059,1,ham10000,ISIC_0033262,bkl,HAM_0005258
0,0.2792088985443115,1,ham10000,ISIC_0030174,nv,HAM_0005259
0,0.17494001984596252,1,ham10000,ISIC_0025485,bkl,HAM_0005260
0,0.27548807859420776,1,ham10000,ISIC_0027390,nv,HAM_0005261
0,0.10780349373817444,0,ham10000,ISIC_0030488,bkl,HAM_0005262
0,0.18786679208278656,1,ham10000,ISIC_0032889,nv,HAM_0005263
1,0.7895230054855347,1,ham10000,ISIC_0024946,akiec,HAM_0005264
0,0.06742285192012787,0,ham10000,ISIC_0032998,nv,HAM_0005265
0,0.5048376321792603,1,ham10000,ISIC_0027605,nv,HAM_0005266
0,0.19618983566761017,1,ham10000,ISIC_0026423,nv,HAM_0005267
1,0.8438048362731934,1,ham10000,ISIC_0027825,bcc,HAM_0005268
0,0.3742946684360504,1,ham10000,ISIC_0025649,nv,HAM_0005269
0,0.028990238904953003,0,ham10000,ISIC_0032270,vasc,HAM_0005270
0,0.14647018909454346,1,ham10000,ISIC_0025306,nv,HAM_0005271
0,0.2076469510793686,1,ham10000,ISIC_0028786,nv,HAM_0005272
0,0.10030296444892883,0,ham10000,ISIC_0025065,nv,HAM_0005273
1,0.01426688488572836,0,ham10000,ISIC_0032766,mel,HAM_0005274
0,0.5598297119140625,1,ham10000,ISIC_0028749,bkl,HAM_0005275
0,0.764401376247406,1,ham10000,ISIC_0027008,df,HAM_0005276
0,0.19498902559280396,1,ham10000,ISIC_0030750,nv,HAM_0005277
0,0.19881364703178406,1,ham10000,ISIC_0027826,bkl,HAM_0005278
0,0.1648673415184021,1,ham10000,ISIC_0030322,nv,HAM_0005279
1,0.5137557983398438,1,ham10000,ISIC_0033063,mel,HAM_0005280
0,0.30112171173095703,1,ham10000,ISIC_0028908,nv,HAM_0005281
1,0.697647213935852,1,ham10000,ISIC_0025178,akiec,HAM_0005282
0,0.20292441546916962,1,ham10000,ISIC_0030418,nv,HAM_0005283
0,0.7025442719459534,1,ham10000,ISIC_0027707,nv,HAM_0005284
0,0.15996715426445007,1,ham10000,ISIC_0025167,nv,HAM_0005285
0,0.12657791376113892,0,ham10000,ISIC_0025999,nv,HAM_0005286
0,0.4631733298301697,1,ham10000,ISIC_0026354,nv,HAM_0005288
0,0.06639713048934937,0,ham10000,ISIC_0026703,nv,HAM_0005290
0,0.21373724937438965,1,ham10000,ISIC_0026907,bkl,HAM_0005291
0,0.158613920211792,1,ham10000,ISIC_0030974,nv,HAM_0005292
0,0.06191370636224747,0,ham10000,ISIC_0025342,nv,HAM_0005293
0,0.19486920535564423,1,ham10000,ISIC_0027055,nv,HAM_0005294
0,0.3339443802833557,1,ham10000,ISIC_0024690,nv,HAM_0005295
0,0.2530195415019989,1,ham10000,ISIC_0029484,nv,HAM_0005296
0,0.11287446320056915,0,ham10000,ISIC_0029662,nv,HAM_0005298
0,0.22637905180454254,1,ham10000,ISIC_0032732,bkl,HAM_0005299
0,0.01854976825416088,0,ham10000,ISIC_0033625,nv,HAM_0005300
1,0.3594644069671631,1,ham10000,ISIC_0026362,akiec,HAM_0005301
1,0.36046236753463745,1,ham10000,ISIC_0031539,bcc,HAM_0005302
1,0.5424967408180237,1,ham10000,ISIC_0032522,mel,HAM_0005303
1,0.7358036041259766,1,ham10000,ISIC_0026056,bcc,HAM_0005304
0,0.22958318889141083,1,ham10000,ISIC_0028771,nv,HAM_0005305
0,0.11888498067855835,0,ham10000,ISIC_0027056,nv,HAM_0005306
0,0.09008330851793289,0,ham10000,ISIC_0027765,nv,HAM_0005307
0,0.046069126576185226,0,ham10000,ISIC_0032828,nv,HAM_0005308
1,0.3166971206665039,1,ham10000,ISIC_0026282,bcc,HAM_0005309
1,0.949079155921936,1,ham10000,ISIC_0027231,akiec,HAM_0005310
0,0.0732344537973404,0,ham10000,ISIC_0025556,nv,HAM_0005311
0,0.8529115915298462,1,ham10000,ISIC_0034033,nv,HAM_0005312
0,0.061667244881391525,0,ham10000,ISIC_0033335,nv,HAM_0005313
0,0.26861143112182617,1,ham10000,ISIC_0030693,nv,HAM_0005314
1,0.37593191862106323,1,ham10000,ISIC_0029319,mel,HAM_0005315
0,0.26344358921051025,1,ham10000,ISIC_0033139,nv,HAM_0005316
0,0.10336507856845856,0,ham10000,ISIC_0030415,nv,HAM_0005317
0,0.24070478975772858,1,ham10000,ISIC_0026347,nv,HAM_0005318
0,0.8789308071136475,1,ham10000,ISIC_0025133,nv,HAM_0005319
0,0.15383213758468628,1,ham10000,ISIC_0025356,nv,HAM_0005320
0,0.15937484800815582,1,ham10000,ISIC_0031816,nv,HAM_0005321
0,0.34241369366645813,1,ham10000,ISIC_0030068,nv,HAM_0005322
0,0.1284521073102951,0,ham10000,ISIC_0027456,nv,HAM_0005323
0,0.3257908523082733,1,ham10000,ISIC_0029931,bkl,HAM_0005324
0,0.26440903544425964,1,ham10000,ISIC_0024971,bkl,HAM_0005325
0,0.16327045857906342,1,ham10000,ISIC_0026145,nv,HAM_0005326
0,0.00952293910086155,0,ham10000,ISIC_0031703,nv,HAM_0005327
1,0.5257294774055481,1,ham10000,ISIC_0028969,mel,HAM_0005328
0,0.15657928586006165,1,ham10000,ISIC_0028686,nv,HAM_0005329
0,0.8760192394256592,1,ham10000,ISIC_0024553,df,HAM_0005330
0,0.8812466263771057,1,ham10000,ISIC_0032860,nv,HAM_0005331
0,0.1964247077703476,1,ham10000,ISIC_0027389,nv,HAM_0005332
0,0.26341354846954346,1,ham10000,ISIC_0032383,nv,HAM_0005333
1,0.5679459571838379,1,ham10000,ISIC_0031298,bcc,HAM_0005334
0,0.6728090047836304,1,ham10000,ISIC_0025627,bkl,HAM_0005335
1,0.21769295632839203,1,ham10000,ISIC_0033154,mel,HAM_0005336
0,0.699912965297699,1,ham10000,ISIC_0025098,nv,HAM_0005337
0,0.2503794729709625,1,ham10000,ISIC_0031577,bkl,HAM_0005338
0,0.5602968335151672,1,ham10000,ISIC_0025428,nv,HAM_0005339
0,0.08881191909313202,0,ham10000,ISIC_0031830,nv,HAM_0005340
0,0.23217029869556427,1,ham10000,ISIC_0031882,nv,HAM_0005341
0,0.043521322309970856,0,ham10000,ISIC_0028401,nv,HAM_0005342
0,0.08059168606996536,0,ham10000,ISIC_0027380,nv,HAM_0005343
0,0.2943151593208313,1,ham10000,ISIC_0029383,nv,HAM_0005344
0,0.06530318409204483,0,ham10000,ISIC_0028171,nv,HAM_0005346
0,0.002900319639593363,0,ham10000,ISIC_0025653,nv,HAM_0005347
0,0.17462648451328278,1,ham10000,ISIC_0029765,nv,HAM_0005348
0,0.054389312863349915,0,ham10000,ISIC_0027375,nv,HAM_0005349
0,0.25557243824005127,1,ham10000,ISIC_0032054,nv,HAM_0005350
0,0.1848571002483368,1,ham10000,ISIC_0032590,nv,HAM_0005351
1,0.13368640840053558,0,ham10000,ISIC_0027100,mel,HAM_0005352
0,0.019943108782172203,0,ham10000,ISIC_0032923,nv,HAM_0005353
1,0.21653971076011658,1,ham10000,ISIC_0026625,akiec,HAM_0005354
0,0.06374220550060272,0,ham10000,ISIC_0031731,nv,HAM_0005355
1,0.5831923484802246,1,ham10000,ISIC_0028854,akiec,HAM_0005356
0,0.06795919686555862,0,ham10000,ISIC_0029981,nv,HAM_0005357
0,0.16468055546283722,1,ham10000,ISIC_0026982,nv,HAM_0005358
0,0.5033696889877319,1,ham10000,ISIC_0030665,df,HAM_0005359
0,0.0808723196387291,0,ham10000,ISIC_0027264,nv,HAM_0005360
0,0.05035853385925293,0,ham10000,ISIC_0024374,nv,HAM_0005361
0,0.3297467529773712,1,ham10000,ISIC_0025622,df,HAM_0005362
0,0.16587354242801666,1,ham10000,ISIC_0032717,nv,HAM_0005363
0,0.03609473258256912,0,ham10000,ISIC_0032525,nv,HAM_0005364
0,0.023947034031152725,0,ham10000,ISIC_0025253,nv,HAM_0005365
0,0.28705087304115295,1,ham10000,ISIC_0026211,nv,HAM_0005366
0,0.12984642386436462,0,ham10000,ISIC_0029743,nv,HAM_0005367
1,0.6932598948478699,1,ham10000,ISIC_0032722,mel,HAM_0005368
0,0.19584782421588898,1,ham10000,ISIC_0026799,nv,HAM_0005369
0,0.3509787917137146,1,ham10000,ISIC_0025923,nv,HAM_0005370
1,0.09553506970405579,0,ham10000,ISIC_0027046,bcc,HAM_0005371
0,0.039642851799726486,0,ham10000,ISIC_0030476,nv,HAM_0005372
0,0.15014027059078217,1,ham10000,ISIC_0030718,nv,HAM_0005373
0,0.1105208769440651,0,ham10000,ISIC_0032871,nv,HAM_0005374
1,0.14453329145908356,1,ham10000,ISIC_0028814,bcc,HAM_0005375
0,0.3330788314342499,1,ham10000,ISIC_0025606,vasc,HAM_0005376
0,0.31194257736206055,1,ham10000,ISIC_0028936,nv,HAM_0005377
1,0.19306333363056183,1,ham10000,ISIC_0024787,bcc,HAM_0005379
0,0.19830971956253052,1,ham10000,ISIC_0027464,nv,HAM_0005380
1,0.025590425357222557,0,ham10000,ISIC_0025153,mel,HAM_0005381
1,0.2725447118282318,1,ham10000,ISIC_0026230,bcc,HAM_0005382
0,0.4894029200077057,1,ham10000,ISIC_0032683,nv,HAM_0005383
0,0.13836760818958282,0,ham10000,ISIC_0030072,nv,HAM_0005384
0,0.2788066267967224,1,ham10000,ISIC_0028754,nv,HAM_0005385
0,0.16255070269107819,1,ham10000,ISIC_0033505,bkl,HAM_0005386
0,0.23062048852443695,1,ham10000,ISIC_0026488,nv,HAM_0005387
0,0.4429573714733124,1,ham10000,ISIC_0027815,bkl,HAM_0005388
1,0.6877636909484863,1,ham10000,ISIC_0024372,akiec,HAM_0005389
0,0.08751103281974792,0,ham10000,ISIC_0024574,nv,HAM_0005390
0,0.1602691411972046,1,ham10000,ISIC_0030633,nv,HAM_0005391
1,0.118729367852211,0,ham10000,ISIC_0024436,bcc,HAM_0005392
0,0.3352878987789154,1,ham10000,ISIC_0025506,nv,HAM_0005393
0,0.19327861070632935,1,ham10000,ISIC_0026903,nv,HAM_0005394
0,0.009060682728886604,0,ham10000,ISIC_0027471,nv,HAM_0005395
1,0.8149663805961609,1,ham10000,ISIC_0032834,bcc,HAM_0005396
0,0.29301753640174866,1,ham10000,ISIC_0028105,nv,HAM_0005397
0,0.3106628954410553,1,ham10000,ISIC_0028374,nv,HAM_0005398
0,0.36669933795928955,1,ham10000,ISIC_0030474,nv,HAM_0005399
1,0.3552865982055664,1,ham10000,ISIC_0029363,mel,HAM_0005400
0,0.3011784255504608,1,ham10000,ISIC_0029998,nv,HAM_0005401
0,0.06919468939304352,0,ham10000,ISIC_0031695,nv,HAM_0005402
1,0.7795317769050598,1,ham10000,ISIC_0026086,mel,HAM_0005403
0,0.09581959992647171,0,ham10000,ISIC_0028094,bkl,HAM_0005404
0,0.742243230342865,1,ham10000,ISIC_0025164,nv,HAM_0005405
0,0.20401352643966675,1,ham10000,ISIC_0027807,nv,HAM_0005406
0,0.09589319676160812,0,ham10000,ISIC_0028090,nv,HAM_0005407
0,0.06900741159915924,0,ham10000,ISIC_0031613,nv,HAM_0005408
1,0.7395038604736328,1,ham10000,ISIC_0032531,mel,HAM_0005409
1,0.2553609013557434,1,ham10000,ISIC_0025433,bcc,HAM_0005410
0,0.38132503628730774,1,ham10000,ISIC_0026300,nv,HAM_0005411
0,0.358180969953537,1,ham10000,ISIC_0030548,nv,HAM_0005412
1,0.699343204498291,1,ham10000,ISIC_0028132,akiec,HAM_0005413
0,0.08921627700328827,0,ham10000,ISIC_0027054,nv,HAM_0005414
0,0.16708345711231232,1,ham10000,ISIC_0027154,bkl,HAM_0005415
0,0.27440351247787476,1,ham10000,ISIC_0029136,nv,HAM_0005416
1,0.6084893345832825,1,ham10000,ISIC_0024448,bcc,HAM_0005417
0,0.25633612275123596,1,ham10000,ISIC_0029957,nv,HAM_0005418
0,0.14917609095573425,1,ham10000,ISIC_0030524,nv,HAM_0005419
0,0.3336637020111084,1,ham10000,ISIC_0024740,bkl,HAM_0005420
0,0.47518807649612427,1,ham10000,ISIC_0028060,nv,HAM_0005421
0,0.3864782452583313,1,ham10000,ISIC_0030554,nv,HAM_0005422
0,0.18830664455890656,1,ham10000,ISIC_0025503,nv,HAM_0005423
0,0.09581217914819717,0,ham10000,ISIC_0025052,nv,HAM_0005424
1,0.45426803827285767,1,ham10000,ISIC_0029698,mel,HAM_0005425
0,0.16840115189552307,1,ham10000,ISIC_0028902,nv,HAM_0005426
0,0.2518484890460968,1,ham10000,ISIC_0028885,vasc,HAM_0005427
0,0.3038153648376465,1,ham10000,ISIC_0031654,nv,HAM_0005428
0,0.2935387194156647,1,ham10000,ISIC_0028261,nv,HAM_0005429
0,0.15537413954734802,1,ham10000,ISIC_0024990,nv,HAM_0005430
0,0.2632021903991699,1,ham10000,ISIC_0026413,nv,HAM_0005431
0,0.1299019604921341,0,ham10000,ISIC_0031902,nv,HAM_0005432
0,0.15361905097961426,1,ham10000,ISIC_0033298,nv,HAM_0005433
0,0.19870801270008087,1,ham10000,ISIC_0033457,nv,HAM_0005434
1,0.6785558462142944,1,ham10000,ISIC_0024666,bcc,HAM_0005435
0,0.160507470369339,1,ham10000,ISIC_0026658,nv,HAM_0005436
0,0.10492324829101562,0,ham10000,ISIC_0030029,nv,HAM_0005437
1,0.16882488131523132,1,ham10000,ISIC_0027708,akiec,HAM_0005438
0,0.17103765904903412,1,ham10000,ISIC_0033597,nv,HAM_0005439
0,0.20530998706817627,1,ham10000,ISIC_0027139,bkl,HAM_0005440
0,0.46973875164985657,1,ham10000,ISIC_0031804,nv,HAM_0005441
0,0.6993770599365234,1,ham10000,ISIC_0034057,bkl,HAM_0005442
0,0.0072812833823263645,0,ham10000,ISIC_0025758,bkl,HAM_0005443
0,0.39474746584892273,1,ham10000,ISIC_0025745,nv,HAM_0005444
0,0.15917029976844788,1,ham10000,ISIC_0027695,nv,HAM_0005445
0,0.18943575024604797,1,ham10000,ISIC_0031868,nv,HAM_0005446
0,0.13340984284877777,0,ham10000,ISIC_0026389,nv,HAM_0005447
1,0.21145904064178467,1,ham10000,ISIC_0024707,akiec,HAM_0005448
0,0.04925322160124779,0,ham10000,ISIC_0030102,nv,HAM_0005449
0,0.15384982526302338,1,ham10000,ISIC_0029286,nv,HAM_0005450
0,0.28505170345306396,1,ham10000,ISIC_0029643,nv,HAM_0005451
0,0.23568150401115417,1,ham10000,ISIC_0024722,nv,HAM_0005452
0,0.28223225474357605,1,ham10000,ISIC_0027022,nv,HAM_0005453
0,0.34822121262550354,1,ham10000,ISIC_0029184,nv,HAM_0005454
0,0.017880313098430634,0,ham10000,ISIC_0029416,nv,HAM_0005455
0,0.13655659556388855,0,ham10000,ISIC_0026960,nv,HAM_0005456
0,0.0651785358786583,0,ham10000,ISIC_0025039,nv,HAM_0005457
0,0.2977328598499298,1,ham10000,ISIC_0030584,nv,HAM_0005458
1,0.582258939743042,1,ham10000,ISIC_0029268,akiec,HAM_0005459
0,0.1574101448059082,1,ham10000,ISIC_0028199,nv,HAM_0005460
0,0.09654095768928528,0,ham10000,ISIC_0027699,nv,HAM_0005461
0,0.12633675336837769,0,ham10000,ISIC_0028025,nv,HAM_0005462
0,0.42862674593925476,1,ham10000,ISIC_0028411,bkl,HAM_0005463
0,0.029342645779252052,0,ham10000,ISIC_0031477,nv,HAM_0005464
0,0.3423883020877838,1,ham10000,ISIC_0026827,bkl,HAM_0005465
0,0.3304283916950226,1,ham10000,ISIC_0024721,nv,HAM_0005466
1,0.679984986782074,1,ham10000,ISIC_0024640,mel,HAM_0005467
0,0.2721045911312103,1,ham10000,ISIC_0029785,nv,HAM_0005468
1,0.7617060542106628,1,ham10000,ISIC_0026643,bcc,HAM_0005469
0,0.1038007140159607,0,ham10000,ISIC_0028286,nv,HAM_0005470
0,0.426035612821579,1,ham10000,ISIC_0028146,vasc,HAM_0005471
0,0.25534847378730774,1,ham10000,ISIC_0027173,nv,HAM_0005472
0,0.21667630970478058,1,ham10000,ISIC_0026050,nv,HAM_0005473
0,0.176242396235466,1,ham10000,ISIC_0031398,nv,HAM_0005474
0,0.18094252049922943,1,ham10000,ISIC_0025628,vasc,HAM_0005475
0,0.14635978639125824,1,ham10000,ISIC_0027165,nv,HAM_0005476
0,0.41590774059295654,1,ham10000,ISIC_0029552,nv,HAM_0005477
1,0.3578747808933258,1,ham10000,ISIC_0032741,bcc,HAM_0005478
0,0.11906068027019501,0,ham10000,ISIC_0028009,nv,HAM_0005479
1,0.14337341487407684,1,ham10000,ISIC_0025992,akiec,HAM_0005480
1,0.07007168978452682,0,ham10000,ISIC_0025955,mel,HAM_0005481
1,0.6761429905891418,1,ham10000,ISIC_0029546,bcc,HAM_0005482
1,0.10866709053516388,0,ham10000,ISIC_0032965,mel,HAM_0005483
0,0.31851091980934143,1,ham10000,ISIC_0032443,nv,HAM_0005484
0,0.24244324862957,1,ham10000,ISIC_0029635,nv,HAM_0005485
0,0.3156155049800873,1,ham10000,ISIC_0024565,nv,HAM_0005486
0,0.31791403889656067,1,ham10000,ISIC_0031486,nv,HAM_0005487
1,0.18247228860855103,1,ham10000,ISIC_0024931,bcc,HAM_0005488
0,0.18243253231048584,1,ham10000,ISIC_0033851,nv,HAM_0005489
1,0.7503056526184082,1,ham10000,ISIC_0033931,mel,HAM_0005490
0,0.18565897643566132,1,ham10000,ISIC_0032083,nv,HAM_0005491
0,0.49087122082710266,1,ham10000,ISIC_0032138,df,HAM_0005492
0,0.2150472104549408,1,ham10000,ISIC_0028535,nv,HAM_0005493
0,0.11347020417451859,0,ham10000,ISIC_0027161,nv,HAM_0005494
0,0.36508238315582275,1,ham10000,ISIC_0028775,nv,HAM_0005495
0,0.14179542660713196,1,ham10000,ISIC_0032772,nv,HAM_0005496
0,0.3046424686908722,1,ham10000,ISIC_0029506,nv,HAM_0005497
0,0.7662237286567688,1,ham10000,ISIC_0032335,bkl,HAM_0005498
0,0.24727055430412292,1,ham10000,ISIC_0025478,nv,HAM_0005499
1,0.4500839114189148,1,ham10000,ISIC_0033636,mel,HAM_0005500
1,0.7760668992996216,1,ham10000,ISIC_0025711,bcc,HAM_0005501
0,0.13212868571281433,0,ham10000,ISIC_0029605,nv,HAM_0005502
0,0.11333288252353668,0,ham10000,ISIC_0029692,nv,HAM_0005503
1,0.24340583384037018,1,ham10000,ISIC_0027480,mel,HAM_0005504
1,0.5086554884910583,1,ham10000,ISIC_0024450,akiec,HAM_0005505
0,0.20822255313396454,1,ham10000,ISIC_0032484,nv,HAM_0005506
0,0.16794317960739136,1,ham10000,ISIC_0029159,nv,HAM_0005507
0,0.05573367327451706,0,ham10000,ISIC_0032060,nv,HAM_0005508
1,0.3293188214302063,1,ham10000,ISIC_0026865,bcc,HAM_0005509
0,0.16869902610778809,1,ham10000,ISIC_0026406,nv,HAM_0005510
0,0.1803358644247055,1,ham10000,ISIC_0031807,nv,HAM_0005511
0,0.2776522934436798,1,ham10000,ISIC_0025194,nv,HAM_0005512
0,0.4292270243167877,1,ham10000,ISIC_0033214,nv,HAM_0005513
0,0.17755760252475739,1,ham10000,ISIC_0024453,bkl,HAM_0005514
0,0.05962127074599266,0,ham10000,ISIC_0031020,nv,HAM_0005515
0,0.42914122343063354,1,ham10000,ISIC_0028748,nv,HAM_0005516
0,0.2311156541109085,1,ham10000,ISIC_0028561,nv,HAM_0005517
0,0.5582631230354309,1,ham10000,ISIC_0032410,df,HAM_0005518
0,0.07444097846746445,0,ham10000,ISIC_0026215,nv,HAM_0005519
0,0.38044658303260803,1,ham10000,ISIC_0031255,nv,HAM_0005520
0,0.21935845911502838,1,ham10000,ISIC_0031963,nv,HAM_0005521
0,0.08289248496294022,0,ham10000,ISIC_0029368,nv,HAM_0005522
0,0.40524566173553467,1,ham10000,ISIC_0027087,nv,HAM_0005523
0,0.24101577699184418,1,ham10000,ISIC_0026162,nv,HAM_0005525
0,0.41707825660705566,1,ham10000,ISIC_0026563,nv,HAM_0005526
0,0.8080683946609497,1,ham10000,ISIC_0031819,bkl,HAM_0005527
0,0.09414579719305038,0,ham10000,ISIC_0028391,nv,HAM_0005528
0,0.5141211152076721,1,ham10000,ISIC_0025980,df,HAM_0005529
1,0.2502174377441406,1,ham10000,ISIC_0024360,bcc,HAM_0005530
0,0.20078647136688232,1,ham10000,ISIC_0024577,nv,HAM_0005531
1,0.6093111038208008,1,ham10000,ISIC_0030183,mel,HAM_0005532
1,0.18743069469928741,1,ham10000,ISIC_0027065,mel,HAM_0005533
0,0.477613240480423,1,ham10000,ISIC_0032075,nv,HAM_0005534
1,0.31880277395248413,1,ham10000,ISIC_0025391,mel,HAM_0005535
1,0.14491349458694458,1,ham10000,ISIC_0026798,bcc,HAM_0005536
0,0.18307901918888092,1,ham10000,ISIC_0024657,nv,HAM_0005537
0,0.3798750042915344,1,ham10000,ISIC_0028246,nv,HAM_0005538
0,0.06669823825359344,0,ham10000,ISIC_0033296,nv,HAM_0005539
1,0.49550145864486694,1,ham10000,ISIC_0024525,mel,HAM_0005540
0,0.11183491349220276,0,ham10000,ISIC_0025410,nv,HAM_0005541
0,0.2966122627258301,1,ham10000,ISIC_0024444,nv,HAM_0005543
0,0.44708558917045593,1,ham10000,ISIC_0027791,nv,HAM_0005544
1,0.6147041320800781,1,ham10000,ISIC_0033881,mel,HAM_0005545
0,0.3400649428367615,1,ham10000,ISIC_0029519,bkl,HAM_0005546
1,0.40575262904167175,1,ham10000,ISIC_0032439,bcc,HAM_0005547
0,0.40717655420303345,1,ham10000,ISIC_0027632,nv,HAM_0005548
0,0.21462522447109222,1,ham10000,ISIC_0028802,nv,HAM_0005549
0,0.37510544061660767,1,ham10000,ISIC_0030407,nv,HAM_0005550
1,0.07782004773616791,0,ham10000,ISIC_0029900,akiec,HAM_0005551
0,0.4532504677772522,1,ham10000,ISIC_0025723,nv,HAM_0005552
0,0.2903491258621216,1,ham10000,ISIC_0027521,nv,HAM_0005554
1,0.32641366124153137,1,ham10000,ISIC_0032079,mel,HAM_0005555
0,0.15803813934326172,1,ham10000,ISIC_0028383,nv,HAM_0005556
1,0.78713458776474,1,ham10000,ISIC_0028215,mel,HAM_0005557
0,0.16127997636795044,1,ham10000,ISIC_0029802,bkl,HAM_0005558
1,0.2392793893814087,1,ham10000,ISIC_0032174,bcc,HAM_0005559
0,0.21038223803043365,1,ham10000,ISIC_0027269,vasc,HAM_0005560
0,0.06219559907913208,0,ham10000,ISIC_0028961,nv,HAM_0005561
0,0.18426188826560974,1,ham10000,ISIC_0025901,nv,HAM_0005562
0,0.15210212767124176,1,ham10000,ISIC_0029784,nv,HAM_0005563
0,0.17789436876773834,1,ham10000,ISIC_0026320,nv,HAM_0005564
0,0.29507097601890564,1,ham10000,ISIC_0027384,nv,HAM_0005565
0,0.7095834016799927,1,ham10000,ISIC_0032608,nv,HAM_0005566
0,0.15193511545658112,1,ham10000,ISIC_0028485,nv,HAM_0005567
0,0.07767178118228912,0,ham10000,ISIC_0032047,nv,HAM_0005568
0,0.4551112949848175,1,ham10000,ISIC_0027932,nv,HAM_0005569
0,0.19830642640590668,1,ham10000,ISIC_0032440,nv,HAM_0005570
0,0.3059045374393463,1,ham10000,ISIC_0032803,nv,HAM_0005571
0,0.5801699757575989,1,ham10000,ISIC_0033382,nv,HAM_0005573
0,0.4670086205005646,1,ham10000,ISIC_0027823,nv,HAM_0005574
1,0.29444220662117004,1,ham10000,ISIC_0029805,bcc,HAM_0005575
0,0.28260594606399536,1,ham10000,ISIC_0026479,nv,HAM_0005576
0,0.19350455701351166,1,ham10000,ISIC_0028320,nv,HAM_0005577
0,0.1788020133972168,1,ham10000,ISIC_0032496,nv,HAM_0005578
1,0.25280365347862244,1,ham10000,ISIC_0028393,akiec,HAM_0005579
0,0.22333268821239471,1,ham10000,ISIC_0029235,bkl,HAM_0005580
1,0.030122747644782066,0,ham10000,ISIC_0033337,mel,HAM_0005581
0,0.12054850906133652,0,ham10000,ISIC_0030433,nv,HAM_0005582
0,0.3538956046104431,1,ham10000,ISIC_0025574,nv,HAM_0005583
0,0.7755312919616699,1,ham10000,ISIC_0032613,df,HAM_0005584
1,0.08683709055185318,0,ham10000,ISIC_0025826,bcc,HAM_0005585
0,0.20233620703220367,1,ham10000,ISIC_0024415,nv,HAM_0005586
1,0.376097172498703,1,ham10000,ISIC_0025219,mel,HAM_0005588
0,0.07726766914129257,0,ham10000,ISIC_0026224,nv,HAM_0005589
0,0.5781899690628052,1,ham10000,ISIC_0024458,nv,HAM_0005590
0,0.4762451648712158,1,ham10000,ISIC_0025746,bkl,HAM_0005591
0,0.08677621185779572,0,ham10000,ISIC_0026077,nv,HAM_0005592
0,0.05699240416288376,0,ham10000,ISIC_0029658,nv,HAM_0005593
0,0.39931720495224,1,ham10000,ISIC_0033703,nv,HAM_0005594
0,0.12268759310245514,0,ham10000,ISIC_0029180,nv,HAM_0005595
0,0.22368666529655457,1,ham10000,ISIC_0027706,bkl,HAM_0005596
0,0.2352411150932312,1,ham10000,ISIC_0025528,nv,HAM_0005597
0,0.10478612780570984,0,ham10000,ISIC_0029023,nv,HAM_0005598
1,0.45762667059898376,1,ham10000,ISIC_0030511,bcc,HAM_0005599
1,0.6313198208808899,1,ham10000,ISIC_0025520,mel,HAM_0005600
0,0.126394584774971,0,ham10000,ISIC_0032670,nv,HAM_0005601
0,0.07067357003688812,0,ham10000,ISIC_0027532,nv,HAM_0005602
0,0.2190195918083191,1,ham10000,ISIC_0024464,nv,HAM_0005604
0,0.8315889835357666,1,ham10000,ISIC_0024361,nv,HAM_0005605
0,0.7186452746391296,1,ham10000,ISIC_0025928,bkl,HAM_0005606
1,0.8336168527603149,1,ham10000,ISIC_0032685,mel,HAM_0005608
0,0.1884009689092636,1,ham10000,ISIC_0025847,nv,HAM_0005609
0,0.5838953256607056,1,ham10000,ISIC_0025312,bkl,HAM_0005610
0,0.0370420403778553,0,ham10000,ISIC_0025850,nv,HAM_0005611
0,0.10103297978639603,0,ham10000,ISIC_0024981,bkl,HAM_0005612
1,0.1573346108198166,1,ham10000,ISIC_0030564,mel,HAM_0005613
0,0.10381469130516052,0,ham10000,ISIC_0030397,nv,HAM_0005614
0,0.17400239408016205,1,ham10000,ISIC_0031067,nv,HAM_0005615
0,0.37540876865386963,1,ham10000,ISIC_0029107,bkl,HAM_0005616
1,0.8032718300819397,1,ham10000,ISIC_0024833,bcc,HAM_0005617
0,0.0986320972442627,0,ham10000,ISIC_0027280,nv,HAM_0005618
0,0.35445186495780945,1,ham10000,ISIC_0025415,nv,HAM_0005619
0,0.09106240421533585,0,ham10000,ISIC_0024963,nv,HAM_0005620
0,0.10025795549154282,0,ham10000,ISIC_0028861,nv,HAM_0005621
0,0.19331799447536469,1,ham10000,ISIC_0030213,nv,HAM_0005622
1,0.5472068190574646,1,ham10000,ISIC_0030616,mel,HAM_0005623
1,0.3359525501728058,1,ham10000,ISIC_0028565,mel,HAM_0005624
0,0.49146386981010437,1,ham10000,ISIC_0031623,nv,HAM_0005625
0,0.30875593423843384,1,ham10000,ISIC_0031619,bkl,HAM_0005626
1,0.15785980224609375,1,ham10000,ISIC_0033568,mel,HAM_0005627
1,0.6005072593688965,1,ham10000,ISIC_0032940,mel,HAM_0005628
0,0.11495015770196915,0,ham10000,ISIC_0029317,nv,HAM_0005629
0,0.18205314874649048,1,ham10000,ISIC_0025864,nv,HAM_0005630
0,0.38778674602508545,1,ham10000,ISIC_0024439,nv,HAM_0005631
0,0.12609970569610596,0,ham10000,ISIC_0025470,bkl,HAM_0005632
0,0.19011913239955902,1,ham10000,ISIC_0029218,nv,HAM_0005633
0,0.24288801848888397,1,ham10000,ISIC_0025944,nv,HAM_0005634
0,0.337816447019577,1,ham10000,ISIC_0024878,nv,HAM_0005635
1,0.7117504477500916,1,ham10000,ISIC_0032984,mel,HAM_0005636
0,0.4973122775554657,1,ham10000,ISIC_0028078,nv,HAM_0005637
0,0.2564087510108948,1,ham10000,ISIC_0030201,nv,HAM_0005638
0,0.13808144629001617,0,ham10000,ISIC_0030657,nv,HAM_0005639
1,0.3982337415218353,1,ham10000,ISIC_0030382,mel,HAM_0005640
0,0.11857952922582626,0,ham10000,ISIC_0032554,nv,HAM_0005641
1,0.2924615442752838,1,ham10000,ISIC_0027659,mel,HAM_0005642
0,0.16715723276138306,1,ham10000,ISIC_0032015,nv,HAM_0005643
0,0.46738576889038086,1,ham10000,ISIC_0027899,nv,HAM_0005644
0,0.29511040449142456,1,ham10000,ISIC_0030389,nv,HAM_0005645
0,0.2755837142467499,1,ham10000,ISIC_0029753,nv,HAM_0005646
0,0.2017233669757843,1,ham10000,ISIC_0027717,nv,HAM_0005647
1,0.4379000663757324,1,ham10000,ISIC_0027580,akiec,HAM_0005648
1,0.3435170352458954,1,ham10000,ISIC_0024522,akiec,HAM_0005650
0,0.26974406838417053,1,ham10000,ISIC_0028863,nv,HAM_0005651
0,0.1472594439983368,1,ham10000,ISIC_0027701,nv,HAM_0005653
0,0.0702362135052681,0,ham10000,ISIC_0032039,nv,HAM_0005654
0,0.3967837393283844,1,ham10000,ISIC_0029618,nv,HAM_0005655
0,0.0621773861348629,0,ham10000,ISIC_0026478,nv,HAM_0005656
1,0.6399241089820862,1,ham10000,ISIC_0024572,bcc,HAM_0005657
0,0.06680534034967422,0,ham10000,ISIC_0024996,nv,HAM_0005658
0,0.3178896903991699,1,ham10000,ISIC_0028896,nv,HAM_0005659
1,0.47551167011260986,1,ham10000,ISIC_0026574,bcc,HAM_0005660
0,0.28529173135757446,1,ham10000,ISIC_0025053,nv,HAM_0005661
0,0.5302832722663879,1,ham10000,ISIC_0026417,df,HAM_0005663
0,0.15082746744155884,1,ham10000,ISIC_0028016,nv,HAM_0005664
1,0.06062081828713417,0,ham10000,ISIC_0028973,bcc,HAM_0005665
0,0.05623297765851021,0,ham10000,ISIC_0025171,nv,HAM_0005666
0,0.5560583472251892,1,ham10000,ISIC_0032394,nv,HAM_0005667
1,0.26850399374961853,1,ham10000,ISIC_0028370,akiec,HAM_0005668
1,0.7708319425582886,1,ham10000,ISIC_0024949,bcc,HAM_0005669
0,0.09588923305273056,0,ham10000,ISIC_0028648,nv,HAM_0005670
0,0.32046374678611755,1,ham10000,ISIC_0029697,nv,HAM_0005671
0,0.2796091139316559,1,ham10000,ISIC_0028388,bkl,HAM_0005672
1,0.59450364112854,1,ham10000,ISIC_0033487,mel,HAM_0005673
0,0.2977382242679596,1,ham10000,ISIC_0031060,bkl,HAM_0005674
0,0.24063076078891754,1,ham10000,ISIC_0030814,nv,HAM_0005675
0,0.5560986399650574,1,ham10000,ISIC_0024357,nv,HAM_0005676
0,0.3588663339614868,1,ham10000,ISIC_0032399,nv,HAM_0005677
1,0.7618975043296814,1,ham10000,ISIC_0028086,mel,HAM_0005678
0,0.04743827134370804,0,ham10000,ISIC_0027177,nv,HAM_0005680
1,0.2292543202638626,1,ham10000,ISIC_0027234,mel,HAM_0005681
0,0.255140483379364,1,ham10000,ISIC_0028770,nv,HAM_0005682
0,0.3313206434249878,1,ham10000,ISIC_0025416,nv,HAM_0005683
0,0.7084873914718628,1,ham10000,ISIC_0027613,df,HAM_0005684
0,0.2064831256866455,1,ham10000,ISIC_0031490,nv,HAM_0005685
0,0.4775265157222748,1,ham10000,ISIC_0033112,nv,HAM_0005686
0,0.17539650201797485,1,ham10000,ISIC_0027880,nv,HAM_0005687
0,0.17272716760635376,1,ham10000,ISIC_0027186,nv,HAM_0005688
0,0.2774050235748291,1,ham10000,ISIC_0028066,nv,HAM_0005689
0,0.4400191605091095,1,ham10000,ISIC_0025487,nv,HAM_0005690
0,0.1892973631620407,1,ham10000,ISIC_0032457,nv,HAM_0005691
1,0.36430835723876953,1,ham10000,ISIC_0031931,mel,HAM_0005692
0,0.3169155716896057,1,ham10000,ISIC_0027781,bkl,HAM_0005693
0,0.3495158851146698,1,ham10000,ISIC_0030753,nv,HAM_0005694
0,0.07993389666080475,0,ham10000,ISIC_0030198,nv,HAM_0005695
0,0.04964585229754448,0,ham10000,ISIC_0025499,nv,HAM_0005696
1,0.6248837113380432,1,ham10000,ISIC_0027253,mel,HAM_0005697
0,0.13121214509010315,0,ham10000,ISIC_0028907,nv,HAM_0005698
0,0.24701698124408722,1,ham10000,ISIC_0028547,nv,HAM_0005699
0,0.19234660267829895,1,ham10000,ISIC_0031904,nv,HAM_0005700
1,0.6712788343429565,1,ham10000,ISIC_0025350,akiec,HAM_0005701
0,0.17854318022727966,1,ham10000,ISIC_0030381,nv,HAM_0005702
0,0.1551467925310135,1,ham10000,ISIC_0030519,nv,HAM_0005703
1,0.5535287261009216,1,ham10000,ISIC_0024654,akiec,HAM_0005705
0,0.12139783799648285,0,ham10000,ISIC_0027205,nv,HAM_0005706
0,0.08507563173770905,0,ham10000,ISIC_0029821,nv,HAM_0005707
0,0.35403138399124146,1,ham10000,ISIC_0029791,bkl,HAM_0005708
0,0.13569946587085724,0,ham10000,ISIC_0028569,nv,HAM_0005709
1,0.6319759488105774,1,ham10000,ISIC_0032638,mel,HAM_0005711
0,0.10784908384084702,0,ham10000,ISIC_0025101,nv,HAM_0005712
0,0.15835247933864594,1,ham10000,ISIC_0028714,vasc,HAM_0005713
0,0.19192378222942352,1,ham10000,ISIC_0026308,nv,HAM_0005714
0,0.7584471702575684,1,ham10000,ISIC_0032519,nv,HAM_0005715
0,0.09626585245132446,0,ham10000,ISIC_0031841,nv,HAM_0005716
0,0.11395315825939178,0,ham10000,ISIC_0032658,nv,HAM_0005717
1,0.6763164401054382,1,ham10000,ISIC_0029549,akiec,HAM_0005718
1,0.5070550441741943,1,ham10000,ISIC_0029453,mel,HAM_0005719
0,0.5863919258117676,1,ham10000,ISIC_0027714,nv,HAM_0005720
1,0.6497606635093689,1,ham10000,ISIC_0024550,bcc,HAM_0005721
0,0.2701653242111206,1,ham10000,ISIC_0028525,bkl,HAM_0005722
1,0.27363064885139465,1,ham10000,ISIC_0024805,mel,HAM_0005724
0,0.002336764009669423,0,ham10000,ISIC_0027634,nv,HAM_0005725
0,0.5810235142707825,1,ham10000,ISIC_0026898,nv,HAM_0005726
0,0.41026267409324646,1,ham10000,ISIC_0025781,bkl,HAM_0005728
0,0.533961832523346,1,ham10000,ISIC_0030113,nv,HAM_0005729
0,0.19678859412670135,1,ham10000,ISIC_0028923,nv,HAM_0005730
0,0.1368059664964676,0,ham10000,ISIC_0024920,nv,HAM_0005731
0,0.12573866546154022,0,ham10000,ISIC_0025741,nv,HAM_0005732
0,0.13492877781391144,0,ham10000,ISIC_0030434,nv,HAM_0005733
0,0.19629071652889252,1,ham10000,ISIC_0025048,nv,HAM_0005734
1,0.23960892856121063,1,ham10000,ISIC_0025543,mel,HAM_0005735
1,0.2275383025407791,1,ham10000,ISIC_0033885,mel,HAM_0005737
0,0.07725460827350616,0,ham10000,ISIC_0027683,nv,HAM_0005738
0,0.6910749673843384,1,ham10000,ISIC_0029763,nv,HAM_0005739
0,0.104993537068367,0,ham10000,ISIC_0033303,nv,HAM_0005740
0,0.056557510048151016,0,ham10000,ISIC_0027222,nv,HAM_0005741
1,0.23826861381530762,1,ham10000,ISIC_0027651,mel,HAM_0005742
0,0.19820605218410492,1,ham10000,ISIC_0025038,bkl,HAM_0005743
0,0.3360167443752289,1,ham10000,ISIC_0025880,nv,HAM_0005744
0,0.15005141496658325,1,ham10000,ISIC_0028447,nv,HAM_0005745
1,0.654491662979126,1,ham10000,ISIC_0030002,mel,HAM_0005746
1,0.18590834736824036,1,ham10000,ISIC_0027105,mel,HAM_0005747
1,0.0657338872551918,0,ham10000,ISIC_0032812,mel,HAM_0005748
0,0.5961577892303467,1,ham10000,ISIC_0032843,bkl,HAM_0005749
0,0.19303137063980103,1,ham10000,ISIC_0029733,nv,HAM_0005750
0,0.24423372745513916,1,ham10000,ISIC_0028386,bkl,HAM_0005751
1,0.4183316230773926,1,ham10000,ISIC_0028317,mel,HAM_0005752
0,0.28429391980171204,1,ham10000,ISIC_0028034,nv,HAM_0005753
0,0.16282334923744202,1,ham10000,ISIC_0029684,nv,HAM_0005754
0,0.07459281384944916,0,ham10000,ISIC_0024566,nv,HAM_0005755
0,0.1825307011604309,1,ham10000,ISIC_0030090,nv,HAM_0005756
1,0.4868108034133911,1,ham10000,ISIC_0026496,bcc,HAM_0005757
1,0.6387134194374084,1,ham10000,ISIC_0032586,mel,HAM_0005758
0,0.31879448890686035,1,ham10000,ISIC_0033263,nv,HAM_0005759
0,0.443387508392334,1,ham10000,ISIC_0032621,nv,HAM_0005760
0,0.16319666802883148,1,ham10000,ISIC_0029493,nv,HAM_0005761
0,0.5898805260658264,1,ham10000,ISIC_0025179,nv,HAM_0005762
0,0.2976483404636383,1,ham10000,ISIC_0030073,nv,HAM_0005764
0,0.3390461504459381,1,ham10000,ISIC_0028031,nv,HAM_0005765
1,0.4364016354084015,1,ham10000,ISIC_0031738,akiec,HAM_0005766
0,0.17234233021736145,1,ham10000,ISIC_0030975,nv,HAM_0005767
0,0.20993289351463318,1,ham10000,ISIC_0029330,nv,HAM_0005768
0,0.0749250128865242,0,ham10000,ISIC_0028472,nv,HAM_0005769
0,0.548902690410614,1,ham10000,ISIC_0026052,nv,HAM_0005770
0,0.10406903922557831,0,ham10000,ISIC_0030799,nv,HAM_0005771
0,0.25951677560806274,1,ham10000,ISIC_0031017,bkl,HAM_0005772
0,0.096729576587677,0,ham10000,ISIC_0031096,nv,HAM_0005773
0,0.17178113758563995,1,ham10000,ISIC_0031137,nv,HAM_0005774
0,0.5640299320220947,1,ham10000,ISIC_0027725,nv,HAM_0005775
1,0.6260784268379211,1,ham10000,ISIC_0028238,bcc,HAM_0005776
1,0.7025324702262878,1,ham10000,ISIC_0033325,mel,HAM_0005777
0,0.03880086913704872,0,ham10000,ISIC_0028001,nv,HAM_0005778
0,0.17985062301158905,1,ham10000,ISIC_0026790,bkl,HAM_0005779
0,0.0420181006193161,0,ham10000,ISIC_0024625,nv,HAM_0005780
0,0.20677819848060608,1,ham10000,ISIC_0024339,nv,HAM_0005781
0,0.07213533669710159,0,ham10000,ISIC_0026906,nv,HAM_0005782
1,0.2874235212802887,1,ham10000,ISIC_0029271,mel,HAM_0005783
0,0.2193504124879837,1,ham10000,ISIC_0030679,nv,HAM_0005784
1,0.07413627952337265,0,ham10000,ISIC_0026236,mel,HAM_0005785
0,0.35642755031585693,1,ham10000,ISIC_0026491,nv,HAM_0005786
0,0.08080795407295227,0,ham10000,ISIC_0027114,nv,HAM_0005787
0,0.22095541656017303,1,ham10000,ISIC_0031828,nv,HAM_0005788
1,0.29283931851387024,1,ham10000,ISIC_0028033,mel,HAM_0005789
0,0.21402423083782196,1,ham10000,ISIC_0024547,bkl,HAM_0005790
0,0.10104517638683319,0,ham10000,ISIC_0031966,nv,HAM_0005792
0,0.1939302682876587,1,ham10000,ISIC_0024629,nv,HAM_0005793
0,0.02634916827082634,0,ham10000,ISIC_0027574,nv,HAM_0005794
0,0.40455836057662964,1,ham10000,ISIC_0030296,nv,HAM_0005795
0,0.073346346616745,0,ham10000,ISIC_0030078,nv,HAM_0005796
0,0.21171215176582336,1,ham10000,ISIC_0027220,nv,HAM_0005797
1,0.6471118927001953,1,ham10000,ISIC_0031095,bcc,HAM_0005798
0,0.22081036865711212,1,ham10000,ISIC_0025827,nv,HAM_0005799
0,0.16564875841140747,1,ham10000,ISIC_0028864,nv,HAM_0005800
0,0.5356547832489014,1,ham10000,ISIC_0029413,bkl,HAM_0005801
0,0.1740611046552658,1,ham10000,ISIC_0031173,nv,HAM_0005802
0,0.27670079469680786,1,ham10000,ISIC_0028717,nv,HAM_0005803
1,0.4284842610359192,1,ham10000,ISIC_0024573,bcc,HAM_0005804
0,0.3874277174472809,1,ham10000,ISIC_0027505,nv,HAM_0005805
0,0.13344720005989075,0,ham10000,ISIC_0024980,nv,HAM_0005806
0,0.8475614190101624,1,ham10000,ISIC_0026508,nv,HAM_0005807
0,0.46814292669296265,1,ham10000,ISIC_0030496,nv,HAM_0005808
1,0.4720762372016907,1,ham10000,ISIC_0033368,mel,HAM_0005809
0,0.2847425043582916,1,ham10000,ISIC_0030469,nv,HAM_0005810
0,0.13748042285442352,0,ham10000,ISIC_0031250,nv,HAM_0005812
0,0.21140745282173157,1,ham10000,ISIC_0026051,nv,HAM_0005813
0,0.06370795518159866,0,ham10000,ISIC_0032701,nv,HAM_0005814
0,0.4352432191371918,1,ham10000,ISIC_0030327,nv,HAM_0005815
0,0.3555857241153717,1,ham10000,ISIC_0027257,nv,HAM_0005816
0,0.3216014504432678,1,ham10000,ISIC_0028384,nv,HAM_0005817
0,0.2746005356311798,1,ham10000,ISIC_0032427,nv,HAM_0005818
0,0.2867606580257416,1,ham10000,ISIC_0025111,nv,HAM_0005819
0,0.11648304015398026,0,ham10000,ISIC_0033265,nv,HAM_0005820
0,0.29453909397125244,1,ham10000,ISIC_0029054,nv,HAM_0005822
0,0.5741777420043945,1,ham10000,ISIC_0024872,nv,HAM_0005823
0,0.10207514464855194,0,ham10000,ISIC_0029873,nv,HAM_0005824
0,0.4914151430130005,1,ham10000,ISIC_0027304,nv,HAM_0005825
1,0.5742704272270203,1,ham10000,ISIC_0031077,mel,HAM_0005826
0,0.28201863169670105,1,ham10000,ISIC_0026119,nv,HAM_0005827
0,0.2176240086555481,1,ham10000,ISIC_0026554,nv,HAM_0005828
0,0.5456939935684204,1,ham10000,ISIC_0030091,nv,HAM_0005829
0,0.34270384907722473,1,ham10000,ISIC_0026418,nv,HAM_0005831
0,0.20209002494812012,1,ham10000,ISIC_0027286,nv,HAM_0005832
0,3.957981607527472e-05,0,ham10000,ISIC_0030431,nv,HAM_0005833
0,0.20713698863983154,1,ham10000,ISIC_0032249,bkl,HAM_0005834
1,0.5287337899208069,1,ham10000,ISIC_0025975,bcc,HAM_0005835
0,0.3727930188179016,1,ham10000,ISIC_0030153,nv,HAM_0005836
1,0.1301414668560028,0,ham10000,ISIC_0028653,bcc,HAM_0005837
0,0.25661733746528625,1,ham10000,ISIC_0030888,nv,HAM_0005838
0,0.17908860743045807,1,ham10000,ISIC_0027366,nv,HAM_0005839
0,0.08950535953044891,0,ham10000,ISIC_0028692,nv,HAM_0005840
0,0.3508983850479126,1,ham10000,ISIC_0027804,nv,HAM_0005841
1,0.6960775256156921,1,ham10000,ISIC_0027601,bcc,HAM_0005842
0,0.24616627395153046,1,ham10000,ISIC_0024820,nv,HAM_0005843
0,0.0894826352596283,0,ham10000,ISIC_0027918,nv,HAM_0005844
0,0.19235317409038544,1,ham10000,ISIC_0025851,bkl,HAM_0005845
1,0.6044886112213135,1,ham10000,ISIC_0024459,mel,HAM_0005846
0,0.34317347407341003,1,ham10000,ISIC_0033460,bkl,HAM_0005847
0,0.0635170042514801,0,ham10000,ISIC_0025517,nv,HAM_0005848
0,0.17323143780231476,1,ham10000,ISIC_0028647,nv,HAM_0005849
0,0.5656319260597229,1,ham10000,ISIC_0026708,nv,HAM_0005850
0,0.18611180782318115,1,ham10000,ISIC_0029804,nv,HAM_0005851
0,0.4395982027053833,1,ham10000,ISIC_0029569,nv,HAM_0005853
0,0.3993053436279297,1,ham10000,ISIC_0025926,nv,HAM_0005854
0,0.0615815706551075,0,ham10000,ISIC_0031727,nv,HAM_0005855
1,0.20587877929210663,1,ham10000,ISIC_0024984,bcc,HAM_0005856
0,0.16547176241874695,1,ham10000,ISIC_0030132,nv,HAM_0005857
0,0.04698048532009125,0,ham10000,ISIC_0028879,nv,HAM_0005858
0,0.11148315668106079,0,ham10000,ISIC_0025367,nv,HAM_0005859
0,0.2015424519777298,1,ham10000,ISIC_0024641,nv,HAM_0005860
0,0.6450199484825134,1,ham10000,ISIC_0028346,df,HAM_0005861
0,0.20400428771972656,1,ham10000,ISIC_0031376,bkl,HAM_0005862
0,0.3629063069820404,1,ham10000,ISIC_0029336,nv,HAM_0005863
0,0.13550983369350433,0,ham10000,ISIC_0025054,nv,HAM_0005864
0,0.49803686141967773,1,ham10000,ISIC_0030731,bkl,HAM_0005865
0,0.154136523604393,1,ham10000,ISIC_0029422,nv,HAM_0005866
0,0.19680672883987427,1,ham10000,ISIC_0032387,nv,HAM_0005867
0,0.321277916431427,1,ham10000,ISIC_0025845,nv,HAM_0005868
0,0.3718383014202118,1,ham10000,ISIC_0029249,bkl,HAM_0005869
0,0.5243977904319763,1,ham10000,ISIC_0030399,nv,HAM_0005870
0,0.10552247613668442,0,ham10000,ISIC_0032080,nv,HAM_0005871
0,0.24935981631278992,1,ham10000,ISIC_0030518,nv,HAM_0005872
0,0.5310574173927307,1,ham10000,ISIC_0031612,nv,HAM_0005873
0,0.08511335402727127,0,ham10000,ISIC_0027326,bkl,HAM_0005874
0,0.2331773191690445,1,ham10000,ISIC_0032250,nv,HAM_0005875
0,0.08665583282709122,0,ham10000,ISIC_0026980,nv,HAM_0005876
0,0.48614707589149475,1,ham10000,ISIC_0029204,nv,HAM_0005877
0,0.6860461831092834,1,ham10000,ISIC_0033254,vasc,HAM_0005878
0,0.3595115542411804,1,ham10000,ISIC_0025262,nv,HAM_0005879
0,0.04057680815458298,0,ham10000,ISIC_0025117,nv,HAM_0005880
0,0.13081924617290497,0,ham10000,ISIC_0030967,nv,HAM_0005881
0,0.10663250833749771,0,ham10000,ISIC_0025666,nv,HAM_0005882
0,0.43096593022346497,1,ham10000,ISIC_0026018,bkl,HAM_0005883
0,0.3218778669834137,1,ham10000,ISIC_0027469,nv,HAM_0005884
0,0.487071692943573,1,ham10000,ISIC_0031215,vasc,HAM_0005885
0,0.09651049226522446,0,ham10000,ISIC_0029982,nv,HAM_0005886
0,0.5855448842048645,1,ham10000,ISIC_0033221,nv,HAM_0005887
0,0.09472819417715073,0,ham10000,ISIC_0032355,nv,HAM_0005888
1,0.17167067527770996,1,ham10000,ISIC_0029930,akiec,HAM_0005889
0,0.21619807183742523,1,ham10000,ISIC_0027653,nv,HAM_0005890
0,0.017936190590262413,0,ham10000,ISIC_0026060,bkl,HAM_0005891
0,0.7347822189331055,1,ham10000,ISIC_0024861,nv,HAM_0005892
1,0.23682068288326263,1,ham10000,ISIC_0032833,mel,HAM_0005893
0,0.10618875175714493,0,ham10000,ISIC_0025579,nv,HAM_0005894
0,0.30324235558509827,1,ham10000,ISIC_0032252,nv,HAM_0005895
0,0.3671037554740906,1,ham10000,ISIC_0024814,bkl,HAM_0005896
0,0.20721930265426636,1,ham10000,ISIC_0027511,nv,HAM_0005897
0,0.17666752636432648,1,ham10000,ISIC_0033401,bkl,HAM_0005898
0,0.18803322315216064,1,ham10000,ISIC_0031767,nv,HAM_0005899
0,0.18221774697303772,1,ham10000,ISIC_0028726,nv,HAM_0005900
1,0.3280007839202881,1,ham10000,ISIC_0031245,bcc,HAM_0005901
0,0.49312496185302734,1,ham10000,ISIC_0027285,nv,HAM_0005902
0,0.17167921364307404,1,ham10000,ISIC_0032179,bkl,HAM_0005903
0,0.11894237250089645,0,ham10000,ISIC_0024956,nv,HAM_0005904
0,0.2449471801519394,1,ham10000,ISIC_0034257,nv,HAM_0005905
0,0.139063760638237,0,ham10000,ISIC_0025609,nv,HAM_0005906
0,0.035777848213911057,0,ham10000,ISIC_0027623,nv,HAM_0005907
0,0.09974980354309082,0,ham10000,ISIC_0029150,nv,HAM_0005908
1,0.3959953188896179,1,ham10000,ISIC_0026045,mel,HAM_0005909
0,0.48184582591056824,1,ham10000,ISIC_0026513,nv,HAM_0005910
1,0.4443649649620056,1,ham10000,ISIC_0028127,mel,HAM_0005911
0,0.0813489705324173,0,ham10000,ISIC_0027028,nv,HAM_0005912
0,0.18440400063991547,1,ham10000,ISIC_0028640,bkl,HAM_0005913
0,0.1028379276394844,0,ham10000,ISIC_0028785,nv,HAM_0005914
0,0.5116994380950928,1,ham10000,ISIC_0025656,bkl,HAM_0005915
0,0.13003672659397125,0,ham10000,ISIC_0027556,nv,HAM_0005916
0,0.12071580439805984,0,ham10000,ISIC_0032272,nv,HAM_0005917
0,0.3782767057418823,1,ham10000,ISIC_0029177,df,HAM_0005918
0,0.08435755968093872,0,ham10000,ISIC_0030503,nv,HAM_0005919
0,0.1052716001868248,0,ham10000,ISIC_0026727,nv,HAM_0005920
1,0.9060549139976501,1,ham10000,ISIC_0029034,bcc,HAM_0005921
0,0.055929750204086304,0,ham10000,ISIC_0025896,nv,HAM_0005922
0,0.12867873907089233,0,ham10000,ISIC_0031419,nv,HAM_0005923
1,0.5609501600265503,1,ham10000,ISIC_0025196,akiec,HAM_0005924
0,0.19762952625751495,1,ham10000,ISIC_0026222,nv,HAM_0005925
1,0.6370843648910522,1,ham10000,ISIC_0027069,mel,HAM_0005926
1,0.36216333508491516,1,ham10000,ISIC_0028173,mel,HAM_0005927
0,0.07592783868312836,0,ham10000,ISIC_0031574,nv,HAM_0005928
0,0.42715951800346375,1,ham10000,ISIC_0026638,nv,HAM_0005929
0,0.19233056902885437,1,ham10000,ISIC_0031484,nv,HAM_0005930
1,0.03735051304101944,0,ham10000,ISIC_0031191,akiec,HAM_0005931
0,0.251986563205719,1,ham10000,ISIC_0027747,bkl,HAM_0005932
1,0.21994900703430176,1,ham10000,ISIC_0024634,bcc,HAM_0005933
0,0.13189972937107086,0,ham10000,ISIC_0031740,nv,HAM_0005934
0,0.21250087022781372,1,ham10000,ISIC_0026679,bkl,HAM_0005935
0,0.42419734597206116,1,ham10000,ISIC_0024921,nv,HAM_0005936
0,0.14396978914737701,1,ham10000,ISIC_0027679,nv,HAM_0005937
0,0.060803674161434174,0,ham10000,ISIC_0025596,vasc,HAM_0005938
0,0.19029192626476288,1,ham10000,ISIC_0024327,nv,HAM_0005939
0,0.1401713639497757,1,ham10000,ISIC_0026331,nv,HAM_0005940
0,0.17332732677459717,1,ham10000,ISIC_0029295,nv,HAM_0005941
0,0.5237826108932495,1,ham10000,ISIC_0032529,nv,HAM_0005942
0,0.11144412308931351,0,ham10000,ISIC_0032033,nv,HAM_0005943
0,0.5769777297973633,1,ham10000,ISIC_0030850,nv,HAM_0005944
0,0.1548224240541458,1,ham10000,ISIC_0032053,nv,HAM_0005945
0,0.2443801313638687,1,ham10000,ISIC_0026368,nv,HAM_0005946
1,0.8083548545837402,1,ham10000,ISIC_0027998,bcc,HAM_0005947
0,0.30430760979652405,1,ham10000,ISIC_0029761,nv,HAM_0005948
0,0.23796573281288147,1,ham10000,ISIC_0027148,nv,HAM_0005949
0,0.26798442006111145,1,ham10000,ISIC_0026165,nv,HAM_0005950
0,0.18601548671722412,1,ham10000,ISIC_0027325,nv,HAM_0005951
0,0.33401885628700256,1,ham10000,ISIC_0027916,bkl,HAM_0005952
1,0.5916061997413635,1,ham10000,ISIC_0032626,mel,HAM_0005953
1,0.6099091172218323,1,ham10000,ISIC_0032203,akiec,HAM_0005954
0,0.3668731153011322,1,ham10000,ISIC_0024713,nv,HAM_0005955
0,0.15150713920593262,1,ham10000,ISIC_0030727,nv,HAM_0005957
1,0.45643365383148193,1,ham10000,ISIC_0027577,akiec,HAM_0005958
0,0.08687863498926163,0,ham10000,ISIC_0025058,nv,HAM_0005959
0,0.28219369053840637,1,ham10000,ISIC_0028632,nv,HAM_0005960
0,0.05211760103702545,0,ham10000,ISIC_0032795,nv,HAM_0005961
0,0.12608875334262848,0,ham10000,ISIC_0028129,nv,HAM_0005963
0,0.07337995618581772,0,ham10000,ISIC_0026405,nv,HAM_0005964
0,0.28522932529449463,1,ham10000,ISIC_0029858,nv,HAM_0005965
0,0.1351163685321808,0,ham10000,ISIC_0025902,nv,HAM_0005966
0,0.5774632096290588,1,ham10000,ISIC_0032031,bkl,HAM_0005967
0,0.5710618495941162,1,ham10000,ISIC_0024758,bkl,HAM_0005968
0,0.19950725138187408,1,ham10000,ISIC_0028257,nv,HAM_0005969
1,0.6870864629745483,1,ham10000,ISIC_0032806,mel,HAM_0005970
1,0.5608425736427307,1,ham10000,ISIC_0024452,bcc,HAM_0005971
0,0.3283921182155609,1,ham10000,ISIC_0033319,nv,HAM_0005972
1,0.41253989934921265,1,ham10000,ISIC_0026940,bcc,HAM_0005973
0,0.4708862006664276,1,ham10000,ISIC_0031395,nv,HAM_0005974
0,0.47314515709877014,1,ham10000,ISIC_0031837,nv,HAM_0005975
0,0.12600739300251007,0,ham10000,ISIC_0030638,nv,HAM_0005976
0,0.33264729380607605,1,ham10000,ISIC_0028396,nv,HAM_0005977
1,0.062061090022325516,0,ham10000,ISIC_0030143,akiec,HAM_0005978
0,0.4771559536457062,1,ham10000,ISIC_0030422,nv,HAM_0005980
1,0.11486732214689255,0,ham10000,ISIC_0027371,bcc,HAM_0005981
1,0.6089262366294861,1,ham10000,ISIC_0026766,bcc,HAM_0005982
0,0.3676900267601013,1,ham10000,ISIC_0025594,df,HAM_0005983
1,0.28608396649360657,1,ham10000,ISIC_0026117,bcc,HAM_0005984
1,0.24160219728946686,1,ham10000,ISIC_0027038,bcc,HAM_0005985
1,0.3486798405647278,1,ham10000,ISIC_0029574,mel,HAM_0005986
0,0.08918028324842453,0,ham10000,ISIC_0026741,nv,HAM_0005987
0,0.05051838234066963,0,ham10000,ISIC_0025646,nv,HAM_0005988
0,0.7721818089485168,1,ham10000,ISIC_0031648,vasc,HAM_0005989
0,0.30618706345558167,1,ham10000,ISIC_0032320,nv,HAM_0005990
0,0.10981961339712143,0,ham10000,ISIC_0031505,nv,HAM_0005991
1,0.544858455657959,1,ham10000,ISIC_0032597,mel,HAM_0005992
0,0.21615147590637207,1,ham10000,ISIC_0026441,bkl,HAM_0005993
0,0.19374777376651764,1,ham10000,ISIC_0029975,nv,HAM_0005994
0,0.26911696791648865,1,ham10000,ISIC_0033331,nv,HAM_0005995
0,0.17870421707630157,1,ham10000,ISIC_0031338,nv,HAM_0005996
0,0.7701575756072998,1,ham10000,ISIC_0033740,nv,HAM_0005997
1,0.4476179778575897,1,ham10000,ISIC_0027058,bcc,HAM_0005998
0,0.09802321344614029,0,ham10000,ISIC_0030958,nv,HAM_0005999
0,0.33431318402290344,1,ham10000,ISIC_0032121,nv,HAM_0006000
0,0.5818257927894592,1,ham10000,ISIC_0028395,nv,HAM_0006001
1,0.5979836583137512,1,ham10000,ISIC_0029915,akiec,HAM_0006002
0,0.4722054898738861,1,ham10000,ISIC_0032827,bkl,HAM_0006003
1,0.3246546983718872,1,ham10000,ISIC_0027702,mel,HAM_0006004
1,0.7952000498771667,1,ham10000,ISIC_0029489,bcc,HAM_0006005
1,0.4335535764694214,1,ham10000,ISIC_0024961,mel,HAM_0006006
0,0.15350405871868134,1,ham10000,ISIC_0031737,nv,HAM_0006007
0,0.039014436304569244,0,ham10000,ISIC_0028342,nv,HAM_0006008
0,0.2666647136211395,1,ham10000,ISIC_0026174,bkl,HAM_0006009
0,0.16505610942840576,1,ham10000,ISIC_0028695,nv,HAM_0006010
1,0.3451473116874695,1,ham10000,ISIC_0034012,mel,HAM_0006011
0,0.0430857390165329,0,ham10000,ISIC_0029240,nv,HAM_0006012
0,0.1363903433084488,0,ham10000,ISIC_0028572,nv,HAM_0006013
0,0.530551016330719,1,ham10000,ISIC_0032737,nv,HAM_0006014
0,0.17218588292598724,1,ham10000,ISIC_0025294,nv,HAM_0006015
0,0.317717045545578,1,ham10000,ISIC_0029670,nv,HAM_0006016
1,0.46561679244041443,1,ham10000,ISIC_0027282,mel,HAM_0006017
0,0.05686803162097931,0,ham10000,ISIC_0033486,bkl,HAM_0006018
0,0.06800864636898041,0,ham10000,ISIC_0030347,nv,HAM_0006019
0,0.08365022391080856,0,ham10000,ISIC_0029572,nv,HAM_0006020
0,0.24563992023468018,1,ham10000,ISIC_0026881,nv,HAM_0006021
0,0.4301520586013794,1,ham10000,ISIC_0029901,nv,HAM_0006022
0,0.3075428009033203,1,ham10000,ISIC_0025002,nv,HAM_0006023
1,0.5194839239120483,1,ham10000,ISIC_0027884,akiec,HAM_0006024
0,0.23208563029766083,1,ham10000,ISIC_0031285,nv,HAM_0006025
0,0.15028779208660126,1,ham10000,ISIC_0032804,bkl,HAM_0006026
0,0.5456698536872864,1,ham10000,ISIC_0032189,nv,HAM_0006028
0,0.09396057575941086,0,ham10000,ISIC_0025935,nv,HAM_0006029
0,0.515250563621521,1,ham10000,ISIC_0024618,nv,HAM_0006030
0,0.41799992322921753,1,ham10000,ISIC_0025374,bkl,HAM_0006031
0,0.08171438425779343,0,ham10000,ISIC_0027501,nv,HAM_0006032
0,0.15105782449245453,1,ham10000,ISIC_0026128,nv,HAM_0006033
0,0.4099399745464325,1,ham10000,ISIC_0026426,nv,HAM_0006034
0,0.1833551675081253,1,ham10000,ISIC_0027551,nv,HAM_0006035
1,0.5191775560379028,1,ham10000,ISIC_0029713,akiec,HAM_0006036
1,0.7324992418289185,1,ham10000,ISIC_0026571,mel,HAM_0006037
0,0.056698042899370193,0,ham10000,ISIC_0029969,nv,HAM_0006038
0,0.3582482635974884,1,ham10000,ISIC_0028092,nv,HAM_0006039
0,0.3126930296421051,1,ham10000,ISIC_0029978,nv,HAM_0006040
0,0.2405567318201065,1,ham10000,ISIC_0029313,nv,HAM_0006041
0,0.3213654160499573,1,ham10000,ISIC_0033983,nv,HAM_0006042
0,0.20373988151550293,1,ham10000,ISIC_0027782,nv,HAM_0006043
0,0.18763762712478638,1,ham10000,ISIC_0026986,nv,HAM_0006044
0,0.3073054254055023,1,ham10000,ISIC_0029910,nv,HAM_0006045
0,0.17646174132823944,1,ham10000,ISIC_0031199,nv,HAM_0006046
1,0.7041441798210144,1,ham10000,ISIC_0025467,bcc,HAM_0006047
0,0.9389932751655579,1,ham10000,ISIC_0030064,nv,HAM_0006048
1,0.23169247806072235,1,ham10000,ISIC_0031614,bcc,HAM_0006049
0,0.3097267746925354,1,ham10000,ISIC_0029122,nv,HAM_0006050
0,0.24599561095237732,1,ham10000,ISIC_0030475,nv,HAM_0006051
0,0.23538966476917267,1,ham10000,ISIC_0025476,nv,HAM_0006052
1,0.19604749977588654,1,ham10000,ISIC_0028147,bcc,HAM_0006053
0,0.21707755327224731,1,ham10000,ISIC_0030982,nv,HAM_0006054
0,0.19895009696483612,1,ham10000,ISIC_0031456,nv,HAM_0006055
0,0.07691950350999832,0,ham10000,ISIC_0030999,nv,HAM_0006057
0,0.1641233116388321,1,ham10000,ISIC_0028911,nv,HAM_0006058
0,0.5314168334007263,1,ham10000,ISIC_0028089,nv,HAM_0006059
0,0.10803515464067459,0,ham10000,ISIC_0030513,nv,HAM_0006060
1,0.5306997299194336,1,ham10000,ISIC_0027179,mel,HAM_0006061
0,0.05575907602906227,0,ham10000,ISIC_0029435,nv,HAM_0006062
0,0.1336565613746643,0,ham10000,ISIC_0026975,nv,HAM_0006063
0,0.017638398334383965,0,ham10000,ISIC_0031132,bkl,HAM_0006064
0,0.2614637315273285,1,ham10000,ISIC_0028952,bkl,HAM_0006065
0,0.08905588090419769,0,ham10000,ISIC_0028245,nv,HAM_0006067
0,0.13842695951461792,0,ham10000,ISIC_0024591,nv,HAM_0006068
0,0.12551534175872803,0,ham10000,ISIC_0031681,nv,HAM_0006069
0,0.14341232180595398,1,ham10000,ISIC_0026833,nv,HAM_0006070
0,0.37085679173469543,1,ham10000,ISIC_0032343,bkl,HAM_0006071
0,0.29374960064888,1,ham10000,ISIC_0027168,nv,HAM_0006072
0,0.14449916779994965,1,ham10000,ISIC_0025761,nv,HAM_0006073
0,0.6463172435760498,1,ham10000,ISIC_0033829,bkl,HAM_0006074
0,0.17370988428592682,1,ham10000,ISIC_0026999,nv,HAM_0006075
0,0.09925050288438797,0,ham10000,ISIC_0027323,nv,HAM_0006077
0,0.42467841506004333,1,ham10000,ISIC_0032809,nv,HAM_0006078
0,0.20853166282176971,1,ham10000,ISIC_0030641,nv,HAM_0006079
0,0.34026286005973816,1,ham10000,ISIC_0032668,nv,HAM_0006080
0,0.2425026148557663,1,ham10000,ISIC_0030691,nv,HAM_0006081
0,0.3940218985080719,1,ham10000,ISIC_0027500,nv,HAM_0006082
0,0.09437662363052368,0,ham10000,ISIC_0028178,nv,HAM_0006083
0,0.0582006499171257,0,ham10000,ISIC_0027641,nv,HAM_0006084
0,0.5160664916038513,1,ham10000,ISIC_0032949,bkl,HAM_0006085
0,0.1319727897644043,0,ham10000,ISIC_0025563,nv,HAM_0006086
0,0.22412432730197906,1,ham10000,ISIC_0032094,nv,HAM_0006087
1,0.045244988054037094,0,ham10000,ISIC_0028760,mel,HAM_0006088
0,0.15035991370677948,1,ham10000,ISIC_0031316,nv,HAM_0006089
0,0.07134487479925156,0,ham10000,ISIC_0026859,nv,HAM_0006090
0,0.29527711868286133,1,ham10000,ISIC_0026507,nv,HAM_0006091
1,0.39370065927505493,1,ham10000,ISIC_0029241,mel,HAM_0006092
0,0.09420876950025558,0,ham10000,ISIC_0024974,nv,HAM_0006093
0,0.1332976520061493,0,ham10000,ISIC_0026998,nv,HAM_0006094
0,0.1597745269536972,1,ham10000,ISIC_0025933,nv,HAM_0006095
0,0.26062944531440735,1,ham10000,ISIC_0025190,nv,HAM_0006096
1,0.3524492383003235,1,ham10000,ISIC_0027306,mel,HAM_0006097
0,0.2186487466096878,1,ham10000,ISIC_0030938,nv,HAM_0006098
0,0.1730247437953949,1,ham10000,ISIC_0026311,bkl,HAM_0006099
0,0.385448694229126,1,ham10000,ISIC_0032288,nv,HAM_0006100
1,0.5099247694015503,1,ham10000,ISIC_0032617,mel,HAM_0006101
0,0.46161866188049316,1,ham10000,ISIC_0032105,nv,HAM_0006102
0,0.22038240730762482,1,ham10000,ISIC_0031504,nv,HAM_0006103
0,0.057346753776073456,0,ham10000,ISIC_0026323,nv,HAM_0006104
0,0.0012222188524901867,0,ham10000,ISIC_0032236,nv,HAM_0006105
0,0.36654791235923767,1,ham10000,ISIC_0032295,nv,HAM_0006106
0,0.5652872323989868,1,ham10000,ISIC_0024697,nv,HAM_0006108
0,0.24999535083770752,1,ham10000,ISIC_0028459,nv,HAM_0006109
0,0.3789883255958557,1,ham10000,ISIC_0025289,nv,HAM_0006110
1,0.11375018209218979,0,ham10000,ISIC_0030138,bcc,HAM_0006111
0,0.13509798049926758,0,ham10000,ISIC_0031696,nv,HAM_0006113
0,0.07838671654462814,0,ham10000,ISIC_0027873,nv,HAM_0006114
1,0.5975112318992615,1,ham10000,ISIC_0025576,bcc,HAM_0006115
0,0.2996968626976013,1,ham10000,ISIC_0028117,nv,HAM_0006116
0,0.5849031209945679,1,ham10000,ISIC_0025566,nv,HAM_0006117
0,0.23545090854167938,1,ham10000,ISIC_0026429,nv,HAM_0006118
0,0.19966641068458557,1,ham10000,ISIC_0029944,nv,HAM_0006119
0,0.7135418653488159,1,ham10000,ISIC_0025372,nv,HAM_0006120
0,0.21841078996658325,1,ham10000,ISIC_0032792,nv,HAM_0006121
0,0.31903091073036194,1,ham10000,ISIC_0031556,bkl,HAM_0006122
0,0.1524108350276947,1,ham10000,ISIC_0025275,bkl,HAM_0006123
0,0.7192758917808533,1,ham10000,ISIC_0025131,bkl,HAM_0006124
0,0.37879273295402527,1,ham10000,ISIC_0028144,nv,HAM_0006125
0,0.2111341953277588,1,ham10000,ISIC_0027715,nv,HAM_0006126
0,0.16164042055606842,1,ham10000,ISIC_0032449,nv,HAM_0006127
0,0.11078658699989319,0,ham10000,ISIC_0028701,bkl,HAM_0006128
0,0.6330934166908264,1,ham10000,ISIC_0027849,nv,HAM_0006129
1,0.7233074903488159,1,ham10000,ISIC_0031670,mel,HAM_0006130
0,0.10156653076410294,0,ham10000,ISIC_0024822,nv,HAM_0006131
0,0.09965770691633224,0,ham10000,ISIC_0027732,nv,HAM_0006132
0,0.07422876358032227,0,ham10000,ISIC_0024755,nv,HAM_0006133
0,0.3076881170272827,1,ham10000,ISIC_0030622,nv,HAM_0006134
1,0.36956098675727844,1,ham10000,ISIC_0031044,akiec,HAM_0006135
0,0.3317166268825531,1,ham10000,ISIC_0028910,nv,HAM_0006136
1,0.29278039932250977,1,ham10000,ISIC_0026738,mel,HAM_0006137
0,0.42498892545700073,1,ham10000,ISIC_0026713,vasc,HAM_0006138
0,0.084077849984169,0,ham10000,ISIC_0025349,nv,HAM_0006139
0,0.20526668429374695,1,ham10000,ISIC_0030163,nv,HAM_0006140
0,0.14222106337547302,1,ham10000,ISIC_0024603,nv,HAM_0006141
0,0.6505310535430908,1,ham10000,ISIC_0026509,nv,HAM_0006142
0,0.46682167053222656,1,ham10000,ISIC_0032168,bkl,HAM_0006143
0,0.1478593647480011,1,ham10000,ISIC_0029388,nv,HAM_0006144
0,0.3784257769584656,1,ham10000,ISIC_0031713,nv,HAM_0006145
0,0.3302507698535919,1,ham10000,ISIC_0028159,nv,HAM_0006146
0,0.1101435050368309,0,ham10000,ISIC_0032641,nv,HAM_0006147
0,0.28298887610435486,1,ham10000,ISIC_0033987,bkl,HAM_0006148
0,0.3702693581581116,1,ham10000,ISIC_0025047,nv,HAM_0006149
0,0.5887473821640015,1,ham10000,ISIC_0026569,nv,HAM_0006150
0,0.20495416224002838,1,ham10000,ISIC_0032296,nv,HAM_0006151
1,0.396072119474411,1,ham10000,ISIC_0027238,mel,HAM_0006152
0,0.20620712637901306,1,ham10000,ISIC_0030749,nv,HAM_0006153
0,0.39300644397735596,1,ham10000,ISIC_0030082,nv,HAM_0006154
0,0.564495325088501,1,ham10000,ISIC_0029728,nv,HAM_0006155
0,0.0919012576341629,0,ham10000,ISIC_0027903,vasc,HAM_0006156
0,0.1490267515182495,1,ham10000,ISIC_0033855,bkl,HAM_0006157
0,0.30161502957344055,1,ham10000,ISIC_0033096,nv,HAM_0006158
0,0.4189163148403168,1,ham10000,ISIC_0028977,bkl,HAM_0006159
1,0.5067288875579834,1,ham10000,ISIC_0030950,mel,HAM_0006160
0,0.2648357152938843,1,ham10000,ISIC_0029164,nv,HAM_0006161
0,0.07315020263195038,0,ham10000,ISIC_0027245,nv,HAM_0006162
0,0.24075143039226532,1,ham10000,ISIC_0030331,nv,HAM_0006163
0,0.11611641943454742,0,ham10000,ISIC_0024385,nv,HAM_0006164
0,0.2334669828414917,1,ham10000,ISIC_0029964,nv,HAM_0006165
0,0.18623380362987518,1,ham10000,ISIC_0028805,nv,HAM_0006166
0,0.06772803515195847,0,ham10000,ISIC_0027845,nv,HAM_0006167
0,0.053087543696165085,0,ham10000,ISIC_0026464,nv,HAM_0006168
0,0.25388237833976746,1,ham10000,ISIC_0026747,nv,HAM_0006169
0,0.12337309867143631,0,ham10000,ISIC_0027969,bkl,HAM_0006170
1,0.3781873881816864,1,ham10000,ISIC_0025663,mel,HAM_0006171
0,0.15629780292510986,1,ham10000,ISIC_0024485,nv,HAM_0006172
0,0.4580526649951935,1,ham10000,ISIC_0031961,bkl,HAM_0006173
0,0.19263911247253418,1,ham10000,ISIC_0028116,nv,HAM_0006174
0,0.32689201831817627,1,ham10000,ISIC_0024954,nv,HAM_0006175
0,0.38964730501174927,1,ham10000,ISIC_0027539,nv,HAM_0006176
0,0.5903696417808533,1,ham10000,ISIC_0031234,nv,HAM_0006177
0,0.2084183394908905,1,ham10000,ISIC_0031100,nv,HAM_0006178
0,0.05010874196887016,0,ham10000,ISIC_0030662,nv,HAM_0006179
1,0.42503395676612854,1,ham10000,ISIC_0026905,akiec,HAM_0006180
0,0.4593433439731598,1,ham10000,ISIC_0026961,bkl,HAM_0006181
0,0.563716471195221,1,ham10000,ISIC_0033419,nv,HAM_0006182
0,0.20238006114959717,1,ham10000,ISIC_0028397,nv,HAM_0006183
1,0.6866112947463989,1,ham10000,ISIC_0033024,mel,HAM_0006184
0,0.1489003747701645,1,ham10000,ISIC_0028759,nv,HAM_0006185
0,0.20246337354183197,1,ham10000,ISIC_0029320,bkl,HAM_0006186
0,0.4507606029510498,1,ham10000,ISIC_0025453,nv,HAM_0006187
0,0.5600274801254272,1,ham10000,ISIC_0024330,df,HAM_0006188
1,0.5651026368141174,1,ham10000,ISIC_0033269,mel,HAM_0006189
0,0.21351894736289978,1,ham10000,ISIC_0025507,bkl,HAM_0006190
0,0.15316790342330933,1,ham10000,ISIC_0028829,nv,HAM_0006191
0,0.4766877591609955,1,ham10000,ISIC_0027416,nv,HAM_0006192
0,0.4786894619464874,1,ham10000,ISIC_0029877,vasc,HAM_0006193
0,0.3149419128894806,1,ham10000,ISIC_0030968,nv,HAM_0006194
0,0.08895863592624664,0,ham10000,ISIC_0028267,nv,HAM_0006195
1,0.577542781829834,1,ham10000,ISIC_0025248,mel,HAM_0006196
0,0.654799222946167,1,ham10000,ISIC_0028332,nv,HAM_0006197
0,0.12878894805908203,0,ham10000,ISIC_0028676,nv,HAM_0006198
0,0.07326678931713104,0,ham10000,ISIC_0024888,nv,HAM_0006199
0,0.19887271523475647,1,ham10000,ISIC_0024420,bkl,HAM_0006201
0,0.27856236696243286,1,ham10000,ISIC_0030627,nv,HAM_0006202
0,0.8330007195472717,1,ham10000,ISIC_0026456,vasc,HAM_0006203
0,0.36031317710876465,1,ham10000,ISIC_0029806,nv,HAM_0006204
0,0.19452746212482452,1,ham10000,ISIC_0031121,nv,HAM_0006205
0,0.1437503844499588,1,ham10000,ISIC_0030438,nv,HAM_0006206
1,0.6301026344299316,1,ham10000,ISIC_0030034,mel,HAM_0006207
1,0.24776050448417664,1,ham10000,ISIC_0028916,mel,HAM_0006208
0,0.3275569677352905,1,ham10000,ISIC_0028626,nv,HAM_0006209
0,0.4702574610710144,1,ham10000,ISIC_0026454,nv,HAM_0006210
0,0.1126520186662674,0,ham10000,ISIC_0025519,bkl,HAM_0006211
0,0.22183182835578918,1,ham10000,ISIC_0029721,nv,HAM_0006212
1,0.6872788667678833,1,ham10000,ISIC_0025182,akiec,HAM_0006213
1,0.7309537529945374,1,ham10000,ISIC_0031189,mel,HAM_0006214
0,0.11444219946861267,0,ham10000,ISIC_0027321,nv,HAM_0006215
0,0.04319494962692261,0,ham10000,ISIC_0030214,nv,HAM_0006216
1,0.11966491490602493,0,ham10000,ISIC_0031043,akiec,HAM_0006217
0,0.19824975728988647,1,ham10000,ISIC_0032589,nv,HAM_0006218
0,0.16801989078521729,1,ham10000,ISIC_0026202,nv,HAM_0006219
1,0.7300885319709778,1,ham10000,ISIC_0024470,akiec,HAM_0006220
0,0.07409148663282394,0,ham10000,ISIC_0025300,nv,HAM_0006221
1,0.7244305610656738,1,ham10000,ISIC_0025069,akiec,HAM_0006222
1,0.1787116527557373,1,ham10000,ISIC_0025791,mel,HAM_0006223
0,0.15561608970165253,1,ham10000,ISIC_0029351,nv,HAM_0006224
0,0.3378373980522156,1,ham10000,ISIC_0028887,nv,HAM_0006225
0,0.0642647072672844,0,ham10000,ISIC_0024414,nv,HAM_0006226
0,0.3349141776561737,1,ham10000,ISIC_0031264,nv,HAM_0006227
0,0.18286044895648956,1,ham10000,ISIC_0028594,nv,HAM_0006228
0,0.13910697400569916,0,ham10000,ISIC_0027733,nv,HAM_0006229
0,0.6153721809387207,1,ham10000,ISIC_0032632,nv,HAM_0006230
0,0.11741969734430313,0,ham10000,ISIC_0032849,nv,HAM_0006231
0,0.4037245512008667,1,ham10000,ISIC_0033043,nv,HAM_0006232
0,0.24477747082710266,1,ham10000,ISIC_0033290,nv,HAM_0006233
0,0.2414558231830597,1,ham10000,ISIC_0033341,nv,HAM_0006234
0,0.19106483459472656,1,ham10000,ISIC_0033681,nv,HAM_0006235
0,0.17616848647594452,1,ham10000,ISIC_0033741,nv,HAM_0006236
0,0.16053898632526398,1,ham10000,ISIC_0034072,nv,HAM_0006237
0,0.49959567189216614,1,ham10000,ISIC_0034151,bkl,HAM_0006238
0,0.22077932953834534,1,ham10000,ISIC_0034177,nv,HAM_0006239
0,0.7294707894325256,1,ham10000,ISIC_0030188,bkl,HAM_0006240
0,0.282691091299057,1,ham10000,ISIC_0031379,nv,HAM_0006241
0,0.28562024235725403,1,ham10000,ISIC_0030846,nv,HAM_0006242
0,0.1982383131980896,1,ham10000,ISIC_0031436,bkl,HAM_0006243
0,0.20957662165164948,1,ham10000,ISIC_0027197,nv,HAM_0006244
0,0.18813097476959229,1,ham10000,ISIC_0030733,nv,HAM_0006245
0,0.45127245783805847,1,ham10000,ISIC_0024523,nv,HAM_0006246
0,0.19855791330337524,1,ham10000,ISIC_0031393,nv,HAM_0006247
0,0.16325923800468445,1,ham10000,ISIC_0030087,nv,HAM_0006248
0,0.08918096125125885,0,ham10000,ISIC_0024759,nv,HAM_0006249
0,0.33465930819511414,1,ham10000,ISIC_0030308,nv,HAM_0006250
0,0.3162570297718048,1,ham10000,ISIC_0026437,nv,HAM_0006251
1,0.23896287381649017,1,ham10000,ISIC_0024646,akiec,HAM_0006252
1,0.3395378887653351,1,ham10000,ISIC_0028291,mel,HAM_0006253
0,0.15537473559379578,1,ham10000,ISIC_0024633,nv,HAM_0006254
0,0.3619409203529358,1,ham10000,ISIC_0026548,nv,HAM_0006255
0,0.10057953000068665,0,ham10000,ISIC_0027624,nv,HAM_0006256
1,0.10408086329698563,0,ham10000,ISIC_0029843,mel,HAM_0006257
0,0.055341143161058426,0,ham10000,ISIC_0028484,nv,HAM_0006258
0,0.04884687811136246,0,ham10000,ISIC_0027785,nv,HAM_0006259
0,0.20424224436283112,1,ham10000,ISIC_0029748,nv,HAM_0006260
0,0.3550002872943878,1,ham10000,ISIC_0028466,nv,HAM_0006261
0,0.36260929703712463,1,ham10000,ISIC_0027211,nv,HAM_0006262
0,0.23062454164028168,1,ham10000,ISIC_0029447,nv,HAM_0006263
0,0.04318298026919365,0,ham10000,ISIC_0024350,nv,HAM_0006264
0,0.0924639031291008,0,ham10000,ISIC_0028212,nv,HAM_0006266
0,0.1876010000705719,1,ham10000,ISIC_0031200,bkl,HAM_0006267
0,0.11560855060815811,0,ham10000,ISIC_0026432,nv,HAM_0006268
0,0.5360669493675232,1,ham10000,ISIC_0031606,nv,HAM_0006270
0,0.3393241763114929,1,ham10000,ISIC_0027572,nv,HAM_0006271
0,0.41805732250213623,1,ham10000,ISIC_0024429,nv,HAM_0006272
0,0.2720109820365906,1,ham10000,ISIC_0028571,nv,HAM_0006273
1,0.3460384011268616,1,ham10000,ISIC_0031351,bcc,HAM_0006274
0,0.21884092688560486,1,ham10000,ISIC_0029186,nv,HAM_0006275
0,0.6193556189537048,1,ham10000,ISIC_0029285,nv,HAM_0006276
0,0.42537131905555725,1,ham10000,ISIC_0031428,bkl,HAM_0006277
0,0.119175486266613,0,ham10000,ISIC_0031141,nv,HAM_0006278
0,0.0600891150534153,0,ham10000,ISIC_0027195,nv,HAM_0006279
0,0.37231022119522095,1,ham10000,ISIC_0027937,vasc,HAM_0006280
0,0.4517725110054016,1,ham10000,ISIC_0033507,bkl,HAM_0006281
0,0.098554328083992,0,ham10000,ISIC_0031772,nv,HAM_0006282
0,0.012168513610959053,0,ham10000,ISIC_0027924,nv,HAM_0006283
0,0.31563320755958557,1,ham10000,ISIC_0032904,nv,HAM_0006284
0,0.06396758556365967,0,ham10000,ISIC_0030596,nv,HAM_0006285
0,0.35758957266807556,1,ham10000,ISIC_0027619,nv,HAM_0006286
0,0.45189976692199707,1,ham10000,ISIC_0029101,bkl,HAM_0006287
0,0.0566389299929142,0,ham10000,ISIC_0031835,nv,HAM_0006289
0,0.05739572271704674,0,ham10000,ISIC_0026490,vasc,HAM_0006291
0,0.06580551713705063,0,ham10000,ISIC_0029058,nv,HAM_0006292
0,0.2861277461051941,1,ham10000,ISIC_0027314,nv,HAM_0006293
0,0.761182427406311,1,ham10000,ISIC_0032348,bkl,HAM_0006294
0,0.5419747233390808,1,ham10000,ISIC_0032720,nv,HAM_0006295
0,0.5198096632957458,1,ham10000,ISIC_0028999,nv,HAM_0006296
0,0.38622239232063293,1,ham10000,ISIC_0025962,nv,HAM_0006297
0,0.3715050518512726,1,ham10000,ISIC_0030613,nv,HAM_0006298
0,0.018089167773723602,0,ham10000,ISIC_0031582,nv,HAM_0006299
0,0.020602084696292877,0,ham10000,ISIC_0028281,nv,HAM_0006300
1,0.38406214118003845,1,ham10000,ISIC_0024468,akiec,HAM_0006301
0,0.2252357006072998,1,ham10000,ISIC_0030819,nv,HAM_0006302
0,0.03559160232543945,0,ham10000,ISIC_0026911,nv,HAM_0006303
0,0.2874724268913269,1,ham10000,ISIC_0032406,nv,HAM_0006304
0,0.3255123198032379,1,ham10000,ISIC_0031274,nv,HAM_0006305
0,0.27644315361976624,1,ham10000,ISIC_0026242,nv,HAM_0006306
0,0.14274923503398895,1,ham10000,ISIC_0024570,nv,HAM_0006307
0,0.07738099992275238,0,ham10000,ISIC_0030716,nv,HAM_0006308
0,0.12170859426259995,0,ham10000,ISIC_0026640,nv,HAM_0006309
0,0.22532816231250763,1,ham10000,ISIC_0031334,bkl,HAM_0006310
0,0.20861272513866425,1,ham10000,ISIC_0024392,nv,HAM_0006311
0,0.10282689332962036,0,ham10000,ISIC_0025631,nv,HAM_0006312
0,0.18378667533397675,1,ham10000,ISIC_0026926,nv,HAM_0006313
0,0.26701804995536804,1,ham10000,ISIC_0029532,nv,HAM_0006314
0,0.00022254193027038127,0,ham10000,ISIC_0031144,nv,HAM_0006316
0,0.13245221972465515,0,ham10000,ISIC_0029934,nv,HAM_0006317
0,0.23202992975711823,1,ham10000,ISIC_0024937,nv,HAM_0006318
0,0.23650038242340088,1,ham10000,ISIC_0028348,nv,HAM_0006319
1,0.12218357622623444,0,ham10000,ISIC_0033174,mel,HAM_0006321
0,0.2856311798095703,1,ham10000,ISIC_0030309,nv,HAM_0006322
0,0.09906819462776184,0,ham10000,ISIC_0024680,nv,HAM_0006323
0,0.4603091776371002,1,ham10000,ISIC_0029889,vasc,HAM_0006324
0,0.13873732089996338,0,ham10000,ISIC_0027739,bkl,HAM_0006325
0,0.03382697328925133,0,ham10000,ISIC_0028500,nv,HAM_0006326
0,0.5037587285041809,1,ham10000,ISIC_0028237,bkl,HAM_0006327
0,0.030797267332673073,0,ham10000,ISIC_0030450,nv,HAM_0006328
0,0.3291167616844177,1,ham10000,ISIC_0032758,nv,HAM_0006329
1,0.41445478796958923,1,ham10000,ISIC_0026745,mel,HAM_0006330
0,0.10540561378002167,0,ham10000,ISIC_0029229,nv,HAM_0006331
0,0.13186532258987427,0,ham10000,ISIC_0029822,nv,HAM_0006332
0,0.08276955038309097,0,ham10000,ISIC_0024424,nv,HAM_0006333
0,0.02815472148358822,0,ham10000,ISIC_0032605,nv,HAM_0006334
0,0.19467294216156006,1,ham10000,ISIC_0028892,nv,HAM_0006335
0,0.16567063331604004,1,ham10000,ISIC_0032117,nv,HAM_0006336
0,0.2437581717967987,1,ham10000,ISIC_0029106,nv,HAM_0006337
0,0.1965213418006897,1,ham10000,ISIC_0025125,nv,HAM_0006338
0,0.11354776471853256,0,ham10000,ISIC_0031279,nv,HAM_0006339
0,0.5091606378555298,1,ham10000,ISIC_0028639,nv,HAM_0006340
0,0.21009059250354767,1,ham10000,ISIC_0024681,nv,HAM_0006341
0,0.2712840437889099,1,ham10000,ISIC_0024425,nv,HAM_0006342
0,0.2621404230594635,1,ham10000,ISIC_0024997,bkl,HAM_0006343
0,0.16830329596996307,1,ham10000,ISIC_0026966,nv,HAM_0006344
0,0.14592601358890533,1,ham10000,ISIC_0027762,nv,HAM_0006345
0,0.16098402440547943,1,ham10000,ISIC_0026280,bkl,HAM_0006346
0,0.04677683115005493,0,ham10000,ISIC_0025702,nv,HAM_0006347
0,0.27462637424468994,1,ham10000,ISIC_0027110,nv,HAM_0006348
0,0.1647503823041916,1,ham10000,ISIC_0024919,nv,HAM_0006349
0,0.003237637225538492,0,ham10000,ISIC_0031130,bkl,HAM_0006350
1,0.5943813920021057,1,ham10000,ISIC_0027117,bcc,HAM_0006351
0,0.2210671305656433,1,ham10000,ISIC_0025341,nv,HAM_0006352
0,0.56053626537323,1,ham10000,ISIC_0032712,nv,HAM_0006353
0,0.10313252359628677,0,ham10000,ISIC_0032137,nv,HAM_0006354
1,0.4335317611694336,1,ham10000,ISIC_0027663,mel,HAM_0006355
0,0.07574047893285751,0,ham10000,ISIC_0029732,nv,HAM_0006356
0,0.1614585518836975,1,ham10000,ISIC_0024835,nv,HAM_0006357
0,0.06686262786388397,0,ham10000,ISIC_0025581,nv,HAM_0006358
0,0.2832740843296051,1,ham10000,ISIC_0027403,nv,HAM_0006359
0,0.2376040518283844,1,ham10000,ISIC_0027926,nv,HAM_0006360
0,0.17823509871959686,1,ham10000,ISIC_0030196,nv,HAM_0006361
0,0.44871023297309875,1,ham10000,ISIC_0030523,nv,HAM_0006362
0,0.41949382424354553,1,ham10000,ISIC_0024936,nv,HAM_0006363
0,0.29374489188194275,1,ham10000,ISIC_0029027,nv,HAM_0006364
0,0.25283101201057434,1,ham10000,ISIC_0028296,nv,HAM_0006365
0,0.08778509497642517,0,ham10000,ISIC_0030732,nv,HAM_0006366
0,0.7746306657791138,1,ham10000,ISIC_0024926,nv,HAM_0006367
0,0.23249804973602295,1,ham10000,ISIC_0029688,nv,HAM_0006369
0,0.009828101843595505,0,ham10000,ISIC_0026032,nv,HAM_0006370
0,0.7145682573318481,1,ham10000,ISIC_0033626,df,HAM_0006371
0,0.03677612915635109,0,ham10000,ISIC_0032817,nv,HAM_0006372
0,0.2518283426761627,1,ham10000,ISIC_0028143,nv,HAM_0006373
0,0.13257449865341187,0,ham10000,ISIC_0031540,nv,HAM_0006374
0,0.2834405303001404,1,ham10000,ISIC_0026114,nv,HAM_0006375
1,0.1712208390235901,1,ham10000,ISIC_0032845,mel,HAM_0006376
0,0.17538945376873016,1,ham10000,ISIC_0024465,nv,HAM_0006377
0,0.19086351990699768,1,ham10000,ISIC_0024735,nv,HAM_0006378
0,0.019015800207853317,0,ham10000,ISIC_0032937,nv,HAM_0006379
1,0.12470977753400803,0,ham10000,ISIC_0028718,mel,HAM_0006380
0,0.195519357919693,1,ham10000,ISIC_0025023,nv,HAM_0006381
0,0.04049958288669586,0,ham10000,ISIC_0029883,nv,HAM_0006382
0,0.1918787807226181,1,ham10000,ISIC_0025183,nv,HAM_0006383
1,0.7973952889442444,1,ham10000,ISIC_0031272,bcc,HAM_0006384
0,0.3679949641227722,1,ham10000,ISIC_0026733,nv,HAM_0006385
1,0.22889380156993866,1,ham10000,ISIC_0029035,bcc,HAM_0006386
1,0.12479235231876373,0,ham10000,ISIC_0026831,bcc,HAM_0006387
0,0.2575584650039673,1,ham10000,ISIC_0029542,nv,HAM_0006388
0,0.13080556690692902,0,ham10000,ISIC_0027738,nv,HAM_0006389
0,0.4497758746147156,1,ham10000,ISIC_0025887,nv,HAM_0006390
0,0.0729692280292511,0,ham10000,ISIC_0032783,nv,HAM_0006391
0,0.07070179283618927,0,ham10000,ISIC_0028064,nv,HAM_0006392
0,0.3131028115749359,1,ham10000,ISIC_0029189,nv,HAM_0006393
0,0.07835827022790909,0,ham10000,ISIC_0027635,nv,HAM_0006394
0,0.14842188358306885,1,ham10000,ISIC_0025934,nv,HAM_0006395
0,0.1067577376961708,0,ham10000,ISIC_0033015,nv,HAM_0006396
0,0.1638336032629013,1,ham10000,ISIC_0029475,nv,HAM_0006397
0,0.5792258381843567,1,ham10000,ISIC_0027568,nv,HAM_0006398
0,0.41273200511932373,1,ham10000,ISIC_0026219,bkl,HAM_0006399
1,0.07957606017589569,0,ham10000,ISIC_0031741,mel,HAM_0006400
0,0.07502062618732452,0,ham10000,ISIC_0031451,nv,HAM_0006401
0,0.031737588346004486,0,ham10000,ISIC_0025602,nv,HAM_0006402
0,0.1621502786874771,1,ham10000,ISIC_0030248,nv,HAM_0006403
0,0.12404123693704605,0,ham10000,ISIC_0026983,nv,HAM_0006404
0,0.07128942012786865,0,ham10000,ISIC_0031641,nv,HAM_0006405
0,0.08191196620464325,0,ham10000,ISIC_0026336,vasc,HAM_0006406
0,0.0014601987786591053,0,ham10000,ISIC_0025198,nv,HAM_0006408
0,0.39156368374824524,1,ham10000,ISIC_0028987,nv,HAM_0006409
0,0.360948771238327,1,ham10000,ISIC_0027449,nv,HAM_0006410
0,0.4020225703716278,1,ham10000,ISIC_0027140,nv,HAM_0006411
0,0.20565812289714813,1,ham10000,ISIC_0027720,nv,HAM_0006412
0,0.1439254879951477,1,ham10000,ISIC_0031165,nv,HAM_0006413
0,0.3406682014465332,1,ham10000,ISIC_0026485,nv,HAM_0006414
0,0.28007981181144714,1,ham10000,ISIC_0032367,nv,HAM_0006415
0,0.07527467608451843,0,ham10000,ISIC_0028137,nv,HAM_0006416
0,0.5925171375274658,1,ham10000,ISIC_0033599,nv,HAM_0006418
0,0.43979334831237793,1,ham10000,ISIC_0026193,nv,HAM_0006419
0,0.041037723422050476,0,ham10000,ISIC_0029905,nv,HAM_0006420
0,0.24573078751564026,1,ham10000,ISIC_0031403,nv,HAM_0006421
0,0.20221933722496033,1,ham10000,ISIC_0030368,nv,HAM_0006422
1,0.6538883447647095,1,ham10000,ISIC_0028352,mel,HAM_0006423
0,0.121848464012146,0,ham10000,ISIC_0032256,nv,HAM_0006424
0,0.08140110224485397,0,ham10000,ISIC_0028530,nv,HAM_0006425
1,0.5560706257820129,1,ham10000,ISIC_0032922,mel,HAM_0006426
0,0.1634976863861084,1,ham10000,ISIC_0028704,nv,HAM_0006427
0,0.34952858090400696,1,ham10000,ISIC_0030862,nv,HAM_0006428
0,0.347223699092865,1,ham10000,ISIC_0026240,nv,HAM_0006429
0,0.6202719807624817,1,ham10000,ISIC_0026487,nv,HAM_0006430
0,0.18822918832302094,1,ham10000,ISIC_0031992,nv,HAM_0006431
0,0.2987046539783478,1,ham10000,ISIC_0030884,nv,HAM_0006432
1,0.6140455603599548,1,ham10000,ISIC_0029370,mel,HAM_0006433
1,0.5700351595878601,1,ham10000,ISIC_0028076,akiec,HAM_0006434
1,0.8565987944602966,1,ham10000,ISIC_0033573,mel,HAM_0006435
0,0.22675706446170807,1,ham10000,ISIC_0027655,nv,HAM_0006436
1,0.41479015350341797,1,ham10000,ISIC_0033469,mel,HAM_0006437
0,0.08251989632844925,0,ham10000,ISIC_0033722,bkl,HAM_0006438
0,0.08088728040456772,0,ham10000,ISIC_0025621,nv,HAM_0006439
0,0.089835524559021,0,ham10000,ISIC_0028074,nv,HAM_0006440
0,0.3232475817203522,1,ham10000,ISIC_0029016,nv,HAM_0006441
1,0.48360180854797363,1,ham10000,ISIC_0032947,akiec,HAM_0006442
0,0.2854120433330536,1,ham10000,ISIC_0028164,nv,HAM_0006443
1,0.8404428362846375,1,ham10000,ISIC_0032318,bcc,HAM_0006444
1,0.5196734666824341,1,ham10000,ISIC_0033333,mel,HAM_0006445
0,0.31055623292922974,1,ham10000,ISIC_0025591,nv,HAM_0006446
0,0.07544346153736115,0,ham10000,ISIC_0031276,vasc,HAM_0006447
0,0.39880913496017456,1,ham10000,ISIC_0028912,nv,HAM_0006448
0,0.0990036278963089,0,ham10000,ISIC_0028604,nv,HAM_0006449
0,0.05905595421791077,0,ham10000,ISIC_0028724,nv,HAM_0006450
0,0.26346731185913086,1,ham10000,ISIC_0032274,nv,HAM_0006451
0,0.047683235257864,0,ham10000,ISIC_0030424,nv,HAM_0006452
1,0.5637359619140625,1,ham10000,ISIC_0025744,mel,HAM_0006453
0,0.3755732774734497,1,ham10000,ISIC_0030009,nv,HAM_0006454
0,0.10033877938985825,0,ham10000,ISIC_0029690,nv,HAM_0006455
0,0.511082112789154,1,ham10000,ISIC_0032305,nv,HAM_0006456
0,0.11523124575614929,0,ham10000,ISIC_0027987,nv,HAM_0006457
0,0.32450467348098755,1,ham10000,ISIC_0027578,nv,HAM_0006458
0,0.1425352245569229,1,ham10000,ISIC_0033011,nv,HAM_0006459
0,0.08221858739852905,0,ham10000,ISIC_0027292,nv,HAM_0006460
0,0.1453200876712799,1,ham10000,ISIC_0026830,nv,HAM_0006461
1,0.32057029008865356,1,ham10000,ISIC_0033520,mel,HAM_0006462
0,0.06476400047540665,0,ham10000,ISIC_0028515,nv,HAM_0006463
0,0.06475718319416046,0,ham10000,ISIC_0025424,nv,HAM_0006464
1,0.5436243414878845,1,ham10000,ISIC_0030813,bcc,HAM_0006465
0,0.026616927236318588,0,ham10000,ISIC_0024495,bkl,HAM_0006466
1,0.6017439365386963,1,ham10000,ISIC_0027622,mel,HAM_0006467
0,0.08890978246927261,0,ham10000,ISIC_0030162,nv,HAM_0006468
0,0.17977511882781982,1,ham10000,ISIC_0024479,nv,HAM_0006469
0,0.11809056997299194,0,ham10000,ISIC_0027978,nv,HAM_0006470
0,0.33561545610427856,1,ham10000,ISIC_0028187,nv,HAM_0006471
0,0.18971559405326843,1,ham10000,ISIC_0027394,bkl,HAM_0006472
0,0.13994503021240234,0,ham10000,ISIC_0026696,nv,HAM_0006473
0,0.28569597005844116,1,ham10000,ISIC_0030262,nv,HAM_0006474
0,0.613848865032196,1,ham10000,ISIC_0030965,bkl,HAM_0006475
0,0.08878161013126373,0,ham10000,ISIC_0031877,nv,HAM_0006476
0,0.06896556168794632,0,ham10000,ISIC_0029237,nv,HAM_0006477
0,0.5013954639434814,1,ham10000,ISIC_0025210,nv,HAM_0006478
0,0.12464623898267746,0,ham10000,ISIC_0026004,nv,HAM_0006479
0,0.19355984032154083,1,ham10000,ISIC_0026536,nv,HAM_0006480
1,0.5961350798606873,1,ham10000,ISIC_0026492,akiec,HAM_0006481
1,0.3648195266723633,1,ham10000,ISIC_0027506,akiec,HAM_0006482
1,0.3838054835796356,1,ham10000,ISIC_0032371,akiec,HAM_0006483
0,0.359768807888031,1,ham10000,ISIC_0027244,nv,HAM_0006484
0,0.08577762544155121,0,ham10000,ISIC_0024423,nv,HAM_0006485
0,0.2826099097728729,1,ham10000,ISIC_0026880,nv,HAM_0006486
0,0.07335057109594345,0,ham10000,ISIC_0028617,nv,HAM_0006487
0,0.24779197573661804,1,ham10000,ISIC_0031066,nv,HAM_0006488
0,0.6157784461975098,1,ham10000,ISIC_0029624,nv,HAM_0006489
0,0.4031336307525635,1,ham10000,ISIC_0024979,nv,HAM_0006490
0,0.282193124294281,1,ham10000,ISIC_0033070,nv,HAM_0006491
0,0.25545963644981384,1,ham10000,ISIC_0031092,nv,HAM_0006492
0,0.13883791863918304,0,ham10000,ISIC_0024950,nv,HAM_0006493
0,0.04250860586762428,0,ham10000,ISIC_0029714,nv,HAM_0006494
0,0.06586043536663055,0,ham10000,ISIC_0025215,nv,HAM_0006495
0,0.8428464531898499,1,ham10000,ISIC_0032579,nv,HAM_0006496
1,0.3825412690639496,1,ham10000,ISIC_0027302,mel,HAM_0006497
0,0.02058095671236515,0,ham10000,ISIC_0028446,nv,HAM_0006498
0,0.08204948902130127,0,ham10000,ISIC_0031027,nv,HAM_0006499
0,0.37634822726249695,1,ham10000,ISIC_0032479,nv,HAM_0006500
0,0.06620196998119354,0,ham10000,ISIC_0025873,vasc,HAM_0006501
0,0.13953295350074768,0,ham10000,ISIC_0029312,nv,HAM_0006502
0,0.12138307839632034,0,ham10000,ISIC_0032217,nv,HAM_0006503
0,0.12382523715496063,0,ham10000,ISIC_0031098,nv,HAM_0006504
0,0.31007665395736694,1,ham10000,ISIC_0031343,nv,HAM_0006505
0,0.09177758544683456,0,ham10000,ISIC_0028408,nv,HAM_0006506
0,0.19223472476005554,1,ham10000,ISIC_0026585,nv,HAM_0006507
0,0.0962197333574295,0,ham10000,ISIC_0030342,nv,HAM_0006508
0,0.0794491097331047,0,ham10000,ISIC_0025733,nv,HAM_0006509
0,0.38162702322006226,1,ham10000,ISIC_0029828,nv,HAM_0006510
0,0.157181054353714,1,ham10000,ISIC_0029892,nv,HAM_0006511
0,0.1469956785440445,1,ham10000,ISIC_0027614,nv,HAM_0006512
0,0.5942290425300598,1,ham10000,ISIC_0030783,bkl,HAM_0006513
0,0.08656874299049377,0,ham10000,ISIC_0026559,nv,HAM_0006514
0,0.28340595960617065,1,ham10000,ISIC_0025828,nv,HAM_0006515
0,0.785376787185669,1,ham10000,ISIC_0033315,nv,HAM_0006516
1,0.7057953476905823,1,ham10000,ISIC_0032672,mel,HAM_0006517
0,0.2410520613193512,1,ham10000,ISIC_0027618,nv,HAM_0006518
0,0.10069818049669266,0,ham10000,ISIC_0025258,nv,HAM_0006519
0,0.16486531496047974,1,ham10000,ISIC_0032767,nv,HAM_0006520
1,0.3543931543827057,1,ham10000,ISIC_0025155,mel,HAM_0006521
1,0.27744731307029724,1,ham10000,ISIC_0026369,mel,HAM_0006522
0,0.400993674993515,1,ham10000,ISIC_0027919,nv,HAM_0006523
1,0.23704949021339417,1,ham10000,ISIC_0024763,akiec,HAM_0006524
0,0.4836018979549408,1,ham10000,ISIC_0027018,bkl,HAM_0006525
0,0.12655533850193024,0,ham10000,ISIC_0026671,nv,HAM_0006526
1,0.38931378722190857,1,ham10000,ISIC_0029094,mel,HAM_0006527
0,0.09194903820753098,0,ham10000,ISIC_0032763,bkl,HAM_0006528
0,0.37665101885795593,1,ham10000,ISIC_0024695,nv,HAM_0006529
0,0.43596479296684265,1,ham10000,ISIC_0029686,nv,HAM_0006530
0,0.2672532796859741,1,ham10000,ISIC_0027681,bkl,HAM_0006531
0,0.049528107047080994,0,ham10000,ISIC_0026435,nv,HAM_0006532
0,0.42540442943573,1,ham10000,ISIC_0028497,bkl,HAM_0006533
0,0.21028698980808258,1,ham10000,ISIC_0028778,nv,HAM_0006534
0,0.2179577797651291,1,ham10000,ISIC_0032069,nv,HAM_0006535
0,0.3030875623226166,1,ham10000,ISIC_0032171,nv,HAM_0006536
0,0.23324552178382874,1,ham10000,ISIC_0029815,nv,HAM_0006537
1,0.5008804798126221,1,ham10000,ISIC_0029397,mel,HAM_0006538
0,0.2578474283218384,1,ham10000,ISIC_0032516,nv,HAM_0006539
1,0.32789599895477295,1,ham10000,ISIC_0032988,mel,HAM_0006540
0,0.2906346023082733,1,ham10000,ISIC_0024883,bkl,HAM_0006541
0,0.8406901359558105,1,ham10000,ISIC_0030015,df,HAM_0006542
0,0.21024703979492188,1,ham10000,ISIC_0026096,nv,HAM_0006543
0,0.1477288156747818,1,ham10000,ISIC_0031881,nv,HAM_0006544
1,0.18512269854545593,1,ham10000,ISIC_0032598,mel,HAM_0006545
0,0.3388415575027466,1,ham10000,ISIC_0030413,nv,HAM_0006546
0,0.4699697196483612,1,ham10000,ISIC_0027258,nv,HAM_0006547
1,0.6980737447738647,1,ham10000,ISIC_0030010,bcc,HAM_0006548
0,0.4190942943096161,1,ham10000,ISIC_0033007,nv,HAM_0006550
0,0.11994360387325287,0,ham10000,ISIC_0027970,nv,HAM_0006551
0,0.17583855986595154,1,ham10000,ISIC_0024531,nv,HAM_0006552
0,0.004850769881159067,0,ham10000,ISIC_0026942,nv,HAM_0006553
0,0.09387079626321793,0,ham10000,ISIC_0028866,nv,HAM_0006554
0,0.3243751525878906,1,ham10000,ISIC_0030405,nv,HAM_0006555
1,0.4128917157649994,1,ham10000,ISIC_0027402,mel,HAM_0006556
0,0.11618603765964508,0,ham10000,ISIC_0025334,nv,HAM_0006557
0,0.6258473992347717,1,ham10000,ISIC_0031639,bkl,HAM_0006558
0,0.03989029675722122,0,ham10000,ISIC_0033455,nv,HAM_0006559
1,0.22352354228496552,1,ham10000,ISIC_0026729,akiec,HAM_0006560
0,0.0647529736161232,0,ham10000,ISIC_0026612,nv,HAM_0006561
0,0.10330388695001602,0,ham10000,ISIC_0031084,nv,HAM_0006562
0,0.003368259407579899,0,ham10000,ISIC_0026477,bkl,HAM_0006563
1,0.24545840919017792,1,ham10000,ISIC_0031721,bcc,HAM_0006564
0,0.48393017053604126,1,ham10000,ISIC_0027489,nv,HAM_0006565
1,0.6290342211723328,1,ham10000,ISIC_0032535,mel,HAM_0006566
0,0.060785822570323944,0,ham10000,ISIC_0032649,nv,HAM_0006567
0,0.33575016260147095,1,ham10000,ISIC_0025615,nv,HAM_0006568
0,0.20632916688919067,1,ham10000,ISIC_0030483,nv,HAM_0006569
0,0.8154088854789734,1,ham10000,ISIC_0030343,nv,HAM_0006570
0,0.13133926689624786,0,ham10000,ISIC_0025418,nv,HAM_0006571
1,0.7464030981063843,1,ham10000,ISIC_0026091,bcc,HAM_0006572
0,0.09739698469638824,0,ham10000,ISIC_0026918,nv,HAM_0006573
0,0.024448957294225693,0,ham10000,ISIC_0025567,bkl,HAM_0006574
1,0.5715110301971436,1,ham10000,ISIC_0029391,bcc,HAM_0006575
0,0.20587654411792755,1,ham10000,ISIC_0024606,nv,HAM_0006576
0,0.21415483951568604,1,ham10000,ISIC_0030671,nv,HAM_0006578
0,0.06033290550112724,0,ham10000,ISIC_0030668,nv,HAM_0006579
0,0.2677009403705597,1,ham10000,ISIC_0025376,bkl,HAM_0006580
0,0.07945472747087479,0,ham10000,ISIC_0026231,nv,HAM_0006581
0,0.22308257222175598,1,ham10000,ISIC_0029487,nv,HAM_0006582
0,0.20316216349601746,1,ham10000,ISIC_0026177,nv,HAM_0006583
0,0.22959686815738678,1,ham10000,ISIC_0024983,nv,HAM_0006584
0,0.10588894784450531,0,ham10000,ISIC_0024455,nv,HAM_0006585
1,0.511759340763092,1,ham10000,ISIC_0034026,bcc,HAM_0006586
1,0.3197781443595886,1,ham10000,ISIC_0025780,akiec,HAM_0006587
1,0.20067575573921204,1,ham10000,ISIC_0031552,bcc,HAM_0006588
0,0.10269682854413986,0,ham10000,ISIC_0031187,nv,HAM_0006589
0,0.21768637001514435,1,ham10000,ISIC_0029694,nv,HAM_0006590
0,0.6587766408920288,1,ham10000,ISIC_0030678,nv,HAM_0006591
1,0.5186192989349365,1,ham10000,ISIC_0024925,akiec,HAM_0006592
1,0.26539722084999084,1,ham10000,ISIC_0025708,mel,HAM_0006593
1,0.47185027599334717,1,ham10000,ISIC_0025195,mel,HAM_0006594
0,0.46247971057891846,1,ham10000,ISIC_0028223,bkl,HAM_0006595
0,0.7176946997642517,1,ham10000,ISIC_0027005,nv,HAM_0006596
0,0.09987247735261917,0,ham10000,ISIC_0028657,nv,HAM_0006597
0,0.46754884719848633,1,ham10000,ISIC_0024508,nv,HAM_0006598
0,0.09168660640716553,0,ham10000,ISIC_0025141,nv,HAM_0006599
0,0.07473433017730713,0,ham10000,ISIC_0028891,nv,HAM_0006600
0,0.3132587969303131,1,ham10000,ISIC_0031511,bkl,HAM_0006601
0,0.5037063956260681,1,ham10000,ISIC_0026598,nv,HAM_0006602
1,0.19099007546901703,1,ham10000,ISIC_0030821,akiec,HAM_0006604
0,0.17348971962928772,1,ham10000,ISIC_0026055,nv,HAM_0006605
0,0.18119743466377258,1,ham10000,ISIC_0028794,nv,HAM_0006606
0,0.20674118399620056,1,ham10000,ISIC_0026985,nv,HAM_0006607
0,0.6750528216362,1,ham10000,ISIC_0025491,nv,HAM_0006608
1,0.6481159925460815,1,ham10000,ISIC_0031266,bcc,HAM_0006609
0,0.36717501282691956,1,ham10000,ISIC_0033250,nv,HAM_0006610
0,0.100131094455719,0,ham10000,ISIC_0028985,nv,HAM_0006611
0,0.19997616112232208,1,ham10000,ISIC_0031426,nv,HAM_0006612
0,0.28946399688720703,1,ham10000,ISIC_0031894,nv,HAM_0006613
0,0.13596513867378235,0,ham10000,ISIC_0027927,nv,HAM_0006614
0,0.20697049796581268,1,ham10000,ISIC_0032780,nv,HAM_0006615
0,0.21090149879455566,1,ham10000,ISIC_0031794,nv,HAM_0006616
0,0.6228823065757751,1,ham10000,ISIC_0024669,vasc,HAM_0006617
0,0.24185620248317719,1,ham10000,ISIC_0028804,nv,HAM_0006618
0,0.2799454629421234,1,ham10000,ISIC_0029983,nv,HAM_0006619
0,0.07748997211456299,0,ham10000,ISIC_0029378,nv,HAM_0006620
0,0.3774336874485016,1,ham10000,ISIC_0026649,nv,HAM_0006621
0,0.21801133453845978,1,ham10000,ISIC_0025939,bkl,HAM_0006622
0,0.3674357533454895,1,ham10000,ISIC_0033404,nv,HAM_0006623
1,0.7562141418457031,1,ham10000,ISIC_0027595,bcc,HAM_0006624
0,0.30173879861831665,1,ham10000,ISIC_0034043,nv,HAM_0006625
1,0.5507074594497681,1,ham10000,ISIC_0029914,mel,HAM_0006626
0,0.3250313103199005,1,ham10000,ISIC_0029511,nv,HAM_0006627
0,0.6217612624168396,1,ham10000,ISIC_0033111,nv,HAM_0006628
0,0.009303567931056023,0,ham10000,ISIC_0025689,nv,HAM_0006629
0,0.5331882834434509,1,ham10000,ISIC_0032063,bkl,HAM_0006630
1,0.11755768954753876,0,ham10000,ISIC_0027814,bcc,HAM_0006631
0,0.12071883678436279,0,ham10000,ISIC_0026196,nv,HAM_0006632
0,0.12416771799325943,0,ham10000,ISIC_0028598,nv,HAM_0006633
0,0.06151987612247467,0,ham10000,ISIC_0033227,nv,HAM_0006634
1,0.2945771813392639,1,ham10000,ISIC_0028900,mel,HAM_0006635
1,0.8330559134483337,1,ham10000,ISIC_0028051,mel,HAM_0006636
0,0.07081643491983414,0,ham10000,ISIC_0033435,nv,HAM_0006637
0,0.055616918951272964,0,ham10000,ISIC_0025220,nv,HAM_0006638
0,0.3354499042034149,1,ham10000,ISIC_0028733,nv,HAM_0006639
0,0.08155889064073563,0,ham10000,ISIC_0029551,nv,HAM_0006640
0,0.14142733812332153,1,ham10000,ISIC_0026659,nv,HAM_0006641
0,0.15403389930725098,1,ham10000,ISIC_0030916,nv,HAM_0006642
0,0.18397068977355957,1,ham10000,ISIC_0033982,nv,HAM_0006643
0,0.25213271379470825,1,ham10000,ISIC_0033882,nv,HAM_0006644
0,0.19432683289051056,1,ham10000,ISIC_0024818,nv,HAM_0006645
0,0.25978103280067444,1,ham10000,ISIC_0030320,nv,HAM_0006646
0,0.2232361137866974,1,ham10000,ISIC_0030895,nv,HAM_0006647
0,0.14058518409729004,1,ham10000,ISIC_0027981,nv,HAM_0006648
0,0.3740980327129364,1,ham10000,ISIC_0031995,nv,HAM_0006649
0,0.2593180537223816,1,ham10000,ISIC_0032502,nv,HAM_0006650
1,0.7703190445899963,1,ham10000,ISIC_0032182,mel,HAM_0006651
0,0.2747374176979065,1,ham10000,ISIC_0030123,bkl,HAM_0006652
0,0.17849066853523254,1,ham10000,ISIC_0025320,nv,HAM_0006653
0,0.6832494735717773,1,ham10000,ISIC_0032556,bkl,HAM_0006654
0,0.2948606014251709,1,ham10000,ISIC_0025994,nv,HAM_0006655
0,0.21297192573547363,1,ham10000,ISIC_0028192,nv,HAM_0006656
0,0.06499780714511871,0,ham10000,ISIC_0030541,nv,HAM_0006657
1,0.5091522336006165,1,ham10000,ISIC_0026154,bcc,HAM_0006658
0,0.24475838243961334,1,ham10000,ISIC_0028160,nv,HAM_0006659
0,0.07881218940019608,0,ham10000,ISIC_0025055,nv,HAM_0006660
0,0.1082589253783226,0,ham10000,ISIC_0026465,nv,HAM_0006661
0,0.15118570625782013,1,ham10000,ISIC_0030457,nv,HAM_0006662
0,0.39572691917419434,1,ham10000,ISIC_0033201,bkl,HAM_0006663
0,0.2765215337276459,1,ham10000,ISIC_0029833,nv,HAM_0006664
0,0.0391245037317276,0,ham10000,ISIC_0030775,nv,HAM_0006665
0,0.2819738984107971,1,ham10000,ISIC_0032908,nv,HAM_0006666
0,0.06752415746450424,0,ham10000,ISIC_0031744,nv,HAM_0006667
0,0.2485801875591278,1,ham10000,ISIC_0027808,nv,HAM_0006668
0,0.34979724884033203,1,ham10000,ISIC_0026137,nv,HAM_0006669
0,0.5096355676651001,1,ham10000,ISIC_0027335,bkl,HAM_0006670
0,0.17203864455223083,1,ham10000,ISIC_0027843,nv,HAM_0006671
0,0.03779888153076172,0,ham10000,ISIC_0029096,nv,HAM_0006672
0,0.40134960412979126,1,ham10000,ISIC_0032719,bkl,HAM_0006673
0,0.36817386746406555,1,ham10000,ISIC_0029280,nv,HAM_0006674
0,0.11353100836277008,0,ham10000,ISIC_0032846,nv,HAM_0006675
0,0.16188038885593414,1,ham10000,ISIC_0026221,nv,HAM_0006676
0,0.15770603716373444,1,ham10000,ISIC_0025426,nv,HAM_0006677
0,0.38034480810165405,1,ham10000,ISIC_0028727,nv,HAM_0006678
0,0.27048832178115845,1,ham10000,ISIC_0031267,nv,HAM_0006679
0,0.0703027993440628,0,ham10000,ISIC_0028458,nv,HAM_0006680
0,0.07768334448337555,0,ham10000,ISIC_0030219,nv,HAM_0006681
0,0.20682747662067413,1,ham10000,ISIC_0027778,nv,HAM_0006682
0,0.24165013432502747,1,ham10000,ISIC_0031139,nv,HAM_0006683
0,0.048574041575193405,0,ham10000,ISIC_0029614,nv,HAM_0006684
0,0.030353816226124763,0,ham10000,ISIC_0025542,nv,HAM_0006685
0,0.5169916152954102,1,ham10000,ISIC_0028292,nv,HAM_0006686
0,0.18128210306167603,1,ham10000,ISIC_0031273,nv,HAM_0006687
0,0.42993447184562683,1,ham10000,ISIC_0030699,nv,HAM_0006688
0,0.5032995343208313,1,ham10000,ISIC_0024493,nv,HAM_0006689
0,0.08577108383178711,0,ham10000,ISIC_0028942,nv,HAM_0006690
0,0.23956571519374847,1,ham10000,ISIC_0030797,nv,HAM_0006691
1,0.14005227386951447,0,ham10000,ISIC_0029163,mel,HAM_0006692
0,0.478308767080307,1,ham10000,ISIC_0024462,nv,HAM_0006693
0,0.1859070062637329,1,ham10000,ISIC_0029657,nv,HAM_0006694
0,0.14729923009872437,1,ham10000,ISIC_0029224,nv,HAM_0006695
1,0.40052902698516846,1,ham10000,ISIC_0026094,mel,HAM_0006696
0,0.10040957480669022,0,ham10000,ISIC_0030272,bkl,HAM_0006697
0,0.14159584045410156,1,ham10000,ISIC_0026771,nv,HAM_0006698
1,0.11563596874475479,0,ham10000,ISIC_0024571,mel,HAM_0006699
0,0.27492469549179077,1,ham10000,ISIC_0032659,nv,HAM_0006700
0,0.10966817289590836,0,ham10000,ISIC_0029310,nv,HAM_0006701
0,0.31534120440483093,1,ham10000,ISIC_0030580,nv,HAM_0006702
0,0.29911959171295166,1,ham10000,ISIC_0031833,nv,HAM_0006703
0,0.32375726103782654,1,ham10000,ISIC_0025464,nv,HAM_0006704
0,0.15847045183181763,1,ham10000,ISIC_0024840,nv,HAM_0006705
0,0.43153899908065796,1,ham10000,ISIC_0031725,nv,HAM_0006706
0,0.5911917090415955,1,ham10000,ISIC_0030870,df,HAM_0006707
1,0.6495521068572998,1,ham10000,ISIC_0027189,bcc,HAM_0006708
0,0.6852546334266663,1,ham10000,ISIC_0031158,nv,HAM_0006709
0,0.2443048059940338,1,ham10000,ISIC_0028324,nv,HAM_0006710
0,0.25494372844696045,1,ham10000,ISIC_0027010,nv,HAM_0006711
0,0.24477769434452057,1,ham10000,ISIC_0025072,nv,HAM_0006712
0,0.1216767430305481,0,ham10000,ISIC_0030527,nv,HAM_0006713
0,0.14984473586082458,1,ham10000,ISIC_0029850,nv,HAM_0006714
0,0.07292716950178146,0,ham10000,ISIC_0025161,nv,HAM_0006715
0,0.0851021260023117,0,ham10000,ISIC_0024434,nv,HAM_0006716
0,0.1564846783876419,1,ham10000,ISIC_0027890,nv,HAM_0006717
0,0.20898392796516418,1,ham10000,ISIC_0026763,nv,HAM_0006718
0,0.4763254225254059,1,ham10000,ISIC_0027409,nv,HAM_0006719
0,0.006649079266935587,0,ham10000,ISIC_0024725,nv,HAM_0006720
1,0.3702786862850189,1,ham10000,ISIC_0030443,mel,HAM_0006722
0,0.12078358978033066,0,ham10000,ISIC_0026365,bkl,HAM_0006723
0,0.0020807546097785234,0,ham10000,ISIC_0026022,nv,HAM_0006725
0,0.342826247215271,1,ham10000,ISIC_0027736,nv,HAM_0006726
1,0.3079248368740082,1,ham10000,ISIC_0024582,bcc,HAM_0006727
0,0.1728782206773758,1,ham10000,ISIC_0031365,nv,HAM_0006728
0,0.18789733946323395,1,ham10000,ISIC_0031790,nv,HAM_0006729
0,0.08666422963142395,0,ham10000,ISIC_0025657,nv,HAM_0006730
0,0.1875862181186676,1,ham10000,ISIC_0026683,nv,HAM_0006731
0,0.5461252927780151,1,ham10000,ISIC_0024336,bkl,HAM_0006732
0,0.19373519718647003,1,ham10000,ISIC_0024804,nv,HAM_0006733
0,0.3317139744758606,1,ham10000,ISIC_0029794,nv,HAM_0006734
0,0.19564154744148254,1,ham10000,ISIC_0029615,nv,HAM_0006735
0,0.16909605264663696,1,ham10000,ISIC_0024492,nv,HAM_0006736
0,0.27279266715049744,1,ham10000,ISIC_0029302,bkl,HAM_0006737
0,0.11907771974802017,0,ham10000,ISIC_0029374,nv,HAM_0006738
1,0.45526212453842163,1,ham10000,ISIC_0028901,mel,HAM_0006739
0,0.2580995559692383,1,ham10000,ISIC_0025886,nv,HAM_0006741
0,0.11796314269304276,0,ham10000,ISIC_0024813,nv,HAM_0006742
0,0.2487550973892212,1,ham10000,ISIC_0030055,nv,HAM_0006743
1,0.31139588356018066,1,ham10000,ISIC_0031561,mel,HAM_0006744
0,0.15086472034454346,1,ham10000,ISIC_0026363,nv,HAM_0006745
1,0.5452660918235779,1,ham10000,ISIC_0026872,akiec,HAM_0006746
0,0.05470525100827217,0,ham10000,ISIC_0029223,nv,HAM_0006747
0,0.2848525941371918,1,ham10000,ISIC_0025924,vasc,HAM_0006748
0,0.2368462234735489,1,ham10000,ISIC_0029198,nv,HAM_0006749
1,0.3678828477859497,1,ham10000,ISIC_0024400,mel,HAM_0006751
0,0.1515619158744812,1,ham10000,ISIC_0031842,nv,HAM_0006752
0,0.11371886730194092,0,ham10000,ISIC_0028073,nv,HAM_0006753
0,0.22431033849716187,1,ham10000,ISIC_0029664,nv,HAM_0006754
0,0.4733445346355438,1,ham10000,ISIC_0025339,bkl,HAM_0006755
0,0.083201564848423,0,ham10000,ISIC_0026037,nv,HAM_0006756
0,0.09213659167289734,0,ham10000,ISIC_0024497,nv,HAM_0006757
0,0.11623280495405197,0,ham10000,ISIC_0029234,nv,HAM_0006758
0,0.1252618283033371,0,ham10000,ISIC_0030254,nv,HAM_0006759
0,0.1734810322523117,1,ham10000,ISIC_0031559,nv,HAM_0006760
0,0.2861899733543396,1,ham10000,ISIC_0029866,nv,HAM_0006761
0,0.1255437731742859,0,ham10000,ISIC_0029467,nv,HAM_0006762
1,0.4715195894241333,1,ham10000,ISIC_0034005,mel,HAM_0006763
1,0.25390931963920593,1,ham10000,ISIC_0024647,mel,HAM_0006764
1,0.444001168012619,1,ham10000,ISIC_0029352,bcc,HAM_0006765
0,0.37041881680488586,1,ham10000,ISIC_0033374,nv,HAM_0006766
0,0.1697750836610794,1,ham10000,ISIC_0031033,nv,HAM_0006767
0,0.11022959649562836,0,ham10000,ISIC_0028284,nv,HAM_0006768
0,0.48891523480415344,1,ham10000,ISIC_0030721,bkl,HAM_0006769
0,0.11643628031015396,0,ham10000,ISIC_0027905,bkl,HAM_0006770
0,0.3387221097946167,1,ham10000,ISIC_0030624,nv,HAM_0006771
0,0.08591531962156296,0,ham10000,ISIC_0026135,bkl,HAM_0006772
0,0.22159826755523682,1,ham10000,ISIC_0026680,nv,HAM_0006773
0,0.27754589915275574,1,ham10000,ISIC_0025256,nv,HAM_0006774
0,0.17333275079727173,1,ham10000,ISIC_0028661,nv,HAM_0006776
0,0.41095206141471863,1,ham10000,ISIC_0028181,nv,HAM_0006777
0,0.29296305775642395,1,ham10000,ISIC_0030617,nv,HAM_0006778
1,0.3037608861923218,1,ham10000,ISIC_0028860,mel,HAM_0006779
0,0.3057960271835327,1,ham10000,ISIC_0031021,nv,HAM_0006780
0,0.1641659289598465,1,ham10000,ISIC_0025765,nv,HAM_0006781
0,0.02093738690018654,0,ham10000,ISIC_0032581,nv,HAM_0006782
0,0.3151717483997345,1,ham10000,ISIC_0025624,nv,HAM_0006783
0,0.14372262358665466,1,ham10000,ISIC_0025486,nv,HAM_0006784
0,0.2702120542526245,1,ham10000,ISIC_0026169,nv,HAM_0006785
0,0.3430823087692261,1,ham10000,ISIC_0029436,nv,HAM_0006786
0,0.7398986220359802,1,ham10000,ISIC_0026471,df,HAM_0006787
0,0.18488912284374237,1,ham10000,ISIC_0026482,nv,HAM_0006788
0,0.17243361473083496,1,ham10000,ISIC_0024976,nv,HAM_0006789
0,0.6481751799583435,1,ham10000,ISIC_0028625,nv,HAM_0006790
0,0.23977167904376984,1,ham10000,ISIC_0025514,nv,HAM_0006791
0,0.21565696597099304,1,ham10000,ISIC_0026460,nv,HAM_0006792
0,0.29112565517425537,1,ham10000,ISIC_0030796,nv,HAM_0006793
0,0.5475701093673706,1,ham10000,ISIC_0030830,df,HAM_0006794
0,0.7081049680709839,1,ham10000,ISIC_0031892,nv,HAM_0006795
0,0.22514744102954865,1,ham10000,ISIC_0025707,vasc,HAM_0006796
0,0.14214569330215454,1,ham10000,ISIC_0025754,nv,HAM_0006797
0,0.3366093039512634,1,ham10000,ISIC_0024685,nv,HAM_0006798
0,0.5781219005584717,1,ham10000,ISIC_0032677,nv,HAM_0006799
1,0.6868075728416443,1,ham10000,ISIC_0029747,bcc,HAM_0006800
0,0.0078648766502738,0,ham10000,ISIC_0032570,bkl,HAM_0006801
1,0.11434201896190643,0,ham10000,ISIC_0032610,mel,HAM_0006802
1,0.5914806723594666,1,ham10000,ISIC_0024545,mel,HAM_0006803
0,0.31258803606033325,1,ham10000,ISIC_0028341,nv,HAM_0006804
0,0.03588778153061867,0,ham10000,ISIC_0029772,nv,HAM_0006805
0,0.12851518392562866,0,ham10000,ISIC_0026681,nv,HAM_0006806
0,0.48831096291542053,1,ham10000,ISIC_0031341,nv,HAM_0006807
0,0.11138316243886948,0,ham10000,ISIC_0027438,nv,HAM_0006808
0,0.15148743987083435,1,ham10000,ISIC_0031690,nv,HAM_0006809
0,0.5547168254852295,1,ham10000,ISIC_0030546,nv,HAM_0006810
0,0.3558630645275116,1,ham10000,ISIC_0024794,nv,HAM_0006811
0,0.35482698678970337,1,ham10000,ISIC_0024637,nv,HAM_0006812
0,0.21774891018867493,1,ham10000,ISIC_0033167,nv,HAM_0006813
0,0.1166914701461792,0,ham10000,ISIC_0032264,nv,HAM_0006814
0,0.42164182662963867,1,ham10000,ISIC_0026254,df,HAM_0006816
0,0.08880996704101562,0,ham10000,ISIC_0030269,nv,HAM_0006817
0,0.1317618191242218,0,ham10000,ISIC_0031723,nv,HAM_0006818
0,0.34515082836151123,1,ham10000,ISIC_0025590,nv,HAM_0006819
0,0.17611585557460785,1,ham10000,ISIC_0025460,nv,HAM_0006820
0,0.13511432707309723,0,ham10000,ISIC_0027535,nv,HAM_0006821
0,0.13154247403144836,0,ham10000,ISIC_0030350,nv,HAM_0006822
1,0.5082705020904541,1,ham10000,ISIC_0032958,mel,HAM_0006824
0,0.1394975781440735,0,ham10000,ISIC_0030997,nv,HAM_0006825
0,0.18477940559387207,1,ham10000,ISIC_0025129,nv,HAM_0006826
0,0.21197454631328583,1,ham10000,ISIC_0031702,bkl,HAM_0006827
1,0.5552573800086975,1,ham10000,ISIC_0031977,mel,HAM_0006828
0,0.48261943459510803,1,ham10000,ISIC_0024619,nv,HAM_0006829
0,0.056255947798490524,0,ham10000,ISIC_0032285,nv,HAM_0006830
0,0.3275093734264374,1,ham10000,ISIC_0030545,nv,HAM_0006831
1,0.8275971412658691,1,ham10000,ISIC_0028915,mel,HAM_0006832
1,0.3707512617111206,1,ham10000,ISIC_0030512,mel,HAM_0006833
1,0.6429687738418579,1,ham10000,ISIC_0027526,bcc,HAM_0006834
0,0.36035531759262085,1,ham10000,ISIC_0026577,nv,HAM_0006835
0,0.186289444565773,1,ham10000,ISIC_0025678,nv,HAM_0006836
0,0.08402734994888306,0,ham10000,ISIC_0025834,nv,HAM_0006837
0,0.24359746277332306,1,ham10000,ISIC_0028506,nv,HAM_0006838
0,0.20212852954864502,1,ham10000,ISIC_0028683,nv,HAM_0006839
0,0.400484561920166,1,ham10000,ISIC_0025844,nv,HAM_0006840
0,0.1145319789648056,0,ham10000,ISIC_0026102,nv,HAM_0006841
0,0.16385072469711304,1,ham10000,ISIC_0030728,nv,HAM_0006842
1,0.44721677899360657,1,ham10000,ISIC_0024457,bcc,HAM_0006843
1,0.19374805688858032,1,ham10000,ISIC_0028688,bcc,HAM_0006844
0,0.09139220416545868,0,ham10000,ISIC_0030170,nv,HAM_0006845
0,0.2936115264892578,1,ham10000,ISIC_0027199,nv,HAM_0006846
0,0.4977005124092102,1,ham10000,ISIC_0025095,nv,HAM_0006847
0,0.3387579023838043,1,ham10000,ISIC_0031129,nv,HAM_0006848
0,0.2228795886039734,1,ham10000,ISIC_0028189,nv,HAM_0006849
0,0.20034052431583405,1,ham10000,ISIC_0030186,nv,HAM_0006850
1,0.6304419040679932,1,ham10000,ISIC_0031976,bcc,HAM_0006851
0,0.07382232695817947,0,ham10000,ISIC_0032715,vasc,HAM_0006852
0,0.2881135940551758,1,ham10000,ISIC_0031143,nv,HAM_0006853
0,0.12671323120594025,0,ham10000,ISIC_0030842,nv,HAM_0006855
0,0.18071280419826508,1,ham10000,ISIC_0025909,nv,HAM_0006856
0,0.14044873416423798,1,ham10000,ISIC_0033210,nv,HAM_0006857
0,0.3950716257095337,1,ham10000,ISIC_0031751,nv,HAM_0006858
0,0.03233787789940834,0,ham10000,ISIC_0032321,nv,HAM_0006859
0,0.32360216975212097,1,ham10000,ISIC_0032500,nv,HAM_0006860
0,0.280087411403656,1,ham10000,ISIC_0031216,nv,HAM_0006861
0,0.10258980840444565,0,ham10000,ISIC_0025296,nv,HAM_0006862
0,0.3732258677482605,1,ham10000,ISIC_0030907,nv,HAM_0006863
0,0.4444476068019867,1,ham10000,ISIC_0030045,nv,HAM_0006864
0,0.2355516403913498,1,ham10000,ISIC_0029842,nv,HAM_0006865
0,0.15782193839550018,1,ham10000,ISIC_0030713,nv,HAM_0006866
0,0.07826510816812515,0,ham10000,ISIC_0032147,nv,HAM_0006867
0,0.2112242430448532,1,ham10000,ISIC_0031050,bkl,HAM_0006868
0,0.13396058976650238,0,ham10000,ISIC_0032558,nv,HAM_0006869
1,0.2196018546819687,1,ham10000,ISIC_0027793,mel,HAM_0006870
0,0.20350231230258942,1,ham10000,ISIC_0026836,nv,HAM_0006871
1,0.6766673922538757,1,ham10000,ISIC_0024345,bcc,HAM_0006872
0,0.1365598887205124,0,ham10000,ISIC_0033566,nv,HAM_0006873
0,0.09107761830091476,0,ham10000,ISIC_0025017,nv,HAM_0006874
1,0.2668534815311432,1,ham10000,ISIC_0026575,akiec,HAM_0006875
0,0.46625006198883057,1,ham10000,ISIC_0032460,bkl,HAM_0006876
1,0.21168535947799683,1,ham10000,ISIC_0028227,mel,HAM_0006877
1,0.20631776750087738,1,ham10000,ISIC_0029573,akiec,HAM_0006879
0,0.17149850726127625,1,ham10000,ISIC_0029672,nv,HAM_0006880
0,0.12173529714345932,0,ham10000,ISIC_0025798,nv,HAM_0006881
0,0.4583253562450409,1,ham10000,ISIC_0032910,nv,HAM_0006882
0,0.3070564866065979,1,ham10000,ISIC_0032619,nv,HAM_0006883
0,0.16870802640914917,1,ham10000,ISIC_0029459,nv,HAM_0006884
0,0.32798588275909424,1,ham10000,ISIC_0027938,nv,HAM_0006885
1,0.5808096528053284,1,ham10000,ISIC_0032823,mel,HAM_0006886
1,0.098251573741436,0,ham10000,ISIC_0029500,akiec,HAM_0006887
0,0.21467436850070953,1,ham10000,ISIC_0026146,nv,HAM_0006888
0,0.028983334079384804,0,ham10000,ISIC_0031197,vasc,HAM_0006889
0,0.08107876032590866,0,ham10000,ISIC_0031983,nv,HAM_0006890
0,0.12947425246238708,0,ham10000,ISIC_0031367,nv,HAM_0006891
0,0.26969099044799805,1,ham10000,ISIC_0031444,nv,HAM_0006892
1,0.5980206727981567,1,ham10000,ISIC_0027084,akiec,HAM_0006893
0,0.08542574197053909,0,ham10000,ISIC_0029503,nv,HAM_0006894
0,0.46890151500701904,1,ham10000,ISIC_0030146,nv,HAM_0006895
1,0.19442853331565857,1,ham10000,ISIC_0024911,mel,HAM_0006896
0,0.1218884214758873,0,ham10000,ISIC_0028475,nv,HAM_0006897
1,0.11315438151359558,0,ham10000,ISIC_0029041,akiec,HAM_0006898
1,0.02486392855644226,0,ham10000,ISIC_0025128,mel,HAM_0006899
1,0.45537787675857544,1,ham10000,ISIC_0030080,mel,HAM_0006900
0,0.14871646463871002,1,ham10000,ISIC_0026700,nv,HAM_0006901
1,0.17389671504497528,1,ham10000,ISIC_0031506,akiec,HAM_0006902
0,0.22407974302768707,1,ham10000,ISIC_0031487,nv,HAM_0006903
1,0.06791240721940994,0,ham10000,ISIC_0027281,bcc,HAM_0006904
0,0.37730857729911804,1,ham10000,ISIC_0030451,nv,HAM_0006905
0,0.17302215099334717,1,ham10000,ISIC_0031254,nv,HAM_0006906
0,0.18546925485134125,1,ham10000,ISIC_0027953,bkl,HAM_0006907
1,0.6073505282402039,1,ham10000,ISIC_0025904,mel,HAM_0006908
0,0.2557201385498047,1,ham10000,ISIC_0031777,nv,HAM_0006909
0,0.05982197821140289,0,ham10000,ISIC_0028504,nv,HAM_0006910
0,0.04651789739727974,0,ham10000,ISIC_0025747,nv,HAM_0006911
0,0.5141850113868713,1,ham10000,ISIC_0026205,bkl,HAM_0006912
0,0.26151421666145325,1,ham10000,ISIC_0024683,nv,HAM_0006913
0,0.5728573799133301,1,ham10000,ISIC_0025254,nv,HAM_0006914
0,0.11149681359529495,0,ham10000,ISIC_0027439,nv,HAM_0006915
0,0.3505893349647522,1,ham10000,ISIC_0026618,nv,HAM_0006916
0,0.1809670627117157,1,ham10000,ISIC_0025861,nv,HAM_0006917
0,0.17655912041664124,1,ham10000,ISIC_0031491,nv,HAM_0006918
0,0.10985762625932693,0,ham10000,ISIC_0031724,nv,HAM_0006919
0,0.467853844165802,1,ham10000,ISIC_0025432,nv,HAM_0006920
0,0.6425575613975525,1,ham10000,ISIC_0030603,nv,HAM_0006921
0,0.1516047865152359,1,ham10000,ISIC_0024807,nv,HAM_0006922
1,0.6243093609809875,1,ham10000,ISIC_0032592,mel,HAM_0006923
0,0.2361053228378296,1,ham10000,ISIC_0032065,nv,HAM_0006924
0,0.4775957763195038,1,ham10000,ISIC_0033338,nv,HAM_0006925
0,0.527965247631073,1,ham10000,ISIC_0030839,nv,HAM_0006926
0,0.08093444257974625,0,ham10000,ISIC_0026312,nv,HAM_0006927
0,0.2894468307495117,1,ham10000,ISIC_0028097,nv,HAM_0006928
0,0.24323011934757233,1,ham10000,ISIC_0026542,nv,HAM_0006929
0,0.24494177103042603,1,ham10000,ISIC_0027818,nv,HAM_0006930
0,0.20137514173984528,1,ham10000,ISIC_0024588,nv,HAM_0006931
0,0.3485162854194641,1,ham10000,ISIC_0031192,nv,HAM_0006932
0,0.10125791281461716,0,ham10000,ISIC_0027594,nv,HAM_0006933
0,0.060315221548080444,0,ham10000,ISIC_0028287,nv,HAM_0006934
0,0.11923028528690338,0,ham10000,ISIC_0026628,nv,HAM_0006935
0,0.01732379011809826,0,ham10000,ISIC_0027729,nv,HAM_0006936
0,0.7282276749610901,1,ham10000,ISIC_0033613,bkl,HAM_0006938
0,0.27465584874153137,1,ham10000,ISIC_0031675,nv,HAM_0006939
1,0.7643289566040039,1,ham10000,ISIC_0027021,mel,HAM_0006940
0,0.1331811249256134,0,ham10000,ISIC_0025684,nv,HAM_0006941
1,0.11161922663450241,0,ham10000,ISIC_0027573,mel,HAM_0006942
0,0.2559965252876282,1,ham10000,ISIC_0027336,nv,HAM_0006943
0,0.13220123946666718,0,ham10000,ISIC_0030762,nv,HAM_0006944
0,0.06737720966339111,0,ham10000,ISIC_0026044,bkl,HAM_0006945
0,0.42633897066116333,1,ham10000,ISIC_0032614,vasc,HAM_0006946
0,0.2856758236885071,1,ham10000,ISIC_0031662,nv,HAM_0006947
0,0.2592770755290985,1,ham10000,ISIC_0026463,nv,HAM_0006948
0,0.19719107449054718,1,ham10000,ISIC_0031886,nv,HAM_0006949
0,0.24896468222141266,1,ham10000,ISIC_0027215,nv,HAM_0006950
0,0.3397233486175537,1,ham10000,ISIC_0030482,nv,HAM_0006951
0,0.1581474095582962,1,ham10000,ISIC_0027543,nv,HAM_0006952
0,0.17755204439163208,1,ham10000,ISIC_0026175,nv,HAM_0006953
1,0.6175897717475891,1,ham10000,ISIC_0025105,mel,HAM_0006955
0,0.35553836822509766,1,ham10000,ISIC_0030547,nv,HAM_0006956
0,0.2512037754058838,1,ham10000,ISIC_0028402,nv,HAM_0006957
0,0.07510202378034592,0,ham10000,ISIC_0029395,nv,HAM_0006958
0,0.2988804578781128,1,ham10000,ISIC_0032286,nv,HAM_0006959
0,0.10329756885766983,0,ham10000,ISIC_0027592,nv,HAM_0006960
0,0.32018476724624634,1,ham10000,ISIC_0031792,nv,HAM_0006961
0,0.028438284993171692,0,ham10000,ISIC_0025914,nv,HAM_0006962
0,0.33849963545799255,1,ham10000,ISIC_0032351,nv,HAM_0006963
1,0.2946479916572571,1,ham10000,ISIC_0027163,mel,HAM_0006964
1,0.1615627408027649,1,ham10000,ISIC_0026475,mel,HAM_0006965
0,0.14606963098049164,1,ham10000,ISIC_0028614,nv,HAM_0006966
0,0.6742956638336182,1,ham10000,ISIC_0026295,nv,HAM_0006967
0,0.11500158905982971,0,ham10000,ISIC_0025340,nv,HAM_0006968
0,0.20530427992343903,1,ham10000,ISIC_0028007,nv,HAM_0006969
0,0.2084876298904419,1,ham10000,ISIC_0026059,nv,HAM_0006970
0,0.3325476348400116,1,ham10000,ISIC_0025185,nv,HAM_0006971
0,0.20975328981876373,1,ham10000,ISIC_0027051,nv,HAM_0006972
0,0.29982200264930725,1,ham10000,ISIC_0029377,nv,HAM_0006973
0,0.08075603097677231,0,ham10000,ISIC_0026541,nv,HAM_0006974
1,0.7797868251800537,1,ham10000,ISIC_0024967,mel,HAM_0006975
0,0.30153319239616394,1,ham10000,ISIC_0029689,nv,HAM_0006976
0,0.17789021134376526,1,ham10000,ISIC_0029456,nv,HAM_0006977
1,0.6749066114425659,1,ham10000,ISIC_0029316,mel,HAM_0006978
0,0.3311470150947571,1,ham10000,ISIC_0026605,nv,HAM_0006979
0,0.15415410697460175,1,ham10000,ISIC_0033715,nv,HAM_0006980
0,0.18945737183094025,1,ham10000,ISIC_0029451,nv,HAM_0006981
0,0.2812393009662628,1,ham10000,ISIC_0032071,nv,HAM_0006982
0,0.06843356043100357,0,ham10000,ISIC_0026147,nv,HAM_0006983
0,0.11668071895837784,0,ham10000,ISIC_0026894,nv,HAM_0006984
0,0.36938267946243286,1,ham10000,ISIC_0029131,nv,HAM_0006985
0,0.18785986304283142,1,ham10000,ISIC_0025071,nv,HAM_0006986
0,0.5411407947540283,1,ham10000,ISIC_0027649,bkl,HAM_0006987
0,0.24137192964553833,1,ham10000,ISIC_0024943,bkl,HAM_0006988
0,0.13666032254695892,0,ham10000,ISIC_0028729,nv,HAM_0006989
0,0.16547244787216187,1,ham10000,ISIC_0025480,nv,HAM_0006990
0,0.06535455584526062,0,ham10000,ISIC_0031840,nv,HAM_0006991
0,0.4050981104373932,1,ham10000,ISIC_0029829,nv,HAM_0006992
0,0.19167526066303253,1,ham10000,ISIC_0029206,bkl,HAM_0006993
0,0.13268274068832397,0,ham10000,ISIC_0026987,nv,HAM_0006994
0,0.084477998316288,0,ham10000,ISIC_0025115,nv,HAM_0006995
0,0.2358197420835495,1,ham10000,ISIC_0027610,nv,HAM_0006996
0,0.0730157345533371,0,ham10000,ISIC_0028375,nv,HAM_0006997
0,0.37815824151039124,1,ham10000,ISIC_0030993,nv,HAM_0006998
0,0.38158226013183594,1,ham10000,ISIC_0027459,nv,HAM_0006999
0,0.19358621537685394,1,ham10000,ISIC_0026042,bkl,HAM_0007000
0,0.38709381222724915,1,ham10000,ISIC_0026573,nv,HAM_0007001
1,0.6582901477813721,1,ham10000,ISIC_0027433,bcc,HAM_0007002
0,0.21006281673908234,1,ham10000,ISIC_0025638,nv,HAM_0007003
0,0.05123845860362053,0,ham10000,ISIC_0030525,nv,HAM_0007004
0,0.08457249402999878,0,ham10000,ISIC_0032568,nv,HAM_0007005
0,0.13148756325244904,0,ham10000,ISIC_0025497,nv,HAM_0007006
0,0.224343404173851,1,ham10000,ISIC_0031665,nv,HAM_0007007
1,0.5320998430252075,1,ham10000,ISIC_0030036,akiec,HAM_0007008
1,0.06652148067951202,0,ham10000,ISIC_0027146,bcc,HAM_0007009
0,0.3676653802394867,1,ham10000,ISIC_0025419,bkl,HAM_0007010
0,0.1500769853591919,1,ham10000,ISIC_0032493,nv,HAM_0007011
0,0.20948821306228638,1,ham10000,ISIC_0030865,nv,HAM_0007012
0,0.16936007142066956,1,ham10000,ISIC_0029544,nv,HAM_0007013
0,0.1027849018573761,0,ham10000,ISIC_0027498,nv,HAM_0007014
0,0.04781638830900192,0,ham10000,ISIC_0025760,nv,HAM_0007015
1,0.6385865211486816,1,ham10000,ISIC_0027838,mel,HAM_0007016
0,0.06268738955259323,0,ham10000,ISIC_0030838,nv,HAM_0007017
0,0.2546030879020691,1,ham10000,ISIC_0027006,bkl,HAM_0007018
1,0.5002656579017639,1,ham10000,ISIC_0029454,mel,HAM_0007019
0,0.03349117562174797,0,ham10000,ISIC_0030070,vasc,HAM_0007020
1,0.7125237584114075,1,ham10000,ISIC_0033477,mel,HAM_0007021
0,0.18197473883628845,1,ham10000,ISIC_0026364,nv,HAM_0007022
0,0.09846358746290207,0,ham10000,ISIC_0030642,nv,HAM_0007023
0,0.4303324520587921,1,ham10000,ISIC_0026553,bkl,HAM_0007024
0,0.0013857490848749876,0,ham10000,ISIC_0029963,nv,HAM_0007025
0,0.09758126735687256,0,ham10000,ISIC_0027085,nv,HAM_0007026
0,0.2621353566646576,1,ham10000,ISIC_0026967,bkl,HAM_0007027
0,0.06585581600666046,0,ham10000,ISIC_0028851,nv,HAM_0007028
0,0.7550458908081055,1,ham10000,ISIC_0030608,bkl,HAM_0007029
0,0.02060951292514801,0,ham10000,ISIC_0026711,nv,HAM_0007030
1,0.2902235686779022,1,ham10000,ISIC_0025616,mel,HAM_0007031
1,0.4451300799846649,1,ham10000,ISIC_0033034,mel,HAM_0007032
0,0.1624906212091446,1,ham10000,ISIC_0032350,nv,HAM_0007033
0,0.20631171762943268,1,ham10000,ISIC_0029529,nv,HAM_0007034
0,0.1913464218378067,1,ham10000,ISIC_0030332,nv,HAM_0007035
0,0.33280178904533386,1,ham10000,ISIC_0026655,nv,HAM_0007036
1,0.35344991087913513,1,ham10000,ISIC_0030375,akiec,HAM_0007037
1,0.21976977586746216,1,ham10000,ISIC_0032404,akiec,HAM_0007038
0,0.1756100356578827,1,ham10000,ISIC_0025202,nv,HAM_0007039
0,0.20323379337787628,1,ham10000,ISIC_0026946,nv,HAM_0007040
0,0.08403769135475159,0,ham10000,ISIC_0027341,nv,HAM_0007041
0,0.3216772675514221,1,ham10000,ISIC_0024754,nv,HAM_0007042
0,0.17180511355400085,1,ham10000,ISIC_0029135,bkl,HAM_0007043
0,0.15168723464012146,1,ham10000,ISIC_0024501,nv,HAM_0007044
0,0.13657498359680176,0,ham10000,ISIC_0032088,nv,HAM_0007045
0,0.3112030029296875,1,ham10000,ISIC_0027401,nv,HAM_0007046
1,0.5255140066146851,1,ham10000,ISIC_0025605,akiec,HAM_0007047
0,0.08768434077501297,0,ham10000,ISIC_0029284,nv,HAM_0007048
0,0.6817169785499573,1,ham10000,ISIC_0028179,nv,HAM_0007049
0,0.07712947577238083,0,ham10000,ISIC_0027160,nv,HAM_0007050
0,0.7151846289634705,1,ham10000,ISIC_0025668,df,HAM_0007051
0,0.12848447263240814,0,ham10000,ISIC_0032752,nv,HAM_0007052
0,0.11012112349271774,0,ham10000,ISIC_0024487,nv,HAM_0007053
1,0.33128249645233154,1,ham10000,ISIC_0024482,mel,HAM_0007054
0,0.12701347470283508,0,ham10000,ISIC_0031235,nv,HAM_0007055
0,0.4581199586391449,1,ham10000,ISIC_0025750,nv,HAM_0007056
0,0.04200749844312668,0,ham10000,ISIC_0025694,nv,HAM_0007057
0,0.2763870060443878,1,ham10000,ISIC_0027642,nv,HAM_0007058
0,0.0985976830124855,0,ham10000,ISIC_0025947,nv,HAM_0007060
0,0.3752885162830353,1,ham10000,ISIC_0031433,nv,HAM_0007061
0,0.19452477991580963,1,ham10000,ISIC_0029116,nv,HAM_0007062
0,0.3154398202896118,1,ham10000,ISIC_0031432,nv,HAM_0007063
0,0.08541426062583923,0,ham10000,ISIC_0032282,nv,HAM_0007064
0,0.1770303100347519,1,ham10000,ISIC_0031773,nv,HAM_0007065
0,0.15663346648216248,1,ham10000,ISIC_0029959,nv,HAM_0007066
0,0.19700337946414948,1,ham10000,ISIC_0027251,nv,HAM_0007067
0,0.29910337924957275,1,ham10000,ISIC_0024866,nv,HAM_0007068
0,0.25768452882766724,1,ham10000,ISIC_0029355,nv,HAM_0007069
1,0.7264073491096497,1,ham10000,ISIC_0032192,mel,HAM_0007070
0,0.17915742099285126,1,ham10000,ISIC_0030449,nv,HAM_0007071
0,0.27162280678749084,1,ham10000,ISIC_0032339,nv,HAM_0007072
1,0.39720892906188965,1,ham10000,ISIC_0025035,mel,HAM_0007073
0,0.16842256486415863,1,ham10000,ISIC_0030646,nv,HAM_0007074
0,0.1393417865037918,0,ham10000,ISIC_0025463,nv,HAM_0007075
0,0.07812327891588211,0,ham10000,ISIC_0026757,nv,HAM_0007076
0,0.6744362115859985,1,ham10000,ISIC_0032505,nv,HAM_0007077
0,0.17032162845134735,1,ham10000,ISIC_0024851,bkl,HAM_0007078
0,0.011100766249001026,0,ham10000,ISIC_0029904,nv,HAM_0007079
0,0.26862815022468567,1,ham10000,ISIC_0029994,nv,HAM_0007080
0,0.23154385387897491,1,ham10000,ISIC_0027971,nv,HAM_0007082
0,0.08250442892313004,0,ham10000,ISIC_0027959,nv,HAM_0007083
0,0.13449765741825104,0,ham10000,ISIC_0025315,nv,HAM_0007084
1,0.7353068590164185,1,ham10000,ISIC_0030076,akiec,HAM_0007085
1,0.5947299599647522,1,ham10000,ISIC_0033267,mel,HAM_0007086
0,0.29362860321998596,1,ham10000,ISIC_0031425,nv,HAM_0007087
1,0.41754502058029175,1,ham10000,ISIC_0024800,akiec,HAM_0007088
0,0.4264446794986725,1,ham10000,ISIC_0030066,nv,HAM_0007089
0,0.046991847455501556,0,ham10000,ISIC_0029555,bkl,HAM_0007090
1,0.8035132884979248,1,ham10000,ISIC_0027552,mel,HAM_0007091
0,0.22165757417678833,1,ham10000,ISIC_0031370,nv,HAM_0007092
0,0.14186443388462067,1,ham10000,ISIC_0026858,nv,HAM_0007093
0,0.12772907316684723,0,ham10000,ISIC_0026785,nv,HAM_0007094
0,0.27454873919487,1,ham10000,ISIC_0030374,nv,HAM_0007095
0,0.5789762735366821,1,ham10000,ISIC_0024674,nv,HAM_0007096
0,0.590334415435791,1,ham10000,ISIC_0033230,vasc,HAM_0007097
0,0.21448223292827606,1,ham10000,ISIC_0032357,nv,HAM_0007098
0,0.13902337849140167,0,ham10000,ISIC_0025921,nv,HAM_0007099
0,0.38249289989471436,1,ham10000,ISIC_0031989,bkl,HAM_0007100
0,0.4897291660308838,1,ham10000,ISIC_0032513,bkl,HAM_0007101
1,0.6521691083908081,1,ham10000,ISIC_0028655,mel,HAM_0007102
0,0.07251235842704773,0,ham10000,ISIC_0026271,nv,HAM_0007103
0,0.47332048416137695,1,ham10000,ISIC_0032133,nv,HAM_0007104
0,0.11103387176990509,0,ham10000,ISIC_0026616,nv,HAM_0007105
0,0.2177146077156067,1,ham10000,ISIC_0031991,nv,HAM_0007108
0,0.09636266529560089,0,ham10000,ISIC_0026529,nv,HAM_0007109
0,0.2858586609363556,1,ham10000,ISIC_0026861,bkl,HAM_0007110
0,0.19510655105113983,1,ham10000,ISIC_0025715,nv,HAM_0007111
0,0.4439557194709778,1,ham10000,ISIC_0026819,nv,HAM_0007112
0,0.21645663678646088,1,ham10000,ISIC_0027522,vasc,HAM_0007113
1,0.2019985467195511,1,ham10000,ISIC_0028418,mel,HAM_0007114
0,0.2502652108669281,1,ham10000,ISIC_0029584,nv,HAM_0007115
0,0.13190004229545593,0,ham10000,ISIC_0028951,nv,HAM_0007116
1,0.6611674427986145,1,ham10000,ISIC_0033312,mel,HAM_0007117
0,0.3207312822341919,1,ham10000,ISIC_0027856,vasc,HAM_0007118
0,0.20740032196044922,1,ham10000,ISIC_0026134,nv,HAM_0007119
0,0.32752537727355957,1,ham10000,ISIC_0029782,nv,HAM_0007120
0,0.5017683506011963,1,ham10000,ISIC_0029922,nv,HAM_0007121
0,0.07538686692714691,0,ham10000,ISIC_0025816,nv,HAM_0007122
0,0.12139464914798737,0,ham10000,ISIC_0025672,nv,HAM_0007123
0,0.1775403767824173,1,ham10000,ISIC_0032707,nv,HAM_0007124
0,0.4276822805404663,1,ham10000,ISIC_0025016,bkl,HAM_0007125
0,0.45131129026412964,1,ham10000,ISIC_0027835,nv,HAM_0007126
0,0.11059265583753586,0,ham10000,ISIC_0032362,nv,HAM_0007127
0,0.003928547725081444,0,ham10000,ISIC_0025104,nv,HAM_0007128
0,0.5789941549301147,1,ham10000,ISIC_0027216,df,HAM_0007129
0,0.13619394600391388,0,ham10000,ISIC_0027395,nv,HAM_0007130
1,0.8187218904495239,1,ham10000,ISIC_0031692,akiec,HAM_0007131
0,0.16405978798866272,1,ham10000,ISIC_0029621,nv,HAM_0007132
0,0.4355813264846802,1,ham10000,ISIC_0027490,nv,HAM_0007133
0,0.10394305735826492,0,ham10000,ISIC_0026394,nv,HAM_0007134
0,0.19985739886760712,1,ham10000,ISIC_0024460,nv,HAM_0007135
0,0.29622626304626465,1,ham10000,ISIC_0030563,nv,HAM_0007136
0,0.29670634865760803,1,ham10000,ISIC_0031327,nv,HAM_0007137
0,0.137856125831604,0,ham10000,ISIC_0028823,nv,HAM_0007138
1,0.573747992515564,1,ham10000,ISIC_0028577,bcc,HAM_0007139
0,0.7000316381454468,1,ham10000,ISIC_0026345,nv,HAM_0007140
1,0.06195653975009918,0,ham10000,ISIC_0029230,bcc,HAM_0007141
0,0.026996640488505363,0,ham10000,ISIC_0025255,nv,HAM_0007142
0,0.04845413565635681,0,ham10000,ISIC_0028841,nv,HAM_0007143
0,0.18674089014530182,1,ham10000,ISIC_0026599,nv,HAM_0007144
0,0.22864748537540436,1,ham10000,ISIC_0027758,nv,HAM_0007145
0,0.1985374242067337,1,ham10000,ISIC_0031493,nv,HAM_0007146
0,0.2244093418121338,1,ham10000,ISIC_0032858,nv,HAM_0007148
0,0.2437206357717514,1,ham10000,ISIC_0025304,nv,HAM_0007149
0,0.1442587524652481,1,ham10000,ISIC_0028680,vasc,HAM_0007150
0,0.5097975134849548,1,ham10000,ISIC_0029793,bkl,HAM_0007151
0,0.2139623910188675,1,ham10000,ISIC_0028184,nv,HAM_0007152
0,0.3053169846534729,1,ham10000,ISIC_0027813,nv,HAM_0007153
0,0.3307148814201355,1,ham10000,ISIC_0024719,nv,HAM_0007154
0,0.21570143103599548,1,ham10000,ISIC_0025056,nv,HAM_0007155
0,0.560070276260376,1,ham10000,ISIC_0025893,nv,HAM_0007156
0,0.0393412783741951,0,ham10000,ISIC_0030600,nv,HAM_0007157
0,0.07282212376594543,0,ham10000,ISIC_0027206,nv,HAM_0007158
0,0.1470687836408615,1,ham10000,ISIC_0031637,nv,HAM_0007159
0,0.03179825842380524,0,ham10000,ISIC_0028723,nv,HAM_0007160
0,0.09113340824842453,0,ham10000,ISIC_0026734,nv,HAM_0007161
0,0.2672591507434845,1,ham10000,ISIC_0029321,nv,HAM_0007162
1,0.5839420557022095,1,ham10000,ISIC_0032750,mel,HAM_0007163
0,0.16557183861732483,1,ham10000,ISIC_0025972,nv,HAM_0007164
1,0.7198811769485474,1,ham10000,ISIC_0026622,mel,HAM_0007165
0,0.4237660765647888,1,ham10000,ISIC_0030878,nv,HAM_0007166
0,0.2902640998363495,1,ham10000,ISIC_0026400,nv,HAM_0007167
0,0.1573231816291809,1,ham10000,ISIC_0028115,nv,HAM_0007168
0,0.20789368450641632,1,ham10000,ISIC_0032934,nv,HAM_0007169
0,0.18787677586078644,1,ham10000,ISIC_0025483,nv,HAM_0007170
1,0.24535192549228668,1,ham10000,ISIC_0026909,mel,HAM_0007171
0,0.1059216782450676,0,ham10000,ISIC_0034130,nv,HAM_0007172
0,0.20022764801979065,1,ham10000,ISIC_0028721,nv,HAM_0007173
0,0.45409438014030457,1,ham10000,ISIC_0031052,nv,HAM_0007174
0,0.10128173977136612,0,ham10000,ISIC_0029442,nv,HAM_0007175
0,0.08552943915128708,0,ham10000,ISIC_0032144,nv,HAM_0007176
0,0.15499576926231384,1,ham10000,ISIC_0025626,nv,HAM_0007177
0,0.06291856616735458,0,ham10000,ISIC_0025184,nv,HAM_0007178
0,0.14647409319877625,1,ham10000,ISIC_0025906,bkl,HAM_0007179
1,0.22715941071510315,1,ham10000,ISIC_0032726,mel,HAM_0007180
0,0.2546238601207733,1,ham10000,ISIC_0031964,nv,HAM_0007181
0,0.06352013349533081,0,ham10000,ISIC_0030421,nv,HAM_0007183
0,0.22456291317939758,1,ham10000,ISIC_0033436,nv,HAM_0007184
0,0.29574719071388245,1,ham10000,ISIC_0025189,nv,HAM_0007185
0,0.06803521513938904,0,ham10000,ISIC_0028295,nv,HAM_0007186
0,0.22392532229423523,1,ham10000,ISIC_0028950,nv,HAM_0007187
1,0.2599142789840698,1,ham10000,ISIC_0031543,mel,HAM_0007188
0,0.17733816802501678,1,ham10000,ISIC_0027878,nv,HAM_0007189
0,0.3453110456466675,1,ham10000,ISIC_0030505,nv,HAM_0007190
0,0.4672805964946747,1,ham10000,ISIC_0032738,nv,HAM_0007191
0,0.08202783763408661,0,ham10000,ISIC_0030558,nv,HAM_0007192
0,0.122749462723732,0,ham10000,ISIC_0025398,nv,HAM_0007193
0,0.40040645003318787,1,ham10000,ISIC_0025920,nv,HAM_0007194
0,0.36280232667922974,1,ham10000,ISIC_0031923,nv,HAM_0007195
0,0.04032564163208008,0,ham10000,ISIC_0024907,nv,HAM_0007196
0,0.13287056982517242,0,ham10000,ISIC_0031856,nv,HAM_0007197
0,0.19361819326877594,1,ham10000,ISIC_0026200,nv,HAM_0007198
1,0.22340267896652222,1,ham10000,ISIC_0030344,akiec,HAM_0007199
0,0.27289730310440063,1,ham10000,ISIC_0026304,nv,HAM_0007200
0,0.36115777492523193,1,ham10000,ISIC_0026208,nv,HAM_0007201
0,0.2937028408050537,1,ham10000,ISIC_0026726,nv,HAM_0007202
0,0.08466324210166931,0,ham10000,ISIC_0031845,nv,HAM_0007203
0,0.23210333287715912,1,ham10000,ISIC_0025205,nv,HAM_0007204
0,0.10849659889936447,0,ham10000,ISIC_0026269,nv,HAM_0007205
0,0.08464997261762619,0,ham10000,ISIC_0031524,nv,HAM_0007206
0,0.3235357701778412,1,ham10000,ISIC_0031326,bkl,HAM_0007207
0,0.4023096561431885,1,ham10000,ISIC_0030159,nv,HAM_0007208
0,0.6395299434661865,1,ham10000,ISIC_0028365,nv,HAM_0007209
0,0.17112168669700623,1,ham10000,ISIC_0026699,nv,HAM_0007210
0,0.347334623336792,1,ham10000,ISIC_0025377,nv,HAM_0007211
0,0.26650792360305786,1,ham10000,ISIC_0030897,nv,HAM_0007213
0,0.03769296780228615,0,ham10000,ISIC_0031928,nv,HAM_0007214
0,0.18551571667194366,1,ham10000,ISIC_0030294,nv,HAM_0007215
0,0.3699067533016205,1,ham10000,ISIC_0032962,nv,HAM_0007216
0,0.18190796673297882,1,ham10000,ISIC_0024844,nv,HAM_0007217
0,0.12458714842796326,0,ham10000,ISIC_0025006,nv,HAM_0007218
0,0.23006992042064667,1,ham10000,ISIC_0029227,bkl,HAM_0007219
0,0.4327503740787506,1,ham10000,ISIC_0025867,bkl,HAM_0007220
0,0.4840732514858246,1,ham10000,ISIC_0030264,nv,HAM_0007221
0,0.10890734940767288,0,ham10000,ISIC_0030996,nv,HAM_0007222
0,0.1001998633146286,0,ham10000,ISIC_0024783,nv,HAM_0007223
0,0.2204430103302002,1,ham10000,ISIC_0024977,nv,HAM_0007224
0,0.2553788125514984,1,ham10000,ISIC_0031429,df,HAM_0007225
0,0.09096159785985947,0,ham10000,ISIC_0027946,nv,HAM_0007226
0,0.7623782753944397,1,ham10000,ISIC_0024973,df,HAM_0007227
0,0.19168226420879364,1,ham10000,ISIC_0025681,nv,HAM_0007228
1,0.4451404809951782,1,ham10000,ISIC_0031545,mel,HAM_0007229
0,0.2308204025030136,1,ham10000,ISIC_0031164,nv,HAM_0007230
0,0.16799402236938477,1,ham10000,ISIC_0029114,nv,HAM_0007231
0,0.2900410592556,1,ham10000,ISIC_0025830,bkl,HAM_0007232
0,0.06529539823532104,0,ham10000,ISIC_0029113,bkl,HAM_0007233
1,0.49347132444381714,1,ham10000,ISIC_0033362,mel,HAM_0007234
0,0.08325836062431335,0,ham10000,ISIC_0027278,nv,HAM_0007236
1,0.5882825255393982,1,ham10000,ISIC_0028306,mel,HAM_0007238
0,0.26105114817619324,1,ham10000,ISIC_0025252,nv,HAM_0007239
0,0.19761477410793304,1,ham10000,ISIC_0027988,nv,HAM_0007240
0,0.01538257859647274,0,ham10000,ISIC_0027752,nv,HAM_0007241
1,0.1306079775094986,0,ham10000,ISIC_0026774,mel,HAM_0007242
1,0.08544794470071793,0,ham10000,ISIC_0028029,mel,HAM_0007243
0,0.5277121663093567,1,ham10000,ISIC_0030669,nv,HAM_0007244
1,0.2313096970319748,1,ham10000,ISIC_0032870,mel,HAM_0007245
0,0.06312611699104309,0,ham10000,ISIC_0024764,nv,HAM_0007246
1,0.7184220552444458,1,ham10000,ISIC_0025102,bcc,HAM_0007248
0,0.20690439641475677,1,ham10000,ISIC_0025789,nv,HAM_0007249
0,0.6233457326889038,1,ham10000,ISIC_0024964,nv,HAM_0007251
0,0.30549532175064087,1,ham10000,ISIC_0026949,nv,HAM_0007252
0,0.2277717888355255,1,ham10000,ISIC_0026840,nv,HAM_0007253
0,0.14342164993286133,1,ham10000,ISIC_0027541,nv,HAM_0007254
0,0.27883321046829224,1,ham10000,ISIC_0026519,nv,HAM_0007255
0,0.2668219208717346,1,ham10000,ISIC_0031480,nv,HAM_0007256
0,0.3836301267147064,1,ham10000,ISIC_0025537,nv,HAM_0007257
0,0.5697256326675415,1,ham10000,ISIC_0025090,nv,HAM_0007258
0,0.05869387090206146,0,ham10000,ISIC_0032669,nv,HAM_0007259
0,0.11045542359352112,0,ham10000,ISIC_0028336,bkl,HAM_0007260
0,0.08097528666257858,0,ham10000,ISIC_0031686,bkl,HAM_0007261
1,0.8367173671722412,1,ham10000,ISIC_0025932,bcc,HAM_0007262
0,0.06614239513874054,0,ham10000,ISIC_0028130,nv,HAM_0007263
0,0.13819193840026855,0,ham10000,ISIC_0028476,nv,HAM_0007264
0,0.6486999988555908,1,ham10000,ISIC_0033447,nv,HAM_0007265
0,0.10704401880502701,0,ham10000,ISIC_0031909,nv,HAM_0007266
0,0.5264807343482971,1,ham10000,ISIC_0031441,nv,HAM_0007267
0,0.1632535457611084,1,ham10000,ISIC_0028600,nv,HAM_0007268
0,0.31068238615989685,1,ham10000,ISIC_0024430,nv,HAM_0007269
0,0.06134258955717087,0,ham10000,ISIC_0030166,nv,HAM_0007270
0,0.35585951805114746,1,ham10000,ISIC_0027862,nv,HAM_0007271
1,0.3652663230895996,1,ham10000,ISIC_0024756,mel,HAM_0007272
0,0.1592279076576233,1,ham10000,ISIC_0025437,nv,HAM_0007273
0,0.5607596635818481,1,ham10000,ISIC_0030484,nv,HAM_0007274
0,0.4236089587211609,1,ham10000,ISIC_0026705,nv,HAM_0007275
0,0.37258949875831604,1,ham10000,ISIC_0028538,nv,HAM_0007276
0,0.21355681121349335,1,ham10000,ISIC_0031195,nv,HAM_0007277
0,0.23056843876838684,1,ham10000,ISIC_0025009,nv,HAM_0007278
0,0.10435958206653595,0,ham10000,ISIC_0025405,nv,HAM_0007279
0,0.1959466189146042,1,ham10000,ISIC_0024917,nv,HAM_0007280
0,0.44400256872177124,1,ham10000,ISIC_0034283,bkl,HAM_0007281
0,0.3412363827228546,1,ham10000,ISIC_0025690,nv,HAM_0007282
0,0.5854280591011047,1,ham10000,ISIC_0027255,nv,HAM_0007284
0,0.29201841354370117,1,ham10000,ISIC_0026718,nv,HAM_0007285
0,0.4164273738861084,1,ham10000,ISIC_0031978,nv,HAM_0007286
0,0.3689832389354706,1,ham10000,ISIC_0027413,nv,HAM_0007287
0,0.09136708825826645,0,ham10000,ISIC_0027243,nv,HAM_0007288
1,0.5627958178520203,1,ham10000,ISIC_0031263,bcc,HAM_0007289
0,0.3795904219150543,1,ham10000,ISIC_0025961,nv,HAM_0007290
0,0.3060615360736847,1,ham10000,ISIC_0027633,nv,HAM_0007291
0,0.24662253260612488,1,ham10000,ISIC_0031626,nv,HAM_0007292
1,0.5719356536865234,1,ham10000,ISIC_0026735,mel,HAM_0007293
0,0.060425009578466415,0,ham10000,ISIC_0025749,nv,HAM_0007294
0,0.17293612658977509,1,ham10000,ISIC_0031380,nv,HAM_0007295
0,0.16446338593959808,1,ham10000,ISIC_0027068,bkl,HAM_0007296
0,0.4605661928653717,1,ham10000,ISIC_0029940,nv,HAM_0007297
0,0.17732135951519012,1,ham10000,ISIC_0028345,nv,HAM_0007298
0,0.25570884346961975,1,ham10000,ISIC_0032565,nv,HAM_0007299
0,0.06396982073783875,0,ham10000,ISIC_0025158,nv,HAM_0007300
0,0.15036462247371674,1,ham10000,ISIC_0033417,nv,HAM_0007301
0,0.30931517481803894,1,ham10000,ISIC_0028302,nv,HAM_0007302
1,0.26999372243881226,1,ham10000,ISIC_0026457,akiec,HAM_0007303
0,0.10489673912525177,0,ham10000,ISIC_0027196,nv,HAM_0007304
1,0.8210986256599426,1,ham10000,ISIC_0029933,mel,HAM_0007305
0,0.1522950977087021,1,ham10000,ISIC_0026810,nv,HAM_0007306
1,0.43679341673851013,1,ham10000,ISIC_0026848,akiec,HAM_0007308
0,0.2752670347690582,1,ham10000,ISIC_0025151,nv,HAM_0007309
1,0.5687131881713867,1,ham10000,ISIC_0026120,mel,HAM_0007310
0,0.2368946373462677,1,ham10000,ISIC_0026367,nv,HAM_0007311
0,0.12085948139429092,0,ham10000,ISIC_0027709,nv,HAM_0007312
1,0.781308650970459,1,ham10000,ISIC_0025299,bcc,HAM_0007313
0,0.04504018649458885,0,ham10000,ISIC_0031152,nv,HAM_0007314
0,0.5347387790679932,1,ham10000,ISIC_0026249,bkl,HAM_0007315
0,0.1410338133573532,1,ham10000,ISIC_0031895,nv,HAM_0007316
0,0.057804275304079056,0,ham10000,ISIC_0030008,nv,HAM_0007317
0,0.1851116120815277,1,ham10000,ISIC_0029005,nv,HAM_0007318
0,0.21853819489479065,1,ham10000,ISIC_0029144,nv,HAM_0007319
0,0.09402643144130707,0,ham10000,ISIC_0026780,nv,HAM_0007320
0,0.07156004756689072,0,ham10000,ISIC_0026821,nv,HAM_0007321
0,0.27481967210769653,1,ham10000,ISIC_0030205,nv,HAM_0007322
0,0.09344714879989624,0,ham10000,ISIC_0031038,nv,HAM_0007323
0,0.2737358510494232,1,ham10000,ISIC_0026398,nv,HAM_0007324
0,0.41362595558166504,1,ham10000,ISIC_0026267,nv,HAM_0007325
0,0.17453177273273468,1,ham10000,ISIC_0028783,nv,HAM_0007326
0,0.11140227317810059,0,ham10000,ISIC_0030684,nv,HAM_0007328
0,0.2864074409008026,1,ham10000,ISIC_0026583,nv,HAM_0007329
0,0.19832833111286163,1,ham10000,ISIC_0024521,nv,HAM_0007330
0,0.24583257734775543,1,ham10000,ISIC_0031752,nv,HAM_0007331
0,0.1426316350698471,1,ham10000,ISIC_0026481,bkl,HAM_0007332
0,0.204803004860878,1,ham10000,ISIC_0033614,nv,HAM_0007333
0,0.10847210884094238,0,ham10000,ISIC_0026962,nv,HAM_0007334
1,0.6099053621292114,1,ham10000,ISIC_0032808,bcc,HAM_0007335
0,0.5275094509124756,1,ham10000,ISIC_0024544,nv,HAM_0007336
0,0.13012073934078217,0,ham10000,ISIC_0026912,bkl,HAM_0007337
0,0.09880390763282776,0,ham10000,ISIC_0028986,nv,HAM_0007338
0,0.07323704659938812,0,ham10000,ISIC_0031536,nv,HAM_0007339
0,0.5451873540878296,1,ham10000,ISIC_0028944,nv,HAM_0007340
0,0.7216306328773499,1,ham10000,ISIC_0032898,bkl,HAM_0007341
0,0.22507266700267792,1,ham10000,ISIC_0030625,nv,HAM_0007342
1,0.45317673683166504,1,ham10000,ISIC_0032447,mel,HAM_0007343
0,0.25286534428596497,1,ham10000,ISIC_0029461,nv,HAM_0007344
0,0.12216213345527649,0,ham10000,ISIC_0028703,nv,HAM_0007345
1,0.11065399646759033,0,ham10000,ISIC_0027425,bcc,HAM_0007346
0,0.2649347484111786,1,ham10000,ISIC_0031054,nv,HAM_0007347
0,0.08715596795082092,0,ham10000,ISIC_0032625,nv,HAM_0007348
1,0.6064969897270203,1,ham10000,ISIC_0026178,akiec,HAM_0007349
0,0.12718838453292847,0,ham10000,ISIC_0030892,nv,HAM_0007350
0,0.16463303565979004,1,ham10000,ISIC_0032183,nv,HAM_0007351
0,0.10147597640752792,0,ham10000,ISIC_0029739,nv,HAM_0007352
0,0.21371717751026154,1,ham10000,ISIC_0025207,nv,HAM_0007353
1,0.4677110016345978,1,ham10000,ISIC_0027719,akiec,HAM_0007354
0,0.20446251332759857,1,ham10000,ISIC_0024705,bkl,HAM_0007355
0,0.5914886593818665,1,ham10000,ISIC_0025335,nv,HAM_0007356
0,0.20299212634563446,1,ham10000,ISIC_0031265,nv,HAM_0007357
0,0.7425236701965332,1,ham10000,ISIC_0028030,nv,HAM_0007358
0,0.3102106750011444,1,ham10000,ISIC_0027354,bkl,HAM_0007359
0,0.46477028727531433,1,ham10000,ISIC_0027773,nv,HAM_0007360
0,0.13094551861286163,0,ham10000,ISIC_0026058,nv,HAM_0007361
0,0.14855031669139862,1,ham10000,ISIC_0030373,nv,HAM_0007362
0,0.2503189444541931,1,ham10000,ISIC_0028013,nv,HAM_0007363
1,0.6682127714157104,1,ham10000,ISIC_0029917,bcc,HAM_0007364
0,0.11000443249940872,0,ham10000,ISIC_0028798,nv,HAM_0007365
0,0.30576199293136597,1,ham10000,ISIC_0032062,nv,HAM_0007366
0,0.10968088358640671,0,ham10000,ISIC_0032689,nv,HAM_0007367
1,0.24676446616649628,1,ham10000,ISIC_0032017,mel,HAM_0007368
0,0.4638168215751648,1,ham10000,ISIC_0024593,nv,HAM_0007369
0,0.2230510711669922,1,ham10000,ISIC_0026002,nv,HAM_0007371
0,0.07221448421478271,0,ham10000,ISIC_0030283,vasc,HAM_0007372
0,0.7001410126686096,1,ham10000,ISIC_0024723,nv,HAM_0007373
0,0.10483184456825256,0,ham10000,ISIC_0025730,nv,HAM_0007374
0,0.17726671695709229,1,ham10000,ISIC_0027233,nv,HAM_0007375
0,0.051163431257009506,0,ham10000,ISIC_0032616,nv,HAM_0007376
0,0.11444016546010971,0,ham10000,ISIC_0029695,nv,HAM_0007377
0,0.0862567275762558,0,ham10000,ISIC_0025692,nv,HAM_0007378
0,0.2503916323184967,1,ham10000,ISIC_0029155,nv,HAM_0007379
0,0.18659481406211853,1,ham10000,ISIC_0029324,nv,HAM_0007380
0,0.26607754826545715,1,ham10000,ISIC_0027083,bkl,HAM_0007381
0,0.24884267151355743,1,ham10000,ISIC_0030030,nv,HAM_0007382
0,0.23948536813259125,1,ham10000,ISIC_0026812,nv,HAM_0007383
0,0.2815403938293457,1,ham10000,ISIC_0032725,bkl,HAM_0007384
0,0.16356965899467468,1,ham10000,ISIC_0025043,nv,HAM_0007385
0,0.058988749980926514,0,ham10000,ISIC_0024568,nv,HAM_0007386
0,0.17026914656162262,1,ham10000,ISIC_0027119,nv,HAM_0007387
0,0.24801214039325714,1,ham10000,ISIC_0031693,nv,HAM_0007388
0,0.2970772087574005,1,ham10000,ISIC_0029090,nv,HAM_0007389
1,0.14437347650527954,1,ham10000,ISIC_0027043,mel,HAM_0007390
0,0.32818636298179626,1,ham10000,ISIC_0031926,nv,HAM_0007391
0,0.33005043864250183,1,ham10000,ISIC_0024905,nv,HAM_0007392
0,0.19751028716564178,1,ham10000,ISIC_0024850,bkl,HAM_0007393
0,0.045966070145368576,0,ham10000,ISIC_0030864,nv,HAM_0007394
0,0.21908393502235413,1,ham10000,ISIC_0031133,bkl,HAM_0007395
0,0.6920312643051147,1,ham10000,ISIC_0033554,df,HAM_0007396
0,0.1743883192539215,1,ham10000,ISIC_0027393,nv,HAM_0007397
0,0.40046921372413635,1,ham10000,ISIC_0027445,nv,HAM_0007399
0,0.0817951112985611,0,ham10000,ISIC_0027329,nv,HAM_0007400
0,0.15692393481731415,1,ham10000,ISIC_0031849,nv,HAM_0007401
0,0.8374213576316833,1,ham10000,ISIC_0033079,bkl,HAM_0007402
0,0.27151793241500854,1,ham10000,ISIC_0025440,nv,HAM_0007403
0,0.1374485045671463,0,ham10000,ISIC_0030295,nv,HAM_0007404
0,0.19762764871120453,1,ham10000,ISIC_0027694,nv,HAM_0007405
0,0.2155614048242569,1,ham10000,ISIC_0028253,nv,HAM_0007406
0,0.11584796756505966,0,ham10000,ISIC_0026161,nv,HAM_0007407
0,0.2516233026981354,1,ham10000,ISIC_0028377,nv,HAM_0007408
0,0.12799648940563202,0,ham10000,ISIC_0025076,bkl,HAM_0007409
0,0.5971463322639465,1,ham10000,ISIC_0029962,df,HAM_0007410
0,0.3330954313278198,1,ham10000,ISIC_0028444,nv,HAM_0007411
0,0.09855541586875916,0,ham10000,ISIC_0031949,nv,HAM_0007412
0,0.31321072578430176,1,ham10000,ISIC_0027984,nv,HAM_0007413
0,0.3331962823867798,1,ham10000,ISIC_0026434,nv,HAM_0007414
0,0.09555947780609131,0,ham10000,ISIC_0032515,nv,HAM_0007415
0,0.2079758495092392,1,ham10000,ISIC_0025281,nv,HAM_0007416
0,0.2828350067138672,1,ham10000,ISIC_0026801,nv,HAM_0007417
0,0.5800343751907349,1,ham10000,ISIC_0026313,df,HAM_0007418
0,0.3032594323158264,1,ham10000,ISIC_0029543,nv,HAM_0007419
1,0.33021029829978943,1,ham10000,ISIC_0031890,mel,HAM_0007420
0,0.5481098294258118,1,ham10000,ISIC_0025302,df,HAM_0007421
0,0.3585694432258606,1,ham10000,ISIC_0024862,nv,HAM_0007422
0,0.2736215591430664,1,ham10000,ISIC_0025582,nv,HAM_0007423
0,0.29439276456832886,1,ham10000,ISIC_0030560,nv,HAM_0007424
0,0.006303737405687571,0,ham10000,ISIC_0025823,nv,HAM_0007425
0,0.04783221334218979,0,ham10000,ISIC_0027034,nv,HAM_0007426
0,0.10813352465629578,0,ham10000,ISIC_0033491,bkl,HAM_0007427
1,0.5435504913330078,1,ham10000,ISIC_0028106,bcc,HAM_0007428
0,0.11010808497667313,0,ham10000,ISIC_0024447,nv,HAM_0007429
0,0.4078044593334198,1,ham10000,ISIC_0029088,nv,HAM_0007430
0,0.6632124781608582,1,ham10000,ISIC_0031620,bkl,HAM_0007431
0,0.26660409569740295,1,ham10000,ISIC_0025067,nv,HAM_0007432
0,0.07907981425523758,0,ham10000,ISIC_0033077,nv,HAM_0007433
0,0.266586035490036,1,ham10000,ISIC_0024816,nv,HAM_0007434
0,0.09263286739587784,0,ham10000,ISIC_0030359,nv,HAM_0007435
0,0.5910040736198425,1,ham10000,ISIC_0026878,nv,HAM_0007436
0,0.030939137563109398,0,ham10000,ISIC_0024745,nv,HAM_0007437
0,0.22343812882900238,1,ham10000,ISIC_0028203,nv,HAM_0007438
0,0.47107428312301636,1,ham10000,ISIC_0024890,bkl,HAM_0007439
0,0.11465545743703842,0,ham10000,ISIC_0029882,nv,HAM_0007440
0,0.11548496782779694,0,ham10000,ISIC_0024548,nv,HAM_0007441
0,0.30348652601242065,1,ham10000,ISIC_0032067,nv,HAM_0007442
0,0.0896044597029686,0,ham10000,ISIC_0031206,nv,HAM_0007443
0,0.13182929158210754,0,ham10000,ISIC_0032977,nv,HAM_0007444
0,0.026504823938012123,0,ham10000,ISIC_0024734,nv,HAM_0007445
1,0.6553951501846313,1,ham10000,ISIC_0028457,bcc,HAM_0007446
0,0.15760056674480438,1,ham10000,ISIC_0030489,nv,HAM_0007447
0,0.4856874942779541,1,ham10000,ISIC_0032294,nv,HAM_0007448
0,0.16074055433273315,1,ham10000,ISIC_0025912,nv,HAM_0007449
0,0.23470354080200195,1,ham10000,ISIC_0027340,nv,HAM_0007450
0,0.04580392315983772,0,ham10000,ISIC_0032527,nv,HAM_0007451
0,0.2537444829940796,1,ham10000,ISIC_0024811,nv,HAM_0007452
0,0.1261543184518814,0,ham10000,ISIC_0024510,nv,HAM_0007453
1,0.49024251103401184,1,ham10000,ISIC_0032214,mel,HAM_0007454
0,0.07025028765201569,0,ham10000,ISIC_0027441,nv,HAM_0007455
0,0.08771157264709473,0,ham10000,ISIC_0028167,nv,HAM_0007456
0,0.19488608837127686,1,ham10000,ISIC_0029813,nv,HAM_0007457
0,0.4206766188144684,1,ham10000,ISIC_0030266,nv,HAM_0007458
0,0.18340761959552765,1,ham10000,ISIC_0029886,nv,HAM_0007459
0,0.0804128646850586,0,ham10000,ISIC_0032578,nv,HAM_0007460
0,0.2863885164260864,1,ham10000,ISIC_0025717,nv,HAM_0007461
0,0.11501137912273407,0,ham10000,ISIC_0032633,nv,HAM_0007462
0,0.49240559339523315,1,ham10000,ISIC_0028371,nv,HAM_0007464
0,0.13037538528442383,0,ham10000,ISIC_0031392,nv,HAM_0007465
0,0.15810035169124603,1,ham10000,ISIC_0031355,nv,HAM_0007466
0,0.16721971333026886,1,ham10000,ISIC_0029085,nv,HAM_0007467
0,0.127793088555336,0,ham10000,ISIC_0024831,nv,HAM_0007468
0,0.4319518506526947,1,ham10000,ISIC_0030049,nv,HAM_0007469
1,0.6132922768592834,1,ham10000,ISIC_0032536,bcc,HAM_0007471
0,0.18791493773460388,1,ham10000,ISIC_0027274,nv,HAM_0007472
0,0.10923346877098083,0,ham10000,ISIC_0025858,nv,HAM_0007473
1,0.5048781037330627,1,ham10000,ISIC_0024848,bcc,HAM_0007474
0,0.11952397972345352,0,ham10000,ISIC_0033408,nv,HAM_0007475
0,0.0792500302195549,0,ham10000,ISIC_0025108,nv,HAM_0007476
0,0.009993302635848522,0,ham10000,ISIC_0025950,nv,HAM_0007477
0,0.10399476438760757,0,ham10000,ISIC_0033040,nv,HAM_0007478
0,0.15274691581726074,1,ham10000,ISIC_0024406,nv,HAM_0007480
0,0.33228251338005066,1,ham10000,ISIC_0026837,nv,HAM_0007481
0,0.27407366037368774,1,ham10000,ISIC_0030004,nv,HAM_0007482
0,0.02177511155605316,0,ham10000,ISIC_0032628,nv,HAM_0007483
0,0.5700802803039551,1,ham10000,ISIC_0030710,nv,HAM_0007484
0,0.15738050639629364,1,ham10000,ISIC_0032438,nv,HAM_0007485
0,0.7104462385177612,1,ham10000,ISIC_0031500,nv,HAM_0007486
0,0.28010523319244385,1,ham10000,ISIC_0030097,nv,HAM_0007487
1,0.28967052698135376,1,ham10000,ISIC_0024952,mel,HAM_0007488
0,0.19652453064918518,1,ham10000,ISIC_0028011,nv,HAM_0007489
0,0.18471857905387878,1,ham10000,ISIC_0025968,nv,HAM_0007490
0,0.2042575478553772,1,ham10000,ISIC_0029183,nv,HAM_0007491
0,0.44339680671691895,1,ham10000,ISIC_0032193,nv,HAM_0007492
0,0.2579818367958069,1,ham10000,ISIC_0030931,nv,HAM_0007493
0,0.09027073532342911,0,ham10000,ISIC_0033136,nv,HAM_0007494
0,0.06983383744955063,0,ham10000,ISIC_0027491,nv,HAM_0007495
0,0.25694239139556885,1,ham10000,ISIC_0028083,nv,HAM_0007496
1,0.115448497235775,0,ham10000,ISIC_0026829,bcc,HAM_0007497
1,0.09711351245641708,0,ham10000,ISIC_0025546,mel,HAM_0007498
0,0.18832941353321075,1,ham10000,ISIC_0025981,nv,HAM_0007499
0,0.15883055329322815,1,ham10000,ISIC_0027435,bkl,HAM_0007500
0,0.20829372107982635,1,ham10000,ISIC_0030780,nv,HAM_0007501
1,0.38732823729515076,1,ham10000,ISIC_0030754,mel,HAM_0007502
0,0.37420105934143066,1,ham10000,ISIC_0026109,nv,HAM_0007503
0,0.18460427224636078,1,ham10000,ISIC_0026359,nv,HAM_0007504
0,0.016277888789772987,0,ham10000,ISIC_0027061,nv,HAM_0007505
0,0.20385244488716125,1,ham10000,ISIC_0029403,nv,HAM_0007506
1,0.2685074508190155,1,ham10000,ISIC_0031056,bcc,HAM_0007507
0,0.09708927571773529,0,ham10000,ISIC_0025763,nv,HAM_0007508
0,0.08930155634880066,0,ham10000,ISIC_0027542,nv,HAM_0007509
0,0.024148039519786835,0,ham10000,ISIC_0025587,nv,HAM_0007510
1,0.6260651350021362,1,ham10000,ISIC_0024333,mel,HAM_0007511
0,0.14285355806350708,1,ham10000,ISIC_0028546,nv,HAM_0007512
0,0.24474483728408813,1,ham10000,ISIC_0024676,bkl,HAM_0007513
0,0.026892127469182014,0,ham10000,ISIC_0028118,nv,HAM_0007514
0,0.30150529742240906,1,ham10000,ISIC_0025333,nv,HAM_0007515
0,0.06066436320543289,0,ham10000,ISIC_0024441,nv,HAM_0007516
0,0.24830755591392517,1,ham10000,ISIC_0032172,nv,HAM_0007517
0,0.2767845690250397,1,ham10000,ISIC_0031015,nv,HAM_0007518
0,0.0750950500369072,0,ham10000,ISIC_0032865,nv,HAM_0007519
0,0.11603204160928726,0,ham10000,ISIC_0029595,nv,HAM_0007520
0,0.4139942526817322,1,ham10000,ISIC_0032156,bkl,HAM_0007521
1,0.12889443337917328,0,ham10000,ISIC_0027904,mel,HAM_0007522
0,0.2761285603046417,1,ham10000,ISIC_0026461,nv,HAM_0007523
0,0.15894006192684174,1,ham10000,ISIC_0027994,nv,HAM_0007525
0,0.6716254949569702,1,ham10000,ISIC_0030244,df,HAM_0007526
0,0.15978185832500458,1,ham10000,ISIC_0032426,nv,HAM_0007527
0,0.6535464525222778,1,ham10000,ISIC_0027003,nv,HAM_0007528
0,0.23898378014564514,1,ham10000,ISIC_0026607,bkl,HAM_0007529
1,0.023953504860401154,0,ham10000,ISIC_0024410,mel,HAM_0007530
0,0.05880335345864296,0,ham10000,ISIC_0030837,nv,HAM_0007531
0,0.2527737319469452,1,ham10000,ISIC_0024662,vasc,HAM_0007532
0,0.007945398800075054,0,ham10000,ISIC_0033463,nv,HAM_0007533
1,0.4045499265193939,1,ham10000,ISIC_0024829,bcc,HAM_0007535
0,0.3737260699272156,1,ham10000,ISIC_0025445,nv,HAM_0007536
0,0.12656137347221375,0,ham10000,ISIC_0025420,nv,HAM_0007537
1,0.35839447379112244,1,ham10000,ISIC_0024315,mel,HAM_0007538
0,0.10584715753793716,0,ham10000,ISIC_0026875,nv,HAM_0007539
0,0.3515453636646271,1,ham10000,ISIC_0032118,nv,HAM_0007540
0,0.0998481959104538,0,ham10000,ISIC_0032540,nv,HAM_0007541
0,0.07268035411834717,0,ham10000,ISIC_0024519,nv,HAM_0007543
0,0.25640609860420227,1,ham10000,ISIC_0031390,nv,HAM_0007544
0,0.02255704440176487,0,ham10000,ISIC_0027129,nv,HAM_0007545
0,0.2782652974128723,1,ham10000,ISIC_0025429,nv,HAM_0007547
0,0.1007256880402565,0,ham10000,ISIC_0026633,nv,HAM_0007548
0,0.1729438751935959,1,ham10000,ISIC_0025216,nv,HAM_0007549
1,0.5798265337944031,1,ham10000,ISIC_0026528,bcc,HAM_0007550
0,0.3081907033920288,1,ham10000,ISIC_0032016,nv,HAM_0007551
0,0.4345964193344116,1,ham10000,ISIC_0032731,nv,HAM_0007552
0,0.5383055806159973,1,ham10000,ISIC_0031676,nv,HAM_0007553
0,0.2351948767900467,1,ham10000,ISIC_0028193,nv,HAM_0007554
1,0.3872954547405243,1,ham10000,ISIC_0030602,akiec,HAM_0007555
0,0.1841067671775818,1,ham10000,ISIC_0028893,nv,HAM_0007556
1,0.4175396263599396,1,ham10000,ISIC_0030964,bcc,HAM_0007557
1,0.18665531277656555,1,ham10000,ISIC_0028410,mel,HAM_0007558
0,0.05473070219159126,0,ham10000,ISIC_0028603,nv,HAM_0007559
1,0.7040978074073792,1,ham10000,ISIC_0024987,mel,HAM_0007560
0,0.14888522028923035,1,ham10000,ISIC_0031458,nv,HAM_0007561
0,0.20160724222660065,1,ham10000,ISIC_0033671,nv,HAM_0007562
0,0.4441980719566345,1,ham10000,ISIC_0025075,bkl,HAM_0007563
0,0.37233152985572815,1,ham10000,ISIC_0028119,nv,HAM_0007564
0,0.2461668699979782,1,ham10000,ISIC_0028241,nv,HAM_0007565
0,0.18823270499706268,1,ham10000,ISIC_0028834,nv,HAM_0007566
0,0.13045285642147064,0,ham10000,ISIC_0031588,nv,HAM_0007567
0,0.15309301018714905,1,ham10000,ISIC_0024867,vasc,HAM_0007568
0,0.16302268207073212,1,ham10000,ISIC_0025373,df,HAM_0007569
1,0.3281710743904114,1,ham10000,ISIC_0026430,mel,HAM_0007570
0,0.8665847778320312,1,ham10000,ISIC_0029836,bkl,HAM_0007571
0,0.30217719078063965,1,ham10000,ISIC_0029420,bkl,HAM_0007573
1,0.2210867702960968,1,ham10000,ISIC_0033238,mel,HAM_0007574
0,0.08820953965187073,0,ham10000,ISIC_0027115,nv,HAM_0007576
0,0.5160635113716125,1,ham10000,ISIC_0030305,nv,HAM_0007577
0,0.149298757314682,1,ham10000,ISIC_0030867,nv,HAM_0007578
0,0.6032528877258301,1,ham10000,ISIC_0027571,nv,HAM_0007579
0,0.27654382586479187,1,ham10000,ISIC_0027877,nv,HAM_0007580
0,0.3415854871273041,1,ham10000,ISIC_0027092,nv,HAM_0007582
1,0.18366169929504395,1,ham10000,ISIC_0033081,mel,HAM_0007583
0,0.16439516842365265,1,ham10000,ISIC_0025139,nv,HAM_0007584
0,0.31589534878730774,1,ham10000,ISIC_0032347,nv,HAM_0007585
1,0.7286871075630188,1,ham10000,ISIC_0029819,mel,HAM_0007586
0,0.03946811705827713,0,ham10000,ISIC_0029762,nv,HAM_0007587
1,0.055504024028778076,0,ham10000,ISIC_0030230,bcc,HAM_0007588
1,0.11747919023036957,0,ham10000,ISIC_0034049,mel,HAM_0007589
0,0.0441962368786335,0,ham10000,ISIC_0028615,bkl,HAM_0007590
0,0.34231099486351013,1,ham10000,ISIC_0025351,bkl,HAM_0007591
1,0.29960042238235474,1,ham10000,ISIC_0027149,mel,HAM_0007592
0,0.16925065219402313,1,ham10000,ISIC_0031854,nv,HAM_0007593
0,0.16820208728313446,1,ham10000,ISIC_0028772,nv,HAM_0007594
0,0.22067517042160034,1,ham10000,ISIC_0025288,nv,HAM_0007595
0,0.18563760817050934,1,ham10000,ISIC_0032764,nv,HAM_0007596
0,0.22241604328155518,1,ham10000,ISIC_0028274,nv,HAM_0007597
0,0.7687205672264099,1,ham10000,ISIC_0026514,bkl,HAM_0007598
0,0.1761092245578766,1,ham10000,ISIC_0029255,nv,HAM_0007599
0,0.32178017497062683,1,ham10000,ISIC_0025375,nv,HAM_0007600
1,0.19470323622226715,1,ham10000,ISIC_0027447,akiec,HAM_0007601
0,0.2797794044017792,1,ham10000,ISIC_0031262,nv,HAM_0007602
0,0.14304140210151672,1,ham10000,ISIC_0029139,bkl,HAM_0007603
0,0.1407030075788498,1,ham10000,ISIC_0027027,bkl,HAM_0007604
0,0.13576935231685638,0,ham10000,ISIC_0024699,nv,HAM_0007605
0,0.11319800466299057,0,ham10000,ISIC_0025870,nv,HAM_0007606
0,0.30276724696159363,1,ham10000,ISIC_0025883,bkl,HAM_0007607
0,0.16283924877643585,1,ham10000,ISIC_0028609,nv,HAM_0007608
0,0.55921870470047,1,ham10000,ISIC_0026326,nv,HAM_0007609
0,0.10615596175193787,0,ham10000,ISIC_0030855,nv,HAM_0007610
1,0.555691123008728,1,ham10000,ISIC_0032314,bcc,HAM_0007611
0,0.0063270204700529575,0,ham10000,ISIC_0025688,nv,HAM_0007612
0,0.13696926832199097,0,ham10000,ISIC_0024912,nv,HAM_0007613
0,0.8385753631591797,1,ham10000,ISIC_0027672,vasc,HAM_0007614
0,0.09208982437849045,0,ham10000,ISIC_0027417,nv,HAM_0007615
0,0.07638966292142868,0,ham10000,ISIC_0027373,nv,HAM_0007616
1,0.9322845935821533,1,ham10000,ISIC_0024875,mel,HAM_0007617
0,0.18112802505493164,1,ham10000,ISIC_0030293,nv,HAM_0007618
0,0.20379051566123962,1,ham10000,ISIC_0026948,nv,HAM_0007619
1,0.8901453614234924,1,ham10000,ISIC_0027616,mel,HAM_0007620
0,0.32306915521621704,1,ham10000,ISIC_0024626,bkl,HAM_0007621
1,0.26679039001464844,1,ham10000,ISIC_0027562,akiec,HAM_0007622
1,0.466868132352829,1,ham10000,ISIC_0025264,akiec,HAM_0007623
0,0.1802006959915161,1,ham10000,ISIC_0026322,nv,HAM_0007624
0,0.24903753399848938,1,ham10000,ISIC_0033378,bkl,HAM_0007625
0,0.5045047998428345,1,ham10000,ISIC_0031300,nv,HAM_0007626
1,0.19538027048110962,1,ham10000,ISIC_0026118,bcc,HAM_0007627
0,0.07450112700462341,0,ham10000,ISIC_0027059,nv,HAM_0007628
