y_true,y_prob,y_pred,source,image_id,tone_group,fitzpatrick_scale,three_partition_label
0,0.7777743339538574,1,fitzpatrick17k,fitz_d2bac3c9e4499032ca8e9b07c7d3bc40,light,2,benign
1,0.7879894375801086,1,fitzpatrick17k,fitz_45f7fe0e10214e32e890cad9d29d4811,dark,6,malignant
1,0.8002428412437439,1,fitzpatrick17k,fitz_b87804452f60aa162a6d29c0f66a2466,light,2,malignant
1,0.796809196472168,1,fitzpatrick17k,fitz_4c3f795cf8eb72b946f9bd2642cf23c1,dark,6,malignant
0,0.09864644706249237,0,fitzpatrick17k,fitz_99247c9fe486aa9ab71686c8e676c135,light,2,benign
1,0.7140643000602722,1,fitzpatrick17k,fitz_b09233673fc585369e723ec841ed0acb,dark,5,malignant
0,0.6325843930244446,1,fitzpatrick17k,fitz_fb9640a13e0c11610684fe8c0f473cf2,light,2,benign
0,0.2930564284324646,1,fitzpatrick17k,fitz_9d5a90fa3f6934608add10e698001760,medium,3,benign
1,0.4044815003871918,1,fitzpatrick17k,fitz_d2c77aa81ca884f99174471132bd3e24,light,1,malignant
0,0.8185591697692871,1,fitzpatrick17k,fitz_fdfbcca21acc8015bfe3ab09b6e254b2,light,2,benign
0,0.6941560506820679,1,fitzpatrick17k,fitz_5f4376e41dff7efbbb53ca5b9928919d,dark,5,benign
1,0.4848434329032898,1,fitzpatrick17k,fitz_2b6ea0581d59b23e033bf2059c2ae6af,medium,3,malignant
1,0.7564321160316467,1,fitzpatrick17k,fitz_6d2fb27bbaf2691ea85fa2ad7f334060,light,2,malignant
0,0.655854344367981,1,fitzpatrick17k,fitz_bb18c8800c62e37bd21641ad30aa3982,medium,3,benign
1,0.7571256756782532,1,fitzpatrick17k,fitz_dab1abcb214f3e1cf7b509fa75972eb7,medium,4,malignant
1,0.3922573924064636,1,fitzpatrick17k,fitz_81c007db8cc1bc57cb08bcc00dda653b,light,2,malignant
0,0.7784321308135986,1,fitzpatrick17k,fitz_5a3d754f30836ede76691cdf1b4f0cfb,medium,3,benign
0,0.3898674547672272,1,fitzpatrick17k,fitz_62f8df393e05fd7e1588d70891238f53,medium,3,benign
0,0.8046339154243469,1,fitzpatrick17k,fitz_d6dfb47fe3c00e624af51b3548b8ee5e,medium,4,benign
0,0.49801284074783325,1,fitzpatrick17k,fitz_d98b961ecb24b31d672ca92d42fa644f,light,1,benign
0,0.7734168171882629,1,fitzpatrick17k,fitz_730a5db8eee84f8637f31c2eeefbea61,dark,5,benign
0,0.7681303024291992,1,fitzpatrick17k,fitz_a7432cf3e4faf44ab58bcb093fb6a3bd,medium,4,benign
1,0.8338910341262817,1,fitzpatrick17k,fitz_9838b6548e7842a1c228e9548a32099c,light,2,malignant
1,0.7393268346786499,1,fitzpatrick17k,fitz_a7821ca7a0f65f9095a61d66c234f683,light,1,malignant
1,0.6959995627403259,1,fitzpatrick17k,fitz_9d5e4780260cf2955e3e0e783cb21247,light,2,malignant
0,0.7386422157287598,1,fitzpatrick17k,fitz_c8c63f5f347e408981de99a00cbd255d,medium,3,benign
0,0.7682135701179504,1,fitzpatrick17k,fitz_eb817cc9a0a0d7d2728670a1cb1a38ec,light,2,benign
1,0.905224621295929,1,fitzpatrick17k,fitz_0d4c5e2266a00cd127cd5a676ac872b5,medium,3,malignant
0,0.7223314046859741,1,fitzpatrick17k,fitz_af7a076b9992ff39499951a9479c78d5,medium,4,benign
1,0.8541184067726135,1,fitzpatrick17k,fitz_c3833afba496feeb4153ed76ff2da85d,medium,3,malignant
1,0.7311996221542358,1,fitzpatrick17k,fitz_24a4d75183c81800691347ad769b9a7b,medium,4,malignant
1,0.7540767788887024,1,fitzpatrick17k,fitz_5e44d665d68cca052a33dca12ad2bf29,light,2,malignant
0,0.758326530456543,1,fitzpatrick17k,fitz_58e7594f5727cdfc362cf5b071520a1f,light,1,benign
0,0.671040952205658,1,fitzpatrick17k,fitz_90a57906ad3e8c8d1583a661e616a1b0,light,2,benign
0,0.8915114402770996,1,fitzpatrick17k,fitz_43ff4f26e808270c6be266126a4b4cb4,medium,3,benign
0,0.7642070651054382,1,fitzpatrick17k,fitz_ef6840d838979ca91fc496ec95059ab8,light,2,benign
0,0.6601376533508301,1,fitzpatrick17k,fitz_8b963a49787af17b8581d58099bb55f2,light,1,benign
1,0.8545436263084412,1,fitzpatrick17k,fitz_45005e10b9ecc6241aa723a8c33086ed,light,1,malignant
0,0.7242382168769836,1,fitzpatrick17k,fitz_8903983f10e1f3f2ea8f9eff65097f91,medium,3,benign
0,0.8482680320739746,1,fitzpatrick17k,fitz_67af6e2923e52eff436a013572b7088b,light,2,benign
1,0.830230712890625,1,fitzpatrick17k,fitz_5de18144953b0dcf774605ae4a9c65c3,dark,5,malignant
0,0.8064918518066406,1,fitzpatrick17k,fitz_c18ef5d1ddaa5651b201046f079f1607,light,2,benign
0,0.32988694310188293,1,fitzpatrick17k,fitz_1d7bd6b19b1e499529e8eea49a84effa,light,2,benign
1,0.8088403940200806,1,fitzpatrick17k,fitz_1bbe4519608f606a18adf1811fd1c051,light,1,malignant
1,0.7710871696472168,1,fitzpatrick17k,fitz_43d7ea1cae8cfa3f6a9f7ac73e7d1479,light,2,malignant
0,0.8392700552940369,1,fitzpatrick17k,fitz_d4e6307697e22eed8376fb2e2c54ab1f,dark,5,benign
1,0.765205442905426,1,fitzpatrick17k,fitz_b0a513787e3c28076c3c197342be5ffa,medium,3,malignant
0,0.6692093014717102,1,fitzpatrick17k,fitz_b716eb8ad19b3839a5c0104c5f3419e5,medium,4,benign
0,0.7676466703414917,1,fitzpatrick17k,fitz_8371f31bdd4a4ad7457bb790cc8108cd,light,1,benign
0,0.8101384043693542,1,fitzpatrick17k,fitz_f31890642d646144afbb92e30037fc81,light,2,benign
1,0.8007240891456604,1,fitzpatrick17k,fitz_521bec867654c32d592f32f9256c5704,medium,3,malignant
1,0.6965490579605103,1,fitzpatrick17k,fitz_07360bff59d68a64fe7e279625a4bbd4,medium,3,malignant
1,0.8362196683883667,1,fitzpatrick17k,fitz_fc00af3afd475aa7679fe83be88b4b8e,light,1,malignant
1,0.873866856098175,1,fitzpatrick17k,fitz_4159e2236b2119f9c8aa39623aab4a84,light,1,malignant
0,0.8268988132476807,1,fitzpatrick17k,fitz_ee0cca6b53ab15d28e448031f01d4d0f,medium,3,benign
0,0.5612636804580688,1,fitzpatrick17k,fitz_54772e05a49dda00ec1a3c9b7a1cfdba,light,2,benign
1,0.5702707171440125,1,fitzpatrick17k,fitz_2c74321d5e74fddb13c2d77b64cbe9b2,light,2,malignant
1,0.7374284267425537,1,fitzpatrick17k,fitz_fa4ed547ba2ed8055c9d777ee729f70b,medium,3,malignant
1,0.7454231977462769,1,fitzpatrick17k,fitz_f08034a69a57680dbe4521f6e913ba22,medium,3,malignant
0,0.9353904724121094,1,fitzpatrick17k,fitz_acd8feb1ca7fddf6e5237aa3eaced966,light,1,benign
0,0.7982519865036011,1,fitzpatrick17k,fitz_3dbdf558dcfe15e8f7f3c1cc13e66422,medium,4,benign
0,0.7957251667976379,1,fitzpatrick17k,fitz_98feee4e79ef8312db7e5604d95ad66f,medium,3,benign
1,0.6838653087615967,1,fitzpatrick17k,fitz_bb6e7390c63e78607a7308076972713a,light,2,malignant
1,0.7779882550239563,1,fitzpatrick17k,fitz_2e096f75543e315d8cf1ccf1ae45ce6a,light,2,malignant
1,0.839352011680603,1,fitzpatrick17k,fitz_1b0f82951e82535fa4f79a16802490d2,dark,5,malignant
1,0.7877490520477295,1,fitzpatrick17k,fitz_2004c88f0aba56122257c4f71e67c719,medium,3,malignant
1,0.8256033658981323,1,fitzpatrick17k,fitz_cb399ec010d1031fbaa1dad093a3a328,light,1,malignant
1,0.7426735758781433,1,fitzpatrick17k,fitz_af52bb1087469cc110332783dd328d6a,light,2,malignant
0,0.5511670112609863,1,fitzpatrick17k,fitz_67a5980c2855fb037a812e716dc911ca,light,1,benign
1,0.8065993785858154,1,fitzpatrick17k,fitz_54f09a0af80b1930a3210d57df1f373e,light,2,malignant
1,0.8967612385749817,1,fitzpatrick17k,fitz_c0d87b8dc5b8419b85c8fa07517007fd,light,1,malignant
0,0.7169442772865295,1,fitzpatrick17k,fitz_0645116845f5973b311d60306626086e,medium,4,benign
0,0.7990817427635193,1,fitzpatrick17k,fitz_40f34dba67a996fb6ca51804b2ca949d,light,2,benign
0,0.8620918393135071,1,fitzpatrick17k,fitz_84a6fff2cdd6e254aa98355d53d78f01,light,2,benign
1,0.7629870772361755,1,fitzpatrick17k,fitz_bb2e052ba0951cf787b9e831ab2a5b10,light,1,malignant
1,0.8305271863937378,1,fitzpatrick17k,fitz_c8f1c03a90e5a0ead446526bbfc8e86a,medium,3,malignant
0,0.7856627106666565,1,fitzpatrick17k,fitz_15dd1eb153ea63ea9a1638296520460d,light,2,benign
1,0.8400554656982422,1,fitzpatrick17k,fitz_69cfcc29d1376d77c9bcbfca301eefb6,medium,3,malignant
1,0.8429890871047974,1,fitzpatrick17k,fitz_9a2685b99d2db77c7297891d1c5b2dae,light,2,malignant
1,0.8629080653190613,1,fitzpatrick17k,fitz_fb41d70e2f3ac0f981d4d2eb6f199318,light,2,malignant
0,0.6984601020812988,1,fitzpatrick17k,fitz_a8583006eb83757f8a183bb8aef23f14,medium,4,benign
1,0.9202607274055481,1,fitzpatrick17k,fitz_22f13657c4a6b4a3fc6ea06d313c3725,medium,3,malignant
1,0.753150224685669,1,fitzpatrick17k,fitz_4ff4109275ef98c7cd754dee47249adc,light,2,malignant
0,0.7327231764793396,1,fitzpatrick17k,fitz_1fa86e2a6a80279cd8508d1420ba102d,light,2,benign
1,0.7082449197769165,1,fitzpatrick17k,fitz_becab807bbe933d1a5e84f378dfc083f,medium,4,malignant
1,0.793211042881012,1,fitzpatrick17k,fitz_42bb46cb779b95f10e531e2b6181e439,light,1,malignant
0,0.22554101049900055,1,fitzpatrick17k,fitz_7ba51368a962a6acafec7b39779cb4a9,light,2,benign
0,0.7273833751678467,1,fitzpatrick17k,fitz_a1c1f1ea02cf83d75af5e1fa9c3ade5a,light,2,benign
0,0.8081661462783813,1,fitzpatrick17k,fitz_057a18ef59ca4313fc8ca879c5094f13,medium,3,benign
1,0.8671355843544006,1,fitzpatrick17k,fitz_480fd80167d7865ce9aafe14aba4ec9d,dark,5,malignant
0,0.8205571174621582,1,fitzpatrick17k,fitz_b91bf35f16602faab8dc334563de5b33,light,1,benign
0,0.7438035011291504,1,fitzpatrick17k,fitz_6803521d9bc13a16bebf67e5f542d9be,medium,3,benign
1,0.799652099609375,1,fitzpatrick17k,fitz_407d41dc4b0e9e0fddd2fe5a4e155986,medium,4,malignant
1,0.785423219203949,1,fitzpatrick17k,fitz_6fcaf3c1ecef5a938bf70ae2b6ed24f6,light,2,malignant
1,0.9087432622909546,1,fitzpatrick17k,fitz_75f3059a6ad92bc7ef724a4ac79dc492,light,2,malignant
1,0.5631893873214722,1,fitzpatrick17k,fitz_55e268bf2641c7ceeadd9f43ceb55f29,light,2,malignant
1,0.786992609500885,1,fitzpatrick17k,fitz_9965621eb0e381dc51db0ffa0b3033e7,light,2,malignant
1,0.8131148219108582,1,fitzpatrick17k,fitz_3791b30f96733f69b473c8d2fcf3998b,light,2,malignant
1,0.9192445874214172,1,fitzpatrick17k,fitz_874c068761a094896dc6a19678bfb2cb,light,2,malignant
1,0.7690189480781555,1,fitzpatrick17k,fitz_77aa716ae6d1b7c52f7007fd36864dc2,light,1,malignant
0,0.7934127449989319,1,fitzpatrick17k,fitz_2d47534396dae6130583dfb65c30fe61,dark,5,benign
0,0.7399706244468689,1,fitzpatrick17k,fitz_2965539620963fea7f51907224ec840c,medium,3,benign
0,0.5820121169090271,1,fitzpatrick17k,fitz_4fa1e4a17380c13f60d935b4f16996ff,light,2,benign
0,0.7267529964447021,1,fitzpatrick17k,fitz_91c939e51667835970e7778ec18813ef,medium,3,benign
1,0.16101336479187012,1,fitzpatrick17k,fitz_297ee70fefe78b688233154f8befb1e3,light,2,malignant
0,0.7077191472053528,1,fitzpatrick17k,fitz_0f94533e693dab70850adb978cc0d821,dark,5,benign
0,0.4283081889152527,1,fitzpatrick17k,fitz_c1e1779aa5f1b9afd1016bb8018b5605,medium,4,benign
0,0.7422493696212769,1,fitzpatrick17k,fitz_b53a5cc389f78ded1e73df82aeae505c,dark,5,benign
0,0.4709997773170471,1,fitzpatrick17k,fitz_34868fffd3489bf6bed5f470fed542da,light,2,benign
0,0.7010698914527893,1,fitzpatrick17k,fitz_6630efeccdbb3e1955e09a0ea5a407fd,light,2,benign
0,0.7435649633407593,1,fitzpatrick17k,fitz_50067ef8f8a42ac3e71f043524be3e23,light,1,benign
0,0.6220899224281311,1,fitzpatrick17k,fitz_68080d1e8abc99eb6a82f334bc5a693f,medium,3,benign
0,0.438037633895874,1,fitzpatrick17k,fitz_aafbf7d0e817f7bf2d1a9098d8514666,dark,5,benign
0,0.7008104920387268,1,fitzpatrick17k,fitz_0ef6a4157b7bbe44c357d9d1ff7151c8,light,2,benign
1,0.9184632897377014,1,fitzpatrick17k,fitz_57b5a38f58b25a43d4997a599154baf9,light,1,malignant
0,0.8599710464477539,1,fitzpatrick17k,fitz_214c65e740652e9b27a9a6130c991017,medium,3,benign
1,0.7288982272148132,1,fitzpatrick17k,fitz_8f11fe151cb9ede441d591dbfc171948,medium,3,malignant
0,0.42358142137527466,1,fitzpatrick17k,fitz_09c8bec991dd5c6cf5bc8af119ccca0a,light,2,benign
1,0.8270952105522156,1,fitzpatrick17k,fitz_d80eb8dcd60ddbbadecd602d7e3234be,medium,3,malignant
1,0.8459946513175964,1,fitzpatrick17k,fitz_cf3d2262e2ddccfee4641197f689e6dd,light,2,malignant
1,0.7341209053993225,1,fitzpatrick17k,fitz_a72927a9733ed3072b41b7c353b259db,light,1,malignant
1,0.7404845952987671,1,fitzpatrick17k,fitz_b580a075146386af3e2cfb6c8b026a40,dark,6,malignant
1,0.7029179930686951,1,fitzpatrick17k,fitz_545f0e8a6125523973e200172976448a,medium,4,malignant
1,0.8178053498268127,1,fitzpatrick17k,fitz_0eea95f33aa97fec0d44afde061d5595,light,1,malignant
1,0.7246885895729065,1,fitzpatrick17k,fitz_1681c65312e7c67fcec67b39a5f31162,light,2,malignant
1,0.8697093725204468,1,fitzpatrick17k,fitz_38d20f98356a171a3c206985213c366b,light,2,malignant
0,0.8725572228431702,1,fitzpatrick17k,fitz_1914e3c00a7d0bb468c53a67c18165b8,medium,3,benign
1,0.6313600540161133,1,fitzpatrick17k,fitz_88585fc7b3ebb360c2ca8bc2cdfaf736,medium,4,malignant
1,0.7918882369995117,1,fitzpatrick17k,fitz_e170d124649f3cddf0e8d2ac7a4e597f,light,1,malignant
1,0.8018375635147095,1,fitzpatrick17k,fitz_72e2febe065d177b01564edeb420e24b,medium,3,malignant
1,0.7993021607398987,1,fitzpatrick17k,fitz_84d8616020e202285cb4b5505d18541b,medium,3,malignant
1,0.8373160362243652,1,fitzpatrick17k,fitz_16e8de6bd449154d0823adddef933b73,light,1,malignant
0,0.7562565803527832,1,fitzpatrick17k,fitz_322b68d37074c1950a21243137800788,medium,3,benign
0,0.7773396968841553,1,fitzpatrick17k,fitz_3c421aa1b1d94df229df3c6ae9a4530a,dark,6,benign
1,0.7681225538253784,1,fitzpatrick17k,fitz_6eefcee64440fb29088135a15a4c9348,light,2,malignant
0,0.5987049341201782,1,fitzpatrick17k,fitz_fd29fb706c41cc9552b40a057024f460,light,2,benign
0,0.8889031410217285,1,fitzpatrick17k,fitz_56945da8718c4c60517f621599ab54d8,light,2,benign
1,0.8172752261161804,1,fitzpatrick17k,fitz_83cd9569896510c012ebc6c5bb7f3c74,light,2,malignant
1,0.8858283162117004,1,fitzpatrick17k,fitz_25a9a37f1edef70afe4cbfb380f01224,medium,3,malignant
0,0.4794471561908722,1,fitzpatrick17k,fitz_c0ea1e88aa3ba697014dca3924e559e6,light,2,benign
0,0.8508448004722595,1,fitzpatrick17k,fitz_2475581bf40d111f31146165fce3441b,light,1,benign
0,0.11444280296564102,0,fitzpatrick17k,fitz_1272664fdb6b3fe6ea59381e02716169,light,1,benign
1,0.9103172421455383,1,fitzpatrick17k,fitz_37776f44e7f4949826d0fd29525620d4,light,2,malignant
0,0.7093070149421692,1,fitzpatrick17k,fitz_7094ebc9834c1cbe6991ca9eb6f38c9a,light,2,benign
0,0.7885851860046387,1,fitzpatrick17k,fitz_605ae32a4e833e8d8373a33b4336bdcf,light,2,benign
0,0.7978131771087646,1,fitzpatrick17k,fitz_fd341aaafca422649fcbb11334a022a8,light,2,benign
1,0.8624186515808105,1,fitzpatrick17k,fitz_e7fd792efe793efba7a339d3dd29e404,light,1,malignant
1,0.8038060069084167,1,fitzpatrick17k,fitz_0d582dfe778f718b94bd58195433eb47,light,2,malignant
0,0.8061313629150391,1,fitzpatrick17k,fitz_1f60e819229b11d3e51c9b722b5dba70,light,2,benign
1,0.7548644542694092,1,fitzpatrick17k,fitz_648adc09de37624a92674d2b90d96188,dark,5,malignant
1,0.8030581474304199,1,fitzpatrick17k,fitz_cc63958a1cedccb7dc1f0628f010206e,light,2,malignant
0,0.419180303812027,1,fitzpatrick17k,fitz_383a02d4317275c0a044a43d02a84949,light,2,benign
0,0.8417882323265076,1,fitzpatrick17k,fitz_e654f6c8ac970fe75d7fd45967f5c27a,light,2,benign
1,0.8090234994888306,1,fitzpatrick17k,fitz_576c5c37a21c1c767733e486ac69b71c,light,2,malignant
1,0.09802679717540741,0,fitzpatrick17k,fitz_a49abcfad0d9a5270d1c9488a6fc466f,light,1,malignant
0,0.7316268682479858,1,fitzpatrick17k,fitz_c1db3c69bb7a69c366bb7af52199a148,medium,3,benign
1,0.8316632509231567,1,fitzpatrick17k,fitz_d2e96d346577a155b0125dda66b16395,light,1,malignant
0,0.4899965822696686,1,fitzpatrick17k,fitz_00d5f0c643a2c4317c33bcfcc7b56759,light,2,benign
1,0.898227334022522,1,fitzpatrick17k,fitz_174f6d759798e3fec307a2b7b513f139,light,2,malignant
0,0.405850887298584,1,fitzpatrick17k,fitz_870cc15be006f854b30fb4959bb54eae,light,1,benign
0,0.8124410510063171,1,fitzpatrick17k,fitz_656ee5b708a8250872b363adf2c1476a,medium,4,benign
0,0.7387393116950989,1,fitzpatrick17k,fitz_1a6a0f322da502480484eebf5210f848,light,1,benign
1,0.8380277752876282,1,fitzpatrick17k,fitz_c4ea214b9c8cec7349c9d6fceb487191,light,2,malignant
0,0.8376119136810303,1,fitzpatrick17k,fitz_935253176f36da2ffbfa63299b8afa6b,light,2,benign
0,0.2175840586423874,1,fitzpatrick17k,fitz_4b4dbba61edbda8a8d68e7c66c55414f,medium,4,benign
0,0.5852262377738953,1,fitzpatrick17k,fitz_04ff8956172642998a8edbcaa0960f09,light,1,benign
0,0.8102599382400513,1,fitzpatrick17k,fitz_3f7aaf6d85e7d27d7d4c403f47895695,light,2,benign
1,0.7973347902297974,1,fitzpatrick17k,fitz_c4c2e945778e09af22e5fc0a0e92bcbf,light,1,malignant
1,0.8227360248565674,1,fitzpatrick17k,fitz_923228f28903085907978dbba69ee1e6,light,2,malignant
0,0.8537994623184204,1,fitzpatrick17k,fitz_eaed7184b1a9e5afdd5d214c2dd98d57,light,2,benign
1,0.8551979064941406,1,fitzpatrick17k,fitz_df36e9e73a06b3a37cc7bca56f6181b6,medium,3,malignant
1,0.8558413982391357,1,fitzpatrick17k,fitz_3361f78e86e2c0dcd0868286fb042384,light,1,malignant
0,0.7232310175895691,1,fitzpatrick17k,fitz_656ef36ce047a3d77b6fc617cfcd15fc,medium,3,benign
1,0.8272953629493713,1,fitzpatrick17k,fitz_0d832e0fc8954df6f599abca35cd881d,medium,3,malignant
0,0.020061882212758064,0,fitzpatrick17k,fitz_22aa5a1793cc8388ad24d2bb9e3884bd,light,1,benign
1,0.7366905808448792,1,fitzpatrick17k,fitz_4774398105aa32b8d004b499ccbf5633,light,2,malignant
0,0.48390552401542664,1,fitzpatrick17k,fitz_c0901ea10a72665f35e0a44da7cd05fa,light,1,benign
1,0.7102481722831726,1,fitzpatrick17k,fitz_94d83b7ef6a07cda5e0ce98dbc2a5550,medium,3,malignant
0,0.7913058400154114,1,fitzpatrick17k,fitz_fe9cef9e6b609fa344d5a681336c3b37,light,2,benign
1,0.822644829750061,1,fitzpatrick17k,fitz_cb0516a3a69f69eb2d5b7eafcfa5fc22,medium,3,malignant
1,0.7725693583488464,1,fitzpatrick17k,fitz_44501b66878c664dcc464ac40ba90211,medium,3,malignant
0,0.6926572322845459,1,fitzpatrick17k,fitz_6f93aa757c0b91baceca396b7b76c90c,light,2,benign
0,0.4833528399467468,1,fitzpatrick17k,fitz_aa1951a8a09b8b08d1d30607ddf5770f,light,1,benign
0,0.6527213454246521,1,fitzpatrick17k,fitz_96fec92b4635d407429bf99b37b56b50,medium,3,benign
1,0.7459337711334229,1,fitzpatrick17k,fitz_f27b150981c616b704721a1fa8cc9374,medium,3,malignant
0,0.3983728885650635,1,fitzpatrick17k,fitz_f2eda43c2fa0e4d269fe8cc4baf1e7d6,dark,5,benign
0,0.6883658170700073,1,fitzpatrick17k,fitz_bc3621be57a0eeaec4b593b7be843ed4,light,1,benign
1,0.7876255512237549,1,fitzpatrick17k,fitz_72f9f788233f2c319950f11f67450fb5,medium,3,malignant
0,0.5118780136108398,1,fitzpatrick17k,fitz_e0cb7de355eb3b069e6714bd908a63cb,light,1,benign
1,0.4344882369041443,1,fitzpatrick17k,fitz_37027472ae69e4274eff83ff89c99d6d,light,1,malignant
1,0.7667330503463745,1,fitzpatrick17k,fitz_0ad35686cc836776ddb21346413d273e,medium,3,malignant
1,0.8748716711997986,1,fitzpatrick17k,fitz_46a52b0203c2e2e10adcfdb6dd3d30a0,medium,4,malignant
0,0.15462607145309448,1,fitzpatrick17k,fitz_db0585772571cb1d0bb61d1d13f6a052,medium,4,benign
1,0.803071141242981,1,fitzpatrick17k,fitz_58aa51a65eb4f1aa268eca98ab1bc7b5,medium,4,malignant
0,0.6872606873512268,1,fitzpatrick17k,fitz_083693f96384f926cf469c0c9ef34c25,medium,4,benign
1,0.8141604661941528,1,fitzpatrick17k,fitz_d1e4e75a26460a43f613fbfe64464b55,light,2,malignant
1,0.8104949593544006,1,fitzpatrick17k,fitz_7075c2cde6d86aa53d709a2ead26b93f,light,2,malignant
1,0.7950194478034973,1,fitzpatrick17k,fitz_fdda53ce89d314229c5088ae449be8ee,medium,3,malignant
0,0.8523971438407898,1,fitzpatrick17k,fitz_6f6c77015a7eadb0fd805eb69fadafa7,light,2,benign
1,0.8394373059272766,1,fitzpatrick17k,fitz_fac24183c8bb25e3f3221dcc4421b95f,medium,3,malignant
1,0.7449238896369934,1,fitzpatrick17k,fitz_e5d72c33149dbbd5b9dd43f485796413,medium,3,malignant
0,0.47092458605766296,1,fitzpatrick17k,fitz_452670f5d314b708459d19b8e2c3326f,light,2,benign
1,0.825830340385437,1,fitzpatrick17k,fitz_9180caf457da660165757eb4de0cd35c,light,2,malignant
1,0.8659351468086243,1,fitzpatrick17k,fitz_e0e27fea7267d1d667081d79afdadd91,light,1,malignant
0,0.8277460932731628,1,fitzpatrick17k,fitz_1ee5e3e9e7a355ba2d70e35c79bac082,light,1,benign
1,0.7854216694831848,1,fitzpatrick17k,fitz_516b8ed8e7db3a27e68118aac9191fb5,light,2,malignant
0,0.7349649667739868,1,fitzpatrick17k,fitz_dd359277e3addda85c39c59feaf25b94,light,1,benign
0,0.5907555222511292,1,fitzpatrick17k,fitz_2003dff782042df5d9d3eca6bf3f6acb,dark,5,benign
1,0.8829448223114014,1,fitzpatrick17k,fitz_8c2c1f4033ef00e39ab32ac2a3cd5dfc,light,2,malignant
0,0.8535649180412292,1,fitzpatrick17k,fitz_a2abd32b2f43d0039dcde191919a88bf,light,1,benign
0,0.6699799299240112,1,fitzpatrick17k,fitz_70b8e8fca7963b3fafc74cbfa20274a5,medium,3,benign
1,0.777603030204773,1,fitzpatrick17k,fitz_227aabac4aa7eca8fa4b9fb2abddc5a0,medium,3,malignant
0,0.772881269454956,1,fitzpatrick17k,fitz_4c0cd9e89e0856ea4cebc3b04064861a,light,1,benign
0,0.8947085738182068,1,fitzpatrick17k,fitz_be1bc30308ed6b2b3bbb3a67996dd2e8,light,2,benign
0,0.531097412109375,1,fitzpatrick17k,fitz_676f64c842eec80eded6a4b7da155a1a,medium,4,benign
1,0.7583629488945007,1,fitzpatrick17k,fitz_4f56807f47fe9a2dd46fbed3d38ad8c7,dark,6,malignant
0,0.6841001510620117,1,fitzpatrick17k,fitz_e8f882e1ef0c63548f06ce062136f7a0,medium,4,benign
1,0.8690849542617798,1,fitzpatrick17k,fitz_5f567374f688120109c2bab349ff21cf,light,2,malignant
0,0.9017218351364136,1,fitzpatrick17k,fitz_d6786927b91d6676c532d902bb219796,light,1,benign
0,0.610358476638794,1,fitzpatrick17k,fitz_e6624fc386fccf658b66f732ae0392a3,light,2,benign
0,0.8820098638534546,1,fitzpatrick17k,fitz_0ae83657120b8043c6200a17e5e5dec8,medium,4,benign
0,0.7968645095825195,1,fitzpatrick17k,fitz_91a12888aa3eb6ac9011939352a9c6e2,dark,5,benign
0,0.3401446044445038,1,fitzpatrick17k,fitz_c652772dd70d369fefb99a7a8ab31b53,light,2,benign
1,0.7171782851219177,1,fitzpatrick17k,fitz_9289853db2501ac7d600ec0fc713cf5a,light,1,malignant
1,0.7735762000083923,1,fitzpatrick17k,fitz_cdb9d51cd1835796a6f898537693ee69,light,1,malignant
0,0.7181434035301208,1,fitzpatrick17k,fitz_8390f737db746285c7fc204e514dc08e,dark,5,benign
1,0.7837534546852112,1,fitzpatrick17k,fitz_6c0dd2544391e097ce4e832a5308ac83,light,2,malignant
1,0.9173142910003662,1,fitzpatrick17k,fitz_83ce49e83a31bca8220080e97bbe7dca,light,2,malignant
1,0.8314407467842102,1,fitzpatrick17k,fitz_203f72e12bfd9132ba8f843eaa9a894f,light,2,malignant
0,0.8259901404380798,1,fitzpatrick17k,fitz_dd1fbd4548204025098aa9b7489ae169,light,1,benign
1,0.1682845801115036,1,fitzpatrick17k,fitz_6607d5ae0731bc91e322cc0e26d4f73d,medium,4,malignant
1,0.7544352412223816,1,fitzpatrick17k,fitz_7b2417ddf1a9d8f3fa5a7989d1b45c86,light,2,malignant
1,0.8708898425102234,1,fitzpatrick17k,fitz_9d994f1278a9788612fa2af179328c31,dark,6,malignant
0,0.31043484807014465,1,fitzpatrick17k,fitz_22c44b647b4b1d9a110cb159b1674183,medium,4,benign
0,0.78321772813797,1,fitzpatrick17k,fitz_a2ced0e21e0c6bc98b5553f08829c186,medium,4,benign
0,0.6538547873497009,1,fitzpatrick17k,fitz_177139bc4aeb665b8efd0f606d6d7391,light,2,benign
1,0.9236410856246948,1,fitzpatrick17k,fitz_ff7fc623af53e40e882be0c85c8b6877,light,2,malignant
0,0.7043042182922363,1,fitzpatrick17k,fitz_169e80201d74ace7a656554f30e2bd95,light,2,benign
0,0.2700118124485016,1,fitzpatrick17k,fitz_b1098b20b934997bfc37b366c6bbbf72,medium,4,benign
0,0.8771420121192932,1,fitzpatrick17k,fitz_308dd4a7bae1755b366667a82e2e7d02,medium,4,benign
0,0.03265253081917763,0,fitzpatrick17k,fitz_6e5b6dd420449782f1ab8046701408f7,light,1,benign
0,0.6321744918823242,1,fitzpatrick17k,fitz_7c966614667a9055f244ea4b32b74a15,medium,3,benign
0,0.7694563269615173,1,fitzpatrick17k,fitz_8fd64caa1504bbdf6d33933c9b6b6a35,medium,4,benign
0,0.7494499683380127,1,fitzpatrick17k,fitz_365aac442608711300939dbae45eb7d2,medium,3,benign
1,0.8856924176216125,1,fitzpatrick17k,fitz_ebcb5f8fb40638b6e3e4159f11879a08,light,2,malignant
0,0.8286084532737732,1,fitzpatrick17k,fitz_2dabcd75a550fda4a489b2b92b0e1f1a,light,2,benign
0,0.8391966223716736,1,fitzpatrick17k,fitz_3aef03ecc3e4c163acc454eec08eec71,light,2,benign
0,0.7751091718673706,1,fitzpatrick17k,fitz_5f1de163a9b6dbe52a516085848399d3,medium,4,benign
0,0.8648807406425476,1,fitzpatrick17k,fitz_954ea7a3d146498218f9b95c568a8474,medium,3,benign
0,0.8613665699958801,1,fitzpatrick17k,fitz_3f5d673db4196bc614be8d9e0487b3d5,medium,3,benign
0,0.8826990127563477,1,fitzpatrick17k,fitz_018216845bb29c0717a0b01a038b96eb,light,2,benign
0,0.6821423768997192,1,fitzpatrick17k,fitz_b1c9609637096b385fa48fde4a908bf3,light,1,benign
1,0.8252806663513184,1,fitzpatrick17k,fitz_9f0704d534bda1e469eb5e19bd4aa4e6,light,1,malignant
1,0.8312307596206665,1,fitzpatrick17k,fitz_f77c1c3ab01cf6fb70d8de77238ed3d6,light,1,malignant
0,0.49303072690963745,1,fitzpatrick17k,fitz_5ec9109b6b51f49e0dfa8450a5e092be,light,2,benign
0,0.7004350423812866,1,fitzpatrick17k,fitz_ba3b05057183a7678520ecdebdd4f0fc,medium,4,benign
1,0.6501626372337341,1,fitzpatrick17k,fitz_256e58f0e342d523cae925d1a3e55a38,light,2,malignant
0,0.6352648138999939,1,fitzpatrick17k,fitz_d5e7eeb645ea0964bf974e59325870a7,light,2,benign
0,0.7243922352790833,1,fitzpatrick17k,fitz_285b7f018c0d7079fadc9f276494643f,dark,5,benign
0,0.8171344995498657,1,fitzpatrick17k,fitz_e45706ee7d420f0d5819e056985b8f5c,light,2,benign
0,0.8548352122306824,1,fitzpatrick17k,fitz_eacd4872fc1a9795b060d5575ad5b8d1,medium,4,benign
0,0.6721155047416687,1,fitzpatrick17k,fitz_d52c33f0ce4c9947fc062f4c95ab50f2,light,1,benign
1,0.7913360595703125,1,fitzpatrick17k,fitz_edaf72dfe0910228db8eb491ed9dc2b3,light,1,malignant
1,0.8625648617744446,1,fitzpatrick17k,fitz_771fff032a6c7854eb8509f5849e929e,medium,4,malignant
0,0.9061864614486694,1,fitzpatrick17k,fitz_25f6a083995ad41ed8c8017e38054c16,medium,4,benign
0,0.9464565515518188,1,fitzpatrick17k,fitz_fa866bb459eb719101f756a3b6244ca4,light,1,benign
1,0.8252107501029968,1,fitzpatrick17k,fitz_fb645ff861b4aa453c8bc1208a93184c,light,2,malignant
0,0.12666168808937073,0,fitzpatrick17k,fitz_409819704e132fbf1af7972247a61477,light,2,benign
1,0.8199909329414368,1,fitzpatrick17k,fitz_629c6d2a96d0084137cfcb51875f2c79,dark,6,malignant
0,0.8007392883300781,1,fitzpatrick17k,fitz_f1b8c67eaa33834ea89a104d3c7f8490,dark,5,benign
1,0.6561143398284912,1,fitzpatrick17k,fitz_3463d25c4b8bc5061a3faa4ca6715537,light,2,malignant
0,0.19709277153015137,1,fitzpatrick17k,fitz_886e41a00b7d754d53e7ecd9dec9058f,light,1,benign
1,0.7425065636634827,1,fitzpatrick17k,fitz_83f39daba0fbd5d90c07da1eb1c4f80e,light,2,malignant
0,0.3295024633407593,1,fitzpatrick17k,fitz_1e3e5761175f38b492a4180a308b13ba,medium,4,benign
1,0.650909960269928,1,fitzpatrick17k,fitz_fe7e88943637af0b837b6aaf8e49ef3a,light,2,malignant
0,0.6652069091796875,1,fitzpatrick17k,fitz_f385a3de0dadebad91f1311435e7f9a3,medium,3,benign
1,0.7633111476898193,1,fitzpatrick17k,fitz_163d9c550fad4704990a3d1b8183d0f8,light,2,malignant
1,0.7455235123634338,1,fitzpatrick17k,fitz_0a94f46a7263ca3073e55f337b279af4,medium,4,malignant
1,0.8097404837608337,1,fitzpatrick17k,fitz_4a42c72a20a24c80ee1d43aca4a1e498,medium,3,malignant
1,0.8376880288124084,1,fitzpatrick17k,fitz_c05b03bcef867fca1e842f5226089b2c,light,2,malignant
0,0.7212671637535095,1,fitzpatrick17k,fitz_950f1320c1fdba94399684868ba0177f,light,1,benign
0,0.7591795921325684,1,fitzpatrick17k,fitz_94d55bd2f59807720ed675dfd24cf9a3,light,1,benign
0,0.7890229821205139,1,fitzpatrick17k,fitz_c5af585a16245dc7a70c02a7df8157b6,light,2,benign
1,0.7242010831832886,1,fitzpatrick17k,fitz_c278fa07eb2f5e4681545a953d9570ee,light,2,malignant
0,0.8755946159362793,1,fitzpatrick17k,fitz_3cf5e3dbdd120e33f88f3f7351adaf3c,light,2,benign
0,0.2332373559474945,1,fitzpatrick17k,fitz_762bafbb99839f197db2bc5ce1a0f062,light,2,benign
0,0.7664586901664734,1,fitzpatrick17k,fitz_111a3c49a26b36e336c1bc0b6ad4d354,medium,4,benign
1,0.7862088680267334,1,fitzpatrick17k,fitz_69568fbb5f210c22cc07d54a578dfffe,medium,4,malignant
1,0.8902513384819031,1,fitzpatrick17k,fitz_e84e4787a90ac8563d72c03f6aa0e1b4,light,2,malignant
0,0.7733729481697083,1,fitzpatrick17k,fitz_8169683ac60b87ed3de3870d8a5e1c19,light,1,benign
1,0.8214158415794373,1,fitzpatrick17k,fitz_454e68bf5705eabf0f4d28fc1dbd77be,dark,6,malignant
0,0.7856705188751221,1,fitzpatrick17k,fitz_f64dc9f426c207b5cf918983cbeebfc2,light,1,benign
0,0.8406323194503784,1,fitzpatrick17k,fitz_88e1b03603048dc9ffd7cc045806725e,light,1,benign
0,0.6684504151344299,1,fitzpatrick17k,fitz_30a0b728b7c6da516439bae2e0b0cf20,dark,6,benign
0,0.7248571515083313,1,fitzpatrick17k,fitz_7414a1d3b0319e921a73b2dbf874b7c9,medium,3,benign
1,0.8869131207466125,1,fitzpatrick17k,fitz_aced50eca3b94bc5a21142c87d461e01,light,1,malignant
0,0.3073050379753113,1,fitzpatrick17k,fitz_1f38d003c693895e84f419e3c185d212,light,2,benign
0,0.8409019112586975,1,fitzpatrick17k,fitz_75c6ea8bd73ca6164b0a666afe401274,light,2,benign
1,0.7093592286109924,1,fitzpatrick17k,fitz_6c76dd4272bca93a132fbcbd7500877a,light,2,malignant
0,0.8674083352088928,1,fitzpatrick17k,fitz_17671141fadfbc7d358a5e2cc4b98b58,light,1,benign
0,0.7294787168502808,1,fitzpatrick17k,fitz_3caec8f065c0e4fca0e99961f4cc75a0,medium,3,benign
0,0.37131980061531067,1,fitzpatrick17k,fitz_0e5d6012abf6f15a43ea56071b4ab604,medium,3,benign
0,0.4358963072299957,1,fitzpatrick17k,fitz_ea5aafbb230f654c1ee46aa7fd6f1047,light,1,benign
0,0.5861460566520691,1,fitzpatrick17k,fitz_ad2973614470d0f10c8a56294ab282b8,medium,4,benign
1,0.7926475405693054,1,fitzpatrick17k,fitz_f78395e7569fea6aa0263b0680b39fed,light,1,malignant
1,0.6515476107597351,1,fitzpatrick17k,fitz_a7d96aa10f75ec5c93c09a6bfbbc7fd7,light,1,malignant
1,0.823594331741333,1,fitzpatrick17k,fitz_0ef0d6fa3124b76205a8d514b22fafaa,medium,3,malignant
0,0.8992929458618164,1,fitzpatrick17k,fitz_54ed3d7dfd9a6e606a3653ecc1d92052,light,1,benign
0,0.758852481842041,1,fitzpatrick17k,fitz_453c86b753e7f0e8695a103e337c35d9,medium,4,benign
0,0.5294195413589478,1,fitzpatrick17k,fitz_1159baff8f88203abab99fba69865c24,medium,3,benign
1,0.3488960862159729,1,fitzpatrick17k,fitz_18848f2fd60a8534d91b20b6da849c53,light,2,malignant
1,0.8324312567710876,1,fitzpatrick17k,fitz_c12375fa8da3696e9198df1fd74703c1,light,1,malignant
1,0.7693751454353333,1,fitzpatrick17k,fitz_317463824f8d009c93668328a1b21ef5,medium,3,malignant
0,0.7401157021522522,1,fitzpatrick17k,fitz_fcd868bf19f1852e42349f5fa5824af5,medium,3,benign
1,0.7568766474723816,1,fitzpatrick17k,fitz_44dd09cec3d8e1a42c64235346e4d062,medium,4,malignant
1,0.7382006049156189,1,fitzpatrick17k,fitz_0bcd16b715c47df35609c723676d6f42,medium,4,malignant
0,0.8046018481254578,1,fitzpatrick17k,fitz_23298fb4037f3307f5a65b9e65d201a5,dark,6,benign
1,0.7627782225608826,1,fitzpatrick17k,fitz_6323e7bf168cb3f170902b24cd05e8c4,light,2,malignant
1,0.7882500886917114,1,fitzpatrick17k,fitz_99b82081c1a3ed00b502c69d6fe5809f,light,1,malignant
1,0.775574803352356,1,fitzpatrick17k,fitz_9695951a2cb28eb40557aa22e201b9c4,light,1,malignant
1,0.8229662179946899,1,fitzpatrick17k,fitz_0f644501a2c12e1bf8edf3ac59103ae4,light,2,malignant
0,0.8666697144508362,1,fitzpatrick17k,fitz_26ca1663d0d35255aa471578fd030131,dark,5,benign
1,0.7142781615257263,1,fitzpatrick17k,fitz_bba3db5954f7975d59a37347222d954d,dark,5,malignant
0,0.35468512773513794,1,fitzpatrick17k,fitz_babe125be18f7ba4fa8a2f7eafce4693,medium,4,benign
0,0.18250268697738647,1,fitzpatrick17k,fitz_ccca6710869a4978acf55f5101088a88,medium,4,benign
0,0.8399730324745178,1,fitzpatrick17k,fitz_aa4cec561d77dd60dc4476a0e0d61992,medium,3,benign
1,0.7243974804878235,1,fitzpatrick17k,fitz_48cec03c27c9107baa6cea045851ec23,light,2,malignant
0,0.839191198348999,1,fitzpatrick17k,fitz_5c81dac7d18a14bfd34a087e0c04195f,light,1,benign
0,0.7938218116760254,1,fitzpatrick17k,fitz_cfc614c4f422aa8fdf084cd0843d37fe,light,2,benign
1,0.7359197735786438,1,fitzpatrick17k,fitz_b38e8cb50b2d60ecd2d2e2a9da5930b2,light,2,malignant
0,0.8957979679107666,1,fitzpatrick17k,fitz_edb47f0f7a10ad7f4fc60f27094dbecd,light,1,benign
0,0.8642429113388062,1,fitzpatrick17k,fitz_e417b5f3c269cd00089cd0b5366ba7e8,medium,3,benign
0,0.8241816163063049,1,fitzpatrick17k,fitz_799fd4e193ca4becad96d25a41587e53,light,2,benign
0,0.5163031220436096,1,fitzpatrick17k,fitz_a5b74f0f8c740b49f46f008db324a096,medium,3,benign
1,0.671789288520813,1,fitzpatrick17k,fitz_8785763d2142f4d5fb2cab27018caa18,light,2,malignant
1,0.39527371525764465,1,fitzpatrick17k,fitz_a8d1e541c8fcaf013375a51153570ed1,light,1,malignant
0,0.8264941573143005,1,fitzpatrick17k,fitz_238ade66921ce82f2fc2b6ac4862329c,dark,5,benign
1,0.8250858187675476,1,fitzpatrick17k,fitz_57ed49e9e7286aa931775ca9fe0052d7,dark,6,malignant
0,0.7764989137649536,1,fitzpatrick17k,fitz_01dddf6f1f6e6715829f03db6e797472,light,1,benign
1,0.8062688112258911,1,fitzpatrick17k,fitz_6f6f8c6bb2e0d48e9c6b4d4345ab56b7,light,2,malignant
0,0.36116471886634827,1,fitzpatrick17k,fitz_f2a275f5f8fe396644e1601abfe356f9,light,2,benign
1,0.8233708739280701,1,fitzpatrick17k,fitz_62d277784521ca0bc25d6e91268b3c71,light,2,malignant
1,0.832306981086731,1,fitzpatrick17k,fitz_33b93a3dabdd6249159f5f3b1661f218,light,1,malignant
1,0.8466317653656006,1,fitzpatrick17k,fitz_fb1ab021788e2478d946e0198b7e2e8e,dark,5,malignant
1,0.8506132364273071,1,fitzpatrick17k,fitz_42bd014b8d42437fbb9849ae52d00e5d,medium,3,malignant
1,0.8285955190658569,1,fitzpatrick17k,fitz_bc578ce738482dd8f76af0c5ef32bca6,medium,3,malignant
1,0.8169159293174744,1,fitzpatrick17k,fitz_32d5ea62a40ae59a3fef3ca07e24439c,dark,5,malignant
1,0.8039060235023499,1,fitzpatrick17k,fitz_44c91c12f8b40bdad75905d0a51553e8,medium,3,malignant
0,0.5887724161148071,1,fitzpatrick17k,fitz_a9df130f561e5f8a649e6fd2ecf227f5,light,2,benign
0,0.8665306568145752,1,fitzpatrick17k,fitz_df7a29a21bbad544068a9a45fb340893,light,1,benign
1,0.7244282960891724,1,fitzpatrick17k,fitz_c8f2bae4a66a6efd22da431e3f54f441,light,2,malignant
1,0.8106606602668762,1,fitzpatrick17k,fitz_e5f60c3df54b89be09ef1f99d524e82a,dark,5,malignant
1,0.883649468421936,1,fitzpatrick17k,fitz_95ac125ff5c616b972d9be4419f2a7a6,light,1,malignant
1,0.8316714763641357,1,fitzpatrick17k,fitz_4ef7b09678867c6921d5385ecb18aef2,light,1,malignant
1,0.6460151672363281,1,fitzpatrick17k,fitz_20cc2e089e50034c164fb3e49bad142f,light,1,malignant
1,0.5581169128417969,1,fitzpatrick17k,fitz_25f0286ffedff3a8a17bcdb8f220cdaf,medium,4,malignant
0,0.9129399657249451,1,fitzpatrick17k,fitz_112b232367766cbb661c931b22c7d4e6,dark,5,benign
1,0.8219968676567078,1,fitzpatrick17k,fitz_1186bc81d691487a953153cc0818a28c,medium,4,malignant
0,0.7909390926361084,1,fitzpatrick17k,fitz_0c01c55eee22e93966c8125652f4509c,dark,6,benign
0,0.8553024530410767,1,fitzpatrick17k,fitz_6e1984f562128aeecc2e88316623fd77,medium,4,benign
1,0.6197786331176758,1,fitzpatrick17k,fitz_c9d7841b24e456ae4b89e60afafd9bbd,medium,3,malignant
1,0.8495117425918579,1,fitzpatrick17k,fitz_54023705b87b95747f0731684ffb37b4,light,2,malignant
0,0.741558849811554,1,fitzpatrick17k,fitz_85e83ebff5ac06f0f99df2a7758aaac6,dark,5,benign
0,0.7443428635597229,1,fitzpatrick17k,fitz_7f74ada2ba771b31aa9eb2c07e0dada5,light,1,benign
1,0.7798683047294617,1,fitzpatrick17k,fitz_61d0e40071c675db6da228de6c04e292,dark,5,malignant
0,0.7000230550765991,1,fitzpatrick17k,fitz_763ebb49235a2e20644e8f5a83b94d18,medium,3,benign
0,0.5831426978111267,1,fitzpatrick17k,fitz_f6fe73e66c6d27e33da417c8bc431847,dark,5,benign
0,0.021510785445570946,0,fitzpatrick17k,fitz_62caa23f36486018c30a3e3e0b946b48,light,1,benign
0,0.803280234336853,1,fitzpatrick17k,fitz_58accb1cc00a952e8689b24b73528d8a,light,2,benign
1,0.8087802529335022,1,fitzpatrick17k,fitz_4f2cfcc16aba1a336c56c83cbe6ce1a8,medium,3,malignant
1,0.8659941554069519,1,fitzpatrick17k,fitz_f711b066923256aee2aa897848b58ece,light,2,malignant
1,0.8774299025535583,1,fitzpatrick17k,fitz_50c5fdef946e0cd8ef022a82c6167381,light,1,malignant
1,0.8850697875022888,1,fitzpatrick17k,fitz_3c8561db288ae7144a8e09b49121b132,light,1,malignant
0,0.446556031703949,1,fitzpatrick17k,fitz_f5289a44be7bbf579e192c12774390c2,medium,4,benign
0,0.7996386885643005,1,fitzpatrick17k,fitz_eb004e70cf162d77ba002ffa5cef9217,light,1,benign
1,0.8180903792381287,1,fitzpatrick17k,fitz_e67b930ae640f110d216563f46404c06,light,2,malignant
0,0.5092521905899048,1,fitzpatrick17k,fitz_1579faa0f477950e3aec43bdeeee8860,light,2,benign
1,0.7026752829551697,1,fitzpatrick17k,fitz_975fab05cb8c08459c293ab433080aef,light,2,malignant
0,0.41484206914901733,1,fitzpatrick17k,fitz_59c41d61a56aecc3f0a36c94956f7d72,light,1,benign
0,0.7480398416519165,1,fitzpatrick17k,fitz_83d314e140426d1a7cd1e915470aa532,dark,5,benign
0,0.7284446358680725,1,fitzpatrick17k,fitz_37efc50b4a1755cb4a489dc0620a4096,medium,3,benign
1,0.792159378528595,1,fitzpatrick17k,fitz_86055a71df0b07eb091c0883f47dff26,medium,3,malignant
1,0.8304552435874939,1,fitzpatrick17k,fitz_b222feca6ef56a50502589690b14cb1a,light,1,malignant
0,0.7072571516036987,1,fitzpatrick17k,fitz_06fce53b79b05c19c2d2c8114f280fd1,medium,4,benign
1,0.8813677430152893,1,fitzpatrick17k,fitz_fce617ed190a7d97bfad65ebb6e767d7,light,1,malignant
0,0.4286373555660248,1,fitzpatrick17k,fitz_deb7f9173d96ad9562d8957eccaeb2a7,light,1,benign
1,0.7591095566749573,1,fitzpatrick17k,fitz_97ae91111b8028ee3ce13d6d2bbe2fc5,dark,5,malignant
1,0.7871163487434387,1,fitzpatrick17k,fitz_9ec57ddbac15eba36a635c7c7eb7b4c0,light,2,malignant
0,0.7491837739944458,1,fitzpatrick17k,fitz_43b19bd35ada57fd3fdf95891f806fe9,light,2,benign
1,0.8704062104225159,1,fitzpatrick17k,fitz_0fc62c72c433cd6f7ff35d6ba510ac48,light,1,malignant
1,0.8205682635307312,1,fitzpatrick17k,fitz_abecb063d11b6607bacd2fd04026d2fb,light,2,malignant
0,0.12052609026432037,0,fitzpatrick17k,fitz_01bebaa9dd8897bcab5aa8b16a5bfce3,medium,3,benign
0,0.05210597813129425,0,fitzpatrick17k,fitz_6533d8ead95d03c2eddfae92875c1c3e,light,2,benign
0,0.7975366115570068,1,fitzpatrick17k,fitz_6c8b17c2502ade3908f3778a385e4e47,light,2,benign
1,0.7877242565155029,1,fitzpatrick17k,fitz_8a82dec5919fd014a82bd03d62ae4055,medium,3,malignant
1,0.7726749777793884,1,fitzpatrick17k,fitz_3796ac871478fc20b99532cd9f04b6cc,dark,5,malignant
1,0.8160765171051025,1,fitzpatrick17k,fitz_c2ef361b2ec9d96245e58507b93e9c51,light,2,malignant
1,0.6589089632034302,1,fitzpatrick17k,fitz_6e3bca92f9dec4baa442cec3c10e1161,light,2,malignant
1,0.7464038729667664,1,fitzpatrick17k,fitz_6cf10bfb15d43652310bd5ce509069a9,medium,4,malignant
0,0.7931829690933228,1,fitzpatrick17k,fitz_3217ba36e80b39e457245877a77349d8,light,1,benign
0,0.8670415878295898,1,fitzpatrick17k,fitz_7a6e02f2286cac61a014e88b5619bffa,light,1,benign
0,0.5390770435333252,1,fitzpatrick17k,fitz_c329c20ec5c8b1275abcc368e0e4f43b,light,2,benign
1,0.6972146034240723,1,fitzpatrick17k,fitz_fc6e05f39ad27f0d3717f4fb51e607ef,light,1,malignant
0,0.6225501298904419,1,fitzpatrick17k,fitz_33d93df0460a9fb973114c7ed9bf4de8,light,1,benign
1,0.7596381902694702,1,fitzpatrick17k,fitz_2acfb2445e28ad5daacb391257171611,light,2,malignant
1,0.8598100543022156,1,fitzpatrick17k,fitz_4ea4ab5f3ef5e7f1b8b422eaff3066f6,light,1,malignant
0,0.8230412602424622,1,fitzpatrick17k,fitz_872d559389f4fe809c69cdefb62777ba,medium,3,benign
1,0.8323670029640198,1,fitzpatrick17k,fitz_1fc1eff4c66e8e14b039964fac65ba7e,dark,6,malignant
0,0.7355103492736816,1,fitzpatrick17k,fitz_32acc72c4d4c0d7659280c2dba57b948,medium,3,benign
0,0.5547713041305542,1,fitzpatrick17k,fitz_aedc43302200cc1743842a25a2e2b34e,light,1,benign
1,0.5282469391822815,1,fitzpatrick17k,fitz_3e7cc92ca80c6803524f926940957f8f,light,2,malignant
1,0.7899491786956787,1,fitzpatrick17k,fitz_4ef4e764a2ae0de2bd5d15affdf8cc20,medium,4,malignant
0,0.7356407046318054,1,fitzpatrick17k,fitz_4ebb78e463dd08523ced087cb11b1650,light,1,benign
1,0.7944113612174988,1,fitzpatrick17k,fitz_547fd367c30b04f56988da2c5aab46f4,light,1,malignant
0,0.3964156210422516,1,fitzpatrick17k,fitz_e4e454f19f97b4438229aa58ead1d365,light,2,benign
0,0.7569529414176941,1,fitzpatrick17k,fitz_dff65d3627209e52cbf5f2af52c5f2ef,light,1,benign
1,0.7757866978645325,1,fitzpatrick17k,fitz_54ea7e8da3eb7259216baaa66eecfcec,medium,4,malignant
0,0.8271470069885254,1,fitzpatrick17k,fitz_b2c2ae2a075ace424a68eed4a0b196ef,medium,4,benign
1,0.9226667881011963,1,fitzpatrick17k,fitz_e64bc4a3e3dfc2db301f0b8c64253da5,medium,4,malignant
1,0.7234112024307251,1,fitzpatrick17k,fitz_855091d4e9e28177eddbe7528da50f52,light,2,malignant
1,0.7591674327850342,1,fitzpatrick17k,fitz_66f46297056511b1057d5c31ad7acd23,light,1,malignant
0,0.0844849944114685,0,fitzpatrick17k,fitz_8a8e93a085afe161ed0d75aebaf6d752,light,1,benign
0,0.8159983158111572,1,fitzpatrick17k,fitz_b4b6da99a5030dbd1e346bb2672a2572,medium,3,benign
1,0.9391629099845886,1,fitzpatrick17k,fitz_a5ada31a7c9cfbc58ff478d092a015b6,light,1,malignant
0,0.8478842377662659,1,fitzpatrick17k,fitz_935e9b16cd6eca6242e054234fa2e020,dark,5,benign
1,0.747682511806488,1,fitzpatrick17k,fitz_860fa241917eb601c41de191a6fab1f8,medium,3,malignant
0,0.6101511120796204,1,fitzpatrick17k,fitz_13aeee2d0e9c61d9d86714c96f9dbd0c,dark,6,benign
0,0.3281179964542389,1,fitzpatrick17k,fitz_f6109f70b663e04b94a08065e4d91340,light,2,benign
1,0.7464151978492737,1,fitzpatrick17k,fitz_2222992c3bb757f63b0f36674ea0e5f2,light,1,malignant
1,0.7828191518783569,1,fitzpatrick17k,fitz_330f594ff345fbdd5b58ed187003b067,light,1,malignant
1,0.728126585483551,1,fitzpatrick17k,fitz_3bc65e392aaeb35c1c6d871831a2b71c,light,1,malignant
1,0.8077799081802368,1,fitzpatrick17k,fitz_a3a0ffe406386ff29eb7a6cebc3c4985,light,1,malignant
0,0.7510669231414795,1,fitzpatrick17k,fitz_132a3c58203c070e74e9791b04bd4fff,light,2,benign
0,0.6761873364448547,1,fitzpatrick17k,fitz_e13ae089941057d7ad6779f7092cb4e4,medium,3,benign
1,0.8385775089263916,1,fitzpatrick17k,fitz_45b54dadb3dfc9b5f0daaf9359fcbc43,medium,4,malignant
1,0.6802805066108704,1,fitzpatrick17k,fitz_34b96fce6c498a5b58c64227ee8b8b2c,light,1,malignant
1,0.789606511592865,1,fitzpatrick17k,fitz_05eae8b3cf51683f62e9dcedd403c9ac,light,2,malignant
0,0.7358004450798035,1,fitzpatrick17k,fitz_20d5f8c267aa61d08472efe48dc51010,light,2,benign
1,0.840614378452301,1,fitzpatrick17k,fitz_bcd9a842f246259d1fa54199aa5c6905,light,2,malignant
1,0.8288512825965881,1,fitzpatrick17k,fitz_6eb126c1caf11faa3beb61fb4a489dae,light,2,malignant
0,0.06686452031135559,0,fitzpatrick17k,fitz_3f7ec88191c117596be47dbb6807a6c0,light,2,benign
0,0.12965644896030426,0,fitzpatrick17k,fitz_f28a23e1108a79279117c9c6c3776e66,light,2,benign
0,0.7259733080863953,1,fitzpatrick17k,fitz_86d419d19d1af5e98932aadd8492ddb3,light,1,benign
0,0.8003200888633728,1,fitzpatrick17k,fitz_211872fe4a7d35f67b9293acc6485271,medium,3,benign
1,0.7302550077438354,1,fitzpatrick17k,fitz_1b1a8cfbe054b2fa9895a08644a10e28,light,1,malignant
1,0.7891452312469482,1,fitzpatrick17k,fitz_15447b78321c1555992bccdb9a6aa54c,dark,5,malignant
1,0.825322687625885,1,fitzpatrick17k,fitz_c44f442003cee331175ba5eb38b9a900,light,1,malignant
1,0.7561274766921997,1,fitzpatrick17k,fitz_8579d8e49e2dd64d3969d8a16bf2a8c6,light,1,malignant
0,0.24267160892486572,1,fitzpatrick17k,fitz_41c04ddd82aea245cdf7e98a0ce82ece,light,2,benign
1,0.8429603576660156,1,fitzpatrick17k,fitz_88981464f1de6c3632f3a469727e0961,light,2,malignant
0,0.46917274594306946,1,fitzpatrick17k,fitz_8902bc05554d3ff316575246688a5286,light,1,benign
0,0.685854434967041,1,fitzpatrick17k,fitz_c273d2ad583d0c0d4031734914ca6c76,medium,4,benign
1,0.5135616064071655,1,fitzpatrick17k,fitz_26af46de6876850daa2cddc2b85acc46,light,2,malignant
1,0.7881134748458862,1,fitzpatrick17k,fitz_fa467dcb4d8456e3d1b1696452951650,dark,5,malignant
0,0.7317203879356384,1,fitzpatrick17k,fitz_f18b9bd6c541fa3c97e8b4007158dddc,light,2,benign
1,0.7631439566612244,1,fitzpatrick17k,fitz_3a53ca1051283d46649008921c687d29,light,2,malignant
1,0.8527394533157349,1,fitzpatrick17k,fitz_e4e6247b65749ac9939b1465693e9bfb,light,1,malignant
0,0.0665757805109024,0,fitzpatrick17k,fitz_c41643194aa3caf3969d201020f5ec12,medium,3,benign
0,0.8338322639465332,1,fitzpatrick17k,fitz_f10d67d36e9b1db7df7d4f44b3126b28,light,2,benign
1,0.7244105339050293,1,fitzpatrick17k,fitz_1e5bfd1c3fe8617d6963470286e8e1ca,medium,3,malignant
0,0.8510220646858215,1,fitzpatrick17k,fitz_d34ce41a600828f4485015ed149ce8df,medium,3,benign
1,0.6286648511886597,1,fitzpatrick17k,fitz_00f1b7bb9581e91250a2bb224c3321b8,medium,4,malignant
0,0.8371585011482239,1,fitzpatrick17k,fitz_bccb35d2a45a3b17d7b5401d6a1c00be,light,1,benign
0,0.8398758769035339,1,fitzpatrick17k,fitz_08884980f7d22aa925644154eb0c2bba,dark,6,benign
0,0.8788291811943054,1,fitzpatrick17k,fitz_1f9f3e0024823814500c723134d988a7,medium,4,benign
0,0.2986515164375305,1,fitzpatrick17k,fitz_2cdf5e087ec5a0e6314546804e1a8f0f,medium,4,benign
1,0.8117905855178833,1,fitzpatrick17k,fitz_ab4abc3e9ffa363dabdf695e768e9c44,light,1,malignant
0,0.6609514951705933,1,fitzpatrick17k,fitz_56556910e0dbf4960d3c11d1f1fdef40,light,1,benign
1,0.7257161140441895,1,fitzpatrick17k,fitz_9babf34fc0f07684d47a13181944f424,medium,4,malignant
0,0.7125243544578552,1,fitzpatrick17k,fitz_1f12c62df49fd29ed0ded41bd028e82e,dark,6,benign
0,0.7883530855178833,1,fitzpatrick17k,fitz_3d2725644347e8b2d567c79c424671f8,light,1,benign
0,0.6936367154121399,1,fitzpatrick17k,fitz_4a958c12fef4511b0eef5aa17f66576e,medium,3,benign
0,0.7868925333023071,1,fitzpatrick17k,fitz_d1d7decacddf2cae04a23a7046d49cb3,medium,3,benign
1,0.7999400496482849,1,fitzpatrick17k,fitz_f1bdfe975f053e9b464b14f555db1aec,light,2,malignant
0,0.7316365242004395,1,fitzpatrick17k,fitz_c3a7fe65560cc968c6b10da456d45c52,medium,3,benign
0,0.6938398480415344,1,fitzpatrick17k,fitz_4b58e120c1ae30eccbff95087c365455,light,2,benign
1,0.7900422811508179,1,fitzpatrick17k,fitz_bee428af68657ff702c769092b1998c6,dark,6,malignant
0,0.8235974907875061,1,fitzpatrick17k,fitz_43545a1cc35c9591485ebc5535cf6793,medium,4,benign
0,0.7896983623504639,1,fitzpatrick17k,fitz_2d7c7bced96404fbdfeb3f853c43fd63,medium,3,benign
1,0.8448328375816345,1,fitzpatrick17k,fitz_c981272fd9a6623b9b93bfff1d5d21e5,light,2,malignant
0,0.6255509257316589,1,fitzpatrick17k,fitz_5be264526f553e10707d694bdf5623d3,light,2,benign
0,0.3655088543891907,1,fitzpatrick17k,fitz_58e9650ff17c44666bc3778762242d67,light,1,benign
1,0.7837838530540466,1,fitzpatrick17k,fitz_184d4c82d2d715ccc299db11357ea24c,medium,4,malignant
1,0.5796283483505249,1,fitzpatrick17k,fitz_bbcdfd6a6f2cb4479c65e1eedc025b18,light,1,malignant
0,0.852836549282074,1,fitzpatrick17k,fitz_1434d60a40572f05850b0420857bad31,light,2,benign
0,0.7692667841911316,1,fitzpatrick17k,fitz_77fd685d2327bc0f412f89d497e3a55d,dark,5,benign
1,0.6672819256782532,1,fitzpatrick17k,fitz_6b6705ed6b9483de34a5293136ece4d7,dark,6,malignant
1,0.5086966753005981,1,fitzpatrick17k,fitz_95e4e2ee44567f284171a4f368a7aecd,medium,3,malignant
0,0.10502059012651443,0,fitzpatrick17k,fitz_1470949e388d233341041b24e8dd6f1d,light,2,benign
0,0.8051488399505615,1,fitzpatrick17k,fitz_713057e92d074a42877ca7c50c7816ad,light,2,benign
0,0.7014647722244263,1,fitzpatrick17k,fitz_0eb1fedf42e7f9a7d93284d0fee9dc2e,medium,4,benign
1,0.3087013065814972,1,fitzpatrick17k,fitz_6abeff81c2df7fe39f0c0dfe688b6969,light,1,malignant
1,0.7880743145942688,1,fitzpatrick17k,fitz_130b209f100bcbbd8b444f22ea3cbb24,light,1,malignant
1,0.7450282573699951,1,fitzpatrick17k,fitz_1819beee65e4cd630736f3542ce6a586,medium,3,malignant
0,0.23119020462036133,1,fitzpatrick17k,fitz_a743f74b27f769f56bc4f6d1eebe587c,light,1,benign
1,0.8636296391487122,1,fitzpatrick17k,fitz_2882e2a31a604e3633e61708802d5926,light,2,malignant
0,0.8245531320571899,1,fitzpatrick17k,fitz_0c5cba55ae3879428360b0d9b0340b6c,medium,4,benign
1,0.7652916312217712,1,fitzpatrick17k,fitz_16732968b8b8bf0e9dc529bb65031adf,medium,3,malignant
0,0.7261360287666321,1,fitzpatrick17k,fitz_fd06d13de341cc75ad679916c5d7e6a6,medium,4,benign
0,0.8157325983047485,1,fitzpatrick17k,fitz_5d08b1474179bb4874416b01064b56ae,light,2,benign
1,0.8491207361221313,1,fitzpatrick17k,fitz_f9bad8397240785f99a7659cf87a820f,medium,4,malignant
1,0.9112475514411926,1,fitzpatrick17k,fitz_8762fce8f5074f4b742bd8c69b83330b,light,1,malignant
0,0.6600980758666992,1,fitzpatrick17k,fitz_4be198213a295a1a9c43a85b67bfba40,light,1,benign
0,0.7423317432403564,1,fitzpatrick17k,fitz_d653edb6aa702f095a9b00550738a821,light,1,benign
1,0.7996289730072021,1,fitzpatrick17k,fitz_3b843066b041e22f335a890eae042b2a,light,2,malignant
0,0.747573971748352,1,fitzpatrick17k,fitz_aa07d5ff21753220717afa06e64daea8,medium,4,benign
1,0.7860724329948425,1,fitzpatrick17k,fitz_b02abb6e18e64ffd99083dcf884ad75a,dark,6,malignant
0,0.752724289894104,1,fitzpatrick17k,fitz_05db6170dda8764579bdc0e0d401fa33,medium,3,benign
0,0.7433407306671143,1,fitzpatrick17k,fitz_2a271900fcedee1afe14d81485e1cac9,dark,5,benign
1,0.8453467488288879,1,fitzpatrick17k,fitz_a8ffa90c01aaf037a5a965209eafef6f,light,2,malignant
0,0.4294179379940033,1,fitzpatrick17k,fitz_1db228b878cf9e99681fd881c1d70e3b,medium,3,benign
1,0.8656074404716492,1,fitzpatrick17k,fitz_98246d823da6fbd5d0c345dfc8a63d5c,light,1,malignant
1,0.9109498858451843,1,fitzpatrick17k,fitz_2dbfde719030684dfeb4475ada20ef66,light,1,malignant
1,0.7201569080352783,1,fitzpatrick17k,fitz_64c07aac49ad73078795d74a2ef6c860,medium,3,malignant
0,0.8255439400672913,1,fitzpatrick17k,fitz_fec8fe4925a926994b0b858304cf4fa2,medium,3,benign
1,0.862682580947876,1,fitzpatrick17k,fitz_4e650d081d0829b235247711d43e636a,light,2,malignant
0,0.24770982563495636,1,fitzpatrick17k,fitz_137283e695fe68dface4d9eabb6d4086,light,2,benign
0,0.4457559883594513,1,fitzpatrick17k,fitz_4c59359a13556591208565078afd1e9a,light,1,benign
1,0.8501796722412109,1,fitzpatrick17k,fitz_de819f70d8baacc5fa74002eea84d1ce,light,1,malignant
1,0.7672999501228333,1,fitzpatrick17k,fitz_fb7c974e189e0dc9cbd83e2d22835e94,light,2,malignant
0,0.7896411418914795,1,fitzpatrick17k,fitz_76f0d1fce3cc2fa2bb994ceab13bcd44,light,2,benign
1,0.7193620800971985,1,fitzpatrick17k,fitz_9de1afbb265ce50b1d0829f54fe4b668,medium,4,malignant
1,0.8311401009559631,1,fitzpatrick17k,fitz_8e9b1ff865f03340b6023a68b1dd2bea,light,1,malignant
1,0.8225686550140381,1,fitzpatrick17k,fitz_10e3db478ab993bbeecea313248c6992,light,1,malignant
0,0.4949556291103363,1,fitzpatrick17k,fitz_618488070f43e0fd8e4133076cd15ab5,light,1,benign
1,0.7760555744171143,1,fitzpatrick17k,fitz_38f5a1f21c8256dc3af93a54b62a8a41,medium,4,malignant
0,0.793183445930481,1,fitzpatrick17k,fitz_2653e6dc19eeb299b71b74cfa8ac561b,dark,6,benign
1,0.25244876742362976,1,fitzpatrick17k,fitz_8ef8538bdc6be96eec6c1da018cec1c0,light,1,malignant
1,0.8276398181915283,1,fitzpatrick17k,fitz_aba082609e966daf665ccfbb264c226f,dark,6,malignant
0,0.3741365373134613,1,fitzpatrick17k,fitz_3f525ad1d8cb9bf4d715de9ff2524ad1,light,1,benign
0,0.6223635673522949,1,fitzpatrick17k,fitz_b7a2e8937bb8f5ba34015727d7fed227,dark,5,benign
0,0.7894755005836487,1,fitzpatrick17k,fitz_f2dd1322151c3cca6d3aac559474bfad,light,2,benign
1,0.8084821105003357,1,fitzpatrick17k,fitz_694398f9c2544b3ef11350e7bf3c3d29,dark,5,malignant
0,0.6962792873382568,1,fitzpatrick17k,fitz_5dd12882ef5c8ad33b1314649874a3ff,medium,3,benign
1,0.8489888310432434,1,fitzpatrick17k,fitz_81d85b24e58909760740b2519e58b5ee,light,1,malignant
0,0.7385470271110535,1,fitzpatrick17k,fitz_f1fa0c1a7632dfa036777befc290cc5f,dark,6,benign
1,0.7744758129119873,1,fitzpatrick17k,fitz_2cb3ff37c40ccf6614c4e23c4ed0d91a,medium,3,malignant
1,0.8774276971817017,1,fitzpatrick17k,fitz_cc2bd788c5212e2ec7e0869b9e9279e5,light,2,malignant
0,0.8301637768745422,1,fitzpatrick17k,fitz_21d68e24071c5b6735d7220c15993b46,medium,4,benign
0,0.25363457202911377,1,fitzpatrick17k,fitz_db7314018845a10942fab2b5e737e436,dark,5,benign
0,0.30795085430145264,1,fitzpatrick17k,fitz_820ea6176511d5897437ce92ca56b280,medium,3,benign
0,0.7308950424194336,1,fitzpatrick17k,fitz_e773504e1013dc4918ddb4e3406606e1,light,1,benign
1,0.750454306602478,1,fitzpatrick17k,fitz_f7f54b32394916154c118e07234fee4b,light,2,malignant
1,0.6783290505409241,1,fitzpatrick17k,fitz_bc3fd36c7d32ae2f2961409049e240b4,medium,3,malignant
0,0.7485506534576416,1,fitzpatrick17k,fitz_a4c98b8bdf349df8335ac8b8657c68ea,dark,5,benign
1,0.8473795056343079,1,fitzpatrick17k,fitz_87efd800597737afb79369647c5fbb6b,light,2,malignant
0,0.716556966304779,1,fitzpatrick17k,fitz_55b0a18bf7d66e453577477afad86967,medium,4,benign
0,0.7830650806427002,1,fitzpatrick17k,fitz_01c8b25b26abbf6bf51e5818105ef478,medium,3,benign
1,0.7356554269790649,1,fitzpatrick17k,fitz_e5afcf9d9bec4f9fd806aef0808366cd,light,1,malignant
1,0.2222777158021927,1,fitzpatrick17k,fitz_6c4b827b4e044c6e9ddd8953ecbd3359,light,2,malignant
0,0.8365098834037781,1,fitzpatrick17k,fitz_ac26e7bc786e1b96b7098ab458678608,medium,3,benign
0,0.8016631007194519,1,fitzpatrick17k,fitz_26769725ccdc21e8a6363910cacf61db,dark,5,benign
1,0.6642993092536926,1,fitzpatrick17k,fitz_919f382f54e9cd213f7a9a52306a4672,light,2,malignant
0,0.7109532952308655,1,fitzpatrick17k,fitz_c45442337cf13c347250283d770cc146,light,1,benign
1,0.8038358092308044,1,fitzpatrick17k,fitz_e502602902bb69fde51dd8185b272992,light,1,malignant
0,0.3369371294975281,1,fitzpatrick17k,fitz_e19700bdfef1034b79b79f1146d38bca,dark,5,benign
0,0.7129227519035339,1,fitzpatrick17k,fitz_f0f7177affb236b9d9cd6931ae949103,light,2,benign
1,0.7470868825912476,1,fitzpatrick17k,fitz_15e4e61777fdee377d7a930c224939d0,medium,3,malignant
0,0.7719498872756958,1,fitzpatrick17k,fitz_0012821d6f11b96cf33f2c2ee5c68d1f,medium,3,benign
0,0.281617671251297,1,fitzpatrick17k,fitz_76bb012384c690ee1d61e2c792535916,light,2,benign
1,0.8588555455207825,1,fitzpatrick17k,fitz_13135f44ed77ea527b70db862a83bd61,light,2,malignant
0,0.8235259056091309,1,fitzpatrick17k,fitz_76b89e0c6c537008964a48524ed694bc,dark,5,benign
0,0.7615599036216736,1,fitzpatrick17k,fitz_1159b03167f3e222e22265b7e19933b6,light,1,benign
0,0.7977653741836548,1,fitzpatrick17k,fitz_833004afeee24bd84646510919a8d500,light,2,benign
1,0.8479006886482239,1,fitzpatrick17k,fitz_90749d71571a4caae55cb226918d68c9,light,2,malignant
0,0.5190635919570923,1,fitzpatrick17k,fitz_dbaaaf438d822950b52e1ccc75435333,medium,4,benign
0,0.8072877526283264,1,fitzpatrick17k,fitz_642114296aa558155206d8465cf2da93,light,2,benign
1,0.893286406993866,1,fitzpatrick17k,fitz_568f9d4fb1e06cb13e77f61b339b81fa,light,1,malignant
1,0.9164142608642578,1,fitzpatrick17k,fitz_2701b06d904bfe8d8979bc1fad14a23a,medium,3,malignant
0,0.4061361849308014,1,fitzpatrick17k,fitz_9dce2a5d033bd09d11fb075a1102a91b,light,1,benign
0,0.7791026830673218,1,fitzpatrick17k,fitz_19932ed087ea8ce7ae258c94179a4cf0,light,2,benign
1,0.7775930762290955,1,fitzpatrick17k,fitz_c8e15692cc70579b3ca3b0cf8236ac0d,light,2,malignant
1,0.8670648336410522,1,fitzpatrick17k,fitz_af9d45b023176c21ca2981915e033219,light,1,malignant
0,0.7039814591407776,1,fitzpatrick17k,fitz_77542950a7b476c885fee02e0902019b,medium,4,benign
1,0.8230136632919312,1,fitzpatrick17k,fitz_220357a155bc3297e3f140d7b447348c,medium,3,malignant
0,0.8029161095619202,1,fitzpatrick17k,fitz_dfe8da5278baf99ff1d0b1240e47a291,medium,4,benign
0,0.7331574559211731,1,fitzpatrick17k,fitz_3834f2b1138b376486087b355da6dbad,medium,3,benign
0,0.7689400315284729,1,fitzpatrick17k,fitz_1719e665fe04223a524612158b847648,light,2,benign
1,0.8812221884727478,1,fitzpatrick17k,fitz_e6247183a2fc69e8ea89dddc6f60f904,light,1,malignant
0,0.4411499798297882,1,fitzpatrick17k,fitz_8d60c8fb248272ab0e17a8f3a5560e5d,light,1,benign
1,0.7754557132720947,1,fitzpatrick17k,fitz_b606209b24c452d8a13ee5226bba7a04,light,2,malignant
1,0.7096953988075256,1,fitzpatrick17k,fitz_660f8eabfd38d964b474def9b7d640c3,light,2,malignant
0,0.7328434586524963,1,fitzpatrick17k,fitz_e90b95902d55732b24595b9a6433cb8d,light,2,benign
0,0.7337916493415833,1,fitzpatrick17k,fitz_bf2efda0fe0a44569f6bd99acc58716a,light,1,benign
1,0.7763051986694336,1,fitzpatrick17k,fitz_fab4ccfe80780b02c35451533bceb848,light,1,malignant
1,0.17631100118160248,1,fitzpatrick17k,fitz_7729a485abc264b1c58a995a49ec7f5b,light,1,malignant
0,0.7438682913780212,1,fitzpatrick17k,fitz_d876f96ad056b53f40f8f178737c2100,light,1,benign
1,0.8152518272399902,1,fitzpatrick17k,fitz_39caa210f24486000791251976b55f08,dark,5,malignant
1,0.7903436422348022,1,fitzpatrick17k,fitz_e69e4c0470261a68f1692b6f7039e80a,light,2,malignant
1,0.8781763315200806,1,fitzpatrick17k,fitz_1ee7c2a9070946d3b7b583c9ba4590f8,light,1,malignant
1,0.2517331838607788,1,fitzpatrick17k,fitz_daa499ebb4481c1c21113fa4e2f3f93f,medium,3,malignant
1,0.6281595230102539,1,fitzpatrick17k,fitz_fba7260cff0746ea31b54de3d0ab7433,light,2,malignant
1,0.7927165031433105,1,fitzpatrick17k,fitz_1400a56e8de2b64427acf3ba96895ded,light,2,malignant
1,0.5408907532691956,1,fitzpatrick17k,fitz_cb3b1adbfffe5ee1ed9c135c0ff7325b,light,1,malignant
1,0.7600931525230408,1,fitzpatrick17k,fitz_0bb99b2f270898d179c9fba809e15b41,medium,3,malignant
1,0.8237783908843994,1,fitzpatrick17k,fitz_e1c75dee6b18610b7d5f6e745e2d46d7,light,2,malignant
0,0.8769568800926208,1,fitzpatrick17k,fitz_c5e27c3e2b64d8d39b1318ed1291d9db,medium,3,benign
1,0.3413294851779938,1,fitzpatrick17k,fitz_26108459f12d77128a1d28cc21e3550a,light,1,malignant
0,0.7693778276443481,1,fitzpatrick17k,fitz_f84344a909fc4da13005a5e762a6de05,dark,5,benign
1,0.8017454147338867,1,fitzpatrick17k,fitz_11bad1ca50668e9a7d6aee6b69d3bc47,medium,4,malignant
0,0.10593202710151672,0,fitzpatrick17k,fitz_8a5931dd3a26bfcfafdd8b1c1b49dd92,light,2,benign
0,0.7689693570137024,1,fitzpatrick17k,fitz_d9ab8fcd164e9b1bd86e7757364d9e3a,medium,3,benign
0,0.7873345017433167,1,fitzpatrick17k,fitz_ad89479a37e40aaf3416cefd634e18a8,dark,6,benign
0,0.6324818730354309,1,fitzpatrick17k,fitz_399ea58b75abf85e53e452ee516a6347,medium,4,benign
1,0.7722629904747009,1,fitzpatrick17k,fitz_1a0045ce41534142bd6aa55b22bc4a91,dark,5,malignant
1,0.8632052540779114,1,fitzpatrick17k,fitz_9954afd27ce8e5cf2f46133be296107d,dark,5,malignant
0,0.8852288126945496,1,fitzpatrick17k,fitz_d4e6d90dddbc07efb1aab9878200ffa3,light,1,benign
0,0.7155418395996094,1,fitzpatrick17k,fitz_829bdc888fae599bcc725335d988840e,medium,4,benign
1,0.8622447848320007,1,fitzpatrick17k,fitz_7fe4dcdc97b980c00c5bc84a1e5054e5,light,2,malignant
1,0.8348075747489929,1,fitzpatrick17k,fitz_48fdaaa79d8a063055bfef150715557e,light,2,malignant
0,0.8014050722122192,1,fitzpatrick17k,fitz_49dd4efde68d177951ec52f076df6335,light,1,benign
0,0.6884776949882507,1,fitzpatrick17k,fitz_4e22f7ad0e178a67b08db1d11219a0a8,medium,4,benign
0,0.7929040193557739,1,fitzpatrick17k,fitz_1a4fdeead0b5690e36ea85c57e1e87c5,medium,3,benign
0,0.8013311624526978,1,fitzpatrick17k,fitz_b29caa9fd3efd8880d63636f7bc9a740,light,1,benign
1,0.5259893536567688,1,fitzpatrick17k,fitz_139b06bda340d4dd9b5de96bec4eaad8,light,2,malignant
1,0.7470027208328247,1,fitzpatrick17k,fitz_a3f5f8e2845ee0342da6d6968dffbcec,light,2,malignant
0,0.7219029664993286,1,fitzpatrick17k,fitz_5c011cab0a0c0f163c258404ab19f342,light,2,benign
1,0.7769243717193604,1,fitzpatrick17k,fitz_69968020bf7744ffa3c0caf7d4d01ca6,light,2,malignant
0,0.6969533562660217,1,fitzpatrick17k,fitz_0278e81848371969d7ac14bb0d60bcec,dark,6,benign
1,0.807345449924469,1,fitzpatrick17k,fitz_45dd4d741779ee7a492bc0085d33dec2,light,1,malignant
1,0.8096005320549011,1,fitzpatrick17k,fitz_82f57c180f4a89b2fcce489bf47a2074,medium,3,malignant
1,0.8046824932098389,1,fitzpatrick17k,fitz_e90a0c87b743d90740e477d96ba5d24c,dark,5,malignant
0,0.7058596611022949,1,fitzpatrick17k,fitz_01c5cd2467560cbb5f4a1e3dac3b03ef,medium,4,benign
1,0.8241817355155945,1,fitzpatrick17k,fitz_1af9eb6b01aea02e6459d942c20f3f98,light,2,malignant
0,0.4402797520160675,1,fitzpatrick17k,fitz_5d2a9b0184e6d3441d679716f5776923,light,1,benign
1,0.7768402695655823,1,fitzpatrick17k,fitz_2db363302f9ab9feaf27e91c64328fcc,light,1,malignant
0,0.5657913088798523,1,fitzpatrick17k,fitz_9c4c7935f340d818e082fdc534c62528,dark,5,benign
0,0.3092811405658722,1,fitzpatrick17k,fitz_6a0264fec349d4487c83a53bc8d5d690,medium,4,benign
0,0.5858950614929199,1,fitzpatrick17k,fitz_9f47b046ff166b0900b4c19daf32b8da,medium,4,benign
0,0.7268415689468384,1,fitzpatrick17k,fitz_596f4e8d75aca205fdd9f1b91dc1bbc8,medium,4,benign
0,0.7427356839179993,1,fitzpatrick17k,fitz_f302af80e8257240e21439792d39c41b,dark,5,benign
1,0.8796833157539368,1,fitzpatrick17k,fitz_8fd4531b693efc3f1dbfc1a050f2235d,light,2,malignant
0,0.23682698607444763,1,fitzpatrick17k,fitz_6135408e7729eb1deb0711446ecc4883,light,1,benign
0,0.7275606393814087,1,fitzpatrick17k,fitz_ca788c4d33fb4bdd7dd9e603916a6616,medium,3,benign
1,0.6058689951896667,1,fitzpatrick17k,fitz_d10722216af2bab5bfc450259169f9fe,dark,6,malignant
0,0.8117656707763672,1,fitzpatrick17k,fitz_48237352d0b9a0cf720baad78ba6582d,light,2,benign
0,0.46165111660957336,1,fitzpatrick17k,fitz_cc51684037a37e9996100b2e703682bd,medium,4,benign
0,0.7856388092041016,1,fitzpatrick17k,fitz_f0fd1a7960bfed3bce19820f60cc81ad,medium,3,benign
0,0.7528149485588074,1,fitzpatrick17k,fitz_abf70b58e93e881fdad4566809970a1a,light,1,benign
1,0.8515192866325378,1,fitzpatrick17k,fitz_ba66252431145c65a4500c85541efa07,medium,4,malignant
0,0.6665992736816406,1,fitzpatrick17k,fitz_9fec88cec01508ec53fe8558db72b935,medium,4,benign
1,0.7839022874832153,1,fitzpatrick17k,fitz_7136379c5d4414debfd872ab43fae64f,dark,5,malignant
0,0.8436402678489685,1,fitzpatrick17k,fitz_79ff7d34cb3a978f57e1b3ec41647f11,medium,3,benign
1,0.9146219491958618,1,fitzpatrick17k,fitz_b6b148041be55b10f5f94abd7ea29307,light,2,malignant
1,0.7721081972122192,1,fitzpatrick17k,fitz_4eb6d37849e5cdb1459cf21a11788543,medium,3,malignant
1,0.8509163856506348,1,fitzpatrick17k,fitz_6e2b2c6a1b8b749644259934a898a375,light,1,malignant
0,0.6612942814826965,1,fitzpatrick17k,fitz_9b55c935b601ffba9b8cc53b6967f6d3,dark,5,benign
0,0.6983259320259094,1,fitzpatrick17k,fitz_28ad7cb7767ed3b37b33fa7c2234eaeb,dark,5,benign
0,0.7954327464103699,1,fitzpatrick17k,fitz_d2aca2ffeb99dbc953b1ebd8ed92cc24,light,2,benign
1,0.8731189370155334,1,fitzpatrick17k,fitz_4cdf3362d0ed7447f98b1a44f0746ab4,light,1,malignant
1,0.7516179084777832,1,fitzpatrick17k,fitz_85f9b49f753224a9a20c6fb66169335b,light,2,malignant
0,0.7954921722412109,1,fitzpatrick17k,fitz_935e0269fc0388b71e656ba30761c633,medium,3,benign
0,0.8664688467979431,1,fitzpatrick17k,fitz_82d51006e6d32b5d5471b13010d425aa,light,2,benign
0,0.8178468942642212,1,fitzpatrick17k,fitz_3bf46ba12a82665de23ffc941ff97575,medium,3,benign
0,0.7267192006111145,1,fitzpatrick17k,fitz_71ce907aacb35c6da2b68996843c46b1,medium,4,benign
1,0.7666149735450745,1,fitzpatrick17k,fitz_f909638c31e8f182ddf042a2573a96b2,light,2,malignant
0,0.7593982219696045,1,fitzpatrick17k,fitz_09a77e0fea9ec76928e8a88b0486fec3,medium,4,benign
1,0.7277742624282837,1,fitzpatrick17k,fitz_9fe7369e9cd9a468a2feb65a81c4bb13,dark,6,malignant
1,0.7901797294616699,1,fitzpatrick17k,fitz_f128b4331ee4e8a26ed43c0082a64b98,light,1,malignant
0,0.9147136211395264,1,fitzpatrick17k,fitz_ca10879dce875ad5379b9a5198ffcf0f,light,2,benign
0,0.6986487507820129,1,fitzpatrick17k,fitz_5ab5b4a0784effa76e9befb2bf41c179,light,2,benign
1,0.7362127304077148,1,fitzpatrick17k,fitz_1a5f1a8649503887c535b4e7dad59d5f,medium,3,malignant
0,0.8994999527931213,1,fitzpatrick17k,fitz_d4c2fc8deaeb6545a9fe1db26254a955,medium,3,benign
0,0.6789085865020752,1,fitzpatrick17k,fitz_d2e1a488c36a0f53e778d7bcf095c419,dark,5,benign
0,0.6850625276565552,1,fitzpatrick17k,fitz_6ba4d97062cca79a3754b550f7f2efba,light,2,benign
1,0.3213987648487091,1,fitzpatrick17k,fitz_3dbb2065b4c389ae2036131724d4ed7e,medium,3,malignant
1,0.8447209596633911,1,fitzpatrick17k,fitz_4f0f7269f00d59e3d47fc6ad5e8cbda2,light,2,malignant
1,0.8693350553512573,1,fitzpatrick17k,fitz_4938b2e7e1d3eb8465e779d83a705dff,light,1,malignant
1,0.7375651597976685,1,fitzpatrick17k,fitz_ca33407ab1e504ec6249e22d0436490a,medium,4,malignant
1,0.7778263092041016,1,fitzpatrick17k,fitz_63a6b1136f9d27d8a2cdb4c88e3bf99d,medium,3,malignant
1,0.28689447045326233,1,fitzpatrick17k,fitz_0b84756b323831c1621465f6be8ee37f,light,2,malignant
0,0.817101001739502,1,fitzpatrick17k,fitz_870cd24cfb557b73441cf716aecf42b6,light,2,benign
1,0.7662045359611511,1,fitzpatrick17k,fitz_39db1b5308e58e1e486703dcb53b33ee,medium,3,malignant
0,0.6026583909988403,1,fitzpatrick17k,fitz_c95cd182d8e4c691e5c6d4287e40e370,light,1,benign
0,0.8959062695503235,1,fitzpatrick17k,fitz_274e709838c304892ddaa0454b4c8819,medium,4,benign
1,0.7090622186660767,1,fitzpatrick17k,fitz_7d4182584c503100338e00b7b46bcc4b,dark,5,malignant
0,0.764074981212616,1,fitzpatrick17k,fitz_1676b7a4cc695ade9741dcb68d5797e4,light,2,benign
1,0.8222216367721558,1,fitzpatrick17k,fitz_7a2e6969eb645f2aced2aaa7b309b573,medium,4,malignant
1,0.880143404006958,1,fitzpatrick17k,fitz_77512d4a352e4055a313c0e931a96aba,light,2,malignant
0,0.3885553777217865,1,fitzpatrick17k,fitz_6377305422c4b4c392dce2abf7b38cfe,medium,3,benign
0,0.8025234341621399,1,fitzpatrick17k,fitz_ca1b3673a70b4178ebfb3dbe13b0b5f7,medium,3,benign
0,0.8233078718185425,1,fitzpatrick17k,fitz_bfa4e4c5683579c3dfb667dea16aff11,medium,3,benign
0,0.6041722893714905,1,fitzpatrick17k,fitz_9b82ae4fede9b5883c3a4bfe35bfd7ac,light,2,benign
0,0.7876613736152649,1,fitzpatrick17k,fitz_6665cb85a809c278dc432008fbe3b42c,light,2,benign
1,0.7730186581611633,1,fitzpatrick17k,fitz_40322591e45e91f55f0ba4daff917d1f,light,2,malignant
0,0.8203051686286926,1,fitzpatrick17k,fitz_1744c98e4b3f26697d2959e4704d6eac,medium,3,benign
0,0.7340089678764343,1,fitzpatrick17k,fitz_3eb552b0feb5b245ff45c7ec5823d5bc,medium,4,benign
0,0.7275500297546387,1,fitzpatrick17k,fitz_489645997866f08887c4bab307d501f8,medium,3,benign
1,0.8591575622558594,1,fitzpatrick17k,fitz_4dc08af974e49708c2a572d40c44e1c6,light,1,malignant
0,0.4286847710609436,1,fitzpatrick17k,fitz_0251bbf5552ac8af3f2e6ecfe46ebb96,light,2,benign
0,0.8395801782608032,1,fitzpatrick17k,fitz_d33a6dabd12e69b60f9d72f9fa6eab7e,light,2,benign
0,0.3897218406200409,1,fitzpatrick17k,fitz_9b189f85895249849209ccfd77105021,light,2,benign
1,0.7464003562927246,1,fitzpatrick17k,fitz_ddae49c6b9f879444bfcdd1e6abd8325,light,1,malignant
0,0.7265287637710571,1,fitzpatrick17k,fitz_ed1896cd7968316c79bad979dde0cb45,medium,4,benign
0,0.10982833057641983,0,fitzpatrick17k,fitz_f689fa41fe5017859e0d149b4b2e3454,medium,3,benign
0,0.6897321939468384,1,fitzpatrick17k,fitz_055d5de5e2632311d71eb2008086b21b,medium,3,benign
0,0.790948212146759,1,fitzpatrick17k,fitz_cc24d9c78429432344d10a42abde03ef,light,1,benign
1,0.7299907207489014,1,fitzpatrick17k,fitz_44aefdc6bc7f4bc1bbf66f960b6e1985,light,2,malignant
0,0.756014883518219,1,fitzpatrick17k,fitz_d123b19c0ea47f26eef7a9847b1baf8d,light,1,benign
0,0.2521865665912628,1,fitzpatrick17k,fitz_b01178886b609223ef2983af6948e730,medium,3,benign
1,0.5466503500938416,1,fitzpatrick17k,fitz_2804111c34d79685a356fd694ae8ca21,light,2,malignant
0,0.6728358268737793,1,fitzpatrick17k,fitz_c07f64b08dee14fc1eced8dd1ba9434b,light,1,benign
0,0.8717670440673828,1,fitzpatrick17k,fitz_b508adc3c308a18da62ac2b7680bdb0a,light,2,benign
1,0.5817191004753113,1,fitzpatrick17k,fitz_30eddb4d034991652db156f7ddbe9a6d,light,2,malignant
1,0.8022647500038147,1,fitzpatrick17k,fitz_0009d89a58dac26bb3c113744b7b4196,medium,3,malignant
1,0.8318833112716675,1,fitzpatrick17k,fitz_2b1d6c4f83524d2e9a0047053986b6a3,light,2,malignant
0,0.6224473118782043,1,fitzpatrick17k,fitz_a0639e22823b8b6a48d09ddb6b66acfc,light,1,benign
1,0.4462509751319885,1,fitzpatrick17k,fitz_17bb114a58cb47db3a38317333084a66,medium,4,malignant
1,0.9109630584716797,1,fitzpatrick17k,fitz_098d28da6fe1db559126d701d74fc8e0,light,2,malignant
0,0.878020703792572,1,fitzpatrick17k,fitz_168b9f9402554d26e5a9fcd5f9e756c9,light,2,benign
1,0.777941882610321,1,fitzpatrick17k,fitz_7689c9b4a38392e45c688cad15252e8e,dark,5,malignant
0,0.6626793146133423,1,fitzpatrick17k,fitz_16e8d9af5c2069d5d265361b502ea9aa,light,1,benign
0,0.8958860039710999,1,fitzpatrick17k,fitz_3b4462e55091f72aa82cf730de467e10,light,2,benign
1,0.8666277527809143,1,fitzpatrick17k,fitz_d48ef382ac315465ba4322ca3b660c8f,light,2,malignant
1,0.8009499311447144,1,fitzpatrick17k,fitz_16c089e04436faa844be84aba9d0179a,light,1,malignant
1,0.7619118690490723,1,fitzpatrick17k,fitz_b30d8633e3b279dd663c5f139aa18548,medium,3,malignant
1,0.6741464138031006,1,fitzpatrick17k,fitz_427c08d692267d71c1f11344f5a884f5,medium,4,malignant
0,0.6071093082427979,1,fitzpatrick17k,fitz_b3030d83c996e303faccd462495bc6e8,light,2,benign
1,0.12966562807559967,0,fitzpatrick17k,fitz_da81b0441ab66a8c3f55489a0d8a9572,light,1,malignant
0,0.8803534507751465,1,fitzpatrick17k,fitz_0e92cad8c3bc07d294b8b99991739b40,light,2,benign
0,0.9009131789207458,1,fitzpatrick17k,fitz_d4745bc61322c928977409d3be613566,medium,3,benign
0,0.6870725750923157,1,fitzpatrick17k,fitz_c3907cd714d9f6535f0f5ea2fab84362,dark,5,benign
0,0.3264397084712982,1,fitzpatrick17k,fitz_278c0312825073422b73770f3ded024e,light,2,benign
0,0.8951377272605896,1,fitzpatrick17k,fitz_4d36657f6a39bec453c8e41acc40023f,light,1,benign
1,0.8890610337257385,1,fitzpatrick17k,fitz_d86cdae2dec00ba68848f76dd5866374,light,2,malignant
0,0.8551142811775208,1,fitzpatrick17k,fitz_6caad957310af9d481aaf9c65feb1324,light,2,benign
1,0.6783939003944397,1,fitzpatrick17k,fitz_d148dc8bb0d3311bff9f7237ff9a8188,light,1,malignant
1,0.6762616038322449,1,fitzpatrick17k,fitz_d870e1ebfdd1e22eea5b80a25a8e4cb2,light,2,malignant
0,0.7966925501823425,1,fitzpatrick17k,fitz_18aa2c8c42e1921fda0c571759b41dd2,dark,5,benign
0,0.8332520127296448,1,fitzpatrick17k,fitz_3b4333ce8e3c7622b7282784b99b8bd7,light,1,benign
1,0.6302534341812134,1,fitzpatrick17k,fitz_42bc6a8ccf4a8217798fa5545be2b561,light,2,malignant
1,0.796284556388855,1,fitzpatrick17k,fitz_95cb2ae15bc9f52ea53b07b78fbfbd26,medium,3,malignant
0,0.7908711433410645,1,fitzpatrick17k,fitz_d16a2a303e85d9908dd4be10318a220c,light,1,benign
0,0.748729407787323,1,fitzpatrick17k,fitz_49e6bfc2f759e9991761a12e7e16ee24,light,2,benign
1,0.8040094971656799,1,fitzpatrick17k,fitz_8627608bdfc5b904a0fbc23d86716e86,light,1,malignant
1,0.7321968674659729,1,fitzpatrick17k,fitz_86e4103237a0fff656f3a0be43067f6a,light,1,malignant
1,0.851625919342041,1,fitzpatrick17k,fitz_e3e180ecaeadef19fd487caab7655316,light,2,malignant
1,0.7863877415657043,1,fitzpatrick17k,fitz_df17d9052c095d5b0593a3b9dd306d75,medium,3,malignant
0,0.2462116777896881,1,fitzpatrick17k,fitz_c944e1cd9974adf18268e705718bf2f5,light,2,benign
1,0.8894277215003967,1,fitzpatrick17k,fitz_21988edf56792632bf60230be54b4ecb,medium,3,malignant
1,0.7770020365715027,1,fitzpatrick17k,fitz_6eb241282698d3a3b24f8a5427f1bbbf,medium,3,malignant
0,0.7868664860725403,1,fitzpatrick17k,fitz_9b0bc55492fa85d78e0a00878fb43e32,medium,4,benign
0,0.7605425715446472,1,fitzpatrick17k,fitz_19d0408a3a7a833f740771bb392c0faf,light,1,benign
0,0.8639426231384277,1,fitzpatrick17k,fitz_2507659866ad46669dc6086f4d5688c7,light,2,benign
1,0.7439495921134949,1,fitzpatrick17k,fitz_84e0052d39fb4df649679f0106fe05bb,light,2,malignant
0,0.7617261409759521,1,fitzpatrick17k,fitz_6c020d5ca043291afee65afb74cd4019,light,2,benign
0,0.7642486095428467,1,fitzpatrick17k,fitz_7636fd288d747eed55bf7c82cf97cd06,light,2,benign
1,0.889775812625885,1,fitzpatrick17k,fitz_ddc0ffc7185b94bf040684ec8f2d01bd,light,1,malignant
0,0.7735421061515808,1,fitzpatrick17k,fitz_261933debddf8293ebfa2d2867705643,light,2,benign
0,0.7817556858062744,1,fitzpatrick17k,fitz_112f7f7bdf1e8c6cbf0724ea2a7db5ad,medium,4,benign
1,0.8530154824256897,1,fitzpatrick17k,fitz_210596f47b4e9db7378e7258e60787ad,light,2,malignant
1,0.8961606621742249,1,fitzpatrick17k,fitz_46409faa46521c676c8e1c3c3330704b,medium,3,malignant
0,0.7840974926948547,1,fitzpatrick17k,fitz_1a8e5adaf9d284b96f5b002fdc9e461e,light,1,benign
0,0.7158901691436768,1,fitzpatrick17k,fitz_284637a7b1a26bfbec38ce572f3a063b,medium,3,benign
1,0.8389114141464233,1,fitzpatrick17k,fitz_6d27e7fe9ac56869b5ee3158e4288f2d,light,1,malignant
1,0.8207076787948608,1,fitzpatrick17k,fitz_43a5a3a84961dffd74413ae75d06532c,light,1,malignant
0,0.7258304357528687,1,fitzpatrick17k,fitz_d2bf94754da3228049ba1ebb97e8b496,dark,5,benign
1,0.7949009537696838,1,fitzpatrick17k,fitz_f247c2f65828b5a87b9c2c7e1fc13a88,light,1,malignant
1,0.7767997980117798,1,fitzpatrick17k,fitz_e1673c9de5483c8f06c57d9b8b6a99df,medium,4,malignant
1,0.7130272388458252,1,fitzpatrick17k,fitz_7e6838d693e1748adf0ea38d6420f8ee,dark,5,malignant
1,0.8054519295692444,1,fitzpatrick17k,fitz_3aed5185b51f45442ea73cc33bc78eb1,light,1,malignant
1,0.8553432822227478,1,fitzpatrick17k,fitz_4c45723c0ff2ca52e833696ed63c21bc,medium,3,malignant
0,0.8248009085655212,1,fitzpatrick17k,fitz_541a4587e879063cf33f0aeae690ee62,medium,3,benign
0,0.748735249042511,1,fitzpatrick17k,fitz_1f9a567dcd0d9c4a1693ee273c6f0590,medium,3,benign
1,0.8082178831100464,1,fitzpatrick17k,fitz_200fe2e18a0740f13a871e573c2cee02,light,1,malignant
0,0.6830169558525085,1,fitzpatrick17k,fitz_e5b21703030bace5f64a0b3afbe8ae7a,light,1,benign
0,0.7308902740478516,1,fitzpatrick17k,fitz_b6defaedae600adc3d74c06a560f5c25,medium,3,benign
1,0.9036959409713745,1,fitzpatrick17k,fitz_cee1515c2a95ad0ba3d8ef577439feaa,light,2,malignant
0,0.733362078666687,1,fitzpatrick17k,fitz_2802e8f7d2de352437e5e4696a99a5be,light,1,benign
1,0.7539051175117493,1,fitzpatrick17k,fitz_33df7010afc0c9b9e660114abc46dfa4,medium,4,malignant
0,0.8911354541778564,1,fitzpatrick17k,fitz_c1310fbed87817cbc010298cba09af2f,medium,3,benign
1,0.7971388697624207,1,fitzpatrick17k,fitz_47d2cf8ad5e2a8f673060480a1c3462f,light,2,malignant
1,0.29073309898376465,1,fitzpatrick17k,fitz_ad3272a2b434752b68dba1987210b009,light,2,malignant
1,0.647252082824707,1,fitzpatrick17k,fitz_0d138dfc5437475a31a7718a53be001a,light,2,malignant
1,0.8625490069389343,1,fitzpatrick17k,fitz_94937a8ab45b71486731a59c5e5448e4,light,2,malignant
1,0.7553443908691406,1,fitzpatrick17k,fitz_88c8c110ade2657fbe1c840dd2494511,dark,5,malignant
1,0.8637714385986328,1,fitzpatrick17k,fitz_95aceddd48e4a01eecc60f4a40989a45,light,1,malignant
0,0.22190621495246887,1,fitzpatrick17k,fitz_1d40ad005bd5839fc682a92140d45139,dark,6,benign
0,0.32240232825279236,1,fitzpatrick17k,fitz_afb1549a32af6db1a892ba9c8f162efb,medium,4,benign
1,0.5624614357948303,1,fitzpatrick17k,fitz_9e6302546a811af38079664e066187c1,light,2,malignant
0,0.5904091000556946,1,fitzpatrick17k,fitz_6770109b657d859c15033cee3b33fa92,light,2,benign
1,0.787058413028717,1,fitzpatrick17k,fitz_35d78b622b17b403527abe9ebad12438,medium,4,malignant
0,0.27885133028030396,1,fitzpatrick17k,fitz_58752b78ff77e26b3e0add57ff6811c6,light,1,benign
1,0.7655537724494934,1,fitzpatrick17k,fitz_13734a7c23d7856f863234a3ebe42574,medium,3,malignant
0,0.3667730391025543,1,fitzpatrick17k,fitz_03fa6b46375e432cbf6a5c80ec39fcc6,light,1,benign
0,0.6151929497718811,1,fitzpatrick17k,fitz_4cd4042bcb667eaccf640e24b597430e,light,2,benign
1,0.6733351945877075,1,fitzpatrick17k,fitz_bfc903d9c30f8fe5b14f24c2cd92fcf8,light,1,malignant
0,0.7818728089332581,1,fitzpatrick17k,fitz_7fc0fd4fb86200dc3cb36c4d07573b1e,light,2,benign
0,0.7599231600761414,1,fitzpatrick17k,fitz_3df445e0ee55c4a0b217a932b37739cb,medium,3,benign
0,0.7974032759666443,1,fitzpatrick17k,fitz_4eb799199c491b819bf1068cac715d7d,dark,6,benign
0,0.8028077483177185,1,fitzpatrick17k,fitz_7d5fa40a383359710b838eeb6c08324d,light,1,benign
1,0.8019370436668396,1,fitzpatrick17k,fitz_3f1648bff3fcf3a0f8e238b14025bd79,light,2,malignant
1,0.7724176049232483,1,fitzpatrick17k,fitz_45f2d036cba6a8d8da3240c27217a6ff,light,2,malignant
0,0.7668032050132751,1,fitzpatrick17k,fitz_6319f65d7262b1dce38456da78f59d85,light,1,benign
0,0.46194127202033997,1,fitzpatrick17k,fitz_3c037f81cfe29dd2bd8834d823499190,medium,3,benign
0,0.8601909279823303,1,fitzpatrick17k,fitz_fc5744a249305e3081c29ad0d9568cbd,light,1,benign
0,0.9348596930503845,1,fitzpatrick17k,fitz_f391d38b94334234942a68f5f52433f9,medium,4,benign
0,0.5844200253486633,1,fitzpatrick17k,fitz_09b035332fbd999ecc2f1b7fb229c093,light,2,benign
1,0.8279669880867004,1,fitzpatrick17k,fitz_a795f04734849b702184bd729ab765ce,light,2,malignant
0,0.5923133492469788,1,fitzpatrick17k,fitz_1060b777b7875b0bc3b8e1d4d5c21a6c,medium,3,benign
0,0.9378238916397095,1,fitzpatrick17k,fitz_8bad7346e145eedbce83aee080ab22c7,light,1,benign
1,0.18346963822841644,1,fitzpatrick17k,fitz_97d2eb0a5f487bf6428df978898fff4d,light,2,malignant
0,0.2608530521392822,1,fitzpatrick17k,fitz_21f1e3ac8e545e1c28ac3d619360d6cd,light,2,benign
1,0.7904728651046753,1,fitzpatrick17k,fitz_6ee7f655e7465c97833e86830a9bf2b4,medium,3,malignant
1,0.7392118573188782,1,fitzpatrick17k,fitz_2bad4c856e10e29dcb76b7e1ad11ec51,dark,5,malignant
1,0.48051995038986206,1,fitzpatrick17k,fitz_b5fa3405377953a1b7de9049a4d3e4dc,light,2,malignant
1,0.8059494495391846,1,fitzpatrick17k,fitz_47b5d95eee9086e7846092dedacf77f1,light,2,malignant
0,0.8036448955535889,1,fitzpatrick17k,fitz_e809c553f8d8d5583e4fd26aef02dbb3,dark,5,benign
0,0.7245311141014099,1,fitzpatrick17k,fitz_8d7d69353979c66faac2f9e5fbdfe348,light,2,benign
1,0.676366925239563,1,fitzpatrick17k,fitz_008c8be183aa54af2d29a6f75521ebce,dark,6,malignant
0,0.3945404291152954,1,fitzpatrick17k,fitz_1317bc312a84b5aa8fc6b9b4a7c3318c,medium,3,benign
0,0.8595300912857056,1,fitzpatrick17k,fitz_c8e7f9739bd62e3219c12d9f567456a8,light,2,benign
0,0.7313563227653503,1,fitzpatrick17k,fitz_ecd5b4bc5413b2370470c83de294157b,light,2,benign
1,0.8070184588432312,1,fitzpatrick17k,fitz_4429b712b5f7463459067286a73d1231,medium,3,malignant
0,0.7682801485061646,1,fitzpatrick17k,fitz_7dd8e927e493ab01ab17a13492ed3f12,light,2,benign
0,0.7755167484283447,1,fitzpatrick17k,fitz_eb9e3bbb4bb38985adff29b28179d5b2,medium,4,benign
1,0.8427262902259827,1,fitzpatrick17k,fitz_5b9a861673164365c98ba2e5eca55328,light,1,malignant
0,0.869664192199707,1,fitzpatrick17k,fitz_014a5d6dcf9e1a5ffe46d5a312174de5,light,1,benign
1,0.7625003457069397,1,fitzpatrick17k,fitz_8b1847980b176b7b17f75c2ea71922ef,light,2,malignant
0,0.7570958733558655,1,fitzpatrick17k,fitz_3429089d464da316dddf3b4addfd9e3d,dark,5,benign
1,0.7200831770896912,1,fitzpatrick17k,fitz_3e389f35749339cb3f001c51dbd02d09,light,2,malignant
1,0.6725625991821289,1,fitzpatrick17k,fitz_cf06eac86b781c1be85810cc60a40147,medium,3,malignant
0,0.8587167263031006,1,fitzpatrick17k,fitz_db076cda57cbbbc3cd26d96e61d0e9db,light,2,benign
0,0.7698060870170593,1,fitzpatrick17k,fitz_a1902feb20d7f9f4a8a5a719e1ba7122,light,2,benign
1,0.9113068580627441,1,fitzpatrick17k,fitz_29e5519889107e210f878f86e0d17436,light,1,malignant
0,0.7677586674690247,1,fitzpatrick17k,fitz_dee91df31211c000479ccabce17807b9,medium,4,benign
0,0.8302164077758789,1,fitzpatrick17k,fitz_eab4ca887afd28193921e64b0e2b5718,light,2,benign
0,0.7439467310905457,1,fitzpatrick17k,fitz_25f8a7cac8cb6f7d76782067bc3400c3,dark,5,benign
0,0.6166020631790161,1,fitzpatrick17k,fitz_02c35a23f0b8f5926b2185b328c5551a,light,1,benign
0,0.8194814324378967,1,fitzpatrick17k,fitz_287ae52124079fd46a7a58e1ab840a27,medium,4,benign
0,0.6457724571228027,1,fitzpatrick17k,fitz_f27cd92ce48e3148f78e5a46c11a460a,medium,4,benign
0,0.8658534288406372,1,fitzpatrick17k,fitz_13563b4c006e5cae101e869d99e8d036,light,2,benign
0,0.7752156853675842,1,fitzpatrick17k,fitz_3c31ed63ad8000019cc9821b761ed014,dark,5,benign
1,0.7940956950187683,1,fitzpatrick17k,fitz_041c7ee6106e88b7ddce7864efd97525,medium,4,malignant
0,0.8859132528305054,1,fitzpatrick17k,fitz_4ee42381a60d54eac66755d7d986fb05,light,1,benign
1,0.7685142159461975,1,fitzpatrick17k,fitz_318c1c68fbf43892f05191ea20e618cb,medium,3,malignant
0,0.7348703145980835,1,fitzpatrick17k,fitz_087315906369dd994456a197e0cac342,light,2,benign
1,0.8415350914001465,1,fitzpatrick17k,fitz_6bd32d6620c8b17674547ebd9fc112f5,light,2,malignant
0,0.8053678274154663,1,fitzpatrick17k,fitz_9eb643a85636816ca2efe457db1aa944,light,2,benign
1,0.5910301804542542,1,fitzpatrick17k,fitz_874622847ae2cd9f53171fbc150fdb71,light,2,malignant
0,0.73048335313797,1,fitzpatrick17k,fitz_002714e65a78f16fb05bc0aa95ea9761,medium,4,benign
0,0.7776942849159241,1,fitzpatrick17k,fitz_14cb4dd8985954bfb63e7edc2a488d2f,light,2,benign
0,0.6418274641036987,1,fitzpatrick17k,fitz_31860ef54bc219bb2b67df8b8dad8417,light,1,benign
1,0.8484665155410767,1,fitzpatrick17k,fitz_d6e1592cd3d3cd6718b56f6d556f77c4,light,1,malignant
0,0.11339811235666275,0,fitzpatrick17k,fitz_952aa2d323c527a7da1bd4110b32303b,medium,3,benign
1,0.8596600294113159,1,fitzpatrick17k,fitz_99aa6f56fa29834fb0086965da35fb11,light,1,malignant
0,0.6628227829933167,1,fitzpatrick17k,fitz_ddc592a424045e8cd5931135aa8da877,medium,3,benign
1,0.27363842725753784,1,fitzpatrick17k,fitz_6780e84c97c2737127f08e25e8242fe0,light,2,malignant
1,0.29478004574775696,1,fitzpatrick17k,fitz_4670285632e1c288ec0ac64a15ef82af,light,2,malignant
1,0.7823789715766907,1,fitzpatrick17k,fitz_32e185d203f0e6b8b0c759fa7e9ce627,light,2,malignant
0,0.645697832107544,1,fitzpatrick17k,fitz_b9107354fdade4f2e553be25b2f5e7f6,light,1,benign
1,0.33920997381210327,1,fitzpatrick17k,fitz_db450c02e0acb737fc2ea0a11be525c7,medium,3,malignant
1,0.6253294348716736,1,fitzpatrick17k,fitz_4e28e2e586e563db2112ad1afa25fcf0,light,1,malignant
0,0.8515834808349609,1,fitzpatrick17k,fitz_1301ea506a1cdd159e17f1ab0eadb51d,light,2,benign
1,0.7639799118041992,1,fitzpatrick17k,fitz_2861f208db32e09e3841ead44f577ddb,light,2,malignant
1,0.756933331489563,1,fitzpatrick17k,fitz_d9c204f6e15a59b6fc1af7ebb36b2ea4,light,2,malignant
1,0.8081856369972229,1,fitzpatrick17k,fitz_a589f826c885576e848a2a4d66235f1f,medium,3,malignant
0,0.6453524231910706,1,fitzpatrick17k,fitz_16e46cf96a792a51134f8fef4abe290f,light,1,benign
1,0.6756299138069153,1,fitzpatrick17k,fitz_1225748569e2495256edb1f615dab952,medium,3,malignant
1,0.7447521090507507,1,fitzpatrick17k,fitz_f1aba86c1e48a3b1a4bc5e599f7024bf,medium,3,malignant
1,0.9484931230545044,1,fitzpatrick17k,fitz_68623ff99e2d99707211ae16ac655ebf,light,2,malignant
0,0.7763843536376953,1,fitzpatrick17k,fitz_f63bd076db52c4c0c0d05c277f9491e9,light,1,benign
0,0.7681959867477417,1,fitzpatrick17k,fitz_a475142db21f3b90e967349bd169c2c7,light,1,benign
1,0.26181334257125854,1,fitzpatrick17k,fitz_41efd62d9dcb1145994a30ab97d4c514,medium,3,malignant
0,0.9209272861480713,1,fitzpatrick17k,fitz_9cf66703d581a5ac6709c3a093bfb368,medium,3,benign
1,0.7561255693435669,1,fitzpatrick17k,fitz_786891098d43f04f9f2370bb7c614321,light,2,malignant
0,0.07957330346107483,0,fitzpatrick17k,fitz_6ed995cc282c8d8ca9f2bdbcde554468,light,2,benign
1,0.7871375679969788,1,fitzpatrick17k,fitz_006e06abaacec1e2ac15fe0050a89c22,light,2,malignant
0,0.15942208468914032,1,fitzpatrick17k,fitz_5bedb7aaeeeb002707f6118df00a564f,light,1,benign
0,0.8027845621109009,1,fitzpatrick17k,fitz_a72a10a9c7ba7a9dcd3e273e542993d7,medium,4,benign
0,0.8468896746635437,1,fitzpatrick17k,fitz_6204b523ebb98d6511aaad0f095c13ca,light,2,benign
0,0.8465130925178528,1,fitzpatrick17k,fitz_8d5ff52807e2603f38f1b4a82f065a48,medium,3,benign
0,0.5356892943382263,1,fitzpatrick17k,fitz_2f3a457f8fee2ad6699da2d15a4ba1e0,medium,3,benign
1,0.37432876229286194,1,fitzpatrick17k,fitz_361c860d6d11345eb0d14b6ff560a952,light,1,malignant
0,0.278341144323349,1,fitzpatrick17k,fitz_1bafc4435143804067e03a6a5aa1ae83,medium,3,benign
0,0.7862393260002136,1,fitzpatrick17k,fitz_cd97c4945d1b6e8604c300412a32218a,light,2,benign
0,0.42385929822921753,1,fitzpatrick17k,fitz_6298691ad6f0822ab25a9d163e274b40,light,2,benign
0,0.1310780942440033,0,fitzpatrick17k,fitz_1a2a4cd513ec93802d6c85e195441c1b,light,1,benign
1,0.7438105940818787,1,fitzpatrick17k,fitz_e23ca962ab4506bf17cfb2174ebb350d,medium,4,malignant
0,0.7440066337585449,1,fitzpatrick17k,fitz_4e727e2e4c36570c33715f23fa6e8b1c,dark,5,benign
1,0.8225377202033997,1,fitzpatrick17k,fitz_cc391aff32bf98e352ddaf3c1e6865cb,light,1,malignant
1,0.3516218662261963,1,fitzpatrick17k,fitz_80ce74b194cdbef3f44ffff179c1f912,medium,4,malignant
0,0.747361958026886,1,fitzpatrick17k,fitz_98da7d1c1420c1ecbf2ee4979907799e,light,2,benign
1,0.7712628245353699,1,fitzpatrick17k,fitz_98a86bd0a6b6d31cc399703220627eab,light,1,malignant
1,0.7225855588912964,1,fitzpatrick17k,fitz_b280c5c8428278067af5a0d07409f6c6,light,2,malignant
1,0.7348465323448181,1,fitzpatrick17k,fitz_46cfd1a77dfc44893b3166eca5f5514d,light,2,malignant
0,0.7310192584991455,1,fitzpatrick17k,fitz_ca53e6895f157c0ad28b0a7622f930bb,light,1,benign
0,0.8332592248916626,1,fitzpatrick17k,fitz_94fa3d41352c74ad7a3f4918bb831587,light,2,benign
0,0.24337752163410187,1,fitzpatrick17k,fitz_d94d9da65f3f2823471636729de38f44,light,1,benign
1,0.7961843609809875,1,fitzpatrick17k,fitz_20c35377213f6e1cc6115e8862bd73ef,light,1,malignant
1,0.861586332321167,1,fitzpatrick17k,fitz_3310c8f8bb1c974cbf1a3e33969ef039,light,2,malignant
1,0.878823459148407,1,fitzpatrick17k,fitz_32eaca7cb6a5408f4ad5a090187cdb25,light,2,malignant
1,0.6868789196014404,1,fitzpatrick17k,fitz_e0fedce02782d3e39feb80fd57380226,dark,5,malignant
1,0.7337442636489868,1,fitzpatrick17k,fitz_d70a1677a855b45e2049e3f08f47f153,medium,4,malignant
0,0.3635140359401703,1,fitzpatrick17k,fitz_f51e0433a2dbd4a5f7308ba55df2dc45,light,1,benign
1,0.7742023468017578,1,fitzpatrick17k,fitz_d773c2c4b95da12d93796bcec165a6ba,light,2,malignant
1,0.7250195741653442,1,fitzpatrick17k,fitz_5fa619d00f15dc1f92063f54a85e8bb4,light,2,malignant
1,0.8409403562545776,1,fitzpatrick17k,fitz_be7bead78fed91bdc5056a70246ed703,light,2,malignant
0,0.7595572471618652,1,fitzpatrick17k,fitz_4062f7d2bf4baa0f792741ceac66958f,medium,4,benign
1,0.7202436327934265,1,fitzpatrick17k,fitz_ab28440ed0d4fd832a76b06f5d86e401,light,2,malignant
1,0.8328723907470703,1,fitzpatrick17k,fitz_36e842fa0046f02248140aaf668d111a,light,1,malignant
0,0.8786986470222473,1,fitzpatrick17k,fitz_8f7ba0cfef85438ef1d41aa1872492c0,light,2,benign
0,0.06446284055709839,0,fitzpatrick17k,fitz_47533058c881ca04b1c98f6b1a5720b2,light,1,benign
0,0.7168002128601074,1,fitzpatrick17k,fitz_cb191c9c268825b566ef9ecff1c6a740,light,1,benign
0,0.6705728769302368,1,fitzpatrick17k,fitz_2da9a6e77499ad8e1cea172577385443,medium,3,benign
0,0.7158549427986145,1,fitzpatrick17k,fitz_b5cdd8e7f426849930f8f8de833979cc,medium,3,benign
0,0.05718928202986717,0,fitzpatrick17k,fitz_c23edb4060ddaeb9e0dea2d7bbe5019c,medium,4,benign
1,0.8342009782791138,1,fitzpatrick17k,fitz_ed277f414662d8203eeb4a5ddbd58644,light,1,malignant
1,0.9314531087875366,1,fitzpatrick17k,fitz_5aebee416901cdd8fd9c02dcdc8b2e24,light,1,malignant
0,0.821113646030426,1,fitzpatrick17k,fitz_79e2f2599a1be4f99346af73b2a35ee0,light,2,benign
1,0.8096197843551636,1,fitzpatrick17k,fitz_c84a8774938c008cb188779efa58dd16,medium,4,malignant
1,0.8678193092346191,1,fitzpatrick17k,fitz_e052681f9ae01aa8be18a33f2a81fdd5,light,2,malignant
1,0.6142549514770508,1,fitzpatrick17k,fitz_1ea327d045b97047a089db7fb80b6c10,medium,3,malignant
1,0.8436066508293152,1,fitzpatrick17k,fitz_d66bf5de79446335d16025eac09bf65e,light,2,malignant
1,0.8127014636993408,1,fitzpatrick17k,fitz_cd9875059a12da6235552ef1bfe6b306,light,1,malignant
1,0.7806511521339417,1,fitzpatrick17k,fitz_7f64dd852226a5689f3a14fcfc8688ed,medium,4,malignant
1,0.8330726027488708,1,fitzpatrick17k,fitz_8acc8d28a8f6040d23041bfbf16fcf09,light,2,malignant
0,0.8922247886657715,1,fitzpatrick17k,fitz_c447c881dcecbb330609801d1ce21270,medium,3,benign
0,0.6204779148101807,1,fitzpatrick17k,fitz_614fe2468892116277b38458b7b94062,light,2,benign
0,0.7526258230209351,1,fitzpatrick17k,fitz_ed04779a244ceb4766056ed347da1988,dark,6,benign
1,0.8450942039489746,1,fitzpatrick17k,fitz_649a62d188bad59afe9eb4ecb56fb25e,medium,3,malignant
0,0.10501347482204437,0,fitzpatrick17k,fitz_2a7066ad636ad2f3610c40ecdea99223,light,1,benign
0,0.8728376030921936,1,fitzpatrick17k,fitz_882aae045d66274b2788aa6aa70f5c93,light,2,benign
0,0.19865816831588745,1,fitzpatrick17k,fitz_9c468f8877045d70dbb7ad2c18671dbe,light,2,benign
1,0.8633117079734802,1,fitzpatrick17k,fitz_9a2703b526c057a1563b6579cb3024fa,light,1,malignant
0,0.7744805812835693,1,fitzpatrick17k,fitz_9b1273e401dbeb6ddbfad6b22489b0ec,medium,3,benign
0,0.787107527256012,1,fitzpatrick17k,fitz_2e5fd22630f3224369ec174774afc904,light,2,benign
1,0.8270358443260193,1,fitzpatrick17k,fitz_abf8662ae84390242bafecaa324d02b2,light,1,malignant
1,0.8726257681846619,1,fitzpatrick17k,fitz_413a896e96ee3c63962834b0e6498bd4,light,1,malignant
0,0.7561395764350891,1,fitzpatrick17k,fitz_2a15701b156ba62885e84dcc3f8ea910,dark,6,benign
0,0.9094823598861694,1,fitzpatrick17k,fitz_c1d5adb07467874f40baa88a9d800e65,medium,4,benign
0,0.40938618779182434,1,fitzpatrick17k,fitz_cfd618bd9e96d0c244f295afaff7a388,medium,3,benign
0,0.8555651903152466,1,fitzpatrick17k,fitz_522673224fcd3333c71648cfa95a9505,medium,4,benign
1,0.7132726311683655,1,fitzpatrick17k,fitz_a012732fd2caf22e3168ea643b0df97e,light,2,malignant
1,0.83809494972229,1,fitzpatrick17k,fitz_25a1a344b4f70052120501edb762a0d5,light,2,malignant
0,0.8656592965126038,1,fitzpatrick17k,fitz_93d60c6f20e1b5b4e08eaaf077a093c5,light,1,benign
0,0.7173702716827393,1,fitzpatrick17k,fitz_78a06c0b3d0da8506826ca9fca8cf3aa,light,2,benign
1,0.8294395804405212,1,fitzpatrick17k,fitz_0b9c906977a5d2a78d7fa64004ccd6be,medium,3,malignant
1,0.5772206783294678,1,fitzpatrick17k,fitz_badbfab4e0fe826cade1351c9e3405a3,light,2,malignant
0,0.8281210660934448,1,fitzpatrick17k,fitz_58b9ae1b3cf0daa87ff739656b1425a3,light,2,benign
1,0.7988085150718689,1,fitzpatrick17k,fitz_9e76e89ec099bb63c7c99bd0aa4e45fd,light,1,malignant
1,0.8539047241210938,1,fitzpatrick17k,fitz_df8387df4697ebb509e2dfc7d4c0bfb7,dark,6,malignant
0,0.7547732591629028,1,fitzpatrick17k,fitz_8d6e33cb7a597c0cfd8655b5f460b388,medium,4,benign
0,0.7748981714248657,1,fitzpatrick17k,fitz_7a0656474273cbc9b3889c80dcf3469a,dark,6,benign
0,0.6492162942886353,1,fitzpatrick17k,fitz_7995475c6fa1b38a709c12c249751ff6,dark,5,benign
0,0.2347157597541809,1,fitzpatrick17k,fitz_b76bc541faaa9e3b095afdcf5fd2909b,light,2,benign
0,0.5789749622344971,1,fitzpatrick17k,fitz_ada2d6dd572e1d3d1d9cd414df50cf96,light,1,benign
0,0.489035964012146,1,fitzpatrick17k,fitz_79c7a632ac4176aa5f1577a459b98ece,light,1,benign
0,0.8350328207015991,1,fitzpatrick17k,fitz_beef5728dca8fc1323536ba9deb83c5d,light,2,benign
1,0.4231630265712738,1,fitzpatrick17k,fitz_b7948589620ceb4bdd56002e51d0c0b0,dark,5,malignant
1,0.43161043524742126,1,fitzpatrick17k,fitz_ae1dd2f408512900bb5149de7c3d6a66,light,1,malignant
1,0.2816016972064972,1,fitzpatrick17k,fitz_d97e0c3483bab3158be2a9f9ffa3339b,medium,4,malignant
1,0.6758179664611816,1,fitzpatrick17k,fitz_1c5adfdbc1c9bda0bc57c328a0ed4b35,medium,4,malignant
0,0.7940260171890259,1,fitzpatrick17k,fitz_e9550ec93d0ab041c7aac77e7e933b48,medium,3,benign
0,0.6935579776763916,1,fitzpatrick17k,fitz_48d21b45badd60127a29480d52f1635b,medium,4,benign
1,0.7770454287528992,1,fitzpatrick17k,fitz_4fe3639425f904963bfef4c492664577,light,2,malignant
0,0.8640594482421875,1,fitzpatrick17k,fitz_14d0d57b5430a9923c415e5148ee7ba1,medium,4,benign
0,0.6774975657463074,1,fitzpatrick17k,fitz_c7d29c46a5011566c9e3b4144e970292,light,2,benign
0,0.7068875432014465,1,fitzpatrick17k,fitz_adb0ccdc22392acd362fcac89803b68f,medium,4,benign
0,0.7628031373023987,1,fitzpatrick17k,fitz_f49a7fa4ae182b58125f03383e0f2a22,medium,3,benign
1,0.6453090310096741,1,fitzpatrick17k,fitz_1e7a332c75655b759c774efeac3d9dcc,light,1,malignant
0,0.7224230766296387,1,fitzpatrick17k,fitz_f1dec1f8072f0d430f6192e9e33a9dc3,light,1,benign
1,0.8303645253181458,1,fitzpatrick17k,fitz_a4d86ff0f5c85e2fe204ece83b710f1a,light,2,malignant
0,0.2668474614620209,1,fitzpatrick17k,fitz_310c13f3fb5006f4c9a1befc2741b638,medium,4,benign
0,0.7674084305763245,1,fitzpatrick17k,fitz_abf0f44b12362196f432666c5683158e,medium,3,benign
0,0.6118340492248535,1,fitzpatrick17k,fitz_b08c58ea9bcfe9df1f17973aeb971658,light,1,benign
1,0.8027397394180298,1,fitzpatrick17k,fitz_51d2eb9781f05cf0663c78194e93792a,light,2,malignant
0,0.7295111417770386,1,fitzpatrick17k,fitz_3f17fbcb288f27b9d3002367725396d1,dark,6,benign
0,0.7994483709335327,1,fitzpatrick17k,fitz_33b733f4f6ddac886832188b770ce64a,medium,4,benign
0,0.790279746055603,1,fitzpatrick17k,fitz_111d3c4c189eb2e559bc85117f7975fb,medium,4,benign
0,0.7438855171203613,1,fitzpatrick17k,fitz_1b10a6bacbc5396e297c273e3fe8aa5c,medium,3,benign
0,0.7605667114257812,1,fitzpatrick17k,fitz_64222f330373f656d40c112087e3a4a2,dark,6,benign
1,0.8075453042984009,1,fitzpatrick17k,fitz_7e7d72d040485b4c51a37dadba1ae04e,medium,3,malignant
1,0.8103504180908203,1,fitzpatrick17k,fitz_84f75c6da21686206f64b40ba5135716,light,1,malignant
1,0.7834380269050598,1,fitzpatrick17k,fitz_027380dfd609fa5720c1eaf30f77c776,light,2,malignant
0,0.5559483766555786,1,fitzpatrick17k,fitz_f925994eb8367d52a10b74bc5fd88390,medium,4,benign
1,0.8461652994155884,1,fitzpatrick17k,fitz_2e9026dc8e4b4256aaad236b808de767,light,2,malignant
1,0.8326185941696167,1,fitzpatrick17k,fitz_3486bb9f5a4ad3006519845196bca697,medium,4,malignant
1,0.9086426496505737,1,fitzpatrick17k,fitz_88e49623b7d05cee8a59abc21d4a2aac,light,2,malignant
0,0.3155457079410553,1,fitzpatrick17k,fitz_3546b1377255bbaeb4c13e9bfa635cf0,light,1,benign
0,0.7483817338943481,1,fitzpatrick17k,fitz_278f77c0cfc37e499635784af16ea365,medium,3,benign
0,0.8263877034187317,1,fitzpatrick17k,fitz_1699ebcab2744039385ca91482fb4364,light,2,benign
1,0.70541912317276,1,fitzpatrick17k,fitz_0dd2cb24c519040fca7c77ed6609afed,medium,3,malignant
1,0.37067028880119324,1,fitzpatrick17k,fitz_d3b74982c7011d82c1c874bd9e293fa4,light,1,malignant
1,0.04145093262195587,0,fitzpatrick17k,fitz_0b035e5709e08c96e471bf050c805697,medium,3,malignant
1,0.7932008504867554,1,fitzpatrick17k,fitz_e5ad8f497e1246ffd4ef79b930670250,medium,4,malignant
0,0.6757955551147461,1,fitzpatrick17k,fitz_8a6d7b54d48db308d9b4f0e05330087c,light,1,benign
0,0.7690826058387756,1,fitzpatrick17k,fitz_b666857e821c97f3d71300ce4593d0a0,dark,5,benign
0,0.46834930777549744,1,fitzpatrick17k,fitz_476b9c6388bb92858a2873554c1237bf,light,1,benign
1,0.9084404110908508,1,fitzpatrick17k,fitz_14d2333c46a7f94b0b64c6ed0547dd75,light,2,malignant
1,0.7745742201805115,1,fitzpatrick17k,fitz_018504389f4fa566232eb6e3ff838cb8,light,2,malignant
0,0.5128129124641418,1,fitzpatrick17k,fitz_04c59d8184ca0d3280e23de40c68fc47,light,1,benign
0,0.7711803317070007,1,fitzpatrick17k,fitz_e600041da17eda6cff4cf14cdfb25d15,light,1,benign
1,0.8802972435951233,1,fitzpatrick17k,fitz_7e0b3d4f2a678d812e94c1f77f9820fa,light,2,malignant
1,0.866795539855957,1,fitzpatrick17k,fitz_ff90a72933d50ce7dfe1788e4804d203,light,1,malignant
0,0.7178705334663391,1,fitzpatrick17k,fitz_8d90c2944cdf23c18f305093c7a7fa32,light,2,benign
0,0.82715904712677,1,fitzpatrick17k,fitz_e69d745cba729ab9a5c7c8fc46dc04ab,light,1,benign
1,0.7869558930397034,1,fitzpatrick17k,fitz_bd85f10bfd60f2577b764e509c7ed296,medium,4,malignant
0,0.755888044834137,1,fitzpatrick17k,fitz_d08fd8e8f31ec6cc52967c44c5fd37a2,light,1,benign
1,0.8172129988670349,1,fitzpatrick17k,fitz_34714a9dd80557d0b2b3a93ee66a6258,light,2,malignant
1,0.7373466491699219,1,fitzpatrick17k,fitz_c0de110fb3fb880b122cc8f058b731af,light,2,malignant
1,0.8090404868125916,1,fitzpatrick17k,fitz_6e923b13c1fd768eca8b3000ff6101f8,light,1,malignant
1,0.7372225522994995,1,fitzpatrick17k,fitz_2d8dd8e2b1d3f0af318b320f7d77e595,medium,4,malignant
1,0.7588290572166443,1,fitzpatrick17k,fitz_1edc419cfccfb2728ee1743bc921facb,light,2,malignant
0,0.769625186920166,1,fitzpatrick17k,fitz_8441e5e11118d0a1f93cf9e74bd45cc9,light,2,benign
0,0.881457507610321,1,fitzpatrick17k,fitz_e253e3ddfec9778647c4bb078bcf8754,light,1,benign
0,0.8277726769447327,1,fitzpatrick17k,fitz_140f5a6279976fc02efe2b9dbf1b4656,light,2,benign
0,0.6460633277893066,1,fitzpatrick17k,fitz_aa1f674e2ddac8521428cb72c09fe055,light,1,benign
0,0.8131577968597412,1,fitzpatrick17k,fitz_c1ea1a8f9448f4007dab8c04e3b9b30d,light,2,benign
1,0.9158576726913452,1,fitzpatrick17k,fitz_a18100a6cc186c4ed5e690250834edd4,light,2,malignant
0,0.7314035892486572,1,fitzpatrick17k,fitz_15e80bdb79a83a5336efe5efbd5ec198,light,1,benign
1,0.8291605114936829,1,fitzpatrick17k,fitz_5db01c89de63e47302555704e3e5661e,light,2,malignant
1,0.7840280532836914,1,fitzpatrick17k,fitz_0c21730ed61cd15dc2ad83e5456c77ba,light,1,malignant
1,0.7726870775222778,1,fitzpatrick17k,fitz_9ca9d8e0946f6d8598daad6770b5581f,dark,5,malignant
1,0.07259969413280487,0,fitzpatrick17k,fitz_e8fd022f0fbc938d8b2a44056f1bdec5,light,1,malignant
1,0.901382565498352,1,fitzpatrick17k,fitz_d888164ff416adf7a9049f5e5fe3efe3,light,2,malignant
1,0.7857493162155151,1,fitzpatrick17k,fitz_6729f41b841e60ac27d662961c5ef703,dark,6,malignant
0,0.31701985001564026,1,fitzpatrick17k,fitz_bf82b98572753ebeb30643d8cbc267da,light,1,benign
0,0.7213455438613892,1,fitzpatrick17k,fitz_50e33aea816269c53033f333c5739218,dark,5,benign
0,0.654020369052887,1,fitzpatrick17k,fitz_9ce3c69f96b4a44009e8f953aa221cf6,light,1,benign
0,0.23674803972244263,1,fitzpatrick17k,fitz_6bec1ae4f827a7dea5e1562c27a5f620,light,2,benign
1,0.08409442007541656,0,fitzpatrick17k,fitz_acd3aa9405d92f6395ae33cfbc9e32f0,light,1,malignant
0,0.07353128492832184,0,fitzpatrick17k,fitz_073855fe43184e4d1d8045c09e7df53c,light,2,benign
1,0.888565182685852,1,fitzpatrick17k,fitz_079ae7d3ebe5cf9bfe97e1e29bbfd780,light,2,malignant
1,0.8484283685684204,1,fitzpatrick17k,fitz_9f3e74ee111f2eaec8e4f23fa6ec1b67,medium,3,malignant
0,0.4756448566913605,1,fitzpatrick17k,fitz_9debbcbf24db1cf6c8061531f74dbb0e,medium,4,benign
0,0.32358255982398987,1,fitzpatrick17k,fitz_b49e517f6e88f5f0f139927acd7e00a3,light,1,benign
0,0.7841169238090515,1,fitzpatrick17k,fitz_77cbfcac621e1e9473cb6963d4c35463,medium,4,benign
1,0.7735955715179443,1,fitzpatrick17k,fitz_abd3e1393bf969a1329b12ff83e5f85d,medium,3,malignant
1,0.8237731456756592,1,fitzpatrick17k,fitz_83e37346b35f00b1fc3e226a9a1eef87,light,1,malignant
0,0.26101964712142944,1,fitzpatrick17k,fitz_be5143c118a6c4a5204a9f4e25613587,light,1,benign
0,0.778191864490509,1,fitzpatrick17k,fitz_e7a97275e26d0fbfbc9cb212ee90c506,medium,3,benign
1,0.795940101146698,1,fitzpatrick17k,fitz_56c7427df79c37d0602a2797539ca761,light,2,malignant
0,0.754993200302124,1,fitzpatrick17k,fitz_6d27b2cefd23115cb0b2f5ccd2030f87,light,1,benign
0,0.18361586332321167,1,fitzpatrick17k,fitz_80d9ee6779cba57c3120621cec170505,light,1,benign
1,0.5667378902435303,1,fitzpatrick17k,fitz_5c403fe1da054bdd574a35472928b3bb,dark,5,malignant
0,0.776507556438446,1,fitzpatrick17k,fitz_8d47665dd04c83496fad63942b78f1ff,medium,4,benign
0,0.5407559275627136,1,fitzpatrick17k,fitz_6a6157ea3e113d5e62883e4852c22138,light,2,benign
0,0.7611093521118164,1,fitzpatrick17k,fitz_0e4b53cec9919e20dee742eaf50cee45,medium,4,benign
0,0.8256341218948364,1,fitzpatrick17k,fitz_7b6720ebe30dc6fadce2e84b553472c8,light,2,benign
0,0.7178357243537903,1,fitzpatrick17k,fitz_5616f246d079e208cb3f88c97eb6025d,light,2,benign
0,0.8750117421150208,1,fitzpatrick17k,fitz_374de2215f3eb571d87207e5d5089354,light,2,benign
1,0.9035988450050354,1,fitzpatrick17k,fitz_53711d42c9baa9f1f187ba8a687e74bf,light,2,malignant
1,0.7056193351745605,1,fitzpatrick17k,fitz_c4157b7a885695ebb5670c69ff5759b6,medium,3,malignant
0,0.6703494191169739,1,fitzpatrick17k,fitz_f8c6615c8c5af9d278d291b67f12c37e,dark,6,benign
1,0.5833429098129272,1,fitzpatrick17k,fitz_f23d762492106d7cfb3fdb1a3b4c37a6,medium,4,malignant
0,0.7268452644348145,1,fitzpatrick17k,fitz_377119a9792a5995497cdd74ab4af3d2,light,2,benign
0,0.8666099309921265,1,fitzpatrick17k,fitz_0a4ad3b7c8705af214e73f8f771dfd47,light,2,benign
1,0.8869619965553284,1,fitzpatrick17k,fitz_d340f64a533f1be3a5c8d0fc9e621472,light,1,malignant
0,0.6317829489707947,1,fitzpatrick17k,fitz_1406e7b62c46d79067db741cea39c476,medium,3,benign
0,0.8547831177711487,1,fitzpatrick17k,fitz_ce1c3d85cccf5be20e7b2a941b355494,medium,3,benign
1,0.8558866381645203,1,fitzpatrick17k,fitz_8e78549a9495befba3fc589b855c88c6,light,1,malignant
0,0.380340039730072,1,fitzpatrick17k,fitz_1f83b172515fa893dd46a4c2e37d34b9,light,2,benign
0,0.7814605236053467,1,fitzpatrick17k,fitz_7f5b8a9cc04f8954bbb968f6b85f32c4,light,2,benign
0,0.7370390295982361,1,fitzpatrick17k,fitz_8dce6823c51ba27908e26d3aa9455e1d,light,1,benign
0,0.705303430557251,1,fitzpatrick17k,fitz_bc3c9dd43c061e18fd28bec45d7b04c2,light,2,benign
0,0.5730605125427246,1,fitzpatrick17k,fitz_893b77e46a78032e0a85f73ab5ff6042,light,2,benign
1,0.8335609436035156,1,fitzpatrick17k,fitz_ddcb8094a49516b627eb25de87bb37e8,light,1,malignant
0,0.7218629717826843,1,fitzpatrick17k,fitz_9b80bb011a2ae3f741c6c1af12ec34e9,light,1,benign
1,0.7610655426979065,1,fitzpatrick17k,fitz_b487fe9d3636c4e36664828253959b78,medium,4,malignant
0,0.3881632387638092,1,fitzpatrick17k,fitz_20dade7616104b6f075799d9cdbf46c7,light,1,benign
0,0.6180365085601807,1,fitzpatrick17k,fitz_a80e6846c0209f0db4190ff2a2e45c74,light,1,benign
0,0.8765859007835388,1,fitzpatrick17k,fitz_6de447a43bdde9d2d681aaf5e344b1ec,dark,5,benign
1,0.8298584818840027,1,fitzpatrick17k,fitz_6605d70969437eee21f8d1bdf2b710c4,dark,5,malignant
1,0.788013756275177,1,fitzpatrick17k,fitz_9dd7a74466053926b7ec656b3f8a10d1,light,2,malignant
1,0.8223322629928589,1,fitzpatrick17k,fitz_84cd6e1510b7882642588c05b91be5de,light,2,malignant
1,0.8452197313308716,1,fitzpatrick17k,fitz_e330d92c592d7865e93658aca6a51323,light,2,malignant
1,0.2458658069372177,1,fitzpatrick17k,fitz_5e8af402e0bdf6c1a76ef4bcccceb5c6,medium,3,malignant
1,0.6386619806289673,1,fitzpatrick17k,fitz_f45dc98e818745e359d7d25b00c91151,light,1,malignant
0,0.8188763856887817,1,fitzpatrick17k,fitz_720aa2c6680e77a8ba33413acdfd8684,dark,5,benign
0,0.678926408290863,1,fitzpatrick17k,fitz_ada500a88d68a997ed3804382208cc0b,light,2,benign
1,0.8355123400688171,1,fitzpatrick17k,fitz_c59e08e62fb00753b5857d0aa3bb0d3f,light,2,malignant
0,0.7184171080589294,1,fitzpatrick17k,fitz_cfd7c5290a272f48b716b6edd4839797,light,1,benign
1,0.7914894223213196,1,fitzpatrick17k,fitz_be14688ebedce7b2609d621e98b9bd77,dark,6,malignant
0,0.7954120635986328,1,fitzpatrick17k,fitz_22954dc55a604abca986d0bda8981d88,light,1,benign
1,0.8138542175292969,1,fitzpatrick17k,fitz_442286d7bcb57c1d39b134f12a181184,light,2,malignant
0,0.7774694561958313,1,fitzpatrick17k,fitz_1d5fec5379a83b91079dcc0721ba7a11,light,2,benign
1,0.537847638130188,1,fitzpatrick17k,fitz_38b649997c117ffa68e7319ea9f111e6,medium,3,malignant
1,0.6524310111999512,1,fitzpatrick17k,fitz_e15211e66c71b025b9add197313cd5e2,light,1,malignant
1,0.5257813334465027,1,fitzpatrick17k,fitz_eae8d8e779633f16b622bac6a56f59ed,medium,3,malignant
0,0.765255868434906,1,fitzpatrick17k,fitz_ea4fc8065f75426210090461c7815045,light,2,benign
1,0.7804401516914368,1,fitzpatrick17k,fitz_fa49c5def9b18a6629d73c63e0255289,medium,3,malignant
0,0.6950200200080872,1,fitzpatrick17k,fitz_feabe7afd5bf64029cde195e8edad3a5,medium,3,benign
0,0.43367713689804077,1,fitzpatrick17k,fitz_6d2f1647e59fa391b9a5db0f7c68aa1b,light,1,benign
0,0.8437191843986511,1,fitzpatrick17k,fitz_0335f86b43703c613d0678ad8be337b6,light,1,benign
0,0.7822006940841675,1,fitzpatrick17k,fitz_0a4295449ffc040bc2b6bc29ed5f4d36,medium,3,benign
0,0.8201914429664612,1,fitzpatrick17k,fitz_19b0353695d80e690836eeb6460ae841,light,2,benign
0,0.7261623740196228,1,fitzpatrick17k,fitz_914d148a80029bf56971c2dd5a2b96b4,medium,3,benign
0,0.8651973009109497,1,fitzpatrick17k,fitz_000b6317b3be6d504e212a50e4d5667f,medium,3,benign
1,0.9020518064498901,1,fitzpatrick17k,fitz_1d5f5e2acb325eef27470722488a7e44,light,1,malignant
1,0.7523408532142639,1,fitzpatrick17k,fitz_2fffc030779c4f39555af05bd6131e03,light,2,malignant
0,0.7155526876449585,1,fitzpatrick17k,fitz_6fb2d900b06d69c873a29c7bee2c2277,medium,3,benign
0,0.17208771407604218,1,fitzpatrick17k,fitz_54b1232f62b3c0023605bf417eebfd99,light,2,benign
1,0.8022352457046509,1,fitzpatrick17k,fitz_dc2a400c943a17772ea55dc50e376435,light,1,malignant
0,0.22114792466163635,1,fitzpatrick17k,fitz_b89f0df848e11733fcb8abfc25834f2e,light,2,benign
0,0.8600012063980103,1,fitzpatrick17k,fitz_cca4d6cb306087ac189ba9d1e14958cb,light,2,benign
0,0.5228286981582642,1,fitzpatrick17k,fitz_1bac4857995e73a390eb1b8e4fe8583a,light,2,benign
1,0.8929372429847717,1,fitzpatrick17k,fitz_afe41fae78805d3c1eefe5fdeb5ecba8,light,2,malignant
0,0.8531247973442078,1,fitzpatrick17k,fitz_db7e857dec9dd0c61b22b0e85f94ef54,light,1,benign
0,0.22322499752044678,1,fitzpatrick17k,fitz_cd5bc91c3d088398447b79558daad671,light,1,benign
0,0.34667089581489563,1,fitzpatrick17k,fitz_b71c0b85580e06b347da7e16d1aff3ff,medium,4,benign
1,0.5167839527130127,1,fitzpatrick17k,fitz_38bc85b4b299f40df26f1de1ae6edc53,light,2,malignant
1,0.8553673624992371,1,fitzpatrick17k,fitz_691260f9a6de48296c0bcd79084d1c24,light,2,malignant
0,0.6764734983444214,1,fitzpatrick17k,fitz_e818a551b15bc2d4d506df50e2ec65fd,medium,4,benign
0,0.414671391248703,1,fitzpatrick17k,fitz_d544e100dbe054c62df2d7df61cc95d8,light,1,benign
1,0.6880006790161133,1,fitzpatrick17k,fitz_bbf7ad746b18c2968b664e4d0b70b6f8,light,1,malignant
1,0.07000678777694702,0,fitzpatrick17k,fitz_fedcb4729515d8c9a11d2dbe88576773,light,1,malignant
1,0.8390705585479736,1,fitzpatrick17k,fitz_734c9a93f9d8f98d7f2b8fb03750850b,light,2,malignant
0,0.7598914504051208,1,fitzpatrick17k,fitz_27831e1a3089f98f8aa98c84b198084f,medium,3,benign
1,0.7683408856391907,1,fitzpatrick17k,fitz_a38c514b6e09c788efe6438a5e76f864,light,1,malignant
1,0.840445876121521,1,fitzpatrick17k,fitz_421307b71f4e267df9fdec5a5c91c67e,light,2,malignant
0,0.788832426071167,1,fitzpatrick17k,fitz_764643fdb76178178f837b507d79b6f0,light,1,benign
1,0.7586669921875,1,fitzpatrick17k,fitz_286ea551a105d965fcc718e447932479,light,2,malignant
1,0.8541632294654846,1,fitzpatrick17k,fitz_7cc6621d7d99fcca1f0bf2b6bd3043fb,medium,3,malignant
1,0.7752798199653625,1,fitzpatrick17k,fitz_cb13129a1d876d50c0c62088f87f5b9d,medium,3,malignant
0,0.709653913974762,1,fitzpatrick17k,fitz_1a7f5be93d32df0863ffa3115bdd1a63,light,1,benign
1,0.7012140154838562,1,fitzpatrick17k,fitz_6c3081a5e16b9a11fb33cf8b022122cb,light,2,malignant
1,0.8247074484825134,1,fitzpatrick17k,fitz_5dcf89822b03a9620054dcddfb327cf5,light,2,malignant
0,0.6713568568229675,1,fitzpatrick17k,fitz_16a5c5392fe5fca2c961284143d59b57,medium,4,benign
1,0.8366180658340454,1,fitzpatrick17k,fitz_229048c8bf711a1039380054d624e368,light,2,malignant
1,0.7448396682739258,1,fitzpatrick17k,fitz_bc1a453b16e32352b492d12725f557c5,light,2,malignant
1,0.8024295568466187,1,fitzpatrick17k,fitz_40727941934994bc194e5c8a8a2bd99e,light,1,malignant
0,0.23089028894901276,1,fitzpatrick17k,fitz_4f385ab88233e751897478048ed6ff85,light,1,benign
0,0.6936125159263611,1,fitzpatrick17k,fitz_5068074ceb7c5a423100752cb1e4dd43,light,1,benign
1,0.8081035017967224,1,fitzpatrick17k,fitz_a3308a1ba83738f6914b390a23c12256,light,1,malignant
1,0.8491507172584534,1,fitzpatrick17k,fitz_fe1bb49509d3638c2930d94268ed1463,light,1,malignant
0,0.6485134959220886,1,fitzpatrick17k,fitz_164c8d1e136ee209679d8ceeb8375df5,light,1,benign
0,0.84403395652771,1,fitzpatrick17k,fitz_4094556d382c6873c3f4f873fceeccb9,medium,3,benign
0,0.8164960145950317,1,fitzpatrick17k,fitz_0896aad5d8447d068503c8f0c0071668,medium,4,benign
1,0.7956146597862244,1,fitzpatrick17k,fitz_3e83745d7e86dfb8b0aa6549e28e33d0,light,2,malignant
1,0.8116937875747681,1,fitzpatrick17k,fitz_68064a802e353660f323bc42c2eb67e7,light,2,malignant
1,0.8058958053588867,1,fitzpatrick17k,fitz_fb0dcd31990c06d1c8f254ce8b0115c1,light,2,malignant
0,0.7852380871772766,1,fitzpatrick17k,fitz_345ca6477795dc111e571094dab1a5dc,light,2,benign
0,0.8005276322364807,1,fitzpatrick17k,fitz_fc81b32afc618847af57d0f68c05f0a6,light,1,benign
0,0.7536223530769348,1,fitzpatrick17k,fitz_db35916cf721021829daedb8648125bf,light,2,benign
1,0.7412075996398926,1,fitzpatrick17k,fitz_c5714d20b28a2e3e75d14bc64d616ff7,medium,3,malignant
1,0.8464268445968628,1,fitzpatrick17k,fitz_fed52ed3aaaf68c38fbac9634c8f1216,medium,3,malignant
0,0.7821282744407654,1,fitzpatrick17k,fitz_5322c14309c560adc3a2927133a7763d,light,1,benign
0,0.8031023740768433,1,fitzpatrick17k,fitz_f3a39341732b7f64a9006d1e7104ade3,medium,4,benign
0,0.749342679977417,1,fitzpatrick17k,fitz_adb438ba23224abe46a075ca35d17860,light,2,benign
1,0.8035516738891602,1,fitzpatrick17k,fitz_1ba9b93ba453254fd9cc42cb0837d021,medium,3,malignant
1,0.8974866271018982,1,fitzpatrick17k,fitz_efe90e108b7d40765e02f80e146bc36c,light,1,malignant
0,0.6002464294433594,1,fitzpatrick17k,fitz_8f5ed7a6b36ec4af8b84635c0d5291ec,medium,4,benign
0,0.18699389696121216,1,fitzpatrick17k,fitz_f6bc7672916e190d70b9a7176b26d2a3,light,2,benign
0,0.7881824970245361,1,fitzpatrick17k,fitz_6784d371450b391aea1e40d6cb28d153,light,1,benign
1,0.5630425810813904,1,fitzpatrick17k,fitz_a5c4f4a2536c4183f431aa97d696eb44,light,2,malignant
0,0.7108220458030701,1,fitzpatrick17k,fitz_52b866609ea7bcfacac4ffa0fa943b7a,medium,3,benign
0,0.7616971731185913,1,fitzpatrick17k,fitz_1e6506ff6a31d4763e689edd96d2cc5b,medium,4,benign
0,0.7126591205596924,1,fitzpatrick17k,fitz_36f15fdcab127921c68e23e5952b579a,light,2,benign
0,0.8933320045471191,1,fitzpatrick17k,fitz_5ffd8bfd72bf93492e07434924e9d15a,light,1,benign
0,0.7755281925201416,1,fitzpatrick17k,fitz_6adeb96003f09a82eb1ef973b9d157e4,medium,3,benign
1,0.8358932137489319,1,fitzpatrick17k,fitz_a7d47cb7feead82596e930e692c998fa,light,1,malignant
0,0.7438359260559082,1,fitzpatrick17k,fitz_7edd1ea64cd58993db33eb7f63c9e23b,light,1,benign
1,0.7900795340538025,1,fitzpatrick17k,fitz_4e90f3cc9051c8bcc7ee07f25e169134,medium,4,malignant
0,0.8006917238235474,1,fitzpatrick17k,fitz_764e922aa3cd6c871f7949f60d013714,medium,4,benign
1,0.650999128818512,1,fitzpatrick17k,fitz_1092a8b1d5054fc49428a554d1126042,light,2,malignant
1,0.6975386142730713,1,fitzpatrick17k,fitz_0f9a80fc4b30ce96e2440e1a67cd31d2,medium,4,malignant
1,0.850813090801239,1,fitzpatrick17k,fitz_0e55b54825db2d67edecfe12d01144a6,medium,3,malignant
0,0.760613739490509,1,fitzpatrick17k,fitz_2d1714ec6d8fb7089eea8d8e301564e1,light,2,benign
0,0.022327817976474762,0,fitzpatrick17k,fitz_d66cd3164d722d3914ea69b618bfb285,light,1,benign
1,0.7539852857589722,1,fitzpatrick17k,fitz_98bd1bb7764270260e9b3720e57fc880,light,1,malignant
0,0.7826784253120422,1,fitzpatrick17k,fitz_42fd37cdc337997553b250a3df5d2b5c,medium,3,benign
0,0.7675368189811707,1,fitzpatrick17k,fitz_5444d551df8e1549d7b1fb51b9a87c2f,medium,3,benign
1,0.8548157811164856,1,fitzpatrick17k,fitz_d611911777942df51c973badfb02c4a4,light,1,malignant
0,0.6251416206359863,1,fitzpatrick17k,fitz_d181fde8e6e74c0d851fe607a8453908,light,1,benign
1,0.7821846604347229,1,fitzpatrick17k,fitz_6dba48622336596a9576d587ce702142,medium,3,malignant
1,0.8324449062347412,1,fitzpatrick17k,fitz_b7bef6a70726af17d4945654d94e413a,light,1,malignant
0,0.6982294321060181,1,fitzpatrick17k,fitz_2b37976a80b2374b8d90b550be0eebef,light,2,benign
0,0.7811387181282043,1,fitzpatrick17k,fitz_b6a18504475d38e563b89a6ecf3558b3,medium,3,benign
1,0.3815460205078125,1,fitzpatrick17k,fitz_b53ec636f5f8e7b11071d5159d127da0,dark,5,malignant
0,0.027512947097420692,0,fitzpatrick17k,fitz_bf099025b4eb00a75d473a3b366952f5,medium,3,benign
0,0.13889272511005402,1,fitzpatrick17k,fitz_0a7d0e3f4df5d8e69dc3763ae9ba8d96,light,2,benign
0,0.8860270977020264,1,fitzpatrick17k,fitz_d0cdfc100d1dcc1a4d4e6c06babc514b,light,1,benign
1,0.32944822311401367,1,fitzpatrick17k,fitz_d2561eaa981d137b29e3a058246645f4,medium,3,malignant
0,0.8206927180290222,1,fitzpatrick17k,fitz_623faa459db4f5aef96431cfad70cf68,medium,3,benign
0,0.7296809554100037,1,fitzpatrick17k,fitz_ea0df59c874b616fef0a595b88444519,medium,3,benign
0,0.8676726222038269,1,fitzpatrick17k,fitz_49cdcc1dad38759114c04153abd6d4da,medium,3,benign
0,0.7414700388908386,1,fitzpatrick17k,fitz_f1e293cbe5ca1ba1d6905ad043f23315,medium,3,benign
0,0.743647575378418,1,fitzpatrick17k,fitz_5e13c19a8e2da3eefdcb074832afd99a,light,2,benign
0,0.7754226922988892,1,fitzpatrick17k,fitz_0335374becde1099bcf8541a5e6a07e8,medium,4,benign
1,0.7694478631019592,1,fitzpatrick17k,fitz_dd3243a389c424fdd01d1aee5cc21926,light,2,malignant
0,0.7833994626998901,1,fitzpatrick17k,fitz_31a39ea6712ece70be83409c1ab50908,light,1,benign
1,0.8690849542617798,1,fitzpatrick17k,fitz_22f1d783dd6821defafcc915a8146c41,light,1,malignant
1,0.8646177649497986,1,fitzpatrick17k,fitz_400e3359fc83a621bcfe57435ca6ca49,light,2,malignant
0,0.835975170135498,1,fitzpatrick17k,fitz_6eafbcbba924aae35c18db47b1d1b605,medium,3,benign
0,0.5086991190910339,1,fitzpatrick17k,fitz_d1bc8ccf76f9d75244020b5eed876de5,light,1,benign
1,0.7437061071395874,1,fitzpatrick17k,fitz_5bfd231e8cf0526d1247ced60c6ef573,light,1,malignant
0,0.8670487403869629,1,fitzpatrick17k,fitz_bcea6a243a9930a11354a81999f1004d,medium,3,benign
0,0.605769157409668,1,fitzpatrick17k,fitz_8a539794b96a6bf2b5ae4d1f53d3faa5,light,2,benign
0,0.792987585067749,1,fitzpatrick17k,fitz_aafc6602c9371da05c3a8567ab87c617,light,1,benign
0,0.7771465182304382,1,fitzpatrick17k,fitz_8b4ea641cf961c4b0512778a433337ee,medium,4,benign
0,0.8426443338394165,1,fitzpatrick17k,fitz_f3a4d8da2bdb24a1d78a061f30496e9b,medium,3,benign
1,0.8662610650062561,1,fitzpatrick17k,fitz_f576c38e09eb3ecc24e6326eb3a881f1,light,2,malignant
0,0.7343003153800964,1,fitzpatrick17k,fitz_30967c04d61caf234f5150895d965416,dark,5,benign
1,0.35112154483795166,1,fitzpatrick17k,fitz_29cec54fd4c616bcbc1b0eeb68d8f68b,medium,4,malignant
1,0.8455148935317993,1,fitzpatrick17k,fitz_d76810b768f47a4dd71bd933a3983c1e,light,2,malignant
1,0.8092145919799805,1,fitzpatrick17k,fitz_a613f7932b3012eeff5ace8e062e5c05,light,2,malignant
0,0.8059913516044617,1,fitzpatrick17k,fitz_64a2c06c717efdd527e83c760e89b5f3,light,2,benign
1,0.29864048957824707,1,fitzpatrick17k,fitz_6b8443f997a29f08833996007cf7b10d,light,1,malignant
0,0.5359793305397034,1,fitzpatrick17k,fitz_26bc3a48abf2b2bed3334174c1bfe390,dark,6,benign
0,0.7249517440795898,1,fitzpatrick17k,fitz_6c96911420383d81a0bbbaf15eb55b03,light,2,benign
1,0.7644317746162415,1,fitzpatrick17k,fitz_ffe6dea0a2fca93de83bb3172639eea0,medium,4,malignant
0,0.38734742999076843,1,fitzpatrick17k,fitz_bf0ac1fa54c864abb0672fd6bab8722c,medium,4,benign
1,0.7939608693122864,1,fitzpatrick17k,fitz_c995745018525c980abe6c9ec79fb42a,light,2,malignant
1,0.8115746974945068,1,fitzpatrick17k,fitz_5b1b2120388f0014b62fc0eab94d3b05,light,2,malignant
1,0.31001603603363037,1,fitzpatrick17k,fitz_fe43366689261c8ccaff1e1ca87ddc05,medium,3,malignant
1,0.8067127466201782,1,fitzpatrick17k,fitz_534efa4991400aa326f3ddadbe961225,light,1,malignant
0,0.8322733640670776,1,fitzpatrick17k,fitz_e6919d4f7cf524992736b9a0cb7b2589,medium,4,benign
0,0.6572866439819336,1,fitzpatrick17k,fitz_6acff072751ef8db15a4a16b92d810af,light,2,benign
1,0.5393159985542297,1,fitzpatrick17k,fitz_8cb31aa81fca4e58aad1a07e8e9a06ce,light,2,malignant
0,0.668321967124939,1,fitzpatrick17k,fitz_c480d04a59d640c9bcb1379236cc4c0f,light,1,benign
0,0.4815688729286194,1,fitzpatrick17k,fitz_992b8fd6619e05bb8b1b492c880793ca,light,1,benign
0,0.16611863672733307,1,fitzpatrick17k,fitz_f7e5563617222a2c2e7c8451b0e2c342,light,1,benign
0,0.7801029086112976,1,fitzpatrick17k,fitz_cf29e2bb13454f7bfcc293b109eaa8af,light,1,benign
0,0.7353750467300415,1,fitzpatrick17k,fitz_22d133bafd416ca5867a862bd62314ce,dark,5,benign
1,0.8571569919586182,1,fitzpatrick17k,fitz_2082b550a0bc0991b03d5f89ad30ac02,light,2,malignant
0,0.4175623953342438,1,fitzpatrick17k,fitz_18e84c13afe6ace5617f450337a0ca6f,medium,3,benign
1,0.8015910387039185,1,fitzpatrick17k,fitz_6fba1ba992dd21cd3eaaf1ecacaf291d,light,2,malignant
0,0.7874095439910889,1,fitzpatrick17k,fitz_4e49ff569923f54e072b4617e0adc4a8,light,2,benign
0,0.8447834253311157,1,fitzpatrick17k,fitz_71cd9fda6742e7d9ace30aa8fa3a0f7a,light,2,benign
0,0.23626679182052612,1,fitzpatrick17k,fitz_a2c3f081bffa82baea1b7e6f75ab9525,medium,4,benign
0,0.7528476715087891,1,fitzpatrick17k,fitz_691e993248f5ba98fc7be6bede8dc9ac,dark,6,benign
0,0.9172371625900269,1,fitzpatrick17k,fitz_6cc1fda21f970f561248aefa16c19054,light,2,benign
0,0.33191919326782227,1,fitzpatrick17k,fitz_63324b9995e84a5e20c3d46dec5b7a8b,light,1,benign
0,0.5319043397903442,1,fitzpatrick17k,fitz_1dd2cf4a2adee4232cbd3ebd285207c1,medium,4,benign
0,0.6289710998535156,1,fitzpatrick17k,fitz_32a5ecac69adc9fefc35ed907f5c03de,medium,4,benign
1,0.8155169486999512,1,fitzpatrick17k,fitz_4acf72bae41e9006b388309adb1b24ac,light,2,malignant
1,0.7976176738739014,1,fitzpatrick17k,fitz_402f0c0b3da52105897eadd247cb100e,light,1,malignant
0,0.8846189379692078,1,fitzpatrick17k,fitz_f63c03528b28521611282af085060357,dark,5,benign
0,0.7704349160194397,1,fitzpatrick17k,fitz_c0a5c449ab3d9164f7558370210dadfb,light,1,benign
1,0.7903904914855957,1,fitzpatrick17k,fitz_20ae00ff7ebdbc67170b2dc89b68320c,light,2,malignant
0,0.7831836342811584,1,fitzpatrick17k,fitz_81e193601fe87aaaec1668099ba682fb,light,1,benign
0,0.06250033527612686,0,fitzpatrick17k,fitz_512a383df35a52c0922976815409b5b6,light,1,benign
1,0.8188311457633972,1,fitzpatrick17k,fitz_d0b0400c882ead562db99693b7548504,medium,3,malignant
1,0.7609612941741943,1,fitzpatrick17k,fitz_8756c0cf6831bd5dadb7a2a50dcf4077,light,2,malignant
0,0.8300928473472595,1,fitzpatrick17k,fitz_9c68be8dbad590f9ec5a16ed4e397c73,light,2,benign
0,0.8039157390594482,1,fitzpatrick17k,fitz_3954d049ce44ed421557ccb89fd97f05,dark,5,benign
0,0.7837343811988831,1,fitzpatrick17k,fitz_40b19a32bbb16d53c40fa6a93b8dc365,medium,3,benign
0,0.8771728873252869,1,fitzpatrick17k,fitz_dec811bc9afafa9d870960fc31a1d11d,light,1,benign
0,0.858342170715332,1,fitzpatrick17k,fitz_deb34f3851453cae8bcfee01d736507d,light,1,benign
0,0.08034501224756241,0,fitzpatrick17k,fitz_b9e384f23afb5f3b9312668aebfc342f,light,1,benign
1,0.826316237449646,1,fitzpatrick17k,fitz_57f13ecd96dc2ccf73b4ccb9981a91c7,light,2,malignant
0,0.6280801892280579,1,fitzpatrick17k,fitz_a6629479087e41f75d104e0a0fe4e129,light,2,benign
1,0.7382360100746155,1,fitzpatrick17k,fitz_226e024f7a2e67c70cd8e51fdd4edf33,light,1,malignant
0,0.7736507058143616,1,fitzpatrick17k,fitz_017731f46a60567c77932a12200ebfe4,medium,3,benign
1,0.6894218325614929,1,fitzpatrick17k,fitz_e2881d63260ae0e2dc9d4269a9e349af,light,2,malignant
0,0.7088437080383301,1,fitzpatrick17k,fitz_47c4f6c14eb53f09cd583b4b51356415,light,1,benign
1,0.7502479553222656,1,fitzpatrick17k,fitz_766c1d5852612dda5de7a1ba853e9489,dark,5,malignant
0,0.6152413487434387,1,fitzpatrick17k,fitz_1f0c390a0fdc638536ab51f14d6a359c,light,2,benign
1,0.7655008435249329,1,fitzpatrick17k,fitz_835a931b5ddf66e9b58b47421a8c4dad,medium,4,malignant
0,0.7531458139419556,1,fitzpatrick17k,fitz_968e1a5756f64d872387e90182a2babf,medium,4,benign
1,0.7689560055732727,1,fitzpatrick17k,fitz_cb7085277de61ca9601240e2c242f902,light,2,malignant
0,0.7506906390190125,1,fitzpatrick17k,fitz_cbbe4cd020233738da525e18a670e6c4,dark,5,benign
0,0.8404967188835144,1,fitzpatrick17k,fitz_4d11c36b249cfebffe516998f9c6db31,light,2,benign
0,0.7395384311676025,1,fitzpatrick17k,fitz_c266c328e3f707dca7cad2ae8d3f943c,medium,3,benign
0,0.8870473504066467,1,fitzpatrick17k,fitz_7cadfa5af0ac596f76ab9fb727a8342a,medium,3,benign
0,0.7234308123588562,1,fitzpatrick17k,fitz_1a3485252a20ba5b11e3958881f21b4e,light,2,benign
1,0.740852952003479,1,fitzpatrick17k,fitz_507263a5f78fa973dc27c6cee096a1bc,medium,3,malignant
0,0.7431450486183167,1,fitzpatrick17k,fitz_c1a0622f697e17d1b26104154e356392,medium,3,benign
1,0.8163709044456482,1,fitzpatrick17k,fitz_4f8b6125a70eca2c31388cf3a8c4f203,medium,3,malignant
1,0.7255581021308899,1,fitzpatrick17k,fitz_9d2baec802586776659837f2ec7c8116,light,1,malignant
0,0.03273451328277588,0,fitzpatrick17k,fitz_48587a48c8d3a3e1d8e47d9e1bf299c3,light,2,benign
1,0.822562575340271,1,fitzpatrick17k,fitz_11ff0a5d68ae06faa047fe33425b6953,dark,6,malignant
0,0.2207360714673996,1,fitzpatrick17k,fitz_8adbab80b2c0fd475a0cdd1c719eca09,light,2,benign
1,0.8501678705215454,1,fitzpatrick17k,fitz_658e06cda94514a21bb7610f49f525cb,light,2,malignant
1,0.5210915803909302,1,fitzpatrick17k,fitz_6bf57a76e354ce35747a5e1821ff40dc,medium,4,malignant
1,0.751044511795044,1,fitzpatrick17k,fitz_af64b98b5de693db79b9ff3c008fbd33,light,1,malignant
1,0.830461323261261,1,fitzpatrick17k,fitz_150bf177206b9ff86140d5348df29865,light,2,malignant
0,0.16410203278064728,1,fitzpatrick17k,fitz_2b4b333c4f4855287bbe54275eac65be,medium,3,benign
0,0.6447333693504333,1,fitzpatrick17k,fitz_d235616b62083b9380e5336616ac6979,light,1,benign
1,0.7244595289230347,1,fitzpatrick17k,fitz_57e6b7c7279cc0006c1579a7914b6400,light,2,malignant
0,0.6373032331466675,1,fitzpatrick17k,fitz_6e8e9409b9996913fdaffe8676b0275a,dark,6,benign
1,0.8352601528167725,1,fitzpatrick17k,fitz_c49be844e844170282008d3f5001b389,medium,4,malignant
0,0.8073559999465942,1,fitzpatrick17k,fitz_45c2f95cb90f2634e7e699c3e558a208,light,2,benign
0,0.7342510223388672,1,fitzpatrick17k,fitz_deb6420ba366911b072f981dfd96c358,light,1,benign
0,0.8641685843467712,1,fitzpatrick17k,fitz_cbce0a9f9ef16752dc6ac47637b0748f,light,2,benign
0,0.7034642100334167,1,fitzpatrick17k,fitz_37da794ff30e33b060b401faa6d71abd,light,2,benign
1,0.08100508898496628,0,fitzpatrick17k,fitz_144b47a186b5bccf1225c6cb43a6e903,medium,3,malignant
0,0.7558621764183044,1,fitzpatrick17k,fitz_2fdf3a80febe2b3798042234bfc2dec5,medium,4,benign
1,0.8161704540252686,1,fitzpatrick17k,fitz_78c42deb84b93e5f0e633d88a3f37333,medium,3,malignant
1,0.8991519212722778,1,fitzpatrick17k,fitz_be96f6317def92f5e2464c84ebda5b50,light,2,malignant
1,0.7651240825653076,1,fitzpatrick17k,fitz_dd1d61f452b3cef90fff6d200ad675a5,light,2,malignant
1,0.8751569986343384,1,fitzpatrick17k,fitz_567224dca06e7f3fa5ec45ee4745a4e1,medium,3,malignant
0,0.8357810974121094,1,fitzpatrick17k,fitz_3f074f63188f1b880a62c9b6bf81aea7,light,1,benign
0,0.268067330121994,1,fitzpatrick17k,fitz_b9003d4355ccd18cfc28e1136f391468,light,1,benign
1,0.14153073728084564,1,fitzpatrick17k,fitz_ef4f1ca88203040e47389f10e59a3228,light,1,malignant
0,0.7657904028892517,1,fitzpatrick17k,fitz_f96e302b371899614ea395fb14e26615,medium,4,benign
0,0.7470160722732544,1,fitzpatrick17k,fitz_29addfb46a8afdc90a5d864dd2af895e,dark,6,benign
1,0.905170738697052,1,fitzpatrick17k,fitz_6cdf26807d52792218193f5bce1a8567,light,1,malignant
1,0.8521257638931274,1,fitzpatrick17k,fitz_a60800f82f6a2588e2cf624ad64f2db1,medium,3,malignant
0,0.7792783975601196,1,fitzpatrick17k,fitz_dea8f4fc4ec290d3bc9b5b0977bdf880,medium,4,benign
1,0.7995240688323975,1,fitzpatrick17k,fitz_6d6143ed759a187ffe9907e2ef15dfb2,light,2,malignant
1,0.7101588249206543,1,fitzpatrick17k,fitz_78710cb06fd6e3d4147fc1c7ebb2f4a3,light,2,malignant
1,0.7933930158615112,1,fitzpatrick17k,fitz_8211416ba87e05e21bb976d6852b38a7,light,2,malignant
0,0.8215672969818115,1,fitzpatrick17k,fitz_9ed56bccd586abaa9c3854c98eeb2c62,medium,3,benign
0,0.6001867055892944,1,fitzpatrick17k,fitz_2742e7737c5151ba99b4b45a4a673cb8,medium,4,benign
1,0.8036099672317505,1,fitzpatrick17k,fitz_93865a1a5a50cb8ad39e08342132e125,light,2,malignant
1,0.7619795799255371,1,fitzpatrick17k,fitz_f34329eba4bb2a5eb9bdc7d2b9ae6fcb,light,1,malignant
0,0.7429547905921936,1,fitzpatrick17k,fitz_6aea696924bef3022f48e61353a4de8a,medium,4,benign
0,0.33655020594596863,1,fitzpatrick17k,fitz_db019be21b0b9773a97b4e996f9d14c9,medium,3,benign
1,0.7682448625564575,1,fitzpatrick17k,fitz_97daccbe6d587b298b2949cf1b0a3f21,light,1,malignant
0,0.40926802158355713,1,fitzpatrick17k,fitz_a87c6f398c7c3a24e8fa26a9fabceab3,medium,3,benign
0,0.6017189025878906,1,fitzpatrick17k,fitz_1dd06f10a962779a01ccae641e1c7e42,medium,3,benign
1,0.7702816724777222,1,fitzpatrick17k,fitz_67964427e3d2fb4acf861c52e014ed60,medium,3,malignant
0,0.7260619401931763,1,fitzpatrick17k,fitz_1e8e1f523ca089efdeffd0244eec6c85,light,2,benign
0,0.6097409725189209,1,fitzpatrick17k,fitz_000491af8dd4d739de520e8a68be7134,light,2,benign
0,0.8499560356140137,1,fitzpatrick17k,fitz_dcac9e6edc14ebee868dc5594984b9b9,light,1,benign
0,0.806837797164917,1,fitzpatrick17k,fitz_7afa54de24636d123243c6cbd6182f03,light,2,benign
0,0.8146722316741943,1,fitzpatrick17k,fitz_13aa381871e7b7acd8bd340db1e99e45,light,2,benign
1,0.7426272034645081,1,fitzpatrick17k,fitz_8fd4442a2491ef4fe8d17e59a9e15510,light,2,malignant
0,0.3932458162307739,1,fitzpatrick17k,fitz_7416ac98f1df80ca504dad0aa39a0476,light,2,benign
0,0.7939789295196533,1,fitzpatrick17k,fitz_374d3ae5b810686437778c5df9133448,dark,6,benign
0,0.7857986688613892,1,fitzpatrick17k,fitz_63b6094e083862d617afe313c4aa9f1f,light,1,benign
0,0.750963032245636,1,fitzpatrick17k,fitz_02fd9e1b56e0c3adae18233f430f2fea,dark,5,benign
1,0.7478419542312622,1,fitzpatrick17k,fitz_28afda98cfe6e58e76e1e011b7424f7c,light,1,malignant
0,0.7839608788490295,1,fitzpatrick17k,fitz_20f4aab1a014bc3c9b59bf0a36606800,light,1,benign
0,0.785624086856842,1,fitzpatrick17k,fitz_f2525ecb0c3d7fe29904578c14f19faa,light,2,benign
1,0.7065072059631348,1,fitzpatrick17k,fitz_5064dcda8586eb8f2548b1bfce9de3c2,dark,5,malignant
0,0.7243373990058899,1,fitzpatrick17k,fitz_01bdae4afd554469a8803cca0722a539,light,2,benign
1,0.6886872053146362,1,fitzpatrick17k,fitz_a8520cd85f68ff2903eb41873717e092,light,2,malignant
1,0.7825015783309937,1,fitzpatrick17k,fitz_81614ef48a63119af1349a28cc86a2af,light,2,malignant
1,0.6716895699501038,1,fitzpatrick17k,fitz_52b87171653545584807c202b61fcbdd,medium,4,malignant
0,0.1989300549030304,1,fitzpatrick17k,fitz_1f16657e4ee6215c8d59e9c4553011ec,medium,3,benign
1,0.8390687108039856,1,fitzpatrick17k,fitz_e6dfb932c732b2bfb9e81a0922b54531,light,2,malignant
1,0.8004591464996338,1,fitzpatrick17k,fitz_c3311f93b2393069480a7d54b42b75c0,light,2,malignant
0,0.8144553303718567,1,fitzpatrick17k,fitz_28b50c74740af1b28882069776a49205,light,2,benign
1,0.8516175150871277,1,fitzpatrick17k,fitz_31cb26b7b57b0b6cd4e587861f803d33,medium,4,malignant
1,0.7625113725662231,1,fitzpatrick17k,fitz_0f9899775f4ce2efa31ae2704361db38,light,2,malignant
1,0.6918290853500366,1,fitzpatrick17k,fitz_f5d4119aa4334fce797396a081e0686d,light,2,malignant
0,0.6484791040420532,1,fitzpatrick17k,fitz_7eed6c3d51ce94323ff397f86d9b5c70,light,2,benign
1,0.8857043981552124,1,fitzpatrick17k,fitz_6472c26e82d307a0929503604f91bcac,light,2,malignant
0,0.8390234112739563,1,fitzpatrick17k,fitz_369c2cd28465c877364ccbc5cadd1a6c,light,2,benign
0,0.26037701964378357,1,fitzpatrick17k,fitz_0a8d57f06114ff087d106c7137520927,light,2,benign
1,0.7929608821868896,1,fitzpatrick17k,fitz_bb4c4f16b2085489d499cc9e23ccf52e,medium,4,malignant
0,0.549548327922821,1,fitzpatrick17k,fitz_9a049a3ca3f96ae3356d30d1486f7bef,dark,5,benign
0,0.8896118402481079,1,fitzpatrick17k,fitz_ea0bea34747c5755bdbb337d40abf3d2,light,2,benign
0,0.6848430037498474,1,fitzpatrick17k,fitz_e29dbcf1fed04e83e9bead565d00ed82,medium,3,benign
0,0.28129345178604126,1,fitzpatrick17k,fitz_03240a4e7050542683306c0f4e30f73f,medium,4,benign
0,0.7441607713699341,1,fitzpatrick17k,fitz_c95cc8c46c6788ad25c6e6b08e25a24d,medium,3,benign
0,0.11231466382741928,0,fitzpatrick17k,fitz_070456f5185739adcf48e829cc6d562d,light,2,benign
1,0.839857816696167,1,fitzpatrick17k,fitz_07a0948ac4037dc426b60e96a750da32,medium,3,malignant
0,0.6066529750823975,1,fitzpatrick17k,fitz_adda27c176dd5d7830ec4f4466e9617d,light,1,benign
0,0.4609537720680237,1,fitzpatrick17k,fitz_3f226185baafb9808f99b79de8b7dd2a,light,1,benign
0,0.15700480341911316,1,fitzpatrick17k,fitz_05ce4f72f511f936743822e539ea8314,light,2,benign
0,0.8806972503662109,1,fitzpatrick17k,fitz_93d224f80491072157acdd9fa1dfc217,medium,4,benign
1,0.8798651695251465,1,fitzpatrick17k,fitz_2537f560e93ab84301b020f3433c088f,light,1,malignant
0,0.805708110332489,1,fitzpatrick17k,fitz_a97a4a9fbb51d6c960a8c2ece97e05a7,light,1,benign
0,0.34525448083877563,1,fitzpatrick17k,fitz_665b5d84c9558f03dd2c7764a9f1c93e,light,2,benign
1,0.754291296005249,1,fitzpatrick17k,fitz_e72441b255003bc02d629502ab1a15b6,light,2,malignant
0,0.8964122533798218,1,fitzpatrick17k,fitz_2b4f1645df8d57f569cd59242eab6bff,light,2,benign
1,0.844931960105896,1,fitzpatrick17k,fitz_9a7cea383c596b7969f945a20ca2f4d1,dark,5,malignant
0,0.7423339486122131,1,fitzpatrick17k,fitz_7c240ef9f5e1bf6b0ed299d7128c7fe0,medium,4,benign
0,0.8007157444953918,1,fitzpatrick17k,fitz_a655a59abef2fdb8d3f7b7ee5fa042a2,light,1,benign
1,0.9194076061248779,1,fitzpatrick17k,fitz_6d2fcc07e77392888a0b7b063bf56bbb,medium,4,malignant
0,0.7755058407783508,1,fitzpatrick17k,fitz_7c937cc7de6443f4ebbc149e0c75cf0c,medium,3,benign
0,0.7818825244903564,1,fitzpatrick17k,fitz_50cd18aba2ee68865f8ec0c033ac276f,light,1,benign
0,0.7432100772857666,1,fitzpatrick17k,fitz_8d06774261b4beba2b6e91ebd76e8981,light,2,benign
0,0.7356932759284973,1,fitzpatrick17k,fitz_7d2a7e3bc37f5854116fd0a1f9914932,light,2,benign
1,0.7605763077735901,1,fitzpatrick17k,fitz_b5a8be0c4808c2b192bed85fe0d5706e,medium,3,malignant
0,0.19561560451984406,1,fitzpatrick17k,fitz_6c5a2eadcae07743eb77945fadf0e7bd,medium,4,benign
0,0.6667991876602173,1,fitzpatrick17k,fitz_48915dd80fdc13f46015f6c62917a8dd,light,1,benign
1,0.8592135906219482,1,fitzpatrick17k,fitz_55f29d5e1fc765bc2f169bcce8578469,light,1,malignant
0,0.7533845901489258,1,fitzpatrick17k,fitz_3c2dd586fccdd274cfc512c8ec868123,light,2,benign
0,0.7603198885917664,1,fitzpatrick17k,fitz_eb24443c9a18e1f53b7de1e1feef9ec0,light,1,benign
0,0.8261852860450745,1,fitzpatrick17k,fitz_981a221101743fc1d21c84a02156b020,light,1,benign
0,0.3427082896232605,1,fitzpatrick17k,fitz_9d91e65ae2a4ed5e757c765a509b420d,light,1,benign
0,0.7215082049369812,1,fitzpatrick17k,fitz_47fa534561570e0404fe643803b513ee,dark,5,benign
1,0.7831616401672363,1,fitzpatrick17k,fitz_88f832ca8663565a1cc99507213b194d,light,2,malignant
1,0.7970308065414429,1,fitzpatrick17k,fitz_82d7c8ecba1bb065d7d0c0d807f8785e,light,2,malignant
1,0.6383840441703796,1,fitzpatrick17k,fitz_95189ee05b838eae30e5e28a3e2b28cc,medium,4,malignant
0,0.39646875858306885,1,fitzpatrick17k,fitz_a97031f102e5d927c019fd0568fa1acf,medium,4,benign
0,0.7600176930427551,1,fitzpatrick17k,fitz_45ac75a23af3859cbffa500b64e97631,light,1,benign
1,0.8636856079101562,1,fitzpatrick17k,fitz_e815861f140e305baf441814e6dbda48,dark,6,malignant
1,0.7272744178771973,1,fitzpatrick17k,fitz_883c52efe2de545e2907b2fd2d6653bb,medium,3,malignant
1,0.4237181842327118,1,fitzpatrick17k,fitz_d3115c9e887bb0db7ebab505c74e44d0,light,1,malignant
1,0.8580241799354553,1,fitzpatrick17k,fitz_ba7238a41b59c7c34af5702047039833,light,2,malignant
0,0.6466454267501831,1,fitzpatrick17k,fitz_d91f1961238599efad26aa8142fb196d,medium,3,benign
1,0.6736382246017456,1,fitzpatrick17k,fitz_d0eea0ab5d1d2a33efea4e0257a03825,medium,4,malignant
0,0.7805836200714111,1,fitzpatrick17k,fitz_3693864fcaad69d5bd59f2c020ec125d,light,1,benign
0,0.7950884103775024,1,fitzpatrick17k,fitz_1075ebb39a95d6ac67ac900177f70357,light,1,benign
1,0.7768315672874451,1,fitzpatrick17k,fitz_7fd141e0b81e5573612d46472ec9fe52,light,2,malignant
0,0.7812351584434509,1,fitzpatrick17k,fitz_e857b88b3c330541c58dd22c418d01e3,light,2,benign
0,0.8405722975730896,1,fitzpatrick17k,fitz_d309e64d03dfb72ac6ec87d7c6c820e5,light,1,benign
0,0.8527726531028748,1,fitzpatrick17k,fitz_be8b6845068f1070f3052fb2e54cc48a,dark,5,benign
1,0.5314770936965942,1,fitzpatrick17k,fitz_024a737cf57eda5493e8cb30551b4e97,light,2,malignant
0,0.8101356625556946,1,fitzpatrick17k,fitz_21e5abcfc50bf608f15a0653418adc35,light,2,benign
0,0.8252200484275818,1,fitzpatrick17k,fitz_558c79ac06c4784ae50dc16f65ce131d,light,2,benign
0,0.24185419082641602,1,fitzpatrick17k,fitz_3b1ee7a7fee0c7a7fa2a8df126482542,light,2,benign
0,0.7412926554679871,1,fitzpatrick17k,fitz_ca1b4cfe143a7c562868c4055752595e,light,1,benign
1,0.9206598401069641,1,fitzpatrick17k,fitz_794ba49ce953ec987bee17a700f84f00,light,2,malignant
0,0.7510561943054199,1,fitzpatrick17k,fitz_d9ec09dd078d81bd9f7895e190b82f5e,light,1,benign
0,0.6793733239173889,1,fitzpatrick17k,fitz_3aff0fbb6bbf8f4367ece2f6d5980f3d,light,2,benign
1,0.7797794342041016,1,fitzpatrick17k,fitz_70b99a1005a08821fd9b9c48d7e8e698,dark,5,malignant
0,0.7660658955574036,1,fitzpatrick17k,fitz_edf5be93c4dbb5b36b91c5dcaaf51fb5,light,1,benign
0,0.41793787479400635,1,fitzpatrick17k,fitz_f387cd4c71421fdceddeec985b93b376,light,2,benign
0,0.7833022475242615,1,fitzpatrick17k,fitz_d9e73408a74710b6a86230084ffb2c88,light,1,benign
1,0.8066196441650391,1,fitzpatrick17k,fitz_ac09be61655dbfbe6f1cb239b4379522,light,1,malignant
0,0.7982109785079956,1,fitzpatrick17k,fitz_8599c9a4bf7feba4c8e1304c14177097,medium,3,benign
1,0.7619054317474365,1,fitzpatrick17k,fitz_3eed6692c19f3cbf19bf5a52192fdeb7,light,2,malignant
1,0.6804357171058655,1,fitzpatrick17k,fitz_0ae2c4aa7b6a3a133879f405331e9ebd,medium,4,malignant
0,0.8532038331031799,1,fitzpatrick17k,fitz_d6bf6b90ebc94bae2cc529263b6a14ad,light,1,benign
1,0.7670313119888306,1,fitzpatrick17k,fitz_45e35db618b244432264b132c2dc6c59,light,2,malignant
0,0.8023752570152283,1,fitzpatrick17k,fitz_98af0d36e19e7241678909a61d1d2fd7,medium,3,benign
0,0.5274018049240112,1,fitzpatrick17k,fitz_a3a2c2558d4c564276393b4096536c95,medium,3,benign
1,0.7516842484474182,1,fitzpatrick17k,fitz_05285a4b2c635374814704052379a29f,medium,3,malignant
1,0.8471377491950989,1,fitzpatrick17k,fitz_d1e31a0be5400f04814d975c6e6a30b5,light,2,malignant
0,0.7479277849197388,1,fitzpatrick17k,fitz_e4e34b900d74574638f5b57b533e9333,light,2,benign
1,0.8050429821014404,1,fitzpatrick17k,fitz_96861ac5c134a53d218efc9d7fbabe4d,light,2,malignant
0,0.5317334532737732,1,fitzpatrick17k,fitz_1a63bffa80b78fa0cbfd0ae6120acc96,light,1,benign
0,0.7832409739494324,1,fitzpatrick17k,fitz_689433a232b85e487ba0bf089792e374,medium,3,benign
1,0.8905709385871887,1,fitzpatrick17k,fitz_7738a1fedc6181dd976623470feaffd4,light,1,malignant
1,0.5516692996025085,1,fitzpatrick17k,fitz_02471aab246d51496fb38fd8650e77f7,medium,4,malignant
0,0.21727357804775238,1,fitzpatrick17k,fitz_8ed3676bd07bd07da5bc8d653274e6d4,light,1,benign
0,0.8648987412452698,1,fitzpatrick17k,fitz_44805004d06cf19ce138a38055bd938e,light,2,benign
1,0.7562317848205566,1,fitzpatrick17k,fitz_032a4ac5c1a3a8a90f6e7aede2d1ab64,light,2,malignant
0,0.7521925568580627,1,fitzpatrick17k,fitz_bfc941f033368a818af29b3afebcb47b,medium,3,benign
0,0.7651963233947754,1,fitzpatrick17k,fitz_c8a80bba7fc2167ae764b4005891637b,medium,4,benign
0,0.7086583971977234,1,fitzpatrick17k,fitz_01011bb38480c92b637d4adc216122bd,medium,3,benign
1,0.816101610660553,1,fitzpatrick17k,fitz_e0bea7f6fa7ff29c53055a7f5c8857d1,light,2,malignant
1,0.549751341342926,1,fitzpatrick17k,fitz_af3c985f980b54b34337d08ee8b50d0d,medium,3,malignant
1,0.7756216526031494,1,fitzpatrick17k,fitz_e59bdb74a1a51eb25815b67ba3369f63,light,1,malignant
0,0.8665281534194946,1,fitzpatrick17k,fitz_65bca080f82253ea14b5639e230720f3,light,2,benign
0,0.8904697299003601,1,fitzpatrick17k,fitz_d72dd26e7819c76d4b981611cc9649c6,light,1,benign
1,0.7647056579589844,1,fitzpatrick17k,fitz_818305b5990c64134e480814b182d382,light,2,malignant
0,0.7478957772254944,1,fitzpatrick17k,fitz_a11c754f8e19c7a770d73878f86766b8,dark,5,benign
0,0.7971052527427673,1,fitzpatrick17k,fitz_879a89df97337da67a64ef5771537607,light,2,benign
0,0.6198066473007202,1,fitzpatrick17k,fitz_7242e9e489adf1b3891f562d7f01f82d,light,2,benign
0,0.7064316868782043,1,fitzpatrick17k,fitz_fca78d7bba60ea61c2d603988dfba0a8,medium,4,benign
1,0.7002705931663513,1,fitzpatrick17k,fitz_0ea04f0f86df742d1ab4850a61c888ba,medium,4,malignant
0,0.7301989197731018,1,fitzpatrick17k,fitz_cf595f8ad716daa2447b331588096236,light,2,benign
1,0.7734643816947937,1,fitzpatrick17k,fitz_2d49aa5627d63fd067eb6f705065dbe3,light,2,malignant
1,0.8533722162246704,1,fitzpatrick17k,fitz_435c6dd57e00851f452bbcb24b43f7dc,medium,4,malignant
1,0.7100712060928345,1,fitzpatrick17k,fitz_2c41b068641c862f5f26911422ffd78f,light,2,malignant
1,0.8427794575691223,1,fitzpatrick17k,fitz_6f168f004adff847d2b05768245ca582,light,2,malignant
1,0.8784042596817017,1,fitzpatrick17k,fitz_0ac16a51ecec3c5fc464706a72c81db2,light,1,malignant
1,0.825139045715332,1,fitzpatrick17k,fitz_a1026872297e8c4f18b11cba25cc10c1,light,2,malignant
1,0.802621603012085,1,fitzpatrick17k,fitz_879ce3af2a8769225d4120980e850814,medium,4,malignant
0,0.841882586479187,1,fitzpatrick17k,fitz_47ed54c4b4875313cbd6734c3e23e5e9,light,2,benign
1,0.7788731455802917,1,fitzpatrick17k,fitz_d3b9939064c421ace0141334ea2e4d89,medium,4,malignant
0,0.8704860210418701,1,fitzpatrick17k,fitz_63b530d653923c1fa20cf2966cd689df,light,2,benign
0,0.8420428037643433,1,fitzpatrick17k,fitz_e18dc15aabfabf8052407d797a9957dc,light,1,benign
1,0.821492612361908,1,fitzpatrick17k,fitz_71f2c726e38b6856536cc3bd62984b45,medium,4,malignant
0,0.6957920789718628,1,fitzpatrick17k,fitz_a97e96cf25c7b53568da1f4f98d16a07,medium,3,benign
0,0.7270125150680542,1,fitzpatrick17k,fitz_1e00469bdb63c78ec2ed2e686ce354cc,medium,3,benign
1,0.6725640892982483,1,fitzpatrick17k,fitz_3028c091dea3db00b7d5f01dce96268d,light,2,malignant
0,0.7885109186172485,1,fitzpatrick17k,fitz_cca5d4acebaa0dc8d0e9ad625084129f,light,2,benign
1,0.8338589072227478,1,fitzpatrick17k,fitz_b0cd8c1027cc87f02dadb783c347dabc,light,2,malignant
0,0.7817521095275879,1,fitzpatrick17k,fitz_674072f9b0ee7f475c04f1584861248d,medium,4,benign
1,0.7253535389900208,1,fitzpatrick17k,fitz_99ad0d41c91f4282f663613a92cd3bda,light,1,malignant
1,0.8640504479408264,1,fitzpatrick17k,fitz_ef5f848dedbd999c6b3f14e61a7f0a33,medium,3,malignant
1,0.6567337512969971,1,fitzpatrick17k,fitz_e252f2b2db0d6fde23d1bb4d02f4d899,dark,6,malignant
0,0.7450968027114868,1,fitzpatrick17k,fitz_38b19f575d5e46c94b5549e19fd48c9e,medium,4,benign
0,0.3588991165161133,1,fitzpatrick17k,fitz_0105674507be7e9c25586ed557604577,medium,3,benign
0,0.3563408851623535,1,fitzpatrick17k,fitz_b506b138e7eb2bd034f44b8fa3879ec1,medium,3,benign
1,0.7470380067825317,1,fitzpatrick17k,fitz_7df5463a7786a626532df1e434fcd90f,light,1,malignant
1,0.7825542688369751,1,fitzpatrick17k,fitz_a58fdf7caed5065862cc7a1045ac35dd,light,1,malignant
0,0.8596333861351013,1,fitzpatrick17k,fitz_1f86593be7ade70623c093be3b87919b,light,2,benign
0,0.33934488892555237,1,fitzpatrick17k,fitz_e0212a4120b4c576d7cfd63d4829b2cb,light,2,benign
0,0.8180003762245178,1,fitzpatrick17k,fitz_0869487b3f53ea6e3fe7c63017d0e94d,light,2,benign
0,0.7120766639709473,1,fitzpatrick17k,fitz_5d593c0b80c11c11b49d48af12490a10,light,2,benign
0,0.8631590008735657,1,fitzpatrick17k,fitz_53db27b77dbd8f55b5f3cdcf3bfc19d3,light,2,benign
0,0.6177362203598022,1,fitzpatrick17k,fitz_bec65ff821a63dae71ce4e590b533ce7,medium,4,benign
0,0.633997917175293,1,fitzpatrick17k,fitz_e750fc17a597bf4ecac3321dba9958af,medium,4,benign
0,0.883263885974884,1,fitzpatrick17k,fitz_20020bfc288acba2db3230d2ed0cd7a2,medium,3,benign
0,0.7950493097305298,1,fitzpatrick17k,fitz_bfaf0814d12153586e5729f030bebac1,light,2,benign
0,0.39026930928230286,1,fitzpatrick17k,fitz_21115b22dca3c96c2328ce54fdf67649,medium,3,benign
0,0.7950429320335388,1,fitzpatrick17k,fitz_cb396b86f697003f998dd1dee8330e1e,light,2,benign
0,0.8589712977409363,1,fitzpatrick17k,fitz_9825636bbcd1662b43fda915077b2db0,light,2,benign
1,0.7944889068603516,1,fitzpatrick17k,fitz_ac3d360b3bf2d9b5b31dd8d60851c9f7,medium,4,malignant
0,0.23460067808628082,1,fitzpatrick17k,fitz_2452334ab72ff3c4f992619d45780ea4,light,2,benign
1,0.691283643245697,1,fitzpatrick17k,fitz_7ae29c77630925f8a534d815f1559251,light,2,malignant
0,0.7442364692687988,1,fitzpatrick17k,fitz_931d34dec55210d6241da6b512f0110e,medium,4,benign
0,0.6829730868339539,1,fitzpatrick17k,fitz_7fa9516f572bf13cb7536fdcd6218c3e,medium,3,benign
1,0.8177065849304199,1,fitzpatrick17k,fitz_4fab663ca875d7ce04524182c53aa4cc,medium,3,malignant
1,0.22028322517871857,1,fitzpatrick17k,fitz_102765ff09884862ea2f911b29a9b14d,medium,3,malignant
1,0.7451888918876648,1,fitzpatrick17k,fitz_c3cd9180e228bbfdef3576ccbbf8ae9e,light,2,malignant
0,0.8248779773712158,1,fitzpatrick17k,fitz_dfa220a1804134e4e98fc54e088965e7,light,2,benign
0,0.8285545706748962,1,fitzpatrick17k,fitz_4f52c876e71625447ddc459a282de4bb,medium,4,benign
1,0.870537281036377,1,fitzpatrick17k,fitz_71fc983e4c738a72a56725933d60edea,light,1,malignant
0,0.7586528062820435,1,fitzpatrick17k,fitz_fb820bfd85f420168b90a3d5431c3fa5,light,1,benign
0,0.09391419589519501,0,fitzpatrick17k,fitz_049a8b6765db34d6a05257c1fa2a275f,light,2,benign
1,0.8306843638420105,1,fitzpatrick17k,fitz_680723c15e799510719e37a957beff3e,light,2,malignant
0,0.7945743203163147,1,fitzpatrick17k,fitz_e81aef708edd09ef8c7801f7316931af,medium,4,benign
1,0.7454767227172852,1,fitzpatrick17k,fitz_fa60f299be44300e85109f587aebfbb3,medium,3,malignant
0,0.8443015813827515,1,fitzpatrick17k,fitz_576d835921aceb16eea483aa84fc138a,medium,3,benign
0,0.8743534088134766,1,fitzpatrick17k,fitz_a7a5cd82ebb1724ae67c7b592419387c,light,2,benign
1,0.7466744780540466,1,fitzpatrick17k,fitz_2449ba4a799597725e0751b4bcec9566,light,1,malignant
0,0.7667065262794495,1,fitzpatrick17k,fitz_9843eb48ecc99f8ee336d6eb921ff213,medium,3,benign
1,0.25021663308143616,1,fitzpatrick17k,fitz_2c5bbb7a25f705c768c9f71b6ff6935c,light,2,malignant
1,0.7299253940582275,1,fitzpatrick17k,fitz_1cf28107bbd82eebc64c7c395d711c2b,medium,4,malignant
0,0.37630096077919006,1,fitzpatrick17k,fitz_607a198d567608b557f782ab3381cddb,dark,5,benign
0,0.3606230914592743,1,fitzpatrick17k,fitz_e99959aa9c734497ad3baeeff0a3d082,light,2,benign
1,0.8053184151649475,1,fitzpatrick17k,fitz_acb264b31d70f98301b812a134879bbf,medium,4,malignant
0,0.7405285239219666,1,fitzpatrick17k,fitz_f12e453c8d27421600f237f74ce36d0d,light,2,benign
1,0.8178313970565796,1,fitzpatrick17k,fitz_528442cac3214e5f4785f78b1fcad0cc,medium,3,malignant
1,0.8156504034996033,1,fitzpatrick17k,fitz_231488499bc589c8b446af5197cc3478,light,1,malignant
1,0.8042855262756348,1,fitzpatrick17k,fitz_982fec2e9bea78824d6ad7cc77537faf,light,1,malignant
1,0.7434728145599365,1,fitzpatrick17k,fitz_758c500ff6ec8a726f5ae6175689d624,light,1,malignant
0,0.8604798316955566,1,fitzpatrick17k,fitz_c8ccabc4ae942fd1484e6572c8eed1da,light,2,benign
0,0.8592584133148193,1,fitzpatrick17k,fitz_c1f2f9f043578ac48b0005c61dafeb2a,medium,4,benign
0,0.748050332069397,1,fitzpatrick17k,fitz_0aa30d3bb7ba6e84d25f71317a441ec9,medium,4,benign
0,0.8477453589439392,1,fitzpatrick17k,fitz_d6d9dded5b84fb82dc6573114f5c247d,light,2,benign
0,0.7527744174003601,1,fitzpatrick17k,fitz_66ed0fd38927716560993d5a76cb9589,light,1,benign
0,0.7107245326042175,1,fitzpatrick17k,fitz_e4590bf7630871cf82454a90833a1c79,medium,3,benign
0,0.7882717251777649,1,fitzpatrick17k,fitz_c47d15705664fe89f0579d4f23de33b9,light,2,benign
1,0.8399416208267212,1,fitzpatrick17k,fitz_758fa949e6381f4805608e85adedb165,light,2,malignant
1,0.7361236214637756,1,fitzpatrick17k,fitz_bb4b81539322373a7c18690bbb2a7db9,light,1,malignant
1,0.7334274053573608,1,fitzpatrick17k,fitz_d1d1edeb5a07c02ffdc028221beca93e,light,2,malignant
1,0.7604969143867493,1,fitzpatrick17k,fitz_c43518ab9959d77b63bf6b9eeab7611b,medium,3,malignant
1,0.8476386070251465,1,fitzpatrick17k,fitz_83c748bcf5cad141cb48f5acd6851c78,light,1,malignant
0,0.7303591370582581,1,fitzpatrick17k,fitz_3e53c31b7ed75b74dd1fc69ea47b6ea9,light,2,benign
0,0.6975839734077454,1,fitzpatrick17k,fitz_9670452bf052f8df369f9f7b541be934,medium,4,benign
0,0.7750822305679321,1,fitzpatrick17k,fitz_44216d85579ed13593238bc6bbcde91f,light,2,benign
0,0.7794256806373596,1,fitzpatrick17k,fitz_a5bc410e82a012af2db4ef88f2e7ed9e,light,1,benign
0,0.22512845695018768,1,fitzpatrick17k,fitz_60ae7de7f5e865370e8c79eb36b322ea,light,2,benign
1,0.7793709635734558,1,fitzpatrick17k,fitz_46b14e5f085c29e2754a035eb1612089,light,2,malignant
0,0.2899860143661499,1,fitzpatrick17k,fitz_55d60f568a6881980a9f4499389ac928,light,2,benign
1,0.8758628368377686,1,fitzpatrick17k,fitz_91303e9a22891104d787e7063c266924,light,2,malignant
0,0.7738669514656067,1,fitzpatrick17k,fitz_efef5dcc5edf244f92b30b8ac370d621,medium,3,benign
0,0.7094483375549316,1,fitzpatrick17k,fitz_d8999e963be6f4ade3cdf0903f894b05,dark,6,benign
1,0.8025592565536499,1,fitzpatrick17k,fitz_1b5084463501e9aa4d58856078f125e8,medium,4,malignant
0,0.8622825741767883,1,fitzpatrick17k,fitz_9a7c1451aa6d667b5b4dc11e243f40f5,light,2,benign
1,0.7196962237358093,1,fitzpatrick17k,fitz_c36abe2db70469f33b862a4c7757c2fe,light,2,malignant
0,0.7661616802215576,1,fitzpatrick17k,fitz_55da204d10b6db4127a8730bfeca2fac,dark,5,benign
1,0.7199020981788635,1,fitzpatrick17k,fitz_411f9076f8cd3106153147b5f072b467,medium,3,malignant
1,0.48001572489738464,1,fitzpatrick17k,fitz_3975cb19ffaee90ea9185c17b032c9a9,medium,3,malignant
1,0.14840203523635864,1,fitzpatrick17k,fitz_c8a01367c9e99d0c52319f7b18006ecc,light,2,malignant
0,0.7805442214012146,1,fitzpatrick17k,fitz_50799db07fc7492b6c15ff6d7bcaae1e,medium,3,benign
1,0.7469888925552368,1,fitzpatrick17k,fitz_ac04675f4d3943dfcfadd5284c60ef20,dark,5,malignant
1,0.786363959312439,1,fitzpatrick17k,fitz_a4bd02ffa70ff94c6c0d4e8f3c412b81,medium,3,malignant
0,0.26524996757507324,1,fitzpatrick17k,fitz_9137ea65d2bd229138bca74744d7a5e8,light,1,benign
0,0.6315600275993347,1,fitzpatrick17k,fitz_f9d5cf0a6ab6630874a7950647af3223,light,2,benign
0,0.7845909595489502,1,fitzpatrick17k,fitz_47531d3d92305e77857724ec4b0c88eb,medium,3,benign
0,0.47316819429397583,1,fitzpatrick17k,fitz_a1d0d8b10e5a4a729c2a6c3fa580521a,dark,6,benign
1,0.544258177280426,1,fitzpatrick17k,fitz_efbfcf372e15d12c1f9dfc60224da254,medium,3,malignant
0,0.8367187976837158,1,fitzpatrick17k,fitz_c34aa097fc66d6198e995023d6276699,medium,3,benign
1,0.7317001819610596,1,fitzpatrick17k,fitz_2946489f399844d725a42bfcad8f3a2f,medium,4,malignant
1,0.0646454319357872,0,fitzpatrick17k,fitz_039524bc942c488bb1571ab0eb85a50b,light,1,malignant
1,0.8182740211486816,1,fitzpatrick17k,fitz_c9a9e472488e0d3d62b1abda22bdec42,light,1,malignant
1,0.6894415616989136,1,fitzpatrick17k,fitz_ba50c75cb5701c4f29b7f662510fca0a,medium,4,malignant
0,0.6877582669258118,1,fitzpatrick17k,fitz_83026368073a72c2c61fb53bab7e50c8,light,2,benign
0,0.7837613821029663,1,fitzpatrick17k,fitz_776f208807f8517359cf81b2a6b3503b,medium,4,benign
1,0.730827271938324,1,fitzpatrick17k,fitz_a07d58a0a2d13823ee977d0f2c399450,light,2,malignant
1,0.7663678526878357,1,fitzpatrick17k,fitz_5bec7b68c4b6e5c46953caf631a2cba8,light,1,malignant
0,0.2630939781665802,1,fitzpatrick17k,fitz_588ba57ac05647fd82650926624dedeb,medium,3,benign
0,0.6915209889411926,1,fitzpatrick17k,fitz_5a713d9ac757d0b15a9138d586ef874c,light,2,benign
1,0.6031835079193115,1,fitzpatrick17k,fitz_f57fd61023be3702826117b7d73faa79,light,2,malignant
1,0.8773008584976196,1,fitzpatrick17k,fitz_8e8674abd53e4d087da3798f478edb8c,light,1,malignant
1,0.7169833183288574,1,fitzpatrick17k,fitz_5755a2b781260a088445690aff068dbb,light,2,malignant
0,0.7645726799964905,1,fitzpatrick17k,fitz_9592684eb42a6fc366f9120d54d3e9ae,light,2,benign
0,0.11992181837558746,0,fitzpatrick17k,fitz_f4095624923113ae2ab74e01f50e99eb,light,1,benign
0,0.6957328915596008,1,fitzpatrick17k,fitz_d282fff95c1391f1ba77f7ac8ccd990c,light,1,benign
1,0.8391136527061462,1,fitzpatrick17k,fitz_2579d2594790cb42b7e701c279c2cf91,light,1,malignant
0,0.9082612991333008,1,fitzpatrick17k,fitz_311075ac591e75494744c013ea4a94c6,medium,3,benign
1,0.827617883682251,1,fitzpatrick17k,fitz_f15b404a3af7bc64ce3b9bd6398c5d59,medium,3,malignant
1,0.8931524753570557,1,fitzpatrick17k,fitz_ebbc575f609b16ed95aee520b9feacf1,medium,3,malignant
1,0.7337899208068848,1,fitzpatrick17k,fitz_2b071d32641b1600bbbe60008331d726,medium,3,malignant
1,0.5192108750343323,1,fitzpatrick17k,fitz_aebfb4a4b7eaeb406195faf9c997a5ea,medium,3,malignant
0,0.8464296460151672,1,fitzpatrick17k,fitz_8d0c9b41c063aea231d076ae8602ce9d,medium,4,benign
0,0.26726803183555603,1,fitzpatrick17k,fitz_7351165c5359e4b8f65ea7f1ebd4abb9,medium,3,benign
0,0.8360019326210022,1,fitzpatrick17k,fitz_3e60a79f63ff990e70c1188d9c970360,light,2,benign
1,0.8275607228279114,1,fitzpatrick17k,fitz_d1630be09b8372b9740d7152b415055b,light,1,malignant
0,0.8134191632270813,1,fitzpatrick17k,fitz_1c2fd7b29de34a662845d6efd8df0a74,light,1,benign
1,0.7619405388832092,1,fitzpatrick17k,fitz_1bbb8898bb34295f884ba8d726809800,light,1,malignant
0,0.6772749423980713,1,fitzpatrick17k,fitz_c448800e477a0e559564ed545179ee83,light,1,benign
1,0.7815486788749695,1,fitzpatrick17k,fitz_eafb972a77674171d9bc9d3f5e34b14f,light,1,malignant
1,0.7724026441574097,1,fitzpatrick17k,fitz_9a79f7e64ca44bf0f9bec4183925ae64,medium,3,malignant
0,0.7620142102241516,1,fitzpatrick17k,fitz_538f608a6224a5d949b97ac410f10726,medium,3,benign
1,0.7583781480789185,1,fitzpatrick17k,fitz_673c068053868490c15fefe7aad07b35,light,1,malignant
0,0.8069376945495605,1,fitzpatrick17k,fitz_e2230d55bbb010e0eb844ce2cdcbb821,light,1,benign
0,0.7423113584518433,1,fitzpatrick17k,fitz_4049f356db33c72f029d619fe35f6fc5,light,1,benign
1,0.04191645607352257,0,fitzpatrick17k,fitz_64e112de5812f865e4e279a69dabc2eb,light,2,malignant
1,0.17456761002540588,1,fitzpatrick17k,fitz_739c636d03d3257e003edc941272d68f,medium,3,malignant
0,0.5016852021217346,1,fitzpatrick17k,fitz_883073ce8d62114e2d899443c0fbc9c7,light,1,benign
0,0.3804002106189728,1,fitzpatrick17k,fitz_5658d956fc167e1cfda3d1e9048c221c,light,1,benign
0,0.9312112331390381,1,fitzpatrick17k,fitz_1dad27a2f77158b4c91a966aa35bb7b3,medium,4,benign
0,0.6664760708808899,1,fitzpatrick17k,fitz_e6ce104c084b62a546b68f034066f7f6,medium,4,benign
0,0.8004258871078491,1,fitzpatrick17k,fitz_d0a6a7731a9748730947b147b688426c,light,1,benign
0,0.8318305611610413,1,fitzpatrick17k,fitz_a71a6323af091b6aca412a60efed403f,dark,5,benign
0,0.7140457034111023,1,fitzpatrick17k,fitz_fe8966879f723dacd75eeec370d05907,light,2,benign
1,0.7921589612960815,1,fitzpatrick17k,fitz_fb8397ba14203f2442cb607bf6fd9fb7,light,2,malignant
0,0.7823963761329651,1,fitzpatrick17k,fitz_68ab661c67a4b66b621eb0845f0fcccf,medium,3,benign
1,0.783859133720398,1,fitzpatrick17k,fitz_210c004c4901b708b12924c48dc463ee,dark,6,malignant
0,0.7224245667457581,1,fitzpatrick17k,fitz_805da8fa28da5d9bf276d1c29dde3098,light,1,benign
0,0.8512625098228455,1,fitzpatrick17k,fitz_43afc50b380e75961cc7fd286d2245c1,light,2,benign
0,0.8319080471992493,1,fitzpatrick17k,fitz_2c36e28f0782336104f6c0194d7b341a,light,1,benign
0,0.2983662486076355,1,fitzpatrick17k,fitz_e52b7a2a09b2c6958619bb9e4357abae,light,2,benign
0,0.8451325297355652,1,fitzpatrick17k,fitz_d686f900a49b13cf0c33720e6d6357e9,light,1,benign
0,0.8262134790420532,1,fitzpatrick17k,fitz_9a0d07c6fb153412607c195bb552f132,light,2,benign
0,0.7031980156898499,1,fitzpatrick17k,fitz_9939b401b3456a746a2a6f9038eb860a,dark,5,benign
1,0.8625648617744446,1,fitzpatrick17k,fitz_bf77bafaa320f244f2331ca466b96f50,light,2,malignant
0,0.7914881110191345,1,fitzpatrick17k,fitz_5ccf05669dea64a40943000cdb674b06,medium,3,benign
0,0.4753809869289398,1,fitzpatrick17k,fitz_639a003e0857847a59a4c381a2745717,light,2,benign
1,0.7775372862815857,1,fitzpatrick17k,fitz_cbe2462ea2735fda74acfb882295cad9,light,1,malignant
1,0.8050229549407959,1,fitzpatrick17k,fitz_6de49b7ddf64239e6768e317b4840cac,light,2,malignant
0,0.48353272676467896,1,fitzpatrick17k,fitz_3041e7e1be8d1c4c4eb6ac470e6ecb8f,medium,3,benign
0,0.8470684885978699,1,fitzpatrick17k,fitz_235c6d790fcb524141becab92804a2da,light,1,benign
0,0.11890608072280884,0,fitzpatrick17k,fitz_7c2e896784447d2a54d1328d5099803f,medium,4,benign
1,0.8416472673416138,1,fitzpatrick17k,fitz_d1e44dae2fef82c7ec509e1cee16590d,light,1,malignant
0,0.770519495010376,1,fitzpatrick17k,fitz_f10e8db0da8109ca38912dcec52b779b,light,2,benign
1,0.6918346285820007,1,fitzpatrick17k,fitz_0c0700fc7177d09e2df0c6658288cf8f,medium,3,malignant
1,0.6233340501785278,1,fitzpatrick17k,fitz_4ba7898548e5321a0f0c5a4a5317386b,medium,4,malignant
0,0.8455948829650879,1,fitzpatrick17k,fitz_c7c56128496340b59c604f3c5fabe1b9,light,2,benign
0,0.843604564666748,1,fitzpatrick17k,fitz_94238b7bc1fa76e2fb7825d28a755453,dark,6,benign
1,0.7445112466812134,1,fitzpatrick17k,fitz_a0f2068e51347646de82f360a06f6d0c,light,2,malignant
0,0.6857945919036865,1,fitzpatrick17k,fitz_34becf085bc7a8e0a42fe577e90d10d9,light,2,benign
0,0.8255995512008667,1,fitzpatrick17k,fitz_2fb803247ab7e23e4cc616079c04afde,medium,3,benign
1,0.8146752715110779,1,fitzpatrick17k,fitz_1a89710358fd4ce6343f9420721fb584,medium,3,malignant
0,0.7610868811607361,1,fitzpatrick17k,fitz_fbb730f538bdc211c86150738a4c34b6,dark,5,benign
1,0.7298508882522583,1,fitzpatrick17k,fitz_30bae9dc94be3555620414cc46ff8d62,medium,3,malignant
0,0.7827765345573425,1,fitzpatrick17k,fitz_d5fb25d79f8b930793f1be5e98244a6c,light,2,benign
0,0.7315523624420166,1,fitzpatrick17k,fitz_a2e69b3c6fee28fcc613174973aa8ff2,medium,4,benign
0,0.1141393780708313,0,fitzpatrick17k,fitz_22bb9a02ca24e603e9ee6dfcf9298a9d,medium,3,benign
0,0.7570974826812744,1,fitzpatrick17k,fitz_d4d1b34e080afe191fa9cd18fd1830d4,light,2,benign
0,0.7805241942405701,1,fitzpatrick17k,fitz_8122d22b5c021372042307a9c1c6d854,medium,3,benign
0,0.7610446214675903,1,fitzpatrick17k,fitz_44c1dd906dfafb8e6df94aec18e42dfc,medium,4,benign
1,0.720789909362793,1,fitzpatrick17k,fitz_d58998ebb0839c54404e9f55bf8a5d2a,light,2,malignant
0,0.6777308583259583,1,fitzpatrick17k,fitz_4ecda9f73f1d4d69b5c3505ee3f3f281,medium,3,benign
1,0.7496157884597778,1,fitzpatrick17k,fitz_7937e706bf8c198bad6f337ac0f1296c,light,2,malignant
0,0.3125273883342743,1,fitzpatrick17k,fitz_fbaac5a450479e6a19be1877f4b7f092,medium,4,benign
1,0.7115157842636108,1,fitzpatrick17k,fitz_e2578e85c48471e76706a9eb6f3ab16d,light,2,malignant
1,0.7575791478157043,1,fitzpatrick17k,fitz_ce8b4abaeb52e4499341e7c5ad2de039,light,1,malignant
1,0.7731366157531738,1,fitzpatrick17k,fitz_3d432adbde4445535a0d38ea18cf71ef,dark,5,malignant
0,0.8373478651046753,1,fitzpatrick17k,fitz_dd6b1892756433a699c8fea1e59f9b3e,light,1,benign
0,0.7414537668228149,1,fitzpatrick17k,fitz_c79925b8fcd8df572908b0c6b536d8b8,medium,3,benign
1,0.7850334048271179,1,fitzpatrick17k,fitz_f4691ed2d1bddd01e929272db72e22c4,light,1,malignant
0,0.6482487916946411,1,fitzpatrick17k,fitz_5c4e0ab9e275d3e6c4dd52a0b9030b75,light,2,benign
0,0.6747859716415405,1,fitzpatrick17k,fitz_dedb8abbde6b5585d6277ffa2f7d8ce3,medium,4,benign
1,0.7742019295692444,1,fitzpatrick17k,fitz_132fe9a3f576acc03bfd96ccd4b43783,light,2,malignant
0,0.8188159465789795,1,fitzpatrick17k,fitz_1f9fe1370af69d7a3b059a99988ea84b,dark,5,benign
0,0.791538417339325,1,fitzpatrick17k,fitz_fbb98f8b8eaa78dc6892126ba97c76f9,light,1,benign
1,0.825809121131897,1,fitzpatrick17k,fitz_b822f042c5ff575ac4f2d49684f8eff8,light,2,malignant
1,0.8077555894851685,1,fitzpatrick17k,fitz_701ef9d6cfb1c845baa969eb5d49e58e,light,1,malignant
0,0.7620927691459656,1,fitzpatrick17k,fitz_a0ebb440843d78cce595cbd25434c5ad,medium,3,benign
1,0.9012932181358337,1,fitzpatrick17k,fitz_7d04fa6a4c45e5922a23c20145741c3b,medium,3,malignant
0,0.7786697745323181,1,fitzpatrick17k,fitz_7aed3e745e8ed103013059839577b80c,medium,3,benign
1,0.849349319934845,1,fitzpatrick17k,fitz_4ce7ce893e106e74c0be70b7e3190355,medium,3,malignant
1,0.6858030557632446,1,fitzpatrick17k,fitz_2d937eacdf1f2480a9266e029a667494,light,1,malignant
0,0.7099296450614929,1,fitzpatrick17k,fitz_29aa46d59dd3a07dc1381069b6ffef24,medium,3,benign
1,0.7895445227622986,1,fitzpatrick17k,fitz_2ddc13cb0aad47b2dda40db94427db99,light,2,malignant
0,0.899249255657196,1,fitzpatrick17k,fitz_e60b158b97eac7bce6d3606402aaea9e,dark,6,benign
1,0.8048418164253235,1,fitzpatrick17k,fitz_78343dddb07ad557d7171a3078a6b6ff,light,2,malignant
0,0.01897408254444599,0,fitzpatrick17k,fitz_0d08ee004ffd0b0cdfbde5742805e280,light,2,benign
0,0.07409855723381042,0,fitzpatrick17k,fitz_6f14b7d091a6e0108b1b5d8ecc8e9d07,medium,3,benign
0,0.6230923533439636,1,fitzpatrick17k,fitz_4bb9b9c7ffb630e640c49511b856dfbf,dark,6,benign
0,0.7837470769882202,1,fitzpatrick17k,fitz_5dca9123f89a11792605a94077d0ad64,light,1,benign
0,0.8349111676216125,1,fitzpatrick17k,fitz_021be051ebe558ea89ee253538392a5a,medium,4,benign
0,0.7805213332176208,1,fitzpatrick17k,fitz_36df9f6b3e37b31fa3a4b7f2cc7e6aec,medium,4,benign
0,0.6080780625343323,1,fitzpatrick17k,fitz_72bfb8a2c7827e0e557fcabca1ddd0f5,dark,5,benign
1,0.4937003552913666,1,fitzpatrick17k,fitz_9b038a697c4765357a6bacefa1096f68,medium,3,malignant
1,0.9314708709716797,1,fitzpatrick17k,fitz_37b1200de998bfad315d19e66e9146d5,light,2,malignant
0,0.352712482213974,1,fitzpatrick17k,fitz_cc44092ca212395a910885d64c77ea69,medium,3,benign
0,0.851111888885498,1,fitzpatrick17k,fitz_a849e24d8c47b80f4e169839806e8c1f,light,2,benign
0,0.11331167072057724,0,fitzpatrick17k,fitz_e0293818892242e6bd9f30c580a71bc0,light,1,benign
0,0.1758585423231125,1,fitzpatrick17k,fitz_5e724269c8b2ef45f05263dae69c4db7,light,2,benign
1,0.7623364925384521,1,fitzpatrick17k,fitz_cda40e7e52d709b9957dcf5d2b016601,light,2,malignant
0,0.7426804304122925,1,fitzpatrick17k,fitz_8448465e199de9bce2662cf133c703e8,medium,4,benign
1,0.70621258020401,1,fitzpatrick17k,fitz_fe0d2dc62e748e2c76e42c39eff71108,medium,3,malignant
0,0.7199316620826721,1,fitzpatrick17k,fitz_b024e423de295d22a5f5504c396b6325,medium,4,benign
0,0.8225877285003662,1,fitzpatrick17k,fitz_af3461ddd71b9e67eae813a6e68b013e,light,1,benign
1,0.7147016525268555,1,fitzpatrick17k,fitz_7775a597ee681b47cd1b0aff8a72f2c5,light,2,malignant
1,0.770599365234375,1,fitzpatrick17k,fitz_b582f9ec2a329edfbe814680a81a0354,light,2,malignant
1,0.7604246735572815,1,fitzpatrick17k,fitz_4adb2fa80fc1b77fdf523e07c395084f,light,2,malignant
1,0.7540296316146851,1,fitzpatrick17k,fitz_a20fb796843188fa92dd9a1553926be3,medium,3,malignant
1,0.7300114035606384,1,fitzpatrick17k,fitz_dd43abce22fa616ad8f39ba85461b9ce,light,2,malignant
1,0.8038484454154968,1,fitzpatrick17k,fitz_12fee8f83ba4accfc58f4dc964a2b7cc,light,1,malignant
0,0.7415816783905029,1,fitzpatrick17k,fitz_5f521d58de1d2d361306a0f3a73f8f7b,light,2,benign
1,0.08616500347852707,0,fitzpatrick17k,fitz_eb8fc90c6716f948a533986727bca286,light,1,malignant
1,0.8898473381996155,1,fitzpatrick17k,fitz_e3570140da5abcabac462fb41a89d622,light,2,malignant
1,0.9138067364692688,1,fitzpatrick17k,fitz_b913934059b41d32282034a891466afb,light,1,malignant
1,0.8317039608955383,1,fitzpatrick17k,fitz_c8adb004ca533f6be5fb1a83acc7515e,light,1,malignant
0,0.6750298738479614,1,fitzpatrick17k,fitz_cab0246d3889cd8fa48a0c86060bd021,light,1,benign
0,0.7173931002616882,1,fitzpatrick17k,fitz_5dc6c73401a44fc7c951442c6a08922d,light,2,benign
1,0.31883201003074646,1,fitzpatrick17k,fitz_8c2012b040cd3002296fb71f345262cb,light,2,malignant
1,0.8129702210426331,1,fitzpatrick17k,fitz_4e8cd3941081738f8f1405aa9b7399ef,light,2,malignant
0,0.5891518592834473,1,fitzpatrick17k,fitz_1a7e81f08fdff9aa29da7f4e7886071c,medium,3,benign
1,0.853602945804596,1,fitzpatrick17k,fitz_30421ab67894a095c7cf3d059dd4d977,light,1,malignant
0,0.7610018849372864,1,fitzpatrick17k,fitz_c26a0f5a30bad891f6405687d4e3f52d,medium,4,benign
1,0.4600241184234619,1,fitzpatrick17k,fitz_6b8ac39e81cc6512d79d0edbf519a412,light,2,malignant
1,0.7346075177192688,1,fitzpatrick17k,fitz_8ea314195479001aaa5ce386c9f45433,light,2,malignant
1,0.7967872619628906,1,fitzpatrick17k,fitz_c11dc056d43c21dde17846610f0f89e8,light,1,malignant
1,0.8076552748680115,1,fitzpatrick17k,fitz_fb1bdac1d1c07f20dfadb740de7290f2,medium,3,malignant
1,0.7996454834938049,1,fitzpatrick17k,fitz_107e238a14ead26da7464917a6a5d8a3,medium,3,malignant
0,0.8030886650085449,1,fitzpatrick17k,fitz_a74e40413eee2a25700cdffa570ed681,medium,4,benign
0,0.8052710294723511,1,fitzpatrick17k,fitz_2c80528309aa066a38f56cb560565fa9,light,1,benign
1,0.8628352880477905,1,fitzpatrick17k,fitz_4658f75d78bcfa7ee4ba67e24acf8289,medium,3,malignant
1,0.7574804425239563,1,fitzpatrick17k,fitz_5e01c679167124fe9b9af10354d084bf,light,2,malignant
0,0.07489696145057678,0,fitzpatrick17k,fitz_a5f5c76291cdb3a67df7ae34c59bb671,light,1,benign
1,0.8144960999488831,1,fitzpatrick17k,fitz_22517077a92297c9c87dced4121b1e00,light,1,malignant
1,0.862335205078125,1,fitzpatrick17k,fitz_517c9627617ef9e5689e364ee5d88069,light,2,malignant
1,0.48935258388519287,1,fitzpatrick17k,fitz_560d811d545a9fc209e18c944dce1ccd,medium,3,malignant
0,0.8163424134254456,1,fitzpatrick17k,fitz_1b3454c802df9803cf3a6a789f768831,dark,5,benign
1,0.801345944404602,1,fitzpatrick17k,fitz_de1ea15218edff0e29e0a0c4b18acef3,light,2,malignant
0,0.8837081789970398,1,fitzpatrick17k,fitz_c98ac6d896cd630653360d1fb6db7ec4,medium,3,benign
0,0.7258381843566895,1,fitzpatrick17k,fitz_b792c1b7fb1deb710c57dce38702ef1b,light,2,benign
0,0.16991455852985382,1,fitzpatrick17k,fitz_bfeede852aaa590eeae10fd7607163f9,medium,3,benign
1,0.7426467537879944,1,fitzpatrick17k,fitz_031906ece1abcde6af5ef82780ea3034,medium,4,malignant
0,0.7269300818443298,1,fitzpatrick17k,fitz_c013f780fcc95446fd9baec53323df4c,light,2,benign
0,0.8101441264152527,1,fitzpatrick17k,fitz_1d32cdc76c6a96585edac5421142bd9c,dark,5,benign
1,0.7467731833457947,1,fitzpatrick17k,fitz_9f6dc3d2e6fa911d2bed3b61f1617530,light,1,malignant
1,0.32597336173057556,1,fitzpatrick17k,fitz_0cc0fd8472aa74c53e538185f1ae0d78,light,2,malignant
0,0.8310174942016602,1,fitzpatrick17k,fitz_c901539859da65622100e8d4b32a097a,light,1,benign
1,0.8013508319854736,1,fitzpatrick17k,fitz_6d1ee7768124fde2d8543d38b23c25de,light,1,malignant
1,0.8160764575004578,1,fitzpatrick17k,fitz_07de514b4f31faf6c2130d08935d7fcf,medium,4,malignant
1,0.7173553705215454,1,fitzpatrick17k,fitz_3bf48f4f3fa396a775447b36bc8dd8f1,light,2,malignant
0,0.566808819770813,1,fitzpatrick17k,fitz_ca6cb7c14cdaf2db71603dc7e3a7376d,light,2,benign
0,0.844748854637146,1,fitzpatrick17k,fitz_6b88b2ba13040fd00a31046b5e4a35be,light,2,benign
0,0.03327048569917679,0,fitzpatrick17k,fitz_abbf5b950cc352f6b2e2b28d7c92586a,light,1,benign
1,0.828829288482666,1,fitzpatrick17k,fitz_84993623f4cc766e19b092054f545f6b,light,1,malignant
0,0.7569989562034607,1,fitzpatrick17k,fitz_c6d22f32372b9e72cdb6dff5c8a3ba12,light,1,benign
1,0.7738603353500366,1,fitzpatrick17k,fitz_172f14659765abda1c123e9bb8c511c9,light,2,malignant
1,0.690902829170227,1,fitzpatrick17k,fitz_717632d20df2589325f6769a45b0adc5,light,1,malignant
0,0.7494800686836243,1,fitzpatrick17k,fitz_9a059b2f0a0f92744d7aa5b9de31a012,light,1,benign
0,0.6465389132499695,1,fitzpatrick17k,fitz_83999ec4fd61583a9b63b648f2500d3d,light,2,benign
0,0.7307440638542175,1,fitzpatrick17k,fitz_fec1fe14f4173fef9f43d09d304cba1a,medium,4,benign
1,0.8220468759536743,1,fitzpatrick17k,fitz_f63bcee2007b22d4faa707508d819781,medium,3,malignant
1,0.7647926211357117,1,fitzpatrick17k,fitz_a1e1e7987bed1732f1fa29b1945e6cf0,medium,4,malignant
0,0.8523690700531006,1,fitzpatrick17k,fitz_f8625e6ba7ead84d5e9a283df868584d,light,1,benign
0,0.09060470759868622,0,fitzpatrick17k,fitz_de57971aa32de3ff172135c4e25fb151,medium,3,benign
0,0.7636516690254211,1,fitzpatrick17k,fitz_d179c40d22cd63882c50c3631093bc5c,medium,3,benign
0,0.7953076362609863,1,fitzpatrick17k,fitz_7da3f537fffb57d916c28cdcd8440c6e,light,2,benign
0,0.41388869285583496,1,fitzpatrick17k,fitz_747b8f949339f0b995a1d0203d2c3f31,light,2,benign
1,0.7333113551139832,1,fitzpatrick17k,fitz_f89b8b51403402eaf4e3c6cb0dc9c2ea,medium,4,malignant
0,0.7970761656761169,1,fitzpatrick17k,fitz_77bfb054621858f9296b9509bf765fc6,medium,3,benign
1,0.8359449505805969,1,fitzpatrick17k,fitz_60a66b9e5dba0b5aa3542b82d997b44c,light,1,malignant
0,0.7342082262039185,1,fitzpatrick17k,fitz_7781a3d68175a687b18a4693a4ee493f,medium,3,benign
0,0.734579861164093,1,fitzpatrick17k,fitz_af142e6806d7bb05ad0b8885fb76f0ed,dark,5,benign
0,0.24505914747714996,1,fitzpatrick17k,fitz_b238c2c95a5d43395191097a5b46d1de,light,1,benign
1,0.6560276746749878,1,fitzpatrick17k,fitz_976bcb2a807e4e33e44c3c6631d4899b,medium,4,malignant
0,0.7202925086021423,1,fitzpatrick17k,fitz_585659f5deb7c18c4a6d62e3cc50b963,light,1,benign
0,0.7392220497131348,1,fitzpatrick17k,fitz_33ef5769218e5981286d0d1c136be28e,light,1,benign
0,0.5184931755065918,1,fitzpatrick17k,fitz_7fcf488081345e8e4a3b2e3636900f70,light,2,benign
0,0.775962233543396,1,fitzpatrick17k,fitz_bb5e793db84e75f11674602f92e94691,light,2,benign
1,0.873703122138977,1,fitzpatrick17k,fitz_f404798a84166b1a227fd71716ffd615,light,2,malignant
1,0.15348871052265167,1,fitzpatrick17k,fitz_2c31651c187a674f05bdf23b39f03fcd,light,2,malignant
1,0.7305251359939575,1,fitzpatrick17k,fitz_612f87b255a58ac9e4838ecefb21c522,medium,3,malignant
0,0.527532696723938,1,fitzpatrick17k,fitz_16e80f17ef11a756637bf2cf8ef28737,dark,6,benign
0,0.4642711877822876,1,fitzpatrick17k,fitz_1f99d1d9dac6ce272a404c15ccb099c3,medium,4,benign
0,0.7426984310150146,1,fitzpatrick17k,fitz_053d3ca0ef98044bfeeb88daa63ec3c7,medium,3,benign
1,0.77305006980896,1,fitzpatrick17k,fitz_25f84db5d3b6471d45db312ce9712dd9,medium,3,malignant
0,0.7920587658882141,1,fitzpatrick17k,fitz_2317f02daf84a995c5f519ce82ec9d83,medium,3,benign
1,0.8748106360435486,1,fitzpatrick17k,fitz_e36a4c4eec75df99bd208175e4279e50,dark,5,malignant
1,0.8105171918869019,1,fitzpatrick17k,fitz_0f5dc1d7b8e73e0b2df7bd1da6039dd0,light,2,malignant
0,0.3517805337905884,1,fitzpatrick17k,fitz_b6d24e57cd34b3d10f9e3ccc8028470a,light,2,benign
1,0.7712825536727905,1,fitzpatrick17k,fitz_17e506f1cde9d7898f116fd532c4e4a6,medium,3,malignant
0,0.7595229148864746,1,fitzpatrick17k,fitz_7c7ff88d51721bb41853055dcd07e5ca,medium,4,benign
0,0.7952538728713989,1,fitzpatrick17k,fitz_aa15d4ecf572da8d248c36aec5361e75,light,1,benign
1,0.7860020995140076,1,fitzpatrick17k,fitz_4bae18a5cf6f2f211389b5d97f3fe840,light,1,malignant
0,0.40395402908325195,1,fitzpatrick17k,fitz_81affd3006c11138c4f983d662f60140,light,2,benign
1,0.9347953796386719,1,fitzpatrick17k,fitz_04619369ecec27c92b5f782adfd21b05,light,2,malignant
1,0.8268275856971741,1,fitzpatrick17k,fitz_45f5c6cb12848d9f739532be79f4e8ce,medium,3,malignant
0,0.23817144334316254,1,fitzpatrick17k,fitz_c3402424a6261aec7dcf2573a00d7b50,light,2,benign
1,0.6852943897247314,1,fitzpatrick17k,fitz_933d0bec414ae48099d9b072e0357900,medium,4,malignant
1,0.9112380743026733,1,fitzpatrick17k,fitz_5d489baa1594e92495ffc6efef85e3d6,light,2,malignant
1,0.2865716218948364,1,fitzpatrick17k,fitz_a4158b66a1435b2882c4075faa163c45,medium,3,malignant
0,0.8748277425765991,1,fitzpatrick17k,fitz_bb7427e9be69e945afe743ef0c158232,light,2,benign
0,0.8233214020729065,1,fitzpatrick17k,fitz_c7a2551b4696422a14b23dfd400c63a9,light,2,benign
0,0.8983606696128845,1,fitzpatrick17k,fitz_e7238e13d9c656ec499e7d419057248b,light,1,benign
0,0.7380169034004211,1,fitzpatrick17k,fitz_9d9cd27fb01fc4c95e699e3b26ab1e92,light,2,benign
0,0.7644505500793457,1,fitzpatrick17k,fitz_5ba8b780e042f1b8f79e53010df24d9f,light,1,benign
0,0.7208120822906494,1,fitzpatrick17k,fitz_53f2eadf5f293c90bb3cda5fb91ec1c5,dark,6,benign
1,0.7290359139442444,1,fitzpatrick17k,fitz_a2bcf7fd08383c3e53c08d9e7dade2b6,light,1,malignant
0,0.7982645630836487,1,fitzpatrick17k,fitz_1c9c52faf5ceda41ae02cf54427e1bd1,light,1,benign
0,0.7909294962882996,1,fitzpatrick17k,fitz_6393ad9b71c4dfb21aaca14808665845,light,2,benign
1,0.77064049243927,1,fitzpatrick17k,fitz_4d4ba55545548d6dd95a8791fd75d675,medium,4,malignant
0,0.06538074463605881,0,fitzpatrick17k,fitz_f726e7c707da935deae29423bcdd7709,light,2,benign
0,0.7493738532066345,1,fitzpatrick17k,fitz_9adbcfa58e99480e403d8dd5ca4baa6b,medium,4,benign
1,0.13670767843723297,1,fitzpatrick17k,fitz_ee0ca09169187d556308c034caa9fda4,light,1,malignant
0,0.8081337213516235,1,fitzpatrick17k,fitz_e122dc6b87398b68b760d9779f08fe5a,light,2,benign
0,0.6936777830123901,1,fitzpatrick17k,fitz_1781d19d2d93b74fdf0af1bc261cc8a0,medium,4,benign
0,0.7664675116539001,1,fitzpatrick17k,fitz_0db67ec1711c7ab9d13c8fef53e527ea,light,2,benign
1,0.7567853331565857,1,fitzpatrick17k,fitz_d9ff106f9e37023b892152ad1c2b0f21,light,2,malignant
0,0.26237308979034424,1,fitzpatrick17k,fitz_63e0685973933ee91da246a5bfdb7877,medium,4,benign
0,0.8060587048530579,1,fitzpatrick17k,fitz_6f84d7e006c14c6446280a6a3775fb86,light,2,benign
0,0.6588945388793945,1,fitzpatrick17k,fitz_5f3f303f5dac233443df9861c72440ff,light,2,benign
0,0.40176787972450256,1,fitzpatrick17k,fitz_6db740415f2f34bfdc26df013e515d7a,light,1,benign
1,0.8330029845237732,1,fitzpatrick17k,fitz_31c42f79bb918fe1d8ef35b553e7d8cf,light,1,malignant
0,0.8890098333358765,1,fitzpatrick17k,fitz_44813e1ba162b2e5a2b80a5c0dc0983d,dark,5,benign
1,0.8380862474441528,1,fitzpatrick17k,fitz_c8a6962325692dfdd5db9428d46bfdb0,light,1,malignant
1,0.7825677990913391,1,fitzpatrick17k,fitz_b45313d16aef94d526f315d96a4aaaa2,medium,4,malignant
1,0.8299808502197266,1,fitzpatrick17k,fitz_33f441f638fce62e18cd77ff583d6273,medium,3,malignant
1,0.9177165031433105,1,fitzpatrick17k,fitz_fb1feb5dbf0038eee9348a3740cef6f9,light,1,malignant
0,0.7031689882278442,1,fitzpatrick17k,fitz_43f3397b9b00052de41e58485e92a758,light,1,benign
1,0.471946120262146,1,fitzpatrick17k,fitz_270a217e6e961cf405a4ad46a110ff69,light,1,malignant
1,0.6629161834716797,1,fitzpatrick17k,fitz_a663cd05b63451ccfa4e189eebc14ebc,dark,5,malignant
0,0.8133984208106995,1,fitzpatrick17k,fitz_7b1fda566d600244538515b8d2097ff8,medium,4,benign
1,0.7881590723991394,1,fitzpatrick17k,fitz_50a5b3518678c84fed613629a0fefeb3,light,1,malignant
0,0.6436683535575867,1,fitzpatrick17k,fitz_46940e7be3fbcb1942edcc0173cc23cf,medium,3,benign
0,0.7577629089355469,1,fitzpatrick17k,fitz_8f4f1531ee976e49209b8e15e64c99c7,medium,3,benign
1,0.7184935212135315,1,fitzpatrick17k,fitz_98c8c173707c296687a67fade1e0cc5b,medium,4,malignant
0,0.3225412368774414,1,fitzpatrick17k,fitz_59b00282fd6d4d371f11cc1f0e3e047e,medium,3,benign
0,0.44943028688430786,1,fitzpatrick17k,fitz_c503ea4bb8476f71196e6795d62ea344,medium,3,benign
1,0.8240579962730408,1,fitzpatrick17k,fitz_ae398e0d27c79b0c70ff15cd25d62ce6,light,1,malignant
0,0.7669118642807007,1,fitzpatrick17k,fitz_01c2ac227d0304e4d4c376799ef53c4b,medium,3,benign
1,0.8119001388549805,1,fitzpatrick17k,fitz_4eff46ba9c97e429dc688f530a4e5fbc,light,1,malignant
0,0.3150564134120941,1,fitzpatrick17k,fitz_d40c3d4ac9bef4d6412474efa60c81ec,light,2,benign
0,0.7361863851547241,1,fitzpatrick17k,fitz_e175e74b64691df885e0cdb88f2858e5,medium,4,benign
1,0.9597440361976624,1,fitzpatrick17k,fitz_0e6bfff557daaf8554f3107d05cd921f,light,1,malignant
0,0.8003876209259033,1,fitzpatrick17k,fitz_a6cb40a0f3d23424ca15a8f5db6712e7,light,2,benign
0,0.7647298574447632,1,fitzpatrick17k,fitz_18ddfa2d48b0ea0d44aacc5db88d7186,medium,3,benign
1,0.7621704339981079,1,fitzpatrick17k,fitz_d42a9167697f7c1f6486a799fb863f17,light,1,malignant
0,0.8122680187225342,1,fitzpatrick17k,fitz_dedda38cbde4e4ddb6b5f880b77f784d,light,2,benign
0,0.3826809227466583,1,fitzpatrick17k,fitz_a4fbe129fc29a16cfe5dbc7d1fa483b8,light,2,benign
1,0.812321126461029,1,fitzpatrick17k,fitz_8ef5d5a7bb6885ec41ec53df40fbfee7,light,2,malignant
1,0.6221415996551514,1,fitzpatrick17k,fitz_91c7a0ad483e2e2a7365ea7c6f395a01,medium,3,malignant
0,0.40245771408081055,1,fitzpatrick17k,fitz_301e6dcb22e76915c34f2136f007b0ab,light,2,benign
0,0.3430475890636444,1,fitzpatrick17k,fitz_83802e88242cfd016f8038b369688fd8,medium,3,benign
1,0.7579541802406311,1,fitzpatrick17k,fitz_aae985ea64da012e048edd7dbb75ec21,medium,3,malignant
0,0.5625823736190796,1,fitzpatrick17k,fitz_d7ecaeb5e44506cc5f7df224d70b61e6,light,2,benign
0,0.061871156096458435,0,fitzpatrick17k,fitz_d4a1703243d87643cd6528dc7f75ac34,light,2,benign
1,0.9002259373664856,1,fitzpatrick17k,fitz_4b64778ad3a274af138c1a4a269d0e69,light,2,malignant
0,0.8723042607307434,1,fitzpatrick17k,fitz_825fbd1357e25b4ae65ae961e69a0d56,light,1,benign
0,0.7217862010002136,1,fitzpatrick17k,fitz_153bd4dd84c53e3d7784f33817a41651,light,1,benign
0,0.7634903788566589,1,fitzpatrick17k,fitz_de30dcaeb1c6d29b4c1e6dacd1136e25,light,1,benign
0,0.7755747437477112,1,fitzpatrick17k,fitz_3fd5fa206a4b2d087e61f198540e4a0d,medium,3,benign
1,0.4482262432575226,1,fitzpatrick17k,fitz_562b67a1f3c45d79d1ac3bebbbbbbd5b,medium,4,malignant
0,0.7682547569274902,1,fitzpatrick17k,fitz_14a02745a9dd80aa993aaaf1c959e4b7,light,1,benign
0,0.7448082566261292,1,fitzpatrick17k,fitz_b5f1a2dd12b70470be98ed6311bd7a51,medium,4,benign
0,0.7257343530654907,1,fitzpatrick17k,fitz_5b2376021c7d2a348d7f39b32f18f708,medium,3,benign
0,0.06036105006933212,0,fitzpatrick17k,fitz_994a3c8b3e3d9ad1bb0ee8e4ad563e1d,light,2,benign
0,0.7028630971908569,1,fitzpatrick17k,fitz_f46a3de0be162ee4e28da54d299fc48d,light,1,benign
1,0.7900203466415405,1,fitzpatrick17k,fitz_6cffc5468287dbcd08d253d0dd512dc5,medium,4,malignant
0,0.7451996207237244,1,fitzpatrick17k,fitz_e76e989e715f392a80b223b0236415e5,medium,3,benign
1,0.7463077902793884,1,fitzpatrick17k,fitz_890f8ca947e8942ed43555d7d527121f,light,1,malignant
0,0.025160683318972588,0,fitzpatrick17k,fitz_8b4cbcc0a52119f8303c15a0717427ff,medium,3,benign
1,0.8054643869400024,1,fitzpatrick17k,fitz_01753b8013e298aa27ca91ac721ee0a8,light,2,malignant
1,0.7475504875183105,1,fitzpatrick17k,fitz_59c5fd861d89b4a023e4df0fc57a9b59,light,2,malignant
0,0.3305946886539459,1,fitzpatrick17k,fitz_e6a45c2ef865dc688cce2fc05b934768,medium,3,benign
1,0.3125157356262207,1,fitzpatrick17k,fitz_0adf95c81c80ef8b473022a203a0cb21,light,2,malignant
1,0.22279074788093567,1,fitzpatrick17k,fitz_2fd4888414963b05fe63544829295e3b,medium,3,malignant
1,0.6927977204322815,1,fitzpatrick17k,fitz_f5ef49a0de544750347a8516eb7bb3c1,medium,4,malignant
1,0.8510032296180725,1,fitzpatrick17k,fitz_e89b0dc455f91346e87beb4fdda74b47,light,2,malignant
0,0.7198728919029236,1,fitzpatrick17k,fitz_fb0462eb170160565573de327d4739f7,medium,3,benign
0,0.7436246871948242,1,fitzpatrick17k,fitz_7b0fe4315a4fbe68d06edec56cb525b2,medium,3,benign
1,0.8167378306388855,1,fitzpatrick17k,fitz_43262c5ed7d5c29f9547e40f5bcac4fd,medium,4,malignant
1,0.8192039132118225,1,fitzpatrick17k,fitz_251b6e7df4611cfe99e630fa8fee79d9,light,2,malignant
0,0.599098801612854,1,fitzpatrick17k,fitz_9eb1faadabd773e696ed9aab8ca49a33,light,2,benign
1,0.7359465956687927,1,fitzpatrick17k,fitz_c6e02651c6e15b52376ccfb095ee0509,light,1,malignant
1,0.8322930335998535,1,fitzpatrick17k,fitz_34f2d6c11c3118413a4e23bc1a6b8992,light,1,malignant
1,0.865050196647644,1,fitzpatrick17k,fitz_b2b9e1cdf5ddb3859cbb6289928e7d3e,light,1,malignant
1,0.04388166218996048,0,fitzpatrick17k,fitz_5db6baeb795d5d142e810fa78651c0af,light,1,malignant
0,0.8942052125930786,1,fitzpatrick17k,fitz_25953eccb17d10bc30915ce2a4a72afd,light,1,benign
1,0.42642536759376526,1,fitzpatrick17k,fitz_d6d689350675c0411798a943967ebf04,medium,4,malignant
0,0.7073521614074707,1,fitzpatrick17k,fitz_6c7e94f856c9d3cd52e643975d82d41d,light,2,benign
0,0.5765270590782166,1,fitzpatrick17k,fitz_0ee7316d0dd4ad139cc108e871b7676d,dark,5,benign
1,0.8468227982521057,1,fitzpatrick17k,fitz_8c39f641d7cc2d5df257143a854b28ad,light,2,malignant
1,0.8310678601264954,1,fitzpatrick17k,fitz_f40db09190bb66d881ced03d2d3c2d62,light,2,malignant
1,0.8729228377342224,1,fitzpatrick17k,fitz_22951972e56cf7574ccd1bbe6a45765a,light,1,malignant
0,0.7280408143997192,1,fitzpatrick17k,fitz_6f5982607821a7d3ed421e37447be61d,light,1,benign
1,0.785280168056488,1,fitzpatrick17k,fitz_89a7fc0c590b8437dbf7554ce9676edb,light,2,malignant
0,0.7407979369163513,1,fitzpatrick17k,fitz_fb73a33eac130c13896bfb7494557226,light,2,benign
1,0.8690711259841919,1,fitzpatrick17k,fitz_cf7826024d17bb34a91a1ab10f490413,medium,3,malignant
1,0.7095910906791687,1,fitzpatrick17k,fitz_3bb40e7310c4c6dc1d1e59eb52551afd,light,2,malignant
0,0.741183876991272,1,fitzpatrick17k,fitz_aacfab8570ae32beb4dbb2b744ccb6aa,light,2,benign
0,0.7647070288658142,1,fitzpatrick17k,fitz_f8fc75a657dab62d13cf045abb3f47e0,medium,3,benign
0,0.7859218716621399,1,fitzpatrick17k,fitz_e99ba7397c33ba169192ffdb25b66ccf,dark,5,benign
1,0.7500767707824707,1,fitzpatrick17k,fitz_9fadcc6923aeb3c4063db94c21b548b9,dark,5,malignant
0,0.8481348752975464,1,fitzpatrick17k,fitz_2760e721c008be69252471dee9713631,light,2,benign
0,0.42667707800865173,1,fitzpatrick17k,fitz_b3c250240275794c80c63ea734ae7845,medium,4,benign
1,0.8644515872001648,1,fitzpatrick17k,fitz_ce356adb2c23ca1046541ca9011ab701,light,1,malignant
0,0.744191586971283,1,fitzpatrick17k,fitz_cd7f993c744005f0dea757271c01bd71,medium,4,benign
1,0.814473032951355,1,fitzpatrick17k,fitz_521773286f1d292e0cdcf5c1354fc0ea,medium,3,malignant
0,0.5719125270843506,1,fitzpatrick17k,fitz_51b542089596a4d122839b333b656871,light,1,benign
1,0.7885230183601379,1,fitzpatrick17k,fitz_97e6abb7e279b5ca10f72deb36e3f50d,light,2,malignant
1,0.7620996832847595,1,fitzpatrick17k,fitz_0fb1d0763eb4256754f7c7af5a65fdbb,light,1,malignant
0,0.05184232443571091,0,fitzpatrick17k,fitz_14bba0169bbbdf4da346446a745e8f12,light,1,benign
1,0.7566924095153809,1,fitzpatrick17k,fitz_d4b5ff78698e3951709d3975b9cd1fd5,light,2,malignant
0,0.6698833703994751,1,fitzpatrick17k,fitz_39c8ef268c03ea7e728bb4f44032ddf2,medium,3,benign
0,0.7473870515823364,1,fitzpatrick17k,fitz_90fa799d39ac8cb17ea27790bb320a27,medium,3,benign
0,0.8182253241539001,1,fitzpatrick17k,fitz_bb2219d3bc5580392a94e18f4564e908,light,2,benign
0,0.8130883574485779,1,fitzpatrick17k,fitz_9b3edb045b76539b8920cf4b558a9bb0,light,2,benign
0,0.5621140599250793,1,fitzpatrick17k,fitz_6a6d66922e04f2d7088d5ca208af8238,light,1,benign
1,0.8088637590408325,1,fitzpatrick17k,fitz_9fd62a1923f391578254a8b7c05229a9,light,1,malignant
1,0.6908664107322693,1,fitzpatrick17k,fitz_ad5dfed3ee5a50f7e58d3b0af63c1d45,light,2,malignant
1,0.7660971283912659,1,fitzpatrick17k,fitz_b6d0b5d92783a7e1d273eeebd91a8bff,medium,3,malignant
1,0.8002673983573914,1,fitzpatrick17k,fitz_b2dcd42e04260dcbd208c41b7b3d69ce,light,1,malignant
1,0.8367419242858887,1,fitzpatrick17k,fitz_1f8ce7c9eee7929c5f18fa64134f0551,light,2,malignant
1,0.7689228057861328,1,fitzpatrick17k,fitz_7ae07553e54194d86ee8dac84e470ff8,medium,3,malignant
0,0.823583722114563,1,fitzpatrick17k,fitz_c1624edf0d27fe609cdec6d8793b0e77,medium,4,benign
0,0.7391827702522278,1,fitzpatrick17k,fitz_31d8ba6f0c4ee14ae2931cdd2695cab8,medium,4,benign
0,0.8568414449691772,1,fitzpatrick17k,fitz_0aa9487937bd2a75f34355e6886eeaf1,light,1,benign
0,0.7260783314704895,1,fitzpatrick17k,fitz_ccb6dcfdee3829ee6c8d4840665959ee,light,2,benign
0,0.7773215174674988,1,fitzpatrick17k,fitz_9360b4fb151ca5928e9f11a32cf60046,medium,3,benign
0,0.4281458258628845,1,fitzpatrick17k,fitz_8b9207f1125612191d2a54ceb68619dd,medium,3,benign
1,0.8553571105003357,1,fitzpatrick17k,fitz_8c310a5a6a25464a6b346f67ab06f1d4,light,2,malignant
0,0.7217618823051453,1,fitzpatrick17k,fitz_5ef7943d3caad43715f4bcc501d89a17,light,1,benign
1,0.5142708420753479,1,fitzpatrick17k,fitz_cb7f85053730567e1d4f863fb5f1bdc0,light,2,malignant
0,0.7443010807037354,1,fitzpatrick17k,fitz_b91c83b771f230c29cc22d034200bdae,light,1,benign
0,0.8442325592041016,1,fitzpatrick17k,fitz_d5d0521e54f4ea7e4d9f20004af9c36a,medium,3,benign
1,0.7749853730201721,1,fitzpatrick17k,fitz_2c658f5384d52f4c0943335694b10fc0,medium,3,malignant
0,0.04266710951924324,0,fitzpatrick17k,fitz_01390246dab3bff207a63cba3eb571e3,light,2,benign
1,0.7800029516220093,1,fitzpatrick17k,fitz_4fd9aba347052ec3f544e84cf38716b1,light,1,malignant
1,0.828241765499115,1,fitzpatrick17k,fitz_1b41bb5cc9d7bf78cb3017b4bd4d6dab,light,1,malignant
1,0.8584181666374207,1,fitzpatrick17k,fitz_fd356daecf2740e664f15b74711d0c4c,light,2,malignant
0,0.874681293964386,1,fitzpatrick17k,fitz_47589b8fcc3ee4e1aba39ac7edf0d10d,medium,3,benign
0,0.7534396648406982,1,fitzpatrick17k,fitz_fdf9e531232ca542673622dd882eff14,light,2,benign
1,0.7969637513160706,1,fitzpatrick17k,fitz_b689987ba3fa37e45f8c62f349f992a9,medium,4,malignant
0,0.897727370262146,1,fitzpatrick17k,fitz_70723e21c1596cc31bbc3fbbed564bce,medium,3,benign
1,0.6891821622848511,1,fitzpatrick17k,fitz_6616522cf5d8912260a17e4d2061ae6a,light,2,malignant
1,0.7447923421859741,1,fitzpatrick17k,fitz_3e53dd43521fc2ccaa2c6a95c8df3fa5,light,2,malignant
0,0.21828407049179077,1,fitzpatrick17k,fitz_6554ab2020d7c6844dd0ddb3afbbfeed,medium,4,benign
0,0.693943977355957,1,fitzpatrick17k,fitz_eede40231585981a795f8da1c0d53ecd,light,1,benign
1,0.8392084240913391,1,fitzpatrick17k,fitz_dbb854f5cf3cc3ebf4912e860da2efc7,light,2,malignant
0,0.7809872031211853,1,fitzpatrick17k,fitz_22d83c95771d43a75085530f8f68ae89,medium,3,benign
0,0.5381532907485962,1,fitzpatrick17k,fitz_1c6a524b16ee5c5c460d3e9e3d7ce055,medium,3,benign
0,0.7829814553260803,1,fitzpatrick17k,fitz_556bb0b2109488c07f8935831b88017d,light,2,benign
0,0.7911457419395447,1,fitzpatrick17k,fitz_e7ecb18c1a03a96826c0d124744da08f,light,1,benign
0,0.5278258323669434,1,fitzpatrick17k,fitz_48cf483953e0275a096914b1723221c3,medium,3,benign
1,0.8839659690856934,1,fitzpatrick17k,fitz_71a7b35ef0e804f4dac01d3119be6748,light,1,malignant
0,0.6973034739494324,1,fitzpatrick17k,fitz_5102f7e00b3dd0381a0d9744a3ddf5b3,light,1,benign
0,0.8751844763755798,1,fitzpatrick17k,fitz_ce926e8153b5920e1529b6b11c5c3e86,medium,3,benign
0,0.5894781351089478,1,fitzpatrick17k,fitz_aafcb416a722ceeac9fbcf08d400fc40,medium,4,benign
1,0.881756603717804,1,fitzpatrick17k,fitz_a46600f349cf11b5ce8661cabf178eb8,light,2,malignant
1,0.5322264432907104,1,fitzpatrick17k,fitz_cad0c1ba75e1aec69f532f699a56f8db,light,2,malignant
0,0.8612526059150696,1,fitzpatrick17k,fitz_158b0e4832f254123abef07ef0c6b014,light,1,benign
1,0.7881381511688232,1,fitzpatrick17k,fitz_cfe8d105a94caa9ff66ae4b2bae34d37,light,1,malignant
0,0.7754815220832825,1,fitzpatrick17k,fitz_34fab4bfd519c164775c8b50d3470ab7,medium,3,benign
1,0.8224350214004517,1,fitzpatrick17k,fitz_08c8a2a16296e358c839f3bbc79820ad,light,1,malignant
1,0.7858060002326965,1,fitzpatrick17k,fitz_782e232de169de8134de4ef7b2cf5b66,light,2,malignant
1,0.8509234189987183,1,fitzpatrick17k,fitz_ca0576226d9f883d99cd0df91d7ed685,dark,5,malignant
0,0.6893714070320129,1,fitzpatrick17k,fitz_e4ba0957015d8478e9a1974968a34b31,medium,3,benign
0,0.14127442240715027,1,fitzpatrick17k,fitz_99bc9a0acede1db1fa1a584cb8a4964a,light,2,benign
0,0.8041694760322571,1,fitzpatrick17k,fitz_98c75613c9a3b31816fe4e7840b4eb71,light,2,benign
1,0.7977623343467712,1,fitzpatrick17k,fitz_72bf4c07c8873dbf8d4b2c7ab5989853,light,1,malignant
0,0.6191303133964539,1,fitzpatrick17k,fitz_86043b13f9827619a75240c95ef49d7c,light,2,benign
0,0.007533178199082613,0,fitzpatrick17k,fitz_529a6cffdb3142103c2303ba6d45460e,light,2,benign
0,0.7046985626220703,1,fitzpatrick17k,fitz_f51aae6b3d3b76b975070baac2145672,dark,6,benign
0,0.8255810141563416,1,fitzpatrick17k,fitz_7d3a97da0d89868f3786e16cc9a68208,medium,3,benign
0,0.6869523525238037,1,fitzpatrick17k,fitz_34b5d983d901815b931e28ee357ddf74,light,1,benign
1,0.6596465706825256,1,fitzpatrick17k,fitz_99a55ba343bf11c3a8e37beb8f023684,light,1,malignant
1,0.8534298539161682,1,fitzpatrick17k,fitz_db88650aad0641ca4353f14650d90f22,light,1,malignant
0,0.8358283042907715,1,fitzpatrick17k,fitz_246543db353657970f936168b06b31ea,light,2,benign
0,0.7064625024795532,1,fitzpatrick17k,fitz_b75e977621c3dd287504eee8a3facbd3,light,1,benign
1,0.8077999949455261,1,fitzpatrick17k,fitz_ad3486c397161bccdf780d2067a852cc,light,1,malignant
1,0.7289576530456543,1,fitzpatrick17k,fitz_be813befb6f1f53ce07c77838af159ea,medium,4,malignant
0,0.5980008840560913,1,fitzpatrick17k,fitz_5fa874b5fcba73713df72302a915df7c,light,2,benign
1,0.5438908934593201,1,fitzpatrick17k,fitz_c3758805959417fcc2d8e98a8483217f,light,1,malignant
0,0.2959232032299042,1,fitzpatrick17k,fitz_a4a41ecfe71f94927ec8c3bcebb5eb80,medium,3,benign
1,0.8363584876060486,1,fitzpatrick17k,fitz_0353409eed089c8165db5a968cf2c43f,medium,3,malignant
0,0.33144164085388184,1,fitzpatrick17k,fitz_a297fad2e3005f76c10cb860af41c19c,light,1,benign
1,0.8866727948188782,1,fitzpatrick17k,fitz_acfa64e67d3581bc2a1db0c5dcadf860,light,1,malignant
1,0.7142167091369629,1,fitzpatrick17k,fitz_4132a7e048d2d4c5f858423a66ae6b9d,light,2,malignant
0,0.5369142293930054,1,fitzpatrick17k,fitz_b2b4e078200e7efa153dfd27d4e2458a,medium,3,benign
0,0.7578368186950684,1,fitzpatrick17k,fitz_4b1f5f367ebc0d5207088d329d8eeee2,medium,4,benign
0,0.39144760370254517,1,fitzpatrick17k,fitz_145e13a479f0c026fcb0630d2f9d47b8,light,1,benign
0,0.8568888902664185,1,fitzpatrick17k,fitz_be9e8510972a707e21393af63104ab28,medium,3,benign
1,0.6815752387046814,1,fitzpatrick17k,fitz_13b24f877270a05937f4c80fff693b04,medium,3,malignant
0,0.7988579273223877,1,fitzpatrick17k,fitz_3826e75f78b423e266c2dafc1b9809a9,light,2,benign
1,0.7797634601593018,1,fitzpatrick17k,fitz_f3f6c3ad40a1f6fcc3aba0d74a3de8c3,medium,4,malignant
1,0.8396949768066406,1,fitzpatrick17k,fitz_06d1d14eb33eb1dd78409525b0829f51,medium,4,malignant
1,0.7519655227661133,1,fitzpatrick17k,fitz_b565d1fa267dcf71489723d84cb66506,light,2,malignant
1,0.6321951150894165,1,fitzpatrick17k,fitz_a4bb4e5206c4e89a303f470576fc5253,light,1,malignant
1,0.7066846489906311,1,fitzpatrick17k,fitz_cbe21d899f4a65ce27c19991565889a1,light,1,malignant
0,0.5649694800376892,1,fitzpatrick17k,fitz_b28450c55ea4e0d0b075c6e87c9119d3,light,1,benign
0,0.8052587509155273,1,fitzpatrick17k,fitz_b8b10fd021b717ac6fbc16228fac527f,light,2,benign
0,0.7185765504837036,1,fitzpatrick17k,fitz_f9c77f9a371409116a137947cb5bcee6,light,2,benign
1,0.8498950600624084,1,fitzpatrick17k,fitz_b1ef89446212681c2eac7dde82654133,light,1,malignant
0,0.8351216316223145,1,fitzpatrick17k,fitz_2da89b781d450fc5c6b768f6290d1243,light,1,benign
0,0.6779256463050842,1,fitzpatrick17k,fitz_00c5083c6fe716b4fc02a814856ec7e8,medium,3,benign
0,0.7412189245223999,1,fitzpatrick17k,fitz_bb4f6bd8661b8f0a52ccaef5f2fc5b56,medium,4,benign
0,0.9023754000663757,1,fitzpatrick17k,fitz_5f92efcc267ed747987f9b43a5bf6188,light,2,benign
0,0.7404876947402954,1,fitzpatrick17k,fitz_c6a9be15246f408c883b625dc7bc5662,light,2,benign
1,0.41334426403045654,1,fitzpatrick17k,fitz_e783339effbc628d8b5392db27ba6716,medium,4,malignant
0,0.7010530829429626,1,fitzpatrick17k,fitz_e02d985c2fd40bf343fca2be6e6d555b,light,2,benign
0,0.6079710125923157,1,fitzpatrick17k,fitz_a36d079aeee1bd073859a3af6041c4f4,light,2,benign
1,0.8168503046035767,1,fitzpatrick17k,fitz_48a2d3c07db35f6232411a257e7a95e9,light,1,malignant
0,0.6136174201965332,1,fitzpatrick17k,fitz_9f87c2581d732a530064347a2cb272b2,light,1,benign
0,0.6227789521217346,1,fitzpatrick17k,fitz_3d1d0860a78de13c3b5237bd3404eb15,light,2,benign
0,0.8798286318778992,1,fitzpatrick17k,fitz_2f37c56e176fa36370e96baa1a894473,medium,4,benign
0,0.4125739634037018,1,fitzpatrick17k,fitz_60223977a479ed35f4429fd9dd0d0972,light,2,benign
1,0.8368828892707825,1,fitzpatrick17k,fitz_f09c390a5c161dae5c0f1d47a48dfcfa,light,2,malignant
1,0.7563503980636597,1,fitzpatrick17k,fitz_00c67e6f49ebec99a9db8dc74064cbd3,light,2,malignant
0,0.3551517426967621,1,fitzpatrick17k,fitz_5bce196c1c7f7c7e887db6c5d8fbcde1,medium,3,benign
1,0.7417563796043396,1,fitzpatrick17k,fitz_32dc52b5114e1aac6dab9fca50a6746a,light,2,malignant
0,0.45142611861228943,1,fitzpatrick17k,fitz_ca75ffdc7e72a05c15b58b6763d00950,medium,4,benign
0,0.41893550753593445,1,fitzpatrick17k,fitz_bc6205466d4d5b870a8a7da5402485cd,light,2,benign
1,0.5250433683395386,1,fitzpatrick17k,fitz_735dbc37793f6e7200b54898591fd31f,light,2,malignant
0,0.888013482093811,1,fitzpatrick17k,fitz_bd7012a120989a1526406d1b3a54934a,light,2,benign
1,0.7723252177238464,1,fitzpatrick17k,fitz_ba27cb751e2206d835f02b35aea42a7c,light,1,malignant
0,0.8106858134269714,1,fitzpatrick17k,fitz_7494f71845aa6663c050f6c029fd2f1d,medium,3,benign
1,0.857795238494873,1,fitzpatrick17k,fitz_740692c63bd9548c20fd137692455bb7,light,1,malignant
0,0.7828555703163147,1,fitzpatrick17k,fitz_5df724c6d38885cf245b8413cffab3f7,light,2,benign
0,0.7587842345237732,1,fitzpatrick17k,fitz_92fbc59d8f01e9b17f1b2be5fdbcf097,dark,5,benign
0,0.7112371325492859,1,fitzpatrick17k,fitz_19883466fd06fc2633e25ba5f0321824,medium,4,benign
1,0.7974759340286255,1,fitzpatrick17k,fitz_430f3cba46045b2e5eb12092c03b98fd,medium,3,malignant
0,0.6164836287498474,1,fitzpatrick17k,fitz_3d2be4881ff91259398649e3fc6fd399,light,1,benign
0,0.26176998019218445,1,fitzpatrick17k,fitz_4c13c43d94b40d67d67326ecbd46fd2c,medium,3,benign
0,0.7732895016670227,1,fitzpatrick17k,fitz_868f958c11b28e37a895cf599fa6004a,light,1,benign
1,0.8450947403907776,1,fitzpatrick17k,fitz_571a7ca172102713144a90ebef56f79a,light,1,malignant
1,0.7448498010635376,1,fitzpatrick17k,fitz_12aff52bef4cb6d836dbb03ffb578817,medium,3,malignant
0,0.8826548457145691,1,fitzpatrick17k,fitz_94e13acda71bc8d340d30f23dedcecf3,light,2,benign
0,0.8333860635757446,1,fitzpatrick17k,fitz_bf836d1420aecd9f0c1965ab4013326a,light,2,benign
0,0.7840487360954285,1,fitzpatrick17k,fitz_ee978d469f2a50f16638f9f571e39115,light,2,benign
0,0.05709928646683693,0,fitzpatrick17k,fitz_4e1b23118a5f89ee36b4e4b2d1d8718a,light,2,benign
0,0.7025752663612366,1,fitzpatrick17k,fitz_f09d722b7a405f63f6ae4c1bea67faf4,light,2,benign
1,0.7062454223632812,1,fitzpatrick17k,fitz_9b710ed7f697424f8645ec47db9b03ac,light,2,malignant
1,0.8557465672492981,1,fitzpatrick17k,fitz_d4bc1c91b2d568108d77e93011564a6c,light,2,malignant
0,0.4606863260269165,1,fitzpatrick17k,fitz_98ebd0568dc1804989f83706c229b5b7,medium,4,benign
0,0.8555939197540283,1,fitzpatrick17k,fitz_742c83b0b5b1a14e8cddbef28108ae17,light,1,benign
1,0.7686395645141602,1,fitzpatrick17k,fitz_6a9b56f5a0721bde502d526ac0128936,light,2,malignant
0,0.38775020837783813,1,fitzpatrick17k,fitz_aa887512db391b7195e1380e0ba58264,medium,4,benign
1,0.7605352401733398,1,fitzpatrick17k,fitz_f25f5a5c007b2ce64cab66fb6037d9d6,light,2,malignant
0,0.7400335669517517,1,fitzpatrick17k,fitz_08308a46a6beb08c66e5872868a485bf,medium,3,benign
0,0.6804168224334717,1,fitzpatrick17k,fitz_9b80d9d1d2a4d500332eb8a4e535e477,medium,3,benign
0,0.8057835698127747,1,fitzpatrick17k,fitz_c5697d664a8030cc92f976c7c4fdcb34,medium,3,benign
1,0.6643491387367249,1,fitzpatrick17k,fitz_dabb7b14d2d6adc6b3a5a87aaa0238b2,medium,3,malignant
1,0.24101796746253967,1,fitzpatrick17k,fitz_635cdb6a1cd94c714c8c393adb7c3ac1,light,2,malignant
1,0.7644920945167542,1,fitzpatrick17k,fitz_d13e9416a0204d2e004f93eb5f853448,dark,5,malignant
1,0.39778658747673035,1,fitzpatrick17k,fitz_caf7053829e13ecad9c9bdf62fa1b4b5,medium,3,malignant
1,0.8119599223136902,1,fitzpatrick17k,fitz_bee88dc65d5e44cd737ec52175801940,light,2,malignant
1,0.7851507067680359,1,fitzpatrick17k,fitz_3e31ac6eb572d47fa7dcf890d6c16dc6,light,1,malignant
0,0.07927310466766357,0,fitzpatrick17k,fitz_1f0af24c77f720c6c009b0aaae30c3ea,medium,3,benign
1,0.8600209355354309,1,fitzpatrick17k,fitz_c8c64c7694e42369e74a0905055728f1,light,1,malignant
1,0.6858406066894531,1,fitzpatrick17k,fitz_925ad6d312f71a30cdb5c5e4e773d8a8,light,2,malignant
1,0.8330439329147339,1,fitzpatrick17k,fitz_6822f9362f5560a53dfdf79fb77d48b4,light,1,malignant
0,0.7899397611618042,1,fitzpatrick17k,fitz_3c780e90b5e0638a766c9f01f4ffd2ef,light,1,benign
0,0.8115215301513672,1,fitzpatrick17k,fitz_85cd558777b881b5a3294367ffd253a0,light,2,benign
1,0.7871633768081665,1,fitzpatrick17k,fitz_d3503da01b612ccb8cdeb1d72fb00298,light,2,malignant
1,0.9306132197380066,1,fitzpatrick17k,fitz_80e45e3f57a4c7003a5b80d46975897a,light,2,malignant
0,0.76242995262146,1,fitzpatrick17k,fitz_607feae3c6d99925958dc04c439ee530,light,1,benign
1,0.7780375480651855,1,fitzpatrick17k,fitz_5512481841ce893577f1bc1080350cff,light,1,malignant
0,0.7839375138282776,1,fitzpatrick17k,fitz_f54ce8428abecb237b5b9e127ca5f880,light,2,benign
1,0.8121738433837891,1,fitzpatrick17k,fitz_16f3f152b2a7e9d550615d6f70f2bf38,medium,4,malignant
1,0.8271574974060059,1,fitzpatrick17k,fitz_acd57aaf06dc6e19273354f1d8aa9506,light,1,malignant
0,0.39321503043174744,1,fitzpatrick17k,fitz_dc3ea7bc88855bd4da3ebe0cf2412733,medium,4,benign
0,0.8190186023712158,1,fitzpatrick17k,fitz_784b540a0e8eb55db7d850b538d3e5f1,light,1,benign
0,0.7440586090087891,1,fitzpatrick17k,fitz_16b1c46677ef7bad4b2caf68cafa6c56,light,2,benign
0,0.7280057668685913,1,fitzpatrick17k,fitz_d3f358fe4091906cee88215795b77038,medium,3,benign
0,0.5761021375656128,1,fitzpatrick17k,fitz_a5645ca9f8d3b3a188e20c81bda97359,light,1,benign
1,0.7699413299560547,1,fitzpatrick17k,fitz_0bbce93bf42cfa2165ab4f2930845cd4,light,1,malignant
1,0.6145488619804382,1,fitzpatrick17k,fitz_89fac5f4cd1f6d2a181337f8b2b30752,light,1,malignant
0,0.7430626749992371,1,fitzpatrick17k,fitz_2c6a4a93bfe730618180907b34d875d7,light,2,benign
1,0.7667669057846069,1,fitzpatrick17k,fitz_309f71ddfd6e5ec10f83992f9a664932,light,1,malignant
0,0.7929955124855042,1,fitzpatrick17k,fitz_490f287fb8e3d3bd211725e906d4e07c,medium,4,benign
0,0.8062059879302979,1,fitzpatrick17k,fitz_b94e8082f033bc6c41e584d339bfc633,light,1,benign
1,0.8095902800559998,1,fitzpatrick17k,fitz_2556115afac9e4b4440340c359b72980,medium,4,malignant
0,0.7178086638450623,1,fitzpatrick17k,fitz_6b4a5e8c12cf5cb1d7767d87394921ef,light,2,benign
1,0.8282162547111511,1,fitzpatrick17k,fitz_f67c5d66436fcf3f656cb2ab5bd026df,light,2,malignant
1,0.782666802406311,1,fitzpatrick17k,fitz_d9491d49e41af0734b1bfe6e4cde4ade,medium,3,malignant
0,0.6714441180229187,1,fitzpatrick17k,fitz_2b2eaefc894ecc71d0b0a13afef1ad9b,light,1,benign
0,0.6331263184547424,1,fitzpatrick17k,fitz_13536ee2b1880f6f8265a419bbe8cd40,light,2,benign
0,0.7837987542152405,1,fitzpatrick17k,fitz_45bf5b097b5bd1001b8e9eb2cda52c74,light,2,benign
1,0.7561827898025513,1,fitzpatrick17k,fitz_861205f569d0f00f0695f079bf1ec296,light,2,malignant
0,0.8546446561813354,1,fitzpatrick17k,fitz_49f425e08461335cdc29c2bd848884b3,light,1,benign
0,0.8535869717597961,1,fitzpatrick17k,fitz_f45c9e9dd24903c26f37ae35dfae843b,medium,4,benign
0,0.6823234558105469,1,fitzpatrick17k,fitz_b0731341c7d1145f341ad95a7876bdc9,light,2,benign
1,0.34661370515823364,1,fitzpatrick17k,fitz_0ee34d8cc387db6430bba2d2ce793ac9,light,2,malignant
0,0.5780338644981384,1,fitzpatrick17k,fitz_8132e479afef009487b6f52625f43a7d,medium,3,benign
0,0.719820499420166,1,fitzpatrick17k,fitz_5cee757db67e94e55ac890e1e25aefea,medium,3,benign
1,0.8058868050575256,1,fitzpatrick17k,fitz_1e4917eb8252158b3e1de9ab8a4110ff,light,2,malignant
0,0.9622676968574524,1,fitzpatrick17k,fitz_3a9e8348a8c8673250c009cd940bd082,light,2,benign
1,0.8255301117897034,1,fitzpatrick17k,fitz_62318269e0e3e839c5d063ad8d8676b2,light,2,malignant
1,0.7906809449195862,1,fitzpatrick17k,fitz_840db47356fcaadc19f36af0843a12c8,light,2,malignant
0,0.8324046730995178,1,fitzpatrick17k,fitz_6f971def61306f5c79993a9d87c95f09,medium,3,benign
1,0.8193870186805725,1,fitzpatrick17k,fitz_118004ae04d7c04a7abb96c38483b6b0,light,1,malignant
0,0.6305893659591675,1,fitzpatrick17k,fitz_a21a94db134cb286569481ed48362478,light,2,benign
0,0.8202494978904724,1,fitzpatrick17k,fitz_12d8f73d904a3c86dfa4076c09c63316,light,1,benign
0,0.6738967299461365,1,fitzpatrick17k,fitz_18ada6cd1bf0888784eaadadd531b26c,light,2,benign
1,0.41746780276298523,1,fitzpatrick17k,fitz_f0bad4eac2969ce9efe3116bda407e70,light,2,malignant
0,0.30869099497795105,1,fitzpatrick17k,fitz_eb59c26469a2593257987b77965a6a7b,medium,3,benign
1,0.782926082611084,1,fitzpatrick17k,fitz_c654431b35ae082b8b5ec407fbdc501b,light,1,malignant
1,0.8443915843963623,1,fitzpatrick17k,fitz_df0ccf61a18dd7434630862455337495,light,1,malignant
1,0.7692726850509644,1,fitzpatrick17k,fitz_b4d8bec23e7dd5dfde93e9632f317ea7,light,2,malignant
1,0.7740138173103333,1,fitzpatrick17k,fitz_074e696e6cdf066eabf5b68d957487c9,light,2,malignant
1,0.7164404392242432,1,fitzpatrick17k,fitz_8a091188db498974b231e3e4eb542317,medium,3,malignant
1,0.8231155276298523,1,fitzpatrick17k,fitz_c465d8b7a4273c618cea01568be5299a,dark,6,malignant
1,0.8720955848693848,1,fitzpatrick17k,fitz_21a8b19f40009c5473c80977bf9efbf4,light,1,malignant
0,0.28519007563591003,1,fitzpatrick17k,fitz_fdbc2b165cfa772a4ea0a676e1abd141,medium,4,benign
0,0.0677715539932251,0,fitzpatrick17k,fitz_71519f71874f422ce1725b42cb8f689b,medium,3,benign
0,0.669244110584259,1,fitzpatrick17k,fitz_01b307cbf4429ec1b5ec9d4e1eaefbe4,medium,4,benign
0,0.904273509979248,1,fitzpatrick17k,fitz_fdd264496207d775fa6dedb4ebfe26bb,light,2,benign
0,0.6929715871810913,1,fitzpatrick17k,fitz_ba0322417bc6fcf4280d46182c1c18a0,light,2,benign
1,0.8227552175521851,1,fitzpatrick17k,fitz_937958a33a48e5f49058b3f598dfaf30,light,2,malignant
1,0.7846150994300842,1,fitzpatrick17k,fitz_6356561c31f7f041f30e0bf9f96e4372,light,2,malignant
0,0.23140180110931396,1,fitzpatrick17k,fitz_71b9ba4fd2814621b105b61a2d64dda1,light,1,benign
1,0.8518848419189453,1,fitzpatrick17k,fitz_7c6b7a1a6e946bcefd118b37ca1e6e1c,medium,3,malignant
0,0.6954612731933594,1,fitzpatrick17k,fitz_ad242dab2234272b371264c3be8ad05f,medium,3,benign
1,0.8154494166374207,1,fitzpatrick17k,fitz_ada18724a43831db99512cf39a174d0a,medium,3,malignant
1,0.5533028841018677,1,fitzpatrick17k,fitz_6f64857e9c143d28a6170bc774706814,light,1,malignant
0,0.7037687301635742,1,fitzpatrick17k,fitz_755dc8d54e3b79614ef44c9a8434e8b9,medium,3,benign
0,0.8319503664970398,1,fitzpatrick17k,fitz_dafa8331d9e81cf78a60d7b42175d044,medium,3,benign
0,0.6876559853553772,1,fitzpatrick17k,fitz_f17ef6aa971a4075cd4e10033b947e89,light,1,benign
1,0.7950268387794495,1,fitzpatrick17k,fitz_7d208d81c92aad68c4447cc93e1793ee,dark,5,malignant
0,0.8618716597557068,1,fitzpatrick17k,fitz_1c5533601ebb88cf1900047a3a38b6bd,dark,5,benign
0,0.11723766475915909,0,fitzpatrick17k,fitz_72cbe38c60606f22142a99815a5a7bc6,light,1,benign
0,0.37947380542755127,1,fitzpatrick17k,fitz_3fe39fb0cdde5bb5ff0d0c6a70b6e3da,light,2,benign
0,0.7090052366256714,1,fitzpatrick17k,fitz_773ad86674166846f5568c000bc394a1,medium,3,benign
1,0.828083872795105,1,fitzpatrick17k,fitz_e520e4def3c3276b791424d53cd3df47,dark,5,malignant
1,0.8513240814208984,1,fitzpatrick17k,fitz_de6e77794b9d6b4633d45a6454e66cb2,dark,6,malignant
0,0.6819238066673279,1,fitzpatrick17k,fitz_5183f2de2bc830cec21983a412ae7e9e,light,1,benign
0,0.7377032041549683,1,fitzpatrick17k,fitz_8f3886d15b8f8e2ffb61d73c5802c113,medium,4,benign
1,0.8812571167945862,1,fitzpatrick17k,fitz_dc6b70e34949c1fa255c0c936fc53655,light,1,malignant
1,0.8799954652786255,1,fitzpatrick17k,fitz_d98bea04bd38bb2f6591bcb2a0336eff,light,2,malignant
0,0.7460605502128601,1,fitzpatrick17k,fitz_46e8e18c64c228c71550ae4f50a92036,light,2,benign
0,0.8266631960868835,1,fitzpatrick17k,fitz_a6d66f5b22fe69c436d3e34efad7f2bc,light,2,benign
0,0.8052958846092224,1,fitzpatrick17k,fitz_7bb69509f512bb7583718706767537fd,light,2,benign
0,0.7840411067008972,1,fitzpatrick17k,fitz_22c442109c60a5733da9287d6372b8ab,light,2,benign
0,0.8871721029281616,1,fitzpatrick17k,fitz_6275c16eb9167262e83ed41a861da9d7,medium,3,benign
0,0.7818328738212585,1,fitzpatrick17k,fitz_3e24acec59317c0c6f8358ba86607fc0,light,2,benign
0,0.657369077205658,1,fitzpatrick17k,fitz_11443defefe1ad449879843cfed98c90,medium,4,benign
1,0.8829314112663269,1,fitzpatrick17k,fitz_6cb2868a96ad853abffa7a057b19c975,light,2,malignant
0,0.9010239839553833,1,fitzpatrick17k,fitz_33d7d2e1277143a7356f628723bc39e1,medium,3,benign
1,0.4054913818836212,1,fitzpatrick17k,fitz_27d3995ec59459b948ac34e16d92a49d,light,1,malignant
0,0.6646625995635986,1,fitzpatrick17k,fitz_d8b3dc2a65b4cec451a05d16dba218a1,dark,5,benign
0,0.765332818031311,1,fitzpatrick17k,fitz_123f1416445adb8b3b5bb5f9a4ee6eb9,light,2,benign
0,0.8516654372215271,1,fitzpatrick17k,fitz_b71b494676eabaf2377dbacbd4b3c18c,light,1,benign
0,0.6977808475494385,1,fitzpatrick17k,fitz_b916515368b57cb31f34a99ba6d12eee,medium,3,benign
0,0.823876142501831,1,fitzpatrick17k,fitz_dcea8f755d638e11fe9f69e9e058d4a6,light,1,benign
0,0.7730669975280762,1,fitzpatrick17k,fitz_1023d89e2f3b04f7dceba5b9dc0c25e3,light,2,benign
0,0.8787338733673096,1,fitzpatrick17k,fitz_c505ecef64b561953eeb4ad3fcdfbeea,medium,3,benign
1,0.7739001512527466,1,fitzpatrick17k,fitz_43d1ad58b37a7ef9994833b266bf4a98,medium,3,malignant
0,0.8528199195861816,1,fitzpatrick17k,fitz_13ce683b41cc842f3ceaaa767d0ff1b0,light,2,benign
1,0.8191894292831421,1,fitzpatrick17k,fitz_af048401c6e99acaba177eef6c43c45c,dark,6,malignant
0,0.765807569026947,1,fitzpatrick17k,fitz_ee7738e9feb8776681ccb0b5b9abbcdf,medium,3,benign
1,0.3644178807735443,1,fitzpatrick17k,fitz_0afbf2ec3f745735dc677ca739055838,light,2,malignant
1,0.8947833180427551,1,fitzpatrick17k,fitz_c04c5f3afa749fb75019acfe5f243877,light,2,malignant
1,0.878616988658905,1,fitzpatrick17k,fitz_42a371e91ff71144255dee4978b5a141,light,2,malignant
1,0.16784343123435974,1,fitzpatrick17k,fitz_73f11ac25272679272816f98e19f47e8,light,2,malignant
0,0.6287937760353088,1,fitzpatrick17k,fitz_bbedf554ba7e3e984dd85bce54c87a7a,light,2,benign
0,0.6528393030166626,1,fitzpatrick17k,fitz_a1a88ed01d7bb83af84d8f4df1f72744,medium,3,benign
0,0.12194417417049408,0,fitzpatrick17k,fitz_3252b65793c388c7ae6a76f0f39118ba,medium,4,benign
0,0.7132391333580017,1,fitzpatrick17k,fitz_f5e637561c136f689c6cc1305f7dc88e,medium,3,benign
0,0.7952338457107544,1,fitzpatrick17k,fitz_7efe1b1d6a4bc821b98e5cbe6dfd077c,medium,4,benign
0,0.7310729622840881,1,fitzpatrick17k,fitz_a5d29f02b817abdc648f7c0d8ace86db,light,1,benign
0,0.8314568400382996,1,fitzpatrick17k,fitz_13d64f9a6400be36be08e6bff4bd2f62,light,2,benign
0,0.6145967841148376,1,fitzpatrick17k,fitz_64701a744eb73be65ed2da19db4092dd,light,1,benign
1,0.7601750493049622,1,fitzpatrick17k,fitz_94a653cb025b2a6a464cd21a32ddba68,medium,3,malignant
0,0.7153530716896057,1,fitzpatrick17k,fitz_da109ffc19dc029bb71698a05419e9ff,light,1,benign
0,0.7270378470420837,1,fitzpatrick17k,fitz_3e96f0e6bdf82fe4ee5d7635c76f32a7,light,1,benign
1,0.848721444606781,1,fitzpatrick17k,fitz_b89758afa9975102aa1f58322cf3c8fa,dark,6,malignant
1,0.2234177142381668,1,fitzpatrick17k,fitz_846d5436d995ac586b03958fbcfc1a96,light,2,malignant
0,0.10975924134254456,0,fitzpatrick17k,fitz_49948266f4b2fc08c7c3155f519ae624,medium,4,benign
0,0.8754295706748962,1,fitzpatrick17k,fitz_ed0040a52ad799323e20155800972781,light,2,benign
0,0.6649771928787231,1,fitzpatrick17k,fitz_ed522f3617a30ab79fa11e140d442e2d,light,1,benign
1,0.7749649286270142,1,fitzpatrick17k,fitz_8926d455016b17296638b119b6962cf2,light,2,malignant
1,0.7227900624275208,1,fitzpatrick17k,fitz_0a5c59128959230b7b3005d277a7c8e6,light,1,malignant
1,0.8419767022132874,1,fitzpatrick17k,fitz_d4862d1b866e2c536dde339f60de4f0d,dark,5,malignant
0,0.7859339714050293,1,fitzpatrick17k,fitz_47e5ba3f79a843355e461cfcb563d8bb,medium,4,benign
0,0.6945711374282837,1,fitzpatrick17k,fitz_8efc2c719c6f185ad4174e7612a450f1,light,1,benign
0,0.40795212984085083,1,fitzpatrick17k,fitz_f996199e614a87b407e098365bf6bafd,medium,4,benign
0,0.3464270532131195,1,fitzpatrick17k,fitz_7db71f8f3a8a5f6e9ffab45ab54740ec,light,2,benign
0,0.37016192078590393,1,fitzpatrick17k,fitz_68e5ea92675eacee2d84ea0c456fc55b,medium,3,benign
1,0.9056971073150635,1,fitzpatrick17k,fitz_50ef304493d2ca4767c6def8079f1216,light,2,malignant
0,0.7112135887145996,1,fitzpatrick17k,fitz_2751563d9c721e6a3d8a0d3e4dd4d834,light,2,benign
0,0.7286039590835571,1,fitzpatrick17k,fitz_e020308630c7f4286f0514031b4caa31,dark,5,benign
0,0.3980206549167633,1,fitzpatrick17k,fitz_b242e3ca4d29706f96a1ffdb45c9ecec,light,1,benign
0,0.08251429349184036,0,fitzpatrick17k,fitz_31f7d876b0149ec7917827c8b75ebd70,light,2,benign
0,0.83025723695755,1,fitzpatrick17k,fitz_961154706f5938c81e64757ae78fa2d5,medium,4,benign
1,0.737581193447113,1,fitzpatrick17k,fitz_aad76025ff2ae079b4d8c881496c3372,light,2,malignant
0,0.6338667869567871,1,fitzpatrick17k,fitz_27da81c09d3981318a1ff175ad12628e,medium,4,benign
0,0.17867515981197357,1,fitzpatrick17k,fitz_154f2b88141017a3958bdbd406444d1f,light,1,benign
1,0.8460311889648438,1,fitzpatrick17k,fitz_306991d08929be5a1c9cad3ecc9423bf,light,1,malignant
0,0.6266418695449829,1,fitzpatrick17k,fitz_680677da5d0a179da5fdb87ba1d8c54c,medium,3,benign
1,0.7382838129997253,1,fitzpatrick17k,fitz_6e2da28f9169bd9f68f13afaa53f8500,medium,3,malignant
1,0.8663150072097778,1,fitzpatrick17k,fitz_1cd8f03f830d793aaeea0181f0863f00,light,1,malignant
1,0.8156682252883911,1,fitzpatrick17k,fitz_c861de9262f7289ad4b5730f7ec2a28a,light,2,malignant
0,0.6444112658500671,1,fitzpatrick17k,fitz_f21f7b5ec113e2fb4e705e550e918077,medium,4,benign
0,0.7193304896354675,1,fitzpatrick17k,fitz_a7ef35e99387ff1227baced72467dc1f,light,1,benign
1,0.7377088069915771,1,fitzpatrick17k,fitz_16d1e6b4143c88cb158a50ea8bc3a595,light,1,malignant
0,0.5749413967132568,1,fitzpatrick17k,fitz_d71fd281d8bd9111b184c15c0fc26696,light,2,benign
0,0.8721437454223633,1,fitzpatrick17k,fitz_0cfd9aedeb0daf2288a021d08b5de1f1,light,2,benign
0,0.7340695261955261,1,fitzpatrick17k,fitz_ffb2a785dd5182f2375ab2a3bf839f60,light,2,benign
1,0.7584951519966125,1,fitzpatrick17k,fitz_c094d187bbdb87186eed24cba84dea57,medium,3,malignant
0,0.6887655854225159,1,fitzpatrick17k,fitz_f6095846440acca969ac59cc7fc70f63,dark,5,benign
0,0.8467245101928711,1,fitzpatrick17k,fitz_20fa1e49372b9f495b9d7117f4f2d3bc,light,2,benign
1,0.8276581168174744,1,fitzpatrick17k,fitz_088f75621475639f8316e4a34b170ac6,light,1,malignant
0,0.8247877955436707,1,fitzpatrick17k,fitz_fac50755ac0a661403eedb4f63ab2d6d,light,1,benign
0,0.7713153958320618,1,fitzpatrick17k,fitz_e2d169e32d36ab5e938f8c73245fa3d9,medium,4,benign
0,0.36847254633903503,1,fitzpatrick17k,fitz_451a05110fd70567b2451c6ab70d4076,light,2,benign
1,0.5719263553619385,1,fitzpatrick17k,fitz_ecc71c47ea7467dd1dfb3ba6ad63ce1f,light,2,malignant
1,0.7767923474311829,1,fitzpatrick17k,fitz_f1768f126b20979695dfd986ba5ec740,light,2,malignant
0,0.3091294467449188,1,fitzpatrick17k,fitz_b1b9ba6988d24ae71f03cfd606809f23,dark,5,benign
1,0.9004930853843689,1,fitzpatrick17k,fitz_0985c22c8970eba50121bc9f5074a49d,dark,5,malignant
1,0.8476871848106384,1,fitzpatrick17k,fitz_78382a7d765d851c7f0a0e4951432cf3,light,2,malignant
0,0.7968848943710327,1,fitzpatrick17k,fitz_9873f403294c49aaf69bd77d264e5d03,medium,3,benign
0,0.6494401693344116,1,fitzpatrick17k,fitz_f2595d53264c01b372ee9acb4591461f,medium,3,benign
1,0.7754796147346497,1,fitzpatrick17k,fitz_9e555077493565a25648af77a1da5e06,dark,5,malignant
1,0.7486849427223206,1,fitzpatrick17k,fitz_e5274fb265a7fbd6db292a6e8959f467,light,2,malignant
0,0.7877539396286011,1,fitzpatrick17k,fitz_5a979dede913c66b84ff4e61cf4d8413,medium,3,benign
1,0.929826557636261,1,fitzpatrick17k,fitz_c58294e3e0d27de8c4e0752a83713fda,light,2,malignant
1,0.8312409520149231,1,fitzpatrick17k,fitz_ddc2dbe2b62e2bb78ce1b4305110b67f,medium,4,malignant
0,0.946894109249115,1,fitzpatrick17k,fitz_71164a9bcf9e6fc461312174ada1d867,light,1,benign
0,0.8623060584068298,1,fitzpatrick17k,fitz_4fb37a02a43af27df0dbe3354331047a,light,2,benign
1,0.8889216780662537,1,fitzpatrick17k,fitz_e642ea55ce353ec974309c87f4da7373,dark,5,malignant
1,0.3498093783855438,1,fitzpatrick17k,fitz_ec61f2a80eb538e8a65683ed35a325b0,light,1,malignant
0,0.4561781883239746,1,fitzpatrick17k,fitz_1e6e260a613545a360b0ad5dc3ed7c70,medium,4,benign
0,0.7299168705940247,1,fitzpatrick17k,fitz_7594f06ae855c9dc3e96f76701168ee9,light,2,benign
0,0.8278288245201111,1,fitzpatrick17k,fitz_1e5ee09dc72406960a4091527c00765f,medium,3,benign
0,0.557121753692627,1,fitzpatrick17k,fitz_f94db20d1300270c97ff02dad941d295,medium,4,benign
0,0.7267239093780518,1,fitzpatrick17k,fitz_0552f0ffd7f1125b7cdf8e44bdbfc0c6,light,2,benign
1,0.8126020431518555,1,fitzpatrick17k,fitz_82c7173ab4927d071fb7a749f8ae2a5f,light,2,malignant
0,0.7984371781349182,1,fitzpatrick17k,fitz_32020563a40c3090c9458e56f0894eba,medium,4,benign
1,0.7760699987411499,1,fitzpatrick17k,fitz_cc21b8b35c671d672d568d98d0434f08,light,1,malignant
0,0.1976487636566162,1,fitzpatrick17k,fitz_26b46628697510ce0ede5851006d5c34,dark,5,benign
1,0.7396863698959351,1,fitzpatrick17k,fitz_87744122fe5225740f28b88d42660aa3,dark,5,malignant
0,0.7700841426849365,1,fitzpatrick17k,fitz_535e72695bd844f8ef74d4aab4299f33,dark,5,benign
1,0.8714942336082458,1,fitzpatrick17k,fitz_47ae0164d37b5c26a524d8b33132fcb5,light,2,malignant
1,0.755699872970581,1,fitzpatrick17k,fitz_ef8764929195f82e746759b520fdedb7,light,2,malignant
1,0.7700090408325195,1,fitzpatrick17k,fitz_dae64acd175779ecde037eae28efd733,medium,4,malignant
1,0.7937562465667725,1,fitzpatrick17k,fitz_469aefba5c7c7d0a4c3b135cefe4ed73,light,2,malignant
0,0.4946589171886444,1,fitzpatrick17k,fitz_78643b37e30d73f48e28fac2eacf3661,medium,4,benign
1,0.8802241086959839,1,fitzpatrick17k,fitz_361528caed6ebd18a0a558726a3999c0,light,2,malignant
0,0.6464264392852783,1,fitzpatrick17k,fitz_12056f489798de5eb80a7d07dde875df,light,2,benign
0,0.726858913898468,1,fitzpatrick17k,fitz_875d5de50f024ffdceed2c3f2b039214,medium,4,benign
0,0.7016928791999817,1,fitzpatrick17k,fitz_dbdd739d5bd681a42444fcd0a8f9259a,light,2,benign
1,0.8197342753410339,1,fitzpatrick17k,fitz_d84e0c83920384e79354019fd467e6b1,light,2,malignant
0,0.679111123085022,1,fitzpatrick17k,fitz_a4ccb4205a5b4da52caca600ca3433f0,light,1,benign
0,0.2046477198600769,1,fitzpatrick17k,fitz_291743ecf5f389f17a54c43e5b40663d,light,2,benign
0,0.8188143968582153,1,fitzpatrick17k,fitz_1323cbd6ca0833ff55b6ecad90dc828b,light,2,benign
0,0.7251878380775452,1,fitzpatrick17k,fitz_604e6422286b8747a9c78c3d049ada83,dark,5,benign
1,0.8212295174598694,1,fitzpatrick17k,fitz_f1a8ee83b4685293766735b551acea9b,medium,3,malignant
0,0.6490155458450317,1,fitzpatrick17k,fitz_d28d3c4548f7d21b34cd5908b110984f,light,2,benign
0,0.81464022397995,1,fitzpatrick17k,fitz_4d1e620c7134299fe96eecba9f12991d,medium,4,benign
1,0.734326958656311,1,fitzpatrick17k,fitz_2108e9d766f1c6ed6ad83765f576d347,light,2,malignant
0,0.8055456280708313,1,fitzpatrick17k,fitz_5491afb7705ed393a798e8317fd57d48,light,2,benign
0,0.02147194929420948,0,fitzpatrick17k,fitz_fac57a2990fe1215d87e4df8cb6eb9e9,light,1,benign
0,0.5249160528182983,1,fitzpatrick17k,fitz_b1c5c24ec2abad0b372c5f66b09cbc22,light,2,benign
1,0.7372956275939941,1,fitzpatrick17k,fitz_1744e96d318e4d053e925521e69b8ad6,light,2,malignant
0,0.8057037591934204,1,fitzpatrick17k,fitz_7abf608a83999782a019e76b38498819,light,1,benign
1,0.6722127795219421,1,fitzpatrick17k,fitz_263049401830de0dee7571422e407e47,medium,4,malignant
0,0.9001360535621643,1,fitzpatrick17k,fitz_6959d7c3d12b67da344cf59ba8c11f22,light,2,benign
0,0.21340106427669525,1,fitzpatrick17k,fitz_f5a430b5ac8a21e729a94572007915c0,medium,4,benign
1,0.6984487771987915,1,fitzpatrick17k,fitz_d426cd06dab461c27fac4964b9865769,medium,3,malignant
1,0.5344629883766174,1,fitzpatrick17k,fitz_2b7997290f5080c552bd7a9041ca3141,light,2,malignant
0,0.711458683013916,1,fitzpatrick17k,fitz_a141b19f10d2ed716b3f34c0c7612fdd,medium,3,benign
0,0.7460980415344238,1,fitzpatrick17k,fitz_0ca870413a13e07dc10b44cb327e1289,light,1,benign
0,0.8970514535903931,1,fitzpatrick17k,fitz_935062a8a821a27e6a8c6bd069d45966,light,1,benign
1,0.664618968963623,1,fitzpatrick17k,fitz_7f7412968370a10d8efd55dc1f8751eb,medium,3,malignant
0,0.4106157422065735,1,fitzpatrick17k,fitz_61c021a8acd87dd9da55381b44e05396,light,2,benign
0,0.4485636055469513,1,fitzpatrick17k,fitz_4911f2d6b92042664419ac56180140d9,medium,3,benign
0,0.8736479878425598,1,fitzpatrick17k,fitz_02dfbc0e14a4655ca9190705fe1b7d56,medium,3,benign
0,0.7911636829376221,1,fitzpatrick17k,fitz_59ea6b7bab68c9febbb3ea633763a406,light,2,benign
0,0.5751327872276306,1,fitzpatrick17k,fitz_fefa0bd8f7bd9ca0eb50baa22a68ce80,light,1,benign
1,0.7379416227340698,1,fitzpatrick17k,fitz_c0fbc46df75bf601b8cf5f869c76d6d3,medium,3,malignant
0,0.7557240724563599,1,fitzpatrick17k,fitz_fd3fdc5110af7828c87a952582efa397,light,1,benign
0,0.7670872211456299,1,fitzpatrick17k,fitz_235da66ca102235ca8082fc5787ed582,light,2,benign
1,0.7826475501060486,1,fitzpatrick17k,fitz_624ea4699ff36103f7eb2c040b4933fe,light,2,malignant
0,0.33856838941574097,1,fitzpatrick17k,fitz_cb7563dff4b62c2b692d1d324882c336,light,2,benign
1,0.8444075584411621,1,fitzpatrick17k,fitz_74e9c27efd60a074b6b4d7e40f61c270,light,2,malignant
0,0.10442179441452026,0,fitzpatrick17k,fitz_df793da81b7dca0e34644d8382ecba89,light,1,benign
0,0.8286815881729126,1,fitzpatrick17k,fitz_9cc455f198607c4614dbd86c004dac38,light,2,benign
0,0.8668820858001709,1,fitzpatrick17k,fitz_11503a7ccd7fd1209c0d100b3e896d08,light,2,benign
0,0.7543274164199829,1,fitzpatrick17k,fitz_d6fc57f3afdc323a0dc3a7001e8dc978,light,2,benign
0,0.8828417658805847,1,fitzpatrick17k,fitz_f0337540e6a56b4ac37469d1ab1183e9,medium,4,benign
1,0.8526615500450134,1,fitzpatrick17k,fitz_07bbb2e37d5e4febf70890df43c9fbd6,light,2,malignant
1,0.782606303691864,1,fitzpatrick17k,fitz_bc1227108a4639de337f5c5cba635352,medium,4,malignant
0,0.8545684814453125,1,fitzpatrick17k,fitz_149c50b34d43bb358ee087fc8e69ea9b,light,1,benign
0,0.745715320110321,1,fitzpatrick17k,fitz_c4dbd92e0c97253249678da31990e936,medium,4,benign
0,0.3445900082588196,1,fitzpatrick17k,fitz_c83bab745a385e95339e7be5a80ecf18,medium,3,benign
1,0.6324170231819153,1,fitzpatrick17k,fitz_e63edc9c8c41cc738fad4a6cf90dc9b2,light,1,malignant
1,0.7640115022659302,1,fitzpatrick17k,fitz_475f92468d27947b2ecda27fbbc1e141,light,2,malignant
0,0.7189523577690125,1,fitzpatrick17k,fitz_aefce8b841876bc71ef858c4785adbb0,light,2,benign
0,0.2493944615125656,1,fitzpatrick17k,fitz_a294d1982b705b8d2b2c1e8c1f524eb0,light,1,benign
0,0.667622983455658,1,fitzpatrick17k,fitz_ba45fe69e83d9d22ebaf9fe7446f98df,light,2,benign
0,0.8428028225898743,1,fitzpatrick17k,fitz_424ca461d8e2d667d55f7af7c9fc035e,light,1,benign
1,0.8105334639549255,1,fitzpatrick17k,fitz_da29e015fe50cf3edacae2dbc223a868,light,2,malignant
0,0.7955336570739746,1,fitzpatrick17k,fitz_d4851632307d471369d2ae8ffb533b52,light,2,benign
1,0.7627894878387451,1,fitzpatrick17k,fitz_736143719650b30bb48965ee67c3ee4e,medium,3,malignant
0,0.5166350603103638,1,fitzpatrick17k,fitz_f80306379e420cd0581d9d1ed493d283,medium,3,benign
0,0.47476425766944885,1,fitzpatrick17k,fitz_5e1b32a02ad224dafbba98d0adc1f811,medium,4,benign
0,0.24390791356563568,1,fitzpatrick17k,fitz_1b8e1b61ab30fd12129793b30791d247,medium,4,benign
1,0.6853435635566711,1,fitzpatrick17k,fitz_cf2a6a8eb3f7bba8061b0f4a68ecd23c,light,1,malignant
0,0.750872015953064,1,fitzpatrick17k,fitz_ecb59cf54a5631ed4286190984942360,medium,3,benign
0,0.5050385594367981,1,fitzpatrick17k,fitz_50ffda4fa1004568a3982e59f91af3ab,light,1,benign
1,0.6994054317474365,1,fitzpatrick17k,fitz_1f24cd91d3536af05573c716cee9afe3,light,1,malignant
0,0.7831921577453613,1,fitzpatrick17k,fitz_4a2bd80ef66625aae99c0d0a3650bd7f,medium,4,benign
1,0.7696335911750793,1,fitzpatrick17k,fitz_ae55196233eeaac22c6ceb9f1bbe4002,dark,6,malignant
0,0.13834750652313232,1,fitzpatrick17k,fitz_055936793773f78dbdb287808a4a146c,light,1,benign
0,0.6965400576591492,1,fitzpatrick17k,fitz_a3350823cf44536b4d5af784a8bfac7c,medium,3,benign
1,0.6261256337165833,1,fitzpatrick17k,fitz_498327f064e48a3f9d3345d905012e19,light,2,malignant
1,0.8084073066711426,1,fitzpatrick17k,fitz_e64510bdbfd6ea6c6cee723c055e1b50,light,1,malignant
0,0.7379561066627502,1,fitzpatrick17k,fitz_b1c539dfccb80e6a29a706711b0daa98,light,1,benign
1,0.7954212427139282,1,fitzpatrick17k,fitz_0ac87111c95a35bccf902556b5d56f56,medium,3,malignant
0,0.7732123136520386,1,fitzpatrick17k,fitz_ab295f59ff4449a90f87c70b55088b81,light,2,benign
1,0.8097232580184937,1,fitzpatrick17k,fitz_3413738ca0fdc00d330639dbc87517a5,light,2,malignant
0,0.7223005294799805,1,fitzpatrick17k,fitz_3b9bd3e9eb966555a82388a453feda2f,light,1,benign
0,0.7346020936965942,1,fitzpatrick17k,fitz_158b595ac3b57ae843eadbb63636c3ba,light,2,benign
0,0.8424155116081238,1,fitzpatrick17k,fitz_1ea28a7fe3bb5a28a1e6dd7611ebaa8f,medium,3,benign
0,0.7310498356819153,1,fitzpatrick17k,fitz_b534a662fa2fb1a79f0f32b464700382,light,2,benign
0,0.7752823233604431,1,fitzpatrick17k,fitz_4a400ad27e11d89d02ae11ca3110ae86,light,2,benign
0,0.7417210936546326,1,fitzpatrick17k,fitz_50e884335df0cc38774797b1e3da724c,medium,3,benign
1,0.7206681966781616,1,fitzpatrick17k,fitz_4b3198562de3a684002fedc551a72c90,light,2,malignant
0,0.5317046046257019,1,fitzpatrick17k,fitz_9d91cebbf621b7176c0142bb6bfd45f8,light,1,benign
1,0.8075978755950928,1,fitzpatrick17k,fitz_f586cbd345b1e4d5a14404aa1fc13b87,dark,5,malignant
0,0.7642780542373657,1,fitzpatrick17k,fitz_2e749d75a1ee9fab5d53181d2770c538,light,2,benign
1,0.7127524018287659,1,fitzpatrick17k,fitz_a13eaf2826329cee2e8ab3b16a9df3f9,medium,4,malignant
1,0.7269220948219299,1,fitzpatrick17k,fitz_8a661b72496bad203ff9f93322252a2e,light,2,malignant
0,0.6997957825660706,1,fitzpatrick17k,fitz_c94935d1c39a141916812538e6be7e87,light,1,benign
0,0.21358488500118256,1,fitzpatrick17k,fitz_85a19e9ad2d917f909b0bd1060f2afa0,medium,3,benign
0,0.45771804451942444,1,fitzpatrick17k,fitz_91a0742ae1eea95e536d3e70510d2840,light,2,benign
0,0.8592047095298767,1,fitzpatrick17k,fitz_0578665c39dc6894727113faf12b9777,medium,4,benign
0,0.5609694123268127,1,fitzpatrick17k,fitz_8c2efae7cd3aa77ad9947b65448d2cde,dark,5,benign
0,0.7250862121582031,1,fitzpatrick17k,fitz_c9d35ffc2c97005b9cdd6ebda9a73374,dark,6,benign
1,0.7912783622741699,1,fitzpatrick17k,fitz_0c6948c84593c37b5061d8ead8d8e6b1,dark,5,malignant
1,0.8743830323219299,1,fitzpatrick17k,fitz_66cae1c2ad834b6d00dd3b9957ec9e1d,light,2,malignant
1,0.735501229763031,1,fitzpatrick17k,fitz_faa0aa3e1768cb16b56a9d0123500e31,medium,3,malignant
1,0.6172751188278198,1,fitzpatrick17k,fitz_8c19c8ab265be2d52a60c1a175d59c89,light,1,malignant
1,0.8606253266334534,1,fitzpatrick17k,fitz_4c57a9eec4b544ae4dae4a56a6d9f8cf,light,1,malignant
0,0.12987667322158813,0,fitzpatrick17k,fitz_e4c5846a47bbe3b5370b5b3dc2e8d2ed,light,1,benign
0,0.5060729384422302,1,fitzpatrick17k,fitz_8a7e4ecd73f138d982cf8999b3a0a6d6,dark,5,benign
0,0.8245409727096558,1,fitzpatrick17k,fitz_3e1bc42db9faa46f59f192554f109d54,medium,4,benign
1,0.7445863485336304,1,fitzpatrick17k,fitz_16b8f543987fd7f15139f36114a238d5,light,1,malignant
0,0.7081533074378967,1,fitzpatrick17k,fitz_ca3c8642d5b38cec4486a4464d752b62,light,1,benign
0,0.6691008806228638,1,fitzpatrick17k,fitz_69b7311e2ef3c1c7971021466106b246,dark,5,benign
1,0.27458855509757996,1,fitzpatrick17k,fitz_e4935b8adee2f49d77b7e906047db5c9,medium,4,malignant
1,0.6593924760818481,1,fitzpatrick17k,fitz_c8e35e39c4662af6d64bb1d937ab048b,light,2,malignant
1,0.8070067763328552,1,fitzpatrick17k,fitz_6577604c65e6e13cd25f6d9726c409a6,medium,4,malignant
0,0.2804872393608093,1,fitzpatrick17k,fitz_5408adeda80fa850b14f67c7757cb48d,medium,3,benign
1,0.8166428804397583,1,fitzpatrick17k,fitz_91a4f52d7f99a33ec53d6d695e6c9f4d,light,2,malignant
0,0.7344112992286682,1,fitzpatrick17k,fitz_e506b6479a862503e4a5bbd3771aaee1,dark,5,benign
0,0.8132419586181641,1,fitzpatrick17k,fitz_cca4330b4bef40db67fb38058a18132e,light,2,benign
1,0.6842095851898193,1,fitzpatrick17k,fitz_426ec16fd5a64a6cc9b528e6c31e22e9,light,1,malignant
0,0.8707806468009949,1,fitzpatrick17k,fitz_67a76420dd491f3d1a92757a3929cb92,light,1,benign
1,0.23182249069213867,1,fitzpatrick17k,fitz_95c004cc4ef4eff26861698463f19262,light,1,malignant
1,0.8466082215309143,1,fitzpatrick17k,fitz_82eed0a4b30c7066ff31e5be4985019a,medium,4,malignant
0,0.8785343766212463,1,fitzpatrick17k,fitz_0c58cbb99a22a9f3bb0c332b75834abf,medium,3,benign
0,0.6530417799949646,1,fitzpatrick17k,fitz_c53b8392fe54762302c1ea611b31f0a4,medium,3,benign
1,0.8349550366401672,1,fitzpatrick17k,fitz_2d88a3fa67aa761b65e280c2e14c68c3,medium,3,malignant
0,0.8592572212219238,1,fitzpatrick17k,fitz_dfb30050b28aae0eaeaeecd6db92d1c3,medium,3,benign
1,0.8121498227119446,1,fitzpatrick17k,fitz_7e1a63312318ffca8b95875238836aa2,light,1,malignant
0,0.750434160232544,1,fitzpatrick17k,fitz_1c444f036ad09acca39209e85c0a8dec,light,2,benign
1,0.1545056849718094,1,fitzpatrick17k,fitz_b995b00ca0f6e3a5ac881db2d40a5c34,light,1,malignant
0,0.5159600377082825,1,fitzpatrick17k,fitz_e87ee141d3a97b3d23869cc080971f4f,light,2,benign
0,0.4946933388710022,1,fitzpatrick17k,fitz_c77d6c895f05fea73a8f3704307036c0,light,1,benign
0,0.24355943500995636,1,fitzpatrick17k,fitz_c6e89b36d3e2d5f97c4298037d1bde13,dark,5,benign
1,0.808445155620575,1,fitzpatrick17k,fitz_ff27aa2fa61a28227ed8e2866eb9cbd1,medium,4,malignant
1,0.854751467704773,1,fitzpatrick17k,fitz_c2741f8b0ec47a8b6c24ad34bc03621b,light,2,malignant
0,0.713922381401062,1,fitzpatrick17k,fitz_8df81e477d3916815dabc2c1d021fca6,light,2,benign
0,0.73356693983078,1,fitzpatrick17k,fitz_280c8e07ea1dac883752bd87c9ceca2a,light,1,benign
0,0.679619550704956,1,fitzpatrick17k,fitz_fedca926b2ab674e79e5e21090de8b9d,medium,3,benign
1,0.29110684990882874,1,fitzpatrick17k,fitz_022713978927e0e94227c248cb1592c7,light,1,malignant
0,0.8266606330871582,1,fitzpatrick17k,fitz_cd1723ac116758cb87a16e7a1a30f270,dark,5,benign
1,0.8685411214828491,1,fitzpatrick17k,fitz_66d010a52397b508509c4f44e6c3c869,light,2,malignant
1,0.7810522317886353,1,fitzpatrick17k,fitz_d882dc1a3e3ff2a258e1fcdca85ff07f,medium,3,malignant
0,0.733613908290863,1,fitzpatrick17k,fitz_881d6d9d24f6cfc93b670a338355e41c,light,2,benign
1,0.8013167977333069,1,fitzpatrick17k,fitz_2cd9e868bed17ffb8c6b118d91c441c7,medium,3,malignant
1,0.784806489944458,1,fitzpatrick17k,fitz_aba6cb46c28e7519fc74d6361c004783,light,1,malignant
0,0.3513030409812927,1,fitzpatrick17k,fitz_61e967e964a434001e4336abac0b6717,light,2,benign
0,0.5909768342971802,1,fitzpatrick17k,fitz_f4f2739937c149a255148f697ee3ddf9,light,1,benign
1,0.6448553204536438,1,fitzpatrick17k,fitz_be63770d79e886d395d1248c4404502e,light,2,malignant
0,0.6642336845397949,1,fitzpatrick17k,fitz_ab23656112025c96ee4acf9e3e0b993a,light,2,benign
0,0.7305230498313904,1,fitzpatrick17k,fitz_3c066c1414b59ef40046a836a0b905e5,light,2,benign
1,0.14049609005451202,1,fitzpatrick17k,fitz_e485d00e33e95305b3b1bc03d0e852ed,light,2,malignant
1,0.7971203923225403,1,fitzpatrick17k,fitz_31a8db3e9da7907512beaa575d638be4,dark,5,malignant
0,0.3061736822128296,1,fitzpatrick17k,fitz_a1dcf6598fc0d801761dbc7a81c4435d,light,2,benign
1,0.7722281217575073,1,fitzpatrick17k,fitz_900c572691e399d8bf78d5bd1f8a74a7,light,1,malignant
1,0.2814629375934601,1,fitzpatrick17k,fitz_bdb668db00a5c6ac3e1f6e5af17bbc43,light,1,malignant
1,0.8067339062690735,1,fitzpatrick17k,fitz_f4cb8f2760402923d840b55e4ef6f729,light,2,malignant
1,0.7417313456535339,1,fitzpatrick17k,fitz_775d8325a7f92c78a159ddb68186b79c,light,2,malignant
0,0.3714268207550049,1,fitzpatrick17k,fitz_db863680fb8d9b3754a55fe246163c2d,light,1,benign
0,0.8057624101638794,1,fitzpatrick17k,fitz_7244389323ed273ce0fa8c7e4da67e7e,light,2,benign
0,0.7813711166381836,1,fitzpatrick17k,fitz_e690807cb17f9bd6975e11ac27472401,light,1,benign
0,0.8967087268829346,1,fitzpatrick17k,fitz_431ac6cfed503fe33350a0dacbbea0c1,light,2,benign
0,0.7731561064720154,1,fitzpatrick17k,fitz_5876dff01e567b140782cb4d6ddc30dc,light,2,benign
1,0.8282825350761414,1,fitzpatrick17k,fitz_b7492f6251c4b495085d9517724ff953,light,2,malignant
0,0.6731531023979187,1,fitzpatrick17k,fitz_c8f82a865ebefc3ce3cdbe5f70fbfc14,dark,5,benign
0,0.848156750202179,1,fitzpatrick17k,fitz_ba09641393b463359bb59a6a58bfeac4,medium,3,benign
1,0.6940457820892334,1,fitzpatrick17k,fitz_b5cbe760bbc7918b04d11823ae2d8f49,medium,3,malignant
0,0.7592930793762207,1,fitzpatrick17k,fitz_5911ef373f6523ed63d010ed2d62c29b,light,1,benign
1,0.8534727692604065,1,fitzpatrick17k,fitz_92d9830f22b0eaa4ced0575d60f5662b,light,1,malignant
0,0.6933447122573853,1,fitzpatrick17k,fitz_76fea128bb560f2e9279ccb1d78507e3,medium,4,benign
1,0.7779668569564819,1,fitzpatrick17k,fitz_6946d50ada3bbfc10a3df8f5c0223b47,medium,3,malignant
1,0.7391613125801086,1,fitzpatrick17k,fitz_4aba04560b6a2bf126c128be1fc4a417,light,2,malignant
1,0.8157085180282593,1,fitzpatrick17k,fitz_81376135b57d335be550347dcdfc58a2,medium,3,malignant
0,0.9293027520179749,1,fitzpatrick17k,fitz_ca3594b337dec22d778bf75290adf9ac,light,2,benign
0,0.7664324641227722,1,fitzpatrick17k,fitz_8a8b8680d7a72d848d080961923d8083,dark,5,benign
0,0.7174654006958008,1,fitzpatrick17k,fitz_e6c519d0d0063319c85a6d4784398698,light,2,benign
1,0.7126764059066772,1,fitzpatrick17k,fitz_42a4ea1eb2ba38f1e1f88e6de7f862f5,medium,3,malignant
0,0.7197691202163696,1,fitzpatrick17k,fitz_50320d3ed1d18dcc095c8e0a75fbaf9f,medium,4,benign
0,0.7164720892906189,1,fitzpatrick17k,fitz_5092865ee2fa51baf1ec53955c6193e4,medium,3,benign
0,0.7761915326118469,1,fitzpatrick17k,fitz_dcb68b2c4896b863eadf77e05b786222,light,1,benign
0,0.6827355027198792,1,fitzpatrick17k,fitz_9a0245a8032ecb098d05e719e6f369af,medium,3,benign
1,0.8089276552200317,1,fitzpatrick17k,fitz_59987085d01b140ce512082866095ddd,medium,3,malignant
1,0.781178891658783,1,fitzpatrick17k,fitz_550749c351ebf42acc3ec74f9f9a6de4,light,2,malignant
1,0.8574653267860413,1,fitzpatrick17k,fitz_7d6ae096a58cc9a689e28ab2fc06a75f,light,2,malignant
0,0.7674973607063293,1,fitzpatrick17k,fitz_f49e19687bcf242c59d1059799a30580,medium,3,benign
0,0.3215976059436798,1,fitzpatrick17k,fitz_d05fb27a087443340b2eb25c0d43d5fa,light,2,benign
1,0.8045627474784851,1,fitzpatrick17k,fitz_d962d44c1ad9d8007dd31cbc9cb6aad8,medium,3,malignant
1,0.7915921211242676,1,fitzpatrick17k,fitz_3c98d2fde2b27e0c6f8df03a53d8b423,light,2,malignant
0,0.7239909768104553,1,fitzpatrick17k,fitz_66f79db09e98615a880fa486257b1f8e,light,2,benign
1,0.8685175180435181,1,fitzpatrick17k,fitz_9a5f998ab51a9b43f16b21b25aaf96a8,light,2,malignant
0,0.849518358707428,1,fitzpatrick17k,fitz_96bec8fd4da31a9d4121ca5d0b98c0f3,light,1,benign
0,0.7334807515144348,1,fitzpatrick17k,fitz_3a1fef19baed939b8aea138c39e80520,medium,3,benign
0,0.7253633141517639,1,fitzpatrick17k,fitz_86e06044722b56731a4ac04673470f66,medium,3,benign
0,0.16772772371768951,1,fitzpatrick17k,fitz_5073d307b3acf3a5317afea6a7350a55,light,1,benign
0,0.8000747561454773,1,fitzpatrick17k,fitz_0a29dec8e46eedc054b152cdb2aab360,dark,5,benign
0,0.859151303768158,1,fitzpatrick17k,fitz_6783ebf33d6994ac3b8426c83c37e34f,dark,5,benign
1,0.8680557012557983,1,fitzpatrick17k,fitz_6a727240423e70d739921e7ca293cbdc,light,2,malignant
1,0.7422552704811096,1,fitzpatrick17k,fitz_5add954298359b4281d027a5e03e2bd6,light,1,malignant
0,0.6728965640068054,1,fitzpatrick17k,fitz_5c95b3d93a9d6649c44b0a275a3a5d64,light,2,benign
0,0.42476558685302734,1,fitzpatrick17k,fitz_3df276853316c739d7138740071bde7f,light,2,benign
1,0.8089195489883423,1,fitzpatrick17k,fitz_deba1747c5e39cae4b05d5a6e31139fa,medium,3,malignant
0,0.7673252820968628,1,fitzpatrick17k,fitz_7e07017d32201556a240de7bfce60daf,light,1,benign
0,0.02590412274003029,0,fitzpatrick17k,fitz_2b407981c8bf792b9a0fbd0c8c1b1a99,light,1,benign
0,0.8123381733894348,1,fitzpatrick17k,fitz_a9b8d91729eee474193f0ffe3fbfb9c8,light,1,benign
1,0.7705341577529907,1,fitzpatrick17k,fitz_125369d0260cf8e84641341e80678436,light,2,malignant
1,0.8967089056968689,1,fitzpatrick17k,fitz_36c7bbdced601b5d9fb1cc7cdc0df7e3,dark,6,malignant
1,0.7918354868888855,1,fitzpatrick17k,fitz_45faa12ef71900861d9a6d3d448035f2,light,2,malignant
0,0.7592901587486267,1,fitzpatrick17k,fitz_3d7155287bf2e6845b227ba9cbf6d0de,dark,6,benign
0,0.7544503808021545,1,fitzpatrick17k,fitz_4e4e18efc2cf35be57a59bd8d83c1990,medium,3,benign
0,0.8240182399749756,1,fitzpatrick17k,fitz_efa95d6b48cc71f53d5346ff3dc2968f,light,1,benign
0,0.7352104187011719,1,fitzpatrick17k,fitz_a1e449b44f6ebc2eb9087f3aa6ba8136,light,2,benign
0,0.37079086899757385,1,fitzpatrick17k,fitz_2a8997223e89bff7fae603f8b3e36419,medium,4,benign
0,0.6977410316467285,1,fitzpatrick17k,fitz_91b9b78d128f6c53e2577620f585a677,light,2,benign
1,0.7682063579559326,1,fitzpatrick17k,fitz_27f0e7a7365483f98d68f0e2f4dd057e,light,1,malignant
1,0.8163073658943176,1,fitzpatrick17k,fitz_ad6a439e55fd8b5bd17caf2d72b76d61,light,2,malignant
1,0.8967917561531067,1,fitzpatrick17k,fitz_4e63404b516800a93d6dc91e4f4a23b6,light,2,malignant
1,0.8336728811264038,1,fitzpatrick17k,fitz_1cc5a0ffcaf2f370cd65f10eeeb7fddd,medium,3,malignant
0,0.7271441221237183,1,fitzpatrick17k,fitz_1275e525b2622ef5c38c53efb4055580,medium,4,benign
0,0.7969956398010254,1,fitzpatrick17k,fitz_21a85638fd9420f2dab59c2fdd3ff49d,light,1,benign
0,0.8168838620185852,1,fitzpatrick17k,fitz_27b55a1e118e4cb1dc5a8579a73b7d14,medium,4,benign
1,0.7679641842842102,1,fitzpatrick17k,fitz_a3a2e68f839c7eabb994e3ec4fa4ed5a,light,2,malignant
0,0.6322088837623596,1,fitzpatrick17k,fitz_ba807276a070010ad3231795bb61eb2c,medium,4,benign
1,0.8224856853485107,1,fitzpatrick17k,fitz_ee637782bb19282cff0a55b7b0edb871,light,1,malignant
1,0.8265228271484375,1,fitzpatrick17k,fitz_ce104e40baa37a3b52cec156a66bcfac,light,2,malignant
1,0.7884926795959473,1,fitzpatrick17k,fitz_a5a355561aa62dd374d3bd2e52926d66,light,2,malignant
0,0.8207836747169495,1,fitzpatrick17k,fitz_19a090e5ca491caed2d624365db70a23,light,1,benign
0,0.2107345163822174,1,fitzpatrick17k,fitz_2f2ea9c853995a458c2b10ac8cbfb9bb,medium,3,benign
0,0.21933753788471222,1,fitzpatrick17k,fitz_155d6961a4ba33aac316c0ed099690fe,light,1,benign
1,0.8307972550392151,1,fitzpatrick17k,fitz_6152f62f6273b8d9ffa0f19bf812a491,medium,3,malignant
0,0.65346360206604,1,fitzpatrick17k,fitz_aed70337dbab2df6b842a07ac4c1fdb9,medium,3,benign
1,0.73041832447052,1,fitzpatrick17k,fitz_80a3e00801334e4c11ed77c7cf5e1419,medium,3,malignant
1,0.8887662887573242,1,fitzpatrick17k,fitz_25677b4c4039ea606755d6771fa1981d,medium,3,malignant
0,0.7832834124565125,1,fitzpatrick17k,fitz_021b92696d34d7cac5a20029e4b58584,light,1,benign
1,0.6779797673225403,1,fitzpatrick17k,fitz_15502416617d675ef40e3e358fbcb74c,light,2,malignant
1,0.7914617657661438,1,fitzpatrick17k,fitz_3042a71577705ce4987379043d185ab9,light,1,malignant
1,0.7830953001976013,1,fitzpatrick17k,fitz_25e4eae439e80e56c8228d9c4cf03ce0,light,2,malignant
1,0.8165552616119385,1,fitzpatrick17k,fitz_467b2ac03723ec804ecb709da4a5bb16,medium,3,malignant
0,0.46220552921295166,1,fitzpatrick17k,fitz_c1cde759eca19dd8fbe3884a352ba3c1,dark,5,benign
1,0.8599129319190979,1,fitzpatrick17k,fitz_e3b5c9993cd0e73962762d295213d05f,light,1,malignant
0,0.7247733473777771,1,fitzpatrick17k,fitz_8ba5189cc891891e6f1b4d5f4f9bc1e1,dark,5,benign
0,0.5304731726646423,1,fitzpatrick17k,fitz_f8ce28c0e5cbf90fcbfe0ddde26bd027,light,2,benign
0,0.7616348266601562,1,fitzpatrick17k,fitz_0a89bf3ba5412346ea9a0f0c7e70818d,light,1,benign
0,0.5734171867370605,1,fitzpatrick17k,fitz_9b3d2b7c3148eb06b261fd4f69241201,light,1,benign
0,0.7650929689407349,1,fitzpatrick17k,fitz_2b2c5a9ca6f5c5b04334b72264b1d711,medium,3,benign
1,0.706332802772522,1,fitzpatrick17k,fitz_4d62c85e7418437269b3c22b467841bb,light,2,malignant
1,0.8413993120193481,1,fitzpatrick17k,fitz_fb37df7e989131ce7a858ec25320067d,medium,4,malignant
1,0.7957384586334229,1,fitzpatrick17k,fitz_5b552fb15839338227880aaac895128a,dark,5,malignant
1,0.8157117962837219,1,fitzpatrick17k,fitz_865eb4dc2f13c93b8537f281fb68b6f5,light,2,malignant
1,0.8750547170639038,1,fitzpatrick17k,fitz_c127912e9efdc0da2cca4273dadbb4f3,light,2,malignant
0,0.7874270677566528,1,fitzpatrick17k,fitz_600410cdc0fcd7be30fbf4f51f92b7cf,light,1,benign
1,0.7391065359115601,1,fitzpatrick17k,fitz_ede3cf4179d6e3de2764edecc494c118,light,1,malignant
0,0.8315087556838989,1,fitzpatrick17k,fitz_3f51e93925f09e7f150cfbc9714abd9c,medium,4,benign
0,0.8815309405326843,1,fitzpatrick17k,fitz_3e77fd8caa1a4991911f3006965f4089,medium,3,benign
0,0.7905321717262268,1,fitzpatrick17k,fitz_e0764158441e95f9d96fc3b9f1155673,light,2,benign
1,0.7881847023963928,1,fitzpatrick17k,fitz_617f9ddb778028f305520a92ac052c68,dark,6,malignant
0,0.8492498993873596,1,fitzpatrick17k,fitz_90c37624ede8bedb2051a85c2d9d7a0a,light,1,benign
0,0.6075546741485596,1,fitzpatrick17k,fitz_b0b1a536f39abb373d3138d49e809fd9,light,2,benign
0,0.8612321615219116,1,fitzpatrick17k,fitz_a69f31790288add2d48e4441ce92c329,light,1,benign
0,0.40734416246414185,1,fitzpatrick17k,fitz_dc257a4ada33a8ed25863f7d819aabaf,medium,3,benign
1,0.7879647612571716,1,fitzpatrick17k,fitz_858266d175faa1b034d19d4257b057fd,dark,6,malignant
0,0.5379908084869385,1,fitzpatrick17k,fitz_d0f4beb1f4a3f84a42aaf64856b4f473,light,2,benign
0,0.5823530554771423,1,fitzpatrick17k,fitz_accc691e256ac8445b9e4bdbea0cae43,light,2,benign
1,0.7480165362358093,1,fitzpatrick17k,fitz_2cc47698a46f2371a31a5a5a547de03a,dark,6,malignant
1,0.7749012112617493,1,fitzpatrick17k,fitz_e38312ccf84a0e26adeebb4cb7f9732b,medium,3,malignant
0,0.8769530057907104,1,fitzpatrick17k,fitz_ce4c87e3f39e11632be2d5f4eb4cb603,medium,3,benign
1,0.88150554895401,1,fitzpatrick17k,fitz_59c60187f6e65c32cbbadbdfc8b8df1d,light,2,malignant
0,0.7208632826805115,1,fitzpatrick17k,fitz_f7899b8f12692a3c30a44a5707ca0b9e,light,2,benign
1,0.7740081548690796,1,fitzpatrick17k,fitz_d718d651cbb1a4041ee554bd22956206,light,2,malignant
0,0.386059433221817,1,fitzpatrick17k,fitz_90dda85d211a3d0143b095cc6b2bf8b6,light,1,benign
1,0.7890504598617554,1,fitzpatrick17k,fitz_d9fbdadef6ca5cd7f3c3d3928fa6d57d,light,2,malignant
1,0.7825242280960083,1,fitzpatrick17k,fitz_64ba283eeed948b9af16855140ee78f6,light,2,malignant
1,0.7916359305381775,1,fitzpatrick17k,fitz_7cedaa3277cb1efd41f5f9f70e6be0c7,dark,6,malignant
0,0.8342773914337158,1,fitzpatrick17k,fitz_d44a546f078bbcafcdeee1b467e35c6c,medium,3,benign
0,0.6196805238723755,1,fitzpatrick17k,fitz_029ab44da79e21d978697ee30f4dbf18,light,1,benign
1,0.9407814145088196,1,fitzpatrick17k,fitz_ce123c8a38d3da4112480b175c948142,light,2,malignant
0,0.7639895677566528,1,fitzpatrick17k,fitz_fc3b51e3159a65bc442c8e9e47c5f64e,medium,3,benign
1,0.8826895356178284,1,fitzpatrick17k,fitz_f1c06ae789abed0425b017fc77eb16e5,light,1,malignant
0,0.6448421478271484,1,fitzpatrick17k,fitz_731faa24d8d0b5dc3b266fdfaa0a3154,light,2,benign
1,0.7178152203559875,1,fitzpatrick17k,fitz_7692cb086f7213b19eeb33accf8aa219,light,2,malignant
1,0.7625143527984619,1,fitzpatrick17k,fitz_0a07b5a38573468dbd4d503d6f1e800b,light,2,malignant
1,0.8271835446357727,1,fitzpatrick17k,fitz_0e72ba059329555ffcfe32d627a15b7a,light,2,malignant
0,0.7654451131820679,1,fitzpatrick17k,fitz_0e040061170c554a1945be51928f7e3e,light,2,benign
1,0.6419074535369873,1,fitzpatrick17k,fitz_1efdafa8e4d13738f58f4400598a106c,dark,6,malignant
1,0.8165793418884277,1,fitzpatrick17k,fitz_25d0d3d0859700a1fccdf9e8c6524146,light,2,malignant
1,0.8026600480079651,1,fitzpatrick17k,fitz_9313cd83e63de37e82a3b69b31776b45,light,1,malignant
0,0.7630881071090698,1,fitzpatrick17k,fitz_da798ca5bbd0e1cd0d7cacdb2a23807f,medium,3,benign
0,0.7659172415733337,1,fitzpatrick17k,fitz_70f0fd4d38ece05739370023a873cc10,light,2,benign
0,0.8257121443748474,1,fitzpatrick17k,fitz_9a55f89f282f3702b58a7a2dca4f37f8,light,2,benign
1,0.7693950533866882,1,fitzpatrick17k,fitz_2dbf863f60d92fcb6bd2cb08ab04abba,light,1,malignant
1,0.665116548538208,1,fitzpatrick17k,fitz_b2c2253b84792ac44360b51b799fece2,light,2,malignant
1,0.8898817300796509,1,fitzpatrick17k,fitz_3c8898cea81673fe523d75dc4a4c0d2d,light,1,malignant
0,0.8002338409423828,1,fitzpatrick17k,fitz_6b4632eb4eb9ee5df977ad7fb3548810,light,2,benign
0,0.8565171360969543,1,fitzpatrick17k,fitz_7c1f1d90d75ab40a0d2394da7ce8727c,light,1,benign
0,0.6000136137008667,1,fitzpatrick17k,fitz_d18c7682d14d03b077b1e352e900c97b,light,1,benign
0,0.09385193139314651,0,fitzpatrick17k,fitz_3d545a8e12de55025607eebf6d205572,light,1,benign
0,0.7624073028564453,1,fitzpatrick17k,fitz_d5752551d0b7b31422986128112c41a1,medium,3,benign
0,0.8430899977684021,1,fitzpatrick17k,fitz_4cca89d029db2c55afc0af3dca625988,medium,3,benign
1,0.7830586433410645,1,fitzpatrick17k,fitz_1c31b43cce49c0e53349f4f1adb59b1d,medium,3,malignant
0,0.7409693002700806,1,fitzpatrick17k,fitz_bd5a5de305764b9affc516838c7f57e7,light,1,benign
0,0.46625959873199463,1,fitzpatrick17k,fitz_71a893ec119b26b689459b8e236276c0,light,2,benign
0,0.5625384449958801,1,fitzpatrick17k,fitz_5558a2813ea5162d1a1aa5deaa3a31eb,light,2,benign
0,0.9198256134986877,1,fitzpatrick17k,fitz_1824973d61a11cde18cf42affcc0f080,medium,3,benign
1,0.7792425751686096,1,fitzpatrick17k,fitz_b373d991b75e405e4d1d3b2bf805a5df,light,2,malignant
0,0.4798111915588379,1,fitzpatrick17k,fitz_93b03f4227a3418b92326eed8cc83e45,medium,4,benign
1,0.8564718961715698,1,fitzpatrick17k,fitz_41dffc4224be2a0a9b2b31243755b1ae,light,2,malignant
0,0.702390193939209,1,fitzpatrick17k,fitz_a852433b45a05261e7d85043c401dfcc,dark,5,benign
0,0.7360368371009827,1,fitzpatrick17k,fitz_d34976d2cebb41b26f8cc2bec26f6b64,light,2,benign
1,0.8190492391586304,1,fitzpatrick17k,fitz_125842e1870ae0f3b77a57f228da33fc,light,1,malignant
1,0.7952876091003418,1,fitzpatrick17k,fitz_d65fdc32c79ea26ffaaeb7204efc0223,medium,3,malignant
0,0.7247220277786255,1,fitzpatrick17k,fitz_6a2e91069df670e7d7f13ede4f75bcd3,medium,3,benign
1,0.1535532921552658,1,fitzpatrick17k,fitz_aca181f822e1b641ec9ed0b4cd2e80eb,light,1,malignant
0,0.7658420205116272,1,fitzpatrick17k,fitz_3f80bf8d754311831c564a6e5a879a73,light,2,benign
0,0.7107520699501038,1,fitzpatrick17k,fitz_63df5103948caaf40259faaf280c3baf,medium,3,benign
1,0.8103342652320862,1,fitzpatrick17k,fitz_3dd9ae5ab1b9677e06a3b0141ead201d,light,1,malignant
0,0.8708173632621765,1,fitzpatrick17k,fitz_bdbff12fd58ac21e07a0b2733c0dd43b,light,1,benign
1,0.855705738067627,1,fitzpatrick17k,fitz_1c3444dab1e633779819b4932f543aed,medium,3,malignant
1,0.8405373096466064,1,fitzpatrick17k,fitz_a2898cb754e221b22d10680ffffbe9a1,light,1,malignant
0,0.8619125485420227,1,fitzpatrick17k,fitz_a0146083f2f6fa73d4e3fe398469a6ea,light,2,benign
0,0.7379279136657715,1,fitzpatrick17k,fitz_c62264223e918cf7f7c504276ba40671,light,1,benign
0,0.7686021327972412,1,fitzpatrick17k,fitz_cdd644fb1e72f6e461e0415525386ec3,medium,3,benign
1,0.7697225213050842,1,fitzpatrick17k,fitz_0844ae634f0e6e7ef1f73c2aeecbae0e,light,2,malignant
1,0.8142620921134949,1,fitzpatrick17k,fitz_5a9232c6394a9919c4c9fb9d4dabbd9d,medium,4,malignant
1,0.8577605485916138,1,fitzpatrick17k,fitz_b50a802b6d5e458e6d6e446b6cee35d9,medium,4,malignant
0,0.7829705476760864,1,fitzpatrick17k,fitz_cfd8694ca639f7a637cb5b423bc848df,light,2,benign
1,0.775538444519043,1,fitzpatrick17k,fitz_98b0322096085a163b8b849ec481e30f,medium,4,malignant
0,0.7868967652320862,1,fitzpatrick17k,fitz_4b4fed3ca92f57ccca449ae534f5f65e,light,1,benign
0,0.8345262408256531,1,fitzpatrick17k,fitz_72f62bfc9dc7ce48b315ec3da1b4a0b4,medium,3,benign
0,0.753502607345581,1,fitzpatrick17k,fitz_1d00f1720f305a0fff13b4221ca70702,light,2,benign
0,0.32784390449523926,1,fitzpatrick17k,fitz_b0877b4d49fb1642a5d8b0319c474a2d,light,2,benign
0,0.8207318186759949,1,fitzpatrick17k,fitz_49e78ef5bd9ddef0106c09c86916f245,medium,3,benign
1,0.6492666602134705,1,fitzpatrick17k,fitz_4eac90794695a5cbf4d632bce355825f,light,2,malignant
0,0.1425900012254715,1,fitzpatrick17k,fitz_8e45562046834e1cd4eb7d86f42e3dac,dark,5,benign
0,0.831656813621521,1,fitzpatrick17k,fitz_205e6030665cf92c6643f2bcf2151b7c,light,2,benign
1,0.8030900359153748,1,fitzpatrick17k,fitz_cba6bd5b134c25e21d636d87b711f662,light,2,malignant
0,0.6772425770759583,1,fitzpatrick17k,fitz_6a4b03f7cf0e7b6fcc018ea929e4acd5,medium,4,benign
0,0.8468683362007141,1,fitzpatrick17k,fitz_2bee4463934ab590518747c3c4ff5e76,light,2,benign
1,0.7701852321624756,1,fitzpatrick17k,fitz_ba46220798657477a46982340b11c9ed,light,2,malignant
1,0.8483083248138428,1,fitzpatrick17k,fitz_375fb0b667a132850089bb99ab896972,light,1,malignant
1,0.8282002806663513,1,fitzpatrick17k,fitz_304f8ce123139ee152d5bd43415e2edc,light,1,malignant
0,0.7141132354736328,1,fitzpatrick17k,fitz_37b60d44e70c828d90891fb5672fa8d1,light,2,benign
0,0.5001646876335144,1,fitzpatrick17k,fitz_d3c7eee6e297d259bf3ffa94ff26c315,light,2,benign
0,0.7830264568328857,1,fitzpatrick17k,fitz_d10b1536c16c8dae1abf7a51c48c4fc9,medium,4,benign
0,0.828413188457489,1,fitzpatrick17k,fitz_78b4bce9ace2141a29505b53fc7be308,light,2,benign
0,0.7983662486076355,1,fitzpatrick17k,fitz_c947a671109f3d95e08eca2e1c42d526,light,2,benign
1,0.7792598605155945,1,fitzpatrick17k,fitz_37c9a984fbf34057023942c77d1ddff2,light,2,malignant
1,0.8264466524124146,1,fitzpatrick17k,fitz_ace306be3c5fea443e7b290a44e0bd87,light,1,malignant
1,0.8327577710151672,1,fitzpatrick17k,fitz_6fe05b4958791a509557c5fc392762ce,light,1,malignant
1,0.7892027497291565,1,fitzpatrick17k,fitz_e5c82d28f05a70b9d9a85a6c9f087976,light,2,malignant
0,0.8295477032661438,1,fitzpatrick17k,fitz_692a1c9462041940e77cb4614480b55e,light,2,benign
0,0.7720575928688049,1,fitzpatrick17k,fitz_269ad28d5e12505ddb13533c7d80221c,light,2,benign
1,0.6057305335998535,1,fitzpatrick17k,fitz_3fbe70e536d08d96514ce43e1e496a46,dark,5,malignant
0,0.7732903957366943,1,fitzpatrick17k,fitz_d0bfab00dfa3c2c832ddf9e95ad23075,light,2,benign
0,0.7789260149002075,1,fitzpatrick17k,fitz_efe3e2531920684f5b2aed7a3b38b34c,light,2,benign
0,0.7039018273353577,1,fitzpatrick17k,fitz_5c8ab654181f2ccdcfec2ddd0f7dfdba,dark,5,benign
1,0.9233886003494263,1,fitzpatrick17k,fitz_f6d1f2cfcc309f1eee488ab6e98ce0c2,medium,3,malignant
1,0.7692669630050659,1,fitzpatrick17k,fitz_137e4409b39d92e3884100c87d7fdf6a,light,2,malignant
1,0.7943954467773438,1,fitzpatrick17k,fitz_6e7bfd02ac7b8fb2c8497250d6f7ce82,light,2,malignant
0,0.7883425354957581,1,fitzpatrick17k,fitz_faebb1f6e32cdd367674975a681950e6,light,2,benign
1,0.34557318687438965,1,fitzpatrick17k,fitz_638cc168f86dcb834cf96af0a6d59f7e,light,1,malignant
1,0.7341708540916443,1,fitzpatrick17k,fitz_be39fbddbcfc833ce7862e06eaf800ee,medium,3,malignant
1,0.7471745014190674,1,fitzpatrick17k,fitz_a07a48332fa6c0b2c5614d8377c6b86f,light,1,malignant
0,0.7768056988716125,1,fitzpatrick17k,fitz_34a35c0605e4c4c946092e7a6a366d27,medium,3,benign
0,0.8258036971092224,1,fitzpatrick17k,fitz_0fa2fad331398dc03d462f6950f78b20,medium,4,benign
1,0.8115505576133728,1,fitzpatrick17k,fitz_cfe8cb78da8aea85c889540ac9863d90,light,2,malignant
0,0.7924031615257263,1,fitzpatrick17k,fitz_1481bcfce4a0d75ccb6bfbd78fe242aa,light,1,benign
1,0.6933035254478455,1,fitzpatrick17k,fitz_bb6ae8c9458a9760ef0be6d2fb6f2bd9,medium,4,malignant
0,0.9053618907928467,1,fitzpatrick17k,fitz_0fdf33ad3befb50b72464bc515abc9e3,medium,4,benign
0,0.6834249496459961,1,fitzpatrick17k,fitz_d6724ea9a612cad101326b4809f1defa,light,1,benign
1,0.7378736138343811,1,fitzpatrick17k,fitz_9a309ec1b5a7623e1064399137b0edee,light,2,malignant
0,0.7248453497886658,1,fitzpatrick17k,fitz_6c353ee141e49f24f232b9f7baa7722c,medium,4,benign
0,0.7950088381767273,1,fitzpatrick17k,fitz_11a612d364d91616d3ed4a68cc4e49d5,light,2,benign
1,0.9196078777313232,1,fitzpatrick17k,fitz_5ebf2926c88d2a8b5411ae057705a5ac,light,2,malignant
1,0.7969555854797363,1,fitzpatrick17k,fitz_045b1d751bdafb3c8126c61c5caf270d,light,2,malignant
1,0.7855978012084961,1,fitzpatrick17k,fitz_30b6c1170e08b3e8b97c080a8e67ada7,medium,3,malignant
0,0.36712247133255005,1,fitzpatrick17k,fitz_697b984c46c3ee6e0ced7a87e449a8dc,light,1,benign
0,0.7626434564590454,1,fitzpatrick17k,fitz_42899aead8769c1a0c7033672137a220,dark,6,benign
0,0.800676703453064,1,fitzpatrick17k,fitz_9f4cec6b3ce59db29cb3a64d782d0d53,light,2,benign
0,0.6554445028305054,1,fitzpatrick17k,fitz_436bc99268db477103afc6ac02b77f42,light,2,benign
1,0.7465065717697144,1,fitzpatrick17k,fitz_685a7c352d2ea694d22299622267be9b,medium,4,malignant
1,0.6658456325531006,1,fitzpatrick17k,fitz_a51617e00dfdf9febbdef2b0741ee82d,light,1,malignant
0,0.7205711007118225,1,fitzpatrick17k,fitz_bfe249070829d1e016e75600a955f436,dark,5,benign
0,0.8436347842216492,1,fitzpatrick17k,fitz_c750ae181c65977cec04dae156881b42,light,1,benign
1,0.2508367896080017,1,fitzpatrick17k,fitz_e11d8a5581a737afa24b5da28b0ebe5b,light,1,malignant
0,0.7464266419410706,1,fitzpatrick17k,fitz_2a794a2b8b086571cfd4c9cb7d791b77,light,2,benign
1,0.7572134733200073,1,fitzpatrick17k,fitz_f0758a39abe4ef22f174aa6e68689459,medium,3,malignant
1,0.8367996215820312,1,fitzpatrick17k,fitz_24c7a58c0e60303086d0f5f89b121ae4,dark,5,malignant
0,0.6779352426528931,1,fitzpatrick17k,fitz_08125b6ac1e3933d28af2a284638e360,medium,4,benign
1,0.8351432681083679,1,fitzpatrick17k,fitz_05861d0fd5cd730b053a0f8c5a6e99ec,light,2,malignant
0,0.7295114398002625,1,fitzpatrick17k,fitz_048ac24a3431a3df883d8f0bfa8ff89b,light,2,benign
0,0.7481681704521179,1,fitzpatrick17k,fitz_b2ed578a520fb52a62ca4192c1da4280,light,2,benign
0,0.7256167531013489,1,fitzpatrick17k,fitz_0e89f04740ad87bdecb1e5256b079469,light,1,benign
0,0.4078879952430725,1,fitzpatrick17k,fitz_cb5298cf1c091ab353a10b49f7dfbeba,medium,3,benign
1,0.9177696108818054,1,fitzpatrick17k,fitz_645b24104b28e86bfb28390717e9b63f,medium,3,malignant
1,0.41715362668037415,1,fitzpatrick17k,fitz_08dbc9d4e36738f6bf565a2dfabde144,light,2,malignant
0,0.6486478447914124,1,fitzpatrick17k,fitz_ef1b896137ba87b44467ede3a28d029b,medium,3,benign
1,0.7977868914604187,1,fitzpatrick17k,fitz_447f5b3401ba50698a9f18132963a80c,light,2,malignant
1,0.904162585735321,1,fitzpatrick17k,fitz_589f48c7090ead494b0cea65d960d9d9,light,2,malignant
1,0.8079696893692017,1,fitzpatrick17k,fitz_30fd701054b889dcde3c3632585fd523,light,2,malignant
1,0.3364242911338806,1,fitzpatrick17k,fitz_9b5a17a89ac84a918ad6d115de8297ff,light,1,malignant
1,0.8077353835105896,1,fitzpatrick17k,fitz_852b1cbfb924539f2aa31a036ea6b565,light,2,malignant
1,0.8772926330566406,1,fitzpatrick17k,fitz_3148e06be77894f760bf482fe7e6f2e5,light,2,malignant
0,0.6508585214614868,1,fitzpatrick17k,fitz_25baea3546ebb667c4a391636846d377,light,2,benign
1,0.7268304824829102,1,fitzpatrick17k,fitz_e7cb49cd64f7e1e622afda4938e3b584,light,2,malignant
0,0.6564275026321411,1,fitzpatrick17k,fitz_e5ca79ad2e29216d3e105ad65a959921,light,2,benign
0,0.3340562582015991,1,fitzpatrick17k,fitz_6853bfe649cc69edb3f8dc92db3dc10e,light,1,benign
0,0.801173985004425,1,fitzpatrick17k,fitz_94b4c6c2958569910fc618f7f2645d12,light,2,benign
1,0.7992501854896545,1,fitzpatrick17k,fitz_19643fbe79ee9d5d5b632c17f654f305,light,2,malignant
0,0.7302849888801575,1,fitzpatrick17k,fitz_aa5803ec59d9ffb36bbaaa8dc75a0436,light,2,benign
0,0.9013211131095886,1,fitzpatrick17k,fitz_f96b527163e088d38f047634985e19db,light,2,benign
1,0.914385199546814,1,fitzpatrick17k,fitz_4644f52d635a683a54e256e0431b6536,light,1,malignant
0,0.7203574776649475,1,fitzpatrick17k,fitz_a86effe0ae5a3e21a3b8a318a3a2f39d,medium,3,benign
1,0.735919713973999,1,fitzpatrick17k,fitz_3d9906a74daa3f200a177ee57fcf8310,light,2,malignant
1,0.7380608916282654,1,fitzpatrick17k,fitz_33184eb4424abaf46843d89c4c408552,dark,6,malignant
1,0.7153391242027283,1,fitzpatrick17k,fitz_27636e10ca656290c8dfc9b238bf5a17,light,2,malignant
0,0.8473876118659973,1,fitzpatrick17k,fitz_cc807605c17f141b50ed2c7286381a82,light,2,benign
0,0.06836040318012238,0,fitzpatrick17k,fitz_8647998b1f27e513e405a7a42224a3d5,light,2,benign
1,0.8215852379798889,1,fitzpatrick17k,fitz_be7a0fca0d3ef08aac3427caf387a796,light,2,malignant
1,0.8452648520469666,1,fitzpatrick17k,fitz_576faa7eb74b377212e11c85847c41fb,light,2,malignant
0,0.7714406847953796,1,fitzpatrick17k,fitz_d65d57104c490f783805bf584c7d5ce5,dark,5,benign
0,0.7954904437065125,1,fitzpatrick17k,fitz_0563ffb3690c6de90707a8181f08f66f,medium,3,benign
1,0.8056119084358215,1,fitzpatrick17k,fitz_b40cf4455677152a13d9469e784bfabb,medium,3,malignant
0,0.7418642640113831,1,fitzpatrick17k,fitz_ef309291e866852201c48b301ccd4256,light,1,benign
0,0.894524872303009,1,fitzpatrick17k,fitz_9b2e71766f8eb10f5bae4530e02543f2,light,2,benign
1,0.8574379682540894,1,fitzpatrick17k,fitz_5b8c122580d078254c8d68273bdb0998,light,2,malignant
0,0.7814061045646667,1,fitzpatrick17k,fitz_6e6a57c1fcd3d2fac8fa4f395f26a38b,medium,4,benign
0,0.7739145159721375,1,fitzpatrick17k,fitz_8618dfb500f85b7ba152329894f5da9a,light,2,benign
0,0.611625611782074,1,fitzpatrick17k,fitz_8824a77597e15d28293ea83e190ce68f,light,2,benign
1,0.649175226688385,1,fitzpatrick17k,fitz_17d220d256211aeff23230af4f1bc977,light,1,malignant
0,0.6346670389175415,1,fitzpatrick17k,fitz_1ca7a0d873e3ebdfbdbe0e22c4d5d485,medium,3,benign
0,0.8092382550239563,1,fitzpatrick17k,fitz_468fedaf0c0f9897f1d7a24c458572b2,medium,3,benign
0,0.7418413162231445,1,fitzpatrick17k,fitz_a7eae4ffe6b9a261528fda4ee1ef9fc0,light,2,benign
0,0.6905826330184937,1,fitzpatrick17k,fitz_10055efa4928f28500cd12510e614faf,medium,3,benign
1,0.7150807976722717,1,fitzpatrick17k,fitz_f94b06b9dd83db284af0a76a7b49e94c,light,1,malignant
0,0.8348425626754761,1,fitzpatrick17k,fitz_d26899a09ac4a25f2a598d4253ef9a51,light,1,benign
0,0.8188649415969849,1,fitzpatrick17k,fitz_489d3e393e11adb2ee67a6dc4d8ac011,light,2,benign
1,0.8981431126594543,1,fitzpatrick17k,fitz_6945401bf5ac888176538920a24b7777,medium,3,malignant
1,0.7770838737487793,1,fitzpatrick17k,fitz_127c614a1b7946171d4481ece27e5834,light,1,malignant
0,0.3563247323036194,1,fitzpatrick17k,fitz_b536c3c3111a2ebb815a8710a89efc5a,light,2,benign
1,0.6835864186286926,1,fitzpatrick17k,fitz_9cc65e527c182ae53fb7570790171f0c,light,2,malignant
0,0.7139636874198914,1,fitzpatrick17k,fitz_bff7a8e61d2065276ad907226036574f,light,2,benign
0,0.8085430860519409,1,fitzpatrick17k,fitz_48d1f8fcbd697d3cb9a89b470b76e4ab,light,2,benign
1,0.7448508143424988,1,fitzpatrick17k,fitz_c4b11cbc9b40271ec50817be6388814c,dark,5,malignant
1,0.8134799599647522,1,fitzpatrick17k,fitz_7eb72f83e8c15e7f1c4d3facd0abfa8f,light,2,malignant
0,0.7187670469284058,1,fitzpatrick17k,fitz_097e214c5c8f30b5b9ed202bde45dbd2,light,2,benign
0,0.7912027835845947,1,fitzpatrick17k,fitz_a23aa29d7b4f28a00d606ee80f08cf7e,light,2,benign
0,0.8548406958580017,1,fitzpatrick17k,fitz_3d2f7ae5b1e2f0da02482d3ecd6869a8,medium,3,benign
1,0.8853244781494141,1,fitzpatrick17k,fitz_6ddff0707d6bfe84b1b4be7a7c41bf5e,medium,3,malignant
0,0.7672247290611267,1,fitzpatrick17k,fitz_3bf6a0b2b07e4139ac67a0ff5207915a,light,1,benign
0,0.7716876268386841,1,fitzpatrick17k,fitz_7d3fb9d126bc569174e0d1370e5908ff,dark,5,benign
1,0.734968900680542,1,fitzpatrick17k,fitz_77e241b18f2f7f615e4a76ae87cd42ac,light,2,malignant
0,0.7510619759559631,1,fitzpatrick17k,fitz_7a8f05298d110f0a500a6dd534fc4782,light,2,benign
1,0.7306951284408569,1,fitzpatrick17k,fitz_d26b849fd202c4a414fd81871e516f8f,light,2,malignant
1,0.8542071580886841,1,fitzpatrick17k,fitz_24b359bb354232f22414960892020819,light,1,malignant
1,0.7681445479393005,1,fitzpatrick17k,fitz_64ac709a505775c19e96b55f0278aa61,light,2,malignant
0,0.7736876606941223,1,fitzpatrick17k,fitz_8bafe3c0acdeca24d12581cd6d4fdb65,medium,4,benign
1,0.8591305017471313,1,fitzpatrick17k,fitz_09df23048c17d2d5d298ea991a762a7b,light,2,malignant
1,0.762854278087616,1,fitzpatrick17k,fitz_0d8457afebb67905127da37baece43d8,dark,5,malignant
0,0.549630880355835,1,fitzpatrick17k,fitz_d90786178514a75f27d7cfbec4eb06bb,light,2,benign
1,0.6130127906799316,1,fitzpatrick17k,fitz_a6a0e88091aee2e2a203f81385419870,light,2,malignant
0,0.8768509030342102,1,fitzpatrick17k,fitz_77e57be20830beea9846d2c3a9ed5bd1,light,1,benign
0,0.8193035125732422,1,fitzpatrick17k,fitz_aec1e76dfe2266c73db2794889443ed7,medium,4,benign
1,0.7482998967170715,1,fitzpatrick17k,fitz_6c01e05cf7c76a641b92bb4b7383d27b,medium,3,malignant
0,0.2492782473564148,1,fitzpatrick17k,fitz_b99be0d9c64b6ee61f4cd1679c43387c,medium,3,benign
0,0.8215773701667786,1,fitzpatrick17k,fitz_ab9b09f1ec3a402dda9954afae4657b4,light,2,benign
0,0.7809993028640747,1,fitzpatrick17k,fitz_2f6da8d300aa57e53da36cc3afb59aec,medium,3,benign
1,0.7466282248497009,1,fitzpatrick17k,fitz_af9962796753508481866c02851f21b9,light,1,malignant
0,0.6988414525985718,1,fitzpatrick17k,fitz_c23323e1708d86b540188f3bd05d6ff3,light,1,benign
1,0.7909492254257202,1,fitzpatrick17k,fitz_69ee2924694efe5538f572c3fa9a5d87,light,2,malignant
1,0.8157583475112915,1,fitzpatrick17k,fitz_bbe2ba6d1c72c477dc514277aa950a6e,light,2,malignant
1,0.6199229955673218,1,fitzpatrick17k,fitz_72aa410d76f560607fb2e74083b2e87d,light,2,malignant
0,0.828689455986023,1,fitzpatrick17k,fitz_160dbc3e65bc20f7fa82f27bcd79d60c,light,1,benign
0,0.7313283681869507,1,fitzpatrick17k,fitz_338772cc570ce83a7cca87638bcbc40b,light,2,benign
1,0.7200412154197693,1,fitzpatrick17k,fitz_35abeea0d1d56e4a0b1720dea555ec99,light,2,malignant
1,0.8062281608581543,1,fitzpatrick17k,fitz_a2ec8926634557d70aa984c446b774b1,light,2,malignant
1,0.7955654859542847,1,fitzpatrick17k,fitz_c06d5028c6dd652a0e6ce830d64d6ea5,light,1,malignant
1,0.8088591694831848,1,fitzpatrick17k,fitz_a933cf003cc523204544c8820bc5c73e,light,1,malignant
1,0.6109449863433838,1,fitzpatrick17k,fitz_9b6a29c58a5cc9dd856128b9e28881ae,dark,5,malignant
1,0.780903697013855,1,fitzpatrick17k,fitz_a72ce770400ce35db667f4cef6295192,medium,4,malignant
0,0.11506135761737823,0,fitzpatrick17k,fitz_e86d4d984d45fba9f79f9c44578da9d6,medium,3,benign
1,0.7516221404075623,1,fitzpatrick17k,fitz_07e86b7dfbd6ffe274193d330c182876,medium,3,malignant
1,0.5841600298881531,1,fitzpatrick17k,fitz_3cc5bf092e65969413ebb390d9c0344e,light,1,malignant
1,0.8379033207893372,1,fitzpatrick17k,fitz_5d07648c809dcaca09feef5c856ed3ed,medium,4,malignant
0,0.7493695616722107,1,fitzpatrick17k,fitz_5fc8442f7daf1947af4ac4b9b3e58928,light,2,benign
0,0.8516837358474731,1,fitzpatrick17k,fitz_698875b364a276a917ec097232955dba,light,2,benign
0,0.7464278936386108,1,fitzpatrick17k,fitz_55d8b07c3336b2388cb44c063f2d1b6d,dark,5,benign
1,0.8841321468353271,1,fitzpatrick17k,fitz_39f2c7532c560b9665bd06b2956d3acd,light,2,malignant
0,0.5571567416191101,1,fitzpatrick17k,fitz_0c9a63866e446cb601bdeb9a4d3787a6,light,2,benign
0,0.684710681438446,1,fitzpatrick17k,fitz_0524c7e156295bd71bea39f7bde2595c,medium,4,benign
1,0.1173846572637558,0,fitzpatrick17k,fitz_3c50f209d0d5c01b5bf6ac2e47059211,medium,4,malignant
1,0.7770822644233704,1,fitzpatrick17k,fitz_aac12918e020bed883f2eb321dac661e,medium,3,malignant
0,0.4687652289867401,1,fitzpatrick17k,fitz_ce264c1179fe63735a19ff0adf4ed942,light,2,benign
1,0.8427190780639648,1,fitzpatrick17k,fitz_2e3a440729e7c6dc0543b21895324b18,light,1,malignant
1,0.8026862740516663,1,fitzpatrick17k,fitz_91b9cb946d6da44d95f21d89132628a5,medium,3,malignant
0,0.6775204539299011,1,fitzpatrick17k,fitz_69243b5e8ba06521744d03b52439eba0,medium,4,benign
0,0.704917311668396,1,fitzpatrick17k,fitz_886672e3a94aca6d2ba3f8196611eabc,dark,5,benign
0,0.8030672669410706,1,fitzpatrick17k,fitz_668404d69a35d4606157b027d2c1879d,light,2,benign
1,0.8254227638244629,1,fitzpatrick17k,fitz_977d4b1989e14ca35e800a9d4df52997,medium,4,malignant
1,0.7552114725112915,1,fitzpatrick17k,fitz_77c4fb940bcfe85ddb8e2a65d13ee847,medium,3,malignant
1,0.7905715703964233,1,fitzpatrick17k,fitz_60420b7681c5cbc8d4c6a88ec19c2680,light,2,malignant
1,0.7500885128974915,1,fitzpatrick17k,fitz_29cc6dbc600fb5861d5de1cd057bcae7,light,2,malignant
1,0.6204296946525574,1,fitzpatrick17k,fitz_e5edef2961436ce92fb26a7fb9a5a916,light,2,malignant
0,0.8928980827331543,1,fitzpatrick17k,fitz_1acb76e4dfa5190743e42d02a4a78ff9,light,1,benign
1,0.6837555170059204,1,fitzpatrick17k,fitz_709cda1386b72789222d1d30cb3506e8,medium,3,malignant
0,0.6839659214019775,1,fitzpatrick17k,fitz_764fa4784ca7e3e2060fef8052f111cf,medium,3,benign
0,0.79982990026474,1,fitzpatrick17k,fitz_e66f752ef5a39908b8ad993df12d465d,medium,3,benign
0,0.8214394450187683,1,fitzpatrick17k,fitz_ea98d1de050f9dc7f3dec15022fa51e5,medium,4,benign
1,0.03242563456296921,0,fitzpatrick17k,fitz_0055bbe758e1f61904d462d966c5520e,light,2,malignant
0,0.8148196339607239,1,fitzpatrick17k,fitz_a50e722048c0231d2ee8f1f6a4c07867,light,1,benign
1,0.7173112034797668,1,fitzpatrick17k,fitz_36568270e3f6b1795fd24ed0e558f7ea,medium,3,malignant
0,0.6806043386459351,1,fitzpatrick17k,fitz_6b47a0d5da60cff2e090ac44d1728e25,light,2,benign
0,0.6930676698684692,1,fitzpatrick17k,fitz_17f7264726654906b35da7baa43ce5f5,light,1,benign
0,0.8382803201675415,1,fitzpatrick17k,fitz_dcd51ecbfcb195cdf1712380ba5a5cef,light,1,benign
0,0.8036665320396423,1,fitzpatrick17k,fitz_d15aaf8aa0c88f984cc03f7baf5a2256,light,2,benign
1,0.7326920032501221,1,fitzpatrick17k,fitz_0eee4ba7249e41b3a8e09d3d7a2a1632,light,1,malignant
0,0.7387456893920898,1,fitzpatrick17k,fitz_4538448ea8e0642839225ba04b8faab8,medium,3,benign
1,0.767578125,1,fitzpatrick17k,fitz_332d0613825a47f3220d6c2dcf3e7b0d,medium,4,malignant
0,0.7730172276496887,1,fitzpatrick17k,fitz_74fb80ef4a52be7af14be1af1f6fc2f1,light,2,benign
1,0.7909008860588074,1,fitzpatrick17k,fitz_5f8cf9c95e414128ac879ba70371fa7a,medium,3,malignant
0,0.10819532722234726,0,fitzpatrick17k,fitz_c38bce203721447588af7c8b977af343,medium,4,benign
0,0.5396215915679932,1,fitzpatrick17k,fitz_fb2df5d1c00e125a1790412373f611df,medium,4,benign
1,0.6581889986991882,1,fitzpatrick17k,fitz_ffd2a9f7fe88af2fc987ddb7a06c9069,light,1,malignant
0,0.7084148526191711,1,fitzpatrick17k,fitz_8469304f4c86bcba90430e4e658ebbff,medium,4,benign
0,0.7396503686904907,1,fitzpatrick17k,fitz_4fc089d377be60a907e2d3a7b7e0d81e,light,2,benign
1,0.6307993531227112,1,fitzpatrick17k,fitz_b2413c3578edf4a33ab4f56e9c7d0aa1,light,1,malignant
1,0.4942402243614197,1,fitzpatrick17k,fitz_23f8b15973a621ced1807768301eabaf,medium,4,malignant
1,0.866294801235199,1,fitzpatrick17k,fitz_2e6c0216b6b1d990feb510a9c7f4b1ce,light,2,malignant
1,0.8920954465866089,1,fitzpatrick17k,fitz_3cd463a67a89b87959f1ef9e987c50d5,light,1,malignant
1,0.5623213648796082,1,fitzpatrick17k,fitz_7249a961b4013fe7ebce9734820a1fe7,light,2,malignant
0,0.7340720295906067,1,fitzpatrick17k,fitz_961ccbc7f5506fc49c62140f634de8ce,light,1,benign
1,0.8501928448677063,1,fitzpatrick17k,fitz_936dc916bc990b05cf256667186b5396,light,2,malignant
1,0.7382992506027222,1,fitzpatrick17k,fitz_12d3b726b887e9bc6a97bc2ca72fb0ac,light,2,malignant
1,0.7812589406967163,1,fitzpatrick17k,fitz_0eeedaab444d95748536ae2d4764c3ac,light,2,malignant
0,0.5258452296257019,1,fitzpatrick17k,fitz_70324a157e29b11509ae371782724363,light,2,benign
0,0.7936731576919556,1,fitzpatrick17k,fitz_c2ad4097f6661db4fa3699d09e4d698d,medium,3,benign
1,0.7547675967216492,1,fitzpatrick17k,fitz_213936e7901e7fa1bae80d3df0c4e4c7,medium,3,malignant
1,0.7418738603591919,1,fitzpatrick17k,fitz_fe8ee2abd7e7c47824995cab624ba07e,light,2,malignant
0,0.2994508147239685,1,fitzpatrick17k,fitz_972927afa96d6543749f81f69d196662,medium,3,benign
1,0.7292999625205994,1,fitzpatrick17k,fitz_4671abd39777720a68af5591bd8cbb17,light,1,malignant
1,0.7056363821029663,1,fitzpatrick17k,fitz_3abf697cc51d3887c188136ef0a4d941,light,2,malignant
0,0.4294176995754242,1,fitzpatrick17k,fitz_665f80f32b472d1bf8ce9f868299a68d,medium,3,benign
1,0.8100237250328064,1,fitzpatrick17k,fitz_41815a6d1d3a27c58d42c818b2efb236,light,2,malignant
0,0.7063371539115906,1,fitzpatrick17k,fitz_1a6f1a6417498acbc5011092e20369f9,dark,5,benign
0,0.5701823830604553,1,fitzpatrick17k,fitz_b9d54b47c718aa39f1678d14a78cb35e,light,1,benign
1,0.7899113893508911,1,fitzpatrick17k,fitz_f996766b05a0325d3366a94309e24ee0,medium,3,malignant
1,0.6842420697212219,1,fitzpatrick17k,fitz_80203c8b58176d8666b6500d6363a5d7,medium,4,malignant
1,0.4620397984981537,1,fitzpatrick17k,fitz_bab2395cc7524d21c0115f40ffafb6b2,medium,3,malignant
0,0.8346641063690186,1,fitzpatrick17k,fitz_ccbdf86f338d08dab2803d10d791331d,light,2,benign
0,0.5696774125099182,1,fitzpatrick17k,fitz_2662ec60b55a541f038558eaae6cf54d,medium,3,benign
1,0.39470431208610535,1,fitzpatrick17k,fitz_7680cf6433be49fb7ed5964e7c1ed440,light,2,malignant
0,0.775397777557373,1,fitzpatrick17k,fitz_153ccb1a4f539ab26615f322caefac10,light,2,benign
0,0.784355640411377,1,fitzpatrick17k,fitz_f2970a2819453c0f887024bdfba57706,light,1,benign
1,0.2975086569786072,1,fitzpatrick17k,fitz_1bd0b39996792be32b7ed241117f121d,light,2,malignant
1,0.36297357082366943,1,fitzpatrick17k,fitz_74e4d3e1f87a0688a7da7501713ad315,light,1,malignant
0,0.828711986541748,1,fitzpatrick17k,fitz_88ba2df0ca75ff23c31d0239d44855f6,light,2,benign
0,0.7373805642127991,1,fitzpatrick17k,fitz_eb526a756bb373c00f8e94ded1dae624,medium,3,benign
0,0.7881625294685364,1,fitzpatrick17k,fitz_78361d0448b60a8bfc04824ea41c0bca,medium,3,benign
0,0.8208552598953247,1,fitzpatrick17k,fitz_5b079b3f2b3a8c075728094228f551c0,dark,5,benign
0,0.8142110705375671,1,fitzpatrick17k,fitz_d158f3410028e939551a949b4b34a5f0,light,2,benign
0,0.7892568111419678,1,fitzpatrick17k,fitz_34a8688a08a03afb29d5cf253c6547ff,light,1,benign
1,0.823663055896759,1,fitzpatrick17k,fitz_11002a9c39999ab4a7beed083ca113d8,medium,4,malignant
1,0.733239471912384,1,fitzpatrick17k,fitz_f7860a668bff417fdf35a16e8229a587,light,1,malignant
1,0.7166448831558228,1,fitzpatrick17k,fitz_96679668ce4121471ddc1757d7721268,light,2,malignant
1,0.8150708675384521,1,fitzpatrick17k,fitz_435d8734636c7731bef97451f19ae8e3,medium,3,malignant
1,0.8043414950370789,1,fitzpatrick17k,fitz_4d43d8ea8c6102ec7d6c66dcf0e78006,light,2,malignant
0,0.24977156519889832,1,fitzpatrick17k,fitz_3c38201c033b1c4b5f33d75d248a5362,medium,4,benign
0,0.29567813873291016,1,fitzpatrick17k,fitz_fea934c879b17f313d3215f548950481,medium,4,benign
1,0.36241328716278076,1,fitzpatrick17k,fitz_eeb17db24a41dbaeab9cf8ebc9507e86,light,2,malignant
0,0.7586554288864136,1,fitzpatrick17k,fitz_b5ae8d0a7e0fdbe1da752f0889c62072,dark,6,benign
0,0.8645591139793396,1,fitzpatrick17k,fitz_eb2b4cc91a2ba9d908cacb733740ba4d,medium,4,benign
0,0.7130631804466248,1,fitzpatrick17k,fitz_0a973eee9d131c3faabc62eb81f07bab,light,1,benign
1,0.8254739046096802,1,fitzpatrick17k,fitz_43e565b277ea2460eada9e871505a203,light,2,malignant
0,0.48666897416114807,1,fitzpatrick17k,fitz_51bc7488cd95be42b9951336c3fd4f4a,light,2,benign
0,0.9009284377098083,1,fitzpatrick17k,fitz_5778cb35fc348b080812dc4af74cb6ef,light,1,benign
1,0.7596480846405029,1,fitzpatrick17k,fitz_3120a03a73c3806bf9e198e242919195,light,2,malignant
0,0.8064655661582947,1,fitzpatrick17k,fitz_f20d6a54fdbc05d9c1266671c8e9475d,light,2,benign
1,0.38774606585502625,1,fitzpatrick17k,fitz_0e5f2b371f082ab91db473d9913d326a,medium,3,malignant
0,0.8640449643135071,1,fitzpatrick17k,fitz_b4de0e25e7fd6e6f7509dd0caca5b9b3,medium,3,benign
0,0.5843868851661682,1,fitzpatrick17k,fitz_d9f812b38d451cd2ecdfea22ce8d133c,light,2,benign
1,0.7717286348342896,1,fitzpatrick17k,fitz_a2cc79f44fdb6241278e3098721cf684,light,1,malignant
0,0.7563697695732117,1,fitzpatrick17k,fitz_46ec6952510c57364bc5cff62e35939c,dark,5,benign
1,0.695044219493866,1,fitzpatrick17k,fitz_97034f3205e0233858e4bbe46dfbfea9,light,2,malignant
0,0.7627877593040466,1,fitzpatrick17k,fitz_b531ecf2c1f6f8436ac8685b5216ee70,light,2,benign
0,0.8839764595031738,1,fitzpatrick17k,fitz_9b7edd4e98f898fe5b5d4adaaa5c264d,medium,4,benign
0,0.7814347743988037,1,fitzpatrick17k,fitz_54911498188862f4fcf4e69818b5fca6,dark,5,benign
1,0.8173924684524536,1,fitzpatrick17k,fitz_58005ed792a5445438c7f32043d1818b,dark,5,malignant
1,0.8419427275657654,1,fitzpatrick17k,fitz_335fa63491b9a2c9421629764de7e518,medium,3,malignant
0,0.8705118298530579,1,fitzpatrick17k,fitz_bf572e4969549881665d6acad07eae0a,light,1,benign
0,0.8064367175102234,1,fitzpatrick17k,fitz_f4ada601e53f65b80352f220c883982b,dark,5,benign
1,0.8793751001358032,1,fitzpatrick17k,fitz_d4ffe324216a5c6e00278c1eddf56c1e,light,1,malignant
0,0.7213359475135803,1,fitzpatrick17k,fitz_13da2f120080df60617e3f9f1c5434b5,dark,5,benign
1,0.7507341504096985,1,fitzpatrick17k,fitz_e22fa7d3d665b0aae167876a5df06fdf,medium,4,malignant
0,0.6012908220291138,1,fitzpatrick17k,fitz_f2b14e54536ed100f633eaedf5a27ca4,light,2,benign
1,0.808988630771637,1,fitzpatrick17k,fitz_bf74c80811a674d498e6fc30eada833c,light,1,malignant
0,0.4819452464580536,1,fitzpatrick17k,fitz_1a7cb4d99b13256fed6a7dbc06dbcea2,medium,4,benign
1,0.8005480170249939,1,fitzpatrick17k,fitz_27fa5ac58bd8c5a693e8e0bd0bbe6f39,dark,6,malignant
0,0.3170100748538971,1,fitzpatrick17k,fitz_d6a011d88cac1c5ab6645fa64fd4a900,medium,4,benign
1,0.7683442234992981,1,fitzpatrick17k,fitz_7c6643f7a27415231ddcd610f5f17e80,light,2,malignant
0,0.6781479716300964,1,fitzpatrick17k,fitz_aae5e1fc8b00606e765f95f9181e2ab8,light,1,benign
0,0.585940420627594,1,fitzpatrick17k,fitz_767c8c56c50df552b4c321f98c3e8162,light,1,benign
1,0.7005666494369507,1,fitzpatrick17k,fitz_03dfffcd30588c3b0ca23479c51bebc7,dark,5,malignant
0,0.605108380317688,1,fitzpatrick17k,fitz_644c83bb4c86485907b6b49ad2784081,light,1,benign
0,0.6828466057777405,1,fitzpatrick17k,fitz_838506df7577d4b862ccd09b3007cbbc,medium,4,benign
1,0.7712702751159668,1,fitzpatrick17k,fitz_4f2198410f19ee761ebc0f9822bd5acf,light,2,malignant
0,0.7864038944244385,1,fitzpatrick17k,fitz_d32bb38989704f645004d6340d501466,light,1,benign
1,0.7380014061927795,1,fitzpatrick17k,fitz_1d87ddf86f42c4febe29c9b5efcda416,medium,3,malignant
1,0.7208660840988159,1,fitzpatrick17k,fitz_85bfb7325d93bac71fcbc08ae0a9ba23,light,1,malignant
1,0.7651371359825134,1,fitzpatrick17k,fitz_7468d62b08cd2e5dd9433527bfe0143e,light,2,malignant
1,0.8827676177024841,1,fitzpatrick17k,fitz_f3eaf2eec333043953f8e6bf884cd19e,light,1,malignant
0,0.7585889101028442,1,fitzpatrick17k,fitz_3ec49196eef77a76e16a47bcc506efda,light,2,benign
1,0.7641035914421082,1,fitzpatrick17k,fitz_cdbb50983b24266ce74b5d78b0d5589c,light,2,malignant
1,0.7220434546470642,1,fitzpatrick17k,fitz_658446bde66c64e374d317e40fb40f91,dark,6,malignant
0,0.9100605845451355,1,fitzpatrick17k,fitz_95f8d909518bf35e2a2a6789cfccce5a,light,1,benign
1,0.8122735619544983,1,fitzpatrick17k,fitz_27dc91b50a048be76e0116779ed1f7ff,medium,3,malignant
0,0.7904430031776428,1,fitzpatrick17k,fitz_9be0f8e4bc18ba9b92b75413c642513c,medium,3,benign
0,0.8291370272636414,1,fitzpatrick17k,fitz_89f7ce257bc4c8168059d6a4f67ff0be,light,2,benign
1,0.7463482022285461,1,fitzpatrick17k,fitz_51c066c6dcf0d10fc8bc867b77fb2d16,medium,3,malignant
1,0.8035238981246948,1,fitzpatrick17k,fitz_4bd61d9c3ec99cdea6d24b0915e2cd12,medium,4,malignant
0,0.7469202876091003,1,fitzpatrick17k,fitz_aee8bcbe869483c7d32cb6b51e9fd2b2,dark,6,benign
1,0.8332289457321167,1,fitzpatrick17k,fitz_a246a3150fe89472eb84a7d49841ae27,dark,6,malignant
0,0.35364964604377747,1,fitzpatrick17k,fitz_f9b7f1320ca721e3523d0d5e0062c4f9,light,2,benign
0,0.83731609582901,1,fitzpatrick17k,fitz_a75c99fb0ebb8eae39c87be0567da142,medium,3,benign
0,0.8818141222000122,1,fitzpatrick17k,fitz_5469148cef4a35a7d7c0f97cd2d0c345,light,2,benign
1,0.817999541759491,1,fitzpatrick17k,fitz_5a18fc5a172112cbb0636b16d76078c5,light,2,malignant
1,0.3739818036556244,1,fitzpatrick17k,fitz_c23144bedb535e724933393a1c32dde4,medium,4,malignant
1,0.8004634976387024,1,fitzpatrick17k,fitz_f7f2d6b9bb403a202b9db6a4700619fc,light,2,malignant
0,0.7994307279586792,1,fitzpatrick17k,fitz_a9fb58b18a51d2a06299a9de971271e7,light,2,benign
1,0.7988260388374329,1,fitzpatrick17k,fitz_cf5496e725b8060ecd0cc13d63be00e0,medium,3,malignant
0,0.8337283730506897,1,fitzpatrick17k,fitz_51edda24118eefd0ab857b9a24bae497,medium,3,benign
1,0.7346306443214417,1,fitzpatrick17k,fitz_3827d74369ad890f80bdf6b6080b700f,dark,5,malignant
1,0.736984133720398,1,fitzpatrick17k,fitz_10ed2d0e269bb1a60f466fef6cdf367b,light,1,malignant
0,0.4463435411453247,1,fitzpatrick17k,fitz_eb7652e04c1c3ba509e0e6269cae7b5d,light,2,benign
0,0.8004839420318604,1,fitzpatrick17k,fitz_a35359879caa23975bff9b1204c6d109,medium,3,benign
1,0.8493393659591675,1,fitzpatrick17k,fitz_3bb47651dab6157dbca1fb1585de91f2,medium,4,malignant
1,0.7772567272186279,1,fitzpatrick17k,fitz_bfb6b1bace873ed26a0f69d6bfde27ba,medium,3,malignant
1,0.9000897407531738,1,fitzpatrick17k,fitz_0198c74d604fde7055671d1b35869664,medium,3,malignant
0,0.7625217437744141,1,fitzpatrick17k,fitz_c11bdd58d3f0d7ad525ef81e07bca3e5,light,1,benign
1,0.6007862091064453,1,fitzpatrick17k,fitz_ac9bb3ab57b87b0d02453fb4fd291157,light,2,malignant
1,0.8810640573501587,1,fitzpatrick17k,fitz_06447e1b664fcc93d61c9a0effc50f27,light,2,malignant
1,0.7652626633644104,1,fitzpatrick17k,fitz_d3a72ac99209301ae7910103ac5e0d6d,light,2,malignant
0,0.12561270594596863,0,fitzpatrick17k,fitz_fb4615c67058e52e3dde1268328608fb,light,1,benign
1,0.7341305017471313,1,fitzpatrick17k,fitz_2331c9221825472c0a643dcc3a1f5249,light,2,malignant
1,0.8328291773796082,1,fitzpatrick17k,fitz_6fbf42c93073d3b18c3a5df584110122,medium,3,malignant
0,0.8507257699966431,1,fitzpatrick17k,fitz_e82f93dd7a3aa3a6b8f29fa1104a26cb,medium,4,benign
0,0.22565802931785583,1,fitzpatrick17k,fitz_6672391f14d4f3384ae398930d3feb06,light,2,benign
0,0.16943973302841187,1,fitzpatrick17k,fitz_3865c6ea202548ed921c3014faab2ecd,light,1,benign
0,0.6857635974884033,1,fitzpatrick17k,fitz_67712da1f5b9ce22516f618b866aa2bc,medium,4,benign
1,0.1953943520784378,1,fitzpatrick17k,fitz_b3893bf84b0c306b7e86253d4d98972a,light,1,malignant
0,0.6440349221229553,1,fitzpatrick17k,fitz_787f00fdb60c9a4d97332a4ee0558d77,medium,3,benign
0,0.23987612128257751,1,fitzpatrick17k,fitz_3163688a06ed18b9cfbff29d28cef80f,medium,4,benign
0,0.7405309677124023,1,fitzpatrick17k,fitz_9f982f2c55254d90155975744427c786,dark,5,benign
0,0.763035237789154,1,fitzpatrick17k,fitz_ae597315643401a7e6d1c97adc01004a,light,2,benign
0,0.7721903920173645,1,fitzpatrick17k,fitz_de0e9bac04cb88feac8916e559538b7e,light,2,benign
1,0.9160641431808472,1,fitzpatrick17k,fitz_ac79340a5e752f4fd0ee3888ade0b735,light,2,malignant
1,0.89975506067276,1,fitzpatrick17k,fitz_3887855c8303e3c019d89f384140a9f9,light,1,malignant
1,0.8308516144752502,1,fitzpatrick17k,fitz_d94908c34e1ae46ff12e1a87accfd529,light,2,malignant
0,0.7594457864761353,1,fitzpatrick17k,fitz_bbb67c787d21931388b25c948dbf1b5a,medium,3,benign
0,0.6063498854637146,1,fitzpatrick17k,fitz_8a12cd54a30abc7c99421a0a27d41472,light,2,benign
0,0.6776461005210876,1,fitzpatrick17k,fitz_196dfc5223636f748ea958ad6f04374c,light,1,benign
0,0.849318265914917,1,fitzpatrick17k,fitz_129d1e784c930fb5331110e720e3876c,medium,3,benign
0,0.8070001006126404,1,fitzpatrick17k,fitz_5cc5b479530d558a7f566cf7eeb49f8e,light,1,benign
0,0.7777129411697388,1,fitzpatrick17k,fitz_db8bd9fc4ed9cd372a217763e4a6b76c,light,2,benign
0,0.7701895236968994,1,fitzpatrick17k,fitz_de49050472666ae8573048c5d768c8b7,light,1,benign
0,0.781690776348114,1,fitzpatrick17k,fitz_c211433ad5840b99351e89e03f8d35f7,light,2,benign
0,0.7421818375587463,1,fitzpatrick17k,fitz_5e72c301595159b8f6ab83fc490be6ed,light,2,benign
0,0.6304624080657959,1,fitzpatrick17k,fitz_b1b8f575c71edff443ad61da67c162d8,light,2,benign
1,0.559343695640564,1,fitzpatrick17k,fitz_daa62b843848a57cf43017597935af45,light,2,malignant
1,0.7603777050971985,1,fitzpatrick17k,fitz_3865048c84183906734e1f4fa6c764ac,medium,3,malignant
0,0.7308329939842224,1,fitzpatrick17k,fitz_375d442424a9d97c9eb00d4717602897,light,2,benign
1,0.7960821986198425,1,fitzpatrick17k,fitz_1a440e59ff14cf1461796f7b3b58844b,light,2,malignant
1,0.7038092613220215,1,fitzpatrick17k,fitz_cb163e80bb075dda20d28f7eb1131c8a,light,1,malignant
1,0.6286914944648743,1,fitzpatrick17k,fitz_fdd6daf1e78c769e6e7ae47246c0aef7,light,1,malignant
0,0.5852217078208923,1,fitzpatrick17k,fitz_7c475b1d06b9dac9e35264f718be1999,light,1,benign
0,0.6944578289985657,1,fitzpatrick17k,fitz_4e19e77a14b6720ed2c51fa5bf7e0a70,light,1,benign
0,0.37889260053634644,1,fitzpatrick17k,fitz_ce0b81d408adacbc981c448110a192e8,light,2,benign
1,0.729071319103241,1,fitzpatrick17k,fitz_acf9046d1fb65c2020996133795f9b76,medium,4,malignant
0,0.6892022490501404,1,fitzpatrick17k,fitz_13f0a1868fc2a8dada2059c4d78b0aa1,light,2,benign
1,0.8452449440956116,1,fitzpatrick17k,fitz_d7da287fc4ca06ca56fa7a77bc66ff3a,light,2,malignant
0,0.5609040856361389,1,fitzpatrick17k,fitz_f4ea1f79c657fb4d55abb8abbbbc5678,light,1,benign
1,0.8794194459915161,1,fitzpatrick17k,fitz_d00935a5691968c9c8a80a0e9277ab6e,light,2,malignant
1,0.7935734391212463,1,fitzpatrick17k,fitz_43534ab689527642db737a5a6931993a,medium,4,malignant
0,0.8044159412384033,1,fitzpatrick17k,fitz_6c77393c64cd6e7c458bcc3d9dfa18a5,light,1,benign
0,0.6736796498298645,1,fitzpatrick17k,fitz_6eacb8cf8625e9564d7365e89f919ae0,light,2,benign
1,0.7053442001342773,1,fitzpatrick17k,fitz_60c20c7458e1a508b96bd1dec2702e3b,light,2,malignant
1,0.8184946179389954,1,fitzpatrick17k,fitz_584c4f9057c17656a36c862d527000a3,light,1,malignant
0,0.7877671718597412,1,fitzpatrick17k,fitz_d90733d09cdec4e45ae22e1202a3fe41,light,1,benign
0,0.7766661643981934,1,fitzpatrick17k,fitz_edce9bab731228e8240e613dd6e5e2ee,dark,5,benign
0,0.77327960729599,1,fitzpatrick17k,fitz_572a802d11a61721053e7dee8911cfa6,dark,5,benign
1,0.7411850094795227,1,fitzpatrick17k,fitz_49d972675c4d3997aa2e8186bf6a06c6,light,1,malignant
1,0.9015975594520569,1,fitzpatrick17k,fitz_cb0bd4370fb0154d4d13e6495ef746d8,light,2,malignant
1,0.8219422698020935,1,fitzpatrick17k,fitz_c8f2e70de27ec0f45e7cd3774e86f076,light,2,malignant
0,0.7604842185974121,1,fitzpatrick17k,fitz_f2bc5704dc1635e769d2cbd612676422,light,1,benign
0,0.7784329056739807,1,fitzpatrick17k,fitz_7b2b5501ec0dabe214df1b83c76a2f45,dark,5,benign
0,0.7362013459205627,1,fitzpatrick17k,fitz_e7c84b7ea8df60e308915b5ab6d2b008,light,2,benign
1,0.6786962151527405,1,fitzpatrick17k,fitz_dd7b358a3a6d9134abd1271322b5ee99,medium,4,malignant
0,0.2634317874908447,1,fitzpatrick17k,fitz_dcfbfe28ad44e2aff393fcdd228cd017,medium,4,benign
0,0.8017442226409912,1,fitzpatrick17k,fitz_bb311169c44ad5348401431f33a95668,light,1,benign
0,0.7201559543609619,1,fitzpatrick17k,fitz_33068b46548282d53e5fee2f15792728,light,2,benign
1,0.9220048785209656,1,fitzpatrick17k,fitz_5741346ea1f285de99f7a0fafaf84005,medium,3,malignant
0,0.6001007556915283,1,fitzpatrick17k,fitz_600fa1053d015e9110a3ed7888e3c7d8,medium,4,benign
1,0.8255859613418579,1,fitzpatrick17k,fitz_97b76d98037a41d972411126f407e120,light,2,malignant
1,0.8633006811141968,1,fitzpatrick17k,fitz_ac8651d882e7b28e886479882460b900,light,1,malignant
1,0.7354689836502075,1,fitzpatrick17k,fitz_cac211b988a0695fc15d1a33fb4cb007,medium,3,malignant
1,0.8257878422737122,1,fitzpatrick17k,fitz_2cd4cd289e9c8b7c9cac0c9cf0b9fdd1,medium,3,malignant
0,0.7014968991279602,1,fitzpatrick17k,fitz_f4dbcbc8a3b5110599e23ab3ebd8a6d1,medium,4,benign
1,0.7579902410507202,1,fitzpatrick17k,fitz_66a864690bb29d8a87837a90809092d2,light,2,malignant
0,0.7568376064300537,1,fitzpatrick17k,fitz_61be413c52eb1d7dad6a93d071f7d52e,light,2,benign
0,0.8114948272705078,1,fitzpatrick17k,fitz_a267e3a6067ffcd4ff5df79ae3190383,light,2,benign
0,0.6896668076515198,1,fitzpatrick17k,fitz_b0834b3d13110e14deb33367151559c8,light,2,benign
1,0.7157657146453857,1,fitzpatrick17k,fitz_ef3e25ec793d9ae74cb654c60b158680,light,1,malignant
0,0.6401478052139282,1,fitzpatrick17k,fitz_a0e26d07cae16cf575350367af56ae8b,light,1,benign
0,0.37597471475601196,1,fitzpatrick17k,fitz_dadea0629296b47110491376c9f6c898,light,1,benign
0,0.866923987865448,1,fitzpatrick17k,fitz_3c6f7c12d6772c5f3960277372558357,light,1,benign
1,0.8363776803016663,1,fitzpatrick17k,fitz_c7101a08e026de24041aed144751ee53,light,1,malignant
0,0.8067141771316528,1,fitzpatrick17k,fitz_8e31b54b41efc534afc8addfc8a97146,light,2,benign
0,0.7212572693824768,1,fitzpatrick17k,fitz_1e754370619dcfcccd7e50004f388a7c,light,1,benign
1,0.8763412237167358,1,fitzpatrick17k,fitz_ea19152434347b623f2e98c92ebd7938,light,2,malignant
1,0.8184959888458252,1,fitzpatrick17k,fitz_6839de72e5a36bef0e11987b4b337664,light,1,malignant
0,0.7718004584312439,1,fitzpatrick17k,fitz_8928654d40508da78d8681a61de9e948,light,2,benign
1,0.28137335181236267,1,fitzpatrick17k,fitz_11cb4d29089593c5b407998f41a46ca6,medium,3,malignant
1,0.7590312361717224,1,fitzpatrick17k,fitz_ae5dbb5d80c5ccff3104ffe0221639e8,light,1,malignant
1,0.903753936290741,1,fitzpatrick17k,fitz_f2327dc6bf154de3dec0dbdb99f4468e,light,1,malignant
0,0.7280282378196716,1,fitzpatrick17k,fitz_9171dd88988659b0642ee589c494367d,light,2,benign
1,0.8152089715003967,1,fitzpatrick17k,fitz_7c24e660ff34da3d4285e5b4b915a25b,medium,3,malignant
0,0.6930815577507019,1,fitzpatrick17k,fitz_1ce68dc228b5414729a7acdd6815647d,light,2,benign
1,0.8721232414245605,1,fitzpatrick17k,fitz_e61194e04e5e450a4d3d40de07d9f2ed,dark,5,malignant
1,0.8044132590293884,1,fitzpatrick17k,fitz_fb324416230e80e7a13756a60ac4aef4,light,1,malignant
0,0.742597758769989,1,fitzpatrick17k,fitz_46d63b65e22a9550311ee36217e78f00,light,1,benign
0,0.9097940921783447,1,fitzpatrick17k,fitz_27a1b2d775742ee03b9997395f99d764,light,2,benign
0,0.7703598737716675,1,fitzpatrick17k,fitz_9a9e44a002f21bb57a6786554c0991fa,medium,4,benign
1,0.04333964362740517,0,fitzpatrick17k,fitz_4d6a5c8b2e73ea8acbcbae17a070f9df,light,1,malignant
0,0.6358563899993896,1,fitzpatrick17k,fitz_7230f78df0d54eb04c5ccd5443c799ec,dark,5,benign
0,0.3583265542984009,1,fitzpatrick17k,fitz_d863e7bbbcaeee146406683d15cdbb01,light,1,benign
0,0.7578104138374329,1,fitzpatrick17k,fitz_403a674af4555b53af580206fd47f99e,light,2,benign
0,0.760524332523346,1,fitzpatrick17k,fitz_7e610878f5cf3531be4dc138a04005a7,light,2,benign
0,0.6709492802619934,1,fitzpatrick17k,fitz_1ae8a19eead10dfba17158fedb36c336,light,1,benign
0,0.6697139739990234,1,fitzpatrick17k,fitz_637e6d4ec6072a0f2d9d4ca17f63449b,light,2,benign
0,0.727861225605011,1,fitzpatrick17k,fitz_f7ca7fe686f0a41083621f963a83a5b0,medium,4,benign
1,0.8393454551696777,1,fitzpatrick17k,fitz_10875c6d5e9d32bbecde83124d90a131,light,2,malignant
1,0.7964481711387634,1,fitzpatrick17k,fitz_855a18d13f9678703baaef0fff725f4e,light,1,malignant
0,0.7677583694458008,1,fitzpatrick17k,fitz_7738e7cc50e86552cdf51418efe7f55d,medium,4,benign
1,0.8213180303573608,1,fitzpatrick17k,fitz_c53053b76057de5df9e5e0e6784baa88,medium,4,malignant
0,0.8319462537765503,1,fitzpatrick17k,fitz_510413b3456cc13b60e7700a61ee8f1b,medium,3,benign
0,0.7374140024185181,1,fitzpatrick17k,fitz_f9f97262008c01f052bbc9fb5286413d,light,1,benign
1,0.7149665355682373,1,fitzpatrick17k,fitz_8e865fd366d1ef5636ac95814e61fb0d,medium,3,malignant
1,0.8399390578269958,1,fitzpatrick17k,fitz_a5caf184b8e343e568d0d250f061739f,light,1,malignant
1,0.76435387134552,1,fitzpatrick17k,fitz_2fdb31f6c3f6fc50b96f6607510cc263,light,1,malignant
1,0.5947853922843933,1,fitzpatrick17k,fitz_7dabc981c070ef3b157483cc74c78d1a,medium,4,malignant
0,0.43062320351600647,1,fitzpatrick17k,fitz_f0e90b82bf2702a872da3fd66eee6920,light,2,benign
0,0.3115569055080414,1,fitzpatrick17k,fitz_21990c0bb830e8bb56bf997067a154a3,light,2,benign
1,0.690034031867981,1,fitzpatrick17k,fitz_3be7f195269f4cb0a7d2528223971f44,light,2,malignant
0,0.8282044529914856,1,fitzpatrick17k,fitz_f206053f8df79e80fe17365004c4f48a,light,2,benign
1,0.7898267507553101,1,fitzpatrick17k,fitz_d58c221e8370e2658aebfc502609aa18,light,2,malignant
0,0.7894827127456665,1,fitzpatrick17k,fitz_a5b813957d0fe8ad0edc6e9b96dede2c,light,2,benign
0,0.860714316368103,1,fitzpatrick17k,fitz_33821dea8e135a970314e9e8b4500bbc,light,2,benign
0,0.8241148591041565,1,fitzpatrick17k,fitz_00742b7d36ec4038d68e4956deb8fa83,medium,4,benign
0,0.7753475904464722,1,fitzpatrick17k,fitz_a3398ad74106f09472d7c43078d4ead2,light,2,benign
1,0.6849957704544067,1,fitzpatrick17k,fitz_7496fc44f10f5cc6341802425a5bf079,dark,5,malignant
1,0.6294060349464417,1,fitzpatrick17k,fitz_4604b4b94303edcaa5a2a4feebae1a96,medium,4,malignant
1,0.7980090379714966,1,fitzpatrick17k,fitz_9e7fd8f57cd4943ed6740e19e9ab6f59,light,2,malignant
0,0.7608266472816467,1,fitzpatrick17k,fitz_a8f7b68bd47976e476776a08acc2f70d,light,1,benign
1,0.7518178820610046,1,fitzpatrick17k,fitz_1e2d76fc8e520ef0289dd7b52aad2120,light,2,malignant
0,0.715126097202301,1,fitzpatrick17k,fitz_2852394d9f17ff45a34592f2e735b8da,medium,3,benign
0,0.42557740211486816,1,fitzpatrick17k,fitz_f1e26485eb0dc75866b8526a00b90edd,medium,4,benign
0,0.7687577605247498,1,fitzpatrick17k,fitz_9df19e451d1b39bc9317cc3c56f50cec,light,2,benign
1,0.7792378664016724,1,fitzpatrick17k,fitz_35e050f8df5d396334b3a7f61cdaaa49,light,1,malignant
0,0.7317920923233032,1,fitzpatrick17k,fitz_56bc33dc1e68c70b9064cea9e3552c3b,light,1,benign
0,0.8331332802772522,1,fitzpatrick17k,fitz_d9b8cf746cca440172358099d91cef15,light,2,benign
1,0.6900261640548706,1,fitzpatrick17k,fitz_b995952866ae3103145c29d15f11f8d8,light,1,malignant
1,0.6825307607650757,1,fitzpatrick17k,fitz_f0c14116d7d5ee9c29a43d1ad073ec0f,light,1,malignant
1,0.8513761162757874,1,fitzpatrick17k,fitz_1ed50f19272049669f7227ff256d5340,light,2,malignant
1,0.8263528943061829,1,fitzpatrick17k,fitz_d740f99aa0236f9972d66f0821cf14b0,medium,4,malignant
0,0.7436839938163757,1,fitzpatrick17k,fitz_f6e96da348732a37f3ca2a6b65e3d363,medium,3,benign
1,0.783784806728363,1,fitzpatrick17k,fitz_3ff13fc171d4913a78e61506a490aab2,light,2,malignant
0,0.802649974822998,1,fitzpatrick17k,fitz_e17722252027aefdf87b79472efdfc4a,dark,5,benign
1,0.755995512008667,1,fitzpatrick17k,fitz_fa01a1c2272065c237e67fdc34b42ae9,light,1,malignant
1,0.7703759074211121,1,fitzpatrick17k,fitz_29640d46e79286cdaa8d7f0c9d33dac5,light,2,malignant
0,0.727084755897522,1,fitzpatrick17k,fitz_f17773a2ee06fb5179ed0e56b7235c2a,light,2,benign
0,0.8416226506233215,1,fitzpatrick17k,fitz_55ec84888f157069c8d601b229d377f6,light,2,benign
1,0.8123658299446106,1,fitzpatrick17k,fitz_185ae0e5acbb25166758dc72e385d3aa,light,2,malignant
0,0.9150198101997375,1,fitzpatrick17k,fitz_b90ba1b1f272151fea13d0afa91aba1a,medium,3,benign
1,0.7322263717651367,1,fitzpatrick17k,fitz_a0a223a633e059ffd1ce089274f101a0,light,2,malignant
1,0.8397186398506165,1,fitzpatrick17k,fitz_7e8db7136d2d9467ec3becd7f3c38e5c,light,2,malignant
1,0.8470854759216309,1,fitzpatrick17k,fitz_7910e6ff11c72c6266d5749017c6f72e,light,2,malignant
1,0.8726787567138672,1,fitzpatrick17k,fitz_eb6bff13a9119265b3a3bcc4474bec96,medium,3,malignant
1,0.8808134198188782,1,fitzpatrick17k,fitz_dc015fe727ae7edab1c022a7ba0cf1bd,light,1,malignant
1,0.7474560737609863,1,fitzpatrick17k,fitz_38c5bd7619923f1297d3b49cebd1bd85,medium,3,malignant
0,0.8054069876670837,1,fitzpatrick17k,fitz_2017a2789790c2ae724917624752ae5e,light,2,benign
1,0.7203858494758606,1,fitzpatrick17k,fitz_e59b9adefae0522acced0247d22afff0,dark,5,malignant
0,0.8032370805740356,1,fitzpatrick17k,fitz_b935d5f370685fbfdfb676b492dd5deb,medium,4,benign
0,0.48078346252441406,1,fitzpatrick17k,fitz_3f7545b5dd38ac07cd761411182a65a7,light,1,benign
1,0.7654841542243958,1,fitzpatrick17k,fitz_62711536b80f9a897c6d5bde4f320397,light,1,malignant
0,0.7470308542251587,1,fitzpatrick17k,fitz_0e9fd3b0f62683f0c70290e26e0c3400,light,1,benign
0,0.7634400725364685,1,fitzpatrick17k,fitz_f665fb18ebbfffb55fac28c152548c68,medium,3,benign
0,0.7283980250358582,1,fitzpatrick17k,fitz_d406d851529ef0a01c3cb452a9582fe9,medium,3,benign
1,0.830578625202179,1,fitzpatrick17k,fitz_f3e07d3a25ab2e154c3b1950a8ab6617,light,1,malignant
1,0.6695191860198975,1,fitzpatrick17k,fitz_2c79733c61410a23fc552f390b2963ed,medium,3,malignant
0,0.8673347234725952,1,fitzpatrick17k,fitz_afca3923f6b792b9b027e78c65cf9764,medium,3,benign
1,0.8039767146110535,1,fitzpatrick17k,fitz_7a9d20013b87019f62372a31dc98ac92,medium,3,malignant
1,0.7705183029174805,1,fitzpatrick17k,fitz_9a6945188c02dd2141c1c4660501f74d,light,1,malignant
0,0.8776017427444458,1,fitzpatrick17k,fitz_c58b36d43b603d55872591900626ced3,medium,3,benign
1,0.753876805305481,1,fitzpatrick17k,fitz_a4b48f03133497b7ff25ec2af7505ef1,medium,3,malignant
1,0.7129747867584229,1,fitzpatrick17k,fitz_a41e3b93d534045649351abbf4b39a95,light,2,malignant
1,0.8494535684585571,1,fitzpatrick17k,fitz_0678394d72403cd694b8a22e2b623613,light,2,malignant
0,0.7935435771942139,1,fitzpatrick17k,fitz_d20132382bce45b25a1551f55fb0a502,medium,3,benign
1,0.7360519766807556,1,fitzpatrick17k,fitz_e48d91bb0d6ce9221b89b9662fce4473,light,1,malignant
0,0.7843183875083923,1,fitzpatrick17k,fitz_7e14d1848deb9a1d2ed79767fbcab51c,light,2,benign
1,0.7251639366149902,1,fitzpatrick17k,fitz_f728b8ad950fa5a36cd26cbdf9651179,medium,3,malignant
1,0.7392175793647766,1,fitzpatrick17k,fitz_4874ae4360510673a0cbe6310a4acce0,light,2,malignant
0,0.6817601919174194,1,fitzpatrick17k,fitz_7ebc5fc43f36567a10e94064a3e757c2,light,1,benign
0,0.729059636592865,1,fitzpatrick17k,fitz_e99ddec084788beb943120624392b943,medium,4,benign
0,0.3439793586730957,1,fitzpatrick17k,fitz_20b3c235b9af196c17c0a0c67c8516b0,light,1,benign
1,0.7912247776985168,1,fitzpatrick17k,fitz_2a10c3a61da65ed775ea0e5b7c767472,light,1,malignant
0,0.9180311560630798,1,fitzpatrick17k,fitz_68c4093d23c19116b586d84b57c348ab,light,2,benign
0,0.3156875967979431,1,fitzpatrick17k,fitz_ff4e3f0f9de132366d95d594c6ee8769,light,1,benign
1,0.8529244065284729,1,fitzpatrick17k,fitz_cf33353da56711ba0aac9a2b8a87fb5b,light,1,malignant
0,0.8267351388931274,1,fitzpatrick17k,fitz_fd4ed381044a6bd3f6173a2d6e88540d,light,2,benign
1,0.7473335862159729,1,fitzpatrick17k,fitz_be8a8bacf815ba4ec60932c511ae5516,light,2,malignant
1,0.9247484803199768,1,fitzpatrick17k,fitz_7c0184023662d59d7a6711abd46cab9e,medium,4,malignant
0,0.6776221990585327,1,fitzpatrick17k,fitz_f82901e6d4526944361837926896ee09,dark,5,benign
0,0.8096131086349487,1,fitzpatrick17k,fitz_cbb929b783aded4261d4ffb9f3b3b0b6,light,2,benign
1,0.8018869161605835,1,fitzpatrick17k,fitz_206be927bc9030c8608c2ded1df534cb,light,1,malignant
0,0.7707201838493347,1,fitzpatrick17k,fitz_eef4097006bfa01e740b2baefd910973,light,1,benign
1,0.8065717816352844,1,fitzpatrick17k,fitz_7b97d32159e27f26dd4a4f9ae440bd74,medium,3,malignant
1,0.8074942231178284,1,fitzpatrick17k,fitz_941066b0a60b150763ab2a8b4badf27d,light,1,malignant
0,0.7562306523323059,1,fitzpatrick17k,fitz_b642e3c2227b664fe5d3f8dde9470b36,light,2,benign
1,0.7043331265449524,1,fitzpatrick17k,fitz_53d68a5de7fae6e7e39a84b5a3cd2f43,light,2,malignant
0,0.8446102142333984,1,fitzpatrick17k,fitz_dc0f9001007f0a01e320b0236c3a4492,medium,4,benign
1,0.5933323502540588,1,fitzpatrick17k,fitz_32ea52fa6dde393c5affeb0107d15e8c,light,2,malignant
0,0.37235015630722046,1,fitzpatrick17k,fitz_55149479b90e4f74cdb4e84b18b2e2fb,light,2,benign
0,0.7929830551147461,1,fitzpatrick17k,fitz_002100fdd81baa28c893ddcde6892e3e,light,2,benign
0,0.44839444756507874,1,fitzpatrick17k,fitz_defdb79a643ed90c6614ca9f85210219,light,1,benign
1,0.8398157358169556,1,fitzpatrick17k,fitz_9ad4add899ea08d1b3f1b1a7a2838b5e,light,2,malignant
0,0.7462432980537415,1,fitzpatrick17k,fitz_ed98e6a44d55f939150cd6a2983bf0db,medium,4,benign
1,0.7522671818733215,1,fitzpatrick17k,fitz_ee93be8080b3d5f5535f4e4273033bb1,light,2,malignant
1,0.7115678787231445,1,fitzpatrick17k,fitz_8cbf01e080ba75fbf6716769acc0f36c,light,1,malignant
1,0.41135355830192566,1,fitzpatrick17k,fitz_9140159f37dd700e5a4d25351ae805fe,medium,3,malignant
1,0.8260735869407654,1,fitzpatrick17k,fitz_7041e0d82e0d554237bd1e6dc886a81f,dark,5,malignant
1,0.895630419254303,1,fitzpatrick17k,fitz_2526f45c72e51e324cc70a56faa9616a,light,2,malignant
1,0.7451093792915344,1,fitzpatrick17k,fitz_69f564b9263b5844f1376d1e41890093,light,1,malignant
0,0.7656466960906982,1,fitzpatrick17k,fitz_2494456b5bd57e3ce57504bd1efc9bab,light,1,benign
1,0.2577168643474579,1,fitzpatrick17k,fitz_7a0d4f1dd17a52bf9cb542af4c9142af,light,2,malignant
1,0.04513770714402199,0,fitzpatrick17k,fitz_25f0ba43f506d7f3912b8ca4d396cb4c,light,2,malignant
1,0.8396234512329102,1,fitzpatrick17k,fitz_9b82bbff48d88f3bea9d30cfd96606dc,light,1,malignant
0,0.7351804375648499,1,fitzpatrick17k,fitz_60cd73910a4e09b03329c4fd9bbec1fc,medium,3,benign
0,0.7542360424995422,1,fitzpatrick17k,fitz_5083ac97bda2b5e9906746e2fe16179a,dark,6,benign
0,0.3396260142326355,1,fitzpatrick17k,fitz_55a7d73326822f306a9c804a05c4e3ca,dark,5,benign
1,0.2940497100353241,1,fitzpatrick17k,fitz_4c314ddb62900e1a3f5627fa63ffe214,light,1,malignant
0,0.7662042379379272,1,fitzpatrick17k,fitz_da485a6bcf6b3e6564ef5f014ecb1785,light,2,benign
0,0.7399579882621765,1,fitzpatrick17k,fitz_3a48646aa627e0cba2d26c943bafcc00,light,2,benign
0,0.7646586298942566,1,fitzpatrick17k,fitz_791ff00ac1c5f24c92b41826575b5aea,light,1,benign
0,0.3520457148551941,1,fitzpatrick17k,fitz_717f9cab8254cf44e153be0794f8e710,light,1,benign
1,0.7681322693824768,1,fitzpatrick17k,fitz_4e66d9b65b4bf81189a9777167bc78ec,light,1,malignant
0,0.03926681727170944,0,fitzpatrick17k,fitz_2eb5812148044da12159c1c6c6c0bbc6,medium,3,benign
1,0.7747628092765808,1,fitzpatrick17k,fitz_5c4f07cadd546134cda4f326de4f39ab,light,1,malignant
0,0.6419588327407837,1,fitzpatrick17k,fitz_ab6fc36069c77764cbadd6a5a4fe3281,medium,3,benign
1,0.8303938508033752,1,fitzpatrick17k,fitz_856014588573b1b908e3a9d9b124d72a,light,1,malignant
0,0.730283796787262,1,fitzpatrick17k,fitz_f1b9042821c32197c1404685fe815d13,light,2,benign
1,0.9268504977226257,1,fitzpatrick17k,fitz_30e6f943452facf1ffbed708e645f4b8,light,2,malignant
1,0.7527833580970764,1,fitzpatrick17k,fitz_1a9e904ebc92a8322d12a24a79b02b61,medium,4,malignant
0,0.6066368818283081,1,fitzpatrick17k,fitz_7da70535d3955434d909a63f9f879139,medium,3,benign
0,0.7094817161560059,1,fitzpatrick17k,fitz_c98c9a7eaca72a17356ca13d827ddbeb,medium,3,benign
0,0.6733928918838501,1,fitzpatrick17k,fitz_ee1ac615e11be8151e056da0b12a4ac2,light,1,benign
0,0.6344688534736633,1,fitzpatrick17k,fitz_57885e3f5a3c043c3621a06bca196282,light,2,benign
1,0.7080501914024353,1,fitzpatrick17k,fitz_a92ba022f12b23a2c5ea19eedfa32a94,medium,3,malignant
1,0.8486862778663635,1,fitzpatrick17k,fitz_ad94730f787cc90b11c25655c41366b6,light,1,malignant
0,0.7111892700195312,1,fitzpatrick17k,fitz_f23e351821a02c82d15b8873413dcf93,light,2,benign
0,0.48981255292892456,1,fitzpatrick17k,fitz_3fdd45702d0b257710468787ab2e0ea4,medium,3,benign
1,0.836927592754364,1,fitzpatrick17k,fitz_59590ce6f167203c6478ee52d775e8e5,light,2,malignant
1,0.8130489587783813,1,fitzpatrick17k,fitz_482f40d7e3d25795f61d53161d2d3f6f,light,1,malignant
1,0.801917552947998,1,fitzpatrick17k,fitz_3ac17ec80430bdeb06a2134912d21d42,light,2,malignant
1,0.8070424199104309,1,fitzpatrick17k,fitz_69425e7f864b9775266eca2c328fe766,light,2,malignant
1,0.482865571975708,1,fitzpatrick17k,fitz_d17f05c8647ec75327ed5023d245e85a,light,1,malignant
1,0.16501346230506897,1,fitzpatrick17k,fitz_62cfadccd978c17e7a842bce0b49e09e,dark,5,malignant
0,0.8859415054321289,1,fitzpatrick17k,fitz_cb7ba3d4180b6ffd2da632bcdd160b40,light,2,benign
1,0.7877784371376038,1,fitzpatrick17k,fitz_e6a148f384e31d30c51c4472defc1bdf,medium,4,malignant
1,0.8353333473205566,1,fitzpatrick17k,fitz_50203f0e1cc3ccf33cd2cbfdfd475c02,medium,3,malignant
0,0.7203446626663208,1,fitzpatrick17k,fitz_c71046a5b4e8df13e173fc78583554ff,medium,3,benign
1,0.8123495578765869,1,fitzpatrick17k,fitz_fe9fac67c9bd81b3e0d808254ab42562,light,1,malignant
0,0.39879998564720154,1,fitzpatrick17k,fitz_715d1895050fa257c1d760738fd00abf,dark,5,benign
0,0.7957853078842163,1,fitzpatrick17k,fitz_4f2a79bb86c6def913141b31db152e04,light,2,benign
1,0.7024762630462646,1,fitzpatrick17k,fitz_44ab470249555e7936c6bf6f196f0292,light,1,malignant
0,0.6443490386009216,1,fitzpatrick17k,fitz_8af423ef118d0cf0f10096dd9e31783f,dark,5,benign
1,0.7347245812416077,1,fitzpatrick17k,fitz_f1979b9bf4e026d9204bf15e85984c47,medium,4,malignant
1,0.8332220315933228,1,fitzpatrick17k,fitz_883f86d67408c70ab89b9c54a3118cd4,medium,3,malignant
0,0.7183622121810913,1,fitzpatrick17k,fitz_703570989b650f8f7b26a857eec355b2,dark,5,benign
1,0.8076558709144592,1,fitzpatrick17k,fitz_16427cdda745655c1fd5a503bc702a68,light,2,malignant
0,0.8653103113174438,1,fitzpatrick17k,fitz_d6b5dd9e59b4278130002e8ce6139919,light,1,benign
1,0.048518504947423935,0,fitzpatrick17k,fitz_28f7aaebb7abc541815b935ce003835b,light,2,malignant
1,0.6972615122795105,1,fitzpatrick17k,fitz_ebddf635594d950f3e61005f756c4530,light,1,malignant
0,0.7653297781944275,1,fitzpatrick17k,fitz_f2f7b0cf839d5b9c441ed24797d464e9,light,2,benign
0,0.4133678674697876,1,fitzpatrick17k,fitz_9b9f0859880ab7d13ac0da1fceef5efc,dark,5,benign
1,0.811770498752594,1,fitzpatrick17k,fitz_418d009435bf224eef9a07097696a305,light,1,malignant
0,0.8228604197502136,1,fitzpatrick17k,fitz_ffc0b9df6696def6015d4eca3090118e,light,2,benign
0,0.6544591188430786,1,fitzpatrick17k,fitz_d0b07142a0d3ee9539e4c958e67d828e,medium,3,benign
1,0.7385731935501099,1,fitzpatrick17k,fitz_b22e94f7e5cde4d33adf24245ea5faf2,dark,6,malignant
1,0.8325682282447815,1,fitzpatrick17k,fitz_1310cc8b1b8c42def1258073b85b99d4,medium,4,malignant
0,0.6860520839691162,1,fitzpatrick17k,fitz_99dace5207bb65ce934451c7089e36df,light,1,benign
0,0.8077295422554016,1,fitzpatrick17k,fitz_5a49bd55ae4c256696d1104349f485e0,medium,3,benign
1,0.8217101693153381,1,fitzpatrick17k,fitz_25d23d51892cbe61aa9ec03457b6fad4,light,1,malignant
0,0.2393159568309784,1,fitzpatrick17k,fitz_be599559f6785849983e74f69ddde85a,medium,3,benign
0,0.9052680730819702,1,fitzpatrick17k,fitz_b7baf20b26ae60d0cabf627c09360d53,light,1,benign
0,0.6357876658439636,1,fitzpatrick17k,fitz_8f351cd9f1259ee3e6d522dbbf51ac7b,dark,6,benign
0,0.7603921294212341,1,fitzpatrick17k,fitz_4e7ff6cbff9ded53dcfcdb1bfcc14ef2,light,2,benign
1,0.6056442260742188,1,fitzpatrick17k,fitz_673e30acf479e147718bf2b8b7ad13db,light,2,malignant
0,0.7165532112121582,1,fitzpatrick17k,fitz_9b5f85d8f2edd57e3fd3be9e1d5fade6,light,2,benign
0,0.7851722240447998,1,fitzpatrick17k,fitz_8b761c87fb2ccf360157a83f07c4e8df,light,1,benign
1,0.7395110130310059,1,fitzpatrick17k,fitz_da2e70d63971c00cab3691cd38065252,light,1,malignant
0,0.7136718034744263,1,fitzpatrick17k,fitz_96faf50dd3f125eaa72e54bf5b103ad9,light,2,benign
0,0.7813663482666016,1,fitzpatrick17k,fitz_49635d65d9bc4f7d605f912397ffb3ff,light,2,benign
0,0.8467133641242981,1,fitzpatrick17k,fitz_49f9aff422b619a6db8434eed3bb9459,light,2,benign
1,0.8252564668655396,1,fitzpatrick17k,fitz_b3c86bb9fac904880ece450b882ee8d6,light,1,malignant
0,0.7370062470436096,1,fitzpatrick17k,fitz_33d4c18921107fb0be2f6f1980753a09,medium,4,benign
1,0.7941632270812988,1,fitzpatrick17k,fitz_ca9fe71f9b4e6348554b749f3c2e56d2,light,1,malignant
0,0.8883354663848877,1,fitzpatrick17k,fitz_d66375120f60d71f2c14adc76f047b3a,light,1,benign
1,0.722894549369812,1,fitzpatrick17k,fitz_0ca7391635dab0884c85a1d929e723aa,light,2,malignant
0,0.3758941888809204,1,fitzpatrick17k,fitz_ff376d7fda946563d0b03d6649451d66,light,2,benign
1,0.6937091946601868,1,fitzpatrick17k,fitz_97329df17314adebb7cbee823596a965,medium,4,malignant
1,0.7595000863075256,1,fitzpatrick17k,fitz_b12d076ff5807ed202abdecad845d75d,medium,3,malignant
1,0.7875471711158752,1,fitzpatrick17k,fitz_7e6c56b7130f902c4a7ee3a5ac8860e4,light,2,malignant
0,0.7509592175483704,1,fitzpatrick17k,fitz_38efa83d9549310a4e9d89d8a20e60e5,light,2,benign
0,0.013539566658437252,0,fitzpatrick17k,fitz_ce4c8e9da697d3c54e08dffcf44bb492,light,2,benign
0,0.7792943716049194,1,fitzpatrick17k,fitz_2f699c06c888c07b0853c11a35513bff,medium,3,benign
1,0.6927869319915771,1,fitzpatrick17k,fitz_08c31b995b51e21dcb10fb8d900bbaa2,light,1,malignant
0,0.3648280203342438,1,fitzpatrick17k,fitz_c0565c3c7403a33df2ba4aacc14467ee,light,2,benign
1,0.8853079676628113,1,fitzpatrick17k,fitz_aa818113e5f01c422c246e39ded0efe4,medium,3,malignant
1,0.24501368403434753,1,fitzpatrick17k,fitz_a41800186406d09ff17772f3589e2ae7,light,2,malignant
1,0.8856583833694458,1,fitzpatrick17k,fitz_7cdb2f4ac04b6de441e457165b120d48,light,2,malignant
1,0.7659816145896912,1,fitzpatrick17k,fitz_a9f949191444e250146b49ff8c95c6ac,dark,5,malignant
0,0.1401652991771698,1,fitzpatrick17k,fitz_4de99fdc6b65ce2148d412a39d112768,medium,3,benign
0,0.21921546757221222,1,fitzpatrick17k,fitz_a616871a996c6434b4d9d1130870f886,light,2,benign
1,0.8674979209899902,1,fitzpatrick17k,fitz_0d9b3b69f19baf1b3db887dfbacafb26,medium,3,malignant
1,0.782277524471283,1,fitzpatrick17k,fitz_e4f7ad417e492ef7955e1b31b6be3cdd,light,1,malignant
0,0.6681420803070068,1,fitzpatrick17k,fitz_7b13cb1d76325ee8cf4017de62a4f135,light,2,benign
0,0.7412642240524292,1,fitzpatrick17k,fitz_60b060a264373cd538b4993800d7e73b,medium,3,benign
0,0.7864015102386475,1,fitzpatrick17k,fitz_79623bf5002072b1872f0622cb552bd8,light,2,benign
0,0.8217850923538208,1,fitzpatrick17k,fitz_3eb460ad57144b0d189b5688579cb8bc,medium,4,benign
0,0.783684253692627,1,fitzpatrick17k,fitz_2c14668334b930c3b4a278a4037617c8,light,2,benign
0,0.8491525053977966,1,fitzpatrick17k,fitz_1f44599103695a126e5bb6496ba52cb7,light,1,benign
0,0.3354422152042389,1,fitzpatrick17k,fitz_95c5799418105a41e8779592a8ba87ba,light,2,benign
0,0.8766679763793945,1,fitzpatrick17k,fitz_e74b6e2c4948d21c738e190208e599e5,medium,3,benign
1,0.7400708794593811,1,fitzpatrick17k,fitz_8a187db5d6efc0fd1f66674a0bfde9d9,medium,3,malignant
0,0.524968147277832,1,fitzpatrick17k,fitz_ea3dfe5bf6f7b9df4e29ef19281c510f,light,2,benign
0,0.7970417737960815,1,fitzpatrick17k,fitz_8c221e093907ad7ac2864d40ac3de5b3,medium,3,benign
1,0.7574103474617004,1,fitzpatrick17k,fitz_6d8103fe00a1d3d5eccdc9ca1c82bf63,light,2,malignant
1,0.8291626572608948,1,fitzpatrick17k,fitz_32f210990987f39829733c1ab5e7f307,medium,4,malignant
0,0.08763119578361511,0,fitzpatrick17k,fitz_21c5508e51aecface4206f3ec6862b2a,light,2,benign
0,0.7632436752319336,1,fitzpatrick17k,fitz_d34afc36bc5206d5daf58f634bdcff2b,light,2,benign
0,0.7207416296005249,1,fitzpatrick17k,fitz_10c834123ad36ed406abfaed0989cd50,light,2,benign
1,0.8956717252731323,1,fitzpatrick17k,fitz_83a71553579194fa29e6b9e76fc90bbf,light,1,malignant
0,0.4843686521053314,1,fitzpatrick17k,fitz_1ee8bcfc969e60536d3be968cade4e12,medium,3,benign
1,0.7156379222869873,1,fitzpatrick17k,fitz_0b57e0f45e5f6b2da953b908dca9d2a6,medium,3,malignant
1,0.7512284517288208,1,fitzpatrick17k,fitz_82158cd3f9176568df93075f082f178d,light,2,malignant
1,0.7163106203079224,1,fitzpatrick17k,fitz_9071aa339d3fe202cd0fd9a9ae1de1e7,light,1,malignant
0,0.43774518370628357,1,fitzpatrick17k,fitz_f9c61ff6104c25edcd7a3cd39a73b612,light,2,benign
0,0.8590062260627747,1,fitzpatrick17k,fitz_afd5f49b32e05cd34c3c2dff471e5dd8,medium,4,benign
0,0.7918294072151184,1,fitzpatrick17k,fitz_3eb9f0847fd33bfac31423d413d0a21e,medium,4,benign
1,0.8594743609428406,1,fitzpatrick17k,fitz_a177a5fc4b0e7033c39fb4f2503279ab,dark,6,malignant
0,0.8166996836662292,1,fitzpatrick17k,fitz_7d8c0e2f01cc096258cbb4d080fe50d9,medium,3,benign
1,0.8442856073379517,1,fitzpatrick17k,fitz_72d8dc79694ce96e8eb37f25d00c32a9,light,1,malignant
0,0.2916122078895569,1,fitzpatrick17k,fitz_bdadd375f1f3a24a76548ec8aad728a1,light,1,benign
0,0.9235481023788452,1,fitzpatrick17k,fitz_ae1511b9bbc0fa89c73c335ef666b986,light,1,benign
1,0.7609444856643677,1,fitzpatrick17k,fitz_700be0e05d30d1b16be5bf971bba3411,dark,5,malignant
0,0.7486904859542847,1,fitzpatrick17k,fitz_f5b3d653b90167017440d0fed9ec6859,medium,3,benign
1,0.8245417475700378,1,fitzpatrick17k,fitz_37ef6efc7b2498d4a693e3da285fe940,light,2,malignant
1,0.8790659308433533,1,fitzpatrick17k,fitz_d10f7d686f7bea14ccba5de443458a56,medium,3,malignant
0,0.7005519866943359,1,fitzpatrick17k,fitz_8a10429e9c89822448998ea15aae1231,light,2,benign
1,0.7459506988525391,1,fitzpatrick17k,fitz_2bca2886bd9092632698662c969e551d,medium,3,malignant
0,0.41694751381874084,1,fitzpatrick17k,fitz_7a1fc4aba94408a5d067ed69533b834f,medium,3,benign
0,0.7564542889595032,1,fitzpatrick17k,fitz_b299cae1b4fb644ce92863671001b077,dark,5,benign
1,0.777719259262085,1,fitzpatrick17k,fitz_079c3dd9e4b48d119bcdcfc024558128,medium,3,malignant
1,0.8696430325508118,1,fitzpatrick17k,fitz_069aa5f23bea4851455a6b1412134e79,light,1,malignant
1,0.8007319569587708,1,fitzpatrick17k,fitz_25f134943f52c3ef254bb7ceb8b078c5,light,1,malignant
1,0.5189483165740967,1,fitzpatrick17k,fitz_ba91b9271c0ca0a534ca96e0bab9d98a,medium,3,malignant
1,0.46900686621665955,1,fitzpatrick17k,fitz_8718cf620c0488269eb502f2c2ed588c,light,2,malignant
0,0.7709921598434448,1,fitzpatrick17k,fitz_a4e45375ed04928a3bc132c669d012e8,light,2,benign
1,0.4888894557952881,1,fitzpatrick17k,fitz_93b062b6dfa77f4c6e763612557adee5,light,2,malignant
1,0.49417436122894287,1,fitzpatrick17k,fitz_466ad4e193a5c1ea266486037950ca91,light,2,malignant
0,0.8594822883605957,1,fitzpatrick17k,fitz_d0647549f040c62505aafb84f8329bcd,light,2,benign
0,0.2212015986442566,1,fitzpatrick17k,fitz_2dde520367328e9ca2433a16ae82ed4a,medium,4,benign
1,0.8362382650375366,1,fitzpatrick17k,fitz_acd650a29294e11114a43014d39fcd1c,light,2,malignant
0,0.760905921459198,1,fitzpatrick17k,fitz_dd1706ef3de5fc42423745ab67f964db,light,2,benign
1,0.8168436884880066,1,fitzpatrick17k,fitz_62d9ec3242500622172da0af41cef076,light,2,malignant
1,0.700458288192749,1,fitzpatrick17k,fitz_dc02b8bab10a4ce35a00ee4dba2b51ea,light,2,malignant
0,0.813010573387146,1,fitzpatrick17k,fitz_55475b1eda99648495c76c8a85d5badd,light,2,benign
1,0.8521824479103088,1,fitzpatrick17k,fitz_8aa0c0210a09a713036cc34e4a77511c,medium,3,malignant
1,0.7221851944923401,1,fitzpatrick17k,fitz_37a5b13c8ac0146e73d022144dd06ab7,light,2,malignant
0,0.6918831467628479,1,fitzpatrick17k,fitz_d8b0791e7e4e7cb98b9eca57073b0aea,dark,5,benign
1,0.6842728853225708,1,fitzpatrick17k,fitz_680c550d96be1cdb24984373cc23bf34,light,2,malignant
1,0.7783659100532532,1,fitzpatrick17k,fitz_804c20da98db71680bd8d6ed0299fcac,light,2,malignant
0,0.6823651194572449,1,fitzpatrick17k,fitz_5a11757de44e14ee556aa61633aaca25,light,2,benign
0,0.1985751986503601,1,fitzpatrick17k,fitz_b22b6623b4a161c90e43de85c5be87f5,light,1,benign
1,0.7514737248420715,1,fitzpatrick17k,fitz_cef2dd1c93103711aed6687a619e0230,light,2,malignant
1,0.7572919726371765,1,fitzpatrick17k,fitz_64758634e47d4583b6b2c2e46469fee5,medium,4,malignant
0,0.678687334060669,1,fitzpatrick17k,fitz_953af15468b5038fa5c7ff6ac8e073fc,light,1,benign
0,0.7456621527671814,1,fitzpatrick17k,fitz_9cb97ab4c66752d1b71dc3768051ae91,light,2,benign
1,0.8488103151321411,1,fitzpatrick17k,fitz_86665d212e168b26d21f1dc4a8d1f12b,light,2,malignant
0,0.8187441229820251,1,fitzpatrick17k,fitz_6097fdd9701dc4989980e25bba322ed7,light,1,benign
1,0.8437336087226868,1,fitzpatrick17k,fitz_961f0669f23e82f0a4fbd12de80e14b8,light,2,malignant
1,0.8170561194419861,1,fitzpatrick17k,fitz_42b88a567b578faed275128ba0272666,light,2,malignant
1,0.7246245741844177,1,fitzpatrick17k,fitz_bfead4ee428b49d3de415b28ddee47bf,medium,3,malignant
0,0.7285444140434265,1,fitzpatrick17k,fitz_fd290d16122769606f90056313b37078,light,1,benign
1,0.7235957384109497,1,fitzpatrick17k,fitz_3edf305f280a7b9753a141631b8f3ad9,dark,5,malignant
1,0.762680172920227,1,fitzpatrick17k,fitz_3b36608c5ee59c5c9d86d64fb5309007,medium,4,malignant
0,0.7756034135818481,1,fitzpatrick17k,fitz_1520641157c9e8e9f18bb1c80196befa,medium,3,benign
0,0.35855233669281006,1,fitzpatrick17k,fitz_1d76114ea1cee496eb21836e03bb6aca,medium,4,benign
1,0.6649490594863892,1,fitzpatrick17k,fitz_58f8a6ea4d65b0c235565a6f0dab1643,light,1,malignant
1,0.8659591674804688,1,fitzpatrick17k,fitz_248f9241c4e76abbf049ba8b06e968ff,light,2,malignant
1,0.8746835589408875,1,fitzpatrick17k,fitz_18094354afbe15ab6966e9d23858acd3,light,1,malignant
1,0.924638569355011,1,fitzpatrick17k,fitz_755bf21d14bf061df211b60e58e8e1dd,light,1,malignant
1,0.8096780776977539,1,fitzpatrick17k,fitz_ea5648a14a8e056d04c8ea29979b6423,medium,3,malignant
0,0.7279708385467529,1,fitzpatrick17k,fitz_6c12f0e99a7af40789ae5aaf42946d84,medium,4,benign
1,0.7390879988670349,1,fitzpatrick17k,fitz_02f11821915d67f20fb15a8e8b96c1d3,dark,6,malignant
1,0.7172936201095581,1,fitzpatrick17k,fitz_f6a4ea5cfd04edb74ab3446cb8df11ca,light,1,malignant
1,0.8279604315757751,1,fitzpatrick17k,fitz_47f82c73448a0cbf900d839ac3872496,light,2,malignant
0,0.8944255709648132,1,fitzpatrick17k,fitz_c440c4254e1ccd0d760439a798dc039c,light,1,benign
1,0.7751373648643494,1,fitzpatrick17k,fitz_37bbd5252040e26b37184a54feda5286,dark,6,malignant
0,0.7600492238998413,1,fitzpatrick17k,fitz_a3780fc4f71b9a998c6d768761fc3be0,light,1,benign
1,0.7169011831283569,1,fitzpatrick17k,fitz_a0e5ab87f7d3fe482d098d1e250804c2,light,2,malignant
1,0.77182936668396,1,fitzpatrick17k,fitz_c8c99a60fd88101507c10b601ab0bd0c,dark,6,malignant
0,0.7251911759376526,1,fitzpatrick17k,fitz_ba0c83429976a2db8f25675f5ca82755,medium,3,benign
1,0.63654625415802,1,fitzpatrick17k,fitz_e734481a48634d1df0a307ec8bbb5c35,light,2,malignant
0,0.7627171277999878,1,fitzpatrick17k,fitz_be587c766f7442b22f0ff8b35c717a2c,dark,5,benign
0,0.7478797435760498,1,fitzpatrick17k,fitz_5940022fa2a35306a7e1b8438bddc7e6,light,2,benign
1,0.30494624376296997,1,fitzpatrick17k,fitz_c85a414180c75d978fb7259f2781b72e,light,2,malignant
1,0.7275339961051941,1,fitzpatrick17k,fitz_1ef72998789229d4659d564ba15e7432,dark,5,malignant
1,0.7844424843788147,1,fitzpatrick17k,fitz_7a1a18109e1ef016c01d4d546a8e6140,light,2,malignant
0,0.802728533744812,1,fitzpatrick17k,fitz_6762baef7e56c8d76869592b3054ce44,light,2,benign
0,0.505661129951477,1,fitzpatrick17k,fitz_31d5178f1080d39a338b8f278b62b56c,light,2,benign
0,0.5386776328086853,1,fitzpatrick17k,fitz_fd5dd82519cfa82bd6f23d9f83b421aa,light,1,benign
0,0.8947063088417053,1,fitzpatrick17k,fitz_bc6b509caeef6ceb1972e2a62f675cc7,medium,3,benign
1,0.871188759803772,1,fitzpatrick17k,fitz_61202d0e548be68aed3e4816b432cc66,light,1,malignant
1,0.8374022245407104,1,fitzpatrick17k,fitz_04a6744f7ccc81994a58a726bb7636d0,light,2,malignant
0,0.4764128029346466,1,fitzpatrick17k,fitz_eb063404ab5fcf68b37891e80b2e4fad,light,1,benign
1,0.8359675407409668,1,fitzpatrick17k,fitz_371c578b2b298f59e97b620924576ff9,light,2,malignant
0,0.7819128632545471,1,fitzpatrick17k,fitz_c605f6e202e48de1f624e085f5316ffe,medium,3,benign
1,0.521490752696991,1,fitzpatrick17k,fitz_ff16b28c029963056670f78b0a3d4c6a,medium,4,malignant
0,0.7750298380851746,1,fitzpatrick17k,fitz_796e5cdfb2b1851048a9c8a858e6f7b3,light,2,benign
0,0.8843362927436829,1,fitzpatrick17k,fitz_f09014ee407545b42e8b29d35d5b7ab6,light,1,benign
0,0.7213874459266663,1,fitzpatrick17k,fitz_7157df00b18ea80d86c14380821cb447,light,2,benign
0,0.08172253519296646,0,fitzpatrick17k,fitz_e9161fe41230fc27334f0a404a13f211,light,1,benign
1,0.8323958516120911,1,fitzpatrick17k,fitz_4953e564460dbe32e48a21dcff8f6445,light,2,malignant
1,0.1486956775188446,1,fitzpatrick17k,fitz_5c9bb8ebeeb90ebc169bb299b41466a9,light,1,malignant
1,0.8470507860183716,1,fitzpatrick17k,fitz_6e620c3a29ad45715a16799d26589be3,medium,3,malignant
1,0.7567166090011597,1,fitzpatrick17k,fitz_c6d23b3dc7d33e5f5ebbec5fcbcdf3f5,light,2,malignant
0,0.7877923250198364,1,fitzpatrick17k,fitz_51d2b47a69773873a3baf7aa7db7c033,medium,3,benign
1,0.8235343098640442,1,fitzpatrick17k,fitz_ba250d0f0b1ed48ecc19465085c41cb0,light,2,malignant
0,0.679210364818573,1,fitzpatrick17k,fitz_c94cc4bb8853b23b101fccc81fbc4a6d,light,1,benign
0,0.7722207903862,1,fitzpatrick17k,fitz_b596d07643509eb50594eb5ab8eae2d8,light,2,benign
1,0.7918083071708679,1,fitzpatrick17k,fitz_7d4d2472191c9f0995572c9e64c02e3f,light,2,malignant
0,0.6509467959403992,1,fitzpatrick17k,fitz_d5b3b90897f255f97ac19c06585a948c,light,1,benign
0,0.6379000544548035,1,fitzpatrick17k,fitz_730ab48940959e88b9a1f0c47e0c861f,medium,3,benign
0,0.8262770771980286,1,fitzpatrick17k,fitz_14b5377983a89a22369ee7c9de43dff9,light,2,benign
1,0.9015215039253235,1,fitzpatrick17k,fitz_22453eeab8eb57c76951e23e713ecfdf,medium,4,malignant
0,0.06851446628570557,0,fitzpatrick17k,fitz_34a4c651410d5aba949d1f62b8cdd1cd,medium,3,benign
1,0.712541401386261,1,fitzpatrick17k,fitz_392eb33bdb10edb95f740abbcc378a6f,light,1,malignant
1,0.3172653317451477,1,fitzpatrick17k,fitz_836f1defcf422295cbb2f4b1f045947a,medium,3,malignant
0,0.8270921111106873,1,fitzpatrick17k,fitz_55f69965ecea816e4e8394f7d3ef6f39,medium,3,benign
1,0.7149820327758789,1,fitzpatrick17k,fitz_75d9082e5e87d5776c563bc924965b18,medium,3,malignant
0,0.4180852174758911,1,fitzpatrick17k,fitz_859efabb195acb93f431208a60f4cbd7,light,2,benign
0,0.38870513439178467,1,fitzpatrick17k,fitz_1623819c2577eb2df0ef8a88e0e16ced,light,2,benign
0,0.922106146812439,1,fitzpatrick17k,fitz_54801c1335acfcc8a1085ee9a29334bd,light,1,benign
0,0.7403073906898499,1,fitzpatrick17k,fitz_66c25b46db5e35e62de1cfa20070563c,light,2,benign
1,0.8715857267379761,1,fitzpatrick17k,fitz_6744db78a0f5c8b6a5ce65df24cb7473,medium,3,malignant
1,0.8321435451507568,1,fitzpatrick17k,fitz_664d794014b44cfa24cd8c4c864be636,medium,3,malignant
1,0.8460971117019653,1,fitzpatrick17k,fitz_c41ab9c1af73950c5b1f0c510d531366,medium,3,malignant
0,0.6911313533782959,1,fitzpatrick17k,fitz_6060ba22ae7d36d6822ee308648e0e59,light,2,benign
0,0.6861520409584045,1,fitzpatrick17k,fitz_73153de151483785856796f6e9577c3d,medium,4,benign
0,0.5183752775192261,1,fitzpatrick17k,fitz_cd47ebac91efee6d13dd2d5fbfb62568,light,1,benign
0,0.8427164554595947,1,fitzpatrick17k,fitz_ecd9690ec6e29b46c322a7a962aff002,light,1,benign
0,0.9002962112426758,1,fitzpatrick17k,fitz_d662d1dc3e783fc7705051c756069f42,light,1,benign
1,0.7714650630950928,1,fitzpatrick17k,fitz_87b267cfaca730eec92b385f6f8199c1,light,1,malignant
1,0.8444468975067139,1,fitzpatrick17k,fitz_9356818506b1d550379e01897aa9f811,medium,3,malignant
0,0.7993890643119812,1,fitzpatrick17k,fitz_3adb5b211e9eed41d0dd5b8956e4bd37,light,1,benign
0,0.5379995107650757,1,fitzpatrick17k,fitz_6e50e6c51326bd5cda671908e02fe299,light,1,benign
0,0.699712872505188,1,fitzpatrick17k,fitz_b1881c3f24c95c6950b3d9e131406edb,light,1,benign
0,0.8121152520179749,1,fitzpatrick17k,fitz_59f5b0200f06bf4409e1991e2f206e1a,medium,3,benign
0,0.760343611240387,1,fitzpatrick17k,fitz_436171fd0728642f9fd2f0b5f43c937b,light,1,benign
1,0.7112663388252258,1,fitzpatrick17k,fitz_d13ed0851b5f952ab82a25c469ac8aff,dark,5,malignant
0,0.866256058216095,1,fitzpatrick17k,fitz_26a3423baeb9501ddd17245f3c60b17f,medium,3,benign
1,0.7943899035453796,1,fitzpatrick17k,fitz_10cacf2e0873ae8f01f0f13202545ff7,light,1,malignant
1,0.7625182867050171,1,fitzpatrick17k,fitz_7a1b181c656129f67038293a095e7c51,light,1,malignant
1,0.7089676856994629,1,fitzpatrick17k,fitz_93641798b14fc85f2eb5b9b60d502fcf,dark,6,malignant
1,0.8543456196784973,1,fitzpatrick17k,fitz_bcb7326b02e64d66b66f7f8b503c4250,light,2,malignant
0,0.8177881240844727,1,fitzpatrick17k,fitz_656c560e200b0cfca63346939fa848d3,light,1,benign
0,0.773074746131897,1,fitzpatrick17k,fitz_7b11131e99b5e053bf85dfeed5229ab5,light,2,benign
0,0.7863261699676514,1,fitzpatrick17k,fitz_fe35305dffc8e83fe82398b7899c4d22,medium,4,benign
0,0.7444088459014893,1,fitzpatrick17k,fitz_b39695f246374fd531122d6f8e238359,medium,4,benign
1,0.7101789116859436,1,fitzpatrick17k,fitz_68528c33db3fc238d183b5d2c14d6f75,medium,3,malignant
1,0.8769455552101135,1,fitzpatrick17k,fitz_1f2489a044a3e3de6bb33af5359e267b,dark,5,malignant
1,0.7488657832145691,1,fitzpatrick17k,fitz_8e14a3fe5101161017215ce4bc75be54,light,1,malignant
0,0.30308687686920166,1,fitzpatrick17k,fitz_72df197c4d2328ff1191aaace64ea8e7,dark,5,benign
0,0.7310708165168762,1,fitzpatrick17k,fitz_9600c2c9fd3ca1db15ff6a3eb115b130,dark,5,benign
1,0.9351779818534851,1,fitzpatrick17k,fitz_96c0a686c6d2b974497d4c080d454df5,light,2,malignant
1,0.7964971661567688,1,fitzpatrick17k,fitz_6eab97097e17ebb49078b6f45c9f185a,light,1,malignant
1,0.5641893148422241,1,fitzpatrick17k,fitz_d15ea5efb526bdce8bde8b385f76905a,medium,4,malignant
1,0.7317075133323669,1,fitzpatrick17k,fitz_80af44814ea5730ac2e9ba49971ed054,medium,3,malignant
0,0.8090065717697144,1,fitzpatrick17k,fitz_6ea20aa255135dcdad4c4c539fc02952,light,2,benign
1,0.8602715730667114,1,fitzpatrick17k,fitz_3354d6e561d84457af0adddab4686b31,medium,3,malignant
0,0.818712592124939,1,fitzpatrick17k,fitz_bffd8a9b8bbc1e2fb0cbbd03d1733d64,medium,3,benign
0,0.7042436003684998,1,fitzpatrick17k,fitz_3fac0ed7c8a7bd96981e6b0370beb67a,light,2,benign
1,0.7343260645866394,1,fitzpatrick17k,fitz_2d924a5a87ebe16ae171aa19ae304f5b,medium,4,malignant
0,0.8417472243309021,1,fitzpatrick17k,fitz_3bc7859eacff502567c5e7d4c3675386,medium,3,benign
1,0.7260638475418091,1,fitzpatrick17k,fitz_051e5c8ce730d6a81961ca551c9fdb2a,dark,5,malignant
0,0.8461522459983826,1,fitzpatrick17k,fitz_68317da6a46ee51da61f8973fb36c13c,light,2,benign
0,0.86287921667099,1,fitzpatrick17k,fitz_e5afb8b3f6b6586ebc4264cccc2ac3ed,medium,3,benign
0,0.45267122983932495,1,fitzpatrick17k,fitz_88606e63a0533fcc7728778f5ac997a1,medium,3,benign
1,0.8348369002342224,1,fitzpatrick17k,fitz_142010938ae529cd6d394a803c7d135d,dark,6,malignant
1,0.7915392518043518,1,fitzpatrick17k,fitz_414d1baaee908089a3c09143507d5fd8,light,2,malignant
1,0.43991321325302124,1,fitzpatrick17k,fitz_14123577f30e3a495ac84e2cf1244a99,dark,5,malignant
1,0.8517667651176453,1,fitzpatrick17k,fitz_613bb35e2fb482c4bb7a4925ec0743b3,light,2,malignant
1,0.8704185485839844,1,fitzpatrick17k,fitz_2f330a206b1b7c37b1d82dfd04e25e04,medium,3,malignant
0,0.5916339159011841,1,fitzpatrick17k,fitz_718c0e95d068f9ba941323dff275a93a,medium,4,benign
0,0.8501954078674316,1,fitzpatrick17k,fitz_6d5dacc378b1328e0acf3070cb2b03b7,medium,3,benign
1,0.7282153964042664,1,fitzpatrick17k,fitz_8ad1a12672261156e2dd3ac462215d76,medium,4,malignant
0,0.7133129239082336,1,fitzpatrick17k,fitz_a8e48833aa24c2cdddb82cf83f1e3786,medium,4,benign
1,0.7417780756950378,1,fitzpatrick17k,fitz_6f7e7323fc3b1d98c4e3bfe5273f6b92,medium,4,malignant
1,0.8312902450561523,1,fitzpatrick17k,fitz_1d1ee437001fa401e4a5916c93f7e2ae,light,1,malignant
1,0.9263657927513123,1,fitzpatrick17k,fitz_f6ccdc5b72ec1c8360ca3625c6caae82,light,2,malignant
1,0.7260686755180359,1,fitzpatrick17k,fitz_a8558bbb85a4e1854e2e0d581de9e886,medium,4,malignant
0,0.8318822979927063,1,fitzpatrick17k,fitz_f090c4485572120e94c74abbdaa465dd,light,2,benign
1,0.8959692716598511,1,fitzpatrick17k,fitz_8a891f4bfb77344d6ae4d236cb9ac4e5,light,2,malignant
1,0.7564063668251038,1,fitzpatrick17k,fitz_2aa5dac8b5f87535800796c039a818c8,medium,3,malignant
1,0.8961808085441589,1,fitzpatrick17k,fitz_22bcca7d579abf5c2c121c98aa01a4c7,medium,3,malignant
0,0.802736222743988,1,fitzpatrick17k,fitz_e96aa1f63f0fefc720b3c880ed99df3a,light,2,benign
1,0.8836551308631897,1,fitzpatrick17k,fitz_9069774637223d3e3c1b7663e35e9207,light,2,malignant
1,0.8375087976455688,1,fitzpatrick17k,fitz_06aa37c1fb2ae9dadf126143b98a1640,dark,5,malignant
1,0.3145975172519684,1,fitzpatrick17k,fitz_07c3f44536b46156450cf81a451ccedb,medium,3,malignant
1,0.8886227011680603,1,fitzpatrick17k,fitz_6fb6afb84ad3fadb641d9d5673156e93,light,1,malignant
0,0.8681818842887878,1,fitzpatrick17k,fitz_cd6ce97763ba3f98385e83b05aa7458c,light,2,benign
1,0.8059009909629822,1,fitzpatrick17k,fitz_c40432238e3ce04f39d1d23f13527c67,light,1,malignant
0,0.7795789837837219,1,fitzpatrick17k,fitz_d79c66a92d55620af459bc25e190971a,medium,4,benign
0,0.3418452739715576,1,fitzpatrick17k,fitz_59f836f94168551a1a24e73352d68ae3,medium,3,benign
1,0.8824673295021057,1,fitzpatrick17k,fitz_bb3d08781eb23890a9909201deed8c85,medium,3,malignant
0,0.8291791677474976,1,fitzpatrick17k,fitz_a9a8e1bda61bd6d24d074b571fec6853,light,2,benign
1,0.802298367023468,1,fitzpatrick17k,fitz_15a259f7d6ba10129c0cc837d551a5b8,dark,5,malignant
1,0.8795087933540344,1,fitzpatrick17k,fitz_70a229de10ed48af1fd97db19997aa62,medium,3,malignant
1,0.7785519361495972,1,fitzpatrick17k,fitz_4c6e412b4f3f5b743e7fbc2a2c535eef,dark,6,malignant
1,0.8420262932777405,1,fitzpatrick17k,fitz_4ff1ea06e98ef27ae93b27fbfa384a75,medium,4,malignant
1,0.8114281892776489,1,fitzpatrick17k,fitz_7270099b2bb8e4b2454a5e23c5c8960b,medium,3,malignant
0,0.7850534915924072,1,fitzpatrick17k,fitz_91c2a2d75d43488ff67d36bafefaeba7,medium,4,benign
1,0.7873266935348511,1,fitzpatrick17k,fitz_f7c6e5f7929dd5ca2b066698fd2e83ba,light,2,malignant
1,0.7276644706726074,1,fitzpatrick17k,fitz_cee7765b5c79a3c4a5354fe3a755c388,light,2,malignant
1,0.8075172305107117,1,fitzpatrick17k,fitz_f6e60656f07352aa4b604fd121c7b8a6,light,2,malignant
1,0.8215939998626709,1,fitzpatrick17k,fitz_fcc9ed3892215e076e9dc5b7a8bf81e7,medium,4,malignant
0,0.4265320301055908,1,fitzpatrick17k,fitz_ee66b882c6b13c71daaaa7141969b0cc,light,2,benign
1,0.5464606285095215,1,fitzpatrick17k,fitz_b1f5e53bd14607b73779265e8ba0acd4,medium,4,malignant
0,0.8039150238037109,1,fitzpatrick17k,fitz_58e381db621adcc7dfb8d6755a61bccd,medium,4,benign
1,0.7369288802146912,1,fitzpatrick17k,fitz_5ff2e2cbcbb9f92610ec54dca324d149,dark,5,malignant
1,0.800143301486969,1,fitzpatrick17k,fitz_73ac23918c9537a8c792938b64f779e0,medium,4,malignant
0,0.7033493518829346,1,fitzpatrick17k,fitz_d8f292e57a074853bfbdb305a9eb73f6,medium,3,benign
0,0.6922680735588074,1,fitzpatrick17k,fitz_c9d828d3c3cc193f7c802814fb6fba11,dark,5,benign
1,0.8611328601837158,1,fitzpatrick17k,fitz_cd5e1db7f0aac364ba2a0fd6407dd4cf,medium,3,malignant
1,0.8940672874450684,1,fitzpatrick17k,fitz_85eecdee71e8ac56831eb6bf276c28bb,medium,4,malignant
0,0.565422534942627,1,fitzpatrick17k,fitz_d9480e888a1caa8f33fb117b24424eeb,medium,4,benign
1,0.7002919316291809,1,fitzpatrick17k,fitz_95c2deba9f2b97f6f482f0be1c69c0c0,medium,3,malignant
1,0.7797690629959106,1,fitzpatrick17k,fitz_9dd0c1d46a417fa57f686091e213920e,medium,4,malignant
1,0.8144471645355225,1,fitzpatrick17k,fitz_875d767d2fa63aa3f740d7d19f21e32a,dark,5,malignant
1,0.8777101635932922,1,fitzpatrick17k,fitz_84bb739a297c4d52efe756a2f398f1da,medium,3,malignant
1,0.4150044620037079,1,fitzpatrick17k,fitz_2a5ade59d80877fcfc12811abe61556e,light,2,malignant
1,0.8157353401184082,1,fitzpatrick17k,fitz_bf50a7b1441576de64d5a5cd44c75c48,light,2,malignant
1,0.689342737197876,1,fitzpatrick17k,fitz_37566d4150bbc6080c2dd4ecc7ff9431,medium,3,malignant
0,0.5159037113189697,1,fitzpatrick17k,fitz_20befb1b6128fad2e770487c5b998d6c,medium,4,benign
1,0.9107294678688049,1,fitzpatrick17k,fitz_ace824524daf49082f44882d8659a50b,light,2,malignant
1,0.6716489791870117,1,fitzpatrick17k,fitz_7c015dcdbe6e3f3c2911a64342c135c6,medium,4,malignant
1,0.8810936212539673,1,fitzpatrick17k,fitz_0a152642bc8270880808ab9477846866,medium,3,malignant
0,0.6626856923103333,1,fitzpatrick17k,fitz_3fbb46ab616ef3d1725db205095b2d03,dark,5,benign
1,0.7027865648269653,1,fitzpatrick17k,fitz_87089a4409606968748d64f20865a2dc,medium,4,malignant
1,0.7782034277915955,1,fitzpatrick17k,fitz_b0acf3a63fa757598b06c51a431eea6d,medium,3,malignant
1,0.9015882611274719,1,fitzpatrick17k,fitz_13aa2de8804ae601cd45c1c4cac9bc6f,medium,4,malignant
1,0.8678366541862488,1,fitzpatrick17k,fitz_11ac867b9e3bd555d22a4945ceaffcf6,medium,3,malignant
1,0.8047979474067688,1,fitzpatrick17k,fitz_c5d35b4740eb83ed02bfa93966de2276,medium,3,malignant
1,0.7905504107475281,1,fitzpatrick17k,fitz_8f00177862cb143ca7effe4d6f57a104,medium,3,malignant
1,0.3065250813961029,1,fitzpatrick17k,fitz_6f1cea03b7d8e82e852c1f95ee8a9d0f,medium,3,malignant
0,0.7566302418708801,1,fitzpatrick17k,fitz_d481e82db27a8a1cdef7083d7d52a5f8,medium,3,benign
0,0.8502597212791443,1,fitzpatrick17k,fitz_1e9df108fbd1e38ca2bfc792e00520e3,dark,5,benign
0,0.7847302556037903,1,fitzpatrick17k,fitz_d4c50e54ff437793a0e27cc60416dfbf,medium,3,benign
0,0.8689870238304138,1,fitzpatrick17k,fitz_62462e18a0638d8e480dd2f80ea05f9a,light,2,benign
0,0.8393980860710144,1,fitzpatrick17k,fitz_f938b1757e030e713c81ab5ccf86dc93,medium,4,benign
1,0.9057780504226685,1,fitzpatrick17k,fitz_de2a6626fa354f736fae29f7402956f1,dark,6,malignant
1,0.7166053652763367,1,fitzpatrick17k,fitz_0b4d3115ffeae11ac35e71766a28c748,dark,5,malignant
1,0.8364566564559937,1,fitzpatrick17k,fitz_5b80aba14b5caf42e854d17d3cdf2df2,light,1,malignant
1,0.8634862303733826,1,fitzpatrick17k,fitz_9b470afe41438bbf127bcff35591a461,light,1,malignant
0,0.7733578681945801,1,fitzpatrick17k,fitz_4a79b6c4159711edb7f3d868986159ec,dark,5,benign
1,0.7903395891189575,1,fitzpatrick17k,fitz_4232bfc4519a01247ebebb87f74fbde1,dark,6,malignant
1,0.9109561443328857,1,fitzpatrick17k,fitz_e03a74d6e3859a7f29e7f77190c50d8f,light,1,malignant
1,0.772367000579834,1,fitzpatrick17k,fitz_339d21e178104dd6280e1ac6d354a695,medium,4,malignant
1,0.8181588649749756,1,fitzpatrick17k,fitz_d355c68d7a408adefaac774c6ff660d9,medium,3,malignant
1,0.8138728141784668,1,fitzpatrick17k,fitz_3b7e06dda645a02dca6abfc20a02c4b5,medium,3,malignant
1,0.7639560103416443,1,fitzpatrick17k,fitz_8bdf085e79f86fbfd2f5141b5b3df776,medium,4,malignant
0,0.7552041411399841,1,fitzpatrick17k,fitz_c01623aebd4b43f4a36b39c4fe3eb847,medium,3,benign
1,0.7378551959991455,1,fitzpatrick17k,fitz_967a8b6daeb91f97027f409fe778b714,dark,5,malignant
1,0.7885416150093079,1,fitzpatrick17k,fitz_d95c392d3e9ee2f7adbd7ddbda21d686,medium,3,malignant
0,0.6631691455841064,1,fitzpatrick17k,fitz_0bc9e550f5428ba100d3cd202eb3a033,light,2,benign
1,0.7610204219818115,1,fitzpatrick17k,fitz_2869dab9acf2f66a2f6a84564744e2b0,medium,4,malignant
1,0.7608163952827454,1,fitzpatrick17k,fitz_4ab4fa98f5acf7ec42886917128df401,dark,6,malignant
1,0.7569842338562012,1,fitzpatrick17k,fitz_9beeeb0b8f6d8468c3e88cc31006deae,light,2,malignant
0,0.807037353515625,1,fitzpatrick17k,fitz_6a67334786785135b8acaeac2deaf861,medium,3,benign
0,0.7433177828788757,1,fitzpatrick17k,fitz_ba463307826118df842dde3d86035e64,medium,3,benign
1,0.6712363362312317,1,fitzpatrick17k,fitz_9209a4be6a83500ae0c536cc16386284,dark,5,malignant
1,0.6873151063919067,1,fitzpatrick17k,fitz_8b1aac66f2434dc37c84ba01f2c08605,medium,4,malignant
1,0.9217408895492554,1,fitzpatrick17k,fitz_c02bd8d61feda28f1cf90efb126b5b1a,medium,3,malignant
1,0.8831443190574646,1,fitzpatrick17k,fitz_0fd4f7d195dd7b1355d2389d8b2ed1dc,light,2,malignant
1,0.736308753490448,1,fitzpatrick17k,fitz_e923714f9e9f1efa1b8ba453445e699c,medium,3,malignant
0,0.8294021487236023,1,fitzpatrick17k,fitz_6907a4d2fbc55ee63fc6ea21dd3cd101,medium,4,benign
0,0.6839250326156616,1,fitzpatrick17k,fitz_c9d6da6e630c177dc49d9599621a7483,medium,4,benign
1,0.8025675415992737,1,fitzpatrick17k,fitz_ec434ee7ba467dd5ec5a4b87fd515e29,medium,4,malignant
1,0.8697117567062378,1,fitzpatrick17k,fitz_afa20ef60268a59dc941d8de20af6abd,medium,3,malignant
0,0.8367342948913574,1,fitzpatrick17k,fitz_516f653ad62aac360ff790f52ae5437c,light,2,benign
0,0.780644953250885,1,fitzpatrick17k,fitz_8c00a4d7a5bb338d4538945e2e4c8cd6,dark,5,benign
0,0.7319831848144531,1,fitzpatrick17k,fitz_3a1577a82589d62ee3eb845e9c318ca8,medium,4,benign
1,0.7953555583953857,1,fitzpatrick17k,fitz_b30468853e0ad984dfbf53fceee5942f,medium,3,malignant
1,0.8311591148376465,1,fitzpatrick17k,fitz_a0429ec7dd6733573064f6056eb7944e,light,2,malignant
1,0.797305166721344,1,fitzpatrick17k,fitz_f2404024ad9adf7355a5363efe418567,medium,3,malignant
1,0.8637298345565796,1,fitzpatrick17k,fitz_7d5ad8c28f8ef3587fb14ddb53c316cd,light,2,malignant
0,0.7636759281158447,1,fitzpatrick17k,fitz_19ce53c364f3b0b022270c91e8ea64d7,light,2,benign
1,0.8732339143753052,1,fitzpatrick17k,fitz_228c237da9bca35c55632db3a7b78264,light,1,malignant
0,0.7791277170181274,1,fitzpatrick17k,fitz_99e361c5820619ab35c68cac47b41ea5,medium,4,benign
1,0.8217306137084961,1,fitzpatrick17k,fitz_6291ff38493700eccb9816dc3586cd17,medium,3,malignant
1,0.8699490427970886,1,fitzpatrick17k,fitz_b76381e00a47d51418c19231ec321e20,light,2,malignant
1,0.7770588397979736,1,fitzpatrick17k,fitz_22bd8aa5373f1091456b7f40af1ce786,medium,4,malignant
1,0.7612565755844116,1,fitzpatrick17k,fitz_6b174a5db8261270d5620a19f78898c8,dark,6,malignant
1,0.8558902740478516,1,fitzpatrick17k,fitz_16da44ca4bd3c77321401f8f4ae82138,light,2,malignant
1,0.7291861772537231,1,fitzpatrick17k,fitz_31ef1691003e2135a9e796254d596d64,dark,5,malignant
1,0.7668668031692505,1,fitzpatrick17k,fitz_eefcaa4061e195fa602680a763c5e79a,medium,3,malignant
1,0.9041432738304138,1,fitzpatrick17k,fitz_32402e8c62ef1a1d67723e10a356335b,light,1,malignant
1,0.4720037877559662,1,fitzpatrick17k,fitz_f37e2d17279aeb64cc2674d72291b4ae,medium,4,malignant
0,0.6517449617385864,1,fitzpatrick17k,fitz_1e47962dfdfe1ccaaf34732868a16145,medium,3,benign
0,0.31842660903930664,1,fitzpatrick17k,fitz_d6fc0056182f22e51d727af0524ad8df,medium,4,benign
0,0.838756799697876,1,fitzpatrick17k,fitz_9596c8487ccf09bf836a1e308b440f7b,medium,3,benign
1,0.8537182211875916,1,fitzpatrick17k,fitz_ab7f5d4d82844334fd046cfa3d0c52b7,light,1,malignant
1,0.794731855392456,1,fitzpatrick17k,fitz_3b290d262098f761d719aa07cf36c040,medium,4,malignant
1,0.8185328841209412,1,fitzpatrick17k,fitz_514d66c5bfd013ff057365fcd5c995f2,medium,3,malignant
1,0.8288313746452332,1,fitzpatrick17k,fitz_5d25c6673ea2d8b1268f9b644723843d,medium,3,malignant
1,0.883890688419342,1,fitzpatrick17k,fitz_ae0f57af6ace4b075703d55ff00f2574,light,2,malignant
1,0.7984070181846619,1,fitzpatrick17k,fitz_99c09906cd9631d6ff648f680ce3c7a2,medium,4,malignant
1,0.7363753318786621,1,fitzpatrick17k,fitz_c118e1b0b179f299b4a814d78059c137,medium,3,malignant
1,0.7974316477775574,1,fitzpatrick17k,fitz_4343f98b39a54c43563b2819a20beaea,medium,3,malignant
0,0.8526349663734436,1,fitzpatrick17k,fitz_37804e80bc8a269bd456fa8f67b3a839,light,2,benign
0,0.6480457186698914,1,fitzpatrick17k,fitz_ffe62c609421e3adaa69ee1751dd6a37,light,2,benign
0,0.8353215456008911,1,fitzpatrick17k,fitz_df230db5bd345ad708464fb9ecce6a55,light,2,benign
1,0.8417242765426636,1,fitzpatrick17k,fitz_8befc3a0c8600e273977e3a8888a802f,light,2,malignant
1,0.9230301380157471,1,fitzpatrick17k,fitz_04672ea146d9dbc081cf63c160c7dfa0,light,1,malignant
1,0.8972374200820923,1,fitzpatrick17k,fitz_3889e119deceb3e9f6b0719ad9431086,medium,3,malignant
1,0.8075882196426392,1,fitzpatrick17k,fitz_eec8c53d191fee6417cfcd4f12d415d3,light,2,malignant
1,0.8615930080413818,1,fitzpatrick17k,fitz_c3b96b61412f2004d8c5a281ce9ffcd3,medium,3,malignant
0,0.8093980550765991,1,fitzpatrick17k,fitz_2dfbfb0d7468ff9aa4d7c70bcf4a84c7,light,1,benign
1,0.8776965141296387,1,fitzpatrick17k,fitz_d33000ba378f61a583220a7fc0eade81,dark,5,malignant
1,0.8375973105430603,1,fitzpatrick17k,fitz_63f2efe8aab42d66f08a223d21b79f9d,light,2,malignant
1,0.7600468993186951,1,fitzpatrick17k,fitz_ddbe1c3f36e36d3e2c884742ce576279,medium,3,malignant
0,0.8591823577880859,1,fitzpatrick17k,fitz_9af2edfb123f4ff28cfbec38a2ed3e88,medium,3,benign
1,0.8151656985282898,1,fitzpatrick17k,fitz_ce6185287c4b9aabd353be048b379f22,medium,3,malignant
0,0.8710580468177795,1,fitzpatrick17k,fitz_aed381c868ecd4d8bcd3d78390206a60,medium,4,benign
0,0.434203565120697,1,fitzpatrick17k,fitz_5d67b5d6f9ae8f186a2c76573d5000b0,medium,3,benign
1,0.7026228308677673,1,fitzpatrick17k,fitz_257b98dac6241fa7fc474d3ccd0cc23e,dark,5,malignant
1,0.8728054165840149,1,fitzpatrick17k,fitz_82375585ff47e3738a54447e43b613f2,medium,4,malignant
1,0.8178367018699646,1,fitzpatrick17k,fitz_524aaebd1cc57cbc543f8f1c499615d4,medium,3,malignant
1,0.8869510293006897,1,fitzpatrick17k,fitz_17313d3de1e4c2952908201cb825e340,light,2,malignant
0,0.49933841824531555,1,fitzpatrick17k,fitz_0de026e61445d16bc819b7f05ad2a68d,medium,4,benign
0,0.712716817855835,1,fitzpatrick17k,fitz_5a55b6a5368fee12881efc2bfb3ddb29,medium,3,benign
1,0.8281680941581726,1,fitzpatrick17k,fitz_c0a31afecc839c5fccf8c15ca9cee431,dark,6,malignant
0,0.7887879014015198,1,fitzpatrick17k,fitz_0a55e2e0b4d0241785ba9787829c6dfc,medium,3,benign
1,0.8215212821960449,1,fitzpatrick17k,fitz_19052eee2e7efa39b3089fff1c5f8f77,light,2,malignant
1,0.8507528901100159,1,fitzpatrick17k,fitz_47cb1bb512da0f22002f75e9f158c6e8,medium,4,malignant
1,0.9400330781936646,1,fitzpatrick17k,fitz_190822f2e75490299428db99d2f34486,medium,3,malignant
0,0.6699644327163696,1,fitzpatrick17k,fitz_ba91d5fb3912773dbcc64434d8f129a7,medium,4,benign
1,0.8829368352890015,1,fitzpatrick17k,fitz_78219f1a6402b8f83a9eecfed6a35c0c,light,2,malignant
0,0.7144736051559448,1,fitzpatrick17k,fitz_1663e75536f056d5158dcd192e591b1e,medium,3,benign
1,0.8075945973396301,1,fitzpatrick17k,fitz_cd509e89fbf306cbd9e46574e6bc4391,medium,4,malignant
1,0.6142659783363342,1,fitzpatrick17k,fitz_72015b5cbc3acebc1441248befaa321a,dark,5,malignant
1,0.7819862365722656,1,fitzpatrick17k,fitz_9bfb3777fbfe372a890ce8ad2fe29d31,light,1,malignant
1,0.7348436117172241,1,fitzpatrick17k,fitz_62730dff94663cd3ecfd226478e7bc72,light,2,malignant
1,0.8335825800895691,1,fitzpatrick17k,fitz_ac6e3dc1e49d8d74f51345ba2876ec18,medium,3,malignant
0,0.7815884351730347,1,fitzpatrick17k,fitz_e96f62903251bfa28d6d4ecf6c4341f4,medium,4,benign
1,0.06753377616405487,0,fitzpatrick17k,fitz_ce7b0d125669568a40712915b5d47459,light,2,malignant
1,0.6677631735801697,1,fitzpatrick17k,fitz_5802610b87c8098cf71de102f2e9652d,medium,3,malignant
0,0.4683147966861725,1,fitzpatrick17k,fitz_5690933c136cfc1eb629062b05be1b83,medium,3,benign
1,0.7562412023544312,1,fitzpatrick17k,fitz_df8704cc8d07e12536c22cb9670dbb25,dark,5,malignant
1,0.7563366293907166,1,fitzpatrick17k,fitz_e54daa4b483474920f81739c264c1efc,dark,5,malignant
0,0.7558835744857788,1,fitzpatrick17k,fitz_548ec840d0d93a2e469cd33f6127cd6d,dark,5,benign
1,0.8766505122184753,1,fitzpatrick17k,fitz_429baf43d2dfce514c2bbf837a537623,medium,3,malignant
0,0.786272406578064,1,fitzpatrick17k,fitz_530b010e31741289b4cb1b1f07bb2380,light,2,benign
1,0.912037193775177,1,fitzpatrick17k,fitz_f9c6ce09c18ab2ba730a0ed8e92b620f,medium,3,malignant
0,0.4724223017692566,1,fitzpatrick17k,fitz_e78853dfe442ba997bc7a8271082e1a3,medium,3,benign
0,0.8211811184883118,1,fitzpatrick17k,fitz_2600344136b9750ac5f65e39bfeaea3f,medium,3,benign
0,0.7391688227653503,1,fitzpatrick17k,fitz_2d344b03816a60495078387cc99f335d,dark,5,benign
0,0.682939350605011,1,fitzpatrick17k,fitz_cb33bd170307c07e3547c91b825e65a7,medium,4,benign
1,0.6643804311752319,1,fitzpatrick17k,fitz_1dcc2fb45c366dafbb1f45c0e8afd3bd,dark,5,malignant
0,0.6863946318626404,1,fitzpatrick17k,fitz_ff65d3db00e773387f09da586f59f545,medium,4,benign
1,0.8107625246047974,1,fitzpatrick17k,fitz_3051fedba7a0300d60d48d91766831c4,dark,5,malignant
1,0.7872156500816345,1,fitzpatrick17k,fitz_3a99a5259471f5fee1d4db0d2067b413,medium,4,malignant
0,0.30139586329460144,1,fitzpatrick17k,fitz_10cbe527905d61220233b3b00e5566ee,medium,4,benign
1,0.18370401859283447,1,fitzpatrick17k,fitz_a468181a518bae4b2f40c237969c97df,dark,5,malignant
1,0.8911308646202087,1,fitzpatrick17k,fitz_752f4f78bf2794442a03155ca7647a87,medium,3,malignant
1,0.7815714478492737,1,fitzpatrick17k,fitz_a6887106885c0371916de914af87c31d,medium,3,malignant
1,0.8217149972915649,1,fitzpatrick17k,fitz_d96a857ee0300968debe100bdf7d6e24,medium,3,malignant
0,0.6945484280586243,1,fitzpatrick17k,fitz_532504148c464e82a7bd970a0e2ac371,medium,4,benign
1,0.7083792686462402,1,fitzpatrick17k,fitz_3b7dbe80a5fa8ca9af3620b1d79acec6,medium,3,malignant
1,0.8357803821563721,1,fitzpatrick17k,fitz_9c086096fe77da43c2ed2be854b657a2,light,2,malignant
1,0.7776591777801514,1,fitzpatrick17k,fitz_f420eb73f0b50a89b5fddccc85796062,light,2,malignant
0,0.7530829906463623,1,fitzpatrick17k,fitz_fefef7382f3fdab7506fac1238c8b81c,medium,4,benign
1,0.8134026527404785,1,fitzpatrick17k,fitz_9d0ac0581b79c21928705c61bc05a636,light,2,malignant
1,0.8433061838150024,1,fitzpatrick17k,fitz_4fa9a2f6266c5e685bbce85809b99bee,dark,5,malignant
0,0.5867079496383667,1,fitzpatrick17k,fitz_c996308d0e96ee68ce1353c7a4810a31,light,2,benign
0,0.8216149210929871,1,fitzpatrick17k,fitz_7ee21e6c71ee77980f3480bdbbf27a88,medium,4,benign
1,0.8705572485923767,1,fitzpatrick17k,fitz_910c7ae0e80a50e2774cf4b166378b18,light,2,malignant
1,0.7985392212867737,1,fitzpatrick17k,fitz_084d223d5918ec2ddae37f2f8061e23c,dark,5,malignant
0,0.7381038665771484,1,fitzpatrick17k,fitz_8be70cfaaeadbb20bfc0cc4f874bd1d4,light,2,benign
0,0.8328143358230591,1,fitzpatrick17k,fitz_b836e1e86e845deaf8b280c0246d86a4,medium,4,benign
0,0.7169366478919983,1,fitzpatrick17k,fitz_0e16117b2b9d1e457987386e363cc03c,medium,3,benign
1,0.6600177884101868,1,fitzpatrick17k,fitz_b2a36a8d0b2c0d129e7510a32c18bdcc,medium,4,malignant
1,0.7350491285324097,1,fitzpatrick17k,fitz_f44f3454329e674663e68da31c24e674,medium,3,malignant
0,0.7571892738342285,1,fitzpatrick17k,fitz_44df5dceb5722eeaac76f8957926ae0a,medium,4,benign
1,0.8192815184593201,1,fitzpatrick17k,fitz_3368f86f3ab52a1362f4c1aac02c14be,light,2,malignant
0,0.7767789363861084,1,fitzpatrick17k,fitz_506c69da28b63b617677deafd750c3de,medium,4,benign
0,0.4100673198699951,1,fitzpatrick17k,fitz_057144673db592e4c06d3eae41574c10,medium,3,benign
1,0.8910831809043884,1,fitzpatrick17k,fitz_e2b108ec0b0d9df5ad536cfde4fb543f,light,2,malignant
1,0.7642471790313721,1,fitzpatrick17k,fitz_45297051705ac6a8b8d04264cae21bc3,light,1,malignant
1,0.764117419719696,1,fitzpatrick17k,fitz_6bc3cb3a8500f1fb22684028b720a032,light,2,malignant
1,0.8547131419181824,1,fitzpatrick17k,fitz_e315766377e07b3a78c789f1ef6cf529,dark,5,malignant
1,0.8005072474479675,1,fitzpatrick17k,fitz_dfe4994c0601b1cd8f94e076f6945c3f,medium,3,malignant
1,0.33817166090011597,1,fitzpatrick17k,fitz_04437cd3092a8922dc9af8100d350431,medium,4,malignant
1,0.8875126242637634,1,fitzpatrick17k,fitz_40b3e8829b08cfac1b06b44857e290f4,light,2,malignant
1,0.8680781126022339,1,fitzpatrick17k,fitz_89fec580f8f8f7bab2f4199ff2234e7f,medium,3,malignant
1,0.7841379046440125,1,fitzpatrick17k,fitz_ab641dc2d33a9a81e7d931eb47e3be4e,light,2,malignant
0,0.8987195491790771,1,fitzpatrick17k,fitz_df85f658d1cf5b29c95d2018c32a050a,medium,3,benign
0,0.7675086855888367,1,fitzpatrick17k,fitz_c69c1b503d56830699dc0fbbb5c9c1f0,medium,3,benign
1,0.2187870293855667,1,fitzpatrick17k,fitz_923534fd044e776e66d0e5fca35e0a1c,light,1,malignant
0,0.21609261631965637,1,fitzpatrick17k,fitz_06f65d8dde6dde8c772966689a06ad66,light,2,benign
0,0.6561481952667236,1,fitzpatrick17k,fitz_ddc8eaaf09188277072ee805cb73c8da,medium,4,benign
0,0.4852268695831299,1,fitzpatrick17k,fitz_74a2d7b3c01c63f68614c48270507f89,medium,4,benign
1,0.6860021352767944,1,fitzpatrick17k,fitz_afc4bdb0cdefbdb03a1335a89ebe49c6,medium,4,malignant
1,0.8325227499008179,1,fitzpatrick17k,fitz_07de122cbdd10a1b4719b6c9c8cb764f,medium,3,malignant
0,0.4934651255607605,1,fitzpatrick17k,fitz_93f92f695c7e5d55004f1f05d8617f12,medium,3,benign
1,0.8743864297866821,1,fitzpatrick17k,fitz_34eb78207519afd3d4835e52a67218d5,light,2,malignant
1,0.8746699690818787,1,fitzpatrick17k,fitz_5c58b1691f53c9ab0c4a8a5f7e49c8ff,light,2,malignant
0,0.44747212529182434,1,fitzpatrick17k,fitz_9b950015c022988a79291ec308d2c839,dark,5,benign
0,0.7264773845672607,1,fitzpatrick17k,fitz_9f02224f0aecb68e7e32278e3fc316b3,light,2,benign
0,0.38642844557762146,1,fitzpatrick17k,fitz_31101499ce05d4685f06fe3267e50c20,medium,4,benign
0,0.5836693644523621,1,fitzpatrick17k,fitz_24541df12ac58db17a35401ee7e427f9,medium,4,benign
1,0.8369348645210266,1,fitzpatrick17k,fitz_d11416a368eb814bae7eeb54d357f46b,light,2,malignant
0,0.31228798627853394,1,fitzpatrick17k,fitz_d5ecee92dd62521055328614523535ac,medium,4,benign
1,0.8899038434028625,1,fitzpatrick17k,fitz_08a183312614facc181ff92c032dc8b0,light,1,malignant
1,0.6693997383117676,1,fitzpatrick17k,fitz_2dc5c700e1ba2c10091d84c7c8818a7a,medium,3,malignant
1,0.8939068913459778,1,fitzpatrick17k,fitz_93c3ccc320820c1ea641dc6244f03109,dark,5,malignant
1,0.8369776010513306,1,fitzpatrick17k,fitz_84e466bb6cfd0812bf7c0ccb26132202,medium,3,malignant
1,0.7138893604278564,1,fitzpatrick17k,fitz_70766ed2b71ab0e8c5b387e172213eee,dark,5,malignant
0,0.7817914485931396,1,fitzpatrick17k,fitz_e268515e2171df91156578c7d0862969,medium,4,benign
0,0.8019813895225525,1,fitzpatrick17k,fitz_ac713d803bfccd03939a4d3a0785491c,dark,5,benign
1,0.7283291816711426,1,fitzpatrick17k,fitz_70febe1909055262ca282551a222a10f,medium,4,malignant
0,0.4158206880092621,1,fitzpatrick17k,fitz_61c220d156f4c0cf2acdf5c8a9cc8ab1,light,2,benign
0,0.776668906211853,1,fitzpatrick17k,fitz_bebe28df15b1511d462e21666d9ed9c1,medium,4,benign
0,0.6195359826087952,1,fitzpatrick17k,fitz_25240cda5c5a576b9bbf092957512804,medium,4,benign
0,0.6000563502311707,1,fitzpatrick17k,fitz_2b703d98eb26cef83288706714897fee,medium,4,benign
1,0.7416853308677673,1,fitzpatrick17k,fitz_8b545da3675c0f8fa30fff4b2c75c4f6,dark,5,malignant
1,0.7856295108795166,1,fitzpatrick17k,fitz_c22dfb448848253cc53435cdb23c1271,medium,3,malignant
1,0.7477012276649475,1,fitzpatrick17k,fitz_96004967206f290b58a07554103b46df,light,2,malignant
1,0.7066326141357422,1,fitzpatrick17k,fitz_7954c76a4c9f3404769986b22e88cc46,medium,4,malignant
1,0.8035359978675842,1,fitzpatrick17k,fitz_7297014b0c70456e5bae9b3d0c846bfe,medium,3,malignant
1,0.7808558344841003,1,fitzpatrick17k,fitz_3a2548935342032a9aff94b776e31c1d,dark,6,malignant
0,0.5088101625442505,1,fitzpatrick17k,fitz_10a1628a6d86c2e0bf8835bfd60850a1,light,2,benign
0,0.7338331937789917,1,fitzpatrick17k,fitz_5a84d9c3518bad3403c31fde904acc74,medium,3,benign
1,0.865005612373352,1,fitzpatrick17k,fitz_8c3d26edb18555bbc6146f3581a66d82,medium,4,malignant
1,0.799166738986969,1,fitzpatrick17k,fitz_d799c42032899b30e39a5ce95c27f098,medium,4,malignant
1,0.8295105695724487,1,fitzpatrick17k,fitz_0b283a47352d88ab55257c9fce2d3603,medium,3,malignant
0,0.9019554853439331,1,fitzpatrick17k,fitz_6b337bc10e258453c38f7d284ac4bbef,light,2,benign
1,0.6816325187683105,1,fitzpatrick17k,fitz_15ae20e3d92a7416e655443dc94b652d,medium,3,malignant
1,0.7689377069473267,1,fitzpatrick17k,fitz_44db8ec026393a9fe950d286824bea30,light,2,malignant
0,0.6222022771835327,1,fitzpatrick17k,fitz_37f690a927de69201eb6bc760b59985f,medium,3,benign
1,0.8975015878677368,1,fitzpatrick17k,fitz_6a656accd59e8b48a7a170d8249a527b,light,1,malignant
1,0.7835348844528198,1,fitzpatrick17k,fitz_0751a673ac74656b792bc19927d5e851,medium,3,malignant
1,0.7351974844932556,1,fitzpatrick17k,fitz_cf561d08ac46d0fda678bff6621005ee,light,2,malignant
1,0.8268910646438599,1,fitzpatrick17k,fitz_5f6bf606eaef0ac72ec1132558e8160a,medium,3,malignant
0,0.3873646557331085,1,fitzpatrick17k,fitz_c23326630cac06140bf03363cb334c71,medium,4,benign
0,0.7574629783630371,1,fitzpatrick17k,fitz_8a3f07df6cf5f88cf06a9a2b0aa35422,medium,3,benign
1,0.8785508275032043,1,fitzpatrick17k,fitz_0fe16f60d42c04ba809fd70085a11b50,medium,4,malignant
1,0.6584427356719971,1,fitzpatrick17k,fitz_64ad852dc5e267ec279e02f7ec0b7307,medium,3,malignant
1,0.7513399124145508,1,fitzpatrick17k,fitz_3c248f623e262cadd1a608642df1934b,medium,3,malignant
0,0.4157666563987732,1,fitzpatrick17k,fitz_a6652385250358e2cc805181be1123f9,medium,3,benign
0,0.6714920997619629,1,fitzpatrick17k,fitz_e598f0548d155a35596d25296ceb18aa,dark,5,benign
1,0.7703966498374939,1,fitzpatrick17k,fitz_70b283d0053a683abc14e4cf4ce83ac5,dark,5,malignant
0,0.6227995753288269,1,fitzpatrick17k,fitz_208ee7e29b58510ccc66af2e7db1f360,light,1,benign
1,0.9057261943817139,1,fitzpatrick17k,fitz_fb7c18fe1b5696c01c4e7f1874bc80b6,medium,3,malignant
0,0.7548370361328125,1,fitzpatrick17k,fitz_6c696fbd08a9e2d5cf7d8f47f721738d,medium,4,benign
1,0.8605549335479736,1,fitzpatrick17k,fitz_68cd6c2474a38716c149a5e76d383703,medium,3,malignant
0,0.2871597409248352,1,fitzpatrick17k,fitz_f99dfa390fa1ead15791b8719065d193,dark,5,benign
0,0.8570894598960876,1,fitzpatrick17k,fitz_20a7ccaaca1040c6cb27604b79c1de79,light,2,benign
1,0.881367027759552,1,fitzpatrick17k,fitz_db871411820979160cb098e6453399ce,medium,4,malignant
1,0.8275558948516846,1,fitzpatrick17k,fitz_14ff311b9905eca10106dfaba83dff8f,light,2,malignant
1,0.7693645358085632,1,fitzpatrick17k,fitz_f5b5fc7b1af76ca2db94a3118cffc572,medium,4,malignant
0,0.8041893243789673,1,fitzpatrick17k,fitz_5dc56924d6d68e2ee3d0dbc2abbab859,medium,3,benign
1,0.6923165917396545,1,fitzpatrick17k,fitz_e853570597d53d361cc70868ada1a07b,medium,3,malignant
0,0.8054277896881104,1,fitzpatrick17k,fitz_a562d02d7c568fcff808364b4e9adab5,dark,5,benign
1,0.8613588213920593,1,fitzpatrick17k,fitz_016abe4884715af85cd3f309f93b9641,light,2,malignant
1,0.7995579838752747,1,fitzpatrick17k,fitz_064964a7ed462b114d9ab6a7111caef7,medium,3,malignant
1,0.7417519092559814,1,fitzpatrick17k,fitz_585de3087248fafc0600dbeae5cb2692,medium,4,malignant
1,0.8803538084030151,1,fitzpatrick17k,fitz_4f528bf1928eb2aeb6fea903ef744a55,light,2,malignant
1,0.791694164276123,1,fitzpatrick17k,fitz_9255b18c770f58de26221d16839fadb2,dark,5,malignant
1,0.8444687724113464,1,fitzpatrick17k,fitz_af98116844cc81ff8cceaaba707315af,dark,5,malignant
1,0.8082720041275024,1,fitzpatrick17k,fitz_23ca4d83dffa92d9a222b70d803c499c,medium,4,malignant
1,0.9375729560852051,1,fitzpatrick17k,fitz_63c66f12f7358540ad83f37f109c2a83,light,2,malignant
0,0.6967187523841858,1,fitzpatrick17k,fitz_7c3b644eb566121ed53b40d5ffed199a,medium,4,benign
0,0.27906638383865356,1,fitzpatrick17k,fitz_741cf02d5bb563b83cfbb4238207eb1e,light,2,benign
1,0.6851791143417358,1,fitzpatrick17k,fitz_2427f4ddad999d44139aa8b91e937885,dark,5,malignant
1,0.8337817192077637,1,fitzpatrick17k,fitz_c67d42e5e91434bea27c8063d8cf3964,medium,3,malignant
1,0.9065679907798767,1,fitzpatrick17k,fitz_50229b1b76f93c7205010aa64925118b,light,1,malignant
1,0.9348469376564026,1,fitzpatrick17k,fitz_40a8a67e6d6ade17c43beb1d20dbef84,light,2,malignant
1,0.7860684394836426,1,fitzpatrick17k,fitz_76a410bec7b2e3644a4b141d8bb0d2c2,medium,4,malignant
1,0.8257395625114441,1,fitzpatrick17k,fitz_3e6b4ab56597dce5f196f82b752c43b2,light,2,malignant
1,0.794254720211029,1,fitzpatrick17k,fitz_bf85b6432c4506d3e8f63c433ba8bfa0,medium,4,malignant
1,0.8708006143569946,1,fitzpatrick17k,fitz_70a0b051fb01abcd5cdd01bf8b6aa5da,medium,4,malignant
1,0.8293312788009644,1,fitzpatrick17k,fitz_6be528e219f8ce45c9782e2b05ae3c24,medium,3,malignant
1,0.7714753150939941,1,fitzpatrick17k,fitz_0e539304dcb700d132400c34f44d21b7,medium,3,malignant
0,0.39304113388061523,1,fitzpatrick17k,fitz_91d9bacd7c1bd47d5d52079842dbbc43,medium,4,benign
1,0.7599107623100281,1,fitzpatrick17k,fitz_8e4316c8cc5208eac7a1405d66cb401e,medium,3,malignant
1,0.8319284319877625,1,fitzpatrick17k,fitz_0d240e7e0263db3d01450e39cecdb4cc,medium,3,malignant
1,0.771634578704834,1,fitzpatrick17k,fitz_39d7ad8e2b3eca2f8356b2df57c59767,light,1,malignant
1,0.7343655824661255,1,fitzpatrick17k,fitz_958a499709712a0e08e196dd5d94e212,medium,3,malignant
0,0.4074515700340271,1,fitzpatrick17k,fitz_3eac623ea306c5c93bca78712a80d88b,medium,3,benign
1,0.29855072498321533,1,fitzpatrick17k,fitz_8d4f1262a0534e1d906a21a1bcb8707d,medium,3,malignant
1,0.799375593662262,1,fitzpatrick17k,fitz_a607cc074aa116f50c08cfae72c5a147,light,2,malignant
1,0.8400936126708984,1,fitzpatrick17k,fitz_da5c274e15de5f5d36f0f880d577d3bb,medium,3,malignant
0,0.7279543280601501,1,fitzpatrick17k,fitz_aca7d6f50977c69e54dd0113c886edce,light,2,benign
1,0.45105698704719543,1,fitzpatrick17k,fitz_009c75339a21bb84a6425be6a95938d6,medium,3,malignant
1,0.924781084060669,1,fitzpatrick17k,fitz_13e11954a6ece398b2efe0e1da5b1aa5,light,2,malignant
0,0.5002622008323669,1,fitzpatrick17k,fitz_a74e91f8dc756c38598e07cd0e53e0f1,medium,3,benign
0,0.8972586989402771,1,fitzpatrick17k,fitz_0585f181e556e00195b5cd00f19b18ad,light,2,benign
1,0.9219963550567627,1,fitzpatrick17k,fitz_b62b758e86199928edeb470c25904244,medium,3,malignant
1,0.8109339475631714,1,fitzpatrick17k,fitz_40c567216c3762b0d364abb3f718e9b9,medium,4,malignant
0,0.6762522459030151,1,fitzpatrick17k,fitz_dd02b4ff3e2a1d9d8f8c1f5a65bcc2b9,dark,5,benign
1,0.7953551411628723,1,fitzpatrick17k,fitz_3b24865e842419e4efc3fb909c633077,dark,6,malignant
0,0.8874541521072388,1,fitzpatrick17k,fitz_1ecd46ecb902f7b2a9e32d233968f8f2,light,1,benign
1,0.839356005191803,1,fitzpatrick17k,fitz_7200dfb344d1c161b36c83598445e35d,medium,4,malignant
0,0.5342035293579102,1,fitzpatrick17k,fitz_950f4808e8fe4427aaf3e549d6d91878,medium,3,benign
1,0.7844032645225525,1,fitzpatrick17k,fitz_94646305d86635230c4eb1763bb043bc,dark,5,malignant
1,0.4862469434738159,1,fitzpatrick17k,fitz_4c4ee394e3bd1da54bdec11874990b30,medium,3,malignant
0,0.6924068927764893,1,fitzpatrick17k,fitz_6a42b572581dc870a1cfe3f15e7d5da8,medium,4,benign
0,0.8628920912742615,1,fitzpatrick17k,fitz_600bd472e7708f015c0096195e94925d,light,2,benign
1,0.812508225440979,1,fitzpatrick17k,fitz_a4df5fa2bab38ee98922e0fbc586b93f,dark,5,malignant
0,0.8094186186790466,1,fitzpatrick17k,fitz_5996d25125933179e1ecea64715deb45,medium,3,benign
1,0.3085734248161316,1,fitzpatrick17k,fitz_dc8b1d07cb9d4b4f4097807e29d045c3,light,2,malignant
0,0.6484176516532898,1,fitzpatrick17k,fitz_f572e5651308344736436bc960bb3393,light,2,benign
1,0.8710863590240479,1,fitzpatrick17k,fitz_4ee44e55d4ba975e0e3b5fa22a6f7ccf,light,2,malignant
0,0.738834023475647,1,fitzpatrick17k,fitz_ddf80e12a4f947bde6fc3588009d44f1,light,2,benign
1,0.7850472927093506,1,fitzpatrick17k,fitz_e3727c5b4b75f017baf1aba0aad019e7,light,2,malignant
1,0.9073358774185181,1,fitzpatrick17k,fitz_7091705f9c33843e3a354eee3895e958,light,1,malignant
1,0.8467101454734802,1,fitzpatrick17k,fitz_8d94801522438510b44bbfa73fd4a541,light,2,malignant
0,0.2603211998939514,1,fitzpatrick17k,fitz_80fae42f56a81c24eae2a8d3152ae6c3,medium,4,benign
0,0.8076069951057434,1,fitzpatrick17k,fitz_1dadc6ac2b9b2dcb6a99a50c0bacdd63,medium,3,benign
0,0.790683925151825,1,fitzpatrick17k,fitz_fb3bf1757f6bd6d57eeec70ca910e8e7,dark,5,benign
1,0.8937496542930603,1,fitzpatrick17k,fitz_e9ad55d2f13c5dbada7b02cb369c7849,light,2,malignant
1,0.8907471895217896,1,fitzpatrick17k,fitz_8cb3945cf58f8e5540208408a50b5827,medium,4,malignant
1,0.7896806001663208,1,fitzpatrick17k,fitz_aea33f41d93dbd5aa59131a57c001714,medium,3,malignant
1,0.7477186918258667,1,fitzpatrick17k,fitz_eab91c11e20398a89c454717dc5eaa94,dark,5,malignant
1,0.7111196517944336,1,fitzpatrick17k,fitz_72430e826363a44a2f9d5dd7e88aed64,medium,4,malignant
0,0.7386519908905029,1,fitzpatrick17k,fitz_c2caca35984332f9587fecb2774253a0,dark,5,benign
0,0.7647270560264587,1,fitzpatrick17k,fitz_162eccb0893416383718762a7b054880,medium,3,benign
0,0.8272811770439148,1,fitzpatrick17k,fitz_5041af68a1e046acff0fc93da11de68f,medium,3,benign
1,0.7772942781448364,1,fitzpatrick17k,fitz_26628fb7dc4341b5ac2ef37525925fe0,light,2,malignant
1,0.7485671639442444,1,fitzpatrick17k,fitz_6f197431cd2d540ed3c5c8c6a5296d54,medium,4,malignant
0,0.17753303050994873,1,fitzpatrick17k,fitz_742240c1e0ffde54e577d0238688c3cc,medium,3,benign
0,0.20916789770126343,1,fitzpatrick17k,fitz_0726e8d399fbff097140bd2c70fdc78c,medium,3,benign
1,0.9006284475326538,1,fitzpatrick17k,fitz_4244aa38c25c2366ba048ed5711b9952,medium,3,malignant
1,0.7915340065956116,1,fitzpatrick17k,fitz_082e7482504084c98c2262a38b0ecbd3,medium,3,malignant
0,0.8116714358329773,1,fitzpatrick17k,fitz_6b42d830bd4d056066a4dd86bd0f9ea5,medium,3,benign
1,0.8738471865653992,1,fitzpatrick17k,fitz_8972c76e23d9f6d7c301532573961b99,medium,4,malignant
0,0.7725276947021484,1,fitzpatrick17k,fitz_df53b37a24059f861759c6d31d69830a,medium,4,benign
0,0.7851018905639648,1,fitzpatrick17k,fitz_73805175a14b46a6d5e645294186402d,medium,3,benign
1,0.7933682799339294,1,fitzpatrick17k,fitz_b7ccee8c91bd6ecd6d7ce5b66e4513c2,medium,4,malignant
1,0.8315421342849731,1,fitzpatrick17k,fitz_cf7bb4757a021906dc6f9b29bccb31c5,light,2,malignant
1,0.8869258761405945,1,fitzpatrick17k,fitz_5f1a4d80fdc87563f3cc7174241c3477,dark,5,malignant
1,0.8552597165107727,1,fitzpatrick17k,fitz_cd10a42d92d2d276fcf5d02284916e11,medium,3,malignant
1,0.7906635403633118,1,fitzpatrick17k,fitz_c7aac9b9850c541b1cf2619c7cec8d06,medium,4,malignant
1,0.26458749175071716,1,fitzpatrick17k,fitz_e52416971eb5fe8007cc8bb3de59457a,light,1,malignant
1,0.8835132122039795,1,fitzpatrick17k,fitz_ea2d3af76bbd9961ebd38d47af57ac47,light,1,malignant
1,0.810728907585144,1,fitzpatrick17k,fitz_74bc180ce4619e21a8a8d425c4e86765,medium,3,malignant
1,0.7758904695510864,1,fitzpatrick17k,fitz_a53466176187c41d414de8c9874bd4ce,medium,4,malignant
1,0.7960740327835083,1,fitzpatrick17k,fitz_da44dfe7542fae98d719847a09822777,medium,3,malignant
0,0.8299739360809326,1,fitzpatrick17k,fitz_e969d2602934e10e0e174749e66d2d99,medium,3,benign
1,0.8152938485145569,1,fitzpatrick17k,fitz_730e946083fd36c5e8722f88c178a1a6,light,1,malignant
0,0.764716625213623,1,fitzpatrick17k,fitz_040794ad6904c725fad83ba619ee853b,medium,4,benign
1,0.8454867005348206,1,fitzpatrick17k,fitz_093fcc49c98d314303ba07aa0d6c1348,medium,3,malignant
1,0.8248668313026428,1,fitzpatrick17k,fitz_2a40e05f47c6754d9f2ba7707d8f5cde,medium,4,malignant
1,0.9378982782363892,1,fitzpatrick17k,fitz_6f80b9e7e26fb1ae973ec6d83924e20d,light,2,malignant
0,0.8533880114555359,1,fitzpatrick17k,fitz_0e9244cef45446c410b7eb5ba03ab008,medium,4,benign
1,0.9109987020492554,1,fitzpatrick17k,fitz_570bb039a6f13ce828d8a1551623a513,medium,4,malignant
1,0.7459220886230469,1,fitzpatrick17k,fitz_5f789231cfe92cef1737d0da94bfdad2,medium,4,malignant
1,0.7523143887519836,1,fitzpatrick17k,fitz_b8ed051cda5c50d697175212fb3d1860,medium,4,malignant
0,0.8788330554962158,1,fitzpatrick17k,fitz_7673dccf4286755cef8cf26f19b2822e,light,2,benign
1,0.7282143235206604,1,fitzpatrick17k,fitz_850f18a45b3fcbcd8b5020cc07273d91,medium,3,malignant
1,0.8007476329803467,1,fitzpatrick17k,fitz_a9774d79170b2b5fef7627127f7ac524,light,2,malignant
1,0.8061980605125427,1,fitzpatrick17k,fitz_6af0a95515b388eac5fa547ca8f8e931,light,2,malignant
0,0.8016935586929321,1,fitzpatrick17k,fitz_1f58fcc8c354bd3c8277824f2abc6d0f,light,2,benign
0,0.43481990694999695,1,fitzpatrick17k,fitz_dace9bdc930a19b89e9ba6891526e7af,medium,4,benign
0,0.7333909869194031,1,fitzpatrick17k,fitz_24460d390414317863f266f00bdae501,medium,4,benign
0,0.7866324186325073,1,fitzpatrick17k,fitz_5f38887af8d1b6c7eeb6e5d1dc98db86,medium,3,benign
0,0.5598682761192322,1,fitzpatrick17k,fitz_705a7638cbb13d0d7b36887f9ef20625,dark,5,benign
1,0.7948007583618164,1,fitzpatrick17k,fitz_2c55416b24b17cbfc05fc156f8c97ae4,light,2,malignant
0,0.7780324816703796,1,fitzpatrick17k,fitz_6b94df92b1599ca1a2be6f6381646c6d,medium,3,benign
1,0.8240134716033936,1,fitzpatrick17k,fitz_7cd58d112f623644c0914d53b1e99d5c,light,2,malignant
0,0.7556849122047424,1,fitzpatrick17k,fitz_0bf6cc45eab476c2cd8e89f246ecb9da,medium,4,benign
0,0.43160489201545715,1,fitzpatrick17k,fitz_753b9abb38fc058f9f517490ff9bd4c7,medium,3,benign
1,0.7736998200416565,1,fitzpatrick17k,fitz_127295a4be6d014be0eb23ffc6da700d,medium,3,malignant
1,0.8599579930305481,1,fitzpatrick17k,fitz_90022c24071c11e07fee084bc45d5262,light,2,malignant
0,0.7892143726348877,1,fitzpatrick17k,fitz_b7c0b4a250c186452004b6515689bf1d,medium,3,benign
1,0.8548589944839478,1,fitzpatrick17k,fitz_6232e9e0d448b950b9adac2b83a05710,medium,4,malignant
1,0.7468745112419128,1,fitzpatrick17k,fitz_6dab8f115db4ece5613a6aae83280ab0,medium,4,malignant
1,0.8522985577583313,1,fitzpatrick17k,fitz_5423e2d3ad68054e7b51e27e146fddca,light,1,malignant
1,0.7862992286682129,1,fitzpatrick17k,fitz_9ae2146c6383515a25d6d1938554351c,light,1,malignant
1,0.7979739904403687,1,fitzpatrick17k,fitz_92f8f7f3126dbb65a601e1734fe4d8c8,light,2,malignant
0,0.719641923904419,1,fitzpatrick17k,fitz_75d7f57d6270a3c90ba039c088053432,dark,5,benign
0,0.8186327219009399,1,fitzpatrick17k,fitz_89d26d163983669c7e2e5babbeb97bfe,medium,3,benign
1,0.8251323103904724,1,fitzpatrick17k,fitz_1695bd10a336ec55c2ef289b51b8b43a,light,2,malignant
1,0.7468960881233215,1,fitzpatrick17k,fitz_9aaef41b9332298c3e98b4ee33e39fb5,dark,6,malignant
0,0.610925018787384,1,fitzpatrick17k,fitz_6d0affbbec4ddf9ec58147e7289d3d48,medium,4,benign
1,0.7979832887649536,1,fitzpatrick17k,fitz_915d7fa381560d5b77f1e37cd1c37206,dark,5,malignant
0,0.8044045567512512,1,fitzpatrick17k,fitz_8c49760c0ad3370dba17aa9ced6b12d6,medium,4,benign
1,0.8556110858917236,1,fitzpatrick17k,fitz_053a5ee87f2fc71f07e99a25fd379210,medium,3,malignant
1,0.8337574005126953,1,fitzpatrick17k,fitz_597405f862fa1572fc379136159aba3a,light,2,malignant
0,0.7026913166046143,1,fitzpatrick17k,fitz_6040cdfd051a5e48f578a00142817ba2,light,2,benign
1,0.7770322561264038,1,fitzpatrick17k,fitz_ccac742910bc9649b0651d9fec0aedba,medium,3,malignant
1,0.7698208093643188,1,fitzpatrick17k,fitz_9c98f36a6fcf2f246bf8ee3f3ef444b3,medium,3,malignant
0,0.7857862710952759,1,fitzpatrick17k,fitz_a5835042f19548325acc05bc374b429c,dark,6,benign
0,0.8198428750038147,1,fitzpatrick17k,fitz_9be1c35d4935b39e6f8e9167236909b9,light,2,benign
1,0.8599454760551453,1,fitzpatrick17k,fitz_46d0b60ab14b134341ad87bae08e4755,medium,3,malignant
1,0.7326196432113647,1,fitzpatrick17k,fitz_b0b5f5950d2fda0eed8304ea18eef430,medium,4,malignant
0,0.7950185537338257,1,fitzpatrick17k,fitz_4abb58edf1576fd9007b80b56a0d78ed,medium,3,benign
1,0.6577564477920532,1,fitzpatrick17k,fitz_6abd190e1ce339a018ef0776f530678f,light,2,malignant
0,0.6767795085906982,1,fitzpatrick17k,fitz_7e70403ded2394eaac014fd61a56edec,medium,3,benign
1,0.862212598323822,1,fitzpatrick17k,fitz_fdb5f19a252508ddc849272975161099,light,2,malignant
1,0.7447215914726257,1,fitzpatrick17k,fitz_d10dfbefc8303b80b1d7e8b661506da0,light,2,malignant
1,0.6537154912948608,1,fitzpatrick17k,fitz_4978a6b94f69b38e5a0fe45857242f45,dark,5,malignant
1,0.8741710186004639,1,fitzpatrick17k,fitz_15c17dd8690a6396dc5c85f0bf63d0db,light,2,malignant
0,0.7528092861175537,1,fitzpatrick17k,fitz_aad33b33ed190972cc96d5705e276a25,medium,4,benign
0,0.7570444345474243,1,fitzpatrick17k,fitz_756b24ca24f44a02a098370acdc3ab16,dark,5,benign
0,0.7688701748847961,1,fitzpatrick17k,fitz_d0209679a11e528d9144c27be925d9ea,medium,3,benign
0,0.8044704794883728,1,fitzpatrick17k,fitz_8f103b8f8623f45d44e6df4b9b71c181,dark,6,benign
1,0.7475993037223816,1,fitzpatrick17k,fitz_9f3207b72146e9dff36260970e84bbb3,dark,5,malignant
0,0.7826532125473022,1,fitzpatrick17k,fitz_f1135101625abee46f1260f3e11bc6c1,light,2,benign
0,0.7656650543212891,1,fitzpatrick17k,fitz_0a1ca67fbbf7047acbf7c684694cf688,dark,6,benign
0,0.787838339805603,1,fitzpatrick17k,fitz_1042a7f8cbc0d4b9e5a0e151d702ddc1,medium,3,benign
1,0.8574633002281189,1,fitzpatrick17k,fitz_2f269eeeca0c01edeaae2f7cac656a6e,medium,4,malignant
1,0.8723649978637695,1,fitzpatrick17k,fitz_f7e7fb15ba1bfabcf68bcd62528f76a8,light,1,malignant
0,0.862263023853302,1,fitzpatrick17k,fitz_2da01a06b7835f458d8b27ccf5302cc2,light,2,benign
1,0.664961040019989,1,fitzpatrick17k,fitz_2f099878d4b075006456a8456544b74b,medium,4,malignant
0,0.8300105929374695,1,fitzpatrick17k,fitz_9ed2f9f8b8e8ef7dce95d40937b9fe37,medium,4,benign
0,0.8383615016937256,1,fitzpatrick17k,fitz_d1603db4f4b5efc013984ee9bcaa6b06,medium,3,benign
1,0.8281927704811096,1,fitzpatrick17k,fitz_5492bcfe87eb32401225a4ababbdad52,dark,5,malignant
0,0.5379024744033813,1,fitzpatrick17k,fitz_b46271e7c6f703060101f39d44a5b301,light,2,benign
0,0.7979810833930969,1,fitzpatrick17k,fitz_5c09ddbff7039f44a9a20b0dda41c7e8,medium,3,benign
1,0.815953254699707,1,fitzpatrick17k,fitz_1d8fcc49e4dda6868fcf76916fc14405,dark,5,malignant
1,0.7586765885353088,1,fitzpatrick17k,fitz_625a3d389090a29849a40ea3b68bb1fe,light,2,malignant
1,0.7700937986373901,1,fitzpatrick17k,fitz_37de8e0406609884c1140bf660798d40,dark,5,malignant
1,0.8105063438415527,1,fitzpatrick17k,fitz_ecd97fd36f39e9fd52f09f50c3dc59b5,light,2,malignant
0,0.803476870059967,1,fitzpatrick17k,fitz_bb08f7f37bd50c097aebe0629f93217d,medium,3,benign
1,0.9189358353614807,1,fitzpatrick17k,fitz_aae474e9c797f5bd5cd7956b479e6622,dark,5,malignant
0,0.7196627259254456,1,fitzpatrick17k,fitz_4e323d9190bf5f2ac5b9e53657c599ee,medium,4,benign
0,0.8694161772727966,1,fitzpatrick17k,fitz_870637b4dcb26996ddbaf4783a0ef343,light,2,benign
0,0.803795337677002,1,fitzpatrick17k,fitz_a9cf89ae9b5e280cbf70065d6662cf79,light,2,benign
1,0.8100888729095459,1,fitzpatrick17k,fitz_d6166c9947e7e99915ff4d6907ddec44,light,2,malignant
0,0.4187655746936798,1,fitzpatrick17k,fitz_63fa1657ec59b3543186533ea4b04c03,medium,3,benign
1,0.6882316470146179,1,fitzpatrick17k,fitz_9e9056fd822eb40e875da5573b284c7e,medium,4,malignant
1,0.736940324306488,1,fitzpatrick17k,fitz_2a2b8a3357e28cdb445ca00168843970,dark,5,malignant
1,0.8274022936820984,1,fitzpatrick17k,fitz_470f02cae19495aeb5354e41720cc311,medium,4,malignant
1,0.7412076592445374,1,fitzpatrick17k,fitz_efc3f78778508079ddf1b39b9f09483d,medium,3,malignant
1,0.5573471784591675,1,fitzpatrick17k,fitz_a1a72809c749cbfb7f886309882b8a13,medium,3,malignant
1,0.743105947971344,1,fitzpatrick17k,fitz_b12942fe22a3ec7bf64c0a4d58776551,dark,5,malignant
0,0.675088107585907,1,fitzpatrick17k,fitz_ef17650011124f49e46276a96cd95e84,medium,3,benign
1,0.7790840268135071,1,fitzpatrick17k,fitz_a938b67b207fff9f8b7f4366111e45d4,medium,3,malignant
1,0.6847461462020874,1,fitzpatrick17k,fitz_eff97945f1197b87aed23d64f2772591,medium,4,malignant
1,0.8221213221549988,1,fitzpatrick17k,fitz_c715f3d6d0fdbcfa111d18774c6fde12,medium,3,malignant
0,0.9188401103019714,1,fitzpatrick17k,fitz_ec2f0cecc946b1908d0710666dbf5c97,medium,4,benign
0,0.7452197670936584,1,fitzpatrick17k,fitz_16cdd6326e6e7f35c91147f0a282330e,medium,4,benign
0,0.29925692081451416,1,fitzpatrick17k,fitz_77573a3b26f820e4c9a4cce7608d1d77,medium,3,benign
0,0.6021823287010193,1,fitzpatrick17k,fitz_78f71a3a8abdeba82370a839e8aae1c9,medium,3,benign
0,0.31755295395851135,1,fitzpatrick17k,fitz_ef83ef20359255fff56ca58d9e8b9797,medium,4,benign
0,0.7638121843338013,1,fitzpatrick17k,fitz_3ea363b923f2da47e9d4a12c5b093448,medium,4,benign
1,0.7965414524078369,1,fitzpatrick17k,fitz_2dc262a2cfe7ec4b3d15971b9b391808,medium,4,malignant
1,0.7294496297836304,1,fitzpatrick17k,fitz_5832419baf0cbfefcac35578a40fa5a5,medium,4,malignant
0,0.5510501861572266,1,fitzpatrick17k,fitz_da90292bc5bfffe960bd3c3d4767a846,medium,3,benign
1,0.8330036997795105,1,fitzpatrick17k,fitz_4213b1f75d491c3b253975caed41d6de,light,2,malignant
0,0.8849002122879028,1,fitzpatrick17k,fitz_5d397d83fe773d3f20229663f2df0db2,light,2,benign
0,0.7726949453353882,1,fitzpatrick17k,fitz_f738a3210d3c0638ba1acfafb7f3b7dd,light,2,benign
0,0.7335713505744934,1,fitzpatrick17k,fitz_7b9136b93d147a484a1470a77169aee0,medium,3,benign
0,0.7475641965866089,1,fitzpatrick17k,fitz_dfdf97f163cb5f16f9828b6f650d71b6,medium,4,benign
1,0.8663343191146851,1,fitzpatrick17k,fitz_2a4d059a9c13d12cc9a03c17fbac5a4e,light,2,malignant
1,0.7818746566772461,1,fitzpatrick17k,fitz_e063d2152e55e9676e86832ccbc65957,dark,5,malignant
0,0.7378256916999817,1,fitzpatrick17k,fitz_46ec8b55f260a816350c83fffe36d2c5,medium,4,benign
1,0.7730453014373779,1,fitzpatrick17k,fitz_33a095ba2816c5f72392a929dbf177eb,dark,5,malignant
1,0.835256814956665,1,fitzpatrick17k,fitz_5199cceebe2d23bbae855ea7dda2418b,medium,4,malignant
0,0.8357999920845032,1,fitzpatrick17k,fitz_25952138ba4b5bb4b7d87c0391d74ffc,medium,4,benign
0,0.7744649648666382,1,fitzpatrick17k,fitz_f5f280a94bc4b253a6dc3568f388c6a3,medium,4,benign
1,0.783449113368988,1,fitzpatrick17k,fitz_aba2c3ec9c4fba92da45793c80e87a2c,medium,4,malignant
1,0.8262628316879272,1,fitzpatrick17k,fitz_af64774e30b2dc701e3f2a88348a78dc,medium,4,malignant
1,0.8291788101196289,1,fitzpatrick17k,fitz_2fb99937ca6b73a7902fbd118e056d92,medium,3,malignant
1,0.7039929032325745,1,fitzpatrick17k,fitz_f9bddb7ca61918b457111494fbb48d4f,medium,4,malignant
1,0.8084781169891357,1,fitzpatrick17k,fitz_427ead6a4a387f589cde427f04168e32,medium,3,malignant
0,0.8691207766532898,1,fitzpatrick17k,fitz_c8c8ae17619e647185103a7715f45d67,light,1,benign
0,0.8558469414710999,1,fitzpatrick17k,fitz_75c795c2fad2f6a2444c686fa5467041,medium,4,benign
1,0.7043062448501587,1,fitzpatrick17k,fitz_8dd585e3b400da6217d858015b2fcf2a,light,2,malignant
0,0.8285989165306091,1,fitzpatrick17k,fitz_41169ebef5fa15937f0eefb98d81339c,medium,4,benign
0,0.663823127746582,1,fitzpatrick17k,fitz_20f7ea1d862e171c7484895a7fe8a818,medium,3,benign
1,0.7489721775054932,1,fitzpatrick17k,fitz_0639e79ac41e8de5cceee9f84b729b0e,light,2,malignant
0,0.6871935725212097,1,fitzpatrick17k,fitz_1035f09922e702b21f1650279ff4a0ab,dark,5,benign
1,0.25411486625671387,1,fitzpatrick17k,fitz_673e2daccb06374f11b9bf5110fb9550,medium,4,malignant
1,0.7117134928703308,1,fitzpatrick17k,fitz_3e9e422aca2163c9c46222bd6517432f,medium,4,malignant
1,0.7626800537109375,1,fitzpatrick17k,fitz_ee55ddd3005fc2d998337343c5da8be5,medium,3,malignant
1,0.8976072072982788,1,fitzpatrick17k,fitz_32f9baf164c8c1ced611cba6def3b2d8,medium,3,malignant
0,0.6207822561264038,1,fitzpatrick17k,fitz_a062bfcbf1ae9d598ad9848f93b3d8e3,medium,3,benign
1,0.9085006713867188,1,fitzpatrick17k,fitz_dec2d1ae044897a3eae71fae8a9bc154,medium,4,malignant
1,0.8576264381408691,1,fitzpatrick17k,fitz_40b9006b90679ab5560ebe3ce1a589a1,light,2,malignant
1,0.7695560455322266,1,fitzpatrick17k,fitz_b41744abc102ddd0ff8cc3b44ad39b01,dark,5,malignant
1,0.7787186503410339,1,fitzpatrick17k,fitz_296ec4776e89a65ce8e262ed545ed4bb,medium,4,malignant
0,0.7072840929031372,1,fitzpatrick17k,fitz_3f0c7f7661b1866339142aa830c3ca7e,dark,5,benign
1,0.6850553154945374,1,fitzpatrick17k,fitz_09890e72772d3ca35764342f06c15281,dark,5,malignant
1,0.7638493180274963,1,fitzpatrick17k,fitz_ebd661169e9b0dd0fdc2c0e7ac940a43,medium,4,malignant
0,0.7421450018882751,1,fitzpatrick17k,fitz_d13f055c1cee6e49064e786901a6a2fe,medium,3,benign
1,0.79462069272995,1,fitzpatrick17k,fitz_ffd7f005115373b98a9a19ebae1ee863,medium,3,malignant
1,0.8815317153930664,1,fitzpatrick17k,fitz_edf35e6b539a3e45719abf48ea368744,light,2,malignant
0,0.8853572010993958,1,fitzpatrick17k,fitz_7f3b68d20e7808a70f81e5e9e5e53908,medium,3,benign
1,0.7900474667549133,1,fitzpatrick17k,fitz_b0595057ec163a15e2f19596e609b505,dark,5,malignant
0,0.6762982606887817,1,fitzpatrick17k,fitz_4318855fe96f387a94755b9c1bd9c558,medium,3,benign
0,0.8942019939422607,1,fitzpatrick17k,fitz_3c5d787717c16f2982da3d2895219756,medium,4,benign
1,0.8125577569007874,1,fitzpatrick17k,fitz_e89c3964e21e13fbd832f844f6a2bc6e,medium,3,malignant
1,0.7946668863296509,1,fitzpatrick17k,fitz_4f6a5613c13cc3956c17aef8248afca4,light,2,malignant
1,0.7933340072631836,1,fitzpatrick17k,fitz_2c67bb33d774f18d4ddec29f0147e08a,medium,3,malignant
0,0.7963442802429199,1,fitzpatrick17k,fitz_29a5a58978fd6d98aaf9c55253bb8444,light,2,benign
1,0.7688988447189331,1,fitzpatrick17k,fitz_d07c72725b477a834d439eef3450d830,medium,3,malignant
0,0.8022265434265137,1,fitzpatrick17k,fitz_3cad5987e866f996065cce3887d5f309,medium,4,benign
1,0.8282222151756287,1,fitzpatrick17k,fitz_bd70e00d188e7ef98bf9e7edaaff752e,medium,3,malignant
1,0.7745898962020874,1,fitzpatrick17k,fitz_a15b63b8b1cbecfb8f88fc766b204b9f,medium,3,malignant
0,0.6098160743713379,1,fitzpatrick17k,fitz_3fea7ef3b544f4e5a8cfc3a6e4ce70c2,medium,4,benign
0,0.725951611995697,1,fitzpatrick17k,fitz_ae533866f580d4c8e99972015cc16482,light,2,benign
1,0.9102649688720703,1,fitzpatrick17k,fitz_ee9728f1e771a1922abe13af66282b41,light,1,malignant
1,0.7979725003242493,1,fitzpatrick17k,fitz_a50b0037bf32e070914a5740f8db7a8b,dark,6,malignant
0,0.742211639881134,1,fitzpatrick17k,fitz_67f3fd31b44095d4a74fbe9a08f47ff2,medium,4,benign
1,0.8628789782524109,1,fitzpatrick17k,fitz_23733ccaf3cc5d720585930f3ac1b7e1,medium,3,malignant
0,0.8071249127388,1,fitzpatrick17k,fitz_0dfef32f62e52aa8133b7434ab2aed56,light,2,benign
0,0.7352441549301147,1,fitzpatrick17k,fitz_e7b64e348cdf955f7910cbd044ddaf31,medium,4,benign
1,0.20422975718975067,1,fitzpatrick17k,fitz_d04699fc9e876ddd627d102570694a0c,medium,3,malignant
0,0.8758910894393921,1,fitzpatrick17k,fitz_e7d8041456e4bd33b3278835e6f8aa82,light,2,benign
1,0.7548372745513916,1,fitzpatrick17k,fitz_d2506151428601cd8566330c781f82e0,medium,3,malignant
0,0.7493793368339539,1,fitzpatrick17k,fitz_a7b369363d6ef8a79b56bdb8629214f9,medium,4,benign
1,0.7991496920585632,1,fitzpatrick17k,fitz_ddb15beb69fc4276b74a948a00eed2c8,medium,4,malignant
0,0.8839596509933472,1,fitzpatrick17k,fitz_4321628c680d97fc661d86f1522b82c2,medium,3,benign
1,0.9001145958900452,1,fitzpatrick17k,fitz_c1dd528ef78088a6a2d2a6caf7913fdd,light,2,malignant
1,0.7691239714622498,1,fitzpatrick17k,fitz_5f5834848e3b14da13ede7598b0d644b,medium,3,malignant
0,0.7394882440567017,1,fitzpatrick17k,fitz_1c3062d54736f7f956f4764021f4dfbb,dark,5,benign
1,0.7513617873191833,1,fitzpatrick17k,fitz_8aafd44ba6e441f308962a6844c60b66,medium,3,malignant
0,0.8272811770439148,1,fitzpatrick17k,fitz_0e2a24d28767bea1a4a37d1c6a4d4f31,medium,3,benign
1,0.8771528005599976,1,fitzpatrick17k,fitz_219e480ba14792d239a27406ecd87cbb,light,1,malignant
0,0.22456826269626617,1,fitzpatrick17k,fitz_6659ec026b3e414caa2a5eae68420af7,dark,5,benign
0,0.6777018308639526,1,fitzpatrick17k,fitz_ad2b7dbf614fefe443c43c66aa8a9c01,medium,3,benign
1,0.8058581948280334,1,fitzpatrick17k,fitz_032b3adb839c23047aedc87707ff978e,dark,5,malignant
0,0.7419782876968384,1,fitzpatrick17k,fitz_5478f8cd73550540ee5bea104283b127,medium,4,benign
1,0.7675178647041321,1,fitzpatrick17k,fitz_fe0d0f2a52c0dd67cdeef523867e4a0b,medium,4,malignant
0,0.7905991673469543,1,fitzpatrick17k,fitz_f8e06f1415d340c7de7d37bfa5119d88,medium,3,benign
0,0.9143487811088562,1,fitzpatrick17k,fitz_d7a3f8815bbe6291f72016de0d4a74d9,light,2,benign
1,0.7894527316093445,1,fitzpatrick17k,fitz_0a8c508e4a72587b6907f48157aade40,medium,3,malignant
1,0.7905479073524475,1,fitzpatrick17k,fitz_a49c0cf6f345b780d831a6190299fc23,light,1,malignant
0,0.7639060616493225,1,fitzpatrick17k,fitz_b2ac57db2a7c0162ce96690f98d67bc0,dark,5,benign
1,0.7761959433555603,1,fitzpatrick17k,fitz_6c44eaf42cb3c29b2aa888048e980dcf,medium,4,malignant
1,0.8833581209182739,1,fitzpatrick17k,fitz_439bb574cde699bdfba6fdb28e2a79ef,light,2,malignant
1,0.729432225227356,1,fitzpatrick17k,fitz_6dd76797185a717715a04206f5151d8f,dark,6,malignant
1,0.8450796008110046,1,fitzpatrick17k,fitz_518264d189db5695195a516892b7a3f0,light,2,malignant
1,0.8153915405273438,1,fitzpatrick17k,fitz_77600e56f1cbfff3637dc43c4d8c44f0,light,1,malignant
1,0.729828953742981,1,fitzpatrick17k,fitz_ab6f88d273564516c297046fe9ad1c81,dark,5,malignant
1,0.6764602065086365,1,fitzpatrick17k,fitz_89867feafae04841becf921893861722,dark,5,malignant
1,0.7281097769737244,1,fitzpatrick17k,fitz_829287721009574e474169c48068f412,medium,3,malignant
1,0.8028322458267212,1,fitzpatrick17k,fitz_8ba5d48405d01accc3a218693a049ae9,medium,4,malignant
0,0.22106808423995972,1,fitzpatrick17k,fitz_bc3500ccd85dc7cb5187a997ceaa6013,medium,4,benign
1,0.8596720695495605,1,fitzpatrick17k,fitz_19e7cad902144cb742b342bb82b395eb,light,2,malignant
1,0.8996694684028625,1,fitzpatrick17k,fitz_dbc4723c22330a15613ebc8281d4565a,light,2,malignant
0,0.78304123878479,1,fitzpatrick17k,fitz_66f84860d3920287b8093d95dd49162a,medium,4,benign
1,0.893873929977417,1,fitzpatrick17k,fitz_3d921ce5a4bb73bebf7f3200257a74c4,medium,3,malignant
1,0.7996019721031189,1,fitzpatrick17k,fitz_de2fe2ef59eae8ce0633efc84d0baef3,medium,3,malignant
1,0.8215286731719971,1,fitzpatrick17k,fitz_038072ab255ee58d9e2d0fd10be20648,dark,5,malignant
0,0.35239648818969727,1,fitzpatrick17k,fitz_a741bce58cf478035b530343f1bd0646,medium,4,benign
1,0.7843955755233765,1,fitzpatrick17k,fitz_0393b043e435e566657cf7d61879026c,dark,5,malignant
1,0.7634251117706299,1,fitzpatrick17k,fitz_e38dca5f81f4a14dd13a567fc12db728,medium,3,malignant
1,0.8420270085334778,1,fitzpatrick17k,fitz_bdea9a2f7ab80e98881388dcf36424e9,light,1,malignant
1,0.8158509731292725,1,fitzpatrick17k,fitz_12cbe66e3a99633092732daf3351b3c2,medium,4,malignant
1,0.7957574129104614,1,fitzpatrick17k,fitz_e3c75365688405c937c460e674b37a7b,medium,4,malignant
1,0.801271378993988,1,fitzpatrick17k,fitz_2e9a44d7373e97c682c937249b38d622,medium,3,malignant
0,0.7577670216560364,1,fitzpatrick17k,fitz_7acc9f417f48b3e9d7407bb5257a350f,medium,4,benign
0,0.6489339470863342,1,fitzpatrick17k,fitz_3be5d580b67406152ee65b85d465db27,medium,4,benign
0,0.7202921509742737,1,fitzpatrick17k,fitz_71c4a09c45f80499f9ad30f80c88aeec,light,2,benign
0,0.7968625426292419,1,fitzpatrick17k,fitz_82f3238e5f8ffd2e01ff93a7f5f50442,medium,4,benign
0,0.7675125002861023,1,fitzpatrick17k,fitz_72a3f43f9ce99eb3a50a57d4c433ad1d,medium,3,benign
0,0.754601001739502,1,fitzpatrick17k,fitz_055e1c055b30cd061a01440a5c1ea26c,medium,3,benign
1,0.8308420181274414,1,fitzpatrick17k,fitz_e83a91547ae74f206135f5b5fff97b0e,light,1,malignant
0,0.5312989354133606,1,fitzpatrick17k,fitz_c51c8a600fe6106f11259769cd416b08,light,2,benign
1,0.5068923234939575,1,fitzpatrick17k,fitz_da7e80637a238753e452ad229e578f7a,medium,3,malignant
1,0.3848104774951935,1,fitzpatrick17k,fitz_d2e964c0ea88db1b47f3a4dca86a6ebd,medium,4,malignant
1,0.7015682458877563,1,fitzpatrick17k,fitz_f4048596275ae97f09ab436b6f568cca,medium,3,malignant
1,0.9563801288604736,1,fitzpatrick17k,fitz_951300e7c91d96b37e90e00932a7722b,light,1,malignant
1,0.7192773222923279,1,fitzpatrick17k,fitz_47fdee8c6edf33214c50371b27554356,medium,4,malignant
0,0.8049624562263489,1,fitzpatrick17k,fitz_5685fad9bba488a5dc410038a15a4972,dark,6,benign
1,0.5915584564208984,1,fitzpatrick17k,fitz_e49241d66b386c9dacfcb585c3344656,light,2,malignant
1,0.7945159077644348,1,fitzpatrick17k,fitz_889a8ed4164c01992b4981e78597a29a,dark,5,malignant
1,0.6969589591026306,1,fitzpatrick17k,fitz_de608b752927ceeabb7bac264a52942d,medium,4,malignant
1,0.6846731901168823,1,fitzpatrick17k,fitz_6c17d9fbcaad3e4db96f91d00618bec5,medium,3,malignant
0,0.6468930244445801,1,fitzpatrick17k,fitz_3b857a6099ad337af98808486eb39ec5,dark,5,benign
1,0.7212201356887817,1,fitzpatrick17k,fitz_8d174b4b3e6f130f7e3d337a7c441b55,dark,5,malignant
0,0.47234776616096497,1,fitzpatrick17k,fitz_bfeeff0ed90def231162cac66c3d025d,medium,4,benign
0,0.33537912368774414,1,fitzpatrick17k,fitz_7a1e80752dc0c647160ab12c6a1393db,medium,4,benign
1,0.7915996313095093,1,fitzpatrick17k,fitz_53f7dbf331f5eee075a7ad7d14eb6733,medium,4,malignant
1,0.9070262908935547,1,fitzpatrick17k,fitz_b394018dd777aaf58edc5504b52ed1b7,light,2,malignant
1,0.9160134792327881,1,fitzpatrick17k,fitz_079f0432663b4144b93a6a0403fd21ff,medium,3,malignant
1,0.7815624475479126,1,fitzpatrick17k,fitz_a1a91e5816abf987e5fdcfba5b50cb94,light,1,malignant
1,0.8874524831771851,1,fitzpatrick17k,fitz_2e9c2d4e42018e864eb1d487ffa67b1c,medium,3,malignant
1,0.7893099784851074,1,fitzpatrick17k,fitz_a646b94f0637b904e4becca57a2dc26f,light,2,malignant
1,0.7002362608909607,1,fitzpatrick17k,fitz_50bb16c1bfa029e80a55ce64149f3338,dark,5,malignant
1,0.7558693885803223,1,fitzpatrick17k,fitz_78f51ee62e0dfefc87761b95ff662334,medium,3,malignant
1,0.8347206115722656,1,fitzpatrick17k,fitz_20851c52ed096af52a69bb5a2670c505,light,2,malignant
0,0.8804896473884583,1,fitzpatrick17k,fitz_42f27c8b4b58fb34592ae57811e8f6ff,medium,4,benign
1,0.6814233064651489,1,fitzpatrick17k,fitz_523b2be73e6902a39f0f44996e8cc60f,medium,4,malignant
0,0.7827540636062622,1,fitzpatrick17k,fitz_880e841479be24b7569923e9e4b82ecd,medium,3,benign
0,0.8771742582321167,1,fitzpatrick17k,fitz_5ba6e729a29e8a2fbab55a9bcec3f942,medium,4,benign
1,0.9208508729934692,1,fitzpatrick17k,fitz_1cfd4183faea0843fb7be3e3c106c943,medium,3,malignant
1,0.8616374135017395,1,fitzpatrick17k,fitz_ac82b001c4a7158056790b014728b5e9,medium,4,malignant
1,0.7961136102676392,1,fitzpatrick17k,fitz_5c401681eb1b373ce9d20a8bb1b29422,medium,3,malignant
1,0.8083903789520264,1,fitzpatrick17k,fitz_c3994c3b7fc8f7f537ce70972618c80d,light,2,malignant
0,0.5355167984962463,1,fitzpatrick17k,fitz_5ca94c02d89651613468462514c5d23b,medium,4,benign
1,0.8595181107521057,1,fitzpatrick17k,fitz_b02895e0d729c9bcecaed2ee070cada9,medium,4,malignant
1,0.9206203818321228,1,fitzpatrick17k,fitz_c5ebb84482a21015073cebc37b31f515,medium,3,malignant
0,0.7260953783988953,1,fitzpatrick17k,fitz_97e86e483f1a77f93c7791310d4687bd,medium,3,benign
0,0.6124367713928223,1,fitzpatrick17k,fitz_5135dffa4beff7723c875860c0c2d3da,medium,4,benign
1,0.7142826318740845,1,fitzpatrick17k,fitz_3bf3afa6c145d67e06f6e839b1699a2d,light,2,malignant
0,0.7683926820755005,1,fitzpatrick17k,fitz_bcf05850a0b064f29cc22f372d9781fd,dark,5,benign
1,0.9396588802337646,1,fitzpatrick17k,fitz_e668628ce95135ab58957a41687fa659,light,1,malignant
1,0.795813798904419,1,fitzpatrick17k,fitz_e668f37499adaead040d7d893e778cc7,medium,4,malignant
1,0.7823183536529541,1,fitzpatrick17k,fitz_45a0207eae8a4305c1030a9ead023953,medium,3,malignant
1,0.8410069942474365,1,fitzpatrick17k,fitz_06c7baa22fc3647a98fc8fe2e2985a77,medium,4,malignant
1,0.8714928030967712,1,fitzpatrick17k,fitz_cc51c6979e02359fea44e4c7eeb4aee5,medium,3,malignant
1,0.917948305606842,1,fitzpatrick17k,fitz_83167c5a26bd4a459c381834ecf97558,light,1,malignant
1,0.9088191390037537,1,fitzpatrick17k,fitz_019fde7f8b6aa85f6f0a653707d9aa06,medium,3,malignant
1,0.8078140020370483,1,fitzpatrick17k,fitz_54aa2f1bf36b27de991db5cd358bde06,light,2,malignant
1,0.8473606109619141,1,fitzpatrick17k,fitz_c78072771a39d4d94d0430cf8ec6dab3,medium,4,malignant
0,0.7875282764434814,1,fitzpatrick17k,fitz_134bcfe8b9319c3ebb60bbc560d1c524,medium,4,benign
1,0.7622675895690918,1,fitzpatrick17k,fitz_a37ed02cd54e4b530341f7587d4e444a,dark,5,malignant
1,0.8826876282691956,1,fitzpatrick17k,fitz_1b9d4701b4884dc00f912219e0ab2efb,medium,3,malignant
1,0.7718487977981567,1,fitzpatrick17k,fitz_d1ea3ea5e8908baf46fc72644eda51c4,light,2,malignant
1,0.6360677480697632,1,fitzpatrick17k,fitz_5a6480d3594d735eedf67a29281a1819,light,2,malignant
1,0.7443933486938477,1,fitzpatrick17k,fitz_dc84ce6b158006be88a8b1e4c0d86e99,light,2,malignant
1,0.8345008492469788,1,fitzpatrick17k,fitz_938528c2ba772fc83832aeca85171cf2,light,1,malignant
1,0.81288081407547,1,fitzpatrick17k,fitz_4ab6234ead6b243165c53ad33b708d12,medium,3,malignant
1,0.8755759596824646,1,fitzpatrick17k,fitz_d4e34cb55c84345465f5e931ec4e014e,light,2,malignant
0,0.8826651573181152,1,fitzpatrick17k,fitz_3d693b5d710cf6126a29e900f0eb7125,light,1,benign
1,0.8349835276603699,1,fitzpatrick17k,fitz_442efb92b5f59923668f0d2e6316b9cb,medium,4,malignant
1,0.8142169117927551,1,fitzpatrick17k,fitz_794572175ce2487d073bcbd2d62f2743,medium,4,malignant
0,0.7203859090805054,1,fitzpatrick17k,fitz_b6c5a69dcf3aa856c31aecf6b87aaacb,light,2,benign
0,0.8297206163406372,1,fitzpatrick17k,fitz_66617b242abb82dcd77cf73970510afa,medium,3,benign
1,0.8122054934501648,1,fitzpatrick17k,fitz_de24cc0b5dc20eccdd67e7a60c8a1fa9,medium,4,malignant
0,0.8128745555877686,1,fitzpatrick17k,fitz_12beadf56d598891e58be517f3120d2c,medium,3,benign
1,0.749634325504303,1,fitzpatrick17k,fitz_e789130a814619c1773eef86435153aa,dark,6,malignant
1,0.9176858067512512,1,fitzpatrick17k,fitz_b3bc16cf6e0ce8cc7ee9a78ad45d0617,light,2,malignant
0,0.8326612114906311,1,fitzpatrick17k,fitz_6d26c54ea783d44f038562bfacbe4043,dark,5,benign
0,0.8082547783851624,1,fitzpatrick17k,fitz_fcc3d381d95a1130b70b6bffa8b0dd47,light,2,benign
1,0.8531376123428345,1,fitzpatrick17k,fitz_2b0732e27770e1466ef1a3d918353a69,light,2,malignant
1,0.6681516170501709,1,fitzpatrick17k,fitz_e21ff65f31ffeeca1910c2534ae06649,medium,3,malignant
1,0.8029435276985168,1,fitzpatrick17k,fitz_e10a18206ceaefd148ed1fec42054dd4,light,2,malignant
1,0.6546587944030762,1,fitzpatrick17k,fitz_15ab45bcef4ca5f5ddf2d4305a14f885,medium,3,malignant
1,0.8921329975128174,1,fitzpatrick17k,fitz_06c312978164d6cc204751b5d7bea2f8,medium,3,malignant
0,0.8429533243179321,1,fitzpatrick17k,fitz_a96d9f9d604ecca87d59aa89aa84c00a,medium,3,benign
1,0.7973425984382629,1,fitzpatrick17k,fitz_01ba602def4506d8bfd5900cccd2ab4d,light,2,malignant
1,0.8707603216171265,1,fitzpatrick17k,fitz_2e528f4e19ba089633b9ab5ad9719536,medium,3,malignant
1,0.7292429208755493,1,fitzpatrick17k,fitz_1d78d91cb196cb45b40c615cbf7a94ff,medium,4,malignant
0,0.7474552392959595,1,fitzpatrick17k,fitz_3fb2b0295e4378c9fda9bdab2d9d1b01,dark,5,benign
1,0.8941289782524109,1,fitzpatrick17k,fitz_6ed58ed2e4c8b378493cd5766f7bad56,medium,4,malignant
0,0.7227179408073425,1,fitzpatrick17k,fitz_2373ea63f44bba2e99c3e0694e868b6c,dark,5,benign
0,0.7741687893867493,1,fitzpatrick17k,fitz_06e4ac87a74875f48981ee83302f64b5,medium,4,benign
0,0.8022481203079224,1,fitzpatrick17k,fitz_782b4fbbebe47fc5535187b65d0b96b7,light,2,benign
1,0.7216006517410278,1,fitzpatrick17k,fitz_98280785c17860f879d21525a92af31f,medium,4,malignant
1,0.6560211181640625,1,fitzpatrick17k,fitz_972f4b68ef802a2cda7cae086253df3f,dark,5,malignant
1,0.7211042046546936,1,fitzpatrick17k,fitz_688ac2ba9aff76f589c14be2813f9d5f,medium,4,malignant
1,0.86152583360672,1,fitzpatrick17k,fitz_0e9e79e3884112fdccf813ffebd698ea,medium,3,malignant
1,0.8048548698425293,1,fitzpatrick17k,fitz_e2ec3ed300a3bae68e03b1a3f5992c5f,dark,5,malignant
0,0.7031077742576599,1,fitzpatrick17k,fitz_db23f9569e48847986a56b9f015cab17,medium,4,benign
0,0.6669582724571228,1,fitzpatrick17k,fitz_b78caa3aa59d46b632ea17237b3eac54,medium,3,benign
1,0.8193763494491577,1,fitzpatrick17k,fitz_41af89709e2ded0b92e2c6bf0787cb13,medium,3,malignant
1,0.7900658845901489,1,fitzpatrick17k,fitz_6c83bef6f525b8734ecdbd9dd5f0e822,medium,3,malignant
1,0.8705596923828125,1,fitzpatrick17k,fitz_4517c65b158e114b9f6326c027d5e0e7,light,1,malignant
0,0.671798050403595,1,fitzpatrick17k,fitz_9a4af186bb85056292ff83dafe1c0dd6,dark,5,benign
1,0.8836138248443604,1,fitzpatrick17k,fitz_9d83cf9b9cc4a03580de63b62ea2a8f0,medium,4,malignant
1,0.9261749982833862,1,fitzpatrick17k,fitz_bc17b2b80667945dbbc470f72b152900,light,2,malignant
1,0.710048496723175,1,fitzpatrick17k,fitz_4abcc083990e6408c7936f204a913a81,medium,4,malignant
1,0.837590754032135,1,fitzpatrick17k,fitz_692291fbe26955598d023a64256383dd,medium,3,malignant
0,0.8837110996246338,1,fitzpatrick17k,fitz_269b46501e3c6c5d5dcef164a2293698,medium,3,benign
1,0.8097127676010132,1,fitzpatrick17k,fitz_c50113547f82a9ad4d3ce4dc0972a698,medium,3,malignant
1,0.7527701258659363,1,fitzpatrick17k,fitz_230294f2e89a02e283b518e42450ea46,medium,3,malignant
1,0.8350609540939331,1,fitzpatrick17k,fitz_1aec33dc780057f576a8064deffe9cc8,medium,3,malignant
1,0.8276163339614868,1,fitzpatrick17k,fitz_a9789ebba82857c54345e95b0f1a5694,medium,3,malignant
1,0.534610390663147,1,fitzpatrick17k,fitz_c69b810bbe5c2eb7785daa9af3f2b5f8,dark,5,malignant
0,0.7773210406303406,1,fitzpatrick17k,fitz_acc320bf2c87c4239617cb186785c4dd,medium,3,benign
1,0.8594580292701721,1,fitzpatrick17k,fitz_3b0a85962bfea9a937d4619ef7e3ea37,light,2,malignant
1,0.7582265734672546,1,fitzpatrick17k,fitz_0e802991cd0257f69f62adedb41152f8,medium,3,malignant
1,0.7303701043128967,1,fitzpatrick17k,fitz_67266657fb927c2a00a1da2ac535a3ce,medium,3,malignant
1,0.8945881724357605,1,fitzpatrick17k,fitz_989def5053f967a52780018e95c65b09,light,2,malignant
0,0.49141278862953186,1,fitzpatrick17k,fitz_08e6d0fd9521a1f97930f81ab511a0ab,medium,3,benign
1,0.8289649486541748,1,fitzpatrick17k,fitz_5e7d0cf1d8901eea8361b2be45a6fec2,medium,4,malignant
1,0.7932804226875305,1,fitzpatrick17k,fitz_67c9271813f07f5311e2cb435a817403,light,2,malignant
0,0.6965088844299316,1,fitzpatrick17k,fitz_c3aa1c21ff0bb61356d49b1006381e90,medium,3,benign
1,0.7499679923057556,1,fitzpatrick17k,fitz_6c11f4d55463565511ddc7596bf004ca,light,2,malignant
1,0.6634830236434937,1,fitzpatrick17k,fitz_11192bb0867db84d2a2ab4a8cf99a230,medium,4,malignant
0,0.4624546766281128,1,fitzpatrick17k,fitz_5f15a814cc5a6ca1db94f5f8c6a14832,medium,3,benign
0,0.7032765746116638,1,fitzpatrick17k,fitz_495130692b7ed3c7f9397d9c76e225e3,light,2,benign
1,0.9001368880271912,1,fitzpatrick17k,fitz_63d45ab797b56c3f56e8b4bb32d4aac1,light,2,malignant
1,0.8816682696342468,1,fitzpatrick17k,fitz_99c3570d8e954271883159615e7ccbff,light,1,malignant
1,0.5347582101821899,1,fitzpatrick17k,fitz_94d33e3e531660ec7b4ce779083cc1b3,dark,5,malignant
1,0.734799861907959,1,fitzpatrick17k,fitz_67deaaed2a283f6cb162a5ce45f67f7f,medium,3,malignant
1,0.8645241260528564,1,fitzpatrick17k,fitz_3f5585b2050389844a621e34f98dc191,light,2,malignant
1,0.7461625337600708,1,fitzpatrick17k,fitz_b7ff367d07ee32101f5188a34cc142ab,dark,5,malignant
1,0.666631817817688,1,fitzpatrick17k,fitz_170c87c679d5e29b4040d544d8887fa3,medium,4,malignant
1,0.7484882473945618,1,fitzpatrick17k,fitz_62def66062d6648a61d4003c4b8ddfd2,medium,4,malignant
1,0.9085215926170349,1,fitzpatrick17k,fitz_fb286549b06d7db25a7edb78c8287cf4,light,2,malignant
1,0.7400510907173157,1,fitzpatrick17k,fitz_c6a917a5d74ab6def73579084f791251,medium,3,malignant
1,0.7613508701324463,1,fitzpatrick17k,fitz_fd1fa18a3033459631670d50b9b5bfc9,medium,4,malignant
1,0.8541081547737122,1,fitzpatrick17k,fitz_43a4b56ad73ed20ddb1d5936ec77bde8,light,2,malignant
1,0.7147849798202515,1,fitzpatrick17k,fitz_9163c0dc32069e063ef96a82941cccb3,dark,5,malignant
0,0.8661831021308899,1,fitzpatrick17k,fitz_bcee3f63a75e96ba6863ca4ee9544fe7,medium,4,benign
1,0.4838905334472656,1,fitzpatrick17k,fitz_675abb915f8549449ff6e68bb7d44879,medium,4,malignant
1,0.749437689781189,1,fitzpatrick17k,fitz_cd2ce2950537aa3b8996035ead991d2b,medium,3,malignant
0,0.6805018782615662,1,fitzpatrick17k,fitz_3ecd654669814c956f4dfc5a96c2c710,light,2,benign
1,0.7887328863143921,1,fitzpatrick17k,fitz_91865b45a367c49a4ee9d990322d4947,medium,4,malignant
1,0.8675882816314697,1,fitzpatrick17k,fitz_2dc34fb7e56f2bf55abb42e76f164eaa,medium,3,malignant
0,0.6542824506759644,1,fitzpatrick17k,fitz_cb6e87b6174f470f8e303f7ddefad7f5,medium,4,benign
1,0.8777400255203247,1,fitzpatrick17k,fitz_b18b6e010b16dcee28deb5160b13b1e1,light,1,malignant
1,0.7286278009414673,1,fitzpatrick17k,fitz_91c13b3c952550f97adc320b51b10557,dark,6,malignant
0,0.2790850102901459,1,fitzpatrick17k,fitz_1092acf28a8180d8dad85e634a9bddca,medium,4,benign
1,0.7728884816169739,1,fitzpatrick17k,fitz_d01ee1734e42fb0e876e2b872d0e1145,light,2,malignant
0,0.7265589237213135,1,fitzpatrick17k,fitz_04601797e5ed66f335c11ed3bec4a33f,medium,3,benign
1,0.8343959450721741,1,fitzpatrick17k,fitz_f6d1989ae192d7906a36dc2fca793ad8,light,2,malignant
0,0.8014018535614014,1,fitzpatrick17k,fitz_bbca2441e0c4ab4833a5796a9b9da0e4,medium,4,benign
1,0.8558087944984436,1,fitzpatrick17k,fitz_61dc5a89e18cc03cdc9594a18bfe3c84,medium,3,malignant
1,0.8235558271408081,1,fitzpatrick17k,fitz_90606b9f69738c8a03151403d200b8f6,medium,4,malignant
1,0.7288565039634705,1,fitzpatrick17k,fitz_5532bbc902f5d50f6f8a972016bcf04f,medium,3,malignant
1,0.8907678127288818,1,fitzpatrick17k,fitz_42ca868d015f5b088e3bfbd28db1621f,light,1,malignant
0,0.8050845265388489,1,fitzpatrick17k,fitz_59cec610d77760c3dd5033b39e41f11b,medium,4,benign
1,0.8767997622489929,1,fitzpatrick17k,fitz_45119bcf9dab198dfdfa04b14736c240,light,2,malignant
0,0.6779491305351257,1,fitzpatrick17k,fitz_fae9e45f33c9d86f911a3d41d9c19145,medium,3,benign
1,0.7598655819892883,1,fitzpatrick17k,fitz_29a86d89608e63ccfc57b1e40c827ead,medium,4,malignant
1,0.7933608293533325,1,fitzpatrick17k,fitz_185942f8efd8a8c00a3b7b42096f458b,medium,4,malignant
0,0.8140063285827637,1,fitzpatrick17k,fitz_6330887be78f8bc98a84e854d71f1500,light,2,benign
1,0.8654490113258362,1,fitzpatrick17k,fitz_a1d96dfd1897917119021000c1f9a5af,dark,6,malignant
1,0.2042672336101532,1,fitzpatrick17k,fitz_a8f9762b6db1471fb8afc442b9511ffb,medium,4,malignant
1,0.7993211150169373,1,fitzpatrick17k,fitz_a635c175e16ecb941617a1f263139b95,light,2,malignant
1,0.8262219429016113,1,fitzpatrick17k,fitz_9220d313606d63dfbcfdf77eed378706,light,1,malignant
1,0.877422571182251,1,fitzpatrick17k,fitz_275c30d6007c0e989da6e99f899ac20b,light,2,malignant
0,0.873691737651825,1,fitzpatrick17k,fitz_7f936d161d0a8a1b7c48cd5d962ef8fd,medium,3,benign
1,0.8380825519561768,1,fitzpatrick17k,fitz_ebcf2b50dd943c700d4e2b586fcd4425,medium,3,malignant
0,0.9026378393173218,1,fitzpatrick17k,fitz_b7d391980d000b2fcbca290eeb5f5259,medium,3,benign
0,0.8325281739234924,1,fitzpatrick17k,fitz_d33328de12a115bd7bf92448b3b1226f,light,1,benign
1,0.7419106364250183,1,fitzpatrick17k,fitz_daf718978f62033d239c595e96ad3d2c,dark,5,malignant
1,0.8181362748146057,1,fitzpatrick17k,fitz_40abd94119ad5fbeabd6ae00e30e31f7,light,2,malignant
1,0.833669900894165,1,fitzpatrick17k,fitz_7912ab0cf1c1a04708f78e68ebee8d34,light,2,malignant
0,0.7675386667251587,1,fitzpatrick17k,fitz_97ffa3d56134d487c288543ad391d69c,light,2,benign
1,0.7571845054626465,1,fitzpatrick17k,fitz_11f45cfda08e482b02f52701a461e4aa,medium,3,malignant
1,0.8467349410057068,1,fitzpatrick17k,fitz_998ab155036c1e9bee491e7f41eb629b,medium,4,malignant
1,0.8080430626869202,1,fitzpatrick17k,fitz_943a5ffcd4da3122732edad290533470,light,2,malignant
1,0.8168261647224426,1,fitzpatrick17k,fitz_49ed416e5f1dc646ecbaf99b23b48095,dark,5,malignant
0,0.7593217492103577,1,fitzpatrick17k,fitz_d4503411ed629b1252df949d73aa92ff,medium,4,benign
1,0.8333420753479004,1,fitzpatrick17k,fitz_92f71aa41edaac6d11d0925d5ec994d9,light,2,malignant
0,0.8046433329582214,1,fitzpatrick17k,fitz_8171656ab84e8f8eb5d6b7c44642f89c,dark,5,benign
0,0.8391505479812622,1,fitzpatrick17k,fitz_475493f9fa81df7666624f50794dba9f,light,2,benign
1,0.8037408590316772,1,fitzpatrick17k,fitz_65d7f6ef4187b24c02db53515fe5f211,light,2,malignant
0,0.8104013800621033,1,fitzpatrick17k,fitz_bd9e71da00c67268e4fda4c56c0361c1,medium,4,benign
0,0.4900972247123718,1,fitzpatrick17k,fitz_7c7e878d6ee134d0734e8e3cb04fc1ea,medium,3,benign
1,0.8270164132118225,1,fitzpatrick17k,fitz_849d862189a58f44a063ee6ba1a80b1b,dark,5,malignant
1,0.9318927526473999,1,fitzpatrick17k,fitz_513d69c21897a5244aa85b6fa7a913aa,medium,3,malignant
1,0.6128242611885071,1,fitzpatrick17k,fitz_78617b5fb730ea6627b7a7227f6a06e4,light,2,malignant
1,0.8555243611335754,1,fitzpatrick17k,fitz_ed74e39835213d0c79153d9dcd40b168,light,1,malignant
1,0.7975429892539978,1,fitzpatrick17k,fitz_064f39810e82e6097f9c187f003ede0a,medium,4,malignant
1,0.7893350124359131,1,fitzpatrick17k,fitz_f8ec3bff30f0f39568125ed1c2d00a49,light,2,malignant
1,0.5319088697433472,1,fitzpatrick17k,fitz_7cd7825d7ff3127c85ae8be0b036c8f7,medium,4,malignant
0,0.6893976926803589,1,fitzpatrick17k,fitz_ed884aa172df9b81c9b45d2f38eefdaa,light,2,benign
1,0.8878732919692993,1,fitzpatrick17k,fitz_707cbcb88cb5e11bbe3de751fbc459ef,light,2,malignant
1,0.4816325306892395,1,fitzpatrick17k,fitz_17beac6823fd7ec2303d5b030a536fca,light,2,malignant
1,0.8543819189071655,1,fitzpatrick17k,fitz_ab4128570af871732f2fd5f986d8a4fc,light,2,malignant
0,0.49349361658096313,1,fitzpatrick17k,fitz_2ecf3527cc84f9669aaa132a1662a5c1,dark,5,benign
1,0.8592935800552368,1,fitzpatrick17k,fitz_d14d5a7d516cc6e2142e2da1d7bd4af1,light,2,malignant
1,0.7519658803939819,1,fitzpatrick17k,fitz_9aced25f0da2ff491cf0da3fee0a8f3c,light,2,malignant
1,0.7968938946723938,1,fitzpatrick17k,fitz_1ab04144c59873b97ebd997839bf3960,light,1,malignant
1,0.8905974626541138,1,fitzpatrick17k,fitz_7e13446fb580d526839610d24614b93d,medium,3,malignant
0,0.7282001376152039,1,fitzpatrick17k,fitz_6afb94915e7935b5a4b0c1cee7bde806,medium,4,benign
1,0.6538010835647583,1,fitzpatrick17k,fitz_801a5e586bc2c8cd9fc5825e1cbb8570,light,2,malignant
0,0.5833571553230286,1,fitzpatrick17k,fitz_9902aff379c7e84d797c4ea49c697137,medium,4,benign
1,0.8298615217208862,1,fitzpatrick17k,fitz_859294df6ca2e49a675d48cedcdd3988,medium,3,malignant
1,0.8677593469619751,1,fitzpatrick17k,fitz_a7eb5a64037cd181a6f68af0b7b1ed02,light,1,malignant
1,0.7323375940322876,1,fitzpatrick17k,fitz_1093510b8b4e09034d87fb69cb047259,medium,3,malignant
1,0.8172678351402283,1,fitzpatrick17k,fitz_8d8aaf80f77278f629697ef2f93d01b5,medium,3,malignant
1,0.9222021698951721,1,fitzpatrick17k,fitz_d33a7aeb01b93a01a30887eb38ee19f8,light,1,malignant
1,0.7571101784706116,1,fitzpatrick17k,fitz_39bef78824cddba30883954d4f12c6e0,light,2,malignant
0,0.8803215622901917,1,fitzpatrick17k,fitz_fa16733be6f59f72acb41027742cb796,medium,3,benign
1,0.7970019578933716,1,fitzpatrick17k,fitz_8a556d859128eae840cd2c3650819e87,medium,4,malignant
1,0.837192952632904,1,fitzpatrick17k,fitz_fbd64d85fa7bfed3ba061ca05ff90f69,light,1,malignant
1,0.7574706077575684,1,fitzpatrick17k,fitz_a18693f7fc1cf91848857da05da1efb6,medium,4,malignant
0,0.7254722118377686,1,fitzpatrick17k,fitz_56d32e0e33a13641ea4fd71864c1ac11,dark,5,benign
1,0.8354514837265015,1,fitzpatrick17k,fitz_2abba7fd9b90b2186d88cabefae47046,light,2,malignant
1,0.703997015953064,1,fitzpatrick17k,fitz_c1b162ecbd537349c8df036a7f7627dc,medium,3,malignant
1,0.7508770823478699,1,fitzpatrick17k,fitz_170ed3a3d229937e355c091bf5c75d40,medium,4,malignant
0,0.8917023539543152,1,fitzpatrick17k,fitz_e0fa8ede5c3dfb5aa5ed404899f0a176,light,2,benign
1,0.8945014476776123,1,fitzpatrick17k,fitz_a9de5402ce212bd50fbc1c0484b2d7d2,light,1,malignant
0,0.8261198997497559,1,fitzpatrick17k,fitz_cae259ae5d3d8d7a5013fa60a42ccc1c,medium,4,benign
0,0.6681882739067078,1,fitzpatrick17k,fitz_32e46d3d67fefd90a43e49f084f55349,medium,3,benign
1,0.8925115466117859,1,fitzpatrick17k,fitz_1a0c9c273d706d38e5a25149e0a37971,light,2,malignant
1,0.8423020839691162,1,fitzpatrick17k,fitz_c6b6b5cddf46b913a5faecf6c3b49f05,light,2,malignant
1,0.8021189570426941,1,fitzpatrick17k,fitz_c501b9ec2440eaabab9f1e8631af31fd,medium,3,malignant
0,0.5124213695526123,1,fitzpatrick17k,fitz_c7d17ac1386b6ba57646a4bce3c80c0f,medium,3,benign
0,0.9130222201347351,1,fitzpatrick17k,fitz_bfd62fc2abac5bf2d689b08777f061f4,medium,3,benign
0,0.7124651670455933,1,fitzpatrick17k,fitz_4528171396e4b3179398eb540eeeb1ce,medium,3,benign
1,0.861550509929657,1,fitzpatrick17k,fitz_344cf83a64c8312aa83a952f87ede69e,medium,4,malignant
0,0.7442464828491211,1,fitzpatrick17k,fitz_5a11701ed40e5f795cfe361d8fb3263f,light,2,benign
0,0.8579456210136414,1,fitzpatrick17k,fitz_e56691d224675a8801af865f5233f2eb,medium,3,benign
0,0.8497344851493835,1,fitzpatrick17k,fitz_f3fd93d48f9b56eb3f739b76bfa34963,light,2,benign
1,0.9203928112983704,1,fitzpatrick17k,fitz_3fe688434b98e1f3cdfb1deb1adc1dbc,light,2,malignant
0,0.7575548887252808,1,fitzpatrick17k,fitz_56360bf0ef6425c00d369b503a9808e2,medium,4,benign
1,0.7116081118583679,1,fitzpatrick17k,fitz_4b483b15083306618d99ee1d70313ebf,medium,3,malignant
1,0.7406421899795532,1,fitzpatrick17k,fitz_74c640f21d94d59eec3ac37cebaedd2d,medium,4,malignant
0,0.44610586762428284,1,fitzpatrick17k,fitz_598ea613225826651424d3ed17e8c16f,medium,3,benign
1,0.8591797351837158,1,fitzpatrick17k,fitz_6d9d3d6ab99f09c25d9c2042b303d167,medium,3,malignant
1,0.7308441996574402,1,fitzpatrick17k,fitz_473f3594b1a24ac3109f2ace980b2953,medium,4,malignant
1,0.8430007696151733,1,fitzpatrick17k,fitz_02b1a2a60d2b3b6b2e5d15d1f48eab33,light,1,malignant
1,0.7697418928146362,1,fitzpatrick17k,fitz_13c8455096abc7427eeba56c81c7a54c,light,2,malignant
0,0.6693724989891052,1,fitzpatrick17k,fitz_37c8b1a9a0d0f0419933113610dbd896,light,2,benign
0,0.7465440630912781,1,fitzpatrick17k,fitz_ba6a550800e5e9d8b9e68498c6547f4f,medium,3,benign
0,0.7625742554664612,1,fitzpatrick17k,fitz_ba6f667d66b32df3a4185658738f9ca7,dark,5,benign
1,0.7749520540237427,1,fitzpatrick17k,fitz_52514f7abd18bb524279c10943916512,medium,4,malignant
1,0.7755252718925476,1,fitzpatrick17k,fitz_399d923af5d3a27f638f0292ca0c3d7f,medium,4,malignant
0,0.7680404186248779,1,fitzpatrick17k,fitz_7be26796f21c02ac4fd9be079717da0b,medium,3,benign
0,0.7263880372047424,1,fitzpatrick17k,fitz_440e2f8d1bccd9ecfc711b4bad8af5e4,medium,4,benign
0,0.7770047187805176,1,fitzpatrick17k,fitz_367ce66759a68a87fca6240f8fc324ce,medium,4,benign
0,0.77924644947052,1,fitzpatrick17k,fitz_89127ec79892859f64bab57ac7cddb27,medium,4,benign
0,0.7306393980979919,1,fitzpatrick17k,fitz_ac6c6b189299da4e34f8c35a1b92438c,dark,6,benign
1,0.8601462244987488,1,fitzpatrick17k,fitz_43e04130cc95d9e735a37265decf2636,light,1,malignant
1,0.8495094180107117,1,fitzpatrick17k,fitz_e82cda3eeecc9ba74ba226cc1f8efc38,light,1,malignant
0,0.8096035122871399,1,fitzpatrick17k,fitz_9f0676a940a76b88f8aaf161bf2a311d,light,2,benign
0,0.714750349521637,1,fitzpatrick17k,fitz_a692f9e50332fee030b43b9f03d854d0,medium,4,benign
0,0.7847439646720886,1,fitzpatrick17k,fitz_4ce32e8037b89cb9583f5b0abab6165a,medium,3,benign
1,0.850589394569397,1,fitzpatrick17k,fitz_c194978ce025c8b827df395ea10ae20e,medium,4,malignant
0,0.6594527363777161,1,fitzpatrick17k,fitz_52febf5b7413bb8b3210667f2356f4a0,medium,4,benign
1,0.8115948438644409,1,fitzpatrick17k,fitz_ecdcd89dda8fa5b30706532fb49f315c,medium,3,malignant
1,0.8324131965637207,1,fitzpatrick17k,fitz_f31a5c7d32b7b4479739bff76a23e8e4,light,2,malignant
0,0.738848865032196,1,fitzpatrick17k,fitz_04b696bbd93e3304705a27e8f9ffb92a,medium,4,benign
1,0.7384419441223145,1,fitzpatrick17k,fitz_056a9a4fca15486be30ca4c845526b6b,medium,3,malignant
1,0.5807557106018066,1,fitzpatrick17k,fitz_4e7f1251e17184621d52f441c4acc44d,medium,4,malignant
1,0.7613938450813293,1,fitzpatrick17k,fitz_274fcc8858e2524666aac80c117c1eae,medium,3,malignant
0,0.6619263291358948,1,fitzpatrick17k,fitz_a5b50849f0cf2c01a8c4d9783915ac66,medium,4,benign
1,0.8579279184341431,1,fitzpatrick17k,fitz_9371b89247ec4e39c05760c2ccaef840,light,2,malignant
1,0.8774900436401367,1,fitzpatrick17k,fitz_c819e82dc15ddf2d0ceb08515f303123,medium,3,malignant
1,0.8493127822875977,1,fitzpatrick17k,fitz_d7d7980b1fd4fbaf3e14ecfd48c98bdf,light,2,malignant
1,0.8109780550003052,1,fitzpatrick17k,fitz_af2a68fe083b47f59589f2096043aa39,light,2,malignant
1,0.2522711753845215,1,fitzpatrick17k,fitz_625e1e2bb005de584472d572f92b3dba,medium,3,malignant
0,0.8902692198753357,1,fitzpatrick17k,fitz_a029d1da1db8341949fd61300b4f29f1,light,2,benign
0,0.7575348615646362,1,fitzpatrick17k,fitz_b5ecdd2f21d96ad2230e49025ba084cc,light,2,benign
1,0.8816997408866882,1,fitzpatrick17k,fitz_063e8484c60d38b357b37f20054a32c7,medium,3,malignant
0,0.797892153263092,1,fitzpatrick17k,fitz_1a35013a76f6404b2d1d28d1d76fb149,medium,3,benign
1,0.8434834480285645,1,fitzpatrick17k,fitz_dfc849919c7f749a42f6059f927eb82f,light,2,malignant
1,0.7994998097419739,1,fitzpatrick17k,fitz_e28cbb701b1b2ff727c3c7aba01fe6ff,light,1,malignant
1,0.8784270882606506,1,fitzpatrick17k,fitz_3a94ec88b1b1ef09ff93f7d5f619d879,medium,3,malignant
1,0.7893639206886292,1,fitzpatrick17k,fitz_b3fe1abd1c56355361aec80ed8eec4cb,medium,3,malignant
1,0.7637894749641418,1,fitzpatrick17k,fitz_4caae357b8c7b4bc6085936bbaa10740,medium,4,malignant
0,0.8032331466674805,1,fitzpatrick17k,fitz_7b89609b6eedbb812c8effaee7d55faa,medium,3,benign
0,0.8187993168830872,1,fitzpatrick17k,fitz_1dbde15208dce78fe95468e229a81363,medium,4,benign
1,0.8327812552452087,1,fitzpatrick17k,fitz_9c505985a3ac619b4562e20e8d1b2933,light,2,malignant
0,0.9033774137496948,1,fitzpatrick17k,fitz_ffffdecd2ded614ecd1f27a3fe919674,medium,4,benign
0,0.7642958164215088,1,fitzpatrick17k,fitz_7e22a35412a75264ac650b0a57f2c680,medium,4,benign
0,0.7424225211143494,1,fitzpatrick17k,fitz_6dad65663b55304857ab5a0c078e7925,light,2,benign
0,0.7478110790252686,1,fitzpatrick17k,fitz_37d5efb3f304b6bd0472dde58bd78b5a,medium,4,benign
1,0.8247048854827881,1,fitzpatrick17k,fitz_f563de4c84fed5c664de85aa37d72f16,medium,4,malignant
0,0.8403828144073486,1,fitzpatrick17k,fitz_86cb01dc3d10fc2b634d4cd0c0245b8f,medium,3,benign
0,0.9061647653579712,1,fitzpatrick17k,fitz_109ac254a9dfbe1f7ed3308081480697,light,2,benign
0,0.8694509267807007,1,fitzpatrick17k,fitz_6d589d145a183c5642047b1529b5e959,light,2,benign
0,0.7843276262283325,1,fitzpatrick17k,fitz_73f6bb99f5a3280e79f43434310626f3,medium,3,benign
1,0.8546121716499329,1,fitzpatrick17k,fitz_d285b21fff5ae6aa95600e1c9064b8f8,medium,3,malignant
1,0.748282253742218,1,fitzpatrick17k,fitz_bd64e4906674b26d4d5e58e36a39a861,medium,4,malignant
1,0.8700006604194641,1,fitzpatrick17k,fitz_7aa128d60de3bc2ab010d87cf3bd6ad7,light,1,malignant
1,0.8700593709945679,1,fitzpatrick17k,fitz_1d56b7d688b6b276893107a6bdb93bba,dark,5,malignant
0,0.7339473962783813,1,fitzpatrick17k,fitz_1ccb08e821f643e145b41348753f0e95,medium,4,benign
1,0.8892486691474915,1,fitzpatrick17k,fitz_55988379a2123b293d249070de266a08,medium,4,malignant
1,0.884929358959198,1,fitzpatrick17k,fitz_2311fe11163e4e84336c53eefb5e24d7,medium,4,malignant
1,0.8356642127037048,1,fitzpatrick17k,fitz_79aaed87b0076030d5e6893bff164476,dark,5,malignant
1,0.7981462478637695,1,fitzpatrick17k,fitz_e0674b69da176c57feada6db80a6af09,light,2,malignant
1,0.7998645305633545,1,fitzpatrick17k,fitz_70a8a40f55e900e60a42054326f62e28,medium,3,malignant
1,0.8120386600494385,1,fitzpatrick17k,fitz_4914fa9dae16b9762acae30d0349ad85,medium,3,malignant
0,0.7371827960014343,1,fitzpatrick17k,fitz_e126e650c6bde870d5985457d54ffd0a,medium,4,benign
1,0.898573637008667,1,fitzpatrick17k,fitz_64600b031d4789a7bb7a074e8a66c0cc,light,2,malignant
0,0.7713841199874878,1,fitzpatrick17k,fitz_4304199921ec391c01cbd147cc2e59a8,light,2,benign
1,0.8328282833099365,1,fitzpatrick17k,fitz_b9ddf5dbd6257c786e13658934c56ac6,medium,3,malignant
1,0.7084683179855347,1,fitzpatrick17k,fitz_b979613b362ad5e800ccd380ac29b8fe,dark,6,malignant
1,0.8099575638771057,1,fitzpatrick17k,fitz_ae40c3cfca9899067d0e75465586cf97,medium,3,malignant
0,0.4038994312286377,1,fitzpatrick17k,fitz_3db45506b78666259893065a9810913f,medium,3,benign
0,0.3430488109588623,1,fitzpatrick17k,fitz_7fee240e593bc169ff92d5ef2247a630,medium,4,benign
1,0.7780081033706665,1,fitzpatrick17k,fitz_c6e41ac2c8552505d795c4efda0869d6,medium,3,malignant
0,0.8117797374725342,1,fitzpatrick17k,fitz_c18c5c539fc4340dbddb542e8fc6cf8d,medium,3,benign
1,0.8694045543670654,1,fitzpatrick17k,fitz_09a75e2a4e9bbc303e6e0cb3e16a32d8,medium,3,malignant
0,0.8314904570579529,1,fitzpatrick17k,fitz_d43b671a4e8df49753fe28c336acd243,light,1,benign
1,0.5426449179649353,1,fitzpatrick17k,fitz_28b6d5c8f25acf6ddf93bf72fe7844d0,medium,3,malignant
1,0.8860260248184204,1,fitzpatrick17k,fitz_8d0d9724e46caa4b82829e70e672fd1f,light,2,malignant
1,0.8823762536048889,1,fitzpatrick17k,fitz_a57cce5e02560bc8ec878ef7a2f783d2,light,1,malignant
0,0.720018208026886,1,fitzpatrick17k,fitz_e7bf56ec841d114d61ff4ffdc722751f,medium,4,benign
1,0.7256011962890625,1,fitzpatrick17k,fitz_634f0aff345685a590ca9d08c8b266ba,medium,3,malignant
1,0.7249554395675659,1,fitzpatrick17k,fitz_e927c81f6b508269c83350184f124a2d,medium,3,malignant
1,0.7584149837493896,1,fitzpatrick17k,fitz_8dff4409431ca7a83a108fa35ec2959d,medium,3,malignant
0,0.7162390947341919,1,fitzpatrick17k,fitz_a419dce4df68dcdc28d5f046d31d86c9,medium,3,benign
1,0.8788063526153564,1,fitzpatrick17k,fitz_3fdf77cfbb7bd9ecab1c8ac104dbe74e,light,2,malignant
1,0.725872814655304,1,fitzpatrick17k,fitz_68daecb39b330760c4faddc47e842c77,medium,4,malignant
0,0.49434420466423035,1,fitzpatrick17k,fitz_5fb6e34e0898bdd2bd736c7db0d2a0f0,medium,3,benign
1,0.7721624970436096,1,fitzpatrick17k,fitz_99ed7ad5cc8a9bcec0ccb323942ab68f,medium,3,malignant
1,0.8074765205383301,1,fitzpatrick17k,fitz_3f014488acf61087ab152f8dc5fac8b3,medium,4,malignant
1,0.7805824875831604,1,fitzpatrick17k,fitz_26ad865bcdc627dfa0dc2e419252a0ed,light,2,malignant
1,0.6687793731689453,1,fitzpatrick17k,fitz_593c544bf75684c898826405ab9b3971,medium,4,malignant
1,0.7900351285934448,1,fitzpatrick17k,fitz_4ccb6a341928c32e6bdba870cdf57e25,light,2,malignant
1,0.69390469789505,1,fitzpatrick17k,fitz_96e320998184af49bfc791c8f1b0e174,medium,3,malignant
1,0.5275596380233765,1,fitzpatrick17k,fitz_8e93632358a1490fa191121b3fcddc98,medium,4,malignant
1,0.863009512424469,1,fitzpatrick17k,fitz_3e4a274cdc0acb42a64dffa7b034a9cf,light,2,malignant
0,0.7293130159378052,1,fitzpatrick17k,fitz_09ea1633ac8b4551f06b7d1f1346a921,medium,3,benign
1,0.9104012250900269,1,fitzpatrick17k,fitz_cc333f3db2fe35e5216df327d861c39b,medium,3,malignant
1,0.78984135389328,1,fitzpatrick17k,fitz_a547512f7d10ba636eb51adbc59ece5a,medium,4,malignant
1,0.8101804256439209,1,fitzpatrick17k,fitz_658a7441448655ad189b84645fdef0ac,light,2,malignant
1,0.723547101020813,1,fitzpatrick17k,fitz_4981320ef16be15730f7fce6207c9f88,medium,4,malignant
0,0.8786384463310242,1,fitzpatrick17k,fitz_1ac32fd4d37811f356201fc9a5d42ee6,medium,3,benign
1,0.8391873836517334,1,fitzpatrick17k,fitz_70758a12b61186edea167fbcf51c7598,light,2,malignant
1,0.8780547976493835,1,fitzpatrick17k,fitz_c4019e6a8693ad04c1df4949518aaf2d,medium,4,malignant
1,0.7193851470947266,1,fitzpatrick17k,fitz_76a5da87f72f5712243ff4bcf52337b6,medium,4,malignant
1,0.8091210722923279,1,fitzpatrick17k,fitz_354d48d77af6c34074d60405e9355aab,dark,5,malignant
0,0.7247704863548279,1,fitzpatrick17k,fitz_9e41dfef88af0d8e29fddd91da1f4c5a,dark,5,benign
1,0.9017582535743713,1,fitzpatrick17k,fitz_8c2d0eae8d6a28c6447947de236648dc,light,2,malignant
0,0.8579410910606384,1,fitzpatrick17k,fitz_8342209d734a75f169dff1ce216bcf51,light,1,benign
0,0.6620193719863892,1,fitzpatrick17k,fitz_e45f82fff18db54afa157aa70b394184,light,2,benign
0,0.7945252060890198,1,fitzpatrick17k,fitz_002f4ec0b620339d58ccfa26c4268584,medium,3,benign
1,0.32484170794487,1,fitzpatrick17k,fitz_fb11cc09b9df6abad072d5e45f2d45c5,medium,3,malignant
1,0.8147757649421692,1,fitzpatrick17k,fitz_506a26b96d7d1b6a495c552f3ef201e4,dark,5,malignant
1,0.7369952201843262,1,fitzpatrick17k,fitz_558b6378ac18ecc0c35d6b33e073d1d2,medium,4,malignant
0,0.8237698078155518,1,fitzpatrick17k,fitz_a62d1c8fca6b75b37e0858250b21dc71,medium,3,benign
1,0.7417134046554565,1,fitzpatrick17k,fitz_93aeefa9aeed0a5bac85e14f4bd7ace8,dark,5,malignant
0,0.3474908471107483,1,fitzpatrick17k,fitz_e8e9c70e1fc03c9f924724b5c8bebae9,medium,3,benign
0,0.7517755627632141,1,fitzpatrick17k,fitz_1e743a818cf4d2719779df609ad8e17c,medium,3,benign
1,0.8237131834030151,1,fitzpatrick17k,fitz_f5585807a21c71476948e6ad3f98cf82,dark,5,malignant
1,0.9076253175735474,1,fitzpatrick17k,fitz_60f79f88cbb999246aea835979d1c1db,light,2,malignant
0,0.553845226764679,1,fitzpatrick17k,fitz_93f102c65b21b9f259b247d1b10feda4,medium,4,benign
1,0.8106852769851685,1,fitzpatrick17k,fitz_82df2ce5fa68bd6f037f185e37003e31,medium,3,malignant
1,0.9209195375442505,1,fitzpatrick17k,fitz_aff8f8833189c8c6fff40c65f441f37f,medium,3,malignant
1,0.828199565410614,1,fitzpatrick17k,fitz_67de8c6b48d080d216e000a2d970645b,light,1,malignant
1,0.7937064170837402,1,fitzpatrick17k,fitz_62e2bb9f7a023511b7a064faca724db7,medium,4,malignant
0,0.5814570188522339,1,fitzpatrick17k,fitz_ca23070ee79e5620606e98f44468e240,medium,4,benign
0,0.7303699254989624,1,fitzpatrick17k,fitz_6f620dfd0f069172bfecfc3effc10865,medium,4,benign
1,0.9055346846580505,1,fitzpatrick17k,fitz_4442aec61aba4663d4810c0786ed86c8,light,1,malignant
0,0.2811844050884247,1,fitzpatrick17k,fitz_074012eb77f3f0d6d3b4c9a0991c3575,light,2,benign
1,0.8712670803070068,1,fitzpatrick17k,fitz_437159c605260bdd079af230566af291,light,2,malignant
1,0.7424926161766052,1,fitzpatrick17k,fitz_30559e9ff81800fcc4e2819d89988b88,medium,4,malignant
0,0.782742977142334,1,fitzpatrick17k,fitz_6c770bbf5b1394537ba9cb4c16050fe4,medium,3,benign
1,0.8878110647201538,1,fitzpatrick17k,fitz_1ed53774dfae21b81495cab1d16f1149,light,2,malignant
1,0.8135371208190918,1,fitzpatrick17k,fitz_a036718d77f4a4339b2aaf15e2087fe0,dark,5,malignant
1,0.7605909705162048,1,fitzpatrick17k,fitz_65f7b7df48effe3ad7238404ca5318ce,medium,4,malignant
0,0.7920428514480591,1,fitzpatrick17k,fitz_7e26fd08ff4581a71e16e158696fe5d9,medium,3,benign
1,0.8105085492134094,1,fitzpatrick17k,fitz_54062cedd5bf0e41f3c95feba2bb0373,dark,5,malignant
1,0.7737715840339661,1,fitzpatrick17k,fitz_ac684a3d2464ae0fba4d90e4f898875d,light,1,malignant
0,0.7332214713096619,1,fitzpatrick17k,fitz_5fd08f80678489c7d5d33dce74800b57,medium,3,benign
1,0.8249315023422241,1,fitzpatrick17k,fitz_0a102c96d763d98ab7eec9efd5a38d79,dark,6,malignant
1,0.518966555595398,1,fitzpatrick17k,fitz_860ce6a4951e059da943592a29882f4a,medium,3,malignant
1,0.8575695157051086,1,fitzpatrick17k,fitz_e894e98ec3b149d53b202e1cef0fa9ad,light,1,malignant
1,0.7360984683036804,1,fitzpatrick17k,fitz_bef06bdd8c19ecbcc0d6c5598878ffae,medium,4,malignant
1,0.7168404459953308,1,fitzpatrick17k,fitz_966ee4e919b56e4275755f9ec9cfc676,medium,4,malignant
1,0.7958141565322876,1,fitzpatrick17k,fitz_a8d1b8f97efb9cebccd244b212d77f28,dark,5,malignant
1,0.8819640874862671,1,fitzpatrick17k,fitz_250e8552aca769e9e33e753f50423bda,light,1,malignant
1,0.7062525749206543,1,fitzpatrick17k,fitz_747739be8bd7bc8a2bfa9fd7abf2c2ab,medium,4,malignant
1,0.6208095550537109,1,fitzpatrick17k,fitz_34d86d197c94da16308113b2665ee004,light,1,malignant
0,0.7444372773170471,1,fitzpatrick17k,fitz_0f7677df2ecf265c1ae1737d75f2c552,medium,4,benign
0,0.8092108368873596,1,fitzpatrick17k,fitz_1ea3a50525669e266c9f09165c2807f4,medium,3,benign
1,0.7468017339706421,1,fitzpatrick17k,fitz_4695bfda5557fa0aaae6e81d4492e0a5,medium,3,malignant
0,0.8866350650787354,1,fitzpatrick17k,fitz_b0ba55ed5bc9eaa4ff35911a0d8d4ecc,medium,4,benign
0,0.7646838426589966,1,fitzpatrick17k,fitz_971093da60aa32fb757203a3f2b76d45,light,2,benign
1,0.8222835063934326,1,fitzpatrick17k,fitz_04ec9f7ab6dd2bde77c7f5178d705108,light,2,malignant
0,0.8823314905166626,1,fitzpatrick17k,fitz_d488137e7977288d23f2b3eaf415c5b1,light,1,benign
1,0.8865971565246582,1,fitzpatrick17k,fitz_ee71a2faae114b91878f7460a0ce9d6f,light,2,malignant
1,0.8812331557273865,1,fitzpatrick17k,fitz_76c6ff58a8babae647dcc37ea074939d,light,2,malignant
1,0.8198087811470032,1,fitzpatrick17k,fitz_b25ac7509e6fddb84e73f42029bc413b,dark,5,malignant
1,0.8008589148521423,1,fitzpatrick17k,fitz_1899a650833c9dce36fe8d7da87b2755,medium,4,malignant
0,0.7690126895904541,1,fitzpatrick17k,fitz_9b2fe3b3de504d9bb0a092d87e09df30,medium,4,benign
1,0.9061824679374695,1,fitzpatrick17k,fitz_ff5fbdbf0d3221c3ba5628b50fc0aa41,medium,3,malignant
1,0.8019005656242371,1,fitzpatrick17k,fitz_46fce21d4875d0f6dbeeea088c809647,light,2,malignant
1,0.8805128335952759,1,fitzpatrick17k,fitz_14c1d65a2ad46d5efc6ad714224483ee,medium,3,malignant
1,0.8118071556091309,1,fitzpatrick17k,fitz_89508c40baf2fe208ee49201f9eee41c,light,1,malignant
0,0.772458016872406,1,fitzpatrick17k,fitz_1cec704fa6d717be0817b714681fb09f,medium,4,benign
0,0.7960523962974548,1,fitzpatrick17k,fitz_f23969dd796272131ecc65dd5d8cd499,light,2,benign
0,0.8145077228546143,1,fitzpatrick17k,fitz_104f094844042867d1f83accc940645c,medium,4,benign
1,0.7757521867752075,1,fitzpatrick17k,fitz_9d6fc0774c68a7caec5d86148bcba524,medium,3,malignant
1,0.5059596300125122,1,fitzpatrick17k,fitz_0cbdf45e52b3137a785cc575e8b4bb53,medium,4,malignant
1,0.8230165839195251,1,fitzpatrick17k,fitz_23b55a045c5f88159ce54f69df645c5f,medium,4,malignant
1,0.8758562803268433,1,fitzpatrick17k,fitz_59fed3f27ebb81c0be581f47a33d4e65,light,2,malignant
1,0.8339173197746277,1,fitzpatrick17k,fitz_a3b979dc226529d318f5dae79f5548fb,light,2,malignant
1,0.7233664989471436,1,fitzpatrick17k,fitz_9796b293f46f9765176bb3740b130771,medium,4,malignant
0,0.8436404466629028,1,fitzpatrick17k,fitz_2d9ebe9cb6f414ec647c136fa3cab203,dark,5,benign
1,0.7490247488021851,1,fitzpatrick17k,fitz_da967a336c8f7a8a8f0ee71ecc61a7cb,medium,4,malignant
1,0.22575725615024567,1,fitzpatrick17k,fitz_15ed87fbe8626bffb60e599d3aedb104,light,2,malignant
1,0.6859792470932007,1,fitzpatrick17k,fitz_f6d7af6720e60c1c2e304e924c8fa766,light,2,malignant
1,0.7725530862808228,1,fitzpatrick17k,fitz_b3d94ddf1388ed3894ad18ea3fefc880,dark,5,malignant
1,0.8466917872428894,1,fitzpatrick17k,fitz_ff3f459d66759bdb973f4af8dd17a6f3,light,2,malignant
1,0.7973398566246033,1,fitzpatrick17k,fitz_e433c638effeb97a769362917b7827d0,light,2,malignant
1,0.7860351800918579,1,fitzpatrick17k,fitz_e2d0f7a666d346a7f149185b23a42483,medium,3,malignant
1,0.7160433530807495,1,fitzpatrick17k,fitz_80602e43414e592443aee9e67fcca5c7,medium,4,malignant
0,0.8007284998893738,1,fitzpatrick17k,fitz_457d826700dd1b23a848b1885d41bd67,medium,3,benign
1,0.7727289795875549,1,fitzpatrick17k,fitz_db6590971625b0e98971f449b4ed6ee7,medium,3,malignant
0,0.7797086238861084,1,fitzpatrick17k,fitz_d53296d308e53f866a173a0d21578a80,dark,5,benign
0,0.7299917340278625,1,fitzpatrick17k,fitz_0b41063e0936042b8d3f4f0ddd780e7f,dark,5,benign
1,0.758920431137085,1,fitzpatrick17k,fitz_9ee17127331be5b1c1f2bdea846ee60f,light,2,malignant
1,0.7024610638618469,1,fitzpatrick17k,fitz_543017d891174b7fe9443a4dfa537410,medium,4,malignant
1,0.9081910848617554,1,fitzpatrick17k,fitz_73850da74e36edc89fc7536763f22b4d,light,2,malignant
1,0.8075363636016846,1,fitzpatrick17k,fitz_1997f41adb38d92f1f3c60a0f75dbd11,medium,4,malignant
0,0.7286916971206665,1,fitzpatrick17k,fitz_23315f67b17b14d1b3c17ea6c157b258,light,2,benign
1,0.7331819534301758,1,fitzpatrick17k,fitz_30b3bb79b3d16b45ec095a91cd9c32ee,medium,4,malignant
1,0.8487908244132996,1,fitzpatrick17k,fitz_10cbd07a7f2e658a27f31eac2ae17269,medium,4,malignant
1,0.7272463440895081,1,fitzpatrick17k,fitz_c1fcf5b167a0bdcb3c1eba9ecab76ae7,medium,3,malignant
1,0.8875003457069397,1,fitzpatrick17k,fitz_d7c15764c5a698f47809c97f8836d442,light,2,malignant
1,0.8435001969337463,1,fitzpatrick17k,fitz_2bceb0364ef64fe3ef5236db2cfbe02a,medium,4,malignant
0,0.8426913619041443,1,fitzpatrick17k,fitz_29818f25971da35c87e40384c78a653d,medium,3,benign
0,0.7179285883903503,1,fitzpatrick17k,fitz_9e04114cdc878efb72211714ec160c37,medium,4,benign
1,0.7968984246253967,1,fitzpatrick17k,fitz_cb9baa2c3e0255370714b9736e24d3a6,medium,4,malignant
0,0.8445443511009216,1,fitzpatrick17k,fitz_0747ac3f4dfd97b2d4e35d6b28014021,medium,3,benign
0,0.7818145751953125,1,fitzpatrick17k,fitz_62937c4f9dee8bb50d1f15dd5dbf7545,light,2,benign
1,0.8544621467590332,1,fitzpatrick17k,fitz_bbfdf1fe7e2faf6d7ccc9a50bfd5a40f,medium,4,malignant
1,0.8354186415672302,1,fitzpatrick17k,fitz_fb89d4fa5b5c3696f327d14ee041942c,medium,3,malignant
1,0.8706974983215332,1,fitzpatrick17k,fitz_08a95993fb93e265c4120e9ad88cc326,light,2,malignant
1,0.7368085384368896,1,fitzpatrick17k,fitz_b5fa137ead5d2d13313ff126e3e255c2,medium,4,malignant
1,0.7508563995361328,1,fitzpatrick17k,fitz_c558af11b54f8c7789a2a0b0bff1826f,medium,3,malignant
1,0.8394047617912292,1,fitzpatrick17k,fitz_67779d244d362f8c4f089a5b4d4fc989,medium,4,malignant
0,0.78693687915802,1,fitzpatrick17k,fitz_8eb074ec464733f3a583af942fee9a14,medium,4,benign
1,0.8858915567398071,1,fitzpatrick17k,fitz_218ea232ca4b0255a395886ee86cbada,medium,3,malignant
0,0.7336204648017883,1,fitzpatrick17k,fitz_5807f27e6324eb4884a8ede5aa1cc9ba,medium,3,benign
