y_true,y_prob,y_pred,source,image_id,tone_group,fitzpatrick_scale,three_partition_label
0,0.3795965313911438,1,fitzpatrick17k,fitz_d2bac3c9e4499032ca8e9b07c7d3bc40,light,2,benign
1,0.3058220148086548,1,fitzpatrick17k,fitz_45f7fe0e10214e32e890cad9d29d4811,dark,6,malignant
1,0.4450877606868744,1,fitzpatrick17k,fitz_b87804452f60aa162a6d29c0f66a2466,light,2,malignant
1,0.2868076264858246,1,fitzpatrick17k,fitz_4c3f795cf8eb72b946f9bd2642cf23c1,dark,6,malignant
0,0.15518835186958313,0,fitzpatrick17k,fitz_99247c9fe486aa9ab71686c8e676c135,light,2,benign
1,0.23291604220867157,1,fitzpatrick17k,fitz_b09233673fc585369e723ec841ed0acb,dark,5,malignant
0,0.19392666220664978,0,fitzpatrick17k,fitz_fb9640a13e0c11610684fe8c0f473cf2,light,2,benign
0,0.3015664517879486,1,fitzpatrick17k,fitz_9d5a90fa3f6934608add10e698001760,medium,3,benign
1,0.22866693139076233,0,fitzpatrick17k,fitz_d2c77aa81ca884f99174471132bd3e24,light,1,malignant
0,0.2851372957229614,1,fitzpatrick17k,fitz_fdfbcca21acc8015bfe3ab09b6e254b2,light,2,benign
0,0.30193182826042175,1,fitzpatrick17k,fitz_5f4376e41dff7efbbb53ca5b9928919d,dark,5,benign
1,0.28916579484939575,1,fitzpatrick17k,fitz_2b6ea0581d59b23e033bf2059c2ae6af,medium,3,malignant
1,0.35871151089668274,1,fitzpatrick17k,fitz_6d2fb27bbaf2691ea85fa2ad7f334060,light,2,malignant
0,0.2984549105167389,1,fitzpatrick17k,fitz_bb18c8800c62e37bd21641ad30aa3982,medium,3,benign
1,0.26269984245300293,1,fitzpatrick17k,fitz_dab1abcb214f3e1cf7b509fa75972eb7,medium,4,malignant
1,0.15127769112586975,0,fitzpatrick17k,fitz_81c007db8cc1bc57cb08bcc00dda653b,light,2,malignant
0,0.2515898644924164,1,fitzpatrick17k,fitz_5a3d754f30836ede76691cdf1b4f0cfb,medium,3,benign
0,0.14641717076301575,0,fitzpatrick17k,fitz_62f8df393e05fd7e1588d70891238f53,medium,3,benign
0,0.4125087559223175,1,fitzpatrick17k,fitz_d6dfb47fe3c00e624af51b3548b8ee5e,medium,4,benign
0,0.19605597853660583,0,fitzpatrick17k,fitz_d98b961ecb24b31d672ca92d42fa644f,light,1,benign
0,0.23625850677490234,1,fitzpatrick17k,fitz_730a5db8eee84f8637f31c2eeefbea61,dark,5,benign
0,0.4375592768192291,1,fitzpatrick17k,fitz_a7432cf3e4faf44ab58bcb093fb6a3bd,medium,4,benign
1,0.47950926423072815,1,fitzpatrick17k,fitz_9838b6548e7842a1c228e9548a32099c,light,2,malignant
1,0.23454172909259796,1,fitzpatrick17k,fitz_a7821ca7a0f65f9095a61d66c234f683,light,1,malignant
1,0.286753386259079,1,fitzpatrick17k,fitz_9d5e4780260cf2955e3e0e783cb21247,light,2,malignant
0,0.1733536720275879,0,fitzpatrick17k,fitz_c8c63f5f347e408981de99a00cbd255d,medium,3,benign
0,0.2760692536830902,1,fitzpatrick17k,fitz_eb817cc9a0a0d7d2728670a1cb1a38ec,light,2,benign
1,0.8656453490257263,1,fitzpatrick17k,fitz_0d4c5e2266a00cd127cd5a676ac872b5,medium,3,malignant
0,0.31270813941955566,1,fitzpatrick17k,fitz_af7a076b9992ff39499951a9479c78d5,medium,4,benign
1,0.7994987368583679,1,fitzpatrick17k,fitz_c3833afba496feeb4153ed76ff2da85d,medium,3,malignant
1,0.41310185194015503,1,fitzpatrick17k,fitz_24a4d75183c81800691347ad769b9a7b,medium,4,malignant
1,0.41600286960601807,1,fitzpatrick17k,fitz_5e44d665d68cca052a33dca12ad2bf29,light,2,malignant
0,0.24878035485744476,1,fitzpatrick17k,fitz_58e7594f5727cdfc362cf5b071520a1f,light,1,benign
0,0.19921047985553741,0,fitzpatrick17k,fitz_90a57906ad3e8c8d1583a661e616a1b0,light,2,benign
0,0.6739084720611572,1,fitzpatrick17k,fitz_43ff4f26e808270c6be266126a4b4cb4,medium,3,benign
0,0.33280542492866516,1,fitzpatrick17k,fitz_ef6840d838979ca91fc496ec95059ab8,light,2,benign
0,0.21174156665802002,0,fitzpatrick17k,fitz_8b963a49787af17b8581d58099bb55f2,light,1,benign
1,0.3731912672519684,1,fitzpatrick17k,fitz_45005e10b9ecc6241aa723a8c33086ed,light,1,malignant
0,0.2697659432888031,1,fitzpatrick17k,fitz_8903983f10e1f3f2ea8f9eff65097f91,medium,3,benign
0,0.5665501356124878,1,fitzpatrick17k,fitz_67af6e2923e52eff436a013572b7088b,light,2,benign
1,0.4329221546649933,1,fitzpatrick17k,fitz_5de18144953b0dcf774605ae4a9c65c3,dark,5,malignant
0,0.4329786002635956,1,fitzpatrick17k,fitz_c18ef5d1ddaa5651b201046f079f1607,light,2,benign
0,0.145753875374794,0,fitzpatrick17k,fitz_1d7bd6b19b1e499529e8eea49a84effa,light,2,benign
1,0.39382001757621765,1,fitzpatrick17k,fitz_1bbe4519608f606a18adf1811fd1c051,light,1,malignant
1,0.40428072214126587,1,fitzpatrick17k,fitz_43d7ea1cae8cfa3f6a9f7ac73e7d1479,light,2,malignant
0,0.26509785652160645,1,fitzpatrick17k,fitz_d4e6307697e22eed8376fb2e2c54ab1f,dark,5,benign
1,0.313735693693161,1,fitzpatrick17k,fitz_b0a513787e3c28076c3c197342be5ffa,medium,3,malignant
0,0.16945907473564148,0,fitzpatrick17k,fitz_b716eb8ad19b3839a5c0104c5f3419e5,medium,4,benign
0,0.19620464742183685,0,fitzpatrick17k,fitz_8371f31bdd4a4ad7457bb790cc8108cd,light,1,benign
0,0.2839576005935669,1,fitzpatrick17k,fitz_f31890642d646144afbb92e30037fc81,light,2,benign
1,0.5056681036949158,1,fitzpatrick17k,fitz_521bec867654c32d592f32f9256c5704,medium,3,malignant
1,0.2324870228767395,1,fitzpatrick17k,fitz_07360bff59d68a64fe7e279625a4bbd4,medium,3,malignant
1,0.5737915635108948,1,fitzpatrick17k,fitz_fc00af3afd475aa7679fe83be88b4b8e,light,1,malignant
1,0.751934826374054,1,fitzpatrick17k,fitz_4159e2236b2119f9c8aa39623aab4a84,light,1,malignant
0,0.4872775673866272,1,fitzpatrick17k,fitz_ee0cca6b53ab15d28e448031f01d4d0f,medium,3,benign
0,0.1691330075263977,0,fitzpatrick17k,fitz_54772e05a49dda00ec1a3c9b7a1cfdba,light,2,benign
1,0.26486679911613464,1,fitzpatrick17k,fitz_2c74321d5e74fddb13c2d77b64cbe9b2,light,2,malignant
1,0.29456254839897156,1,fitzpatrick17k,fitz_fa4ed547ba2ed8055c9d777ee729f70b,medium,3,malignant
1,0.2570413649082184,1,fitzpatrick17k,fitz_f08034a69a57680dbe4521f6e913ba22,medium,3,malignant
0,0.5924815535545349,1,fitzpatrick17k,fitz_acd8feb1ca7fddf6e5237aa3eaced966,light,1,benign
0,0.7002943754196167,1,fitzpatrick17k,fitz_3dbdf558dcfe15e8f7f3c1cc13e66422,medium,4,benign
0,0.5805678367614746,1,fitzpatrick17k,fitz_98feee4e79ef8312db7e5604d95ad66f,medium,3,benign
1,0.304987370967865,1,fitzpatrick17k,fitz_bb6e7390c63e78607a7308076972713a,light,2,malignant
1,0.3795875310897827,1,fitzpatrick17k,fitz_2e096f75543e315d8cf1ccf1ae45ce6a,light,2,malignant
1,0.2531304657459259,1,fitzpatrick17k,fitz_1b0f82951e82535fa4f79a16802490d2,dark,5,malignant
1,0.16086317598819733,0,fitzpatrick17k,fitz_2004c88f0aba56122257c4f71e67c719,medium,3,malignant
1,0.4278758466243744,1,fitzpatrick17k,fitz_cb399ec010d1031fbaa1dad093a3a328,light,1,malignant
1,0.33634912967681885,1,fitzpatrick17k,fitz_af52bb1087469cc110332783dd328d6a,light,2,malignant
0,0.2458314299583435,1,fitzpatrick17k,fitz_67a5980c2855fb037a812e716dc911ca,light,1,benign
1,0.44676852226257324,1,fitzpatrick17k,fitz_54f09a0af80b1930a3210d57df1f373e,light,2,malignant
1,0.5717548131942749,1,fitzpatrick17k,fitz_c0d87b8dc5b8419b85c8fa07517007fd,light,1,malignant
0,0.3090962767601013,1,fitzpatrick17k,fitz_0645116845f5973b311d60306626086e,medium,4,benign
0,0.4149620831012726,1,fitzpatrick17k,fitz_40f34dba67a996fb6ca51804b2ca949d,light,2,benign
0,0.36271190643310547,1,fitzpatrick17k,fitz_84a6fff2cdd6e254aa98355d53d78f01,light,2,benign
1,0.3447243273258209,1,fitzpatrick17k,fitz_bb2e052ba0951cf787b9e831ab2a5b10,light,1,malignant
1,0.5307925343513489,1,fitzpatrick17k,fitz_c8f1c03a90e5a0ead446526bbfc8e86a,medium,3,malignant
0,0.2954142689704895,1,fitzpatrick17k,fitz_15dd1eb153ea63ea9a1638296520460d,light,2,benign
1,0.5141664147377014,1,fitzpatrick17k,fitz_69cfcc29d1376d77c9bcbfca301eefb6,medium,3,malignant
1,0.6176047325134277,1,fitzpatrick17k,fitz_9a2685b99d2db77c7297891d1c5b2dae,light,2,malignant
1,0.3352833390235901,1,fitzpatrick17k,fitz_fb41d70e2f3ac0f981d4d2eb6f199318,light,2,malignant
0,0.17412906885147095,0,fitzpatrick17k,fitz_a8583006eb83757f8a183bb8aef23f14,medium,4,benign
1,0.3489297032356262,1,fitzpatrick17k,fitz_22f13657c4a6b4a3fc6ea06d313c3725,medium,3,malignant
1,0.22634540498256683,0,fitzpatrick17k,fitz_4ff4109275ef98c7cd754dee47249adc,light,2,malignant
0,0.1976419985294342,0,fitzpatrick17k,fitz_1fa86e2a6a80279cd8508d1420ba102d,light,2,benign
1,0.2788635194301605,1,fitzpatrick17k,fitz_becab807bbe933d1a5e84f378dfc083f,medium,4,malignant
1,0.1900014579296112,0,fitzpatrick17k,fitz_42bb46cb779b95f10e531e2b6181e439,light,1,malignant
0,0.14235524833202362,0,fitzpatrick17k,fitz_7ba51368a962a6acafec7b39779cb4a9,light,2,benign
0,0.19127389788627625,0,fitzpatrick17k,fitz_a1c1f1ea02cf83d75af5e1fa9c3ade5a,light,2,benign
0,0.19445982575416565,0,fitzpatrick17k,fitz_057a18ef59ca4313fc8ca879c5094f13,medium,3,benign
1,0.453134149312973,1,fitzpatrick17k,fitz_480fd80167d7865ce9aafe14aba4ec9d,dark,5,malignant
0,0.4321606457233429,1,fitzpatrick17k,fitz_b91bf35f16602faab8dc334563de5b33,light,1,benign
0,0.4705968499183655,1,fitzpatrick17k,fitz_6803521d9bc13a16bebf67e5f542d9be,medium,3,benign
1,0.3071577250957489,1,fitzpatrick17k,fitz_407d41dc4b0e9e0fddd2fe5a4e155986,medium,4,malignant
1,0.21888209879398346,0,fitzpatrick17k,fitz_6fcaf3c1ecef5a938bf70ae2b6ed24f6,light,2,malignant
1,0.388996422290802,1,fitzpatrick17k,fitz_75f3059a6ad92bc7ef724a4ac79dc492,light,2,malignant
1,0.20104610919952393,0,fitzpatrick17k,fitz_55e268bf2641c7ceeadd9f43ceb55f29,light,2,malignant
1,0.34843337535858154,1,fitzpatrick17k,fitz_9965621eb0e381dc51db0ffa0b3033e7,light,2,malignant
1,0.3367205858230591,1,fitzpatrick17k,fitz_3791b30f96733f69b473c8d2fcf3998b,light,2,malignant
1,0.8419583439826965,1,fitzpatrick17k,fitz_874c068761a094896dc6a19678bfb2cb,light,2,malignant
1,0.27218759059906006,1,fitzpatrick17k,fitz_77aa716ae6d1b7c52f7007fd36864dc2,light,1,malignant
0,0.10767698287963867,0,fitzpatrick17k,fitz_2d47534396dae6130583dfb65c30fe61,dark,5,benign
0,0.25701358914375305,1,fitzpatrick17k,fitz_2965539620963fea7f51907224ec840c,medium,3,benign
0,0.24718685448169708,1,fitzpatrick17k,fitz_4fa1e4a17380c13f60d935b4f16996ff,light,2,benign
0,0.2996956706047058,1,fitzpatrick17k,fitz_91c939e51667835970e7778ec18813ef,medium,3,benign
1,0.2349543422460556,1,fitzpatrick17k,fitz_297ee70fefe78b688233154f8befb1e3,light,2,malignant
0,0.37608346343040466,1,fitzpatrick17k,fitz_0f94533e693dab70850adb978cc0d821,dark,5,benign
0,0.20366370677947998,0,fitzpatrick17k,fitz_c1e1779aa5f1b9afd1016bb8018b5605,medium,4,benign
0,0.18380193412303925,0,fitzpatrick17k,fitz_b53a5cc389f78ded1e73df82aeae505c,dark,5,benign
0,0.1780119240283966,0,fitzpatrick17k,fitz_34868fffd3489bf6bed5f470fed542da,light,2,benign
0,0.21064408123493195,0,fitzpatrick17k,fitz_6630efeccdbb3e1955e09a0ea5a407fd,light,2,benign
0,0.26691481471061707,1,fitzpatrick17k,fitz_50067ef8f8a42ac3e71f043524be3e23,light,1,benign
0,0.3146129250526428,1,fitzpatrick17k,fitz_68080d1e8abc99eb6a82f334bc5a693f,medium,3,benign
0,0.2239050418138504,0,fitzpatrick17k,fitz_aafbf7d0e817f7bf2d1a9098d8514666,dark,5,benign
0,0.29858455061912537,1,fitzpatrick17k,fitz_0ef6a4157b7bbe44c357d9d1ff7151c8,light,2,benign
1,0.7767828106880188,1,fitzpatrick17k,fitz_57b5a38f58b25a43d4997a599154baf9,light,1,malignant
0,0.3591783344745636,1,fitzpatrick17k,fitz_214c65e740652e9b27a9a6130c991017,medium,3,benign
1,0.22304333746433258,0,fitzpatrick17k,fitz_8f11fe151cb9ede441d591dbfc171948,medium,3,malignant
0,0.2202995866537094,0,fitzpatrick17k,fitz_09c8bec991dd5c6cf5bc8af119ccca0a,light,2,benign
1,0.28063321113586426,1,fitzpatrick17k,fitz_d80eb8dcd60ddbbadecd602d7e3234be,medium,3,malignant
1,0.42778632044792175,1,fitzpatrick17k,fitz_cf3d2262e2ddccfee4641197f689e6dd,light,2,malignant
1,0.2654336392879486,1,fitzpatrick17k,fitz_a72927a9733ed3072b41b7c353b259db,light,1,malignant
1,0.3357507884502411,1,fitzpatrick17k,fitz_b580a075146386af3e2cfb6c8b026a40,dark,6,malignant
1,0.2585963010787964,1,fitzpatrick17k,fitz_545f0e8a6125523973e200172976448a,medium,4,malignant
1,0.5718578696250916,1,fitzpatrick17k,fitz_0eea95f33aa97fec0d44afde061d5595,light,1,malignant
1,0.35871151089668274,1,fitzpatrick17k,fitz_1681c65312e7c67fcec67b39a5f31162,light,2,malignant
1,0.6322707533836365,1,fitzpatrick17k,fitz_38d20f98356a171a3c206985213c366b,light,2,malignant
0,0.5922881364822388,1,fitzpatrick17k,fitz_1914e3c00a7d0bb468c53a67c18165b8,medium,3,benign
1,0.22745348513126373,0,fitzpatrick17k,fitz_88585fc7b3ebb360c2ca8bc2cdfaf736,medium,4,malignant
1,0.47522392868995667,1,fitzpatrick17k,fitz_e170d124649f3cddf0e8d2ac7a4e597f,light,1,malignant
1,0.5842015147209167,1,fitzpatrick17k,fitz_72e2febe065d177b01564edeb420e24b,medium,3,malignant
1,0.6114641427993774,1,fitzpatrick17k,fitz_84d8616020e202285cb4b5505d18541b,medium,3,malignant
1,0.6563301086425781,1,fitzpatrick17k,fitz_16e8de6bd449154d0823adddef933b73,light,1,malignant
0,0.416139155626297,1,fitzpatrick17k,fitz_322b68d37074c1950a21243137800788,medium,3,benign
0,0.2619176506996155,1,fitzpatrick17k,fitz_3c421aa1b1d94df229df3c6ae9a4530a,dark,6,benign
1,0.21384863555431366,0,fitzpatrick17k,fitz_6eefcee64440fb29088135a15a4c9348,light,2,malignant
0,0.17374712228775024,0,fitzpatrick17k,fitz_fd29fb706c41cc9552b40a057024f460,light,2,benign
0,0.4215701222419739,1,fitzpatrick17k,fitz_56945da8718c4c60517f621599ab54d8,light,2,benign
1,0.3716508150100708,1,fitzpatrick17k,fitz_83cd9569896510c012ebc6c5bb7f3c74,light,2,malignant
1,0.29170119762420654,1,fitzpatrick17k,fitz_25a9a37f1edef70afe4cbfb380f01224,medium,3,malignant
0,0.12447302788496017,0,fitzpatrick17k,fitz_c0ea1e88aa3ba697014dca3924e559e6,light,2,benign
0,0.31276488304138184,1,fitzpatrick17k,fitz_2475581bf40d111f31146165fce3441b,light,1,benign
0,0.2100309133529663,0,fitzpatrick17k,fitz_1272664fdb6b3fe6ea59381e02716169,light,1,benign
1,0.5358514189720154,1,fitzpatrick17k,fitz_37776f44e7f4949826d0fd29525620d4,light,2,malignant
0,0.2511667013168335,1,fitzpatrick17k,fitz_7094ebc9834c1cbe6991ca9eb6f38c9a,light,2,benign
0,0.5265645980834961,1,fitzpatrick17k,fitz_605ae32a4e833e8d8373a33b4336bdcf,light,2,benign
0,0.3139442801475525,1,fitzpatrick17k,fitz_fd341aaafca422649fcbb11334a022a8,light,2,benign
1,0.47631746530532837,1,fitzpatrick17k,fitz_e7fd792efe793efba7a339d3dd29e404,light,1,malignant
1,0.4138282537460327,1,fitzpatrick17k,fitz_0d582dfe778f718b94bd58195433eb47,light,2,malignant
0,0.22853805124759674,0,fitzpatrick17k,fitz_1f60e819229b11d3e51c9b722b5dba70,light,2,benign
1,0.20966634154319763,0,fitzpatrick17k,fitz_648adc09de37624a92674d2b90d96188,dark,5,malignant
1,0.13929781317710876,0,fitzpatrick17k,fitz_cc63958a1cedccb7dc1f0628f010206e,light,2,malignant
0,0.21447338163852692,0,fitzpatrick17k,fitz_383a02d4317275c0a044a43d02a84949,light,2,benign
0,0.3682766556739807,1,fitzpatrick17k,fitz_e654f6c8ac970fe75d7fd45967f5c27a,light,2,benign
1,0.3890257179737091,1,fitzpatrick17k,fitz_576c5c37a21c1c767733e486ac69b71c,light,2,malignant
1,0.15578146278858185,0,fitzpatrick17k,fitz_a49abcfad0d9a5270d1c9488a6fc466f,light,1,malignant
0,0.21602599322795868,0,fitzpatrick17k,fitz_c1db3c69bb7a69c366bb7af52199a148,medium,3,benign
1,0.47355809807777405,1,fitzpatrick17k,fitz_d2e96d346577a155b0125dda66b16395,light,1,malignant
0,0.1977308690547943,0,fitzpatrick17k,fitz_00d5f0c643a2c4317c33bcfcc7b56759,light,2,benign
1,0.7922585606575012,1,fitzpatrick17k,fitz_174f6d759798e3fec307a2b7b513f139,light,2,malignant
0,0.2957512438297272,1,fitzpatrick17k,fitz_870cc15be006f854b30fb4959bb54eae,light,1,benign
0,0.368822306394577,1,fitzpatrick17k,fitz_656ee5b708a8250872b363adf2c1476a,medium,4,benign
0,0.36738863587379456,1,fitzpatrick17k,fitz_1a6a0f322da502480484eebf5210f848,light,1,benign
1,0.5635778307914734,1,fitzpatrick17k,fitz_c4ea214b9c8cec7349c9d6fceb487191,light,2,malignant
0,0.27023351192474365,1,fitzpatrick17k,fitz_935253176f36da2ffbfa63299b8afa6b,light,2,benign
0,0.16602200269699097,0,fitzpatrick17k,fitz_4b4dbba61edbda8a8d68e7c66c55414f,medium,4,benign
0,0.2131958305835724,0,fitzpatrick17k,fitz_04ff8956172642998a8edbcaa0960f09,light,1,benign
0,0.45129770040512085,1,fitzpatrick17k,fitz_3f7aaf6d85e7d27d7d4c403f47895695,light,2,benign
1,0.43867167830467224,1,fitzpatrick17k,fitz_c4c2e945778e09af22e5fc0a0e92bcbf,light,1,malignant
1,0.6706036329269409,1,fitzpatrick17k,fitz_923228f28903085907978dbba69ee1e6,light,2,malignant
0,0.3714355230331421,1,fitzpatrick17k,fitz_eaed7184b1a9e5afdd5d214c2dd98d57,light,2,benign
1,0.7138382792472839,1,fitzpatrick17k,fitz_df36e9e73a06b3a37cc7bca56f6181b6,medium,3,malignant
1,0.30446314811706543,1,fitzpatrick17k,fitz_3361f78e86e2c0dcd0868286fb042384,light,1,malignant
0,0.19135421514511108,0,fitzpatrick17k,fitz_656ef36ce047a3d77b6fc617cfcd15fc,medium,3,benign
1,0.6029345393180847,1,fitzpatrick17k,fitz_0d832e0fc8954df6f599abca35cd881d,medium,3,malignant
0,0.21949759125709534,0,fitzpatrick17k,fitz_22aa5a1793cc8388ad24d2bb9e3884bd,light,1,benign
1,0.39879128336906433,1,fitzpatrick17k,fitz_4774398105aa32b8d004b499ccbf5633,light,2,malignant
0,0.4773668348789215,1,fitzpatrick17k,fitz_c0901ea10a72665f35e0a44da7cd05fa,light,1,benign
1,0.27493974566459656,1,fitzpatrick17k,fitz_94d83b7ef6a07cda5e0ce98dbc2a5550,medium,3,malignant
0,0.27364951372146606,1,fitzpatrick17k,fitz_fe9cef9e6b609fa344d5a681336c3b37,light,2,benign
1,0.4800890386104584,1,fitzpatrick17k,fitz_cb0516a3a69f69eb2d5b7eafcfa5fc22,medium,3,malignant
1,0.48598676919937134,1,fitzpatrick17k,fitz_44501b66878c664dcc464ac40ba90211,medium,3,malignant
0,0.22469359636306763,0,fitzpatrick17k,fitz_6f93aa757c0b91baceca396b7b76c90c,light,2,benign
0,0.18761558830738068,0,fitzpatrick17k,fitz_aa1951a8a09b8b08d1d30607ddf5770f,light,1,benign
0,0.2574196755886078,1,fitzpatrick17k,fitz_96fec92b4635d407429bf99b37b56b50,medium,3,benign
1,0.24108989536762238,1,fitzpatrick17k,fitz_f27b150981c616b704721a1fa8cc9374,medium,3,malignant
0,0.1954909712076187,0,fitzpatrick17k,fitz_f2eda43c2fa0e4d269fe8cc4baf1e7d6,dark,5,benign
0,0.34162625670433044,1,fitzpatrick17k,fitz_bc3621be57a0eeaec4b593b7be843ed4,light,1,benign
1,0.2739706337451935,1,fitzpatrick17k,fitz_72f9f788233f2c319950f11f67450fb5,medium,3,malignant
0,0.21660029888153076,0,fitzpatrick17k,fitz_e0cb7de355eb3b069e6714bd908a63cb,light,1,benign
1,0.22834768891334534,0,fitzpatrick17k,fitz_37027472ae69e4274eff83ff89c99d6d,light,1,malignant
1,0.31404608488082886,1,fitzpatrick17k,fitz_0ad35686cc836776ddb21346413d273e,medium,3,malignant
1,0.40599340200424194,1,fitzpatrick17k,fitz_46a52b0203c2e2e10adcfdb6dd3d30a0,medium,4,malignant
0,0.13731297850608826,0,fitzpatrick17k,fitz_db0585772571cb1d0bb61d1d13f6a052,medium,4,benign
1,0.46679621934890747,1,fitzpatrick17k,fitz_58aa51a65eb4f1aa268eca98ab1bc7b5,medium,4,malignant
0,0.20415964722633362,0,fitzpatrick17k,fitz_083693f96384f926cf469c0c9ef34c25,medium,4,benign
1,0.7271807789802551,1,fitzpatrick17k,fitz_d1e4e75a26460a43f613fbfe64464b55,light,2,malignant
1,0.31501656770706177,1,fitzpatrick17k,fitz_7075c2cde6d86aa53d709a2ead26b93f,light,2,malignant
1,0.3109888732433319,1,fitzpatrick17k,fitz_fdda53ce89d314229c5088ae449be8ee,medium,3,malignant
0,0.36224257946014404,1,fitzpatrick17k,fitz_6f6c77015a7eadb0fd805eb69fadafa7,light,2,benign
1,0.29409271478652954,1,fitzpatrick17k,fitz_fac24183c8bb25e3f3221dcc4421b95f,medium,3,malignant
1,0.3122183680534363,1,fitzpatrick17k,fitz_e5d72c33149dbbd5b9dd43f485796413,medium,3,malignant
0,0.21337264776229858,0,fitzpatrick17k,fitz_452670f5d314b708459d19b8e2c3326f,light,2,benign
1,0.543733537197113,1,fitzpatrick17k,fitz_9180caf457da660165757eb4de0cd35c,light,2,malignant
1,0.5888475775718689,1,fitzpatrick17k,fitz_e0e27fea7267d1d667081d79afdadd91,light,1,malignant
0,0.3775823414325714,1,fitzpatrick17k,fitz_1ee5e3e9e7a355ba2d70e35c79bac082,light,1,benign
1,0.4097738265991211,1,fitzpatrick17k,fitz_516b8ed8e7db3a27e68118aac9191fb5,light,2,malignant
0,0.23492836952209473,1,fitzpatrick17k,fitz_dd359277e3addda85c39c59feaf25b94,light,1,benign
0,0.29557666182518005,1,fitzpatrick17k,fitz_2003dff782042df5d9d3eca6bf3f6acb,dark,5,benign
1,0.6271964311599731,1,fitzpatrick17k,fitz_8c2c1f4033ef00e39ab32ac2a3cd5dfc,light,2,malignant
0,0.40605661273002625,1,fitzpatrick17k,fitz_a2abd32b2f43d0039dcde191919a88bf,light,1,benign
0,0.26869139075279236,1,fitzpatrick17k,fitz_70b8e8fca7963b3fafc74cbfa20274a5,medium,3,benign
1,0.2590647041797638,1,fitzpatrick17k,fitz_227aabac4aa7eca8fa4b9fb2abddc5a0,medium,3,malignant
0,0.35330259799957275,1,fitzpatrick17k,fitz_4c0cd9e89e0856ea4cebc3b04064861a,light,1,benign
0,0.5882276892662048,1,fitzpatrick17k,fitz_be1bc30308ed6b2b3bbb3a67996dd2e8,light,2,benign
0,0.1811092346906662,0,fitzpatrick17k,fitz_676f64c842eec80eded6a4b7da155a1a,medium,4,benign
1,0.25418543815612793,1,fitzpatrick17k,fitz_4f56807f47fe9a2dd46fbed3d38ad8c7,dark,6,malignant
0,0.17595981061458588,0,fitzpatrick17k,fitz_e8f882e1ef0c63548f06ce062136f7a0,medium,4,benign
1,0.7868509292602539,1,fitzpatrick17k,fitz_5f567374f688120109c2bab349ff21cf,light,2,malignant
0,0.24193108081817627,1,fitzpatrick17k,fitz_d6786927b91d6676c532d902bb219796,light,1,benign
0,0.4492214024066925,1,fitzpatrick17k,fitz_e6624fc386fccf658b66f732ae0392a3,light,2,benign
0,0.4803679585456848,1,fitzpatrick17k,fitz_0ae83657120b8043c6200a17e5e5dec8,medium,4,benign
0,0.2843446731567383,1,fitzpatrick17k,fitz_91a12888aa3eb6ac9011939352a9c6e2,dark,5,benign
0,0.22695772349834442,0,fitzpatrick17k,fitz_c652772dd70d369fefb99a7a8ab31b53,light,2,benign
1,0.3294994533061981,1,fitzpatrick17k,fitz_9289853db2501ac7d600ec0fc713cf5a,light,1,malignant
1,0.2748020589351654,1,fitzpatrick17k,fitz_cdb9d51cd1835796a6f898537693ee69,light,1,malignant
0,0.2587594985961914,1,fitzpatrick17k,fitz_8390f737db746285c7fc204e514dc08e,dark,5,benign
1,0.3030114471912384,1,fitzpatrick17k,fitz_6c0dd2544391e097ce4e832a5308ac83,light,2,malignant
1,0.555824339389801,1,fitzpatrick17k,fitz_83ce49e83a31bca8220080e97bbe7dca,light,2,malignant
1,0.3955953121185303,1,fitzpatrick17k,fitz_203f72e12bfd9132ba8f843eaa9a894f,light,2,malignant
0,0.5063004493713379,1,fitzpatrick17k,fitz_dd1fbd4548204025098aa9b7489ae169,light,1,benign
1,0.27253085374832153,1,fitzpatrick17k,fitz_6607d5ae0731bc91e322cc0e26d4f73d,medium,4,malignant
1,0.36333611607551575,1,fitzpatrick17k,fitz_7b2417ddf1a9d8f3fa5a7989d1b45c86,light,2,malignant
1,0.3840958774089813,1,fitzpatrick17k,fitz_9d994f1278a9788612fa2af179328c31,dark,6,malignant
0,0.17016908526420593,0,fitzpatrick17k,fitz_22c44b647b4b1d9a110cb159b1674183,medium,4,benign
0,0.36493268609046936,1,fitzpatrick17k,fitz_a2ced0e21e0c6bc98b5553f08829c186,medium,4,benign
0,0.350005179643631,1,fitzpatrick17k,fitz_177139bc4aeb665b8efd0f606d6d7391,light,2,benign
1,0.6771848201751709,1,fitzpatrick17k,fitz_ff7fc623af53e40e882be0c85c8b6877,light,2,malignant
0,0.28363510966300964,1,fitzpatrick17k,fitz_169e80201d74ace7a656554f30e2bd95,light,2,benign
0,0.17814277112483978,0,fitzpatrick17k,fitz_b1098b20b934997bfc37b366c6bbbf72,medium,4,benign
0,0.3542226254940033,1,fitzpatrick17k,fitz_308dd4a7bae1755b366667a82e2e7d02,medium,4,benign
0,0.1805213987827301,0,fitzpatrick17k,fitz_6e5b6dd420449782f1ab8046701408f7,light,1,benign
0,0.26557135581970215,1,fitzpatrick17k,fitz_7c966614667a9055f244ea4b32b74a15,medium,3,benign
0,0.25454872846603394,1,fitzpatrick17k,fitz_8fd64caa1504bbdf6d33933c9b6b6a35,medium,4,benign
0,0.20729011297225952,0,fitzpatrick17k,fitz_365aac442608711300939dbae45eb7d2,medium,3,benign
1,0.486248642206192,1,fitzpatrick17k,fitz_ebcb5f8fb40638b6e3e4159f11879a08,light,2,malignant
0,0.5682041645050049,1,fitzpatrick17k,fitz_2dabcd75a550fda4a489b2b92b0e1f1a,light,2,benign
0,0.33967354893684387,1,fitzpatrick17k,fitz_3aef03ecc3e4c163acc454eec08eec71,light,2,benign
0,0.22778888046741486,0,fitzpatrick17k,fitz_5f1de163a9b6dbe52a516085848399d3,medium,4,benign
0,0.3204840421676636,1,fitzpatrick17k,fitz_954ea7a3d146498218f9b95c568a8474,medium,3,benign
0,0.486644983291626,1,fitzpatrick17k,fitz_3f5d673db4196bc614be8d9e0487b3d5,medium,3,benign
0,0.6502177119255066,1,fitzpatrick17k,fitz_018216845bb29c0717a0b01a038b96eb,light,2,benign
0,0.2506141662597656,1,fitzpatrick17k,fitz_b1c9609637096b385fa48fde4a908bf3,light,1,benign
1,0.7425611019134521,1,fitzpatrick17k,fitz_9f0704d534bda1e469eb5e19bd4aa4e6,light,1,malignant
1,0.5687450766563416,1,fitzpatrick17k,fitz_f77c1c3ab01cf6fb70d8de77238ed3d6,light,1,malignant
0,0.20279769599437714,0,fitzpatrick17k,fitz_5ec9109b6b51f49e0dfa8450a5e092be,light,2,benign
0,0.21551617980003357,0,fitzpatrick17k,fitz_ba3b05057183a7678520ecdebdd4f0fc,medium,4,benign
1,0.18693549931049347,0,fitzpatrick17k,fitz_256e58f0e342d523cae925d1a3e55a38,light,2,malignant
0,0.21229642629623413,0,fitzpatrick17k,fitz_d5e7eeb645ea0964bf974e59325870a7,light,2,benign
0,0.24371398985385895,1,fitzpatrick17k,fitz_285b7f018c0d7079fadc9f276494643f,dark,5,benign
0,0.35237178206443787,1,fitzpatrick17k,fitz_e45706ee7d420f0d5819e056985b8f5c,light,2,benign
0,0.6094825267791748,1,fitzpatrick17k,fitz_eacd4872fc1a9795b060d5575ad5b8d1,medium,4,benign
0,0.2591073513031006,1,fitzpatrick17k,fitz_d52c33f0ce4c9947fc062f4c95ab50f2,light,1,benign
1,0.5462945699691772,1,fitzpatrick17k,fitz_edaf72dfe0910228db8eb491ed9dc2b3,light,1,malignant
1,0.4541892409324646,1,fitzpatrick17k,fitz_771fff032a6c7854eb8509f5849e929e,medium,4,malignant
0,0.731043815612793,1,fitzpatrick17k,fitz_25f6a083995ad41ed8c8017e38054c16,medium,4,benign
0,0.34003329277038574,1,fitzpatrick17k,fitz_fa866bb459eb719101f756a3b6244ca4,light,1,benign
1,0.7032315135002136,1,fitzpatrick17k,fitz_fb645ff861b4aa453c8bc1208a93184c,light,2,malignant
0,0.20790371298789978,0,fitzpatrick17k,fitz_409819704e132fbf1af7972247a61477,light,2,benign
1,0.3842213451862335,1,fitzpatrick17k,fitz_629c6d2a96d0084137cfcb51875f2c79,dark,6,malignant
0,0.455085426568985,1,fitzpatrick17k,fitz_f1b8c67eaa33834ea89a104d3c7f8490,dark,5,benign
1,0.1648942530155182,0,fitzpatrick17k,fitz_3463d25c4b8bc5061a3faa4ca6715537,light,2,malignant
0,0.1360682100057602,0,fitzpatrick17k,fitz_886e41a00b7d754d53e7ecd9dec9058f,light,1,benign
1,0.17767435312271118,0,fitzpatrick17k,fitz_83f39daba0fbd5d90c07da1eb1c4f80e,light,2,malignant
0,0.08816906809806824,0,fitzpatrick17k,fitz_1e3e5761175f38b492a4180a308b13ba,medium,4,benign
1,0.28011354804039,1,fitzpatrick17k,fitz_fe7e88943637af0b837b6aaf8e49ef3a,light,2,malignant
0,0.24655143916606903,1,fitzpatrick17k,fitz_f385a3de0dadebad91f1311435e7f9a3,medium,3,benign
1,0.39007246494293213,1,fitzpatrick17k,fitz_163d9c550fad4704990a3d1b8183d0f8,light,2,malignant
1,0.3370913863182068,1,fitzpatrick17k,fitz_0a94f46a7263ca3073e55f337b279af4,medium,4,malignant
1,0.5494701266288757,1,fitzpatrick17k,fitz_4a42c72a20a24c80ee1d43aca4a1e498,medium,3,malignant
1,0.22786971926689148,0,fitzpatrick17k,fitz_c05b03bcef867fca1e842f5226089b2c,light,2,malignant
0,0.1873512864112854,0,fitzpatrick17k,fitz_950f1320c1fdba94399684868ba0177f,light,1,benign
0,0.1911214292049408,0,fitzpatrick17k,fitz_94d55bd2f59807720ed675dfd24cf9a3,light,1,benign
0,0.3172518312931061,1,fitzpatrick17k,fitz_c5af585a16245dc7a70c02a7df8157b6,light,2,benign
1,0.21976250410079956,0,fitzpatrick17k,fitz_c278fa07eb2f5e4681545a953d9570ee,light,2,malignant
0,0.43807220458984375,1,fitzpatrick17k,fitz_3cf5e3dbdd120e33f88f3f7351adaf3c,light,2,benign
0,0.042140472680330276,0,fitzpatrick17k,fitz_762bafbb99839f197db2bc5ce1a0f062,light,2,benign
0,0.2720987796783447,1,fitzpatrick17k,fitz_111a3c49a26b36e336c1bc0b6ad4d354,medium,4,benign
1,0.2356904298067093,1,fitzpatrick17k,fitz_69568fbb5f210c22cc07d54a578dfffe,medium,4,malignant
1,0.4808223843574524,1,fitzpatrick17k,fitz_e84e4787a90ac8563d72c03f6aa0e1b4,light,2,malignant
0,0.35957813262939453,1,fitzpatrick17k,fitz_8169683ac60b87ed3de3870d8a5e1c19,light,1,benign
1,0.4024656414985657,1,fitzpatrick17k,fitz_454e68bf5705eabf0f4d28fc1dbd77be,dark,6,malignant
0,0.4236489236354828,1,fitzpatrick17k,fitz_f64dc9f426c207b5cf918983cbeebfc2,light,1,benign
0,0.5941076874732971,1,fitzpatrick17k,fitz_88e1b03603048dc9ffd7cc045806725e,light,1,benign
0,0.23547355830669403,1,fitzpatrick17k,fitz_30a0b728b7c6da516439bae2e0b0cf20,dark,6,benign
0,0.25079888105392456,1,fitzpatrick17k,fitz_7414a1d3b0319e921a73b2dbf874b7c9,medium,3,benign
1,0.9234048128128052,1,fitzpatrick17k,fitz_aced50eca3b94bc5a21142c87d461e01,light,1,malignant
0,0.22177749872207642,0,fitzpatrick17k,fitz_1f38d003c693895e84f419e3c185d212,light,2,benign
0,0.7630701065063477,1,fitzpatrick17k,fitz_75c6ea8bd73ca6164b0a666afe401274,light,2,benign
1,0.3082161843776703,1,fitzpatrick17k,fitz_6c76dd4272bca93a132fbcbd7500877a,light,2,malignant
0,0.20736746490001678,0,fitzpatrick17k,fitz_17671141fadfbc7d358a5e2cc4b98b58,light,1,benign
0,0.17389045655727386,0,fitzpatrick17k,fitz_3caec8f065c0e4fca0e99961f4cc75a0,medium,3,benign
0,0.16386230289936066,0,fitzpatrick17k,fitz_0e5d6012abf6f15a43ea56071b4ab604,medium,3,benign
0,0.2213575690984726,0,fitzpatrick17k,fitz_ea5aafbb230f654c1ee46aa7fd6f1047,light,1,benign
0,0.23309116065502167,1,fitzpatrick17k,fitz_ad2973614470d0f10c8a56294ab282b8,medium,4,benign
1,0.5330451726913452,1,fitzpatrick17k,fitz_f78395e7569fea6aa0263b0680b39fed,light,1,malignant
1,0.1681533306837082,0,fitzpatrick17k,fitz_a7d96aa10f75ec5c93c09a6bfbbc7fd7,light,1,malignant
1,0.7203189730644226,1,fitzpatrick17k,fitz_0ef0d6fa3124b76205a8d514b22fafaa,medium,3,malignant
0,0.432119756937027,1,fitzpatrick17k,fitz_54ed3d7dfd9a6e606a3653ecc1d92052,light,1,benign
0,0.2858034670352936,1,fitzpatrick17k,fitz_453c86b753e7f0e8695a103e337c35d9,medium,4,benign
0,0.27085378766059875,1,fitzpatrick17k,fitz_1159baff8f88203abab99fba69865c24,medium,3,benign
1,0.15883542597293854,0,fitzpatrick17k,fitz_18848f2fd60a8534d91b20b6da849c53,light,2,malignant
1,0.33859312534332275,1,fitzpatrick17k,fitz_c12375fa8da3696e9198df1fd74703c1,light,1,malignant
1,0.4849430024623871,1,fitzpatrick17k,fitz_317463824f8d009c93668328a1b21ef5,medium,3,malignant
0,0.22110754251480103,0,fitzpatrick17k,fitz_fcd868bf19f1852e42349f5fa5824af5,medium,3,benign
1,0.34524065256118774,1,fitzpatrick17k,fitz_44dd09cec3d8e1a42c64235346e4d062,medium,4,malignant
1,0.263404905796051,1,fitzpatrick17k,fitz_0bcd16b715c47df35609c723676d6f42,medium,4,malignant
0,0.326786607503891,1,fitzpatrick17k,fitz_23298fb4037f3307f5a65b9e65d201a5,dark,6,benign
1,0.5746110677719116,1,fitzpatrick17k,fitz_6323e7bf168cb3f170902b24cd05e8c4,light,2,malignant
1,0.47806796431541443,1,fitzpatrick17k,fitz_99b82081c1a3ed00b502c69d6fe5809f,light,1,malignant
1,0.3753419518470764,1,fitzpatrick17k,fitz_9695951a2cb28eb40557aa22e201b9c4,light,1,malignant
1,0.3449777662754059,1,fitzpatrick17k,fitz_0f644501a2c12e1bf8edf3ac59103ae4,light,2,malignant
0,0.6243323087692261,1,fitzpatrick17k,fitz_26ca1663d0d35255aa471578fd030131,dark,5,benign
1,0.35950925946235657,1,fitzpatrick17k,fitz_bba3db5954f7975d59a37347222d954d,dark,5,malignant
0,0.11216405779123306,0,fitzpatrick17k,fitz_babe125be18f7ba4fa8a2f7eafce4693,medium,4,benign
0,0.20441663265228271,0,fitzpatrick17k,fitz_ccca6710869a4978acf55f5101088a88,medium,4,benign
0,0.5917983651161194,1,fitzpatrick17k,fitz_aa4cec561d77dd60dc4476a0e0d61992,medium,3,benign
1,0.3843482732772827,1,fitzpatrick17k,fitz_48cec03c27c9107baa6cea045851ec23,light,2,malignant
0,0.3454830050468445,1,fitzpatrick17k,fitz_5c81dac7d18a14bfd34a087e0c04195f,light,1,benign
0,0.30091047286987305,1,fitzpatrick17k,fitz_cfc614c4f422aa8fdf084cd0843d37fe,light,2,benign
1,0.24290287494659424,1,fitzpatrick17k,fitz_b38e8cb50b2d60ecd2d2e2a9da5930b2,light,2,malignant
0,0.2202131152153015,0,fitzpatrick17k,fitz_edb47f0f7a10ad7f4fc60f27094dbecd,light,1,benign
0,0.5551697611808777,1,fitzpatrick17k,fitz_e417b5f3c269cd00089cd0b5366ba7e8,medium,3,benign
0,0.35091981291770935,1,fitzpatrick17k,fitz_799fd4e193ca4becad96d25a41587e53,light,2,benign
0,0.21694417297840118,0,fitzpatrick17k,fitz_a5b74f0f8c740b49f46f008db324a096,medium,3,benign
1,0.2806928753852844,1,fitzpatrick17k,fitz_8785763d2142f4d5fb2cab27018caa18,light,2,malignant
1,0.2949456572532654,1,fitzpatrick17k,fitz_a8d1e541c8fcaf013375a51153570ed1,light,1,malignant
0,0.5260454416275024,1,fitzpatrick17k,fitz_238ade66921ce82f2fc2b6ac4862329c,dark,5,benign
1,0.2856070101261139,1,fitzpatrick17k,fitz_57ed49e9e7286aa931775ca9fe0052d7,dark,6,malignant
0,0.3506757318973541,1,fitzpatrick17k,fitz_01dddf6f1f6e6715829f03db6e797472,light,1,benign
1,0.7122689485549927,1,fitzpatrick17k,fitz_6f6f8c6bb2e0d48e9c6b4d4345ab56b7,light,2,malignant
0,0.2546369731426239,1,fitzpatrick17k,fitz_f2a275f5f8fe396644e1601abfe356f9,light,2,benign
1,0.5168116092681885,1,fitzpatrick17k,fitz_62d277784521ca0bc25d6e91268b3c71,light,2,malignant
1,0.6149478554725647,1,fitzpatrick17k,fitz_33b93a3dabdd6249159f5f3b1661f218,light,1,malignant
1,0.408211350440979,1,fitzpatrick17k,fitz_fb1ab021788e2478d946e0198b7e2e8e,dark,5,malignant
1,0.5523008704185486,1,fitzpatrick17k,fitz_42bd014b8d42437fbb9849ae52d00e5d,medium,3,malignant
1,0.3826209604740143,1,fitzpatrick17k,fitz_bc578ce738482dd8f76af0c5ef32bca6,medium,3,malignant
1,0.3764500319957733,1,fitzpatrick17k,fitz_32d5ea62a40ae59a3fef3ca07e24439c,dark,5,malignant
1,0.35121482610702515,1,fitzpatrick17k,fitz_44c91c12f8b40bdad75905d0a51553e8,medium,3,malignant
0,0.2217770367860794,0,fitzpatrick17k,fitz_a9df130f561e5f8a649e6fd2ecf227f5,light,2,benign
0,0.60272616147995,1,fitzpatrick17k,fitz_df7a29a21bbad544068a9a45fb340893,light,1,benign
1,0.20147646963596344,0,fitzpatrick17k,fitz_c8f2bae4a66a6efd22da431e3f54f441,light,2,malignant
1,0.38934314250946045,1,fitzpatrick17k,fitz_e5f60c3df54b89be09ef1f99d524e82a,dark,5,malignant
1,0.5552345514297485,1,fitzpatrick17k,fitz_95ac125ff5c616b972d9be4419f2a7a6,light,1,malignant
1,0.34594810009002686,1,fitzpatrick17k,fitz_4ef7b09678867c6921d5385ecb18aef2,light,1,malignant
1,0.4136870205402374,1,fitzpatrick17k,fitz_20cc2e089e50034c164fb3e49bad142f,light,1,malignant
1,0.23840223252773285,1,fitzpatrick17k,fitz_25f0286ffedff3a8a17bcdb8f220cdaf,medium,4,malignant
0,0.6943624019622803,1,fitzpatrick17k,fitz_112b232367766cbb661c931b22c7d4e6,dark,5,benign
1,0.34907594323158264,1,fitzpatrick17k,fitz_1186bc81d691487a953153cc0818a28c,medium,4,malignant
0,0.3816480040550232,1,fitzpatrick17k,fitz_0c01c55eee22e93966c8125652f4509c,dark,6,benign
0,0.6460317969322205,1,fitzpatrick17k,fitz_6e1984f562128aeecc2e88316623fd77,medium,4,benign
1,0.22440175712108612,0,fitzpatrick17k,fitz_c9d7841b24e456ae4b89e60afafd9bbd,medium,3,malignant
1,0.33243370056152344,1,fitzpatrick17k,fitz_54023705b87b95747f0731684ffb37b4,light,2,malignant
0,0.45683762431144714,1,fitzpatrick17k,fitz_85e83ebff5ac06f0f99df2a7758aaac6,dark,5,benign
0,0.2694460153579712,1,fitzpatrick17k,fitz_7f74ada2ba771b31aa9eb2c07e0dada5,light,1,benign
1,0.42400062084198,1,fitzpatrick17k,fitz_61d0e40071c675db6da228de6c04e292,dark,5,malignant
0,0.24020835757255554,1,fitzpatrick17k,fitz_763ebb49235a2e20644e8f5a83b94d18,medium,3,benign
0,0.360917329788208,1,fitzpatrick17k,fitz_f6fe73e66c6d27e33da417c8bc431847,dark,5,benign
0,0.1867842674255371,0,fitzpatrick17k,fitz_62caa23f36486018c30a3e3e0b946b48,light,1,benign
0,0.5243836641311646,1,fitzpatrick17k,fitz_58accb1cc00a952e8689b24b73528d8a,light,2,benign
1,0.5492079854011536,1,fitzpatrick17k,fitz_4f2cfcc16aba1a336c56c83cbe6ce1a8,medium,3,malignant
1,0.3943258821964264,1,fitzpatrick17k,fitz_f711b066923256aee2aa897848b58ece,light,2,malignant
1,0.7845673561096191,1,fitzpatrick17k,fitz_50c5fdef946e0cd8ef022a82c6167381,light,1,malignant
1,0.49338918924331665,1,fitzpatrick17k,fitz_3c8561db288ae7144a8e09b49121b132,light,1,malignant
0,0.24180571734905243,1,fitzpatrick17k,fitz_f5289a44be7bbf579e192c12774390c2,medium,4,benign
0,0.14111235737800598,0,fitzpatrick17k,fitz_eb004e70cf162d77ba002ffa5cef9217,light,1,benign
1,0.642272412776947,1,fitzpatrick17k,fitz_e67b930ae640f110d216563f46404c06,light,2,malignant
0,0.240742027759552,1,fitzpatrick17k,fitz_1579faa0f477950e3aec43bdeeee8860,light,2,benign
1,0.41134557127952576,1,fitzpatrick17k,fitz_975fab05cb8c08459c293ab433080aef,light,2,malignant
0,0.2105518877506256,0,fitzpatrick17k,fitz_59c41d61a56aecc3f0a36c94956f7d72,light,1,benign
0,0.34840354323387146,1,fitzpatrick17k,fitz_83d314e140426d1a7cd1e915470aa532,dark,5,benign
0,0.15076027810573578,0,fitzpatrick17k,fitz_37efc50b4a1755cb4a489dc0620a4096,medium,3,benign
1,0.3469022810459137,1,fitzpatrick17k,fitz_86055a71df0b07eb091c0883f47dff26,medium,3,malignant
1,0.5949313640594482,1,fitzpatrick17k,fitz_b222feca6ef56a50502589690b14cb1a,light,1,malignant
0,0.22010956704616547,0,fitzpatrick17k,fitz_06fce53b79b05c19c2d2c8114f280fd1,medium,4,benign
1,0.4269222021102905,1,fitzpatrick17k,fitz_fce617ed190a7d97bfad65ebb6e767d7,light,1,malignant
0,0.32648584246635437,1,fitzpatrick17k,fitz_deb7f9173d96ad9562d8957eccaeb2a7,light,1,benign
1,0.7267677783966064,1,fitzpatrick17k,fitz_97ae91111b8028ee3ce13d6d2bbe2fc5,dark,5,malignant
1,0.5116865634918213,1,fitzpatrick17k,fitz_9ec57ddbac15eba36a635c7c7eb7b4c0,light,2,malignant
0,0.3011123239994049,1,fitzpatrick17k,fitz_43b19bd35ada57fd3fdf95891f806fe9,light,2,benign
1,0.5631975531578064,1,fitzpatrick17k,fitz_0fc62c72c433cd6f7ff35d6ba510ac48,light,1,malignant
1,0.5574065446853638,1,fitzpatrick17k,fitz_abecb063d11b6607bacd2fd04026d2fb,light,2,malignant
0,0.21845543384552002,0,fitzpatrick17k,fitz_01bebaa9dd8897bcab5aa8b16a5bfce3,medium,3,benign
0,0.19561609625816345,0,fitzpatrick17k,fitz_6533d8ead95d03c2eddfae92875c1c3e,light,2,benign
0,0.26636844873428345,1,fitzpatrick17k,fitz_6c8b17c2502ade3908f3778a385e4e47,light,2,benign
1,0.42048561573028564,1,fitzpatrick17k,fitz_8a82dec5919fd014a82bd03d62ae4055,medium,3,malignant
1,0.2141146957874298,0,fitzpatrick17k,fitz_3796ac871478fc20b99532cd9f04b6cc,dark,5,malignant
1,0.40006622672080994,1,fitzpatrick17k,fitz_c2ef361b2ec9d96245e58507b93e9c51,light,2,malignant
1,0.18132667243480682,0,fitzpatrick17k,fitz_6e3bca92f9dec4baa442cec3c10e1161,light,2,malignant
1,0.43645966053009033,1,fitzpatrick17k,fitz_6cf10bfb15d43652310bd5ce509069a9,medium,4,malignant
0,0.2671757936477661,1,fitzpatrick17k,fitz_3217ba36e80b39e457245877a77349d8,light,1,benign
0,0.4024740159511566,1,fitzpatrick17k,fitz_7a6e02f2286cac61a014e88b5619bffa,light,1,benign
0,0.19177857041358948,0,fitzpatrick17k,fitz_c329c20ec5c8b1275abcc368e0e4f43b,light,2,benign
1,0.1790620982646942,0,fitzpatrick17k,fitz_fc6e05f39ad27f0d3717f4fb51e607ef,light,1,malignant
0,0.3324631154537201,1,fitzpatrick17k,fitz_33d93df0460a9fb973114c7ed9bf4de8,light,1,benign
1,0.4595634341239929,1,fitzpatrick17k,fitz_2acfb2445e28ad5daacb391257171611,light,2,malignant
1,0.6613107323646545,1,fitzpatrick17k,fitz_4ea4ab5f3ef5e7f1b8b422eaff3066f6,light,1,malignant
0,0.31783977150917053,1,fitzpatrick17k,fitz_872d559389f4fe809c69cdefb62777ba,medium,3,benign
1,0.7093978524208069,1,fitzpatrick17k,fitz_1fc1eff4c66e8e14b039964fac65ba7e,dark,6,malignant
0,0.18375301361083984,0,fitzpatrick17k,fitz_32acc72c4d4c0d7659280c2dba57b948,medium,3,benign
0,0.14545254409313202,0,fitzpatrick17k,fitz_aedc43302200cc1743842a25a2e2b34e,light,1,benign
1,0.19733227789402008,0,fitzpatrick17k,fitz_3e7cc92ca80c6803524f926940957f8f,light,2,malignant
1,0.49109962582588196,1,fitzpatrick17k,fitz_4ef4e764a2ae0de2bd5d15affdf8cc20,medium,4,malignant
0,0.2436206340789795,1,fitzpatrick17k,fitz_4ebb78e463dd08523ced087cb11b1650,light,1,benign
1,0.4294728636741638,1,fitzpatrick17k,fitz_547fd367c30b04f56988da2c5aab46f4,light,1,malignant
0,0.19844216108322144,0,fitzpatrick17k,fitz_e4e454f19f97b4438229aa58ead1d365,light,2,benign
0,0.29080256819725037,1,fitzpatrick17k,fitz_dff65d3627209e52cbf5f2af52c5f2ef,light,1,benign
1,0.39839857816696167,1,fitzpatrick17k,fitz_54ea7e8da3eb7259216baaa66eecfcec,medium,4,malignant
0,0.2391943782567978,1,fitzpatrick17k,fitz_b2c2ae2a075ace424a68eed4a0b196ef,medium,4,benign
1,0.35973867774009705,1,fitzpatrick17k,fitz_e64bc4a3e3dfc2db301f0b8c64253da5,medium,4,malignant
1,0.40937891602516174,1,fitzpatrick17k,fitz_855091d4e9e28177eddbe7528da50f52,light,2,malignant
1,0.38226109743118286,1,fitzpatrick17k,fitz_66f46297056511b1057d5c31ad7acd23,light,1,malignant
0,0.2919618487358093,1,fitzpatrick17k,fitz_8a8e93a085afe161ed0d75aebaf6d752,light,1,benign
0,0.3881308436393738,1,fitzpatrick17k,fitz_b4b6da99a5030dbd1e346bb2672a2572,medium,3,benign
1,0.9606338143348694,1,fitzpatrick17k,fitz_a5ada31a7c9cfbc58ff478d092a015b6,light,1,malignant
0,0.3549453318119049,1,fitzpatrick17k,fitz_935e9b16cd6eca6242e054234fa2e020,dark,5,benign
1,0.29638636112213135,1,fitzpatrick17k,fitz_860fa241917eb601c41de191a6fab1f8,medium,3,malignant
0,0.1773798018693924,0,fitzpatrick17k,fitz_13aeee2d0e9c61d9d86714c96f9dbd0c,dark,6,benign
0,0.19507014751434326,0,fitzpatrick17k,fitz_f6109f70b663e04b94a08065e4d91340,light,2,benign
1,0.4694770872592926,1,fitzpatrick17k,fitz_2222992c3bb757f63b0f36674ea0e5f2,light,1,malignant
1,0.2594165802001953,1,fitzpatrick17k,fitz_330f594ff345fbdd5b58ed187003b067,light,1,malignant
1,0.4063778221607208,1,fitzpatrick17k,fitz_3bc65e392aaeb35c1c6d871831a2b71c,light,1,malignant
1,0.5115266442298889,1,fitzpatrick17k,fitz_a3a0ffe406386ff29eb7a6cebc3c4985,light,1,malignant
0,0.5347055792808533,1,fitzpatrick17k,fitz_132a3c58203c070e74e9791b04bd4fff,light,2,benign
0,0.1696506291627884,0,fitzpatrick17k,fitz_e13ae089941057d7ad6779f7092cb4e4,medium,3,benign
1,0.5312342047691345,1,fitzpatrick17k,fitz_45b54dadb3dfc9b5f0daaf9359fcbc43,medium,4,malignant
1,0.24501173198223114,1,fitzpatrick17k,fitz_34b96fce6c498a5b58c64227ee8b8b2c,light,1,malignant
1,0.3990314304828644,1,fitzpatrick17k,fitz_05eae8b3cf51683f62e9dcedd403c9ac,light,2,malignant
0,0.24987244606018066,1,fitzpatrick17k,fitz_20d5f8c267aa61d08472efe48dc51010,light,2,benign
1,0.649632453918457,1,fitzpatrick17k,fitz_bcd9a842f246259d1fa54199aa5c6905,light,2,malignant
1,0.42085880041122437,1,fitzpatrick17k,fitz_6eb126c1caf11faa3beb61fb4a489dae,light,2,malignant
0,0.16130775213241577,0,fitzpatrick17k,fitz_3f7ec88191c117596be47dbb6807a6c0,light,2,benign
0,0.17552146315574646,0,fitzpatrick17k,fitz_f28a23e1108a79279117c9c6c3776e66,light,2,benign
0,0.27235695719718933,1,fitzpatrick17k,fitz_86d419d19d1af5e98932aadd8492ddb3,light,1,benign
0,0.27166327834129333,1,fitzpatrick17k,fitz_211872fe4a7d35f67b9293acc6485271,medium,3,benign
1,0.41205495595932007,1,fitzpatrick17k,fitz_1b1a8cfbe054b2fa9895a08644a10e28,light,1,malignant
1,0.5327928066253662,1,fitzpatrick17k,fitz_15447b78321c1555992bccdb9a6aa54c,dark,5,malignant
1,0.738284170627594,1,fitzpatrick17k,fitz_c44f442003cee331175ba5eb38b9a900,light,1,malignant
1,0.526214063167572,1,fitzpatrick17k,fitz_8579d8e49e2dd64d3969d8a16bf2a8c6,light,1,malignant
0,0.204305037856102,0,fitzpatrick17k,fitz_41c04ddd82aea245cdf7e98a0ce82ece,light,2,benign
1,0.45676714181900024,1,fitzpatrick17k,fitz_88981464f1de6c3632f3a469727e0961,light,2,malignant
0,0.3958457410335541,1,fitzpatrick17k,fitz_8902bc05554d3ff316575246688a5286,light,1,benign
0,0.25341933965682983,1,fitzpatrick17k,fitz_c273d2ad583d0c0d4031734914ca6c76,medium,4,benign
1,0.3199048638343811,1,fitzpatrick17k,fitz_26af46de6876850daa2cddc2b85acc46,light,2,malignant
1,0.3956544101238251,1,fitzpatrick17k,fitz_fa467dcb4d8456e3d1b1696452951650,dark,5,malignant
0,0.35306236147880554,1,fitzpatrick17k,fitz_f18b9bd6c541fa3c97e8b4007158dddc,light,2,benign
1,0.3206743001937866,1,fitzpatrick17k,fitz_3a53ca1051283d46649008921c687d29,light,2,malignant
1,0.430632621049881,1,fitzpatrick17k,fitz_e4e6247b65749ac9939b1465693e9bfb,light,1,malignant
0,0.13929195702075958,0,fitzpatrick17k,fitz_c41643194aa3caf3969d201020f5ec12,medium,3,benign
0,0.2678373157978058,1,fitzpatrick17k,fitz_f10d67d36e9b1db7df7d4f44b3126b28,light,2,benign
1,0.30901089310646057,1,fitzpatrick17k,fitz_1e5bfd1c3fe8617d6963470286e8e1ca,medium,3,malignant
0,0.39637717604637146,1,fitzpatrick17k,fitz_d34ce41a600828f4485015ed149ce8df,medium,3,benign
1,0.2756538987159729,1,fitzpatrick17k,fitz_00f1b7bb9581e91250a2bb224c3321b8,medium,4,malignant
0,0.2533547282218933,1,fitzpatrick17k,fitz_bccb35d2a45a3b17d7b5401d6a1c00be,light,1,benign
0,0.2907266616821289,1,fitzpatrick17k,fitz_08884980f7d22aa925644154eb0c2bba,dark,6,benign
0,0.4696617126464844,1,fitzpatrick17k,fitz_1f9f3e0024823814500c723134d988a7,medium,4,benign
0,0.16726328432559967,0,fitzpatrick17k,fitz_2cdf5e087ec5a0e6314546804e1a8f0f,medium,4,benign
1,0.4841206967830658,1,fitzpatrick17k,fitz_ab4abc3e9ffa363dabdf695e768e9c44,light,1,malignant
0,0.31379029154777527,1,fitzpatrick17k,fitz_56556910e0dbf4960d3c11d1f1fdef40,light,1,benign
1,0.23578239977359772,1,fitzpatrick17k,fitz_9babf34fc0f07684d47a13181944f424,medium,4,malignant
0,0.3631170988082886,1,fitzpatrick17k,fitz_1f12c62df49fd29ed0ded41bd028e82e,dark,6,benign
0,0.34554150700569153,1,fitzpatrick17k,fitz_3d2725644347e8b2d567c79c424671f8,light,1,benign
0,0.163335382938385,0,fitzpatrick17k,fitz_4a958c12fef4511b0eef5aa17f66576e,medium,3,benign
0,0.3590415418148041,1,fitzpatrick17k,fitz_d1d7decacddf2cae04a23a7046d49cb3,medium,3,benign
1,0.4139733910560608,1,fitzpatrick17k,fitz_f1bdfe975f053e9b464b14f555db1aec,light,2,malignant
0,0.1758640706539154,0,fitzpatrick17k,fitz_c3a7fe65560cc968c6b10da456d45c52,medium,3,benign
0,0.20771095156669617,0,fitzpatrick17k,fitz_4b58e120c1ae30eccbff95087c365455,light,2,benign
1,0.3966354429721832,1,fitzpatrick17k,fitz_bee428af68657ff702c769092b1998c6,dark,6,malignant
0,0.5843983888626099,1,fitzpatrick17k,fitz_43545a1cc35c9591485ebc5535cf6793,medium,4,benign
0,0.37595269083976746,1,fitzpatrick17k,fitz_2d7c7bced96404fbdfeb3f853c43fd63,medium,3,benign
1,0.7025706171989441,1,fitzpatrick17k,fitz_c981272fd9a6623b9b93bfff1d5d21e5,light,2,malignant
0,0.19273334741592407,0,fitzpatrick17k,fitz_5be264526f553e10707d694bdf5623d3,light,2,benign
0,0.2786373496055603,1,fitzpatrick17k,fitz_58e9650ff17c44666bc3778762242d67,light,1,benign
1,0.4832035005092621,1,fitzpatrick17k,fitz_184d4c82d2d715ccc299db11357ea24c,medium,4,malignant
1,0.3133428692817688,1,fitzpatrick17k,fitz_bbcdfd6a6f2cb4479c65e1eedc025b18,light,1,malignant
0,0.43424779176712036,1,fitzpatrick17k,fitz_1434d60a40572f05850b0420857bad31,light,2,benign
0,0.19291827082633972,0,fitzpatrick17k,fitz_77fd685d2327bc0f412f89d497e3a55d,dark,5,benign
1,0.34186169505119324,1,fitzpatrick17k,fitz_6b6705ed6b9483de34a5293136ece4d7,dark,6,malignant
1,0.19574521481990814,0,fitzpatrick17k,fitz_95e4e2ee44567f284171a4f368a7aecd,medium,3,malignant
0,0.18151633441448212,0,fitzpatrick17k,fitz_1470949e388d233341041b24e8dd6f1d,light,2,benign
0,0.35790494084358215,1,fitzpatrick17k,fitz_713057e92d074a42877ca7c50c7816ad,light,2,benign
0,0.30803996324539185,1,fitzpatrick17k,fitz_0eb1fedf42e7f9a7d93284d0fee9dc2e,medium,4,benign
1,0.17806674540042877,0,fitzpatrick17k,fitz_6abeff81c2df7fe39f0c0dfe688b6969,light,1,malignant
1,0.6367296576499939,1,fitzpatrick17k,fitz_130b209f100bcbbd8b444f22ea3cbb24,light,1,malignant
1,0.42830121517181396,1,fitzpatrick17k,fitz_1819beee65e4cd630736f3542ce6a586,medium,3,malignant
0,0.22781850397586823,0,fitzpatrick17k,fitz_a743f74b27f769f56bc4f6d1eebe587c,light,1,benign
1,0.3879440724849701,1,fitzpatrick17k,fitz_2882e2a31a604e3633e61708802d5926,light,2,malignant
0,0.2903357744216919,1,fitzpatrick17k,fitz_0c5cba55ae3879428360b0d9b0340b6c,medium,4,benign
1,0.2322474718093872,0,fitzpatrick17k,fitz_16732968b8b8bf0e9dc529bb65031adf,medium,3,malignant
0,0.37185773253440857,1,fitzpatrick17k,fitz_fd06d13de341cc75ad679916c5d7e6a6,medium,4,benign
0,0.23536938428878784,1,fitzpatrick17k,fitz_5d08b1474179bb4874416b01064b56ae,light,2,benign
1,0.383760541677475,1,fitzpatrick17k,fitz_f9bad8397240785f99a7659cf87a820f,medium,4,malignant
1,0.8445007801055908,1,fitzpatrick17k,fitz_8762fce8f5074f4b742bd8c69b83330b,light,1,malignant
0,0.20634005963802338,0,fitzpatrick17k,fitz_4be198213a295a1a9c43a85b67bfba40,light,1,benign
0,0.20369116961956024,0,fitzpatrick17k,fitz_d653edb6aa702f095a9b00550738a821,light,1,benign
1,0.31889963150024414,1,fitzpatrick17k,fitz_3b843066b041e22f335a890eae042b2a,light,2,malignant
0,0.3359326124191284,1,fitzpatrick17k,fitz_aa07d5ff21753220717afa06e64daea8,medium,4,benign
1,0.31047147512435913,1,fitzpatrick17k,fitz_b02abb6e18e64ffd99083dcf884ad75a,dark,6,malignant
0,0.2946462631225586,1,fitzpatrick17k,fitz_05db6170dda8764579bdc0e0d401fa33,medium,3,benign
0,0.343929260969162,1,fitzpatrick17k,fitz_2a271900fcedee1afe14d81485e1cac9,dark,5,benign
1,0.5402112007141113,1,fitzpatrick17k,fitz_a8ffa90c01aaf037a5a965209eafef6f,light,2,malignant
0,0.1552664190530777,0,fitzpatrick17k,fitz_1db228b878cf9e99681fd881c1d70e3b,medium,3,benign
1,0.7560902237892151,1,fitzpatrick17k,fitz_98246d823da6fbd5d0c345dfc8a63d5c,light,1,malignant
1,0.8047806620597839,1,fitzpatrick17k,fitz_2dbfde719030684dfeb4475ada20ef66,light,1,malignant
1,0.34821248054504395,1,fitzpatrick17k,fitz_64c07aac49ad73078795d74a2ef6c860,medium,3,malignant
0,0.4383558928966522,1,fitzpatrick17k,fitz_fec8fe4925a926994b0b858304cf4fa2,medium,3,benign
1,0.8806972503662109,1,fitzpatrick17k,fitz_4e650d081d0829b235247711d43e636a,light,2,malignant
0,0.2240101397037506,0,fitzpatrick17k,fitz_137283e695fe68dface4d9eabb6d4086,light,2,benign
0,0.24429504573345184,1,fitzpatrick17k,fitz_4c59359a13556591208565078afd1e9a,light,1,benign
1,0.3768097162246704,1,fitzpatrick17k,fitz_de819f70d8baacc5fa74002eea84d1ce,light,1,malignant
1,0.36912864446640015,1,fitzpatrick17k,fitz_fb7c974e189e0dc9cbd83e2d22835e94,light,2,malignant
0,0.22992253303527832,0,fitzpatrick17k,fitz_76f0d1fce3cc2fa2bb994ceab13bcd44,light,2,benign
1,0.3591287434101105,1,fitzpatrick17k,fitz_9de1afbb265ce50b1d0829f54fe4b668,medium,4,malignant
1,0.7102601528167725,1,fitzpatrick17k,fitz_8e9b1ff865f03340b6023a68b1dd2bea,light,1,malignant
1,0.7140305042266846,1,fitzpatrick17k,fitz_10e3db478ab993bbeecea313248c6992,light,1,malignant
0,0.19185474514961243,0,fitzpatrick17k,fitz_618488070f43e0fd8e4133076cd15ab5,light,1,benign
1,0.21425820887088776,0,fitzpatrick17k,fitz_38f5a1f21c8256dc3af93a54b62a8a41,medium,4,malignant
0,0.3002373278141022,1,fitzpatrick17k,fitz_2653e6dc19eeb299b71b74cfa8ac561b,dark,6,benign
1,0.23909243941307068,1,fitzpatrick17k,fitz_8ef8538bdc6be96eec6c1da018cec1c0,light,1,malignant
1,0.49936267733573914,1,fitzpatrick17k,fitz_aba082609e966daf665ccfbb264c226f,dark,6,malignant
0,0.2825114130973816,1,fitzpatrick17k,fitz_3f525ad1d8cb9bf4d715de9ff2524ad1,light,1,benign
0,0.36530134081840515,1,fitzpatrick17k,fitz_b7a2e8937bb8f5ba34015727d7fed227,dark,5,benign
0,0.23436087369918823,1,fitzpatrick17k,fitz_f2dd1322151c3cca6d3aac559474bfad,light,2,benign
1,0.2807362973690033,1,fitzpatrick17k,fitz_694398f9c2544b3ef11350e7bf3c3d29,dark,5,malignant
0,0.28383105993270874,1,fitzpatrick17k,fitz_5dd12882ef5c8ad33b1314649874a3ff,medium,3,benign
1,0.6697928309440613,1,fitzpatrick17k,fitz_81d85b24e58909760740b2519e58b5ee,light,1,malignant
0,0.34136316180229187,1,fitzpatrick17k,fitz_f1fa0c1a7632dfa036777befc290cc5f,dark,6,benign
1,0.34947600960731506,1,fitzpatrick17k,fitz_2cb3ff37c40ccf6614c4e23c4ed0d91a,medium,3,malignant
1,0.33643054962158203,1,fitzpatrick17k,fitz_cc2bd788c5212e2ec7e0869b9e9279e5,light,2,malignant
0,0.6196157336235046,1,fitzpatrick17k,fitz_21d68e24071c5b6735d7220c15993b46,medium,4,benign
0,0.13435889780521393,0,fitzpatrick17k,fitz_db7314018845a10942fab2b5e737e436,dark,5,benign
0,0.23003214597702026,0,fitzpatrick17k,fitz_820ea6176511d5897437ce92ca56b280,medium,3,benign
0,0.33360618352890015,1,fitzpatrick17k,fitz_e773504e1013dc4918ddb4e3406606e1,light,1,benign
1,0.3025241494178772,1,fitzpatrick17k,fitz_f7f54b32394916154c118e07234fee4b,light,2,malignant
1,0.3527783155441284,1,fitzpatrick17k,fitz_bc3fd36c7d32ae2f2961409049e240b4,medium,3,malignant
0,0.3485766351222992,1,fitzpatrick17k,fitz_a4c98b8bdf349df8335ac8b8657c68ea,dark,5,benign
1,0.4466799199581146,1,fitzpatrick17k,fitz_87efd800597737afb79369647c5fbb6b,light,2,malignant
0,0.30247214436531067,1,fitzpatrick17k,fitz_55b0a18bf7d66e453577477afad86967,medium,4,benign
0,0.729251503944397,1,fitzpatrick17k,fitz_01c8b25b26abbf6bf51e5818105ef478,medium,3,benign
1,0.2933122515678406,1,fitzpatrick17k,fitz_e5afcf9d9bec4f9fd806aef0808366cd,light,1,malignant
1,0.20249003171920776,0,fitzpatrick17k,fitz_6c4b827b4e044c6e9ddd8953ecbd3359,light,2,malignant
0,0.36079418659210205,1,fitzpatrick17k,fitz_ac26e7bc786e1b96b7098ab458678608,medium,3,benign
0,0.5319281220436096,1,fitzpatrick17k,fitz_26769725ccdc21e8a6363910cacf61db,dark,5,benign
1,0.1859850287437439,0,fitzpatrick17k,fitz_919f382f54e9cd213f7a9a52306a4672,light,2,malignant
0,0.24508194625377655,1,fitzpatrick17k,fitz_c45442337cf13c347250283d770cc146,light,1,benign
1,0.6363961100578308,1,fitzpatrick17k,fitz_e502602902bb69fde51dd8185b272992,light,1,malignant
0,0.32359397411346436,1,fitzpatrick17k,fitz_e19700bdfef1034b79b79f1146d38bca,dark,5,benign
0,0.2730315327644348,1,fitzpatrick17k,fitz_f0f7177affb236b9d9cd6931ae949103,light,2,benign
1,0.36118271946907043,1,fitzpatrick17k,fitz_15e4e61777fdee377d7a930c224939d0,medium,3,malignant
0,0.23721282184123993,1,fitzpatrick17k,fitz_0012821d6f11b96cf33f2c2ee5c68d1f,medium,3,benign
0,0.158073291182518,0,fitzpatrick17k,fitz_76bb012384c690ee1d61e2c792535916,light,2,benign
1,0.5565530061721802,1,fitzpatrick17k,fitz_13135f44ed77ea527b70db862a83bd61,light,2,malignant
0,0.2954931855201721,1,fitzpatrick17k,fitz_76b89e0c6c537008964a48524ed694bc,dark,5,benign
0,0.2901158034801483,1,fitzpatrick17k,fitz_1159b03167f3e222e22265b7e19933b6,light,1,benign
0,0.37097081542015076,1,fitzpatrick17k,fitz_833004afeee24bd84646510919a8d500,light,2,benign
1,0.35082414746284485,1,fitzpatrick17k,fitz_90749d71571a4caae55cb226918d68c9,light,2,malignant
0,0.2093857079744339,0,fitzpatrick17k,fitz_dbaaaf438d822950b52e1ccc75435333,medium,4,benign
0,0.4640721082687378,1,fitzpatrick17k,fitz_642114296aa558155206d8465cf2da93,light,2,benign
1,0.6653429269790649,1,fitzpatrick17k,fitz_568f9d4fb1e06cb13e77f61b339b81fa,light,1,malignant
1,0.6219355463981628,1,fitzpatrick17k,fitz_2701b06d904bfe8d8979bc1fad14a23a,medium,3,malignant
0,0.10835177451372147,0,fitzpatrick17k,fitz_9dce2a5d033bd09d11fb075a1102a91b,light,1,benign
0,0.3368993103504181,1,fitzpatrick17k,fitz_19932ed087ea8ce7ae258c94179a4cf0,light,2,benign
1,0.40277794003486633,1,fitzpatrick17k,fitz_c8e15692cc70579b3ca3b0cf8236ac0d,light,2,malignant
1,0.7910266518592834,1,fitzpatrick17k,fitz_af9d45b023176c21ca2981915e033219,light,1,malignant
0,0.24935917556285858,1,fitzpatrick17k,fitz_77542950a7b476c885fee02e0902019b,medium,4,benign
1,0.24785549938678741,1,fitzpatrick17k,fitz_220357a155bc3297e3f140d7b447348c,medium,3,malignant
0,0.3379417061805725,1,fitzpatrick17k,fitz_dfe8da5278baf99ff1d0b1240e47a291,medium,4,benign
0,0.30418068170547485,1,fitzpatrick17k,fitz_3834f2b1138b376486087b355da6dbad,medium,3,benign
0,0.1999068558216095,0,fitzpatrick17k,fitz_1719e665fe04223a524612158b847648,light,2,benign
1,0.7792468667030334,1,fitzpatrick17k,fitz_e6247183a2fc69e8ea89dddc6f60f904,light,1,malignant
0,0.21139951050281525,0,fitzpatrick17k,fitz_8d60c8fb248272ab0e17a8f3a5560e5d,light,1,benign
1,0.31239527463912964,1,fitzpatrick17k,fitz_b606209b24c452d8a13ee5226bba7a04,light,2,malignant
1,0.19198334217071533,0,fitzpatrick17k,fitz_660f8eabfd38d964b474def9b7d640c3,light,2,malignant
0,0.24050812423229218,1,fitzpatrick17k,fitz_e90b95902d55732b24595b9a6433cb8d,light,2,benign
0,0.25657418370246887,1,fitzpatrick17k,fitz_bf2efda0fe0a44569f6bd99acc58716a,light,1,benign
1,0.32627612352371216,1,fitzpatrick17k,fitz_fab4ccfe80780b02c35451533bceb848,light,1,malignant
1,0.16962359845638275,0,fitzpatrick17k,fitz_7729a485abc264b1c58a995a49ec7f5b,light,1,malignant
0,0.27125635743141174,1,fitzpatrick17k,fitz_d876f96ad056b53f40f8f178737c2100,light,1,benign
1,0.8122560977935791,1,fitzpatrick17k,fitz_39caa210f24486000791251976b55f08,dark,5,malignant
1,0.3462166488170624,1,fitzpatrick17k,fitz_e69e4c0470261a68f1692b6f7039e80a,light,2,malignant
1,0.7863618731498718,1,fitzpatrick17k,fitz_1ee7c2a9070946d3b7b583c9ba4590f8,light,1,malignant
1,0.10069762170314789,0,fitzpatrick17k,fitz_daa499ebb4481c1c21113fa4e2f3f93f,medium,3,malignant
1,0.3150438964366913,1,fitzpatrick17k,fitz_fba7260cff0746ea31b54de3d0ab7433,light,2,malignant
1,0.3329501748085022,1,fitzpatrick17k,fitz_1400a56e8de2b64427acf3ba96895ded,light,2,malignant
1,0.3522675633430481,1,fitzpatrick17k,fitz_cb3b1adbfffe5ee1ed9c135c0ff7325b,light,1,malignant
1,0.5349586606025696,1,fitzpatrick17k,fitz_0bb99b2f270898d179c9fba809e15b41,medium,3,malignant
1,0.41000789403915405,1,fitzpatrick17k,fitz_e1c75dee6b18610b7d5f6e745e2d46d7,light,2,malignant
0,0.5402231812477112,1,fitzpatrick17k,fitz_c5e27c3e2b64d8d39b1318ed1291d9db,medium,3,benign
1,0.161740243434906,0,fitzpatrick17k,fitz_26108459f12d77128a1d28cc21e3550a,light,1,malignant
0,0.462215781211853,1,fitzpatrick17k,fitz_f84344a909fc4da13005a5e762a6de05,dark,5,benign
1,0.4735826849937439,1,fitzpatrick17k,fitz_11bad1ca50668e9a7d6aee6b69d3bc47,medium,4,malignant
0,0.17672540247440338,0,fitzpatrick17k,fitz_8a5931dd3a26bfcfafdd8b1c1b49dd92,light,2,benign
0,0.4464206397533417,1,fitzpatrick17k,fitz_d9ab8fcd164e9b1bd86e7757364d9e3a,medium,3,benign
0,0.29056498408317566,1,fitzpatrick17k,fitz_ad89479a37e40aaf3416cefd634e18a8,dark,6,benign
0,0.20179863274097443,0,fitzpatrick17k,fitz_399ea58b75abf85e53e452ee516a6347,medium,4,benign
1,0.3612003028392792,1,fitzpatrick17k,fitz_1a0045ce41534142bd6aa55b22bc4a91,dark,5,malignant
1,0.4795624613761902,1,fitzpatrick17k,fitz_9954afd27ce8e5cf2f46133be296107d,dark,5,malignant
0,0.47563910484313965,1,fitzpatrick17k,fitz_d4e6d90dddbc07efb1aab9878200ffa3,light,1,benign
0,0.37896668910980225,1,fitzpatrick17k,fitz_829bdc888fae599bcc725335d988840e,medium,4,benign
1,0.5324695706367493,1,fitzpatrick17k,fitz_7fe4dcdc97b980c00c5bc84a1e5054e5,light,2,malignant
1,0.5653931498527527,1,fitzpatrick17k,fitz_48fdaaa79d8a063055bfef150715557e,light,2,malignant
0,0.470846563577652,1,fitzpatrick17k,fitz_49dd4efde68d177951ec52f076df6335,light,1,benign
0,0.2312140315771103,0,fitzpatrick17k,fitz_4e22f7ad0e178a67b08db1d11219a0a8,medium,4,benign
0,0.5966775417327881,1,fitzpatrick17k,fitz_1a4fdeead0b5690e36ea85c57e1e87c5,medium,3,benign
0,0.40362095832824707,1,fitzpatrick17k,fitz_b29caa9fd3efd8880d63636f7bc9a740,light,1,benign
1,0.15772928297519684,0,fitzpatrick17k,fitz_139b06bda340d4dd9b5de96bec4eaad8,light,2,malignant
1,0.4557311236858368,1,fitzpatrick17k,fitz_a3f5f8e2845ee0342da6d6968dffbcec,light,2,malignant
0,0.2602509558200836,1,fitzpatrick17k,fitz_5c011cab0a0c0f163c258404ab19f342,light,2,benign
1,0.35712701082229614,1,fitzpatrick17k,fitz_69968020bf7744ffa3c0caf7d4d01ca6,light,2,malignant
0,0.23492516577243805,1,fitzpatrick17k,fitz_0278e81848371969d7ac14bb0d60bcec,dark,6,benign
1,0.3620796203613281,1,fitzpatrick17k,fitz_45dd4d741779ee7a492bc0085d33dec2,light,1,malignant
1,0.653541088104248,1,fitzpatrick17k,fitz_82f57c180f4a89b2fcce489bf47a2074,medium,3,malignant
1,0.45162859559059143,1,fitzpatrick17k,fitz_e90a0c87b743d90740e477d96ba5d24c,dark,5,malignant
0,0.25313466787338257,1,fitzpatrick17k,fitz_01c5cd2467560cbb5f4a1e3dac3b03ef,medium,4,benign
1,0.4250573217868805,1,fitzpatrick17k,fitz_1af9eb6b01aea02e6459d942c20f3f98,light,2,malignant
0,0.1543799787759781,0,fitzpatrick17k,fitz_5d2a9b0184e6d3441d679716f5776923,light,1,benign
1,0.32670751214027405,1,fitzpatrick17k,fitz_2db363302f9ab9feaf27e91c64328fcc,light,1,malignant
0,0.33622652292251587,1,fitzpatrick17k,fitz_9c4c7935f340d818e082fdc534c62528,dark,5,benign
0,0.2311132550239563,0,fitzpatrick17k,fitz_6a0264fec349d4487c83a53bc8d5d690,medium,4,benign
0,0.24770087003707886,1,fitzpatrick17k,fitz_9f47b046ff166b0900b4c19daf32b8da,medium,4,benign
0,0.37309539318084717,1,fitzpatrick17k,fitz_596f4e8d75aca205fdd9f1b91dc1bbc8,medium,4,benign
0,0.5780189633369446,1,fitzpatrick17k,fitz_f302af80e8257240e21439792d39c41b,dark,5,benign
1,0.7489590644836426,1,fitzpatrick17k,fitz_8fd4531b693efc3f1dbfc1a050f2235d,light,2,malignant
0,0.16496387124061584,0,fitzpatrick17k,fitz_6135408e7729eb1deb0711446ecc4883,light,1,benign
0,0.32322314381599426,1,fitzpatrick17k,fitz_ca788c4d33fb4bdd7dd9e603916a6616,medium,3,benign
1,0.2571711838245392,1,fitzpatrick17k,fitz_d10722216af2bab5bfc450259169f9fe,dark,6,malignant
0,0.31273576617240906,1,fitzpatrick17k,fitz_48237352d0b9a0cf720baad78ba6582d,light,2,benign
0,0.180303156375885,0,fitzpatrick17k,fitz_cc51684037a37e9996100b2e703682bd,medium,4,benign
0,0.2863735854625702,1,fitzpatrick17k,fitz_f0fd1a7960bfed3bce19820f60cc81ad,medium,3,benign
0,0.3427708148956299,1,fitzpatrick17k,fitz_abf70b58e93e881fdad4566809970a1a,light,1,benign
1,0.6916417479515076,1,fitzpatrick17k,fitz_ba66252431145c65a4500c85541efa07,medium,4,malignant
0,0.23699042201042175,1,fitzpatrick17k,fitz_9fec88cec01508ec53fe8558db72b935,medium,4,benign
1,0.6227707266807556,1,fitzpatrick17k,fitz_7136379c5d4414debfd872ab43fae64f,dark,5,malignant
0,0.5680898427963257,1,fitzpatrick17k,fitz_79ff7d34cb3a978f57e1b3ec41647f11,medium,3,benign
1,0.4291750192642212,1,fitzpatrick17k,fitz_b6b148041be55b10f5f94abd7ea29307,light,2,malignant
1,0.32395195960998535,1,fitzpatrick17k,fitz_4eb6d37849e5cdb1459cf21a11788543,medium,3,malignant
1,0.8358361721038818,1,fitzpatrick17k,fitz_6e2b2c6a1b8b749644259934a898a375,light,1,malignant
0,0.18794967234134674,0,fitzpatrick17k,fitz_9b55c935b601ffba9b8cc53b6967f6d3,dark,5,benign
0,0.22090110182762146,0,fitzpatrick17k,fitz_28ad7cb7767ed3b37b33fa7c2234eaeb,dark,5,benign
0,0.368689626455307,1,fitzpatrick17k,fitz_d2aca2ffeb99dbc953b1ebd8ed92cc24,light,2,benign
1,0.6330657601356506,1,fitzpatrick17k,fitz_4cdf3362d0ed7447f98b1a44f0746ab4,light,1,malignant
1,0.43714413046836853,1,fitzpatrick17k,fitz_85f9b49f753224a9a20c6fb66169335b,light,2,malignant
0,0.5512449741363525,1,fitzpatrick17k,fitz_935e0269fc0388b71e656ba30761c633,medium,3,benign
0,0.5755838751792908,1,fitzpatrick17k,fitz_82d51006e6d32b5d5471b13010d425aa,light,2,benign
0,0.5482720732688904,1,fitzpatrick17k,fitz_3bf46ba12a82665de23ffc941ff97575,medium,3,benign
0,0.24375097453594208,1,fitzpatrick17k,fitz_71ce907aacb35c6da2b68996843c46b1,medium,4,benign
1,0.7104554176330566,1,fitzpatrick17k,fitz_f909638c31e8f182ddf042a2573a96b2,light,2,malignant
0,0.3102036416530609,1,fitzpatrick17k,fitz_09a77e0fea9ec76928e8a88b0486fec3,medium,4,benign
1,0.27893325686454773,1,fitzpatrick17k,fitz_9fe7369e9cd9a468a2feb65a81c4bb13,dark,6,malignant
1,0.33148446679115295,1,fitzpatrick17k,fitz_f128b4331ee4e8a26ed43c0082a64b98,light,1,malignant
0,0.34090185165405273,1,fitzpatrick17k,fitz_ca10879dce875ad5379b9a5198ffcf0f,light,2,benign
0,0.2118661254644394,0,fitzpatrick17k,fitz_5ab5b4a0784effa76e9befb2bf41c179,light,2,benign
1,0.26337316632270813,1,fitzpatrick17k,fitz_1a5f1a8649503887c535b4e7dad59d5f,medium,3,malignant
0,0.6249934434890747,1,fitzpatrick17k,fitz_d4c2fc8deaeb6545a9fe1db26254a955,medium,3,benign
0,0.2938846945762634,1,fitzpatrick17k,fitz_d2e1a488c36a0f53e778d7bcf095c419,dark,5,benign
0,0.23518139123916626,1,fitzpatrick17k,fitz_6ba4d97062cca79a3754b550f7f2efba,light,2,benign
1,0.20631346106529236,0,fitzpatrick17k,fitz_3dbb2065b4c389ae2036131724d4ed7e,medium,3,malignant
1,0.7953482270240784,1,fitzpatrick17k,fitz_4f0f7269f00d59e3d47fc6ad5e8cbda2,light,2,malignant
1,0.7040126323699951,1,fitzpatrick17k,fitz_4938b2e7e1d3eb8465e779d83a705dff,light,1,malignant
1,0.28376317024230957,1,fitzpatrick17k,fitz_ca33407ab1e504ec6249e22d0436490a,medium,4,malignant
1,0.4348548650741577,1,fitzpatrick17k,fitz_63a6b1136f9d27d8a2cdb4c88e3bf99d,medium,3,malignant
1,0.15421417355537415,0,fitzpatrick17k,fitz_0b84756b323831c1621465f6be8ee37f,light,2,malignant
0,0.45633095502853394,1,fitzpatrick17k,fitz_870cd24cfb557b73441cf716aecf42b6,light,2,benign
1,0.28427422046661377,1,fitzpatrick17k,fitz_39db1b5308e58e1e486703dcb53b33ee,medium,3,malignant
0,0.12845924496650696,0,fitzpatrick17k,fitz_c95cd182d8e4c691e5c6d4287e40e370,light,1,benign
0,0.44178470969200134,1,fitzpatrick17k,fitz_274e709838c304892ddaa0454b4c8819,medium,4,benign
1,0.3861009180545807,1,fitzpatrick17k,fitz_7d4182584c503100338e00b7b46bcc4b,dark,5,malignant
0,0.27461254596710205,1,fitzpatrick17k,fitz_1676b7a4cc695ade9741dcb68d5797e4,light,2,benign
1,0.30621400475502014,1,fitzpatrick17k,fitz_7a2e6969eb645f2aced2aaa7b309b573,medium,4,malignant
1,0.446591317653656,1,fitzpatrick17k,fitz_77512d4a352e4055a313c0e931a96aba,light,2,malignant
0,0.20640984177589417,0,fitzpatrick17k,fitz_6377305422c4b4c392dce2abf7b38cfe,medium,3,benign
0,0.24845364689826965,1,fitzpatrick17k,fitz_ca1b3673a70b4178ebfb3dbe13b0b5f7,medium,3,benign
0,0.479022741317749,1,fitzpatrick17k,fitz_bfa4e4c5683579c3dfb667dea16aff11,medium,3,benign
0,0.2154207080602646,0,fitzpatrick17k,fitz_9b82ae4fede9b5883c3a4bfe35bfd7ac,light,2,benign
0,0.4130026698112488,1,fitzpatrick17k,fitz_6665cb85a809c278dc432008fbe3b42c,light,2,benign
1,0.41619548201560974,1,fitzpatrick17k,fitz_40322591e45e91f55f0ba4daff917d1f,light,2,malignant
0,0.5101136565208435,1,fitzpatrick17k,fitz_1744c98e4b3f26697d2959e4704d6eac,medium,3,benign
0,0.22072656452655792,0,fitzpatrick17k,fitz_3eb552b0feb5b245ff45c7ec5823d5bc,medium,4,benign
0,0.31929928064346313,1,fitzpatrick17k,fitz_489645997866f08887c4bab307d501f8,medium,3,benign
1,0.4222715198993683,1,fitzpatrick17k,fitz_4dc08af974e49708c2a572d40c44e1c6,light,1,malignant
0,0.18038614094257355,0,fitzpatrick17k,fitz_0251bbf5552ac8af3f2e6ecfe46ebb96,light,2,benign
0,0.387037068605423,1,fitzpatrick17k,fitz_d33a6dabd12e69b60f9d72f9fa6eab7e,light,2,benign
0,0.2750079333782196,1,fitzpatrick17k,fitz_9b189f85895249849209ccfd77105021,light,2,benign
1,0.26513227820396423,1,fitzpatrick17k,fitz_ddae49c6b9f879444bfcdd1e6abd8325,light,1,malignant
0,0.2552604079246521,1,fitzpatrick17k,fitz_ed1896cd7968316c79bad979dde0cb45,medium,4,benign
0,0.12094871699810028,0,fitzpatrick17k,fitz_f689fa41fe5017859e0d149b4b2e3454,medium,3,benign
0,0.3715228736400604,1,fitzpatrick17k,fitz_055d5de5e2632311d71eb2008086b21b,medium,3,benign
0,0.42483416199684143,1,fitzpatrick17k,fitz_cc24d9c78429432344d10a42abde03ef,light,1,benign
1,0.25477656722068787,1,fitzpatrick17k,fitz_44aefdc6bc7f4bc1bbf66f960b6e1985,light,2,malignant
0,0.2541297376155853,1,fitzpatrick17k,fitz_d123b19c0ea47f26eef7a9847b1baf8d,light,1,benign
0,0.20322631299495697,0,fitzpatrick17k,fitz_b01178886b609223ef2983af6948e730,medium,3,benign
1,0.1606181412935257,0,fitzpatrick17k,fitz_2804111c34d79685a356fd694ae8ca21,light,2,malignant
0,0.18800866603851318,0,fitzpatrick17k,fitz_c07f64b08dee14fc1eced8dd1ba9434b,light,1,benign
0,0.6683686971664429,1,fitzpatrick17k,fitz_b508adc3c308a18da62ac2b7680bdb0a,light,2,benign
1,0.22492344677448273,0,fitzpatrick17k,fitz_30eddb4d034991652db156f7ddbe9a6d,light,2,malignant
1,0.408683180809021,1,fitzpatrick17k,fitz_0009d89a58dac26bb3c113744b7b4196,medium,3,malignant
1,0.49279969930648804,1,fitzpatrick17k,fitz_2b1d6c4f83524d2e9a0047053986b6a3,light,2,malignant
0,0.3158314526081085,1,fitzpatrick17k,fitz_a0639e22823b8b6a48d09ddb6b66acfc,light,1,benign
1,0.2151550054550171,0,fitzpatrick17k,fitz_17bb114a58cb47db3a38317333084a66,medium,4,malignant
1,0.3936786651611328,1,fitzpatrick17k,fitz_098d28da6fe1db559126d701d74fc8e0,light,2,malignant
0,0.4197368919849396,1,fitzpatrick17k,fitz_168b9f9402554d26e5a9fcd5f9e756c9,light,2,benign
1,0.39329993724823,1,fitzpatrick17k,fitz_7689c9b4a38392e45c688cad15252e8e,dark,5,malignant
0,0.34260258078575134,1,fitzpatrick17k,fitz_16e8d9af5c2069d5d265361b502ea9aa,light,1,benign
0,0.703415036201477,1,fitzpatrick17k,fitz_3b4462e55091f72aa82cf730de467e10,light,2,benign
1,0.5684049725532532,1,fitzpatrick17k,fitz_d48ef382ac315465ba4322ca3b660c8f,light,2,malignant
1,0.2844679057598114,1,fitzpatrick17k,fitz_16c089e04436faa844be84aba9d0179a,light,1,malignant
1,0.44449323415756226,1,fitzpatrick17k,fitz_b30d8633e3b279dd663c5f139aa18548,medium,3,malignant
1,0.304886132478714,1,fitzpatrick17k,fitz_427c08d692267d71c1f11344f5a884f5,medium,4,malignant
0,0.1677742600440979,0,fitzpatrick17k,fitz_b3030d83c996e303faccd462495bc6e8,light,2,benign
1,0.23499687016010284,1,fitzpatrick17k,fitz_da81b0441ab66a8c3f55489a0d8a9572,light,1,malignant
0,0.41920068860054016,1,fitzpatrick17k,fitz_0e92cad8c3bc07d294b8b99991739b40,light,2,benign
0,0.6055141687393188,1,fitzpatrick17k,fitz_d4745bc61322c928977409d3be613566,medium,3,benign
0,0.14241354167461395,0,fitzpatrick17k,fitz_c3907cd714d9f6535f0f5ea2fab84362,dark,5,benign
0,0.2272363305091858,0,fitzpatrick17k,fitz_278c0312825073422b73770f3ded024e,light,2,benign
0,0.5802829265594482,1,fitzpatrick17k,fitz_4d36657f6a39bec453c8e41acc40023f,light,1,benign
1,0.375827431678772,1,fitzpatrick17k,fitz_d86cdae2dec00ba68848f76dd5866374,light,2,malignant
0,0.5124215483665466,1,fitzpatrick17k,fitz_6caad957310af9d481aaf9c65feb1324,light,2,benign
1,0.2143329679965973,0,fitzpatrick17k,fitz_d148dc8bb0d3311bff9f7237ff9a8188,light,1,malignant
1,0.24921062588691711,1,fitzpatrick17k,fitz_d870e1ebfdd1e22eea5b80a25a8e4cb2,light,2,malignant
0,0.3427797555923462,1,fitzpatrick17k,fitz_18aa2c8c42e1921fda0c571759b41dd2,dark,5,benign
0,0.19851231575012207,0,fitzpatrick17k,fitz_3b4333ce8e3c7622b7282784b99b8bd7,light,1,benign
1,0.1674715131521225,0,fitzpatrick17k,fitz_42bc6a8ccf4a8217798fa5545be2b561,light,2,malignant
1,0.4488558769226074,1,fitzpatrick17k,fitz_95cb2ae15bc9f52ea53b07b78fbfbd26,medium,3,malignant
0,0.3011537492275238,1,fitzpatrick17k,fitz_d16a2a303e85d9908dd4be10318a220c,light,1,benign
0,0.21338321268558502,0,fitzpatrick17k,fitz_49e6bfc2f759e9991761a12e7e16ee24,light,2,benign
1,0.21007345616817474,0,fitzpatrick17k,fitz_8627608bdfc5b904a0fbc23d86716e86,light,1,malignant
1,0.40517282485961914,1,fitzpatrick17k,fitz_86e4103237a0fff656f3a0be43067f6a,light,1,malignant
1,0.4031926989555359,1,fitzpatrick17k,fitz_e3e180ecaeadef19fd487caab7655316,light,2,malignant
1,0.4517331123352051,1,fitzpatrick17k,fitz_df17d9052c095d5b0593a3b9dd306d75,medium,3,malignant
0,0.1640501469373703,0,fitzpatrick17k,fitz_c944e1cd9974adf18268e705718bf2f5,light,2,benign
1,0.6687700152397156,1,fitzpatrick17k,fitz_21988edf56792632bf60230be54b4ecb,medium,3,malignant
1,0.39658817648887634,1,fitzpatrick17k,fitz_6eb241282698d3a3b24f8a5427f1bbbf,medium,3,malignant
0,0.49221259355545044,1,fitzpatrick17k,fitz_9b0bc55492fa85d78e0a00878fb43e32,medium,4,benign
0,0.3308432102203369,1,fitzpatrick17k,fitz_19d0408a3a7a833f740771bb392c0faf,light,1,benign
0,0.3910751938819885,1,fitzpatrick17k,fitz_2507659866ad46669dc6086f4d5688c7,light,2,benign
1,0.29833754897117615,1,fitzpatrick17k,fitz_84e0052d39fb4df649679f0106fe05bb,light,2,malignant
0,0.35327303409576416,1,fitzpatrick17k,fitz_6c020d5ca043291afee65afb74cd4019,light,2,benign
0,0.18523147702217102,0,fitzpatrick17k,fitz_7636fd288d747eed55bf7c82cf97cd06,light,2,benign
1,0.40184256434440613,1,fitzpatrick17k,fitz_ddc0ffc7185b94bf040684ec8f2d01bd,light,1,malignant
0,0.15682852268218994,0,fitzpatrick17k,fitz_261933debddf8293ebfa2d2867705643,light,2,benign
0,0.3385922312736511,1,fitzpatrick17k,fitz_112f7f7bdf1e8c6cbf0724ea2a7db5ad,medium,4,benign
1,0.4078456163406372,1,fitzpatrick17k,fitz_210596f47b4e9db7378e7258e60787ad,light,2,malignant
1,0.5848330855369568,1,fitzpatrick17k,fitz_46409faa46521c676c8e1c3c3330704b,medium,3,malignant
0,0.4819313585758209,1,fitzpatrick17k,fitz_1a8e5adaf9d284b96f5b002fdc9e461e,light,1,benign
0,0.20321378111839294,0,fitzpatrick17k,fitz_284637a7b1a26bfbec38ce572f3a063b,medium,3,benign
1,0.8077091574668884,1,fitzpatrick17k,fitz_6d27e7fe9ac56869b5ee3158e4288f2d,light,1,malignant
1,0.45034903287887573,1,fitzpatrick17k,fitz_43a5a3a84961dffd74413ae75d06532c,light,1,malignant
0,0.3733551502227783,1,fitzpatrick17k,fitz_d2bf94754da3228049ba1ebb97e8b496,dark,5,benign
1,0.37062373757362366,1,fitzpatrick17k,fitz_f247c2f65828b5a87b9c2c7e1fc13a88,light,1,malignant
1,0.39949148893356323,1,fitzpatrick17k,fitz_e1673c9de5483c8f06c57d9b8b6a99df,medium,4,malignant
1,0.5052606463432312,1,fitzpatrick17k,fitz_7e6838d693e1748adf0ea38d6420f8ee,dark,5,malignant
1,0.28632205724716187,1,fitzpatrick17k,fitz_3aed5185b51f45442ea73cc33bc78eb1,light,1,malignant
1,0.41859111189842224,1,fitzpatrick17k,fitz_4c45723c0ff2ca52e833696ed63c21bc,medium,3,malignant
0,0.5025860071182251,1,fitzpatrick17k,fitz_541a4587e879063cf33f0aeae690ee62,medium,3,benign
0,0.37950393557548523,1,fitzpatrick17k,fitz_1f9a567dcd0d9c4a1693ee273c6f0590,medium,3,benign
1,0.4938964545726776,1,fitzpatrick17k,fitz_200fe2e18a0740f13a871e573c2cee02,light,1,malignant
0,0.2095271646976471,0,fitzpatrick17k,fitz_e5b21703030bace5f64a0b3afbe8ae7a,light,1,benign
0,0.19321772456169128,0,fitzpatrick17k,fitz_b6defaedae600adc3d74c06a560f5c25,medium,3,benign
1,0.7489181160926819,1,fitzpatrick17k,fitz_cee1515c2a95ad0ba3d8ef577439feaa,light,2,malignant
0,0.27631086111068726,1,fitzpatrick17k,fitz_2802e8f7d2de352437e5e4696a99a5be,light,1,benign
1,0.4395088851451874,1,fitzpatrick17k,fitz_33df7010afc0c9b9e660114abc46dfa4,medium,4,malignant
0,0.6484397053718567,1,fitzpatrick17k,fitz_c1310fbed87817cbc010298cba09af2f,medium,3,benign
1,0.6654328107833862,1,fitzpatrick17k,fitz_47d2cf8ad5e2a8f673060480a1c3462f,light,2,malignant
1,0.12190651893615723,0,fitzpatrick17k,fitz_ad3272a2b434752b68dba1987210b009,light,2,malignant
1,0.2623639404773712,1,fitzpatrick17k,fitz_0d138dfc5437475a31a7718a53be001a,light,2,malignant
1,0.5943515300750732,1,fitzpatrick17k,fitz_94937a8ab45b71486731a59c5e5448e4,light,2,malignant
1,0.2910803258419037,1,fitzpatrick17k,fitz_88c8c110ade2657fbe1c840dd2494511,dark,5,malignant
1,0.43103232979774475,1,fitzpatrick17k,fitz_95aceddd48e4a01eecc60f4a40989a45,light,1,malignant
0,0.16588038206100464,0,fitzpatrick17k,fitz_1d40ad005bd5839fc682a92140d45139,dark,6,benign
0,0.22835032641887665,0,fitzpatrick17k,fitz_afb1549a32af6db1a892ba9c8f162efb,medium,4,benign
1,0.20965591073036194,0,fitzpatrick17k,fitz_9e6302546a811af38079664e066187c1,light,2,malignant
0,0.23281536996364594,1,fitzpatrick17k,fitz_6770109b657d859c15033cee3b33fa92,light,2,benign
1,0.41061505675315857,1,fitzpatrick17k,fitz_35d78b622b17b403527abe9ebad12438,medium,4,malignant
0,0.2481611967086792,1,fitzpatrick17k,fitz_58752b78ff77e26b3e0add57ff6811c6,light,1,benign
1,0.33489254117012024,1,fitzpatrick17k,fitz_13734a7c23d7856f863234a3ebe42574,medium,3,malignant
0,0.23159091174602509,0,fitzpatrick17k,fitz_03fa6b46375e432cbf6a5c80ec39fcc6,light,1,benign
0,0.15761861205101013,0,fitzpatrick17k,fitz_4cd4042bcb667eaccf640e24b597430e,light,2,benign
1,0.20618420839309692,0,fitzpatrick17k,fitz_bfc903d9c30f8fe5b14f24c2cd92fcf8,light,1,malignant
0,0.3692092299461365,1,fitzpatrick17k,fitz_7fc0fd4fb86200dc3cb36c4d07573b1e,light,2,benign
0,0.30400949716567993,1,fitzpatrick17k,fitz_3df445e0ee55c4a0b217a932b37739cb,medium,3,benign
0,0.3726538419723511,1,fitzpatrick17k,fitz_4eb799199c491b819bf1068cac715d7d,dark,6,benign
0,0.46753624081611633,1,fitzpatrick17k,fitz_7d5fa40a383359710b838eeb6c08324d,light,1,benign
1,0.49648284912109375,1,fitzpatrick17k,fitz_3f1648bff3fcf3a0f8e238b14025bd79,light,2,malignant
1,0.3645612895488739,1,fitzpatrick17k,fitz_45f2d036cba6a8d8da3240c27217a6ff,light,2,malignant
0,0.18314814567565918,0,fitzpatrick17k,fitz_6319f65d7262b1dce38456da78f59d85,light,1,benign
0,0.2598983943462372,1,fitzpatrick17k,fitz_3c037f81cfe29dd2bd8834d823499190,medium,3,benign
0,0.547741174697876,1,fitzpatrick17k,fitz_fc5744a249305e3081c29ad0d9568cbd,light,1,benign
0,0.4997148811817169,1,fitzpatrick17k,fitz_f391d38b94334234942a68f5f52433f9,medium,4,benign
0,0.24084186553955078,1,fitzpatrick17k,fitz_09b035332fbd999ecc2f1b7fb229c093,light,2,benign
1,0.307183176279068,1,fitzpatrick17k,fitz_a795f04734849b702184bd729ab765ce,light,2,malignant
0,0.1739961951971054,0,fitzpatrick17k,fitz_1060b777b7875b0bc3b8e1d4d5c21a6c,medium,3,benign
0,0.8780547976493835,1,fitzpatrick17k,fitz_8bad7346e145eedbce83aee080ab22c7,light,1,benign
1,0.22338517010211945,0,fitzpatrick17k,fitz_97d2eb0a5f487bf6428df978898fff4d,light,2,malignant
0,0.13200335204601288,0,fitzpatrick17k,fitz_21f1e3ac8e545e1c28ac3d619360d6cd,light,2,benign
1,0.4544101655483246,1,fitzpatrick17k,fitz_6ee7f655e7465c97833e86830a9bf2b4,medium,3,malignant
1,0.3907470703125,1,fitzpatrick17k,fitz_2bad4c856e10e29dcb76b7e1ad11ec51,dark,5,malignant
1,0.2850211262702942,1,fitzpatrick17k,fitz_b5fa3405377953a1b7de9049a4d3e4dc,light,2,malignant
1,0.29378825426101685,1,fitzpatrick17k,fitz_47b5d95eee9086e7846092dedacf77f1,light,2,malignant
0,0.18842560052871704,0,fitzpatrick17k,fitz_e809c553f8d8d5583e4fd26aef02dbb3,dark,5,benign
0,0.2184891551733017,0,fitzpatrick17k,fitz_8d7d69353979c66faac2f9e5fbdfe348,light,2,benign
1,0.1581224948167801,0,fitzpatrick17k,fitz_008c8be183aa54af2d29a6f75521ebce,dark,6,malignant
0,0.1903814673423767,0,fitzpatrick17k,fitz_1317bc312a84b5aa8fc6b9b4a7c3318c,medium,3,benign
0,0.36847352981567383,1,fitzpatrick17k,fitz_c8e7f9739bd62e3219c12d9f567456a8,light,2,benign
0,0.2349478006362915,1,fitzpatrick17k,fitz_ecd5b4bc5413b2370470c83de294157b,light,2,benign
1,0.20885825157165527,0,fitzpatrick17k,fitz_4429b712b5f7463459067286a73d1231,medium,3,malignant
0,0.3664131164550781,1,fitzpatrick17k,fitz_7dd8e927e493ab01ab17a13492ed3f12,light,2,benign
0,0.2497398555278778,1,fitzpatrick17k,fitz_eb9e3bbb4bb38985adff29b28179d5b2,medium,4,benign
1,0.6475313305854797,1,fitzpatrick17k,fitz_5b9a861673164365c98ba2e5eca55328,light,1,malignant
0,0.5704978108406067,1,fitzpatrick17k,fitz_014a5d6dcf9e1a5ffe46d5a312174de5,light,1,benign
1,0.33736884593963623,1,fitzpatrick17k,fitz_8b1847980b176b7b17f75c2ea71922ef,light,2,malignant
0,0.45009660720825195,1,fitzpatrick17k,fitz_3429089d464da316dddf3b4addfd9e3d,dark,5,benign
1,0.3484545946121216,1,fitzpatrick17k,fitz_3e389f35749339cb3f001c51dbd02d09,light,2,malignant
1,0.19359178841114044,0,fitzpatrick17k,fitz_cf06eac86b781c1be85810cc60a40147,medium,3,malignant
0,0.37071025371551514,1,fitzpatrick17k,fitz_db076cda57cbbbc3cd26d96e61d0e9db,light,2,benign
0,0.29926058650016785,1,fitzpatrick17k,fitz_a1902feb20d7f9f4a8a5a719e1ba7122,light,2,benign
1,0.8323066234588623,1,fitzpatrick17k,fitz_29e5519889107e210f878f86e0d17436,light,1,malignant
0,0.25136899948120117,1,fitzpatrick17k,fitz_dee91df31211c000479ccabce17807b9,medium,4,benign
0,0.47442391514778137,1,fitzpatrick17k,fitz_eab4ca887afd28193921e64b0e2b5718,light,2,benign
0,0.31189075112342834,1,fitzpatrick17k,fitz_25f8a7cac8cb6f7d76782067bc3400c3,dark,5,benign
0,0.2329656332731247,1,fitzpatrick17k,fitz_02c35a23f0b8f5926b2185b328c5551a,light,1,benign
0,0.16456474363803864,0,fitzpatrick17k,fitz_287ae52124079fd46a7a58e1ab840a27,medium,4,benign
0,0.18274037539958954,0,fitzpatrick17k,fitz_f27cd92ce48e3148f78e5a46c11a460a,medium,4,benign
0,0.4393615126609802,1,fitzpatrick17k,fitz_13563b4c006e5cae101e869d99e8d036,light,2,benign
0,0.3093075752258301,1,fitzpatrick17k,fitz_3c31ed63ad8000019cc9821b761ed014,dark,5,benign
1,0.6225259900093079,1,fitzpatrick17k,fitz_041c7ee6106e88b7ddce7864efd97525,medium,4,malignant
0,0.41566407680511475,1,fitzpatrick17k,fitz_4ee42381a60d54eac66755d7d986fb05,light,1,benign
1,0.26853495836257935,1,fitzpatrick17k,fitz_318c1c68fbf43892f05191ea20e618cb,medium,3,malignant
0,0.40921396017074585,1,fitzpatrick17k,fitz_087315906369dd994456a197e0cac342,light,2,benign
1,0.5479474067687988,1,fitzpatrick17k,fitz_6bd32d6620c8b17674547ebd9fc112f5,light,2,malignant
0,0.35139214992523193,1,fitzpatrick17k,fitz_9eb643a85636816ca2efe457db1aa944,light,2,benign
1,0.17028796672821045,0,fitzpatrick17k,fitz_874622847ae2cd9f53171fbc150fdb71,light,2,malignant
0,0.21348072588443756,0,fitzpatrick17k,fitz_002714e65a78f16fb05bc0aa95ea9761,medium,4,benign
0,0.32088685035705566,1,fitzpatrick17k,fitz_14cb4dd8985954bfb63e7edc2a488d2f,light,2,benign
0,0.22070400416851044,0,fitzpatrick17k,fitz_31860ef54bc219bb2b67df8b8dad8417,light,1,benign
1,0.4612275958061218,1,fitzpatrick17k,fitz_d6e1592cd3d3cd6718b56f6d556f77c4,light,1,malignant
0,0.23891696333885193,1,fitzpatrick17k,fitz_952aa2d323c527a7da1bd4110b32303b,medium,3,benign
1,0.4829520285129547,1,fitzpatrick17k,fitz_99aa6f56fa29834fb0086965da35fb11,light,1,malignant
0,0.18465262651443481,0,fitzpatrick17k,fitz_ddc592a424045e8cd5931135aa8da877,medium,3,benign
1,0.19108015298843384,0,fitzpatrick17k,fitz_6780e84c97c2737127f08e25e8242fe0,light,2,malignant
1,0.20442593097686768,0,fitzpatrick17k,fitz_4670285632e1c288ec0ac64a15ef82af,light,2,malignant
1,0.45221230387687683,1,fitzpatrick17k,fitz_32e185d203f0e6b8b0c759fa7e9ce627,light,2,malignant
0,0.20702476799488068,0,fitzpatrick17k,fitz_b9107354fdade4f2e553be25b2f5e7f6,light,1,benign
1,0.20410814881324768,0,fitzpatrick17k,fitz_db450c02e0acb737fc2ea0a11be525c7,medium,3,malignant
1,0.41145816445350647,1,fitzpatrick17k,fitz_4e28e2e586e563db2112ad1afa25fcf0,light,1,malignant
0,0.28866827487945557,1,fitzpatrick17k,fitz_1301ea506a1cdd159e17f1ab0eadb51d,light,2,benign
1,0.37407806515693665,1,fitzpatrick17k,fitz_2861f208db32e09e3841ead44f577ddb,light,2,malignant
1,0.3168069124221802,1,fitzpatrick17k,fitz_d9c204f6e15a59b6fc1af7ebb36b2ea4,light,2,malignant
1,0.3722103238105774,1,fitzpatrick17k,fitz_a589f826c885576e848a2a4d66235f1f,medium,3,malignant
0,0.25541454553604126,1,fitzpatrick17k,fitz_16e46cf96a792a51134f8fef4abe290f,light,1,benign
1,0.36965855956077576,1,fitzpatrick17k,fitz_1225748569e2495256edb1f615dab952,medium,3,malignant
1,0.4277452528476715,1,fitzpatrick17k,fitz_f1aba86c1e48a3b1a4bc5e599f7024bf,medium,3,malignant
1,0.3218294382095337,1,fitzpatrick17k,fitz_68623ff99e2d99707211ae16ac655ebf,light,2,malignant
0,0.32370898127555847,1,fitzpatrick17k,fitz_f63bd076db52c4c0c0d05c277f9491e9,light,1,benign
0,0.32608452439308167,1,fitzpatrick17k,fitz_a475142db21f3b90e967349bd169c2c7,light,1,benign
1,0.2349761724472046,1,fitzpatrick17k,fitz_41efd62d9dcb1145994a30ab97d4c514,medium,3,malignant
0,0.6919124126434326,1,fitzpatrick17k,fitz_9cf66703d581a5ac6709c3a093bfb368,medium,3,benign
1,0.2919174134731293,1,fitzpatrick17k,fitz_786891098d43f04f9f2370bb7c614321,light,2,malignant
0,0.11992914229631424,0,fitzpatrick17k,fitz_6ed995cc282c8d8ca9f2bdbcde554468,light,2,benign
1,0.5228510499000549,1,fitzpatrick17k,fitz_006e06abaacec1e2ac15fe0050a89c22,light,2,malignant
0,0.20990999042987823,0,fitzpatrick17k,fitz_5bedb7aaeeeb002707f6118df00a564f,light,1,benign
0,0.355284184217453,1,fitzpatrick17k,fitz_a72a10a9c7ba7a9dcd3e273e542993d7,medium,4,benign
0,0.8094562292098999,1,fitzpatrick17k,fitz_6204b523ebb98d6511aaad0f095c13ca,light,2,benign
0,0.37716972827911377,1,fitzpatrick17k,fitz_8d5ff52807e2603f38f1b4a82f065a48,medium,3,benign
0,0.2294527292251587,0,fitzpatrick17k,fitz_2f3a457f8fee2ad6699da2d15a4ba1e0,medium,3,benign
1,0.17301210761070251,0,fitzpatrick17k,fitz_361c860d6d11345eb0d14b6ff560a952,light,1,malignant
0,0.14878493547439575,0,fitzpatrick17k,fitz_1bafc4435143804067e03a6a5aa1ae83,medium,3,benign
0,0.33663272857666016,1,fitzpatrick17k,fitz_cd97c4945d1b6e8604c300412a32218a,light,2,benign
0,0.22343024611473083,0,fitzpatrick17k,fitz_6298691ad6f0822ab25a9d163e274b40,light,2,benign
0,0.18613259494304657,0,fitzpatrick17k,fitz_1a2a4cd513ec93802d6c85e195441c1b,light,1,benign
1,0.3489978015422821,1,fitzpatrick17k,fitz_e23ca962ab4506bf17cfb2174ebb350d,medium,4,malignant
0,0.3326779901981354,1,fitzpatrick17k,fitz_4e727e2e4c36570c33715f23fa6e8b1c,dark,5,benign
1,0.3759553134441376,1,fitzpatrick17k,fitz_cc391aff32bf98e352ddaf3c1e6865cb,light,1,malignant
1,0.17888548970222473,0,fitzpatrick17k,fitz_80ce74b194cdbef3f44ffff179c1f912,medium,4,malignant
0,0.3820677697658539,1,fitzpatrick17k,fitz_98da7d1c1420c1ecbf2ee4979907799e,light,2,benign
1,0.3170194625854492,1,fitzpatrick17k,fitz_98a86bd0a6b6d31cc399703220627eab,light,1,malignant
1,0.3798293173313141,1,fitzpatrick17k,fitz_b280c5c8428278067af5a0d07409f6c6,light,2,malignant
1,0.4366130530834198,1,fitzpatrick17k,fitz_46cfd1a77dfc44893b3166eca5f5514d,light,2,malignant
0,0.23869909346103668,1,fitzpatrick17k,fitz_ca53e6895f157c0ad28b0a7622f930bb,light,1,benign
0,0.5370595455169678,1,fitzpatrick17k,fitz_94fa3d41352c74ad7a3f4918bb831587,light,2,benign
0,0.16941358149051666,0,fitzpatrick17k,fitz_d94d9da65f3f2823471636729de38f44,light,1,benign
1,0.3878138065338135,1,fitzpatrick17k,fitz_20c35377213f6e1cc6115e8862bd73ef,light,1,malignant
1,0.4992627799510956,1,fitzpatrick17k,fitz_3310c8f8bb1c974cbf1a3e33969ef039,light,2,malignant
1,0.6692848205566406,1,fitzpatrick17k,fitz_32eaca7cb6a5408f4ad5a090187cdb25,light,2,malignant
1,0.35468336939811707,1,fitzpatrick17k,fitz_e0fedce02782d3e39feb80fd57380226,dark,5,malignant
1,0.30934083461761475,1,fitzpatrick17k,fitz_d70a1677a855b45e2049e3f08f47f153,medium,4,malignant
0,0.19335505366325378,0,fitzpatrick17k,fitz_f51e0433a2dbd4a5f7308ba55df2dc45,light,1,benign
1,0.43168875575065613,1,fitzpatrick17k,fitz_d773c2c4b95da12d93796bcec165a6ba,light,2,malignant
1,0.20118792355060577,0,fitzpatrick17k,fitz_5fa619d00f15dc1f92063f54a85e8bb4,light,2,malignant
1,0.46228769421577454,1,fitzpatrick17k,fitz_be7bead78fed91bdc5056a70246ed703,light,2,malignant
0,0.33773866295814514,1,fitzpatrick17k,fitz_4062f7d2bf4baa0f792741ceac66958f,medium,4,benign
1,0.2815697491168976,1,fitzpatrick17k,fitz_ab28440ed0d4fd832a76b06f5d86e401,light,2,malignant
1,0.3033008575439453,1,fitzpatrick17k,fitz_36e842fa0046f02248140aaf668d111a,light,1,malignant
0,0.5190617442131042,1,fitzpatrick17k,fitz_8f7ba0cfef85438ef1d41aa1872492c0,light,2,benign
0,0.19003091752529144,0,fitzpatrick17k,fitz_47533058c881ca04b1c98f6b1a5720b2,light,1,benign
0,0.10940786451101303,0,fitzpatrick17k,fitz_cb191c9c268825b566ef9ecff1c6a740,light,1,benign
0,0.3340305984020233,1,fitzpatrick17k,fitz_2da9a6e77499ad8e1cea172577385443,medium,3,benign
0,0.16908691823482513,0,fitzpatrick17k,fitz_b5cdd8e7f426849930f8f8de833979cc,medium,3,benign
0,0.20062242448329926,0,fitzpatrick17k,fitz_c23edb4060ddaeb9e0dea2d7bbe5019c,medium,4,benign
1,0.4735306203365326,1,fitzpatrick17k,fitz_ed277f414662d8203eeb4a5ddbd58644,light,1,malignant
1,0.959317147731781,1,fitzpatrick17k,fitz_5aebee416901cdd8fd9c02dcdc8b2e24,light,1,malignant
0,0.23085620999336243,0,fitzpatrick17k,fitz_79e2f2599a1be4f99346af73b2a35ee0,light,2,benign
1,0.4386236071586609,1,fitzpatrick17k,fitz_c84a8774938c008cb188779efa58dd16,medium,4,malignant
1,0.5892144441604614,1,fitzpatrick17k,fitz_e052681f9ae01aa8be18a33f2a81fdd5,light,2,malignant
1,0.2472170889377594,1,fitzpatrick17k,fitz_1ea327d045b97047a089db7fb80b6c10,medium,3,malignant
1,0.45118284225463867,1,fitzpatrick17k,fitz_d66bf5de79446335d16025eac09bf65e,light,2,malignant
1,0.35009926557540894,1,fitzpatrick17k,fitz_cd9875059a12da6235552ef1bfe6b306,light,1,malignant
1,0.3370075225830078,1,fitzpatrick17k,fitz_7f64dd852226a5689f3a14fcfc8688ed,medium,4,malignant
1,0.6353104710578918,1,fitzpatrick17k,fitz_8acc8d28a8f6040d23041bfbf16fcf09,light,2,malignant
0,0.5580809116363525,1,fitzpatrick17k,fitz_c447c881dcecbb330609801d1ce21270,medium,3,benign
0,0.15699416399002075,0,fitzpatrick17k,fitz_614fe2468892116277b38458b7b94062,light,2,benign
0,0.23815681040287018,1,fitzpatrick17k,fitz_ed04779a244ceb4766056ed347da1988,dark,6,benign
1,0.3645845055580139,1,fitzpatrick17k,fitz_649a62d188bad59afe9eb4ecb56fb25e,medium,3,malignant
0,0.11075165122747421,0,fitzpatrick17k,fitz_2a7066ad636ad2f3610c40ecdea99223,light,1,benign
0,0.45387670397758484,1,fitzpatrick17k,fitz_882aae045d66274b2788aa6aa70f5c93,light,2,benign
0,0.16602231562137604,0,fitzpatrick17k,fitz_9c468f8877045d70dbb7ad2c18671dbe,light,2,benign
1,0.4573748707771301,1,fitzpatrick17k,fitz_9a2703b526c057a1563b6579cb3024fa,light,1,malignant
0,0.32641664147377014,1,fitzpatrick17k,fitz_9b1273e401dbeb6ddbfad6b22489b0ec,medium,3,benign
0,0.22368237376213074,0,fitzpatrick17k,fitz_2e5fd22630f3224369ec174774afc904,light,2,benign
1,0.6093727946281433,1,fitzpatrick17k,fitz_abf8662ae84390242bafecaa324d02b2,light,1,malignant
1,0.4608114957809448,1,fitzpatrick17k,fitz_413a896e96ee3c63962834b0e6498bd4,light,1,malignant
0,0.2010294795036316,0,fitzpatrick17k,fitz_2a15701b156ba62885e84dcc3f8ea910,dark,6,benign
0,0.3696846663951874,1,fitzpatrick17k,fitz_c1d5adb07467874f40baa88a9d800e65,medium,4,benign
0,0.21048392355442047,0,fitzpatrick17k,fitz_cfd618bd9e96d0c244f295afaff7a388,medium,3,benign
0,0.46025097370147705,1,fitzpatrick17k,fitz_522673224fcd3333c71648cfa95a9505,medium,4,benign
1,0.17579427361488342,0,fitzpatrick17k,fitz_a012732fd2caf22e3168ea643b0df97e,light,2,malignant
1,0.6797099709510803,1,fitzpatrick17k,fitz_25a1a344b4f70052120501edb762a0d5,light,2,malignant
0,0.3489667475223541,1,fitzpatrick17k,fitz_93d60c6f20e1b5b4e08eaaf077a093c5,light,1,benign
0,0.26387330889701843,1,fitzpatrick17k,fitz_78a06c0b3d0da8506826ca9fca8cf3aa,light,2,benign
1,0.30211904644966125,1,fitzpatrick17k,fitz_0b9c906977a5d2a78d7fa64004ccd6be,medium,3,malignant
1,0.2474820464849472,1,fitzpatrick17k,fitz_badbfab4e0fe826cade1351c9e3405a3,light,2,malignant
0,0.2978743314743042,1,fitzpatrick17k,fitz_58b9ae1b3cf0daa87ff739656b1425a3,light,2,benign
1,0.31772884726524353,1,fitzpatrick17k,fitz_9e76e89ec099bb63c7c99bd0aa4e45fd,light,1,malignant
1,0.5420633554458618,1,fitzpatrick17k,fitz_df8387df4697ebb509e2dfc7d4c0bfb7,dark,6,malignant
0,0.22509707510471344,0,fitzpatrick17k,fitz_8d6e33cb7a597c0cfd8655b5f460b388,medium,4,benign
0,0.2877591550350189,1,fitzpatrick17k,fitz_7a0656474273cbc9b3889c80dcf3469a,dark,6,benign
0,0.24710878729820251,1,fitzpatrick17k,fitz_7995475c6fa1b38a709c12c249751ff6,dark,5,benign
0,0.20846962928771973,0,fitzpatrick17k,fitz_b76bc541faaa9e3b095afdcf5fd2909b,light,2,benign
0,0.132285475730896,0,fitzpatrick17k,fitz_ada2d6dd572e1d3d1d9cd414df50cf96,light,1,benign
0,0.15382428467273712,0,fitzpatrick17k,fitz_79c7a632ac4176aa5f1577a459b98ece,light,1,benign
0,0.6054351329803467,1,fitzpatrick17k,fitz_beef5728dca8fc1323536ba9deb83c5d,light,2,benign
1,0.20535041391849518,0,fitzpatrick17k,fitz_b7948589620ceb4bdd56002e51d0c0b0,dark,5,malignant
1,0.20540033280849457,0,fitzpatrick17k,fitz_ae1dd2f408512900bb5149de7c3d6a66,light,1,malignant
1,0.15423165261745453,0,fitzpatrick17k,fitz_d97e0c3483bab3158be2a9f9ffa3339b,medium,4,malignant
1,0.3287735879421234,1,fitzpatrick17k,fitz_1c5adfdbc1c9bda0bc57c328a0ed4b35,medium,4,malignant
0,0.509627103805542,1,fitzpatrick17k,fitz_e9550ec93d0ab041c7aac77e7e933b48,medium,3,benign
0,0.2616816461086273,1,fitzpatrick17k,fitz_48d21b45badd60127a29480d52f1635b,medium,4,benign
1,0.7201420664787292,1,fitzpatrick17k,fitz_4fe3639425f904963bfef4c492664577,light,2,malignant
0,0.4456290304660797,1,fitzpatrick17k,fitz_14d0d57b5430a9923c415e5148ee7ba1,medium,4,benign
0,0.29751574993133545,1,fitzpatrick17k,fitz_c7d29c46a5011566c9e3b4144e970292,light,2,benign
0,0.40077143907546997,1,fitzpatrick17k,fitz_adb0ccdc22392acd362fcac89803b68f,medium,4,benign
0,0.2971157729625702,1,fitzpatrick17k,fitz_f49a7fa4ae182b58125f03383e0f2a22,medium,3,benign
1,0.21371744573116302,0,fitzpatrick17k,fitz_1e7a332c75655b759c774efeac3d9dcc,light,1,malignant
0,0.2217465490102768,0,fitzpatrick17k,fitz_f1dec1f8072f0d430f6192e9e33a9dc3,light,1,benign
1,0.6303281784057617,1,fitzpatrick17k,fitz_a4d86ff0f5c85e2fe204ece83b710f1a,light,2,malignant
0,0.18395006656646729,0,fitzpatrick17k,fitz_310c13f3fb5006f4c9a1befc2741b638,medium,4,benign
0,0.305571973323822,1,fitzpatrick17k,fitz_abf0f44b12362196f432666c5683158e,medium,3,benign
0,0.2944835424423218,1,fitzpatrick17k,fitz_b08c58ea9bcfe9df1f17973aeb971658,light,1,benign
1,0.5784255862236023,1,fitzpatrick17k,fitz_51d2eb9781f05cf0663c78194e93792a,light,2,malignant
0,0.33775264024734497,1,fitzpatrick17k,fitz_3f17fbcb288f27b9d3002367725396d1,dark,6,benign
0,0.29563048481941223,1,fitzpatrick17k,fitz_33b733f4f6ddac886832188b770ce64a,medium,4,benign
0,0.22393575310707092,0,fitzpatrick17k,fitz_111d3c4c189eb2e559bc85117f7975fb,medium,4,benign
0,0.22943532466888428,0,fitzpatrick17k,fitz_1b10a6bacbc5396e297c273e3fe8aa5c,medium,3,benign
0,0.19302953779697418,0,fitzpatrick17k,fitz_64222f330373f656d40c112087e3a4a2,dark,6,benign
1,0.3060351312160492,1,fitzpatrick17k,fitz_7e7d72d040485b4c51a37dadba1ae04e,medium,3,malignant
1,0.733040452003479,1,fitzpatrick17k,fitz_84f75c6da21686206f64b40ba5135716,light,1,malignant
1,0.3209710419178009,1,fitzpatrick17k,fitz_027380dfd609fa5720c1eaf30f77c776,light,2,malignant
0,0.3353966772556305,1,fitzpatrick17k,fitz_f925994eb8367d52a10b74bc5fd88390,medium,4,benign
1,0.17945070564746857,0,fitzpatrick17k,fitz_2e9026dc8e4b4256aaad236b808de767,light,2,malignant
1,0.34748995304107666,1,fitzpatrick17k,fitz_3486bb9f5a4ad3006519845196bca697,medium,4,malignant
1,0.8216784596443176,1,fitzpatrick17k,fitz_88e49623b7d05cee8a59abc21d4a2aac,light,2,malignant
0,0.17236028611660004,0,fitzpatrick17k,fitz_3546b1377255bbaeb4c13e9bfa635cf0,light,1,benign
0,0.2748948335647583,1,fitzpatrick17k,fitz_278f77c0cfc37e499635784af16ea365,medium,3,benign
0,0.24130529165267944,1,fitzpatrick17k,fitz_1699ebcab2744039385ca91482fb4364,light,2,benign
1,0.2549397051334381,1,fitzpatrick17k,fitz_0dd2cb24c519040fca7c77ed6609afed,medium,3,malignant
1,0.2513747811317444,1,fitzpatrick17k,fitz_d3b74982c7011d82c1c874bd9e293fa4,light,1,malignant
1,0.11767951399087906,0,fitzpatrick17k,fitz_0b035e5709e08c96e471bf050c805697,medium,3,malignant
1,0.4345637261867523,1,fitzpatrick17k,fitz_e5ad8f497e1246ffd4ef79b930670250,medium,4,malignant
0,0.259032279253006,1,fitzpatrick17k,fitz_8a6d7b54d48db308d9b4f0e05330087c,light,1,benign
0,0.26114192605018616,1,fitzpatrick17k,fitz_b666857e821c97f3d71300ce4593d0a0,dark,5,benign
0,0.18947169184684753,0,fitzpatrick17k,fitz_476b9c6388bb92858a2873554c1237bf,light,1,benign
1,0.9486607909202576,1,fitzpatrick17k,fitz_14d2333c46a7f94b0b64c6ed0547dd75,light,2,malignant
1,0.36935633420944214,1,fitzpatrick17k,fitz_018504389f4fa566232eb6e3ff838cb8,light,2,malignant
0,0.15644283592700958,0,fitzpatrick17k,fitz_04c59d8184ca0d3280e23de40c68fc47,light,1,benign
0,0.2086496204137802,0,fitzpatrick17k,fitz_e600041da17eda6cff4cf14cdfb25d15,light,1,benign
1,0.8501240015029907,1,fitzpatrick17k,fitz_7e0b3d4f2a678d812e94c1f77f9820fa,light,2,malignant
1,0.45850232243537903,1,fitzpatrick17k,fitz_ff90a72933d50ce7dfe1788e4804d203,light,1,malignant
0,0.20493683218955994,0,fitzpatrick17k,fitz_8d90c2944cdf23c18f305093c7a7fa32,light,2,benign
0,0.44061359763145447,1,fitzpatrick17k,fitz_e69d745cba729ab9a5c7c8fc46dc04ab,light,1,benign
1,0.38011834025382996,1,fitzpatrick17k,fitz_bd85f10bfd60f2577b764e509c7ed296,medium,4,malignant
0,0.2968442440032959,1,fitzpatrick17k,fitz_d08fd8e8f31ec6cc52967c44c5fd37a2,light,1,benign
1,0.25686517357826233,1,fitzpatrick17k,fitz_34714a9dd80557d0b2b3a93ee66a6258,light,2,malignant
1,0.231061190366745,0,fitzpatrick17k,fitz_c0de110fb3fb880b122cc8f058b731af,light,2,malignant
1,0.5373883843421936,1,fitzpatrick17k,fitz_6e923b13c1fd768eca8b3000ff6101f8,light,1,malignant
1,0.40341973304748535,1,fitzpatrick17k,fitz_2d8dd8e2b1d3f0af318b320f7d77e595,medium,4,malignant
1,0.44289132952690125,1,fitzpatrick17k,fitz_1edc419cfccfb2728ee1743bc921facb,light,2,malignant
0,0.3375000059604645,1,fitzpatrick17k,fitz_8441e5e11118d0a1f93cf9e74bd45cc9,light,2,benign
0,0.660190761089325,1,fitzpatrick17k,fitz_e253e3ddfec9778647c4bb078bcf8754,light,1,benign
0,0.5758808255195618,1,fitzpatrick17k,fitz_140f5a6279976fc02efe2b9dbf1b4656,light,2,benign
0,0.2161797136068344,0,fitzpatrick17k,fitz_aa1f674e2ddac8521428cb72c09fe055,light,1,benign
0,0.3287770450115204,1,fitzpatrick17k,fitz_c1ea1a8f9448f4007dab8c04e3b9b30d,light,2,benign
1,0.9263098239898682,1,fitzpatrick17k,fitz_a18100a6cc186c4ed5e690250834edd4,light,2,malignant
0,0.22091101109981537,0,fitzpatrick17k,fitz_15e80bdb79a83a5336efe5efbd5ec198,light,1,benign
1,0.26132428646087646,1,fitzpatrick17k,fitz_5db01c89de63e47302555704e3e5661e,light,2,malignant
1,0.3388901650905609,1,fitzpatrick17k,fitz_0c21730ed61cd15dc2ad83e5456c77ba,light,1,malignant
1,0.6534445881843567,1,fitzpatrick17k,fitz_9ca9d8e0946f6d8598daad6770b5581f,dark,5,malignant
1,0.18070143461227417,0,fitzpatrick17k,fitz_e8fd022f0fbc938d8b2a44056f1bdec5,light,1,malignant
1,0.7211090326309204,1,fitzpatrick17k,fitz_d888164ff416adf7a9049f5e5fe3efe3,light,2,malignant
1,0.5401925444602966,1,fitzpatrick17k,fitz_6729f41b841e60ac27d662961c5ef703,dark,6,malignant
0,0.1629960834980011,0,fitzpatrick17k,fitz_bf82b98572753ebeb30643d8cbc267da,light,1,benign
0,0.2253880798816681,0,fitzpatrick17k,fitz_50e33aea816269c53033f333c5739218,dark,5,benign
0,0.1643787920475006,0,fitzpatrick17k,fitz_9ce3c69f96b4a44009e8f953aa221cf6,light,1,benign
0,0.20401565730571747,0,fitzpatrick17k,fitz_6bec1ae4f827a7dea5e1562c27a5f620,light,2,benign
1,0.22627592086791992,0,fitzpatrick17k,fitz_acd3aa9405d92f6395ae33cfbc9e32f0,light,1,malignant
0,0.1349485218524933,0,fitzpatrick17k,fitz_073855fe43184e4d1d8045c09e7df53c,light,2,benign
1,0.519210934638977,1,fitzpatrick17k,fitz_079ae7d3ebe5cf9bfe97e1e29bbfd780,light,2,malignant
1,0.8513039946556091,1,fitzpatrick17k,fitz_9f3e74ee111f2eaec8e4f23fa6ec1b67,medium,3,malignant
0,0.21685265004634857,0,fitzpatrick17k,fitz_9debbcbf24db1cf6c8061531f74dbb0e,medium,4,benign
0,0.20898152887821198,0,fitzpatrick17k,fitz_b49e517f6e88f5f0f139927acd7e00a3,light,1,benign
0,0.3117751181125641,1,fitzpatrick17k,fitz_77cbfcac621e1e9473cb6963d4c35463,medium,4,benign
1,0.4625242054462433,1,fitzpatrick17k,fitz_abd3e1393bf969a1329b12ff83e5f85d,medium,3,malignant
1,0.31510964035987854,1,fitzpatrick17k,fitz_83e37346b35f00b1fc3e226a9a1eef87,light,1,malignant
0,0.15490740537643433,0,fitzpatrick17k,fitz_be5143c118a6c4a5204a9f4e25613587,light,1,benign
0,0.2981550395488739,1,fitzpatrick17k,fitz_e7a97275e26d0fbfbc9cb212ee90c506,medium,3,benign
1,0.3291775584220886,1,fitzpatrick17k,fitz_56c7427df79c37d0602a2797539ca761,light,2,malignant
0,0.34730657935142517,1,fitzpatrick17k,fitz_6d27b2cefd23115cb0b2f5ccd2030f87,light,1,benign
0,0.22107990086078644,0,fitzpatrick17k,fitz_80d9ee6779cba57c3120621cec170505,light,1,benign
1,0.2628490626811981,1,fitzpatrick17k,fitz_5c403fe1da054bdd574a35472928b3bb,dark,5,malignant
0,0.33278587460517883,1,fitzpatrick17k,fitz_8d47665dd04c83496fad63942b78f1ff,medium,4,benign
0,0.3885408937931061,1,fitzpatrick17k,fitz_6a6157ea3e113d5e62883e4852c22138,light,2,benign
0,0.34415510296821594,1,fitzpatrick17k,fitz_0e4b53cec9919e20dee742eaf50cee45,medium,4,benign
0,0.4214183986186981,1,fitzpatrick17k,fitz_7b6720ebe30dc6fadce2e84b553472c8,light,2,benign
0,0.2527388036251068,1,fitzpatrick17k,fitz_5616f246d079e208cb3f88c97eb6025d,light,2,benign
0,0.9043158292770386,1,fitzpatrick17k,fitz_374de2215f3eb571d87207e5d5089354,light,2,benign
1,0.8456321954727173,1,fitzpatrick17k,fitz_53711d42c9baa9f1f187ba8a687e74bf,light,2,malignant
1,0.2215399146080017,0,fitzpatrick17k,fitz_c4157b7a885695ebb5670c69ff5759b6,medium,3,malignant
0,0.1996324062347412,0,fitzpatrick17k,fitz_f8c6615c8c5af9d278d291b67f12c37e,dark,6,benign
1,0.29294705390930176,1,fitzpatrick17k,fitz_f23d762492106d7cfb3fdb1a3b4c37a6,medium,4,malignant
0,0.32323551177978516,1,fitzpatrick17k,fitz_377119a9792a5995497cdd74ab4af3d2,light,2,benign
0,0.4495644271373749,1,fitzpatrick17k,fitz_0a4ad3b7c8705af214e73f8f771dfd47,light,2,benign
1,0.2910291850566864,1,fitzpatrick17k,fitz_d340f64a533f1be3a5c8d0fc9e621472,light,1,malignant
0,0.2093917280435562,0,fitzpatrick17k,fitz_1406e7b62c46d79067db741cea39c476,medium,3,benign
0,0.4530125856399536,1,fitzpatrick17k,fitz_ce1c3d85cccf5be20e7b2a941b355494,medium,3,benign
1,0.6273537278175354,1,fitzpatrick17k,fitz_8e78549a9495befba3fc589b855c88c6,light,1,malignant
0,0.19413165748119354,0,fitzpatrick17k,fitz_1f83b172515fa893dd46a4c2e37d34b9,light,2,benign
0,0.3966292142868042,1,fitzpatrick17k,fitz_7f5b8a9cc04f8954bbb968f6b85f32c4,light,2,benign
0,0.1857231706380844,0,fitzpatrick17k,fitz_8dce6823c51ba27908e26d3aa9455e1d,light,1,benign
0,0.4269779324531555,1,fitzpatrick17k,fitz_bc3c9dd43c061e18fd28bec45d7b04c2,light,2,benign
0,0.3492547273635864,1,fitzpatrick17k,fitz_893b77e46a78032e0a85f73ab5ff6042,light,2,benign
1,0.3814903497695923,1,fitzpatrick17k,fitz_ddcb8094a49516b627eb25de87bb37e8,light,1,malignant
0,0.3088530898094177,1,fitzpatrick17k,fitz_9b80bb011a2ae3f741c6c1af12ec34e9,light,1,benign
1,0.37043890357017517,1,fitzpatrick17k,fitz_b487fe9d3636c4e36664828253959b78,medium,4,malignant
0,0.16082482039928436,0,fitzpatrick17k,fitz_20dade7616104b6f075799d9cdbf46c7,light,1,benign
0,0.14548923075199127,0,fitzpatrick17k,fitz_a80e6846c0209f0db4190ff2a2e45c74,light,1,benign
0,0.6820192337036133,1,fitzpatrick17k,fitz_6de447a43bdde9d2d681aaf5e344b1ec,dark,5,benign
1,0.4001104235649109,1,fitzpatrick17k,fitz_6605d70969437eee21f8d1bdf2b710c4,dark,5,malignant
1,0.3516501486301422,1,fitzpatrick17k,fitz_9dd7a74466053926b7ec656b3f8a10d1,light,2,malignant
1,0.39821940660476685,1,fitzpatrick17k,fitz_84cd6e1510b7882642588c05b91be5de,light,2,malignant
1,0.38369518518447876,1,fitzpatrick17k,fitz_e330d92c592d7865e93658aca6a51323,light,2,malignant
1,0.22651387751102448,0,fitzpatrick17k,fitz_5e8af402e0bdf6c1a76ef4bcccceb5c6,medium,3,malignant
1,0.1807418316602707,0,fitzpatrick17k,fitz_f45dc98e818745e359d7d25b00c91151,light,1,malignant
0,0.2673061788082123,1,fitzpatrick17k,fitz_720aa2c6680e77a8ba33413acdfd8684,dark,5,benign
0,0.22663286328315735,0,fitzpatrick17k,fitz_ada500a88d68a997ed3804382208cc0b,light,2,benign
1,0.3041868209838867,1,fitzpatrick17k,fitz_c59e08e62fb00753b5857d0aa3bb0d3f,light,2,malignant
0,0.20413736999034882,0,fitzpatrick17k,fitz_cfd7c5290a272f48b716b6edd4839797,light,1,benign
1,0.4010418951511383,1,fitzpatrick17k,fitz_be14688ebedce7b2609d621e98b9bd77,dark,6,malignant
0,0.37957268953323364,1,fitzpatrick17k,fitz_22954dc55a604abca986d0bda8981d88,light,1,benign
1,0.6243684887886047,1,fitzpatrick17k,fitz_442286d7bcb57c1d39b134f12a181184,light,2,malignant
0,0.243904709815979,1,fitzpatrick17k,fitz_1d5fec5379a83b91079dcc0721ba7a11,light,2,benign
1,0.26649582386016846,1,fitzpatrick17k,fitz_38b649997c117ffa68e7319ea9f111e6,medium,3,malignant
1,0.18855158984661102,0,fitzpatrick17k,fitz_e15211e66c71b025b9add197313cd5e2,light,1,malignant
1,0.3010917901992798,1,fitzpatrick17k,fitz_eae8d8e779633f16b622bac6a56f59ed,medium,3,malignant
0,0.2121192067861557,0,fitzpatrick17k,fitz_ea4fc8065f75426210090461c7815045,light,2,benign
1,0.3723471462726593,1,fitzpatrick17k,fitz_fa49c5def9b18a6629d73c63e0255289,medium,3,malignant
0,0.3665319085121155,1,fitzpatrick17k,fitz_feabe7afd5bf64029cde195e8edad3a5,medium,3,benign
0,0.3393094539642334,1,fitzpatrick17k,fitz_6d2f1647e59fa391b9a5db0f7c68aa1b,light,1,benign
0,0.3073446750640869,1,fitzpatrick17k,fitz_0335f86b43703c613d0678ad8be337b6,light,1,benign
0,0.6204050779342651,1,fitzpatrick17k,fitz_0a4295449ffc040bc2b6bc29ed5f4d36,medium,3,benign
0,0.39543986320495605,1,fitzpatrick17k,fitz_19b0353695d80e690836eeb6460ae841,light,2,benign
0,0.3407626152038574,1,fitzpatrick17k,fitz_914d148a80029bf56971c2dd5a2b96b4,medium,3,benign
0,0.7534663677215576,1,fitzpatrick17k,fitz_000b6317b3be6d504e212a50e4d5667f,medium,3,benign
1,0.39472725987434387,1,fitzpatrick17k,fitz_1d5f5e2acb325eef27470722488a7e44,light,1,malignant
1,0.279336541891098,1,fitzpatrick17k,fitz_2fffc030779c4f39555af05bd6131e03,light,2,malignant
0,0.25308671593666077,1,fitzpatrick17k,fitz_6fb2d900b06d69c873a29c7bee2c2277,medium,3,benign
0,0.250896155834198,1,fitzpatrick17k,fitz_54b1232f62b3c0023605bf417eebfd99,light,2,benign
1,0.2375398576259613,1,fitzpatrick17k,fitz_dc2a400c943a17772ea55dc50e376435,light,1,malignant
0,0.2237693965435028,0,fitzpatrick17k,fitz_b89f0df848e11733fcb8abfc25834f2e,light,2,benign
0,0.4741078317165375,1,fitzpatrick17k,fitz_cca4d6cb306087ac189ba9d1e14958cb,light,2,benign
0,0.2088310569524765,0,fitzpatrick17k,fitz_1bac4857995e73a390eb1b8e4fe8583a,light,2,benign
1,0.5985693335533142,1,fitzpatrick17k,fitz_afe41fae78805d3c1eefe5fdeb5ecba8,light,2,malignant
0,0.37568938732147217,1,fitzpatrick17k,fitz_db7e857dec9dd0c61b22b0e85f94ef54,light,1,benign
0,0.28479212522506714,1,fitzpatrick17k,fitz_cd5bc91c3d088398447b79558daad671,light,1,benign
0,0.2949131727218628,1,fitzpatrick17k,fitz_b71c0b85580e06b347da7e16d1aff3ff,medium,4,benign
1,0.27122241258621216,1,fitzpatrick17k,fitz_38bc85b4b299f40df26f1de1ae6edc53,light,2,malignant
1,0.3395113945007324,1,fitzpatrick17k,fitz_691260f9a6de48296c0bcd79084d1c24,light,2,malignant
0,0.16131271421909332,0,fitzpatrick17k,fitz_e818a551b15bc2d4d506df50e2ec65fd,medium,4,benign
0,0.16611938178539276,0,fitzpatrick17k,fitz_d544e100dbe054c62df2d7df61cc95d8,light,1,benign
1,0.24233683943748474,1,fitzpatrick17k,fitz_bbf7ad746b18c2968b664e4d0b70b6f8,light,1,malignant
1,0.15394586324691772,0,fitzpatrick17k,fitz_fedcb4729515d8c9a11d2dbe88576773,light,1,malignant
1,0.47700977325439453,1,fitzpatrick17k,fitz_734c9a93f9d8f98d7f2b8fb03750850b,light,2,malignant
0,0.2683684825897217,1,fitzpatrick17k,fitz_27831e1a3089f98f8aa98c84b198084f,medium,3,benign
1,0.3726331889629364,1,fitzpatrick17k,fitz_a38c514b6e09c788efe6438a5e76f864,light,1,malignant
1,0.5853400826454163,1,fitzpatrick17k,fitz_421307b71f4e267df9fdec5a5c91c67e,light,2,malignant
0,0.36303845047950745,1,fitzpatrick17k,fitz_764643fdb76178178f837b507d79b6f0,light,1,benign
1,0.2764096260070801,1,fitzpatrick17k,fitz_286ea551a105d965fcc718e447932479,light,2,malignant
1,0.3794010579586029,1,fitzpatrick17k,fitz_7cc6621d7d99fcca1f0bf2b6bd3043fb,medium,3,malignant
1,0.3389557898044586,1,fitzpatrick17k,fitz_cb13129a1d876d50c0c62088f87f5b9d,medium,3,malignant
0,0.2182708978652954,0,fitzpatrick17k,fitz_1a7f5be93d32df0863ffa3115bdd1a63,light,1,benign
1,0.2653742730617523,1,fitzpatrick17k,fitz_6c3081a5e16b9a11fb33cf8b022122cb,light,2,malignant
1,0.44044527411460876,1,fitzpatrick17k,fitz_5dcf89822b03a9620054dcddfb327cf5,light,2,malignant
0,0.3164829611778259,1,fitzpatrick17k,fitz_16a5c5392fe5fca2c961284143d59b57,medium,4,benign
1,0.6173985004425049,1,fitzpatrick17k,fitz_229048c8bf711a1039380054d624e368,light,2,malignant
1,0.30072900652885437,1,fitzpatrick17k,fitz_bc1a453b16e32352b492d12725f557c5,light,2,malignant
1,0.5181865692138672,1,fitzpatrick17k,fitz_40727941934994bc194e5c8a8a2bd99e,light,1,malignant
0,0.25834038853645325,1,fitzpatrick17k,fitz_4f385ab88233e751897478048ed6ff85,light,1,benign
0,0.20822328329086304,0,fitzpatrick17k,fitz_5068074ceb7c5a423100752cb1e4dd43,light,1,benign
1,0.3523610830307007,1,fitzpatrick17k,fitz_a3308a1ba83738f6914b390a23c12256,light,1,malignant
1,0.6927430033683777,1,fitzpatrick17k,fitz_fe1bb49509d3638c2930d94268ed1463,light,1,malignant
0,0.28979840874671936,1,fitzpatrick17k,fitz_164c8d1e136ee209679d8ceeb8375df5,light,1,benign
0,0.4950638711452484,1,fitzpatrick17k,fitz_4094556d382c6873c3f4f873fceeccb9,medium,3,benign
0,0.29194995760917664,1,fitzpatrick17k,fitz_0896aad5d8447d068503c8f0c0071668,medium,4,benign
1,0.4497155547142029,1,fitzpatrick17k,fitz_3e83745d7e86dfb8b0aa6549e28e33d0,light,2,malignant
1,0.5180118083953857,1,fitzpatrick17k,fitz_68064a802e353660f323bc42c2eb67e7,light,2,malignant
1,0.7949879765510559,1,fitzpatrick17k,fitz_fb0dcd31990c06d1c8f254ce8b0115c1,light,2,malignant
0,0.3504187762737274,1,fitzpatrick17k,fitz_345ca6477795dc111e571094dab1a5dc,light,2,benign
0,0.42226752638816833,1,fitzpatrick17k,fitz_fc81b32afc618847af57d0f68c05f0a6,light,1,benign
0,0.38359135389328003,1,fitzpatrick17k,fitz_db35916cf721021829daedb8648125bf,light,2,benign
1,0.3422614336013794,1,fitzpatrick17k,fitz_c5714d20b28a2e3e75d14bc64d616ff7,medium,3,malignant
1,0.613055944442749,1,fitzpatrick17k,fitz_fed52ed3aaaf68c38fbac9634c8f1216,medium,3,malignant
0,0.30494457483291626,1,fitzpatrick17k,fitz_5322c14309c560adc3a2927133a7763d,light,1,benign
0,0.6213527917861938,1,fitzpatrick17k,fitz_f3a39341732b7f64a9006d1e7104ade3,medium,4,benign
0,0.27668607234954834,1,fitzpatrick17k,fitz_adb438ba23224abe46a075ca35d17860,light,2,benign
1,0.6067813634872437,1,fitzpatrick17k,fitz_1ba9b93ba453254fd9cc42cb0837d021,medium,3,malignant
1,0.6503644585609436,1,fitzpatrick17k,fitz_efe90e108b7d40765e02f80e146bc36c,light,1,malignant
0,0.18292804062366486,0,fitzpatrick17k,fitz_8f5ed7a6b36ec4af8b84635c0d5291ec,medium,4,benign
0,0.17959582805633545,0,fitzpatrick17k,fitz_f6bc7672916e190d70b9a7176b26d2a3,light,2,benign
0,0.28872907161712646,1,fitzpatrick17k,fitz_6784d371450b391aea1e40d6cb28d153,light,1,benign
1,0.2701699435710907,1,fitzpatrick17k,fitz_a5c4f4a2536c4183f431aa97d696eb44,light,2,malignant
0,0.22344456613063812,0,fitzpatrick17k,fitz_52b866609ea7bcfacac4ffa0fa943b7a,medium,3,benign
0,0.2874046266078949,1,fitzpatrick17k,fitz_1e6506ff6a31d4763e689edd96d2cc5b,medium,4,benign
0,0.22575350105762482,0,fitzpatrick17k,fitz_36f15fdcab127921c68e23e5952b579a,light,2,benign
0,0.655948281288147,1,fitzpatrick17k,fitz_5ffd8bfd72bf93492e07434924e9d15a,light,1,benign
0,0.5556042790412903,1,fitzpatrick17k,fitz_6adeb96003f09a82eb1ef973b9d157e4,medium,3,benign
1,0.7613241076469421,1,fitzpatrick17k,fitz_a7d47cb7feead82596e930e692c998fa,light,1,malignant
0,0.2886054813861847,1,fitzpatrick17k,fitz_7edd1ea64cd58993db33eb7f63c9e23b,light,1,benign
1,0.4807628095149994,1,fitzpatrick17k,fitz_4e90f3cc9051c8bcc7ee07f25e169134,medium,4,malignant
0,0.3427654206752777,1,fitzpatrick17k,fitz_764e922aa3cd6c871f7949f60d013714,medium,4,benign
1,0.27939796447753906,1,fitzpatrick17k,fitz_1092a8b1d5054fc49428a554d1126042,light,2,malignant
1,0.34903162717819214,1,fitzpatrick17k,fitz_0f9a80fc4b30ce96e2440e1a67cd31d2,medium,4,malignant
1,0.503029465675354,1,fitzpatrick17k,fitz_0e55b54825db2d67edecfe12d01144a6,medium,3,malignant
0,0.1783154159784317,0,fitzpatrick17k,fitz_2d1714ec6d8fb7089eea8d8e301564e1,light,2,benign
0,0.22002659738063812,0,fitzpatrick17k,fitz_d66cd3164d722d3914ea69b618bfb285,light,1,benign
1,0.24567967653274536,1,fitzpatrick17k,fitz_98bd1bb7764270260e9b3720e57fc880,light,1,malignant
0,0.363760381937027,1,fitzpatrick17k,fitz_42fd37cdc337997553b250a3df5d2b5c,medium,3,benign
0,0.18535573780536652,0,fitzpatrick17k,fitz_5444d551df8e1549d7b1fb51b9a87c2f,medium,3,benign
1,0.5466067790985107,1,fitzpatrick17k,fitz_d611911777942df51c973badfb02c4a4,light,1,malignant
0,0.22956137359142303,0,fitzpatrick17k,fitz_d181fde8e6e74c0d851fe607a8453908,light,1,benign
1,0.33425116539001465,1,fitzpatrick17k,fitz_6dba48622336596a9576d587ce702142,medium,3,malignant
1,0.45142731070518494,1,fitzpatrick17k,fitz_b7bef6a70726af17d4945654d94e413a,light,1,malignant
0,0.173418790102005,0,fitzpatrick17k,fitz_2b37976a80b2374b8d90b550be0eebef,light,2,benign
0,0.42661798000335693,1,fitzpatrick17k,fitz_b6a18504475d38e563b89a6ecf3558b3,medium,3,benign
1,0.1909967064857483,0,fitzpatrick17k,fitz_b53ec636f5f8e7b11071d5159d127da0,dark,5,malignant
0,0.1368372142314911,0,fitzpatrick17k,fitz_bf099025b4eb00a75d473a3b366952f5,medium,3,benign
0,0.16397914290428162,0,fitzpatrick17k,fitz_0a7d0e3f4df5d8e69dc3763ae9ba8d96,light,2,benign
0,0.2509002983570099,1,fitzpatrick17k,fitz_d0cdfc100d1dcc1a4d4e6c06babc514b,light,1,benign
1,0.17496764659881592,0,fitzpatrick17k,fitz_d2561eaa981d137b29e3a058246645f4,medium,3,malignant
0,0.3595370054244995,1,fitzpatrick17k,fitz_623faa459db4f5aef96431cfad70cf68,medium,3,benign
0,0.18927183747291565,0,fitzpatrick17k,fitz_ea0df59c874b616fef0a595b88444519,medium,3,benign
0,0.4149409830570221,1,fitzpatrick17k,fitz_49cdcc1dad38759114c04153abd6d4da,medium,3,benign
0,0.2277802973985672,0,fitzpatrick17k,fitz_f1e293cbe5ca1ba1d6905ad043f23315,medium,3,benign
0,0.3535250723361969,1,fitzpatrick17k,fitz_5e13c19a8e2da3eefdcb074832afd99a,light,2,benign
0,0.37854090332984924,1,fitzpatrick17k,fitz_0335374becde1099bcf8541a5e6a07e8,medium,4,benign
1,0.2433534860610962,1,fitzpatrick17k,fitz_dd3243a389c424fdd01d1aee5cc21926,light,2,malignant
0,0.4169721007347107,1,fitzpatrick17k,fitz_31a39ea6712ece70be83409c1ab50908,light,1,benign
1,0.7868509292602539,1,fitzpatrick17k,fitz_22f1d783dd6821defafcc915a8146c41,light,1,malignant
1,0.16363707184791565,0,fitzpatrick17k,fitz_400e3359fc83a621bcfe57435ca6ca49,light,2,malignant
0,0.44308456778526306,1,fitzpatrick17k,fitz_6eafbcbba924aae35c18db47b1d1b605,medium,3,benign
0,0.18161669373512268,0,fitzpatrick17k,fitz_d1bc8ccf76f9d75244020b5eed876de5,light,1,benign
1,0.42454221844673157,1,fitzpatrick17k,fitz_5bfd231e8cf0526d1247ced60c6ef573,light,1,malignant
0,0.9388769268989563,1,fitzpatrick17k,fitz_bcea6a243a9930a11354a81999f1004d,medium,3,benign
0,0.23430980741977692,1,fitzpatrick17k,fitz_8a539794b96a6bf2b5ae4d1f53d3faa5,light,2,benign
0,0.3364415764808655,1,fitzpatrick17k,fitz_aafc6602c9371da05c3a8567ab87c617,light,1,benign
0,0.35848918557167053,1,fitzpatrick17k,fitz_8b4ea641cf961c4b0512778a433337ee,medium,4,benign
0,0.40805479884147644,1,fitzpatrick17k,fitz_f3a4d8da2bdb24a1d78a061f30496e9b,medium,3,benign
1,0.44840413331985474,1,fitzpatrick17k,fitz_f576c38e09eb3ecc24e6326eb3a881f1,light,2,malignant
0,0.3780527412891388,1,fitzpatrick17k,fitz_30967c04d61caf234f5150895d965416,dark,5,benign
1,0.22358712553977966,0,fitzpatrick17k,fitz_29cec54fd4c616bcbc1b0eeb68d8f68b,medium,4,malignant
1,0.4489530026912689,1,fitzpatrick17k,fitz_d76810b768f47a4dd71bd933a3983c1e,light,2,malignant
1,0.16632238030433655,0,fitzpatrick17k,fitz_a613f7932b3012eeff5ace8e062e5c05,light,2,malignant
0,0.4384879171848297,1,fitzpatrick17k,fitz_64a2c06c717efdd527e83c760e89b5f3,light,2,benign
1,0.1574871838092804,0,fitzpatrick17k,fitz_6b8443f997a29f08833996007cf7b10d,light,1,malignant
0,0.22596605122089386,0,fitzpatrick17k,fitz_26bc3a48abf2b2bed3334174c1bfe390,dark,6,benign
0,0.24052755534648895,1,fitzpatrick17k,fitz_6c96911420383d81a0bbbaf15eb55b03,light,2,benign
1,0.6957629919052124,1,fitzpatrick17k,fitz_ffe6dea0a2fca93de83bb3172639eea0,medium,4,malignant
0,0.2521802484989166,1,fitzpatrick17k,fitz_bf0ac1fa54c864abb0672fd6bab8722c,medium,4,benign
1,0.3686324656009674,1,fitzpatrick17k,fitz_c995745018525c980abe6c9ec79fb42a,light,2,malignant
1,0.5377406477928162,1,fitzpatrick17k,fitz_5b1b2120388f0014b62fc0eab94d3b05,light,2,malignant
1,0.15214116871356964,0,fitzpatrick17k,fitz_fe43366689261c8ccaff1e1ca87ddc05,medium,3,malignant
1,0.3383653461933136,1,fitzpatrick17k,fitz_534efa4991400aa326f3ddadbe961225,light,1,malignant
0,0.3562481999397278,1,fitzpatrick17k,fitz_e6919d4f7cf524992736b9a0cb7b2589,medium,4,benign
0,0.3429875373840332,1,fitzpatrick17k,fitz_6acff072751ef8db15a4a16b92d810af,light,2,benign
1,0.2226719707250595,0,fitzpatrick17k,fitz_8cb31aa81fca4e58aad1a07e8e9a06ce,light,2,malignant
0,0.24149756133556366,1,fitzpatrick17k,fitz_c480d04a59d640c9bcb1379236cc4c0f,light,1,benign
0,0.2096908539533615,0,fitzpatrick17k,fitz_992b8fd6619e05bb8b1b492c880793ca,light,1,benign
0,0.11765841394662857,0,fitzpatrick17k,fitz_f7e5563617222a2c2e7c8451b0e2c342,light,1,benign
0,0.21085643768310547,0,fitzpatrick17k,fitz_cf29e2bb13454f7bfcc293b109eaa8af,light,1,benign
0,0.47042977809906006,1,fitzpatrick17k,fitz_22d133bafd416ca5867a862bd62314ce,dark,5,benign
1,0.3667311668395996,1,fitzpatrick17k,fitz_2082b550a0bc0991b03d5f89ad30ac02,light,2,malignant
0,0.1657450944185257,0,fitzpatrick17k,fitz_18e84c13afe6ace5617f450337a0ca6f,medium,3,benign
1,0.36835989356040955,1,fitzpatrick17k,fitz_6fba1ba992dd21cd3eaaf1ecacaf291d,light,2,malignant
0,0.3108568787574768,1,fitzpatrick17k,fitz_4e49ff569923f54e072b4617e0adc4a8,light,2,benign
0,0.3784354627132416,1,fitzpatrick17k,fitz_71cd9fda6742e7d9ace30aa8fa3a0f7a,light,2,benign
0,0.20266687870025635,0,fitzpatrick17k,fitz_a2c3f081bffa82baea1b7e6f75ab9525,medium,4,benign
0,0.31523531675338745,1,fitzpatrick17k,fitz_691e993248f5ba98fc7be6bede8dc9ac,dark,6,benign
0,0.7557342052459717,1,fitzpatrick17k,fitz_6cc1fda21f970f561248aefa16c19054,light,2,benign
0,0.2075095772743225,0,fitzpatrick17k,fitz_63324b9995e84a5e20c3d46dec5b7a8b,light,1,benign
0,0.15296974778175354,0,fitzpatrick17k,fitz_1dd2cf4a2adee4232cbd3ebd285207c1,medium,4,benign
0,0.20699383318424225,0,fitzpatrick17k,fitz_32a5ecac69adc9fefc35ed907f5c03de,medium,4,benign
1,0.21741418540477753,0,fitzpatrick17k,fitz_4acf72bae41e9006b388309adb1b24ac,light,2,malignant
1,0.3761269748210907,1,fitzpatrick17k,fitz_402f0c0b3da52105897eadd247cb100e,light,1,malignant
0,0.5099805593490601,1,fitzpatrick17k,fitz_f63c03528b28521611282af085060357,dark,5,benign
0,0.1966477483510971,0,fitzpatrick17k,fitz_c0a5c449ab3d9164f7558370210dadfb,light,1,benign
1,0.6594682335853577,1,fitzpatrick17k,fitz_20ae00ff7ebdbc67170b2dc89b68320c,light,2,malignant
0,0.3508659899234772,1,fitzpatrick17k,fitz_81e193601fe87aaaec1668099ba682fb,light,1,benign
0,0.1654638797044754,0,fitzpatrick17k,fitz_512a383df35a52c0922976815409b5b6,light,1,benign
1,0.5647470951080322,1,fitzpatrick17k,fitz_d0b0400c882ead562db99693b7548504,medium,3,malignant
1,0.36854982376098633,1,fitzpatrick17k,fitz_8756c0cf6831bd5dadb7a2a50dcf4077,light,2,malignant
0,0.5891938805580139,1,fitzpatrick17k,fitz_9c68be8dbad590f9ec5a16ed4e397c73,light,2,benign
0,0.36830341815948486,1,fitzpatrick17k,fitz_3954d049ce44ed421557ccb89fd97f05,dark,5,benign
0,0.2641514241695404,1,fitzpatrick17k,fitz_40b19a32bbb16d53c40fa6a93b8dc365,medium,3,benign
0,0.4940156936645508,1,fitzpatrick17k,fitz_dec811bc9afafa9d870960fc31a1d11d,light,1,benign
0,0.5959286093711853,1,fitzpatrick17k,fitz_deb34f3851453cae8bcfee01d736507d,light,1,benign
0,0.22814306616783142,0,fitzpatrick17k,fitz_b9e384f23afb5f3b9312668aebfc342f,light,1,benign
1,0.46362191438674927,1,fitzpatrick17k,fitz_57f13ecd96dc2ccf73b4ccb9981a91c7,light,2,malignant
0,0.092994824051857,0,fitzpatrick17k,fitz_a6629479087e41f75d104e0a0fe4e129,light,2,benign
1,0.25761690735816956,1,fitzpatrick17k,fitz_226e024f7a2e67c70cd8e51fdd4edf33,light,1,malignant
0,0.4568452537059784,1,fitzpatrick17k,fitz_017731f46a60567c77932a12200ebfe4,medium,3,benign
1,0.22583948075771332,0,fitzpatrick17k,fitz_e2881d63260ae0e2dc9d4269a9e349af,light,2,malignant
0,0.253309041261673,1,fitzpatrick17k,fitz_47c4f6c14eb53f09cd583b4b51356415,light,1,benign
1,0.4291594326496124,1,fitzpatrick17k,fitz_766c1d5852612dda5de7a1ba853e9489,dark,5,malignant
0,0.19739480316638947,0,fitzpatrick17k,fitz_1f0c390a0fdc638536ab51f14d6a359c,light,2,benign
1,0.36874306201934814,1,fitzpatrick17k,fitz_835a931b5ddf66e9b58b47421a8c4dad,medium,4,malignant
0,0.3429931402206421,1,fitzpatrick17k,fitz_968e1a5756f64d872387e90182a2babf,medium,4,benign
1,0.5906325578689575,1,fitzpatrick17k,fitz_cb7085277de61ca9601240e2c242f902,light,2,malignant
0,0.39363014698028564,1,fitzpatrick17k,fitz_cbbe4cd020233738da525e18a670e6c4,dark,5,benign
0,0.38058486580848694,1,fitzpatrick17k,fitz_4d11c36b249cfebffe516998f9c6db31,light,2,benign
0,0.2845013439655304,1,fitzpatrick17k,fitz_c266c328e3f707dca7cad2ae8d3f943c,medium,3,benign
0,0.5063350200653076,1,fitzpatrick17k,fitz_7cadfa5af0ac596f76ab9fb727a8342a,medium,3,benign
0,0.3220598101615906,1,fitzpatrick17k,fitz_1a3485252a20ba5b11e3958881f21b4e,light,2,benign
1,0.46291476488113403,1,fitzpatrick17k,fitz_507263a5f78fa973dc27c6cee096a1bc,medium,3,malignant
0,0.43204009532928467,1,fitzpatrick17k,fitz_c1a0622f697e17d1b26104154e356392,medium,3,benign
1,0.3914557099342346,1,fitzpatrick17k,fitz_4f8b6125a70eca2c31388cf3a8c4f203,medium,3,malignant
1,0.30070623755455017,1,fitzpatrick17k,fitz_9d2baec802586776659837f2ec7c8116,light,1,malignant
0,0.1619473397731781,0,fitzpatrick17k,fitz_48587a48c8d3a3e1d8e47d9e1bf299c3,light,2,benign
1,0.5764364004135132,1,fitzpatrick17k,fitz_11ff0a5d68ae06faa047fe33425b6953,dark,6,malignant
0,0.17305490374565125,0,fitzpatrick17k,fitz_8adbab80b2c0fd475a0cdd1c719eca09,light,2,benign
1,0.4736816883087158,1,fitzpatrick17k,fitz_658e06cda94514a21bb7610f49f525cb,light,2,malignant
1,0.21007438004016876,0,fitzpatrick17k,fitz_6bf57a76e354ce35747a5e1821ff40dc,medium,4,malignant
1,0.21833181381225586,0,fitzpatrick17k,fitz_af64b98b5de693db79b9ff3c008fbd33,light,1,malignant
1,0.5384364128112793,1,fitzpatrick17k,fitz_150bf177206b9ff86140d5348df29865,light,2,malignant
0,0.223921537399292,0,fitzpatrick17k,fitz_2b4b333c4f4855287bbe54275eac65be,medium,3,benign
0,0.1214454174041748,0,fitzpatrick17k,fitz_d235616b62083b9380e5336616ac6979,light,1,benign
1,0.4480823874473572,1,fitzpatrick17k,fitz_57e6b7c7279cc0006c1579a7914b6400,light,2,malignant
0,0.23936058580875397,1,fitzpatrick17k,fitz_6e8e9409b9996913fdaffe8676b0275a,dark,6,benign
1,0.5188567638397217,1,fitzpatrick17k,fitz_c49be844e844170282008d3f5001b389,medium,4,malignant
0,0.4634639322757721,1,fitzpatrick17k,fitz_45c2f95cb90f2634e7e699c3e558a208,light,2,benign
0,0.3636637330055237,1,fitzpatrick17k,fitz_deb6420ba366911b072f981dfd96c358,light,1,benign
0,0.5478169322013855,1,fitzpatrick17k,fitz_cbce0a9f9ef16752dc6ac47637b0748f,light,2,benign
0,0.3365577757358551,1,fitzpatrick17k,fitz_37da794ff30e33b060b401faa6d71abd,light,2,benign
1,0.3081391155719757,1,fitzpatrick17k,fitz_144b47a186b5bccf1225c6cb43a6e903,medium,3,malignant
0,0.18222516775131226,0,fitzpatrick17k,fitz_2fdf3a80febe2b3798042234bfc2dec5,medium,4,benign
1,0.3330082893371582,1,fitzpatrick17k,fitz_78c42deb84b93e5f0e633d88a3f37333,medium,3,malignant
1,0.5987670421600342,1,fitzpatrick17k,fitz_be96f6317def92f5e2464c84ebda5b50,light,2,malignant
1,0.24213699996471405,1,fitzpatrick17k,fitz_dd1d61f452b3cef90fff6d200ad675a5,light,2,malignant
1,0.6376921534538269,1,fitzpatrick17k,fitz_567224dca06e7f3fa5ec45ee4745a4e1,medium,3,malignant
0,0.22334130108356476,0,fitzpatrick17k,fitz_3f074f63188f1b880a62c9b6bf81aea7,light,1,benign
0,0.1767328828573227,0,fitzpatrick17k,fitz_b9003d4355ccd18cfc28e1136f391468,light,1,benign
1,0.1958158165216446,0,fitzpatrick17k,fitz_ef4f1ca88203040e47389f10e59a3228,light,1,malignant
0,0.27020320296287537,1,fitzpatrick17k,fitz_f96e302b371899614ea395fb14e26615,medium,4,benign
0,0.20537900924682617,0,fitzpatrick17k,fitz_29addfb46a8afdc90a5d864dd2af895e,dark,6,benign
1,0.7047646045684814,1,fitzpatrick17k,fitz_6cdf26807d52792218193f5bce1a8567,light,1,malignant
1,0.33667123317718506,1,fitzpatrick17k,fitz_a60800f82f6a2588e2cf624ad64f2db1,medium,3,malignant
0,0.2759007513523102,1,fitzpatrick17k,fitz_dea8f4fc4ec290d3bc9b5b0977bdf880,medium,4,benign
1,0.16757462918758392,0,fitzpatrick17k,fitz_6d6143ed759a187ffe9907e2ef15dfb2,light,2,malignant
1,0.4457857310771942,1,fitzpatrick17k,fitz_78710cb06fd6e3d4147fc1c7ebb2f4a3,light,2,malignant
1,0.49210265278816223,1,fitzpatrick17k,fitz_8211416ba87e05e21bb976d6852b38a7,light,2,malignant
0,0.2165907919406891,0,fitzpatrick17k,fitz_9ed56bccd586abaa9c3854c98eeb2c62,medium,3,benign
0,0.27918675541877747,1,fitzpatrick17k,fitz_2742e7737c5151ba99b4b45a4a673cb8,medium,4,benign
1,0.641136646270752,1,fitzpatrick17k,fitz_93865a1a5a50cb8ad39e08342132e125,light,2,malignant
1,0.3199364244937897,1,fitzpatrick17k,fitz_f34329eba4bb2a5eb9bdc7d2b9ae6fcb,light,1,malignant
0,0.18296463787555695,0,fitzpatrick17k,fitz_6aea696924bef3022f48e61353a4de8a,medium,4,benign
0,0.2280077189207077,0,fitzpatrick17k,fitz_db019be21b0b9773a97b4e996f9d14c9,medium,3,benign
1,0.36394861340522766,1,fitzpatrick17k,fitz_97daccbe6d587b298b2949cf1b0a3f21,light,1,malignant
0,0.19486626982688904,0,fitzpatrick17k,fitz_a87c6f398c7c3a24e8fa26a9fabceab3,medium,3,benign
0,0.35628220438957214,1,fitzpatrick17k,fitz_1dd06f10a962779a01ccae641e1c7e42,medium,3,benign
1,0.5001702904701233,1,fitzpatrick17k,fitz_67964427e3d2fb4acf861c52e014ed60,medium,3,malignant
0,0.21865126490592957,0,fitzpatrick17k,fitz_1e8e1f523ca089efdeffd0244eec6c85,light,2,benign
0,0.28386273980140686,1,fitzpatrick17k,fitz_000491af8dd4d739de520e8a68be7134,light,2,benign
0,0.47158628702163696,1,fitzpatrick17k,fitz_dcac9e6edc14ebee868dc5594984b9b9,light,1,benign
0,0.2529793679714203,1,fitzpatrick17k,fitz_7afa54de24636d123243c6cbd6182f03,light,2,benign
0,0.1868201196193695,0,fitzpatrick17k,fitz_13aa381871e7b7acd8bd340db1e99e45,light,2,benign
1,0.2887909412384033,1,fitzpatrick17k,fitz_8fd4442a2491ef4fe8d17e59a9e15510,light,2,malignant
0,0.1361873894929886,0,fitzpatrick17k,fitz_7416ac98f1df80ca504dad0aa39a0476,light,2,benign
0,0.2980814278125763,1,fitzpatrick17k,fitz_374d3ae5b810686437778c5df9133448,dark,6,benign
0,0.1642758995294571,0,fitzpatrick17k,fitz_63b6094e083862d617afe313c4aa9f1f,light,1,benign
0,0.2537344694137573,1,fitzpatrick17k,fitz_02fd9e1b56e0c3adae18233f430f2fea,dark,5,benign
1,0.3940487504005432,1,fitzpatrick17k,fitz_28afda98cfe6e58e76e1e011b7424f7c,light,1,malignant
0,0.18258097767829895,0,fitzpatrick17k,fitz_20f4aab1a014bc3c9b59bf0a36606800,light,1,benign
0,0.3190784752368927,1,fitzpatrick17k,fitz_f2525ecb0c3d7fe29904578c14f19faa,light,2,benign
1,0.32506832480430603,1,fitzpatrick17k,fitz_5064dcda8586eb8f2548b1bfce9de3c2,dark,5,malignant
0,0.266702800989151,1,fitzpatrick17k,fitz_01bdae4afd554469a8803cca0722a539,light,2,benign
1,0.32236409187316895,1,fitzpatrick17k,fitz_a8520cd85f68ff2903eb41873717e092,light,2,malignant
1,0.3609158992767334,1,fitzpatrick17k,fitz_81614ef48a63119af1349a28cc86a2af,light,2,malignant
1,0.23115618526935577,0,fitzpatrick17k,fitz_52b87171653545584807c202b61fcbdd,medium,4,malignant
0,0.16246749460697174,0,fitzpatrick17k,fitz_1f16657e4ee6215c8d59e9c4553011ec,medium,3,benign
1,0.4593905806541443,1,fitzpatrick17k,fitz_e6dfb932c732b2bfb9e81a0922b54531,light,2,malignant
1,0.3551488220691681,1,fitzpatrick17k,fitz_c3311f93b2393069480a7d54b42b75c0,light,2,malignant
0,0.5805495381355286,1,fitzpatrick17k,fitz_28b50c74740af1b28882069776a49205,light,2,benign
1,0.23852881789207458,1,fitzpatrick17k,fitz_31cb26b7b57b0b6cd4e587861f803d33,medium,4,malignant
1,0.21665744483470917,0,fitzpatrick17k,fitz_0f9899775f4ce2efa31ae2704361db38,light,2,malignant
1,0.3399909734725952,1,fitzpatrick17k,fitz_f5d4119aa4334fce797396a081e0686d,light,2,malignant
0,0.17686407268047333,0,fitzpatrick17k,fitz_7eed6c3d51ce94323ff397f86d9b5c70,light,2,benign
1,0.736399233341217,1,fitzpatrick17k,fitz_6472c26e82d307a0929503604f91bcac,light,2,malignant
0,0.4414040148258209,1,fitzpatrick17k,fitz_369c2cd28465c877364ccbc5cadd1a6c,light,2,benign
0,0.1791967898607254,0,fitzpatrick17k,fitz_0a8d57f06114ff087d106c7137520927,light,2,benign
1,0.3176421821117401,1,fitzpatrick17k,fitz_bb4c4f16b2085489d499cc9e23ccf52e,medium,4,malignant
0,0.31024518609046936,1,fitzpatrick17k,fitz_9a049a3ca3f96ae3356d30d1486f7bef,dark,5,benign
0,0.42346927523612976,1,fitzpatrick17k,fitz_ea0bea34747c5755bdbb337d40abf3d2,light,2,benign
0,0.1870878040790558,0,fitzpatrick17k,fitz_e29dbcf1fed04e83e9bead565d00ed82,medium,3,benign
0,0.20299725234508514,0,fitzpatrick17k,fitz_03240a4e7050542683306c0f4e30f73f,medium,4,benign
0,0.3056868016719818,1,fitzpatrick17k,fitz_c95cc8c46c6788ad25c6e6b08e25a24d,medium,3,benign
0,0.1478627771139145,0,fitzpatrick17k,fitz_070456f5185739adcf48e829cc6d562d,light,2,benign
1,0.346957266330719,1,fitzpatrick17k,fitz_07a0948ac4037dc426b60e96a750da32,medium,3,malignant
0,0.2408498078584671,1,fitzpatrick17k,fitz_adda27c176dd5d7830ec4f4466e9617d,light,1,benign
0,0.20214907824993134,0,fitzpatrick17k,fitz_3f226185baafb9808f99b79de8b7dd2a,light,1,benign
0,0.20553454756736755,0,fitzpatrick17k,fitz_05ce4f72f511f936743822e539ea8314,light,2,benign
0,0.421617329120636,1,fitzpatrick17k,fitz_93d224f80491072157acdd9fa1dfc217,medium,4,benign
1,0.5891342163085938,1,fitzpatrick17k,fitz_2537f560e93ab84301b020f3433c088f,light,1,malignant
0,0.491641640663147,1,fitzpatrick17k,fitz_a97a4a9fbb51d6c960a8c2ece97e05a7,light,1,benign
0,0.19954176247119904,0,fitzpatrick17k,fitz_665b5d84c9558f03dd2c7764a9f1c93e,light,2,benign
1,0.30859652161598206,1,fitzpatrick17k,fitz_e72441b255003bc02d629502ab1a15b6,light,2,malignant
0,0.3325771689414978,1,fitzpatrick17k,fitz_2b4f1645df8d57f569cd59242eab6bff,light,2,benign
1,0.5090199708938599,1,fitzpatrick17k,fitz_9a7cea383c596b7969f945a20ca2f4d1,dark,5,malignant
0,0.3102162778377533,1,fitzpatrick17k,fitz_7c240ef9f5e1bf6b0ed299d7128c7fe0,medium,4,benign
0,0.3069837689399719,1,fitzpatrick17k,fitz_a655a59abef2fdb8d3f7b7ee5fa042a2,light,1,benign
1,0.6111176609992981,1,fitzpatrick17k,fitz_6d2fcc07e77392888a0b7b063bf56bbb,medium,4,malignant
0,0.21237774193286896,0,fitzpatrick17k,fitz_7c937cc7de6443f4ebbc149e0c75cf0c,medium,3,benign
0,0.17884021997451782,0,fitzpatrick17k,fitz_50cd18aba2ee68865f8ec0c033ac276f,light,1,benign
0,0.3786097466945648,1,fitzpatrick17k,fitz_8d06774261b4beba2b6e91ebd76e8981,light,2,benign
0,0.27113252878189087,1,fitzpatrick17k,fitz_7d2a7e3bc37f5854116fd0a1f9914932,light,2,benign
1,0.24700231850147247,1,fitzpatrick17k,fitz_b5a8be0c4808c2b192bed85fe0d5706e,medium,3,malignant
0,0.17608843743801117,0,fitzpatrick17k,fitz_6c5a2eadcae07743eb77945fadf0e7bd,medium,4,benign
0,0.4517975449562073,1,fitzpatrick17k,fitz_48915dd80fdc13f46015f6c62917a8dd,light,1,benign
1,0.6628268957138062,1,fitzpatrick17k,fitz_55f29d5e1fc765bc2f169bcce8578469,light,1,malignant
0,0.24406768381595612,1,fitzpatrick17k,fitz_3c2dd586fccdd274cfc512c8ec868123,light,2,benign
0,0.27821406722068787,1,fitzpatrick17k,fitz_eb24443c9a18e1f53b7de1e1feef9ec0,light,1,benign
0,0.29903703927993774,1,fitzpatrick17k,fitz_981a221101743fc1d21c84a02156b020,light,1,benign
0,0.17059609293937683,0,fitzpatrick17k,fitz_9d91e65ae2a4ed5e757c765a509b420d,light,1,benign
0,0.330939918756485,1,fitzpatrick17k,fitz_47fa534561570e0404fe643803b513ee,dark,5,benign
1,0.5180286169052124,1,fitzpatrick17k,fitz_88f832ca8663565a1cc99507213b194d,light,2,malignant
1,0.3748640716075897,1,fitzpatrick17k,fitz_82d7c8ecba1bb065d7d0c0d807f8785e,light,2,malignant
1,0.1978277713060379,0,fitzpatrick17k,fitz_95189ee05b838eae30e5e28a3e2b28cc,medium,4,malignant
0,0.16857445240020752,0,fitzpatrick17k,fitz_a97031f102e5d927c019fd0568fa1acf,medium,4,benign
0,0.2798019349575043,1,fitzpatrick17k,fitz_45ac75a23af3859cbffa500b64e97631,light,1,benign
1,0.3286920487880707,1,fitzpatrick17k,fitz_e815861f140e305baf441814e6dbda48,dark,6,malignant
1,0.48688533902168274,1,fitzpatrick17k,fitz_883c52efe2de545e2907b2fd2d6653bb,medium,3,malignant
1,0.26415494084358215,1,fitzpatrick17k,fitz_d3115c9e887bb0db7ebab505c74e44d0,light,1,malignant
1,0.6101530194282532,1,fitzpatrick17k,fitz_ba7238a41b59c7c34af5702047039833,light,2,malignant
0,0.218485489487648,0,fitzpatrick17k,fitz_d91f1961238599efad26aa8142fb196d,medium,3,benign
1,0.32785889506340027,1,fitzpatrick17k,fitz_d0eea0ab5d1d2a33efea4e0257a03825,medium,4,malignant
0,0.33116644620895386,1,fitzpatrick17k,fitz_3693864fcaad69d5bd59f2c020ec125d,light,1,benign
0,0.3596959710121155,1,fitzpatrick17k,fitz_1075ebb39a95d6ac67ac900177f70357,light,1,benign
1,0.18638987839221954,0,fitzpatrick17k,fitz_7fd141e0b81e5573612d46472ec9fe52,light,2,malignant
0,0.29725533723831177,1,fitzpatrick17k,fitz_e857b88b3c330541c58dd22c418d01e3,light,2,benign
0,0.30342090129852295,1,fitzpatrick17k,fitz_d309e64d03dfb72ac6ec87d7c6c820e5,light,1,benign
0,0.39651790261268616,1,fitzpatrick17k,fitz_be8b6845068f1070f3052fb2e54cc48a,dark,5,benign
1,0.1955711394548416,0,fitzpatrick17k,fitz_024a737cf57eda5493e8cb30551b4e97,light,2,malignant
0,0.5001927018165588,1,fitzpatrick17k,fitz_21e5abcfc50bf608f15a0653418adc35,light,2,benign
0,0.29329603910446167,1,fitzpatrick17k,fitz_558c79ac06c4784ae50dc16f65ce131d,light,2,benign
0,0.1941467970609665,0,fitzpatrick17k,fitz_3b1ee7a7fee0c7a7fa2a8df126482542,light,2,benign
0,0.3614068925380707,1,fitzpatrick17k,fitz_ca1b4cfe143a7c562868c4055752595e,light,1,benign
1,0.5624063611030579,1,fitzpatrick17k,fitz_794ba49ce953ec987bee17a700f84f00,light,2,malignant
0,0.24873872101306915,1,fitzpatrick17k,fitz_d9ec09dd078d81bd9f7895e190b82f5e,light,1,benign
0,0.22686181962490082,0,fitzpatrick17k,fitz_3aff0fbb6bbf8f4367ece2f6d5980f3d,light,2,benign
1,0.4196012616157532,1,fitzpatrick17k,fitz_70b99a1005a08821fd9b9c48d7e8e698,dark,5,malignant
0,0.33917272090911865,1,fitzpatrick17k,fitz_edf5be93c4dbb5b36b91c5dcaaf51fb5,light,1,benign
0,0.24222084879875183,1,fitzpatrick17k,fitz_f387cd4c71421fdceddeec985b93b376,light,2,benign
0,0.3002001643180847,1,fitzpatrick17k,fitz_d9e73408a74710b6a86230084ffb2c88,light,1,benign
1,0.6151086091995239,1,fitzpatrick17k,fitz_ac09be61655dbfbe6f1cb239b4379522,light,1,malignant
0,0.3197970390319824,1,fitzpatrick17k,fitz_8599c9a4bf7feba4c8e1304c14177097,medium,3,benign
1,0.27549049258232117,1,fitzpatrick17k,fitz_3eed6692c19f3cbf19bf5a52192fdeb7,light,2,malignant
1,0.28692755103111267,1,fitzpatrick17k,fitz_0ae2c4aa7b6a3a133879f405331e9ebd,medium,4,malignant
0,0.6123813390731812,1,fitzpatrick17k,fitz_d6bf6b90ebc94bae2cc529263b6a14ad,light,1,benign
1,0.48012271523475647,1,fitzpatrick17k,fitz_45e35db618b244432264b132c2dc6c59,light,2,malignant
0,0.3275587558746338,1,fitzpatrick17k,fitz_98af0d36e19e7241678909a61d1d2fd7,medium,3,benign
0,0.2938382029533386,1,fitzpatrick17k,fitz_a3a2c2558d4c564276393b4096536c95,medium,3,benign
1,0.23283657431602478,1,fitzpatrick17k,fitz_05285a4b2c635374814704052379a29f,medium,3,malignant
1,0.6228758692741394,1,fitzpatrick17k,fitz_d1e31a0be5400f04814d975c6e6a30b5,light,2,malignant
0,0.3502987027168274,1,fitzpatrick17k,fitz_e4e34b900d74574638f5b57b533e9333,light,2,benign
1,0.40673789381980896,1,fitzpatrick17k,fitz_96861ac5c134a53d218efc9d7fbabe4d,light,2,malignant
0,0.22940723598003387,0,fitzpatrick17k,fitz_1a63bffa80b78fa0cbfd0ae6120acc96,light,1,benign
0,0.34616270661354065,1,fitzpatrick17k,fitz_689433a232b85e487ba0bf089792e374,medium,3,benign
1,0.7813665866851807,1,fitzpatrick17k,fitz_7738a1fedc6181dd976623470feaffd4,light,1,malignant
1,0.1572074145078659,0,fitzpatrick17k,fitz_02471aab246d51496fb38fd8650e77f7,medium,4,malignant
0,0.19519339501857758,0,fitzpatrick17k,fitz_8ed3676bd07bd07da5bc8d653274e6d4,light,1,benign
0,0.26925259828567505,1,fitzpatrick17k,fitz_44805004d06cf19ce138a38055bd938e,light,2,benign
1,0.34897181391716003,1,fitzpatrick17k,fitz_032a4ac5c1a3a8a90f6e7aede2d1ab64,light,2,malignant
0,0.3393075466156006,1,fitzpatrick17k,fitz_bfc941f033368a818af29b3afebcb47b,medium,3,benign
0,0.240785151720047,1,fitzpatrick17k,fitz_c8a80bba7fc2167ae764b4005891637b,medium,4,benign
0,0.3364133834838867,1,fitzpatrick17k,fitz_01011bb38480c92b637d4adc216122bd,medium,3,benign
1,0.3328041434288025,1,fitzpatrick17k,fitz_e0bea7f6fa7ff29c53055a7f5c8857d1,light,2,malignant
1,0.22326958179473877,0,fitzpatrick17k,fitz_af3c985f980b54b34337d08ee8b50d0d,medium,3,malignant
1,0.29569458961486816,1,fitzpatrick17k,fitz_e59bdb74a1a51eb25815b67ba3369f63,light,1,malignant
0,0.626971960067749,1,fitzpatrick17k,fitz_65bca080f82253ea14b5639e230720f3,light,2,benign
0,0.3831954300403595,1,fitzpatrick17k,fitz_d72dd26e7819c76d4b981611cc9649c6,light,1,benign
1,0.3547101318836212,1,fitzpatrick17k,fitz_818305b5990c64134e480814b182d382,light,2,malignant
0,0.24635684490203857,1,fitzpatrick17k,fitz_a11c754f8e19c7a770d73878f86766b8,dark,5,benign
0,0.2730764150619507,1,fitzpatrick17k,fitz_879a89df97337da67a64ef5771537607,light,2,benign
0,0.24795015156269073,1,fitzpatrick17k,fitz_7242e9e489adf1b3891f562d7f01f82d,light,2,benign
0,0.3241862952709198,1,fitzpatrick17k,fitz_fca78d7bba60ea61c2d603988dfba0a8,medium,4,benign
1,0.4172843098640442,1,fitzpatrick17k,fitz_0ea04f0f86df742d1ab4850a61c888ba,medium,4,malignant
0,0.23818768560886383,1,fitzpatrick17k,fitz_cf595f8ad716daa2447b331588096236,light,2,benign
1,0.5629097819328308,1,fitzpatrick17k,fitz_2d49aa5627d63fd067eb6f705065dbe3,light,2,malignant
1,0.34266525506973267,1,fitzpatrick17k,fitz_435c6dd57e00851f452bbcb24b43f7dc,medium,4,malignant
1,0.291953444480896,1,fitzpatrick17k,fitz_2c41b068641c862f5f26911422ffd78f,light,2,malignant
1,0.5465169548988342,1,fitzpatrick17k,fitz_6f168f004adff847d2b05768245ca582,light,2,malignant
1,0.5977011919021606,1,fitzpatrick17k,fitz_0ac16a51ecec3c5fc464706a72c81db2,light,1,malignant
1,0.7832806706428528,1,fitzpatrick17k,fitz_a1026872297e8c4f18b11cba25cc10c1,light,2,malignant
1,0.5252224206924438,1,fitzpatrick17k,fitz_879ce3af2a8769225d4120980e850814,medium,4,malignant
0,0.3339432179927826,1,fitzpatrick17k,fitz_47ed54c4b4875313cbd6734c3e23e5e9,light,2,benign
1,0.42865338921546936,1,fitzpatrick17k,fitz_d3b9939064c421ace0141334ea2e4d89,medium,4,malignant
0,0.3653702139854431,1,fitzpatrick17k,fitz_63b530d653923c1fa20cf2966cd689df,light,2,benign
0,0.38327455520629883,1,fitzpatrick17k,fitz_e18dc15aabfabf8052407d797a9957dc,light,1,benign
1,0.37029603123664856,1,fitzpatrick17k,fitz_71f2c726e38b6856536cc3bd62984b45,medium,4,malignant
0,0.2270224392414093,0,fitzpatrick17k,fitz_a97e96cf25c7b53568da1f4f98d16a07,medium,3,benign
0,0.22051125764846802,0,fitzpatrick17k,fitz_1e00469bdb63c78ec2ed2e686ce354cc,medium,3,benign
1,0.20940256118774414,0,fitzpatrick17k,fitz_3028c091dea3db00b7d5f01dce96268d,light,2,malignant
0,0.2930257022380829,1,fitzpatrick17k,fitz_cca5d4acebaa0dc8d0e9ad625084129f,light,2,benign
1,0.5233156681060791,1,fitzpatrick17k,fitz_b0cd8c1027cc87f02dadb783c347dabc,light,2,malignant
0,0.30393186211586,1,fitzpatrick17k,fitz_674072f9b0ee7f475c04f1584861248d,medium,4,benign
1,0.26245856285095215,1,fitzpatrick17k,fitz_99ad0d41c91f4282f663613a92cd3bda,light,1,malignant
1,0.3802128732204437,1,fitzpatrick17k,fitz_ef5f848dedbd999c6b3f14e61a7f0a33,medium,3,malignant
1,0.20040901005268097,0,fitzpatrick17k,fitz_e252f2b2db0d6fde23d1bb4d02f4d899,dark,6,malignant
0,0.21560275554656982,0,fitzpatrick17k,fitz_38b19f575d5e46c94b5549e19fd48c9e,medium,4,benign
0,0.22124890983104706,0,fitzpatrick17k,fitz_0105674507be7e9c25586ed557604577,medium,3,benign
0,0.20066016912460327,0,fitzpatrick17k,fitz_b506b138e7eb2bd034f44b8fa3879ec1,medium,3,benign
1,0.28067895770072937,1,fitzpatrick17k,fitz_7df5463a7786a626532df1e434fcd90f,light,1,malignant
1,0.1981235146522522,0,fitzpatrick17k,fitz_a58fdf7caed5065862cc7a1045ac35dd,light,1,malignant
0,0.6146376729011536,1,fitzpatrick17k,fitz_1f86593be7ade70623c093be3b87919b,light,2,benign
0,0.16922013461589813,0,fitzpatrick17k,fitz_e0212a4120b4c576d7cfd63d4829b2cb,light,2,benign
0,0.515199601650238,1,fitzpatrick17k,fitz_0869487b3f53ea6e3fe7c63017d0e94d,light,2,benign
0,0.2394711673259735,1,fitzpatrick17k,fitz_5d593c0b80c11c11b49d48af12490a10,light,2,benign
0,0.3179214596748352,1,fitzpatrick17k,fitz_53db27b77dbd8f55b5f3cdcf3bfc19d3,light,2,benign
0,0.23999333381652832,1,fitzpatrick17k,fitz_bec65ff821a63dae71ce4e590b533ce7,medium,4,benign
0,0.1817227005958557,0,fitzpatrick17k,fitz_e750fc17a597bf4ecac3321dba9958af,medium,4,benign
0,0.6970966458320618,1,fitzpatrick17k,fitz_20020bfc288acba2db3230d2ed0cd7a2,medium,3,benign
0,0.2837347686290741,1,fitzpatrick17k,fitz_bfaf0814d12153586e5729f030bebac1,light,2,benign
0,0.22360891103744507,0,fitzpatrick17k,fitz_21115b22dca3c96c2328ce54fdf67649,medium,3,benign
0,0.3446178734302521,1,fitzpatrick17k,fitz_cb396b86f697003f998dd1dee8330e1e,light,2,benign
0,0.5358092784881592,1,fitzpatrick17k,fitz_9825636bbcd1662b43fda915077b2db0,light,2,benign
1,0.8186769485473633,1,fitzpatrick17k,fitz_ac3d360b3bf2d9b5b31dd8d60851c9f7,medium,4,malignant
0,0.1545722782611847,0,fitzpatrick17k,fitz_2452334ab72ff3c4f992619d45780ea4,light,2,benign
1,0.16385312378406525,0,fitzpatrick17k,fitz_7ae29c77630925f8a534d815f1559251,light,2,malignant
0,0.2562892436981201,1,fitzpatrick17k,fitz_931d34dec55210d6241da6b512f0110e,medium,4,benign
0,0.16767361760139465,0,fitzpatrick17k,fitz_7fa9516f572bf13cb7536fdcd6218c3e,medium,3,benign
1,0.27040401101112366,1,fitzpatrick17k,fitz_4fab663ca875d7ce04524182c53aa4cc,medium,3,malignant
1,0.20346859097480774,0,fitzpatrick17k,fitz_102765ff09884862ea2f911b29a9b14d,medium,3,malignant
1,0.17502005398273468,0,fitzpatrick17k,fitz_c3cd9180e228bbfdef3576ccbbf8ae9e,light,2,malignant
0,0.5154898762702942,1,fitzpatrick17k,fitz_dfa220a1804134e4e98fc54e088965e7,light,2,benign
0,0.43641993403434753,1,fitzpatrick17k,fitz_4f52c876e71625447ddc459a282de4bb,medium,4,benign
1,0.7167172431945801,1,fitzpatrick17k,fitz_71fc983e4c738a72a56725933d60edea,light,1,malignant
0,0.2334180325269699,1,fitzpatrick17k,fitz_fb820bfd85f420168b90a3d5431c3fa5,light,1,benign
0,0.22513510286808014,0,fitzpatrick17k,fitz_049a8b6765db34d6a05257c1fa2a275f,light,2,benign
1,0.5157948732376099,1,fitzpatrick17k,fitz_680723c15e799510719e37a957beff3e,light,2,malignant
0,0.3377470374107361,1,fitzpatrick17k,fitz_e81aef708edd09ef8c7801f7316931af,medium,4,benign
1,0.178977832198143,0,fitzpatrick17k,fitz_fa60f299be44300e85109f587aebfbb3,medium,3,malignant
0,0.5512161254882812,1,fitzpatrick17k,fitz_576d835921aceb16eea483aa84fc138a,medium,3,benign
0,0.5319832563400269,1,fitzpatrick17k,fitz_a7a5cd82ebb1724ae67c7b592419387c,light,2,benign
1,0.3197861909866333,1,fitzpatrick17k,fitz_2449ba4a799597725e0751b4bcec9566,light,1,malignant
0,0.24362286925315857,1,fitzpatrick17k,fitz_9843eb48ecc99f8ee336d6eb921ff213,medium,3,benign
1,0.18007196485996246,0,fitzpatrick17k,fitz_2c5bbb7a25f705c768c9f71b6ff6935c,light,2,malignant
1,0.3375234603881836,1,fitzpatrick17k,fitz_1cf28107bbd82eebc64c7c395d711c2b,medium,4,malignant
0,0.12375948578119278,0,fitzpatrick17k,fitz_607a198d567608b557f782ab3381cddb,dark,5,benign
0,0.19362600147724152,0,fitzpatrick17k,fitz_e99959aa9c734497ad3baeeff0a3d082,light,2,benign
1,0.23766686022281647,1,fitzpatrick17k,fitz_acb264b31d70f98301b812a134879bbf,medium,4,malignant
0,0.31438204646110535,1,fitzpatrick17k,fitz_f12e453c8d27421600f237f74ce36d0d,light,2,benign
1,0.34768202900886536,1,fitzpatrick17k,fitz_528442cac3214e5f4785f78b1fcad0cc,medium,3,malignant
1,0.5182095170021057,1,fitzpatrick17k,fitz_231488499bc589c8b446af5197cc3478,light,1,malignant
1,0.4405044913291931,1,fitzpatrick17k,fitz_982fec2e9bea78824d6ad7cc77537faf,light,1,malignant
1,0.329477459192276,1,fitzpatrick17k,fitz_758c500ff6ec8a726f5ae6175689d624,light,1,malignant
0,0.57647305727005,1,fitzpatrick17k,fitz_c8ccabc4ae942fd1484e6572c8eed1da,light,2,benign
0,0.4605925381183624,1,fitzpatrick17k,fitz_c1f2f9f043578ac48b0005c61dafeb2a,medium,4,benign
0,0.3592692017555237,1,fitzpatrick17k,fitz_0aa30d3bb7ba6e84d25f71317a441ec9,medium,4,benign
0,0.30745312571525574,1,fitzpatrick17k,fitz_d6d9dded5b84fb82dc6573114f5c247d,light,2,benign
0,0.49471795558929443,1,fitzpatrick17k,fitz_66ed0fd38927716560993d5a76cb9589,light,1,benign
0,0.39667412638664246,1,fitzpatrick17k,fitz_e4590bf7630871cf82454a90833a1c79,medium,3,benign
0,0.35708168148994446,1,fitzpatrick17k,fitz_c47d15705664fe89f0579d4f23de33b9,light,2,benign
1,0.3635849952697754,1,fitzpatrick17k,fitz_758fa949e6381f4805608e85adedb165,light,2,malignant
1,0.3178526759147644,1,fitzpatrick17k,fitz_bb4b81539322373a7c18690bbb2a7db9,light,1,malignant
1,0.2087080329656601,0,fitzpatrick17k,fitz_d1d1edeb5a07c02ffdc028221beca93e,light,2,malignant
1,0.37272873520851135,1,fitzpatrick17k,fitz_c43518ab9959d77b63bf6b9eeab7611b,medium,3,malignant
1,0.6369120478630066,1,fitzpatrick17k,fitz_83c748bcf5cad141cb48f5acd6851c78,light,1,malignant
0,0.21739214658737183,0,fitzpatrick17k,fitz_3e53c31b7ed75b74dd1fc69ea47b6ea9,light,2,benign
0,0.23104225099086761,0,fitzpatrick17k,fitz_9670452bf052f8df369f9f7b541be934,medium,4,benign
0,0.3940567672252655,1,fitzpatrick17k,fitz_44216d85579ed13593238bc6bbcde91f,light,2,benign
0,0.43332815170288086,1,fitzpatrick17k,fitz_a5bc410e82a012af2db4ef88f2e7ed9e,light,1,benign
0,0.16277197003364563,0,fitzpatrick17k,fitz_60ae7de7f5e865370e8c79eb36b322ea,light,2,benign
1,0.3505421578884125,1,fitzpatrick17k,fitz_46b14e5f085c29e2754a035eb1612089,light,2,malignant
0,0.295020192861557,1,fitzpatrick17k,fitz_55d60f568a6881980a9f4499389ac928,light,2,benign
1,0.5886451005935669,1,fitzpatrick17k,fitz_91303e9a22891104d787e7063c266924,light,2,malignant
0,0.3460085391998291,1,fitzpatrick17k,fitz_efef5dcc5edf244f92b30b8ac370d621,medium,3,benign
0,0.20369946956634521,0,fitzpatrick17k,fitz_d8999e963be6f4ade3cdf0903f894b05,dark,6,benign
1,0.2533342242240906,1,fitzpatrick17k,fitz_1b5084463501e9aa4d58856078f125e8,medium,4,malignant
0,0.5436259508132935,1,fitzpatrick17k,fitz_9a7c1451aa6d667b5b4dc11e243f40f5,light,2,benign
1,0.23385679721832275,1,fitzpatrick17k,fitz_c36abe2db70469f33b862a4c7757c2fe,light,2,malignant
0,0.39361122250556946,1,fitzpatrick17k,fitz_55da204d10b6db4127a8730bfeca2fac,dark,5,benign
1,0.2475706934928894,1,fitzpatrick17k,fitz_411f9076f8cd3106153147b5f072b467,medium,3,malignant
1,0.30274271965026855,1,fitzpatrick17k,fitz_3975cb19ffaee90ea9185c17b032c9a9,medium,3,malignant
1,0.17221324145793915,0,fitzpatrick17k,fitz_c8a01367c9e99d0c52319f7b18006ecc,light,2,malignant
0,0.24269329011440277,1,fitzpatrick17k,fitz_50799db07fc7492b6c15ff6d7bcaae1e,medium,3,benign
1,0.3215409815311432,1,fitzpatrick17k,fitz_ac04675f4d3943dfcfadd5284c60ef20,dark,5,malignant
1,0.3164389729499817,1,fitzpatrick17k,fitz_a4bd02ffa70ff94c6c0d4e8f3c412b81,medium,3,malignant
0,0.21514587104320526,0,fitzpatrick17k,fitz_9137ea65d2bd229138bca74744d7a5e8,light,1,benign
0,0.3325822949409485,1,fitzpatrick17k,fitz_f9d5cf0a6ab6630874a7950647af3223,light,2,benign
0,0.32979801297187805,1,fitzpatrick17k,fitz_47531d3d92305e77857724ec4b0c88eb,medium,3,benign
0,0.15796507894992828,0,fitzpatrick17k,fitz_a1d0d8b10e5a4a729c2a6c3fa580521a,dark,6,benign
1,0.21772556006908417,0,fitzpatrick17k,fitz_efbfcf372e15d12c1f9dfc60224da254,medium,3,malignant
0,0.3088292181491852,1,fitzpatrick17k,fitz_c34aa097fc66d6198e995023d6276699,medium,3,benign
1,0.4715840220451355,1,fitzpatrick17k,fitz_2946489f399844d725a42bfcad8f3a2f,medium,4,malignant
1,0.14711113274097443,0,fitzpatrick17k,fitz_039524bc942c488bb1571ab0eb85a50b,light,1,malignant
1,0.7399356365203857,1,fitzpatrick17k,fitz_c9a9e472488e0d3d62b1abda22bdec42,light,1,malignant
1,0.200996533036232,0,fitzpatrick17k,fitz_ba50c75cb5701c4f29b7f662510fca0a,medium,4,malignant
0,0.2117585390806198,0,fitzpatrick17k,fitz_83026368073a72c2c61fb53bab7e50c8,light,2,benign
0,0.3935683071613312,1,fitzpatrick17k,fitz_776f208807f8517359cf81b2a6b3503b,medium,4,benign
1,0.37446194887161255,1,fitzpatrick17k,fitz_a07d58a0a2d13823ee977d0f2c399450,light,2,malignant
1,0.19410645961761475,0,fitzpatrick17k,fitz_5bec7b68c4b6e5c46953caf631a2cba8,light,1,malignant
0,0.16274110972881317,0,fitzpatrick17k,fitz_588ba57ac05647fd82650926624dedeb,medium,3,benign
0,0.14476431906223297,0,fitzpatrick17k,fitz_5a713d9ac757d0b15a9138d586ef874c,light,2,benign
1,0.1633719652891159,0,fitzpatrick17k,fitz_f57fd61023be3702826117b7d73faa79,light,2,malignant
1,0.564384937286377,1,fitzpatrick17k,fitz_8e8674abd53e4d087da3798f478edb8c,light,1,malignant
1,0.3013247847557068,1,fitzpatrick17k,fitz_5755a2b781260a088445690aff068dbb,light,2,malignant
0,0.35874176025390625,1,fitzpatrick17k,fitz_9592684eb42a6fc366f9120d54d3e9ae,light,2,benign
0,0.1611739993095398,0,fitzpatrick17k,fitz_f4095624923113ae2ab74e01f50e99eb,light,1,benign
0,0.26736509799957275,1,fitzpatrick17k,fitz_d282fff95c1391f1ba77f7ac8ccd990c,light,1,benign
1,0.41948726773262024,1,fitzpatrick17k,fitz_2579d2594790cb42b7e701c279c2cf91,light,1,malignant
0,0.39349254965782166,1,fitzpatrick17k,fitz_311075ac591e75494744c013ea4a94c6,medium,3,benign
1,0.42184978723526,1,fitzpatrick17k,fitz_f15b404a3af7bc64ce3b9bd6398c5d59,medium,3,malignant
1,0.917277455329895,1,fitzpatrick17k,fitz_ebbc575f609b16ed95aee520b9feacf1,medium,3,malignant
1,0.31569671630859375,1,fitzpatrick17k,fitz_2b071d32641b1600bbbe60008331d726,medium,3,malignant
1,0.19448767602443695,0,fitzpatrick17k,fitz_aebfb4a4b7eaeb406195faf9c997a5ea,medium,3,malignant
0,0.3697476089000702,1,fitzpatrick17k,fitz_8d0c9b41c063aea231d076ae8602ce9d,medium,4,benign
0,0.19070951640605927,0,fitzpatrick17k,fitz_7351165c5359e4b8f65ea7f1ebd4abb9,medium,3,benign
0,0.3479437232017517,1,fitzpatrick17k,fitz_3e60a79f63ff990e70c1188d9c970360,light,2,benign
1,0.40512770414352417,1,fitzpatrick17k,fitz_d1630be09b8372b9740d7152b415055b,light,1,malignant
0,0.39484989643096924,1,fitzpatrick17k,fitz_1c2fd7b29de34a662845d6efd8df0a74,light,1,benign
1,0.4079432487487793,1,fitzpatrick17k,fitz_1bbb8898bb34295f884ba8d726809800,light,1,malignant
0,0.24232426285743713,1,fitzpatrick17k,fitz_c448800e477a0e559564ed545179ee83,light,1,benign
1,0.4508174955844879,1,fitzpatrick17k,fitz_eafb972a77674171d9bc9d3f5e34b14f,light,1,malignant
1,0.29404211044311523,1,fitzpatrick17k,fitz_9a79f7e64ca44bf0f9bec4183925ae64,medium,3,malignant
0,0.47270330786705017,1,fitzpatrick17k,fitz_538f608a6224a5d949b97ac410f10726,medium,3,benign
1,0.4743535816669464,1,fitzpatrick17k,fitz_673c068053868490c15fefe7aad07b35,light,1,malignant
0,0.24651628732681274,1,fitzpatrick17k,fitz_e2230d55bbb010e0eb844ce2cdcbb821,light,1,benign
0,0.15142157673835754,0,fitzpatrick17k,fitz_4049f356db33c72f029d619fe35f6fc5,light,1,benign
1,0.26096054911613464,1,fitzpatrick17k,fitz_64e112de5812f865e4e279a69dabc2eb,light,2,malignant
1,0.1814589649438858,0,fitzpatrick17k,fitz_739c636d03d3257e003edc941272d68f,medium,3,malignant
0,0.32669177651405334,1,fitzpatrick17k,fitz_883073ce8d62114e2d899443c0fbc9c7,light,1,benign
0,0.21500854194164276,0,fitzpatrick17k,fitz_5658d956fc167e1cfda3d1e9048c221c,light,1,benign
0,0.5432351231575012,1,fitzpatrick17k,fitz_1dad27a2f77158b4c91a966aa35bb7b3,medium,4,benign
0,0.1952882558107376,0,fitzpatrick17k,fitz_e6ce104c084b62a546b68f034066f7f6,medium,4,benign
0,0.42060136795043945,1,fitzpatrick17k,fitz_d0a6a7731a9748730947b147b688426c,light,1,benign
0,0.22977638244628906,0,fitzpatrick17k,fitz_a71a6323af091b6aca412a60efed403f,dark,5,benign
0,0.1964869201183319,0,fitzpatrick17k,fitz_fe8966879f723dacd75eeec370d05907,light,2,benign
1,0.40716302394866943,1,fitzpatrick17k,fitz_fb8397ba14203f2442cb607bf6fd9fb7,light,2,malignant
0,0.5248129963874817,1,fitzpatrick17k,fitz_68ab661c67a4b66b621eb0845f0fcccf,medium,3,benign
1,0.27552661299705505,1,fitzpatrick17k,fitz_210c004c4901b708b12924c48dc463ee,dark,6,malignant
0,0.2475767433643341,1,fitzpatrick17k,fitz_805da8fa28da5d9bf276d1c29dde3098,light,1,benign
0,0.25961223244667053,1,fitzpatrick17k,fitz_43afc50b380e75961cc7fd286d2245c1,light,2,benign
0,0.3524864614009857,1,fitzpatrick17k,fitz_2c36e28f0782336104f6c0194d7b341a,light,1,benign
0,0.182403564453125,0,fitzpatrick17k,fitz_e52b7a2a09b2c6958619bb9e4357abae,light,2,benign
0,0.2212986797094345,0,fitzpatrick17k,fitz_d686f900a49b13cf0c33720e6d6357e9,light,1,benign
0,0.4677324891090393,1,fitzpatrick17k,fitz_9a0d07c6fb153412607c195bb552f132,light,2,benign
0,0.24891825020313263,1,fitzpatrick17k,fitz_9939b401b3456a746a2a6f9038eb860a,dark,5,benign
1,0.4541892409324646,1,fitzpatrick17k,fitz_bf77bafaa320f244f2331ca466b96f50,light,2,malignant
0,0.36247649788856506,1,fitzpatrick17k,fitz_5ccf05669dea64a40943000cdb674b06,medium,3,benign
0,0.2164612114429474,0,fitzpatrick17k,fitz_639a003e0857847a59a4c381a2745717,light,2,benign
1,0.39827045798301697,1,fitzpatrick17k,fitz_cbe2462ea2735fda74acfb882295cad9,light,1,malignant
1,0.33718693256378174,1,fitzpatrick17k,fitz_6de49b7ddf64239e6768e317b4840cac,light,2,malignant
0,0.22013331949710846,0,fitzpatrick17k,fitz_3041e7e1be8d1c4c4eb6ac470e6ecb8f,medium,3,benign
0,0.8505806922912598,1,fitzpatrick17k,fitz_235c6d790fcb524141becab92804a2da,light,1,benign
0,0.1690794974565506,0,fitzpatrick17k,fitz_7c2e896784447d2a54d1328d5099803f,medium,4,benign
1,0.5183539986610413,1,fitzpatrick17k,fitz_d1e44dae2fef82c7ec509e1cee16590d,light,1,malignant
0,0.2324538379907608,1,fitzpatrick17k,fitz_f10e8db0da8109ca38912dcec52b779b,light,2,benign
1,0.3661133050918579,1,fitzpatrick17k,fitz_0c0700fc7177d09e2df0c6658288cf8f,medium,3,malignant
1,0.281171053647995,1,fitzpatrick17k,fitz_4ba7898548e5321a0f0c5a4a5317386b,medium,4,malignant
0,0.36101922392845154,1,fitzpatrick17k,fitz_c7c56128496340b59c604f3c5fabe1b9,light,2,benign
0,0.4811440110206604,1,fitzpatrick17k,fitz_94238b7bc1fa76e2fb7825d28a755453,dark,6,benign
1,0.22964011132717133,0,fitzpatrick17k,fitz_a0f2068e51347646de82f360a06f6d0c,light,2,malignant
0,0.4194124639034271,1,fitzpatrick17k,fitz_34becf085bc7a8e0a42fe577e90d10d9,light,2,benign
0,0.35414838790893555,1,fitzpatrick17k,fitz_2fb803247ab7e23e4cc616079c04afde,medium,3,benign
1,0.43025994300842285,1,fitzpatrick17k,fitz_1a89710358fd4ce6343f9420721fb584,medium,3,malignant
0,0.4939020276069641,1,fitzpatrick17k,fitz_fbb730f538bdc211c86150738a4c34b6,dark,5,benign
1,0.2437044382095337,1,fitzpatrick17k,fitz_30bae9dc94be3555620414cc46ff8d62,medium,3,malignant
0,0.2375258207321167,1,fitzpatrick17k,fitz_d5fb25d79f8b930793f1be5e98244a6c,light,2,benign
0,0.21859236061573029,0,fitzpatrick17k,fitz_a2e69b3c6fee28fcc613174973aa8ff2,medium,4,benign
0,0.18492254614830017,0,fitzpatrick17k,fitz_22bb9a02ca24e603e9ee6dfcf9298a9d,medium,3,benign
0,0.38765180110931396,1,fitzpatrick17k,fitz_d4d1b34e080afe191fa9cd18fd1830d4,light,2,benign
0,0.2865746319293976,1,fitzpatrick17k,fitz_8122d22b5c021372042307a9c1c6d854,medium,3,benign
0,0.6660982370376587,1,fitzpatrick17k,fitz_44c1dd906dfafb8e6df94aec18e42dfc,medium,4,benign
1,0.28787168860435486,1,fitzpatrick17k,fitz_d58998ebb0839c54404e9f55bf8a5d2a,light,2,malignant
0,0.2117224782705307,0,fitzpatrick17k,fitz_4ecda9f73f1d4d69b5c3505ee3f3f281,medium,3,benign
1,0.5457435846328735,1,fitzpatrick17k,fitz_7937e706bf8c198bad6f337ac0f1296c,light,2,malignant
0,0.1894863396883011,0,fitzpatrick17k,fitz_fbaac5a450479e6a19be1877f4b7f092,medium,4,benign
1,0.24141868948936462,1,fitzpatrick17k,fitz_e2578e85c48471e76706a9eb6f3ab16d,light,2,malignant
1,0.3783551752567291,1,fitzpatrick17k,fitz_ce8b4abaeb52e4499341e7c5ad2de039,light,1,malignant
1,0.39800211787223816,1,fitzpatrick17k,fitz_3d432adbde4445535a0d38ea18cf71ef,dark,5,malignant
0,0.2613111734390259,1,fitzpatrick17k,fitz_dd6b1892756433a699c8fea1e59f9b3e,light,1,benign
0,0.36103394627571106,1,fitzpatrick17k,fitz_c79925b8fcd8df572908b0c6b536d8b8,medium,3,benign
1,0.22520579397678375,0,fitzpatrick17k,fitz_f4691ed2d1bddd01e929272db72e22c4,light,1,malignant
0,0.24299483001232147,1,fitzpatrick17k,fitz_5c4e0ab9e275d3e6c4dd52a0b9030b75,light,2,benign
0,0.2199348658323288,0,fitzpatrick17k,fitz_dedb8abbde6b5585d6277ffa2f7d8ce3,medium,4,benign
1,0.1660061925649643,0,fitzpatrick17k,fitz_132fe9a3f576acc03bfd96ccd4b43783,light,2,malignant
0,0.4104054272174835,1,fitzpatrick17k,fitz_1f9fe1370af69d7a3b059a99988ea84b,dark,5,benign
0,0.4861883223056793,1,fitzpatrick17k,fitz_fbb98f8b8eaa78dc6892126ba97c76f9,light,1,benign
1,0.5553144812583923,1,fitzpatrick17k,fitz_b822f042c5ff575ac4f2d49684f8eff8,light,2,malignant
1,0.39793550968170166,1,fitzpatrick17k,fitz_701ef9d6cfb1c845baa969eb5d49e58e,light,1,malignant
0,0.287698358297348,1,fitzpatrick17k,fitz_a0ebb440843d78cce595cbd25434c5ad,medium,3,benign
1,0.8718910813331604,1,fitzpatrick17k,fitz_7d04fa6a4c45e5922a23c20145741c3b,medium,3,malignant
0,0.1886361837387085,0,fitzpatrick17k,fitz_7aed3e745e8ed103013059839577b80c,medium,3,benign
1,0.39371949434280396,1,fitzpatrick17k,fitz_4ce7ce893e106e74c0be70b7e3190355,medium,3,malignant
1,0.3679693639278412,1,fitzpatrick17k,fitz_2d937eacdf1f2480a9266e029a667494,light,1,malignant
0,0.37986403703689575,1,fitzpatrick17k,fitz_29aa46d59dd3a07dc1381069b6ffef24,medium,3,benign
1,0.3858969807624817,1,fitzpatrick17k,fitz_2ddc13cb0aad47b2dda40db94427db99,light,2,malignant
0,0.3171445429325104,1,fitzpatrick17k,fitz_e60b158b97eac7bce6d3606402aaea9e,dark,6,benign
1,0.3287612795829773,1,fitzpatrick17k,fitz_78343dddb07ad557d7171a3078a6b6ff,light,2,malignant
0,0.12344634532928467,0,fitzpatrick17k,fitz_0d08ee004ffd0b0cdfbde5742805e280,light,2,benign
0,0.17975543439388275,0,fitzpatrick17k,fitz_6f14b7d091a6e0108b1b5d8ecc8e9d07,medium,3,benign
0,0.1763683557510376,0,fitzpatrick17k,fitz_4bb9b9c7ffb630e640c49511b856dfbf,dark,6,benign
0,0.2712915241718292,1,fitzpatrick17k,fitz_5dca9123f89a11792605a94077d0ad64,light,1,benign
0,0.23504991829395294,1,fitzpatrick17k,fitz_021be051ebe558ea89ee253538392a5a,medium,4,benign
0,0.17876744270324707,0,fitzpatrick17k,fitz_36df9f6b3e37b31fa3a4b7f2cc7e6aec,medium,4,benign
0,0.2539031207561493,1,fitzpatrick17k,fitz_72bfb8a2c7827e0e557fcabca1ddd0f5,dark,5,benign
1,0.15283730626106262,0,fitzpatrick17k,fitz_9b038a697c4765357a6bacefa1096f68,medium,3,malignant
1,0.45073890686035156,1,fitzpatrick17k,fitz_37b1200de998bfad315d19e66e9146d5,light,2,malignant
0,0.20552487671375275,0,fitzpatrick17k,fitz_cc44092ca212395a910885d64c77ea69,medium,3,benign
0,0.5800865888595581,1,fitzpatrick17k,fitz_a849e24d8c47b80f4e169839806e8c1f,light,2,benign
0,0.2192612886428833,0,fitzpatrick17k,fitz_e0293818892242e6bd9f30c580a71bc0,light,1,benign
0,0.31008380651474,1,fitzpatrick17k,fitz_5e724269c8b2ef45f05263dae69c4db7,light,2,benign
1,0.4993102550506592,1,fitzpatrick17k,fitz_cda40e7e52d709b9957dcf5d2b016601,light,2,malignant
0,0.32951590418815613,1,fitzpatrick17k,fitz_8448465e199de9bce2662cf133c703e8,medium,4,benign
1,0.3162916600704193,1,fitzpatrick17k,fitz_fe0d2dc62e748e2c76e42c39eff71108,medium,3,malignant
0,0.1915227621793747,0,fitzpatrick17k,fitz_b024e423de295d22a5f5504c396b6325,medium,4,benign
0,0.2795937955379486,1,fitzpatrick17k,fitz_af3461ddd71b9e67eae813a6e68b013e,light,1,benign
1,0.42546018958091736,1,fitzpatrick17k,fitz_7775a597ee681b47cd1b0aff8a72f2c5,light,2,malignant
1,0.44111424684524536,1,fitzpatrick17k,fitz_b582f9ec2a329edfbe814680a81a0354,light,2,malignant
1,0.30985039472579956,1,fitzpatrick17k,fitz_4adb2fa80fc1b77fdf523e07c395084f,light,2,malignant
1,0.2584402859210968,1,fitzpatrick17k,fitz_a20fb796843188fa92dd9a1553926be3,medium,3,malignant
1,0.15993811190128326,0,fitzpatrick17k,fitz_dd43abce22fa616ad8f39ba85461b9ce,light,2,malignant
1,0.49779319763183594,1,fitzpatrick17k,fitz_12fee8f83ba4accfc58f4dc964a2b7cc,light,1,malignant
0,0.40370386838912964,1,fitzpatrick17k,fitz_5f521d58de1d2d361306a0f3a73f8f7b,light,2,benign
1,0.18376368284225464,0,fitzpatrick17k,fitz_eb8fc90c6716f948a533986727bca286,light,1,malignant
1,0.4577673077583313,1,fitzpatrick17k,fitz_e3570140da5abcabac462fb41a89d622,light,2,malignant
1,0.7097464799880981,1,fitzpatrick17k,fitz_b913934059b41d32282034a891466afb,light,1,malignant
1,0.5804919600486755,1,fitzpatrick17k,fitz_c8adb004ca533f6be5fb1a83acc7515e,light,1,malignant
0,0.287357896566391,1,fitzpatrick17k,fitz_cab0246d3889cd8fa48a0c86060bd021,light,1,benign
0,0.29725027084350586,1,fitzpatrick17k,fitz_5dc6c73401a44fc7c951442c6a08922d,light,2,benign
1,0.14801272749900818,0,fitzpatrick17k,fitz_8c2012b040cd3002296fb71f345262cb,light,2,malignant
1,0.23488453030586243,1,fitzpatrick17k,fitz_4e8cd3941081738f8f1405aa9b7399ef,light,2,malignant
0,0.19580988585948944,0,fitzpatrick17k,fitz_1a7e81f08fdff9aa29da7f4e7886071c,medium,3,benign
1,0.513830840587616,1,fitzpatrick17k,fitz_30421ab67894a095c7cf3d059dd4d977,light,1,malignant
0,0.18215182423591614,0,fitzpatrick17k,fitz_c26a0f5a30bad891f6405687d4e3f52d,medium,4,benign
1,0.14764955639839172,0,fitzpatrick17k,fitz_6b8ac39e81cc6512d79d0edbf519a412,light,2,malignant
1,0.359215646982193,1,fitzpatrick17k,fitz_8ea314195479001aaa5ce386c9f45433,light,2,malignant
1,0.7747038006782532,1,fitzpatrick17k,fitz_c11dc056d43c21dde17846610f0f89e8,light,1,malignant
1,0.7168939113616943,1,fitzpatrick17k,fitz_fb1bdac1d1c07f20dfadb740de7290f2,medium,3,malignant
1,0.46121981739997864,1,fitzpatrick17k,fitz_107e238a14ead26da7464917a6a5d8a3,medium,3,malignant
0,0.30733779072761536,1,fitzpatrick17k,fitz_a74e40413eee2a25700cdffa570ed681,medium,4,benign
0,0.25806453824043274,1,fitzpatrick17k,fitz_2c80528309aa066a38f56cb560565fa9,light,1,benign
1,0.45062199234962463,1,fitzpatrick17k,fitz_4658f75d78bcfa7ee4ba67e24acf8289,medium,3,malignant
1,0.10524723678827286,0,fitzpatrick17k,fitz_5e01c679167124fe9b9af10354d084bf,light,2,malignant
0,0.17094694077968597,0,fitzpatrick17k,fitz_a5f5c76291cdb3a67df7ae34c59bb671,light,1,benign
1,0.44386959075927734,1,fitzpatrick17k,fitz_22517077a92297c9c87dced4121b1e00,light,1,malignant
1,0.47705307602882385,1,fitzpatrick17k,fitz_517c9627617ef9e5689e364ee5d88069,light,2,malignant
1,0.19943317770957947,0,fitzpatrick17k,fitz_560d811d545a9fc209e18c944dce1ccd,medium,3,malignant
0,0.2692014276981354,1,fitzpatrick17k,fitz_1b3454c802df9803cf3a6a789f768831,dark,5,benign
1,0.48688432574272156,1,fitzpatrick17k,fitz_de1ea15218edff0e29e0a0c4b18acef3,light,2,malignant
0,0.6448128819465637,1,fitzpatrick17k,fitz_c98ac6d896cd630653360d1fb6db7ec4,medium,3,benign
0,0.19663527607917786,0,fitzpatrick17k,fitz_b792c1b7fb1deb710c57dce38702ef1b,light,2,benign
0,0.16176261007785797,0,fitzpatrick17k,fitz_bfeede852aaa590eeae10fd7607163f9,medium,3,benign
1,0.23832397162914276,1,fitzpatrick17k,fitz_031906ece1abcde6af5ef82780ea3034,medium,4,malignant
0,0.2802835702896118,1,fitzpatrick17k,fitz_c013f780fcc95446fd9baec53323df4c,light,2,benign
0,0.4906492829322815,1,fitzpatrick17k,fitz_1d32cdc76c6a96585edac5421142bd9c,dark,5,benign
1,0.2092503160238266,0,fitzpatrick17k,fitz_9f6dc3d2e6fa911d2bed3b61f1617530,light,1,malignant
1,0.1803707778453827,0,fitzpatrick17k,fitz_0cc0fd8472aa74c53e538185f1ae0d78,light,2,malignant
0,0.326899915933609,1,fitzpatrick17k,fitz_c901539859da65622100e8d4b32a097a,light,1,benign
1,0.6766420006752014,1,fitzpatrick17k,fitz_6d1ee7768124fde2d8543d38b23c25de,light,1,malignant
1,0.3791845738887787,1,fitzpatrick17k,fitz_07de514b4f31faf6c2130d08935d7fcf,medium,4,malignant
1,0.30846723914146423,1,fitzpatrick17k,fitz_3bf48f4f3fa396a775447b36bc8dd8f1,light,2,malignant
0,0.3288375735282898,1,fitzpatrick17k,fitz_ca6cb7c14cdaf2db71603dc7e3a7376d,light,2,benign
0,0.33936184644699097,1,fitzpatrick17k,fitz_6b88b2ba13040fd00a31046b5e4a35be,light,2,benign
0,0.1576562225818634,0,fitzpatrick17k,fitz_abbf5b950cc352f6b2e2b28d7c92586a,light,1,benign
1,0.3500330448150635,1,fitzpatrick17k,fitz_84993623f4cc766e19b092054f545f6b,light,1,malignant
0,0.20160014927387238,0,fitzpatrick17k,fitz_c6d22f32372b9e72cdb6dff5c8a3ba12,light,1,benign
1,0.4743104875087738,1,fitzpatrick17k,fitz_172f14659765abda1c123e9bb8c511c9,light,2,malignant
1,0.2716021239757538,1,fitzpatrick17k,fitz_717632d20df2589325f6769a45b0adc5,light,1,malignant
0,0.22371439635753632,0,fitzpatrick17k,fitz_9a059b2f0a0f92744d7aa5b9de31a012,light,1,benign
0,0.4588519334793091,1,fitzpatrick17k,fitz_83999ec4fd61583a9b63b648f2500d3d,light,2,benign
0,0.2587067782878876,1,fitzpatrick17k,fitz_fec1fe14f4173fef9f43d09d304cba1a,medium,4,benign
1,0.5864070653915405,1,fitzpatrick17k,fitz_f63bcee2007b22d4faa707508d819781,medium,3,malignant
1,0.3040819466114044,1,fitzpatrick17k,fitz_a1e1e7987bed1732f1fa29b1945e6cf0,medium,4,malignant
0,0.513984203338623,1,fitzpatrick17k,fitz_f8625e6ba7ead84d5e9a283df868584d,light,1,benign
0,0.16753293573856354,0,fitzpatrick17k,fitz_de57971aa32de3ff172135c4e25fb151,medium,3,benign
0,0.27503231167793274,1,fitzpatrick17k,fitz_d179c40d22cd63882c50c3631093bc5c,medium,3,benign
0,0.2045954316854477,0,fitzpatrick17k,fitz_7da3f537fffb57d916c28cdcd8440c6e,light,2,benign
0,0.23979270458221436,1,fitzpatrick17k,fitz_747b8f949339f0b995a1d0203d2c3f31,light,2,benign
1,0.3343552350997925,1,fitzpatrick17k,fitz_f89b8b51403402eaf4e3c6cb0dc9c2ea,medium,4,malignant
0,0.2577205300331116,1,fitzpatrick17k,fitz_77bfb054621858f9296b9509bf765fc6,medium,3,benign
1,0.567907989025116,1,fitzpatrick17k,fitz_60a66b9e5dba0b5aa3542b82d997b44c,light,1,malignant
0,0.2668532133102417,1,fitzpatrick17k,fitz_7781a3d68175a687b18a4693a4ee493f,medium,3,benign
0,0.24983622133731842,1,fitzpatrick17k,fitz_af142e6806d7bb05ad0b8885fb76f0ed,dark,5,benign
0,0.21344678103923798,0,fitzpatrick17k,fitz_b238c2c95a5d43395191097a5b46d1de,light,1,benign
1,0.3199932873249054,1,fitzpatrick17k,fitz_976bcb2a807e4e33e44c3c6631d4899b,medium,4,malignant
0,0.27811577916145325,1,fitzpatrick17k,fitz_585659f5deb7c18c4a6d62e3cc50b963,light,1,benign
0,0.21223270893096924,0,fitzpatrick17k,fitz_33ef5769218e5981286d0d1c136be28e,light,1,benign
0,0.28530922532081604,1,fitzpatrick17k,fitz_7fcf488081345e8e4a3b2e3636900f70,light,2,benign
0,0.3131524920463562,1,fitzpatrick17k,fitz_bb5e793db84e75f11674602f92e94691,light,2,benign
1,0.5949600338935852,1,fitzpatrick17k,fitz_f404798a84166b1a227fd71716ffd615,light,2,malignant
1,0.14805808663368225,0,fitzpatrick17k,fitz_2c31651c187a674f05bdf23b39f03fcd,light,2,malignant
1,0.1822684407234192,0,fitzpatrick17k,fitz_612f87b255a58ac9e4838ecefb21c522,medium,3,malignant
0,0.2054702192544937,0,fitzpatrick17k,fitz_16e80f17ef11a756637bf2cf8ef28737,dark,6,benign
0,0.24133145809173584,1,fitzpatrick17k,fitz_1f99d1d9dac6ce272a404c15ccb099c3,medium,4,benign
0,0.2842709720134735,1,fitzpatrick17k,fitz_053d3ca0ef98044bfeeb88daa63ec3c7,medium,3,benign
1,0.47783204913139343,1,fitzpatrick17k,fitz_25f84db5d3b6471d45db312ce9712dd9,medium,3,malignant
0,0.2255726456642151,0,fitzpatrick17k,fitz_2317f02daf84a995c5f519ce82ec9d83,medium,3,benign
1,0.7792977690696716,1,fitzpatrick17k,fitz_e36a4c4eec75df99bd208175e4279e50,dark,5,malignant
1,0.4622270166873932,1,fitzpatrick17k,fitz_0f5dc1d7b8e73e0b2df7bd1da6039dd0,light,2,malignant
0,0.22026798129081726,0,fitzpatrick17k,fitz_b6d24e57cd34b3d10f9e3ccc8028470a,light,2,benign
1,0.3091866970062256,1,fitzpatrick17k,fitz_17e506f1cde9d7898f116fd532c4e4a6,medium,3,malignant
0,0.31129634380340576,1,fitzpatrick17k,fitz_7c7ff88d51721bb41853055dcd07e5ca,medium,4,benign
0,0.33819347620010376,1,fitzpatrick17k,fitz_aa15d4ecf572da8d248c36aec5361e75,light,1,benign
1,0.6227719783782959,1,fitzpatrick17k,fitz_4bae18a5cf6f2f211389b5d97f3fe840,light,1,malignant
0,0.16911135613918304,0,fitzpatrick17k,fitz_81affd3006c11138c4f983d662f60140,light,2,benign
1,0.6522043347358704,1,fitzpatrick17k,fitz_04619369ecec27c92b5f782adfd21b05,light,2,malignant
1,0.4920601546764374,1,fitzpatrick17k,fitz_45f5c6cb12848d9f739532be79f4e8ce,medium,3,malignant
0,0.16228444874286652,0,fitzpatrick17k,fitz_c3402424a6261aec7dcf2573a00d7b50,light,2,benign
1,0.23049235343933105,0,fitzpatrick17k,fitz_933d0bec414ae48099d9b072e0357900,medium,4,malignant
1,0.8413680791854858,1,fitzpatrick17k,fitz_5d489baa1594e92495ffc6efef85e3d6,light,2,malignant
1,0.22325541079044342,0,fitzpatrick17k,fitz_a4158b66a1435b2882c4075faa163c45,medium,3,malignant
0,0.4379827380180359,1,fitzpatrick17k,fitz_bb7427e9be69e945afe743ef0c158232,light,2,benign
0,0.36396124958992004,1,fitzpatrick17k,fitz_c7a2551b4696422a14b23dfd400c63a9,light,2,benign
0,0.5777414441108704,1,fitzpatrick17k,fitz_e7238e13d9c656ec499e7d419057248b,light,1,benign
0,0.18188509345054626,0,fitzpatrick17k,fitz_9d9cd27fb01fc4c95e699e3b26ab1e92,light,2,benign
0,0.31258848309516907,1,fitzpatrick17k,fitz_5ba8b780e042f1b8f79e53010df24d9f,light,1,benign
0,0.32126933336257935,1,fitzpatrick17k,fitz_53f2eadf5f293c90bb3cda5fb91ec1c5,dark,6,benign
1,0.4391319751739502,1,fitzpatrick17k,fitz_a2bcf7fd08383c3e53c08d9e7dade2b6,light,1,malignant
0,0.40310657024383545,1,fitzpatrick17k,fitz_1c9c52faf5ceda41ae02cf54427e1bd1,light,1,benign
0,0.3382275104522705,1,fitzpatrick17k,fitz_6393ad9b71c4dfb21aaca14808665845,light,2,benign
1,0.46000927686691284,1,fitzpatrick17k,fitz_4d4ba55545548d6dd95a8791fd75d675,medium,4,malignant
0,0.212568998336792,0,fitzpatrick17k,fitz_f726e7c707da935deae29423bcdd7709,light,2,benign
0,0.2671826183795929,1,fitzpatrick17k,fitz_9adbcfa58e99480e403d8dd5ca4baa6b,medium,4,benign
1,0.1886775642633438,0,fitzpatrick17k,fitz_ee0ca09169187d556308c034caa9fda4,light,1,malignant
0,0.18903447687625885,0,fitzpatrick17k,fitz_e122dc6b87398b68b760d9779f08fe5a,light,2,benign
0,0.19905665516853333,0,fitzpatrick17k,fitz_1781d19d2d93b74fdf0af1bc261cc8a0,medium,4,benign
0,0.3859230875968933,1,fitzpatrick17k,fitz_0db67ec1711c7ab9d13c8fef53e527ea,light,2,benign
1,0.4304405450820923,1,fitzpatrick17k,fitz_d9ff106f9e37023b892152ad1c2b0f21,light,2,malignant
0,0.1940397322177887,0,fitzpatrick17k,fitz_63e0685973933ee91da246a5bfdb7877,medium,4,benign
0,0.2996639311313629,1,fitzpatrick17k,fitz_6f84d7e006c14c6446280a6a3775fb86,light,2,benign
0,0.24256932735443115,1,fitzpatrick17k,fitz_5f3f303f5dac233443df9861c72440ff,light,2,benign
0,0.20010365545749664,0,fitzpatrick17k,fitz_6db740415f2f34bfdc26df013e515d7a,light,1,benign
1,0.4990077614784241,1,fitzpatrick17k,fitz_31c42f79bb918fe1d8ef35b553e7d8cf,light,1,malignant
0,0.4664994478225708,1,fitzpatrick17k,fitz_44813e1ba162b2e5a2b80a5c0dc0983d,dark,5,benign
1,0.3810308575630188,1,fitzpatrick17k,fitz_c8a6962325692dfdd5db9428d46bfdb0,light,1,malignant
1,0.4059305787086487,1,fitzpatrick17k,fitz_b45313d16aef94d526f315d96a4aaaa2,medium,4,malignant
1,0.45068320631980896,1,fitzpatrick17k,fitz_33f441f638fce62e18cd77ff583d6273,medium,3,malignant
1,0.39538654685020447,1,fitzpatrick17k,fitz_fb1feb5dbf0038eee9348a3740cef6f9,light,1,malignant
0,0.21836410462856293,0,fitzpatrick17k,fitz_43f3397b9b00052de41e58485e92a758,light,1,benign
1,0.21409675478935242,0,fitzpatrick17k,fitz_270a217e6e961cf405a4ad46a110ff69,light,1,malignant
1,0.23301377892494202,1,fitzpatrick17k,fitz_a663cd05b63451ccfa4e189eebc14ebc,dark,5,malignant
0,0.3895605206489563,1,fitzpatrick17k,fitz_7b1fda566d600244538515b8d2097ff8,medium,4,benign
1,0.24944090843200684,1,fitzpatrick17k,fitz_50a5b3518678c84fed613629a0fefeb3,light,1,malignant
0,0.21632950007915497,0,fitzpatrick17k,fitz_46940e7be3fbcb1942edcc0173cc23cf,medium,3,benign
0,0.2301635444164276,0,fitzpatrick17k,fitz_8f4f1531ee976e49209b8e15e64c99c7,medium,3,benign
1,0.3096342384815216,1,fitzpatrick17k,fitz_98c8c173707c296687a67fade1e0cc5b,medium,4,malignant
0,0.25197985768318176,1,fitzpatrick17k,fitz_59b00282fd6d4d371f11cc1f0e3e047e,medium,3,benign
0,0.23381568491458893,1,fitzpatrick17k,fitz_c503ea4bb8476f71196e6795d62ea344,medium,3,benign
1,0.5403707027435303,1,fitzpatrick17k,fitz_ae398e0d27c79b0c70ff15cd25d62ce6,light,1,malignant
0,0.35928237438201904,1,fitzpatrick17k,fitz_01c2ac227d0304e4d4c376799ef53c4b,medium,3,benign
1,0.5311090350151062,1,fitzpatrick17k,fitz_4eff46ba9c97e429dc688f530a4e5fbc,light,1,malignant
0,0.17471376061439514,0,fitzpatrick17k,fitz_d40c3d4ac9bef4d6412474efa60c81ec,light,2,benign
0,0.3422556519508362,1,fitzpatrick17k,fitz_e175e74b64691df885e0cdb88f2858e5,medium,4,benign
1,0.7241876125335693,1,fitzpatrick17k,fitz_0e6bfff557daaf8554f3107d05cd921f,light,1,malignant
0,0.3979724049568176,1,fitzpatrick17k,fitz_a6cb40a0f3d23424ca15a8f5db6712e7,light,2,benign
0,0.46350470185279846,1,fitzpatrick17k,fitz_18ddfa2d48b0ea0d44aacc5db88d7186,medium,3,benign
1,0.28318554162979126,1,fitzpatrick17k,fitz_d42a9167697f7c1f6486a799fb863f17,light,1,malignant
0,0.2638458013534546,1,fitzpatrick17k,fitz_dedda38cbde4e4ddb6b5f880b77f784d,light,2,benign
0,0.23829707503318787,1,fitzpatrick17k,fitz_a4fbe129fc29a16cfe5dbc7d1fa483b8,light,2,benign
1,0.5516810417175293,1,fitzpatrick17k,fitz_8ef5d5a7bb6885ec41ec53df40fbfee7,light,2,malignant
1,0.22697776556015015,0,fitzpatrick17k,fitz_91c7a0ad483e2e2a7365ea7c6f395a01,medium,3,malignant
0,0.3406892716884613,1,fitzpatrick17k,fitz_301e6dcb22e76915c34f2136f007b0ab,light,2,benign
0,0.14816032350063324,0,fitzpatrick17k,fitz_83802e88242cfd016f8038b369688fd8,medium,3,benign
1,0.24153995513916016,1,fitzpatrick17k,fitz_aae985ea64da012e048edd7dbb75ec21,medium,3,malignant
0,0.19044886529445648,0,fitzpatrick17k,fitz_d7ecaeb5e44506cc5f7df224d70b61e6,light,2,benign
0,0.09701334685087204,0,fitzpatrick17k,fitz_d4a1703243d87643cd6528dc7f75ac34,light,2,benign
1,0.8905719518661499,1,fitzpatrick17k,fitz_4b64778ad3a274af138c1a4a269d0e69,light,2,malignant
0,0.5246269702911377,1,fitzpatrick17k,fitz_825fbd1357e25b4ae65ae961e69a0d56,light,1,benign
0,0.2573535442352295,1,fitzpatrick17k,fitz_153bd4dd84c53e3d7784f33817a41651,light,1,benign
0,0.22975951433181763,0,fitzpatrick17k,fitz_de30dcaeb1c6d29b4c1e6dacd1136e25,light,1,benign
0,0.26782262325286865,1,fitzpatrick17k,fitz_3fd5fa206a4b2d087e61f198540e4a0d,medium,3,benign
1,0.20717240869998932,0,fitzpatrick17k,fitz_562b67a1f3c45d79d1ac3bebbbbbbd5b,medium,4,malignant
0,0.2652200758457184,1,fitzpatrick17k,fitz_14a02745a9dd80aa993aaaf1c959e4b7,light,1,benign
0,0.32004469633102417,1,fitzpatrick17k,fitz_b5f1a2dd12b70470be98ed6311bd7a51,medium,4,benign
0,0.2733840346336365,1,fitzpatrick17k,fitz_5b2376021c7d2a348d7f39b32f18f708,medium,3,benign
0,0.1561659723520279,0,fitzpatrick17k,fitz_994a3c8b3e3d9ad1bb0ee8e4ad563e1d,light,2,benign
0,0.4460403621196747,1,fitzpatrick17k,fitz_f46a3de0be162ee4e28da54d299fc48d,light,1,benign
1,0.7052342891693115,1,fitzpatrick17k,fitz_6cffc5468287dbcd08d253d0dd512dc5,medium,4,malignant
0,0.2912541925907135,1,fitzpatrick17k,fitz_e76e989e715f392a80b223b0236415e5,medium,3,benign
1,0.38206949830055237,1,fitzpatrick17k,fitz_890f8ca947e8942ed43555d7d527121f,light,1,malignant
0,0.23646816611289978,1,fitzpatrick17k,fitz_8b4cbcc0a52119f8303c15a0717427ff,medium,3,benign
1,0.4437321424484253,1,fitzpatrick17k,fitz_01753b8013e298aa27ca91ac721ee0a8,light,2,malignant
1,0.3442986011505127,1,fitzpatrick17k,fitz_59c5fd861d89b4a023e4df0fc57a9b59,light,2,malignant
0,0.17735189199447632,0,fitzpatrick17k,fitz_e6a45c2ef865dc688cce2fc05b934768,medium,3,benign
1,0.29432767629623413,1,fitzpatrick17k,fitz_0adf95c81c80ef8b473022a203a0cb21,light,2,malignant
1,0.20341403782367706,0,fitzpatrick17k,fitz_2fd4888414963b05fe63544829295e3b,medium,3,malignant
1,0.35463258624076843,1,fitzpatrick17k,fitz_f5ef49a0de544750347a8516eb7bb3c1,medium,4,malignant
1,0.5976331830024719,1,fitzpatrick17k,fitz_e89b0dc455f91346e87beb4fdda74b47,light,2,malignant
0,0.26291289925575256,1,fitzpatrick17k,fitz_fb0462eb170160565573de327d4739f7,medium,3,benign
0,0.17505469918251038,0,fitzpatrick17k,fitz_7b0fe4315a4fbe68d06edec56cb525b2,medium,3,benign
1,0.4575197994709015,1,fitzpatrick17k,fitz_43262c5ed7d5c29f9547e40f5bcac4fd,medium,4,malignant
1,0.3043006360530853,1,fitzpatrick17k,fitz_251b6e7df4611cfe99e630fa8fee79d9,light,2,malignant
0,0.22956909239292145,0,fitzpatrick17k,fitz_9eb1faadabd773e696ed9aab8ca49a33,light,2,benign
1,0.17990759015083313,0,fitzpatrick17k,fitz_c6e02651c6e15b52376ccfb095ee0509,light,1,malignant
1,0.5323491096496582,1,fitzpatrick17k,fitz_34f2d6c11c3118413a4e23bc1a6b8992,light,1,malignant
1,0.2670016586780548,1,fitzpatrick17k,fitz_b2b9e1cdf5ddb3859cbb6289928e7d3e,light,1,malignant
1,0.17749854922294617,0,fitzpatrick17k,fitz_5db6baeb795d5d142e810fa78651c0af,light,1,malignant
0,0.43355274200439453,1,fitzpatrick17k,fitz_25953eccb17d10bc30915ce2a4a72afd,light,1,benign
1,0.20697201788425446,0,fitzpatrick17k,fitz_d6d689350675c0411798a943967ebf04,medium,4,malignant
0,0.19040675461292267,0,fitzpatrick17k,fitz_6c7e94f856c9d3cd52e643975d82d41d,light,2,benign
0,0.20602093636989594,0,fitzpatrick17k,fitz_0ee7316d0dd4ad139cc108e871b7676d,dark,5,benign
1,0.6536964178085327,1,fitzpatrick17k,fitz_8c39f641d7cc2d5df257143a854b28ad,light,2,malignant
1,0.45597973465919495,1,fitzpatrick17k,fitz_f40db09190bb66d881ced03d2d3c2d62,light,2,malignant
1,0.7948395609855652,1,fitzpatrick17k,fitz_22951972e56cf7574ccd1bbe6a45765a,light,1,malignant
0,0.26553454995155334,1,fitzpatrick17k,fitz_6f5982607821a7d3ed421e37447be61d,light,1,benign
1,0.27079644799232483,1,fitzpatrick17k,fitz_89a7fc0c590b8437dbf7554ce9676edb,light,2,malignant
0,0.3218349814414978,1,fitzpatrick17k,fitz_fb73a33eac130c13896bfb7494557226,light,2,benign
1,0.32297343015670776,1,fitzpatrick17k,fitz_cf7826024d17bb34a91a1ab10f490413,medium,3,malignant
1,0.36272528767585754,1,fitzpatrick17k,fitz_3bb40e7310c4c6dc1d1e59eb52551afd,light,2,malignant
0,0.24530920386314392,1,fitzpatrick17k,fitz_aacfab8570ae32beb4dbb2b744ccb6aa,light,2,benign
0,0.34147584438323975,1,fitzpatrick17k,fitz_f8fc75a657dab62d13cf045abb3f47e0,medium,3,benign
0,0.43152981996536255,1,fitzpatrick17k,fitz_e99ba7397c33ba169192ffdb25b66ccf,dark,5,benign
1,0.3547472059726715,1,fitzpatrick17k,fitz_9fadcc6923aeb3c4063db94c21b548b9,dark,5,malignant
0,0.45427414774894714,1,fitzpatrick17k,fitz_2760e721c008be69252471dee9713631,light,2,benign
0,0.15311917662620544,0,fitzpatrick17k,fitz_b3c250240275794c80c63ea734ae7845,medium,4,benign
1,0.5686890482902527,1,fitzpatrick17k,fitz_ce356adb2c23ca1046541ca9011ab701,light,1,malignant
0,0.3546235263347626,1,fitzpatrick17k,fitz_cd7f993c744005f0dea757271c01bd71,medium,4,benign
1,0.5705580711364746,1,fitzpatrick17k,fitz_521773286f1d292e0cdcf5c1354fc0ea,medium,3,malignant
0,0.3279675245285034,1,fitzpatrick17k,fitz_51b542089596a4d122839b333b656871,light,1,benign
1,0.550286591053009,1,fitzpatrick17k,fitz_97e6abb7e279b5ca10f72deb36e3f50d,light,2,malignant
1,0.23184601962566376,0,fitzpatrick17k,fitz_0fb1d0763eb4256754f7c7af5a65fdbb,light,1,malignant
0,0.17687469720840454,0,fitzpatrick17k,fitz_14bba0169bbbdf4da346446a745e8f12,light,1,benign
1,0.24970896542072296,1,fitzpatrick17k,fitz_d4b5ff78698e3951709d3975b9cd1fd5,light,2,malignant
0,0.20389026403427124,0,fitzpatrick17k,fitz_39c8ef268c03ea7e728bb4f44032ddf2,medium,3,benign
0,0.3847688138484955,1,fitzpatrick17k,fitz_90fa799d39ac8cb17ea27790bb320a27,medium,3,benign
0,0.39427193999290466,1,fitzpatrick17k,fitz_bb2219d3bc5580392a94e18f4564e908,light,2,benign
0,0.4119458496570587,1,fitzpatrick17k,fitz_9b3edb045b76539b8920cf4b558a9bb0,light,2,benign
0,0.17199000716209412,0,fitzpatrick17k,fitz_6a6d66922e04f2d7088d5ca208af8238,light,1,benign
1,0.3569674789905548,1,fitzpatrick17k,fitz_9fd62a1923f391578254a8b7c05229a9,light,1,malignant
1,0.32634711265563965,1,fitzpatrick17k,fitz_ad5dfed3ee5a50f7e58d3b0af63c1d45,light,2,malignant
1,0.30629196763038635,1,fitzpatrick17k,fitz_b6d0b5d92783a7e1d273eeebd91a8bff,medium,3,malignant
1,0.4696800112724304,1,fitzpatrick17k,fitz_b2dcd42e04260dcbd208c41b7b3d69ce,light,1,malignant
1,0.607672929763794,1,fitzpatrick17k,fitz_1f8ce7c9eee7929c5f18fa64134f0551,light,2,malignant
1,0.4049293100833893,1,fitzpatrick17k,fitz_7ae07553e54194d86ee8dac84e470ff8,medium,3,malignant
0,0.38693076372146606,1,fitzpatrick17k,fitz_c1624edf0d27fe609cdec6d8793b0e77,medium,4,benign
0,0.29358726739883423,1,fitzpatrick17k,fitz_31d8ba6f0c4ee14ae2931cdd2695cab8,medium,4,benign
0,0.1395711898803711,0,fitzpatrick17k,fitz_0aa9487937bd2a75f34355e6886eeaf1,light,1,benign
0,0.23197773098945618,0,fitzpatrick17k,fitz_ccb6dcfdee3829ee6c8d4840665959ee,light,2,benign
0,0.20148254930973053,0,fitzpatrick17k,fitz_9360b4fb151ca5928e9f11a32cf60046,medium,3,benign
0,0.21660174429416656,0,fitzpatrick17k,fitz_8b9207f1125612191d2a54ceb68619dd,medium,3,benign
1,0.8107727766036987,1,fitzpatrick17k,fitz_8c310a5a6a25464a6b346f67ab06f1d4,light,2,malignant
0,0.23052942752838135,0,fitzpatrick17k,fitz_5ef7943d3caad43715f4bcc501d89a17,light,1,benign
1,0.13913469016551971,0,fitzpatrick17k,fitz_cb7f85053730567e1d4f863fb5f1bdc0,light,2,malignant
0,0.14982181787490845,0,fitzpatrick17k,fitz_b91c83b771f230c29cc22d034200bdae,light,1,benign
0,0.5176464915275574,1,fitzpatrick17k,fitz_d5d0521e54f4ea7e4d9f20004af9c36a,medium,3,benign
1,0.26185569167137146,1,fitzpatrick17k,fitz_2c658f5384d52f4c0943335694b10fc0,medium,3,malignant
0,0.14409467577934265,0,fitzpatrick17k,fitz_01390246dab3bff207a63cba3eb571e3,light,2,benign
1,0.36146488785743713,1,fitzpatrick17k,fitz_4fd9aba347052ec3f544e84cf38716b1,light,1,malignant
1,0.7653807401657104,1,fitzpatrick17k,fitz_1b41bb5cc9d7bf78cb3017b4bd4d6dab,light,1,malignant
1,0.515179455280304,1,fitzpatrick17k,fitz_fd356daecf2740e664f15b74711d0c4c,light,2,malignant
0,0.5709555745124817,1,fitzpatrick17k,fitz_47589b8fcc3ee4e1aba39ac7edf0d10d,medium,3,benign
0,0.2806629240512848,1,fitzpatrick17k,fitz_fdf9e531232ca542673622dd882eff14,light,2,benign
1,0.44771507382392883,1,fitzpatrick17k,fitz_b689987ba3fa37e45f8c62f349f992a9,medium,4,malignant
0,0.28063952922821045,1,fitzpatrick17k,fitz_70723e21c1596cc31bbc3fbbed564bce,medium,3,benign
1,0.25752654671669006,1,fitzpatrick17k,fitz_6616522cf5d8912260a17e4d2061ae6a,light,2,malignant
1,0.4182846248149872,1,fitzpatrick17k,fitz_3e53dd43521fc2ccaa2c6a95c8df3fa5,light,2,malignant
0,0.13412335515022278,0,fitzpatrick17k,fitz_6554ab2020d7c6844dd0ddb3afbbfeed,medium,4,benign
0,0.19986499845981598,0,fitzpatrick17k,fitz_eede40231585981a795f8da1c0d53ecd,light,1,benign
1,0.685225784778595,1,fitzpatrick17k,fitz_dbb854f5cf3cc3ebf4912e860da2efc7,light,2,malignant
0,0.5224073529243469,1,fitzpatrick17k,fitz_22d83c95771d43a75085530f8f68ae89,medium,3,benign
0,0.2375756800174713,1,fitzpatrick17k,fitz_1c6a524b16ee5c5c460d3e9e3d7ce055,medium,3,benign
0,0.3214341402053833,1,fitzpatrick17k,fitz_556bb0b2109488c07f8935831b88017d,light,2,benign
0,0.19068977236747742,0,fitzpatrick17k,fitz_e7ecb18c1a03a96826c0d124744da08f,light,1,benign
0,0.255962073802948,1,fitzpatrick17k,fitz_48cf483953e0275a096914b1723221c3,medium,3,benign
1,0.4405355751514435,1,fitzpatrick17k,fitz_71a7b35ef0e804f4dac01d3119be6748,light,1,malignant
0,0.22780615091323853,0,fitzpatrick17k,fitz_5102f7e00b3dd0381a0d9744a3ddf5b3,light,1,benign
0,0.5871384739875793,1,fitzpatrick17k,fitz_ce926e8153b5920e1529b6b11c5c3e86,medium,3,benign
0,0.22960510849952698,0,fitzpatrick17k,fitz_aafcb416a722ceeac9fbcf08d400fc40,medium,4,benign
1,0.6334210634231567,1,fitzpatrick17k,fitz_a46600f349cf11b5ce8661cabf178eb8,light,2,malignant
1,0.26379644870758057,1,fitzpatrick17k,fitz_cad0c1ba75e1aec69f532f699a56f8db,light,2,malignant
0,0.7075827121734619,1,fitzpatrick17k,fitz_158b0e4832f254123abef07ef0c6b014,light,1,benign
1,0.4103350043296814,1,fitzpatrick17k,fitz_cfe8d105a94caa9ff66ae4b2bae34d37,light,1,malignant
0,0.35558024048805237,1,fitzpatrick17k,fitz_34fab4bfd519c164775c8b50d3470ab7,medium,3,benign
1,0.4589131772518158,1,fitzpatrick17k,fitz_08c8a2a16296e358c839f3bbc79820ad,light,1,malignant
1,0.46964165568351746,1,fitzpatrick17k,fitz_782e232de169de8134de4ef7b2cf5b66,light,2,malignant
1,0.5448051691055298,1,fitzpatrick17k,fitz_ca0576226d9f883d99cd0df91d7ed685,dark,5,malignant
0,0.14939574897289276,0,fitzpatrick17k,fitz_e4ba0957015d8478e9a1974968a34b31,medium,3,benign
0,0.28094521164894104,1,fitzpatrick17k,fitz_99bc9a0acede1db1fa1a584cb8a4964a,light,2,benign
0,0.37988919019699097,1,fitzpatrick17k,fitz_98c75613c9a3b31816fe4e7840b4eb71,light,2,benign
1,0.330568790435791,1,fitzpatrick17k,fitz_72bf4c07c8873dbf8d4b2c7ab5989853,light,1,malignant
0,0.22072817385196686,0,fitzpatrick17k,fitz_86043b13f9827619a75240c95ef49d7c,light,2,benign
0,0.1624707281589508,0,fitzpatrick17k,fitz_529a6cffdb3142103c2303ba6d45460e,light,2,benign
0,0.1368475705385208,0,fitzpatrick17k,fitz_f51aae6b3d3b76b975070baac2145672,dark,6,benign
0,0.3906901478767395,1,fitzpatrick17k,fitz_7d3a97da0d89868f3786e16cc9a68208,medium,3,benign
0,0.21535247564315796,0,fitzpatrick17k,fitz_34b5d983d901815b931e28ee357ddf74,light,1,benign
1,0.2375154346227646,1,fitzpatrick17k,fitz_99a55ba343bf11c3a8e37beb8f023684,light,1,malignant
1,0.15453067421913147,0,fitzpatrick17k,fitz_db88650aad0641ca4353f14650d90f22,light,1,malignant
0,0.45017582178115845,1,fitzpatrick17k,fitz_246543db353657970f936168b06b31ea,light,2,benign
0,0.26247140765190125,1,fitzpatrick17k,fitz_b75e977621c3dd287504eee8a3facbd3,light,1,benign
1,0.36921626329421997,1,fitzpatrick17k,fitz_ad3486c397161bccdf780d2067a852cc,light,1,malignant
1,0.2485199272632599,1,fitzpatrick17k,fitz_be813befb6f1f53ce07c77838af159ea,medium,4,malignant
0,0.15588386356830597,0,fitzpatrick17k,fitz_5fa874b5fcba73713df72302a915df7c,light,2,benign
1,0.23786486685276031,1,fitzpatrick17k,fitz_c3758805959417fcc2d8e98a8483217f,light,1,malignant
0,0.1677897572517395,0,fitzpatrick17k,fitz_a4a41ecfe71f94927ec8c3bcebb5eb80,medium,3,benign
1,0.30225786566734314,1,fitzpatrick17k,fitz_0353409eed089c8165db5a968cf2c43f,medium,3,malignant
0,0.2224723845720291,0,fitzpatrick17k,fitz_a297fad2e3005f76c10cb860af41c19c,light,1,benign
1,0.6568331122398376,1,fitzpatrick17k,fitz_acfa64e67d3581bc2a1db0c5dcadf860,light,1,malignant
1,0.2223617136478424,0,fitzpatrick17k,fitz_4132a7e048d2d4c5f858423a66ae6b9d,light,2,malignant
0,0.22657719254493713,0,fitzpatrick17k,fitz_b2b4e078200e7efa153dfd27d4e2458a,medium,3,benign
0,0.21168769896030426,0,fitzpatrick17k,fitz_4b1f5f367ebc0d5207088d329d8eeee2,medium,4,benign
0,0.16314749419689178,0,fitzpatrick17k,fitz_145e13a479f0c026fcb0630d2f9d47b8,light,1,benign
0,0.48353761434555054,1,fitzpatrick17k,fitz_be9e8510972a707e21393af63104ab28,medium,3,benign
1,0.4561868906021118,1,fitzpatrick17k,fitz_13b24f877270a05937f4c80fff693b04,medium,3,malignant
0,0.30846038460731506,1,fitzpatrick17k,fitz_3826e75f78b423e266c2dafc1b9809a9,light,2,benign
1,0.32130295038223267,1,fitzpatrick17k,fitz_f3f6c3ad40a1f6fcc3aba0d74a3de8c3,medium,4,malignant
1,0.3830719590187073,1,fitzpatrick17k,fitz_06d1d14eb33eb1dd78409525b0829f51,medium,4,malignant
1,0.39249444007873535,1,fitzpatrick17k,fitz_b565d1fa267dcf71489723d84cb66506,light,2,malignant
1,0.34013688564300537,1,fitzpatrick17k,fitz_a4bb4e5206c4e89a303f470576fc5253,light,1,malignant
1,0.38090160489082336,1,fitzpatrick17k,fitz_cbe21d899f4a65ce27c19991565889a1,light,1,malignant
0,0.2737056314945221,1,fitzpatrick17k,fitz_b28450c55ea4e0d0b075c6e87c9119d3,light,1,benign
0,0.3402983844280243,1,fitzpatrick17k,fitz_b8b10fd021b717ac6fbc16228fac527f,light,2,benign
0,0.2965913712978363,1,fitzpatrick17k,fitz_f9c77f9a371409116a137947cb5bcee6,light,2,benign
1,0.6725717186927795,1,fitzpatrick17k,fitz_b1ef89446212681c2eac7dde82654133,light,1,malignant
0,0.45676952600479126,1,fitzpatrick17k,fitz_2da89b781d450fc5c6b768f6290d1243,light,1,benign
0,0.2882620096206665,1,fitzpatrick17k,fitz_00c5083c6fe716b4fc02a814856ec7e8,medium,3,benign
0,0.23023054003715515,0,fitzpatrick17k,fitz_bb4f6bd8661b8f0a52ccaef5f2fc5b56,medium,4,benign
0,0.3522747755050659,1,fitzpatrick17k,fitz_5f92efcc267ed747987f9b43a5bf6188,light,2,benign
0,0.2789018750190735,1,fitzpatrick17k,fitz_c6a9be15246f408c883b625dc7bc5662,light,2,benign
1,0.24369528889656067,1,fitzpatrick17k,fitz_e783339effbc628d8b5392db27ba6716,medium,4,malignant
0,0.2950868308544159,1,fitzpatrick17k,fitz_e02d985c2fd40bf343fca2be6e6d555b,light,2,benign
0,0.1817920207977295,0,fitzpatrick17k,fitz_a36d079aeee1bd073859a3af6041c4f4,light,2,benign
1,0.19059467315673828,0,fitzpatrick17k,fitz_48a2d3c07db35f6232411a257e7a95e9,light,1,malignant
0,0.27531734108924866,1,fitzpatrick17k,fitz_9f87c2581d732a530064347a2cb272b2,light,1,benign
0,0.24189022183418274,1,fitzpatrick17k,fitz_3d1d0860a78de13c3b5237bd3404eb15,light,2,benign
0,0.39153552055358887,1,fitzpatrick17k,fitz_2f37c56e176fa36370e96baa1a894473,medium,4,benign
0,0.17597220838069916,0,fitzpatrick17k,fitz_60223977a479ed35f4429fd9dd0d0972,light,2,benign
1,0.3330387771129608,1,fitzpatrick17k,fitz_f09c390a5c161dae5c0f1d47a48dfcfa,light,2,malignant
1,0.5275455117225647,1,fitzpatrick17k,fitz_00c67e6f49ebec99a9db8dc74064cbd3,light,2,malignant
0,0.16515688598155975,0,fitzpatrick17k,fitz_5bce196c1c7f7c7e887db6c5d8fbcde1,medium,3,benign
1,0.17351971566677094,0,fitzpatrick17k,fitz_32dc52b5114e1aac6dab9fca50a6746a,light,2,malignant
0,0.14901715517044067,0,fitzpatrick17k,fitz_ca75ffdc7e72a05c15b58b6763d00950,medium,4,benign
0,0.1676078587770462,0,fitzpatrick17k,fitz_bc6205466d4d5b870a8a7da5402485cd,light,2,benign
1,0.3414772152900696,1,fitzpatrick17k,fitz_735dbc37793f6e7200b54898591fd31f,light,2,malignant
0,0.386217325925827,1,fitzpatrick17k,fitz_bd7012a120989a1526406d1b3a54934a,light,2,benign
1,0.3169585168361664,1,fitzpatrick17k,fitz_ba27cb751e2206d835f02b35aea42a7c,light,1,malignant
0,0.3362516462802887,1,fitzpatrick17k,fitz_7494f71845aa6663c050f6c029fd2f1d,medium,3,benign
1,0.685918390750885,1,fitzpatrick17k,fitz_740692c63bd9548c20fd137692455bb7,light,1,malignant
0,0.30843016505241394,1,fitzpatrick17k,fitz_5df724c6d38885cf245b8413cffab3f7,light,2,benign
0,0.15517394244670868,0,fitzpatrick17k,fitz_92fbc59d8f01e9b17f1b2be5fdbcf097,dark,5,benign
0,0.48919275403022766,1,fitzpatrick17k,fitz_19883466fd06fc2633e25ba5f0321824,medium,4,benign
1,0.2641204297542572,1,fitzpatrick17k,fitz_430f3cba46045b2e5eb12092c03b98fd,medium,3,malignant
0,0.22320780158042908,0,fitzpatrick17k,fitz_3d2be4881ff91259398649e3fc6fd399,light,1,benign
0,0.21771596372127533,0,fitzpatrick17k,fitz_4c13c43d94b40d67d67326ecbd46fd2c,medium,3,benign
0,0.15459579229354858,0,fitzpatrick17k,fitz_868f958c11b28e37a895cf599fa6004a,light,1,benign
1,0.660066545009613,1,fitzpatrick17k,fitz_571a7ca172102713144a90ebef56f79a,light,1,malignant
1,0.4038543105125427,1,fitzpatrick17k,fitz_12aff52bef4cb6d836dbb03ffb578817,medium,3,malignant
0,0.6502461433410645,1,fitzpatrick17k,fitz_94e13acda71bc8d340d30f23dedcecf3,light,2,benign
0,0.4608689248561859,1,fitzpatrick17k,fitz_bf836d1420aecd9f0c1965ab4013326a,light,2,benign
0,0.2031237930059433,0,fitzpatrick17k,fitz_ee978d469f2a50f16638f9f571e39115,light,2,benign
0,0.14712432026863098,0,fitzpatrick17k,fitz_4e1b23118a5f89ee36b4e4b2d1d8718a,light,2,benign
0,0.21759158372879028,0,fitzpatrick17k,fitz_f09d722b7a405f63f6ae4c1bea67faf4,light,2,benign
1,0.21211805939674377,0,fitzpatrick17k,fitz_9b710ed7f697424f8645ec47db9b03ac,light,2,malignant
1,0.492872953414917,1,fitzpatrick17k,fitz_d4bc1c91b2d568108d77e93011564a6c,light,2,malignant
0,0.16754353046417236,0,fitzpatrick17k,fitz_98ebd0568dc1804989f83706c229b5b7,medium,4,benign
0,0.4371379315853119,1,fitzpatrick17k,fitz_742c83b0b5b1a14e8cddbef28108ae17,light,1,benign
1,0.20857807993888855,0,fitzpatrick17k,fitz_6a9b56f5a0721bde502d526ac0128936,light,2,malignant
0,0.1352364420890808,0,fitzpatrick17k,fitz_aa887512db391b7195e1380e0ba58264,medium,4,benign
1,0.23227320611476898,1,fitzpatrick17k,fitz_f25f5a5c007b2ce64cab66fb6037d9d6,light,2,malignant
0,0.22800885140895844,0,fitzpatrick17k,fitz_08308a46a6beb08c66e5872868a485bf,medium,3,benign
0,0.2327336221933365,1,fitzpatrick17k,fitz_9b80d9d1d2a4d500332eb8a4e535e477,medium,3,benign
0,0.2323015034198761,1,fitzpatrick17k,fitz_c5697d664a8030cc92f976c7c4fdcb34,medium,3,benign
1,0.3061968982219696,1,fitzpatrick17k,fitz_dabb7b14d2d6adc6b3a5a87aaa0238b2,medium,3,malignant
1,0.1755242794752121,0,fitzpatrick17k,fitz_635cdb6a1cd94c714c8c393adb7c3ac1,light,2,malignant
1,0.23883295059204102,1,fitzpatrick17k,fitz_d13e9416a0204d2e004f93eb5f853448,dark,5,malignant
1,0.29281970858573914,1,fitzpatrick17k,fitz_caf7053829e13ecad9c9bdf62fa1b4b5,medium,3,malignant
1,0.3626435399055481,1,fitzpatrick17k,fitz_bee88dc65d5e44cd737ec52175801940,light,2,malignant
1,0.4312615394592285,1,fitzpatrick17k,fitz_3e31ac6eb572d47fa7dcf890d6c16dc6,light,1,malignant
0,0.20029741525650024,0,fitzpatrick17k,fitz_1f0af24c77f720c6c009b0aaae30c3ea,medium,3,benign
1,0.6127989292144775,1,fitzpatrick17k,fitz_c8c64c7694e42369e74a0905055728f1,light,1,malignant
1,0.2787659466266632,1,fitzpatrick17k,fitz_925ad6d312f71a30cdb5c5e4e773d8a8,light,2,malignant
1,0.41929328441619873,1,fitzpatrick17k,fitz_6822f9362f5560a53dfdf79fb77d48b4,light,1,malignant
0,0.3373721241950989,1,fitzpatrick17k,fitz_3c780e90b5e0638a766c9f01f4ffd2ef,light,1,benign
0,0.2946566641330719,1,fitzpatrick17k,fitz_85cd558777b881b5a3294367ffd253a0,light,2,benign
1,0.41456589102745056,1,fitzpatrick17k,fitz_d3503da01b612ccb8cdeb1d72fb00298,light,2,malignant
1,0.57552570104599,1,fitzpatrick17k,fitz_80e45e3f57a4c7003a5b80d46975897a,light,2,malignant
0,0.2685045599937439,1,fitzpatrick17k,fitz_607feae3c6d99925958dc04c439ee530,light,1,benign
1,0.30872470140457153,1,fitzpatrick17k,fitz_5512481841ce893577f1bc1080350cff,light,1,malignant
0,0.29834073781967163,1,fitzpatrick17k,fitz_f54ce8428abecb237b5b9e127ca5f880,light,2,benign
1,0.6788280010223389,1,fitzpatrick17k,fitz_16f3f152b2a7e9d550615d6f70f2bf38,medium,4,malignant
1,0.36709147691726685,1,fitzpatrick17k,fitz_acd57aaf06dc6e19273354f1d8aa9506,light,1,malignant
0,0.16214825212955475,0,fitzpatrick17k,fitz_dc3ea7bc88855bd4da3ebe0cf2412733,medium,4,benign
0,0.607963502407074,1,fitzpatrick17k,fitz_784b540a0e8eb55db7d850b538d3e5f1,light,1,benign
0,0.24010884761810303,1,fitzpatrick17k,fitz_16b1c46677ef7bad4b2caf68cafa6c56,light,2,benign
0,0.16490648686885834,0,fitzpatrick17k,fitz_d3f358fe4091906cee88215795b77038,medium,3,benign
0,0.21826644241809845,0,fitzpatrick17k,fitz_a5645ca9f8d3b3a188e20c81bda97359,light,1,benign
1,0.333964467048645,1,fitzpatrick17k,fitz_0bbce93bf42cfa2165ab4f2930845cd4,light,1,malignant
1,0.3010278046131134,1,fitzpatrick17k,fitz_89fac5f4cd1f6d2a181337f8b2b30752,light,1,malignant
0,0.26802611351013184,1,fitzpatrick17k,fitz_2c6a4a93bfe730618180907b34d875d7,light,2,benign
1,0.4308221936225891,1,fitzpatrick17k,fitz_309f71ddfd6e5ec10f83992f9a664932,light,1,malignant
0,0.5163791179656982,1,fitzpatrick17k,fitz_490f287fb8e3d3bd211725e906d4e07c,medium,4,benign
0,0.2934420704841614,1,fitzpatrick17k,fitz_b94e8082f033bc6c41e584d339bfc633,light,1,benign
1,0.2594183385372162,1,fitzpatrick17k,fitz_2556115afac9e4b4440340c359b72980,medium,4,malignant
0,0.22724181413650513,0,fitzpatrick17k,fitz_6b4a5e8c12cf5cb1d7767d87394921ef,light,2,benign
1,0.3400210738182068,1,fitzpatrick17k,fitz_f67c5d66436fcf3f656cb2ab5bd026df,light,2,malignant
1,0.3041832745075226,1,fitzpatrick17k,fitz_d9491d49e41af0734b1bfe6e4cde4ade,medium,3,malignant
0,0.2818901836872101,1,fitzpatrick17k,fitz_2b2eaefc894ecc71d0b0a13afef1ad9b,light,1,benign
0,0.23955240845680237,1,fitzpatrick17k,fitz_13536ee2b1880f6f8265a419bbe8cd40,light,2,benign
0,0.34685376286506653,1,fitzpatrick17k,fitz_45bf5b097b5bd1001b8e9eb2cda52c74,light,2,benign
1,0.23489350080490112,1,fitzpatrick17k,fitz_861205f569d0f00f0695f079bf1ec296,light,2,malignant
0,0.2730831801891327,1,fitzpatrick17k,fitz_49f425e08461335cdc29c2bd848884b3,light,1,benign
0,0.5765972137451172,1,fitzpatrick17k,fitz_f45c9e9dd24903c26f37ae35dfae843b,medium,4,benign
0,0.1999727487564087,0,fitzpatrick17k,fitz_b0731341c7d1145f341ad95a7876bdc9,light,2,benign
1,0.2545088827610016,1,fitzpatrick17k,fitz_0ee34d8cc387db6430bba2d2ce793ac9,light,2,malignant
0,0.2887977063655853,1,fitzpatrick17k,fitz_8132e479afef009487b6f52625f43a7d,medium,3,benign
0,0.1968497633934021,0,fitzpatrick17k,fitz_5cee757db67e94e55ac890e1e25aefea,medium,3,benign
1,0.19248026609420776,0,fitzpatrick17k,fitz_1e4917eb8252158b3e1de9ab8a4110ff,light,2,malignant
0,0.5929337739944458,1,fitzpatrick17k,fitz_3a9e8348a8c8673250c009cd940bd082,light,2,benign
1,0.5822950601577759,1,fitzpatrick17k,fitz_62318269e0e3e839c5d063ad8d8676b2,light,2,malignant
1,0.337819904088974,1,fitzpatrick17k,fitz_840db47356fcaadc19f36af0843a12c8,light,2,malignant
0,0.3533594608306885,1,fitzpatrick17k,fitz_6f971def61306f5c79993a9d87c95f09,medium,3,benign
1,0.3381914794445038,1,fitzpatrick17k,fitz_118004ae04d7c04a7abb96c38483b6b0,light,1,malignant
0,0.3084537982940674,1,fitzpatrick17k,fitz_a21a94db134cb286569481ed48362478,light,2,benign
0,0.4431058466434479,1,fitzpatrick17k,fitz_12d8f73d904a3c86dfa4076c09c63316,light,1,benign
0,0.339591920375824,1,fitzpatrick17k,fitz_18ada6cd1bf0888784eaadadd531b26c,light,2,benign
1,0.19283166527748108,0,fitzpatrick17k,fitz_f0bad4eac2969ce9efe3116bda407e70,light,2,malignant
0,0.26347002387046814,1,fitzpatrick17k,fitz_eb59c26469a2593257987b77965a6a7b,medium,3,benign
1,0.33156096935272217,1,fitzpatrick17k,fitz_c654431b35ae082b8b5ec407fbdc501b,light,1,malignant
1,0.22832125425338745,0,fitzpatrick17k,fitz_df0ccf61a18dd7434630862455337495,light,1,malignant
1,0.4143422245979309,1,fitzpatrick17k,fitz_b4d8bec23e7dd5dfde93e9632f317ea7,light,2,malignant
1,0.3661637604236603,1,fitzpatrick17k,fitz_074e696e6cdf066eabf5b68d957487c9,light,2,malignant
1,0.26302364468574524,1,fitzpatrick17k,fitz_8a091188db498974b231e3e4eb542317,medium,3,malignant
1,0.4341188967227936,1,fitzpatrick17k,fitz_c465d8b7a4273c618cea01568be5299a,dark,6,malignant
1,0.789871096611023,1,fitzpatrick17k,fitz_21a8b19f40009c5473c80977bf9efbf4,light,1,malignant
0,0.2439839094877243,1,fitzpatrick17k,fitz_fdbc2b165cfa772a4ea0a676e1abd141,medium,4,benign
0,0.18988655507564545,0,fitzpatrick17k,fitz_71519f71874f422ce1725b42cb8f689b,medium,3,benign
0,0.21553273499011993,0,fitzpatrick17k,fitz_01b307cbf4429ec1b5ec9d4e1eaefbe4,medium,4,benign
0,0.6622751951217651,1,fitzpatrick17k,fitz_fdd264496207d775fa6dedb4ebfe26bb,light,2,benign
0,0.206641286611557,0,fitzpatrick17k,fitz_ba0322417bc6fcf4280d46182c1c18a0,light,2,benign
1,0.5358123779296875,1,fitzpatrick17k,fitz_937958a33a48e5f49058b3f598dfaf30,light,2,malignant
1,0.4092780649662018,1,fitzpatrick17k,fitz_6356561c31f7f041f30e0bf9f96e4372,light,2,malignant
0,0.16773997247219086,0,fitzpatrick17k,fitz_71b9ba4fd2814621b105b61a2d64dda1,light,1,benign
1,0.3334182798862457,1,fitzpatrick17k,fitz_7c6b7a1a6e946bcefd118b37ca1e6e1c,medium,3,malignant
0,0.24546007812023163,1,fitzpatrick17k,fitz_ad242dab2234272b371264c3be8ad05f,medium,3,benign
1,0.40954697132110596,1,fitzpatrick17k,fitz_ada18724a43831db99512cf39a174d0a,medium,3,malignant
1,0.3069356083869934,1,fitzpatrick17k,fitz_6f64857e9c143d28a6170bc774706814,light,1,malignant
0,0.2821061313152313,1,fitzpatrick17k,fitz_755dc8d54e3b79614ef44c9a8434e8b9,medium,3,benign
0,0.28430789709091187,1,fitzpatrick17k,fitz_dafa8331d9e81cf78a60d7b42175d044,medium,3,benign
0,0.23979954421520233,1,fitzpatrick17k,fitz_f17ef6aa971a4075cd4e10033b947e89,light,1,benign
1,0.5400741100311279,1,fitzpatrick17k,fitz_7d208d81c92aad68c4447cc93e1793ee,dark,5,malignant
0,0.5151553750038147,1,fitzpatrick17k,fitz_1c5533601ebb88cf1900047a3a38b6bd,dark,5,benign
0,0.15458664298057556,0,fitzpatrick17k,fitz_72cbe38c60606f22142a99815a5a7bc6,light,1,benign
0,0.1472177654504776,0,fitzpatrick17k,fitz_3fe39fb0cdde5bb5ff0d0c6a70b6e3da,light,2,benign
0,0.3267105519771576,1,fitzpatrick17k,fitz_773ad86674166846f5568c000bc394a1,medium,3,benign
1,0.39339056611061096,1,fitzpatrick17k,fitz_e520e4def3c3276b791424d53cd3df47,dark,5,malignant
1,0.6247270703315735,1,fitzpatrick17k,fitz_de6e77794b9d6b4633d45a6454e66cb2,dark,6,malignant
0,0.198447585105896,0,fitzpatrick17k,fitz_5183f2de2bc830cec21983a412ae7e9e,light,1,benign
0,0.20247529447078705,0,fitzpatrick17k,fitz_8f3886d15b8f8e2ffb61d73c5802c113,medium,4,benign
1,0.4720958173274994,1,fitzpatrick17k,fitz_dc6b70e34949c1fa255c0c936fc53655,light,1,malignant
1,0.8045757412910461,1,fitzpatrick17k,fitz_d98bea04bd38bb2f6591bcb2a0336eff,light,2,malignant
0,0.2060861885547638,0,fitzpatrick17k,fitz_46e8e18c64c228c71550ae4f50a92036,light,2,benign
0,0.35517972707748413,1,fitzpatrick17k,fitz_a6d66f5b22fe69c436d3e34efad7f2bc,light,2,benign
0,0.25878122448921204,1,fitzpatrick17k,fitz_7bb69509f512bb7583718706767537fd,light,2,benign
0,0.35807663202285767,1,fitzpatrick17k,fitz_22c442109c60a5733da9287d6372b8ab,light,2,benign
0,0.33025312423706055,1,fitzpatrick17k,fitz_6275c16eb9167262e83ed41a861da9d7,medium,3,benign
0,0.2938699722290039,1,fitzpatrick17k,fitz_3e24acec59317c0c6f8358ba86607fc0,light,2,benign
0,0.18499335646629333,0,fitzpatrick17k,fitz_11443defefe1ad449879843cfed98c90,medium,4,benign
1,0.3726976811885834,1,fitzpatrick17k,fitz_6cb2868a96ad853abffa7a057b19c975,light,2,malignant
0,0.7000389099121094,1,fitzpatrick17k,fitz_33d7d2e1277143a7356f628723bc39e1,medium,3,benign
1,0.2072039544582367,0,fitzpatrick17k,fitz_27d3995ec59459b948ac34e16d92a49d,light,1,malignant
0,0.2403600513935089,1,fitzpatrick17k,fitz_d8b3dc2a65b4cec451a05d16dba218a1,dark,5,benign
0,0.15393759310245514,0,fitzpatrick17k,fitz_123f1416445adb8b3b5bb5f9a4ee6eb9,light,2,benign
0,0.27212607860565186,1,fitzpatrick17k,fitz_b71b494676eabaf2377dbacbd4b3c18c,light,1,benign
0,0.18804194033145905,0,fitzpatrick17k,fitz_b916515368b57cb31f34a99ba6d12eee,medium,3,benign
0,0.540751576423645,1,fitzpatrick17k,fitz_dcea8f755d638e11fe9f69e9e058d4a6,light,1,benign
0,0.3115675151348114,1,fitzpatrick17k,fitz_1023d89e2f3b04f7dceba5b9dc0c25e3,light,2,benign
0,0.4073902666568756,1,fitzpatrick17k,fitz_c505ecef64b561953eeb4ad3fcdfbeea,medium,3,benign
1,0.37990641593933105,1,fitzpatrick17k,fitz_43d1ad58b37a7ef9994833b266bf4a98,medium,3,malignant
0,0.42093220353126526,1,fitzpatrick17k,fitz_13ce683b41cc842f3ceaaa767d0ff1b0,light,2,benign
1,0.8083555698394775,1,fitzpatrick17k,fitz_af048401c6e99acaba177eef6c43c45c,dark,6,malignant
0,0.19445371627807617,0,fitzpatrick17k,fitz_ee7738e9feb8776681ccb0b5b9abbcdf,medium,3,benign
1,0.19816172122955322,0,fitzpatrick17k,fitz_0afbf2ec3f745735dc677ca739055838,light,2,malignant
1,0.721874475479126,1,fitzpatrick17k,fitz_c04c5f3afa749fb75019acfe5f243877,light,2,malignant
1,0.7829135060310364,1,fitzpatrick17k,fitz_42a371e91ff71144255dee4978b5a141,light,2,malignant
1,0.24366918206214905,1,fitzpatrick17k,fitz_73f11ac25272679272816f98e19f47e8,light,2,malignant
0,0.22563330829143524,0,fitzpatrick17k,fitz_bbedf554ba7e3e984dd85bce54c87a7a,light,2,benign
0,0.17952454090118408,0,fitzpatrick17k,fitz_a1a88ed01d7bb83af84d8f4df1f72744,medium,3,benign
0,0.15850354731082916,0,fitzpatrick17k,fitz_3252b65793c388c7ae6a76f0f39118ba,medium,4,benign
0,0.2601760923862457,1,fitzpatrick17k,fitz_f5e637561c136f689c6cc1305f7dc88e,medium,3,benign
0,0.27873194217681885,1,fitzpatrick17k,fitz_7efe1b1d6a4bc821b98e5cbe6dfd077c,medium,4,benign
0,0.24565577507019043,1,fitzpatrick17k,fitz_a5d29f02b817abdc648f7c0d8ace86db,light,1,benign
0,0.2612943947315216,1,fitzpatrick17k,fitz_13d64f9a6400be36be08e6bff4bd2f62,light,2,benign
0,0.2562536895275116,1,fitzpatrick17k,fitz_64701a744eb73be65ed2da19db4092dd,light,1,benign
1,0.3049279451370239,1,fitzpatrick17k,fitz_94a653cb025b2a6a464cd21a32ddba68,medium,3,malignant
0,0.1715843826532364,0,fitzpatrick17k,fitz_da109ffc19dc029bb71698a05419e9ff,light,1,benign
0,0.19854789972305298,0,fitzpatrick17k,fitz_3e96f0e6bdf82fe4ee5d7635c76f32a7,light,1,benign
1,0.43302372097969055,1,fitzpatrick17k,fitz_b89758afa9975102aa1f58322cf3c8fa,dark,6,malignant
1,0.18627002835273743,0,fitzpatrick17k,fitz_846d5436d995ac586b03958fbcfc1a96,light,2,malignant
0,0.17935806512832642,0,fitzpatrick17k,fitz_49948266f4b2fc08c7c3155f519ae624,medium,4,benign
0,0.5360622406005859,1,fitzpatrick17k,fitz_ed0040a52ad799323e20155800972781,light,2,benign
0,0.1497514545917511,0,fitzpatrick17k,fitz_ed522f3617a30ab79fa11e140d442e2d,light,1,benign
1,0.2955024838447571,1,fitzpatrick17k,fitz_8926d455016b17296638b119b6962cf2,light,2,malignant
1,0.2625267505645752,1,fitzpatrick17k,fitz_0a5c59128959230b7b3005d277a7c8e6,light,1,malignant
1,0.37748223543167114,1,fitzpatrick17k,fitz_d4862d1b866e2c536dde339f60de4f0d,dark,5,malignant
0,0.28148338198661804,1,fitzpatrick17k,fitz_47e5ba3f79a843355e461cfcb563d8bb,medium,4,benign
0,0.18947085738182068,0,fitzpatrick17k,fitz_8efc2c719c6f185ad4174e7612a450f1,light,1,benign
0,0.22083480656147003,0,fitzpatrick17k,fitz_f996199e614a87b407e098365bf6bafd,medium,4,benign
0,0.15520413219928741,0,fitzpatrick17k,fitz_7db71f8f3a8a5f6e9ffab45ab54740ec,light,2,benign
0,0.21322417259216309,0,fitzpatrick17k,fitz_68e5ea92675eacee2d84ea0c456fc55b,medium,3,benign
1,0.8722396492958069,1,fitzpatrick17k,fitz_50ef304493d2ca4767c6def8079f1216,light,2,malignant
0,0.21993103623390198,0,fitzpatrick17k,fitz_2751563d9c721e6a3d8a0d3e4dd4d834,light,2,benign
0,0.26828452944755554,1,fitzpatrick17k,fitz_e020308630c7f4286f0514031b4caa31,dark,5,benign
0,0.21397021412849426,0,fitzpatrick17k,fitz_b242e3ca4d29706f96a1ffdb45c9ecec,light,1,benign
0,0.14645014703273773,0,fitzpatrick17k,fitz_31f7d876b0149ec7917827c8b75ebd70,light,2,benign
0,0.5485516786575317,1,fitzpatrick17k,fitz_961154706f5938c81e64757ae78fa2d5,medium,4,benign
1,0.3647022843360901,1,fitzpatrick17k,fitz_aad76025ff2ae079b4d8c881496c3372,light,2,malignant
0,0.18618102371692657,0,fitzpatrick17k,fitz_27da81c09d3981318a1ff175ad12628e,medium,4,benign
0,0.1280435472726822,0,fitzpatrick17k,fitz_154f2b88141017a3958bdbd406444d1f,light,1,benign
1,0.456493079662323,1,fitzpatrick17k,fitz_306991d08929be5a1c9cad3ecc9423bf,light,1,malignant
0,0.24753959476947784,1,fitzpatrick17k,fitz_680677da5d0a179da5fdb87ba1d8c54c,medium,3,benign
1,0.22441241145133972,0,fitzpatrick17k,fitz_6e2da28f9169bd9f68f13afaa53f8500,medium,3,malignant
1,0.740208625793457,1,fitzpatrick17k,fitz_1cd8f03f830d793aaeea0181f0863f00,light,1,malignant
1,0.511780858039856,1,fitzpatrick17k,fitz_c861de9262f7289ad4b5730f7ec2a28a,light,2,malignant
0,0.19399474561214447,0,fitzpatrick17k,fitz_f21f7b5ec113e2fb4e705e550e918077,medium,4,benign
0,0.32040664553642273,1,fitzpatrick17k,fitz_a7ef35e99387ff1227baced72467dc1f,light,1,benign
1,0.24004855751991272,1,fitzpatrick17k,fitz_16d1e6b4143c88cb158a50ea8bc3a595,light,1,malignant
0,0.16709531843662262,0,fitzpatrick17k,fitz_d71fd281d8bd9111b184c15c0fc26696,light,2,benign
0,0.5973231792449951,1,fitzpatrick17k,fitz_0cfd9aedeb0daf2288a021d08b5de1f1,light,2,benign
0,0.48886677622795105,1,fitzpatrick17k,fitz_ffb2a785dd5182f2375ab2a3bf839f60,light,2,benign
1,0.3697815537452698,1,fitzpatrick17k,fitz_c094d187bbdb87186eed24cba84dea57,medium,3,malignant
0,0.19741232693195343,0,fitzpatrick17k,fitz_f6095846440acca969ac59cc7fc70f63,dark,5,benign
0,0.3040712773799896,1,fitzpatrick17k,fitz_20fa1e49372b9f495b9d7117f4f2d3bc,light,2,benign
1,0.13854876160621643,0,fitzpatrick17k,fitz_088f75621475639f8316e4a34b170ac6,light,1,malignant
0,0.5884857773780823,1,fitzpatrick17k,fitz_fac50755ac0a661403eedb4f63ab2d6d,light,1,benign
0,0.47361883521080017,1,fitzpatrick17k,fitz_e2d169e32d36ab5e938f8c73245fa3d9,medium,4,benign
0,0.20340056717395782,0,fitzpatrick17k,fitz_451a05110fd70567b2451c6ab70d4076,light,2,benign
1,0.19087255001068115,0,fitzpatrick17k,fitz_ecc71c47ea7467dd1dfb3ba6ad63ce1f,light,2,malignant
1,0.48582723736763,1,fitzpatrick17k,fitz_f1768f126b20979695dfd986ba5ec740,light,2,malignant
0,0.1741597205400467,0,fitzpatrick17k,fitz_b1b9ba6988d24ae71f03cfd606809f23,dark,5,benign
1,0.41547346115112305,1,fitzpatrick17k,fitz_0985c22c8970eba50121bc9f5074a49d,dark,5,malignant
1,0.496132493019104,1,fitzpatrick17k,fitz_78382a7d765d851c7f0a0e4951432cf3,light,2,malignant
0,0.16282989084720612,0,fitzpatrick17k,fitz_9873f403294c49aaf69bd77d264e5d03,medium,3,benign
0,0.3060632646083832,1,fitzpatrick17k,fitz_f2595d53264c01b372ee9acb4591461f,medium,3,benign
1,0.25968503952026367,1,fitzpatrick17k,fitz_9e555077493565a25648af77a1da5e06,dark,5,malignant
1,0.4094032049179077,1,fitzpatrick17k,fitz_e5274fb265a7fbd6db292a6e8959f467,light,2,malignant
0,0.20344968140125275,0,fitzpatrick17k,fitz_5a979dede913c66b84ff4e61cf4d8413,medium,3,benign
1,0.8496134877204895,1,fitzpatrick17k,fitz_c58294e3e0d27de8c4e0752a83713fda,light,2,malignant
1,0.4133625328540802,1,fitzpatrick17k,fitz_ddc2dbe2b62e2bb78ce1b4305110b67f,medium,4,malignant
0,0.6481108069419861,1,fitzpatrick17k,fitz_71164a9bcf9e6fc461312174ada1d867,light,1,benign
0,0.3768170177936554,1,fitzpatrick17k,fitz_4fb37a02a43af27df0dbe3354331047a,light,2,benign
1,0.36640384793281555,1,fitzpatrick17k,fitz_e642ea55ce353ec974309c87f4da7373,dark,5,malignant
1,0.26568493247032166,1,fitzpatrick17k,fitz_ec61f2a80eb538e8a65683ed35a325b0,light,1,malignant
0,0.29513680934906006,1,fitzpatrick17k,fitz_1e6e260a613545a360b0ad5dc3ed7c70,medium,4,benign
0,0.27171438932418823,1,fitzpatrick17k,fitz_7594f06ae855c9dc3e96f76701168ee9,light,2,benign
0,0.6320682764053345,1,fitzpatrick17k,fitz_1e5ee09dc72406960a4091527c00765f,medium,3,benign
0,0.208246111869812,0,fitzpatrick17k,fitz_f94db20d1300270c97ff02dad941d295,medium,4,benign
0,0.2656499743461609,1,fitzpatrick17k,fitz_0552f0ffd7f1125b7cdf8e44bdbfc0c6,light,2,benign
1,0.32918673753738403,1,fitzpatrick17k,fitz_82c7173ab4927d071fb7a749f8ae2a5f,light,2,malignant
0,0.2878391146659851,1,fitzpatrick17k,fitz_32020563a40c3090c9458e56f0894eba,medium,4,benign
1,0.22590169310569763,0,fitzpatrick17k,fitz_cc21b8b35c671d672d568d98d0434f08,light,1,malignant
0,0.14082026481628418,0,fitzpatrick17k,fitz_26b46628697510ce0ede5851006d5c34,dark,5,benign
1,0.2975444793701172,1,fitzpatrick17k,fitz_87744122fe5225740f28b88d42660aa3,dark,5,malignant
0,0.27298232913017273,1,fitzpatrick17k,fitz_535e72695bd844f8ef74d4aab4299f33,dark,5,benign
1,0.8346068263053894,1,fitzpatrick17k,fitz_47ae0164d37b5c26a524d8b33132fcb5,light,2,malignant
1,0.23384886980056763,1,fitzpatrick17k,fitz_ef8764929195f82e746759b520fdedb7,light,2,malignant
1,0.35075876116752625,1,fitzpatrick17k,fitz_dae64acd175779ecde037eae28efd733,medium,4,malignant
1,0.4777252972126007,1,fitzpatrick17k,fitz_469aefba5c7c7d0a4c3b135cefe4ed73,light,2,malignant
0,0.19314037263393402,0,fitzpatrick17k,fitz_78643b37e30d73f48e28fac2eacf3661,medium,4,benign
1,0.39099758863449097,1,fitzpatrick17k,fitz_361528caed6ebd18a0a558726a3999c0,light,2,malignant
0,0.15416881442070007,0,fitzpatrick17k,fitz_12056f489798de5eb80a7d07dde875df,light,2,benign
0,0.2374488115310669,1,fitzpatrick17k,fitz_875d5de50f024ffdceed2c3f2b039214,medium,4,benign
0,0.22645652294158936,0,fitzpatrick17k,fitz_dbdd739d5bd681a42444fcd0a8f9259a,light,2,benign
1,0.2608370780944824,1,fitzpatrick17k,fitz_d84e0c83920384e79354019fd467e6b1,light,2,malignant
0,0.19409778714179993,0,fitzpatrick17k,fitz_a4ccb4205a5b4da52caca600ca3433f0,light,1,benign
0,0.18167054653167725,0,fitzpatrick17k,fitz_291743ecf5f389f17a54c43e5b40663d,light,2,benign
0,0.2892468571662903,1,fitzpatrick17k,fitz_1323cbd6ca0833ff55b6ecad90dc828b,light,2,benign
0,0.19897963106632233,0,fitzpatrick17k,fitz_604e6422286b8747a9c78c3d049ada83,dark,5,benign
1,0.5419090390205383,1,fitzpatrick17k,fitz_f1a8ee83b4685293766735b551acea9b,medium,3,malignant
0,0.2085389494895935,0,fitzpatrick17k,fitz_d28d3c4548f7d21b34cd5908b110984f,light,2,benign
0,0.22529874742031097,0,fitzpatrick17k,fitz_4d1e620c7134299fe96eecba9f12991d,medium,4,benign
1,0.25637397170066833,1,fitzpatrick17k,fitz_2108e9d766f1c6ed6ad83765f576d347,light,2,malignant
0,0.14554142951965332,0,fitzpatrick17k,fitz_5491afb7705ed393a798e8317fd57d48,light,2,benign
0,0.15272901952266693,0,fitzpatrick17k,fitz_fac57a2990fe1215d87e4df8cb6eb9e9,light,1,benign
0,0.1776423454284668,0,fitzpatrick17k,fitz_b1c5c24ec2abad0b372c5f66b09cbc22,light,2,benign
1,0.25435784459114075,1,fitzpatrick17k,fitz_1744e96d318e4d053e925521e69b8ad6,light,2,malignant
0,0.30820220708847046,1,fitzpatrick17k,fitz_7abf608a83999782a019e76b38498819,light,1,benign
1,0.31677794456481934,1,fitzpatrick17k,fitz_263049401830de0dee7571422e407e47,medium,4,malignant
0,0.496568888425827,1,fitzpatrick17k,fitz_6959d7c3d12b67da344cf59ba8c11f22,light,2,benign
0,0.18034736812114716,0,fitzpatrick17k,fitz_f5a430b5ac8a21e729a94572007915c0,medium,4,benign
1,0.17201261222362518,0,fitzpatrick17k,fitz_d426cd06dab461c27fac4964b9865769,medium,3,malignant
1,0.20399294793605804,0,fitzpatrick17k,fitz_2b7997290f5080c552bd7a9041ca3141,light,2,malignant
0,0.23682862520217896,1,fitzpatrick17k,fitz_a141b19f10d2ed716b3f34c0c7612fdd,medium,3,benign
0,0.2511073052883148,1,fitzpatrick17k,fitz_0ca870413a13e07dc10b44cb327e1289,light,1,benign
0,0.4949107766151428,1,fitzpatrick17k,fitz_935062a8a821a27e6a8c6bd069d45966,light,1,benign
1,0.24541468918323517,1,fitzpatrick17k,fitz_7f7412968370a10d8efd55dc1f8751eb,medium,3,malignant
0,0.1597413718700409,0,fitzpatrick17k,fitz_61c021a8acd87dd9da55381b44e05396,light,2,benign
0,0.20381368696689606,0,fitzpatrick17k,fitz_4911f2d6b92042664419ac56180140d9,medium,3,benign
0,0.657693088054657,1,fitzpatrick17k,fitz_02dfbc0e14a4655ca9190705fe1b7d56,medium,3,benign
0,0.4210764765739441,1,fitzpatrick17k,fitz_59ea6b7bab68c9febbb3ea633763a406,light,2,benign
0,0.2902890741825104,1,fitzpatrick17k,fitz_fefa0bd8f7bd9ca0eb50baa22a68ce80,light,1,benign
1,0.23536425828933716,1,fitzpatrick17k,fitz_c0fbc46df75bf601b8cf5f869c76d6d3,medium,3,malignant
0,0.29122671484947205,1,fitzpatrick17k,fitz_fd3fdc5110af7828c87a952582efa397,light,1,benign
0,0.3498791754245758,1,fitzpatrick17k,fitz_235da66ca102235ca8082fc5787ed582,light,2,benign
1,0.5210860967636108,1,fitzpatrick17k,fitz_624ea4699ff36103f7eb2c040b4933fe,light,2,malignant
0,0.16632729768753052,0,fitzpatrick17k,fitz_cb7563dff4b62c2b692d1d324882c336,light,2,benign
1,0.37198466062545776,1,fitzpatrick17k,fitz_74e9c27efd60a074b6b4d7e40f61c270,light,2,malignant
0,0.17867276072502136,0,fitzpatrick17k,fitz_df793da81b7dca0e34644d8382ecba89,light,1,benign
0,0.5714271068572998,1,fitzpatrick17k,fitz_9cc455f198607c4614dbd86c004dac38,light,2,benign
0,0.4679161608219147,1,fitzpatrick17k,fitz_11503a7ccd7fd1209c0d100b3e896d08,light,2,benign
0,0.1982632726430893,0,fitzpatrick17k,fitz_d6fc57f3afdc323a0dc3a7001e8dc978,light,2,benign
0,0.7051390409469604,1,fitzpatrick17k,fitz_f0337540e6a56b4ac37469d1ab1183e9,medium,4,benign
1,0.7359223961830139,1,fitzpatrick17k,fitz_07bbb2e37d5e4febf70890df43c9fbd6,light,2,malignant
1,0.2989865243434906,1,fitzpatrick17k,fitz_bc1227108a4639de337f5c5cba635352,medium,4,malignant
0,0.22485707700252533,0,fitzpatrick17k,fitz_149c50b34d43bb358ee087fc8e69ea9b,light,1,benign
0,0.24194975197315216,1,fitzpatrick17k,fitz_c4dbd92e0c97253249678da31990e936,medium,4,benign
0,0.14623425900936127,0,fitzpatrick17k,fitz_c83bab745a385e95339e7be5a80ecf18,medium,3,benign
1,0.24865317344665527,1,fitzpatrick17k,fitz_e63edc9c8c41cc738fad4a6cf90dc9b2,light,1,malignant
1,0.28980717062950134,1,fitzpatrick17k,fitz_475f92468d27947b2ecda27fbbc1e141,light,2,malignant
0,0.347592830657959,1,fitzpatrick17k,fitz_aefce8b841876bc71ef858c4785adbb0,light,2,benign
0,0.09303197264671326,0,fitzpatrick17k,fitz_a294d1982b705b8d2b2c1e8c1f524eb0,light,1,benign
0,0.20920248329639435,0,fitzpatrick17k,fitz_ba45fe69e83d9d22ebaf9fe7446f98df,light,2,benign
0,0.3136661648750305,1,fitzpatrick17k,fitz_424ca461d8e2d667d55f7af7c9fc035e,light,1,benign
1,0.5695315003395081,1,fitzpatrick17k,fitz_da29e015fe50cf3edacae2dbc223a868,light,2,malignant
0,0.2303970754146576,0,fitzpatrick17k,fitz_d4851632307d471369d2ae8ffb533b52,light,2,benign
1,0.4767560064792633,1,fitzpatrick17k,fitz_736143719650b30bb48965ee67c3ee4e,medium,3,malignant
0,0.20775824785232544,0,fitzpatrick17k,fitz_f80306379e420cd0581d9d1ed493d283,medium,3,benign
0,0.3326822817325592,1,fitzpatrick17k,fitz_5e1b32a02ad224dafbba98d0adc1f811,medium,4,benign
0,0.1698673665523529,0,fitzpatrick17k,fitz_1b8e1b61ab30fd12129793b30791d247,medium,4,benign
1,0.4231162369251251,1,fitzpatrick17k,fitz_cf2a6a8eb3f7bba8061b0f4a68ecd23c,light,1,malignant
0,0.34714096784591675,1,fitzpatrick17k,fitz_ecb59cf54a5631ed4286190984942360,medium,3,benign
0,0.19805704057216644,0,fitzpatrick17k,fitz_50ffda4fa1004568a3982e59f91af3ab,light,1,benign
1,0.29167640209198,1,fitzpatrick17k,fitz_1f24cd91d3536af05573c716cee9afe3,light,1,malignant
0,0.2506431043148041,1,fitzpatrick17k,fitz_4a2bd80ef66625aae99c0d0a3650bd7f,medium,4,benign
1,0.33350101113319397,1,fitzpatrick17k,fitz_ae55196233eeaac22c6ceb9f1bbe4002,dark,6,malignant
0,0.14322535693645477,0,fitzpatrick17k,fitz_055936793773f78dbdb287808a4a146c,light,1,benign
0,0.2726444602012634,1,fitzpatrick17k,fitz_a3350823cf44536b4d5af784a8bfac7c,medium,3,benign
1,0.16156025230884552,0,fitzpatrick17k,fitz_498327f064e48a3f9d3345d905012e19,light,2,malignant
1,0.41579368710517883,1,fitzpatrick17k,fitz_e64510bdbfd6ea6c6cee723c055e1b50,light,1,malignant
0,0.22165580093860626,0,fitzpatrick17k,fitz_b1c539dfccb80e6a29a706711b0daa98,light,1,benign
1,0.4454520046710968,1,fitzpatrick17k,fitz_0ac87111c95a35bccf902556b5d56f56,medium,3,malignant
0,0.47368836402893066,1,fitzpatrick17k,fitz_ab295f59ff4449a90f87c70b55088b81,light,2,benign
1,0.4801807701587677,1,fitzpatrick17k,fitz_3413738ca0fdc00d330639dbc87517a5,light,2,malignant
0,0.3115158677101135,1,fitzpatrick17k,fitz_3b9bd3e9eb966555a82388a453feda2f,light,1,benign
0,0.6628555655479431,1,fitzpatrick17k,fitz_158b595ac3b57ae843eadbb63636c3ba,light,2,benign
0,0.4450056850910187,1,fitzpatrick17k,fitz_1ea28a7fe3bb5a28a1e6dd7611ebaa8f,medium,3,benign
0,0.19177906215190887,0,fitzpatrick17k,fitz_b534a662fa2fb1a79f0f32b464700382,light,2,benign
0,0.4013654887676239,1,fitzpatrick17k,fitz_4a400ad27e11d89d02ae11ca3110ae86,light,2,benign
0,0.17875578999519348,0,fitzpatrick17k,fitz_50e884335df0cc38774797b1e3da724c,medium,3,benign
1,0.24009250104427338,1,fitzpatrick17k,fitz_4b3198562de3a684002fedc551a72c90,light,2,malignant
0,0.2179044932126999,0,fitzpatrick17k,fitz_9d91cebbf621b7176c0142bb6bfd45f8,light,1,benign
1,0.4601740837097168,1,fitzpatrick17k,fitz_f586cbd345b1e4d5a14404aa1fc13b87,dark,5,malignant
0,0.31707432866096497,1,fitzpatrick17k,fitz_2e749d75a1ee9fab5d53181d2770c538,light,2,benign
1,0.21959610283374786,0,fitzpatrick17k,fitz_a13eaf2826329cee2e8ab3b16a9df3f9,medium,4,malignant
1,0.531349778175354,1,fitzpatrick17k,fitz_8a661b72496bad203ff9f93322252a2e,light,2,malignant
0,0.26469728350639343,1,fitzpatrick17k,fitz_c94935d1c39a141916812538e6be7e87,light,1,benign
0,0.14515073597431183,0,fitzpatrick17k,fitz_85a19e9ad2d917f909b0bd1060f2afa0,medium,3,benign
0,0.1987813115119934,0,fitzpatrick17k,fitz_91a0742ae1eea95e536d3e70510d2840,light,2,benign
0,0.6803839802742004,1,fitzpatrick17k,fitz_0578665c39dc6894727113faf12b9777,medium,4,benign
0,0.22021010518074036,0,fitzpatrick17k,fitz_8c2efae7cd3aa77ad9947b65448d2cde,dark,5,benign
0,0.21412436664104462,0,fitzpatrick17k,fitz_c9d35ffc2c97005b9cdd6ebda9a73374,dark,6,benign
1,0.48487091064453125,1,fitzpatrick17k,fitz_0c6948c84593c37b5061d8ead8d8e6b1,dark,5,malignant
1,0.7165871262550354,1,fitzpatrick17k,fitz_66cae1c2ad834b6d00dd3b9957ec9e1d,light,2,malignant
1,0.31807491183280945,1,fitzpatrick17k,fitz_faa0aa3e1768cb16b56a9d0123500e31,medium,3,malignant
1,0.19129204750061035,0,fitzpatrick17k,fitz_8c19c8ab265be2d52a60c1a175d59c89,light,1,malignant
1,0.5864310264587402,1,fitzpatrick17k,fitz_4c57a9eec4b544ae4dae4a56a6d9f8cf,light,1,malignant
0,0.15745720267295837,0,fitzpatrick17k,fitz_e4c5846a47bbe3b5370b5b3dc2e8d2ed,light,1,benign
0,0.26101577281951904,1,fitzpatrick17k,fitz_8a7e4ecd73f138d982cf8999b3a0a6d6,dark,5,benign
0,0.3814343512058258,1,fitzpatrick17k,fitz_3e1bc42db9faa46f59f192554f109d54,medium,4,benign
1,0.21420060098171234,0,fitzpatrick17k,fitz_16b8f543987fd7f15139f36114a238d5,light,1,malignant
0,0.2555261552333832,1,fitzpatrick17k,fitz_ca3c8642d5b38cec4486a4464d752b62,light,1,benign
0,0.202468141913414,0,fitzpatrick17k,fitz_69b7311e2ef3c1c7971021466106b246,dark,5,benign
1,0.19329993426799774,0,fitzpatrick17k,fitz_e4935b8adee2f49d77b7e906047db5c9,medium,4,malignant
1,0.21460023522377014,0,fitzpatrick17k,fitz_c8e35e39c4662af6d64bb1d937ab048b,light,2,malignant
1,0.2275003045797348,0,fitzpatrick17k,fitz_6577604c65e6e13cd25f6d9726c409a6,medium,4,malignant
0,0.24248428642749786,1,fitzpatrick17k,fitz_5408adeda80fa850b14f67c7757cb48d,medium,3,benign
1,0.427707314491272,1,fitzpatrick17k,fitz_91a4f52d7f99a33ec53d6d695e6c9f4d,light,2,malignant
0,0.18247807025909424,0,fitzpatrick17k,fitz_e506b6479a862503e4a5bbd3771aaee1,dark,5,benign
0,0.4535689055919647,1,fitzpatrick17k,fitz_cca4330b4bef40db67fb38058a18132e,light,2,benign
1,0.1788589209318161,0,fitzpatrick17k,fitz_426ec16fd5a64a6cc9b528e6c31e22e9,light,1,malignant
0,0.3393135666847229,1,fitzpatrick17k,fitz_67a76420dd491f3d1a92757a3929cb92,light,1,benign
1,0.1672280728816986,0,fitzpatrick17k,fitz_95c004cc4ef4eff26861698463f19262,light,1,malignant
1,0.7675027847290039,1,fitzpatrick17k,fitz_82eed0a4b30c7066ff31e5be4985019a,medium,4,malignant
0,0.5229021310806274,1,fitzpatrick17k,fitz_0c58cbb99a22a9f3bb0c332b75834abf,medium,3,benign
0,0.21613545715808868,0,fitzpatrick17k,fitz_c53b8392fe54762302c1ea611b31f0a4,medium,3,benign
1,0.5914977192878723,1,fitzpatrick17k,fitz_2d88a3fa67aa761b65e280c2e14c68c3,medium,3,malignant
0,0.6536078453063965,1,fitzpatrick17k,fitz_dfb30050b28aae0eaeaeecd6db92d1c3,medium,3,benign
1,0.449137419462204,1,fitzpatrick17k,fitz_7e1a63312318ffca8b95875238836aa2,light,1,malignant
0,0.38714471459388733,1,fitzpatrick17k,fitz_1c444f036ad09acca39209e85c0a8dec,light,2,benign
1,0.26132631301879883,1,fitzpatrick17k,fitz_b995b00ca0f6e3a5ac881db2d40a5c34,light,1,malignant
0,0.14160889387130737,0,fitzpatrick17k,fitz_e87ee141d3a97b3d23869cc080971f4f,light,2,benign
0,0.2456866204738617,1,fitzpatrick17k,fitz_c77d6c895f05fea73a8f3704307036c0,light,1,benign
0,0.14686129987239838,0,fitzpatrick17k,fitz_c6e89b36d3e2d5f97c4298037d1bde13,dark,5,benign
1,0.4011322259902954,1,fitzpatrick17k,fitz_ff27aa2fa61a28227ed8e2866eb9cbd1,medium,4,malignant
1,0.2664565145969391,1,fitzpatrick17k,fitz_c2741f8b0ec47a8b6c24ad34bc03621b,light,2,malignant
0,0.30877697467803955,1,fitzpatrick17k,fitz_8df81e477d3916815dabc2c1d021fca6,light,2,benign
0,0.3283223807811737,1,fitzpatrick17k,fitz_280c8e07ea1dac883752bd87c9ceca2a,light,1,benign
0,0.22789542376995087,0,fitzpatrick17k,fitz_fedca926b2ab674e79e5e21090de8b9d,medium,3,benign
1,0.25197187066078186,1,fitzpatrick17k,fitz_022713978927e0e94227c248cb1592c7,light,1,malignant
0,0.20449082553386688,0,fitzpatrick17k,fitz_cd1723ac116758cb87a16e7a1a30f270,dark,5,benign
1,0.5666192770004272,1,fitzpatrick17k,fitz_66d010a52397b508509c4f44e6c3c869,light,2,malignant
1,0.32944974303245544,1,fitzpatrick17k,fitz_d882dc1a3e3ff2a258e1fcdca85ff07f,medium,3,malignant
0,0.29966944456100464,1,fitzpatrick17k,fitz_881d6d9d24f6cfc93b670a338355e41c,light,2,benign
1,0.26699042320251465,1,fitzpatrick17k,fitz_2cd9e868bed17ffb8c6b118d91c441c7,medium,3,malignant
1,0.33583173155784607,1,fitzpatrick17k,fitz_aba6cb46c28e7519fc74d6361c004783,light,1,malignant
0,0.2536614239215851,1,fitzpatrick17k,fitz_61e967e964a434001e4336abac0b6717,light,2,benign
0,0.18300852179527283,0,fitzpatrick17k,fitz_f4f2739937c149a255148f697ee3ddf9,light,1,benign
1,0.1717832237482071,0,fitzpatrick17k,fitz_be63770d79e886d395d1248c4404502e,light,2,malignant
0,0.4090449810028076,1,fitzpatrick17k,fitz_ab23656112025c96ee4acf9e3e0b993a,light,2,benign
0,0.21474166214466095,0,fitzpatrick17k,fitz_3c066c1414b59ef40046a836a0b905e5,light,2,benign
1,0.16140437126159668,0,fitzpatrick17k,fitz_e485d00e33e95305b3b1bc03d0e852ed,light,2,malignant
1,0.29850244522094727,1,fitzpatrick17k,fitz_31a8db3e9da7907512beaa575d638be4,dark,5,malignant
0,0.20386753976345062,0,fitzpatrick17k,fitz_a1dcf6598fc0d801761dbc7a81c4435d,light,2,benign
1,0.45772215723991394,1,fitzpatrick17k,fitz_900c572691e399d8bf78d5bd1f8a74a7,light,1,malignant
1,0.16374626755714417,0,fitzpatrick17k,fitz_bdb668db00a5c6ac3e1f6e5af17bbc43,light,1,malignant
1,0.586805522441864,1,fitzpatrick17k,fitz_f4cb8f2760402923d840b55e4ef6f729,light,2,malignant
1,0.448916494846344,1,fitzpatrick17k,fitz_775d8325a7f92c78a159ddb68186b79c,light,2,malignant
0,0.23561495542526245,1,fitzpatrick17k,fitz_db863680fb8d9b3754a55fe246163c2d,light,1,benign
0,0.36488571763038635,1,fitzpatrick17k,fitz_7244389323ed273ce0fa8c7e4da67e7e,light,2,benign
0,0.6618936061859131,1,fitzpatrick17k,fitz_e690807cb17f9bd6975e11ac27472401,light,1,benign
0,0.36793917417526245,1,fitzpatrick17k,fitz_431ac6cfed503fe33350a0dacbbea0c1,light,2,benign
0,0.4249138832092285,1,fitzpatrick17k,fitz_5876dff01e567b140782cb4d6ddc30dc,light,2,benign
1,0.3219413757324219,1,fitzpatrick17k,fitz_b7492f6251c4b495085d9517724ff953,light,2,malignant
0,0.24490976333618164,1,fitzpatrick17k,fitz_c8f82a865ebefc3ce3cdbe5f70fbfc14,dark,5,benign
0,0.29479750990867615,1,fitzpatrick17k,fitz_ba09641393b463359bb59a6a58bfeac4,medium,3,benign
1,0.29210200905799866,1,fitzpatrick17k,fitz_b5cbe760bbc7918b04d11823ae2d8f49,medium,3,malignant
0,0.24883759021759033,1,fitzpatrick17k,fitz_5911ef373f6523ed63d010ed2d62c29b,light,1,benign
1,0.43430382013320923,1,fitzpatrick17k,fitz_92d9830f22b0eaa4ced0575d60f5662b,light,1,malignant
0,0.13009876012802124,0,fitzpatrick17k,fitz_76fea128bb560f2e9279ccb1d78507e3,medium,4,benign
1,0.25687506794929504,1,fitzpatrick17k,fitz_6946d50ada3bbfc10a3df8f5c0223b47,medium,3,malignant
1,0.24100688099861145,1,fitzpatrick17k,fitz_4aba04560b6a2bf126c128be1fc4a417,light,2,malignant
1,0.33810296654701233,1,fitzpatrick17k,fitz_81376135b57d335be550347dcdfc58a2,medium,3,malignant
0,0.43411001563072205,1,fitzpatrick17k,fitz_ca3594b337dec22d778bf75290adf9ac,light,2,benign
0,0.22295062243938446,0,fitzpatrick17k,fitz_8a8b8680d7a72d848d080961923d8083,dark,5,benign
0,0.2652471959590912,1,fitzpatrick17k,fitz_e6c519d0d0063319c85a6d4784398698,light,2,benign
1,0.3023632764816284,1,fitzpatrick17k,fitz_42a4ea1eb2ba38f1e1f88e6de7f862f5,medium,3,malignant
0,0.18257233500480652,0,fitzpatrick17k,fitz_50320d3ed1d18dcc095c8e0a75fbaf9f,medium,4,benign
0,0.2493968904018402,1,fitzpatrick17k,fitz_5092865ee2fa51baf1ec53955c6193e4,medium,3,benign
0,0.5570110082626343,1,fitzpatrick17k,fitz_dcb68b2c4896b863eadf77e05b786222,light,1,benign
0,0.23535162210464478,1,fitzpatrick17k,fitz_9a0245a8032ecb098d05e719e6f369af,medium,3,benign
1,0.32941141724586487,1,fitzpatrick17k,fitz_59987085d01b140ce512082866095ddd,medium,3,malignant
1,0.4743085503578186,1,fitzpatrick17k,fitz_550749c351ebf42acc3ec74f9f9a6de4,light,2,malignant
1,0.676455557346344,1,fitzpatrick17k,fitz_7d6ae096a58cc9a689e28ab2fc06a75f,light,2,malignant
0,0.21919560432434082,0,fitzpatrick17k,fitz_f49e19687bcf242c59d1059799a30580,medium,3,benign
0,0.14973463118076324,0,fitzpatrick17k,fitz_d05fb27a087443340b2eb25c0d43d5fa,light,2,benign
1,0.6088821887969971,1,fitzpatrick17k,fitz_d962d44c1ad9d8007dd31cbc9cb6aad8,medium,3,malignant
1,0.6135436296463013,1,fitzpatrick17k,fitz_3c98d2fde2b27e0c6f8df03a53d8b423,light,2,malignant
0,0.21980218589305878,0,fitzpatrick17k,fitz_66f79db09e98615a880fa486257b1f8e,light,2,benign
1,0.5746038556098938,1,fitzpatrick17k,fitz_9a5f998ab51a9b43f16b21b25aaf96a8,light,2,malignant
0,0.8112910389900208,1,fitzpatrick17k,fitz_96bec8fd4da31a9d4121ca5d0b98c0f3,light,1,benign
0,0.40116986632347107,1,fitzpatrick17k,fitz_3a1fef19baed939b8aea138c39e80520,medium,3,benign
0,0.24636490643024445,1,fitzpatrick17k,fitz_86e06044722b56731a4ac04673470f66,medium,3,benign
0,0.17657463252544403,0,fitzpatrick17k,fitz_5073d307b3acf3a5317afea6a7350a55,light,1,benign
0,0.19005854427814484,0,fitzpatrick17k,fitz_0a29dec8e46eedc054b152cdb2aab360,dark,5,benign
0,0.3457130789756775,1,fitzpatrick17k,fitz_6783ebf33d6994ac3b8426c83c37e34f,dark,5,benign
1,0.8263084888458252,1,fitzpatrick17k,fitz_6a727240423e70d739921e7ca293cbdc,light,2,malignant
1,0.21185040473937988,0,fitzpatrick17k,fitz_5add954298359b4281d027a5e03e2bd6,light,1,malignant
0,0.2481541782617569,1,fitzpatrick17k,fitz_5c95b3d93a9d6649c44b0a275a3a5d64,light,2,benign
0,0.3002471625804901,1,fitzpatrick17k,fitz_3df276853316c739d7138740071bde7f,light,2,benign
1,0.32985827326774597,1,fitzpatrick17k,fitz_deba1747c5e39cae4b05d5a6e31139fa,medium,3,malignant
0,0.337977796792984,1,fitzpatrick17k,fitz_7e07017d32201556a240de7bfce60daf,light,1,benign
0,0.2546045780181885,1,fitzpatrick17k,fitz_2b407981c8bf792b9a0fbd0c8c1b1a99,light,1,benign
0,0.42920947074890137,1,fitzpatrick17k,fitz_a9b8d91729eee474193f0ffe3fbfb9c8,light,1,benign
1,0.25495848059654236,1,fitzpatrick17k,fitz_125369d0260cf8e84641341e80678436,light,2,malignant
1,0.5353307127952576,1,fitzpatrick17k,fitz_36c7bbdced601b5d9fb1cc7cdc0df7e3,dark,6,malignant
1,0.2848239541053772,1,fitzpatrick17k,fitz_45faa12ef71900861d9a6d3d448035f2,light,2,malignant
0,0.30438554286956787,1,fitzpatrick17k,fitz_3d7155287bf2e6845b227ba9cbf6d0de,dark,6,benign
0,0.27273374795913696,1,fitzpatrick17k,fitz_4e4e18efc2cf35be57a59bd8d83c1990,medium,3,benign
0,0.14251938462257385,0,fitzpatrick17k,fitz_efa95d6b48cc71f53d5346ff3dc2968f,light,1,benign
0,0.29911068081855774,1,fitzpatrick17k,fitz_a1e449b44f6ebc2eb9087f3aa6ba8136,light,2,benign
0,0.25509804487228394,1,fitzpatrick17k,fitz_2a8997223e89bff7fae603f8b3e36419,medium,4,benign
0,0.32633835077285767,1,fitzpatrick17k,fitz_91b9b78d128f6c53e2577620f585a677,light,2,benign
1,0.4579430818557739,1,fitzpatrick17k,fitz_27f0e7a7365483f98d68f0e2f4dd057e,light,1,malignant
1,0.8022125959396362,1,fitzpatrick17k,fitz_ad6a439e55fd8b5bd17caf2d72b76d61,light,2,malignant
1,0.5962731242179871,1,fitzpatrick17k,fitz_4e63404b516800a93d6dc91e4f4a23b6,light,2,malignant
1,0.48818159103393555,1,fitzpatrick17k,fitz_1cc5a0ffcaf2f370cd65f10eeeb7fddd,medium,3,malignant
0,0.35860657691955566,1,fitzpatrick17k,fitz_1275e525b2622ef5c38c53efb4055580,medium,4,benign
0,0.3939897418022156,1,fitzpatrick17k,fitz_21a85638fd9420f2dab59c2fdd3ff49d,light,1,benign
0,0.16847729682922363,0,fitzpatrick17k,fitz_27b55a1e118e4cb1dc5a8579a73b7d14,medium,4,benign
1,0.37267741560935974,1,fitzpatrick17k,fitz_a3a2e68f839c7eabb994e3ec4fa4ed5a,light,2,malignant
0,0.16723084449768066,0,fitzpatrick17k,fitz_ba807276a070010ad3231795bb61eb2c,medium,4,benign
1,0.4704287350177765,1,fitzpatrick17k,fitz_ee637782bb19282cff0a55b7b0edb871,light,1,malignant
1,0.34984537959098816,1,fitzpatrick17k,fitz_ce104e40baa37a3b52cec156a66bcfac,light,2,malignant
1,0.40227606892585754,1,fitzpatrick17k,fitz_a5a355561aa62dd374d3bd2e52926d66,light,2,malignant
0,0.329827219247818,1,fitzpatrick17k,fitz_19a090e5ca491caed2d624365db70a23,light,1,benign
0,0.13963662087917328,0,fitzpatrick17k,fitz_2f2ea9c853995a458c2b10ac8cbfb9bb,medium,3,benign
0,0.14885376393795013,0,fitzpatrick17k,fitz_155d6961a4ba33aac316c0ed099690fe,light,1,benign
1,0.34955212473869324,1,fitzpatrick17k,fitz_6152f62f6273b8d9ffa0f19bf812a491,medium,3,malignant
0,0.183689683675766,0,fitzpatrick17k,fitz_aed70337dbab2df6b842a07ac4c1fdb9,medium,3,benign
1,0.32556185126304626,1,fitzpatrick17k,fitz_80a3e00801334e4c11ed77c7cf5e1419,medium,3,malignant
1,0.705080509185791,1,fitzpatrick17k,fitz_25677b4c4039ea606755d6771fa1981d,medium,3,malignant
0,0.27185559272766113,1,fitzpatrick17k,fitz_021b92696d34d7cac5a20029e4b58584,light,1,benign
1,0.2957243323326111,1,fitzpatrick17k,fitz_15502416617d675ef40e3e358fbcb74c,light,2,malignant
1,0.34999963641166687,1,fitzpatrick17k,fitz_3042a71577705ce4987379043d185ab9,light,1,malignant
1,0.422439306974411,1,fitzpatrick17k,fitz_25e4eae439e80e56c8228d9c4cf03ce0,light,2,malignant
1,0.5259212255477905,1,fitzpatrick17k,fitz_467b2ac03723ec804ecb709da4a5bb16,medium,3,malignant
0,0.25337496399879456,1,fitzpatrick17k,fitz_c1cde759eca19dd8fbe3884a352ba3c1,dark,5,benign
1,0.5412998199462891,1,fitzpatrick17k,fitz_e3b5c9993cd0e73962762d295213d05f,light,1,malignant
0,0.42018479108810425,1,fitzpatrick17k,fitz_8ba5189cc891891e6f1b4d5f4f9bc1e1,dark,5,benign
0,0.18673381209373474,0,fitzpatrick17k,fitz_f8ce28c0e5cbf90fcbfe0ddde26bd027,light,2,benign
0,0.3551400303840637,1,fitzpatrick17k,fitz_0a89bf3ba5412346ea9a0f0c7e70818d,light,1,benign
0,0.17935292422771454,0,fitzpatrick17k,fitz_9b3d2b7c3148eb06b261fd4f69241201,light,1,benign
0,0.34786856174468994,1,fitzpatrick17k,fitz_2b2c5a9ca6f5c5b04334b72264b1d711,medium,3,benign
1,0.26755958795547485,1,fitzpatrick17k,fitz_4d62c85e7418437269b3c22b467841bb,light,2,malignant
1,0.43198421597480774,1,fitzpatrick17k,fitz_fb37df7e989131ce7a858ec25320067d,medium,4,malignant
1,0.6035431623458862,1,fitzpatrick17k,fitz_5b552fb15839338227880aaac895128a,dark,5,malignant
1,0.5421632528305054,1,fitzpatrick17k,fitz_865eb4dc2f13c93b8537f281fb68b6f5,light,2,malignant
1,0.9048976898193359,1,fitzpatrick17k,fitz_c127912e9efdc0da2cca4273dadbb4f3,light,2,malignant
0,0.4489709436893463,1,fitzpatrick17k,fitz_600410cdc0fcd7be30fbf4f51f92b7cf,light,1,benign
1,0.26538223028182983,1,fitzpatrick17k,fitz_ede3cf4179d6e3de2764edecc494c118,light,1,malignant
0,0.3173087239265442,1,fitzpatrick17k,fitz_3f51e93925f09e7f150cfbc9714abd9c,medium,4,benign
0,0.4331701099872589,1,fitzpatrick17k,fitz_3e77fd8caa1a4991911f3006965f4089,medium,3,benign
0,0.2733124792575836,1,fitzpatrick17k,fitz_e0764158441e95f9d96fc3b9f1155673,light,2,benign
1,0.4022151231765747,1,fitzpatrick17k,fitz_617f9ddb778028f305520a92ac052c68,dark,6,malignant
0,0.3084336221218109,1,fitzpatrick17k,fitz_90c37624ede8bedb2051a85c2d9d7a0a,light,1,benign
0,0.1844913214445114,0,fitzpatrick17k,fitz_b0b1a536f39abb373d3138d49e809fd9,light,2,benign
0,0.29387471079826355,1,fitzpatrick17k,fitz_a69f31790288add2d48e4441ce92c329,light,1,benign
0,0.14205490052700043,0,fitzpatrick17k,fitz_dc257a4ada33a8ed25863f7d819aabaf,medium,3,benign
1,0.24891580641269684,1,fitzpatrick17k,fitz_858266d175faa1b034d19d4257b057fd,dark,6,malignant
0,0.1962966024875641,0,fitzpatrick17k,fitz_d0f4beb1f4a3f84a42aaf64856b4f473,light,2,benign
0,0.20108391344547272,0,fitzpatrick17k,fitz_accc691e256ac8445b9e4bdbea0cae43,light,2,benign
1,0.4353923201560974,1,fitzpatrick17k,fitz_2cc47698a46f2371a31a5a5a547de03a,dark,6,malignant
1,0.32055923342704773,1,fitzpatrick17k,fitz_e38312ccf84a0e26adeebb4cb7f9732b,medium,3,malignant
0,0.4321344494819641,1,fitzpatrick17k,fitz_ce4c87e3f39e11632be2d5f4eb4cb603,medium,3,benign
1,0.5471386909484863,1,fitzpatrick17k,fitz_59c60187f6e65c32cbbadbdfc8b8df1d,light,2,malignant
0,0.3024119436740875,1,fitzpatrick17k,fitz_f7899b8f12692a3c30a44a5707ca0b9e,light,2,benign
1,0.4157234728336334,1,fitzpatrick17k,fitz_d718d651cbb1a4041ee554bd22956206,light,2,malignant
0,0.21220415830612183,0,fitzpatrick17k,fitz_90dda85d211a3d0143b095cc6b2bf8b6,light,1,benign
1,0.24791258573532104,1,fitzpatrick17k,fitz_d9fbdadef6ca5cd7f3c3d3928fa6d57d,light,2,malignant
1,0.22825399041175842,0,fitzpatrick17k,fitz_64ba283eeed948b9af16855140ee78f6,light,2,malignant
1,0.4286711812019348,1,fitzpatrick17k,fitz_7cedaa3277cb1efd41f5f9f70e6be0c7,dark,6,malignant
0,0.43296167254447937,1,fitzpatrick17k,fitz_d44a546f078bbcafcdeee1b467e35c6c,medium,3,benign
0,0.29851779341697693,1,fitzpatrick17k,fitz_029ab44da79e21d978697ee30f4dbf18,light,1,benign
1,0.7790022492408752,1,fitzpatrick17k,fitz_ce123c8a38d3da4112480b175c948142,light,2,malignant
0,0.17650122940540314,0,fitzpatrick17k,fitz_fc3b51e3159a65bc442c8e9e47c5f64e,medium,3,benign
1,0.6999948620796204,1,fitzpatrick17k,fitz_f1c06ae789abed0425b017fc77eb16e5,light,1,malignant
0,0.20403914153575897,0,fitzpatrick17k,fitz_731faa24d8d0b5dc3b266fdfaa0a3154,light,2,benign
1,0.2509833574295044,1,fitzpatrick17k,fitz_7692cb086f7213b19eeb33accf8aa219,light,2,malignant
1,0.542055606842041,1,fitzpatrick17k,fitz_0a07b5a38573468dbd4d503d6f1e800b,light,2,malignant
1,0.25650709867477417,1,fitzpatrick17k,fitz_0e72ba059329555ffcfe32d627a15b7a,light,2,malignant
0,0.2786306142807007,1,fitzpatrick17k,fitz_0e040061170c554a1945be51928f7e3e,light,2,benign
1,0.19952990114688873,0,fitzpatrick17k,fitz_1efdafa8e4d13738f58f4400598a106c,dark,6,malignant
1,0.6015762686729431,1,fitzpatrick17k,fitz_25d0d3d0859700a1fccdf9e8c6524146,light,2,malignant
1,0.45659247040748596,1,fitzpatrick17k,fitz_9313cd83e63de37e82a3b69b31776b45,light,1,malignant
0,0.2247229665517807,0,fitzpatrick17k,fitz_da798ca5bbd0e1cd0d7cacdb2a23807f,medium,3,benign
0,0.1800396591424942,0,fitzpatrick17k,fitz_70f0fd4d38ece05739370023a873cc10,light,2,benign
0,0.37758588790893555,1,fitzpatrick17k,fitz_9a55f89f282f3702b58a7a2dca4f37f8,light,2,benign
1,0.4291395843029022,1,fitzpatrick17k,fitz_2dbf863f60d92fcb6bd2cb08ab04abba,light,1,malignant
1,0.2503826320171356,1,fitzpatrick17k,fitz_b2c2253b84792ac44360b51b799fece2,light,2,malignant
1,0.6520624756813049,1,fitzpatrick17k,fitz_3c8898cea81673fe523d75dc4a4c0d2d,light,1,malignant
0,0.15621036291122437,0,fitzpatrick17k,fitz_6b4632eb4eb9ee5df977ad7fb3548810,light,2,benign
0,0.31114357709884644,1,fitzpatrick17k,fitz_7c1f1d90d75ab40a0d2394da7ce8727c,light,1,benign
0,0.17750191688537598,0,fitzpatrick17k,fitz_d18c7682d14d03b077b1e352e900c97b,light,1,benign
0,0.15540580451488495,0,fitzpatrick17k,fitz_3d545a8e12de55025607eebf6d205572,light,1,benign
0,0.2390809953212738,1,fitzpatrick17k,fitz_d5752551d0b7b31422986128112c41a1,medium,3,benign
0,0.6471649408340454,1,fitzpatrick17k,fitz_4cca89d029db2c55afc0af3dca625988,medium,3,benign
1,0.33028897643089294,1,fitzpatrick17k,fitz_1c31b43cce49c0e53349f4f1adb59b1d,medium,3,malignant
0,0.23691533505916595,1,fitzpatrick17k,fitz_bd5a5de305764b9affc516838c7f57e7,light,1,benign
0,0.15984274446964264,0,fitzpatrick17k,fitz_71a893ec119b26b689459b8e236276c0,light,2,benign
0,0.17436054348945618,0,fitzpatrick17k,fitz_5558a2813ea5162d1a1aa5deaa3a31eb,light,2,benign
0,0.43552008271217346,1,fitzpatrick17k,fitz_1824973d61a11cde18cf42affcc0f080,medium,3,benign
1,0.28519314527511597,1,fitzpatrick17k,fitz_b373d991b75e405e4d1d3b2bf805a5df,light,2,malignant
0,0.19273588061332703,0,fitzpatrick17k,fitz_93b03f4227a3418b92326eed8cc83e45,medium,4,benign
1,0.40712812542915344,1,fitzpatrick17k,fitz_41dffc4224be2a0a9b2b31243755b1ae,light,2,malignant
0,0.2870361804962158,1,fitzpatrick17k,fitz_a852433b45a05261e7d85043c401dfcc,dark,5,benign
0,0.2528613805770874,1,fitzpatrick17k,fitz_d34976d2cebb41b26f8cc2bec26f6b64,light,2,benign
1,0.24542750418186188,1,fitzpatrick17k,fitz_125842e1870ae0f3b77a57f228da33fc,light,1,malignant
1,0.5997711420059204,1,fitzpatrick17k,fitz_d65fdc32c79ea26ffaaeb7204efc0223,medium,3,malignant
0,0.31065016984939575,1,fitzpatrick17k,fitz_6a2e91069df670e7d7f13ede4f75bcd3,medium,3,benign
1,0.24630440771579742,1,fitzpatrick17k,fitz_aca181f822e1b641ec9ed0b4cd2e80eb,light,1,malignant
0,0.13119825720787048,0,fitzpatrick17k,fitz_3f80bf8d754311831c564a6e5a879a73,light,2,benign
0,0.18584375083446503,0,fitzpatrick17k,fitz_63df5103948caaf40259faaf280c3baf,medium,3,benign
1,0.40508782863616943,1,fitzpatrick17k,fitz_3dd9ae5ab1b9677e06a3b0141ead201d,light,1,malignant
0,0.4487023949623108,1,fitzpatrick17k,fitz_bdbff12fd58ac21e07a0b2733c0dd43b,light,1,benign
1,0.7976788878440857,1,fitzpatrick17k,fitz_1c3444dab1e633779819b4932f543aed,medium,3,malignant
1,0.5806894302368164,1,fitzpatrick17k,fitz_a2898cb754e221b22d10680ffffbe9a1,light,1,malignant
0,0.5183421969413757,1,fitzpatrick17k,fitz_a0146083f2f6fa73d4e3fe398469a6ea,light,2,benign
0,0.24373622238636017,1,fitzpatrick17k,fitz_c62264223e918cf7f7c504276ba40671,light,1,benign
0,0.376032292842865,1,fitzpatrick17k,fitz_cdd644fb1e72f6e461e0415525386ec3,medium,3,benign
1,0.2538190484046936,1,fitzpatrick17k,fitz_0844ae634f0e6e7ef1f73c2aeecbae0e,light,2,malignant
1,0.25537723302841187,1,fitzpatrick17k,fitz_5a9232c6394a9919c4c9fb9d4dabbd9d,medium,4,malignant
1,0.6438673734664917,1,fitzpatrick17k,fitz_b50a802b6d5e458e6d6e446b6cee35d9,medium,4,malignant
0,0.3571261167526245,1,fitzpatrick17k,fitz_cfd8694ca639f7a637cb5b423bc848df,light,2,benign
1,0.19546374678611755,0,fitzpatrick17k,fitz_98b0322096085a163b8b849ec481e30f,medium,4,malignant
0,0.36132073402404785,1,fitzpatrick17k,fitz_4b4fed3ca92f57ccca449ae534f5f65e,light,1,benign
0,0.5730885863304138,1,fitzpatrick17k,fitz_72f62bfc9dc7ce48b315ec3da1b4a0b4,medium,3,benign
0,0.25257858633995056,1,fitzpatrick17k,fitz_1d00f1720f305a0fff13b4221ca70702,light,2,benign
0,0.2398376613855362,1,fitzpatrick17k,fitz_b0877b4d49fb1642a5d8b0319c474a2d,light,2,benign
0,0.1838940978050232,0,fitzpatrick17k,fitz_49e78ef5bd9ddef0106c09c86916f245,medium,3,benign
1,0.20066967606544495,0,fitzpatrick17k,fitz_4eac90794695a5cbf4d632bce355825f,light,2,malignant
0,0.23472006618976593,1,fitzpatrick17k,fitz_8e45562046834e1cd4eb7d86f42e3dac,dark,5,benign
0,0.543044924736023,1,fitzpatrick17k,fitz_205e6030665cf92c6643f2bcf2151b7c,light,2,benign
1,0.373549222946167,1,fitzpatrick17k,fitz_cba6bd5b134c25e21d636d87b711f662,light,2,malignant
0,0.1719030737876892,0,fitzpatrick17k,fitz_6a4b03f7cf0e7b6fcc018ea929e4acd5,medium,4,benign
0,0.31439444422721863,1,fitzpatrick17k,fitz_2bee4463934ab590518747c3c4ff5e76,light,2,benign
1,0.6899862885475159,1,fitzpatrick17k,fitz_ba46220798657477a46982340b11c9ed,light,2,malignant
1,0.34807929396629333,1,fitzpatrick17k,fitz_375fb0b667a132850089bb99ab896972,light,1,malignant
1,0.2407047599554062,1,fitzpatrick17k,fitz_304f8ce123139ee152d5bd43415e2edc,light,1,malignant
0,0.4047534763813019,1,fitzpatrick17k,fitz_37b60d44e70c828d90891fb5672fa8d1,light,2,benign
0,0.21187882125377655,0,fitzpatrick17k,fitz_d3c7eee6e297d259bf3ffa94ff26c315,light,2,benign
0,0.43073222041130066,1,fitzpatrick17k,fitz_d10b1536c16c8dae1abf7a51c48c4fc9,medium,4,benign
0,0.49437636137008667,1,fitzpatrick17k,fitz_78b4bce9ace2141a29505b53fc7be308,light,2,benign
0,0.3546220064163208,1,fitzpatrick17k,fitz_c947a671109f3d95e08eca2e1c42d526,light,2,benign
1,0.2392881214618683,1,fitzpatrick17k,fitz_37c9a984fbf34057023942c77d1ddff2,light,2,malignant
1,0.414072722196579,1,fitzpatrick17k,fitz_ace306be3c5fea443e7b290a44e0bd87,light,1,malignant
1,0.21717920899391174,0,fitzpatrick17k,fitz_6fe05b4958791a509557c5fc392762ce,light,1,malignant
1,0.7063775658607483,1,fitzpatrick17k,fitz_e5c82d28f05a70b9d9a85a6c9f087976,light,2,malignant
0,0.48566195368766785,1,fitzpatrick17k,fitz_692a1c9462041940e77cb4614480b55e,light,2,benign
0,0.339964896440506,1,fitzpatrick17k,fitz_269ad28d5e12505ddb13533c7d80221c,light,2,benign
1,0.20409844815731049,0,fitzpatrick17k,fitz_3fbe70e536d08d96514ce43e1e496a46,dark,5,malignant
0,0.33667969703674316,1,fitzpatrick17k,fitz_d0bfab00dfa3c2c832ddf9e95ad23075,light,2,benign
0,0.2842333912849426,1,fitzpatrick17k,fitz_efe3e2531920684f5b2aed7a3b38b34c,light,2,benign
0,0.20738571882247925,0,fitzpatrick17k,fitz_5c8ab654181f2ccdcfec2ddd0f7dfdba,dark,5,benign
1,0.5020425319671631,1,fitzpatrick17k,fitz_f6d1f2cfcc309f1eee488ab6e98ce0c2,medium,3,malignant
1,0.4247812330722809,1,fitzpatrick17k,fitz_137e4409b39d92e3884100c87d7fdf6a,light,2,malignant
1,0.6709886789321899,1,fitzpatrick17k,fitz_6e7bfd02ac7b8fb2c8497250d6f7ce82,light,2,malignant
0,0.18656668066978455,0,fitzpatrick17k,fitz_faebb1f6e32cdd367674975a681950e6,light,2,benign
1,0.42394357919692993,1,fitzpatrick17k,fitz_638cc168f86dcb834cf96af0a6d59f7e,light,1,malignant
1,0.21222475171089172,0,fitzpatrick17k,fitz_be39fbddbcfc833ce7862e06eaf800ee,medium,3,malignant
1,0.34817540645599365,1,fitzpatrick17k,fitz_a07a48332fa6c0b2c5614d8377c6b86f,light,1,malignant
0,0.3333888649940491,1,fitzpatrick17k,fitz_34a35c0605e4c4c946092e7a6a366d27,medium,3,benign
0,0.40695348381996155,1,fitzpatrick17k,fitz_0fa2fad331398dc03d462f6950f78b20,medium,4,benign
1,0.317084401845932,1,fitzpatrick17k,fitz_cfe8cb78da8aea85c889540ac9863d90,light,2,malignant
0,0.2769773006439209,1,fitzpatrick17k,fitz_1481bcfce4a0d75ccb6bfbd78fe242aa,light,1,benign
1,0.3333844542503357,1,fitzpatrick17k,fitz_bb6ae8c9458a9760ef0be6d2fb6f2bd9,medium,4,malignant
0,0.7195590734481812,1,fitzpatrick17k,fitz_0fdf33ad3befb50b72464bc515abc9e3,medium,4,benign
0,0.1880650371313095,0,fitzpatrick17k,fitz_d6724ea9a612cad101326b4809f1defa,light,1,benign
1,0.258959025144577,1,fitzpatrick17k,fitz_9a309ec1b5a7623e1064399137b0edee,light,2,malignant
0,0.34258097410202026,1,fitzpatrick17k,fitz_6c353ee141e49f24f232b9f7baa7722c,medium,4,benign
0,0.32157549262046814,1,fitzpatrick17k,fitz_11a612d364d91616d3ed4a68cc4e49d5,light,2,benign
1,0.3421766757965088,1,fitzpatrick17k,fitz_5ebf2926c88d2a8b5411ae057705a5ac,light,2,malignant
1,0.2924848198890686,1,fitzpatrick17k,fitz_045b1d751bdafb3c8126c61c5caf270d,light,2,malignant
1,0.5870322585105896,1,fitzpatrick17k,fitz_30b6c1170e08b3e8b97c080a8e67ada7,medium,3,malignant
0,0.12321699410676956,0,fitzpatrick17k,fitz_697b984c46c3ee6e0ced7a87e449a8dc,light,1,benign
0,0.29007646441459656,1,fitzpatrick17k,fitz_42899aead8769c1a0c7033672137a220,dark,6,benign
0,0.22511456906795502,0,fitzpatrick17k,fitz_9f4cec6b3ce59db29cb3a64d782d0d53,light,2,benign
0,0.29905304312705994,1,fitzpatrick17k,fitz_436bc99268db477103afc6ac02b77f42,light,2,benign
1,0.4448060393333435,1,fitzpatrick17k,fitz_685a7c352d2ea694d22299622267be9b,medium,4,malignant
1,0.27797532081604004,1,fitzpatrick17k,fitz_a51617e00dfdf9febbdef2b0741ee82d,light,1,malignant
0,0.22902809083461761,0,fitzpatrick17k,fitz_bfe249070829d1e016e75600a955f436,dark,5,benign
0,0.4785069525241852,1,fitzpatrick17k,fitz_c750ae181c65977cec04dae156881b42,light,1,benign
1,0.2039819210767746,0,fitzpatrick17k,fitz_e11d8a5581a737afa24b5da28b0ebe5b,light,1,malignant
0,0.36728528141975403,1,fitzpatrick17k,fitz_2a794a2b8b086571cfd4c9cb7d791b77,light,2,benign
1,0.30314192175865173,1,fitzpatrick17k,fitz_f0758a39abe4ef22f174aa6e68689459,medium,3,malignant
1,0.5435934662818909,1,fitzpatrick17k,fitz_24c7a58c0e60303086d0f5f89b121ae4,dark,5,malignant
0,0.18506905436515808,0,fitzpatrick17k,fitz_08125b6ac1e3933d28af2a284638e360,medium,4,benign
1,0.48917776346206665,1,fitzpatrick17k,fitz_05861d0fd5cd730b053a0f8c5a6e99ec,light,2,malignant
0,0.16083402931690216,0,fitzpatrick17k,fitz_048ac24a3431a3df883d8f0bfa8ff89b,light,2,benign
0,0.3835800886154175,1,fitzpatrick17k,fitz_b2ed578a520fb52a62ca4192c1da4280,light,2,benign
0,0.22426751255989075,0,fitzpatrick17k,fitz_0e89f04740ad87bdecb1e5256b079469,light,1,benign
0,0.17704768478870392,0,fitzpatrick17k,fitz_cb5298cf1c091ab353a10b49f7dfbeba,medium,3,benign
1,0.43787309527397156,1,fitzpatrick17k,fitz_645b24104b28e86bfb28390717e9b63f,medium,3,malignant
1,0.2407197654247284,1,fitzpatrick17k,fitz_08dbc9d4e36738f6bf565a2dfabde144,light,2,malignant
0,0.21488451957702637,0,fitzpatrick17k,fitz_ef1b896137ba87b44467ede3a28d029b,medium,3,benign
1,0.25632965564727783,1,fitzpatrick17k,fitz_447f5b3401ba50698a9f18132963a80c,light,2,malignant
1,0.7601868510246277,1,fitzpatrick17k,fitz_589f48c7090ead494b0cea65d960d9d9,light,2,malignant
1,0.4593932032585144,1,fitzpatrick17k,fitz_30fd701054b889dcde3c3632585fd523,light,2,malignant
1,0.20263980329036713,0,fitzpatrick17k,fitz_9b5a17a89ac84a918ad6d115de8297ff,light,1,malignant
1,0.3783029317855835,1,fitzpatrick17k,fitz_852b1cbfb924539f2aa31a036ea6b565,light,2,malignant
1,0.6985369920730591,1,fitzpatrick17k,fitz_3148e06be77894f760bf482fe7e6f2e5,light,2,malignant
0,0.13480623066425323,0,fitzpatrick17k,fitz_25baea3546ebb667c4a391636846d377,light,2,benign
1,0.20593558251857758,0,fitzpatrick17k,fitz_e7cb49cd64f7e1e622afda4938e3b584,light,2,malignant
0,0.22480006515979767,0,fitzpatrick17k,fitz_e5ca79ad2e29216d3e105ad65a959921,light,2,benign
0,0.27392563223838806,1,fitzpatrick17k,fitz_6853bfe649cc69edb3f8dc92db3dc10e,light,1,benign
0,0.25522375106811523,1,fitzpatrick17k,fitz_94b4c6c2958569910fc618f7f2645d12,light,2,benign
1,0.3438637852668762,1,fitzpatrick17k,fitz_19643fbe79ee9d5d5b632c17f654f305,light,2,malignant
0,0.21861384809017181,0,fitzpatrick17k,fitz_aa5803ec59d9ffb36bbaaa8dc75a0436,light,2,benign
0,0.8144662976264954,1,fitzpatrick17k,fitz_f96b527163e088d38f047634985e19db,light,2,benign
1,0.5930121541023254,1,fitzpatrick17k,fitz_4644f52d635a683a54e256e0431b6536,light,1,malignant
0,0.45228350162506104,1,fitzpatrick17k,fitz_a86effe0ae5a3e21a3b8a318a3a2f39d,medium,3,benign
1,0.3266722559928894,1,fitzpatrick17k,fitz_3d9906a74daa3f200a177ee57fcf8310,light,2,malignant
1,0.7718021273612976,1,fitzpatrick17k,fitz_33184eb4424abaf46843d89c4c408552,dark,6,malignant
1,0.19200916588306427,0,fitzpatrick17k,fitz_27636e10ca656290c8dfc9b238bf5a17,light,2,malignant
0,0.3766198754310608,1,fitzpatrick17k,fitz_cc807605c17f141b50ed2c7286381a82,light,2,benign
0,0.24467097222805023,1,fitzpatrick17k,fitz_8647998b1f27e513e405a7a42224a3d5,light,2,benign
1,0.4171118438243866,1,fitzpatrick17k,fitz_be7a0fca0d3ef08aac3427caf387a796,light,2,malignant
1,0.5609577894210815,1,fitzpatrick17k,fitz_576faa7eb74b377212e11c85847c41fb,light,2,malignant
0,0.2294059842824936,0,fitzpatrick17k,fitz_d65d57104c490f783805bf584c7d5ce5,dark,5,benign
0,0.6062190532684326,1,fitzpatrick17k,fitz_0563ffb3690c6de90707a8181f08f66f,medium,3,benign
1,0.5504164099693298,1,fitzpatrick17k,fitz_b40cf4455677152a13d9469e784bfabb,medium,3,malignant
0,0.19797775149345398,0,fitzpatrick17k,fitz_ef309291e866852201c48b301ccd4256,light,1,benign
0,0.6795120239257812,1,fitzpatrick17k,fitz_9b2e71766f8eb10f5bae4530e02543f2,light,2,benign
1,0.680651843547821,1,fitzpatrick17k,fitz_5b8c122580d078254c8d68273bdb0998,light,2,malignant
0,0.26393797993659973,1,fitzpatrick17k,fitz_6e6a57c1fcd3d2fac8fa4f395f26a38b,medium,4,benign
0,0.3112877905368805,1,fitzpatrick17k,fitz_8618dfb500f85b7ba152329894f5da9a,light,2,benign
0,0.22517842054367065,0,fitzpatrick17k,fitz_8824a77597e15d28293ea83e190ce68f,light,2,benign
1,0.20558582246303558,0,fitzpatrick17k,fitz_17d220d256211aeff23230af4f1bc977,light,1,malignant
0,0.2546769380569458,1,fitzpatrick17k,fitz_1ca7a0d873e3ebdfbdbe0e22c4d5d485,medium,3,benign
0,0.35481375455856323,1,fitzpatrick17k,fitz_468fedaf0c0f9897f1d7a24c458572b2,medium,3,benign
0,0.24813124537467957,1,fitzpatrick17k,fitz_a7eae4ffe6b9a261528fda4ee1ef9fc0,light,2,benign
0,0.2317032665014267,0,fitzpatrick17k,fitz_10055efa4928f28500cd12510e614faf,medium,3,benign
1,0.3425667881965637,1,fitzpatrick17k,fitz_f94b06b9dd83db284af0a76a7b49e94c,light,1,malignant
0,0.3531673848628998,1,fitzpatrick17k,fitz_d26899a09ac4a25f2a598d4253ef9a51,light,1,benign
0,0.25623610615730286,1,fitzpatrick17k,fitz_489d3e393e11adb2ee67a6dc4d8ac011,light,2,benign
1,0.42904916405677795,1,fitzpatrick17k,fitz_6945401bf5ac888176538920a24b7777,medium,3,malignant
1,0.2119210809469223,0,fitzpatrick17k,fitz_127c614a1b7946171d4481ece27e5834,light,1,malignant
0,0.18728378415107727,0,fitzpatrick17k,fitz_b536c3c3111a2ebb815a8710a89efc5a,light,2,benign
1,0.31234827637672424,1,fitzpatrick17k,fitz_9cc65e527c182ae53fb7570790171f0c,light,2,malignant
0,0.23641660809516907,1,fitzpatrick17k,fitz_bff7a8e61d2065276ad907226036574f,light,2,benign
0,0.31389719247817993,1,fitzpatrick17k,fitz_48d1f8fcbd697d3cb9a89b470b76e4ab,light,2,benign
1,0.2970750629901886,1,fitzpatrick17k,fitz_c4b11cbc9b40271ec50817be6388814c,dark,5,malignant
1,0.36642491817474365,1,fitzpatrick17k,fitz_7eb72f83e8c15e7f1c4d3facd0abfa8f,light,2,malignant
0,0.2345544695854187,1,fitzpatrick17k,fitz_097e214c5c8f30b5b9ed202bde45dbd2,light,2,benign
0,0.4956851005554199,1,fitzpatrick17k,fitz_a23aa29d7b4f28a00d606ee80f08cf7e,light,2,benign
0,0.6015897393226624,1,fitzpatrick17k,fitz_3d2f7ae5b1e2f0da02482d3ecd6869a8,medium,3,benign
1,0.755182147026062,1,fitzpatrick17k,fitz_6ddff0707d6bfe84b1b4be7a7c41bf5e,medium,3,malignant
0,0.29381194710731506,1,fitzpatrick17k,fitz_3bf6a0b2b07e4139ac67a0ff5207915a,light,1,benign
0,0.1541643738746643,0,fitzpatrick17k,fitz_7d3fb9d126bc569174e0d1370e5908ff,dark,5,benign
1,0.33917078375816345,1,fitzpatrick17k,fitz_77e241b18f2f7f615e4a76ae87cd42ac,light,2,malignant
0,0.36487793922424316,1,fitzpatrick17k,fitz_7a8f05298d110f0a500a6dd534fc4782,light,2,benign
1,0.21633143723011017,0,fitzpatrick17k,fitz_d26b849fd202c4a414fd81871e516f8f,light,2,malignant
1,0.3317388892173767,1,fitzpatrick17k,fitz_24b359bb354232f22414960892020819,light,1,malignant
1,0.14458344876766205,0,fitzpatrick17k,fitz_64ac709a505775c19e96b55f0278aa61,light,2,malignant
0,0.2329520285129547,1,fitzpatrick17k,fitz_8bafe3c0acdeca24d12581cd6d4fdb65,medium,4,benign
1,0.5586826205253601,1,fitzpatrick17k,fitz_09df23048c17d2d5d298ea991a762a7b,light,2,malignant
1,0.36565008759498596,1,fitzpatrick17k,fitz_0d8457afebb67905127da37baece43d8,dark,5,malignant
0,0.34743714332580566,1,fitzpatrick17k,fitz_d90786178514a75f27d7cfbec4eb06bb,light,2,benign
1,0.30276936292648315,1,fitzpatrick17k,fitz_a6a0e88091aee2e2a203f81385419870,light,2,malignant
0,0.5951133370399475,1,fitzpatrick17k,fitz_77e57be20830beea9846d2c3a9ed5bd1,light,1,benign
0,0.3522562086582184,1,fitzpatrick17k,fitz_aec1e76dfe2266c73db2794889443ed7,medium,4,benign
1,0.32383719086647034,1,fitzpatrick17k,fitz_6c01e05cf7c76a641b92bb4b7383d27b,medium,3,malignant
0,0.2586926221847534,1,fitzpatrick17k,fitz_b99be0d9c64b6ee61f4cd1679c43387c,medium,3,benign
0,0.34512829780578613,1,fitzpatrick17k,fitz_ab9b09f1ec3a402dda9954afae4657b4,light,2,benign
0,0.4015588164329529,1,fitzpatrick17k,fitz_2f6da8d300aa57e53da36cc3afb59aec,medium,3,benign
1,0.32231149077415466,1,fitzpatrick17k,fitz_af9962796753508481866c02851f21b9,light,1,malignant
0,0.1850249469280243,0,fitzpatrick17k,fitz_c23323e1708d86b540188f3bd05d6ff3,light,1,benign
1,0.22682695090770721,0,fitzpatrick17k,fitz_69ee2924694efe5538f572c3fa9a5d87,light,2,malignant
1,0.44456222653388977,1,fitzpatrick17k,fitz_bbe2ba6d1c72c477dc514277aa950a6e,light,2,malignant
1,0.21876230835914612,0,fitzpatrick17k,fitz_72aa410d76f560607fb2e74083b2e87d,light,2,malignant
0,0.6457671523094177,1,fitzpatrick17k,fitz_160dbc3e65bc20f7fa82f27bcd79d60c,light,1,benign
0,0.3241872191429138,1,fitzpatrick17k,fitz_338772cc570ce83a7cca87638bcbc40b,light,2,benign
1,0.3037627041339874,1,fitzpatrick17k,fitz_35abeea0d1d56e4a0b1720dea555ec99,light,2,malignant
1,0.38973015546798706,1,fitzpatrick17k,fitz_a2ec8926634557d70aa984c446b774b1,light,2,malignant
1,0.4046716094017029,1,fitzpatrick17k,fitz_c06d5028c6dd652a0e6ce830d64d6ea5,light,1,malignant
1,0.4919920861721039,1,fitzpatrick17k,fitz_a933cf003cc523204544c8820bc5c73e,light,1,malignant
1,0.19813017547130585,0,fitzpatrick17k,fitz_9b6a29c58a5cc9dd856128b9e28881ae,dark,5,malignant
1,0.504073977470398,1,fitzpatrick17k,fitz_a72ce770400ce35db667f4cef6295192,medium,4,malignant
0,0.21233689785003662,0,fitzpatrick17k,fitz_e86d4d984d45fba9f79f9c44578da9d6,medium,3,benign
1,0.21000605821609497,0,fitzpatrick17k,fitz_07e86b7dfbd6ffe274193d330c182876,medium,3,malignant
1,0.15307371318340302,0,fitzpatrick17k,fitz_3cc5bf092e65969413ebb390d9c0344e,light,1,malignant
1,0.7330830693244934,1,fitzpatrick17k,fitz_5d07648c809dcaca09feef5c856ed3ed,medium,4,malignant
0,0.2035919725894928,0,fitzpatrick17k,fitz_5fc8442f7daf1947af4ac4b9b3e58928,light,2,benign
0,0.2757403552532196,1,fitzpatrick17k,fitz_698875b364a276a917ec097232955dba,light,2,benign
0,0.3587636351585388,1,fitzpatrick17k,fitz_55d8b07c3336b2388cb44c063f2d1b6d,dark,5,benign
1,0.8379814028739929,1,fitzpatrick17k,fitz_39f2c7532c560b9665bd06b2956d3acd,light,2,malignant
0,0.17332300543785095,0,fitzpatrick17k,fitz_0c9a63866e446cb601bdeb9a4d3787a6,light,2,benign
0,0.20416249334812164,0,fitzpatrick17k,fitz_0524c7e156295bd71bea39f7bde2595c,medium,4,benign
1,0.24073821306228638,1,fitzpatrick17k,fitz_3c50f209d0d5c01b5bf6ac2e47059211,medium,4,malignant
1,0.3246297836303711,1,fitzpatrick17k,fitz_aac12918e020bed883f2eb321dac661e,medium,3,malignant
0,0.22526392340660095,0,fitzpatrick17k,fitz_ce264c1179fe63735a19ff0adf4ed942,light,2,benign
1,0.5411166548728943,1,fitzpatrick17k,fitz_2e3a440729e7c6dc0543b21895324b18,light,1,malignant
1,0.2887457311153412,1,fitzpatrick17k,fitz_91b9cb946d6da44d95f21d89132628a5,medium,3,malignant
0,0.17544426023960114,0,fitzpatrick17k,fitz_69243b5e8ba06521744d03b52439eba0,medium,4,benign
0,0.39992064237594604,1,fitzpatrick17k,fitz_886672e3a94aca6d2ba3f8196611eabc,dark,5,benign
0,0.1716434508562088,0,fitzpatrick17k,fitz_668404d69a35d4606157b027d2c1879d,light,2,benign
1,0.41789188981056213,1,fitzpatrick17k,fitz_977d4b1989e14ca35e800a9d4df52997,medium,4,malignant
1,0.22673670947551727,0,fitzpatrick17k,fitz_77c4fb940bcfe85ddb8e2a65d13ee847,medium,3,malignant
1,0.33703580498695374,1,fitzpatrick17k,fitz_60420b7681c5cbc8d4c6a88ec19c2680,light,2,malignant
1,0.26187005639076233,1,fitzpatrick17k,fitz_29cc6dbc600fb5861d5de1cd057bcae7,light,2,malignant
1,0.17331616580486298,0,fitzpatrick17k,fitz_e5edef2961436ce92fb26a7fb9a5a916,light,2,malignant
0,0.46006539463996887,1,fitzpatrick17k,fitz_1acb76e4dfa5190743e42d02a4a78ff9,light,1,benign
1,0.24010181427001953,1,fitzpatrick17k,fitz_709cda1386b72789222d1d30cb3506e8,medium,3,malignant
0,0.16508813202381134,0,fitzpatrick17k,fitz_764fa4784ca7e3e2060fef8052f111cf,medium,3,benign
0,0.3487832248210907,1,fitzpatrick17k,fitz_e66f752ef5a39908b8ad993df12d465d,medium,3,benign
0,0.21820634603500366,0,fitzpatrick17k,fitz_ea98d1de050f9dc7f3dec15022fa51e5,medium,4,benign
1,0.24748776853084564,1,fitzpatrick17k,fitz_0055bbe758e1f61904d462d966c5520e,light,2,malignant
0,0.6743529438972473,1,fitzpatrick17k,fitz_a50e722048c0231d2ee8f1f6a4c07867,light,1,benign
1,0.22849592566490173,0,fitzpatrick17k,fitz_36568270e3f6b1795fd24ed0e558f7ea,medium,3,malignant
0,0.29225295782089233,1,fitzpatrick17k,fitz_6b47a0d5da60cff2e090ac44d1728e25,light,2,benign
0,0.2134706676006317,0,fitzpatrick17k,fitz_17f7264726654906b35da7baa43ce5f5,light,1,benign
0,0.38911280035972595,1,fitzpatrick17k,fitz_dcd51ecbfcb195cdf1712380ba5a5cef,light,1,benign
0,0.3867257535457611,1,fitzpatrick17k,fitz_d15aaf8aa0c88f984cc03f7baf5a2256,light,2,benign
1,0.3348708748817444,1,fitzpatrick17k,fitz_0eee4ba7249e41b3a8e09d3d7a2a1632,light,1,malignant
0,0.34294068813323975,1,fitzpatrick17k,fitz_4538448ea8e0642839225ba04b8faab8,medium,3,benign
1,0.258446604013443,1,fitzpatrick17k,fitz_332d0613825a47f3220d6c2dcf3e7b0d,medium,4,malignant
0,0.4749062955379486,1,fitzpatrick17k,fitz_74fb80ef4a52be7af14be1af1f6fc2f1,light,2,benign
1,0.5433873534202576,1,fitzpatrick17k,fitz_5f8cf9c95e414128ac879ba70371fa7a,medium,3,malignant
0,0.2479652762413025,1,fitzpatrick17k,fitz_c38bce203721447588af7c8b977af343,medium,4,benign
0,0.20820355415344238,0,fitzpatrick17k,fitz_fb2df5d1c00e125a1790412373f611df,medium,4,benign
1,0.316341370344162,1,fitzpatrick17k,fitz_ffd2a9f7fe88af2fc987ddb7a06c9069,light,1,malignant
0,0.21434789896011353,0,fitzpatrick17k,fitz_8469304f4c86bcba90430e4e658ebbff,medium,4,benign
0,0.282636821269989,1,fitzpatrick17k,fitz_4fc089d377be60a907e2d3a7b7e0d81e,light,2,benign
1,0.18376366794109344,0,fitzpatrick17k,fitz_b2413c3578edf4a33ab4f56e9c7d0aa1,light,1,malignant
1,0.44985103607177734,1,fitzpatrick17k,fitz_23f8b15973a621ced1807768301eabaf,medium,4,malignant
1,0.5859860181808472,1,fitzpatrick17k,fitz_2e6c0216b6b1d990feb510a9c7f4b1ce,light,2,malignant
1,0.8353760242462158,1,fitzpatrick17k,fitz_3cd463a67a89b87959f1ef9e987c50d5,light,1,malignant
1,0.21992383897304535,0,fitzpatrick17k,fitz_7249a961b4013fe7ebce9734820a1fe7,light,2,malignant
0,0.22320452332496643,0,fitzpatrick17k,fitz_961ccbc7f5506fc49c62140f634de8ce,light,1,benign
1,0.2620101273059845,1,fitzpatrick17k,fitz_936dc916bc990b05cf256667186b5396,light,2,malignant
1,0.35602280497550964,1,fitzpatrick17k,fitz_12d3b726b887e9bc6a97bc2ca72fb0ac,light,2,malignant
1,0.45213720202445984,1,fitzpatrick17k,fitz_0eeedaab444d95748536ae2d4764c3ac,light,2,malignant
0,0.21185006201267242,0,fitzpatrick17k,fitz_70324a157e29b11509ae371782724363,light,2,benign
0,0.34799957275390625,1,fitzpatrick17k,fitz_c2ad4097f6661db4fa3699d09e4d698d,medium,3,benign
1,0.1858092099428177,0,fitzpatrick17k,fitz_213936e7901e7fa1bae80d3df0c4e4c7,medium,3,malignant
1,0.334144651889801,1,fitzpatrick17k,fitz_fe8ee2abd7e7c47824995cab624ba07e,light,2,malignant
0,0.19589819014072418,0,fitzpatrick17k,fitz_972927afa96d6543749f81f69d196662,medium,3,benign
1,0.3588463068008423,1,fitzpatrick17k,fitz_4671abd39777720a68af5591bd8cbb17,light,1,malignant
1,0.23417657613754272,1,fitzpatrick17k,fitz_3abf697cc51d3887c188136ef0a4d941,light,2,malignant
0,0.156808540225029,0,fitzpatrick17k,fitz_665f80f32b472d1bf8ce9f868299a68d,medium,3,benign
1,0.502755880355835,1,fitzpatrick17k,fitz_41815a6d1d3a27c58d42c818b2efb236,light,2,malignant
0,0.2922555208206177,1,fitzpatrick17k,fitz_1a6f1a6417498acbc5011092e20369f9,dark,5,benign
0,0.22547832131385803,0,fitzpatrick17k,fitz_b9d54b47c718aa39f1678d14a78cb35e,light,1,benign
1,0.37608709931373596,1,fitzpatrick17k,fitz_f996766b05a0325d3366a94309e24ee0,medium,3,malignant
1,0.18415451049804688,0,fitzpatrick17k,fitz_80203c8b58176d8666b6500d6363a5d7,medium,4,malignant
1,0.22212280333042145,0,fitzpatrick17k,fitz_bab2395cc7524d21c0115f40ffafb6b2,medium,3,malignant
0,0.7401382327079773,1,fitzpatrick17k,fitz_ccbdf86f338d08dab2803d10d791331d,light,2,benign
0,0.18316508829593658,0,fitzpatrick17k,fitz_2662ec60b55a541f038558eaae6cf54d,medium,3,benign
1,0.2770535945892334,1,fitzpatrick17k,fitz_7680cf6433be49fb7ed5964e7c1ed440,light,2,malignant
0,0.3206822872161865,1,fitzpatrick17k,fitz_153ccb1a4f539ab26615f322caefac10,light,2,benign
0,0.41656699776649475,1,fitzpatrick17k,fitz_f2970a2819453c0f887024bdfba57706,light,1,benign
1,0.263071209192276,1,fitzpatrick17k,fitz_1bd0b39996792be32b7ed241117f121d,light,2,malignant
1,0.1292511224746704,0,fitzpatrick17k,fitz_74e4d3e1f87a0688a7da7501713ad315,light,1,malignant
0,0.6481423377990723,1,fitzpatrick17k,fitz_88ba2df0ca75ff23c31d0239d44855f6,light,2,benign
0,0.24223878979682922,1,fitzpatrick17k,fitz_eb526a756bb373c00f8e94ded1dae624,medium,3,benign
0,0.39216604828834534,1,fitzpatrick17k,fitz_78361d0448b60a8bfc04824ea41c0bca,medium,3,benign
0,0.4380708336830139,1,fitzpatrick17k,fitz_5b079b3f2b3a8c075728094228f551c0,dark,5,benign
0,0.22361521422863007,0,fitzpatrick17k,fitz_d158f3410028e939551a949b4b34a5f0,light,2,benign
0,0.26031532883644104,1,fitzpatrick17k,fitz_34a8688a08a03afb29d5cf253c6547ff,light,1,benign
1,0.6193921566009521,1,fitzpatrick17k,fitz_11002a9c39999ab4a7beed083ca113d8,medium,4,malignant
1,0.3140439987182617,1,fitzpatrick17k,fitz_f7860a668bff417fdf35a16e8229a587,light,1,malignant
1,0.2341037541627884,1,fitzpatrick17k,fitz_96679668ce4121471ddc1757d7721268,light,2,malignant
1,0.4619770050048828,1,fitzpatrick17k,fitz_435d8734636c7731bef97451f19ae8e3,medium,3,malignant
1,0.4223818778991699,1,fitzpatrick17k,fitz_4d43d8ea8c6102ec7d6c66dcf0e78006,light,2,malignant
0,0.2530651390552521,1,fitzpatrick17k,fitz_3c38201c033b1c4b5f33d75d248a5362,medium,4,benign
0,0.1878247857093811,0,fitzpatrick17k,fitz_fea934c879b17f313d3215f548950481,medium,4,benign
1,0.22938957810401917,0,fitzpatrick17k,fitz_eeb17db24a41dbaeab9cf8ebc9507e86,light,2,malignant
0,0.1706489473581314,0,fitzpatrick17k,fitz_b5ae8d0a7e0fdbe1da752f0889c62072,dark,6,benign
0,0.3419747054576874,1,fitzpatrick17k,fitz_eb2b4cc91a2ba9d908cacb733740ba4d,medium,4,benign
0,0.1555091142654419,0,fitzpatrick17k,fitz_0a973eee9d131c3faabc62eb81f07bab,light,1,benign
1,0.67137610912323,1,fitzpatrick17k,fitz_43e565b277ea2460eada9e871505a203,light,2,malignant
0,0.19032803177833557,0,fitzpatrick17k,fitz_51bc7488cd95be42b9951336c3fd4f4a,light,2,benign
0,0.45553818345069885,1,fitzpatrick17k,fitz_5778cb35fc348b080812dc4af74cb6ef,light,1,benign
1,0.3813122808933258,1,fitzpatrick17k,fitz_3120a03a73c3806bf9e198e242919195,light,2,malignant
0,0.4972052276134491,1,fitzpatrick17k,fitz_f20d6a54fdbc05d9c1266671c8e9475d,light,2,benign
1,0.19202010333538055,0,fitzpatrick17k,fitz_0e5f2b371f082ab91db473d9913d326a,medium,3,malignant
0,0.37804174423217773,1,fitzpatrick17k,fitz_b4de0e25e7fd6e6f7509dd0caca5b9b3,medium,3,benign
0,0.23743164539337158,1,fitzpatrick17k,fitz_d9f812b38d451cd2ecdfea22ce8d133c,light,2,benign
1,0.27639684081077576,1,fitzpatrick17k,fitz_a2cc79f44fdb6241278e3098721cf684,light,1,malignant
0,0.24665458500385284,1,fitzpatrick17k,fitz_46ec6952510c57364bc5cff62e35939c,dark,5,benign
1,0.22014057636260986,0,fitzpatrick17k,fitz_97034f3205e0233858e4bbe46dfbfea9,light,2,malignant
0,0.32978543639183044,1,fitzpatrick17k,fitz_b531ecf2c1f6f8436ac8685b5216ee70,light,2,benign
0,0.7241336703300476,1,fitzpatrick17k,fitz_9b7edd4e98f898fe5b5d4adaaa5c264d,medium,4,benign
0,0.235734224319458,1,fitzpatrick17k,fitz_54911498188862f4fcf4e69818b5fca6,dark,5,benign
1,0.580313503742218,1,fitzpatrick17k,fitz_58005ed792a5445438c7f32043d1818b,dark,5,malignant
1,0.3523176610469818,1,fitzpatrick17k,fitz_335fa63491b9a2c9421629764de7e518,medium,3,malignant
0,0.4185798168182373,1,fitzpatrick17k,fitz_bf572e4969549881665d6acad07eae0a,light,1,benign
0,0.2800295650959015,1,fitzpatrick17k,fitz_f4ada601e53f65b80352f220c883982b,dark,5,benign
1,0.6976397633552551,1,fitzpatrick17k,fitz_d4ffe324216a5c6e00278c1eddf56c1e,light,1,malignant
0,0.36287394165992737,1,fitzpatrick17k,fitz_13da2f120080df60617e3f9f1c5434b5,dark,5,benign
1,0.4938974976539612,1,fitzpatrick17k,fitz_e22fa7d3d665b0aae167876a5df06fdf,medium,4,malignant
0,0.26530516147613525,1,fitzpatrick17k,fitz_f2b14e54536ed100f633eaedf5a27ca4,light,2,benign
1,0.3194032609462738,1,fitzpatrick17k,fitz_bf74c80811a674d498e6fc30eada833c,light,1,malignant
0,0.31749242544174194,1,fitzpatrick17k,fitz_1a7cb4d99b13256fed6a7dbc06dbcea2,medium,4,benign
1,0.2857987880706787,1,fitzpatrick17k,fitz_27fa5ac58bd8c5a693e8e0bd0bbe6f39,dark,6,malignant
0,0.17849282920360565,0,fitzpatrick17k,fitz_d6a011d88cac1c5ab6645fa64fd4a900,medium,4,benign
1,0.4518190622329712,1,fitzpatrick17k,fitz_7c6643f7a27415231ddcd610f5f17e80,light,2,malignant
0,0.26304545998573303,1,fitzpatrick17k,fitz_aae5e1fc8b00606e765f95f9181e2ab8,light,1,benign
0,0.17657123506069183,0,fitzpatrick17k,fitz_767c8c56c50df552b4c321f98c3e8162,light,1,benign
1,0.2484198659658432,1,fitzpatrick17k,fitz_03dfffcd30588c3b0ca23479c51bebc7,dark,5,malignant
0,0.24586664140224457,1,fitzpatrick17k,fitz_644c83bb4c86485907b6b49ad2784081,light,1,benign
0,0.142213374376297,0,fitzpatrick17k,fitz_838506df7577d4b862ccd09b3007cbbc,medium,4,benign
1,0.3584129512310028,1,fitzpatrick17k,fitz_4f2198410f19ee761ebc0f9822bd5acf,light,2,malignant
0,0.4621504843235016,1,fitzpatrick17k,fitz_d32bb38989704f645004d6340d501466,light,1,benign
1,0.20923346281051636,0,fitzpatrick17k,fitz_1d87ddf86f42c4febe29c9b5efcda416,medium,3,malignant
1,0.23425354063510895,1,fitzpatrick17k,fitz_85bfb7325d93bac71fcbc08ae0a9ba23,light,1,malignant
1,0.4267313480377197,1,fitzpatrick17k,fitz_7468d62b08cd2e5dd9433527bfe0143e,light,2,malignant
1,0.7995824217796326,1,fitzpatrick17k,fitz_f3eaf2eec333043953f8e6bf884cd19e,light,1,malignant
0,0.2634822726249695,1,fitzpatrick17k,fitz_3ec49196eef77a76e16a47bcc506efda,light,2,benign
1,0.20899474620819092,0,fitzpatrick17k,fitz_cdbb50983b24266ce74b5d78b0d5589c,light,2,malignant
1,0.2437201887369156,1,fitzpatrick17k,fitz_658446bde66c64e374d317e40fb40f91,dark,6,malignant
0,0.5039713382720947,1,fitzpatrick17k,fitz_95f8d909518bf35e2a2a6789cfccce5a,light,1,benign
1,0.4041856527328491,1,fitzpatrick17k,fitz_27dc91b50a048be76e0116779ed1f7ff,medium,3,malignant
0,0.328738808631897,1,fitzpatrick17k,fitz_9be0f8e4bc18ba9b92b75413c642513c,medium,3,benign
0,0.27756327390670776,1,fitzpatrick17k,fitz_89f7ce257bc4c8168059d6a4f67ff0be,light,2,benign
1,0.42144864797592163,1,fitzpatrick17k,fitz_51c066c6dcf0d10fc8bc867b77fb2d16,medium,3,malignant
1,0.6073815822601318,1,fitzpatrick17k,fitz_4bd61d9c3ec99cdea6d24b0915e2cd12,medium,4,malignant
0,0.21094976365566254,0,fitzpatrick17k,fitz_aee8bcbe869483c7d32cb6b51e9fd2b2,dark,6,benign
1,0.4733988046646118,1,fitzpatrick17k,fitz_a246a3150fe89472eb84a7d49841ae27,dark,6,malignant
0,0.1595936119556427,0,fitzpatrick17k,fitz_f9b7f1320ca721e3523d0d5e0062c4f9,light,2,benign
0,0.2745627462863922,1,fitzpatrick17k,fitz_a75c99fb0ebb8eae39c87be0567da142,medium,3,benign
0,0.3498494625091553,1,fitzpatrick17k,fitz_5469148cef4a35a7d7c0f97cd2d0c345,light,2,benign
1,0.4949859380722046,1,fitzpatrick17k,fitz_5a18fc5a172112cbb0636b16d76078c5,light,2,malignant
1,0.1837724894285202,0,fitzpatrick17k,fitz_c23144bedb535e724933393a1c32dde4,medium,4,malignant
1,0.38952869176864624,1,fitzpatrick17k,fitz_f7f2d6b9bb403a202b9db6a4700619fc,light,2,malignant
0,0.22647033631801605,0,fitzpatrick17k,fitz_a9fb58b18a51d2a06299a9de971271e7,light,2,benign
1,0.4422798156738281,1,fitzpatrick17k,fitz_cf5496e725b8060ecd0cc13d63be00e0,medium,3,malignant
0,0.38758593797683716,1,fitzpatrick17k,fitz_51edda24118eefd0ab857b9a24bae497,medium,3,benign
1,0.30897489190101624,1,fitzpatrick17k,fitz_3827d74369ad890f80bdf6b6080b700f,dark,5,malignant
1,0.3113897442817688,1,fitzpatrick17k,fitz_10ed2d0e269bb1a60f466fef6cdf367b,light,1,malignant
0,0.18088774383068085,0,fitzpatrick17k,fitz_eb7652e04c1c3ba509e0e6269cae7b5d,light,2,benign
0,0.4621695876121521,1,fitzpatrick17k,fitz_a35359879caa23975bff9b1204c6d109,medium,3,benign
1,0.6138612031936646,1,fitzpatrick17k,fitz_3bb47651dab6157dbca1fb1585de91f2,medium,4,malignant
1,0.4115869402885437,1,fitzpatrick17k,fitz_bfb6b1bace873ed26a0f69d6bfde27ba,medium,3,malignant
1,0.5937045216560364,1,fitzpatrick17k,fitz_0198c74d604fde7055671d1b35869664,medium,3,malignant
0,0.37900108098983765,1,fitzpatrick17k,fitz_c11bdd58d3f0d7ad525ef81e07bca3e5,light,1,benign
1,0.20626108348369598,0,fitzpatrick17k,fitz_ac9bb3ab57b87b0d02453fb4fd291157,light,2,malignant
1,0.866346001625061,1,fitzpatrick17k,fitz_06447e1b664fcc93d61c9a0effc50f27,light,2,malignant
1,0.3755840063095093,1,fitzpatrick17k,fitz_d3a72ac99209301ae7910103ac5e0d6d,light,2,malignant
0,0.18728318810462952,0,fitzpatrick17k,fitz_fb4615c67058e52e3dde1268328608fb,light,1,benign
1,0.30837881565093994,1,fitzpatrick17k,fitz_2331c9221825472c0a643dcc3a1f5249,light,2,malignant
1,0.27742278575897217,1,fitzpatrick17k,fitz_6fbf42c93073d3b18c3a5df584110122,medium,3,malignant
0,0.24774646759033203,1,fitzpatrick17k,fitz_e82f93dd7a3aa3a6b8f29fa1104a26cb,medium,4,benign
0,0.21543678641319275,0,fitzpatrick17k,fitz_6672391f14d4f3384ae398930d3feb06,light,2,benign
0,0.17280538380146027,0,fitzpatrick17k,fitz_3865c6ea202548ed921c3014faab2ecd,light,1,benign
0,0.2140859067440033,0,fitzpatrick17k,fitz_67712da1f5b9ce22516f618b866aa2bc,medium,4,benign
1,0.19244807958602905,0,fitzpatrick17k,fitz_b3893bf84b0c306b7e86253d4d98972a,light,1,malignant
0,0.2376117706298828,1,fitzpatrick17k,fitz_787f00fdb60c9a4d97332a4ee0558d77,medium,3,benign
0,0.22429756820201874,0,fitzpatrick17k,fitz_3163688a06ed18b9cfbff29d28cef80f,medium,4,benign
0,0.3276723325252533,1,fitzpatrick17k,fitz_9f982f2c55254d90155975744427c786,dark,5,benign
0,0.3946154713630676,1,fitzpatrick17k,fitz_ae597315643401a7e6d1c97adc01004a,light,2,benign
0,0.363836407661438,1,fitzpatrick17k,fitz_de0e9bac04cb88feac8916e559538b7e,light,2,benign
1,0.4820255637168884,1,fitzpatrick17k,fitz_ac79340a5e752f4fd0ee3888ade0b735,light,2,malignant
1,0.7746984362602234,1,fitzpatrick17k,fitz_3887855c8303e3c019d89f384140a9f9,light,1,malignant
1,0.23560726642608643,1,fitzpatrick17k,fitz_d94908c34e1ae46ff12e1a87accfd529,light,2,malignant
0,0.15562498569488525,0,fitzpatrick17k,fitz_bbb67c787d21931388b25c948dbf1b5a,medium,3,benign
0,0.23474767804145813,1,fitzpatrick17k,fitz_8a12cd54a30abc7c99421a0a27d41472,light,2,benign
0,0.18557482957839966,0,fitzpatrick17k,fitz_196dfc5223636f748ea958ad6f04374c,light,1,benign
0,0.8567545413970947,1,fitzpatrick17k,fitz_129d1e784c930fb5331110e720e3876c,medium,3,benign
0,0.3372543752193451,1,fitzpatrick17k,fitz_5cc5b479530d558a7f566cf7eeb49f8e,light,1,benign
0,0.4145556390285492,1,fitzpatrick17k,fitz_db8bd9fc4ed9cd372a217763e4a6b76c,light,2,benign
0,0.28141677379608154,1,fitzpatrick17k,fitz_de49050472666ae8573048c5d768c8b7,light,1,benign
0,0.27190929651260376,1,fitzpatrick17k,fitz_c211433ad5840b99351e89e03f8d35f7,light,2,benign
0,0.2518380284309387,1,fitzpatrick17k,fitz_5e72c301595159b8f6ab83fc490be6ed,light,2,benign
0,0.17963270843029022,0,fitzpatrick17k,fitz_b1b8f575c71edff443ad61da67c162d8,light,2,benign
1,0.27644431591033936,1,fitzpatrick17k,fitz_daa62b843848a57cf43017597935af45,light,2,malignant
1,0.4770832359790802,1,fitzpatrick17k,fitz_3865048c84183906734e1f4fa6c764ac,medium,3,malignant
0,0.19362060725688934,0,fitzpatrick17k,fitz_375d442424a9d97c9eb00d4717602897,light,2,benign
1,0.22796449065208435,0,fitzpatrick17k,fitz_1a440e59ff14cf1461796f7b3b58844b,light,2,malignant
1,0.29252007603645325,1,fitzpatrick17k,fitz_cb163e80bb075dda20d28f7eb1131c8a,light,1,malignant
1,0.16564278304576874,0,fitzpatrick17k,fitz_fdd6daf1e78c769e6e7ae47246c0aef7,light,1,malignant
0,0.23397697508335114,1,fitzpatrick17k,fitz_7c475b1d06b9dac9e35264f718be1999,light,1,benign
0,0.1717931181192398,0,fitzpatrick17k,fitz_4e19e77a14b6720ed2c51fa5bf7e0a70,light,1,benign
0,0.21335364878177643,0,fitzpatrick17k,fitz_ce0b81d408adacbc981c448110a192e8,light,2,benign
1,0.3137780725955963,1,fitzpatrick17k,fitz_acf9046d1fb65c2020996133795f9b76,medium,4,malignant
0,0.21678292751312256,0,fitzpatrick17k,fitz_13f0a1868fc2a8dada2059c4d78b0aa1,light,2,benign
1,0.4599008560180664,1,fitzpatrick17k,fitz_d7da287fc4ca06ca56fa7a77bc66ff3a,light,2,malignant
0,0.1835828423500061,0,fitzpatrick17k,fitz_f4ea1f79c657fb4d55abb8abbbbc5678,light,1,benign
1,0.4346194267272949,1,fitzpatrick17k,fitz_d00935a5691968c9c8a80a0e9277ab6e,light,2,malignant
1,0.4157715141773224,1,fitzpatrick17k,fitz_43534ab689527642db737a5a6931993a,medium,4,malignant
0,0.39274826645851135,1,fitzpatrick17k,fitz_6c77393c64cd6e7c458bcc3d9dfa18a5,light,1,benign
0,0.18737167119979858,0,fitzpatrick17k,fitz_6eacb8cf8625e9564d7365e89f919ae0,light,2,benign
1,0.46915072202682495,1,fitzpatrick17k,fitz_60c20c7458e1a508b96bd1dec2702e3b,light,2,malignant
1,0.35413601994514465,1,fitzpatrick17k,fitz_584c4f9057c17656a36c862d527000a3,light,1,malignant
0,0.33650338649749756,1,fitzpatrick17k,fitz_d90733d09cdec4e45ae22e1202a3fe41,light,1,benign
0,0.20866265892982483,0,fitzpatrick17k,fitz_edce9bab731228e8240e613dd6e5e2ee,dark,5,benign
0,0.20652498304843903,0,fitzpatrick17k,fitz_572a802d11a61721053e7dee8911cfa6,dark,5,benign
1,0.3389629125595093,1,fitzpatrick17k,fitz_49d972675c4d3997aa2e8186bf6a06c6,light,1,malignant
1,0.46901005506515503,1,fitzpatrick17k,fitz_cb0bd4370fb0154d4d13e6495ef746d8,light,2,malignant
1,0.5219566226005554,1,fitzpatrick17k,fitz_c8f2e70de27ec0f45e7cd3774e86f076,light,2,malignant
0,0.2652531862258911,1,fitzpatrick17k,fitz_f2bc5704dc1635e769d2cbd612676422,light,1,benign
0,0.40519288182258606,1,fitzpatrick17k,fitz_7b2b5501ec0dabe214df1b83c76a2f45,dark,5,benign
0,0.3354402482509613,1,fitzpatrick17k,fitz_e7c84b7ea8df60e308915b5ab6d2b008,light,2,benign
1,0.2142999768257141,0,fitzpatrick17k,fitz_dd7b358a3a6d9134abd1271322b5ee99,medium,4,malignant
0,0.23031745851039886,0,fitzpatrick17k,fitz_dcfbfe28ad44e2aff393fcdd228cd017,medium,4,benign
0,0.3923724591732025,1,fitzpatrick17k,fitz_bb311169c44ad5348401431f33a95668,light,1,benign
0,0.31899040937423706,1,fitzpatrick17k,fitz_33068b46548282d53e5fee2f15792728,light,2,benign
1,0.7724603414535522,1,fitzpatrick17k,fitz_5741346ea1f285de99f7a0fafaf84005,medium,3,malignant
0,0.2629813551902771,1,fitzpatrick17k,fitz_600fa1053d015e9110a3ed7888e3c7d8,medium,4,benign
1,0.34427449107170105,1,fitzpatrick17k,fitz_97b76d98037a41d972411126f407e120,light,2,malignant
1,0.5063492059707642,1,fitzpatrick17k,fitz_ac8651d882e7b28e886479882460b900,light,1,malignant
1,0.20704244077205658,0,fitzpatrick17k,fitz_cac211b988a0695fc15d1a33fb4cb007,medium,3,malignant
1,0.3880511224269867,1,fitzpatrick17k,fitz_2cd4cd289e9c8b7c9cac0c9cf0b9fdd1,medium,3,malignant
0,0.26217687129974365,1,fitzpatrick17k,fitz_f4dbcbc8a3b5110599e23ab3ebd8a6d1,medium,4,benign
1,0.23450160026550293,1,fitzpatrick17k,fitz_66a864690bb29d8a87837a90809092d2,light,2,malignant
0,0.23406283557415009,1,fitzpatrick17k,fitz_61be413c52eb1d7dad6a93d071f7d52e,light,2,benign
0,0.38225600123405457,1,fitzpatrick17k,fitz_a267e3a6067ffcd4ff5df79ae3190383,light,2,benign
0,0.21656538546085358,0,fitzpatrick17k,fitz_b0834b3d13110e14deb33367151559c8,light,2,benign
1,0.39926084876060486,1,fitzpatrick17k,fitz_ef3e25ec793d9ae74cb654c60b158680,light,1,malignant
0,0.34730926156044006,1,fitzpatrick17k,fitz_a0e26d07cae16cf575350367af56ae8b,light,1,benign
0,0.1792009323835373,0,fitzpatrick17k,fitz_dadea0629296b47110491376c9f6c898,light,1,benign
0,0.37787938117980957,1,fitzpatrick17k,fitz_3c6f7c12d6772c5f3960277372558357,light,1,benign
1,0.5812045931816101,1,fitzpatrick17k,fitz_c7101a08e026de24041aed144751ee53,light,1,malignant
0,0.32751724123954773,1,fitzpatrick17k,fitz_8e31b54b41efc534afc8addfc8a97146,light,2,benign
0,0.19340355694293976,0,fitzpatrick17k,fitz_1e754370619dcfcccd7e50004f388a7c,light,1,benign
1,0.554966926574707,1,fitzpatrick17k,fitz_ea19152434347b623f2e98c92ebd7938,light,2,malignant
1,0.4567148685455322,1,fitzpatrick17k,fitz_6839de72e5a36bef0e11987b4b337664,light,1,malignant
0,0.22022467851638794,0,fitzpatrick17k,fitz_8928654d40508da78d8681a61de9e948,light,2,benign
1,0.2595798373222351,1,fitzpatrick17k,fitz_11cb4d29089593c5b407998f41a46ca6,medium,3,malignant
1,0.2734564542770386,1,fitzpatrick17k,fitz_ae5dbb5d80c5ccff3104ffe0221639e8,light,1,malignant
1,0.6193036437034607,1,fitzpatrick17k,fitz_f2327dc6bf154de3dec0dbdb99f4468e,light,1,malignant
0,0.22903193533420563,0,fitzpatrick17k,fitz_9171dd88988659b0642ee589c494367d,light,2,benign
1,0.7048193216323853,1,fitzpatrick17k,fitz_7c24e660ff34da3d4285e5b4b915a25b,medium,3,malignant
0,0.25560930371284485,1,fitzpatrick17k,fitz_1ce68dc228b5414729a7acdd6815647d,light,2,benign
1,0.4609008729457855,1,fitzpatrick17k,fitz_e61194e04e5e450a4d3d40de07d9f2ed,dark,5,malignant
1,0.3872736096382141,1,fitzpatrick17k,fitz_fb324416230e80e7a13756a60ac4aef4,light,1,malignant
0,0.15254615247249603,0,fitzpatrick17k,fitz_46d63b65e22a9550311ee36217e78f00,light,1,benign
0,0.44035306572914124,1,fitzpatrick17k,fitz_27a1b2d775742ee03b9997395f99d764,light,2,benign
0,0.3531506061553955,1,fitzpatrick17k,fitz_9a9e44a002f21bb57a6786554c0991fa,medium,4,benign
1,0.17040494084358215,0,fitzpatrick17k,fitz_4d6a5c8b2e73ea8acbcbae17a070f9df,light,1,malignant
0,0.25834301114082336,1,fitzpatrick17k,fitz_7230f78df0d54eb04c5ccd5443c799ec,dark,5,benign
0,0.16621829569339752,0,fitzpatrick17k,fitz_d863e7bbbcaeee146406683d15cdbb01,light,1,benign
0,0.26065942645072937,1,fitzpatrick17k,fitz_403a674af4555b53af580206fd47f99e,light,2,benign
0,0.4858188033103943,1,fitzpatrick17k,fitz_7e610878f5cf3531be4dc138a04005a7,light,2,benign
0,0.16923721134662628,0,fitzpatrick17k,fitz_1ae8a19eead10dfba17158fedb36c336,light,1,benign
0,0.17686931788921356,0,fitzpatrick17k,fitz_637e6d4ec6072a0f2d9d4ca17f63449b,light,2,benign
0,0.2092411369085312,0,fitzpatrick17k,fitz_f7ca7fe686f0a41083621f963a83a5b0,medium,4,benign
1,0.5009006261825562,1,fitzpatrick17k,fitz_10875c6d5e9d32bbecde83124d90a131,light,2,malignant
1,0.5410526990890503,1,fitzpatrick17k,fitz_855a18d13f9678703baaef0fff725f4e,light,1,malignant
0,0.4771827757358551,1,fitzpatrick17k,fitz_7738e7cc50e86552cdf51418efe7f55d,medium,4,benign
1,0.42404451966285706,1,fitzpatrick17k,fitz_c53053b76057de5df9e5e0e6784baa88,medium,4,malignant
0,0.37511298060417175,1,fitzpatrick17k,fitz_510413b3456cc13b60e7700a61ee8f1b,medium,3,benign
0,0.28678879141807556,1,fitzpatrick17k,fitz_f9f97262008c01f052bbc9fb5286413d,light,1,benign
1,0.4028256833553314,1,fitzpatrick17k,fitz_8e865fd366d1ef5636ac95814e61fb0d,medium,3,malignant
1,0.7282283306121826,1,fitzpatrick17k,fitz_a5caf184b8e343e568d0d250f061739f,light,1,malignant
1,0.31475120782852173,1,fitzpatrick17k,fitz_2fdb31f6c3f6fc50b96f6607510cc263,light,1,malignant
1,0.14273425936698914,0,fitzpatrick17k,fitz_7dabc981c070ef3b157483cc74c78d1a,medium,4,malignant
0,0.20233245193958282,0,fitzpatrick17k,fitz_f0e90b82bf2702a872da3fd66eee6920,light,2,benign
0,0.18635164201259613,0,fitzpatrick17k,fitz_21990c0bb830e8bb56bf997067a154a3,light,2,benign
1,0.2217252105474472,0,fitzpatrick17k,fitz_3be7f195269f4cb0a7d2528223971f44,light,2,malignant
0,0.3263855576515198,1,fitzpatrick17k,fitz_f206053f8df79e80fe17365004c4f48a,light,2,benign
1,0.40186670422554016,1,fitzpatrick17k,fitz_d58c221e8370e2658aebfc502609aa18,light,2,malignant
0,0.32678425312042236,1,fitzpatrick17k,fitz_a5b813957d0fe8ad0edc6e9b96dede2c,light,2,benign
0,0.28795090317726135,1,fitzpatrick17k,fitz_33821dea8e135a970314e9e8b4500bbc,light,2,benign
0,0.37930336594581604,1,fitzpatrick17k,fitz_00742b7d36ec4038d68e4956deb8fa83,medium,4,benign
0,0.23380549252033234,1,fitzpatrick17k,fitz_a3398ad74106f09472d7c43078d4ead2,light,2,benign
1,0.2468242347240448,1,fitzpatrick17k,fitz_7496fc44f10f5cc6341802425a5bf079,dark,5,malignant
1,0.27805057168006897,1,fitzpatrick17k,fitz_4604b4b94303edcaa5a2a4feebae1a96,medium,4,malignant
1,0.25315991044044495,1,fitzpatrick17k,fitz_9e7fd8f57cd4943ed6740e19e9ab6f59,light,2,malignant
0,0.1838740110397339,0,fitzpatrick17k,fitz_a8f7b68bd47976e476776a08acc2f70d,light,1,benign
1,0.3386111259460449,1,fitzpatrick17k,fitz_1e2d76fc8e520ef0289dd7b52aad2120,light,2,malignant
0,0.25440794229507446,1,fitzpatrick17k,fitz_2852394d9f17ff45a34592f2e735b8da,medium,3,benign
0,0.3207847476005554,1,fitzpatrick17k,fitz_f1e26485eb0dc75866b8526a00b90edd,medium,4,benign
0,0.2399871051311493,1,fitzpatrick17k,fitz_9df19e451d1b39bc9317cc3c56f50cec,light,2,benign
1,0.45072728395462036,1,fitzpatrick17k,fitz_35e050f8df5d396334b3a7f61cdaaa49,light,1,malignant
0,0.25869882106781006,1,fitzpatrick17k,fitz_56bc33dc1e68c70b9064cea9e3552c3b,light,1,benign
0,0.4877045452594757,1,fitzpatrick17k,fitz_d9b8cf746cca440172358099d91cef15,light,2,benign
1,0.25328299403190613,1,fitzpatrick17k,fitz_b995952866ae3103145c29d15f11f8d8,light,1,malignant
1,0.32898834347724915,1,fitzpatrick17k,fitz_f0c14116d7d5ee9c29a43d1ad073ec0f,light,1,malignant
1,0.5846287608146667,1,fitzpatrick17k,fitz_1ed50f19272049669f7227ff256d5340,light,2,malignant
1,0.27417051792144775,1,fitzpatrick17k,fitz_d740f99aa0236f9972d66f0821cf14b0,medium,4,malignant
0,0.1904245913028717,0,fitzpatrick17k,fitz_f6e96da348732a37f3ca2a6b65e3d363,medium,3,benign
1,0.22161050140857697,0,fitzpatrick17k,fitz_3ff13fc171d4913a78e61506a490aab2,light,2,malignant
0,0.26985785365104675,1,fitzpatrick17k,fitz_e17722252027aefdf87b79472efdfc4a,dark,5,benign
1,0.30414092540740967,1,fitzpatrick17k,fitz_fa01a1c2272065c237e67fdc34b42ae9,light,1,malignant
1,0.223218634724617,0,fitzpatrick17k,fitz_29640d46e79286cdaa8d7f0c9d33dac5,light,2,malignant
0,0.13893792033195496,0,fitzpatrick17k,fitz_f17773a2ee06fb5179ed0e56b7235c2a,light,2,benign
0,0.47574326395988464,1,fitzpatrick17k,fitz_55ec84888f157069c8d601b229d377f6,light,2,benign
1,0.3704683482646942,1,fitzpatrick17k,fitz_185ae0e5acbb25166758dc72e385d3aa,light,2,malignant
0,0.5757465958595276,1,fitzpatrick17k,fitz_b90ba1b1f272151fea13d0afa91aba1a,medium,3,benign
1,0.21726872026920319,0,fitzpatrick17k,fitz_a0a223a633e059ffd1ce089274f101a0,light,2,malignant
1,0.4505018889904022,1,fitzpatrick17k,fitz_7e8db7136d2d9467ec3becd7f3c38e5c,light,2,malignant
1,0.5208485722541809,1,fitzpatrick17k,fitz_7910e6ff11c72c6266d5749017c6f72e,light,2,malignant
1,0.7248116731643677,1,fitzpatrick17k,fitz_eb6bff13a9119265b3a3bcc4474bec96,medium,3,malignant
1,0.38864466547966003,1,fitzpatrick17k,fitz_dc015fe727ae7edab1c022a7ba0cf1bd,light,1,malignant
1,0.3505226969718933,1,fitzpatrick17k,fitz_38c5bd7619923f1297d3b49cebd1bd85,medium,3,malignant
0,0.44332629442214966,1,fitzpatrick17k,fitz_2017a2789790c2ae724917624752ae5e,light,2,benign
1,0.22906531393527985,0,fitzpatrick17k,fitz_e59b9adefae0522acced0247d22afff0,dark,5,malignant
0,0.31010961532592773,1,fitzpatrick17k,fitz_b935d5f370685fbfdfb676b492dd5deb,medium,4,benign
0,0.23948921263217926,1,fitzpatrick17k,fitz_3f7545b5dd38ac07cd761411182a65a7,light,1,benign
1,0.34644410014152527,1,fitzpatrick17k,fitz_62711536b80f9a897c6d5bde4f320397,light,1,malignant
0,0.39642176032066345,1,fitzpatrick17k,fitz_0e9fd3b0f62683f0c70290e26e0c3400,light,1,benign
0,0.46032047271728516,1,fitzpatrick17k,fitz_f665fb18ebbfffb55fac28c152548c68,medium,3,benign
0,0.26625895500183105,1,fitzpatrick17k,fitz_d406d851529ef0a01c3cb452a9582fe9,medium,3,benign
1,0.4571770429611206,1,fitzpatrick17k,fitz_f3e07d3a25ab2e154c3b1950a8ab6617,light,1,malignant
1,0.24736015498638153,1,fitzpatrick17k,fitz_2c79733c61410a23fc552f390b2963ed,medium,3,malignant
0,0.5215975642204285,1,fitzpatrick17k,fitz_afca3923f6b792b9b027e78c65cf9764,medium,3,benign
1,0.3973831832408905,1,fitzpatrick17k,fitz_7a9d20013b87019f62372a31dc98ac92,medium,3,malignant
1,0.31318944692611694,1,fitzpatrick17k,fitz_9a6945188c02dd2141c1c4660501f74d,light,1,malignant
0,0.6815889477729797,1,fitzpatrick17k,fitz_c58b36d43b603d55872591900626ced3,medium,3,benign
1,0.3329686224460602,1,fitzpatrick17k,fitz_a4b48f03133497b7ff25ec2af7505ef1,medium,3,malignant
1,0.17711156606674194,0,fitzpatrick17k,fitz_a41e3b93d534045649351abbf4b39a95,light,2,malignant
1,0.4708506464958191,1,fitzpatrick17k,fitz_0678394d72403cd694b8a22e2b623613,light,2,malignant
0,0.4277060031890869,1,fitzpatrick17k,fitz_d20132382bce45b25a1551f55fb0a502,medium,3,benign
1,0.3397056460380554,1,fitzpatrick17k,fitz_e48d91bb0d6ce9221b89b9662fce4473,light,1,malignant
0,0.26198750734329224,1,fitzpatrick17k,fitz_7e14d1848deb9a1d2ed79767fbcab51c,light,2,benign
1,0.6082219481468201,1,fitzpatrick17k,fitz_f728b8ad950fa5a36cd26cbdf9651179,medium,3,malignant
1,0.21597447991371155,0,fitzpatrick17k,fitz_4874ae4360510673a0cbe6310a4acce0,light,2,malignant
0,0.26914334297180176,1,fitzpatrick17k,fitz_7ebc5fc43f36567a10e94064a3e757c2,light,1,benign
0,0.3658631145954132,1,fitzpatrick17k,fitz_e99ddec084788beb943120624392b943,medium,4,benign
0,0.28160861134529114,1,fitzpatrick17k,fitz_20b3c235b9af196c17c0a0c67c8516b0,light,1,benign
1,0.2667643427848816,1,fitzpatrick17k,fitz_2a10c3a61da65ed775ea0e5b7c767472,light,1,malignant
0,0.7451453804969788,1,fitzpatrick17k,fitz_68c4093d23c19116b586d84b57c348ab,light,2,benign
0,0.21331851184368134,0,fitzpatrick17k,fitz_ff4e3f0f9de132366d95d594c6ee8769,light,1,benign
1,0.4289649724960327,1,fitzpatrick17k,fitz_cf33353da56711ba0aac9a2b8a87fb5b,light,1,malignant
0,0.34481531381607056,1,fitzpatrick17k,fitz_fd4ed381044a6bd3f6173a2d6e88540d,light,2,benign
1,0.25629061460494995,1,fitzpatrick17k,fitz_be8a8bacf815ba4ec60932c511ae5516,light,2,malignant
1,0.5313205718994141,1,fitzpatrick17k,fitz_7c0184023662d59d7a6711abd46cab9e,medium,4,malignant
0,0.1899687647819519,0,fitzpatrick17k,fitz_f82901e6d4526944361837926896ee09,dark,5,benign
0,0.317371129989624,1,fitzpatrick17k,fitz_cbb929b783aded4261d4ffb9f3b3b0b6,light,2,benign
1,0.3646194636821747,1,fitzpatrick17k,fitz_206be927bc9030c8608c2ded1df534cb,light,1,malignant
0,0.2036728411912918,0,fitzpatrick17k,fitz_eef4097006bfa01e740b2baefd910973,light,1,benign
1,0.6001979112625122,1,fitzpatrick17k,fitz_7b97d32159e27f26dd4a4f9ae440bd74,medium,3,malignant
1,0.4069371819496155,1,fitzpatrick17k,fitz_941066b0a60b150763ab2a8b4badf27d,light,1,malignant
0,0.2274557501077652,0,fitzpatrick17k,fitz_b642e3c2227b664fe5d3f8dde9470b36,light,2,benign
1,0.18678417801856995,0,fitzpatrick17k,fitz_53d68a5de7fae6e7e39a84b5a3cd2f43,light,2,malignant
0,0.3321610689163208,1,fitzpatrick17k,fitz_dc0f9001007f0a01e320b0236c3a4492,medium,4,benign
1,0.2179342806339264,0,fitzpatrick17k,fitz_32ea52fa6dde393c5affeb0107d15e8c,light,2,malignant
0,0.3188437819480896,1,fitzpatrick17k,fitz_55149479b90e4f74cdb4e84b18b2e2fb,light,2,benign
0,0.5028069615364075,1,fitzpatrick17k,fitz_002100fdd81baa28c893ddcde6892e3e,light,2,benign
0,0.21335390210151672,0,fitzpatrick17k,fitz_defdb79a643ed90c6614ca9f85210219,light,1,benign
1,0.6785670518875122,1,fitzpatrick17k,fitz_9ad4add899ea08d1b3f1b1a7a2838b5e,light,2,malignant
0,0.22286352515220642,0,fitzpatrick17k,fitz_ed98e6a44d55f939150cd6a2983bf0db,medium,4,benign
1,0.3535957634449005,1,fitzpatrick17k,fitz_ee93be8080b3d5f5535f4e4273033bb1,light,2,malignant
1,0.17038555443286896,0,fitzpatrick17k,fitz_8cbf01e080ba75fbf6716769acc0f36c,light,1,malignant
1,0.1580084264278412,0,fitzpatrick17k,fitz_9140159f37dd700e5a4d25351ae805fe,medium,3,malignant
1,0.36030852794647217,1,fitzpatrick17k,fitz_7041e0d82e0d554237bd1e6dc886a81f,dark,5,malignant
1,0.5207037329673767,1,fitzpatrick17k,fitz_2526f45c72e51e324cc70a56faa9616a,light,2,malignant
1,0.3360305726528168,1,fitzpatrick17k,fitz_69f564b9263b5844f1376d1e41890093,light,1,malignant
0,0.21720890700817108,0,fitzpatrick17k,fitz_2494456b5bd57e3ce57504bd1efc9bab,light,1,benign
1,0.17192235589027405,0,fitzpatrick17k,fitz_7a0d4f1dd17a52bf9cb542af4c9142af,light,2,malignant
1,0.17730554938316345,0,fitzpatrick17k,fitz_25f0ba43f506d7f3912b8ca4d396cb4c,light,2,malignant
1,0.4753222167491913,1,fitzpatrick17k,fitz_9b82bbff48d88f3bea9d30cfd96606dc,light,1,malignant
0,0.23119695484638214,0,fitzpatrick17k,fitz_60cd73910a4e09b03329c4fd9bbec1fc,medium,3,benign
0,0.19673170149326324,0,fitzpatrick17k,fitz_5083ac97bda2b5e9906746e2fe16179a,dark,6,benign
0,0.18680863082408905,0,fitzpatrick17k,fitz_55a7d73326822f306a9c804a05c4e3ca,dark,5,benign
1,0.2705727219581604,1,fitzpatrick17k,fitz_4c314ddb62900e1a3f5627fa63ffe214,light,1,malignant
0,0.19462653994560242,0,fitzpatrick17k,fitz_da485a6bcf6b3e6564ef5f014ecb1785,light,2,benign
0,0.23470976948738098,1,fitzpatrick17k,fitz_3a48646aa627e0cba2d26c943bafcc00,light,2,benign
0,0.3632073402404785,1,fitzpatrick17k,fitz_791ff00ac1c5f24c92b41826575b5aea,light,1,benign
0,0.19853003323078156,0,fitzpatrick17k,fitz_717f9cab8254cf44e153be0794f8e710,light,1,benign
1,0.40654993057250977,1,fitzpatrick17k,fitz_4e66d9b65b4bf81189a9777167bc78ec,light,1,malignant
0,0.10864651948213577,0,fitzpatrick17k,fitz_2eb5812148044da12159c1c6c6c0bbc6,medium,3,benign
1,0.5467159748077393,1,fitzpatrick17k,fitz_5c4f07cadd546134cda4f326de4f39ab,light,1,malignant
0,0.1560923159122467,0,fitzpatrick17k,fitz_ab6fc36069c77764cbadd6a5a4fe3281,medium,3,benign
1,0.44000980257987976,1,fitzpatrick17k,fitz_856014588573b1b908e3a9d9b124d72a,light,1,malignant
0,0.23078234493732452,0,fitzpatrick17k,fitz_f1b9042821c32197c1404685fe815d13,light,2,benign
1,0.6396336555480957,1,fitzpatrick17k,fitz_30e6f943452facf1ffbed708e645f4b8,light,2,malignant
1,0.1956867277622223,0,fitzpatrick17k,fitz_1a9e904ebc92a8322d12a24a79b02b61,medium,4,malignant
0,0.3202638328075409,1,fitzpatrick17k,fitz_7da70535d3955434d909a63f9f879139,medium,3,benign
0,0.3054734766483307,1,fitzpatrick17k,fitz_c98c9a7eaca72a17356ca13d827ddbeb,medium,3,benign
0,0.41364553570747375,1,fitzpatrick17k,fitz_ee1ac615e11be8151e056da0b12a4ac2,light,1,benign
0,0.17910583317279816,0,fitzpatrick17k,fitz_57885e3f5a3c043c3621a06bca196282,light,2,benign
1,0.19832542538642883,0,fitzpatrick17k,fitz_a92ba022f12b23a2c5ea19eedfa32a94,medium,3,malignant
1,0.38675692677497864,1,fitzpatrick17k,fitz_ad94730f787cc90b11c25655c41366b6,light,1,malignant
0,0.24626900255680084,1,fitzpatrick17k,fitz_f23e351821a02c82d15b8873413dcf93,light,2,benign
0,0.17912977933883667,0,fitzpatrick17k,fitz_3fdd45702d0b257710468787ab2e0ea4,medium,3,benign
1,0.709536612033844,1,fitzpatrick17k,fitz_59590ce6f167203c6478ee52d775e8e5,light,2,malignant
1,0.3608141839504242,1,fitzpatrick17k,fitz_482f40d7e3d25795f61d53161d2d3f6f,light,1,malignant
1,0.45656323432922363,1,fitzpatrick17k,fitz_3ac17ec80430bdeb06a2134912d21d42,light,2,malignant
1,0.2619127631187439,1,fitzpatrick17k,fitz_69425e7f864b9775266eca2c328fe766,light,2,malignant
1,0.19890561699867249,0,fitzpatrick17k,fitz_d17f05c8647ec75327ed5023d245e85a,light,1,malignant
1,0.19680646061897278,0,fitzpatrick17k,fitz_62cfadccd978c17e7a842bce0b49e09e,dark,5,malignant
0,0.33021318912506104,1,fitzpatrick17k,fitz_cb7ba3d4180b6ffd2da632bcdd160b40,light,2,benign
1,0.3863089978694916,1,fitzpatrick17k,fitz_e6a148f384e31d30c51c4472defc1bdf,medium,4,malignant
1,0.6764078140258789,1,fitzpatrick17k,fitz_50203f0e1cc3ccf33cd2cbfdfd475c02,medium,3,malignant
0,0.17748673260211945,0,fitzpatrick17k,fitz_c71046a5b4e8df13e173fc78583554ff,medium,3,benign
1,0.2529180347919464,1,fitzpatrick17k,fitz_fe9fac67c9bd81b3e0d808254ab42562,light,1,malignant
0,0.15613530576229095,0,fitzpatrick17k,fitz_715d1895050fa257c1d760738fd00abf,dark,5,benign
0,0.36973899602890015,1,fitzpatrick17k,fitz_4f2a79bb86c6def913141b31db152e04,light,2,benign
1,0.24767547845840454,1,fitzpatrick17k,fitz_44ab470249555e7936c6bf6f196f0292,light,1,malignant
0,0.2321643829345703,0,fitzpatrick17k,fitz_8af423ef118d0cf0f10096dd9e31783f,dark,5,benign
1,0.20321854948997498,0,fitzpatrick17k,fitz_f1979b9bf4e026d9204bf15e85984c47,medium,4,malignant
1,0.5990254282951355,1,fitzpatrick17k,fitz_883f86d67408c70ab89b9c54a3118cd4,medium,3,malignant
0,0.27859243750572205,1,fitzpatrick17k,fitz_703570989b650f8f7b26a857eec355b2,dark,5,benign
1,0.615180253982544,1,fitzpatrick17k,fitz_16427cdda745655c1fd5a503bc702a68,light,2,malignant
0,0.5480312705039978,1,fitzpatrick17k,fitz_d6b5dd9e59b4278130002e8ce6139919,light,1,benign
1,0.15378881990909576,0,fitzpatrick17k,fitz_28f7aaebb7abc541815b935ce003835b,light,2,malignant
1,0.3008371591567993,1,fitzpatrick17k,fitz_ebddf635594d950f3e61005f756c4530,light,1,malignant
0,0.1798601895570755,0,fitzpatrick17k,fitz_f2f7b0cf839d5b9c441ed24797d464e9,light,2,benign
0,0.1799069344997406,0,fitzpatrick17k,fitz_9b9f0859880ab7d13ac0da1fceef5efc,dark,5,benign
1,0.5530673861503601,1,fitzpatrick17k,fitz_418d009435bf224eef9a07097696a305,light,1,malignant
0,0.3847363293170929,1,fitzpatrick17k,fitz_ffc0b9df6696def6015d4eca3090118e,light,2,benign
0,0.271596759557724,1,fitzpatrick17k,fitz_d0b07142a0d3ee9539e4c958e67d828e,medium,3,benign
1,0.2817535698413849,1,fitzpatrick17k,fitz_b22e94f7e5cde4d33adf24245ea5faf2,dark,6,malignant
1,0.4291799068450928,1,fitzpatrick17k,fitz_1310cc8b1b8c42def1258073b85b99d4,medium,4,malignant
0,0.18825533986091614,0,fitzpatrick17k,fitz_99dace5207bb65ce934451c7089e36df,light,1,benign
0,0.416408509016037,1,fitzpatrick17k,fitz_5a49bd55ae4c256696d1104349f485e0,medium,3,benign
1,0.5907853245735168,1,fitzpatrick17k,fitz_25d23d51892cbe61aa9ec03457b6fad4,light,1,malignant
0,0.19738909602165222,0,fitzpatrick17k,fitz_be599559f6785849983e74f69ddde85a,medium,3,benign
0,0.5167616605758667,1,fitzpatrick17k,fitz_b7baf20b26ae60d0cabf627c09360d53,light,1,benign
0,0.21682071685791016,0,fitzpatrick17k,fitz_8f351cd9f1259ee3e6d522dbbf51ac7b,dark,6,benign
0,0.375550240278244,1,fitzpatrick17k,fitz_4e7ff6cbff9ded53dcfcdb1bfcc14ef2,light,2,benign
1,0.1602584570646286,0,fitzpatrick17k,fitz_673e30acf479e147718bf2b8b7ad13db,light,2,malignant
0,0.22622157633304596,0,fitzpatrick17k,fitz_9b5f85d8f2edd57e3fd3be9e1d5fade6,light,2,benign
0,0.12825702130794525,0,fitzpatrick17k,fitz_8b761c87fb2ccf360157a83f07c4e8df,light,1,benign
1,0.3747347295284271,1,fitzpatrick17k,fitz_da2e70d63971c00cab3691cd38065252,light,1,malignant
0,0.40457454323768616,1,fitzpatrick17k,fitz_96faf50dd3f125eaa72e54bf5b103ad9,light,2,benign
0,0.2215670496225357,0,fitzpatrick17k,fitz_49635d65d9bc4f7d605f912397ffb3ff,light,2,benign
0,0.3189648687839508,1,fitzpatrick17k,fitz_49f9aff422b619a6db8434eed3bb9459,light,2,benign
1,0.3251892626285553,1,fitzpatrick17k,fitz_b3c86bb9fac904880ece450b882ee8d6,light,1,malignant
0,0.2720020115375519,1,fitzpatrick17k,fitz_33d4c18921107fb0be2f6f1980753a09,medium,4,benign
1,0.197746142745018,0,fitzpatrick17k,fitz_ca9fe71f9b4e6348554b749f3c2e56d2,light,1,malignant
0,0.7774269580841064,1,fitzpatrick17k,fitz_d66375120f60d71f2c14adc76f047b3a,light,1,benign
1,0.4061509966850281,1,fitzpatrick17k,fitz_0ca7391635dab0884c85a1d929e723aa,light,2,malignant
0,0.1398470252752304,0,fitzpatrick17k,fitz_ff376d7fda946563d0b03d6649451d66,light,2,benign
1,0.23997531831264496,1,fitzpatrick17k,fitz_97329df17314adebb7cbee823596a965,medium,4,malignant
1,0.4570750594139099,1,fitzpatrick17k,fitz_b12d076ff5807ed202abdecad845d75d,medium,3,malignant
1,0.4580988883972168,1,fitzpatrick17k,fitz_7e6c56b7130f902c4a7ee3a5ac8860e4,light,2,malignant
0,0.20283782482147217,0,fitzpatrick17k,fitz_38efa83d9549310a4e9d89d8a20e60e5,light,2,benign
0,0.20224638283252716,0,fitzpatrick17k,fitz_ce4c8e9da697d3c54e08dffcf44bb492,light,2,benign
0,0.2932451069355011,1,fitzpatrick17k,fitz_2f699c06c888c07b0853c11a35513bff,medium,3,benign
1,0.19754980504512787,0,fitzpatrick17k,fitz_08c31b995b51e21dcb10fb8d900bbaa2,light,1,malignant
0,0.15465304255485535,0,fitzpatrick17k,fitz_c0565c3c7403a33df2ba4aacc14467ee,light,2,benign
1,0.7418754696846008,1,fitzpatrick17k,fitz_aa818113e5f01c422c246e39ded0efe4,medium,3,malignant
1,0.18197613954544067,0,fitzpatrick17k,fitz_a41800186406d09ff17772f3589e2ae7,light,2,malignant
1,0.5416913032531738,1,fitzpatrick17k,fitz_7cdb2f4ac04b6de441e457165b120d48,light,2,malignant
1,0.24769794940948486,1,fitzpatrick17k,fitz_a9f949191444e250146b49ff8c95c6ac,dark,5,malignant
0,0.24395325779914856,1,fitzpatrick17k,fitz_4de99fdc6b65ce2148d412a39d112768,medium,3,benign
0,0.19449463486671448,0,fitzpatrick17k,fitz_a616871a996c6434b4d9d1130870f886,light,2,benign
1,0.841029167175293,1,fitzpatrick17k,fitz_0d9b3b69f19baf1b3db887dfbacafb26,medium,3,malignant
1,0.25752997398376465,1,fitzpatrick17k,fitz_e4f7ad417e492ef7955e1b31b6be3cdd,light,1,malignant
0,0.1636873334646225,0,fitzpatrick17k,fitz_7b13cb1d76325ee8cf4017de62a4f135,light,2,benign
0,0.2081872522830963,0,fitzpatrick17k,fitz_60b060a264373cd538b4993800d7e73b,medium,3,benign
0,0.2287387102842331,0,fitzpatrick17k,fitz_79623bf5002072b1872f0622cb552bd8,light,2,benign
0,0.37968364357948303,1,fitzpatrick17k,fitz_3eb460ad57144b0d189b5688579cb8bc,medium,4,benign
0,0.5170301795005798,1,fitzpatrick17k,fitz_2c14668334b930c3b4a278a4037617c8,light,2,benign
0,0.5967882871627808,1,fitzpatrick17k,fitz_1f44599103695a126e5bb6496ba52cb7,light,1,benign
0,0.16530579328536987,0,fitzpatrick17k,fitz_95c5799418105a41e8779592a8ba87ba,light,2,benign
0,0.6983680129051208,1,fitzpatrick17k,fitz_e74b6e2c4948d21c738e190208e599e5,medium,3,benign
1,0.41468408703804016,1,fitzpatrick17k,fitz_8a187db5d6efc0fd1f66674a0bfde9d9,medium,3,malignant
0,0.15718302130699158,0,fitzpatrick17k,fitz_ea3dfe5bf6f7b9df4e29ef19281c510f,light,2,benign
0,0.2950316071510315,1,fitzpatrick17k,fitz_8c221e093907ad7ac2864d40ac3de5b3,medium,3,benign
1,0.3963935077190399,1,fitzpatrick17k,fitz_6d8103fe00a1d3d5eccdc9ca1c82bf63,light,2,malignant
1,0.3197593092918396,1,fitzpatrick17k,fitz_32f210990987f39829733c1ab5e7f307,medium,4,malignant
0,0.17381274700164795,0,fitzpatrick17k,fitz_21c5508e51aecface4206f3ec6862b2a,light,2,benign
0,0.35788777470588684,1,fitzpatrick17k,fitz_d34afc36bc5206d5daf58f634bdcff2b,light,2,benign
0,0.26857060194015503,1,fitzpatrick17k,fitz_10c834123ad36ed406abfaed0989cd50,light,2,benign
1,0.8951682448387146,1,fitzpatrick17k,fitz_83a71553579194fa29e6b9e76fc90bbf,light,1,malignant
0,0.19842402637004852,0,fitzpatrick17k,fitz_1ee8bcfc969e60536d3be968cade4e12,medium,3,benign
1,0.19778122007846832,0,fitzpatrick17k,fitz_0b57e0f45e5f6b2da953b908dca9d2a6,medium,3,malignant
1,0.24188481271266937,1,fitzpatrick17k,fitz_82158cd3f9176568df93075f082f178d,light,2,malignant
1,0.25606441497802734,1,fitzpatrick17k,fitz_9071aa339d3fe202cd0fd9a9ae1de1e7,light,1,malignant
0,0.14260679483413696,0,fitzpatrick17k,fitz_f9c61ff6104c25edcd7a3cd39a73b612,light,2,benign
0,0.36541610956192017,1,fitzpatrick17k,fitz_afd5f49b32e05cd34c3c2dff471e5dd8,medium,4,benign
0,0.2926500141620636,1,fitzpatrick17k,fitz_3eb9f0847fd33bfac31423d413d0a21e,medium,4,benign
1,0.39359262585639954,1,fitzpatrick17k,fitz_a177a5fc4b0e7033c39fb4f2503279ab,dark,6,malignant
0,0.3979174792766571,1,fitzpatrick17k,fitz_7d8c0e2f01cc096258cbb4d080fe50d9,medium,3,benign
1,0.5114699006080627,1,fitzpatrick17k,fitz_72d8dc79694ce96e8eb37f25d00c32a9,light,1,malignant
0,0.2288881540298462,0,fitzpatrick17k,fitz_bdadd375f1f3a24a76548ec8aad728a1,light,1,benign
0,0.7732370495796204,1,fitzpatrick17k,fitz_ae1511b9bbc0fa89c73c335ef666b986,light,1,benign
1,0.4139336049556732,1,fitzpatrick17k,fitz_700be0e05d30d1b16be5bf971bba3411,dark,5,malignant
0,0.1804349720478058,0,fitzpatrick17k,fitz_f5b3d653b90167017440d0fed9ec6859,medium,3,benign
1,0.36336928606033325,1,fitzpatrick17k,fitz_37ef6efc7b2498d4a693e3da285fe940,light,2,malignant
1,0.5687063932418823,1,fitzpatrick17k,fitz_d10f7d686f7bea14ccba5de443458a56,medium,3,malignant
0,0.28460150957107544,1,fitzpatrick17k,fitz_8a10429e9c89822448998ea15aae1231,light,2,benign
1,0.28617191314697266,1,fitzpatrick17k,fitz_2bca2886bd9092632698662c969e551d,medium,3,malignant
0,0.18198449909687042,0,fitzpatrick17k,fitz_7a1fc4aba94408a5d067ed69533b834f,medium,3,benign
0,0.2893265187740326,1,fitzpatrick17k,fitz_b299cae1b4fb644ce92863671001b077,dark,5,benign
1,0.2561039328575134,1,fitzpatrick17k,fitz_079c3dd9e4b48d119bcdcfc024558128,medium,3,malignant
1,0.700721263885498,1,fitzpatrick17k,fitz_069aa5f23bea4851455a6b1412134e79,light,1,malignant
1,0.6330223083496094,1,fitzpatrick17k,fitz_25f134943f52c3ef254bb7ceb8b078c5,light,1,malignant
1,0.2430673986673355,1,fitzpatrick17k,fitz_ba91b9271c0ca0a534ca96e0bab9d98a,medium,3,malignant
1,0.33557990193367004,1,fitzpatrick17k,fitz_8718cf620c0488269eb502f2c2ed588c,light,2,malignant
0,0.3347850441932678,1,fitzpatrick17k,fitz_a4e45375ed04928a3bc132c669d012e8,light,2,benign
1,0.24493147432804108,1,fitzpatrick17k,fitz_93b062b6dfa77f4c6e763612557adee5,light,2,malignant
1,0.1920759379863739,0,fitzpatrick17k,fitz_466ad4e193a5c1ea266486037950ca91,light,2,malignant
0,0.39326566457748413,1,fitzpatrick17k,fitz_d0647549f040c62505aafb84f8329bcd,light,2,benign
0,0.23180650174617767,0,fitzpatrick17k,fitz_2dde520367328e9ca2433a16ae82ed4a,medium,4,benign
1,0.5184160470962524,1,fitzpatrick17k,fitz_acd650a29294e11114a43014d39fcd1c,light,2,malignant
0,0.2709786891937256,1,fitzpatrick17k,fitz_dd1706ef3de5fc42423745ab67f964db,light,2,benign
1,0.5330983400344849,1,fitzpatrick17k,fitz_62d9ec3242500622172da0af41cef076,light,2,malignant
1,0.33324944972991943,1,fitzpatrick17k,fitz_dc02b8bab10a4ce35a00ee4dba2b51ea,light,2,malignant
0,0.3153315782546997,1,fitzpatrick17k,fitz_55475b1eda99648495c76c8a85d5badd,light,2,benign
1,0.20088642835617065,0,fitzpatrick17k,fitz_8aa0c0210a09a713036cc34e4a77511c,medium,3,malignant
1,0.30736082792282104,1,fitzpatrick17k,fitz_37a5b13c8ac0146e73d022144dd06ab7,light,2,malignant
0,0.3090965151786804,1,fitzpatrick17k,fitz_d8b0791e7e4e7cb98b9eca57073b0aea,dark,5,benign
1,0.25277626514434814,1,fitzpatrick17k,fitz_680c550d96be1cdb24984373cc23bf34,light,2,malignant
1,0.45329880714416504,1,fitzpatrick17k,fitz_804c20da98db71680bd8d6ed0299fcac,light,2,malignant
0,0.13632938265800476,0,fitzpatrick17k,fitz_5a11757de44e14ee556aa61633aaca25,light,2,benign
0,0.2542679011821747,1,fitzpatrick17k,fitz_b22b6623b4a161c90e43de85c5be87f5,light,1,benign
1,0.25173044204711914,1,fitzpatrick17k,fitz_cef2dd1c93103711aed6687a619e0230,light,2,malignant
1,0.2670479416847229,1,fitzpatrick17k,fitz_64758634e47d4583b6b2c2e46469fee5,medium,4,malignant
0,0.18604576587677002,0,fitzpatrick17k,fitz_953af15468b5038fa5c7ff6ac8e073fc,light,1,benign
0,0.3078141510486603,1,fitzpatrick17k,fitz_9cb97ab4c66752d1b71dc3768051ae91,light,2,benign
1,0.7404778003692627,1,fitzpatrick17k,fitz_86665d212e168b26d21f1dc4a8d1f12b,light,2,malignant
0,0.5562900900840759,1,fitzpatrick17k,fitz_6097fdd9701dc4989980e25bba322ed7,light,1,benign
1,0.43549829721450806,1,fitzpatrick17k,fitz_961f0669f23e82f0a4fbd12de80e14b8,light,2,malignant
1,0.3735595941543579,1,fitzpatrick17k,fitz_42b88a567b578faed275128ba0272666,light,2,malignant
1,0.3117118775844574,1,fitzpatrick17k,fitz_bfead4ee428b49d3de415b28ddee47bf,medium,3,malignant
0,0.2525675594806671,1,fitzpatrick17k,fitz_fd290d16122769606f90056313b37078,light,1,benign
1,0.33004462718963623,1,fitzpatrick17k,fitz_3edf305f280a7b9753a141631b8f3ad9,dark,5,malignant
1,0.3958801329135895,1,fitzpatrick17k,fitz_3b36608c5ee59c5c9d86d64fb5309007,medium,4,malignant
0,0.3044016659259796,1,fitzpatrick17k,fitz_1520641157c9e8e9f18bb1c80196befa,medium,3,benign
0,0.2385498732328415,1,fitzpatrick17k,fitz_1d76114ea1cee496eb21836e03bb6aca,medium,4,benign
1,0.26229774951934814,1,fitzpatrick17k,fitz_58f8a6ea4d65b0c235565a6f0dab1643,light,1,malignant
1,0.3859093189239502,1,fitzpatrick17k,fitz_248f9241c4e76abbf049ba8b06e968ff,light,2,malignant
1,0.5421203970909119,1,fitzpatrick17k,fitz_18094354afbe15ab6966e9d23858acd3,light,1,malignant
1,0.7587759494781494,1,fitzpatrick17k,fitz_755bf21d14bf061df211b60e58e8e1dd,light,1,malignant
1,0.5742680430412292,1,fitzpatrick17k,fitz_ea5648a14a8e056d04c8ea29979b6423,medium,3,malignant
0,0.41799572110176086,1,fitzpatrick17k,fitz_6c12f0e99a7af40789ae5aaf42946d84,medium,4,benign
1,0.29191648960113525,1,fitzpatrick17k,fitz_02f11821915d67f20fb15a8e8b96c1d3,dark,6,malignant
1,0.26978176832199097,1,fitzpatrick17k,fitz_f6a4ea5cfd04edb74ab3446cb8df11ca,light,1,malignant
1,0.5918113589286804,1,fitzpatrick17k,fitz_47f82c73448a0cbf900d839ac3872496,light,2,malignant
0,0.5206595063209534,1,fitzpatrick17k,fitz_c440c4254e1ccd0d760439a798dc039c,light,1,benign
1,0.3189186453819275,1,fitzpatrick17k,fitz_37bbd5252040e26b37184a54feda5286,dark,6,malignant
0,0.3161851167678833,1,fitzpatrick17k,fitz_a3780fc4f71b9a998c6d768761fc3be0,light,1,benign
1,0.4217506945133209,1,fitzpatrick17k,fitz_a0e5ab87f7d3fe482d098d1e250804c2,light,2,malignant
1,0.312188059091568,1,fitzpatrick17k,fitz_c8c99a60fd88101507c10b601ab0bd0c,dark,6,malignant
0,0.27074864506721497,1,fitzpatrick17k,fitz_ba0c83429976a2db8f25675f5ca82755,medium,3,benign
1,0.32738447189331055,1,fitzpatrick17k,fitz_e734481a48634d1df0a307ec8bbb5c35,light,2,malignant
0,0.3509669303894043,1,fitzpatrick17k,fitz_be587c766f7442b22f0ff8b35c717a2c,dark,5,benign
0,0.37853461503982544,1,fitzpatrick17k,fitz_5940022fa2a35306a7e1b8438bddc7e6,light,2,benign
1,0.2058134526014328,0,fitzpatrick17k,fitz_c85a414180c75d978fb7259f2781b72e,light,2,malignant
1,0.2974778115749359,1,fitzpatrick17k,fitz_1ef72998789229d4659d564ba15e7432,dark,5,malignant
1,0.2743959128856659,1,fitzpatrick17k,fitz_7a1a18109e1ef016c01d4d546a8e6140,light,2,malignant
0,0.5389539003372192,1,fitzpatrick17k,fitz_6762baef7e56c8d76869592b3054ce44,light,2,benign
0,0.1955995261669159,0,fitzpatrick17k,fitz_31d5178f1080d39a338b8f278b62b56c,light,2,benign
0,0.20655478537082672,0,fitzpatrick17k,fitz_fd5dd82519cfa82bd6f23d9f83b421aa,light,1,benign
0,0.4103986620903015,1,fitzpatrick17k,fitz_bc6b509caeef6ceb1972e2a62f675cc7,medium,3,benign
1,0.7696107029914856,1,fitzpatrick17k,fitz_61202d0e548be68aed3e4816b432cc66,light,1,malignant
1,0.4085535705089569,1,fitzpatrick17k,fitz_04a6744f7ccc81994a58a726bb7636d0,light,2,malignant
0,0.17208555340766907,0,fitzpatrick17k,fitz_eb063404ab5fcf68b37891e80b2e4fad,light,1,benign
1,0.6823893785476685,1,fitzpatrick17k,fitz_371c578b2b298f59e97b620924576ff9,light,2,malignant
0,0.41504180431365967,1,fitzpatrick17k,fitz_c605f6e202e48de1f624e085f5316ffe,medium,3,benign
1,0.21202193200588226,0,fitzpatrick17k,fitz_ff16b28c029963056670f78b0a3d4c6a,medium,4,malignant
0,0.42421725392341614,1,fitzpatrick17k,fitz_796e5cdfb2b1851048a9c8a858e6f7b3,light,2,benign
0,0.8296488523483276,1,fitzpatrick17k,fitz_f09014ee407545b42e8b29d35d5b7ab6,light,1,benign
0,0.214673712849617,0,fitzpatrick17k,fitz_7157df00b18ea80d86c14380821cb447,light,2,benign
0,0.11418851464986801,0,fitzpatrick17k,fitz_e9161fe41230fc27334f0a404a13f211,light,1,benign
1,0.45122841000556946,1,fitzpatrick17k,fitz_4953e564460dbe32e48a21dcff8f6445,light,2,malignant
1,0.1645871102809906,0,fitzpatrick17k,fitz_5c9bb8ebeeb90ebc169bb299b41466a9,light,1,malignant
1,0.5127391219139099,1,fitzpatrick17k,fitz_6e620c3a29ad45715a16799d26589be3,medium,3,malignant
1,0.29042893648147583,1,fitzpatrick17k,fitz_c6d23b3dc7d33e5f5ebbec5fcbcdf3f5,light,2,malignant
0,0.32185086607933044,1,fitzpatrick17k,fitz_51d2b47a69773873a3baf7aa7db7c033,medium,3,benign
1,0.3874608278274536,1,fitzpatrick17k,fitz_ba250d0f0b1ed48ecc19465085c41cb0,light,2,malignant
0,0.18794649839401245,0,fitzpatrick17k,fitz_c94cc4bb8853b23b101fccc81fbc4a6d,light,1,benign
0,0.32390767335891724,1,fitzpatrick17k,fitz_b596d07643509eb50594eb5ab8eae2d8,light,2,benign
1,0.3566925823688507,1,fitzpatrick17k,fitz_7d4d2472191c9f0995572c9e64c02e3f,light,2,malignant
0,0.18852117657661438,0,fitzpatrick17k,fitz_d5b3b90897f255f97ac19c06585a948c,light,1,benign
0,0.16603416204452515,0,fitzpatrick17k,fitz_730ab48940959e88b9a1f0c47e0c861f,medium,3,benign
0,0.42408326268196106,1,fitzpatrick17k,fitz_14b5377983a89a22369ee7c9de43dff9,light,2,benign
1,0.4211629033088684,1,fitzpatrick17k,fitz_22453eeab8eb57c76951e23e713ecfdf,medium,4,malignant
0,0.17336773872375488,0,fitzpatrick17k,fitz_34a4c651410d5aba949d1f62b8cdd1cd,medium,3,benign
1,0.34742629528045654,1,fitzpatrick17k,fitz_392eb33bdb10edb95f740abbcc378a6f,light,1,malignant
1,0.35610345005989075,1,fitzpatrick17k,fitz_836f1defcf422295cbb2f4b1f045947a,medium,3,malignant
0,0.5016103386878967,1,fitzpatrick17k,fitz_55f69965ecea816e4e8394f7d3ef6f39,medium,3,benign
1,0.4106956422328949,1,fitzpatrick17k,fitz_75d9082e5e87d5776c563bc924965b18,medium,3,malignant
0,0.21267175674438477,0,fitzpatrick17k,fitz_859efabb195acb93f431208a60f4cbd7,light,2,benign
0,0.15828850865364075,0,fitzpatrick17k,fitz_1623819c2577eb2df0ef8a88e0e16ced,light,2,benign
0,0.5339450836181641,1,fitzpatrick17k,fitz_54801c1335acfcc8a1085ee9a29334bd,light,1,benign
0,0.30516505241394043,1,fitzpatrick17k,fitz_66c25b46db5e35e62de1cfa20070563c,light,2,benign
1,0.4078789949417114,1,fitzpatrick17k,fitz_6744db78a0f5c8b6a5ce65df24cb7473,medium,3,malignant
1,0.7785913944244385,1,fitzpatrick17k,fitz_664d794014b44cfa24cd8c4c864be636,medium,3,malignant
1,0.7367430329322815,1,fitzpatrick17k,fitz_c41ab9c1af73950c5b1f0c510d531366,medium,3,malignant
0,0.20934346318244934,0,fitzpatrick17k,fitz_6060ba22ae7d36d6822ee308648e0e59,light,2,benign
0,0.2679525315761566,1,fitzpatrick17k,fitz_73153de151483785856796f6e9577c3d,medium,4,benign
0,0.1907666176557541,0,fitzpatrick17k,fitz_cd47ebac91efee6d13dd2d5fbfb62568,light,1,benign
0,0.27240508794784546,1,fitzpatrick17k,fitz_ecd9690ec6e29b46c322a7a962aff002,light,1,benign
0,0.6529825329780579,1,fitzpatrick17k,fitz_d662d1dc3e783fc7705051c756069f42,light,1,benign
1,0.3313245177268982,1,fitzpatrick17k,fitz_87b267cfaca730eec92b385f6f8199c1,light,1,malignant
1,0.7876604795455933,1,fitzpatrick17k,fitz_9356818506b1d550379e01897aa9f811,medium,3,malignant
0,0.3440689444541931,1,fitzpatrick17k,fitz_3adb5b211e9eed41d0dd5b8956e4bd37,light,1,benign
0,0.21785718202590942,0,fitzpatrick17k,fitz_6e50e6c51326bd5cda671908e02fe299,light,1,benign
0,0.34856972098350525,1,fitzpatrick17k,fitz_b1881c3f24c95c6950b3d9e131406edb,light,1,benign
0,0.3651118278503418,1,fitzpatrick17k,fitz_59f5b0200f06bf4409e1991e2f206e1a,medium,3,benign
0,0.22796157002449036,0,fitzpatrick17k,fitz_436171fd0728642f9fd2f0b5f43c937b,light,1,benign
1,0.319996178150177,1,fitzpatrick17k,fitz_d13ed0851b5f952ab82a25c469ac8aff,dark,5,malignant
0,0.2878369987010956,1,fitzpatrick17k,fitz_26a3423baeb9501ddd17245f3c60b17f,medium,3,benign
1,0.2593521475791931,1,fitzpatrick17k,fitz_10cacf2e0873ae8f01f0f13202545ff7,light,1,malignant
1,0.4158058762550354,1,fitzpatrick17k,fitz_7a1b181c656129f67038293a095e7c51,light,1,malignant
1,0.36452555656433105,1,fitzpatrick17k,fitz_93641798b14fc85f2eb5b9b60d502fcf,dark,6,malignant
1,0.6610084772109985,1,fitzpatrick17k,fitz_bcb7326b02e64d66b66f7f8b503c4250,light,2,malignant
0,0.4367762804031372,1,fitzpatrick17k,fitz_656c560e200b0cfca63346939fa848d3,light,1,benign
0,0.36597922444343567,1,fitzpatrick17k,fitz_7b11131e99b5e053bf85dfeed5229ab5,light,2,benign
0,0.3296142816543579,1,fitzpatrick17k,fitz_fe35305dffc8e83fe82398b7899c4d22,medium,4,benign
0,0.2985859811306,1,fitzpatrick17k,fitz_b39695f246374fd531122d6f8e238359,medium,4,benign
1,0.3196098208427429,1,fitzpatrick17k,fitz_68528c33db3fc238d183b5d2c14d6f75,medium,3,malignant
1,0.45669686794281006,1,fitzpatrick17k,fitz_1f2489a044a3e3de6bb33af5359e267b,dark,5,malignant
1,0.28645578026771545,1,fitzpatrick17k,fitz_8e14a3fe5101161017215ce4bc75be54,light,1,malignant
0,0.16384677588939667,0,fitzpatrick17k,fitz_72df197c4d2328ff1191aaace64ea8e7,dark,5,benign
0,0.3085634112358093,1,fitzpatrick17k,fitz_9600c2c9fd3ca1db15ff6a3eb115b130,dark,5,benign
1,0.9194567799568176,1,fitzpatrick17k,fitz_96c0a686c6d2b974497d4c080d454df5,light,2,malignant
1,0.43240106105804443,1,fitzpatrick17k,fitz_6eab97097e17ebb49078b6f45c9f185a,light,1,malignant
1,0.1805889755487442,0,fitzpatrick17k,fitz_d15ea5efb526bdce8bde8b385f76905a,medium,4,malignant
1,0.2927967607975006,1,fitzpatrick17k,fitz_80af44814ea5730ac2e9ba49971ed054,medium,3,malignant
0,0.45421892404556274,1,fitzpatrick17k,fitz_6ea20aa255135dcdad4c4c539fc02952,light,2,benign
1,0.5394587516784668,1,fitzpatrick17k,fitz_3354d6e561d84457af0adddab4686b31,medium,3,malignant
0,0.30596113204956055,1,fitzpatrick17k,fitz_bffd8a9b8bbc1e2fb0cbbd03d1733d64,medium,3,benign
0,0.19188496470451355,0,fitzpatrick17k,fitz_3fac0ed7c8a7bd96981e6b0370beb67a,light,2,benign
1,0.36801785230636597,1,fitzpatrick17k,fitz_2d924a5a87ebe16ae171aa19ae304f5b,medium,4,malignant
0,0.44550618529319763,1,fitzpatrick17k,fitz_3bc7859eacff502567c5e7d4c3675386,medium,3,benign
1,0.3447410762310028,1,fitzpatrick17k,fitz_051e5c8ce730d6a81961ca551c9fdb2a,dark,5,malignant
0,0.3616681694984436,1,fitzpatrick17k,fitz_68317da6a46ee51da61f8973fb36c13c,light,2,benign
0,0.5012946724891663,1,fitzpatrick17k,fitz_e5afb8b3f6b6586ebc4264cccc2ac3ed,medium,3,benign
0,0.15040557086467743,0,fitzpatrick17k,fitz_88606e63a0533fcc7728778f5ac997a1,medium,3,benign
1,0.38646793365478516,1,fitzpatrick17k,fitz_142010938ae529cd6d394a803c7d135d,dark,6,malignant
1,0.42571234703063965,1,fitzpatrick17k,fitz_414d1baaee908089a3c09143507d5fd8,light,2,malignant
1,0.17689336836338043,0,fitzpatrick17k,fitz_14123577f30e3a495ac84e2cf1244a99,dark,5,malignant
1,0.6849273443222046,1,fitzpatrick17k,fitz_613bb35e2fb482c4bb7a4925ec0743b3,light,2,malignant
1,0.6442785859107971,1,fitzpatrick17k,fitz_2f330a206b1b7c37b1d82dfd04e25e04,medium,3,malignant
0,0.15100127458572388,0,fitzpatrick17k,fitz_718c0e95d068f9ba941323dff275a93a,medium,4,benign
0,0.3419577479362488,1,fitzpatrick17k,fitz_6d5dacc378b1328e0acf3070cb2b03b7,medium,3,benign
1,0.5695388317108154,1,fitzpatrick17k,fitz_8ad1a12672261156e2dd3ac462215d76,medium,4,malignant
0,0.45464304089546204,1,fitzpatrick17k,fitz_a8e48833aa24c2cdddb82cf83f1e3786,medium,4,benign
1,0.37340250611305237,1,fitzpatrick17k,fitz_6f7e7323fc3b1d98c4e3bfe5273f6b92,medium,4,malignant
1,0.5980042219161987,1,fitzpatrick17k,fitz_1d1ee437001fa401e4a5916c93f7e2ae,light,1,malignant
1,0.804448664188385,1,fitzpatrick17k,fitz_f6ccdc5b72ec1c8360ca3625c6caae82,light,2,malignant
1,0.2255437970161438,0,fitzpatrick17k,fitz_a8558bbb85a4e1854e2e0d581de9e886,medium,4,malignant
0,0.35880669951438904,1,fitzpatrick17k,fitz_f090c4485572120e94c74abbdaa465dd,light,2,benign
1,0.6466999650001526,1,fitzpatrick17k,fitz_8a891f4bfb77344d6ae4d236cb9ac4e5,light,2,malignant
1,0.32049569487571716,1,fitzpatrick17k,fitz_2aa5dac8b5f87535800796c039a818c8,medium,3,malignant
1,0.775993287563324,1,fitzpatrick17k,fitz_22bcca7d579abf5c2c121c98aa01a4c7,medium,3,malignant
0,0.34501001238822937,1,fitzpatrick17k,fitz_e96aa1f63f0fefc720b3c880ed99df3a,light,2,benign
1,0.5197234749794006,1,fitzpatrick17k,fitz_9069774637223d3e3c1b7663e35e9207,light,2,malignant
1,0.6095800399780273,1,fitzpatrick17k,fitz_06aa37c1fb2ae9dadf126143b98a1640,dark,5,malignant
1,0.17569231986999512,0,fitzpatrick17k,fitz_07c3f44536b46156450cf81a451ccedb,medium,3,malignant
1,0.7103931307792664,1,fitzpatrick17k,fitz_6fb6afb84ad3fadb641d9d5673156e93,light,1,malignant
0,0.488359272480011,1,fitzpatrick17k,fitz_cd6ce97763ba3f98385e83b05aa7458c,light,2,benign
1,0.4851974546909332,1,fitzpatrick17k,fitz_c40432238e3ce04f39d1d23f13527c67,light,1,malignant
0,0.40540874004364014,1,fitzpatrick17k,fitz_d79c66a92d55620af459bc25e190971a,medium,4,benign
0,0.1510448008775711,0,fitzpatrick17k,fitz_59f836f94168551a1a24e73352d68ae3,medium,3,benign
1,0.7391514778137207,1,fitzpatrick17k,fitz_bb3d08781eb23890a9909201deed8c85,medium,3,malignant
0,0.36895254254341125,1,fitzpatrick17k,fitz_a9a8e1bda61bd6d24d074b571fec6853,light,2,benign
1,0.40352320671081543,1,fitzpatrick17k,fitz_15a259f7d6ba10129c0cc837d551a5b8,dark,5,malignant
1,0.8372541069984436,1,fitzpatrick17k,fitz_70a229de10ed48af1fd97db19997aa62,medium,3,malignant
1,0.39861685037612915,1,fitzpatrick17k,fitz_4c6e412b4f3f5b743e7fbc2a2c535eef,dark,6,malignant
1,0.47040170431137085,1,fitzpatrick17k,fitz_4ff1ea06e98ef27ae93b27fbfa384a75,medium,4,malignant
1,0.4090297520160675,1,fitzpatrick17k,fitz_7270099b2bb8e4b2454a5e23c5c8960b,medium,3,malignant
0,0.3469958007335663,1,fitzpatrick17k,fitz_91c2a2d75d43488ff67d36bafefaeba7,medium,4,benign
1,0.21402882039546967,0,fitzpatrick17k,fitz_f7c6e5f7929dd5ca2b066698fd2e83ba,light,2,malignant
1,0.2026439756155014,0,fitzpatrick17k,fitz_cee7765b5c79a3c4a5354fe3a755c388,light,2,malignant
1,0.38221797347068787,1,fitzpatrick17k,fitz_f6e60656f07352aa4b604fd121c7b8a6,light,2,malignant
1,0.7209416031837463,1,fitzpatrick17k,fitz_fcc9ed3892215e076e9dc5b7a8bf81e7,medium,4,malignant
0,0.18979988992214203,0,fitzpatrick17k,fitz_ee66b882c6b13c71daaaa7141969b0cc,light,2,benign
1,0.20502977073192596,0,fitzpatrick17k,fitz_b1f5e53bd14607b73779265e8ba0acd4,medium,4,malignant
0,0.3233201801776886,1,fitzpatrick17k,fitz_58e381db621adcc7dfb8d6755a61bccd,medium,4,benign
1,0.1684713214635849,0,fitzpatrick17k,fitz_5ff2e2cbcbb9f92610ec54dca324d149,dark,5,malignant
1,0.25338709354400635,1,fitzpatrick17k,fitz_73ac23918c9537a8c792938b64f779e0,medium,4,malignant
0,0.22949546575546265,0,fitzpatrick17k,fitz_d8f292e57a074853bfbdb305a9eb73f6,medium,3,benign
0,0.2426433563232422,1,fitzpatrick17k,fitz_c9d828d3c3cc193f7c802814fb6fba11,dark,5,benign
1,0.8037675023078918,1,fitzpatrick17k,fitz_cd5e1db7f0aac364ba2a0fd6407dd4cf,medium,3,malignant
1,0.7898313403129578,1,fitzpatrick17k,fitz_85eecdee71e8ac56831eb6bf276c28bb,medium,4,malignant
0,0.19420023262500763,0,fitzpatrick17k,fitz_d9480e888a1caa8f33fb117b24424eeb,medium,4,benign
1,0.2173050194978714,0,fitzpatrick17k,fitz_95c2deba9f2b97f6f482f0be1c69c0c0,medium,3,malignant
1,0.42879143357276917,1,fitzpatrick17k,fitz_9dd0c1d46a417fa57f686091e213920e,medium,4,malignant
1,0.6284665465354919,1,fitzpatrick17k,fitz_875d767d2fa63aa3f740d7d19f21e32a,dark,5,malignant
1,0.5226503610610962,1,fitzpatrick17k,fitz_84bb739a297c4d52efe756a2f398f1da,medium,3,malignant
1,0.320564866065979,1,fitzpatrick17k,fitz_2a5ade59d80877fcfc12811abe61556e,light,2,malignant
1,0.7395153641700745,1,fitzpatrick17k,fitz_bf50a7b1441576de64d5a5cd44c75c48,light,2,malignant
1,0.1979956179857254,0,fitzpatrick17k,fitz_37566d4150bbc6080c2dd4ecc7ff9431,medium,3,malignant
0,0.2616094946861267,1,fitzpatrick17k,fitz_20befb1b6128fad2e770487c5b998d6c,medium,4,benign
1,0.7684205770492554,1,fitzpatrick17k,fitz_ace824524daf49082f44882d8659a50b,light,2,malignant
1,0.26436755061149597,1,fitzpatrick17k,fitz_7c015dcdbe6e3f3c2911a64342c135c6,medium,4,malignant
1,0.6799108982086182,1,fitzpatrick17k,fitz_0a152642bc8270880808ab9477846866,medium,3,malignant
0,0.20870406925678253,0,fitzpatrick17k,fitz_3fbb46ab616ef3d1725db205095b2d03,dark,5,benign
1,0.259255588054657,1,fitzpatrick17k,fitz_87089a4409606968748d64f20865a2dc,medium,4,malignant
1,0.22490091621875763,0,fitzpatrick17k,fitz_b0acf3a63fa757598b06c51a431eea6d,medium,3,malignant
1,0.61350417137146,1,fitzpatrick17k,fitz_13aa2de8804ae601cd45c1c4cac9bc6f,medium,4,malignant
1,0.8080411553382874,1,fitzpatrick17k,fitz_11ac867b9e3bd555d22a4945ceaffcf6,medium,3,malignant
1,0.4133407473564148,1,fitzpatrick17k,fitz_c5d35b4740eb83ed02bfa93966de2276,medium,3,malignant
1,0.3412172198295593,1,fitzpatrick17k,fitz_8f00177862cb143ca7effe4d6f57a104,medium,3,malignant
1,0.16416233777999878,0,fitzpatrick17k,fitz_6f1cea03b7d8e82e852c1f95ee8a9d0f,medium,3,malignant
0,0.3234028220176697,1,fitzpatrick17k,fitz_d481e82db27a8a1cdef7083d7d52a5f8,medium,3,benign
0,0.32688969373703003,1,fitzpatrick17k,fitz_1e9df108fbd1e38ca2bfc792e00520e3,dark,5,benign
0,0.34232279658317566,1,fitzpatrick17k,fitz_d4c50e54ff437793a0e27cc60416dfbf,medium,3,benign
0,0.5003571510314941,1,fitzpatrick17k,fitz_62462e18a0638d8e480dd2f80ea05f9a,light,2,benign
0,0.7204219698905945,1,fitzpatrick17k,fitz_f938b1757e030e713c81ab5ccf86dc93,medium,4,benign
1,0.8873524069786072,1,fitzpatrick17k,fitz_de2a6626fa354f736fae29f7402956f1,dark,6,malignant
1,0.29934534430503845,1,fitzpatrick17k,fitz_0b4d3115ffeae11ac35e71766a28c748,dark,5,malignant
1,0.6291949152946472,1,fitzpatrick17k,fitz_5b80aba14b5caf42e854d17d3cdf2df2,light,1,malignant
1,0.5843003392219543,1,fitzpatrick17k,fitz_9b470afe41438bbf127bcff35591a461,light,1,malignant
0,0.2760075032711029,1,fitzpatrick17k,fitz_4a79b6c4159711edb7f3d868986159ec,dark,5,benign
1,0.2772601842880249,1,fitzpatrick17k,fitz_4232bfc4519a01247ebebb87f74fbde1,dark,6,malignant
1,0.542983889579773,1,fitzpatrick17k,fitz_e03a74d6e3859a7f29e7f77190c50d8f,light,1,malignant
1,0.4776092767715454,1,fitzpatrick17k,fitz_339d21e178104dd6280e1ac6d354a695,medium,4,malignant
1,0.667025625705719,1,fitzpatrick17k,fitz_d355c68d7a408adefaac774c6ff660d9,medium,3,malignant
1,0.5262425541877747,1,fitzpatrick17k,fitz_3b7e06dda645a02dca6abfc20a02c4b5,medium,3,malignant
1,0.38313817977905273,1,fitzpatrick17k,fitz_8bdf085e79f86fbfd2f5141b5b3df776,medium,4,malignant
0,0.43328163027763367,1,fitzpatrick17k,fitz_c01623aebd4b43f4a36b39c4fe3eb847,medium,3,benign
1,0.42076730728149414,1,fitzpatrick17k,fitz_967a8b6daeb91f97027f409fe778b714,dark,5,malignant
1,0.48691079020500183,1,fitzpatrick17k,fitz_d95c392d3e9ee2f7adbd7ddbda21d686,medium,3,malignant
0,0.19308029115200043,0,fitzpatrick17k,fitz_0bc9e550f5428ba100d3cd202eb3a033,light,2,benign
1,0.4001522660255432,1,fitzpatrick17k,fitz_2869dab9acf2f66a2f6a84564744e2b0,medium,4,malignant
1,0.403021901845932,1,fitzpatrick17k,fitz_4ab4fa98f5acf7ec42886917128df401,dark,6,malignant
1,0.20315393805503845,0,fitzpatrick17k,fitz_9beeeb0b8f6d8468c3e88cc31006deae,light,2,malignant
0,0.30079787969589233,1,fitzpatrick17k,fitz_6a67334786785135b8acaeac2deaf861,medium,3,benign
0,0.23145124316215515,0,fitzpatrick17k,fitz_ba463307826118df842dde3d86035e64,medium,3,benign
1,0.2078470140695572,0,fitzpatrick17k,fitz_9209a4be6a83500ae0c536cc16386284,dark,5,malignant
1,0.2791609764099121,1,fitzpatrick17k,fitz_8b1aac66f2434dc37c84ba01f2c08605,medium,4,malignant
1,0.8552549481391907,1,fitzpatrick17k,fitz_c02bd8d61feda28f1cf90efb126b5b1a,medium,3,malignant
1,0.5130935907363892,1,fitzpatrick17k,fitz_0fd4f7d195dd7b1355d2389d8b2ed1dc,light,2,malignant
1,0.23280850052833557,1,fitzpatrick17k,fitz_e923714f9e9f1efa1b8ba453445e699c,medium,3,malignant
0,0.4800928235054016,1,fitzpatrick17k,fitz_6907a4d2fbc55ee63fc6ea21dd3cd101,medium,4,benign
0,0.199630007147789,0,fitzpatrick17k,fitz_c9d6da6e630c177dc49d9599621a7483,medium,4,benign
1,0.39919328689575195,1,fitzpatrick17k,fitz_ec434ee7ba467dd5ec5a4b87fd515e29,medium,4,malignant
1,0.5578529834747314,1,fitzpatrick17k,fitz_afa20ef60268a59dc941d8de20af6abd,medium,3,malignant
0,0.3153289258480072,1,fitzpatrick17k,fitz_516f653ad62aac360ff790f52ae5437c,light,2,benign
0,0.25548404455184937,1,fitzpatrick17k,fitz_8c00a4d7a5bb338d4538945e2e4c8cd6,dark,5,benign
0,0.33972033858299255,1,fitzpatrick17k,fitz_3a1577a82589d62ee3eb845e9c318ca8,medium,4,benign
1,0.2344130575656891,1,fitzpatrick17k,fitz_b30468853e0ad984dfbf53fceee5942f,medium,3,malignant
1,0.6293417811393738,1,fitzpatrick17k,fitz_a0429ec7dd6733573064f6056eb7944e,light,2,malignant
1,0.5088733434677124,1,fitzpatrick17k,fitz_f2404024ad9adf7355a5363efe418567,medium,3,malignant
1,0.8178082704544067,1,fitzpatrick17k,fitz_7d5ad8c28f8ef3587fb14ddb53c316cd,light,2,malignant
0,0.2080446183681488,0,fitzpatrick17k,fitz_19ce53c364f3b0b022270c91e8ea64d7,light,2,benign
1,0.6729398965835571,1,fitzpatrick17k,fitz_228c237da9bca35c55632db3a7b78264,light,1,malignant
0,0.23948489129543304,1,fitzpatrick17k,fitz_99e361c5820619ab35c68cac47b41ea5,medium,4,benign
1,0.5332679748535156,1,fitzpatrick17k,fitz_6291ff38493700eccb9816dc3586cd17,medium,3,malignant
1,0.841274082660675,1,fitzpatrick17k,fitz_b76381e00a47d51418c19231ec321e20,light,2,malignant
1,0.44923266768455505,1,fitzpatrick17k,fitz_22bd8aa5373f1091456b7f40af1ce786,medium,4,malignant
1,0.5622648596763611,1,fitzpatrick17k,fitz_6b174a5db8261270d5620a19f78898c8,dark,6,malignant
1,0.39622485637664795,1,fitzpatrick17k,fitz_16da44ca4bd3c77321401f8f4ae82138,light,2,malignant
1,0.26635387539863586,1,fitzpatrick17k,fitz_31ef1691003e2135a9e796254d596d64,dark,5,malignant
1,0.21139179170131683,0,fitzpatrick17k,fitz_eefcaa4061e195fa602680a763c5e79a,medium,3,malignant
1,0.6771402359008789,1,fitzpatrick17k,fitz_32402e8c62ef1a1d67723e10a356335b,light,1,malignant
1,0.1680935025215149,0,fitzpatrick17k,fitz_f37e2d17279aeb64cc2674d72291b4ae,medium,4,malignant
0,0.167448028922081,0,fitzpatrick17k,fitz_1e47962dfdfe1ccaaf34732868a16145,medium,3,benign
0,0.2039680778980255,0,fitzpatrick17k,fitz_d6fc0056182f22e51d727af0524ad8df,medium,4,benign
0,0.5731275677680969,1,fitzpatrick17k,fitz_9596c8487ccf09bf836a1e308b440f7b,medium,3,benign
1,0.751144528388977,1,fitzpatrick17k,fitz_ab7f5d4d82844334fd046cfa3d0c52b7,light,1,malignant
1,0.43143659830093384,1,fitzpatrick17k,fitz_3b290d262098f761d719aa07cf36c040,medium,4,malignant
1,0.6101769208908081,1,fitzpatrick17k,fitz_514d66c5bfd013ff057365fcd5c995f2,medium,3,malignant
1,0.6293953657150269,1,fitzpatrick17k,fitz_5d25c6673ea2d8b1268f9b644723843d,medium,3,malignant
1,0.5593075752258301,1,fitzpatrick17k,fitz_ae0f57af6ace4b075703d55ff00f2574,light,2,malignant
1,0.565965473651886,1,fitzpatrick17k,fitz_99c09906cd9631d6ff648f680ce3c7a2,medium,4,malignant
1,0.3686528205871582,1,fitzpatrick17k,fitz_c118e1b0b179f299b4a814d78059c137,medium,3,malignant
1,0.30364179611206055,1,fitzpatrick17k,fitz_4343f98b39a54c43563b2819a20beaea,medium,3,malignant
0,0.4467383623123169,1,fitzpatrick17k,fitz_37804e80bc8a269bd456fa8f67b3a839,light,2,benign
0,0.1717139482498169,0,fitzpatrick17k,fitz_ffe62c609421e3adaa69ee1751dd6a37,light,2,benign
0,0.3258971571922302,1,fitzpatrick17k,fitz_df230db5bd345ad708464fb9ecce6a55,light,2,benign
1,0.37047022581100464,1,fitzpatrick17k,fitz_8befc3a0c8600e273977e3a8888a802f,light,2,malignant
1,0.6394016146659851,1,fitzpatrick17k,fitz_04672ea146d9dbc081cf63c160c7dfa0,light,1,malignant
1,0.520617663860321,1,fitzpatrick17k,fitz_3889e119deceb3e9f6b0719ad9431086,medium,3,malignant
1,0.5887134671211243,1,fitzpatrick17k,fitz_eec8c53d191fee6417cfcd4f12d415d3,light,2,malignant
1,0.5546544194221497,1,fitzpatrick17k,fitz_c3b96b61412f2004d8c5a281ce9ffcd3,medium,3,malignant
0,0.3676697611808777,1,fitzpatrick17k,fitz_2dfbfb0d7468ff9aa4d7c70bcf4a84c7,light,1,benign
1,0.5872924327850342,1,fitzpatrick17k,fitz_d33000ba378f61a583220a7fc0eade81,dark,5,malignant
1,0.5795145630836487,1,fitzpatrick17k,fitz_63f2efe8aab42d66f08a223d21b79f9d,light,2,malignant
1,0.24287603795528412,1,fitzpatrick17k,fitz_ddbe1c3f36e36d3e2c884742ce576279,medium,3,malignant
0,0.5271681547164917,1,fitzpatrick17k,fitz_9af2edfb123f4ff28cfbec38a2ed3e88,medium,3,benign
1,0.46470656991004944,1,fitzpatrick17k,fitz_ce6185287c4b9aabd353be048b379f22,medium,3,malignant
0,0.7646445631980896,1,fitzpatrick17k,fitz_aed381c868ecd4d8bcd3d78390206a60,medium,4,benign
0,0.19795313477516174,0,fitzpatrick17k,fitz_5d67b5d6f9ae8f186a2c76573d5000b0,medium,3,benign
1,0.5813747644424438,1,fitzpatrick17k,fitz_257b98dac6241fa7fc474d3ccd0cc23e,dark,5,malignant
1,0.7577062249183655,1,fitzpatrick17k,fitz_82375585ff47e3738a54447e43b613f2,medium,4,malignant
1,0.23641112446784973,1,fitzpatrick17k,fitz_524aaebd1cc57cbc543f8f1c499615d4,medium,3,malignant
1,0.9217817187309265,1,fitzpatrick17k,fitz_17313d3de1e4c2952908201cb825e340,light,2,malignant
0,0.1807800829410553,0,fitzpatrick17k,fitz_0de026e61445d16bc819b7f05ad2a68d,medium,4,benign
0,0.3213222324848175,1,fitzpatrick17k,fitz_5a55b6a5368fee12881efc2bfb3ddb29,medium,3,benign
1,0.18421532213687897,0,fitzpatrick17k,fitz_c0a31afecc839c5fccf8c15ca9cee431,dark,6,malignant
0,0.3146074712276459,1,fitzpatrick17k,fitz_0a55e2e0b4d0241785ba9787829c6dfc,medium,3,benign
1,0.5579369068145752,1,fitzpatrick17k,fitz_19052eee2e7efa39b3089fff1c5f8f77,light,2,malignant
1,0.59550940990448,1,fitzpatrick17k,fitz_47cb1bb512da0f22002f75e9f158c6e8,medium,4,malignant
1,0.7624804377555847,1,fitzpatrick17k,fitz_190822f2e75490299428db99d2f34486,medium,3,malignant
0,0.2236325740814209,0,fitzpatrick17k,fitz_ba91d5fb3912773dbcc64434d8f129a7,medium,4,benign
1,0.7150557637214661,1,fitzpatrick17k,fitz_78219f1a6402b8f83a9eecfed6a35c0c,light,2,malignant
0,0.2668913006782532,1,fitzpatrick17k,fitz_1663e75536f056d5158dcd192e591b1e,medium,3,benign
1,0.5579641461372375,1,fitzpatrick17k,fitz_cd509e89fbf306cbd9e46574e6bc4391,medium,4,malignant
1,0.1765763759613037,0,fitzpatrick17k,fitz_72015b5cbc3acebc1441248befaa321a,dark,5,malignant
1,0.3315626382827759,1,fitzpatrick17k,fitz_9bfb3777fbfe372a890ce8ad2fe29d31,light,1,malignant
1,0.23545828461647034,1,fitzpatrick17k,fitz_62730dff94663cd3ecfd226478e7bc72,light,2,malignant
1,0.41703304648399353,1,fitzpatrick17k,fitz_ac6e3dc1e49d8d74f51345ba2876ec18,medium,3,malignant
0,0.22652669250965118,0,fitzpatrick17k,fitz_e96f62903251bfa28d6d4ecf6c4341f4,medium,4,benign
1,0.3165074586868286,1,fitzpatrick17k,fitz_ce7b0d125669568a40712915b5d47459,light,2,malignant
1,0.19055725634098053,0,fitzpatrick17k,fitz_5802610b87c8098cf71de102f2e9652d,medium,3,malignant
0,0.16923877596855164,0,fitzpatrick17k,fitz_5690933c136cfc1eb629062b05be1b83,medium,3,benign
1,0.3198378086090088,1,fitzpatrick17k,fitz_df8704cc8d07e12536c22cb9670dbb25,dark,5,malignant
1,0.36188647150993347,1,fitzpatrick17k,fitz_e54daa4b483474920f81739c264c1efc,dark,5,malignant
0,0.3676992654800415,1,fitzpatrick17k,fitz_548ec840d0d93a2e469cd33f6127cd6d,dark,5,benign
1,0.7771453261375427,1,fitzpatrick17k,fitz_429baf43d2dfce514c2bbf837a537623,medium,3,malignant
0,0.5041490793228149,1,fitzpatrick17k,fitz_530b010e31741289b4cb1b1f07bb2380,light,2,benign
1,0.7675772905349731,1,fitzpatrick17k,fitz_f9c6ce09c18ab2ba730a0ed8e92b620f,medium,3,malignant
0,0.18886788189411163,0,fitzpatrick17k,fitz_e78853dfe442ba997bc7a8271082e1a3,medium,3,benign
0,0.366191565990448,1,fitzpatrick17k,fitz_2600344136b9750ac5f65e39bfeaea3f,medium,3,benign
0,0.21843308210372925,0,fitzpatrick17k,fitz_2d344b03816a60495078387cc99f335d,dark,5,benign
0,0.1810796558856964,0,fitzpatrick17k,fitz_cb33bd170307c07e3547c91b825e65a7,medium,4,benign
1,0.26383620500564575,1,fitzpatrick17k,fitz_1dcc2fb45c366dafbb1f45c0e8afd3bd,dark,5,malignant
0,0.20400990545749664,0,fitzpatrick17k,fitz_ff65d3db00e773387f09da586f59f545,medium,4,benign
1,0.35385218262672424,1,fitzpatrick17k,fitz_3051fedba7a0300d60d48d91766831c4,dark,5,malignant
1,0.43828707933425903,1,fitzpatrick17k,fitz_3a99a5259471f5fee1d4db0d2067b413,medium,4,malignant
0,0.14216159284114838,0,fitzpatrick17k,fitz_10cbe527905d61220233b3b00e5566ee,medium,4,benign
1,0.21255256235599518,0,fitzpatrick17k,fitz_a468181a518bae4b2f40c237969c97df,dark,5,malignant
1,0.4646856188774109,1,fitzpatrick17k,fitz_752f4f78bf2794442a03155ca7647a87,medium,3,malignant
1,0.4249005615711212,1,fitzpatrick17k,fitz_a6887106885c0371916de914af87c31d,medium,3,malignant
1,0.5285001397132874,1,fitzpatrick17k,fitz_d96a857ee0300968debe100bdf7d6e24,medium,3,malignant
0,0.28588423132896423,1,fitzpatrick17k,fitz_532504148c464e82a7bd970a0e2ac371,medium,4,benign
1,0.17896118760108948,0,fitzpatrick17k,fitz_3b7dbe80a5fa8ca9af3620b1d79acec6,medium,3,malignant
1,0.40702515840530396,1,fitzpatrick17k,fitz_9c086096fe77da43c2ed2be854b657a2,light,2,malignant
1,0.37099218368530273,1,fitzpatrick17k,fitz_f420eb73f0b50a89b5fddccc85796062,light,2,malignant
0,0.2571006417274475,1,fitzpatrick17k,fitz_fefef7382f3fdab7506fac1238c8b81c,medium,4,benign
1,0.5640137195587158,1,fitzpatrick17k,fitz_9d0ac0581b79c21928705c61bc05a636,light,2,malignant
1,0.5106929540634155,1,fitzpatrick17k,fitz_4fa9a2f6266c5e685bbce85809b99bee,dark,5,malignant
0,0.18543179333209991,0,fitzpatrick17k,fitz_c996308d0e96ee68ce1353c7a4810a31,light,2,benign
0,0.5186684727668762,1,fitzpatrick17k,fitz_7ee21e6c71ee77980f3480bdbbf27a88,medium,4,benign
1,0.7954955697059631,1,fitzpatrick17k,fitz_910c7ae0e80a50e2774cf4b166378b18,light,2,malignant
1,0.492640882730484,1,fitzpatrick17k,fitz_084d223d5918ec2ddae37f2f8061e23c,dark,5,malignant
0,0.20443929731845856,0,fitzpatrick17k,fitz_8be70cfaaeadbb20bfc0cc4f874bd1d4,light,2,benign
0,0.49391376972198486,1,fitzpatrick17k,fitz_b836e1e86e845deaf8b280c0246d86a4,medium,4,benign
0,0.14374655485153198,0,fitzpatrick17k,fitz_0e16117b2b9d1e457987386e363cc03c,medium,3,benign
1,0.2748769223690033,1,fitzpatrick17k,fitz_b2a36a8d0b2c0d129e7510a32c18bdcc,medium,4,malignant
1,0.23097677528858185,0,fitzpatrick17k,fitz_f44f3454329e674663e68da31c24e674,medium,3,malignant
0,0.25657105445861816,1,fitzpatrick17k,fitz_44df5dceb5722eeaac76f8957926ae0a,medium,4,benign
1,0.33903801441192627,1,fitzpatrick17k,fitz_3368f86f3ab52a1362f4c1aac02c14be,light,2,malignant
0,0.4548548460006714,1,fitzpatrick17k,fitz_506c69da28b63b617677deafd750c3de,medium,4,benign
0,0.18811780214309692,0,fitzpatrick17k,fitz_057144673db592e4c06d3eae41574c10,medium,3,benign
1,0.613907516002655,1,fitzpatrick17k,fitz_e2b108ec0b0d9df5ad536cfde4fb543f,light,2,malignant
1,0.3686501085758209,1,fitzpatrick17k,fitz_45297051705ac6a8b8d04264cae21bc3,light,1,malignant
1,0.384499192237854,1,fitzpatrick17k,fitz_6bc3cb3a8500f1fb22684028b720a032,light,2,malignant
1,0.8015804290771484,1,fitzpatrick17k,fitz_e315766377e07b3a78c789f1ef6cf529,dark,5,malignant
1,0.22844494879245758,0,fitzpatrick17k,fitz_dfe4994c0601b1cd8f94e076f6945c3f,medium,3,malignant
1,0.2247767299413681,0,fitzpatrick17k,fitz_04437cd3092a8922dc9af8100d350431,medium,4,malignant
1,0.6612979173660278,1,fitzpatrick17k,fitz_40b3e8829b08cfac1b06b44857e290f4,light,2,malignant
1,0.7249593138694763,1,fitzpatrick17k,fitz_89fec580f8f8f7bab2f4199ff2234e7f,medium,3,malignant
1,0.23711207509040833,1,fitzpatrick17k,fitz_ab641dc2d33a9a81e7d931eb47e3be4e,light,2,malignant
0,0.43200427293777466,1,fitzpatrick17k,fitz_df85f658d1cf5b29c95d2018c32a050a,medium,3,benign
0,0.27034756541252136,1,fitzpatrick17k,fitz_c69c1b503d56830699dc0fbbb5c9c1f0,medium,3,benign
1,0.19768232107162476,0,fitzpatrick17k,fitz_923534fd044e776e66d0e5fca35e0a1c,light,1,malignant
0,0.18856137990951538,0,fitzpatrick17k,fitz_06f65d8dde6dde8c772966689a06ad66,light,2,benign
0,0.17425689101219177,0,fitzpatrick17k,fitz_ddc8eaaf09188277072ee805cb73c8da,medium,4,benign
0,0.24008645117282867,1,fitzpatrick17k,fitz_74a2d7b3c01c63f68614c48270507f89,medium,4,benign
1,0.35125014185905457,1,fitzpatrick17k,fitz_afc4bdb0cdefbdb03a1335a89ebe49c6,medium,4,malignant
1,0.6024240851402283,1,fitzpatrick17k,fitz_07de122cbdd10a1b4719b6c9c8cb764f,medium,3,malignant
0,0.22402545809745789,0,fitzpatrick17k,fitz_93f92f695c7e5d55004f1f05d8617f12,medium,3,benign
1,0.7583020925521851,1,fitzpatrick17k,fitz_34eb78207519afd3d4835e52a67218d5,light,2,malignant
1,0.8576975464820862,1,fitzpatrick17k,fitz_5c58b1691f53c9ab0c4a8a5f7e49c8ff,light,2,malignant
0,0.20191717147827148,0,fitzpatrick17k,fitz_9b950015c022988a79291ec308d2c839,dark,5,benign
0,0.27059483528137207,1,fitzpatrick17k,fitz_9f02224f0aecb68e7e32278e3fc316b3,light,2,benign
0,0.17795397341251373,0,fitzpatrick17k,fitz_31101499ce05d4685f06fe3267e50c20,medium,4,benign
0,0.23906366527080536,1,fitzpatrick17k,fitz_24541df12ac58db17a35401ee7e427f9,medium,4,benign
1,0.6686616539955139,1,fitzpatrick17k,fitz_d11416a368eb814bae7eeb54d357f46b,light,2,malignant
0,0.2164900153875351,0,fitzpatrick17k,fitz_d5ecee92dd62521055328614523535ac,medium,4,benign
1,0.521894633769989,1,fitzpatrick17k,fitz_08a183312614facc181ff92c032dc8b0,light,1,malignant
1,0.3221972584724426,1,fitzpatrick17k,fitz_2dc5c700e1ba2c10091d84c7c8818a7a,medium,3,malignant
1,0.7655089497566223,1,fitzpatrick17k,fitz_93c3ccc320820c1ea641dc6244f03109,dark,5,malignant
1,0.6478360891342163,1,fitzpatrick17k,fitz_84e466bb6cfd0812bf7c0ccb26132202,medium,3,malignant
1,0.4350966513156891,1,fitzpatrick17k,fitz_70766ed2b71ab0e8c5b387e172213eee,dark,5,malignant
0,0.39354386925697327,1,fitzpatrick17k,fitz_e268515e2171df91156578c7d0862969,medium,4,benign
0,0.22416310012340546,0,fitzpatrick17k,fitz_ac713d803bfccd03939a4d3a0785491c,dark,5,benign
1,0.41957154870033264,1,fitzpatrick17k,fitz_70febe1909055262ca282551a222a10f,medium,4,malignant
0,0.25210168957710266,1,fitzpatrick17k,fitz_61c220d156f4c0cf2acdf5c8a9cc8ab1,light,2,benign
0,0.2523680329322815,1,fitzpatrick17k,fitz_bebe28df15b1511d462e21666d9ed9c1,medium,4,benign
0,0.1945791393518448,0,fitzpatrick17k,fitz_25240cda5c5a576b9bbf092957512804,medium,4,benign
0,0.1691313087940216,0,fitzpatrick17k,fitz_2b703d98eb26cef83288706714897fee,medium,4,benign
1,0.5021429061889648,1,fitzpatrick17k,fitz_8b545da3675c0f8fa30fff4b2c75c4f6,dark,5,malignant
1,0.28273576498031616,1,fitzpatrick17k,fitz_c22dfb448848253cc53435cdb23c1271,medium,3,malignant
1,0.3641629219055176,1,fitzpatrick17k,fitz_96004967206f290b58a07554103b46df,light,2,malignant
1,0.20843160152435303,0,fitzpatrick17k,fitz_7954c76a4c9f3404769986b22e88cc46,medium,4,malignant
1,0.46595990657806396,1,fitzpatrick17k,fitz_7297014b0c70456e5bae9b3d0c846bfe,medium,3,malignant
1,0.5090012550354004,1,fitzpatrick17k,fitz_3a2548935342032a9aff94b776e31c1d,dark,6,malignant
0,0.2212786227464676,0,fitzpatrick17k,fitz_10a1628a6d86c2e0bf8835bfd60850a1,light,2,benign
0,0.2574687600135803,1,fitzpatrick17k,fitz_5a84d9c3518bad3403c31fde904acc74,medium,3,benign
1,0.6523901224136353,1,fitzpatrick17k,fitz_8c3d26edb18555bbc6146f3581a66d82,medium,4,malignant
1,0.4948318898677826,1,fitzpatrick17k,fitz_d799c42032899b30e39a5ce95c27f098,medium,4,malignant
1,0.6455690264701843,1,fitzpatrick17k,fitz_0b283a47352d88ab55257c9fce2d3603,medium,3,malignant
0,0.718916118144989,1,fitzpatrick17k,fitz_6b337bc10e258453c38f7d284ac4bbef,light,2,benign
1,0.24230240285396576,1,fitzpatrick17k,fitz_15ae20e3d92a7416e655443dc94b652d,medium,3,malignant
1,0.6862152814865112,1,fitzpatrick17k,fitz_44db8ec026393a9fe950d286824bea30,light,2,malignant
0,0.19262754917144775,0,fitzpatrick17k,fitz_37f690a927de69201eb6bc760b59985f,medium,3,benign
1,0.9228004813194275,1,fitzpatrick17k,fitz_6a656accd59e8b48a7a170d8249a527b,light,1,malignant
1,0.24595381319522858,1,fitzpatrick17k,fitz_0751a673ac74656b792bc19927d5e851,medium,3,malignant
1,0.34855079650878906,1,fitzpatrick17k,fitz_cf561d08ac46d0fda678bff6621005ee,light,2,malignant
1,0.5689237117767334,1,fitzpatrick17k,fitz_5f6bf606eaef0ac72ec1132558e8160a,medium,3,malignant
0,0.19207072257995605,0,fitzpatrick17k,fitz_c23326630cac06140bf03363cb334c71,medium,4,benign
0,0.22288240492343903,0,fitzpatrick17k,fitz_8a3f07df6cf5f88cf06a9a2b0aa35422,medium,3,benign
1,0.7726134657859802,1,fitzpatrick17k,fitz_0fe16f60d42c04ba809fd70085a11b50,medium,4,malignant
1,0.24470731616020203,1,fitzpatrick17k,fitz_64ad852dc5e267ec279e02f7ec0b7307,medium,3,malignant
1,0.2569112181663513,1,fitzpatrick17k,fitz_3c248f623e262cadd1a608642df1934b,medium,3,malignant
0,0.16741453111171722,0,fitzpatrick17k,fitz_a6652385250358e2cc805181be1123f9,medium,3,benign
0,0.2277330756187439,0,fitzpatrick17k,fitz_e598f0548d155a35596d25296ceb18aa,dark,5,benign
1,0.49171093106269836,1,fitzpatrick17k,fitz_70b283d0053a683abc14e4cf4ce83ac5,dark,5,malignant
0,0.15880905091762543,0,fitzpatrick17k,fitz_208ee7e29b58510ccc66af2e7db1f360,light,1,benign
1,0.5033405423164368,1,fitzpatrick17k,fitz_fb7c18fe1b5696c01c4e7f1874bc80b6,medium,3,malignant
0,0.19220857322216034,0,fitzpatrick17k,fitz_6c696fbd08a9e2d5cf7d8f47f721738d,medium,4,benign
1,0.588554859161377,1,fitzpatrick17k,fitz_68cd6c2474a38716c149a5e76d383703,medium,3,malignant
0,0.19876068830490112,0,fitzpatrick17k,fitz_f99dfa390fa1ead15791b8719065d193,dark,5,benign
0,0.4087601602077484,1,fitzpatrick17k,fitz_20a7ccaaca1040c6cb27604b79c1de79,light,2,benign
1,0.6953231692314148,1,fitzpatrick17k,fitz_db871411820979160cb098e6453399ce,medium,4,malignant
1,0.3649008572101593,1,fitzpatrick17k,fitz_14ff311b9905eca10106dfaba83dff8f,light,2,malignant
1,0.473417729139328,1,fitzpatrick17k,fitz_f5b5fc7b1af76ca2db94a3118cffc572,medium,4,malignant
0,0.4872312545776367,1,fitzpatrick17k,fitz_5dc56924d6d68e2ee3d0dbc2abbab859,medium,3,benign
1,0.29665300250053406,1,fitzpatrick17k,fitz_e853570597d53d361cc70868ada1a07b,medium,3,malignant
0,0.20521335303783417,0,fitzpatrick17k,fitz_a562d02d7c568fcff808364b4e9adab5,dark,5,benign
1,0.5464186668395996,1,fitzpatrick17k,fitz_016abe4884715af85cd3f309f93b9641,light,2,malignant
1,0.3613985776901245,1,fitzpatrick17k,fitz_064964a7ed462b114d9ab6a7111caef7,medium,3,malignant
1,0.20197993516921997,0,fitzpatrick17k,fitz_585de3087248fafc0600dbeae5cb2692,medium,4,malignant
1,0.8156926035881042,1,fitzpatrick17k,fitz_4f528bf1928eb2aeb6fea903ef744a55,light,2,malignant
1,0.4779919683933258,1,fitzpatrick17k,fitz_9255b18c770f58de26221d16839fadb2,dark,5,malignant
1,0.6924669742584229,1,fitzpatrick17k,fitz_af98116844cc81ff8cceaaba707315af,dark,5,malignant
1,0.25131356716156006,1,fitzpatrick17k,fitz_23ca4d83dffa92d9a222b70d803c499c,medium,4,malignant
1,0.9568246603012085,1,fitzpatrick17k,fitz_63c66f12f7358540ad83f37f109c2a83,light,2,malignant
0,0.19171404838562012,0,fitzpatrick17k,fitz_7c3b644eb566121ed53b40d5ffed199a,medium,4,benign
0,0.161550834774971,0,fitzpatrick17k,fitz_741cf02d5bb563b83cfbb4238207eb1e,light,2,benign
1,0.16674502193927765,0,fitzpatrick17k,fitz_2427f4ddad999d44139aa8b91e937885,dark,5,malignant
1,0.7379399538040161,1,fitzpatrick17k,fitz_c67d42e5e91434bea27c8063d8cf3964,medium,3,malignant
1,0.69936603307724,1,fitzpatrick17k,fitz_50229b1b76f93c7205010aa64925118b,light,1,malignant
1,0.5446929931640625,1,fitzpatrick17k,fitz_40a8a67e6d6ade17c43beb1d20dbef84,light,2,malignant
1,0.5214520692825317,1,fitzpatrick17k,fitz_76a410bec7b2e3644a4b141d8bb0d2c2,medium,4,malignant
1,0.5027678608894348,1,fitzpatrick17k,fitz_3e6b4ab56597dce5f196f82b752c43b2,light,2,malignant
1,0.4066259562969208,1,fitzpatrick17k,fitz_bf85b6432c4506d3e8f63c433ba8bfa0,medium,4,malignant
1,0.33547335863113403,1,fitzpatrick17k,fitz_70a0b051fb01abcd5cdd01bf8b6aa5da,medium,4,malignant
1,0.6805351972579956,1,fitzpatrick17k,fitz_6be528e219f8ce45c9782e2b05ae3c24,medium,3,malignant
1,0.30304357409477234,1,fitzpatrick17k,fitz_0e539304dcb700d132400c34f44d21b7,medium,3,malignant
0,0.19915473461151123,0,fitzpatrick17k,fitz_91d9bacd7c1bd47d5d52079842dbbc43,medium,4,benign
1,0.48843663930892944,1,fitzpatrick17k,fitz_8e4316c8cc5208eac7a1405d66cb401e,medium,3,malignant
1,0.34258517622947693,1,fitzpatrick17k,fitz_0d240e7e0263db3d01450e39cecdb4cc,medium,3,malignant
1,0.4029669165611267,1,fitzpatrick17k,fitz_39d7ad8e2b3eca2f8356b2df57c59767,light,1,malignant
1,0.2079949975013733,0,fitzpatrick17k,fitz_958a499709712a0e08e196dd5d94e212,medium,3,malignant
0,0.1464300900697708,0,fitzpatrick17k,fitz_3eac623ea306c5c93bca78712a80d88b,medium,3,benign
1,0.1625610738992691,0,fitzpatrick17k,fitz_8d4f1262a0534e1d906a21a1bcb8707d,medium,3,malignant
1,0.49370959401130676,1,fitzpatrick17k,fitz_a607cc074aa116f50c08cfae72c5a147,light,2,malignant
1,0.21741554141044617,0,fitzpatrick17k,fitz_da5c274e15de5f5d36f0f880d577d3bb,medium,3,malignant
0,0.26108378171920776,1,fitzpatrick17k,fitz_aca7d6f50977c69e54dd0113c886edce,light,2,benign
1,0.16766516864299774,0,fitzpatrick17k,fitz_009c75339a21bb84a6425be6a95938d6,medium,3,malignant
1,0.7973639369010925,1,fitzpatrick17k,fitz_13e11954a6ece398b2efe0e1da5b1aa5,light,2,malignant
0,0.16951391100883484,0,fitzpatrick17k,fitz_a74e91f8dc756c38598e07cd0e53e0f1,medium,3,benign
0,0.30227047204971313,1,fitzpatrick17k,fitz_0585f181e556e00195b5cd00f19b18ad,light,2,benign
1,0.7935085892677307,1,fitzpatrick17k,fitz_b62b758e86199928edeb470c25904244,medium,3,malignant
1,0.6317687630653381,1,fitzpatrick17k,fitz_40c567216c3762b0d364abb3f718e9b9,medium,4,malignant
0,0.162591353058815,0,fitzpatrick17k,fitz_dd02b4ff3e2a1d9d8f8c1f5a65bcc2b9,dark,5,benign
1,0.5154138207435608,1,fitzpatrick17k,fitz_3b24865e842419e4efc3fb909c633077,dark,6,malignant
0,0.3676491379737854,1,fitzpatrick17k,fitz_1ecd46ecb902f7b2a9e32d233968f8f2,light,1,benign
1,0.7925397157669067,1,fitzpatrick17k,fitz_7200dfb344d1c161b36c83598445e35d,medium,4,malignant
0,0.14678426086902618,0,fitzpatrick17k,fitz_950f4808e8fe4427aaf3e549d6d91878,medium,3,benign
1,0.359569251537323,1,fitzpatrick17k,fitz_94646305d86635230c4eb1763bb043bc,dark,5,malignant
1,0.15282681584358215,0,fitzpatrick17k,fitz_4c4ee394e3bd1da54bdec11874990b30,medium,3,malignant
0,0.21490339934825897,0,fitzpatrick17k,fitz_6a42b572581dc870a1cfe3f15e7d5da8,medium,4,benign
0,0.36158519983291626,1,fitzpatrick17k,fitz_600bd472e7708f015c0096195e94925d,light,2,benign
1,0.6606448292732239,1,fitzpatrick17k,fitz_a4df5fa2bab38ee98922e0fbc586b93f,dark,5,malignant
0,0.2732286751270294,1,fitzpatrick17k,fitz_5996d25125933179e1ecea64715deb45,medium,3,benign
1,0.2819071114063263,1,fitzpatrick17k,fitz_dc8b1d07cb9d4b4f4097807e29d045c3,light,2,malignant
0,0.13518857955932617,0,fitzpatrick17k,fitz_f572e5651308344736436bc960bb3393,light,2,benign
1,0.4103625416755676,1,fitzpatrick17k,fitz_4ee44e55d4ba975e0e3b5fa22a6f7ccf,light,2,malignant
0,0.28966933488845825,1,fitzpatrick17k,fitz_ddf80e12a4f947bde6fc3588009d44f1,light,2,benign
1,0.3009694516658783,1,fitzpatrick17k,fitz_e3727c5b4b75f017baf1aba0aad019e7,light,2,malignant
1,0.8103795051574707,1,fitzpatrick17k,fitz_7091705f9c33843e3a354eee3895e958,light,1,malignant
1,0.8138203620910645,1,fitzpatrick17k,fitz_8d94801522438510b44bbfa73fd4a541,light,2,malignant
0,0.17734572291374207,0,fitzpatrick17k,fitz_80fae42f56a81c24eae2a8d3152ae6c3,medium,4,benign
0,0.23565629124641418,1,fitzpatrick17k,fitz_1dadc6ac2b9b2dcb6a99a50c0bacdd63,medium,3,benign
0,0.2911314368247986,1,fitzpatrick17k,fitz_fb3bf1757f6bd6d57eeec70ca910e8e7,dark,5,benign
1,0.45460066199302673,1,fitzpatrick17k,fitz_e9ad55d2f13c5dbada7b02cb369c7849,light,2,malignant
1,0.8936691880226135,1,fitzpatrick17k,fitz_8cb3945cf58f8e5540208408a50b5827,medium,4,malignant
1,0.39187079668045044,1,fitzpatrick17k,fitz_aea33f41d93dbd5aa59131a57c001714,medium,3,malignant
1,0.4352909326553345,1,fitzpatrick17k,fitz_eab91c11e20398a89c454717dc5eaa94,dark,5,malignant
1,0.3202531039714813,1,fitzpatrick17k,fitz_72430e826363a44a2f9d5dd7e88aed64,medium,4,malignant
0,0.3356117606163025,1,fitzpatrick17k,fitz_c2caca35984332f9587fecb2774253a0,dark,5,benign
0,0.4006817638874054,1,fitzpatrick17k,fitz_162eccb0893416383718762a7b054880,medium,3,benign
0,0.703687846660614,1,fitzpatrick17k,fitz_5041af68a1e046acff0fc93da11de68f,medium,3,benign
1,0.38991522789001465,1,fitzpatrick17k,fitz_26628fb7dc4341b5ac2ef37525925fe0,light,2,malignant
1,0.4896244406700134,1,fitzpatrick17k,fitz_6f197431cd2d540ed3c5c8c6a5296d54,medium,4,malignant
0,0.1387685090303421,0,fitzpatrick17k,fitz_742240c1e0ffde54e577d0238688c3cc,medium,3,benign
0,0.16758409142494202,0,fitzpatrick17k,fitz_0726e8d399fbff097140bd2c70fdc78c,medium,3,benign
1,0.8762113451957703,1,fitzpatrick17k,fitz_4244aa38c25c2366ba048ed5711b9952,medium,3,malignant
1,0.3434312045574188,1,fitzpatrick17k,fitz_082e7482504084c98c2262a38b0ecbd3,medium,3,malignant
0,0.2834559977054596,1,fitzpatrick17k,fitz_6b42d830bd4d056066a4dd86bd0f9ea5,medium,3,benign
1,0.6376861333847046,1,fitzpatrick17k,fitz_8972c76e23d9f6d7c301532573961b99,medium,4,malignant
0,0.35677313804626465,1,fitzpatrick17k,fitz_df53b37a24059f861759c6d31d69830a,medium,4,benign
0,0.38197946548461914,1,fitzpatrick17k,fitz_73805175a14b46a6d5e645294186402d,medium,3,benign
1,0.35088106989860535,1,fitzpatrick17k,fitz_b7ccee8c91bd6ecd6d7ce5b66e4513c2,medium,4,malignant
1,0.3218008577823639,1,fitzpatrick17k,fitz_cf7bb4757a021906dc6f9b29bccb31c5,light,2,malignant
1,0.8469224572181702,1,fitzpatrick17k,fitz_5f1a4d80fdc87563f3cc7174241c3477,dark,5,malignant
1,0.5539253354072571,1,fitzpatrick17k,fitz_cd10a42d92d2d276fcf5d02284916e11,medium,3,malignant
1,0.49072137475013733,1,fitzpatrick17k,fitz_c7aac9b9850c541b1cf2619c7cec8d06,medium,4,malignant
1,0.4240421950817108,1,fitzpatrick17k,fitz_e52416971eb5fe8007cc8bb3de59457a,light,1,malignant
1,0.7346656918525696,1,fitzpatrick17k,fitz_ea2d3af76bbd9961ebd38d47af57ac47,light,1,malignant
1,0.5174040198326111,1,fitzpatrick17k,fitz_74bc180ce4619e21a8a8d425c4e86765,medium,3,malignant
1,0.6162117123603821,1,fitzpatrick17k,fitz_a53466176187c41d414de8c9874bd4ce,medium,4,malignant
1,0.3737581670284271,1,fitzpatrick17k,fitz_da44dfe7542fae98d719847a09822777,medium,3,malignant
0,0.34644177556037903,1,fitzpatrick17k,fitz_e969d2602934e10e0e174749e66d2d99,medium,3,benign
1,0.3092551827430725,1,fitzpatrick17k,fitz_730e946083fd36c5e8722f88c178a1a6,light,1,malignant
0,0.3123125731945038,1,fitzpatrick17k,fitz_040794ad6904c725fad83ba619ee853b,medium,4,benign
1,0.3830704689025879,1,fitzpatrick17k,fitz_093fcc49c98d314303ba07aa0d6c1348,medium,3,malignant
1,0.676047682762146,1,fitzpatrick17k,fitz_2a40e05f47c6754d9f2ba7707d8f5cde,medium,4,malignant
1,0.9083902835845947,1,fitzpatrick17k,fitz_6f80b9e7e26fb1ae973ec6d83924e20d,light,2,malignant
0,0.3218480944633484,1,fitzpatrick17k,fitz_0e9244cef45446c410b7eb5ba03ab008,medium,4,benign
1,0.8985913395881653,1,fitzpatrick17k,fitz_570bb039a6f13ce828d8a1551623a513,medium,4,malignant
1,0.385131299495697,1,fitzpatrick17k,fitz_5f789231cfe92cef1737d0da94bfdad2,medium,4,malignant
1,0.30407416820526123,1,fitzpatrick17k,fitz_b8ed051cda5c50d697175212fb3d1860,medium,4,malignant
0,0.6509276628494263,1,fitzpatrick17k,fitz_7673dccf4286755cef8cf26f19b2822e,light,2,benign
1,0.28852716088294983,1,fitzpatrick17k,fitz_850f18a45b3fcbcd8b5020cc07273d91,medium,3,malignant
1,0.20312242209911346,0,fitzpatrick17k,fitz_a9774d79170b2b5fef7627127f7ac524,light,2,malignant
1,0.5367230176925659,1,fitzpatrick17k,fitz_6af0a95515b388eac5fa547ca8f8e931,light,2,malignant
0,0.3281972110271454,1,fitzpatrick17k,fitz_1f58fcc8c354bd3c8277824f2abc6d0f,light,2,benign
0,0.18409523367881775,0,fitzpatrick17k,fitz_dace9bdc930a19b89e9ba6891526e7af,medium,4,benign
0,0.2566565275192261,1,fitzpatrick17k,fitz_24460d390414317863f266f00bdae501,medium,4,benign
0,0.3783671259880066,1,fitzpatrick17k,fitz_5f38887af8d1b6c7eeb6e5d1dc98db86,medium,3,benign
0,0.15773765742778778,0,fitzpatrick17k,fitz_705a7638cbb13d0d7b36887f9ef20625,dark,5,benign
1,0.5226618647575378,1,fitzpatrick17k,fitz_2c55416b24b17cbfc05fc156f8c97ae4,light,2,malignant
0,0.46087202429771423,1,fitzpatrick17k,fitz_6b94df92b1599ca1a2be6f6381646c6d,medium,3,benign
1,0.5604363083839417,1,fitzpatrick17k,fitz_7cd58d112f623644c0914d53b1e99d5c,light,2,malignant
0,0.31112194061279297,1,fitzpatrick17k,fitz_0bf6cc45eab476c2cd8e89f246ecb9da,medium,4,benign
0,0.1698903739452362,0,fitzpatrick17k,fitz_753b9abb38fc058f9f517490ff9bd4c7,medium,3,benign
1,0.230705127120018,0,fitzpatrick17k,fitz_127295a4be6d014be0eb23ffc6da700d,medium,3,malignant
1,0.8219014406204224,1,fitzpatrick17k,fitz_90022c24071c11e07fee084bc45d5262,light,2,malignant
0,0.5486872792243958,1,fitzpatrick17k,fitz_b7c0b4a250c186452004b6515689bf1d,medium,3,benign
1,0.3806268572807312,1,fitzpatrick17k,fitz_6232e9e0d448b950b9adac2b83a05710,medium,4,malignant
1,0.3377715051174164,1,fitzpatrick17k,fitz_6dab8f115db4ece5613a6aae83280ab0,medium,4,malignant
1,0.8419697880744934,1,fitzpatrick17k,fitz_5423e2d3ad68054e7b51e27e146fddca,light,1,malignant
1,0.6559619307518005,1,fitzpatrick17k,fitz_9ae2146c6383515a25d6d1938554351c,light,1,malignant
1,0.46654123067855835,1,fitzpatrick17k,fitz_92f8f7f3126dbb65a601e1734fe4d8c8,light,2,malignant
0,0.21640560030937195,0,fitzpatrick17k,fitz_75d7f57d6270a3c90ba039c088053432,dark,5,benign
0,0.22356367111206055,0,fitzpatrick17k,fitz_89d26d163983669c7e2e5babbeb97bfe,medium,3,benign
1,0.34872230887413025,1,fitzpatrick17k,fitz_1695bd10a336ec55c2ef289b51b8b43a,light,2,malignant
1,0.342586487531662,1,fitzpatrick17k,fitz_9aaef41b9332298c3e98b4ee33e39fb5,dark,6,malignant
0,0.25167539715766907,1,fitzpatrick17k,fitz_6d0affbbec4ddf9ec58147e7289d3d48,medium,4,benign
1,0.29374659061431885,1,fitzpatrick17k,fitz_915d7fa381560d5b77f1e37cd1c37206,dark,5,malignant
0,0.40130195021629333,1,fitzpatrick17k,fitz_8c49760c0ad3370dba17aa9ced6b12d6,medium,4,benign
1,0.6569083333015442,1,fitzpatrick17k,fitz_053a5ee87f2fc71f07e99a25fd379210,medium,3,malignant
1,0.4345584809780121,1,fitzpatrick17k,fitz_597405f862fa1572fc379136159aba3a,light,2,malignant
0,0.33174842596054077,1,fitzpatrick17k,fitz_6040cdfd051a5e48f578a00142817ba2,light,2,benign
1,0.460000216960907,1,fitzpatrick17k,fitz_ccac742910bc9649b0651d9fec0aedba,medium,3,malignant
1,0.3714176118373871,1,fitzpatrick17k,fitz_9c98f36a6fcf2f246bf8ee3f3ef444b3,medium,3,malignant
0,0.26569250226020813,1,fitzpatrick17k,fitz_a5835042f19548325acc05bc374b429c,dark,6,benign
0,0.2998550534248352,1,fitzpatrick17k,fitz_9be1c35d4935b39e6f8e9167236909b9,light,2,benign
1,0.5529786944389343,1,fitzpatrick17k,fitz_46d0b60ab14b134341ad87bae08e4755,medium,3,malignant
1,0.2528207004070282,1,fitzpatrick17k,fitz_b0b5f5950d2fda0eed8304ea18eef430,medium,4,malignant
0,0.4748472571372986,1,fitzpatrick17k,fitz_4abb58edf1576fd9007b80b56a0d78ed,medium,3,benign
1,0.3354596197605133,1,fitzpatrick17k,fitz_6abd190e1ce339a018ef0776f530678f,light,2,malignant
0,0.16853183507919312,0,fitzpatrick17k,fitz_7e70403ded2394eaac014fd61a56edec,medium,3,benign
1,0.6169112920761108,1,fitzpatrick17k,fitz_fdb5f19a252508ddc849272975161099,light,2,malignant
1,0.29019469022750854,1,fitzpatrick17k,fitz_d10dfbefc8303b80b1d7e8b661506da0,light,2,malignant
1,0.220260888338089,0,fitzpatrick17k,fitz_4978a6b94f69b38e5a0fe45857242f45,dark,5,malignant
1,0.7868975400924683,1,fitzpatrick17k,fitz_15c17dd8690a6396dc5c85f0bf63d0db,light,2,malignant
0,0.2442331314086914,1,fitzpatrick17k,fitz_aad33b33ed190972cc96d5705e276a25,medium,4,benign
0,0.24967415630817413,1,fitzpatrick17k,fitz_756b24ca24f44a02a098370acdc3ab16,dark,5,benign
0,0.2710893750190735,1,fitzpatrick17k,fitz_d0209679a11e528d9144c27be925d9ea,medium,3,benign
0,0.33285391330718994,1,fitzpatrick17k,fitz_8f103b8f8623f45d44e6df4b9b71c181,dark,6,benign
1,0.24355287849903107,1,fitzpatrick17k,fitz_9f3207b72146e9dff36260970e84bbb3,dark,5,malignant
0,0.26472580432891846,1,fitzpatrick17k,fitz_f1135101625abee46f1260f3e11bc6c1,light,2,benign
0,0.3626647889614105,1,fitzpatrick17k,fitz_0a1ca67fbbf7047acbf7c684694cf688,dark,6,benign
0,0.32586541771888733,1,fitzpatrick17k,fitz_1042a7f8cbc0d4b9e5a0e151d702ddc1,medium,3,benign
1,0.5829724669456482,1,fitzpatrick17k,fitz_2f269eeeca0c01edeaae2f7cac656a6e,medium,4,malignant
1,0.7735358476638794,1,fitzpatrick17k,fitz_f7e7fb15ba1bfabcf68bcd62528f76a8,light,1,malignant
0,0.3601881265640259,1,fitzpatrick17k,fitz_2da01a06b7835f458d8b27ccf5302cc2,light,2,benign
1,0.2106778770685196,0,fitzpatrick17k,fitz_2f099878d4b075006456a8456544b74b,medium,4,malignant
0,0.5041645169258118,1,fitzpatrick17k,fitz_9ed2f9f8b8e8ef7dce95d40937b9fe37,medium,4,benign
0,0.3251635730266571,1,fitzpatrick17k,fitz_d1603db4f4b5efc013984ee9bcaa6b06,medium,3,benign
1,0.5108163952827454,1,fitzpatrick17k,fitz_5492bcfe87eb32401225a4ababbdad52,dark,5,malignant
0,0.16880345344543457,0,fitzpatrick17k,fitz_b46271e7c6f703060101f39d44a5b301,light,2,benign
0,0.2989473342895508,1,fitzpatrick17k,fitz_5c09ddbff7039f44a9a20b0dda41c7e8,medium,3,benign
1,0.5325958132743835,1,fitzpatrick17k,fitz_1d8fcc49e4dda6868fcf76916fc14405,dark,5,malignant
1,0.3296267092227936,1,fitzpatrick17k,fitz_625a3d389090a29849a40ea3b68bb1fe,light,2,malignant
1,0.47911006212234497,1,fitzpatrick17k,fitz_37de8e0406609884c1140bf660798d40,dark,5,malignant
1,0.5164072513580322,1,fitzpatrick17k,fitz_ecd97fd36f39e9fd52f09f50c3dc59b5,light,2,malignant
0,0.25474417209625244,1,fitzpatrick17k,fitz_bb08f7f37bd50c097aebe0629f93217d,medium,3,benign
1,0.7714087963104248,1,fitzpatrick17k,fitz_aae474e9c797f5bd5cd7956b479e6622,dark,5,malignant
0,0.4888898730278015,1,fitzpatrick17k,fitz_4e323d9190bf5f2ac5b9e53657c599ee,medium,4,benign
0,0.41106200218200684,1,fitzpatrick17k,fitz_870637b4dcb26996ddbaf4783a0ef343,light,2,benign
0,0.5653704404830933,1,fitzpatrick17k,fitz_a9cf89ae9b5e280cbf70065d6662cf79,light,2,benign
1,0.2885780930519104,1,fitzpatrick17k,fitz_d6166c9947e7e99915ff4d6907ddec44,light,2,malignant
0,0.15816085040569305,0,fitzpatrick17k,fitz_63fa1657ec59b3543186533ea4b04c03,medium,3,benign
1,0.20094166696071625,0,fitzpatrick17k,fitz_9e9056fd822eb40e875da5573b284c7e,medium,4,malignant
1,0.3542022705078125,1,fitzpatrick17k,fitz_2a2b8a3357e28cdb445ca00168843970,dark,5,malignant
1,0.3919847309589386,1,fitzpatrick17k,fitz_470f02cae19495aeb5354e41720cc311,medium,4,malignant
1,0.3941137194633484,1,fitzpatrick17k,fitz_efc3f78778508079ddf1b39b9f09483d,medium,3,malignant
1,0.3473367691040039,1,fitzpatrick17k,fitz_a1a72809c749cbfb7f886309882b8a13,medium,3,malignant
1,0.3544146716594696,1,fitzpatrick17k,fitz_b12942fe22a3ec7bf64c0a4d58776551,dark,5,malignant
0,0.15523099899291992,0,fitzpatrick17k,fitz_ef17650011124f49e46276a96cd95e84,medium,3,benign
1,0.35050976276397705,1,fitzpatrick17k,fitz_a938b67b207fff9f8b7f4366111e45d4,medium,3,malignant
1,0.28474774956703186,1,fitzpatrick17k,fitz_eff97945f1197b87aed23d64f2772591,medium,4,malignant
1,0.402871310710907,1,fitzpatrick17k,fitz_c715f3d6d0fdbcfa111d18774c6fde12,medium,3,malignant
0,0.5222072601318359,1,fitzpatrick17k,fitz_ec2f0cecc946b1908d0710666dbf5c97,medium,4,benign
0,0.2430887073278427,1,fitzpatrick17k,fitz_16cdd6326e6e7f35c91147f0a282330e,medium,4,benign
0,0.1773146688938141,0,fitzpatrick17k,fitz_77573a3b26f820e4c9a4cce7608d1d77,medium,3,benign
0,0.19441042840480804,0,fitzpatrick17k,fitz_78f71a3a8abdeba82370a839e8aae1c9,medium,3,benign
0,0.1875629872083664,0,fitzpatrick17k,fitz_ef83ef20359255fff56ca58d9e8b9797,medium,4,benign
0,0.3848356604576111,1,fitzpatrick17k,fitz_3ea363b923f2da47e9d4a12c5b093448,medium,4,benign
1,0.4922764301300049,1,fitzpatrick17k,fitz_2dc262a2cfe7ec4b3d15971b9b391808,medium,4,malignant
1,0.25779715180397034,1,fitzpatrick17k,fitz_5832419baf0cbfefcac35578a40fa5a5,medium,4,malignant
0,0.2086116373538971,0,fitzpatrick17k,fitz_da90292bc5bfffe960bd3c3d4767a846,medium,3,benign
1,0.37828564643859863,1,fitzpatrick17k,fitz_4213b1f75d491c3b253975caed41d6de,light,2,malignant
0,0.5022290349006653,1,fitzpatrick17k,fitz_5d397d83fe773d3f20229663f2df0db2,light,2,benign
0,0.297256737947464,1,fitzpatrick17k,fitz_f738a3210d3c0638ba1acfafb7f3b7dd,light,2,benign
0,0.23468497395515442,1,fitzpatrick17k,fitz_7b9136b93d147a484a1470a77169aee0,medium,3,benign
0,0.2727355360984802,1,fitzpatrick17k,fitz_dfdf97f163cb5f16f9828b6f650d71b6,medium,4,benign
1,0.5964199900627136,1,fitzpatrick17k,fitz_2a4d059a9c13d12cc9a03c17fbac5a4e,light,2,malignant
1,0.38456442952156067,1,fitzpatrick17k,fitz_e063d2152e55e9676e86832ccbc65957,dark,5,malignant
0,0.17345662415027618,0,fitzpatrick17k,fitz_46ec8b55f260a816350c83fffe36d2c5,medium,4,benign
1,0.30151453614234924,1,fitzpatrick17k,fitz_33a095ba2816c5f72392a929dbf177eb,dark,5,malignant
1,0.5288373231887817,1,fitzpatrick17k,fitz_5199cceebe2d23bbae855ea7dda2418b,medium,4,malignant
0,0.46827882528305054,1,fitzpatrick17k,fitz_25952138ba4b5bb4b7d87c0391d74ffc,medium,4,benign
0,0.4127263128757477,1,fitzpatrick17k,fitz_f5f280a94bc4b253a6dc3568f388c6a3,medium,4,benign
1,0.47168901562690735,1,fitzpatrick17k,fitz_aba2c3ec9c4fba92da45793c80e87a2c,medium,4,malignant
1,0.7003321051597595,1,fitzpatrick17k,fitz_af64774e30b2dc701e3f2a88348a78dc,medium,4,malignant
1,0.5369037985801697,1,fitzpatrick17k,fitz_2fb99937ca6b73a7902fbd118e056d92,medium,3,malignant
1,0.3375243842601776,1,fitzpatrick17k,fitz_f9bddb7ca61918b457111494fbb48d4f,medium,4,malignant
1,0.599525511264801,1,fitzpatrick17k,fitz_427ead6a4a387f589cde427f04168e32,medium,3,malignant
0,0.5997976660728455,1,fitzpatrick17k,fitz_c8c8ae17619e647185103a7715f45d67,light,1,benign
0,0.5031330585479736,1,fitzpatrick17k,fitz_75c795c2fad2f6a2444c686fa5467041,medium,4,benign
1,0.3224814832210541,1,fitzpatrick17k,fitz_8dd585e3b400da6217d858015b2fcf2a,light,2,malignant
0,0.607380747795105,1,fitzpatrick17k,fitz_41169ebef5fa15937f0eefb98d81339c,medium,4,benign
0,0.19111745059490204,0,fitzpatrick17k,fitz_20f7ea1d862e171c7484895a7fe8a818,medium,3,benign
1,0.31474658846855164,1,fitzpatrick17k,fitz_0639e79ac41e8de5cceee9f84b729b0e,light,2,malignant
0,0.29991987347602844,1,fitzpatrick17k,fitz_1035f09922e702b21f1650279ff4a0ab,dark,5,benign
1,0.19668464362621307,0,fitzpatrick17k,fitz_673e2daccb06374f11b9bf5110fb9550,medium,4,malignant
1,0.22425039112567902,0,fitzpatrick17k,fitz_3e9e422aca2163c9c46222bd6517432f,medium,4,malignant
1,0.28559616208076477,1,fitzpatrick17k,fitz_ee55ddd3005fc2d998337343c5da8be5,medium,3,malignant
1,0.5061787962913513,1,fitzpatrick17k,fitz_32f9baf164c8c1ced611cba6def3b2d8,medium,3,malignant
0,0.19714181125164032,0,fitzpatrick17k,fitz_a062bfcbf1ae9d598ad9848f93b3d8e3,medium,3,benign
1,0.8580954670906067,1,fitzpatrick17k,fitz_dec2d1ae044897a3eae71fae8a9bc154,medium,4,malignant
1,0.27937111258506775,1,fitzpatrick17k,fitz_40b9006b90679ab5560ebe3ce1a589a1,light,2,malignant
1,0.35956037044525146,1,fitzpatrick17k,fitz_b41744abc102ddd0ff8cc3b44ad39b01,dark,5,malignant
1,0.3526082932949066,1,fitzpatrick17k,fitz_296ec4776e89a65ce8e262ed545ed4bb,medium,4,malignant
0,0.3424467444419861,1,fitzpatrick17k,fitz_3f0c7f7661b1866339142aa830c3ca7e,dark,5,benign
1,0.3142510950565338,1,fitzpatrick17k,fitz_09890e72772d3ca35764342f06c15281,dark,5,malignant
1,0.2673439085483551,1,fitzpatrick17k,fitz_ebd661169e9b0dd0fdc2c0e7ac940a43,medium,4,malignant
0,0.26207321882247925,1,fitzpatrick17k,fitz_d13f055c1cee6e49064e786901a6a2fe,medium,3,benign
1,0.39857450127601624,1,fitzpatrick17k,fitz_ffd7f005115373b98a9a19ebae1ee863,medium,3,malignant
1,0.6813153624534607,1,fitzpatrick17k,fitz_edf35e6b539a3e45719abf48ea368744,light,2,malignant
0,0.7151592969894409,1,fitzpatrick17k,fitz_7f3b68d20e7808a70f81e5e9e5e53908,medium,3,benign
1,0.4798801839351654,1,fitzpatrick17k,fitz_b0595057ec163a15e2f19596e609b505,dark,5,malignant
0,0.24545344710350037,1,fitzpatrick17k,fitz_4318855fe96f387a94755b9c1bd9c558,medium,3,benign
0,0.43749427795410156,1,fitzpatrick17k,fitz_3c5d787717c16f2982da3d2895219756,medium,4,benign
1,0.39022770524024963,1,fitzpatrick17k,fitz_e89c3964e21e13fbd832f844f6a2bc6e,medium,3,malignant
1,0.41460657119750977,1,fitzpatrick17k,fitz_4f6a5613c13cc3956c17aef8248afca4,light,2,malignant
1,0.5529377460479736,1,fitzpatrick17k,fitz_2c67bb33d774f18d4ddec29f0147e08a,medium,3,malignant
0,0.3309580981731415,1,fitzpatrick17k,fitz_29a5a58978fd6d98aaf9c55253bb8444,light,2,benign
1,0.38695135712623596,1,fitzpatrick17k,fitz_d07c72725b477a834d439eef3450d830,medium,3,malignant
0,0.351104199886322,1,fitzpatrick17k,fitz_3cad5987e866f996065cce3887d5f309,medium,4,benign
1,0.6872221827507019,1,fitzpatrick17k,fitz_bd70e00d188e7ef98bf9e7edaaff752e,medium,3,malignant
1,0.6131401062011719,1,fitzpatrick17k,fitz_a15b63b8b1cbecfb8f88fc766b204b9f,medium,3,malignant
0,0.21311445534229279,0,fitzpatrick17k,fitz_3fea7ef3b544f4e5a8cfc3a6e4ce70c2,medium,4,benign
0,0.3547264039516449,1,fitzpatrick17k,fitz_ae533866f580d4c8e99972015cc16482,light,2,benign
1,0.8971462249755859,1,fitzpatrick17k,fitz_ee9728f1e771a1922abe13af66282b41,light,1,malignant
1,0.3376128375530243,1,fitzpatrick17k,fitz_a50b0037bf32e070914a5740f8db7a8b,dark,6,malignant
0,0.3340988755226135,1,fitzpatrick17k,fitz_67f3fd31b44095d4a74fbe9a08f47ff2,medium,4,benign
1,0.6002504229545593,1,fitzpatrick17k,fitz_23733ccaf3cc5d720585930f3ac1b7e1,medium,3,malignant
0,0.31388336420059204,1,fitzpatrick17k,fitz_0dfef32f62e52aa8133b7434ab2aed56,light,2,benign
0,0.20289316773414612,0,fitzpatrick17k,fitz_e7b64e348cdf955f7910cbd044ddaf31,medium,4,benign
1,0.15471996366977692,0,fitzpatrick17k,fitz_d04699fc9e876ddd627d102570694a0c,medium,3,malignant
0,0.3852514922618866,1,fitzpatrick17k,fitz_e7d8041456e4bd33b3278835e6f8aa82,light,2,benign
1,0.35703030228614807,1,fitzpatrick17k,fitz_d2506151428601cd8566330c781f82e0,medium,3,malignant
0,0.22264017164707184,0,fitzpatrick17k,fitz_a7b369363d6ef8a79b56bdb8629214f9,medium,4,benign
1,0.2006579041481018,0,fitzpatrick17k,fitz_ddb15beb69fc4276b74a948a00eed2c8,medium,4,malignant
0,0.42963922023773193,1,fitzpatrick17k,fitz_4321628c680d97fc661d86f1522b82c2,medium,3,benign
1,0.42552536725997925,1,fitzpatrick17k,fitz_c1dd528ef78088a6a2d2a6caf7913fdd,light,2,malignant
1,0.41189390420913696,1,fitzpatrick17k,fitz_5f5834848e3b14da13ede7598b0d644b,medium,3,malignant
0,0.2513028681278229,1,fitzpatrick17k,fitz_1c3062d54736f7f956f4764021f4dfbb,dark,5,benign
1,0.4687686860561371,1,fitzpatrick17k,fitz_8aafd44ba6e441f308962a6844c60b66,medium,3,malignant
0,0.703687846660614,1,fitzpatrick17k,fitz_0e2a24d28767bea1a4a37d1c6a4d4f31,medium,3,benign
1,0.7383948564529419,1,fitzpatrick17k,fitz_219e480ba14792d239a27406ecd87cbb,light,1,malignant
0,0.23343975841999054,1,fitzpatrick17k,fitz_6659ec026b3e414caa2a5eae68420af7,dark,5,benign
0,0.20442572236061096,0,fitzpatrick17k,fitz_ad2b7dbf614fefe443c43c66aa8a9c01,medium,3,benign
1,0.6043983101844788,1,fitzpatrick17k,fitz_032b3adb839c23047aedc87707ff978e,dark,5,malignant
0,0.46490055322647095,1,fitzpatrick17k,fitz_5478f8cd73550540ee5bea104283b127,medium,4,benign
1,0.3455272316932678,1,fitzpatrick17k,fitz_fe0d0f2a52c0dd67cdeef523867e4a0b,medium,4,malignant
0,0.3178548216819763,1,fitzpatrick17k,fitz_f8e06f1415d340c7de7d37bfa5119d88,medium,3,benign
0,0.4494352340698242,1,fitzpatrick17k,fitz_d7a3f8815bbe6291f72016de0d4a74d9,light,2,benign
1,0.3337363600730896,1,fitzpatrick17k,fitz_0a8c508e4a72587b6907f48157aade40,medium,3,malignant
1,0.39745745062828064,1,fitzpatrick17k,fitz_a49c0cf6f345b780d831a6190299fc23,light,1,malignant
0,0.3613145649433136,1,fitzpatrick17k,fitz_b2ac57db2a7c0162ce96690f98d67bc0,dark,5,benign
1,0.37215495109558105,1,fitzpatrick17k,fitz_6c44eaf42cb3c29b2aa888048e980dcf,medium,4,malignant
1,0.514114499092102,1,fitzpatrick17k,fitz_439bb574cde699bdfba6fdb28e2a79ef,light,2,malignant
1,0.30347469449043274,1,fitzpatrick17k,fitz_6dd76797185a717715a04206f5151d8f,dark,6,malignant
1,0.7146717309951782,1,fitzpatrick17k,fitz_518264d189db5695195a516892b7a3f0,light,2,malignant
1,0.3700695037841797,1,fitzpatrick17k,fitz_77600e56f1cbfff3637dc43c4d8c44f0,light,1,malignant
1,0.3113151490688324,1,fitzpatrick17k,fitz_ab6f88d273564516c297046fe9ad1c81,dark,5,malignant
1,0.3345029652118683,1,fitzpatrick17k,fitz_89867feafae04841becf921893861722,dark,5,malignant
1,0.38463589549064636,1,fitzpatrick17k,fitz_829287721009574e474169c48068f412,medium,3,malignant
1,0.4372267425060272,1,fitzpatrick17k,fitz_8ba5d48405d01accc3a218693a049ae9,medium,4,malignant
0,0.18234317004680634,0,fitzpatrick17k,fitz_bc3500ccd85dc7cb5187a997ceaa6013,medium,4,benign
1,0.5378217697143555,1,fitzpatrick17k,fitz_19e7cad902144cb742b342bb82b395eb,light,2,malignant
1,0.786372184753418,1,fitzpatrick17k,fitz_dbc4723c22330a15613ebc8281d4565a,light,2,malignant
0,0.26577791571617126,1,fitzpatrick17k,fitz_66f84860d3920287b8093d95dd49162a,medium,4,benign
1,0.49606335163116455,1,fitzpatrick17k,fitz_3d921ce5a4bb73bebf7f3200257a74c4,medium,3,malignant
1,0.21407929062843323,0,fitzpatrick17k,fitz_de2fe2ef59eae8ce0633efc84d0baef3,medium,3,malignant
1,0.6014103889465332,1,fitzpatrick17k,fitz_038072ab255ee58d9e2d0fd10be20648,dark,5,malignant
0,0.22121791541576385,0,fitzpatrick17k,fitz_a741bce58cf478035b530343f1bd0646,medium,4,benign
1,0.2642427384853363,1,fitzpatrick17k,fitz_0393b043e435e566657cf7d61879026c,dark,5,malignant
1,0.5036779046058655,1,fitzpatrick17k,fitz_e38dca5f81f4a14dd13a567fc12db728,medium,3,malignant
1,0.46408745646476746,1,fitzpatrick17k,fitz_bdea9a2f7ab80e98881388dcf36424e9,light,1,malignant
1,0.498199999332428,1,fitzpatrick17k,fitz_12cbe66e3a99633092732daf3351b3c2,medium,4,malignant
1,0.5286632180213928,1,fitzpatrick17k,fitz_e3c75365688405c937c460e674b37a7b,medium,4,malignant
1,0.25277280807495117,1,fitzpatrick17k,fitz_2e9a44d7373e97c682c937249b38d622,medium,3,malignant
0,0.33324041962623596,1,fitzpatrick17k,fitz_7acc9f417f48b3e9d7407bb5257a350f,medium,4,benign
0,0.2819172739982605,1,fitzpatrick17k,fitz_3be5d580b67406152ee65b85d465db27,medium,4,benign
0,0.17712712287902832,0,fitzpatrick17k,fitz_71c4a09c45f80499f9ad30f80c88aeec,light,2,benign
0,0.3449445962905884,1,fitzpatrick17k,fitz_82f3238e5f8ffd2e01ff93a7f5f50442,medium,4,benign
0,0.2713363468647003,1,fitzpatrick17k,fitz_72a3f43f9ce99eb3a50a57d4c433ad1d,medium,3,benign
0,0.16991150379180908,0,fitzpatrick17k,fitz_055e1c055b30cd061a01440a5c1ea26c,medium,3,benign
1,0.5617662668228149,1,fitzpatrick17k,fitz_e83a91547ae74f206135f5b5fff97b0e,light,1,malignant
0,0.16894905269145966,0,fitzpatrick17k,fitz_c51c8a600fe6106f11259769cd416b08,light,2,benign
1,0.24132139980793,1,fitzpatrick17k,fitz_da7e80637a238753e452ad229e578f7a,medium,3,malignant
1,0.2488349974155426,1,fitzpatrick17k,fitz_d2e964c0ea88db1b47f3a4dca86a6ebd,medium,4,malignant
1,0.3017547130584717,1,fitzpatrick17k,fitz_f4048596275ae97f09ab436b6f568cca,medium,3,malignant
1,0.9068565368652344,1,fitzpatrick17k,fitz_951300e7c91d96b37e90e00932a7722b,light,1,malignant
1,0.30059197545051575,1,fitzpatrick17k,fitz_47fdee8c6edf33214c50371b27554356,medium,4,malignant
0,0.35371097922325134,1,fitzpatrick17k,fitz_5685fad9bba488a5dc410038a15a4972,dark,6,benign
1,0.1808687299489975,0,fitzpatrick17k,fitz_e49241d66b386c9dacfcb585c3344656,light,2,malignant
1,0.3252078592777252,1,fitzpatrick17k,fitz_889a8ed4164c01992b4981e78597a29a,dark,5,malignant
1,0.20184245705604553,0,fitzpatrick17k,fitz_de608b752927ceeabb7bac264a52942d,medium,4,malignant
1,0.22027748823165894,0,fitzpatrick17k,fitz_6c17d9fbcaad3e4db96f91d00618bec5,medium,3,malignant
0,0.2557542622089386,1,fitzpatrick17k,fitz_3b857a6099ad337af98808486eb39ec5,dark,5,benign
1,0.23335888981819153,1,fitzpatrick17k,fitz_8d174b4b3e6f130f7e3d337a7c441b55,dark,5,malignant
0,0.1652362197637558,0,fitzpatrick17k,fitz_bfeeff0ed90def231162cac66c3d025d,medium,4,benign
0,0.17794843018054962,0,fitzpatrick17k,fitz_7a1e80752dc0c647160ab12c6a1393db,medium,4,benign
1,0.5401351451873779,1,fitzpatrick17k,fitz_53f7dbf331f5eee075a7ad7d14eb6733,medium,4,malignant
1,0.900345504283905,1,fitzpatrick17k,fitz_b394018dd777aaf58edc5504b52ed1b7,light,2,malignant
1,0.6466981768608093,1,fitzpatrick17k,fitz_079f0432663b4144b93a6a0403fd21ff,medium,3,malignant
1,0.529558002948761,1,fitzpatrick17k,fitz_a1a91e5816abf987e5fdcfba5b50cb94,light,1,malignant
1,0.6575952172279358,1,fitzpatrick17k,fitz_2e9c2d4e42018e864eb1d487ffa67b1c,medium,3,malignant
1,0.42729929089546204,1,fitzpatrick17k,fitz_a646b94f0637b904e4becca57a2dc26f,light,2,malignant
1,0.20257019996643066,0,fitzpatrick17k,fitz_50bb16c1bfa029e80a55ce64149f3338,dark,5,malignant
1,0.23412060737609863,1,fitzpatrick17k,fitz_78f51ee62e0dfefc87761b95ff662334,medium,3,malignant
1,0.6954775452613831,1,fitzpatrick17k,fitz_20851c52ed096af52a69bb5a2670c505,light,2,malignant
0,0.49550193548202515,1,fitzpatrick17k,fitz_42f27c8b4b58fb34592ae57811e8f6ff,medium,4,benign
1,0.2323489636182785,1,fitzpatrick17k,fitz_523b2be73e6902a39f0f44996e8cc60f,medium,4,malignant
0,0.36009231209754944,1,fitzpatrick17k,fitz_880e841479be24b7569923e9e4b82ecd,medium,3,benign
0,0.6143328547477722,1,fitzpatrick17k,fitz_5ba6e729a29e8a2fbab55a9bcec3f942,medium,4,benign
1,0.7272412776947021,1,fitzpatrick17k,fitz_1cfd4183faea0843fb7be3e3c106c943,medium,3,malignant
1,0.5185750722885132,1,fitzpatrick17k,fitz_ac82b001c4a7158056790b014728b5e9,medium,4,malignant
1,0.34400513768196106,1,fitzpatrick17k,fitz_5c401681eb1b373ce9d20a8bb1b29422,medium,3,malignant
1,0.6812354326248169,1,fitzpatrick17k,fitz_c3994c3b7fc8f7f537ce70972618c80d,light,2,malignant
0,0.1952957659959793,0,fitzpatrick17k,fitz_5ca94c02d89651613468462514c5d23b,medium,4,benign
1,0.7374064922332764,1,fitzpatrick17k,fitz_b02895e0d729c9bcecaed2ee070cada9,medium,4,malignant
1,0.8460787534713745,1,fitzpatrick17k,fitz_c5ebb84482a21015073cebc37b31f515,medium,3,malignant
0,0.390979528427124,1,fitzpatrick17k,fitz_97e86e483f1a77f93c7791310d4687bd,medium,3,benign
0,0.1978117823600769,0,fitzpatrick17k,fitz_5135dffa4beff7723c875860c0c2d3da,medium,4,benign
1,0.3903086185455322,1,fitzpatrick17k,fitz_3bf3afa6c145d67e06f6e839b1699a2d,light,2,malignant
0,0.3258112370967865,1,fitzpatrick17k,fitz_bcf05850a0b064f29cc22f372d9781fd,dark,5,benign
1,0.7065147161483765,1,fitzpatrick17k,fitz_e668628ce95135ab58957a41687fa659,light,1,malignant
1,0.24884122610092163,1,fitzpatrick17k,fitz_e668f37499adaead040d7d893e778cc7,medium,4,malignant
1,0.37675175070762634,1,fitzpatrick17k,fitz_45a0207eae8a4305c1030a9ead023953,medium,3,malignant
1,0.5327318906784058,1,fitzpatrick17k,fitz_06c7baa22fc3647a98fc8fe2e2985a77,medium,4,malignant
1,0.4824918508529663,1,fitzpatrick17k,fitz_cc51c6979e02359fea44e4c7eeb4aee5,medium,3,malignant
1,0.8773128986358643,1,fitzpatrick17k,fitz_83167c5a26bd4a459c381834ecf97558,light,1,malignant
1,0.9218774437904358,1,fitzpatrick17k,fitz_019fde7f8b6aa85f6f0a653707d9aa06,medium,3,malignant
1,0.38314440846443176,1,fitzpatrick17k,fitz_54aa2f1bf36b27de991db5cd358bde06,light,2,malignant
1,0.8014703392982483,1,fitzpatrick17k,fitz_c78072771a39d4d94d0430cf8ec6dab3,medium,4,malignant
0,0.3929128050804138,1,fitzpatrick17k,fitz_134bcfe8b9319c3ebb60bbc560d1c524,medium,4,benign
1,0.5637959837913513,1,fitzpatrick17k,fitz_a37ed02cd54e4b530341f7587d4e444a,dark,5,malignant
1,0.42492225766181946,1,fitzpatrick17k,fitz_1b9d4701b4884dc00f912219e0ab2efb,medium,3,malignant
1,0.3455130159854889,1,fitzpatrick17k,fitz_d1ea3ea5e8908baf46fc72644eda51c4,light,2,malignant
1,0.19748789072036743,0,fitzpatrick17k,fitz_5a6480d3594d735eedf67a29281a1819,light,2,malignant
1,0.5638078451156616,1,fitzpatrick17k,fitz_dc84ce6b158006be88a8b1e4c0d86e99,light,2,malignant
1,0.4470730125904083,1,fitzpatrick17k,fitz_938528c2ba772fc83832aeca85171cf2,light,1,malignant
1,0.5291382670402527,1,fitzpatrick17k,fitz_4ab6234ead6b243165c53ad33b708d12,medium,3,malignant
1,0.8216293454170227,1,fitzpatrick17k,fitz_d4e34cb55c84345465f5e931ec4e014e,light,2,malignant
0,0.38979992270469666,1,fitzpatrick17k,fitz_3d693b5d710cf6126a29e900f0eb7125,light,1,benign
1,0.4553631544113159,1,fitzpatrick17k,fitz_442efb92b5f59923668f0d2e6316b9cb,medium,4,malignant
1,0.8070011734962463,1,fitzpatrick17k,fitz_794572175ce2487d073bcbd2d62f2743,medium,4,malignant
0,0.21574139595031738,0,fitzpatrick17k,fitz_b6c5a69dcf3aa856c31aecf6b87aaacb,light,2,benign
0,0.6759405136108398,1,fitzpatrick17k,fitz_66617b242abb82dcd77cf73970510afa,medium,3,benign
1,0.3224096894264221,1,fitzpatrick17k,fitz_de24cc0b5dc20eccdd67e7a60c8a1fa9,medium,4,malignant
0,0.4170514643192291,1,fitzpatrick17k,fitz_12beadf56d598891e58be517f3120d2c,medium,3,benign
1,0.33420586585998535,1,fitzpatrick17k,fitz_e789130a814619c1773eef86435153aa,dark,6,malignant
1,0.4905114471912384,1,fitzpatrick17k,fitz_b3bc16cf6e0ce8cc7ee9a78ad45d0617,light,2,malignant
0,0.20761635899543762,0,fitzpatrick17k,fitz_6d26c54ea783d44f038562bfacbe4043,dark,5,benign
0,0.38423678278923035,1,fitzpatrick17k,fitz_fcc3d381d95a1130b70b6bffa8b0dd47,light,2,benign
1,0.4035930335521698,1,fitzpatrick17k,fitz_2b0732e27770e1466ef1a3d918353a69,light,2,malignant
1,0.15554644167423248,0,fitzpatrick17k,fitz_e21ff65f31ffeeca1910c2534ae06649,medium,3,malignant
1,0.41808032989501953,1,fitzpatrick17k,fitz_e10a18206ceaefd148ed1fec42054dd4,light,2,malignant
1,0.23050649464130402,0,fitzpatrick17k,fitz_15ab45bcef4ca5f5ddf2d4305a14f885,medium,3,malignant
1,0.8601831793785095,1,fitzpatrick17k,fitz_06c312978164d6cc204751b5d7bea2f8,medium,3,malignant
0,0.3690931797027588,1,fitzpatrick17k,fitz_a96d9f9d604ecca87d59aa89aa84c00a,medium,3,benign
1,0.44805383682250977,1,fitzpatrick17k,fitz_01ba602def4506d8bfd5900cccd2ab4d,light,2,malignant
1,0.5355952382087708,1,fitzpatrick17k,fitz_2e528f4e19ba089633b9ab5ad9719536,medium,3,malignant
1,0.22689299285411835,0,fitzpatrick17k,fitz_1d78d91cb196cb45b40c615cbf7a94ff,medium,4,malignant
0,0.24405734241008759,1,fitzpatrick17k,fitz_3fb2b0295e4378c9fda9bdab2d9d1b01,dark,5,benign
1,0.7798623442649841,1,fitzpatrick17k,fitz_6ed58ed2e4c8b378493cd5766f7bad56,medium,4,malignant
0,0.2336127609014511,1,fitzpatrick17k,fitz_2373ea63f44bba2e99c3e0694e868b6c,dark,5,benign
0,0.4246685206890106,1,fitzpatrick17k,fitz_06e4ac87a74875f48981ee83302f64b5,medium,4,benign
0,0.22439239919185638,0,fitzpatrick17k,fitz_782b4fbbebe47fc5535187b65d0b96b7,light,2,benign
1,0.24656008183956146,1,fitzpatrick17k,fitz_98280785c17860f879d21525a92af31f,medium,4,malignant
1,0.19341546297073364,0,fitzpatrick17k,fitz_972f4b68ef802a2cda7cae086253df3f,dark,5,malignant
1,0.4731789231300354,1,fitzpatrick17k,fitz_688ac2ba9aff76f589c14be2813f9d5f,medium,4,malignant
1,0.4864819645881653,1,fitzpatrick17k,fitz_0e9e79e3884112fdccf813ffebd698ea,medium,3,malignant
1,0.4270402491092682,1,fitzpatrick17k,fitz_e2ec3ed300a3bae68e03b1a3f5992c5f,dark,5,malignant
0,0.20061033964157104,0,fitzpatrick17k,fitz_db23f9569e48847986a56b9f015cab17,medium,4,benign
0,0.16015079617500305,0,fitzpatrick17k,fitz_b78caa3aa59d46b632ea17237b3eac54,medium,3,benign
1,0.3644494116306305,1,fitzpatrick17k,fitz_41af89709e2ded0b92e2c6bf0787cb13,medium,3,malignant
1,0.4225073456764221,1,fitzpatrick17k,fitz_6c83bef6f525b8734ecdbd9dd5f0e822,medium,3,malignant
1,0.6922003030776978,1,fitzpatrick17k,fitz_4517c65b158e114b9f6326c027d5e0e7,light,1,malignant
0,0.28839024901390076,1,fitzpatrick17k,fitz_9a4af186bb85056292ff83dafe1c0dd6,dark,5,benign
1,0.5985936522483826,1,fitzpatrick17k,fitz_9d83cf9b9cc4a03580de63b62ea2a8f0,medium,4,malignant
1,0.9564347267150879,1,fitzpatrick17k,fitz_bc17b2b80667945dbbc470f72b152900,light,2,malignant
1,0.25086936354637146,1,fitzpatrick17k,fitz_4abcc083990e6408c7936f204a913a81,medium,4,malignant
1,0.24277684092521667,1,fitzpatrick17k,fitz_692291fbe26955598d023a64256383dd,medium,3,malignant
0,0.5582773685455322,1,fitzpatrick17k,fitz_269b46501e3c6c5d5dcef164a2293698,medium,3,benign
1,0.44815459847450256,1,fitzpatrick17k,fitz_c50113547f82a9ad4d3ce4dc0972a698,medium,3,malignant
1,0.45211541652679443,1,fitzpatrick17k,fitz_230294f2e89a02e283b518e42450ea46,medium,3,malignant
1,0.4469947814941406,1,fitzpatrick17k,fitz_1aec33dc780057f576a8064deffe9cc8,medium,3,malignant
1,0.4379609525203705,1,fitzpatrick17k,fitz_a9789ebba82857c54345e95b0f1a5694,medium,3,malignant
1,0.20475366711616516,0,fitzpatrick17k,fitz_c69b810bbe5c2eb7785daa9af3f2b5f8,dark,5,malignant
0,0.28040653467178345,1,fitzpatrick17k,fitz_acc320bf2c87c4239617cb186785c4dd,medium,3,benign
1,0.4710988700389862,1,fitzpatrick17k,fitz_3b0a85962bfea9a937d4619ef7e3ea37,light,2,malignant
1,0.31293556094169617,1,fitzpatrick17k,fitz_0e802991cd0257f69f62adedb41152f8,medium,3,malignant
1,0.31450870633125305,1,fitzpatrick17k,fitz_67266657fb927c2a00a1da2ac535a3ce,medium,3,malignant
1,0.6839187145233154,1,fitzpatrick17k,fitz_989def5053f967a52780018e95c65b09,light,2,malignant
0,0.23084931075572968,0,fitzpatrick17k,fitz_08e6d0fd9521a1f97930f81ab511a0ab,medium,3,benign
1,0.4545575976371765,1,fitzpatrick17k,fitz_5e7d0cf1d8901eea8361b2be45a6fec2,medium,4,malignant
1,0.46909573674201965,1,fitzpatrick17k,fitz_67c9271813f07f5311e2cb435a817403,light,2,malignant
0,0.17872989177703857,0,fitzpatrick17k,fitz_c3aa1c21ff0bb61356d49b1006381e90,medium,3,benign
1,0.2030470073223114,0,fitzpatrick17k,fitz_6c11f4d55463565511ddc7596bf004ca,light,2,malignant
1,0.27483633160591125,1,fitzpatrick17k,fitz_11192bb0867db84d2a2ab4a8cf99a230,medium,4,malignant
0,0.17636948823928833,0,fitzpatrick17k,fitz_5f15a814cc5a6ca1db94f5f8c6a14832,medium,3,benign
0,0.18172991275787354,0,fitzpatrick17k,fitz_495130692b7ed3c7f9397d9c76e225e3,light,2,benign
1,0.7364289164543152,1,fitzpatrick17k,fitz_63d45ab797b56c3f56e8b4bb32d4aac1,light,2,malignant
1,0.9379721879959106,1,fitzpatrick17k,fitz_99c3570d8e954271883159615e7ccbff,light,1,malignant
1,0.15705326199531555,0,fitzpatrick17k,fitz_94d33e3e531660ec7b4ce779083cc1b3,dark,5,malignant
1,0.40868932008743286,1,fitzpatrick17k,fitz_67deaaed2a283f6cb162a5ce45f67f7f,medium,3,malignant
1,0.8505750298500061,1,fitzpatrick17k,fitz_3f5585b2050389844a621e34f98dc191,light,2,malignant
1,0.34395816922187805,1,fitzpatrick17k,fitz_b7ff367d07ee32101f5188a34cc142ab,dark,5,malignant
1,0.2735046446323395,1,fitzpatrick17k,fitz_170c87c679d5e29b4040d544d8887fa3,medium,4,malignant
1,0.20279933512210846,0,fitzpatrick17k,fitz_62def66062d6648a61d4003c4b8ddfd2,medium,4,malignant
1,0.8093709349632263,1,fitzpatrick17k,fitz_fb286549b06d7db25a7edb78c8287cf4,light,2,malignant
1,0.29538682103157043,1,fitzpatrick17k,fitz_c6a917a5d74ab6def73579084f791251,medium,3,malignant
1,0.2028753012418747,0,fitzpatrick17k,fitz_fd1fa18a3033459631670d50b9b5bfc9,medium,4,malignant
1,0.3384164869785309,1,fitzpatrick17k,fitz_43a4b56ad73ed20ddb1d5936ec77bde8,light,2,malignant
1,0.18328674137592316,0,fitzpatrick17k,fitz_9163c0dc32069e063ef96a82941cccb3,dark,5,malignant
0,0.4074954390525818,1,fitzpatrick17k,fitz_bcee3f63a75e96ba6863ca4ee9544fe7,medium,4,benign
1,0.2682451605796814,1,fitzpatrick17k,fitz_675abb915f8549449ff6e68bb7d44879,medium,4,malignant
1,0.3495182991027832,1,fitzpatrick17k,fitz_cd2ce2950537aa3b8996035ead991d2b,medium,3,malignant
0,0.2215881645679474,0,fitzpatrick17k,fitz_3ecd654669814c956f4dfc5a96c2c710,light,2,benign
1,0.36874014139175415,1,fitzpatrick17k,fitz_91865b45a367c49a4ee9d990322d4947,medium,4,malignant
1,0.4526531398296356,1,fitzpatrick17k,fitz_2dc34fb7e56f2bf55abb42e76f164eaa,medium,3,malignant
0,0.19848106801509857,0,fitzpatrick17k,fitz_cb6e87b6174f470f8e303f7ddefad7f5,medium,4,benign
1,0.8758749961853027,1,fitzpatrick17k,fitz_b18b6e010b16dcee28deb5160b13b1e1,light,1,malignant
1,0.5588139891624451,1,fitzpatrick17k,fitz_91c13b3c952550f97adc320b51b10557,dark,6,malignant
0,0.17100147902965546,0,fitzpatrick17k,fitz_1092acf28a8180d8dad85e634a9bddca,medium,4,benign
1,0.2963401675224304,1,fitzpatrick17k,fitz_d01ee1734e42fb0e876e2b872d0e1145,light,2,malignant
0,0.26310840249061584,1,fitzpatrick17k,fitz_04601797e5ed66f335c11ed3bec4a33f,medium,3,benign
1,0.7026305198669434,1,fitzpatrick17k,fitz_f6d1989ae192d7906a36dc2fca793ad8,light,2,malignant
0,0.5078469514846802,1,fitzpatrick17k,fitz_bbca2441e0c4ab4833a5796a9b9da0e4,medium,4,benign
1,0.46829089522361755,1,fitzpatrick17k,fitz_61dc5a89e18cc03cdc9594a18bfe3c84,medium,3,malignant
1,0.7489870190620422,1,fitzpatrick17k,fitz_90606b9f69738c8a03151403d200b8f6,medium,4,malignant
1,0.3745778799057007,1,fitzpatrick17k,fitz_5532bbc902f5d50f6f8a972016bcf04f,medium,3,malignant
1,0.6674006581306458,1,fitzpatrick17k,fitz_42ca868d015f5b088e3bfbd28db1621f,light,1,malignant
0,0.36253100633621216,1,fitzpatrick17k,fitz_59cec610d77760c3dd5033b39e41f11b,medium,4,benign
1,0.35922643542289734,1,fitzpatrick17k,fitz_45119bcf9dab198dfdfa04b14736c240,light,2,malignant
0,0.14167143404483795,0,fitzpatrick17k,fitz_fae9e45f33c9d86f911a3d41d9c19145,medium,3,benign
1,0.5841861367225647,1,fitzpatrick17k,fitz_29a86d89608e63ccfc57b1e40c827ead,medium,4,malignant
1,0.38543984293937683,1,fitzpatrick17k,fitz_185942f8efd8a8c00a3b7b42096f458b,medium,4,malignant
0,0.30173784494400024,1,fitzpatrick17k,fitz_6330887be78f8bc98a84e854d71f1500,light,2,benign
1,0.5939685106277466,1,fitzpatrick17k,fitz_a1d96dfd1897917119021000c1f9a5af,dark,6,malignant
1,0.16610141098499298,0,fitzpatrick17k,fitz_a8f9762b6db1471fb8afc442b9511ffb,medium,4,malignant
1,0.7445831298828125,1,fitzpatrick17k,fitz_a635c175e16ecb941617a1f263139b95,light,2,malignant
1,0.6163341999053955,1,fitzpatrick17k,fitz_9220d313606d63dfbcfdf77eed378706,light,1,malignant
1,0.6790781021118164,1,fitzpatrick17k,fitz_275c30d6007c0e989da6e99f899ac20b,light,2,malignant
0,0.32355621457099915,1,fitzpatrick17k,fitz_7f936d161d0a8a1b7c48cd5d962ef8fd,medium,3,benign
1,0.2994207441806793,1,fitzpatrick17k,fitz_ebcf2b50dd943c700d4e2b586fcd4425,medium,3,malignant
0,0.36508044600486755,1,fitzpatrick17k,fitz_b7d391980d000b2fcbca290eeb5f5259,medium,3,benign
0,0.4256051778793335,1,fitzpatrick17k,fitz_d33328de12a115bd7bf92448b3b1226f,light,1,benign
1,0.20204120874404907,0,fitzpatrick17k,fitz_daf718978f62033d239c595e96ad3d2c,dark,5,malignant
1,0.4055546820163727,1,fitzpatrick17k,fitz_40abd94119ad5fbeabd6ae00e30e31f7,light,2,malignant
1,0.32273104786872864,1,fitzpatrick17k,fitz_7912ab0cf1c1a04708f78e68ebee8d34,light,2,malignant
0,0.22510647773742676,0,fitzpatrick17k,fitz_97ffa3d56134d487c288543ad391d69c,light,2,benign
1,0.4067787528038025,1,fitzpatrick17k,fitz_11f45cfda08e482b02f52701a461e4aa,medium,3,malignant
1,0.5967745780944824,1,fitzpatrick17k,fitz_998ab155036c1e9bee491e7f41eb629b,medium,4,malignant
1,0.3034212589263916,1,fitzpatrick17k,fitz_943a5ffcd4da3122732edad290533470,light,2,malignant
1,0.4875911474227905,1,fitzpatrick17k,fitz_49ed416e5f1dc646ecbaf99b23b48095,dark,5,malignant
0,0.4256677031517029,1,fitzpatrick17k,fitz_d4503411ed629b1252df949d73aa92ff,medium,4,benign
1,0.36652570962905884,1,fitzpatrick17k,fitz_92f71aa41edaac6d11d0925d5ec994d9,light,2,malignant
0,0.203519806265831,0,fitzpatrick17k,fitz_8171656ab84e8f8eb5d6b7c44642f89c,dark,5,benign
0,0.4130741059780121,1,fitzpatrick17k,fitz_475493f9fa81df7666624f50794dba9f,light,2,benign
1,0.4526619017124176,1,fitzpatrick17k,fitz_65d7f6ef4187b24c02db53515fe5f211,light,2,malignant
0,0.39674413204193115,1,fitzpatrick17k,fitz_bd9e71da00c67268e4fda4c56c0361c1,medium,4,benign
0,0.18527203798294067,0,fitzpatrick17k,fitz_7c7e878d6ee134d0734e8e3cb04fc1ea,medium,3,benign
1,0.6490904688835144,1,fitzpatrick17k,fitz_849d862189a58f44a063ee6ba1a80b1b,dark,5,malignant
1,0.6596916913986206,1,fitzpatrick17k,fitz_513d69c21897a5244aa85b6fa7a913aa,medium,3,malignant
1,0.24837125837802887,1,fitzpatrick17k,fitz_78617b5fb730ea6627b7a7227f6a06e4,light,2,malignant
1,0.682878315448761,1,fitzpatrick17k,fitz_ed74e39835213d0c79153d9dcd40b168,light,1,malignant
1,0.5035774111747742,1,fitzpatrick17k,fitz_064f39810e82e6097f9c187f003ede0a,medium,4,malignant
1,0.4526759088039398,1,fitzpatrick17k,fitz_f8ec3bff30f0f39568125ed1c2d00a49,light,2,malignant
1,0.14661236107349396,0,fitzpatrick17k,fitz_7cd7825d7ff3127c85ae8be0b036c8f7,medium,4,malignant
0,0.22472046315670013,0,fitzpatrick17k,fitz_ed884aa172df9b81c9b45d2f38eefdaa,light,2,benign
1,0.6199550628662109,1,fitzpatrick17k,fitz_707cbcb88cb5e11bbe3de751fbc459ef,light,2,malignant
1,0.28271883726119995,1,fitzpatrick17k,fitz_17beac6823fd7ec2303d5b030a536fca,light,2,malignant
1,0.4781290590763092,1,fitzpatrick17k,fitz_ab4128570af871732f2fd5f986d8a4fc,light,2,malignant
0,0.2415420413017273,1,fitzpatrick17k,fitz_2ecf3527cc84f9669aaa132a1662a5c1,dark,5,benign
1,0.5731096863746643,1,fitzpatrick17k,fitz_d14d5a7d516cc6e2142e2da1d7bd4af1,light,2,malignant
1,0.3617432117462158,1,fitzpatrick17k,fitz_9aced25f0da2ff491cf0da3fee0a8f3c,light,2,malignant
1,0.36102521419525146,1,fitzpatrick17k,fitz_1ab04144c59873b97ebd997839bf3960,light,1,malignant
1,0.8332894444465637,1,fitzpatrick17k,fitz_7e13446fb580d526839610d24614b93d,medium,3,malignant
0,0.4121048152446747,1,fitzpatrick17k,fitz_6afb94915e7935b5a4b0c1cee7bde806,medium,4,benign
1,0.25775817036628723,1,fitzpatrick17k,fitz_801a5e586bc2c8cd9fc5825e1cbb8570,light,2,malignant
0,0.21261905133724213,0,fitzpatrick17k,fitz_9902aff379c7e84d797c4ea49c697137,medium,4,benign
1,0.6348398923873901,1,fitzpatrick17k,fitz_859294df6ca2e49a675d48cedcdd3988,medium,3,malignant
1,0.40716978907585144,1,fitzpatrick17k,fitz_a7eb5a64037cd181a6f68af0b7b1ed02,light,1,malignant
1,0.2111356407403946,0,fitzpatrick17k,fitz_1093510b8b4e09034d87fb69cb047259,medium,3,malignant
1,0.47356826066970825,1,fitzpatrick17k,fitz_8d8aaf80f77278f629697ef2f93d01b5,medium,3,malignant
1,0.8542488217353821,1,fitzpatrick17k,fitz_d33a7aeb01b93a01a30887eb38ee19f8,light,1,malignant
1,0.415738970041275,1,fitzpatrick17k,fitz_39bef78824cddba30883954d4f12c6e0,light,2,malignant
0,0.7547759413719177,1,fitzpatrick17k,fitz_fa16733be6f59f72acb41027742cb796,medium,3,benign
1,0.3600725829601288,1,fitzpatrick17k,fitz_8a556d859128eae840cd2c3650819e87,medium,4,malignant
1,0.19222579896450043,0,fitzpatrick17k,fitz_fbd64d85fa7bfed3ba061ca05ff90f69,light,1,malignant
1,0.4682419002056122,1,fitzpatrick17k,fitz_a18693f7fc1cf91848857da05da1efb6,medium,4,malignant
0,0.1806192547082901,0,fitzpatrick17k,fitz_56d32e0e33a13641ea4fd71864c1ac11,dark,5,benign
1,0.4413274824619293,1,fitzpatrick17k,fitz_2abba7fd9b90b2186d88cabefae47046,light,2,malignant
1,0.33893123269081116,1,fitzpatrick17k,fitz_c1b162ecbd537349c8df036a7f7627dc,medium,3,malignant
1,0.29664844274520874,1,fitzpatrick17k,fitz_170ed3a3d229937e355c091bf5c75d40,medium,4,malignant
0,0.29803770780563354,1,fitzpatrick17k,fitz_e0fa8ede5c3dfb5aa5ed404899f0a176,light,2,benign
1,0.7448640465736389,1,fitzpatrick17k,fitz_a9de5402ce212bd50fbc1c0484b2d7d2,light,1,malignant
0,0.33555012941360474,1,fitzpatrick17k,fitz_cae259ae5d3d8d7a5013fa60a42ccc1c,medium,4,benign
0,0.3372327983379364,1,fitzpatrick17k,fitz_32e46d3d67fefd90a43e49f084f55349,medium,3,benign
1,0.4531186819076538,1,fitzpatrick17k,fitz_1a0c9c273d706d38e5a25149e0a37971,light,2,malignant
1,0.6070060133934021,1,fitzpatrick17k,fitz_c6b6b5cddf46b913a5faecf6c3b49f05,light,2,malignant
1,0.4132979214191437,1,fitzpatrick17k,fitz_c501b9ec2440eaabab9f1e8631af31fd,medium,3,malignant
0,0.20664532482624054,0,fitzpatrick17k,fitz_c7d17ac1386b6ba57646a4bce3c80c0f,medium,3,benign
0,0.682116687297821,1,fitzpatrick17k,fitz_bfd62fc2abac5bf2d689b08777f061f4,medium,3,benign
0,0.21213343739509583,0,fitzpatrick17k,fitz_4528171396e4b3179398eb540eeeb1ce,medium,3,benign
1,0.6727805137634277,1,fitzpatrick17k,fitz_344cf83a64c8312aa83a952f87ede69e,medium,4,malignant
0,0.23357799649238586,1,fitzpatrick17k,fitz_5a11701ed40e5f795cfe361d8fb3263f,light,2,benign
0,0.2845318615436554,1,fitzpatrick17k,fitz_e56691d224675a8801af865f5233f2eb,medium,3,benign
0,0.6836191415786743,1,fitzpatrick17k,fitz_f3fd93d48f9b56eb3f739b76bfa34963,light,2,benign
1,0.78785640001297,1,fitzpatrick17k,fitz_3fe688434b98e1f3cdfb1deb1adc1dbc,light,2,malignant
0,0.1866007149219513,0,fitzpatrick17k,fitz_56360bf0ef6425c00d369b503a9808e2,medium,4,benign
1,0.24454791843891144,1,fitzpatrick17k,fitz_4b483b15083306618d99ee1d70313ebf,medium,3,malignant
1,0.3718326985836029,1,fitzpatrick17k,fitz_74c640f21d94d59eec3ac37cebaedd2d,medium,4,malignant
0,0.23240789771080017,1,fitzpatrick17k,fitz_598ea613225826651424d3ed17e8c16f,medium,3,benign
1,0.5136708617210388,1,fitzpatrick17k,fitz_6d9d3d6ab99f09c25d9c2042b303d167,medium,3,malignant
1,0.22857172787189484,0,fitzpatrick17k,fitz_473f3594b1a24ac3109f2ace980b2953,medium,4,malignant
1,0.497255802154541,1,fitzpatrick17k,fitz_02b1a2a60d2b3b6b2e5d15d1f48eab33,light,1,malignant
1,0.4395642876625061,1,fitzpatrick17k,fitz_13c8455096abc7427eeba56c81c7a54c,light,2,malignant
0,0.22348128259181976,0,fitzpatrick17k,fitz_37c8b1a9a0d0f0419933113610dbd896,light,2,benign
0,0.25047338008880615,1,fitzpatrick17k,fitz_ba6a550800e5e9d8b9e68498c6547f4f,medium,3,benign
0,0.369228720664978,1,fitzpatrick17k,fitz_ba6f667d66b32df3a4185658738f9ca7,dark,5,benign
1,0.4837867021560669,1,fitzpatrick17k,fitz_52514f7abd18bb524279c10943916512,medium,4,malignant
1,0.3954290747642517,1,fitzpatrick17k,fitz_399d923af5d3a27f638f0292ca0c3d7f,medium,4,malignant
0,0.4301924407482147,1,fitzpatrick17k,fitz_7be26796f21c02ac4fd9be079717da0b,medium,3,benign
0,0.25707170367240906,1,fitzpatrick17k,fitz_440e2f8d1bccd9ecfc711b4bad8af5e4,medium,4,benign
0,0.2563125193119049,1,fitzpatrick17k,fitz_367ce66759a68a87fca6240f8fc324ce,medium,4,benign
0,0.3224348723888397,1,fitzpatrick17k,fitz_89127ec79892859f64bab57ac7cddb27,medium,4,benign
0,0.2828958332538605,1,fitzpatrick17k,fitz_ac6c6b189299da4e34f8c35a1b92438c,dark,6,benign
1,0.5763537287712097,1,fitzpatrick17k,fitz_43e04130cc95d9e735a37265decf2636,light,1,malignant
1,0.4562121033668518,1,fitzpatrick17k,fitz_e82cda3eeecc9ba74ba226cc1f8efc38,light,1,malignant
0,0.49091267585754395,1,fitzpatrick17k,fitz_9f0676a940a76b88f8aaf161bf2a311d,light,2,benign
0,0.29646873474121094,1,fitzpatrick17k,fitz_a692f9e50332fee030b43b9f03d854d0,medium,4,benign
0,0.20455367863178253,0,fitzpatrick17k,fitz_4ce32e8037b89cb9583f5b0abab6165a,medium,3,benign
1,0.6680919528007507,1,fitzpatrick17k,fitz_c194978ce025c8b827df395ea10ae20e,medium,4,malignant
0,0.17392569780349731,0,fitzpatrick17k,fitz_52febf5b7413bb8b3210667f2356f4a0,medium,4,benign
1,0.4106588363647461,1,fitzpatrick17k,fitz_ecdcd89dda8fa5b30706532fb49f315c,medium,3,malignant
1,0.30889832973480225,1,fitzpatrick17k,fitz_f31a5c7d32b7b4479739bff76a23e8e4,light,2,malignant
0,0.17530296742916107,0,fitzpatrick17k,fitz_04b696bbd93e3304705a27e8f9ffb92a,medium,4,benign
1,0.2222283035516739,0,fitzpatrick17k,fitz_056a9a4fca15486be30ca4c845526b6b,medium,3,malignant
1,0.19199512898921967,0,fitzpatrick17k,fitz_4e7f1251e17184621d52f441c4acc44d,medium,4,malignant
1,0.23614610731601715,1,fitzpatrick17k,fitz_274fcc8858e2524666aac80c117c1eae,medium,3,malignant
0,0.2402263730764389,1,fitzpatrick17k,fitz_a5b50849f0cf2c01a8c4d9783915ac66,medium,4,benign
1,0.733077883720398,1,fitzpatrick17k,fitz_9371b89247ec4e39c05760c2ccaef840,light,2,malignant
1,0.8581907749176025,1,fitzpatrick17k,fitz_c819e82dc15ddf2d0ceb08515f303123,medium,3,malignant
1,0.5819674730300903,1,fitzpatrick17k,fitz_d7d7980b1fd4fbaf3e14ecfd48c98bdf,light,2,malignant
1,0.5189058780670166,1,fitzpatrick17k,fitz_af2a68fe083b47f59589f2096043aa39,light,2,malignant
1,0.21973611414432526,0,fitzpatrick17k,fitz_625e1e2bb005de584472d572f92b3dba,medium,3,malignant
0,0.5127331018447876,1,fitzpatrick17k,fitz_a029d1da1db8341949fd61300b4f29f1,light,2,benign
0,0.3432953357696533,1,fitzpatrick17k,fitz_b5ecdd2f21d96ad2230e49025ba084cc,light,2,benign
1,0.8117396831512451,1,fitzpatrick17k,fitz_063e8484c60d38b357b37f20054a32c7,medium,3,malignant
0,0.23835037648677826,1,fitzpatrick17k,fitz_1a35013a76f6404b2d1d28d1d76fb149,medium,3,benign
1,0.5117547512054443,1,fitzpatrick17k,fitz_dfc849919c7f749a42f6059f927eb82f,light,2,malignant
1,0.3037312626838684,1,fitzpatrick17k,fitz_e28cbb701b1b2ff727c3c7aba01fe6ff,light,1,malignant
1,0.6997774839401245,1,fitzpatrick17k,fitz_3a94ec88b1b1ef09ff93f7d5f619d879,medium,3,malignant
1,0.5613840222358704,1,fitzpatrick17k,fitz_b3fe1abd1c56355361aec80ed8eec4cb,medium,3,malignant
1,0.4905394911766052,1,fitzpatrick17k,fitz_4caae357b8c7b4bc6085936bbaa10740,medium,4,malignant
0,0.4739731550216675,1,fitzpatrick17k,fitz_7b89609b6eedbb812c8effaee7d55faa,medium,3,benign
0,0.27707645297050476,1,fitzpatrick17k,fitz_1dbde15208dce78fe95468e229a81363,medium,4,benign
1,0.48542430996894836,1,fitzpatrick17k,fitz_9c505985a3ac619b4562e20e8d1b2933,light,2,malignant
0,0.517715573310852,1,fitzpatrick17k,fitz_ffffdecd2ded614ecd1f27a3fe919674,medium,4,benign
0,0.27547165751457214,1,fitzpatrick17k,fitz_7e22a35412a75264ac650b0a57f2c680,medium,4,benign
0,0.2924174964427948,1,fitzpatrick17k,fitz_6dad65663b55304857ab5a0c078e7925,light,2,benign
0,0.3294987082481384,1,fitzpatrick17k,fitz_37d5efb3f304b6bd0472dde58bd78b5a,medium,4,benign
1,0.4091576039791107,1,fitzpatrick17k,fitz_f563de4c84fed5c664de85aa37d72f16,medium,4,malignant
0,0.12206347286701202,0,fitzpatrick17k,fitz_86cb01dc3d10fc2b634d4cd0c0245b8f,medium,3,benign
0,0.7935903668403625,1,fitzpatrick17k,fitz_109ac254a9dfbe1f7ed3308081480697,light,2,benign
0,0.49802184104919434,1,fitzpatrick17k,fitz_6d589d145a183c5642047b1529b5e959,light,2,benign
0,0.1162019819021225,0,fitzpatrick17k,fitz_73f6bb99f5a3280e79f43434310626f3,medium,3,benign
1,0.735103964805603,1,fitzpatrick17k,fitz_d285b21fff5ae6aa95600e1c9064b8f8,medium,3,malignant
1,0.30581843852996826,1,fitzpatrick17k,fitz_bd64e4906674b26d4d5e58e36a39a861,medium,4,malignant
1,0.8833978176116943,1,fitzpatrick17k,fitz_7aa128d60de3bc2ab010d87cf3bd6ad7,light,1,malignant
1,0.7534950971603394,1,fitzpatrick17k,fitz_1d56b7d688b6b276893107a6bdb93bba,dark,5,malignant
0,0.33798763155937195,1,fitzpatrick17k,fitz_1ccb08e821f643e145b41348753f0e95,medium,4,benign
1,0.7119578719139099,1,fitzpatrick17k,fitz_55988379a2123b293d249070de266a08,medium,4,malignant
1,0.5175610184669495,1,fitzpatrick17k,fitz_2311fe11163e4e84336c53eefb5e24d7,medium,4,malignant
1,0.5381017327308655,1,fitzpatrick17k,fitz_79aaed87b0076030d5e6893bff164476,dark,5,malignant
1,0.3671323359012604,1,fitzpatrick17k,fitz_e0674b69da176c57feada6db80a6af09,light,2,malignant
1,0.45272427797317505,1,fitzpatrick17k,fitz_70a8a40f55e900e60a42054326f62e28,medium,3,malignant
1,0.39198368787765503,1,fitzpatrick17k,fitz_4914fa9dae16b9762acae30d0349ad85,medium,3,malignant
0,0.229900062084198,0,fitzpatrick17k,fitz_e126e650c6bde870d5985457d54ffd0a,medium,4,benign
1,0.8836223483085632,1,fitzpatrick17k,fitz_64600b031d4789a7bb7a074e8a66c0cc,light,2,malignant
0,0.39655977487564087,1,fitzpatrick17k,fitz_4304199921ec391c01cbd147cc2e59a8,light,2,benign
1,0.6126347184181213,1,fitzpatrick17k,fitz_b9ddf5dbd6257c786e13658934c56ac6,medium,3,malignant
1,0.27664628624916077,1,fitzpatrick17k,fitz_b979613b362ad5e800ccd380ac29b8fe,dark,6,malignant
1,0.26162955164909363,1,fitzpatrick17k,fitz_ae40c3cfca9899067d0e75465586cf97,medium,3,malignant
0,0.2028212696313858,0,fitzpatrick17k,fitz_3db45506b78666259893065a9810913f,medium,3,benign
0,0.12821483612060547,0,fitzpatrick17k,fitz_7fee240e593bc169ff92d5ef2247a630,medium,4,benign
1,0.7061598896980286,1,fitzpatrick17k,fitz_c6e41ac2c8552505d795c4efda0869d6,medium,3,malignant
0,0.1990499049425125,0,fitzpatrick17k,fitz_c18c5c539fc4340dbddb542e8fc6cf8d,medium,3,benign
1,0.8153013586997986,1,fitzpatrick17k,fitz_09a75e2a4e9bbc303e6e0cb3e16a32d8,medium,3,malignant
0,0.4454028308391571,1,fitzpatrick17k,fitz_d43b671a4e8df49753fe28c336acd243,light,1,benign
1,0.1957743763923645,0,fitzpatrick17k,fitz_28b6d5c8f25acf6ddf93bf72fe7844d0,medium,3,malignant
1,0.6835678219795227,1,fitzpatrick17k,fitz_8d0d9724e46caa4b82829e70e672fd1f,light,2,malignant
1,0.7172942757606506,1,fitzpatrick17k,fitz_a57cce5e02560bc8ec878ef7a2f783d2,light,1,malignant
0,0.306295782327652,1,fitzpatrick17k,fitz_e7bf56ec841d114d61ff4ffdc722751f,medium,4,benign
1,0.21139928698539734,0,fitzpatrick17k,fitz_634f0aff345685a590ca9d08c8b266ba,medium,3,malignant
1,0.21684367954730988,0,fitzpatrick17k,fitz_e927c81f6b508269c83350184f124a2d,medium,3,malignant
1,0.3649546802043915,1,fitzpatrick17k,fitz_8dff4409431ca7a83a108fa35ec2959d,medium,3,malignant
0,0.4116891622543335,1,fitzpatrick17k,fitz_a419dce4df68dcdc28d5f046d31d86c9,medium,3,benign
1,0.6679250597953796,1,fitzpatrick17k,fitz_3fdf77cfbb7bd9ecab1c8ac104dbe74e,light,2,malignant
1,0.43711334466934204,1,fitzpatrick17k,fitz_68daecb39b330760c4faddc47e842c77,medium,4,malignant
0,0.2740781903266907,1,fitzpatrick17k,fitz_5fb6e34e0898bdd2bd736c7db0d2a0f0,medium,3,benign
1,0.2824629247188568,1,fitzpatrick17k,fitz_99ed7ad5cc8a9bcec0ccb323942ab68f,medium,3,malignant
1,0.5430224537849426,1,fitzpatrick17k,fitz_3f014488acf61087ab152f8dc5fac8b3,medium,4,malignant
1,0.6794493198394775,1,fitzpatrick17k,fitz_26ad865bcdc627dfa0dc2e419252a0ed,light,2,malignant
1,0.2862030267715454,1,fitzpatrick17k,fitz_593c544bf75684c898826405ab9b3971,medium,4,malignant
1,0.4118262827396393,1,fitzpatrick17k,fitz_4ccb6a341928c32e6bdba870cdf57e25,light,2,malignant
1,0.38718709349632263,1,fitzpatrick17k,fitz_96e320998184af49bfc791c8f1b0e174,medium,3,malignant
1,0.25152572989463806,1,fitzpatrick17k,fitz_8e93632358a1490fa191121b3fcddc98,medium,4,malignant
1,0.6329383850097656,1,fitzpatrick17k,fitz_3e4a274cdc0acb42a64dffa7b034a9cf,light,2,malignant
0,0.22593414783477783,0,fitzpatrick17k,fitz_09ea1633ac8b4551f06b7d1f1346a921,medium,3,benign
1,0.5182238817214966,1,fitzpatrick17k,fitz_cc333f3db2fe35e5216df327d861c39b,medium,3,malignant
1,0.3868955671787262,1,fitzpatrick17k,fitz_a547512f7d10ba636eb51adbc59ece5a,medium,4,malignant
1,0.46989643573760986,1,fitzpatrick17k,fitz_658a7441448655ad189b84645fdef0ac,light,2,malignant
1,0.2350563108921051,1,fitzpatrick17k,fitz_4981320ef16be15730f7fce6207c9f88,medium,4,malignant
0,0.3869091868400574,1,fitzpatrick17k,fitz_1ac32fd4d37811f356201fc9a5d42ee6,medium,3,benign
1,0.2294231504201889,0,fitzpatrick17k,fitz_70758a12b61186edea167fbcf51c7598,light,2,malignant
1,0.6854796409606934,1,fitzpatrick17k,fitz_c4019e6a8693ad04c1df4949518aaf2d,medium,4,malignant
1,0.2608352303504944,1,fitzpatrick17k,fitz_76a5da87f72f5712243ff4bcf52337b6,medium,4,malignant
1,0.6157082319259644,1,fitzpatrick17k,fitz_354d48d77af6c34074d60405e9355aab,dark,5,malignant
0,0.3603127598762512,1,fitzpatrick17k,fitz_9e41dfef88af0d8e29fddd91da1f4c5a,dark,5,benign
1,0.7516597509384155,1,fitzpatrick17k,fitz_8c2d0eae8d6a28c6447947de236648dc,light,2,malignant
0,0.4507100284099579,1,fitzpatrick17k,fitz_8342209d734a75f169dff1ce216bcf51,light,1,benign
0,0.18734410405158997,0,fitzpatrick17k,fitz_e45f82fff18db54afa157aa70b394184,light,2,benign
0,0.2223694920539856,0,fitzpatrick17k,fitz_002f4ec0b620339d58ccfa26c4268584,medium,3,benign
1,0.25781792402267456,1,fitzpatrick17k,fitz_fb11cc09b9df6abad072d5e45f2d45c5,medium,3,malignant
1,0.29669833183288574,1,fitzpatrick17k,fitz_506a26b96d7d1b6a495c552f3ef201e4,dark,5,malignant
1,0.32714495062828064,1,fitzpatrick17k,fitz_558b6378ac18ecc0c35d6b33e073d1d2,medium,4,malignant
0,0.3565899729728699,1,fitzpatrick17k,fitz_a62d1c8fca6b75b37e0858250b21dc71,medium,3,benign
1,0.3116995692253113,1,fitzpatrick17k,fitz_93aeefa9aeed0a5bac85e14f4bd7ace8,dark,5,malignant
0,0.20274625718593597,0,fitzpatrick17k,fitz_e8e9c70e1fc03c9f924724b5c8bebae9,medium,3,benign
0,0.15858572721481323,0,fitzpatrick17k,fitz_1e743a818cf4d2719779df609ad8e17c,medium,3,benign
1,0.439147412776947,1,fitzpatrick17k,fitz_f5585807a21c71476948e6ad3f98cf82,dark,5,malignant
1,0.22522157430648804,0,fitzpatrick17k,fitz_60f79f88cbb999246aea835979d1c1db,light,2,malignant
0,0.27191251516342163,1,fitzpatrick17k,fitz_93f102c65b21b9f259b247d1b10feda4,medium,4,benign
1,0.5486412644386292,1,fitzpatrick17k,fitz_82df2ce5fa68bd6f037f185e37003e31,medium,3,malignant
1,0.8936265110969543,1,fitzpatrick17k,fitz_aff8f8833189c8c6fff40c65f441f37f,medium,3,malignant
1,0.579820454120636,1,fitzpatrick17k,fitz_67de8c6b48d080d216e000a2d970645b,light,1,malignant
1,0.2861429452896118,1,fitzpatrick17k,fitz_62e2bb9f7a023511b7a064faca724db7,medium,4,malignant
0,0.17118166387081146,0,fitzpatrick17k,fitz_ca23070ee79e5620606e98f44468e240,medium,4,benign
0,0.19765843451023102,0,fitzpatrick17k,fitz_6f620dfd0f069172bfecfc3effc10865,medium,4,benign
1,0.7729237675666809,1,fitzpatrick17k,fitz_4442aec61aba4663d4810c0786ed86c8,light,1,malignant
0,0.15959228575229645,0,fitzpatrick17k,fitz_074012eb77f3f0d6d3b4c9a0991c3575,light,2,benign
1,0.7039946913719177,1,fitzpatrick17k,fitz_437159c605260bdd079af230566af291,light,2,malignant
1,0.2041367143392563,0,fitzpatrick17k,fitz_30559e9ff81800fcc4e2819d89988b88,medium,4,malignant
0,0.22295592725276947,0,fitzpatrick17k,fitz_6c770bbf5b1394537ba9cb4c16050fe4,medium,3,benign
1,0.8707188963890076,1,fitzpatrick17k,fitz_1ed53774dfae21b81495cab1d16f1149,light,2,malignant
1,0.5750584602355957,1,fitzpatrick17k,fitz_a036718d77f4a4339b2aaf15e2087fe0,dark,5,malignant
1,0.33464980125427246,1,fitzpatrick17k,fitz_65f7b7df48effe3ad7238404ca5318ce,medium,4,malignant
0,0.47118693590164185,1,fitzpatrick17k,fitz_7e26fd08ff4581a71e16e158696fe5d9,medium,3,benign
1,0.4147248864173889,1,fitzpatrick17k,fitz_54062cedd5bf0e41f3c95feba2bb0373,dark,5,malignant
1,0.24924394488334656,1,fitzpatrick17k,fitz_ac684a3d2464ae0fba4d90e4f898875d,light,1,malignant
0,0.3271501660346985,1,fitzpatrick17k,fitz_5fd08f80678489c7d5d33dce74800b57,medium,3,benign
1,0.589678168296814,1,fitzpatrick17k,fitz_0a102c96d763d98ab7eec9efd5a38d79,dark,6,malignant
1,0.2012939453125,0,fitzpatrick17k,fitz_860ce6a4951e059da943592a29882f4a,medium,3,malignant
1,0.28012728691101074,1,fitzpatrick17k,fitz_e894e98ec3b149d53b202e1cef0fa9ad,light,1,malignant
1,0.17627449333667755,0,fitzpatrick17k,fitz_bef06bdd8c19ecbcc0d6c5598878ffae,medium,4,malignant
1,0.3609617054462433,1,fitzpatrick17k,fitz_966ee4e919b56e4275755f9ec9cfc676,medium,4,malignant
1,0.3416450619697571,1,fitzpatrick17k,fitz_a8d1b8f97efb9cebccd244b212d77f28,dark,5,malignant
1,0.7050541639328003,1,fitzpatrick17k,fitz_250e8552aca769e9e33e753f50423bda,light,1,malignant
1,0.2847100794315338,1,fitzpatrick17k,fitz_747739be8bd7bc8a2bfa9fd7abf2c2ab,medium,4,malignant
1,0.1958785057067871,0,fitzpatrick17k,fitz_34d86d197c94da16308113b2665ee004,light,1,malignant
0,0.2975907325744629,1,fitzpatrick17k,fitz_0f7677df2ecf265c1ae1737d75f2c552,medium,4,benign
0,0.3515312373638153,1,fitzpatrick17k,fitz_1ea3a50525669e266c9f09165c2807f4,medium,3,benign
1,0.3097974956035614,1,fitzpatrick17k,fitz_4695bfda5557fa0aaae6e81d4492e0a5,medium,3,malignant
0,0.6879413723945618,1,fitzpatrick17k,fitz_b0ba55ed5bc9eaa4ff35911a0d8d4ecc,medium,4,benign
0,0.37201499938964844,1,fitzpatrick17k,fitz_971093da60aa32fb757203a3f2b76d45,light,2,benign
1,0.6594394445419312,1,fitzpatrick17k,fitz_04ec9f7ab6dd2bde77c7f5178d705108,light,2,malignant
0,0.8648250699043274,1,fitzpatrick17k,fitz_d488137e7977288d23f2b3eaf415c5b1,light,1,benign
1,0.8294473886489868,1,fitzpatrick17k,fitz_ee71a2faae114b91878f7460a0ce9d6f,light,2,malignant
1,0.8720539808273315,1,fitzpatrick17k,fitz_76c6ff58a8babae647dcc37ea074939d,light,2,malignant
1,0.3950875997543335,1,fitzpatrick17k,fitz_b25ac7509e6fddb84e73f42029bc413b,dark,5,malignant
1,0.549395740032196,1,fitzpatrick17k,fitz_1899a650833c9dce36fe8d7da87b2755,medium,4,malignant
0,0.20045234262943268,0,fitzpatrick17k,fitz_9b2fe3b3de504d9bb0a092d87e09df30,medium,4,benign
1,0.8507916927337646,1,fitzpatrick17k,fitz_ff5fbdbf0d3221c3ba5628b50fc0aa41,medium,3,malignant
1,0.2781108319759369,1,fitzpatrick17k,fitz_46fce21d4875d0f6dbeeea088c809647,light,2,malignant
1,0.6010475754737854,1,fitzpatrick17k,fitz_14c1d65a2ad46d5efc6ad714224483ee,medium,3,malignant
1,0.4541882574558258,1,fitzpatrick17k,fitz_89508c40baf2fe208ee49201f9eee41c,light,1,malignant
0,0.2715623676776886,1,fitzpatrick17k,fitz_1cec704fa6d717be0817b714681fb09f,medium,4,benign
0,0.270662397146225,1,fitzpatrick17k,fitz_f23969dd796272131ecc65dd5d8cd499,light,2,benign
0,0.5085311532020569,1,fitzpatrick17k,fitz_104f094844042867d1f83accc940645c,medium,4,benign
1,0.5312803387641907,1,fitzpatrick17k,fitz_9d6fc0774c68a7caec5d86148bcba524,medium,3,malignant
1,0.2706606090068817,1,fitzpatrick17k,fitz_0cbdf45e52b3137a785cc575e8b4bb53,medium,4,malignant
1,0.6113192439079285,1,fitzpatrick17k,fitz_23b55a045c5f88159ce54f69df645c5f,medium,4,malignant
1,0.9028573036193848,1,fitzpatrick17k,fitz_59fed3f27ebb81c0be581f47a33d4e65,light,2,malignant
1,0.7863076329231262,1,fitzpatrick17k,fitz_a3b979dc226529d318f5dae79f5548fb,light,2,malignant
1,0.35296541452407837,1,fitzpatrick17k,fitz_9796b293f46f9765176bb3740b130771,medium,4,malignant
0,0.38340964913368225,1,fitzpatrick17k,fitz_2d9ebe9cb6f414ec647c136fa3cab203,dark,5,benign
1,0.29268723726272583,1,fitzpatrick17k,fitz_da967a336c8f7a8a8f0ee71ecc61a7cb,medium,4,malignant
1,0.22817501425743103,0,fitzpatrick17k,fitz_15ed87fbe8626bffb60e599d3aedb104,light,2,malignant
1,0.29798343777656555,1,fitzpatrick17k,fitz_f6d7af6720e60c1c2e304e924c8fa766,light,2,malignant
1,0.43849772214889526,1,fitzpatrick17k,fitz_b3d94ddf1388ed3894ad18ea3fefc880,dark,5,malignant
1,0.8494048118591309,1,fitzpatrick17k,fitz_ff3f459d66759bdb973f4af8dd17a6f3,light,2,malignant
1,0.4456544816493988,1,fitzpatrick17k,fitz_e433c638effeb97a769362917b7827d0,light,2,malignant
1,0.32177653908729553,1,fitzpatrick17k,fitz_e2d0f7a666d346a7f149185b23a42483,medium,3,malignant
1,0.28147628903388977,1,fitzpatrick17k,fitz_80602e43414e592443aee9e67fcca5c7,medium,4,malignant
0,0.31895115971565247,1,fitzpatrick17k,fitz_457d826700dd1b23a848b1885d41bd67,medium,3,benign
1,0.3020423650741577,1,fitzpatrick17k,fitz_db6590971625b0e98971f449b4ed6ee7,medium,3,malignant
0,0.3017274737358093,1,fitzpatrick17k,fitz_d53296d308e53f866a173a0d21578a80,dark,5,benign
0,0.35706251859664917,1,fitzpatrick17k,fitz_0b41063e0936042b8d3f4f0ddd780e7f,dark,5,benign
1,0.31821584701538086,1,fitzpatrick17k,fitz_9ee17127331be5b1c1f2bdea846ee60f,light,2,malignant
1,0.20043215155601501,0,fitzpatrick17k,fitz_543017d891174b7fe9443a4dfa537410,medium,4,malignant
1,0.9288545250892639,1,fitzpatrick17k,fitz_73850da74e36edc89fc7536763f22b4d,light,2,malignant
1,0.39152178168296814,1,fitzpatrick17k,fitz_1997f41adb38d92f1f3c60a0f75dbd11,medium,4,malignant
0,0.328311949968338,1,fitzpatrick17k,fitz_23315f67b17b14d1b3c17ea6c157b258,light,2,benign
1,0.30522623658180237,1,fitzpatrick17k,fitz_30b3bb79b3d16b45ec095a91cd9c32ee,medium,4,malignant
1,0.49089983105659485,1,fitzpatrick17k,fitz_10cbd07a7f2e658a27f31eac2ae17269,medium,4,malignant
1,0.32871636748313904,1,fitzpatrick17k,fitz_c1fcf5b167a0bdcb3c1eba9ecab76ae7,medium,3,malignant
1,0.5912179946899414,1,fitzpatrick17k,fitz_d7c15764c5a698f47809c97f8836d442,light,2,malignant
1,0.48777857422828674,1,fitzpatrick17k,fitz_2bceb0364ef64fe3ef5236db2cfbe02a,medium,4,malignant
0,0.48578840494155884,1,fitzpatrick17k,fitz_29818f25971da35c87e40384c78a653d,medium,3,benign
0,0.3955168128013611,1,fitzpatrick17k,fitz_9e04114cdc878efb72211714ec160c37,medium,4,benign
1,0.30697107315063477,1,fitzpatrick17k,fitz_cb9baa2c3e0255370714b9736e24d3a6,medium,4,malignant
0,0.4056515395641327,1,fitzpatrick17k,fitz_0747ac3f4dfd97b2d4e35d6b28014021,medium,3,benign
0,0.44786423444747925,1,fitzpatrick17k,fitz_62937c4f9dee8bb50d1f15dd5dbf7545,light,2,benign
1,0.4319882094860077,1,fitzpatrick17k,fitz_bbfdf1fe7e2faf6d7ccc9a50bfd5a40f,medium,4,malignant
1,0.7570695281028748,1,fitzpatrick17k,fitz_fb89d4fa5b5c3696f327d14ee041942c,medium,3,malignant
1,0.8329401016235352,1,fitzpatrick17k,fitz_08a95993fb93e265c4120e9ad88cc326,light,2,malignant
1,0.2569219768047333,1,fitzpatrick17k,fitz_b5fa137ead5d2d13313ff126e3e255c2,medium,4,malignant
1,0.23129232227802277,0,fitzpatrick17k,fitz_c558af11b54f8c7789a2a0b0bff1826f,medium,3,malignant
1,0.6570833325386047,1,fitzpatrick17k,fitz_67779d244d362f8c4f089a5b4d4fc989,medium,4,malignant
0,0.5252929329872131,1,fitzpatrick17k,fitz_8eb074ec464733f3a583af942fee9a14,medium,4,benign
1,0.5259352922439575,1,fitzpatrick17k,fitz_218ea232ca4b0255a395886ee86cbada,medium,3,malignant
0,0.4415985643863678,1,fitzpatrick17k,fitz_5807f27e6324eb4884a8ede5aa1cc9ba,medium,3,benign
