y_true,y_prob,y_pred,source,image_id,tone_group,fitzpatrick_scale,three_partition_label
0,0.5030530691146851,1,fitzpatrick17k,fitz_d2bac3c9e4499032ca8e9b07c7d3bc40,light,2,benign
1,0.4666467308998108,1,fitzpatrick17k,fitz_45f7fe0e10214e32e890cad9d29d4811,dark,6,malignant
1,0.5650209784507751,1,fitzpatrick17k,fitz_b87804452f60aa162a6d29c0f66a2466,light,2,malignant
1,0.5070638060569763,1,fitzpatrick17k,fitz_4c3f795cf8eb72b946f9bd2642cf23c1,dark,6,malignant
0,0.4661286473274231,1,fitzpatrick17k,fitz_99247c9fe486aa9ab71686c8e676c135,light,2,benign
1,0.579970121383667,1,fitzpatrick17k,fitz_b09233673fc585369e723ec841ed0acb,dark,5,malignant
0,0.46351248025894165,1,fitzpatrick17k,fitz_fb9640a13e0c11610684fe8c0f473cf2,light,2,benign
0,0.4873075783252716,1,fitzpatrick17k,fitz_9d5a90fa3f6934608add10e698001760,medium,3,benign
1,0.46824654936790466,1,fitzpatrick17k,fitz_d2c77aa81ca884f99174471132bd3e24,light,1,malignant
0,0.5541763305664062,1,fitzpatrick17k,fitz_fdfbcca21acc8015bfe3ab09b6e254b2,light,2,benign
0,0.5134667754173279,1,fitzpatrick17k,fitz_5f4376e41dff7efbbb53ca5b9928919d,dark,5,benign
1,0.35995230078697205,1,fitzpatrick17k,fitz_2b6ea0581d59b23e033bf2059c2ae6af,medium,3,malignant
1,0.6002727746963501,1,fitzpatrick17k,fitz_6d2fb27bbaf2691ea85fa2ad7f334060,light,2,malignant
0,0.4845549762248993,1,fitzpatrick17k,fitz_bb18c8800c62e37bd21641ad30aa3982,medium,3,benign
1,0.5303118824958801,1,fitzpatrick17k,fitz_dab1abcb214f3e1cf7b509fa75972eb7,medium,4,malignant
1,0.3799748122692108,1,fitzpatrick17k,fitz_81c007db8cc1bc57cb08bcc00dda653b,light,2,malignant
0,0.5754716992378235,1,fitzpatrick17k,fitz_5a3d754f30836ede76691cdf1b4f0cfb,medium,3,benign
0,0.3315858840942383,1,fitzpatrick17k,fitz_62f8df393e05fd7e1588d70891238f53,medium,3,benign
0,0.6146849393844604,1,fitzpatrick17k,fitz_d6dfb47fe3c00e624af51b3548b8ee5e,medium,4,benign
0,0.4214491844177246,1,fitzpatrick17k,fitz_d98b961ecb24b31d672ca92d42fa644f,light,1,benign
0,0.47447553277015686,1,fitzpatrick17k,fitz_730a5db8eee84f8637f31c2eeefbea61,dark,5,benign
0,0.5717929005622864,1,fitzpatrick17k,fitz_a7432cf3e4faf44ab58bcb093fb6a3bd,medium,4,benign
1,0.723090648651123,1,fitzpatrick17k,fitz_9838b6548e7842a1c228e9548a32099c,light,2,malignant
1,0.43653398752212524,1,fitzpatrick17k,fitz_a7821ca7a0f65f9095a61d66c234f683,light,1,malignant
1,0.5511893033981323,1,fitzpatrick17k,fitz_9d5e4780260cf2955e3e0e783cb21247,light,2,malignant
0,0.47331300377845764,1,fitzpatrick17k,fitz_c8c63f5f347e408981de99a00cbd255d,medium,3,benign
0,0.542818546295166,1,fitzpatrick17k,fitz_eb817cc9a0a0d7d2728670a1cb1a38ec,light,2,benign
1,0.7434011697769165,1,fitzpatrick17k,fitz_0d4c5e2266a00cd127cd5a676ac872b5,medium,3,malignant
0,0.5068864822387695,1,fitzpatrick17k,fitz_af7a076b9992ff39499951a9479c78d5,medium,4,benign
1,0.7632032632827759,1,fitzpatrick17k,fitz_c3833afba496feeb4153ed76ff2da85d,medium,3,malignant
1,0.5573031902313232,1,fitzpatrick17k,fitz_24a4d75183c81800691347ad769b9a7b,medium,4,malignant
1,0.6111260652542114,1,fitzpatrick17k,fitz_5e44d665d68cca052a33dca12ad2bf29,light,2,malignant
0,0.4349742829799652,1,fitzpatrick17k,fitz_58e7594f5727cdfc362cf5b071520a1f,light,1,benign
0,0.4666338562965393,1,fitzpatrick17k,fitz_90a57906ad3e8c8d1583a661e616a1b0,light,2,benign
0,0.6454259157180786,1,fitzpatrick17k,fitz_43ff4f26e808270c6be266126a4b4cb4,medium,3,benign
0,0.5897204875946045,1,fitzpatrick17k,fitz_ef6840d838979ca91fc496ec95059ab8,light,2,benign
0,0.433087557554245,1,fitzpatrick17k,fitz_8b963a49787af17b8581d58099bb55f2,light,1,benign
1,0.648765504360199,1,fitzpatrick17k,fitz_45005e10b9ecc6241aa723a8c33086ed,light,1,malignant
0,0.49644723534584045,1,fitzpatrick17k,fitz_8903983f10e1f3f2ea8f9eff65097f91,medium,3,benign
0,0.6101349592208862,1,fitzpatrick17k,fitz_67af6e2923e52eff436a013572b7088b,light,2,benign
1,0.6607648730278015,1,fitzpatrick17k,fitz_5de18144953b0dcf774605ae4a9c65c3,dark,5,malignant
0,0.6720309257507324,1,fitzpatrick17k,fitz_c18ef5d1ddaa5651b201046f079f1607,light,2,benign
0,0.2806428372859955,1,fitzpatrick17k,fitz_1d7bd6b19b1e499529e8eea49a84effa,light,2,benign
1,0.4722347855567932,1,fitzpatrick17k,fitz_1bbe4519608f606a18adf1811fd1c051,light,1,malignant
1,0.5595630407333374,1,fitzpatrick17k,fitz_43d7ea1cae8cfa3f6a9f7ac73e7d1479,light,2,malignant
0,0.5139260292053223,1,fitzpatrick17k,fitz_d4e6307697e22eed8376fb2e2c54ab1f,dark,5,benign
1,0.5457496047019958,1,fitzpatrick17k,fitz_b0a513787e3c28076c3c197342be5ffa,medium,3,malignant
0,0.4556255638599396,1,fitzpatrick17k,fitz_b716eb8ad19b3839a5c0104c5f3419e5,medium,4,benign
0,0.3949637711048126,1,fitzpatrick17k,fitz_8371f31bdd4a4ad7457bb790cc8108cd,light,1,benign
0,0.5022979974746704,1,fitzpatrick17k,fitz_f31890642d646144afbb92e30037fc81,light,2,benign
1,0.6625124216079712,1,fitzpatrick17k,fitz_521bec867654c32d592f32f9256c5704,medium,3,malignant
1,0.5045523643493652,1,fitzpatrick17k,fitz_07360bff59d68a64fe7e279625a4bbd4,medium,3,malignant
1,0.738534688949585,1,fitzpatrick17k,fitz_fc00af3afd475aa7679fe83be88b4b8e,light,1,malignant
1,0.732162594795227,1,fitzpatrick17k,fitz_4159e2236b2119f9c8aa39623aab4a84,light,1,malignant
0,0.571739137172699,1,fitzpatrick17k,fitz_ee0cca6b53ab15d28e448031f01d4d0f,medium,3,benign
0,0.41140520572662354,1,fitzpatrick17k,fitz_54772e05a49dda00ec1a3c9b7a1cfdba,light,2,benign
1,0.5444631576538086,1,fitzpatrick17k,fitz_2c74321d5e74fddb13c2d77b64cbe9b2,light,2,malignant
1,0.49952706694602966,1,fitzpatrick17k,fitz_fa4ed547ba2ed8055c9d777ee729f70b,medium,3,malignant
1,0.47410187125205994,1,fitzpatrick17k,fitz_f08034a69a57680dbe4521f6e913ba22,medium,3,malignant
0,0.7549338340759277,1,fitzpatrick17k,fitz_acd8feb1ca7fddf6e5237aa3eaced966,light,1,benign
0,0.6619388461112976,1,fitzpatrick17k,fitz_3dbdf558dcfe15e8f7f3c1cc13e66422,medium,4,benign
0,0.5387663245201111,1,fitzpatrick17k,fitz_98feee4e79ef8312db7e5604d95ad66f,medium,3,benign
1,0.4430636763572693,1,fitzpatrick17k,fitz_bb6e7390c63e78607a7308076972713a,light,2,malignant
1,0.5566312074661255,1,fitzpatrick17k,fitz_2e096f75543e315d8cf1ccf1ae45ce6a,light,2,malignant
1,0.5198185443878174,1,fitzpatrick17k,fitz_1b0f82951e82535fa4f79a16802490d2,dark,5,malignant
1,0.44515955448150635,1,fitzpatrick17k,fitz_2004c88f0aba56122257c4f71e67c719,medium,3,malignant
1,0.6546044945716858,1,fitzpatrick17k,fitz_cb399ec010d1031fbaa1dad093a3a328,light,1,malignant
1,0.5511167049407959,1,fitzpatrick17k,fitz_af52bb1087469cc110332783dd328d6a,light,2,malignant
0,0.44795286655426025,1,fitzpatrick17k,fitz_67a5980c2855fb037a812e716dc911ca,light,1,benign
1,0.6895512342453003,1,fitzpatrick17k,fitz_54f09a0af80b1930a3210d57df1f373e,light,2,malignant
1,0.654538631439209,1,fitzpatrick17k,fitz_c0d87b8dc5b8419b85c8fa07517007fd,light,1,malignant
0,0.6661595702171326,1,fitzpatrick17k,fitz_0645116845f5973b311d60306626086e,medium,4,benign
0,0.6088491082191467,1,fitzpatrick17k,fitz_40f34dba67a996fb6ca51804b2ca949d,light,2,benign
0,0.5721725225448608,1,fitzpatrick17k,fitz_84a6fff2cdd6e254aa98355d53d78f01,light,2,benign
1,0.5429477691650391,1,fitzpatrick17k,fitz_bb2e052ba0951cf787b9e831ab2a5b10,light,1,malignant
1,0.6168882250785828,1,fitzpatrick17k,fitz_c8f1c03a90e5a0ead446526bbfc8e86a,medium,3,malignant
0,0.5554977655410767,1,fitzpatrick17k,fitz_15dd1eb153ea63ea9a1638296520460d,light,2,benign
1,0.6545403599739075,1,fitzpatrick17k,fitz_69cfcc29d1376d77c9bcbfca301eefb6,medium,3,malignant
1,0.5992119908332825,1,fitzpatrick17k,fitz_9a2685b99d2db77c7297891d1c5b2dae,light,2,malignant
1,0.5469248294830322,1,fitzpatrick17k,fitz_fb41d70e2f3ac0f981d4d2eb6f199318,light,2,malignant
0,0.4474794268608093,1,fitzpatrick17k,fitz_a8583006eb83757f8a183bb8aef23f14,medium,4,benign
1,0.6512871384620667,1,fitzpatrick17k,fitz_22f13657c4a6b4a3fc6ea06d313c3725,medium,3,malignant
1,0.583949863910675,1,fitzpatrick17k,fitz_4ff4109275ef98c7cd754dee47249adc,light,2,malignant
0,0.4986998438835144,1,fitzpatrick17k,fitz_1fa86e2a6a80279cd8508d1420ba102d,light,2,benign
1,0.4779539406299591,1,fitzpatrick17k,fitz_becab807bbe933d1a5e84f378dfc083f,medium,4,malignant
1,0.5007578134536743,1,fitzpatrick17k,fitz_42bb46cb779b95f10e531e2b6181e439,light,1,malignant
0,0.9959756731987,1,fitzpatrick17k,fitz_7ba51368a962a6acafec7b39779cb4a9,light,2,benign
0,0.4298035502433777,1,fitzpatrick17k,fitz_a1c1f1ea02cf83d75af5e1fa9c3ade5a,light,2,benign
0,0.43675538897514343,1,fitzpatrick17k,fitz_057a18ef59ca4313fc8ca879c5094f13,medium,3,benign
1,0.6650060415267944,1,fitzpatrick17k,fitz_480fd80167d7865ce9aafe14aba4ec9d,dark,5,malignant
0,0.5646792054176331,1,fitzpatrick17k,fitz_b91bf35f16602faab8dc334563de5b33,light,1,benign
0,0.5324586033821106,1,fitzpatrick17k,fitz_6803521d9bc13a16bebf67e5f542d9be,medium,3,benign
1,0.4546133875846863,1,fitzpatrick17k,fitz_407d41dc4b0e9e0fddd2fe5a4e155986,medium,4,malignant
1,0.4905239939689636,1,fitzpatrick17k,fitz_6fcaf3c1ecef5a938bf70ae2b6ed24f6,light,2,malignant
1,0.6998254656791687,1,fitzpatrick17k,fitz_75f3059a6ad92bc7ef724a4ac79dc492,light,2,malignant
1,0.25604334473609924,1,fitzpatrick17k,fitz_55e268bf2641c7ceeadd9f43ceb55f29,light,2,malignant
1,0.608048141002655,1,fitzpatrick17k,fitz_9965621eb0e381dc51db0ffa0b3033e7,light,2,malignant
1,0.567764937877655,1,fitzpatrick17k,fitz_3791b30f96733f69b473c8d2fcf3998b,light,2,malignant
1,0.7092903852462769,1,fitzpatrick17k,fitz_874c068761a094896dc6a19678bfb2cb,light,2,malignant
1,0.6119257211685181,1,fitzpatrick17k,fitz_77aa716ae6d1b7c52f7007fd36864dc2,light,1,malignant
0,0.3868519961833954,1,fitzpatrick17k,fitz_2d47534396dae6130583dfb65c30fe61,dark,5,benign
0,0.48566174507141113,1,fitzpatrick17k,fitz_2965539620963fea7f51907224ec840c,medium,3,benign
0,0.444335401058197,1,fitzpatrick17k,fitz_4fa1e4a17380c13f60d935b4f16996ff,light,2,benign
0,0.4011877775192261,1,fitzpatrick17k,fitz_91c939e51667835970e7778ec18813ef,medium,3,benign
1,0.42552804946899414,1,fitzpatrick17k,fitz_297ee70fefe78b688233154f8befb1e3,light,2,malignant
0,0.5969265103340149,1,fitzpatrick17k,fitz_0f94533e693dab70850adb978cc0d821,dark,5,benign
0,0.4274488687515259,1,fitzpatrick17k,fitz_c1e1779aa5f1b9afd1016bb8018b5605,medium,4,benign
0,0.33404669165611267,1,fitzpatrick17k,fitz_b53a5cc389f78ded1e73df82aeae505c,dark,5,benign
0,0.34627941250801086,1,fitzpatrick17k,fitz_34868fffd3489bf6bed5f470fed542da,light,2,benign
0,0.5090504884719849,1,fitzpatrick17k,fitz_6630efeccdbb3e1955e09a0ea5a407fd,light,2,benign
0,0.47788330912590027,1,fitzpatrick17k,fitz_50067ef8f8a42ac3e71f043524be3e23,light,1,benign
0,0.39542001485824585,1,fitzpatrick17k,fitz_68080d1e8abc99eb6a82f334bc5a693f,medium,3,benign
0,0.4028569757938385,1,fitzpatrick17k,fitz_aafbf7d0e817f7bf2d1a9098d8514666,dark,5,benign
0,0.5602480173110962,1,fitzpatrick17k,fitz_0ef6a4157b7bbe44c357d9d1ff7151c8,light,2,benign
1,0.5876783132553101,1,fitzpatrick17k,fitz_57b5a38f58b25a43d4997a599154baf9,light,1,malignant
0,0.5191338658332825,1,fitzpatrick17k,fitz_214c65e740652e9b27a9a6130c991017,medium,3,benign
1,0.44481557607650757,1,fitzpatrick17k,fitz_8f11fe151cb9ede441d591dbfc171948,medium,3,malignant
0,0.38592395186424255,1,fitzpatrick17k,fitz_09c8bec991dd5c6cf5bc8af119ccca0a,light,2,benign
1,0.5851852893829346,1,fitzpatrick17k,fitz_d80eb8dcd60ddbbadecd602d7e3234be,medium,3,malignant
1,0.7193081378936768,1,fitzpatrick17k,fitz_cf3d2262e2ddccfee4641197f689e6dd,light,2,malignant
1,0.511491596698761,1,fitzpatrick17k,fitz_a72927a9733ed3072b41b7c353b259db,light,1,malignant
1,0.5509514808654785,1,fitzpatrick17k,fitz_b580a075146386af3e2cfb6c8b026a40,dark,6,malignant
1,0.5219817161560059,1,fitzpatrick17k,fitz_545f0e8a6125523973e200172976448a,medium,4,malignant
1,0.7698391675949097,1,fitzpatrick17k,fitz_0eea95f33aa97fec0d44afde061d5595,light,1,malignant
1,0.46739286184310913,1,fitzpatrick17k,fitz_1681c65312e7c67fcec67b39a5f31162,light,2,malignant
1,0.6939048767089844,1,fitzpatrick17k,fitz_38d20f98356a171a3c206985213c366b,light,2,malignant
0,0.6757641434669495,1,fitzpatrick17k,fitz_1914e3c00a7d0bb468c53a67c18165b8,medium,3,benign
1,0.45488691329956055,1,fitzpatrick17k,fitz_88585fc7b3ebb360c2ca8bc2cdfaf736,medium,4,malignant
1,0.6306091547012329,1,fitzpatrick17k,fitz_e170d124649f3cddf0e8d2ac7a4e597f,light,1,malignant
1,0.7123575210571289,1,fitzpatrick17k,fitz_72e2febe065d177b01564edeb420e24b,medium,3,malignant
1,0.7123124003410339,1,fitzpatrick17k,fitz_84d8616020e202285cb4b5505d18541b,medium,3,malignant
1,0.6757833361625671,1,fitzpatrick17k,fitz_16e8de6bd449154d0823adddef933b73,light,1,malignant
0,0.5771481394767761,1,fitzpatrick17k,fitz_322b68d37074c1950a21243137800788,medium,3,benign
0,0.5302187204360962,1,fitzpatrick17k,fitz_3c421aa1b1d94df229df3c6ae9a4530a,dark,6,benign
1,0.47453534603118896,1,fitzpatrick17k,fitz_6eefcee64440fb29088135a15a4c9348,light,2,malignant
0,0.4080009162425995,1,fitzpatrick17k,fitz_fd29fb706c41cc9552b40a057024f460,light,2,benign
0,0.6231380105018616,1,fitzpatrick17k,fitz_56945da8718c4c60517f621599ab54d8,light,2,benign
1,0.5801187753677368,1,fitzpatrick17k,fitz_83cd9569896510c012ebc6c5bb7f3c74,light,2,malignant
1,0.5425389409065247,1,fitzpatrick17k,fitz_25a9a37f1edef70afe4cbfb380f01224,medium,3,malignant
0,0.3123161196708679,1,fitzpatrick17k,fitz_c0ea1e88aa3ba697014dca3924e559e6,light,2,benign
0,0.6370622515678406,1,fitzpatrick17k,fitz_2475581bf40d111f31146165fce3441b,light,1,benign
0,0.4768590033054352,1,fitzpatrick17k,fitz_1272664fdb6b3fe6ea59381e02716169,light,1,benign
1,0.6697250008583069,1,fitzpatrick17k,fitz_37776f44e7f4949826d0fd29525620d4,light,2,malignant
0,0.39850619435310364,1,fitzpatrick17k,fitz_7094ebc9834c1cbe6991ca9eb6f38c9a,light,2,benign
0,0.5876440405845642,1,fitzpatrick17k,fitz_605ae32a4e833e8d8373a33b4336bdcf,light,2,benign
0,0.5556046366691589,1,fitzpatrick17k,fitz_fd341aaafca422649fcbb11334a022a8,light,2,benign
1,0.5496560335159302,1,fitzpatrick17k,fitz_e7fd792efe793efba7a339d3dd29e404,light,1,malignant
1,0.5491396188735962,1,fitzpatrick17k,fitz_0d582dfe778f718b94bd58195433eb47,light,2,malignant
0,0.5317206978797913,1,fitzpatrick17k,fitz_1f60e819229b11d3e51c9b722b5dba70,light,2,benign
1,0.4128356873989105,1,fitzpatrick17k,fitz_648adc09de37624a92674d2b90d96188,dark,5,malignant
1,0.4760341942310333,1,fitzpatrick17k,fitz_cc63958a1cedccb7dc1f0628f010206e,light,2,malignant
0,0.412753164768219,1,fitzpatrick17k,fitz_383a02d4317275c0a044a43d02a84949,light,2,benign
0,0.7013162970542908,1,fitzpatrick17k,fitz_e654f6c8ac970fe75d7fd45967f5c27a,light,2,benign
1,0.5355885028839111,1,fitzpatrick17k,fitz_576c5c37a21c1c767733e486ac69b71c,light,2,malignant
1,0.44851410388946533,1,fitzpatrick17k,fitz_a49abcfad0d9a5270d1c9488a6fc466f,light,1,malignant
0,0.4120689034461975,1,fitzpatrick17k,fitz_c1db3c69bb7a69c366bb7af52199a148,medium,3,benign
1,0.6190229654312134,1,fitzpatrick17k,fitz_d2e96d346577a155b0125dda66b16395,light,1,malignant
0,0.4829736351966858,1,fitzpatrick17k,fitz_00d5f0c643a2c4317c33bcfcc7b56759,light,2,benign
1,0.7288904786109924,1,fitzpatrick17k,fitz_174f6d759798e3fec307a2b7b513f139,light,2,malignant
0,0.49013710021972656,1,fitzpatrick17k,fitz_870cc15be006f854b30fb4959bb54eae,light,1,benign
0,0.601224422454834,1,fitzpatrick17k,fitz_656ee5b708a8250872b363adf2c1476a,medium,4,benign
0,0.4582976996898651,1,fitzpatrick17k,fitz_1a6a0f322da502480484eebf5210f848,light,1,benign
1,0.5534008145332336,1,fitzpatrick17k,fitz_c4ea214b9c8cec7349c9d6fceb487191,light,2,malignant
0,0.7006094455718994,1,fitzpatrick17k,fitz_935253176f36da2ffbfa63299b8afa6b,light,2,benign
0,0.437994122505188,1,fitzpatrick17k,fitz_4b4dbba61edbda8a8d68e7c66c55414f,medium,4,benign
0,0.4835345447063446,1,fitzpatrick17k,fitz_04ff8956172642998a8edbcaa0960f09,light,1,benign
0,0.5510683655738831,1,fitzpatrick17k,fitz_3f7aaf6d85e7d27d7d4c403f47895695,light,2,benign
1,0.6474625468254089,1,fitzpatrick17k,fitz_c4c2e945778e09af22e5fc0a0e92bcbf,light,1,malignant
1,0.723926305770874,1,fitzpatrick17k,fitz_923228f28903085907978dbba69ee1e6,light,2,malignant
0,0.6664182543754578,1,fitzpatrick17k,fitz_eaed7184b1a9e5afdd5d214c2dd98d57,light,2,benign
1,0.8137208223342896,1,fitzpatrick17k,fitz_df36e9e73a06b3a37cc7bca56f6181b6,medium,3,malignant
1,0.5219094157218933,1,fitzpatrick17k,fitz_3361f78e86e2c0dcd0868286fb042384,light,1,malignant
0,0.48594674468040466,1,fitzpatrick17k,fitz_656ef36ce047a3d77b6fc617cfcd15fc,medium,3,benign
1,0.6382067203521729,1,fitzpatrick17k,fitz_0d832e0fc8954df6f599abca35cd881d,medium,3,malignant
0,0.9934070110321045,1,fitzpatrick17k,fitz_22aa5a1793cc8388ad24d2bb9e3884bd,light,1,benign
1,0.5979840755462646,1,fitzpatrick17k,fitz_4774398105aa32b8d004b499ccbf5633,light,2,malignant
0,0.36549142003059387,1,fitzpatrick17k,fitz_c0901ea10a72665f35e0a44da7cd05fa,light,1,benign
1,0.415947824716568,1,fitzpatrick17k,fitz_94d83b7ef6a07cda5e0ce98dbc2a5550,medium,3,malignant
0,0.5448290705680847,1,fitzpatrick17k,fitz_fe9cef9e6b609fa344d5a681336c3b37,light,2,benign
1,0.6511242985725403,1,fitzpatrick17k,fitz_cb0516a3a69f69eb2d5b7eafcfa5fc22,medium,3,malignant
1,0.7250003814697266,1,fitzpatrick17k,fitz_44501b66878c664dcc464ac40ba90211,medium,3,malignant
0,0.5086824893951416,1,fitzpatrick17k,fitz_6f93aa757c0b91baceca396b7b76c90c,light,2,benign
0,0.3647884130477905,1,fitzpatrick17k,fitz_aa1951a8a09b8b08d1d30607ddf5770f,light,1,benign
0,0.41579732298851013,1,fitzpatrick17k,fitz_96fec92b4635d407429bf99b37b56b50,medium,3,benign
1,0.49772125482559204,1,fitzpatrick17k,fitz_f27b150981c616b704721a1fa8cc9374,medium,3,malignant
0,0.33049389719963074,1,fitzpatrick17k,fitz_f2eda43c2fa0e4d269fe8cc4baf1e7d6,dark,5,benign
0,0.3473431169986725,1,fitzpatrick17k,fitz_bc3621be57a0eeaec4b593b7be843ed4,light,1,benign
1,0.4836007356643677,1,fitzpatrick17k,fitz_72f9f788233f2c319950f11f67450fb5,medium,3,malignant
0,0.4681883752346039,1,fitzpatrick17k,fitz_e0cb7de355eb3b069e6714bd908a63cb,light,1,benign
1,0.4342728853225708,1,fitzpatrick17k,fitz_37027472ae69e4274eff83ff89c99d6d,light,1,malignant
1,0.6042717695236206,1,fitzpatrick17k,fitz_0ad35686cc836776ddb21346413d273e,medium,3,malignant
1,0.568675696849823,1,fitzpatrick17k,fitz_46a52b0203c2e2e10adcfdb6dd3d30a0,medium,4,malignant
0,0.250396728515625,1,fitzpatrick17k,fitz_db0585772571cb1d0bb61d1d13f6a052,medium,4,benign
1,0.6690263748168945,1,fitzpatrick17k,fitz_58aa51a65eb4f1aa268eca98ab1bc7b5,medium,4,malignant
0,0.48474830389022827,1,fitzpatrick17k,fitz_083693f96384f926cf469c0c9ef34c25,medium,4,benign
1,0.6466936469078064,1,fitzpatrick17k,fitz_d1e4e75a26460a43f613fbfe64464b55,light,2,malignant
1,0.46226370334625244,1,fitzpatrick17k,fitz_7075c2cde6d86aa53d709a2ead26b93f,light,2,malignant
1,0.47961947321891785,1,fitzpatrick17k,fitz_fdda53ce89d314229c5088ae449be8ee,medium,3,malignant
0,0.7357435822486877,1,fitzpatrick17k,fitz_6f6c77015a7eadb0fd805eb69fadafa7,light,2,benign
1,0.4502425789833069,1,fitzpatrick17k,fitz_fac24183c8bb25e3f3221dcc4421b95f,medium,3,malignant
1,0.47535550594329834,1,fitzpatrick17k,fitz_e5d72c33149dbbd5b9dd43f485796413,medium,3,malignant
0,0.4372214078903198,1,fitzpatrick17k,fitz_452670f5d314b708459d19b8e2c3326f,light,2,benign
1,0.6186930537223816,1,fitzpatrick17k,fitz_9180caf457da660165757eb4de0cd35c,light,2,malignant
1,0.7743797898292542,1,fitzpatrick17k,fitz_e0e27fea7267d1d667081d79afdadd91,light,1,malignant
0,0.5448324680328369,1,fitzpatrick17k,fitz_1ee5e3e9e7a355ba2d70e35c79bac082,light,1,benign
1,0.628696858882904,1,fitzpatrick17k,fitz_516b8ed8e7db3a27e68118aac9191fb5,light,2,malignant
0,0.462812602519989,1,fitzpatrick17k,fitz_dd359277e3addda85c39c59feaf25b94,light,1,benign
0,0.4626322090625763,1,fitzpatrick17k,fitz_2003dff782042df5d9d3eca6bf3f6acb,dark,5,benign
1,0.7106627821922302,1,fitzpatrick17k,fitz_8c2c1f4033ef00e39ab32ac2a3cd5dfc,light,2,malignant
0,0.6273541450500488,1,fitzpatrick17k,fitz_a2abd32b2f43d0039dcde191919a88bf,light,1,benign
0,0.4976245164871216,1,fitzpatrick17k,fitz_70b8e8fca7963b3fafc74cbfa20274a5,medium,3,benign
1,0.48949122428894043,1,fitzpatrick17k,fitz_227aabac4aa7eca8fa4b9fb2abddc5a0,medium,3,malignant
0,0.5328972935676575,1,fitzpatrick17k,fitz_4c0cd9e89e0856ea4cebc3b04064861a,light,1,benign
0,0.6309434175491333,1,fitzpatrick17k,fitz_be1bc30308ed6b2b3bbb3a67996dd2e8,light,2,benign
0,0.4462345838546753,1,fitzpatrick17k,fitz_676f64c842eec80eded6a4b7da155a1a,medium,4,benign
1,0.508077085018158,1,fitzpatrick17k,fitz_4f56807f47fe9a2dd46fbed3d38ad8c7,dark,6,malignant
0,0.48831743001937866,1,fitzpatrick17k,fitz_e8f882e1ef0c63548f06ce062136f7a0,medium,4,benign
1,0.7019369602203369,1,fitzpatrick17k,fitz_5f567374f688120109c2bab349ff21cf,light,2,malignant
0,0.5967501997947693,1,fitzpatrick17k,fitz_d6786927b91d6676c532d902bb219796,light,1,benign
0,0.41878145933151245,1,fitzpatrick17k,fitz_e6624fc386fccf658b66f732ae0392a3,light,2,benign
0,0.510543167591095,1,fitzpatrick17k,fitz_0ae83657120b8043c6200a17e5e5dec8,medium,4,benign
0,0.4900147616863251,1,fitzpatrick17k,fitz_91a12888aa3eb6ac9011939352a9c6e2,dark,5,benign
0,0.38273128867149353,1,fitzpatrick17k,fitz_c652772dd70d369fefb99a7a8ab31b53,light,2,benign
1,0.3636113405227661,1,fitzpatrick17k,fitz_9289853db2501ac7d600ec0fc713cf5a,light,1,malignant
1,0.5112167000770569,1,fitzpatrick17k,fitz_cdb9d51cd1835796a6f898537693ee69,light,1,malignant
0,0.5071454644203186,1,fitzpatrick17k,fitz_8390f737db746285c7fc204e514dc08e,dark,5,benign
1,0.5207610130310059,1,fitzpatrick17k,fitz_6c0dd2544391e097ce4e832a5308ac83,light,2,malignant
1,0.6631110310554504,1,fitzpatrick17k,fitz_83ce49e83a31bca8220080e97bbe7dca,light,2,malignant
1,0.6621930003166199,1,fitzpatrick17k,fitz_203f72e12bfd9132ba8f843eaa9a894f,light,2,malignant
0,0.46702104806900024,1,fitzpatrick17k,fitz_dd1fbd4548204025098aa9b7489ae169,light,1,benign
1,0.40784403681755066,1,fitzpatrick17k,fitz_6607d5ae0731bc91e322cc0e26d4f73d,medium,4,malignant
1,0.4439863860607147,1,fitzpatrick17k,fitz_7b2417ddf1a9d8f3fa5a7989d1b45c86,light,2,malignant
1,0.528435230255127,1,fitzpatrick17k,fitz_9d994f1278a9788612fa2af179328c31,dark,6,malignant
0,0.37044256925582886,1,fitzpatrick17k,fitz_22c44b647b4b1d9a110cb159b1674183,medium,4,benign
0,0.4980042576789856,1,fitzpatrick17k,fitz_a2ced0e21e0c6bc98b5553f08829c186,medium,4,benign
0,0.514661431312561,1,fitzpatrick17k,fitz_177139bc4aeb665b8efd0f606d6d7391,light,2,benign
1,0.7591343522071838,1,fitzpatrick17k,fitz_ff7fc623af53e40e882be0c85c8b6877,light,2,malignant
0,0.44743165373802185,1,fitzpatrick17k,fitz_169e80201d74ace7a656554f30e2bd95,light,2,benign
0,0.37743014097213745,1,fitzpatrick17k,fitz_b1098b20b934997bfc37b366c6bbbf72,medium,4,benign
0,0.5237997174263,1,fitzpatrick17k,fitz_308dd4a7bae1755b366667a82e2e7d02,medium,4,benign
0,0.4009091854095459,1,fitzpatrick17k,fitz_6e5b6dd420449782f1ab8046701408f7,light,1,benign
0,0.4730740785598755,1,fitzpatrick17k,fitz_7c966614667a9055f244ea4b32b74a15,medium,3,benign
0,0.46562641859054565,1,fitzpatrick17k,fitz_8fd64caa1504bbdf6d33933c9b6b6a35,medium,4,benign
0,0.538804292678833,1,fitzpatrick17k,fitz_365aac442608711300939dbae45eb7d2,medium,3,benign
1,0.691770076751709,1,fitzpatrick17k,fitz_ebcb5f8fb40638b6e3e4159f11879a08,light,2,malignant
0,0.5700985193252563,1,fitzpatrick17k,fitz_2dabcd75a550fda4a489b2b92b0e1f1a,light,2,benign
0,0.5081405639648438,1,fitzpatrick17k,fitz_3aef03ecc3e4c163acc454eec08eec71,light,2,benign
0,0.5468956828117371,1,fitzpatrick17k,fitz_5f1de163a9b6dbe52a516085848399d3,medium,4,benign
0,0.5534329414367676,1,fitzpatrick17k,fitz_954ea7a3d146498218f9b95c568a8474,medium,3,benign
0,0.6783830523490906,1,fitzpatrick17k,fitz_3f5d673db4196bc614be8d9e0487b3d5,medium,3,benign
0,0.7676096558570862,1,fitzpatrick17k,fitz_018216845bb29c0717a0b01a038b96eb,light,2,benign
0,0.5088310837745667,1,fitzpatrick17k,fitz_b1c9609637096b385fa48fde4a908bf3,light,1,benign
1,0.6970791816711426,1,fitzpatrick17k,fitz_9f0704d534bda1e469eb5e19bd4aa4e6,light,1,malignant
1,0.6161425113677979,1,fitzpatrick17k,fitz_f77c1c3ab01cf6fb70d8de77238ed3d6,light,1,malignant
0,0.3070606291294098,1,fitzpatrick17k,fitz_5ec9109b6b51f49e0dfa8450a5e092be,light,2,benign
0,0.45733675360679626,1,fitzpatrick17k,fitz_ba3b05057183a7678520ecdebdd4f0fc,medium,4,benign
1,0.4236907362937927,1,fitzpatrick17k,fitz_256e58f0e342d523cae925d1a3e55a38,light,2,malignant
0,0.4812660217285156,1,fitzpatrick17k,fitz_d5e7eeb645ea0964bf974e59325870a7,light,2,benign
0,0.4617915451526642,1,fitzpatrick17k,fitz_285b7f018c0d7079fadc9f276494643f,dark,5,benign
0,0.5931678414344788,1,fitzpatrick17k,fitz_e45706ee7d420f0d5819e056985b8f5c,light,2,benign
0,0.7959656715393066,1,fitzpatrick17k,fitz_eacd4872fc1a9795b060d5575ad5b8d1,medium,4,benign
0,0.48072350025177,1,fitzpatrick17k,fitz_d52c33f0ce4c9947fc062f4c95ab50f2,light,1,benign
1,0.7156082987785339,1,fitzpatrick17k,fitz_edaf72dfe0910228db8eb491ed9dc2b3,light,1,malignant
1,0.6594058871269226,1,fitzpatrick17k,fitz_771fff032a6c7854eb8509f5849e929e,medium,4,malignant
0,0.7181079387664795,1,fitzpatrick17k,fitz_25f6a083995ad41ed8c8017e38054c16,medium,4,benign
0,0.5691437721252441,1,fitzpatrick17k,fitz_fa866bb459eb719101f756a3b6244ca4,light,1,benign
1,0.6503446102142334,1,fitzpatrick17k,fitz_fb645ff861b4aa453c8bc1208a93184c,light,2,malignant
0,0.42776310443878174,1,fitzpatrick17k,fitz_409819704e132fbf1af7972247a61477,light,2,benign
1,0.5979084372520447,1,fitzpatrick17k,fitz_629c6d2a96d0084137cfcb51875f2c79,dark,6,malignant
0,0.6458405256271362,1,fitzpatrick17k,fitz_f1b8c67eaa33834ea89a104d3c7f8490,dark,5,benign
1,0.4708399474620819,1,fitzpatrick17k,fitz_3463d25c4b8bc5061a3faa4ca6715537,light,2,malignant
0,0.4110097289085388,1,fitzpatrick17k,fitz_886e41a00b7d754d53e7ecd9dec9058f,light,1,benign
1,0.49775245785713196,1,fitzpatrick17k,fitz_83f39daba0fbd5d90c07da1eb1c4f80e,light,2,malignant
0,0.3874758183956146,1,fitzpatrick17k,fitz_1e3e5761175f38b492a4180a308b13ba,medium,4,benign
1,0.5068252682685852,1,fitzpatrick17k,fitz_fe7e88943637af0b837b6aaf8e49ef3a,light,2,malignant
0,0.49933546781539917,1,fitzpatrick17k,fitz_f385a3de0dadebad91f1311435e7f9a3,medium,3,benign
1,0.6654770970344543,1,fitzpatrick17k,fitz_163d9c550fad4704990a3d1b8183d0f8,light,2,malignant
1,0.5996664762496948,1,fitzpatrick17k,fitz_0a94f46a7263ca3073e55f337b279af4,medium,4,malignant
1,0.6797309517860413,1,fitzpatrick17k,fitz_4a42c72a20a24c80ee1d43aca4a1e498,medium,3,malignant
1,0.5849459171295166,1,fitzpatrick17k,fitz_c05b03bcef867fca1e842f5226089b2c,light,2,malignant
0,0.3985965847969055,1,fitzpatrick17k,fitz_950f1320c1fdba94399684868ba0177f,light,1,benign
0,0.4874066710472107,1,fitzpatrick17k,fitz_94d55bd2f59807720ed675dfd24cf9a3,light,1,benign
0,0.5641881227493286,1,fitzpatrick17k,fitz_c5af585a16245dc7a70c02a7df8157b6,light,2,benign
1,0.5484296679496765,1,fitzpatrick17k,fitz_c278fa07eb2f5e4681545a953d9570ee,light,2,malignant
0,0.5133051872253418,1,fitzpatrick17k,fitz_3cf5e3dbdd120e33f88f3f7351adaf3c,light,2,benign
0,0.07754737883806229,0,fitzpatrick17k,fitz_762bafbb99839f197db2bc5ce1a0f062,light,2,benign
0,0.5101079344749451,1,fitzpatrick17k,fitz_111a3c49a26b36e336c1bc0b6ad4d354,medium,4,benign
1,0.5255889892578125,1,fitzpatrick17k,fitz_69568fbb5f210c22cc07d54a578dfffe,medium,4,malignant
1,0.6933008432388306,1,fitzpatrick17k,fitz_e84e4787a90ac8563d72c03f6aa0e1b4,light,2,malignant
0,0.475334495306015,1,fitzpatrick17k,fitz_8169683ac60b87ed3de3870d8a5e1c19,light,1,benign
1,0.5783740878105164,1,fitzpatrick17k,fitz_454e68bf5705eabf0f4d28fc1dbd77be,dark,6,malignant
0,0.5584723353385925,1,fitzpatrick17k,fitz_f64dc9f426c207b5cf918983cbeebfc2,light,1,benign
0,0.632572591304779,1,fitzpatrick17k,fitz_88e1b03603048dc9ffd7cc045806725e,light,1,benign
0,0.49640917778015137,1,fitzpatrick17k,fitz_30a0b728b7c6da516439bae2e0b0cf20,dark,6,benign
0,0.48034247756004333,1,fitzpatrick17k,fitz_7414a1d3b0319e921a73b2dbf874b7c9,medium,3,benign
1,0.8079935312271118,1,fitzpatrick17k,fitz_aced50eca3b94bc5a21142c87d461e01,light,1,malignant
0,0.4504232108592987,1,fitzpatrick17k,fitz_1f38d003c693895e84f419e3c185d212,light,2,benign
0,0.6501260995864868,1,fitzpatrick17k,fitz_75c6ea8bd73ca6164b0a666afe401274,light,2,benign
1,0.5803266763687134,1,fitzpatrick17k,fitz_6c76dd4272bca93a132fbcbd7500877a,light,2,malignant
0,0.638197660446167,1,fitzpatrick17k,fitz_17671141fadfbc7d358a5e2cc4b98b58,light,1,benign
0,0.4613689184188843,1,fitzpatrick17k,fitz_3caec8f065c0e4fca0e99961f4cc75a0,medium,3,benign
0,0.3316878378391266,1,fitzpatrick17k,fitz_0e5d6012abf6f15a43ea56071b4ab604,medium,3,benign
0,0.447274774312973,1,fitzpatrick17k,fitz_ea5aafbb230f654c1ee46aa7fd6f1047,light,1,benign
0,0.4573402404785156,1,fitzpatrick17k,fitz_ad2973614470d0f10c8a56294ab282b8,medium,4,benign
1,0.5619379281997681,1,fitzpatrick17k,fitz_f78395e7569fea6aa0263b0680b39fed,light,1,malignant
1,0.5341562032699585,1,fitzpatrick17k,fitz_a7d96aa10f75ec5c93c09a6bfbbc7fd7,light,1,malignant
1,0.7510758638381958,1,fitzpatrick17k,fitz_0ef0d6fa3124b76205a8d514b22fafaa,medium,3,malignant
0,0.7473899722099304,1,fitzpatrick17k,fitz_54ed3d7dfd9a6e606a3653ecc1d92052,light,1,benign
0,0.5998486876487732,1,fitzpatrick17k,fitz_453c86b753e7f0e8695a103e337c35d9,medium,4,benign
0,0.41698765754699707,1,fitzpatrick17k,fitz_1159baff8f88203abab99fba69865c24,medium,3,benign
1,0.2788936495780945,1,fitzpatrick17k,fitz_18848f2fd60a8534d91b20b6da849c53,light,2,malignant
1,0.6182557344436646,1,fitzpatrick17k,fitz_c12375fa8da3696e9198df1fd74703c1,light,1,malignant
1,0.6045224070549011,1,fitzpatrick17k,fitz_317463824f8d009c93668328a1b21ef5,medium,3,malignant
0,0.4730090796947479,1,fitzpatrick17k,fitz_fcd868bf19f1852e42349f5fa5824af5,medium,3,benign
1,0.46701040863990784,1,fitzpatrick17k,fitz_44dd09cec3d8e1a42c64235346e4d062,medium,4,malignant
1,0.4839014708995819,1,fitzpatrick17k,fitz_0bcd16b715c47df35609c723676d6f42,medium,4,malignant
0,0.5433653593063354,1,fitzpatrick17k,fitz_23298fb4037f3307f5a65b9e65d201a5,dark,6,benign
1,0.6886534690856934,1,fitzpatrick17k,fitz_6323e7bf168cb3f170902b24cd05e8c4,light,2,malignant
1,0.5828022360801697,1,fitzpatrick17k,fitz_99b82081c1a3ed00b502c69d6fe5809f,light,1,malignant
1,0.5344464182853699,1,fitzpatrick17k,fitz_9695951a2cb28eb40557aa22e201b9c4,light,1,malignant
1,0.5683869123458862,1,fitzpatrick17k,fitz_0f644501a2c12e1bf8edf3ac59103ae4,light,2,malignant
0,0.6347209811210632,1,fitzpatrick17k,fitz_26ca1663d0d35255aa471578fd030131,dark,5,benign
1,0.5155556201934814,1,fitzpatrick17k,fitz_bba3db5954f7975d59a37347222d954d,dark,5,malignant
0,0.34807324409484863,1,fitzpatrick17k,fitz_babe125be18f7ba4fa8a2f7eafce4693,medium,4,benign
0,0.23033881187438965,1,fitzpatrick17k,fitz_ccca6710869a4978acf55f5101088a88,medium,4,benign
0,0.610127329826355,1,fitzpatrick17k,fitz_aa4cec561d77dd60dc4476a0e0d61992,medium,3,benign
1,0.6518855094909668,1,fitzpatrick17k,fitz_48cec03c27c9107baa6cea045851ec23,light,2,malignant
0,0.6535365581512451,1,fitzpatrick17k,fitz_5c81dac7d18a14bfd34a087e0c04195f,light,1,benign
0,0.5888561606407166,1,fitzpatrick17k,fitz_cfc614c4f422aa8fdf084cd0843d37fe,light,2,benign
1,0.4986058175563812,1,fitzpatrick17k,fitz_b38e8cb50b2d60ecd2d2e2a9da5930b2,light,2,malignant
0,0.5595385432243347,1,fitzpatrick17k,fitz_edb47f0f7a10ad7f4fc60f27094dbecd,light,1,benign
0,0.6418139934539795,1,fitzpatrick17k,fitz_e417b5f3c269cd00089cd0b5366ba7e8,medium,3,benign
0,0.6233317255973816,1,fitzpatrick17k,fitz_799fd4e193ca4becad96d25a41587e53,light,2,benign
0,0.44874897599220276,1,fitzpatrick17k,fitz_a5b74f0f8c740b49f46f008db324a096,medium,3,benign
1,0.6039488911628723,1,fitzpatrick17k,fitz_8785763d2142f4d5fb2cab27018caa18,light,2,malignant
1,0.4911232888698578,1,fitzpatrick17k,fitz_a8d1e541c8fcaf013375a51153570ed1,light,1,malignant
0,0.7326239347457886,1,fitzpatrick17k,fitz_238ade66921ce82f2fc2b6ac4862329c,dark,5,benign
1,0.5781909227371216,1,fitzpatrick17k,fitz_57ed49e9e7286aa931775ca9fe0052d7,dark,6,malignant
0,0.41340330243110657,1,fitzpatrick17k,fitz_01dddf6f1f6e6715829f03db6e797472,light,1,benign
1,0.7445398569107056,1,fitzpatrick17k,fitz_6f6f8c6bb2e0d48e9c6b4d4345ab56b7,light,2,malignant
0,0.37569189071655273,1,fitzpatrick17k,fitz_f2a275f5f8fe396644e1601abfe356f9,light,2,benign
1,0.6510626673698425,1,fitzpatrick17k,fitz_62d277784521ca0bc25d6e91268b3c71,light,2,malignant
1,0.6562177538871765,1,fitzpatrick17k,fitz_33b93a3dabdd6249159f5f3b1661f218,light,1,malignant
1,0.7226361632347107,1,fitzpatrick17k,fitz_fb1ab021788e2478d946e0198b7e2e8e,dark,5,malignant
1,0.6459869146347046,1,fitzpatrick17k,fitz_42bd014b8d42437fbb9849ae52d00e5d,medium,3,malignant
1,0.6161035895347595,1,fitzpatrick17k,fitz_bc578ce738482dd8f76af0c5ef32bca6,medium,3,malignant
1,0.5795885920524597,1,fitzpatrick17k,fitz_32d5ea62a40ae59a3fef3ca07e24439c,dark,5,malignant
1,0.6497645378112793,1,fitzpatrick17k,fitz_44c91c12f8b40bdad75905d0a51553e8,medium,3,malignant
0,0.5241730809211731,1,fitzpatrick17k,fitz_a9df130f561e5f8a649e6fd2ecf227f5,light,2,benign
0,0.7148566246032715,1,fitzpatrick17k,fitz_df7a29a21bbad544068a9a45fb340893,light,1,benign
1,0.48005518317222595,1,fitzpatrick17k,fitz_c8f2bae4a66a6efd22da431e3f54f441,light,2,malignant
1,0.5745550394058228,1,fitzpatrick17k,fitz_e5f60c3df54b89be09ef1f99d524e82a,dark,5,malignant
1,0.7647745013237,1,fitzpatrick17k,fitz_95ac125ff5c616b972d9be4419f2a7a6,light,1,malignant
1,0.421080619096756,1,fitzpatrick17k,fitz_4ef7b09678867c6921d5385ecb18aef2,light,1,malignant
1,0.49111664295196533,1,fitzpatrick17k,fitz_20cc2e089e50034c164fb3e49bad142f,light,1,malignant
1,0.3409498929977417,1,fitzpatrick17k,fitz_25f0286ffedff3a8a17bcdb8f220cdaf,medium,4,malignant
0,0.6568759679794312,1,fitzpatrick17k,fitz_112b232367766cbb661c931b22c7d4e6,dark,5,benign
1,0.5519756078720093,1,fitzpatrick17k,fitz_1186bc81d691487a953153cc0818a28c,medium,4,malignant
0,0.5823420286178589,1,fitzpatrick17k,fitz_0c01c55eee22e93966c8125652f4509c,dark,6,benign
0,0.6373700499534607,1,fitzpatrick17k,fitz_6e1984f562128aeecc2e88316623fd77,medium,4,benign
1,0.4732933044433594,1,fitzpatrick17k,fitz_c9d7841b24e456ae4b89e60afafd9bbd,medium,3,malignant
1,0.5696081519126892,1,fitzpatrick17k,fitz_54023705b87b95747f0731684ffb37b4,light,2,malignant
0,0.51471346616745,1,fitzpatrick17k,fitz_85e83ebff5ac06f0f99df2a7758aaac6,dark,5,benign
0,0.47601965069770813,1,fitzpatrick17k,fitz_7f74ada2ba771b31aa9eb2c07e0dada5,light,1,benign
1,0.6151819825172424,1,fitzpatrick17k,fitz_61d0e40071c675db6da228de6c04e292,dark,5,malignant
0,0.5369597673416138,1,fitzpatrick17k,fitz_763ebb49235a2e20644e8f5a83b94d18,medium,3,benign
0,0.416355699300766,1,fitzpatrick17k,fitz_f6fe73e66c6d27e33da417c8bc431847,dark,5,benign
0,0.27401795983314514,1,fitzpatrick17k,fitz_62caa23f36486018c30a3e3e0b946b48,light,1,benign
0,0.608910322189331,1,fitzpatrick17k,fitz_58accb1cc00a952e8689b24b73528d8a,light,2,benign
1,0.667893648147583,1,fitzpatrick17k,fitz_4f2cfcc16aba1a336c56c83cbe6ce1a8,medium,3,malignant
1,0.6577630043029785,1,fitzpatrick17k,fitz_f711b066923256aee2aa897848b58ece,light,2,malignant
1,0.7500773668289185,1,fitzpatrick17k,fitz_50c5fdef946e0cd8ef022a82c6167381,light,1,malignant
1,0.5714289546012878,1,fitzpatrick17k,fitz_3c8561db288ae7144a8e09b49121b132,light,1,malignant
0,0.3200708031654358,1,fitzpatrick17k,fitz_f5289a44be7bbf579e192c12774390c2,medium,4,benign
0,0.46096745133399963,1,fitzpatrick17k,fitz_eb004e70cf162d77ba002ffa5cef9217,light,1,benign
1,0.6990078091621399,1,fitzpatrick17k,fitz_e67b930ae640f110d216563f46404c06,light,2,malignant
0,0.4753435254096985,1,fitzpatrick17k,fitz_1579faa0f477950e3aec43bdeeee8860,light,2,benign
1,0.5256696939468384,1,fitzpatrick17k,fitz_975fab05cb8c08459c293ab433080aef,light,2,malignant
0,0.34529924392700195,1,fitzpatrick17k,fitz_59c41d61a56aecc3f0a36c94956f7d72,light,1,benign
0,0.6083986759185791,1,fitzpatrick17k,fitz_83d314e140426d1a7cd1e915470aa532,dark,5,benign
0,0.43892520666122437,1,fitzpatrick17k,fitz_37efc50b4a1755cb4a489dc0620a4096,medium,3,benign
1,0.552739679813385,1,fitzpatrick17k,fitz_86055a71df0b07eb091c0883f47dff26,medium,3,malignant
1,0.4950346052646637,1,fitzpatrick17k,fitz_b222feca6ef56a50502589690b14cb1a,light,1,malignant
0,0.47897428274154663,1,fitzpatrick17k,fitz_06fce53b79b05c19c2d2c8114f280fd1,medium,4,benign
1,0.5330289602279663,1,fitzpatrick17k,fitz_fce617ed190a7d97bfad65ebb6e767d7,light,1,malignant
0,0.41707733273506165,1,fitzpatrick17k,fitz_deb7f9173d96ad9562d8957eccaeb2a7,light,1,benign
1,0.5402810573577881,1,fitzpatrick17k,fitz_97ae91111b8028ee3ce13d6d2bbe2fc5,dark,5,malignant
1,0.5976145267486572,1,fitzpatrick17k,fitz_9ec57ddbac15eba36a635c7c7eb7b4c0,light,2,malignant
0,0.5569835305213928,1,fitzpatrick17k,fitz_43b19bd35ada57fd3fdf95891f806fe9,light,2,benign
1,0.6245539784431458,1,fitzpatrick17k,fitz_0fc62c72c433cd6f7ff35d6ba510ac48,light,1,malignant
1,0.5973007082939148,1,fitzpatrick17k,fitz_abecb063d11b6607bacd2fd04026d2fb,light,2,malignant
0,0.35285618901252747,1,fitzpatrick17k,fitz_01bebaa9dd8897bcab5aa8b16a5bfce3,medium,3,benign
0,0.9996825456619263,1,fitzpatrick17k,fitz_6533d8ead95d03c2eddfae92875c1c3e,light,2,benign
0,0.43874621391296387,1,fitzpatrick17k,fitz_6c8b17c2502ade3908f3778a385e4e47,light,2,benign
1,0.5775465369224548,1,fitzpatrick17k,fitz_8a82dec5919fd014a82bd03d62ae4055,medium,3,malignant
1,0.551957905292511,1,fitzpatrick17k,fitz_3796ac871478fc20b99532cd9f04b6cc,dark,5,malignant
1,0.6336289644241333,1,fitzpatrick17k,fitz_c2ef361b2ec9d96245e58507b93e9c51,light,2,malignant
1,0.48102322220802307,1,fitzpatrick17k,fitz_6e3bca92f9dec4baa442cec3c10e1161,light,2,malignant
1,0.43712344765663147,1,fitzpatrick17k,fitz_6cf10bfb15d43652310bd5ce509069a9,medium,4,malignant
0,0.5862288475036621,1,fitzpatrick17k,fitz_3217ba36e80b39e457245877a77349d8,light,1,benign
0,0.5646178126335144,1,fitzpatrick17k,fitz_7a6e02f2286cac61a014e88b5619bffa,light,1,benign
0,0.38843607902526855,1,fitzpatrick17k,fitz_c329c20ec5c8b1275abcc368e0e4f43b,light,2,benign
1,0.4163551926612854,1,fitzpatrick17k,fitz_fc6e05f39ad27f0d3717f4fb51e607ef,light,1,malignant
0,0.6036332249641418,1,fitzpatrick17k,fitz_33d93df0460a9fb973114c7ed9bf4de8,light,1,benign
1,0.6337617039680481,1,fitzpatrick17k,fitz_2acfb2445e28ad5daacb391257171611,light,2,malignant
1,0.7490063905715942,1,fitzpatrick17k,fitz_4ea4ab5f3ef5e7f1b8b422eaff3066f6,light,1,malignant
0,0.665883481502533,1,fitzpatrick17k,fitz_872d559389f4fe809c69cdefb62777ba,medium,3,benign
1,0.7019081115722656,1,fitzpatrick17k,fitz_1fc1eff4c66e8e14b039964fac65ba7e,dark,6,malignant
0,0.5346328020095825,1,fitzpatrick17k,fitz_32acc72c4d4c0d7659280c2dba57b948,medium,3,benign
0,0.31652775406837463,1,fitzpatrick17k,fitz_aedc43302200cc1743842a25a2e2b34e,light,1,benign
1,0.5245218873023987,1,fitzpatrick17k,fitz_3e7cc92ca80c6803524f926940957f8f,light,2,malignant
1,0.5219709873199463,1,fitzpatrick17k,fitz_4ef4e764a2ae0de2bd5d15affdf8cc20,medium,4,malignant
0,0.5523430705070496,1,fitzpatrick17k,fitz_4ebb78e463dd08523ced087cb11b1650,light,1,benign
1,0.3883116543292999,1,fitzpatrick17k,fitz_547fd367c30b04f56988da2c5aab46f4,light,1,malignant
0,0.38444992899894714,1,fitzpatrick17k,fitz_e4e454f19f97b4438229aa58ead1d365,light,2,benign
0,0.6506671905517578,1,fitzpatrick17k,fitz_dff65d3627209e52cbf5f2af52c5f2ef,light,1,benign
1,0.5871922373771667,1,fitzpatrick17k,fitz_54ea7e8da3eb7259216baaa66eecfcec,medium,4,malignant
0,0.7308850884437561,1,fitzpatrick17k,fitz_b2c2ae2a075ace424a68eed4a0b196ef,medium,4,benign
1,0.660278856754303,1,fitzpatrick17k,fitz_e64bc4a3e3dfc2db301f0b8c64253da5,medium,4,malignant
1,0.5347133874893188,1,fitzpatrick17k,fitz_855091d4e9e28177eddbe7528da50f52,light,2,malignant
1,0.6639700531959534,1,fitzpatrick17k,fitz_66f46297056511b1057d5c31ad7acd23,light,1,malignant
0,0.3143031895160675,1,fitzpatrick17k,fitz_8a8e93a085afe161ed0d75aebaf6d752,light,1,benign
0,0.5455783605575562,1,fitzpatrick17k,fitz_b4b6da99a5030dbd1e346bb2672a2572,medium,3,benign
1,0.7664278745651245,1,fitzpatrick17k,fitz_a5ada31a7c9cfbc58ff478d092a015b6,light,1,malignant
0,0.5716169476509094,1,fitzpatrick17k,fitz_935e9b16cd6eca6242e054234fa2e020,dark,5,benign
1,0.4931038022041321,1,fitzpatrick17k,fitz_860fa241917eb601c41de191a6fab1f8,medium,3,malignant
0,0.45066753029823303,1,fitzpatrick17k,fitz_13aeee2d0e9c61d9d86714c96f9dbd0c,dark,6,benign
0,0.4444369077682495,1,fitzpatrick17k,fitz_f6109f70b663e04b94a08065e4d91340,light,2,benign
1,0.5860549807548523,1,fitzpatrick17k,fitz_2222992c3bb757f63b0f36674ea0e5f2,light,1,malignant
1,0.5086385011672974,1,fitzpatrick17k,fitz_330f594ff345fbdd5b58ed187003b067,light,1,malignant
1,0.6560792326927185,1,fitzpatrick17k,fitz_3bc65e392aaeb35c1c6d871831a2b71c,light,1,malignant
1,0.7659634947776794,1,fitzpatrick17k,fitz_a3a0ffe406386ff29eb7a6cebc3c4985,light,1,malignant
0,0.5459811091423035,1,fitzpatrick17k,fitz_132a3c58203c070e74e9791b04bd4fff,light,2,benign
0,0.4082239270210266,1,fitzpatrick17k,fitz_e13ae089941057d7ad6779f7092cb4e4,medium,3,benign
1,0.6546301245689392,1,fitzpatrick17k,fitz_45b54dadb3dfc9b5f0daaf9359fcbc43,medium,4,malignant
1,0.4546259939670563,1,fitzpatrick17k,fitz_34b96fce6c498a5b58c64227ee8b8b2c,light,1,malignant
1,0.5113623142242432,1,fitzpatrick17k,fitz_05eae8b3cf51683f62e9dcedd403c9ac,light,2,malignant
0,0.5212205052375793,1,fitzpatrick17k,fitz_20d5f8c267aa61d08472efe48dc51010,light,2,benign
1,0.6122499704360962,1,fitzpatrick17k,fitz_bcd9a842f246259d1fa54199aa5c6905,light,2,malignant
1,0.5071706771850586,1,fitzpatrick17k,fitz_6eb126c1caf11faa3beb61fb4a489dae,light,2,malignant
0,0.2568035423755646,1,fitzpatrick17k,fitz_3f7ec88191c117596be47dbb6807a6c0,light,2,benign
0,0.4262888431549072,1,fitzpatrick17k,fitz_f28a23e1108a79279117c9c6c3776e66,light,2,benign
0,0.483638197183609,1,fitzpatrick17k,fitz_86d419d19d1af5e98932aadd8492ddb3,light,1,benign
0,0.36891424655914307,1,fitzpatrick17k,fitz_211872fe4a7d35f67b9293acc6485271,medium,3,benign
1,0.5889472961425781,1,fitzpatrick17k,fitz_1b1a8cfbe054b2fa9895a08644a10e28,light,1,malignant
1,0.5711382031440735,1,fitzpatrick17k,fitz_15447b78321c1555992bccdb9a6aa54c,dark,5,malignant
1,0.7517767548561096,1,fitzpatrick17k,fitz_c44f442003cee331175ba5eb38b9a900,light,1,malignant
1,0.4940473735332489,1,fitzpatrick17k,fitz_8579d8e49e2dd64d3969d8a16bf2a8c6,light,1,malignant
0,0.4275728464126587,1,fitzpatrick17k,fitz_41c04ddd82aea245cdf7e98a0ce82ece,light,2,benign
1,0.6285050511360168,1,fitzpatrick17k,fitz_88981464f1de6c3632f3a469727e0961,light,2,malignant
0,0.34388893842697144,1,fitzpatrick17k,fitz_8902bc05554d3ff316575246688a5286,light,1,benign
0,0.4651682674884796,1,fitzpatrick17k,fitz_c273d2ad583d0c0d4031734914ca6c76,medium,4,benign
1,0.5398191213607788,1,fitzpatrick17k,fitz_26af46de6876850daa2cddc2b85acc46,light,2,malignant
1,0.6011027693748474,1,fitzpatrick17k,fitz_fa467dcb4d8456e3d1b1696452951650,dark,5,malignant
0,0.5754321217536926,1,fitzpatrick17k,fitz_f18b9bd6c541fa3c97e8b4007158dddc,light,2,benign
1,0.4884693920612335,1,fitzpatrick17k,fitz_3a53ca1051283d46649008921c687d29,light,2,malignant
1,0.7273310422897339,1,fitzpatrick17k,fitz_e4e6247b65749ac9939b1465693e9bfb,light,1,malignant
0,0.22766727209091187,1,fitzpatrick17k,fitz_c41643194aa3caf3969d201020f5ec12,medium,3,benign
0,0.5006778240203857,1,fitzpatrick17k,fitz_f10d67d36e9b1db7df7d4f44b3126b28,light,2,benign
1,0.4879577159881592,1,fitzpatrick17k,fitz_1e5bfd1c3fe8617d6963470286e8e1ca,medium,3,malignant
0,0.5318525433540344,1,fitzpatrick17k,fitz_d34ce41a600828f4485015ed149ce8df,medium,3,benign
1,0.3065972328186035,1,fitzpatrick17k,fitz_00f1b7bb9581e91250a2bb224c3321b8,medium,4,malignant
0,0.5136632323265076,1,fitzpatrick17k,fitz_bccb35d2a45a3b17d7b5401d6a1c00be,light,1,benign
0,0.5431467294692993,1,fitzpatrick17k,fitz_08884980f7d22aa925644154eb0c2bba,dark,6,benign
0,0.5264680981636047,1,fitzpatrick17k,fitz_1f9f3e0024823814500c723134d988a7,medium,4,benign
0,0.4025577902793884,1,fitzpatrick17k,fitz_2cdf5e087ec5a0e6314546804e1a8f0f,medium,4,benign
1,0.5301138162612915,1,fitzpatrick17k,fitz_ab4abc3e9ffa363dabdf695e768e9c44,light,1,malignant
0,0.3291420638561249,1,fitzpatrick17k,fitz_56556910e0dbf4960d3c11d1f1fdef40,light,1,benign
1,0.5457028746604919,1,fitzpatrick17k,fitz_9babf34fc0f07684d47a13181944f424,medium,4,malignant
0,0.5993629097938538,1,fitzpatrick17k,fitz_1f12c62df49fd29ed0ded41bd028e82e,dark,6,benign
0,0.5656988620758057,1,fitzpatrick17k,fitz_3d2725644347e8b2d567c79c424671f8,light,1,benign
0,0.4193452000617981,1,fitzpatrick17k,fitz_4a958c12fef4511b0eef5aa17f66576e,medium,3,benign
0,0.6112470626831055,1,fitzpatrick17k,fitz_d1d7decacddf2cae04a23a7046d49cb3,medium,3,benign
1,0.6502988338470459,1,fitzpatrick17k,fitz_f1bdfe975f053e9b464b14f555db1aec,light,2,malignant
0,0.3886374831199646,1,fitzpatrick17k,fitz_c3a7fe65560cc968c6b10da456d45c52,medium,3,benign
0,0.5107346773147583,1,fitzpatrick17k,fitz_4b58e120c1ae30eccbff95087c365455,light,2,benign
1,0.5636587142944336,1,fitzpatrick17k,fitz_bee428af68657ff702c769092b1998c6,dark,6,malignant
0,0.6752603650093079,1,fitzpatrick17k,fitz_43545a1cc35c9591485ebc5535cf6793,medium,4,benign
0,0.5332713723182678,1,fitzpatrick17k,fitz_2d7c7bced96404fbdfeb3f853c43fd63,medium,3,benign
1,0.6315438151359558,1,fitzpatrick17k,fitz_c981272fd9a6623b9b93bfff1d5d21e5,light,2,malignant
0,0.47026121616363525,1,fitzpatrick17k,fitz_5be264526f553e10707d694bdf5623d3,light,2,benign
0,0.5248379707336426,1,fitzpatrick17k,fitz_58e9650ff17c44666bc3778762242d67,light,1,benign
1,0.6854004263877869,1,fitzpatrick17k,fitz_184d4c82d2d715ccc299db11357ea24c,medium,4,malignant
1,0.48589545488357544,1,fitzpatrick17k,fitz_bbcdfd6a6f2cb4479c65e1eedc025b18,light,1,malignant
0,0.5989713668823242,1,fitzpatrick17k,fitz_1434d60a40572f05850b0420857bad31,light,2,benign
0,0.4599986970424652,1,fitzpatrick17k,fitz_77fd685d2327bc0f412f89d497e3a55d,dark,5,benign
1,0.515877366065979,1,fitzpatrick17k,fitz_6b6705ed6b9483de34a5293136ece4d7,dark,6,malignant
1,0.3428150713443756,1,fitzpatrick17k,fitz_95e4e2ee44567f284171a4f368a7aecd,medium,3,malignant
0,0.27103713154792786,1,fitzpatrick17k,fitz_1470949e388d233341041b24e8dd6f1d,light,2,benign
0,0.49509936571121216,1,fitzpatrick17k,fitz_713057e92d074a42877ca7c50c7816ad,light,2,benign
0,0.4718926250934601,1,fitzpatrick17k,fitz_0eb1fedf42e7f9a7d93284d0fee9dc2e,medium,4,benign
1,0.4265870749950409,1,fitzpatrick17k,fitz_6abeff81c2df7fe39f0c0dfe688b6969,light,1,malignant
1,0.6578985452651978,1,fitzpatrick17k,fitz_130b209f100bcbbd8b444f22ea3cbb24,light,1,malignant
1,0.6361119747161865,1,fitzpatrick17k,fitz_1819beee65e4cd630736f3542ce6a586,medium,3,malignant
0,0.34323108196258545,1,fitzpatrick17k,fitz_a743f74b27f769f56bc4f6d1eebe587c,light,1,benign
1,0.522227942943573,1,fitzpatrick17k,fitz_2882e2a31a604e3633e61708802d5926,light,2,malignant
0,0.5578150749206543,1,fitzpatrick17k,fitz_0c5cba55ae3879428360b0d9b0340b6c,medium,4,benign
1,0.46948617696762085,1,fitzpatrick17k,fitz_16732968b8b8bf0e9dc529bb65031adf,medium,3,malignant
0,0.5268749594688416,1,fitzpatrick17k,fitz_fd06d13de341cc75ad679916c5d7e6a6,medium,4,benign
0,0.5108413100242615,1,fitzpatrick17k,fitz_5d08b1474179bb4874416b01064b56ae,light,2,benign
1,0.6285969018936157,1,fitzpatrick17k,fitz_f9bad8397240785f99a7659cf87a820f,medium,4,malignant
1,0.7287007570266724,1,fitzpatrick17k,fitz_8762fce8f5074f4b742bd8c69b83330b,light,1,malignant
0,0.4913632273674011,1,fitzpatrick17k,fitz_4be198213a295a1a9c43a85b67bfba40,light,1,benign
0,0.4360051453113556,1,fitzpatrick17k,fitz_d653edb6aa702f095a9b00550738a821,light,1,benign
1,0.6280272603034973,1,fitzpatrick17k,fitz_3b843066b041e22f335a890eae042b2a,light,2,malignant
0,0.5812101364135742,1,fitzpatrick17k,fitz_aa07d5ff21753220717afa06e64daea8,medium,4,benign
1,0.5349518656730652,1,fitzpatrick17k,fitz_b02abb6e18e64ffd99083dcf884ad75a,dark,6,malignant
0,0.5184777975082397,1,fitzpatrick17k,fitz_05db6170dda8764579bdc0e0d401fa33,medium,3,benign
0,0.5838693380355835,1,fitzpatrick17k,fitz_2a271900fcedee1afe14d81485e1cac9,dark,5,benign
1,0.5723748803138733,1,fitzpatrick17k,fitz_a8ffa90c01aaf037a5a965209eafef6f,light,2,malignant
0,0.3594833314418793,1,fitzpatrick17k,fitz_1db228b878cf9e99681fd881c1d70e3b,medium,3,benign
1,0.7108271718025208,1,fitzpatrick17k,fitz_98246d823da6fbd5d0c345dfc8a63d5c,light,1,malignant
1,0.7709370851516724,1,fitzpatrick17k,fitz_2dbfde719030684dfeb4475ada20ef66,light,1,malignant
1,0.4342457354068756,1,fitzpatrick17k,fitz_64c07aac49ad73078795d74a2ef6c860,medium,3,malignant
0,0.5308948159217834,1,fitzpatrick17k,fitz_fec8fe4925a926994b0b858304cf4fa2,medium,3,benign
1,0.671613335609436,1,fitzpatrick17k,fitz_4e650d081d0829b235247711d43e636a,light,2,malignant
0,0.3697429299354553,1,fitzpatrick17k,fitz_137283e695fe68dface4d9eabb6d4086,light,2,benign
0,0.4446706175804138,1,fitzpatrick17k,fitz_4c59359a13556591208565078afd1e9a,light,1,benign
1,0.5560630559921265,1,fitzpatrick17k,fitz_de819f70d8baacc5fa74002eea84d1ce,light,1,malignant
1,0.5945091843605042,1,fitzpatrick17k,fitz_fb7c974e189e0dc9cbd83e2d22835e94,light,2,malignant
0,0.5083518624305725,1,fitzpatrick17k,fitz_76f0d1fce3cc2fa2bb994ceab13bcd44,light,2,benign
1,0.5738153457641602,1,fitzpatrick17k,fitz_9de1afbb265ce50b1d0829f54fe4b668,medium,4,malignant
1,0.698526918888092,1,fitzpatrick17k,fitz_8e9b1ff865f03340b6023a68b1dd2bea,light,1,malignant
1,0.6580139398574829,1,fitzpatrick17k,fitz_10e3db478ab993bbeecea313248c6992,light,1,malignant
0,0.42610597610473633,1,fitzpatrick17k,fitz_618488070f43e0fd8e4133076cd15ab5,light,1,benign
1,0.4610133469104767,1,fitzpatrick17k,fitz_38f5a1f21c8256dc3af93a54b62a8a41,medium,4,malignant
0,0.4513068199157715,1,fitzpatrick17k,fitz_2653e6dc19eeb299b71b74cfa8ac561b,dark,6,benign
1,0.4896671772003174,1,fitzpatrick17k,fitz_8ef8538bdc6be96eec6c1da018cec1c0,light,1,malignant
1,0.692972719669342,1,fitzpatrick17k,fitz_aba082609e966daf665ccfbb264c226f,dark,6,malignant
0,0.43927034735679626,1,fitzpatrick17k,fitz_3f525ad1d8cb9bf4d715de9ff2524ad1,light,1,benign
0,0.4836682081222534,1,fitzpatrick17k,fitz_b7a2e8937bb8f5ba34015727d7fed227,dark,5,benign
0,0.46959102153778076,1,fitzpatrick17k,fitz_f2dd1322151c3cca6d3aac559474bfad,light,2,benign
1,0.5364665389060974,1,fitzpatrick17k,fitz_694398f9c2544b3ef11350e7bf3c3d29,dark,5,malignant
0,0.47223329544067383,1,fitzpatrick17k,fitz_5dd12882ef5c8ad33b1314649874a3ff,medium,3,benign
1,0.7151735424995422,1,fitzpatrick17k,fitz_81d85b24e58909760740b2519e58b5ee,light,1,malignant
0,0.5691950917243958,1,fitzpatrick17k,fitz_f1fa0c1a7632dfa036777befc290cc5f,dark,6,benign
1,0.4835766553878784,1,fitzpatrick17k,fitz_2cb3ff37c40ccf6614c4e23c4ed0d91a,medium,3,malignant
1,0.5412240624427795,1,fitzpatrick17k,fitz_cc2bd788c5212e2ec7e0869b9e9279e5,light,2,malignant
0,0.684964120388031,1,fitzpatrick17k,fitz_21d68e24071c5b6735d7220c15993b46,medium,4,benign
0,0.2464015930891037,1,fitzpatrick17k,fitz_db7314018845a10942fab2b5e737e436,dark,5,benign
0,0.47909611463546753,1,fitzpatrick17k,fitz_820ea6176511d5897437ce92ca56b280,medium,3,benign
0,0.5335544347763062,1,fitzpatrick17k,fitz_e773504e1013dc4918ddb4e3406606e1,light,1,benign
1,0.5669993758201599,1,fitzpatrick17k,fitz_f7f54b32394916154c118e07234fee4b,light,2,malignant
1,0.5160309672355652,1,fitzpatrick17k,fitz_bc3fd36c7d32ae2f2961409049e240b4,medium,3,malignant
0,0.5041831135749817,1,fitzpatrick17k,fitz_a4c98b8bdf349df8335ac8b8657c68ea,dark,5,benign
1,0.5866544842720032,1,fitzpatrick17k,fitz_87efd800597737afb79369647c5fbb6b,light,2,malignant
0,0.4579533338546753,1,fitzpatrick17k,fitz_55b0a18bf7d66e453577477afad86967,medium,4,benign
0,0.7065340280532837,1,fitzpatrick17k,fitz_01c8b25b26abbf6bf51e5818105ef478,medium,3,benign
1,0.7462030053138733,1,fitzpatrick17k,fitz_e5afcf9d9bec4f9fd806aef0808366cd,light,1,malignant
1,0.34976714849472046,1,fitzpatrick17k,fitz_6c4b827b4e044c6e9ddd8953ecbd3359,light,2,malignant
0,0.5364835858345032,1,fitzpatrick17k,fitz_ac26e7bc786e1b96b7098ab458678608,medium,3,benign
0,0.609968900680542,1,fitzpatrick17k,fitz_26769725ccdc21e8a6363910cacf61db,dark,5,benign
1,0.5153325200080872,1,fitzpatrick17k,fitz_919f382f54e9cd213f7a9a52306a4672,light,2,malignant
0,0.4750795066356659,1,fitzpatrick17k,fitz_c45442337cf13c347250283d770cc146,light,1,benign
1,0.60745769739151,1,fitzpatrick17k,fitz_e502602902bb69fde51dd8185b272992,light,1,malignant
0,0.44128820300102234,1,fitzpatrick17k,fitz_e19700bdfef1034b79b79f1146d38bca,dark,5,benign
0,0.5196884870529175,1,fitzpatrick17k,fitz_f0f7177affb236b9d9cd6931ae949103,light,2,benign
1,0.5007333755493164,1,fitzpatrick17k,fitz_15e4e61777fdee377d7a930c224939d0,medium,3,malignant
0,0.49736183881759644,1,fitzpatrick17k,fitz_0012821d6f11b96cf33f2c2ee5c68d1f,medium,3,benign
0,0.5229437351226807,1,fitzpatrick17k,fitz_76bb012384c690ee1d61e2c792535916,light,2,benign
1,0.7150170207023621,1,fitzpatrick17k,fitz_13135f44ed77ea527b70db862a83bd61,light,2,malignant
0,0.5529971718788147,1,fitzpatrick17k,fitz_76b89e0c6c537008964a48524ed694bc,dark,5,benign
0,0.4773476719856262,1,fitzpatrick17k,fitz_1159b03167f3e222e22265b7e19933b6,light,1,benign
0,0.5800893306732178,1,fitzpatrick17k,fitz_833004afeee24bd84646510919a8d500,light,2,benign
1,0.6593159437179565,1,fitzpatrick17k,fitz_90749d71571a4caae55cb226918d68c9,light,2,malignant
0,0.44575491547584534,1,fitzpatrick17k,fitz_dbaaaf438d822950b52e1ccc75435333,medium,4,benign
0,0.6575761437416077,1,fitzpatrick17k,fitz_642114296aa558155206d8465cf2da93,light,2,benign
1,0.7171062231063843,1,fitzpatrick17k,fitz_568f9d4fb1e06cb13e77f61b339b81fa,light,1,malignant
1,0.7350074052810669,1,fitzpatrick17k,fitz_2701b06d904bfe8d8979bc1fad14a23a,medium,3,malignant
0,0.2886418104171753,1,fitzpatrick17k,fitz_9dce2a5d033bd09d11fb075a1102a91b,light,1,benign
0,0.4798484146595001,1,fitzpatrick17k,fitz_19932ed087ea8ce7ae258c94179a4cf0,light,2,benign
1,0.6317790150642395,1,fitzpatrick17k,fitz_c8e15692cc70579b3ca3b0cf8236ac0d,light,2,malignant
1,0.7648828029632568,1,fitzpatrick17k,fitz_af9d45b023176c21ca2981915e033219,light,1,malignant
0,0.501462459564209,1,fitzpatrick17k,fitz_77542950a7b476c885fee02e0902019b,medium,4,benign
1,0.4833224415779114,1,fitzpatrick17k,fitz_220357a155bc3297e3f140d7b447348c,medium,3,malignant
0,0.4926300644874573,1,fitzpatrick17k,fitz_dfe8da5278baf99ff1d0b1240e47a291,medium,4,benign
0,0.5791717767715454,1,fitzpatrick17k,fitz_3834f2b1138b376486087b355da6dbad,medium,3,benign
0,0.6063197255134583,1,fitzpatrick17k,fitz_1719e665fe04223a524612158b847648,light,2,benign
1,0.7551093101501465,1,fitzpatrick17k,fitz_e6247183a2fc69e8ea89dddc6f60f904,light,1,malignant
0,0.39280182123184204,1,fitzpatrick17k,fitz_8d60c8fb248272ab0e17a8f3a5560e5d,light,1,benign
1,0.47506001591682434,1,fitzpatrick17k,fitz_b606209b24c452d8a13ee5226bba7a04,light,2,malignant
1,0.5229487419128418,1,fitzpatrick17k,fitz_660f8eabfd38d964b474def9b7d640c3,light,2,malignant
0,0.5035244226455688,1,fitzpatrick17k,fitz_e90b95902d55732b24595b9a6433cb8d,light,2,benign
0,0.4517804980278015,1,fitzpatrick17k,fitz_bf2efda0fe0a44569f6bd99acc58716a,light,1,benign
1,0.586205244064331,1,fitzpatrick17k,fitz_fab4ccfe80780b02c35451533bceb848,light,1,malignant
1,0.44840651750564575,1,fitzpatrick17k,fitz_7729a485abc264b1c58a995a49ec7f5b,light,1,malignant
0,0.6252211928367615,1,fitzpatrick17k,fitz_d876f96ad056b53f40f8f178737c2100,light,1,benign
1,0.6717591285705566,1,fitzpatrick17k,fitz_39caa210f24486000791251976b55f08,dark,5,malignant
1,0.5259400010108948,1,fitzpatrick17k,fitz_e69e4c0470261a68f1692b6f7039e80a,light,2,malignant
1,0.8179582953453064,1,fitzpatrick17k,fitz_1ee7c2a9070946d3b7b583c9ba4590f8,light,1,malignant
1,0.2734135389328003,1,fitzpatrick17k,fitz_daa499ebb4481c1c21113fa4e2f3f93f,medium,3,malignant
1,0.37281960248947144,1,fitzpatrick17k,fitz_fba7260cff0746ea31b54de3d0ab7433,light,2,malignant
1,0.5762984156608582,1,fitzpatrick17k,fitz_1400a56e8de2b64427acf3ba96895ded,light,2,malignant
1,0.487411767244339,1,fitzpatrick17k,fitz_cb3b1adbfffe5ee1ed9c135c0ff7325b,light,1,malignant
1,0.571366548538208,1,fitzpatrick17k,fitz_0bb99b2f270898d179c9fba809e15b41,medium,3,malignant
1,0.6415970325469971,1,fitzpatrick17k,fitz_e1c75dee6b18610b7d5f6e745e2d46d7,light,2,malignant
0,0.6613416075706482,1,fitzpatrick17k,fitz_c5e27c3e2b64d8d39b1318ed1291d9db,medium,3,benign
1,0.4239790141582489,1,fitzpatrick17k,fitz_26108459f12d77128a1d28cc21e3550a,light,1,malignant
0,0.6387059688568115,1,fitzpatrick17k,fitz_f84344a909fc4da13005a5e762a6de05,dark,5,benign
1,0.580115556716919,1,fitzpatrick17k,fitz_11bad1ca50668e9a7d6aee6b69d3bc47,medium,4,malignant
0,0.42556190490722656,1,fitzpatrick17k,fitz_8a5931dd3a26bfcfafdd8b1c1b49dd92,light,2,benign
0,0.6620324850082397,1,fitzpatrick17k,fitz_d9ab8fcd164e9b1bd86e7757364d9e3a,medium,3,benign
0,0.5626396536827087,1,fitzpatrick17k,fitz_ad89479a37e40aaf3416cefd634e18a8,dark,6,benign
0,0.44535544514656067,1,fitzpatrick17k,fitz_399ea58b75abf85e53e452ee516a6347,medium,4,benign
1,0.5560503005981445,1,fitzpatrick17k,fitz_1a0045ce41534142bd6aa55b22bc4a91,dark,5,malignant
1,0.633912205696106,1,fitzpatrick17k,fitz_9954afd27ce8e5cf2f46133be296107d,dark,5,malignant
0,0.5921616554260254,1,fitzpatrick17k,fitz_d4e6d90dddbc07efb1aab9878200ffa3,light,1,benign
0,0.5533242225646973,1,fitzpatrick17k,fitz_829bdc888fae599bcc725335d988840e,medium,4,benign
1,0.5286186337471008,1,fitzpatrick17k,fitz_7fe4dcdc97b980c00c5bc84a1e5054e5,light,2,malignant
1,0.6191919445991516,1,fitzpatrick17k,fitz_48fdaaa79d8a063055bfef150715557e,light,2,malignant
0,0.5153449773788452,1,fitzpatrick17k,fitz_49dd4efde68d177951ec52f076df6335,light,1,benign
0,0.43088483810424805,1,fitzpatrick17k,fitz_4e22f7ad0e178a67b08db1d11219a0a8,medium,4,benign
0,0.6043597459793091,1,fitzpatrick17k,fitz_1a4fdeead0b5690e36ea85c57e1e87c5,medium,3,benign
0,0.5394436717033386,1,fitzpatrick17k,fitz_b29caa9fd3efd8880d63636f7bc9a740,light,1,benign
1,0.3359600603580475,1,fitzpatrick17k,fitz_139b06bda340d4dd9b5de96bec4eaad8,light,2,malignant
1,0.6480887532234192,1,fitzpatrick17k,fitz_a3f5f8e2845ee0342da6d6968dffbcec,light,2,malignant
0,0.4923149645328522,1,fitzpatrick17k,fitz_5c011cab0a0c0f163c258404ab19f342,light,2,benign
1,0.5850712060928345,1,fitzpatrick17k,fitz_69968020bf7744ffa3c0caf7d4d01ca6,light,2,malignant
0,0.4328223168849945,1,fitzpatrick17k,fitz_0278e81848371969d7ac14bb0d60bcec,dark,6,benign
1,0.6538692712783813,1,fitzpatrick17k,fitz_45dd4d741779ee7a492bc0085d33dec2,light,1,malignant
1,0.7203959226608276,1,fitzpatrick17k,fitz_82f57c180f4a89b2fcce489bf47a2074,medium,3,malignant
1,0.5243319272994995,1,fitzpatrick17k,fitz_e90a0c87b743d90740e477d96ba5d24c,dark,5,malignant
0,0.5229693055152893,1,fitzpatrick17k,fitz_01c5cd2467560cbb5f4a1e3dac3b03ef,medium,4,benign
1,0.7221869826316833,1,fitzpatrick17k,fitz_1af9eb6b01aea02e6459d942c20f3f98,light,2,malignant
0,0.7710602283477783,1,fitzpatrick17k,fitz_5d2a9b0184e6d3441d679716f5776923,light,1,benign
1,0.5909134149551392,1,fitzpatrick17k,fitz_2db363302f9ab9feaf27e91c64328fcc,light,1,malignant
0,0.4364096224308014,1,fitzpatrick17k,fitz_9c4c7935f340d818e082fdc534c62528,dark,5,benign
0,0.2585764229297638,1,fitzpatrick17k,fitz_6a0264fec349d4487c83a53bc8d5d690,medium,4,benign
0,0.40552809834480286,1,fitzpatrick17k,fitz_9f47b046ff166b0900b4c19daf32b8da,medium,4,benign
0,0.5304522514343262,1,fitzpatrick17k,fitz_596f4e8d75aca205fdd9f1b91dc1bbc8,medium,4,benign
0,0.6474933624267578,1,fitzpatrick17k,fitz_f302af80e8257240e21439792d39c41b,dark,5,benign
1,0.7591568231582642,1,fitzpatrick17k,fitz_8fd4531b693efc3f1dbfc1a050f2235d,light,2,malignant
0,0.46247050166130066,1,fitzpatrick17k,fitz_6135408e7729eb1deb0711446ecc4883,light,1,benign
0,0.28668421506881714,1,fitzpatrick17k,fitz_ca788c4d33fb4bdd7dd9e603916a6616,medium,3,benign
1,0.5261235237121582,1,fitzpatrick17k,fitz_d10722216af2bab5bfc450259169f9fe,dark,6,malignant
0,0.6558036208152771,1,fitzpatrick17k,fitz_48237352d0b9a0cf720baad78ba6582d,light,2,benign
0,0.47122257947921753,1,fitzpatrick17k,fitz_cc51684037a37e9996100b2e703682bd,medium,4,benign
0,0.5391004085540771,1,fitzpatrick17k,fitz_f0fd1a7960bfed3bce19820f60cc81ad,medium,3,benign
0,0.4542132318019867,1,fitzpatrick17k,fitz_abf70b58e93e881fdad4566809970a1a,light,1,benign
1,0.6325143575668335,1,fitzpatrick17k,fitz_ba66252431145c65a4500c85541efa07,medium,4,malignant
0,0.46343907713890076,1,fitzpatrick17k,fitz_9fec88cec01508ec53fe8558db72b935,medium,4,benign
1,0.6738471984863281,1,fitzpatrick17k,fitz_7136379c5d4414debfd872ab43fae64f,dark,5,malignant
0,0.6075440049171448,1,fitzpatrick17k,fitz_79ff7d34cb3a978f57e1b3ec41647f11,medium,3,benign
1,0.5618444681167603,1,fitzpatrick17k,fitz_b6b148041be55b10f5f94abd7ea29307,light,2,malignant
1,0.482376366853714,1,fitzpatrick17k,fitz_4eb6d37849e5cdb1459cf21a11788543,medium,3,malignant
1,0.7713915705680847,1,fitzpatrick17k,fitz_6e2b2c6a1b8b749644259934a898a375,light,1,malignant
0,0.4349132180213928,1,fitzpatrick17k,fitz_9b55c935b601ffba9b8cc53b6967f6d3,dark,5,benign
0,0.44529250264167786,1,fitzpatrick17k,fitz_28ad7cb7767ed3b37b33fa7c2234eaeb,dark,5,benign
0,0.5511981844902039,1,fitzpatrick17k,fitz_d2aca2ffeb99dbc953b1ebd8ed92cc24,light,2,benign
1,0.7947533130645752,1,fitzpatrick17k,fitz_4cdf3362d0ed7447f98b1a44f0746ab4,light,1,malignant
1,0.508310854434967,1,fitzpatrick17k,fitz_85f9b49f753224a9a20c6fb66169335b,light,2,malignant
0,0.6705917119979858,1,fitzpatrick17k,fitz_935e0269fc0388b71e656ba30761c633,medium,3,benign
0,0.7629746794700623,1,fitzpatrick17k,fitz_82d51006e6d32b5d5471b13010d425aa,light,2,benign
0,0.6067830324172974,1,fitzpatrick17k,fitz_3bf46ba12a82665de23ffc941ff97575,medium,3,benign
0,0.46082305908203125,1,fitzpatrick17k,fitz_71ce907aacb35c6da2b68996843c46b1,medium,4,benign
1,0.7754884958267212,1,fitzpatrick17k,fitz_f909638c31e8f182ddf042a2573a96b2,light,2,malignant
0,0.4812370240688324,1,fitzpatrick17k,fitz_09a77e0fea9ec76928e8a88b0486fec3,medium,4,benign
1,0.48850488662719727,1,fitzpatrick17k,fitz_9fe7369e9cd9a468a2feb65a81c4bb13,dark,6,malignant
1,0.4892340302467346,1,fitzpatrick17k,fitz_f128b4331ee4e8a26ed43c0082a64b98,light,1,malignant
0,0.7397661209106445,1,fitzpatrick17k,fitz_ca10879dce875ad5379b9a5198ffcf0f,light,2,benign
0,0.5674362182617188,1,fitzpatrick17k,fitz_5ab5b4a0784effa76e9befb2bf41c179,light,2,benign
1,0.5050458312034607,1,fitzpatrick17k,fitz_1a5f1a8649503887c535b4e7dad59d5f,medium,3,malignant
0,0.5879983305931091,1,fitzpatrick17k,fitz_d4c2fc8deaeb6545a9fe1db26254a955,medium,3,benign
0,0.5248411297798157,1,fitzpatrick17k,fitz_d2e1a488c36a0f53e778d7bcf095c419,dark,5,benign
0,0.45328763127326965,1,fitzpatrick17k,fitz_6ba4d97062cca79a3754b550f7f2efba,light,2,benign
1,0.4806874394416809,1,fitzpatrick17k,fitz_3dbb2065b4c389ae2036131724d4ed7e,medium,3,malignant
1,0.7857292890548706,1,fitzpatrick17k,fitz_4f0f7269f00d59e3d47fc6ad5e8cbda2,light,2,malignant
1,0.7475910186767578,1,fitzpatrick17k,fitz_4938b2e7e1d3eb8465e779d83a705dff,light,1,malignant
1,0.4763089120388031,1,fitzpatrick17k,fitz_ca33407ab1e504ec6249e22d0436490a,medium,4,malignant
1,0.7344123721122742,1,fitzpatrick17k,fitz_63a6b1136f9d27d8a2cdb4c88e3bf99d,medium,3,malignant
1,0.2982553243637085,1,fitzpatrick17k,fitz_0b84756b323831c1621465f6be8ee37f,light,2,malignant
0,0.5401384234428406,1,fitzpatrick17k,fitz_870cd24cfb557b73441cf716aecf42b6,light,2,benign
1,0.5549463629722595,1,fitzpatrick17k,fitz_39db1b5308e58e1e486703dcb53b33ee,medium,3,malignant
0,0.3441934287548065,1,fitzpatrick17k,fitz_c95cd182d8e4c691e5c6d4287e40e370,light,1,benign
0,0.7017309665679932,1,fitzpatrick17k,fitz_274e709838c304892ddaa0454b4c8819,medium,4,benign
1,0.47711917757987976,1,fitzpatrick17k,fitz_7d4182584c503100338e00b7b46bcc4b,dark,5,malignant
0,0.5227950215339661,1,fitzpatrick17k,fitz_1676b7a4cc695ade9741dcb68d5797e4,light,2,benign
1,0.5458261370658875,1,fitzpatrick17k,fitz_7a2e6969eb645f2aced2aaa7b309b573,medium,4,malignant
1,0.7252524495124817,1,fitzpatrick17k,fitz_77512d4a352e4055a313c0e931a96aba,light,2,malignant
0,0.4597500264644623,1,fitzpatrick17k,fitz_6377305422c4b4c392dce2abf7b38cfe,medium,3,benign
0,0.5112601518630981,1,fitzpatrick17k,fitz_ca1b3673a70b4178ebfb3dbe13b0b5f7,medium,3,benign
0,0.6063284277915955,1,fitzpatrick17k,fitz_bfa4e4c5683579c3dfb667dea16aff11,medium,3,benign
0,0.36136168241500854,1,fitzpatrick17k,fitz_9b82ae4fede9b5883c3a4bfe35bfd7ac,light,2,benign
0,0.5136698484420776,1,fitzpatrick17k,fitz_6665cb85a809c278dc432008fbe3b42c,light,2,benign
1,0.44824302196502686,1,fitzpatrick17k,fitz_40322591e45e91f55f0ba4daff917d1f,light,2,malignant
0,0.5194964408874512,1,fitzpatrick17k,fitz_1744c98e4b3f26697d2959e4704d6eac,medium,3,benign
0,0.3060974180698395,1,fitzpatrick17k,fitz_3eb552b0feb5b245ff45c7ec5823d5bc,medium,4,benign
0,0.4890923500061035,1,fitzpatrick17k,fitz_489645997866f08887c4bab307d501f8,medium,3,benign
1,0.6610836386680603,1,fitzpatrick17k,fitz_4dc08af974e49708c2a572d40c44e1c6,light,1,malignant
0,0.31857872009277344,1,fitzpatrick17k,fitz_0251bbf5552ac8af3f2e6ecfe46ebb96,light,2,benign
0,0.7124025821685791,1,fitzpatrick17k,fitz_d33a6dabd12e69b60f9d72f9fa6eab7e,light,2,benign
0,0.5022631883621216,1,fitzpatrick17k,fitz_9b189f85895249849209ccfd77105021,light,2,benign
1,0.6269374489784241,1,fitzpatrick17k,fitz_ddae49c6b9f879444bfcdd1e6abd8325,light,1,malignant
0,0.455064982175827,1,fitzpatrick17k,fitz_ed1896cd7968316c79bad979dde0cb45,medium,4,benign
0,0.42189615964889526,1,fitzpatrick17k,fitz_f689fa41fe5017859e0d149b4b2e3454,medium,3,benign
0,0.2359866499900818,1,fitzpatrick17k,fitz_055d5de5e2632311d71eb2008086b21b,medium,3,benign
0,0.6079856753349304,1,fitzpatrick17k,fitz_cc24d9c78429432344d10a42abde03ef,light,1,benign
1,0.5582008361816406,1,fitzpatrick17k,fitz_44aefdc6bc7f4bc1bbf66f960b6e1985,light,2,malignant
0,0.5002758502960205,1,fitzpatrick17k,fitz_d123b19c0ea47f26eef7a9847b1baf8d,light,1,benign
0,0.48532557487487793,1,fitzpatrick17k,fitz_b01178886b609223ef2983af6948e730,medium,3,benign
1,0.37701913714408875,1,fitzpatrick17k,fitz_2804111c34d79685a356fd694ae8ca21,light,2,malignant
0,0.467570424079895,1,fitzpatrick17k,fitz_c07f64b08dee14fc1eced8dd1ba9434b,light,1,benign
0,0.738121509552002,1,fitzpatrick17k,fitz_b508adc3c308a18da62ac2b7680bdb0a,light,2,benign
1,0.37530457973480225,1,fitzpatrick17k,fitz_30eddb4d034991652db156f7ddbe9a6d,light,2,malignant
1,0.5711520910263062,1,fitzpatrick17k,fitz_0009d89a58dac26bb3c113744b7b4196,medium,3,malignant
1,0.7143632769584656,1,fitzpatrick17k,fitz_2b1d6c4f83524d2e9a0047053986b6a3,light,2,malignant
0,0.42517027258872986,1,fitzpatrick17k,fitz_a0639e22823b8b6a48d09ddb6b66acfc,light,1,benign
1,0.4856471121311188,1,fitzpatrick17k,fitz_17bb114a58cb47db3a38317333084a66,medium,4,malignant
1,0.7010008096694946,1,fitzpatrick17k,fitz_098d28da6fe1db559126d701d74fc8e0,light,2,malignant
0,0.6292225122451782,1,fitzpatrick17k,fitz_168b9f9402554d26e5a9fcd5f9e756c9,light,2,benign
1,0.574445903301239,1,fitzpatrick17k,fitz_7689c9b4a38392e45c688cad15252e8e,dark,5,malignant
0,0.3866966664791107,1,fitzpatrick17k,fitz_16e8d9af5c2069d5d265361b502ea9aa,light,1,benign
0,0.7288655042648315,1,fitzpatrick17k,fitz_3b4462e55091f72aa82cf730de467e10,light,2,benign
1,0.6838452816009521,1,fitzpatrick17k,fitz_d48ef382ac315465ba4322ca3b660c8f,light,2,malignant
1,0.4662391245365143,1,fitzpatrick17k,fitz_16c089e04436faa844be84aba9d0179a,light,1,malignant
1,0.6119897961616516,1,fitzpatrick17k,fitz_b30d8633e3b279dd663c5f139aa18548,medium,3,malignant
1,0.4367324411869049,1,fitzpatrick17k,fitz_427c08d692267d71c1f11344f5a884f5,medium,4,malignant
0,0.30636531114578247,1,fitzpatrick17k,fitz_b3030d83c996e303faccd462495bc6e8,light,2,benign
1,0.5015445947647095,1,fitzpatrick17k,fitz_da81b0441ab66a8c3f55489a0d8a9572,light,1,malignant
0,0.592343807220459,1,fitzpatrick17k,fitz_0e92cad8c3bc07d294b8b99991739b40,light,2,benign
0,0.6298801898956299,1,fitzpatrick17k,fitz_d4745bc61322c928977409d3be613566,medium,3,benign
0,0.3999219536781311,1,fitzpatrick17k,fitz_c3907cd714d9f6535f0f5ea2fab84362,dark,5,benign
0,0.28530406951904297,1,fitzpatrick17k,fitz_278c0312825073422b73770f3ded024e,light,2,benign
0,0.7776410579681396,1,fitzpatrick17k,fitz_4d36657f6a39bec453c8e41acc40023f,light,1,benign
1,0.6177749633789062,1,fitzpatrick17k,fitz_d86cdae2dec00ba68848f76dd5866374,light,2,malignant
0,0.6023874878883362,1,fitzpatrick17k,fitz_6caad957310af9d481aaf9c65feb1324,light,2,benign
1,0.4444162845611572,1,fitzpatrick17k,fitz_d148dc8bb0d3311bff9f7237ff9a8188,light,1,malignant
1,0.4984353482723236,1,fitzpatrick17k,fitz_d870e1ebfdd1e22eea5b80a25a8e4cb2,light,2,malignant
0,0.5312643647193909,1,fitzpatrick17k,fitz_18aa2c8c42e1921fda0c571759b41dd2,dark,5,benign
0,0.35109537839889526,1,fitzpatrick17k,fitz_3b4333ce8e3c7622b7282784b99b8bd7,light,1,benign
1,0.5102434158325195,1,fitzpatrick17k,fitz_42bc6a8ccf4a8217798fa5545be2b561,light,2,malignant
1,0.5997267961502075,1,fitzpatrick17k,fitz_95cb2ae15bc9f52ea53b07b78fbfbd26,medium,3,malignant
0,0.5979194045066833,1,fitzpatrick17k,fitz_d16a2a303e85d9908dd4be10318a220c,light,1,benign
0,0.46149253845214844,1,fitzpatrick17k,fitz_49e6bfc2f759e9991761a12e7e16ee24,light,2,benign
1,0.6349104642868042,1,fitzpatrick17k,fitz_8627608bdfc5b904a0fbc23d86716e86,light,1,malignant
1,0.4928184747695923,1,fitzpatrick17k,fitz_86e4103237a0fff656f3a0be43067f6a,light,1,malignant
1,0.6956486105918884,1,fitzpatrick17k,fitz_e3e180ecaeadef19fd487caab7655316,light,2,malignant
1,0.5822718143463135,1,fitzpatrick17k,fitz_df17d9052c095d5b0593a3b9dd306d75,medium,3,malignant
0,0.4128977656364441,1,fitzpatrick17k,fitz_c944e1cd9974adf18268e705718bf2f5,light,2,benign
1,0.6774384379386902,1,fitzpatrick17k,fitz_21988edf56792632bf60230be54b4ecb,medium,3,malignant
1,0.6317572593688965,1,fitzpatrick17k,fitz_6eb241282698d3a3b24f8a5427f1bbbf,medium,3,malignant
0,0.5013024210929871,1,fitzpatrick17k,fitz_9b0bc55492fa85d78e0a00878fb43e32,medium,4,benign
0,0.5609545707702637,1,fitzpatrick17k,fitz_19d0408a3a7a833f740771bb392c0faf,light,1,benign
0,0.5982909202575684,1,fitzpatrick17k,fitz_2507659866ad46669dc6086f4d5688c7,light,2,benign
1,0.5080163478851318,1,fitzpatrick17k,fitz_84e0052d39fb4df649679f0106fe05bb,light,2,malignant
0,0.43995168805122375,1,fitzpatrick17k,fitz_6c020d5ca043291afee65afb74cd4019,light,2,benign
0,0.30541232228279114,1,fitzpatrick17k,fitz_7636fd288d747eed55bf7c82cf97cd06,light,2,benign
1,0.6518376469612122,1,fitzpatrick17k,fitz_ddc0ffc7185b94bf040684ec8f2d01bd,light,1,malignant
0,0.44450652599334717,1,fitzpatrick17k,fitz_261933debddf8293ebfa2d2867705643,light,2,benign
0,0.5051645636558533,1,fitzpatrick17k,fitz_112f7f7bdf1e8c6cbf0724ea2a7db5ad,medium,4,benign
1,0.5548461675643921,1,fitzpatrick17k,fitz_210596f47b4e9db7378e7258e60787ad,light,2,malignant
1,0.6997877359390259,1,fitzpatrick17k,fitz_46409faa46521c676c8e1c3c3330704b,medium,3,malignant
0,0.7692668437957764,1,fitzpatrick17k,fitz_1a8e5adaf9d284b96f5b002fdc9e461e,light,1,benign
0,0.46914583444595337,1,fitzpatrick17k,fitz_284637a7b1a26bfbec38ce572f3a063b,medium,3,benign
1,0.7544314861297607,1,fitzpatrick17k,fitz_6d27e7fe9ac56869b5ee3158e4288f2d,light,1,malignant
1,0.47165390849113464,1,fitzpatrick17k,fitz_43a5a3a84961dffd74413ae75d06532c,light,1,malignant
0,0.48650607466697693,1,fitzpatrick17k,fitz_d2bf94754da3228049ba1ebb97e8b496,dark,5,benign
1,0.5684216618537903,1,fitzpatrick17k,fitz_f247c2f65828b5a87b9c2c7e1fc13a88,light,1,malignant
1,0.6018943190574646,1,fitzpatrick17k,fitz_e1673c9de5483c8f06c57d9b8b6a99df,medium,4,malignant
1,0.5624618530273438,1,fitzpatrick17k,fitz_7e6838d693e1748adf0ea38d6420f8ee,dark,5,malignant
1,0.5119100213050842,1,fitzpatrick17k,fitz_3aed5185b51f45442ea73cc33bc78eb1,light,1,malignant
1,0.7325236201286316,1,fitzpatrick17k,fitz_4c45723c0ff2ca52e833696ed63c21bc,medium,3,malignant
0,0.5436331629753113,1,fitzpatrick17k,fitz_541a4587e879063cf33f0aeae690ee62,medium,3,benign
0,0.538490891456604,1,fitzpatrick17k,fitz_1f9a567dcd0d9c4a1693ee273c6f0590,medium,3,benign
1,0.6041632294654846,1,fitzpatrick17k,fitz_200fe2e18a0740f13a871e573c2cee02,light,1,malignant
0,0.4723087549209595,1,fitzpatrick17k,fitz_e5b21703030bace5f64a0b3afbe8ae7a,light,1,benign
0,0.5317753553390503,1,fitzpatrick17k,fitz_b6defaedae600adc3d74c06a560f5c25,medium,3,benign
1,0.8071814179420471,1,fitzpatrick17k,fitz_cee1515c2a95ad0ba3d8ef577439feaa,light,2,malignant
0,0.4674433767795563,1,fitzpatrick17k,fitz_2802e8f7d2de352437e5e4696a99a5be,light,1,benign
1,0.5119291543960571,1,fitzpatrick17k,fitz_33df7010afc0c9b9e660114abc46dfa4,medium,4,malignant
0,0.7116868495941162,1,fitzpatrick17k,fitz_c1310fbed87817cbc010298cba09af2f,medium,3,benign
1,0.6321591734886169,1,fitzpatrick17k,fitz_47d2cf8ad5e2a8f673060480a1c3462f,light,2,malignant
1,0.35437023639678955,1,fitzpatrick17k,fitz_ad3272a2b434752b68dba1987210b009,light,2,malignant
1,0.4874582290649414,1,fitzpatrick17k,fitz_0d138dfc5437475a31a7718a53be001a,light,2,malignant
1,0.7389732003211975,1,fitzpatrick17k,fitz_94937a8ab45b71486731a59c5e5448e4,light,2,malignant
1,0.4886585474014282,1,fitzpatrick17k,fitz_88c8c110ade2657fbe1c840dd2494511,dark,5,malignant
1,0.644709587097168,1,fitzpatrick17k,fitz_95aceddd48e4a01eecc60f4a40989a45,light,1,malignant
0,0.5062127113342285,1,fitzpatrick17k,fitz_1d40ad005bd5839fc682a92140d45139,dark,6,benign
0,0.26354432106018066,1,fitzpatrick17k,fitz_afb1549a32af6db1a892ba9c8f162efb,medium,4,benign
1,0.32938286662101746,1,fitzpatrick17k,fitz_9e6302546a811af38079664e066187c1,light,2,malignant
0,0.49171921610832214,1,fitzpatrick17k,fitz_6770109b657d859c15033cee3b33fa92,light,2,benign
1,0.561000406742096,1,fitzpatrick17k,fitz_35d78b622b17b403527abe9ebad12438,medium,4,malignant
0,0.40768149495124817,1,fitzpatrick17k,fitz_58752b78ff77e26b3e0add57ff6811c6,light,1,benign
1,0.4464624524116516,1,fitzpatrick17k,fitz_13734a7c23d7856f863234a3ebe42574,medium,3,malignant
0,0.5143076181411743,1,fitzpatrick17k,fitz_03fa6b46375e432cbf6a5c80ec39fcc6,light,1,benign
0,0.3717607259750366,1,fitzpatrick17k,fitz_4cd4042bcb667eaccf640e24b597430e,light,2,benign
1,0.3066506087779999,1,fitzpatrick17k,fitz_bfc903d9c30f8fe5b14f24c2cd92fcf8,light,1,malignant
0,0.5252801775932312,1,fitzpatrick17k,fitz_7fc0fd4fb86200dc3cb36c4d07573b1e,light,2,benign
0,0.4957940876483917,1,fitzpatrick17k,fitz_3df445e0ee55c4a0b217a932b37739cb,medium,3,benign
0,0.5147445797920227,1,fitzpatrick17k,fitz_4eb799199c491b819bf1068cac715d7d,dark,6,benign
0,0.7455873489379883,1,fitzpatrick17k,fitz_7d5fa40a383359710b838eeb6c08324d,light,1,benign
1,0.674193263053894,1,fitzpatrick17k,fitz_3f1648bff3fcf3a0f8e238b14025bd79,light,2,malignant
1,0.6097551584243774,1,fitzpatrick17k,fitz_45f2d036cba6a8d8da3240c27217a6ff,light,2,malignant
0,0.5457687973976135,1,fitzpatrick17k,fitz_6319f65d7262b1dce38456da78f59d85,light,1,benign
0,0.509330153465271,1,fitzpatrick17k,fitz_3c037f81cfe29dd2bd8834d823499190,medium,3,benign
0,0.65090012550354,1,fitzpatrick17k,fitz_fc5744a249305e3081c29ad0d9568cbd,light,1,benign
0,0.674947202205658,1,fitzpatrick17k,fitz_f391d38b94334234942a68f5f52433f9,medium,4,benign
0,0.5287809371948242,1,fitzpatrick17k,fitz_09b035332fbd999ecc2f1b7fb229c093,light,2,benign
1,0.5915181040763855,1,fitzpatrick17k,fitz_a795f04734849b702184bd729ab765ce,light,2,malignant
0,0.44440940022468567,1,fitzpatrick17k,fitz_1060b777b7875b0bc3b8e1d4d5c21a6c,medium,3,benign
0,0.7826369404792786,1,fitzpatrick17k,fitz_8bad7346e145eedbce83aee080ab22c7,light,1,benign
1,0.3047698736190796,1,fitzpatrick17k,fitz_97d2eb0a5f487bf6428df978898fff4d,light,2,malignant
0,0.3283928632736206,1,fitzpatrick17k,fitz_21f1e3ac8e545e1c28ac3d619360d6cd,light,2,benign
1,0.5990493893623352,1,fitzpatrick17k,fitz_6ee7f655e7465c97833e86830a9bf2b4,medium,3,malignant
1,0.642951250076294,1,fitzpatrick17k,fitz_2bad4c856e10e29dcb76b7e1ad11ec51,dark,5,malignant
1,0.49962881207466125,1,fitzpatrick17k,fitz_b5fa3405377953a1b7de9049a4d3e4dc,light,2,malignant
1,0.5781551599502563,1,fitzpatrick17k,fitz_47b5d95eee9086e7846092dedacf77f1,light,2,malignant
0,0.3976054787635803,1,fitzpatrick17k,fitz_e809c553f8d8d5583e4fd26aef02dbb3,dark,5,benign
0,0.4752451777458191,1,fitzpatrick17k,fitz_8d7d69353979c66faac2f9e5fbdfe348,light,2,benign
1,0.34113436937332153,1,fitzpatrick17k,fitz_008c8be183aa54af2d29a6f75521ebce,dark,6,malignant
0,0.4523203670978546,1,fitzpatrick17k,fitz_1317bc312a84b5aa8fc6b9b4a7c3318c,medium,3,benign
0,0.6221018433570862,1,fitzpatrick17k,fitz_c8e7f9739bd62e3219c12d9f567456a8,light,2,benign
0,0.41065871715545654,1,fitzpatrick17k,fitz_ecd5b4bc5413b2370470c83de294157b,light,2,benign
1,0.44131624698638916,1,fitzpatrick17k,fitz_4429b712b5f7463459067286a73d1231,medium,3,malignant
0,0.5009855031967163,1,fitzpatrick17k,fitz_7dd8e927e493ab01ab17a13492ed3f12,light,2,benign
0,0.48908308148384094,1,fitzpatrick17k,fitz_eb9e3bbb4bb38985adff29b28179d5b2,medium,4,benign
1,0.7252426147460938,1,fitzpatrick17k,fitz_5b9a861673164365c98ba2e5eca55328,light,1,malignant
0,0.7134791016578674,1,fitzpatrick17k,fitz_014a5d6dcf9e1a5ffe46d5a312174de5,light,1,benign
1,0.5477359890937805,1,fitzpatrick17k,fitz_8b1847980b176b7b17f75c2ea71922ef,light,2,malignant
0,0.5628981590270996,1,fitzpatrick17k,fitz_3429089d464da316dddf3b4addfd9e3d,dark,5,benign
1,0.5259510278701782,1,fitzpatrick17k,fitz_3e389f35749339cb3f001c51dbd02d09,light,2,malignant
1,0.43582409620285034,1,fitzpatrick17k,fitz_cf06eac86b781c1be85810cc60a40147,medium,3,malignant
0,0.616802453994751,1,fitzpatrick17k,fitz_db076cda57cbbbc3cd26d96e61d0e9db,light,2,benign
0,0.5263692736625671,1,fitzpatrick17k,fitz_a1902feb20d7f9f4a8a5a719e1ba7122,light,2,benign
1,0.7751144766807556,1,fitzpatrick17k,fitz_29e5519889107e210f878f86e0d17436,light,1,malignant
0,0.5439409017562866,1,fitzpatrick17k,fitz_dee91df31211c000479ccabce17807b9,medium,4,benign
0,0.715852677822113,1,fitzpatrick17k,fitz_eab4ca887afd28193921e64b0e2b5718,light,2,benign
0,0.5777912735939026,1,fitzpatrick17k,fitz_25f8a7cac8cb6f7d76782067bc3400c3,dark,5,benign
0,0.49422672390937805,1,fitzpatrick17k,fitz_02c35a23f0b8f5926b2185b328c5551a,light,1,benign
0,0.35397616028785706,1,fitzpatrick17k,fitz_287ae52124079fd46a7a58e1ab840a27,medium,4,benign
0,0.2775174379348755,1,fitzpatrick17k,fitz_f27cd92ce48e3148f78e5a46c11a460a,medium,4,benign
0,0.6298720836639404,1,fitzpatrick17k,fitz_13563b4c006e5cae101e869d99e8d036,light,2,benign
0,0.49573883414268494,1,fitzpatrick17k,fitz_3c31ed63ad8000019cc9821b761ed014,dark,5,benign
1,0.6248218417167664,1,fitzpatrick17k,fitz_041c7ee6106e88b7ddce7864efd97525,medium,4,malignant
0,0.6007510423660278,1,fitzpatrick17k,fitz_4ee42381a60d54eac66755d7d986fb05,light,1,benign
1,0.5290305614471436,1,fitzpatrick17k,fitz_318c1c68fbf43892f05191ea20e618cb,medium,3,malignant
0,0.5052037835121155,1,fitzpatrick17k,fitz_087315906369dd994456a197e0cac342,light,2,benign
1,0.7029148936271667,1,fitzpatrick17k,fitz_6bd32d6620c8b17674547ebd9fc112f5,light,2,malignant
0,0.5238367319107056,1,fitzpatrick17k,fitz_9eb643a85636816ca2efe457db1aa944,light,2,benign
1,0.463011234998703,1,fitzpatrick17k,fitz_874622847ae2cd9f53171fbc150fdb71,light,2,malignant
0,0.4428764581680298,1,fitzpatrick17k,fitz_002714e65a78f16fb05bc0aa95ea9761,medium,4,benign
0,0.6250047087669373,1,fitzpatrick17k,fitz_14cb4dd8985954bfb63e7edc2a488d2f,light,2,benign
0,0.4718080163002014,1,fitzpatrick17k,fitz_31860ef54bc219bb2b67df8b8dad8417,light,1,benign
1,0.6797917485237122,1,fitzpatrick17k,fitz_d6e1592cd3d3cd6718b56f6d556f77c4,light,1,malignant
0,0.48825252056121826,1,fitzpatrick17k,fitz_952aa2d323c527a7da1bd4110b32303b,medium,3,benign
1,0.5144340991973877,1,fitzpatrick17k,fitz_99aa6f56fa29834fb0086965da35fb11,light,1,malignant
0,0.4448590874671936,1,fitzpatrick17k,fitz_ddc592a424045e8cd5931135aa8da877,medium,3,benign
1,0.4174673557281494,1,fitzpatrick17k,fitz_6780e84c97c2737127f08e25e8242fe0,light,2,malignant
1,0.40241727232933044,1,fitzpatrick17k,fitz_4670285632e1c288ec0ac64a15ef82af,light,2,malignant
1,0.6017296314239502,1,fitzpatrick17k,fitz_32e185d203f0e6b8b0c759fa7e9ce627,light,2,malignant
0,0.45573002099990845,1,fitzpatrick17k,fitz_b9107354fdade4f2e553be25b2f5e7f6,light,1,benign
1,0.3283192217350006,1,fitzpatrick17k,fitz_db450c02e0acb737fc2ea0a11be525c7,medium,3,malignant
1,0.4664607346057892,1,fitzpatrick17k,fitz_4e28e2e586e563db2112ad1afa25fcf0,light,1,malignant
0,0.5313408970832825,1,fitzpatrick17k,fitz_1301ea506a1cdd159e17f1ab0eadb51d,light,2,benign
1,0.5672757029533386,1,fitzpatrick17k,fitz_2861f208db32e09e3841ead44f577ddb,light,2,malignant
1,0.500983715057373,1,fitzpatrick17k,fitz_d9c204f6e15a59b6fc1af7ebb36b2ea4,light,2,malignant
1,0.5738499164581299,1,fitzpatrick17k,fitz_a589f826c885576e848a2a4d66235f1f,medium,3,malignant
0,0.47685766220092773,1,fitzpatrick17k,fitz_16e46cf96a792a51134f8fef4abe290f,light,1,benign
1,0.4762395918369293,1,fitzpatrick17k,fitz_1225748569e2495256edb1f615dab952,medium,3,malignant
1,0.6323503255844116,1,fitzpatrick17k,fitz_f1aba86c1e48a3b1a4bc5e599f7024bf,medium,3,malignant
1,0.5943817496299744,1,fitzpatrick17k,fitz_68623ff99e2d99707211ae16ac655ebf,light,2,malignant
0,0.5094316005706787,1,fitzpatrick17k,fitz_f63bd076db52c4c0c0d05c277f9491e9,light,1,benign
0,0.44393542408943176,1,fitzpatrick17k,fitz_a475142db21f3b90e967349bd169c2c7,light,1,benign
1,0.31653252243995667,1,fitzpatrick17k,fitz_41efd62d9dcb1145994a30ab97d4c514,medium,3,malignant
0,0.6983418464660645,1,fitzpatrick17k,fitz_9cf66703d581a5ac6709c3a093bfb368,medium,3,benign
1,0.47796669602394104,1,fitzpatrick17k,fitz_786891098d43f04f9f2370bb7c614321,light,2,malignant
0,0.2692549526691437,1,fitzpatrick17k,fitz_6ed995cc282c8d8ca9f2bdbcde554468,light,2,benign
1,0.6051389575004578,1,fitzpatrick17k,fitz_006e06abaacec1e2ac15fe0050a89c22,light,2,malignant
0,0.46048498153686523,1,fitzpatrick17k,fitz_5bedb7aaeeeb002707f6118df00a564f,light,1,benign
0,0.6421019434928894,1,fitzpatrick17k,fitz_a72a10a9c7ba7a9dcd3e273e542993d7,medium,4,benign
0,0.6293256878852844,1,fitzpatrick17k,fitz_6204b523ebb98d6511aaad0f095c13ca,light,2,benign
0,0.6894596815109253,1,fitzpatrick17k,fitz_8d5ff52807e2603f38f1b4a82f065a48,medium,3,benign
0,0.3741683065891266,1,fitzpatrick17k,fitz_2f3a457f8fee2ad6699da2d15a4ba1e0,medium,3,benign
1,0.43704766035079956,1,fitzpatrick17k,fitz_361c860d6d11345eb0d14b6ff560a952,light,1,malignant
0,0.21239085495471954,1,fitzpatrick17k,fitz_1bafc4435143804067e03a6a5aa1ae83,medium,3,benign
0,0.4950887858867645,1,fitzpatrick17k,fitz_cd97c4945d1b6e8604c300412a32218a,light,2,benign
0,0.3230200409889221,1,fitzpatrick17k,fitz_6298691ad6f0822ab25a9d163e274b40,light,2,benign
0,0.46529343724250793,1,fitzpatrick17k,fitz_1a2a4cd513ec93802d6c85e195441c1b,light,1,benign
1,0.5183004140853882,1,fitzpatrick17k,fitz_e23ca962ab4506bf17cfb2174ebb350d,medium,4,malignant
0,0.4555955231189728,1,fitzpatrick17k,fitz_4e727e2e4c36570c33715f23fa6e8b1c,dark,5,benign
1,0.5542043447494507,1,fitzpatrick17k,fitz_cc391aff32bf98e352ddaf3c1e6865cb,light,1,malignant
1,0.4718627631664276,1,fitzpatrick17k,fitz_80ce74b194cdbef3f44ffff179c1f912,medium,4,malignant
0,0.5713203549385071,1,fitzpatrick17k,fitz_98da7d1c1420c1ecbf2ee4979907799e,light,2,benign
1,0.48587754368782043,1,fitzpatrick17k,fitz_98a86bd0a6b6d31cc399703220627eab,light,1,malignant
1,0.6472266316413879,1,fitzpatrick17k,fitz_b280c5c8428278067af5a0d07409f6c6,light,2,malignant
1,0.5280428528785706,1,fitzpatrick17k,fitz_46cfd1a77dfc44893b3166eca5f5514d,light,2,malignant
0,0.5229357481002808,1,fitzpatrick17k,fitz_ca53e6895f157c0ad28b0a7622f930bb,light,1,benign
0,0.658276379108429,1,fitzpatrick17k,fitz_94fa3d41352c74ad7a3f4918bb831587,light,2,benign
0,0.2595866620540619,1,fitzpatrick17k,fitz_d94d9da65f3f2823471636729de38f44,light,1,benign
1,0.5987715721130371,1,fitzpatrick17k,fitz_20c35377213f6e1cc6115e8862bd73ef,light,1,malignant
1,0.5693490505218506,1,fitzpatrick17k,fitz_3310c8f8bb1c974cbf1a3e33969ef039,light,2,malignant
1,0.6246337890625,1,fitzpatrick17k,fitz_32eaca7cb6a5408f4ad5a090187cdb25,light,2,malignant
1,0.578029990196228,1,fitzpatrick17k,fitz_e0fedce02782d3e39feb80fd57380226,dark,5,malignant
1,0.47376734018325806,1,fitzpatrick17k,fitz_d70a1677a855b45e2049e3f08f47f153,medium,4,malignant
0,0.325055867433548,1,fitzpatrick17k,fitz_f51e0433a2dbd4a5f7308ba55df2dc45,light,1,benign
1,0.605256199836731,1,fitzpatrick17k,fitz_d773c2c4b95da12d93796bcec165a6ba,light,2,malignant
1,0.44679656624794006,1,fitzpatrick17k,fitz_5fa619d00f15dc1f92063f54a85e8bb4,light,2,malignant
1,0.6502739787101746,1,fitzpatrick17k,fitz_be7bead78fed91bdc5056a70246ed703,light,2,malignant
0,0.4325574040412903,1,fitzpatrick17k,fitz_4062f7d2bf4baa0f792741ceac66958f,medium,4,benign
1,0.3663831055164337,1,fitzpatrick17k,fitz_ab28440ed0d4fd832a76b06f5d86e401,light,2,malignant
1,0.4963127076625824,1,fitzpatrick17k,fitz_36e842fa0046f02248140aaf668d111a,light,1,malignant
0,0.6952596306800842,1,fitzpatrick17k,fitz_8f7ba0cfef85438ef1d41aa1872492c0,light,2,benign
0,0.3967985212802887,1,fitzpatrick17k,fitz_47533058c881ca04b1c98f6b1a5720b2,light,1,benign
0,0.3965088427066803,1,fitzpatrick17k,fitz_cb191c9c268825b566ef9ecff1c6a740,light,1,benign
0,0.4538353979587555,1,fitzpatrick17k,fitz_2da9a6e77499ad8e1cea172577385443,medium,3,benign
0,0.5496607422828674,1,fitzpatrick17k,fitz_b5cdd8e7f426849930f8f8de833979cc,medium,3,benign
0,0.36061111092567444,1,fitzpatrick17k,fitz_c23edb4060ddaeb9e0dea2d7bbe5019c,medium,4,benign
1,0.6367719173431396,1,fitzpatrick17k,fitz_ed277f414662d8203eeb4a5ddbd58644,light,1,malignant
1,0.7374352812767029,1,fitzpatrick17k,fitz_5aebee416901cdd8fd9c02dcdc8b2e24,light,1,malignant
0,0.5044535994529724,1,fitzpatrick17k,fitz_79e2f2599a1be4f99346af73b2a35ee0,light,2,benign
1,0.6511017680168152,1,fitzpatrick17k,fitz_c84a8774938c008cb188779efa58dd16,medium,4,malignant
1,0.7397792339324951,1,fitzpatrick17k,fitz_e052681f9ae01aa8be18a33f2a81fdd5,light,2,malignant
1,0.5007398724555969,1,fitzpatrick17k,fitz_1ea327d045b97047a089db7fb80b6c10,medium,3,malignant
1,0.4627925753593445,1,fitzpatrick17k,fitz_d66bf5de79446335d16025eac09bf65e,light,2,malignant
1,0.627699613571167,1,fitzpatrick17k,fitz_cd9875059a12da6235552ef1bfe6b306,light,1,malignant
1,0.6257028579711914,1,fitzpatrick17k,fitz_7f64dd852226a5689f3a14fcfc8688ed,medium,4,malignant
1,0.6596875786781311,1,fitzpatrick17k,fitz_8acc8d28a8f6040d23041bfbf16fcf09,light,2,malignant
0,0.7338104844093323,1,fitzpatrick17k,fitz_c447c881dcecbb330609801d1ce21270,medium,3,benign
0,0.35186365246772766,1,fitzpatrick17k,fitz_614fe2468892116277b38458b7b94062,light,2,benign
0,0.505919873714447,1,fitzpatrick17k,fitz_ed04779a244ceb4766056ed347da1988,dark,6,benign
1,0.5518250465393066,1,fitzpatrick17k,fitz_649a62d188bad59afe9eb4ecb56fb25e,medium,3,malignant
0,0.2461427003145218,1,fitzpatrick17k,fitz_2a7066ad636ad2f3610c40ecdea99223,light,1,benign
0,0.7172152400016785,1,fitzpatrick17k,fitz_882aae045d66274b2788aa6aa70f5c93,light,2,benign
0,0.39929670095443726,1,fitzpatrick17k,fitz_9c468f8877045d70dbb7ad2c18671dbe,light,2,benign
1,0.58114093542099,1,fitzpatrick17k,fitz_9a2703b526c057a1563b6579cb3024fa,light,1,malignant
0,0.4815680980682373,1,fitzpatrick17k,fitz_9b1273e401dbeb6ddbfad6b22489b0ec,medium,3,benign
0,0.44308894872665405,1,fitzpatrick17k,fitz_2e5fd22630f3224369ec174774afc904,light,2,benign
1,0.7250869870185852,1,fitzpatrick17k,fitz_abf8662ae84390242bafecaa324d02b2,light,1,malignant
1,0.6879634261131287,1,fitzpatrick17k,fitz_413a896e96ee3c63962834b0e6498bd4,light,1,malignant
0,0.457379549741745,1,fitzpatrick17k,fitz_2a15701b156ba62885e84dcc3f8ea910,dark,6,benign
0,0.5936845541000366,1,fitzpatrick17k,fitz_c1d5adb07467874f40baa88a9d800e65,medium,4,benign
0,0.41034945845603943,1,fitzpatrick17k,fitz_cfd618bd9e96d0c244f295afaff7a388,medium,3,benign
0,0.6973071694374084,1,fitzpatrick17k,fitz_522673224fcd3333c71648cfa95a9505,medium,4,benign
1,0.37613627314567566,1,fitzpatrick17k,fitz_a012732fd2caf22e3168ea643b0df97e,light,2,malignant
1,0.729071855545044,1,fitzpatrick17k,fitz_25a1a344b4f70052120501edb762a0d5,light,2,malignant
0,0.5047111511230469,1,fitzpatrick17k,fitz_93d60c6f20e1b5b4e08eaaf077a093c5,light,1,benign
0,0.4998234510421753,1,fitzpatrick17k,fitz_78a06c0b3d0da8506826ca9fca8cf3aa,light,2,benign
1,0.5940379500389099,1,fitzpatrick17k,fitz_0b9c906977a5d2a78d7fa64004ccd6be,medium,3,malignant
1,0.5328224301338196,1,fitzpatrick17k,fitz_badbfab4e0fe826cade1351c9e3405a3,light,2,malignant
0,0.6348224878311157,1,fitzpatrick17k,fitz_58b9ae1b3cf0daa87ff739656b1425a3,light,2,benign
1,0.5095335841178894,1,fitzpatrick17k,fitz_9e76e89ec099bb63c7c99bd0aa4e45fd,light,1,malignant
1,0.6922250390052795,1,fitzpatrick17k,fitz_df8387df4697ebb509e2dfc7d4c0bfb7,dark,6,malignant
0,0.501484751701355,1,fitzpatrick17k,fitz_8d6e33cb7a597c0cfd8655b5f460b388,medium,4,benign
0,0.5810880064964294,1,fitzpatrick17k,fitz_7a0656474273cbc9b3889c80dcf3469a,dark,6,benign
0,0.4932946562767029,1,fitzpatrick17k,fitz_7995475c6fa1b38a709c12c249751ff6,dark,5,benign
0,0.39819592237472534,1,fitzpatrick17k,fitz_b76bc541faaa9e3b095afdcf5fd2909b,light,2,benign
0,0.327263206243515,1,fitzpatrick17k,fitz_ada2d6dd572e1d3d1d9cd414df50cf96,light,1,benign
0,0.31300216913223267,1,fitzpatrick17k,fitz_79c7a632ac4176aa5f1577a459b98ece,light,1,benign
0,0.5112457871437073,1,fitzpatrick17k,fitz_beef5728dca8fc1323536ba9deb83c5d,light,2,benign
1,0.5152441263198853,1,fitzpatrick17k,fitz_b7948589620ceb4bdd56002e51d0c0b0,dark,5,malignant
1,0.3305545747280121,1,fitzpatrick17k,fitz_ae1dd2f408512900bb5149de7c3d6a66,light,1,malignant
1,0.3698189854621887,1,fitzpatrick17k,fitz_d97e0c3483bab3158be2a9f9ffa3339b,medium,4,malignant
1,0.44471290707588196,1,fitzpatrick17k,fitz_1c5adfdbc1c9bda0bc57c328a0ed4b35,medium,4,malignant
0,0.4873831570148468,1,fitzpatrick17k,fitz_e9550ec93d0ab041c7aac77e7e933b48,medium,3,benign
0,0.5061461329460144,1,fitzpatrick17k,fitz_48d21b45badd60127a29480d52f1635b,medium,4,benign
1,0.7062848806381226,1,fitzpatrick17k,fitz_4fe3639425f904963bfef4c492664577,light,2,malignant
0,0.457816481590271,1,fitzpatrick17k,fitz_14d0d57b5430a9923c415e5148ee7ba1,medium,4,benign
0,0.4662788212299347,1,fitzpatrick17k,fitz_c7d29c46a5011566c9e3b4144e970292,light,2,benign
0,0.5153710842132568,1,fitzpatrick17k,fitz_adb0ccdc22392acd362fcac89803b68f,medium,4,benign
0,0.49442100524902344,1,fitzpatrick17k,fitz_f49a7fa4ae182b58125f03383e0f2a22,medium,3,benign
1,0.4165283739566803,1,fitzpatrick17k,fitz_1e7a332c75655b759c774efeac3d9dcc,light,1,malignant
0,0.41241440176963806,1,fitzpatrick17k,fitz_f1dec1f8072f0d430f6192e9e33a9dc3,light,1,benign
1,0.6974688172340393,1,fitzpatrick17k,fitz_a4d86ff0f5c85e2fe204ece83b710f1a,light,2,malignant
0,0.37282630801200867,1,fitzpatrick17k,fitz_310c13f3fb5006f4c9a1befc2741b638,medium,4,benign
0,0.4943121671676636,1,fitzpatrick17k,fitz_abf0f44b12362196f432666c5683158e,medium,3,benign
0,0.9975366592407227,1,fitzpatrick17k,fitz_b08c58ea9bcfe9df1f17973aeb971658,light,1,benign
1,0.6021574139595032,1,fitzpatrick17k,fitz_51d2eb9781f05cf0663c78194e93792a,light,2,malignant
0,0.5104518532752991,1,fitzpatrick17k,fitz_3f17fbcb288f27b9d3002367725396d1,dark,6,benign
0,0.5849729180335999,1,fitzpatrick17k,fitz_33b733f4f6ddac886832188b770ce64a,medium,4,benign
0,0.6028329730033875,1,fitzpatrick17k,fitz_111d3c4c189eb2e559bc85117f7975fb,medium,4,benign
0,0.4924270510673523,1,fitzpatrick17k,fitz_1b10a6bacbc5396e297c273e3fe8aa5c,medium,3,benign
0,0.4455645978450775,1,fitzpatrick17k,fitz_64222f330373f656d40c112087e3a4a2,dark,6,benign
1,0.5328813791275024,1,fitzpatrick17k,fitz_7e7d72d040485b4c51a37dadba1ae04e,medium,3,malignant
1,0.540286123752594,1,fitzpatrick17k,fitz_84f75c6da21686206f64b40ba5135716,light,1,malignant
1,0.563474714756012,1,fitzpatrick17k,fitz_027380dfd609fa5720c1eaf30f77c776,light,2,malignant
0,0.5276120901107788,1,fitzpatrick17k,fitz_f925994eb8367d52a10b74bc5fd88390,medium,4,benign
1,0.4380156695842743,1,fitzpatrick17k,fitz_2e9026dc8e4b4256aaad236b808de767,light,2,malignant
1,0.5611572861671448,1,fitzpatrick17k,fitz_3486bb9f5a4ad3006519845196bca697,medium,4,malignant
1,0.6660657525062561,1,fitzpatrick17k,fitz_88e49623b7d05cee8a59abc21d4a2aac,light,2,malignant
0,0.3135552406311035,1,fitzpatrick17k,fitz_3546b1377255bbaeb4c13e9bfa635cf0,light,1,benign
0,0.4736410975456238,1,fitzpatrick17k,fitz_278f77c0cfc37e499635784af16ea365,medium,3,benign
0,0.589758574962616,1,fitzpatrick17k,fitz_1699ebcab2744039385ca91482fb4364,light,2,benign
1,0.5220088362693787,1,fitzpatrick17k,fitz_0dd2cb24c519040fca7c77ed6609afed,medium,3,malignant
1,0.4895510971546173,1,fitzpatrick17k,fitz_d3b74982c7011d82c1c874bd9e293fa4,light,1,malignant
1,0.2266024798154831,1,fitzpatrick17k,fitz_0b035e5709e08c96e471bf050c805697,medium,3,malignant
1,0.671443521976471,1,fitzpatrick17k,fitz_e5ad8f497e1246ffd4ef79b930670250,medium,4,malignant
0,0.492695152759552,1,fitzpatrick17k,fitz_8a6d7b54d48db308d9b4f0e05330087c,light,1,benign
0,0.6044796109199524,1,fitzpatrick17k,fitz_b666857e821c97f3d71300ce4593d0a0,dark,5,benign
0,0.48897382616996765,1,fitzpatrick17k,fitz_476b9c6388bb92858a2873554c1237bf,light,1,benign
1,0.7775681614875793,1,fitzpatrick17k,fitz_14d2333c46a7f94b0b64c6ed0547dd75,light,2,malignant
1,0.6549661755561829,1,fitzpatrick17k,fitz_018504389f4fa566232eb6e3ff838cb8,light,2,malignant
0,0.31667736172676086,1,fitzpatrick17k,fitz_04c59d8184ca0d3280e23de40c68fc47,light,1,benign
0,0.49797725677490234,1,fitzpatrick17k,fitz_e600041da17eda6cff4cf14cdfb25d15,light,1,benign
1,0.7543651461601257,1,fitzpatrick17k,fitz_7e0b3d4f2a678d812e94c1f77f9820fa,light,2,malignant
1,0.65924471616745,1,fitzpatrick17k,fitz_ff90a72933d50ce7dfe1788e4804d203,light,1,malignant
0,0.49453213810920715,1,fitzpatrick17k,fitz_8d90c2944cdf23c18f305093c7a7fa32,light,2,benign
0,0.5854102373123169,1,fitzpatrick17k,fitz_e69d745cba729ab9a5c7c8fc46dc04ab,light,1,benign
1,0.5742029547691345,1,fitzpatrick17k,fitz_bd85f10bfd60f2577b764e509c7ed296,medium,4,malignant
0,0.659916877746582,1,fitzpatrick17k,fitz_d08fd8e8f31ec6cc52967c44c5fd37a2,light,1,benign
1,0.5009732842445374,1,fitzpatrick17k,fitz_34714a9dd80557d0b2b3a93ee66a6258,light,2,malignant
1,0.45018380880355835,1,fitzpatrick17k,fitz_c0de110fb3fb880b122cc8f058b731af,light,2,malignant
1,0.6823326349258423,1,fitzpatrick17k,fitz_6e923b13c1fd768eca8b3000ff6101f8,light,1,malignant
1,0.5610014200210571,1,fitzpatrick17k,fitz_2d8dd8e2b1d3f0af318b320f7d77e595,medium,4,malignant
1,0.5749419331550598,1,fitzpatrick17k,fitz_1edc419cfccfb2728ee1743bc921facb,light,2,malignant
0,0.4942345917224884,1,fitzpatrick17k,fitz_8441e5e11118d0a1f93cf9e74bd45cc9,light,2,benign
0,0.7256098985671997,1,fitzpatrick17k,fitz_e253e3ddfec9778647c4bb078bcf8754,light,1,benign
0,0.4932340383529663,1,fitzpatrick17k,fitz_140f5a6279976fc02efe2b9dbf1b4656,light,2,benign
0,0.48619920015335083,1,fitzpatrick17k,fitz_aa1f674e2ddac8521428cb72c09fe055,light,1,benign
0,0.5975222587585449,1,fitzpatrick17k,fitz_c1ea1a8f9448f4007dab8c04e3b9b30d,light,2,benign
1,0.7087377905845642,1,fitzpatrick17k,fitz_a18100a6cc186c4ed5e690250834edd4,light,2,malignant
0,0.4596371650695801,1,fitzpatrick17k,fitz_15e80bdb79a83a5336efe5efbd5ec198,light,1,benign
1,0.647493839263916,1,fitzpatrick17k,fitz_5db01c89de63e47302555704e3e5661e,light,2,malignant
1,0.5960955023765564,1,fitzpatrick17k,fitz_0c21730ed61cd15dc2ad83e5456c77ba,light,1,malignant
1,0.6710166335105896,1,fitzpatrick17k,fitz_9ca9d8e0946f6d8598daad6770b5581f,dark,5,malignant
1,0.5943703651428223,1,fitzpatrick17k,fitz_e8fd022f0fbc938d8b2a44056f1bdec5,light,1,malignant
1,0.8425533175468445,1,fitzpatrick17k,fitz_d888164ff416adf7a9049f5e5fe3efe3,light,2,malignant
1,0.7007575631141663,1,fitzpatrick17k,fitz_6729f41b841e60ac27d662961c5ef703,dark,6,malignant
0,0.35417529940605164,1,fitzpatrick17k,fitz_bf82b98572753ebeb30643d8cbc267da,light,1,benign
0,0.4761991500854492,1,fitzpatrick17k,fitz_50e33aea816269c53033f333c5739218,dark,5,benign
0,0.45478251576423645,1,fitzpatrick17k,fitz_9ce3c69f96b4a44009e8f953aa221cf6,light,1,benign
0,0.4096527397632599,1,fitzpatrick17k,fitz_6bec1ae4f827a7dea5e1562c27a5f620,light,2,benign
1,0.4313655197620392,1,fitzpatrick17k,fitz_acd3aa9405d92f6395ae33cfbc9e32f0,light,1,malignant
0,0.37095174193382263,1,fitzpatrick17k,fitz_073855fe43184e4d1d8045c09e7df53c,light,2,benign
1,0.6214069128036499,1,fitzpatrick17k,fitz_079ae7d3ebe5cf9bfe97e1e29bbfd780,light,2,malignant
1,0.7908449172973633,1,fitzpatrick17k,fitz_9f3e74ee111f2eaec8e4f23fa6ec1b67,medium,3,malignant
0,0.4557792544364929,1,fitzpatrick17k,fitz_9debbcbf24db1cf6c8061531f74dbb0e,medium,4,benign
0,0.5113014578819275,1,fitzpatrick17k,fitz_b49e517f6e88f5f0f139927acd7e00a3,light,1,benign
0,0.5556203126907349,1,fitzpatrick17k,fitz_77cbfcac621e1e9473cb6963d4c35463,medium,4,benign
1,0.6533214449882507,1,fitzpatrick17k,fitz_abd3e1393bf969a1329b12ff83e5f85d,medium,3,malignant
1,0.6668928861618042,1,fitzpatrick17k,fitz_83e37346b35f00b1fc3e226a9a1eef87,light,1,malignant
0,0.4120650291442871,1,fitzpatrick17k,fitz_be5143c118a6c4a5204a9f4e25613587,light,1,benign
0,0.5149261951446533,1,fitzpatrick17k,fitz_e7a97275e26d0fbfbc9cb212ee90c506,medium,3,benign
1,0.5906168818473816,1,fitzpatrick17k,fitz_56c7427df79c37d0602a2797539ca761,light,2,malignant
0,0.32686957716941833,1,fitzpatrick17k,fitz_6d27b2cefd23115cb0b2f5ccd2030f87,light,1,benign
0,0.24473245441913605,1,fitzpatrick17k,fitz_80d9ee6779cba57c3120621cec170505,light,1,benign
1,0.4651815593242645,1,fitzpatrick17k,fitz_5c403fe1da054bdd574a35472928b3bb,dark,5,malignant
0,0.4583069384098053,1,fitzpatrick17k,fitz_8d47665dd04c83496fad63942b78f1ff,medium,4,benign
0,0.3305397927761078,1,fitzpatrick17k,fitz_6a6157ea3e113d5e62883e4852c22138,light,2,benign
0,0.5738359093666077,1,fitzpatrick17k,fitz_0e4b53cec9919e20dee742eaf50cee45,medium,4,benign
0,0.5482073426246643,1,fitzpatrick17k,fitz_7b6720ebe30dc6fadce2e84b553472c8,light,2,benign
0,0.4727058708667755,1,fitzpatrick17k,fitz_5616f246d079e208cb3f88c97eb6025d,light,2,benign
0,0.7193647623062134,1,fitzpatrick17k,fitz_374de2215f3eb571d87207e5d5089354,light,2,benign
1,0.6531797051429749,1,fitzpatrick17k,fitz_53711d42c9baa9f1f187ba8a687e74bf,light,2,malignant
1,0.6263947486877441,1,fitzpatrick17k,fitz_c4157b7a885695ebb5670c69ff5759b6,medium,3,malignant
0,0.46043065190315247,1,fitzpatrick17k,fitz_f8c6615c8c5af9d278d291b67f12c37e,dark,6,benign
1,0.4231775104999542,1,fitzpatrick17k,fitz_f23d762492106d7cfb3fdb1a3b4c37a6,medium,4,malignant
0,0.38814496994018555,1,fitzpatrick17k,fitz_377119a9792a5995497cdd74ab4af3d2,light,2,benign
0,0.7318810820579529,1,fitzpatrick17k,fitz_0a4ad3b7c8705af214e73f8f771dfd47,light,2,benign
1,0.6853675842285156,1,fitzpatrick17k,fitz_d340f64a533f1be3a5c8d0fc9e621472,light,1,malignant
0,0.4098725914955139,1,fitzpatrick17k,fitz_1406e7b62c46d79067db741cea39c476,medium,3,benign
0,0.7282278537750244,1,fitzpatrick17k,fitz_ce1c3d85cccf5be20e7b2a941b355494,medium,3,benign
1,0.5667678117752075,1,fitzpatrick17k,fitz_8e78549a9495befba3fc589b855c88c6,light,1,malignant
0,0.4708212912082672,1,fitzpatrick17k,fitz_1f83b172515fa893dd46a4c2e37d34b9,light,2,benign
0,0.5727925300598145,1,fitzpatrick17k,fitz_7f5b8a9cc04f8954bbb968f6b85f32c4,light,2,benign
0,0.3872372806072235,1,fitzpatrick17k,fitz_8dce6823c51ba27908e26d3aa9455e1d,light,1,benign
0,0.48378145694732666,1,fitzpatrick17k,fitz_bc3c9dd43c061e18fd28bec45d7b04c2,light,2,benign
0,0.4463372230529785,1,fitzpatrick17k,fitz_893b77e46a78032e0a85f73ab5ff6042,light,2,benign
1,0.478130578994751,1,fitzpatrick17k,fitz_ddcb8094a49516b627eb25de87bb37e8,light,1,malignant
0,0.45947572588920593,1,fitzpatrick17k,fitz_9b80bb011a2ae3f741c6c1af12ec34e9,light,1,benign
1,0.5040451288223267,1,fitzpatrick17k,fitz_b487fe9d3636c4e36664828253959b78,medium,4,malignant
0,0.31244373321533203,1,fitzpatrick17k,fitz_20dade7616104b6f075799d9cdbf46c7,light,1,benign
0,0.3312102258205414,1,fitzpatrick17k,fitz_a80e6846c0209f0db4190ff2a2e45c74,light,1,benign
0,0.6024355292320251,1,fitzpatrick17k,fitz_6de447a43bdde9d2d681aaf5e344b1ec,dark,5,benign
1,0.5678722858428955,1,fitzpatrick17k,fitz_6605d70969437eee21f8d1bdf2b710c4,dark,5,malignant
1,0.6672257781028748,1,fitzpatrick17k,fitz_9dd7a74466053926b7ec656b3f8a10d1,light,2,malignant
1,0.6031652688980103,1,fitzpatrick17k,fitz_84cd6e1510b7882642588c05b91be5de,light,2,malignant
1,0.5880314707756042,1,fitzpatrick17k,fitz_e330d92c592d7865e93658aca6a51323,light,2,malignant
1,0.4865618348121643,1,fitzpatrick17k,fitz_5e8af402e0bdf6c1a76ef4bcccceb5c6,medium,3,malignant
1,0.42552199959754944,1,fitzpatrick17k,fitz_f45dc98e818745e359d7d25b00c91151,light,1,malignant
0,0.5081996917724609,1,fitzpatrick17k,fitz_720aa2c6680e77a8ba33413acdfd8684,dark,5,benign
0,0.46231719851493835,1,fitzpatrick17k,fitz_ada500a88d68a997ed3804382208cc0b,light,2,benign
1,0.5549615025520325,1,fitzpatrick17k,fitz_c59e08e62fb00753b5857d0aa3bb0d3f,light,2,malignant
0,0.520098865032196,1,fitzpatrick17k,fitz_cfd7c5290a272f48b716b6edd4839797,light,1,benign
1,0.6355981826782227,1,fitzpatrick17k,fitz_be14688ebedce7b2609d621e98b9bd77,dark,6,malignant
0,0.5022938847541809,1,fitzpatrick17k,fitz_22954dc55a604abca986d0bda8981d88,light,1,benign
1,0.6768381595611572,1,fitzpatrick17k,fitz_442286d7bcb57c1d39b134f12a181184,light,2,malignant
0,0.44887804985046387,1,fitzpatrick17k,fitz_1d5fec5379a83b91079dcc0721ba7a11,light,2,benign
1,0.31086069345474243,1,fitzpatrick17k,fitz_38b649997c117ffa68e7319ea9f111e6,medium,3,malignant
1,0.3577742874622345,1,fitzpatrick17k,fitz_e15211e66c71b025b9add197313cd5e2,light,1,malignant
1,0.47173771262168884,1,fitzpatrick17k,fitz_eae8d8e779633f16b622bac6a56f59ed,medium,3,malignant
0,0.4621325135231018,1,fitzpatrick17k,fitz_ea4fc8065f75426210090461c7815045,light,2,benign
1,0.6050060987472534,1,fitzpatrick17k,fitz_fa49c5def9b18a6629d73c63e0255289,medium,3,malignant
0,0.5481109619140625,1,fitzpatrick17k,fitz_feabe7afd5bf64029cde195e8edad3a5,medium,3,benign
0,0.5409769415855408,1,fitzpatrick17k,fitz_6d2f1647e59fa391b9a5db0f7c68aa1b,light,1,benign
0,0.5933951735496521,1,fitzpatrick17k,fitz_0335f86b43703c613d0678ad8be337b6,light,1,benign
0,0.6329405307769775,1,fitzpatrick17k,fitz_0a4295449ffc040bc2b6bc29ed5f4d36,medium,3,benign
0,0.5618917346000671,1,fitzpatrick17k,fitz_19b0353695d80e690836eeb6460ae841,light,2,benign
0,0.3252260982990265,1,fitzpatrick17k,fitz_914d148a80029bf56971c2dd5a2b96b4,medium,3,benign
0,0.6650283336639404,1,fitzpatrick17k,fitz_000b6317b3be6d504e212a50e4d5667f,medium,3,benign
1,0.6414598822593689,1,fitzpatrick17k,fitz_1d5f5e2acb325eef27470722488a7e44,light,1,malignant
1,0.6116152405738831,1,fitzpatrick17k,fitz_2fffc030779c4f39555af05bd6131e03,light,2,malignant
0,0.46862030029296875,1,fitzpatrick17k,fitz_6fb2d900b06d69c873a29c7bee2c2277,medium,3,benign
0,0.46775147318840027,1,fitzpatrick17k,fitz_54b1232f62b3c0023605bf417eebfd99,light,2,benign
1,0.6314758658409119,1,fitzpatrick17k,fitz_dc2a400c943a17772ea55dc50e376435,light,1,malignant
0,0.40811261534690857,1,fitzpatrick17k,fitz_b89f0df848e11733fcb8abfc25834f2e,light,2,benign
0,0.6320552229881287,1,fitzpatrick17k,fitz_cca4d6cb306087ac189ba9d1e14958cb,light,2,benign
0,0.3395354747772217,1,fitzpatrick17k,fitz_1bac4857995e73a390eb1b8e4fe8583a,light,2,benign
1,0.7752500176429749,1,fitzpatrick17k,fitz_afe41fae78805d3c1eefe5fdeb5ecba8,light,2,malignant
0,0.6076034307479858,1,fitzpatrick17k,fitz_db7e857dec9dd0c61b22b0e85f94ef54,light,1,benign
0,0.3645387291908264,1,fitzpatrick17k,fitz_cd5bc91c3d088398447b79558daad671,light,1,benign
0,0.438543438911438,1,fitzpatrick17k,fitz_b71c0b85580e06b347da7e16d1aff3ff,medium,4,benign
1,0.48058047890663147,1,fitzpatrick17k,fitz_38bc85b4b299f40df26f1de1ae6edc53,light,2,malignant
1,0.6461803317070007,1,fitzpatrick17k,fitz_691260f9a6de48296c0bcd79084d1c24,light,2,malignant
0,0.36592525243759155,1,fitzpatrick17k,fitz_e818a551b15bc2d4d506df50e2ec65fd,medium,4,benign
0,0.46074917912483215,1,fitzpatrick17k,fitz_d544e100dbe054c62df2d7df61cc95d8,light,1,benign
1,0.47802335023880005,1,fitzpatrick17k,fitz_bbf7ad746b18c2968b664e4d0b70b6f8,light,1,malignant
1,0.29211434721946716,1,fitzpatrick17k,fitz_fedcb4729515d8c9a11d2dbe88576773,light,1,malignant
1,0.5797723531723022,1,fitzpatrick17k,fitz_734c9a93f9d8f98d7f2b8fb03750850b,light,2,malignant
0,0.4871602952480316,1,fitzpatrick17k,fitz_27831e1a3089f98f8aa98c84b198084f,medium,3,benign
1,0.5981365442276001,1,fitzpatrick17k,fitz_a38c514b6e09c788efe6438a5e76f864,light,1,malignant
1,0.7645408511161804,1,fitzpatrick17k,fitz_421307b71f4e267df9fdec5a5c91c67e,light,2,malignant
0,0.4464585483074188,1,fitzpatrick17k,fitz_764643fdb76178178f837b507d79b6f0,light,1,benign
1,0.6315743923187256,1,fitzpatrick17k,fitz_286ea551a105d965fcc718e447932479,light,2,malignant
1,0.580788254737854,1,fitzpatrick17k,fitz_7cc6621d7d99fcca1f0bf2b6bd3043fb,medium,3,malignant
1,0.5157213807106018,1,fitzpatrick17k,fitz_cb13129a1d876d50c0c62088f87f5b9d,medium,3,malignant
0,0.46514081954956055,1,fitzpatrick17k,fitz_1a7f5be93d32df0863ffa3115bdd1a63,light,1,benign
1,0.44419461488723755,1,fitzpatrick17k,fitz_6c3081a5e16b9a11fb33cf8b022122cb,light,2,malignant
1,0.6346749663352966,1,fitzpatrick17k,fitz_5dcf89822b03a9620054dcddfb327cf5,light,2,malignant
0,0.5310852527618408,1,fitzpatrick17k,fitz_16a5c5392fe5fca2c961284143d59b57,medium,4,benign
1,0.6573795080184937,1,fitzpatrick17k,fitz_229048c8bf711a1039380054d624e368,light,2,malignant
1,0.6136130094528198,1,fitzpatrick17k,fitz_bc1a453b16e32352b492d12725f557c5,light,2,malignant
1,0.5616973042488098,1,fitzpatrick17k,fitz_40727941934994bc194e5c8a8a2bd99e,light,1,malignant
0,0.5482763051986694,1,fitzpatrick17k,fitz_4f385ab88233e751897478048ed6ff85,light,1,benign
0,0.4349502623081207,1,fitzpatrick17k,fitz_5068074ceb7c5a423100752cb1e4dd43,light,1,benign
1,0.5769136548042297,1,fitzpatrick17k,fitz_a3308a1ba83738f6914b390a23c12256,light,1,malignant
1,0.7055802345275879,1,fitzpatrick17k,fitz_fe1bb49509d3638c2930d94268ed1463,light,1,malignant
0,0.4216059744358063,1,fitzpatrick17k,fitz_164c8d1e136ee209679d8ceeb8375df5,light,1,benign
0,0.6058751344680786,1,fitzpatrick17k,fitz_4094556d382c6873c3f4f873fceeccb9,medium,3,benign
0,0.6412637233734131,1,fitzpatrick17k,fitz_0896aad5d8447d068503c8f0c0071668,medium,4,benign
1,0.6639089584350586,1,fitzpatrick17k,fitz_3e83745d7e86dfb8b0aa6549e28e33d0,light,2,malignant
1,0.6544010639190674,1,fitzpatrick17k,fitz_68064a802e353660f323bc42c2eb67e7,light,2,malignant
1,0.7868107557296753,1,fitzpatrick17k,fitz_fb0dcd31990c06d1c8f254ce8b0115c1,light,2,malignant
0,0.5701628923416138,1,fitzpatrick17k,fitz_345ca6477795dc111e571094dab1a5dc,light,2,benign
0,0.5014700889587402,1,fitzpatrick17k,fitz_fc81b32afc618847af57d0f68c05f0a6,light,1,benign
0,0.48268046975135803,1,fitzpatrick17k,fitz_db35916cf721021829daedb8648125bf,light,2,benign
1,0.5279328227043152,1,fitzpatrick17k,fitz_c5714d20b28a2e3e75d14bc64d616ff7,medium,3,malignant
1,0.5901587009429932,1,fitzpatrick17k,fitz_fed52ed3aaaf68c38fbac9634c8f1216,medium,3,malignant
0,0.4605354070663452,1,fitzpatrick17k,fitz_5322c14309c560adc3a2927133a7763d,light,1,benign
0,0.5583280920982361,1,fitzpatrick17k,fitz_f3a39341732b7f64a9006d1e7104ade3,medium,4,benign
0,0.5061998963356018,1,fitzpatrick17k,fitz_adb438ba23224abe46a075ca35d17860,light,2,benign
1,0.5775250792503357,1,fitzpatrick17k,fitz_1ba9b93ba453254fd9cc42cb0837d021,medium,3,malignant
1,0.7233768701553345,1,fitzpatrick17k,fitz_efe90e108b7d40765e02f80e146bc36c,light,1,malignant
0,0.39723536372184753,1,fitzpatrick17k,fitz_8f5ed7a6b36ec4af8b84635c0d5291ec,medium,4,benign
0,0.3007603585720062,1,fitzpatrick17k,fitz_f6bc7672916e190d70b9a7176b26d2a3,light,2,benign
0,0.5444636940956116,1,fitzpatrick17k,fitz_6784d371450b391aea1e40d6cb28d153,light,1,benign
1,0.4603540897369385,1,fitzpatrick17k,fitz_a5c4f4a2536c4183f431aa97d696eb44,light,2,malignant
0,0.5189796090126038,1,fitzpatrick17k,fitz_52b866609ea7bcfacac4ffa0fa943b7a,medium,3,benign
0,0.4928770661354065,1,fitzpatrick17k,fitz_1e6506ff6a31d4763e689edd96d2cc5b,medium,4,benign
0,0.4002722203731537,1,fitzpatrick17k,fitz_36f15fdcab127921c68e23e5952b579a,light,2,benign
0,0.7033675909042358,1,fitzpatrick17k,fitz_5ffd8bfd72bf93492e07434924e9d15a,light,1,benign
0,0.6217019557952881,1,fitzpatrick17k,fitz_6adeb96003f09a82eb1ef973b9d157e4,medium,3,benign
1,0.745712161064148,1,fitzpatrick17k,fitz_a7d47cb7feead82596e930e692c998fa,light,1,malignant
0,0.4473419487476349,1,fitzpatrick17k,fitz_7edd1ea64cd58993db33eb7f63c9e23b,light,1,benign
1,0.672705888748169,1,fitzpatrick17k,fitz_4e90f3cc9051c8bcc7ee07f25e169134,medium,4,malignant
0,0.5889949798583984,1,fitzpatrick17k,fitz_764e922aa3cd6c871f7949f60d013714,medium,4,benign
1,0.509474515914917,1,fitzpatrick17k,fitz_1092a8b1d5054fc49428a554d1126042,light,2,malignant
1,0.5831335186958313,1,fitzpatrick17k,fitz_0f9a80fc4b30ce96e2440e1a67cd31d2,medium,4,malignant
1,0.719250500202179,1,fitzpatrick17k,fitz_0e55b54825db2d67edecfe12d01144a6,medium,3,malignant
0,0.37486690282821655,1,fitzpatrick17k,fitz_2d1714ec6d8fb7089eea8d8e301564e1,light,2,benign
0,0.9725583791732788,1,fitzpatrick17k,fitz_d66cd3164d722d3914ea69b618bfb285,light,1,benign
1,0.634509801864624,1,fitzpatrick17k,fitz_98bd1bb7764270260e9b3720e57fc880,light,1,malignant
0,0.521994948387146,1,fitzpatrick17k,fitz_42fd37cdc337997553b250a3df5d2b5c,medium,3,benign
0,0.5861489772796631,1,fitzpatrick17k,fitz_5444d551df8e1549d7b1fb51b9a87c2f,medium,3,benign
1,0.6360677480697632,1,fitzpatrick17k,fitz_d611911777942df51c973badfb02c4a4,light,1,malignant
0,0.4915187954902649,1,fitzpatrick17k,fitz_d181fde8e6e74c0d851fe607a8453908,light,1,benign
1,0.5254231691360474,1,fitzpatrick17k,fitz_6dba48622336596a9576d587ce702142,medium,3,malignant
1,0.667911171913147,1,fitzpatrick17k,fitz_b7bef6a70726af17d4945654d94e413a,light,1,malignant
0,0.4465492367744446,1,fitzpatrick17k,fitz_2b37976a80b2374b8d90b550be0eebef,light,2,benign
0,0.523425281047821,1,fitzpatrick17k,fitz_b6a18504475d38e563b89a6ecf3558b3,medium,3,benign
1,0.4005572497844696,1,fitzpatrick17k,fitz_b53ec636f5f8e7b11071d5159d127da0,dark,5,malignant
0,0.27260902523994446,1,fitzpatrick17k,fitz_bf099025b4eb00a75d473a3b366952f5,medium,3,benign
0,0.1949777603149414,1,fitzpatrick17k,fitz_0a7d0e3f4df5d8e69dc3763ae9ba8d96,light,2,benign
0,0.678001880645752,1,fitzpatrick17k,fitz_d0cdfc100d1dcc1a4d4e6c06babc514b,light,1,benign
1,0.4781980812549591,1,fitzpatrick17k,fitz_d2561eaa981d137b29e3a058246645f4,medium,3,malignant
0,0.5817840099334717,1,fitzpatrick17k,fitz_623faa459db4f5aef96431cfad70cf68,medium,3,benign
0,0.4204559624195099,1,fitzpatrick17k,fitz_ea0df59c874b616fef0a595b88444519,medium,3,benign
0,0.6989439725875854,1,fitzpatrick17k,fitz_49cdcc1dad38759114c04153abd6d4da,medium,3,benign
0,0.42706751823425293,1,fitzpatrick17k,fitz_f1e293cbe5ca1ba1d6905ad043f23315,medium,3,benign
0,0.4438674747943878,1,fitzpatrick17k,fitz_5e13c19a8e2da3eefdcb074832afd99a,light,2,benign
0,0.5816367864608765,1,fitzpatrick17k,fitz_0335374becde1099bcf8541a5e6a07e8,medium,4,benign
1,0.5044536590576172,1,fitzpatrick17k,fitz_dd3243a389c424fdd01d1aee5cc21926,light,2,malignant
0,0.41713905334472656,1,fitzpatrick17k,fitz_31a39ea6712ece70be83409c1ab50908,light,1,benign
1,0.7019369602203369,1,fitzpatrick17k,fitz_22f1d783dd6821defafcc915a8146c41,light,1,malignant
1,0.42383068799972534,1,fitzpatrick17k,fitz_400e3359fc83a621bcfe57435ca6ca49,light,2,malignant
0,0.564764678478241,1,fitzpatrick17k,fitz_6eafbcbba924aae35c18db47b1d1b605,medium,3,benign
0,0.4227067232131958,1,fitzpatrick17k,fitz_d1bc8ccf76f9d75244020b5eed876de5,light,1,benign
1,0.5086524486541748,1,fitzpatrick17k,fitz_5bfd231e8cf0526d1247ced60c6ef573,light,1,malignant
0,0.8182962536811829,1,fitzpatrick17k,fitz_bcea6a243a9930a11354a81999f1004d,medium,3,benign
0,0.40807512402534485,1,fitzpatrick17k,fitz_8a539794b96a6bf2b5ae4d1f53d3faa5,light,2,benign
0,0.4686247408390045,1,fitzpatrick17k,fitz_aafc6602c9371da05c3a8567ab87c617,light,1,benign
0,0.6339752674102783,1,fitzpatrick17k,fitz_8b4ea641cf961c4b0512778a433337ee,medium,4,benign
0,0.6165162920951843,1,fitzpatrick17k,fitz_f3a4d8da2bdb24a1d78a061f30496e9b,medium,3,benign
1,0.658841073513031,1,fitzpatrick17k,fitz_f576c38e09eb3ecc24e6326eb3a881f1,light,2,malignant
0,0.615828275680542,1,fitzpatrick17k,fitz_30967c04d61caf234f5150895d965416,dark,5,benign
1,0.4462706446647644,1,fitzpatrick17k,fitz_29cec54fd4c616bcbc1b0eeb68d8f68b,medium,4,malignant
1,0.6534743309020996,1,fitzpatrick17k,fitz_d76810b768f47a4dd71bd933a3983c1e,light,2,malignant
1,0.4932050406932831,1,fitzpatrick17k,fitz_a613f7932b3012eeff5ace8e062e5c05,light,2,malignant
0,0.57232266664505,1,fitzpatrick17k,fitz_64a2c06c717efdd527e83c760e89b5f3,light,2,benign
1,0.4038829207420349,1,fitzpatrick17k,fitz_6b8443f997a29f08833996007cf7b10d,light,1,malignant
0,0.47940918803215027,1,fitzpatrick17k,fitz_26bc3a48abf2b2bed3334174c1bfe390,dark,6,benign
0,0.4441359043121338,1,fitzpatrick17k,fitz_6c96911420383d81a0bbbaf15eb55b03,light,2,benign
1,0.7196791768074036,1,fitzpatrick17k,fitz_ffe6dea0a2fca93de83bb3172639eea0,medium,4,malignant
0,0.379858136177063,1,fitzpatrick17k,fitz_bf0ac1fa54c864abb0672fd6bab8722c,medium,4,benign
1,0.5941318273544312,1,fitzpatrick17k,fitz_c995745018525c980abe6c9ec79fb42a,light,2,malignant
1,0.6632537841796875,1,fitzpatrick17k,fitz_5b1b2120388f0014b62fc0eab94d3b05,light,2,malignant
1,0.4010191261768341,1,fitzpatrick17k,fitz_fe43366689261c8ccaff1e1ca87ddc05,medium,3,malignant
1,0.596154510974884,1,fitzpatrick17k,fitz_534efa4991400aa326f3ddadbe961225,light,1,malignant
0,0.5268768072128296,1,fitzpatrick17k,fitz_e6919d4f7cf524992736b9a0cb7b2589,medium,4,benign
0,0.42293888330459595,1,fitzpatrick17k,fitz_6acff072751ef8db15a4a16b92d810af,light,2,benign
1,0.4195196032524109,1,fitzpatrick17k,fitz_8cb31aa81fca4e58aad1a07e8e9a06ce,light,2,malignant
0,0.3468319773674011,1,fitzpatrick17k,fitz_c480d04a59d640c9bcb1379236cc4c0f,light,1,benign
0,0.3713166415691376,1,fitzpatrick17k,fitz_992b8fd6619e05bb8b1b492c880793ca,light,1,benign
0,0.16226153075695038,0,fitzpatrick17k,fitz_f7e5563617222a2c2e7c8451b0e2c342,light,1,benign
0,0.5486623048782349,1,fitzpatrick17k,fitz_cf29e2bb13454f7bfcc293b109eaa8af,light,1,benign
0,0.6257264018058777,1,fitzpatrick17k,fitz_22d133bafd416ca5867a862bd62314ce,dark,5,benign
1,0.7009067535400391,1,fitzpatrick17k,fitz_2082b550a0bc0991b03d5f89ad30ac02,light,2,malignant
0,0.3704071044921875,1,fitzpatrick17k,fitz_18e84c13afe6ace5617f450337a0ca6f,medium,3,benign
1,0.6285946369171143,1,fitzpatrick17k,fitz_6fba1ba992dd21cd3eaaf1ecacaf291d,light,2,malignant
0,0.5642523169517517,1,fitzpatrick17k,fitz_4e49ff569923f54e072b4617e0adc4a8,light,2,benign
0,0.5478156208992004,1,fitzpatrick17k,fitz_71cd9fda6742e7d9ace30aa8fa3a0f7a,light,2,benign
0,0.3510965406894684,1,fitzpatrick17k,fitz_a2c3f081bffa82baea1b7e6f75ab9525,medium,4,benign
0,0.544692873954773,1,fitzpatrick17k,fitz_691e993248f5ba98fc7be6bede8dc9ac,dark,6,benign
0,0.7380755543708801,1,fitzpatrick17k,fitz_6cc1fda21f970f561248aefa16c19054,light,2,benign
0,0.3600738048553467,1,fitzpatrick17k,fitz_63324b9995e84a5e20c3d46dec5b7a8b,light,1,benign
0,0.3227536082267761,1,fitzpatrick17k,fitz_1dd2cf4a2adee4232cbd3ebd285207c1,medium,4,benign
0,0.4182448387145996,1,fitzpatrick17k,fitz_32a5ecac69adc9fefc35ed907f5c03de,medium,4,benign
1,0.7049053311347961,1,fitzpatrick17k,fitz_4acf72bae41e9006b388309adb1b24ac,light,2,malignant
1,0.6714431047439575,1,fitzpatrick17k,fitz_402f0c0b3da52105897eadd247cb100e,light,1,malignant
0,0.7095456123352051,1,fitzpatrick17k,fitz_f63c03528b28521611282af085060357,dark,5,benign
0,0.5115841627120972,1,fitzpatrick17k,fitz_c0a5c449ab3d9164f7558370210dadfb,light,1,benign
1,0.7246776819229126,1,fitzpatrick17k,fitz_20ae00ff7ebdbc67170b2dc89b68320c,light,2,malignant
0,0.36424338817596436,1,fitzpatrick17k,fitz_81e193601fe87aaaec1668099ba682fb,light,1,benign
0,0.17459051311016083,0,fitzpatrick17k,fitz_512a383df35a52c0922976815409b5b6,light,1,benign
1,0.6977884769439697,1,fitzpatrick17k,fitz_d0b0400c882ead562db99693b7548504,medium,3,malignant
1,0.4873504936695099,1,fitzpatrick17k,fitz_8756c0cf6831bd5dadb7a2a50dcf4077,light,2,malignant
0,0.6979001760482788,1,fitzpatrick17k,fitz_9c68be8dbad590f9ec5a16ed4e397c73,light,2,benign
0,0.569725513458252,1,fitzpatrick17k,fitz_3954d049ce44ed421557ccb89fd97f05,dark,5,benign
0,0.5105054378509521,1,fitzpatrick17k,fitz_40b19a32bbb16d53c40fa6a93b8dc365,medium,3,benign
0,0.5911917090415955,1,fitzpatrick17k,fitz_dec811bc9afafa9d870960fc31a1d11d,light,1,benign
0,0.685032308101654,1,fitzpatrick17k,fitz_deb34f3851453cae8bcfee01d736507d,light,1,benign
0,0.35717764496803284,1,fitzpatrick17k,fitz_b9e384f23afb5f3b9312668aebfc342f,light,1,benign
1,0.6804676651954651,1,fitzpatrick17k,fitz_57f13ecd96dc2ccf73b4ccb9981a91c7,light,2,malignant
0,0.5135644674301147,1,fitzpatrick17k,fitz_a6629479087e41f75d104e0a0fe4e129,light,2,benign
1,0.7060853242874146,1,fitzpatrick17k,fitz_226e024f7a2e67c70cd8e51fdd4edf33,light,1,malignant
0,0.5102788805961609,1,fitzpatrick17k,fitz_017731f46a60567c77932a12200ebfe4,medium,3,benign
1,0.45344430208206177,1,fitzpatrick17k,fitz_e2881d63260ae0e2dc9d4269a9e349af,light,2,malignant
0,0.3878132700920105,1,fitzpatrick17k,fitz_47c4f6c14eb53f09cd583b4b51356415,light,1,benign
1,0.5955192446708679,1,fitzpatrick17k,fitz_766c1d5852612dda5de7a1ba853e9489,dark,5,malignant
0,0.32451942563056946,1,fitzpatrick17k,fitz_1f0c390a0fdc638536ab51f14d6a359c,light,2,benign
1,0.5798162221908569,1,fitzpatrick17k,fitz_835a931b5ddf66e9b58b47421a8c4dad,medium,4,malignant
0,0.49992835521698,1,fitzpatrick17k,fitz_968e1a5756f64d872387e90182a2babf,medium,4,benign
1,0.6117112636566162,1,fitzpatrick17k,fitz_cb7085277de61ca9601240e2c242f902,light,2,malignant
0,0.5864609479904175,1,fitzpatrick17k,fitz_cbbe4cd020233738da525e18a670e6c4,dark,5,benign
0,0.6451750993728638,1,fitzpatrick17k,fitz_4d11c36b249cfebffe516998f9c6db31,light,2,benign
0,0.561331033706665,1,fitzpatrick17k,fitz_c266c328e3f707dca7cad2ae8d3f943c,medium,3,benign
0,0.7031248807907104,1,fitzpatrick17k,fitz_7cadfa5af0ac596f76ab9fb727a8342a,medium,3,benign
0,0.4994848370552063,1,fitzpatrick17k,fitz_1a3485252a20ba5b11e3958881f21b4e,light,2,benign
1,0.5963630676269531,1,fitzpatrick17k,fitz_507263a5f78fa973dc27c6cee096a1bc,medium,3,malignant
0,0.6139914393424988,1,fitzpatrick17k,fitz_c1a0622f697e17d1b26104154e356392,medium,3,benign
1,0.6545408964157104,1,fitzpatrick17k,fitz_4f8b6125a70eca2c31388cf3a8c4f203,medium,3,malignant
1,0.5607814192771912,1,fitzpatrick17k,fitz_9d2baec802586776659837f2ec7c8116,light,1,malignant
0,0.28261616826057434,1,fitzpatrick17k,fitz_48587a48c8d3a3e1d8e47d9e1bf299c3,light,2,benign
1,0.6653675436973572,1,fitzpatrick17k,fitz_11ff0a5d68ae06faa047fe33425b6953,dark,6,malignant
0,0.41064271330833435,1,fitzpatrick17k,fitz_8adbab80b2c0fd475a0cdd1c719eca09,light,2,benign
1,0.7284542918205261,1,fitzpatrick17k,fitz_658e06cda94514a21bb7610f49f525cb,light,2,malignant
1,0.47545313835144043,1,fitzpatrick17k,fitz_6bf57a76e354ce35747a5e1821ff40dc,medium,4,malignant
1,0.4675361216068268,1,fitzpatrick17k,fitz_af64b98b5de693db79b9ff3c008fbd33,light,1,malignant
1,0.5950799584388733,1,fitzpatrick17k,fitz_150bf177206b9ff86140d5348df29865,light,2,malignant
0,0.28049951791763306,1,fitzpatrick17k,fitz_2b4b333c4f4855287bbe54275eac65be,medium,3,benign
0,0.3595729470252991,1,fitzpatrick17k,fitz_d235616b62083b9380e5336616ac6979,light,1,benign
1,0.6223889589309692,1,fitzpatrick17k,fitz_57e6b7c7279cc0006c1579a7914b6400,light,2,malignant
0,0.54464191198349,1,fitzpatrick17k,fitz_6e8e9409b9996913fdaffe8676b0275a,dark,6,benign
1,0.711365818977356,1,fitzpatrick17k,fitz_c49be844e844170282008d3f5001b389,medium,4,malignant
0,0.5626348853111267,1,fitzpatrick17k,fitz_45c2f95cb90f2634e7e699c3e558a208,light,2,benign
0,0.4811333417892456,1,fitzpatrick17k,fitz_deb6420ba366911b072f981dfd96c358,light,1,benign
0,0.5529434680938721,1,fitzpatrick17k,fitz_cbce0a9f9ef16752dc6ac47637b0748f,light,2,benign
0,0.4917483925819397,1,fitzpatrick17k,fitz_37da794ff30e33b060b401faa6d71abd,light,2,benign
1,0.481741726398468,1,fitzpatrick17k,fitz_144b47a186b5bccf1225c6cb43a6e903,medium,3,malignant
0,0.4308522939682007,1,fitzpatrick17k,fitz_2fdf3a80febe2b3798042234bfc2dec5,medium,4,benign
1,0.7095981240272522,1,fitzpatrick17k,fitz_78c42deb84b93e5f0e633d88a3f37333,medium,3,malignant
1,0.6939491629600525,1,fitzpatrick17k,fitz_be96f6317def92f5e2464c84ebda5b50,light,2,malignant
1,0.6134393215179443,1,fitzpatrick17k,fitz_dd1d61f452b3cef90fff6d200ad675a5,light,2,malignant
1,0.698710024356842,1,fitzpatrick17k,fitz_567224dca06e7f3fa5ec45ee4745a4e1,medium,3,malignant
0,0.5523018836975098,1,fitzpatrick17k,fitz_3f074f63188f1b880a62c9b6bf81aea7,light,1,benign
0,0.4784802198410034,1,fitzpatrick17k,fitz_b9003d4355ccd18cfc28e1136f391468,light,1,benign
1,0.22004519402980804,1,fitzpatrick17k,fitz_ef4f1ca88203040e47389f10e59a3228,light,1,malignant
0,0.47668856382369995,1,fitzpatrick17k,fitz_f96e302b371899614ea395fb14e26615,medium,4,benign
0,0.46671009063720703,1,fitzpatrick17k,fitz_29addfb46a8afdc90a5d864dd2af895e,dark,6,benign
1,0.731331467628479,1,fitzpatrick17k,fitz_6cdf26807d52792218193f5bce1a8567,light,1,malignant
1,0.6196313500404358,1,fitzpatrick17k,fitz_a60800f82f6a2588e2cf624ad64f2db1,medium,3,malignant
0,0.5314611792564392,1,fitzpatrick17k,fitz_dea8f4fc4ec290d3bc9b5b0977bdf880,medium,4,benign
1,0.4980948269367218,1,fitzpatrick17k,fitz_6d6143ed759a187ffe9907e2ef15dfb2,light,2,malignant
1,0.44850242137908936,1,fitzpatrick17k,fitz_78710cb06fd6e3d4147fc1c7ebb2f4a3,light,2,malignant
1,0.5708292722702026,1,fitzpatrick17k,fitz_8211416ba87e05e21bb976d6852b38a7,light,2,malignant
0,0.5004754066467285,1,fitzpatrick17k,fitz_9ed56bccd586abaa9c3854c98eeb2c62,medium,3,benign
0,0.408896803855896,1,fitzpatrick17k,fitz_2742e7737c5151ba99b4b45a4a673cb8,medium,4,benign
1,0.6709219813346863,1,fitzpatrick17k,fitz_93865a1a5a50cb8ad39e08342132e125,light,2,malignant
1,0.6132082343101501,1,fitzpatrick17k,fitz_f34329eba4bb2a5eb9bdc7d2b9ae6fcb,light,1,malignant
0,0.4393603503704071,1,fitzpatrick17k,fitz_6aea696924bef3022f48e61353a4de8a,medium,4,benign
0,0.4507578909397125,1,fitzpatrick17k,fitz_db019be21b0b9773a97b4e996f9d14c9,medium,3,benign
1,0.5083578824996948,1,fitzpatrick17k,fitz_97daccbe6d587b298b2949cf1b0a3f21,light,1,malignant
0,0.3301953077316284,1,fitzpatrick17k,fitz_a87c6f398c7c3a24e8fa26a9fabceab3,medium,3,benign
0,0.5290552377700806,1,fitzpatrick17k,fitz_1dd06f10a962779a01ccae641e1c7e42,medium,3,benign
1,0.6442567110061646,1,fitzpatrick17k,fitz_67964427e3d2fb4acf861c52e014ed60,medium,3,malignant
0,0.522330105304718,1,fitzpatrick17k,fitz_1e8e1f523ca089efdeffd0244eec6c85,light,2,benign
0,0.5509008765220642,1,fitzpatrick17k,fitz_000491af8dd4d739de520e8a68be7134,light,2,benign
0,0.6294552087783813,1,fitzpatrick17k,fitz_dcac9e6edc14ebee868dc5594984b9b9,light,1,benign
0,0.5564395785331726,1,fitzpatrick17k,fitz_7afa54de24636d123243c6cbd6182f03,light,2,benign
0,0.5120344161987305,1,fitzpatrick17k,fitz_13aa381871e7b7acd8bd340db1e99e45,light,2,benign
1,0.4941527247428894,1,fitzpatrick17k,fitz_8fd4442a2491ef4fe8d17e59a9e15510,light,2,malignant
0,0.31024521589279175,1,fitzpatrick17k,fitz_7416ac98f1df80ca504dad0aa39a0476,light,2,benign
0,0.5403131246566772,1,fitzpatrick17k,fitz_374d3ae5b810686437778c5df9133448,dark,6,benign
0,0.42734360694885254,1,fitzpatrick17k,fitz_63b6094e083862d617afe313c4aa9f1f,light,1,benign
0,0.48093682527542114,1,fitzpatrick17k,fitz_02fd9e1b56e0c3adae18233f430f2fea,dark,5,benign
1,0.6050347089767456,1,fitzpatrick17k,fitz_28afda98cfe6e58e76e1e011b7424f7c,light,1,malignant
0,0.5495417714118958,1,fitzpatrick17k,fitz_20f4aab1a014bc3c9b59bf0a36606800,light,1,benign
0,0.5410634875297546,1,fitzpatrick17k,fitz_f2525ecb0c3d7fe29904578c14f19faa,light,2,benign
1,0.5190467238426208,1,fitzpatrick17k,fitz_5064dcda8586eb8f2548b1bfce9de3c2,dark,5,malignant
0,0.5107796788215637,1,fitzpatrick17k,fitz_01bdae4afd554469a8803cca0722a539,light,2,benign
1,0.5405848622322083,1,fitzpatrick17k,fitz_a8520cd85f68ff2903eb41873717e092,light,2,malignant
1,0.7610464692115784,1,fitzpatrick17k,fitz_81614ef48a63119af1349a28cc86a2af,light,2,malignant
1,0.5574008226394653,1,fitzpatrick17k,fitz_52b87171653545584807c202b61fcbdd,medium,4,malignant
0,0.47845086455345154,1,fitzpatrick17k,fitz_1f16657e4ee6215c8d59e9c4553011ec,medium,3,benign
1,0.6612832546234131,1,fitzpatrick17k,fitz_e6dfb932c732b2bfb9e81a0922b54531,light,2,malignant
1,0.4292748272418976,1,fitzpatrick17k,fitz_c3311f93b2393069480a7d54b42b75c0,light,2,malignant
0,0.7402442097663879,1,fitzpatrick17k,fitz_28b50c74740af1b28882069776a49205,light,2,benign
1,0.5206568241119385,1,fitzpatrick17k,fitz_31cb26b7b57b0b6cd4e587861f803d33,medium,4,malignant
1,0.502434492111206,1,fitzpatrick17k,fitz_0f9899775f4ce2efa31ae2704361db38,light,2,malignant
1,0.433706134557724,1,fitzpatrick17k,fitz_f5d4119aa4334fce797396a081e0686d,light,2,malignant
0,0.4705857038497925,1,fitzpatrick17k,fitz_7eed6c3d51ce94323ff397f86d9b5c70,light,2,benign
1,0.6544344425201416,1,fitzpatrick17k,fitz_6472c26e82d307a0929503604f91bcac,light,2,malignant
0,0.5507616996765137,1,fitzpatrick17k,fitz_369c2cd28465c877364ccbc5cadd1a6c,light,2,benign
0,0.4423750638961792,1,fitzpatrick17k,fitz_0a8d57f06114ff087d106c7137520927,light,2,benign
1,0.5085136890411377,1,fitzpatrick17k,fitz_bb4c4f16b2085489d499cc9e23ccf52e,medium,4,malignant
0,0.4982595443725586,1,fitzpatrick17k,fitz_9a049a3ca3f96ae3356d30d1486f7bef,dark,5,benign
0,0.5693235993385315,1,fitzpatrick17k,fitz_ea0bea34747c5755bdbb337d40abf3d2,light,2,benign
0,0.45749014616012573,1,fitzpatrick17k,fitz_e29dbcf1fed04e83e9bead565d00ed82,medium,3,benign
0,0.44714078307151794,1,fitzpatrick17k,fitz_03240a4e7050542683306c0f4e30f73f,medium,4,benign
0,0.4875636696815491,1,fitzpatrick17k,fitz_c95cc8c46c6788ad25c6e6b08e25a24d,medium,3,benign
0,0.31651824712753296,1,fitzpatrick17k,fitz_070456f5185739adcf48e829cc6d562d,light,2,benign
1,0.5246688723564148,1,fitzpatrick17k,fitz_07a0948ac4037dc426b60e96a750da32,medium,3,malignant
0,0.3880147933959961,1,fitzpatrick17k,fitz_adda27c176dd5d7830ec4f4466e9617d,light,1,benign
0,0.4668123126029968,1,fitzpatrick17k,fitz_3f226185baafb9808f99b79de8b7dd2a,light,1,benign
0,0.3610392212867737,1,fitzpatrick17k,fitz_05ce4f72f511f936743822e539ea8314,light,2,benign
0,0.6163734793663025,1,fitzpatrick17k,fitz_93d224f80491072157acdd9fa1dfc217,medium,4,benign
1,0.778240978717804,1,fitzpatrick17k,fitz_2537f560e93ab84301b020f3433c088f,light,1,malignant
0,0.6226130127906799,1,fitzpatrick17k,fitz_a97a4a9fbb51d6c960a8c2ece97e05a7,light,1,benign
0,0.3993830382823944,1,fitzpatrick17k,fitz_665b5d84c9558f03dd2c7764a9f1c93e,light,2,benign
1,0.6471085548400879,1,fitzpatrick17k,fitz_e72441b255003bc02d629502ab1a15b6,light,2,malignant
0,0.6845927238464355,1,fitzpatrick17k,fitz_2b4f1645df8d57f569cd59242eab6bff,light,2,benign
1,0.6677402853965759,1,fitzpatrick17k,fitz_9a7cea383c596b7969f945a20ca2f4d1,dark,5,malignant
0,0.4224540591239929,1,fitzpatrick17k,fitz_7c240ef9f5e1bf6b0ed299d7128c7fe0,medium,4,benign
0,0.5325592160224915,1,fitzpatrick17k,fitz_a655a59abef2fdb8d3f7b7ee5fa042a2,light,1,benign
1,0.6866819858551025,1,fitzpatrick17k,fitz_6d2fcc07e77392888a0b7b063bf56bbb,medium,4,malignant
0,0.37232640385627747,1,fitzpatrick17k,fitz_7c937cc7de6443f4ebbc149e0c75cf0c,medium,3,benign
0,0.5051296353340149,1,fitzpatrick17k,fitz_50cd18aba2ee68865f8ec0c033ac276f,light,1,benign
0,0.5311839580535889,1,fitzpatrick17k,fitz_8d06774261b4beba2b6e91ebd76e8981,light,2,benign
0,0.5424184203147888,1,fitzpatrick17k,fitz_7d2a7e3bc37f5854116fd0a1f9914932,light,2,benign
1,0.4662933945655823,1,fitzpatrick17k,fitz_b5a8be0c4808c2b192bed85fe0d5706e,medium,3,malignant
0,0.22142434120178223,1,fitzpatrick17k,fitz_6c5a2eadcae07743eb77945fadf0e7bd,medium,4,benign
0,0.49705320596694946,1,fitzpatrick17k,fitz_48915dd80fdc13f46015f6c62917a8dd,light,1,benign
1,0.6923119425773621,1,fitzpatrick17k,fitz_55f29d5e1fc765bc2f169bcce8578469,light,1,malignant
0,0.5585317611694336,1,fitzpatrick17k,fitz_3c2dd586fccdd274cfc512c8ec868123,light,2,benign
0,0.4897025227546692,1,fitzpatrick17k,fitz_eb24443c9a18e1f53b7de1e1feef9ec0,light,1,benign
0,0.4420336186885834,1,fitzpatrick17k,fitz_981a221101743fc1d21c84a02156b020,light,1,benign
0,0.47332507371902466,1,fitzpatrick17k,fitz_9d91e65ae2a4ed5e757c765a509b420d,light,1,benign
0,0.4564378261566162,1,fitzpatrick17k,fitz_47fa534561570e0404fe643803b513ee,dark,5,benign
1,0.6307023763656616,1,fitzpatrick17k,fitz_88f832ca8663565a1cc99507213b194d,light,2,malignant
1,0.4441796541213989,1,fitzpatrick17k,fitz_82d7c8ecba1bb065d7d0c0d807f8785e,light,2,malignant
1,0.5081160664558411,1,fitzpatrick17k,fitz_95189ee05b838eae30e5e28a3e2b28cc,medium,4,malignant
0,0.34071969985961914,1,fitzpatrick17k,fitz_a97031f102e5d927c019fd0568fa1acf,medium,4,benign
0,0.5171305537223816,1,fitzpatrick17k,fitz_45ac75a23af3859cbffa500b64e97631,light,1,benign
1,0.6020674705505371,1,fitzpatrick17k,fitz_e815861f140e305baf441814e6dbda48,dark,6,malignant
1,0.6131694316864014,1,fitzpatrick17k,fitz_883c52efe2de545e2907b2fd2d6653bb,medium,3,malignant
1,0.44264286756515503,1,fitzpatrick17k,fitz_d3115c9e887bb0db7ebab505c74e44d0,light,1,malignant
1,0.7182760238647461,1,fitzpatrick17k,fitz_ba7238a41b59c7c34af5702047039833,light,2,malignant
0,0.4926416277885437,1,fitzpatrick17k,fitz_d91f1961238599efad26aa8142fb196d,medium,3,benign
1,0.513495922088623,1,fitzpatrick17k,fitz_d0eea0ab5d1d2a33efea4e0257a03825,medium,4,malignant
0,0.6067625284194946,1,fitzpatrick17k,fitz_3693864fcaad69d5bd59f2c020ec125d,light,1,benign
0,0.4645942449569702,1,fitzpatrick17k,fitz_1075ebb39a95d6ac67ac900177f70357,light,1,benign
1,0.43812280893325806,1,fitzpatrick17k,fitz_7fd141e0b81e5573612d46472ec9fe52,light,2,malignant
0,0.6821143627166748,1,fitzpatrick17k,fitz_e857b88b3c330541c58dd22c418d01e3,light,2,benign
0,0.5072222352027893,1,fitzpatrick17k,fitz_d309e64d03dfb72ac6ec87d7c6c820e5,light,1,benign
0,0.6000565886497498,1,fitzpatrick17k,fitz_be8b6845068f1070f3052fb2e54cc48a,dark,5,benign
1,0.5198166966438293,1,fitzpatrick17k,fitz_024a737cf57eda5493e8cb30551b4e97,light,2,malignant
0,0.6219138503074646,1,fitzpatrick17k,fitz_21e5abcfc50bf608f15a0653418adc35,light,2,benign
0,0.46568313241004944,1,fitzpatrick17k,fitz_558c79ac06c4784ae50dc16f65ce131d,light,2,benign
0,0.3269268274307251,1,fitzpatrick17k,fitz_3b1ee7a7fee0c7a7fa2a8df126482542,light,2,benign
0,0.5186904072761536,1,fitzpatrick17k,fitz_ca1b4cfe143a7c562868c4055752595e,light,1,benign
1,0.6002733111381531,1,fitzpatrick17k,fitz_794ba49ce953ec987bee17a700f84f00,light,2,malignant
0,0.4286963641643524,1,fitzpatrick17k,fitz_d9ec09dd078d81bd9f7895e190b82f5e,light,1,benign
0,0.5212604999542236,1,fitzpatrick17k,fitz_3aff0fbb6bbf8f4367ece2f6d5980f3d,light,2,benign
1,0.6051825881004333,1,fitzpatrick17k,fitz_70b99a1005a08821fd9b9c48d7e8e698,dark,5,malignant
0,0.5689979791641235,1,fitzpatrick17k,fitz_edf5be93c4dbb5b36b91c5dcaaf51fb5,light,1,benign
0,0.529317319393158,1,fitzpatrick17k,fitz_f387cd4c71421fdceddeec985b93b376,light,2,benign
0,0.4738101661205292,1,fitzpatrick17k,fitz_d9e73408a74710b6a86230084ffb2c88,light,1,benign
1,0.712388813495636,1,fitzpatrick17k,fitz_ac09be61655dbfbe6f1cb239b4379522,light,1,malignant
0,0.5432563424110413,1,fitzpatrick17k,fitz_8599c9a4bf7feba4c8e1304c14177097,medium,3,benign
1,0.6274033188819885,1,fitzpatrick17k,fitz_3eed6692c19f3cbf19bf5a52192fdeb7,light,2,malignant
1,0.5135663747787476,1,fitzpatrick17k,fitz_0ae2c4aa7b6a3a133879f405331e9ebd,medium,4,malignant
0,0.6675156354904175,1,fitzpatrick17k,fitz_d6bf6b90ebc94bae2cc529263b6a14ad,light,1,benign
1,0.6642908453941345,1,fitzpatrick17k,fitz_45e35db618b244432264b132c2dc6c59,light,2,malignant
0,0.4161953926086426,1,fitzpatrick17k,fitz_98af0d36e19e7241678909a61d1d2fd7,medium,3,benign
0,0.9904155731201172,1,fitzpatrick17k,fitz_a3a2c2558d4c564276393b4096536c95,medium,3,benign
1,0.47496286034584045,1,fitzpatrick17k,fitz_05285a4b2c635374814704052379a29f,medium,3,malignant
1,0.6992762088775635,1,fitzpatrick17k,fitz_d1e31a0be5400f04814d975c6e6a30b5,light,2,malignant
0,0.45526257157325745,1,fitzpatrick17k,fitz_e4e34b900d74574638f5b57b533e9333,light,2,benign
1,0.5352604985237122,1,fitzpatrick17k,fitz_96861ac5c134a53d218efc9d7fbabe4d,light,2,malignant
0,0.45918044447898865,1,fitzpatrick17k,fitz_1a63bffa80b78fa0cbfd0ae6120acc96,light,1,benign
0,0.5290626287460327,1,fitzpatrick17k,fitz_689433a232b85e487ba0bf089792e374,medium,3,benign
1,0.7096326947212219,1,fitzpatrick17k,fitz_7738a1fedc6181dd976623470feaffd4,light,1,malignant
1,0.453931987285614,1,fitzpatrick17k,fitz_02471aab246d51496fb38fd8650e77f7,medium,4,malignant
0,0.37017926573753357,1,fitzpatrick17k,fitz_8ed3676bd07bd07da5bc8d653274e6d4,light,1,benign
0,0.5663846731185913,1,fitzpatrick17k,fitz_44805004d06cf19ce138a38055bd938e,light,2,benign
1,0.6374937891960144,1,fitzpatrick17k,fitz_032a4ac5c1a3a8a90f6e7aede2d1ab64,light,2,malignant
0,0.5200983881950378,1,fitzpatrick17k,fitz_bfc941f033368a818af29b3afebcb47b,medium,3,benign
0,0.4738926589488983,1,fitzpatrick17k,fitz_c8a80bba7fc2167ae764b4005891637b,medium,4,benign
0,0.5100375413894653,1,fitzpatrick17k,fitz_01011bb38480c92b637d4adc216122bd,medium,3,benign
1,0.4919563829898834,1,fitzpatrick17k,fitz_e0bea7f6fa7ff29c53055a7f5c8857d1,light,2,malignant
1,0.49931856989860535,1,fitzpatrick17k,fitz_af3c985f980b54b34337d08ee8b50d0d,medium,3,malignant
1,0.6134708523750305,1,fitzpatrick17k,fitz_e59bdb74a1a51eb25815b67ba3369f63,light,1,malignant
0,0.612427294254303,1,fitzpatrick17k,fitz_65bca080f82253ea14b5639e230720f3,light,2,benign
0,0.5671951174736023,1,fitzpatrick17k,fitz_d72dd26e7819c76d4b981611cc9649c6,light,1,benign
1,0.5389853119850159,1,fitzpatrick17k,fitz_818305b5990c64134e480814b182d382,light,2,malignant
0,0.538576066493988,1,fitzpatrick17k,fitz_a11c754f8e19c7a770d73878f86766b8,dark,5,benign
0,0.5260987877845764,1,fitzpatrick17k,fitz_879a89df97337da67a64ef5771537607,light,2,benign
0,0.4907117784023285,1,fitzpatrick17k,fitz_7242e9e489adf1b3891f562d7f01f82d,light,2,benign
0,0.3301580548286438,1,fitzpatrick17k,fitz_fca78d7bba60ea61c2d603988dfba0a8,medium,4,benign
1,0.5909798741340637,1,fitzpatrick17k,fitz_0ea04f0f86df742d1ab4850a61c888ba,medium,4,malignant
0,0.4554576873779297,1,fitzpatrick17k,fitz_cf595f8ad716daa2447b331588096236,light,2,benign
1,0.5943408608436584,1,fitzpatrick17k,fitz_2d49aa5627d63fd067eb6f705065dbe3,light,2,malignant
1,0.5828379988670349,1,fitzpatrick17k,fitz_435c6dd57e00851f452bbcb24b43f7dc,medium,4,malignant
1,0.29790541529655457,1,fitzpatrick17k,fitz_2c41b068641c862f5f26911422ffd78f,light,2,malignant
1,0.7430086731910706,1,fitzpatrick17k,fitz_6f168f004adff847d2b05768245ca582,light,2,malignant
1,0.7433344721794128,1,fitzpatrick17k,fitz_0ac16a51ecec3c5fc464706a72c81db2,light,1,malignant
1,0.7328109741210938,1,fitzpatrick17k,fitz_a1026872297e8c4f18b11cba25cc10c1,light,2,malignant
1,0.591821551322937,1,fitzpatrick17k,fitz_879ce3af2a8769225d4120980e850814,medium,4,malignant
0,0.5349220037460327,1,fitzpatrick17k,fitz_47ed54c4b4875313cbd6734c3e23e5e9,light,2,benign
1,0.696286678314209,1,fitzpatrick17k,fitz_d3b9939064c421ace0141334ea2e4d89,medium,4,malignant
0,0.61955726146698,1,fitzpatrick17k,fitz_63b530d653923c1fa20cf2966cd689df,light,2,benign
0,0.5172088742256165,1,fitzpatrick17k,fitz_e18dc15aabfabf8052407d797a9957dc,light,1,benign
1,0.6059626936912537,1,fitzpatrick17k,fitz_71f2c726e38b6856536cc3bd62984b45,medium,4,malignant
0,0.4835394024848938,1,fitzpatrick17k,fitz_a97e96cf25c7b53568da1f4f98d16a07,medium,3,benign
0,0.48533669114112854,1,fitzpatrick17k,fitz_1e00469bdb63c78ec2ed2e686ce354cc,medium,3,benign
1,0.4525526463985443,1,fitzpatrick17k,fitz_3028c091dea3db00b7d5f01dce96268d,light,2,malignant
0,0.49272987246513367,1,fitzpatrick17k,fitz_cca5d4acebaa0dc8d0e9ad625084129f,light,2,benign
1,0.6649149060249329,1,fitzpatrick17k,fitz_b0cd8c1027cc87f02dadb783c347dabc,light,2,malignant
0,0.5431119203567505,1,fitzpatrick17k,fitz_674072f9b0ee7f475c04f1584861248d,medium,4,benign
1,0.48942166566848755,1,fitzpatrick17k,fitz_99ad0d41c91f4282f663613a92cd3bda,light,1,malignant
1,0.5859677195549011,1,fitzpatrick17k,fitz_ef5f848dedbd999c6b3f14e61a7f0a33,medium,3,malignant
1,0.4941732585430145,1,fitzpatrick17k,fitz_e252f2b2db0d6fde23d1bb4d02f4d899,dark,6,malignant
0,0.4607887864112854,1,fitzpatrick17k,fitz_38b19f575d5e46c94b5549e19fd48c9e,medium,4,benign
0,0.3966209888458252,1,fitzpatrick17k,fitz_0105674507be7e9c25586ed557604577,medium,3,benign
0,0.3731267750263214,1,fitzpatrick17k,fitz_b506b138e7eb2bd034f44b8fa3879ec1,medium,3,benign
1,0.5244359374046326,1,fitzpatrick17k,fitz_7df5463a7786a626532df1e434fcd90f,light,1,malignant
1,0.4733414947986603,1,fitzpatrick17k,fitz_a58fdf7caed5065862cc7a1045ac35dd,light,1,malignant
0,0.8067357540130615,1,fitzpatrick17k,fitz_1f86593be7ade70623c093be3b87919b,light,2,benign
0,0.4185492992401123,1,fitzpatrick17k,fitz_e0212a4120b4c576d7cfd63d4829b2cb,light,2,benign
0,0.6240705847740173,1,fitzpatrick17k,fitz_0869487b3f53ea6e3fe7c63017d0e94d,light,2,benign
0,0.5435883402824402,1,fitzpatrick17k,fitz_5d593c0b80c11c11b49d48af12490a10,light,2,benign
0,0.654790461063385,1,fitzpatrick17k,fitz_53db27b77dbd8f55b5f3cdcf3bfc19d3,light,2,benign
0,0.3686915338039398,1,fitzpatrick17k,fitz_bec65ff821a63dae71ce4e590b533ce7,medium,4,benign
0,0.3888980448246002,1,fitzpatrick17k,fitz_e750fc17a597bf4ecac3321dba9958af,medium,4,benign
0,0.7108345031738281,1,fitzpatrick17k,fitz_20020bfc288acba2db3230d2ed0cd7a2,medium,3,benign
0,0.5830526351928711,1,fitzpatrick17k,fitz_bfaf0814d12153586e5729f030bebac1,light,2,benign
0,0.4831866919994354,1,fitzpatrick17k,fitz_21115b22dca3c96c2328ce54fdf67649,medium,3,benign
0,0.47001489996910095,1,fitzpatrick17k,fitz_cb396b86f697003f998dd1dee8330e1e,light,2,benign
0,0.6000398993492126,1,fitzpatrick17k,fitz_9825636bbcd1662b43fda915077b2db0,light,2,benign
1,0.7559332847595215,1,fitzpatrick17k,fitz_ac3d360b3bf2d9b5b31dd8d60851c9f7,medium,4,malignant
0,0.30448904633522034,1,fitzpatrick17k,fitz_2452334ab72ff3c4f992619d45780ea4,light,2,benign
1,0.3870618939399719,1,fitzpatrick17k,fitz_7ae29c77630925f8a534d815f1559251,light,2,malignant
0,0.44210219383239746,1,fitzpatrick17k,fitz_931d34dec55210d6241da6b512f0110e,medium,4,benign
0,0.47507959604263306,1,fitzpatrick17k,fitz_7fa9516f572bf13cb7536fdcd6218c3e,medium,3,benign
1,0.4930044114589691,1,fitzpatrick17k,fitz_4fab663ca875d7ce04524182c53aa4cc,medium,3,malignant
1,0.35310178995132446,1,fitzpatrick17k,fitz_102765ff09884862ea2f911b29a9b14d,medium,3,malignant
1,0.5330007076263428,1,fitzpatrick17k,fitz_c3cd9180e228bbfdef3576ccbbf8ae9e,light,2,malignant
0,0.7513754963874817,1,fitzpatrick17k,fitz_dfa220a1804134e4e98fc54e088965e7,light,2,benign
0,0.6200910806655884,1,fitzpatrick17k,fitz_4f52c876e71625447ddc459a282de4bb,medium,4,benign
1,0.7102333307266235,1,fitzpatrick17k,fitz_71fc983e4c738a72a56725933d60edea,light,1,malignant
0,0.4377860128879547,1,fitzpatrick17k,fitz_fb820bfd85f420168b90a3d5431c3fa5,light,1,benign
0,0.32009437680244446,1,fitzpatrick17k,fitz_049a8b6765db34d6a05257c1fa2a275f,light,2,benign
1,0.7281948924064636,1,fitzpatrick17k,fitz_680723c15e799510719e37a957beff3e,light,2,malignant
0,0.618545413017273,1,fitzpatrick17k,fitz_e81aef708edd09ef8c7801f7316931af,medium,4,benign
1,0.45237380266189575,1,fitzpatrick17k,fitz_fa60f299be44300e85109f587aebfbb3,medium,3,malignant
0,0.6251046657562256,1,fitzpatrick17k,fitz_576d835921aceb16eea483aa84fc138a,medium,3,benign
0,0.6763878464698792,1,fitzpatrick17k,fitz_a7a5cd82ebb1724ae67c7b592419387c,light,2,benign
1,0.5021246075630188,1,fitzpatrick17k,fitz_2449ba4a799597725e0751b4bcec9566,light,1,malignant
0,0.48102134466171265,1,fitzpatrick17k,fitz_9843eb48ecc99f8ee336d6eb921ff213,medium,3,benign
1,0.4057755768299103,1,fitzpatrick17k,fitz_2c5bbb7a25f705c768c9f71b6ff6935c,light,2,malignant
1,0.511857271194458,1,fitzpatrick17k,fitz_1cf28107bbd82eebc64c7c395d711c2b,medium,4,malignant
0,0.2751487195491791,1,fitzpatrick17k,fitz_607a198d567608b557f782ab3381cddb,dark,5,benign
0,0.3493001461029053,1,fitzpatrick17k,fitz_e99959aa9c734497ad3baeeff0a3d082,light,2,benign
1,0.4714522361755371,1,fitzpatrick17k,fitz_acb264b31d70f98301b812a134879bbf,medium,4,malignant
0,0.43873894214630127,1,fitzpatrick17k,fitz_f12e453c8d27421600f237f74ce36d0d,light,2,benign
1,0.5628610253334045,1,fitzpatrick17k,fitz_528442cac3214e5f4785f78b1fcad0cc,medium,3,malignant
1,0.6200742125511169,1,fitzpatrick17k,fitz_231488499bc589c8b446af5197cc3478,light,1,malignant
1,0.5959223508834839,1,fitzpatrick17k,fitz_982fec2e9bea78824d6ad7cc77537faf,light,1,malignant
1,0.47735869884490967,1,fitzpatrick17k,fitz_758c500ff6ec8a726f5ae6175689d624,light,1,malignant
0,0.6927517652511597,1,fitzpatrick17k,fitz_c8ccabc4ae942fd1484e6572c8eed1da,light,2,benign
0,0.5262207388877869,1,fitzpatrick17k,fitz_c1f2f9f043578ac48b0005c61dafeb2a,medium,4,benign
0,0.5323358774185181,1,fitzpatrick17k,fitz_0aa30d3bb7ba6e84d25f71317a441ec9,medium,4,benign
0,0.5403065085411072,1,fitzpatrick17k,fitz_d6d9dded5b84fb82dc6573114f5c247d,light,2,benign
0,0.47249487042427063,1,fitzpatrick17k,fitz_66ed0fd38927716560993d5a76cb9589,light,1,benign
0,0.45039379596710205,1,fitzpatrick17k,fitz_e4590bf7630871cf82454a90833a1c79,medium,3,benign
0,0.5061347484588623,1,fitzpatrick17k,fitz_c47d15705664fe89f0579d4f23de33b9,light,2,benign
1,0.5649970173835754,1,fitzpatrick17k,fitz_758fa949e6381f4805608e85adedb165,light,2,malignant
1,0.48581013083457947,1,fitzpatrick17k,fitz_bb4b81539322373a7c18690bbb2a7db9,light,1,malignant
1,0.5027071833610535,1,fitzpatrick17k,fitz_d1d1edeb5a07c02ffdc028221beca93e,light,2,malignant
1,0.6264711022377014,1,fitzpatrick17k,fitz_c43518ab9959d77b63bf6b9eeab7611b,medium,3,malignant
1,0.698002815246582,1,fitzpatrick17k,fitz_83c748bcf5cad141cb48f5acd6851c78,light,1,malignant
0,0.4659090042114258,1,fitzpatrick17k,fitz_3e53c31b7ed75b74dd1fc69ea47b6ea9,light,2,benign
0,0.561414897441864,1,fitzpatrick17k,fitz_9670452bf052f8df369f9f7b541be934,medium,4,benign
0,0.4842391312122345,1,fitzpatrick17k,fitz_44216d85579ed13593238bc6bbcde91f,light,2,benign
0,0.5088632106781006,1,fitzpatrick17k,fitz_a5bc410e82a012af2db4ef88f2e7ed9e,light,1,benign
0,0.3656100332736969,1,fitzpatrick17k,fitz_60ae7de7f5e865370e8c79eb36b322ea,light,2,benign
1,0.5454743504524231,1,fitzpatrick17k,fitz_46b14e5f085c29e2754a035eb1612089,light,2,malignant
0,0.46214422583580017,1,fitzpatrick17k,fitz_55d60f568a6881980a9f4499389ac928,light,2,benign
1,0.6270904541015625,1,fitzpatrick17k,fitz_91303e9a22891104d787e7063c266924,light,2,malignant
0,0.4846447706222534,1,fitzpatrick17k,fitz_efef5dcc5edf244f92b30b8ac370d621,medium,3,benign
0,0.5193082690238953,1,fitzpatrick17k,fitz_d8999e963be6f4ade3cdf0903f894b05,dark,6,benign
1,0.5029095411300659,1,fitzpatrick17k,fitz_1b5084463501e9aa4d58856078f125e8,medium,4,malignant
0,0.6399361491203308,1,fitzpatrick17k,fitz_9a7c1451aa6d667b5b4dc11e243f40f5,light,2,benign
1,0.5493170022964478,1,fitzpatrick17k,fitz_c36abe2db70469f33b862a4c7757c2fe,light,2,malignant
0,0.5528600811958313,1,fitzpatrick17k,fitz_55da204d10b6db4127a8730bfeca2fac,dark,5,benign
1,0.5139724612236023,1,fitzpatrick17k,fitz_411f9076f8cd3106153147b5f072b467,medium,3,malignant
1,0.4323268532752991,1,fitzpatrick17k,fitz_3975cb19ffaee90ea9185c17b032c9a9,medium,3,malignant
1,0.2802767753601074,1,fitzpatrick17k,fitz_c8a01367c9e99d0c52319f7b18006ecc,light,2,malignant
0,0.5003370046615601,1,fitzpatrick17k,fitz_50799db07fc7492b6c15ff6d7bcaae1e,medium,3,benign
1,0.5009151697158813,1,fitzpatrick17k,fitz_ac04675f4d3943dfcfadd5284c60ef20,dark,5,malignant
1,0.5853745937347412,1,fitzpatrick17k,fitz_a4bd02ffa70ff94c6c0d4e8f3c412b81,medium,3,malignant
0,0.4337764382362366,1,fitzpatrick17k,fitz_9137ea65d2bd229138bca74744d7a5e8,light,1,benign
0,0.4655534327030182,1,fitzpatrick17k,fitz_f9d5cf0a6ab6630874a7950647af3223,light,2,benign
0,0.5471420288085938,1,fitzpatrick17k,fitz_47531d3d92305e77857724ec4b0c88eb,medium,3,benign
0,0.45242175459861755,1,fitzpatrick17k,fitz_a1d0d8b10e5a4a729c2a6c3fa580521a,dark,6,benign
1,0.3830361068248749,1,fitzpatrick17k,fitz_efbfcf372e15d12c1f9dfc60224da254,medium,3,malignant
0,0.5668056607246399,1,fitzpatrick17k,fitz_c34aa097fc66d6198e995023d6276699,medium,3,benign
1,0.5529852509498596,1,fitzpatrick17k,fitz_2946489f399844d725a42bfcad8f3a2f,medium,4,malignant
1,0.2782864570617676,1,fitzpatrick17k,fitz_039524bc942c488bb1571ab0eb85a50b,light,1,malignant
1,0.6031599640846252,1,fitzpatrick17k,fitz_c9a9e472488e0d3d62b1abda22bdec42,light,1,malignant
1,0.5186817049980164,1,fitzpatrick17k,fitz_ba50c75cb5701c4f29b7f662510fca0a,medium,4,malignant
0,0.49787038564682007,1,fitzpatrick17k,fitz_83026368073a72c2c61fb53bab7e50c8,light,2,benign
0,0.5814072489738464,1,fitzpatrick17k,fitz_776f208807f8517359cf81b2a6b3503b,medium,4,benign
1,0.6151152849197388,1,fitzpatrick17k,fitz_a07d58a0a2d13823ee977d0f2c399450,light,2,malignant
1,0.45533210039138794,1,fitzpatrick17k,fitz_5bec7b68c4b6e5c46953caf631a2cba8,light,1,malignant
0,0.3595057427883148,1,fitzpatrick17k,fitz_588ba57ac05647fd82650926624dedeb,medium,3,benign
0,0.43503180146217346,1,fitzpatrick17k,fitz_5a713d9ac757d0b15a9138d586ef874c,light,2,benign
1,0.41673097014427185,1,fitzpatrick17k,fitz_f57fd61023be3702826117b7d73faa79,light,2,malignant
1,0.5671508312225342,1,fitzpatrick17k,fitz_8e8674abd53e4d087da3798f478edb8c,light,1,malignant
1,0.47591039538383484,1,fitzpatrick17k,fitz_5755a2b781260a088445690aff068dbb,light,2,malignant
0,0.49078527092933655,1,fitzpatrick17k,fitz_9592684eb42a6fc366f9120d54d3e9ae,light,2,benign
0,0.36639705300331116,1,fitzpatrick17k,fitz_f4095624923113ae2ab74e01f50e99eb,light,1,benign
0,0.598002016544342,1,fitzpatrick17k,fitz_d282fff95c1391f1ba77f7ac8ccd990c,light,1,benign
1,0.5383187532424927,1,fitzpatrick17k,fitz_2579d2594790cb42b7e701c279c2cf91,light,1,malignant
0,0.5761722922325134,1,fitzpatrick17k,fitz_311075ac591e75494744c013ea4a94c6,medium,3,benign
1,0.5961642861366272,1,fitzpatrick17k,fitz_f15b404a3af7bc64ce3b9bd6398c5d59,medium,3,malignant
1,0.785142183303833,1,fitzpatrick17k,fitz_ebbc575f609b16ed95aee520b9feacf1,medium,3,malignant
1,0.5594021081924438,1,fitzpatrick17k,fitz_2b071d32641b1600bbbe60008331d726,medium,3,malignant
1,0.39556455612182617,1,fitzpatrick17k,fitz_aebfb4a4b7eaeb406195faf9c997a5ea,medium,3,malignant
0,0.5626055002212524,1,fitzpatrick17k,fitz_8d0c9b41c063aea231d076ae8602ce9d,medium,4,benign
0,0.3530755341053009,1,fitzpatrick17k,fitz_7351165c5359e4b8f65ea7f1ebd4abb9,medium,3,benign
0,0.6268036961555481,1,fitzpatrick17k,fitz_3e60a79f63ff990e70c1188d9c970360,light,2,benign
1,0.41453224420547485,1,fitzpatrick17k,fitz_d1630be09b8372b9740d7152b415055b,light,1,malignant
0,0.5143002271652222,1,fitzpatrick17k,fitz_1c2fd7b29de34a662845d6efd8df0a74,light,1,benign
1,0.4392175078392029,1,fitzpatrick17k,fitz_1bbb8898bb34295f884ba8d726809800,light,1,malignant
0,0.4392155706882477,1,fitzpatrick17k,fitz_c448800e477a0e559564ed545179ee83,light,1,benign
1,0.520706295967102,1,fitzpatrick17k,fitz_eafb972a77674171d9bc9d3f5e34b14f,light,1,malignant
1,0.5050486326217651,1,fitzpatrick17k,fitz_9a79f7e64ca44bf0f9bec4183925ae64,medium,3,malignant
0,0.48448824882507324,1,fitzpatrick17k,fitz_538f608a6224a5d949b97ac410f10726,medium,3,benign
1,0.6673682332038879,1,fitzpatrick17k,fitz_673c068053868490c15fefe7aad07b35,light,1,malignant
0,0.5361901521682739,1,fitzpatrick17k,fitz_e2230d55bbb010e0eb844ce2cdcbb821,light,1,benign
0,0.39595532417297363,1,fitzpatrick17k,fitz_4049f356db33c72f029d619fe35f6fc5,light,1,benign
1,0.3870711028575897,1,fitzpatrick17k,fitz_64e112de5812f865e4e279a69dabc2eb,light,2,malignant
1,0.4044339060783386,1,fitzpatrick17k,fitz_739c636d03d3257e003edc941272d68f,medium,3,malignant
0,0.512148380279541,1,fitzpatrick17k,fitz_883073ce8d62114e2d899443c0fbc9c7,light,1,benign
0,0.4768076241016388,1,fitzpatrick17k,fitz_5658d956fc167e1cfda3d1e9048c221c,light,1,benign
0,0.633226752281189,1,fitzpatrick17k,fitz_1dad27a2f77158b4c91a966aa35bb7b3,medium,4,benign
0,0.4518844783306122,1,fitzpatrick17k,fitz_e6ce104c084b62a546b68f034066f7f6,medium,4,benign
0,0.4924030601978302,1,fitzpatrick17k,fitz_d0a6a7731a9748730947b147b688426c,light,1,benign
0,0.48987239599227905,1,fitzpatrick17k,fitz_a71a6323af091b6aca412a60efed403f,dark,5,benign
0,0.4929005801677704,1,fitzpatrick17k,fitz_fe8966879f723dacd75eeec370d05907,light,2,benign
1,0.6040262579917908,1,fitzpatrick17k,fitz_fb8397ba14203f2442cb607bf6fd9fb7,light,2,malignant
0,0.6210429668426514,1,fitzpatrick17k,fitz_68ab661c67a4b66b621eb0845f0fcccf,medium,3,benign
1,0.47056305408477783,1,fitzpatrick17k,fitz_210c004c4901b708b12924c48dc463ee,dark,6,malignant
0,0.46783870458602905,1,fitzpatrick17k,fitz_805da8fa28da5d9bf276d1c29dde3098,light,1,benign
0,0.6340631246566772,1,fitzpatrick17k,fitz_43afc50b380e75961cc7fd286d2245c1,light,2,benign
0,0.5470464825630188,1,fitzpatrick17k,fitz_2c36e28f0782336104f6c0194d7b341a,light,1,benign
0,0.4359321892261505,1,fitzpatrick17k,fitz_e52b7a2a09b2c6958619bb9e4357abae,light,2,benign
0,0.4315178096294403,1,fitzpatrick17k,fitz_d686f900a49b13cf0c33720e6d6357e9,light,1,benign
0,0.6109269261360168,1,fitzpatrick17k,fitz_9a0d07c6fb153412607c195bb552f132,light,2,benign
0,0.5389671325683594,1,fitzpatrick17k,fitz_9939b401b3456a746a2a6f9038eb860a,dark,5,benign
1,0.6594058871269226,1,fitzpatrick17k,fitz_bf77bafaa320f244f2331ca466b96f50,light,2,malignant
0,0.47044607996940613,1,fitzpatrick17k,fitz_5ccf05669dea64a40943000cdb674b06,medium,3,benign
0,0.4444987177848816,1,fitzpatrick17k,fitz_639a003e0857847a59a4c381a2745717,light,2,benign
1,0.6476859450340271,1,fitzpatrick17k,fitz_cbe2462ea2735fda74acfb882295cad9,light,1,malignant
1,0.5878055095672607,1,fitzpatrick17k,fitz_6de49b7ddf64239e6768e317b4840cac,light,2,malignant
0,0.3775500953197479,1,fitzpatrick17k,fitz_3041e7e1be8d1c4c4eb6ac470e6ecb8f,medium,3,benign
0,0.7037801742553711,1,fitzpatrick17k,fitz_235c6d790fcb524141becab92804a2da,light,1,benign
0,0.42405614256858826,1,fitzpatrick17k,fitz_7c2e896784447d2a54d1328d5099803f,medium,4,benign
1,0.5141270756721497,1,fitzpatrick17k,fitz_d1e44dae2fef82c7ec509e1cee16590d,light,1,malignant
0,0.42770904302597046,1,fitzpatrick17k,fitz_f10e8db0da8109ca38912dcec52b779b,light,2,benign
1,0.660565197467804,1,fitzpatrick17k,fitz_0c0700fc7177d09e2df0c6658288cf8f,medium,3,malignant
1,0.43680527806282043,1,fitzpatrick17k,fitz_4ba7898548e5321a0f0c5a4a5317386b,medium,4,malignant
0,0.6930575966835022,1,fitzpatrick17k,fitz_c7c56128496340b59c604f3c5fabe1b9,light,2,benign
0,0.4556615948677063,1,fitzpatrick17k,fitz_94238b7bc1fa76e2fb7825d28a755453,dark,6,benign
1,0.47633737325668335,1,fitzpatrick17k,fitz_a0f2068e51347646de82f360a06f6d0c,light,2,malignant
0,0.5223738551139832,1,fitzpatrick17k,fitz_34becf085bc7a8e0a42fe577e90d10d9,light,2,benign
0,0.5336579084396362,1,fitzpatrick17k,fitz_2fb803247ab7e23e4cc616079c04afde,medium,3,benign
1,0.6044790148735046,1,fitzpatrick17k,fitz_1a89710358fd4ce6343f9420721fb584,medium,3,malignant
0,0.6743773221969604,1,fitzpatrick17k,fitz_fbb730f538bdc211c86150738a4c34b6,dark,5,benign
1,0.4028128385543823,1,fitzpatrick17k,fitz_30bae9dc94be3555620414cc46ff8d62,medium,3,malignant
0,0.4742186963558197,1,fitzpatrick17k,fitz_d5fb25d79f8b930793f1be5e98244a6c,light,2,benign
0,0.48878002166748047,1,fitzpatrick17k,fitz_a2e69b3c6fee28fcc613174973aa8ff2,medium,4,benign
0,0.40591323375701904,1,fitzpatrick17k,fitz_22bb9a02ca24e603e9ee6dfcf9298a9d,medium,3,benign
0,0.5233980417251587,1,fitzpatrick17k,fitz_d4d1b34e080afe191fa9cd18fd1830d4,light,2,benign
0,0.47154369950294495,1,fitzpatrick17k,fitz_8122d22b5c021372042307a9c1c6d854,medium,3,benign
0,0.6633782982826233,1,fitzpatrick17k,fitz_44c1dd906dfafb8e6df94aec18e42dfc,medium,4,benign
1,0.5107693076133728,1,fitzpatrick17k,fitz_d58998ebb0839c54404e9f55bf8a5d2a,light,2,malignant
0,0.45433780550956726,1,fitzpatrick17k,fitz_4ecda9f73f1d4d69b5c3505ee3f3f281,medium,3,benign
1,0.5609415173530579,1,fitzpatrick17k,fitz_7937e706bf8c198bad6f337ac0f1296c,light,2,malignant
0,0.4131990969181061,1,fitzpatrick17k,fitz_fbaac5a450479e6a19be1877f4b7f092,medium,4,benign
1,0.35480931401252747,1,fitzpatrick17k,fitz_e2578e85c48471e76706a9eb6f3ab16d,light,2,malignant
1,0.6341629028320312,1,fitzpatrick17k,fitz_ce8b4abaeb52e4499341e7c5ad2de039,light,1,malignant
1,0.6446884274482727,1,fitzpatrick17k,fitz_3d432adbde4445535a0d38ea18cf71ef,dark,5,malignant
0,0.4538601338863373,1,fitzpatrick17k,fitz_dd6b1892756433a699c8fea1e59f9b3e,light,1,benign
0,0.4797009229660034,1,fitzpatrick17k,fitz_c79925b8fcd8df572908b0c6b536d8b8,medium,3,benign
1,0.6181817054748535,1,fitzpatrick17k,fitz_f4691ed2d1bddd01e929272db72e22c4,light,1,malignant
0,0.46004560589790344,1,fitzpatrick17k,fitz_5c4e0ab9e275d3e6c4dd52a0b9030b75,light,2,benign
0,0.5057300925254822,1,fitzpatrick17k,fitz_dedb8abbde6b5585d6277ffa2f7d8ce3,medium,4,benign
1,0.4791605472564697,1,fitzpatrick17k,fitz_132fe9a3f576acc03bfd96ccd4b43783,light,2,malignant
0,0.5403586626052856,1,fitzpatrick17k,fitz_1f9fe1370af69d7a3b059a99988ea84b,dark,5,benign
0,0.5547208786010742,1,fitzpatrick17k,fitz_fbb98f8b8eaa78dc6892126ba97c76f9,light,1,benign
1,0.7056772112846375,1,fitzpatrick17k,fitz_b822f042c5ff575ac4f2d49684f8eff8,light,2,malignant
1,0.5887483954429626,1,fitzpatrick17k,fitz_701ef9d6cfb1c845baa969eb5d49e58e,light,1,malignant
0,0.4918535649776459,1,fitzpatrick17k,fitz_a0ebb440843d78cce595cbd25434c5ad,medium,3,benign
1,0.7149503827095032,1,fitzpatrick17k,fitz_7d04fa6a4c45e5922a23c20145741c3b,medium,3,malignant
0,0.48730310797691345,1,fitzpatrick17k,fitz_7aed3e745e8ed103013059839577b80c,medium,3,benign
1,0.6066738367080688,1,fitzpatrick17k,fitz_4ce7ce893e106e74c0be70b7e3190355,medium,3,malignant
1,0.4532564878463745,1,fitzpatrick17k,fitz_2d937eacdf1f2480a9266e029a667494,light,1,malignant
0,0.48517417907714844,1,fitzpatrick17k,fitz_29aa46d59dd3a07dc1381069b6ffef24,medium,3,benign
1,0.6020421981811523,1,fitzpatrick17k,fitz_2ddc13cb0aad47b2dda40db94427db99,light,2,malignant
0,0.636894702911377,1,fitzpatrick17k,fitz_e60b158b97eac7bce6d3606402aaea9e,dark,6,benign
1,0.6087645888328552,1,fitzpatrick17k,fitz_78343dddb07ad557d7171a3078a6b6ff,light,2,malignant
0,0.13827335834503174,0,fitzpatrick17k,fitz_0d08ee004ffd0b0cdfbde5742805e280,light,2,benign
0,0.2874153256416321,1,fitzpatrick17k,fitz_6f14b7d091a6e0108b1b5d8ecc8e9d07,medium,3,benign
0,0.4148969054222107,1,fitzpatrick17k,fitz_4bb9b9c7ffb630e640c49511b856dfbf,dark,6,benign
0,0.5250818133354187,1,fitzpatrick17k,fitz_5dca9123f89a11792605a94077d0ad64,light,1,benign
0,0.6810106039047241,1,fitzpatrick17k,fitz_021be051ebe558ea89ee253538392a5a,medium,4,benign
0,0.4012658894062042,1,fitzpatrick17k,fitz_36df9f6b3e37b31fa3a4b7f2cc7e6aec,medium,4,benign
0,0.34359410405158997,1,fitzpatrick17k,fitz_72bfb8a2c7827e0e557fcabca1ddd0f5,dark,5,benign
1,0.4286184310913086,1,fitzpatrick17k,fitz_9b038a697c4765357a6bacefa1096f68,medium,3,malignant
1,0.5878913998603821,1,fitzpatrick17k,fitz_37b1200de998bfad315d19e66e9146d5,light,2,malignant
0,0.34856951236724854,1,fitzpatrick17k,fitz_cc44092ca212395a910885d64c77ea69,medium,3,benign
0,0.7300845980644226,1,fitzpatrick17k,fitz_a849e24d8c47b80f4e169839806e8c1f,light,2,benign
0,0.3389909565448761,1,fitzpatrick17k,fitz_e0293818892242e6bd9f30c580a71bc0,light,1,benign
0,0.3069356679916382,1,fitzpatrick17k,fitz_5e724269c8b2ef45f05263dae69c4db7,light,2,benign
1,0.5506600737571716,1,fitzpatrick17k,fitz_cda40e7e52d709b9957dcf5d2b016601,light,2,malignant
0,0.4932926893234253,1,fitzpatrick17k,fitz_8448465e199de9bce2662cf133c703e8,medium,4,benign
1,0.4809228777885437,1,fitzpatrick17k,fitz_fe0d2dc62e748e2c76e42c39eff71108,medium,3,malignant
0,0.47105756402015686,1,fitzpatrick17k,fitz_b024e423de295d22a5f5504c396b6325,medium,4,benign
0,0.6489693522453308,1,fitzpatrick17k,fitz_af3461ddd71b9e67eae813a6e68b013e,light,1,benign
1,0.4400499165058136,1,fitzpatrick17k,fitz_7775a597ee681b47cd1b0aff8a72f2c5,light,2,malignant
1,0.5636842250823975,1,fitzpatrick17k,fitz_b582f9ec2a329edfbe814680a81a0354,light,2,malignant
1,0.5707636475563049,1,fitzpatrick17k,fitz_4adb2fa80fc1b77fdf523e07c395084f,light,2,malignant
1,0.5338995456695557,1,fitzpatrick17k,fitz_a20fb796843188fa92dd9a1553926be3,medium,3,malignant
1,0.4151551425457001,1,fitzpatrick17k,fitz_dd43abce22fa616ad8f39ba85461b9ce,light,2,malignant
1,0.5340408086776733,1,fitzpatrick17k,fitz_12fee8f83ba4accfc58f4dc964a2b7cc,light,1,malignant
0,0.5247308611869812,1,fitzpatrick17k,fitz_5f521d58de1d2d361306a0f3a73f8f7b,light,2,benign
1,0.4217882752418518,1,fitzpatrick17k,fitz_eb8fc90c6716f948a533986727bca286,light,1,malignant
1,0.656222939491272,1,fitzpatrick17k,fitz_e3570140da5abcabac462fb41a89d622,light,2,malignant
1,0.6147361993789673,1,fitzpatrick17k,fitz_b913934059b41d32282034a891466afb,light,1,malignant
1,0.69859379529953,1,fitzpatrick17k,fitz_c8adb004ca533f6be5fb1a83acc7515e,light,1,malignant
0,0.5144349932670593,1,fitzpatrick17k,fitz_cab0246d3889cd8fa48a0c86060bd021,light,1,benign
0,0.4599369466304779,1,fitzpatrick17k,fitz_5dc6c73401a44fc7c951442c6a08922d,light,2,benign
1,0.25412899255752563,1,fitzpatrick17k,fitz_8c2012b040cd3002296fb71f345262cb,light,2,malignant
1,0.5416033864021301,1,fitzpatrick17k,fitz_4e8cd3941081738f8f1405aa9b7399ef,light,2,malignant
0,0.5028626918792725,1,fitzpatrick17k,fitz_1a7e81f08fdff9aa29da7f4e7886071c,medium,3,benign
1,0.7521530389785767,1,fitzpatrick17k,fitz_30421ab67894a095c7cf3d059dd4d977,light,1,malignant
0,0.44422587752342224,1,fitzpatrick17k,fitz_c26a0f5a30bad891f6405687d4e3f52d,medium,4,benign
1,0.45656487345695496,1,fitzpatrick17k,fitz_6b8ac39e81cc6512d79d0edbf519a412,light,2,malignant
1,0.4628460109233856,1,fitzpatrick17k,fitz_8ea314195479001aaa5ce386c9f45433,light,2,malignant
1,0.7682525515556335,1,fitzpatrick17k,fitz_c11dc056d43c21dde17846610f0f89e8,light,1,malignant
1,0.7625975608825684,1,fitzpatrick17k,fitz_fb1bdac1d1c07f20dfadb740de7290f2,medium,3,malignant
1,0.6273196935653687,1,fitzpatrick17k,fitz_107e238a14ead26da7464917a6a5d8a3,medium,3,malignant
0,0.47985950112342834,1,fitzpatrick17k,fitz_a74e40413eee2a25700cdffa570ed681,medium,4,benign
0,0.5216255187988281,1,fitzpatrick17k,fitz_2c80528309aa066a38f56cb560565fa9,light,1,benign
1,0.63422030210495,1,fitzpatrick17k,fitz_4658f75d78bcfa7ee4ba67e24acf8289,medium,3,malignant
1,0.4316829442977905,1,fitzpatrick17k,fitz_5e01c679167124fe9b9af10354d084bf,light,2,malignant
0,0.25189241766929626,1,fitzpatrick17k,fitz_a5f5c76291cdb3a67df7ae34c59bb671,light,1,benign
1,0.6616100668907166,1,fitzpatrick17k,fitz_22517077a92297c9c87dced4121b1e00,light,1,malignant
1,0.6865439414978027,1,fitzpatrick17k,fitz_517c9627617ef9e5689e364ee5d88069,light,2,malignant
1,0.3871127665042877,1,fitzpatrick17k,fitz_560d811d545a9fc209e18c944dce1ccd,medium,3,malignant
0,0.35436591506004333,1,fitzpatrick17k,fitz_1b3454c802df9803cf3a6a789f768831,dark,5,benign
1,0.5783556699752808,1,fitzpatrick17k,fitz_de1ea15218edff0e29e0a0c4b18acef3,light,2,malignant
0,0.65700364112854,1,fitzpatrick17k,fitz_c98ac6d896cd630653360d1fb6db7ec4,medium,3,benign
0,0.552983820438385,1,fitzpatrick17k,fitz_b792c1b7fb1deb710c57dce38702ef1b,light,2,benign
0,0.24713395535945892,1,fitzpatrick17k,fitz_bfeede852aaa590eeae10fd7607163f9,medium,3,benign
1,0.4569716155529022,1,fitzpatrick17k,fitz_031906ece1abcde6af5ef82780ea3034,medium,4,malignant
0,0.5440270900726318,1,fitzpatrick17k,fitz_c013f780fcc95446fd9baec53323df4c,light,2,benign
0,0.6310447454452515,1,fitzpatrick17k,fitz_1d32cdc76c6a96585edac5421142bd9c,dark,5,benign
1,0.49974554777145386,1,fitzpatrick17k,fitz_9f6dc3d2e6fa911d2bed3b61f1617530,light,1,malignant
1,0.27169665694236755,1,fitzpatrick17k,fitz_0cc0fd8472aa74c53e538185f1ae0d78,light,2,malignant
0,0.6274821162223816,1,fitzpatrick17k,fitz_c901539859da65622100e8d4b32a097a,light,1,benign
1,0.7414581179618835,1,fitzpatrick17k,fitz_6d1ee7768124fde2d8543d38b23c25de,light,1,malignant
1,0.6022582054138184,1,fitzpatrick17k,fitz_07de514b4f31faf6c2130d08935d7fcf,medium,4,malignant
1,0.5672498345375061,1,fitzpatrick17k,fitz_3bf48f4f3fa396a775447b36bc8dd8f1,light,2,malignant
0,0.5055192708969116,1,fitzpatrick17k,fitz_ca6cb7c14cdaf2db71603dc7e3a7376d,light,2,benign
0,0.5511342883110046,1,fitzpatrick17k,fitz_6b88b2ba13040fd00a31046b5e4a35be,light,2,benign
0,0.17759239673614502,1,fitzpatrick17k,fitz_abbf5b950cc352f6b2e2b28d7c92586a,light,1,benign
1,0.5281494855880737,1,fitzpatrick17k,fitz_84993623f4cc766e19b092054f545f6b,light,1,malignant
0,0.5891808867454529,1,fitzpatrick17k,fitz_c6d22f32372b9e72cdb6dff5c8a3ba12,light,1,benign
1,0.5367088913917542,1,fitzpatrick17k,fitz_172f14659765abda1c123e9bb8c511c9,light,2,malignant
1,0.4462582767009735,1,fitzpatrick17k,fitz_717632d20df2589325f6769a45b0adc5,light,1,malignant
0,0.4825502932071686,1,fitzpatrick17k,fitz_9a059b2f0a0f92744d7aa5b9de31a012,light,1,benign
0,0.5938982963562012,1,fitzpatrick17k,fitz_83999ec4fd61583a9b63b648f2500d3d,light,2,benign
0,0.48465126752853394,1,fitzpatrick17k,fitz_fec1fe14f4173fef9f43d09d304cba1a,medium,4,benign
1,0.7120481729507446,1,fitzpatrick17k,fitz_f63bcee2007b22d4faa707508d819781,medium,3,malignant
1,0.5003888010978699,1,fitzpatrick17k,fitz_a1e1e7987bed1732f1fa29b1945e6cf0,medium,4,malignant
0,0.7074304223060608,1,fitzpatrick17k,fitz_f8625e6ba7ead84d5e9a283df868584d,light,1,benign
0,0.24533195793628693,1,fitzpatrick17k,fitz_de57971aa32de3ff172135c4e25fb151,medium,3,benign
0,0.501985490322113,1,fitzpatrick17k,fitz_d179c40d22cd63882c50c3631093bc5c,medium,3,benign
0,0.494945764541626,1,fitzpatrick17k,fitz_7da3f537fffb57d916c28cdcd8440c6e,light,2,benign
0,0.29486405849456787,1,fitzpatrick17k,fitz_747b8f949339f0b995a1d0203d2c3f31,light,2,benign
1,0.5447196364402771,1,fitzpatrick17k,fitz_f89b8b51403402eaf4e3c6cb0dc9c2ea,medium,4,malignant
0,0.5114521384239197,1,fitzpatrick17k,fitz_77bfb054621858f9296b9509bf765fc6,medium,3,benign
1,0.6285391449928284,1,fitzpatrick17k,fitz_60a66b9e5dba0b5aa3542b82d997b44c,light,1,malignant
0,0.4967156946659088,1,fitzpatrick17k,fitz_7781a3d68175a687b18a4693a4ee493f,medium,3,benign
0,0.45677080750465393,1,fitzpatrick17k,fitz_af142e6806d7bb05ad0b8885fb76f0ed,dark,5,benign
0,0.26937535405158997,1,fitzpatrick17k,fitz_b238c2c95a5d43395191097a5b46d1de,light,1,benign
1,0.44256895780563354,1,fitzpatrick17k,fitz_976bcb2a807e4e33e44c3c6631d4899b,medium,4,malignant
0,0.4461511969566345,1,fitzpatrick17k,fitz_585659f5deb7c18c4a6d62e3cc50b963,light,1,benign
0,0.4482156038284302,1,fitzpatrick17k,fitz_33ef5769218e5981286d0d1c136be28e,light,1,benign
0,0.39315733313560486,1,fitzpatrick17k,fitz_7fcf488081345e8e4a3b2e3636900f70,light,2,benign
0,0.48784714937210083,1,fitzpatrick17k,fitz_bb5e793db84e75f11674602f92e94691,light,2,benign
1,0.6521544456481934,1,fitzpatrick17k,fitz_f404798a84166b1a227fd71716ffd615,light,2,malignant
1,0.2893699109554291,1,fitzpatrick17k,fitz_2c31651c187a674f05bdf23b39f03fcd,light,2,malignant
1,0.40177497267723083,1,fitzpatrick17k,fitz_612f87b255a58ac9e4838ecefb21c522,medium,3,malignant
0,0.26665088534355164,1,fitzpatrick17k,fitz_16e80f17ef11a756637bf2cf8ef28737,dark,6,benign
0,0.44392454624176025,1,fitzpatrick17k,fitz_1f99d1d9dac6ce272a404c15ccb099c3,medium,4,benign
0,0.5416020154953003,1,fitzpatrick17k,fitz_053d3ca0ef98044bfeeb88daa63ec3c7,medium,3,benign
1,0.5737963318824768,1,fitzpatrick17k,fitz_25f84db5d3b6471d45db312ce9712dd9,medium,3,malignant
0,0.5250144600868225,1,fitzpatrick17k,fitz_2317f02daf84a995c5f519ce82ec9d83,medium,3,benign
1,0.6781688332557678,1,fitzpatrick17k,fitz_e36a4c4eec75df99bd208175e4279e50,dark,5,malignant
1,0.5584908723831177,1,fitzpatrick17k,fitz_0f5dc1d7b8e73e0b2df7bd1da6039dd0,light,2,malignant
0,0.32916560769081116,1,fitzpatrick17k,fitz_b6d24e57cd34b3d10f9e3ccc8028470a,light,2,benign
1,0.5022712349891663,1,fitzpatrick17k,fitz_17e506f1cde9d7898f116fd532c4e4a6,medium,3,malignant
0,0.5249260663986206,1,fitzpatrick17k,fitz_7c7ff88d51721bb41853055dcd07e5ca,medium,4,benign
0,0.557791531085968,1,fitzpatrick17k,fitz_aa15d4ecf572da8d248c36aec5361e75,light,1,benign
1,0.6447152495384216,1,fitzpatrick17k,fitz_4bae18a5cf6f2f211389b5d97f3fe840,light,1,malignant
0,0.33469927310943604,1,fitzpatrick17k,fitz_81affd3006c11138c4f983d662f60140,light,2,benign
1,0.6183786392211914,1,fitzpatrick17k,fitz_04619369ecec27c92b5f782adfd21b05,light,2,malignant
1,0.5696053504943848,1,fitzpatrick17k,fitz_45f5c6cb12848d9f739532be79f4e8ce,medium,3,malignant
0,0.2760070860385895,1,fitzpatrick17k,fitz_c3402424a6261aec7dcf2573a00d7b50,light,2,benign
1,0.4801134169101715,1,fitzpatrick17k,fitz_933d0bec414ae48099d9b072e0357900,medium,4,malignant
1,0.7610089778900146,1,fitzpatrick17k,fitz_5d489baa1594e92495ffc6efef85e3d6,light,2,malignant
1,0.44850870966911316,1,fitzpatrick17k,fitz_a4158b66a1435b2882c4075faa163c45,medium,3,malignant
0,0.4908179044723511,1,fitzpatrick17k,fitz_bb7427e9be69e945afe743ef0c158232,light,2,benign
0,0.5574814677238464,1,fitzpatrick17k,fitz_c7a2551b4696422a14b23dfd400c63a9,light,2,benign
0,0.6960530281066895,1,fitzpatrick17k,fitz_e7238e13d9c656ec499e7d419057248b,light,1,benign
0,0.4798847436904907,1,fitzpatrick17k,fitz_9d9cd27fb01fc4c95e699e3b26ab1e92,light,2,benign
0,0.5310798287391663,1,fitzpatrick17k,fitz_5ba8b780e042f1b8f79e53010df24d9f,light,1,benign
0,0.44255056977272034,1,fitzpatrick17k,fitz_53f2eadf5f293c90bb3cda5fb91ec1c5,dark,6,benign
1,0.5424190759658813,1,fitzpatrick17k,fitz_a2bcf7fd08383c3e53c08d9e7dade2b6,light,1,malignant
0,0.5728317499160767,1,fitzpatrick17k,fitz_1c9c52faf5ceda41ae02cf54427e1bd1,light,1,benign
0,0.6248195767402649,1,fitzpatrick17k,fitz_6393ad9b71c4dfb21aaca14808665845,light,2,benign
1,0.6440253257751465,1,fitzpatrick17k,fitz_4d4ba55545548d6dd95a8791fd75d675,medium,4,malignant
0,0.5057401061058044,1,fitzpatrick17k,fitz_f726e7c707da935deae29423bcdd7709,light,2,benign
0,0.49007123708724976,1,fitzpatrick17k,fitz_9adbcfa58e99480e403d8dd5ca4baa6b,medium,4,benign
1,0.23910732567310333,1,fitzpatrick17k,fitz_ee0ca09169187d556308c034caa9fda4,light,1,malignant
0,0.4438916742801666,1,fitzpatrick17k,fitz_e122dc6b87398b68b760d9779f08fe5a,light,2,benign
0,0.44857916235923767,1,fitzpatrick17k,fitz_1781d19d2d93b74fdf0af1bc261cc8a0,medium,4,benign
0,0.6948747038841248,1,fitzpatrick17k,fitz_0db67ec1711c7ab9d13c8fef53e527ea,light,2,benign
1,0.5253021121025085,1,fitzpatrick17k,fitz_d9ff106f9e37023b892152ad1c2b0f21,light,2,malignant
0,0.35324251651763916,1,fitzpatrick17k,fitz_63e0685973933ee91da246a5bfdb7877,medium,4,benign
0,0.6079546213150024,1,fitzpatrick17k,fitz_6f84d7e006c14c6446280a6a3775fb86,light,2,benign
0,0.4726018011569977,1,fitzpatrick17k,fitz_5f3f303f5dac233443df9861c72440ff,light,2,benign
0,0.4005174934864044,1,fitzpatrick17k,fitz_6db740415f2f34bfdc26df013e515d7a,light,1,benign
1,0.5680009126663208,1,fitzpatrick17k,fitz_31c42f79bb918fe1d8ef35b553e7d8cf,light,1,malignant
0,0.6857939958572388,1,fitzpatrick17k,fitz_44813e1ba162b2e5a2b80a5c0dc0983d,dark,5,benign
1,0.6701614856719971,1,fitzpatrick17k,fitz_c8a6962325692dfdd5db9428d46bfdb0,light,1,malignant
1,0.621354877948761,1,fitzpatrick17k,fitz_b45313d16aef94d526f315d96a4aaaa2,medium,4,malignant
1,0.6863303780555725,1,fitzpatrick17k,fitz_33f441f638fce62e18cd77ff583d6273,medium,3,malignant
1,0.5981830954551697,1,fitzpatrick17k,fitz_fb1feb5dbf0038eee9348a3740cef6f9,light,1,malignant
0,0.4639958143234253,1,fitzpatrick17k,fitz_43f3397b9b00052de41e58485e92a758,light,1,benign
1,0.37878578901290894,1,fitzpatrick17k,fitz_270a217e6e961cf405a4ad46a110ff69,light,1,malignant
1,0.5244621634483337,1,fitzpatrick17k,fitz_a663cd05b63451ccfa4e189eebc14ebc,dark,5,malignant
0,0.6269320845603943,1,fitzpatrick17k,fitz_7b1fda566d600244538515b8d2097ff8,medium,4,benign
1,0.5361478328704834,1,fitzpatrick17k,fitz_50a5b3518678c84fed613629a0fefeb3,light,1,malignant
0,0.4203955829143524,1,fitzpatrick17k,fitz_46940e7be3fbcb1942edcc0173cc23cf,medium,3,benign
0,0.47102412581443787,1,fitzpatrick17k,fitz_8f4f1531ee976e49209b8e15e64c99c7,medium,3,benign
1,0.39066967368125916,1,fitzpatrick17k,fitz_98c8c173707c296687a67fade1e0cc5b,medium,4,malignant
0,0.4545709192752838,1,fitzpatrick17k,fitz_59b00282fd6d4d371f11cc1f0e3e047e,medium,3,benign
0,0.33778753876686096,1,fitzpatrick17k,fitz_c503ea4bb8476f71196e6795d62ea344,medium,3,benign
1,0.6575804352760315,1,fitzpatrick17k,fitz_ae398e0d27c79b0c70ff15cd25d62ce6,light,1,malignant
0,0.48189109563827515,1,fitzpatrick17k,fitz_01c2ac227d0304e4d4c376799ef53c4b,medium,3,benign
1,0.7020240426063538,1,fitzpatrick17k,fitz_4eff46ba9c97e429dc688f530a4e5fbc,light,1,malignant
0,0.333667129278183,1,fitzpatrick17k,fitz_d40c3d4ac9bef4d6412474efa60c81ec,light,2,benign
0,0.5003554224967957,1,fitzpatrick17k,fitz_e175e74b64691df885e0cdb88f2858e5,medium,4,benign
1,0.7506188154220581,1,fitzpatrick17k,fitz_0e6bfff557daaf8554f3107d05cd921f,light,1,malignant
0,0.6349507570266724,1,fitzpatrick17k,fitz_a6cb40a0f3d23424ca15a8f5db6712e7,light,2,benign
0,0.3938283920288086,1,fitzpatrick17k,fitz_18ddfa2d48b0ea0d44aacc5db88d7186,medium,3,benign
1,0.5560207962989807,1,fitzpatrick17k,fitz_d42a9167697f7c1f6486a799fb863f17,light,1,malignant
0,0.5151617527008057,1,fitzpatrick17k,fitz_dedda38cbde4e4ddb6b5f880b77f784d,light,2,benign
0,0.4020331799983978,1,fitzpatrick17k,fitz_a4fbe129fc29a16cfe5dbc7d1fa483b8,light,2,benign
1,0.5802963376045227,1,fitzpatrick17k,fitz_8ef5d5a7bb6885ec41ec53df40fbfee7,light,2,malignant
1,0.4602711796760559,1,fitzpatrick17k,fitz_91c7a0ad483e2e2a7365ea7c6f395a01,medium,3,malignant
0,0.42724770307540894,1,fitzpatrick17k,fitz_301e6dcb22e76915c34f2136f007b0ab,light,2,benign
0,0.36080673336982727,1,fitzpatrick17k,fitz_83802e88242cfd016f8038b369688fd8,medium,3,benign
1,0.4847203493118286,1,fitzpatrick17k,fitz_aae985ea64da012e048edd7dbb75ec21,medium,3,malignant
0,0.35891005396842957,1,fitzpatrick17k,fitz_d7ecaeb5e44506cc5f7df224d70b61e6,light,2,benign
0,0.18714284896850586,1,fitzpatrick17k,fitz_d4a1703243d87643cd6528dc7f75ac34,light,2,benign
1,0.7421122789382935,1,fitzpatrick17k,fitz_4b64778ad3a274af138c1a4a269d0e69,light,2,malignant
0,0.5278540253639221,1,fitzpatrick17k,fitz_825fbd1357e25b4ae65ae961e69a0d56,light,1,benign
0,0.43398961424827576,1,fitzpatrick17k,fitz_153bd4dd84c53e3d7784f33817a41651,light,1,benign
0,0.5286659002304077,1,fitzpatrick17k,fitz_de30dcaeb1c6d29b4c1e6dacd1136e25,light,1,benign
0,0.4844738245010376,1,fitzpatrick17k,fitz_3fd5fa206a4b2d087e61f198540e4a0d,medium,3,benign
1,0.5336672067642212,1,fitzpatrick17k,fitz_562b67a1f3c45d79d1ac3bebbbbbbd5b,medium,4,malignant
0,0.48529553413391113,1,fitzpatrick17k,fitz_14a02745a9dd80aa993aaaf1c959e4b7,light,1,benign
0,0.5340162515640259,1,fitzpatrick17k,fitz_b5f1a2dd12b70470be98ed6311bd7a51,medium,4,benign
0,0.5272128582000732,1,fitzpatrick17k,fitz_5b2376021c7d2a348d7f39b32f18f708,medium,3,benign
0,0.22636502981185913,1,fitzpatrick17k,fitz_994a3c8b3e3d9ad1bb0ee8e4ad563e1d,light,2,benign
0,0.32479190826416016,1,fitzpatrick17k,fitz_f46a3de0be162ee4e28da54d299fc48d,light,1,benign
1,0.668624758720398,1,fitzpatrick17k,fitz_6cffc5468287dbcd08d253d0dd512dc5,medium,4,malignant
0,0.49440130591392517,1,fitzpatrick17k,fitz_e76e989e715f392a80b223b0236415e5,medium,3,benign
1,0.6726894378662109,1,fitzpatrick17k,fitz_890f8ca947e8942ed43555d7d527121f,light,1,malignant
0,0.39675062894821167,1,fitzpatrick17k,fitz_8b4cbcc0a52119f8303c15a0717427ff,medium,3,benign
1,0.5121229290962219,1,fitzpatrick17k,fitz_01753b8013e298aa27ca91ac721ee0a8,light,2,malignant
1,0.5494555830955505,1,fitzpatrick17k,fitz_59c5fd861d89b4a023e4df0fc57a9b59,light,2,malignant
0,0.27787622809410095,1,fitzpatrick17k,fitz_e6a45c2ef865dc688cce2fc05b934768,medium,3,benign
1,0.904899537563324,1,fitzpatrick17k,fitz_0adf95c81c80ef8b473022a203a0cb21,light,2,malignant
1,0.3629586696624756,1,fitzpatrick17k,fitz_2fd4888414963b05fe63544829295e3b,medium,3,malignant
1,0.5354581475257874,1,fitzpatrick17k,fitz_f5ef49a0de544750347a8516eb7bb3c1,medium,4,malignant
1,0.58921879529953,1,fitzpatrick17k,fitz_e89b0dc455f91346e87beb4fdda74b47,light,2,malignant
0,0.4703662693500519,1,fitzpatrick17k,fitz_fb0462eb170160565573de327d4739f7,medium,3,benign
0,0.5067412257194519,1,fitzpatrick17k,fitz_7b0fe4315a4fbe68d06edec56cb525b2,medium,3,benign
1,0.5709246397018433,1,fitzpatrick17k,fitz_43262c5ed7d5c29f9547e40f5bcac4fd,medium,4,malignant
1,0.5594022870063782,1,fitzpatrick17k,fitz_251b6e7df4611cfe99e630fa8fee79d9,light,2,malignant
0,0.4445040822029114,1,fitzpatrick17k,fitz_9eb1faadabd773e696ed9aab8ca49a33,light,2,benign
1,0.36701005697250366,1,fitzpatrick17k,fitz_c6e02651c6e15b52376ccfb095ee0509,light,1,malignant
1,0.6136325597763062,1,fitzpatrick17k,fitz_34f2d6c11c3118413a4e23bc1a6b8992,light,1,malignant
1,0.5529068112373352,1,fitzpatrick17k,fitz_b2b9e1cdf5ddb3859cbb6289928e7d3e,light,1,malignant
1,0.27772197127342224,1,fitzpatrick17k,fitz_5db6baeb795d5d142e810fa78651c0af,light,1,malignant
0,0.681670606136322,1,fitzpatrick17k,fitz_25953eccb17d10bc30915ce2a4a72afd,light,1,benign
1,0.42344361543655396,1,fitzpatrick17k,fitz_d6d689350675c0411798a943967ebf04,medium,4,malignant
0,0.4650789201259613,1,fitzpatrick17k,fitz_6c7e94f856c9d3cd52e643975d82d41d,light,2,benign
0,0.4424419701099396,1,fitzpatrick17k,fitz_0ee7316d0dd4ad139cc108e871b7676d,dark,5,benign
1,0.6858035326004028,1,fitzpatrick17k,fitz_8c39f641d7cc2d5df257143a854b28ad,light,2,malignant
1,0.6309829950332642,1,fitzpatrick17k,fitz_f40db09190bb66d881ced03d2d3c2d62,light,2,malignant
1,0.7967079281806946,1,fitzpatrick17k,fitz_22951972e56cf7574ccd1bbe6a45765a,light,1,malignant
0,0.43450602889060974,1,fitzpatrick17k,fitz_6f5982607821a7d3ed421e37447be61d,light,1,benign
1,0.4761005640029907,1,fitzpatrick17k,fitz_89a7fc0c590b8437dbf7554ce9676edb,light,2,malignant
0,0.5587843656539917,1,fitzpatrick17k,fitz_fb73a33eac130c13896bfb7494557226,light,2,benign
1,0.6088727712631226,1,fitzpatrick17k,fitz_cf7826024d17bb34a91a1ab10f490413,medium,3,malignant
1,0.5142863988876343,1,fitzpatrick17k,fitz_3bb40e7310c4c6dc1d1e59eb52551afd,light,2,malignant
0,0.5343464612960815,1,fitzpatrick17k,fitz_aacfab8570ae32beb4dbb2b744ccb6aa,light,2,benign
0,0.6390993595123291,1,fitzpatrick17k,fitz_f8fc75a657dab62d13cf045abb3f47e0,medium,3,benign
0,0.6629620790481567,1,fitzpatrick17k,fitz_e99ba7397c33ba169192ffdb25b66ccf,dark,5,benign
1,0.524726152420044,1,fitzpatrick17k,fitz_9fadcc6923aeb3c4063db94c21b548b9,dark,5,malignant
0,0.6655397415161133,1,fitzpatrick17k,fitz_2760e721c008be69252471dee9713631,light,2,benign
0,0.36457231640815735,1,fitzpatrick17k,fitz_b3c250240275794c80c63ea734ae7845,medium,4,benign
1,0.6907975673675537,1,fitzpatrick17k,fitz_ce356adb2c23ca1046541ca9011ab701,light,1,malignant
0,0.5685896873474121,1,fitzpatrick17k,fitz_cd7f993c744005f0dea757271c01bd71,medium,4,benign
1,0.6801033020019531,1,fitzpatrick17k,fitz_521773286f1d292e0cdcf5c1354fc0ea,medium,3,malignant
0,0.3484371602535248,1,fitzpatrick17k,fitz_51b542089596a4d122839b333b656871,light,1,benign
1,0.6209873557090759,1,fitzpatrick17k,fitz_97e6abb7e279b5ca10f72deb36e3f50d,light,2,malignant
1,0.5628657341003418,1,fitzpatrick17k,fitz_0fb1d0763eb4256754f7c7af5a65fdbb,light,1,malignant
0,0.2516595125198364,1,fitzpatrick17k,fitz_14bba0169bbbdf4da346446a745e8f12,light,1,benign
1,0.4065623879432678,1,fitzpatrick17k,fitz_d4b5ff78698e3951709d3975b9cd1fd5,light,2,malignant
0,0.520008385181427,1,fitzpatrick17k,fitz_39c8ef268c03ea7e728bb4f44032ddf2,medium,3,benign
0,0.4752246141433716,1,fitzpatrick17k,fitz_90fa799d39ac8cb17ea27790bb320a27,medium,3,benign
0,0.5890569686889648,1,fitzpatrick17k,fitz_bb2219d3bc5580392a94e18f4564e908,light,2,benign
0,0.6291253566741943,1,fitzpatrick17k,fitz_9b3edb045b76539b8920cf4b558a9bb0,light,2,benign
0,0.3947305381298065,1,fitzpatrick17k,fitz_6a6d66922e04f2d7088d5ca208af8238,light,1,benign
1,0.580643355846405,1,fitzpatrick17k,fitz_9fd62a1923f391578254a8b7c05229a9,light,1,malignant
1,0.599285364151001,1,fitzpatrick17k,fitz_ad5dfed3ee5a50f7e58d3b0af63c1d45,light,2,malignant
1,0.5234448909759521,1,fitzpatrick17k,fitz_b6d0b5d92783a7e1d273eeebd91a8bff,medium,3,malignant
1,0.551952064037323,1,fitzpatrick17k,fitz_b2dcd42e04260dcbd208c41b7b3d69ce,light,1,malignant
1,0.6399791240692139,1,fitzpatrick17k,fitz_1f8ce7c9eee7929c5f18fa64134f0551,light,2,malignant
1,0.5777487754821777,1,fitzpatrick17k,fitz_7ae07553e54194d86ee8dac84e470ff8,medium,3,malignant
0,0.5779554843902588,1,fitzpatrick17k,fitz_c1624edf0d27fe609cdec6d8793b0e77,medium,4,benign
0,0.4831511676311493,1,fitzpatrick17k,fitz_31d8ba6f0c4ee14ae2931cdd2695cab8,medium,4,benign
0,0.4771960377693176,1,fitzpatrick17k,fitz_0aa9487937bd2a75f34355e6886eeaf1,light,1,benign
0,0.5193577408790588,1,fitzpatrick17k,fitz_ccb6dcfdee3829ee6c8d4840665959ee,light,2,benign
0,0.4254198372364044,1,fitzpatrick17k,fitz_9360b4fb151ca5928e9f11a32cf60046,medium,3,benign
0,0.3759928047657013,1,fitzpatrick17k,fitz_8b9207f1125612191d2a54ceb68619dd,medium,3,benign
1,0.7582783102989197,1,fitzpatrick17k,fitz_8c310a5a6a25464a6b346f67ab06f1d4,light,2,malignant
0,0.5550463199615479,1,fitzpatrick17k,fitz_5ef7943d3caad43715f4bcc501d89a17,light,1,benign
1,0.3949301838874817,1,fitzpatrick17k,fitz_cb7f85053730567e1d4f863fb5f1bdc0,light,2,malignant
0,0.5172855854034424,1,fitzpatrick17k,fitz_b91c83b771f230c29cc22d034200bdae,light,1,benign
0,0.6778151988983154,1,fitzpatrick17k,fitz_d5d0521e54f4ea7e4d9f20004af9c36a,medium,3,benign
1,0.5228766798973083,1,fitzpatrick17k,fitz_2c658f5384d52f4c0943335694b10fc0,medium,3,malignant
0,0.46569836139678955,1,fitzpatrick17k,fitz_01390246dab3bff207a63cba3eb571e3,light,2,benign
1,0.5414326786994934,1,fitzpatrick17k,fitz_4fd9aba347052ec3f544e84cf38716b1,light,1,malignant
1,0.6756429076194763,1,fitzpatrick17k,fitz_1b41bb5cc9d7bf78cb3017b4bd4d6dab,light,1,malignant
1,0.7718532085418701,1,fitzpatrick17k,fitz_fd356daecf2740e664f15b74711d0c4c,light,2,malignant
0,0.675236165523529,1,fitzpatrick17k,fitz_47589b8fcc3ee4e1aba39ac7edf0d10d,medium,3,benign
0,0.5905459523200989,1,fitzpatrick17k,fitz_fdf9e531232ca542673622dd882eff14,light,2,benign
1,0.72251296043396,1,fitzpatrick17k,fitz_b689987ba3fa37e45f8c62f349f992a9,medium,4,malignant
0,0.5818003416061401,1,fitzpatrick17k,fitz_70723e21c1596cc31bbc3fbbed564bce,medium,3,benign
1,0.47787901759147644,1,fitzpatrick17k,fitz_6616522cf5d8912260a17e4d2061ae6a,light,2,malignant
1,0.585330069065094,1,fitzpatrick17k,fitz_3e53dd43521fc2ccaa2c6a95c8df3fa5,light,2,malignant
0,0.37045183777809143,1,fitzpatrick17k,fitz_6554ab2020d7c6844dd0ddb3afbbfeed,medium,4,benign
0,0.4204307198524475,1,fitzpatrick17k,fitz_eede40231585981a795f8da1c0d53ecd,light,1,benign
1,0.7225997447967529,1,fitzpatrick17k,fitz_dbb854f5cf3cc3ebf4912e860da2efc7,light,2,malignant
0,0.6509367227554321,1,fitzpatrick17k,fitz_22d83c95771d43a75085530f8f68ae89,medium,3,benign
0,0.48279446363449097,1,fitzpatrick17k,fitz_1c6a524b16ee5c5c460d3e9e3d7ce055,medium,3,benign
0,0.5883618593215942,1,fitzpatrick17k,fitz_556bb0b2109488c07f8935831b88017d,light,2,benign
0,0.44714775681495667,1,fitzpatrick17k,fitz_e7ecb18c1a03a96826c0d124744da08f,light,1,benign
0,0.3672589957714081,1,fitzpatrick17k,fitz_48cf483953e0275a096914b1723221c3,medium,3,benign
1,0.7218235731124878,1,fitzpatrick17k,fitz_71a7b35ef0e804f4dac01d3119be6748,light,1,malignant
0,0.5463316440582275,1,fitzpatrick17k,fitz_5102f7e00b3dd0381a0d9744a3ddf5b3,light,1,benign
0,0.6849752068519592,1,fitzpatrick17k,fitz_ce926e8153b5920e1529b6b11c5c3e86,medium,3,benign
0,0.5103514790534973,1,fitzpatrick17k,fitz_aafcb416a722ceeac9fbcf08d400fc40,medium,4,benign
1,0.6681721210479736,1,fitzpatrick17k,fitz_a46600f349cf11b5ce8661cabf178eb8,light,2,malignant
1,0.4788930118083954,1,fitzpatrick17k,fitz_cad0c1ba75e1aec69f532f699a56f8db,light,2,malignant
0,0.6509422659873962,1,fitzpatrick17k,fitz_158b0e4832f254123abef07ef0c6b014,light,1,benign
1,0.6074879169464111,1,fitzpatrick17k,fitz_cfe8d105a94caa9ff66ae4b2bae34d37,light,1,malignant
0,0.4553648829460144,1,fitzpatrick17k,fitz_34fab4bfd519c164775c8b50d3470ab7,medium,3,benign
1,0.5495102405548096,1,fitzpatrick17k,fitz_08c8a2a16296e358c839f3bbc79820ad,light,1,malignant
1,0.6852748990058899,1,fitzpatrick17k,fitz_782e232de169de8134de4ef7b2cf5b66,light,2,malignant
1,0.7088282108306885,1,fitzpatrick17k,fitz_ca0576226d9f883d99cd0df91d7ed685,dark,5,malignant
0,0.31853049993515015,1,fitzpatrick17k,fitz_e4ba0957015d8478e9a1974968a34b31,medium,3,benign
0,0.20908647775650024,1,fitzpatrick17k,fitz_99bc9a0acede1db1fa1a584cb8a4964a,light,2,benign
0,0.5097681879997253,1,fitzpatrick17k,fitz_98c75613c9a3b31816fe4e7840b4eb71,light,2,benign
1,0.5631338953971863,1,fitzpatrick17k,fitz_72bf4c07c8873dbf8d4b2c7ab5989853,light,1,malignant
0,0.4216582775115967,1,fitzpatrick17k,fitz_86043b13f9827619a75240c95ef49d7c,light,2,benign
0,0.20599687099456787,1,fitzpatrick17k,fitz_529a6cffdb3142103c2303ba6d45460e,light,2,benign
0,0.34866032004356384,1,fitzpatrick17k,fitz_f51aae6b3d3b76b975070baac2145672,dark,6,benign
0,0.6042270064353943,1,fitzpatrick17k,fitz_7d3a97da0d89868f3786e16cc9a68208,medium,3,benign
0,0.908997118473053,1,fitzpatrick17k,fitz_34b5d983d901815b931e28ee357ddf74,light,1,benign
1,0.42134329676628113,1,fitzpatrick17k,fitz_99a55ba343bf11c3a8e37beb8f023684,light,1,malignant
1,0.4981529116630554,1,fitzpatrick17k,fitz_db88650aad0641ca4353f14650d90f22,light,1,malignant
0,0.6489623188972473,1,fitzpatrick17k,fitz_246543db353657970f936168b06b31ea,light,2,benign
0,0.3730516731739044,1,fitzpatrick17k,fitz_b75e977621c3dd287504eee8a3facbd3,light,1,benign
1,0.5815377235412598,1,fitzpatrick17k,fitz_ad3486c397161bccdf780d2067a852cc,light,1,malignant
1,0.48852959275245667,1,fitzpatrick17k,fitz_be813befb6f1f53ce07c77838af159ea,medium,4,malignant
0,0.4733475148677826,1,fitzpatrick17k,fitz_5fa874b5fcba73713df72302a915df7c,light,2,benign
1,0.3824295699596405,1,fitzpatrick17k,fitz_c3758805959417fcc2d8e98a8483217f,light,1,malignant
0,0.3462904691696167,1,fitzpatrick17k,fitz_a4a41ecfe71f94927ec8c3bcebb5eb80,medium,3,benign
1,0.6120615601539612,1,fitzpatrick17k,fitz_0353409eed089c8165db5a968cf2c43f,medium,3,malignant
0,0.36521145701408386,1,fitzpatrick17k,fitz_a297fad2e3005f76c10cb860af41c19c,light,1,benign
1,0.5806940197944641,1,fitzpatrick17k,fitz_acfa64e67d3581bc2a1db0c5dcadf860,light,1,malignant
1,0.47982436418533325,1,fitzpatrick17k,fitz_4132a7e048d2d4c5f858423a66ae6b9d,light,2,malignant
0,0.46505987644195557,1,fitzpatrick17k,fitz_b2b4e078200e7efa153dfd27d4e2458a,medium,3,benign
0,0.45943450927734375,1,fitzpatrick17k,fitz_4b1f5f367ebc0d5207088d329d8eeee2,medium,4,benign
0,0.2864384055137634,1,fitzpatrick17k,fitz_145e13a479f0c026fcb0630d2f9d47b8,light,1,benign
0,0.7975515127182007,1,fitzpatrick17k,fitz_be9e8510972a707e21393af63104ab28,medium,3,benign
1,0.631205141544342,1,fitzpatrick17k,fitz_13b24f877270a05937f4c80fff693b04,medium,3,malignant
0,0.5675622820854187,1,fitzpatrick17k,fitz_3826e75f78b423e266c2dafc1b9809a9,light,2,benign
1,0.5902722477912903,1,fitzpatrick17k,fitz_f3f6c3ad40a1f6fcc3aba0d74a3de8c3,medium,4,malignant
1,0.540643572807312,1,fitzpatrick17k,fitz_06d1d14eb33eb1dd78409525b0829f51,medium,4,malignant
1,0.5629453659057617,1,fitzpatrick17k,fitz_b565d1fa267dcf71489723d84cb66506,light,2,malignant
1,0.4501388669013977,1,fitzpatrick17k,fitz_a4bb4e5206c4e89a303f470576fc5253,light,1,malignant
1,0.562111496925354,1,fitzpatrick17k,fitz_cbe21d899f4a65ce27c19991565889a1,light,1,malignant
0,0.5368025898933411,1,fitzpatrick17k,fitz_b28450c55ea4e0d0b075c6e87c9119d3,light,1,benign
0,0.48465755581855774,1,fitzpatrick17k,fitz_b8b10fd021b717ac6fbc16228fac527f,light,2,benign
0,0.44090187549591064,1,fitzpatrick17k,fitz_f9c77f9a371409116a137947cb5bcee6,light,2,benign
1,0.7032889723777771,1,fitzpatrick17k,fitz_b1ef89446212681c2eac7dde82654133,light,1,malignant
0,0.4541163444519043,1,fitzpatrick17k,fitz_2da89b781d450fc5c6b768f6290d1243,light,1,benign
0,0.39688417315483093,1,fitzpatrick17k,fitz_00c5083c6fe716b4fc02a814856ec7e8,medium,3,benign
0,0.6402868628501892,1,fitzpatrick17k,fitz_bb4f6bd8661b8f0a52ccaef5f2fc5b56,medium,4,benign
0,0.6356804370880127,1,fitzpatrick17k,fitz_5f92efcc267ed747987f9b43a5bf6188,light,2,benign
0,0.4417288601398468,1,fitzpatrick17k,fitz_c6a9be15246f408c883b625dc7bc5662,light,2,benign
1,0.39924079179763794,1,fitzpatrick17k,fitz_e783339effbc628d8b5392db27ba6716,medium,4,malignant
0,0.4641371965408325,1,fitzpatrick17k,fitz_e02d985c2fd40bf343fca2be6e6d555b,light,2,benign
0,0.5136110186576843,1,fitzpatrick17k,fitz_a36d079aeee1bd073859a3af6041c4f4,light,2,benign
1,0.52870112657547,1,fitzpatrick17k,fitz_48a2d3c07db35f6232411a257e7a95e9,light,1,malignant
0,0.38125115633010864,1,fitzpatrick17k,fitz_9f87c2581d732a530064347a2cb272b2,light,1,benign
0,0.5458357334136963,1,fitzpatrick17k,fitz_3d1d0860a78de13c3b5237bd3404eb15,light,2,benign
0,0.6291255950927734,1,fitzpatrick17k,fitz_2f37c56e176fa36370e96baa1a894473,medium,4,benign
0,0.39573168754577637,1,fitzpatrick17k,fitz_60223977a479ed35f4429fd9dd0d0972,light,2,benign
1,0.5851113200187683,1,fitzpatrick17k,fitz_f09c390a5c161dae5c0f1d47a48dfcfa,light,2,malignant
1,0.6959572434425354,1,fitzpatrick17k,fitz_00c67e6f49ebec99a9db8dc74064cbd3,light,2,malignant
0,0.3256014585494995,1,fitzpatrick17k,fitz_5bce196c1c7f7c7e887db6c5d8fbcde1,medium,3,benign
1,0.4524151682853699,1,fitzpatrick17k,fitz_32dc52b5114e1aac6dab9fca50a6746a,light,2,malignant
0,0.3411274254322052,1,fitzpatrick17k,fitz_ca75ffdc7e72a05c15b58b6763d00950,medium,4,benign
0,0.5316329598426819,1,fitzpatrick17k,fitz_bc6205466d4d5b870a8a7da5402485cd,light,2,benign
1,0.4259134829044342,1,fitzpatrick17k,fitz_735dbc37793f6e7200b54898591fd31f,light,2,malignant
0,0.5948686599731445,1,fitzpatrick17k,fitz_bd7012a120989a1526406d1b3a54934a,light,2,benign
1,0.565775454044342,1,fitzpatrick17k,fitz_ba27cb751e2206d835f02b35aea42a7c,light,1,malignant
0,0.6043277978897095,1,fitzpatrick17k,fitz_7494f71845aa6663c050f6c029fd2f1d,medium,3,benign
1,0.6829215288162231,1,fitzpatrick17k,fitz_740692c63bd9548c20fd137692455bb7,light,1,malignant
0,0.6095238924026489,1,fitzpatrick17k,fitz_5df724c6d38885cf245b8413cffab3f7,light,2,benign
0,0.5079836845397949,1,fitzpatrick17k,fitz_92fbc59d8f01e9b17f1b2be5fdbcf097,dark,5,benign
0,0.5794060826301575,1,fitzpatrick17k,fitz_19883466fd06fc2633e25ba5f0321824,medium,4,benign
1,0.620042622089386,1,fitzpatrick17k,fitz_430f3cba46045b2e5eb12092c03b98fd,medium,3,malignant
0,0.4602082669734955,1,fitzpatrick17k,fitz_3d2be4881ff91259398649e3fc6fd399,light,1,benign
0,0.4604164958000183,1,fitzpatrick17k,fitz_4c13c43d94b40d67d67326ecbd46fd2c,medium,3,benign
0,0.3418813943862915,1,fitzpatrick17k,fitz_868f958c11b28e37a895cf599fa6004a,light,1,benign
1,0.681232213973999,1,fitzpatrick17k,fitz_571a7ca172102713144a90ebef56f79a,light,1,malignant
1,0.5564326643943787,1,fitzpatrick17k,fitz_12aff52bef4cb6d836dbb03ffb578817,medium,3,malignant
0,0.664015531539917,1,fitzpatrick17k,fitz_94e13acda71bc8d340d30f23dedcecf3,light,2,benign
0,0.57834392786026,1,fitzpatrick17k,fitz_bf836d1420aecd9f0c1965ab4013326a,light,2,benign
0,0.5192192792892456,1,fitzpatrick17k,fitz_ee978d469f2a50f16638f9f571e39115,light,2,benign
0,0.3703158497810364,1,fitzpatrick17k,fitz_4e1b23118a5f89ee36b4e4b2d1d8718a,light,2,benign
0,0.4359058141708374,1,fitzpatrick17k,fitz_f09d722b7a405f63f6ae4c1bea67faf4,light,2,benign
1,0.37199124693870544,1,fitzpatrick17k,fitz_9b710ed7f697424f8645ec47db9b03ac,light,2,malignant
1,0.7103701829910278,1,fitzpatrick17k,fitz_d4bc1c91b2d568108d77e93011564a6c,light,2,malignant
0,0.3118836581707001,1,fitzpatrick17k,fitz_98ebd0568dc1804989f83706c229b5b7,medium,4,benign
0,0.6557247042655945,1,fitzpatrick17k,fitz_742c83b0b5b1a14e8cddbef28108ae17,light,1,benign
1,0.4450172781944275,1,fitzpatrick17k,fitz_6a9b56f5a0721bde502d526ac0128936,light,2,malignant
0,0.3736615777015686,1,fitzpatrick17k,fitz_aa887512db391b7195e1380e0ba58264,medium,4,benign
1,0.5446829199790955,1,fitzpatrick17k,fitz_f25f5a5c007b2ce64cab66fb6037d9d6,light,2,malignant
0,0.4451511800289154,1,fitzpatrick17k,fitz_08308a46a6beb08c66e5872868a485bf,medium,3,benign
0,0.43547365069389343,1,fitzpatrick17k,fitz_9b80d9d1d2a4d500332eb8a4e535e477,medium,3,benign
0,0.5245330333709717,1,fitzpatrick17k,fitz_c5697d664a8030cc92f976c7c4fdcb34,medium,3,benign
1,0.5229453444480896,1,fitzpatrick17k,fitz_dabb7b14d2d6adc6b3a5a87aaa0238b2,medium,3,malignant
1,0.4397173225879669,1,fitzpatrick17k,fitz_635cdb6a1cd94c714c8c393adb7c3ac1,light,2,malignant
1,0.5178842544555664,1,fitzpatrick17k,fitz_d13e9416a0204d2e004f93eb5f853448,dark,5,malignant
1,0.37056875228881836,1,fitzpatrick17k,fitz_caf7053829e13ecad9c9bdf62fa1b4b5,medium,3,malignant
1,0.656028151512146,1,fitzpatrick17k,fitz_bee88dc65d5e44cd737ec52175801940,light,2,malignant
1,0.589024007320404,1,fitzpatrick17k,fitz_3e31ac6eb572d47fa7dcf890d6c16dc6,light,1,malignant
0,0.5404546856880188,1,fitzpatrick17k,fitz_1f0af24c77f720c6c009b0aaae30c3ea,medium,3,benign
1,0.6963468790054321,1,fitzpatrick17k,fitz_c8c64c7694e42369e74a0905055728f1,light,1,malignant
1,0.505272388458252,1,fitzpatrick17k,fitz_925ad6d312f71a30cdb5c5e4e773d8a8,light,2,malignant
1,0.535636842250824,1,fitzpatrick17k,fitz_6822f9362f5560a53dfdf79fb77d48b4,light,1,malignant
0,0.49555736780166626,1,fitzpatrick17k,fitz_3c780e90b5e0638a766c9f01f4ffd2ef,light,1,benign
0,0.4689295291900635,1,fitzpatrick17k,fitz_85cd558777b881b5a3294367ffd253a0,light,2,benign
1,0.5656136274337769,1,fitzpatrick17k,fitz_d3503da01b612ccb8cdeb1d72fb00298,light,2,malignant
1,0.7057238221168518,1,fitzpatrick17k,fitz_80e45e3f57a4c7003a5b80d46975897a,light,2,malignant
0,0.5167902708053589,1,fitzpatrick17k,fitz_607feae3c6d99925958dc04c439ee530,light,1,benign
1,0.4797326624393463,1,fitzpatrick17k,fitz_5512481841ce893577f1bc1080350cff,light,1,malignant
0,0.5316700339317322,1,fitzpatrick17k,fitz_f54ce8428abecb237b5b9e127ca5f880,light,2,benign
1,0.66778564453125,1,fitzpatrick17k,fitz_16f3f152b2a7e9d550615d6f70f2bf38,medium,4,malignant
1,0.562537431716919,1,fitzpatrick17k,fitz_acd57aaf06dc6e19273354f1d8aa9506,light,1,malignant
0,0.41782912611961365,1,fitzpatrick17k,fitz_dc3ea7bc88855bd4da3ebe0cf2412733,medium,4,benign
0,0.7116719484329224,1,fitzpatrick17k,fitz_784b540a0e8eb55db7d850b538d3e5f1,light,1,benign
0,0.522655725479126,1,fitzpatrick17k,fitz_16b1c46677ef7bad4b2caf68cafa6c56,light,2,benign
0,0.37746015191078186,1,fitzpatrick17k,fitz_d3f358fe4091906cee88215795b77038,medium,3,benign
0,0.4690561294555664,1,fitzpatrick17k,fitz_a5645ca9f8d3b3a188e20c81bda97359,light,1,benign
1,0.5313024520874023,1,fitzpatrick17k,fitz_0bbce93bf42cfa2165ab4f2930845cd4,light,1,malignant
1,0.395978718996048,1,fitzpatrick17k,fitz_89fac5f4cd1f6d2a181337f8b2b30752,light,1,malignant
0,0.5188964009284973,1,fitzpatrick17k,fitz_2c6a4a93bfe730618180907b34d875d7,light,2,benign
1,0.49032261967658997,1,fitzpatrick17k,fitz_309f71ddfd6e5ec10f83992f9a664932,light,1,malignant
0,0.6489008665084839,1,fitzpatrick17k,fitz_490f287fb8e3d3bd211725e906d4e07c,medium,4,benign
0,0.49534738063812256,1,fitzpatrick17k,fitz_b94e8082f033bc6c41e584d339bfc633,light,1,benign
1,0.46797576546669006,1,fitzpatrick17k,fitz_2556115afac9e4b4440340c359b72980,medium,4,malignant
0,0.389676570892334,1,fitzpatrick17k,fitz_6b4a5e8c12cf5cb1d7767d87394921ef,light,2,benign
1,0.6814047694206238,1,fitzpatrick17k,fitz_f67c5d66436fcf3f656cb2ab5bd026df,light,2,malignant
1,0.48641929030418396,1,fitzpatrick17k,fitz_d9491d49e41af0734b1bfe6e4cde4ade,medium,3,malignant
0,0.4002079963684082,1,fitzpatrick17k,fitz_2b2eaefc894ecc71d0b0a13afef1ad9b,light,1,benign
0,0.42569500207901,1,fitzpatrick17k,fitz_13536ee2b1880f6f8265a419bbe8cd40,light,2,benign
0,0.4992322325706482,1,fitzpatrick17k,fitz_45bf5b097b5bd1001b8e9eb2cda52c74,light,2,benign
1,0.5911272168159485,1,fitzpatrick17k,fitz_861205f569d0f00f0695f079bf1ec296,light,2,malignant
0,0.6236886978149414,1,fitzpatrick17k,fitz_49f425e08461335cdc29c2bd848884b3,light,1,benign
0,0.5373209714889526,1,fitzpatrick17k,fitz_f45c9e9dd24903c26f37ae35dfae843b,medium,4,benign
0,0.47662556171417236,1,fitzpatrick17k,fitz_b0731341c7d1145f341ad95a7876bdc9,light,2,benign
1,0.43432414531707764,1,fitzpatrick17k,fitz_0ee34d8cc387db6430bba2d2ce793ac9,light,2,malignant
0,0.4926758110523224,1,fitzpatrick17k,fitz_8132e479afef009487b6f52625f43a7d,medium,3,benign
0,0.5726602673530579,1,fitzpatrick17k,fitz_5cee757db67e94e55ac890e1e25aefea,medium,3,benign
1,0.47011372447013855,1,fitzpatrick17k,fitz_1e4917eb8252158b3e1de9ab8a4110ff,light,2,malignant
0,0.7090020775794983,1,fitzpatrick17k,fitz_3a9e8348a8c8673250c009cd940bd082,light,2,benign
1,0.7203965187072754,1,fitzpatrick17k,fitz_62318269e0e3e839c5d063ad8d8676b2,light,2,malignant
1,0.6447765231132507,1,fitzpatrick17k,fitz_840db47356fcaadc19f36af0843a12c8,light,2,malignant
0,0.4872860610485077,1,fitzpatrick17k,fitz_6f971def61306f5c79993a9d87c95f09,medium,3,benign
1,0.6523756980895996,1,fitzpatrick17k,fitz_118004ae04d7c04a7abb96c38483b6b0,light,1,malignant
0,0.4408470094203949,1,fitzpatrick17k,fitz_a21a94db134cb286569481ed48362478,light,2,benign
0,0.7185748815536499,1,fitzpatrick17k,fitz_12d8f73d904a3c86dfa4076c09c63316,light,1,benign
0,0.4674103558063507,1,fitzpatrick17k,fitz_18ada6cd1bf0888784eaadadd531b26c,light,2,benign
1,0.4200511574745178,1,fitzpatrick17k,fitz_f0bad4eac2969ce9efe3116bda407e70,light,2,malignant
0,0.2552991807460785,1,fitzpatrick17k,fitz_eb59c26469a2593257987b77965a6a7b,medium,3,benign
1,0.5672711133956909,1,fitzpatrick17k,fitz_c654431b35ae082b8b5ec407fbdc501b,light,1,malignant
1,0.5392693877220154,1,fitzpatrick17k,fitz_df0ccf61a18dd7434630862455337495,light,1,malignant
1,0.6038199067115784,1,fitzpatrick17k,fitz_b4d8bec23e7dd5dfde93e9632f317ea7,light,2,malignant
1,0.4942674934864044,1,fitzpatrick17k,fitz_074e696e6cdf066eabf5b68d957487c9,light,2,malignant
1,0.44855380058288574,1,fitzpatrick17k,fitz_8a091188db498974b231e3e4eb542317,medium,3,malignant
1,0.6081478595733643,1,fitzpatrick17k,fitz_c465d8b7a4273c618cea01568be5299a,dark,6,malignant
1,0.7383297681808472,1,fitzpatrick17k,fitz_21a8b19f40009c5473c80977bf9efbf4,light,1,malignant
0,0.36948373913764954,1,fitzpatrick17k,fitz_fdbc2b165cfa772a4ea0a676e1abd141,medium,4,benign
0,0.3434765338897705,1,fitzpatrick17k,fitz_71519f71874f422ce1725b42cb8f689b,medium,3,benign
0,0.4397071301937103,1,fitzpatrick17k,fitz_01b307cbf4429ec1b5ec9d4e1eaefbe4,medium,4,benign
0,0.797312319278717,1,fitzpatrick17k,fitz_fdd264496207d775fa6dedb4ebfe26bb,light,2,benign
0,0.39490261673927307,1,fitzpatrick17k,fitz_ba0322417bc6fcf4280d46182c1c18a0,light,2,benign
1,0.5824996829032898,1,fitzpatrick17k,fitz_937958a33a48e5f49058b3f598dfaf30,light,2,malignant
1,0.6100128293037415,1,fitzpatrick17k,fitz_6356561c31f7f041f30e0bf9f96e4372,light,2,malignant
0,0.4563341438770294,1,fitzpatrick17k,fitz_71b9ba4fd2814621b105b61a2d64dda1,light,1,benign
1,0.605471670627594,1,fitzpatrick17k,fitz_7c6b7a1a6e946bcefd118b37ca1e6e1c,medium,3,malignant
0,0.4874797463417053,1,fitzpatrick17k,fitz_ad242dab2234272b371264c3be8ad05f,medium,3,benign
1,0.6433907151222229,1,fitzpatrick17k,fitz_ada18724a43831db99512cf39a174d0a,medium,3,malignant
1,0.3789488971233368,1,fitzpatrick17k,fitz_6f64857e9c143d28a6170bc774706814,light,1,malignant
0,0.457259863615036,1,fitzpatrick17k,fitz_755dc8d54e3b79614ef44c9a8434e8b9,medium,3,benign
0,0.3918692171573639,1,fitzpatrick17k,fitz_dafa8331d9e81cf78a60d7b42175d044,medium,3,benign
0,0.43303194642066956,1,fitzpatrick17k,fitz_f17ef6aa971a4075cd4e10033b947e89,light,1,benign
1,0.6600609421730042,1,fitzpatrick17k,fitz_7d208d81c92aad68c4447cc93e1793ee,dark,5,malignant
0,0.6160432696342468,1,fitzpatrick17k,fitz_1c5533601ebb88cf1900047a3a38b6bd,dark,5,benign
0,0.36188971996307373,1,fitzpatrick17k,fitz_72cbe38c60606f22142a99815a5a7bc6,light,1,benign
0,0.3560982644557953,1,fitzpatrick17k,fitz_3fe39fb0cdde5bb5ff0d0c6a70b6e3da,light,2,benign
0,0.4493388831615448,1,fitzpatrick17k,fitz_773ad86674166846f5568c000bc394a1,medium,3,benign
1,0.6654840111732483,1,fitzpatrick17k,fitz_e520e4def3c3276b791424d53cd3df47,dark,5,malignant
1,0.714749276638031,1,fitzpatrick17k,fitz_de6e77794b9d6b4633d45a6454e66cb2,dark,6,malignant
0,0.4220798909664154,1,fitzpatrick17k,fitz_5183f2de2bc830cec21983a412ae7e9e,light,1,benign
0,0.45844098925590515,1,fitzpatrick17k,fitz_8f3886d15b8f8e2ffb61d73c5802c113,medium,4,benign
1,0.6712827682495117,1,fitzpatrick17k,fitz_dc6b70e34949c1fa255c0c936fc53655,light,1,malignant
1,0.8181636333465576,1,fitzpatrick17k,fitz_d98bea04bd38bb2f6591bcb2a0336eff,light,2,malignant
0,0.6134523749351501,1,fitzpatrick17k,fitz_46e8e18c64c228c71550ae4f50a92036,light,2,benign
0,0.5907277464866638,1,fitzpatrick17k,fitz_a6d66f5b22fe69c436d3e34efad7f2bc,light,2,benign
0,0.5197847485542297,1,fitzpatrick17k,fitz_7bb69509f512bb7583718706767537fd,light,2,benign
0,0.5689264535903931,1,fitzpatrick17k,fitz_22c442109c60a5733da9287d6372b8ab,light,2,benign
0,0.6990516185760498,1,fitzpatrick17k,fitz_6275c16eb9167262e83ed41a861da9d7,medium,3,benign
0,0.5052332282066345,1,fitzpatrick17k,fitz_3e24acec59317c0c6f8358ba86607fc0,light,2,benign
0,0.3932400643825531,1,fitzpatrick17k,fitz_11443defefe1ad449879843cfed98c90,medium,4,benign
1,0.5741708874702454,1,fitzpatrick17k,fitz_6cb2868a96ad853abffa7a057b19c975,light,2,malignant
0,0.7410470247268677,1,fitzpatrick17k,fitz_33d7d2e1277143a7356f628723bc39e1,medium,3,benign
1,0.4455925226211548,1,fitzpatrick17k,fitz_27d3995ec59459b948ac34e16d92a49d,light,1,malignant
0,0.49802497029304504,1,fitzpatrick17k,fitz_d8b3dc2a65b4cec451a05d16dba218a1,dark,5,benign
0,0.3707877993583679,1,fitzpatrick17k,fitz_123f1416445adb8b3b5bb5f9a4ee6eb9,light,2,benign
0,0.621386706829071,1,fitzpatrick17k,fitz_b71b494676eabaf2377dbacbd4b3c18c,light,1,benign
0,0.5868286490440369,1,fitzpatrick17k,fitz_b916515368b57cb31f34a99ba6d12eee,medium,3,benign
0,0.6124594211578369,1,fitzpatrick17k,fitz_dcea8f755d638e11fe9f69e9e058d4a6,light,1,benign
0,0.6068597435951233,1,fitzpatrick17k,fitz_1023d89e2f3b04f7dceba5b9dc0c25e3,light,2,benign
0,0.5657433271408081,1,fitzpatrick17k,fitz_c505ecef64b561953eeb4ad3fcdfbeea,medium,3,benign
1,0.5566467642784119,1,fitzpatrick17k,fitz_43d1ad58b37a7ef9994833b266bf4a98,medium,3,malignant
0,0.5087301135063171,1,fitzpatrick17k,fitz_13ce683b41cc842f3ceaaa767d0ff1b0,light,2,benign
1,0.7432399988174438,1,fitzpatrick17k,fitz_af048401c6e99acaba177eef6c43c45c,dark,6,malignant
0,0.4163445234298706,1,fitzpatrick17k,fitz_ee7738e9feb8776681ccb0b5b9abbcdf,medium,3,benign
1,0.3585957884788513,1,fitzpatrick17k,fitz_0afbf2ec3f745735dc677ca739055838,light,2,malignant
1,0.779444694519043,1,fitzpatrick17k,fitz_c04c5f3afa749fb75019acfe5f243877,light,2,malignant
1,0.7349298596382141,1,fitzpatrick17k,fitz_42a371e91ff71144255dee4978b5a141,light,2,malignant
1,0.4359176456928253,1,fitzpatrick17k,fitz_73f11ac25272679272816f98e19f47e8,light,2,malignant
0,0.47788265347480774,1,fitzpatrick17k,fitz_bbedf554ba7e3e984dd85bce54c87a7a,light,2,benign
0,0.41362911462783813,1,fitzpatrick17k,fitz_a1a88ed01d7bb83af84d8f4df1f72744,medium,3,benign
0,0.3066934645175934,1,fitzpatrick17k,fitz_3252b65793c388c7ae6a76f0f39118ba,medium,4,benign
0,0.5595578551292419,1,fitzpatrick17k,fitz_f5e637561c136f689c6cc1305f7dc88e,medium,3,benign
0,0.5258837342262268,1,fitzpatrick17k,fitz_7efe1b1d6a4bc821b98e5cbe6dfd077c,medium,4,benign
0,0.4826391339302063,1,fitzpatrick17k,fitz_a5d29f02b817abdc648f7c0d8ace86db,light,1,benign
0,0.5571444034576416,1,fitzpatrick17k,fitz_13d64f9a6400be36be08e6bff4bd2f62,light,2,benign
0,0.45641055703163147,1,fitzpatrick17k,fitz_64701a744eb73be65ed2da19db4092dd,light,1,benign
1,0.49753859639167786,1,fitzpatrick17k,fitz_94a653cb025b2a6a464cd21a32ddba68,medium,3,malignant
0,0.3412376940250397,1,fitzpatrick17k,fitz_da109ffc19dc029bb71698a05419e9ff,light,1,benign
0,0.4186401665210724,1,fitzpatrick17k,fitz_3e96f0e6bdf82fe4ee5d7635c76f32a7,light,1,benign
1,0.6200608015060425,1,fitzpatrick17k,fitz_b89758afa9975102aa1f58322cf3c8fa,dark,6,malignant
1,0.5459772944450378,1,fitzpatrick17k,fitz_846d5436d995ac586b03958fbcfc1a96,light,2,malignant
0,0.41826996207237244,1,fitzpatrick17k,fitz_49948266f4b2fc08c7c3155f519ae624,medium,4,benign
0,0.6697065830230713,1,fitzpatrick17k,fitz_ed0040a52ad799323e20155800972781,light,2,benign
0,0.26778626441955566,1,fitzpatrick17k,fitz_ed522f3617a30ab79fa11e140d442e2d,light,1,benign
1,0.6755635142326355,1,fitzpatrick17k,fitz_8926d455016b17296638b119b6962cf2,light,2,malignant
1,0.5001635551452637,1,fitzpatrick17k,fitz_0a5c59128959230b7b3005d277a7c8e6,light,1,malignant
1,0.7332419753074646,1,fitzpatrick17k,fitz_d4862d1b866e2c536dde339f60de4f0d,dark,5,malignant
0,0.5507436394691467,1,fitzpatrick17k,fitz_47e5ba3f79a843355e461cfcb563d8bb,medium,4,benign
0,0.4151379466056824,1,fitzpatrick17k,fitz_8efc2c719c6f185ad4174e7612a450f1,light,1,benign
0,0.3022785782814026,1,fitzpatrick17k,fitz_f996199e614a87b407e098365bf6bafd,medium,4,benign
0,0.603430986404419,1,fitzpatrick17k,fitz_7db71f8f3a8a5f6e9ffab45ab54740ec,light,2,benign
0,0.4552097022533417,1,fitzpatrick17k,fitz_68e5ea92675eacee2d84ea0c456fc55b,medium,3,benign
1,0.7873120903968811,1,fitzpatrick17k,fitz_50ef304493d2ca4767c6def8079f1216,light,2,malignant
0,0.5044308304786682,1,fitzpatrick17k,fitz_2751563d9c721e6a3d8a0d3e4dd4d834,light,2,benign
0,0.4544581174850464,1,fitzpatrick17k,fitz_e020308630c7f4286f0514031b4caa31,dark,5,benign
0,0.4863492250442505,1,fitzpatrick17k,fitz_b242e3ca4d29706f96a1ffdb45c9ecec,light,1,benign
0,0.26859068870544434,1,fitzpatrick17k,fitz_31f7d876b0149ec7917827c8b75ebd70,light,2,benign
0,0.42044830322265625,1,fitzpatrick17k,fitz_961154706f5938c81e64757ae78fa2d5,medium,4,benign
1,0.48840272426605225,1,fitzpatrick17k,fitz_aad76025ff2ae079b4d8c881496c3372,light,2,malignant
0,0.4201190173625946,1,fitzpatrick17k,fitz_27da81c09d3981318a1ff175ad12628e,medium,4,benign
0,0.29328909516334534,1,fitzpatrick17k,fitz_154f2b88141017a3958bdbd406444d1f,light,1,benign
1,0.5875014066696167,1,fitzpatrick17k,fitz_306991d08929be5a1c9cad3ecc9423bf,light,1,malignant
0,0.4390397071838379,1,fitzpatrick17k,fitz_680677da5d0a179da5fdb87ba1d8c54c,medium,3,benign
1,0.5116239786148071,1,fitzpatrick17k,fitz_6e2da28f9169bd9f68f13afaa53f8500,medium,3,malignant
1,0.6975715756416321,1,fitzpatrick17k,fitz_1cd8f03f830d793aaeea0181f0863f00,light,1,malignant
1,0.7226237654685974,1,fitzpatrick17k,fitz_c861de9262f7289ad4b5730f7ec2a28a,light,2,malignant
0,0.4652482271194458,1,fitzpatrick17k,fitz_f21f7b5ec113e2fb4e705e550e918077,medium,4,benign
0,0.5503728985786438,1,fitzpatrick17k,fitz_a7ef35e99387ff1227baced72467dc1f,light,1,benign
1,0.4916369318962097,1,fitzpatrick17k,fitz_16d1e6b4143c88cb158a50ea8bc3a595,light,1,malignant
0,0.40446949005126953,1,fitzpatrick17k,fitz_d71fd281d8bd9111b184c15c0fc26696,light,2,benign
0,0.6625933647155762,1,fitzpatrick17k,fitz_0cfd9aedeb0daf2288a021d08b5de1f1,light,2,benign
0,0.5377389788627625,1,fitzpatrick17k,fitz_ffb2a785dd5182f2375ab2a3bf839f60,light,2,benign
1,0.5733980536460876,1,fitzpatrick17k,fitz_c094d187bbdb87186eed24cba84dea57,medium,3,malignant
0,0.45539742708206177,1,fitzpatrick17k,fitz_f6095846440acca969ac59cc7fc70f63,dark,5,benign
0,0.5492836833000183,1,fitzpatrick17k,fitz_20fa1e49372b9f495b9d7117f4f2d3bc,light,2,benign
1,0.6357132196426392,1,fitzpatrick17k,fitz_088f75621475639f8316e4a34b170ac6,light,1,malignant
0,0.7417267560958862,1,fitzpatrick17k,fitz_fac50755ac0a661403eedb4f63ab2d6d,light,1,benign
0,0.7094085216522217,1,fitzpatrick17k,fitz_e2d169e32d36ab5e938f8c73245fa3d9,medium,4,benign
0,0.3804719150066376,1,fitzpatrick17k,fitz_451a05110fd70567b2451c6ab70d4076,light,2,benign
1,0.42616379261016846,1,fitzpatrick17k,fitz_ecc71c47ea7467dd1dfb3ba6ad63ce1f,light,2,malignant
1,0.636603057384491,1,fitzpatrick17k,fitz_f1768f126b20979695dfd986ba5ec740,light,2,malignant
0,0.3140053153038025,1,fitzpatrick17k,fitz_b1b9ba6988d24ae71f03cfd606809f23,dark,5,benign
1,0.6144023537635803,1,fitzpatrick17k,fitz_0985c22c8970eba50121bc9f5074a49d,dark,5,malignant
1,0.686904788017273,1,fitzpatrick17k,fitz_78382a7d765d851c7f0a0e4951432cf3,light,2,malignant
0,0.526268482208252,1,fitzpatrick17k,fitz_9873f403294c49aaf69bd77d264e5d03,medium,3,benign
0,0.43543753027915955,1,fitzpatrick17k,fitz_f2595d53264c01b372ee9acb4591461f,medium,3,benign
1,0.4319022595882416,1,fitzpatrick17k,fitz_9e555077493565a25648af77a1da5e06,dark,5,malignant
1,0.5195791125297546,1,fitzpatrick17k,fitz_e5274fb265a7fbd6db292a6e8959f467,light,2,malignant
0,0.5448736548423767,1,fitzpatrick17k,fitz_5a979dede913c66b84ff4e61cf4d8413,medium,3,benign
1,0.7578860521316528,1,fitzpatrick17k,fitz_c58294e3e0d27de8c4e0752a83713fda,light,2,malignant
1,0.5394554734230042,1,fitzpatrick17k,fitz_ddc2dbe2b62e2bb78ce1b4305110b67f,medium,4,malignant
0,0.6178460121154785,1,fitzpatrick17k,fitz_71164a9bcf9e6fc461312174ada1d867,light,1,benign
0,0.6518690586090088,1,fitzpatrick17k,fitz_4fb37a02a43af27df0dbe3354331047a,light,2,benign
1,0.6561781764030457,1,fitzpatrick17k,fitz_e642ea55ce353ec974309c87f4da7373,dark,5,malignant
1,0.418585866689682,1,fitzpatrick17k,fitz_ec61f2a80eb538e8a65683ed35a325b0,light,1,malignant
0,0.4136882424354553,1,fitzpatrick17k,fitz_1e6e260a613545a360b0ad5dc3ed7c70,medium,4,benign
0,0.4486900269985199,1,fitzpatrick17k,fitz_7594f06ae855c9dc3e96f76701168ee9,light,2,benign
0,0.5518774390220642,1,fitzpatrick17k,fitz_1e5ee09dc72406960a4091527c00765f,medium,3,benign
0,0.35621172189712524,1,fitzpatrick17k,fitz_f94db20d1300270c97ff02dad941d295,medium,4,benign
0,0.45887356996536255,1,fitzpatrick17k,fitz_0552f0ffd7f1125b7cdf8e44bdbfc0c6,light,2,benign
1,0.47443532943725586,1,fitzpatrick17k,fitz_82c7173ab4927d071fb7a749f8ae2a5f,light,2,malignant
0,0.5096961855888367,1,fitzpatrick17k,fitz_32020563a40c3090c9458e56f0894eba,medium,4,benign
1,0.5101764798164368,1,fitzpatrick17k,fitz_cc21b8b35c671d672d568d98d0434f08,light,1,malignant
0,0.23123443126678467,1,fitzpatrick17k,fitz_26b46628697510ce0ede5851006d5c34,dark,5,benign
1,0.5235812067985535,1,fitzpatrick17k,fitz_87744122fe5225740f28b88d42660aa3,dark,5,malignant
0,0.5597429871559143,1,fitzpatrick17k,fitz_535e72695bd844f8ef74d4aab4299f33,dark,5,benign
1,0.7191749811172485,1,fitzpatrick17k,fitz_47ae0164d37b5c26a524d8b33132fcb5,light,2,malignant
1,0.48945140838623047,1,fitzpatrick17k,fitz_ef8764929195f82e746759b520fdedb7,light,2,malignant
1,0.5969793796539307,1,fitzpatrick17k,fitz_dae64acd175779ecde037eae28efd733,medium,4,malignant
1,0.6919715404510498,1,fitzpatrick17k,fitz_469aefba5c7c7d0a4c3b135cefe4ed73,light,2,malignant
0,0.4349524676799774,1,fitzpatrick17k,fitz_78643b37e30d73f48e28fac2eacf3661,medium,4,benign
1,0.5441672205924988,1,fitzpatrick17k,fitz_361528caed6ebd18a0a558726a3999c0,light,2,malignant
0,0.37604328989982605,1,fitzpatrick17k,fitz_12056f489798de5eb80a7d07dde875df,light,2,benign
0,0.4853282868862152,1,fitzpatrick17k,fitz_875d5de50f024ffdceed2c3f2b039214,medium,4,benign
0,0.4863700866699219,1,fitzpatrick17k,fitz_dbdd739d5bd681a42444fcd0a8f9259a,light,2,benign
1,0.547758936882019,1,fitzpatrick17k,fitz_d84e0c83920384e79354019fd467e6b1,light,2,malignant
0,0.48842424154281616,1,fitzpatrick17k,fitz_a4ccb4205a5b4da52caca600ca3433f0,light,1,benign
0,0.33776846528053284,1,fitzpatrick17k,fitz_291743ecf5f389f17a54c43e5b40663d,light,2,benign
0,0.6409047842025757,1,fitzpatrick17k,fitz_1323cbd6ca0833ff55b6ecad90dc828b,light,2,benign
0,0.46209293603897095,1,fitzpatrick17k,fitz_604e6422286b8747a9c78c3d049ada83,dark,5,benign
1,0.7236786484718323,1,fitzpatrick17k,fitz_f1a8ee83b4685293766735b551acea9b,medium,3,malignant
0,0.46264246106147766,1,fitzpatrick17k,fitz_d28d3c4548f7d21b34cd5908b110984f,light,2,benign
0,0.4821331799030304,1,fitzpatrick17k,fitz_4d1e620c7134299fe96eecba9f12991d,medium,4,benign
1,0.4844571352005005,1,fitzpatrick17k,fitz_2108e9d766f1c6ed6ad83765f576d347,light,2,malignant
0,0.4152219891548157,1,fitzpatrick17k,fitz_5491afb7705ed393a798e8317fd57d48,light,2,benign
0,0.19017784297466278,1,fitzpatrick17k,fitz_fac57a2990fe1215d87e4df8cb6eb9e9,light,1,benign
0,0.3331165909767151,1,fitzpatrick17k,fitz_b1c5c24ec2abad0b372c5f66b09cbc22,light,2,benign
1,0.5428473353385925,1,fitzpatrick17k,fitz_1744e96d318e4d053e925521e69b8ad6,light,2,malignant
0,0.50115966796875,1,fitzpatrick17k,fitz_7abf608a83999782a019e76b38498819,light,1,benign
1,0.3520593047142029,1,fitzpatrick17k,fitz_263049401830de0dee7571422e407e47,medium,4,malignant
0,0.6235393285751343,1,fitzpatrick17k,fitz_6959d7c3d12b67da344cf59ba8c11f22,light,2,benign
0,0.44166141748428345,1,fitzpatrick17k,fitz_f5a430b5ac8a21e729a94572007915c0,medium,4,benign
1,0.49003276228904724,1,fitzpatrick17k,fitz_d426cd06dab461c27fac4964b9865769,medium,3,malignant
1,0.488986074924469,1,fitzpatrick17k,fitz_2b7997290f5080c552bd7a9041ca3141,light,2,malignant
0,0.48662301898002625,1,fitzpatrick17k,fitz_a141b19f10d2ed716b3f34c0c7612fdd,medium,3,benign
0,0.47967663407325745,1,fitzpatrick17k,fitz_0ca870413a13e07dc10b44cb327e1289,light,1,benign
0,0.7303768992424011,1,fitzpatrick17k,fitz_935062a8a821a27e6a8c6bd069d45966,light,1,benign
1,0.5423902869224548,1,fitzpatrick17k,fitz_7f7412968370a10d8efd55dc1f8751eb,medium,3,malignant
0,0.4078225791454315,1,fitzpatrick17k,fitz_61c021a8acd87dd9da55381b44e05396,light,2,benign
0,0.4528120756149292,1,fitzpatrick17k,fitz_4911f2d6b92042664419ac56180140d9,medium,3,benign
0,0.7324981093406677,1,fitzpatrick17k,fitz_02dfbc0e14a4655ca9190705fe1b7d56,medium,3,benign
0,0.6112297773361206,1,fitzpatrick17k,fitz_59ea6b7bab68c9febbb3ea633763a406,light,2,benign
0,0.37867626547813416,1,fitzpatrick17k,fitz_fefa0bd8f7bd9ca0eb50baa22a68ce80,light,1,benign
1,0.5422986745834351,1,fitzpatrick17k,fitz_c0fbc46df75bf601b8cf5f869c76d6d3,medium,3,malignant
0,0.4764585793018341,1,fitzpatrick17k,fitz_fd3fdc5110af7828c87a952582efa397,light,1,benign
0,0.4883623421192169,1,fitzpatrick17k,fitz_235da66ca102235ca8082fc5787ed582,light,2,benign
1,0.5580960512161255,1,fitzpatrick17k,fitz_624ea4699ff36103f7eb2c040b4933fe,light,2,malignant
0,0.46376103162765503,1,fitzpatrick17k,fitz_cb7563dff4b62c2b692d1d324882c336,light,2,benign
1,0.682932436466217,1,fitzpatrick17k,fitz_74e9c27efd60a074b6b4d7e40f61c270,light,2,malignant
0,0.2587275803089142,1,fitzpatrick17k,fitz_df793da81b7dca0e34644d8382ecba89,light,1,benign
0,0.6960268020629883,1,fitzpatrick17k,fitz_9cc455f198607c4614dbd86c004dac38,light,2,benign
0,0.6167807579040527,1,fitzpatrick17k,fitz_11503a7ccd7fd1209c0d100b3e896d08,light,2,benign
0,0.3519406318664551,1,fitzpatrick17k,fitz_d6fc57f3afdc323a0dc3a7001e8dc978,light,2,benign
0,0.7181549072265625,1,fitzpatrick17k,fitz_f0337540e6a56b4ac37469d1ab1183e9,medium,4,benign
1,0.7499176263809204,1,fitzpatrick17k,fitz_07bbb2e37d5e4febf70890df43c9fbd6,light,2,malignant
1,0.6272468566894531,1,fitzpatrick17k,fitz_bc1227108a4639de337f5c5cba635352,medium,4,malignant
0,0.40344712138175964,1,fitzpatrick17k,fitz_149c50b34d43bb358ee087fc8e69ea9b,light,1,benign
0,0.4761272072792053,1,fitzpatrick17k,fitz_c4dbd92e0c97253249678da31990e936,medium,4,benign
0,0.34066760540008545,1,fitzpatrick17k,fitz_c83bab745a385e95339e7be5a80ecf18,medium,3,benign
1,0.5022069215774536,1,fitzpatrick17k,fitz_e63edc9c8c41cc738fad4a6cf90dc9b2,light,1,malignant
1,0.532077968120575,1,fitzpatrick17k,fitz_475f92468d27947b2ecda27fbbc1e141,light,2,malignant
0,0.5271410942077637,1,fitzpatrick17k,fitz_aefce8b841876bc71ef858c4785adbb0,light,2,benign
0,0.1612146496772766,0,fitzpatrick17k,fitz_a294d1982b705b8d2b2c1e8c1f524eb0,light,1,benign
0,0.415645033121109,1,fitzpatrick17k,fitz_ba45fe69e83d9d22ebaf9fe7446f98df,light,2,benign
0,0.5989753603935242,1,fitzpatrick17k,fitz_424ca461d8e2d667d55f7af7c9fc035e,light,1,benign
1,0.5543214082717896,1,fitzpatrick17k,fitz_da29e015fe50cf3edacae2dbc223a868,light,2,malignant
0,0.534371018409729,1,fitzpatrick17k,fitz_d4851632307d471369d2ae8ffb533b52,light,2,benign
1,0.6578710675239563,1,fitzpatrick17k,fitz_736143719650b30bb48965ee67c3ee4e,medium,3,malignant
0,0.4960940480232239,1,fitzpatrick17k,fitz_f80306379e420cd0581d9d1ed493d283,medium,3,benign
0,0.5249767303466797,1,fitzpatrick17k,fitz_5e1b32a02ad224dafbba98d0adc1f811,medium,4,benign
0,0.4053674042224884,1,fitzpatrick17k,fitz_1b8e1b61ab30fd12129793b30791d247,medium,4,benign
1,0.36285316944122314,1,fitzpatrick17k,fitz_cf2a6a8eb3f7bba8061b0f4a68ecd23c,light,1,malignant
0,0.571323812007904,1,fitzpatrick17k,fitz_ecb59cf54a5631ed4286190984942360,medium,3,benign
0,0.4122963547706604,1,fitzpatrick17k,fitz_50ffda4fa1004568a3982e59f91af3ab,light,1,benign
1,0.48397812247276306,1,fitzpatrick17k,fitz_1f24cd91d3536af05573c716cee9afe3,light,1,malignant
0,0.5995912551879883,1,fitzpatrick17k,fitz_4a2bd80ef66625aae99c0d0a3650bd7f,medium,4,benign
1,0.592329204082489,1,fitzpatrick17k,fitz_ae55196233eeaac22c6ceb9f1bbe4002,dark,6,malignant
0,0.4368579685688019,1,fitzpatrick17k,fitz_055936793773f78dbdb287808a4a146c,light,1,benign
0,0.5822348594665527,1,fitzpatrick17k,fitz_a3350823cf44536b4d5af784a8bfac7c,medium,3,benign
1,0.4737091362476349,1,fitzpatrick17k,fitz_498327f064e48a3f9d3345d905012e19,light,2,malignant
1,0.6137452721595764,1,fitzpatrick17k,fitz_e64510bdbfd6ea6c6cee723c055e1b50,light,1,malignant
0,0.43733489513397217,1,fitzpatrick17k,fitz_b1c539dfccb80e6a29a706711b0daa98,light,1,benign
1,0.49780017137527466,1,fitzpatrick17k,fitz_0ac87111c95a35bccf902556b5d56f56,medium,3,malignant
0,0.5402394533157349,1,fitzpatrick17k,fitz_ab295f59ff4449a90f87c70b55088b81,light,2,benign
1,0.5968290567398071,1,fitzpatrick17k,fitz_3413738ca0fdc00d330639dbc87517a5,light,2,malignant
0,0.5466743111610413,1,fitzpatrick17k,fitz_3b9bd3e9eb966555a82388a453feda2f,light,1,benign
0,0.7301378846168518,1,fitzpatrick17k,fitz_158b595ac3b57ae843eadbb63636c3ba,light,2,benign
0,0.6278717517852783,1,fitzpatrick17k,fitz_1ea28a7fe3bb5a28a1e6dd7611ebaa8f,medium,3,benign
0,0.4819132387638092,1,fitzpatrick17k,fitz_b534a662fa2fb1a79f0f32b464700382,light,2,benign
0,0.5409263372421265,1,fitzpatrick17k,fitz_4a400ad27e11d89d02ae11ca3110ae86,light,2,benign
0,0.4849529266357422,1,fitzpatrick17k,fitz_50e884335df0cc38774797b1e3da724c,medium,3,benign
1,0.4957290589809418,1,fitzpatrick17k,fitz_4b3198562de3a684002fedc551a72c90,light,2,malignant
0,1.0,1,fitzpatrick17k,fitz_9d91cebbf621b7176c0142bb6bfd45f8,light,1,benign
1,0.7275554537773132,1,fitzpatrick17k,fitz_f586cbd345b1e4d5a14404aa1fc13b87,dark,5,malignant
0,0.5349394679069519,1,fitzpatrick17k,fitz_2e749d75a1ee9fab5d53181d2770c538,light,2,benign
1,0.5310418605804443,1,fitzpatrick17k,fitz_a13eaf2826329cee2e8ab3b16a9df3f9,medium,4,malignant
1,0.5383674502372742,1,fitzpatrick17k,fitz_8a661b72496bad203ff9f93322252a2e,light,2,malignant
0,0.6595094203948975,1,fitzpatrick17k,fitz_c94935d1c39a141916812538e6be7e87,light,1,benign
0,0.2719888985157013,1,fitzpatrick17k,fitz_85a19e9ad2d917f909b0bd1060f2afa0,medium,3,benign
0,0.560137927532196,1,fitzpatrick17k,fitz_91a0742ae1eea95e536d3e70510d2840,light,2,benign
0,0.766069233417511,1,fitzpatrick17k,fitz_0578665c39dc6894727113faf12b9777,medium,4,benign
0,0.44381895661354065,1,fitzpatrick17k,fitz_8c2efae7cd3aa77ad9947b65448d2cde,dark,5,benign
0,0.4711478352546692,1,fitzpatrick17k,fitz_c9d35ffc2c97005b9cdd6ebda9a73374,dark,6,benign
1,0.6846014261245728,1,fitzpatrick17k,fitz_0c6948c84593c37b5061d8ead8d8e6b1,dark,5,malignant
1,0.6840918064117432,1,fitzpatrick17k,fitz_66cae1c2ad834b6d00dd3b9957ec9e1d,light,2,malignant
1,0.46683675050735474,1,fitzpatrick17k,fitz_faa0aa3e1768cb16b56a9d0123500e31,medium,3,malignant
1,0.37025022506713867,1,fitzpatrick17k,fitz_8c19c8ab265be2d52a60c1a175d59c89,light,1,malignant
1,0.7287692427635193,1,fitzpatrick17k,fitz_4c57a9eec4b544ae4dae4a56a6d9f8cf,light,1,malignant
0,0.36508452892303467,1,fitzpatrick17k,fitz_e4c5846a47bbe3b5370b5b3dc2e8d2ed,light,1,benign
0,0.39962050318717957,1,fitzpatrick17k,fitz_8a7e4ecd73f138d982cf8999b3a0a6d6,dark,5,benign
0,0.4888843297958374,1,fitzpatrick17k,fitz_3e1bc42db9faa46f59f192554f109d54,medium,4,benign
1,0.3984724283218384,1,fitzpatrick17k,fitz_16b8f543987fd7f15139f36114a238d5,light,1,malignant
0,0.49176281690597534,1,fitzpatrick17k,fitz_ca3c8642d5b38cec4486a4464d752b62,light,1,benign
0,0.2923283278942108,1,fitzpatrick17k,fitz_69b7311e2ef3c1c7971021466106b246,dark,5,benign
1,0.40772977471351624,1,fitzpatrick17k,fitz_e4935b8adee2f49d77b7e906047db5c9,medium,4,malignant
1,0.45332810282707214,1,fitzpatrick17k,fitz_c8e35e39c4662af6d64bb1d937ab048b,light,2,malignant
1,0.42762890458106995,1,fitzpatrick17k,fitz_6577604c65e6e13cd25f6d9726c409a6,medium,4,malignant
0,0.2860754132270813,1,fitzpatrick17k,fitz_5408adeda80fa850b14f67c7757cb48d,medium,3,benign
1,0.5774420499801636,1,fitzpatrick17k,fitz_91a4f52d7f99a33ec53d6d695e6c9f4d,light,2,malignant
0,0.4044007658958435,1,fitzpatrick17k,fitz_e506b6479a862503e4a5bbd3771aaee1,dark,5,benign
0,0.5935816168785095,1,fitzpatrick17k,fitz_cca4330b4bef40db67fb38058a18132e,light,2,benign
1,0.4169885516166687,1,fitzpatrick17k,fitz_426ec16fd5a64a6cc9b528e6c31e22e9,light,1,malignant
0,0.5399445295333862,1,fitzpatrick17k,fitz_67a76420dd491f3d1a92757a3929cb92,light,1,benign
1,0.5016635656356812,1,fitzpatrick17k,fitz_95c004cc4ef4eff26861698463f19262,light,1,malignant
1,0.7337129712104797,1,fitzpatrick17k,fitz_82eed0a4b30c7066ff31e5be4985019a,medium,4,malignant
0,0.5107064843177795,1,fitzpatrick17k,fitz_0c58cbb99a22a9f3bb0c332b75834abf,medium,3,benign
0,0.4143921434879303,1,fitzpatrick17k,fitz_c53b8392fe54762302c1ea611b31f0a4,medium,3,benign
1,0.6984170079231262,1,fitzpatrick17k,fitz_2d88a3fa67aa761b65e280c2e14c68c3,medium,3,malignant
0,0.7299519777297974,1,fitzpatrick17k,fitz_dfb30050b28aae0eaeaeecd6db92d1c3,medium,3,benign
1,0.5087981820106506,1,fitzpatrick17k,fitz_7e1a63312318ffca8b95875238836aa2,light,1,malignant
0,0.5893896818161011,1,fitzpatrick17k,fitz_1c444f036ad09acca39209e85c0a8dec,light,2,benign
1,0.4331532120704651,1,fitzpatrick17k,fitz_b995b00ca0f6e3a5ac881db2d40a5c34,light,1,malignant
0,0.3209555745124817,1,fitzpatrick17k,fitz_e87ee141d3a97b3d23869cc080971f4f,light,2,benign
0,0.4811374247074127,1,fitzpatrick17k,fitz_c77d6c895f05fea73a8f3704307036c0,light,1,benign
0,0.37862923741340637,1,fitzpatrick17k,fitz_c6e89b36d3e2d5f97c4298037d1bde13,dark,5,benign
1,0.5237321257591248,1,fitzpatrick17k,fitz_ff27aa2fa61a28227ed8e2866eb9cbd1,medium,4,malignant
1,0.537947416305542,1,fitzpatrick17k,fitz_c2741f8b0ec47a8b6c24ad34bc03621b,light,2,malignant
0,0.4486995041370392,1,fitzpatrick17k,fitz_8df81e477d3916815dabc2c1d021fca6,light,2,benign
0,0.5383043885231018,1,fitzpatrick17k,fitz_280c8e07ea1dac883752bd87c9ceca2a,light,1,benign
0,0.46117910742759705,1,fitzpatrick17k,fitz_fedca926b2ab674e79e5e21090de8b9d,medium,3,benign
1,0.4618576467037201,1,fitzpatrick17k,fitz_022713978927e0e94227c248cb1592c7,light,1,malignant
0,0.5014045834541321,1,fitzpatrick17k,fitz_cd1723ac116758cb87a16e7a1a30f270,dark,5,benign
1,0.638282060623169,1,fitzpatrick17k,fitz_66d010a52397b508509c4f44e6c3c869,light,2,malignant
1,0.49359190464019775,1,fitzpatrick17k,fitz_d882dc1a3e3ff2a258e1fcdca85ff07f,medium,3,malignant
0,0.46835148334503174,1,fitzpatrick17k,fitz_881d6d9d24f6cfc93b670a338355e41c,light,2,benign
1,0.4633466899394989,1,fitzpatrick17k,fitz_2cd9e868bed17ffb8c6b118d91c441c7,medium,3,malignant
1,0.5267377495765686,1,fitzpatrick17k,fitz_aba6cb46c28e7519fc74d6361c004783,light,1,malignant
0,0.4195520579814911,1,fitzpatrick17k,fitz_61e967e964a434001e4336abac0b6717,light,2,benign
0,0.2856362462043762,1,fitzpatrick17k,fitz_f4f2739937c149a255148f697ee3ddf9,light,1,benign
1,0.414817750453949,1,fitzpatrick17k,fitz_be63770d79e886d395d1248c4404502e,light,2,malignant
0,0.5154396295547485,1,fitzpatrick17k,fitz_ab23656112025c96ee4acf9e3e0b993a,light,2,benign
0,0.5021588206291199,1,fitzpatrick17k,fitz_3c066c1414b59ef40046a836a0b905e5,light,2,benign
1,0.42075496912002563,1,fitzpatrick17k,fitz_e485d00e33e95305b3b1bc03d0e852ed,light,2,malignant
1,0.4223208427429199,1,fitzpatrick17k,fitz_31a8db3e9da7907512beaa575d638be4,dark,5,malignant
0,0.29504087567329407,1,fitzpatrick17k,fitz_a1dcf6598fc0d801761dbc7a81c4435d,light,2,benign
1,0.7125595808029175,1,fitzpatrick17k,fitz_900c572691e399d8bf78d5bd1f8a74a7,light,1,malignant
1,0.39007657766342163,1,fitzpatrick17k,fitz_bdb668db00a5c6ac3e1f6e5af17bbc43,light,1,malignant
1,0.5516543388366699,1,fitzpatrick17k,fitz_f4cb8f2760402923d840b55e4ef6f729,light,2,malignant
1,0.6957916021347046,1,fitzpatrick17k,fitz_775d8325a7f92c78a159ddb68186b79c,light,2,malignant
0,0.4615282416343689,1,fitzpatrick17k,fitz_db863680fb8d9b3754a55fe246163c2d,light,1,benign
0,0.5151191353797913,1,fitzpatrick17k,fitz_7244389323ed273ce0fa8c7e4da67e7e,light,2,benign
0,0.6825831532478333,1,fitzpatrick17k,fitz_e690807cb17f9bd6975e11ac27472401,light,1,benign
0,0.6604700088500977,1,fitzpatrick17k,fitz_431ac6cfed503fe33350a0dacbbea0c1,light,2,benign
0,0.5500936508178711,1,fitzpatrick17k,fitz_5876dff01e567b140782cb4d6ddc30dc,light,2,benign
1,0.490253210067749,1,fitzpatrick17k,fitz_b7492f6251c4b495085d9517724ff953,light,2,malignant
0,0.5145543813705444,1,fitzpatrick17k,fitz_c8f82a865ebefc3ce3cdbe5f70fbfc14,dark,5,benign
0,0.5387423634529114,1,fitzpatrick17k,fitz_ba09641393b463359bb59a6a58bfeac4,medium,3,benign
1,0.32346978783607483,1,fitzpatrick17k,fitz_b5cbe760bbc7918b04d11823ae2d8f49,medium,3,malignant
0,0.5471563935279846,1,fitzpatrick17k,fitz_5911ef373f6523ed63d010ed2d62c29b,light,1,benign
1,0.7178236246109009,1,fitzpatrick17k,fitz_92d9830f22b0eaa4ced0575d60f5662b,light,1,malignant
0,0.5294809937477112,1,fitzpatrick17k,fitz_76fea128bb560f2e9279ccb1d78507e3,medium,4,benign
1,0.6113929152488708,1,fitzpatrick17k,fitz_6946d50ada3bbfc10a3df8f5c0223b47,medium,3,malignant
1,0.49513640999794006,1,fitzpatrick17k,fitz_4aba04560b6a2bf126c128be1fc4a417,light,2,malignant
1,0.5589093565940857,1,fitzpatrick17k,fitz_81376135b57d335be550347dcdfc58a2,medium,3,malignant
0,0.5953158736228943,1,fitzpatrick17k,fitz_ca3594b337dec22d778bf75290adf9ac,light,2,benign
0,0.4893862009048462,1,fitzpatrick17k,fitz_8a8b8680d7a72d848d080961923d8083,dark,5,benign
0,0.46848824620246887,1,fitzpatrick17k,fitz_e6c519d0d0063319c85a6d4784398698,light,2,benign
1,0.40788212418556213,1,fitzpatrick17k,fitz_42a4ea1eb2ba38f1e1f88e6de7f862f5,medium,3,malignant
0,0.48929110169410706,1,fitzpatrick17k,fitz_50320d3ed1d18dcc095c8e0a75fbaf9f,medium,4,benign
0,0.4536828100681305,1,fitzpatrick17k,fitz_5092865ee2fa51baf1ec53955c6193e4,medium,3,benign
0,0.5698657035827637,1,fitzpatrick17k,fitz_dcb68b2c4896b863eadf77e05b786222,light,1,benign
0,0.4603607952594757,1,fitzpatrick17k,fitz_9a0245a8032ecb098d05e719e6f369af,medium,3,benign
1,0.5557814836502075,1,fitzpatrick17k,fitz_59987085d01b140ce512082866095ddd,medium,3,malignant
1,0.674386739730835,1,fitzpatrick17k,fitz_550749c351ebf42acc3ec74f9f9a6de4,light,2,malignant
1,0.6941894888877869,1,fitzpatrick17k,fitz_7d6ae096a58cc9a689e28ab2fc06a75f,light,2,malignant
0,0.5613195896148682,1,fitzpatrick17k,fitz_f49e19687bcf242c59d1059799a30580,medium,3,benign
0,0.2505021393299103,1,fitzpatrick17k,fitz_d05fb27a087443340b2eb25c0d43d5fa,light,2,benign
1,0.6800858378410339,1,fitzpatrick17k,fitz_d962d44c1ad9d8007dd31cbc9cb6aad8,medium,3,malignant
1,0.7076125741004944,1,fitzpatrick17k,fitz_3c98d2fde2b27e0c6f8df03a53d8b423,light,2,malignant
0,0.580512523651123,1,fitzpatrick17k,fitz_66f79db09e98615a880fa486257b1f8e,light,2,benign
1,0.7201695442199707,1,fitzpatrick17k,fitz_9a5f998ab51a9b43f16b21b25aaf96a8,light,2,malignant
0,0.7347034811973572,1,fitzpatrick17k,fitz_96bec8fd4da31a9d4121ca5d0b98c0f3,light,1,benign
0,0.5027438402175903,1,fitzpatrick17k,fitz_3a1fef19baed939b8aea138c39e80520,medium,3,benign
0,0.4192987382411957,1,fitzpatrick17k,fitz_86e06044722b56731a4ac04673470f66,medium,3,benign
0,0.39517074823379517,1,fitzpatrick17k,fitz_5073d307b3acf3a5317afea6a7350a55,light,1,benign
0,0.3915651738643646,1,fitzpatrick17k,fitz_0a29dec8e46eedc054b152cdb2aab360,dark,5,benign
0,0.5060667991638184,1,fitzpatrick17k,fitz_6783ebf33d6994ac3b8426c83c37e34f,dark,5,benign
1,0.7766410708427429,1,fitzpatrick17k,fitz_6a727240423e70d739921e7ca293cbdc,light,2,malignant
1,0.4858987331390381,1,fitzpatrick17k,fitz_5add954298359b4281d027a5e03e2bd6,light,1,malignant
0,0.48644906282424927,1,fitzpatrick17k,fitz_5c95b3d93a9d6649c44b0a275a3a5d64,light,2,benign
0,0.45548149943351746,1,fitzpatrick17k,fitz_3df276853316c739d7138740071bde7f,light,2,benign
1,0.593245804309845,1,fitzpatrick17k,fitz_deba1747c5e39cae4b05d5a6e31139fa,medium,3,malignant
0,0.4740450382232666,1,fitzpatrick17k,fitz_7e07017d32201556a240de7bfce60daf,light,1,benign
0,0.3865477442741394,1,fitzpatrick17k,fitz_2b407981c8bf792b9a0fbd0c8c1b1a99,light,1,benign
0,0.5853633284568787,1,fitzpatrick17k,fitz_a9b8d91729eee474193f0ffe3fbfb9c8,light,1,benign
1,0.5032575130462646,1,fitzpatrick17k,fitz_125369d0260cf8e84641341e80678436,light,2,malignant
1,0.6654603481292725,1,fitzpatrick17k,fitz_36c7bbdced601b5d9fb1cc7cdc0df7e3,dark,6,malignant
1,0.5131341814994812,1,fitzpatrick17k,fitz_45faa12ef71900861d9a6d3d448035f2,light,2,malignant
0,0.5344138145446777,1,fitzpatrick17k,fitz_3d7155287bf2e6845b227ba9cbf6d0de,dark,6,benign
0,0.531380295753479,1,fitzpatrick17k,fitz_4e4e18efc2cf35be57a59bd8d83c1990,medium,3,benign
0,0.5173155069351196,1,fitzpatrick17k,fitz_efa95d6b48cc71f53d5346ff3dc2968f,light,1,benign
0,0.5578094720840454,1,fitzpatrick17k,fitz_a1e449b44f6ebc2eb9087f3aa6ba8136,light,2,benign
0,0.45512282848358154,1,fitzpatrick17k,fitz_2a8997223e89bff7fae603f8b3e36419,medium,4,benign
0,0.45220476388931274,1,fitzpatrick17k,fitz_91b9b78d128f6c53e2577620f585a677,light,2,benign
1,0.6334846615791321,1,fitzpatrick17k,fitz_27f0e7a7365483f98d68f0e2f4dd057e,light,1,malignant
1,0.6969252824783325,1,fitzpatrick17k,fitz_ad6a439e55fd8b5bd17caf2d72b76d61,light,2,malignant
1,0.6452078819274902,1,fitzpatrick17k,fitz_4e63404b516800a93d6dc91e4f4a23b6,light,2,malignant
1,0.6551871299743652,1,fitzpatrick17k,fitz_1cc5a0ffcaf2f370cd65f10eeeb7fddd,medium,3,malignant
0,0.4899752736091614,1,fitzpatrick17k,fitz_1275e525b2622ef5c38c53efb4055580,medium,4,benign
0,0.41149672865867615,1,fitzpatrick17k,fitz_21a85638fd9420f2dab59c2fdd3ff49d,light,1,benign
0,0.6017912030220032,1,fitzpatrick17k,fitz_27b55a1e118e4cb1dc5a8579a73b7d14,medium,4,benign
1,0.4614535868167877,1,fitzpatrick17k,fitz_a3a2e68f839c7eabb994e3ec4fa4ed5a,light,2,malignant
0,0.4612389802932739,1,fitzpatrick17k,fitz_ba807276a070010ad3231795bb61eb2c,medium,4,benign
1,0.6835735440254211,1,fitzpatrick17k,fitz_ee637782bb19282cff0a55b7b0edb871,light,1,malignant
1,0.5202053189277649,1,fitzpatrick17k,fitz_ce104e40baa37a3b52cec156a66bcfac,light,2,malignant
1,0.7226287126541138,1,fitzpatrick17k,fitz_a5a355561aa62dd374d3bd2e52926d66,light,2,malignant
0,0.6189079880714417,1,fitzpatrick17k,fitz_19a090e5ca491caed2d624365db70a23,light,1,benign
0,0.4661354422569275,1,fitzpatrick17k,fitz_2f2ea9c853995a458c2b10ac8cbfb9bb,medium,3,benign
0,0.43666398525238037,1,fitzpatrick17k,fitz_155d6961a4ba33aac316c0ed099690fe,light,1,benign
1,0.5369105339050293,1,fitzpatrick17k,fitz_6152f62f6273b8d9ffa0f19bf812a491,medium,3,malignant
0,0.46078410744667053,1,fitzpatrick17k,fitz_aed70337dbab2df6b842a07ac4c1fdb9,medium,3,benign
1,0.5072269439697266,1,fitzpatrick17k,fitz_80a3e00801334e4c11ed77c7cf5e1419,medium,3,malignant
1,0.790987491607666,1,fitzpatrick17k,fitz_25677b4c4039ea606755d6771fa1981d,medium,3,malignant
0,0.35272878408432007,1,fitzpatrick17k,fitz_021b92696d34d7cac5a20029e4b58584,light,1,benign
1,0.5304881930351257,1,fitzpatrick17k,fitz_15502416617d675ef40e3e358fbcb74c,light,2,malignant
1,0.557476282119751,1,fitzpatrick17k,fitz_3042a71577705ce4987379043d185ab9,light,1,malignant
1,0.6091951727867126,1,fitzpatrick17k,fitz_25e4eae439e80e56c8228d9c4cf03ce0,light,2,malignant
1,0.5906228423118591,1,fitzpatrick17k,fitz_467b2ac03723ec804ecb709da4a5bb16,medium,3,malignant
0,0.4648040235042572,1,fitzpatrick17k,fitz_c1cde759eca19dd8fbe3884a352ba3c1,dark,5,benign
1,0.7377706170082092,1,fitzpatrick17k,fitz_e3b5c9993cd0e73962762d295213d05f,light,1,malignant
0,0.6627359390258789,1,fitzpatrick17k,fitz_8ba5189cc891891e6f1b4d5f4f9bc1e1,dark,5,benign
0,0.4555117189884186,1,fitzpatrick17k,fitz_f8ce28c0e5cbf90fcbfe0ddde26bd027,light,2,benign
0,0.30810484290122986,1,fitzpatrick17k,fitz_0a89bf3ba5412346ea9a0f0c7e70818d,light,1,benign
0,0.33147409558296204,1,fitzpatrick17k,fitz_9b3d2b7c3148eb06b261fd4f69241201,light,1,benign
0,0.5920680165290833,1,fitzpatrick17k,fitz_2b2c5a9ca6f5c5b04334b72264b1d711,medium,3,benign
1,0.5982784628868103,1,fitzpatrick17k,fitz_4d62c85e7418437269b3c22b467841bb,light,2,malignant
1,0.7368214726448059,1,fitzpatrick17k,fitz_fb37df7e989131ce7a858ec25320067d,medium,4,malignant
1,0.6574283242225647,1,fitzpatrick17k,fitz_5b552fb15839338227880aaac895128a,dark,5,malignant
1,0.6969543695449829,1,fitzpatrick17k,fitz_865eb4dc2f13c93b8537f281fb68b6f5,light,2,malignant
1,0.7801506519317627,1,fitzpatrick17k,fitz_c127912e9efdc0da2cca4273dadbb4f3,light,2,malignant
0,0.4595044255256653,1,fitzpatrick17k,fitz_600410cdc0fcd7be30fbf4f51f92b7cf,light,1,benign
1,0.5218376517295837,1,fitzpatrick17k,fitz_ede3cf4179d6e3de2764edecc494c118,light,1,malignant
0,0.5428856611251831,1,fitzpatrick17k,fitz_3f51e93925f09e7f150cfbc9714abd9c,medium,4,benign
0,0.6334328055381775,1,fitzpatrick17k,fitz_3e77fd8caa1a4991911f3006965f4089,medium,3,benign
0,0.4524381160736084,1,fitzpatrick17k,fitz_e0764158441e95f9d96fc3b9f1155673,light,2,benign
1,0.6321398615837097,1,fitzpatrick17k,fitz_617f9ddb778028f305520a92ac052c68,dark,6,malignant
0,0.4676404893398285,1,fitzpatrick17k,fitz_90c37624ede8bedb2051a85c2d9d7a0a,light,1,benign
0,0.48433586955070496,1,fitzpatrick17k,fitz_b0b1a536f39abb373d3138d49e809fd9,light,2,benign
0,0.5640757083892822,1,fitzpatrick17k,fitz_a69f31790288add2d48e4441ce92c329,light,1,benign
0,0.39821675419807434,1,fitzpatrick17k,fitz_dc257a4ada33a8ed25863f7d819aabaf,medium,3,benign
1,0.5293667912483215,1,fitzpatrick17k,fitz_858266d175faa1b034d19d4257b057fd,dark,6,malignant
0,0.475627064704895,1,fitzpatrick17k,fitz_d0f4beb1f4a3f84a42aaf64856b4f473,light,2,benign
0,0.4542608857154846,1,fitzpatrick17k,fitz_accc691e256ac8445b9e4bdbea0cae43,light,2,benign
1,0.7039914727210999,1,fitzpatrick17k,fitz_2cc47698a46f2371a31a5a5a547de03a,dark,6,malignant
1,0.5245090126991272,1,fitzpatrick17k,fitz_e38312ccf84a0e26adeebb4cb7f9732b,medium,3,malignant
0,0.644478976726532,1,fitzpatrick17k,fitz_ce4c87e3f39e11632be2d5f4eb4cb603,medium,3,benign
1,0.5474258661270142,1,fitzpatrick17k,fitz_59c60187f6e65c32cbbadbdfc8b8df1d,light,2,malignant
0,0.4845125377178192,1,fitzpatrick17k,fitz_f7899b8f12692a3c30a44a5707ca0b9e,light,2,benign
1,0.5304224491119385,1,fitzpatrick17k,fitz_d718d651cbb1a4041ee554bd22956206,light,2,malignant
0,0.48407626152038574,1,fitzpatrick17k,fitz_90dda85d211a3d0143b095cc6b2bf8b6,light,1,benign
1,0.5410895943641663,1,fitzpatrick17k,fitz_d9fbdadef6ca5cd7f3c3d3928fa6d57d,light,2,malignant
1,0.46335864067077637,1,fitzpatrick17k,fitz_64ba283eeed948b9af16855140ee78f6,light,2,malignant
1,0.5584420561790466,1,fitzpatrick17k,fitz_7cedaa3277cb1efd41f5f9f70e6be0c7,dark,6,malignant
0,0.5642102360725403,1,fitzpatrick17k,fitz_d44a546f078bbcafcdeee1b467e35c6c,medium,3,benign
0,0.4626186192035675,1,fitzpatrick17k,fitz_029ab44da79e21d978697ee30f4dbf18,light,1,benign
1,0.7157648205757141,1,fitzpatrick17k,fitz_ce123c8a38d3da4112480b175c948142,light,2,malignant
0,0.46648916602134705,1,fitzpatrick17k,fitz_fc3b51e3159a65bc442c8e9e47c5f64e,medium,3,benign
1,0.6904045343399048,1,fitzpatrick17k,fitz_f1c06ae789abed0425b017fc77eb16e5,light,1,malignant
0,0.42180219292640686,1,fitzpatrick17k,fitz_731faa24d8d0b5dc3b266fdfaa0a3154,light,2,benign
1,0.43256351351737976,1,fitzpatrick17k,fitz_7692cb086f7213b19eeb33accf8aa219,light,2,malignant
1,0.6728501319885254,1,fitzpatrick17k,fitz_0a07b5a38573468dbd4d503d6f1e800b,light,2,malignant
1,0.5314285159111023,1,fitzpatrick17k,fitz_0e72ba059329555ffcfe32d627a15b7a,light,2,malignant
0,0.5517939925193787,1,fitzpatrick17k,fitz_0e040061170c554a1945be51928f7e3e,light,2,benign
1,0.47823062539100647,1,fitzpatrick17k,fitz_1efdafa8e4d13738f58f4400598a106c,dark,6,malignant
1,0.6630333662033081,1,fitzpatrick17k,fitz_25d0d3d0859700a1fccdf9e8c6524146,light,2,malignant
1,0.6320749521255493,1,fitzpatrick17k,fitz_9313cd83e63de37e82a3b69b31776b45,light,1,malignant
0,0.47771933674812317,1,fitzpatrick17k,fitz_da798ca5bbd0e1cd0d7cacdb2a23807f,medium,3,benign
0,0.4770103693008423,1,fitzpatrick17k,fitz_70f0fd4d38ece05739370023a873cc10,light,2,benign
0,0.5411850810050964,1,fitzpatrick17k,fitz_9a55f89f282f3702b58a7a2dca4f37f8,light,2,benign
1,0.46134528517723083,1,fitzpatrick17k,fitz_2dbf863f60d92fcb6bd2cb08ab04abba,light,1,malignant
1,0.5321483016014099,1,fitzpatrick17k,fitz_b2c2253b84792ac44360b51b799fece2,light,2,malignant
1,0.7472372651100159,1,fitzpatrick17k,fitz_3c8898cea81673fe523d75dc4a4c0d2d,light,1,malignant
0,0.39324912428855896,1,fitzpatrick17k,fitz_6b4632eb4eb9ee5df977ad7fb3548810,light,2,benign
0,0.5976527333259583,1,fitzpatrick17k,fitz_7c1f1d90d75ab40a0d2394da7ce8727c,light,1,benign
0,0.3211604654788971,1,fitzpatrick17k,fitz_d18c7682d14d03b077b1e352e900c97b,light,1,benign
0,0.27737507224082947,1,fitzpatrick17k,fitz_3d545a8e12de55025607eebf6d205572,light,1,benign
0,0.39185845851898193,1,fitzpatrick17k,fitz_d5752551d0b7b31422986128112c41a1,medium,3,benign
0,0.5906919836997986,1,fitzpatrick17k,fitz_4cca89d029db2c55afc0af3dca625988,medium,3,benign
1,0.5353036522865295,1,fitzpatrick17k,fitz_1c31b43cce49c0e53349f4f1adb59b1d,medium,3,malignant
0,0.5285339951515198,1,fitzpatrick17k,fitz_bd5a5de305764b9affc516838c7f57e7,light,1,benign
0,0.37344133853912354,1,fitzpatrick17k,fitz_71a893ec119b26b689459b8e236276c0,light,2,benign
0,0.47044456005096436,1,fitzpatrick17k,fitz_5558a2813ea5162d1a1aa5deaa3a31eb,light,2,benign
0,0.7259037494659424,1,fitzpatrick17k,fitz_1824973d61a11cde18cf42affcc0f080,medium,3,benign
1,0.5084364414215088,1,fitzpatrick17k,fitz_b373d991b75e405e4d1d3b2bf805a5df,light,2,malignant
0,0.4450470805168152,1,fitzpatrick17k,fitz_93b03f4227a3418b92326eed8cc83e45,medium,4,benign
1,0.6348204612731934,1,fitzpatrick17k,fitz_41dffc4224be2a0a9b2b31243755b1ae,light,2,malignant
0,0.46947765350341797,1,fitzpatrick17k,fitz_a852433b45a05261e7d85043c401dfcc,dark,5,benign
0,0.4958937466144562,1,fitzpatrick17k,fitz_d34976d2cebb41b26f8cc2bec26f6b64,light,2,benign
1,0.5514569878578186,1,fitzpatrick17k,fitz_125842e1870ae0f3b77a57f228da33fc,light,1,malignant
1,0.6019068360328674,1,fitzpatrick17k,fitz_d65fdc32c79ea26ffaaeb7204efc0223,medium,3,malignant
0,0.4669453501701355,1,fitzpatrick17k,fitz_6a2e91069df670e7d7f13ede4f75bcd3,medium,3,benign
1,0.47413039207458496,1,fitzpatrick17k,fitz_aca181f822e1b641ec9ed0b4cd2e80eb,light,1,malignant
0,0.3466838598251343,1,fitzpatrick17k,fitz_3f80bf8d754311831c564a6e5a879a73,light,2,benign
0,0.4237344264984131,1,fitzpatrick17k,fitz_63df5103948caaf40259faaf280c3baf,medium,3,benign
1,0.6324436664581299,1,fitzpatrick17k,fitz_3dd9ae5ab1b9677e06a3b0141ead201d,light,1,malignant
0,0.48523640632629395,1,fitzpatrick17k,fitz_bdbff12fd58ac21e07a0b2733c0dd43b,light,1,benign
1,0.7727302312850952,1,fitzpatrick17k,fitz_1c3444dab1e633779819b4932f543aed,medium,3,malignant
1,0.6372880935668945,1,fitzpatrick17k,fitz_a2898cb754e221b22d10680ffffbe9a1,light,1,malignant
0,0.5524455308914185,1,fitzpatrick17k,fitz_a0146083f2f6fa73d4e3fe398469a6ea,light,2,benign
0,0.39199623465538025,1,fitzpatrick17k,fitz_c62264223e918cf7f7c504276ba40671,light,1,benign
0,0.5641118884086609,1,fitzpatrick17k,fitz_cdd644fb1e72f6e461e0415525386ec3,medium,3,benign
1,0.4933471083641052,1,fitzpatrick17k,fitz_0844ae634f0e6e7ef1f73c2aeecbae0e,light,2,malignant
1,0.6848996877670288,1,fitzpatrick17k,fitz_5a9232c6394a9919c4c9fb9d4dabbd9d,medium,4,malignant
1,0.6393001675605774,1,fitzpatrick17k,fitz_b50a802b6d5e458e6d6e446b6cee35d9,medium,4,malignant
0,0.5786272287368774,1,fitzpatrick17k,fitz_cfd8694ca639f7a637cb5b423bc848df,light,2,benign
1,0.43349459767341614,1,fitzpatrick17k,fitz_98b0322096085a163b8b849ec481e30f,medium,4,malignant
0,0.5723791718482971,1,fitzpatrick17k,fitz_4b4fed3ca92f57ccca449ae534f5f65e,light,1,benign
0,0.593153715133667,1,fitzpatrick17k,fitz_72f62bfc9dc7ce48b315ec3da1b4a0b4,medium,3,benign
0,0.4887586236000061,1,fitzpatrick17k,fitz_1d00f1720f305a0fff13b4221ca70702,light,2,benign
0,0.43662217259407043,1,fitzpatrick17k,fitz_b0877b4d49fb1642a5d8b0319c474a2d,light,2,benign
0,0.5116866827011108,1,fitzpatrick17k,fitz_49e78ef5bd9ddef0106c09c86916f245,medium,3,benign
1,0.43519651889801025,1,fitzpatrick17k,fitz_4eac90794695a5cbf4d632bce355825f,light,2,malignant
0,0.4661511480808258,1,fitzpatrick17k,fitz_8e45562046834e1cd4eb7d86f42e3dac,dark,5,benign
0,0.6911614537239075,1,fitzpatrick17k,fitz_205e6030665cf92c6643f2bcf2151b7c,light,2,benign
1,0.5042659640312195,1,fitzpatrick17k,fitz_cba6bd5b134c25e21d636d87b711f662,light,2,malignant
0,0.47134774923324585,1,fitzpatrick17k,fitz_6a4b03f7cf0e7b6fcc018ea929e4acd5,medium,4,benign
0,0.5106921792030334,1,fitzpatrick17k,fitz_2bee4463934ab590518747c3c4ff5e76,light,2,benign
1,0.7556347250938416,1,fitzpatrick17k,fitz_ba46220798657477a46982340b11c9ed,light,2,malignant
1,0.5391407012939453,1,fitzpatrick17k,fitz_375fb0b667a132850089bb99ab896972,light,1,malignant
1,0.5989269614219666,1,fitzpatrick17k,fitz_304f8ce123139ee152d5bd43415e2edc,light,1,malignant
0,0.51990807056427,1,fitzpatrick17k,fitz_37b60d44e70c828d90891fb5672fa8d1,light,2,benign
0,0.3561721742153168,1,fitzpatrick17k,fitz_d3c7eee6e297d259bf3ffa94ff26c315,light,2,benign
0,0.6452707648277283,1,fitzpatrick17k,fitz_d10b1536c16c8dae1abf7a51c48c4fc9,medium,4,benign
0,0.628456175327301,1,fitzpatrick17k,fitz_78b4bce9ace2141a29505b53fc7be308,light,2,benign
0,0.4854593873023987,1,fitzpatrick17k,fitz_c947a671109f3d95e08eca2e1c42d526,light,2,benign
1,0.4851384162902832,1,fitzpatrick17k,fitz_37c9a984fbf34057023942c77d1ddff2,light,2,malignant
1,0.5828554630279541,1,fitzpatrick17k,fitz_ace306be3c5fea443e7b290a44e0bd87,light,1,malignant
1,0.532410204410553,1,fitzpatrick17k,fitz_6fe05b4958791a509557c5fc392762ce,light,1,malignant
1,0.6776549220085144,1,fitzpatrick17k,fitz_e5c82d28f05a70b9d9a85a6c9f087976,light,2,malignant
0,0.6008965969085693,1,fitzpatrick17k,fitz_692a1c9462041940e77cb4614480b55e,light,2,benign
0,0.5477394461631775,1,fitzpatrick17k,fitz_269ad28d5e12505ddb13533c7d80221c,light,2,benign
1,0.4132465720176697,1,fitzpatrick17k,fitz_3fbe70e536d08d96514ce43e1e496a46,dark,5,malignant
0,0.47247210144996643,1,fitzpatrick17k,fitz_d0bfab00dfa3c2c832ddf9e95ad23075,light,2,benign
0,0.6124695539474487,1,fitzpatrick17k,fitz_efe3e2531920684f5b2aed7a3b38b34c,light,2,benign
0,0.47650447487831116,1,fitzpatrick17k,fitz_5c8ab654181f2ccdcfec2ddd0f7dfdba,dark,5,benign
1,0.7582322359085083,1,fitzpatrick17k,fitz_f6d1f2cfcc309f1eee488ab6e98ce0c2,medium,3,malignant
1,0.570518434047699,1,fitzpatrick17k,fitz_137e4409b39d92e3884100c87d7fdf6a,light,2,malignant
1,0.6683452129364014,1,fitzpatrick17k,fitz_6e7bfd02ac7b8fb2c8497250d6f7ce82,light,2,malignant
0,0.5433374047279358,1,fitzpatrick17k,fitz_faebb1f6e32cdd367674975a681950e6,light,2,benign
1,0.43046972155570984,1,fitzpatrick17k,fitz_638cc168f86dcb834cf96af0a6d59f7e,light,1,malignant
1,0.5655714273452759,1,fitzpatrick17k,fitz_be39fbddbcfc833ce7862e06eaf800ee,medium,3,malignant
1,0.4925879240036011,1,fitzpatrick17k,fitz_a07a48332fa6c0b2c5614d8377c6b86f,light,1,malignant
0,0.5658968091011047,1,fitzpatrick17k,fitz_34a35c0605e4c4c946092e7a6a366d27,medium,3,benign
0,0.5467550754547119,1,fitzpatrick17k,fitz_0fa2fad331398dc03d462f6950f78b20,medium,4,benign
1,0.4595060348510742,1,fitzpatrick17k,fitz_cfe8cb78da8aea85c889540ac9863d90,light,2,malignant
0,0.5157867670059204,1,fitzpatrick17k,fitz_1481bcfce4a0d75ccb6bfbd78fe242aa,light,1,benign
1,0.6040823459625244,1,fitzpatrick17k,fitz_bb6ae8c9458a9760ef0be6d2fb6f2bd9,medium,4,malignant
0,0.7037821412086487,1,fitzpatrick17k,fitz_0fdf33ad3befb50b72464bc515abc9e3,medium,4,benign
0,0.4973093867301941,1,fitzpatrick17k,fitz_d6724ea9a612cad101326b4809f1defa,light,1,benign
1,0.5235317945480347,1,fitzpatrick17k,fitz_9a309ec1b5a7623e1064399137b0edee,light,2,malignant
0,0.5684774518013,1,fitzpatrick17k,fitz_6c353ee141e49f24f232b9f7baa7722c,medium,4,benign
0,0.5561774969100952,1,fitzpatrick17k,fitz_11a612d364d91616d3ed4a68cc4e49d5,light,2,benign
1,0.6606956124305725,1,fitzpatrick17k,fitz_5ebf2926c88d2a8b5411ae057705a5ac,light,2,malignant
1,0.4452971816062927,1,fitzpatrick17k,fitz_045b1d751bdafb3c8126c61c5caf270d,light,2,malignant
1,0.6698290109634399,1,fitzpatrick17k,fitz_30b6c1170e08b3e8b97c080a8e67ada7,medium,3,malignant
0,0.30617469549179077,1,fitzpatrick17k,fitz_697b984c46c3ee6e0ced7a87e449a8dc,light,1,benign
0,0.481614887714386,1,fitzpatrick17k,fitz_42899aead8769c1a0c7033672137a220,dark,6,benign
0,0.4667801558971405,1,fitzpatrick17k,fitz_9f4cec6b3ce59db29cb3a64d782d0d53,light,2,benign
0,0.9384883642196655,1,fitzpatrick17k,fitz_436bc99268db477103afc6ac02b77f42,light,2,benign
1,0.5445659756660461,1,fitzpatrick17k,fitz_685a7c352d2ea694d22299622267be9b,medium,4,malignant
1,0.501537561416626,1,fitzpatrick17k,fitz_a51617e00dfdf9febbdef2b0741ee82d,light,1,malignant
0,0.446296364068985,1,fitzpatrick17k,fitz_bfe249070829d1e016e75600a955f436,dark,5,benign
0,0.5377859473228455,1,fitzpatrick17k,fitz_c750ae181c65977cec04dae156881b42,light,1,benign
1,0.27347642183303833,1,fitzpatrick17k,fitz_e11d8a5581a737afa24b5da28b0ebe5b,light,1,malignant
0,0.45932579040527344,1,fitzpatrick17k,fitz_2a794a2b8b086571cfd4c9cb7d791b77,light,2,benign
1,0.5115454792976379,1,fitzpatrick17k,fitz_f0758a39abe4ef22f174aa6e68689459,medium,3,malignant
1,0.7014667391777039,1,fitzpatrick17k,fitz_24c7a58c0e60303086d0f5f89b121ae4,dark,5,malignant
0,0.45093584060668945,1,fitzpatrick17k,fitz_08125b6ac1e3933d28af2a284638e360,medium,4,benign
1,0.5106749534606934,1,fitzpatrick17k,fitz_05861d0fd5cd730b053a0f8c5a6e99ec,light,2,malignant
0,0.4408496916294098,1,fitzpatrick17k,fitz_048ac24a3431a3df883d8f0bfa8ff89b,light,2,benign
0,0.5514489412307739,1,fitzpatrick17k,fitz_b2ed578a520fb52a62ca4192c1da4280,light,2,benign
0,0.49590885639190674,1,fitzpatrick17k,fitz_0e89f04740ad87bdecb1e5256b079469,light,1,benign
0,0.3400023877620697,1,fitzpatrick17k,fitz_cb5298cf1c091ab353a10b49f7dfbeba,medium,3,benign
1,0.5912677049636841,1,fitzpatrick17k,fitz_645b24104b28e86bfb28390717e9b63f,medium,3,malignant
1,0.4411441683769226,1,fitzpatrick17k,fitz_08dbc9d4e36738f6bf565a2dfabde144,light,2,malignant
0,0.4367101490497589,1,fitzpatrick17k,fitz_ef1b896137ba87b44467ede3a28d029b,medium,3,benign
1,0.44985222816467285,1,fitzpatrick17k,fitz_447f5b3401ba50698a9f18132963a80c,light,2,malignant
1,0.789929986000061,1,fitzpatrick17k,fitz_589f48c7090ead494b0cea65d960d9d9,light,2,malignant
1,0.7208256125450134,1,fitzpatrick17k,fitz_30fd701054b889dcde3c3632585fd523,light,2,malignant
1,0.3550536334514618,1,fitzpatrick17k,fitz_9b5a17a89ac84a918ad6d115de8297ff,light,1,malignant
1,0.5272956490516663,1,fitzpatrick17k,fitz_852b1cbfb924539f2aa31a036ea6b565,light,2,malignant
1,0.6937054395675659,1,fitzpatrick17k,fitz_3148e06be77894f760bf482fe7e6f2e5,light,2,malignant
0,0.3897351920604706,1,fitzpatrick17k,fitz_25baea3546ebb667c4a391636846d377,light,2,benign
1,0.533580482006073,1,fitzpatrick17k,fitz_e7cb49cd64f7e1e622afda4938e3b584,light,2,malignant
0,0.43125587701797485,1,fitzpatrick17k,fitz_e5ca79ad2e29216d3e105ad65a959921,light,2,benign
0,0.41493213176727295,1,fitzpatrick17k,fitz_6853bfe649cc69edb3f8dc92db3dc10e,light,1,benign
0,0.4820713400840759,1,fitzpatrick17k,fitz_94b4c6c2958569910fc618f7f2645d12,light,2,benign
1,0.6214826703071594,1,fitzpatrick17k,fitz_19643fbe79ee9d5d5b632c17f654f305,light,2,malignant
0,0.44088542461395264,1,fitzpatrick17k,fitz_aa5803ec59d9ffb36bbaaa8dc75a0436,light,2,benign
0,0.7152037620544434,1,fitzpatrick17k,fitz_f96b527163e088d38f047634985e19db,light,2,benign
1,0.7540159225463867,1,fitzpatrick17k,fitz_4644f52d635a683a54e256e0431b6536,light,1,malignant
0,0.6327653527259827,1,fitzpatrick17k,fitz_a86effe0ae5a3e21a3b8a318a3a2f39d,medium,3,benign
1,0.45584315061569214,1,fitzpatrick17k,fitz_3d9906a74daa3f200a177ee57fcf8310,light,2,malignant
1,0.6995473504066467,1,fitzpatrick17k,fitz_33184eb4424abaf46843d89c4c408552,dark,6,malignant
1,0.4958157241344452,1,fitzpatrick17k,fitz_27636e10ca656290c8dfc9b238bf5a17,light,2,malignant
0,0.6224404573440552,1,fitzpatrick17k,fitz_cc807605c17f141b50ed2c7286381a82,light,2,benign
0,0.3586580157279968,1,fitzpatrick17k,fitz_8647998b1f27e513e405a7a42224a3d5,light,2,benign
1,0.6815434098243713,1,fitzpatrick17k,fitz_be7a0fca0d3ef08aac3427caf387a796,light,2,malignant
1,0.6783531904220581,1,fitzpatrick17k,fitz_576faa7eb74b377212e11c85847c41fb,light,2,malignant
0,0.4770798087120056,1,fitzpatrick17k,fitz_d65d57104c490f783805bf584c7d5ce5,dark,5,benign
0,0.5897020101547241,1,fitzpatrick17k,fitz_0563ffb3690c6de90707a8181f08f66f,medium,3,benign
1,0.6975118517875671,1,fitzpatrick17k,fitz_b40cf4455677152a13d9469e784bfabb,medium,3,malignant
0,0.4234411418437958,1,fitzpatrick17k,fitz_ef309291e866852201c48b301ccd4256,light,1,benign
0,0.7145981192588806,1,fitzpatrick17k,fitz_9b2e71766f8eb10f5bae4530e02543f2,light,2,benign
1,0.5819432735443115,1,fitzpatrick17k,fitz_5b8c122580d078254c8d68273bdb0998,light,2,malignant
0,0.4670049548149109,1,fitzpatrick17k,fitz_6e6a57c1fcd3d2fac8fa4f395f26a38b,medium,4,benign
0,0.55777508020401,1,fitzpatrick17k,fitz_8618dfb500f85b7ba152329894f5da9a,light,2,benign
0,0.4441571533679962,1,fitzpatrick17k,fitz_8824a77597e15d28293ea83e190ce68f,light,2,benign
1,0.49811941385269165,1,fitzpatrick17k,fitz_17d220d256211aeff23230af4f1bc977,light,1,malignant
0,0.496234267950058,1,fitzpatrick17k,fitz_1ca7a0d873e3ebdfbdbe0e22c4d5d485,medium,3,benign
0,0.6029007434844971,1,fitzpatrick17k,fitz_468fedaf0c0f9897f1d7a24c458572b2,medium,3,benign
0,0.4241314232349396,1,fitzpatrick17k,fitz_a7eae4ffe6b9a261528fda4ee1ef9fc0,light,2,benign
0,0.5368556380271912,1,fitzpatrick17k,fitz_10055efa4928f28500cd12510e614faf,medium,3,benign
1,0.5505768656730652,1,fitzpatrick17k,fitz_f94b06b9dd83db284af0a76a7b49e94c,light,1,malignant
0,0.5185564756393433,1,fitzpatrick17k,fitz_d26899a09ac4a25f2a598d4253ef9a51,light,1,benign
0,0.5771324634552002,1,fitzpatrick17k,fitz_489d3e393e11adb2ee67a6dc4d8ac011,light,2,benign
1,0.6721717119216919,1,fitzpatrick17k,fitz_6945401bf5ac888176538920a24b7777,medium,3,malignant
1,0.49395474791526794,1,fitzpatrick17k,fitz_127c614a1b7946171d4481ece27e5834,light,1,malignant
0,0.368665874004364,1,fitzpatrick17k,fitz_b536c3c3111a2ebb815a8710a89efc5a,light,2,benign
1,0.6240441203117371,1,fitzpatrick17k,fitz_9cc65e527c182ae53fb7570790171f0c,light,2,malignant
0,0.502062201499939,1,fitzpatrick17k,fitz_bff7a8e61d2065276ad907226036574f,light,2,benign
0,0.6293231248855591,1,fitzpatrick17k,fitz_48d1f8fcbd697d3cb9a89b470b76e4ab,light,2,benign
1,0.5478039979934692,1,fitzpatrick17k,fitz_c4b11cbc9b40271ec50817be6388814c,dark,5,malignant
1,0.6171063780784607,1,fitzpatrick17k,fitz_7eb72f83e8c15e7f1c4d3facd0abfa8f,light,2,malignant
0,0.44721660017967224,1,fitzpatrick17k,fitz_097e214c5c8f30b5b9ed202bde45dbd2,light,2,benign
0,0.4601122736930847,1,fitzpatrick17k,fitz_a23aa29d7b4f28a00d606ee80f08cf7e,light,2,benign
0,0.7455641627311707,1,fitzpatrick17k,fitz_3d2f7ae5b1e2f0da02482d3ecd6869a8,medium,3,benign
1,0.6830182075500488,1,fitzpatrick17k,fitz_6ddff0707d6bfe84b1b4be7a7c41bf5e,medium,3,malignant
0,0.8658561110496521,1,fitzpatrick17k,fitz_3bf6a0b2b07e4139ac67a0ff5207915a,light,1,benign
0,0.45590680837631226,1,fitzpatrick17k,fitz_7d3fb9d126bc569174e0d1370e5908ff,dark,5,benign
1,0.5176142454147339,1,fitzpatrick17k,fitz_77e241b18f2f7f615e4a76ae87cd42ac,light,2,malignant
0,0.7039934992790222,1,fitzpatrick17k,fitz_7a8f05298d110f0a500a6dd534fc4782,light,2,benign
1,0.5288963317871094,1,fitzpatrick17k,fitz_d26b849fd202c4a414fd81871e516f8f,light,2,malignant
1,0.5190109610557556,1,fitzpatrick17k,fitz_24b359bb354232f22414960892020819,light,1,malignant
1,0.5038275718688965,1,fitzpatrick17k,fitz_64ac709a505775c19e96b55f0278aa61,light,2,malignant
0,0.4578435719013214,1,fitzpatrick17k,fitz_8bafe3c0acdeca24d12581cd6d4fdb65,medium,4,benign
1,0.6669875979423523,1,fitzpatrick17k,fitz_09df23048c17d2d5d298ea991a762a7b,light,2,malignant
1,0.549049437046051,1,fitzpatrick17k,fitz_0d8457afebb67905127da37baece43d8,dark,5,malignant
0,0.3716406226158142,1,fitzpatrick17k,fitz_d90786178514a75f27d7cfbec4eb06bb,light,2,benign
1,0.4611586034297943,1,fitzpatrick17k,fitz_a6a0e88091aee2e2a203f81385419870,light,2,malignant
0,0.697048544883728,1,fitzpatrick17k,fitz_77e57be20830beea9846d2c3a9ed5bd1,light,1,benign
0,0.46228015422821045,1,fitzpatrick17k,fitz_aec1e76dfe2266c73db2794889443ed7,medium,4,benign
1,0.5181275606155396,1,fitzpatrick17k,fitz_6c01e05cf7c76a641b92bb4b7383d27b,medium,3,malignant
0,0.3193072974681854,1,fitzpatrick17k,fitz_b99be0d9c64b6ee61f4cd1679c43387c,medium,3,benign
0,0.5278316736221313,1,fitzpatrick17k,fitz_ab9b09f1ec3a402dda9954afae4657b4,light,2,benign
0,0.6762797832489014,1,fitzpatrick17k,fitz_2f6da8d300aa57e53da36cc3afb59aec,medium,3,benign
1,0.3975113332271576,1,fitzpatrick17k,fitz_af9962796753508481866c02851f21b9,light,1,malignant
0,0.40517470240592957,1,fitzpatrick17k,fitz_c23323e1708d86b540188f3bd05d6ff3,light,1,benign
1,0.5250422954559326,1,fitzpatrick17k,fitz_69ee2924694efe5538f572c3fa9a5d87,light,2,malignant
1,0.579226553440094,1,fitzpatrick17k,fitz_bbe2ba6d1c72c477dc514277aa950a6e,light,2,malignant
1,0.3689507246017456,1,fitzpatrick17k,fitz_72aa410d76f560607fb2e74083b2e87d,light,2,malignant
0,0.7776533365249634,1,fitzpatrick17k,fitz_160dbc3e65bc20f7fa82f27bcd79d60c,light,1,benign
0,0.5756557583808899,1,fitzpatrick17k,fitz_338772cc570ce83a7cca87638bcbc40b,light,2,benign
1,0.5081847310066223,1,fitzpatrick17k,fitz_35abeea0d1d56e4a0b1720dea555ec99,light,2,malignant
1,0.5866289734840393,1,fitzpatrick17k,fitz_a2ec8926634557d70aa984c446b774b1,light,2,malignant
1,0.6244676113128662,1,fitzpatrick17k,fitz_c06d5028c6dd652a0e6ce830d64d6ea5,light,1,malignant
1,0.6666691303253174,1,fitzpatrick17k,fitz_a933cf003cc523204544c8820bc5c73e,light,1,malignant
1,0.3984019458293915,1,fitzpatrick17k,fitz_9b6a29c58a5cc9dd856128b9e28881ae,dark,5,malignant
1,0.5367652773857117,1,fitzpatrick17k,fitz_a72ce770400ce35db667f4cef6295192,medium,4,malignant
0,0.7690627574920654,1,fitzpatrick17k,fitz_e86d4d984d45fba9f79f9c44578da9d6,medium,3,benign
1,0.47127291560173035,1,fitzpatrick17k,fitz_07e86b7dfbd6ffe274193d330c182876,medium,3,malignant
1,0.3387974202632904,1,fitzpatrick17k,fitz_3cc5bf092e65969413ebb390d9c0344e,light,1,malignant
1,0.7436851859092712,1,fitzpatrick17k,fitz_5d07648c809dcaca09feef5c856ed3ed,medium,4,malignant
0,0.4237951934337616,1,fitzpatrick17k,fitz_5fc8442f7daf1947af4ac4b9b3e58928,light,2,benign
0,0.6349446177482605,1,fitzpatrick17k,fitz_698875b364a276a917ec097232955dba,light,2,benign
0,0.4985995292663574,1,fitzpatrick17k,fitz_55d8b07c3336b2388cb44c063f2d1b6d,dark,5,benign
1,0.6990936398506165,1,fitzpatrick17k,fitz_39f2c7532c560b9665bd06b2956d3acd,light,2,malignant
0,0.32336339354515076,1,fitzpatrick17k,fitz_0c9a63866e446cb601bdeb9a4d3787a6,light,2,benign
0,0.44529926776885986,1,fitzpatrick17k,fitz_0524c7e156295bd71bea39f7bde2595c,medium,4,benign
1,0.24530348181724548,1,fitzpatrick17k,fitz_3c50f209d0d5c01b5bf6ac2e47059211,medium,4,malignant
1,0.4844089150428772,1,fitzpatrick17k,fitz_aac12918e020bed883f2eb321dac661e,medium,3,malignant
0,0.4757332503795624,1,fitzpatrick17k,fitz_ce264c1179fe63735a19ff0adf4ed942,light,2,benign
1,0.6785179972648621,1,fitzpatrick17k,fitz_2e3a440729e7c6dc0543b21895324b18,light,1,malignant
1,0.5983392000198364,1,fitzpatrick17k,fitz_91b9cb946d6da44d95f21d89132628a5,medium,3,malignant
0,0.5107882022857666,1,fitzpatrick17k,fitz_69243b5e8ba06521744d03b52439eba0,medium,4,benign
0,0.50865638256073,1,fitzpatrick17k,fitz_886672e3a94aca6d2ba3f8196611eabc,dark,5,benign
0,0.5195785760879517,1,fitzpatrick17k,fitz_668404d69a35d4606157b027d2c1879d,light,2,benign
1,0.7480003833770752,1,fitzpatrick17k,fitz_977d4b1989e14ca35e800a9d4df52997,medium,4,malignant
1,0.5016610622406006,1,fitzpatrick17k,fitz_77c4fb940bcfe85ddb8e2a65d13ee847,medium,3,malignant
1,0.4360644221305847,1,fitzpatrick17k,fitz_60420b7681c5cbc8d4c6a88ec19c2680,light,2,malignant
1,0.6055653691291809,1,fitzpatrick17k,fitz_29cc6dbc600fb5861d5de1cd057bcae7,light,2,malignant
1,0.4528065025806427,1,fitzpatrick17k,fitz_e5edef2961436ce92fb26a7fb9a5a916,light,2,malignant
0,0.5117312073707581,1,fitzpatrick17k,fitz_1acb76e4dfa5190743e42d02a4a78ff9,light,1,benign
1,0.5354978442192078,1,fitzpatrick17k,fitz_709cda1386b72789222d1d30cb3506e8,medium,3,malignant
0,0.4343761205673218,1,fitzpatrick17k,fitz_764fa4784ca7e3e2060fef8052f111cf,medium,3,benign
0,0.5304529070854187,1,fitzpatrick17k,fitz_e66f752ef5a39908b8ad993df12d465d,medium,3,benign
0,0.4877166152000427,1,fitzpatrick17k,fitz_ea98d1de050f9dc7f3dec15022fa51e5,medium,4,benign
1,0.14254312217235565,0,fitzpatrick17k,fitz_0055bbe758e1f61904d462d966c5520e,light,2,malignant
0,0.728797197341919,1,fitzpatrick17k,fitz_a50e722048c0231d2ee8f1f6a4c07867,light,1,benign
1,0.4227954149246216,1,fitzpatrick17k,fitz_36568270e3f6b1795fd24ed0e558f7ea,medium,3,malignant
0,0.48219335079193115,1,fitzpatrick17k,fitz_6b47a0d5da60cff2e090ac44d1728e25,light,2,benign
0,0.5095969438552856,1,fitzpatrick17k,fitz_17f7264726654906b35da7baa43ce5f5,light,1,benign
0,0.6454885005950928,1,fitzpatrick17k,fitz_dcd51ecbfcb195cdf1712380ba5a5cef,light,1,benign
0,0.5895262360572815,1,fitzpatrick17k,fitz_d15aaf8aa0c88f984cc03f7baf5a2256,light,2,benign
1,0.5126271843910217,1,fitzpatrick17k,fitz_0eee4ba7249e41b3a8e09d3d7a2a1632,light,1,malignant
0,0.6642544865608215,1,fitzpatrick17k,fitz_4538448ea8e0642839225ba04b8faab8,medium,3,benign
1,0.4885489344596863,1,fitzpatrick17k,fitz_332d0613825a47f3220d6c2dcf3e7b0d,medium,4,malignant
0,0.6659324169158936,1,fitzpatrick17k,fitz_74fb80ef4a52be7af14be1af1f6fc2f1,light,2,benign
1,0.6154304146766663,1,fitzpatrick17k,fitz_5f8cf9c95e414128ac879ba70371fa7a,medium,3,malignant
0,0.29215797781944275,1,fitzpatrick17k,fitz_c38bce203721447588af7c8b977af343,medium,4,benign
0,0.40363043546676636,1,fitzpatrick17k,fitz_fb2df5d1c00e125a1790412373f611df,medium,4,benign
1,0.4187162518501282,1,fitzpatrick17k,fitz_ffd2a9f7fe88af2fc987ddb7a06c9069,light,1,malignant
0,0.4998375177383423,1,fitzpatrick17k,fitz_8469304f4c86bcba90430e4e658ebbff,medium,4,benign
0,0.504515528678894,1,fitzpatrick17k,fitz_4fc089d377be60a907e2d3a7b7e0d81e,light,2,benign
1,0.5138342380523682,1,fitzpatrick17k,fitz_b2413c3578edf4a33ab4f56e9c7d0aa1,light,1,malignant
1,0.48369699716567993,1,fitzpatrick17k,fitz_23f8b15973a621ced1807768301eabaf,medium,4,malignant
1,0.734272301197052,1,fitzpatrick17k,fitz_2e6c0216b6b1d990feb510a9c7f4b1ce,light,2,malignant
1,0.808346152305603,1,fitzpatrick17k,fitz_3cd463a67a89b87959f1ef9e987c50d5,light,1,malignant
1,0.4577980041503906,1,fitzpatrick17k,fitz_7249a961b4013fe7ebce9734820a1fe7,light,2,malignant
0,0.45205074548721313,1,fitzpatrick17k,fitz_961ccbc7f5506fc49c62140f634de8ce,light,1,benign
1,0.523492157459259,1,fitzpatrick17k,fitz_936dc916bc990b05cf256667186b5396,light,2,malignant
1,0.4477429687976837,1,fitzpatrick17k,fitz_12d3b726b887e9bc6a97bc2ca72fb0ac,light,2,malignant
1,0.46031516790390015,1,fitzpatrick17k,fitz_0eeedaab444d95748536ae2d4764c3ac,light,2,malignant
0,1.0,1,fitzpatrick17k,fitz_70324a157e29b11509ae371782724363,light,2,benign
0,0.56268310546875,1,fitzpatrick17k,fitz_c2ad4097f6661db4fa3699d09e4d698d,medium,3,benign
1,0.5790221095085144,1,fitzpatrick17k,fitz_213936e7901e7fa1bae80d3df0c4e4c7,medium,3,malignant
1,0.6400688290596008,1,fitzpatrick17k,fitz_fe8ee2abd7e7c47824995cab624ba07e,light,2,malignant
0,0.3303948640823364,1,fitzpatrick17k,fitz_972927afa96d6543749f81f69d196662,medium,3,benign
1,0.4555697441101074,1,fitzpatrick17k,fitz_4671abd39777720a68af5591bd8cbb17,light,1,malignant
1,0.8891820311546326,1,fitzpatrick17k,fitz_3abf697cc51d3887c188136ef0a4d941,light,2,malignant
0,0.3759227693080902,1,fitzpatrick17k,fitz_665f80f32b472d1bf8ce9f868299a68d,medium,3,benign
1,0.6759483218193054,1,fitzpatrick17k,fitz_41815a6d1d3a27c58d42c818b2efb236,light,2,malignant
0,0.48464053869247437,1,fitzpatrick17k,fitz_1a6f1a6417498acbc5011092e20369f9,dark,5,benign
0,0.4383488893508911,1,fitzpatrick17k,fitz_b9d54b47c718aa39f1678d14a78cb35e,light,1,benign
1,0.5454916954040527,1,fitzpatrick17k,fitz_f996766b05a0325d3366a94309e24ee0,medium,3,malignant
1,0.39427435398101807,1,fitzpatrick17k,fitz_80203c8b58176d8666b6500d6363a5d7,medium,4,malignant
1,0.476804256439209,1,fitzpatrick17k,fitz_bab2395cc7524d21c0115f40ffafb6b2,medium,3,malignant
0,0.6589794158935547,1,fitzpatrick17k,fitz_ccbdf86f338d08dab2803d10d791331d,light,2,benign
0,0.43455612659454346,1,fitzpatrick17k,fitz_2662ec60b55a541f038558eaae6cf54d,medium,3,benign
1,0.4053725004196167,1,fitzpatrick17k,fitz_7680cf6433be49fb7ed5964e7c1ed440,light,2,malignant
0,0.51783686876297,1,fitzpatrick17k,fitz_153ccb1a4f539ab26615f322caefac10,light,2,benign
0,0.6186743974685669,1,fitzpatrick17k,fitz_f2970a2819453c0f887024bdfba57706,light,1,benign
1,0.3118322193622589,1,fitzpatrick17k,fitz_1bd0b39996792be32b7ed241117f121d,light,2,malignant
1,0.34658679366111755,1,fitzpatrick17k,fitz_74e4d3e1f87a0688a7da7501713ad315,light,1,malignant
0,0.7297011613845825,1,fitzpatrick17k,fitz_88ba2df0ca75ff23c31d0239d44855f6,light,2,benign
0,0.49044185876846313,1,fitzpatrick17k,fitz_eb526a756bb373c00f8e94ded1dae624,medium,3,benign
0,0.648004949092865,1,fitzpatrick17k,fitz_78361d0448b60a8bfc04824ea41c0bca,medium,3,benign
0,0.6378814578056335,1,fitzpatrick17k,fitz_5b079b3f2b3a8c075728094228f551c0,dark,5,benign
0,0.3954709470272064,1,fitzpatrick17k,fitz_d158f3410028e939551a949b4b34a5f0,light,2,benign
0,0.5989784598350525,1,fitzpatrick17k,fitz_34a8688a08a03afb29d5cf253c6547ff,light,1,benign
1,0.6511666774749756,1,fitzpatrick17k,fitz_11002a9c39999ab4a7beed083ca113d8,medium,4,malignant
1,0.4015010595321655,1,fitzpatrick17k,fitz_f7860a668bff417fdf35a16e8229a587,light,1,malignant
1,0.4951736330986023,1,fitzpatrick17k,fitz_96679668ce4121471ddc1757d7721268,light,2,malignant
1,0.6190716028213501,1,fitzpatrick17k,fitz_435d8734636c7731bef97451f19ae8e3,medium,3,malignant
1,0.578505277633667,1,fitzpatrick17k,fitz_4d43d8ea8c6102ec7d6c66dcf0e78006,light,2,malignant
0,0.5166076421737671,1,fitzpatrick17k,fitz_3c38201c033b1c4b5f33d75d248a5362,medium,4,benign
0,0.35750168561935425,1,fitzpatrick17k,fitz_fea934c879b17f313d3215f548950481,medium,4,benign
1,0.24970346689224243,1,fitzpatrick17k,fitz_eeb17db24a41dbaeab9cf8ebc9507e86,light,2,malignant
0,0.4595913290977478,1,fitzpatrick17k,fitz_b5ae8d0a7e0fdbe1da752f0889c62072,dark,6,benign
0,0.535471498966217,1,fitzpatrick17k,fitz_eb2b4cc91a2ba9d908cacb733740ba4d,medium,4,benign
0,0.5291674733161926,1,fitzpatrick17k,fitz_0a973eee9d131c3faabc62eb81f07bab,light,1,benign
1,0.7364136576652527,1,fitzpatrick17k,fitz_43e565b277ea2460eada9e871505a203,light,2,malignant
0,0.391819566488266,1,fitzpatrick17k,fitz_51bc7488cd95be42b9951336c3fd4f4a,light,2,benign
0,0.5725902915000916,1,fitzpatrick17k,fitz_5778cb35fc348b080812dc4af74cb6ef,light,1,benign
1,0.5888940691947937,1,fitzpatrick17k,fitz_3120a03a73c3806bf9e198e242919195,light,2,malignant
0,0.570822536945343,1,fitzpatrick17k,fitz_f20d6a54fdbc05d9c1266671c8e9475d,light,2,benign
1,0.26122623682022095,1,fitzpatrick17k,fitz_0e5f2b371f082ab91db473d9913d326a,medium,3,malignant
0,0.5906097292900085,1,fitzpatrick17k,fitz_b4de0e25e7fd6e6f7509dd0caca5b9b3,medium,3,benign
0,0.5049508213996887,1,fitzpatrick17k,fitz_d9f812b38d451cd2ecdfea22ce8d133c,light,2,benign
1,0.48213738203048706,1,fitzpatrick17k,fitz_a2cc79f44fdb6241278e3098721cf684,light,1,malignant
0,0.4745984971523285,1,fitzpatrick17k,fitz_46ec6952510c57364bc5cff62e35939c,dark,5,benign
1,0.4666595160961151,1,fitzpatrick17k,fitz_97034f3205e0233858e4bbe46dfbfea9,light,2,malignant
0,0.5219524502754211,1,fitzpatrick17k,fitz_b531ecf2c1f6f8436ac8685b5216ee70,light,2,benign
0,0.6827770471572876,1,fitzpatrick17k,fitz_9b7edd4e98f898fe5b5d4adaaa5c264d,medium,4,benign
0,0.4440964162349701,1,fitzpatrick17k,fitz_54911498188862f4fcf4e69818b5fca6,dark,5,benign
1,0.5172309875488281,1,fitzpatrick17k,fitz_58005ed792a5445438c7f32043d1818b,dark,5,malignant
1,0.6258284449577332,1,fitzpatrick17k,fitz_335fa63491b9a2c9421629764de7e518,medium,3,malignant
0,0.5837294459342957,1,fitzpatrick17k,fitz_bf572e4969549881665d6acad07eae0a,light,1,benign
0,0.5683460235595703,1,fitzpatrick17k,fitz_f4ada601e53f65b80352f220c883982b,dark,5,benign
1,0.7468241453170776,1,fitzpatrick17k,fitz_d4ffe324216a5c6e00278c1eddf56c1e,light,1,malignant
0,0.5594337582588196,1,fitzpatrick17k,fitz_13da2f120080df60617e3f9f1c5434b5,dark,5,benign
1,0.620855450630188,1,fitzpatrick17k,fitz_e22fa7d3d665b0aae167876a5df06fdf,medium,4,malignant
0,0.42736032605171204,1,fitzpatrick17k,fitz_f2b14e54536ed100f633eaedf5a27ca4,light,2,benign
1,0.7419852614402771,1,fitzpatrick17k,fitz_bf74c80811a674d498e6fc30eada833c,light,1,malignant
0,0.48783183097839355,1,fitzpatrick17k,fitz_1a7cb4d99b13256fed6a7dbc06dbcea2,medium,4,benign
1,0.5123948454856873,1,fitzpatrick17k,fitz_27fa5ac58bd8c5a693e8e0bd0bbe6f39,dark,6,malignant
0,0.31508395075798035,1,fitzpatrick17k,fitz_d6a011d88cac1c5ab6645fa64fd4a900,medium,4,benign
1,0.5575008988380432,1,fitzpatrick17k,fitz_7c6643f7a27415231ddcd610f5f17e80,light,2,malignant
0,0.49801746010780334,1,fitzpatrick17k,fitz_aae5e1fc8b00606e765f95f9181e2ab8,light,1,benign
0,0.49883294105529785,1,fitzpatrick17k,fitz_767c8c56c50df552b4c321f98c3e8162,light,1,benign
1,0.4746248424053192,1,fitzpatrick17k,fitz_03dfffcd30588c3b0ca23479c51bebc7,dark,5,malignant
0,0.42686840891838074,1,fitzpatrick17k,fitz_644c83bb4c86485907b6b49ad2784081,light,1,benign
0,0.3494444489479065,1,fitzpatrick17k,fitz_838506df7577d4b862ccd09b3007cbbc,medium,4,benign
1,0.6163614392280579,1,fitzpatrick17k,fitz_4f2198410f19ee761ebc0f9822bd5acf,light,2,malignant
0,0.46686652302742004,1,fitzpatrick17k,fitz_d32bb38989704f645004d6340d501466,light,1,benign
1,0.46709856390953064,1,fitzpatrick17k,fitz_1d87ddf86f42c4febe29c9b5efcda416,medium,3,malignant
1,0.6176115870475769,1,fitzpatrick17k,fitz_85bfb7325d93bac71fcbc08ae0a9ba23,light,1,malignant
1,0.46532925963401794,1,fitzpatrick17k,fitz_7468d62b08cd2e5dd9433527bfe0143e,light,2,malignant
1,0.7929123044013977,1,fitzpatrick17k,fitz_f3eaf2eec333043953f8e6bf884cd19e,light,1,malignant
0,0.6211263537406921,1,fitzpatrick17k,fitz_3ec49196eef77a76e16a47bcc506efda,light,2,benign
1,0.5290902853012085,1,fitzpatrick17k,fitz_cdbb50983b24266ce74b5d78b0d5589c,light,2,malignant
1,0.4886907935142517,1,fitzpatrick17k,fitz_658446bde66c64e374d317e40fb40f91,dark,6,malignant
0,0.5214635133743286,1,fitzpatrick17k,fitz_95f8d909518bf35e2a2a6789cfccce5a,light,1,benign
1,0.5152401924133301,1,fitzpatrick17k,fitz_27dc91b50a048be76e0116779ed1f7ff,medium,3,malignant
0,0.5319214463233948,1,fitzpatrick17k,fitz_9be0f8e4bc18ba9b92b75413c642513c,medium,3,benign
0,0.5782473087310791,1,fitzpatrick17k,fitz_89f7ce257bc4c8168059d6a4f67ff0be,light,2,benign
1,0.6712422966957092,1,fitzpatrick17k,fitz_51c066c6dcf0d10fc8bc867b77fb2d16,medium,3,malignant
1,0.6682429909706116,1,fitzpatrick17k,fitz_4bd61d9c3ec99cdea6d24b0915e2cd12,medium,4,malignant
0,0.511680006980896,1,fitzpatrick17k,fitz_aee8bcbe869483c7d32cb6b51e9fd2b2,dark,6,benign
1,0.6931538581848145,1,fitzpatrick17k,fitz_a246a3150fe89472eb84a7d49841ae27,dark,6,malignant
0,0.40198981761932373,1,fitzpatrick17k,fitz_f9b7f1320ca721e3523d0d5e0062c4f9,light,2,benign
0,0.5296661853790283,1,fitzpatrick17k,fitz_a75c99fb0ebb8eae39c87be0567da142,medium,3,benign
0,0.7051039934158325,1,fitzpatrick17k,fitz_5469148cef4a35a7d7c0f97cd2d0c345,light,2,benign
1,0.5537953972816467,1,fitzpatrick17k,fitz_5a18fc5a172112cbb0636b16d76078c5,light,2,malignant
1,0.4195341169834137,1,fitzpatrick17k,fitz_c23144bedb535e724933393a1c32dde4,medium,4,malignant
1,0.6847655177116394,1,fitzpatrick17k,fitz_f7f2d6b9bb403a202b9db6a4700619fc,light,2,malignant
0,0.4543643891811371,1,fitzpatrick17k,fitz_a9fb58b18a51d2a06299a9de971271e7,light,2,benign
1,0.615947961807251,1,fitzpatrick17k,fitz_cf5496e725b8060ecd0cc13d63be00e0,medium,3,malignant
0,0.5822231769561768,1,fitzpatrick17k,fitz_51edda24118eefd0ab857b9a24bae497,medium,3,benign
1,0.5690178275108337,1,fitzpatrick17k,fitz_3827d74369ad890f80bdf6b6080b700f,dark,5,malignant
1,0.5446101427078247,1,fitzpatrick17k,fitz_10ed2d0e269bb1a60f466fef6cdf367b,light,1,malignant
0,0.37620559334754944,1,fitzpatrick17k,fitz_eb7652e04c1c3ba509e0e6269cae7b5d,light,2,benign
0,0.552903950214386,1,fitzpatrick17k,fitz_a35359879caa23975bff9b1204c6d109,medium,3,benign
1,0.7363171577453613,1,fitzpatrick17k,fitz_3bb47651dab6157dbca1fb1585de91f2,medium,4,malignant
1,0.6358346343040466,1,fitzpatrick17k,fitz_bfb6b1bace873ed26a0f69d6bfde27ba,medium,3,malignant
1,0.7099010944366455,1,fitzpatrick17k,fitz_0198c74d604fde7055671d1b35869664,medium,3,malignant
0,0.40686726570129395,1,fitzpatrick17k,fitz_c11bdd58d3f0d7ad525ef81e07bca3e5,light,1,benign
1,0.4059414863586426,1,fitzpatrick17k,fitz_ac9bb3ab57b87b0d02453fb4fd291157,light,2,malignant
1,0.7444525361061096,1,fitzpatrick17k,fitz_06447e1b664fcc93d61c9a0effc50f27,light,2,malignant
1,0.660641074180603,1,fitzpatrick17k,fitz_d3a72ac99209301ae7910103ac5e0d6d,light,2,malignant
0,0.45974597334861755,1,fitzpatrick17k,fitz_fb4615c67058e52e3dde1268328608fb,light,1,benign
1,0.38122621178627014,1,fitzpatrick17k,fitz_2331c9221825472c0a643dcc3a1f5249,light,2,malignant
1,0.5312138199806213,1,fitzpatrick17k,fitz_6fbf42c93073d3b18c3a5df584110122,medium,3,malignant
0,0.5299692153930664,1,fitzpatrick17k,fitz_e82f93dd7a3aa3a6b8f29fa1104a26cb,medium,4,benign
0,0.35772907733917236,1,fitzpatrick17k,fitz_6672391f14d4f3384ae398930d3feb06,light,2,benign
0,0.35435494780540466,1,fitzpatrick17k,fitz_3865c6ea202548ed921c3014faab2ecd,light,1,benign
0,0.4899293780326843,1,fitzpatrick17k,fitz_67712da1f5b9ce22516f618b866aa2bc,medium,4,benign
1,0.3755955100059509,1,fitzpatrick17k,fitz_b3893bf84b0c306b7e86253d4d98972a,light,1,malignant
0,0.5134416222572327,1,fitzpatrick17k,fitz_787f00fdb60c9a4d97332a4ee0558d77,medium,3,benign
0,0.39423543214797974,1,fitzpatrick17k,fitz_3163688a06ed18b9cfbff29d28cef80f,medium,4,benign
0,0.4739432632923126,1,fitzpatrick17k,fitz_9f982f2c55254d90155975744427c786,dark,5,benign
0,0.5664139986038208,1,fitzpatrick17k,fitz_ae597315643401a7e6d1c97adc01004a,light,2,benign
0,0.48431360721588135,1,fitzpatrick17k,fitz_de0e9bac04cb88feac8916e559538b7e,light,2,benign
1,0.6600227355957031,1,fitzpatrick17k,fitz_ac79340a5e752f4fd0ee3888ade0b735,light,2,malignant
1,0.7754627466201782,1,fitzpatrick17k,fitz_3887855c8303e3c019d89f384140a9f9,light,1,malignant
1,0.5902764201164246,1,fitzpatrick17k,fitz_d94908c34e1ae46ff12e1a87accfd529,light,2,malignant
0,0.415479451417923,1,fitzpatrick17k,fitz_bbb67c787d21931388b25c948dbf1b5a,medium,3,benign
0,0.6603034138679504,1,fitzpatrick17k,fitz_8a12cd54a30abc7c99421a0a27d41472,light,2,benign
0,0.480209082365036,1,fitzpatrick17k,fitz_196dfc5223636f748ea958ad6f04374c,light,1,benign
0,0.7603396773338318,1,fitzpatrick17k,fitz_129d1e784c930fb5331110e720e3876c,medium,3,benign
0,0.4983138144016266,1,fitzpatrick17k,fitz_5cc5b479530d558a7f566cf7eeb49f8e,light,1,benign
0,0.46646562218666077,1,fitzpatrick17k,fitz_db8bd9fc4ed9cd372a217763e4a6b76c,light,2,benign
0,0.5638089776039124,1,fitzpatrick17k,fitz_de49050472666ae8573048c5d768c8b7,light,1,benign
0,0.5283419489860535,1,fitzpatrick17k,fitz_c211433ad5840b99351e89e03f8d35f7,light,2,benign
0,0.5300036668777466,1,fitzpatrick17k,fitz_5e72c301595159b8f6ab83fc490be6ed,light,2,benign
0,0.4130297601222992,1,fitzpatrick17k,fitz_b1b8f575c71edff443ad61da67c162d8,light,2,benign
1,0.44594618678092957,1,fitzpatrick17k,fitz_daa62b843848a57cf43017597935af45,light,2,malignant
1,0.5498203635215759,1,fitzpatrick17k,fitz_3865048c84183906734e1f4fa6c764ac,medium,3,malignant
0,0.4801650941371918,1,fitzpatrick17k,fitz_375d442424a9d97c9eb00d4717602897,light,2,benign
1,0.5480210185050964,1,fitzpatrick17k,fitz_1a440e59ff14cf1461796f7b3b58844b,light,2,malignant
1,0.5033811330795288,1,fitzpatrick17k,fitz_cb163e80bb075dda20d28f7eb1131c8a,light,1,malignant
1,0.44384464621543884,1,fitzpatrick17k,fitz_fdd6daf1e78c769e6e7ae47246c0aef7,light,1,malignant
0,0.4483502507209778,1,fitzpatrick17k,fitz_7c475b1d06b9dac9e35264f718be1999,light,1,benign
0,0.4798737168312073,1,fitzpatrick17k,fitz_4e19e77a14b6720ed2c51fa5bf7e0a70,light,1,benign
0,0.5342106223106384,1,fitzpatrick17k,fitz_ce0b81d408adacbc981c448110a192e8,light,2,benign
1,0.4931221902370453,1,fitzpatrick17k,fitz_acf9046d1fb65c2020996133795f9b76,medium,4,malignant
0,0.361665815114975,1,fitzpatrick17k,fitz_13f0a1868fc2a8dada2059c4d78b0aa1,light,2,benign
1,0.5986723899841309,1,fitzpatrick17k,fitz_d7da287fc4ca06ca56fa7a77bc66ff3a,light,2,malignant
0,0.4361848831176758,1,fitzpatrick17k,fitz_f4ea1f79c657fb4d55abb8abbbbc5678,light,1,benign
1,0.6788978576660156,1,fitzpatrick17k,fitz_d00935a5691968c9c8a80a0e9277ab6e,light,2,malignant
1,0.5859598517417908,1,fitzpatrick17k,fitz_43534ab689527642db737a5a6931993a,medium,4,malignant
0,0.5462467670440674,1,fitzpatrick17k,fitz_6c77393c64cd6e7c458bcc3d9dfa18a5,light,1,benign
0,0.432445764541626,1,fitzpatrick17k,fitz_6eacb8cf8625e9564d7365e89f919ae0,light,2,benign
1,0.726595401763916,1,fitzpatrick17k,fitz_60c20c7458e1a508b96bd1dec2702e3b,light,2,malignant
1,0.47422781586647034,1,fitzpatrick17k,fitz_584c4f9057c17656a36c862d527000a3,light,1,malignant
0,0.41241610050201416,1,fitzpatrick17k,fitz_d90733d09cdec4e45ae22e1202a3fe41,light,1,benign
0,0.5033066868782043,1,fitzpatrick17k,fitz_edce9bab731228e8240e613dd6e5e2ee,dark,5,benign
0,0.3717885911464691,1,fitzpatrick17k,fitz_572a802d11a61721053e7dee8911cfa6,dark,5,benign
1,0.5359540581703186,1,fitzpatrick17k,fitz_49d972675c4d3997aa2e8186bf6a06c6,light,1,malignant
1,0.6738652586936951,1,fitzpatrick17k,fitz_cb0bd4370fb0154d4d13e6495ef746d8,light,2,malignant
1,0.6761379241943359,1,fitzpatrick17k,fitz_c8f2e70de27ec0f45e7cd3774e86f076,light,2,malignant
0,0.4989945888519287,1,fitzpatrick17k,fitz_f2bc5704dc1635e769d2cbd612676422,light,1,benign
0,0.5799726843833923,1,fitzpatrick17k,fitz_7b2b5501ec0dabe214df1b83c76a2f45,dark,5,benign
0,0.5307052135467529,1,fitzpatrick17k,fitz_e7c84b7ea8df60e308915b5ab6d2b008,light,2,benign
1,0.5100505948066711,1,fitzpatrick17k,fitz_dd7b358a3a6d9134abd1271322b5ee99,medium,4,malignant
0,0.28680431842803955,1,fitzpatrick17k,fitz_dcfbfe28ad44e2aff393fcdd228cd017,medium,4,benign
0,0.5556769967079163,1,fitzpatrick17k,fitz_bb311169c44ad5348401431f33a95668,light,1,benign
0,0.5681619644165039,1,fitzpatrick17k,fitz_33068b46548282d53e5fee2f15792728,light,2,benign
1,0.7558643221855164,1,fitzpatrick17k,fitz_5741346ea1f285de99f7a0fafaf84005,medium,3,malignant
0,0.508366584777832,1,fitzpatrick17k,fitz_600fa1053d015e9110a3ed7888e3c7d8,medium,4,benign
1,0.4914068579673767,1,fitzpatrick17k,fitz_97b76d98037a41d972411126f407e120,light,2,malignant
1,0.6338597536087036,1,fitzpatrick17k,fitz_ac8651d882e7b28e886479882460b900,light,1,malignant
1,0.4932640492916107,1,fitzpatrick17k,fitz_cac211b988a0695fc15d1a33fb4cb007,medium,3,malignant
1,0.57379150390625,1,fitzpatrick17k,fitz_2cd4cd289e9c8b7c9cac0c9cf0b9fdd1,medium,3,malignant
0,0.4868793487548828,1,fitzpatrick17k,fitz_f4dbcbc8a3b5110599e23ab3ebd8a6d1,medium,4,benign
1,0.5539870262145996,1,fitzpatrick17k,fitz_66a864690bb29d8a87837a90809092d2,light,2,malignant
0,0.4095744788646698,1,fitzpatrick17k,fitz_61be413c52eb1d7dad6a93d071f7d52e,light,2,benign
0,0.6137014031410217,1,fitzpatrick17k,fitz_a267e3a6067ffcd4ff5df79ae3190383,light,2,benign
0,0.5164570808410645,1,fitzpatrick17k,fitz_b0834b3d13110e14deb33367151559c8,light,2,benign
1,0.5593399405479431,1,fitzpatrick17k,fitz_ef3e25ec793d9ae74cb654c60b158680,light,1,malignant
0,0.420825719833374,1,fitzpatrick17k,fitz_a0e26d07cae16cf575350367af56ae8b,light,1,benign
0,0.4975444972515106,1,fitzpatrick17k,fitz_dadea0629296b47110491376c9f6c898,light,1,benign
0,0.5498630404472351,1,fitzpatrick17k,fitz_3c6f7c12d6772c5f3960277372558357,light,1,benign
1,0.7293976545333862,1,fitzpatrick17k,fitz_c7101a08e026de24041aed144751ee53,light,1,malignant
0,0.7322406768798828,1,fitzpatrick17k,fitz_8e31b54b41efc534afc8addfc8a97146,light,2,benign
0,0.4771174192428589,1,fitzpatrick17k,fitz_1e754370619dcfcccd7e50004f388a7c,light,1,benign
1,0.6908095479011536,1,fitzpatrick17k,fitz_ea19152434347b623f2e98c92ebd7938,light,2,malignant
1,0.5309534072875977,1,fitzpatrick17k,fitz_6839de72e5a36bef0e11987b4b337664,light,1,malignant
0,0.4848743677139282,1,fitzpatrick17k,fitz_8928654d40508da78d8681a61de9e948,light,2,benign
1,0.4148595631122589,1,fitzpatrick17k,fitz_11cb4d29089593c5b407998f41a46ca6,medium,3,malignant
1,0.4077461063861847,1,fitzpatrick17k,fitz_ae5dbb5d80c5ccff3104ffe0221639e8,light,1,malignant
1,0.7757200598716736,1,fitzpatrick17k,fitz_f2327dc6bf154de3dec0dbdb99f4468e,light,1,malignant
0,0.5144249200820923,1,fitzpatrick17k,fitz_9171dd88988659b0642ee589c494367d,light,2,benign
1,0.6774657964706421,1,fitzpatrick17k,fitz_7c24e660ff34da3d4285e5b4b915a25b,medium,3,malignant
0,0.35583555698394775,1,fitzpatrick17k,fitz_1ce68dc228b5414729a7acdd6815647d,light,2,benign
1,0.6153116226196289,1,fitzpatrick17k,fitz_e61194e04e5e450a4d3d40de07d9f2ed,dark,5,malignant
1,0.5666747689247131,1,fitzpatrick17k,fitz_fb324416230e80e7a13756a60ac4aef4,light,1,malignant
0,0.42554789781570435,1,fitzpatrick17k,fitz_46d63b65e22a9550311ee36217e78f00,light,1,benign
0,0.6700185537338257,1,fitzpatrick17k,fitz_27a1b2d775742ee03b9997395f99d764,light,2,benign
0,0.47851961851119995,1,fitzpatrick17k,fitz_9a9e44a002f21bb57a6786554c0991fa,medium,4,benign
1,0.31155240535736084,1,fitzpatrick17k,fitz_4d6a5c8b2e73ea8acbcbae17a070f9df,light,1,malignant
0,0.4910581111907959,1,fitzpatrick17k,fitz_7230f78df0d54eb04c5ccd5443c799ec,dark,5,benign
0,0.4853110909461975,1,fitzpatrick17k,fitz_d863e7bbbcaeee146406683d15cdbb01,light,1,benign
0,0.49700185656547546,1,fitzpatrick17k,fitz_403a674af4555b53af580206fd47f99e,light,2,benign
0,0.5654908418655396,1,fitzpatrick17k,fitz_7e610878f5cf3531be4dc138a04005a7,light,2,benign
0,0.35553717613220215,1,fitzpatrick17k,fitz_1ae8a19eead10dfba17158fedb36c336,light,1,benign
0,0.4534236490726471,1,fitzpatrick17k,fitz_637e6d4ec6072a0f2d9d4ca17f63449b,light,2,benign
0,0.44200411438941956,1,fitzpatrick17k,fitz_f7ca7fe686f0a41083621f963a83a5b0,medium,4,benign
1,0.6612093448638916,1,fitzpatrick17k,fitz_10875c6d5e9d32bbecde83124d90a131,light,2,malignant
1,0.6731730699539185,1,fitzpatrick17k,fitz_855a18d13f9678703baaef0fff725f4e,light,1,malignant
0,0.6142973303794861,1,fitzpatrick17k,fitz_7738e7cc50e86552cdf51418efe7f55d,medium,4,benign
1,0.6014660000801086,1,fitzpatrick17k,fitz_c53053b76057de5df9e5e0e6784baa88,medium,4,malignant
0,0.5504682660102844,1,fitzpatrick17k,fitz_510413b3456cc13b60e7700a61ee8f1b,medium,3,benign
0,0.5288146138191223,1,fitzpatrick17k,fitz_f9f97262008c01f052bbc9fb5286413d,light,1,benign
1,0.5747172236442566,1,fitzpatrick17k,fitz_8e865fd366d1ef5636ac95814e61fb0d,medium,3,malignant
1,0.7326379418373108,1,fitzpatrick17k,fitz_a5caf184b8e343e568d0d250f061739f,light,1,malignant
1,0.5394579768180847,1,fitzpatrick17k,fitz_2fdb31f6c3f6fc50b96f6607510cc263,light,1,malignant
1,0.4378543794155121,1,fitzpatrick17k,fitz_7dabc981c070ef3b157483cc74c78d1a,medium,4,malignant
0,0.4279993772506714,1,fitzpatrick17k,fitz_f0e90b82bf2702a872da3fd66eee6920,light,2,benign
0,0.40752947330474854,1,fitzpatrick17k,fitz_21990c0bb830e8bb56bf997067a154a3,light,2,benign
1,0.5095868706703186,1,fitzpatrick17k,fitz_3be7f195269f4cb0a7d2528223971f44,light,2,malignant
0,0.6440147757530212,1,fitzpatrick17k,fitz_f206053f8df79e80fe17365004c4f48a,light,2,benign
1,0.6661157011985779,1,fitzpatrick17k,fitz_d58c221e8370e2658aebfc502609aa18,light,2,malignant
0,0.5772484540939331,1,fitzpatrick17k,fitz_a5b813957d0fe8ad0edc6e9b96dede2c,light,2,benign
0,0.5582897067070007,1,fitzpatrick17k,fitz_33821dea8e135a970314e9e8b4500bbc,light,2,benign
0,0.7319758534431458,1,fitzpatrick17k,fitz_00742b7d36ec4038d68e4956deb8fa83,medium,4,benign
0,0.5283849835395813,1,fitzpatrick17k,fitz_a3398ad74106f09472d7c43078d4ead2,light,2,benign
1,0.5620348453521729,1,fitzpatrick17k,fitz_7496fc44f10f5cc6341802425a5bf079,dark,5,malignant
1,0.4515668451786041,1,fitzpatrick17k,fitz_4604b4b94303edcaa5a2a4feebae1a96,medium,4,malignant
1,0.462924063205719,1,fitzpatrick17k,fitz_9e7fd8f57cd4943ed6740e19e9ab6f59,light,2,malignant
0,0.4311966300010681,1,fitzpatrick17k,fitz_a8f7b68bd47976e476776a08acc2f70d,light,1,benign
1,0.5337772369384766,1,fitzpatrick17k,fitz_1e2d76fc8e520ef0289dd7b52aad2120,light,2,malignant
0,0.44397610425949097,1,fitzpatrick17k,fitz_2852394d9f17ff45a34592f2e735b8da,medium,3,benign
0,0.23756550252437592,1,fitzpatrick17k,fitz_f1e26485eb0dc75866b8526a00b90edd,medium,4,benign
0,0.5151525139808655,1,fitzpatrick17k,fitz_9df19e451d1b39bc9317cc3c56f50cec,light,2,benign
1,0.6071491241455078,1,fitzpatrick17k,fitz_35e050f8df5d396334b3a7f61cdaaa49,light,1,malignant
0,0.5044463872909546,1,fitzpatrick17k,fitz_56bc33dc1e68c70b9064cea9e3552c3b,light,1,benign
0,0.4843854308128357,1,fitzpatrick17k,fitz_d9b8cf746cca440172358099d91cef15,light,2,benign
1,0.514306366443634,1,fitzpatrick17k,fitz_b995952866ae3103145c29d15f11f8d8,light,1,malignant
1,0.4753965437412262,1,fitzpatrick17k,fitz_f0c14116d7d5ee9c29a43d1ad073ec0f,light,1,malignant
1,0.7192582488059998,1,fitzpatrick17k,fitz_1ed50f19272049669f7227ff256d5340,light,2,malignant
1,0.5502464771270752,1,fitzpatrick17k,fitz_d740f99aa0236f9972d66f0821cf14b0,medium,4,malignant
0,0.30299097299575806,1,fitzpatrick17k,fitz_f6e96da348732a37f3ca2a6b65e3d363,medium,3,benign
1,0.5291822552680969,1,fitzpatrick17k,fitz_3ff13fc171d4913a78e61506a490aab2,light,2,malignant
0,0.5373448133468628,1,fitzpatrick17k,fitz_e17722252027aefdf87b79472efdfc4a,dark,5,benign
1,0.49890491366386414,1,fitzpatrick17k,fitz_fa01a1c2272065c237e67fdc34b42ae9,light,1,malignant
1,0.4274612367153168,1,fitzpatrick17k,fitz_29640d46e79286cdaa8d7f0c9d33dac5,light,2,malignant
0,0.3520154356956482,1,fitzpatrick17k,fitz_f17773a2ee06fb5179ed0e56b7235c2a,light,2,benign
0,0.7028200030326843,1,fitzpatrick17k,fitz_55ec84888f157069c8d601b229d377f6,light,2,benign
1,0.6100079417228699,1,fitzpatrick17k,fitz_185ae0e5acbb25166758dc72e385d3aa,light,2,malignant
0,0.7902681827545166,1,fitzpatrick17k,fitz_b90ba1b1f272151fea13d0afa91aba1a,medium,3,benign
1,0.45854586362838745,1,fitzpatrick17k,fitz_a0a223a633e059ffd1ce089274f101a0,light,2,malignant
1,0.6542859673500061,1,fitzpatrick17k,fitz_7e8db7136d2d9467ec3becd7f3c38e5c,light,2,malignant
1,0.6983261704444885,1,fitzpatrick17k,fitz_7910e6ff11c72c6266d5749017c6f72e,light,2,malignant
1,0.7296440601348877,1,fitzpatrick17k,fitz_eb6bff13a9119265b3a3bcc4474bec96,medium,3,malignant
1,0.6483214497566223,1,fitzpatrick17k,fitz_dc015fe727ae7edab1c022a7ba0cf1bd,light,1,malignant
1,0.5557286143302917,1,fitzpatrick17k,fitz_38c5bd7619923f1297d3b49cebd1bd85,medium,3,malignant
0,0.5709093809127808,1,fitzpatrick17k,fitz_2017a2789790c2ae724917624752ae5e,light,2,benign
1,0.48050421476364136,1,fitzpatrick17k,fitz_e59b9adefae0522acced0247d22afff0,dark,5,malignant
0,0.5020849108695984,1,fitzpatrick17k,fitz_b935d5f370685fbfdfb676b492dd5deb,medium,4,benign
0,0.45468711853027344,1,fitzpatrick17k,fitz_3f7545b5dd38ac07cd761411182a65a7,light,1,benign
1,0.6051148176193237,1,fitzpatrick17k,fitz_62711536b80f9a897c6d5bde4f320397,light,1,malignant
0,0.5540322065353394,1,fitzpatrick17k,fitz_0e9fd3b0f62683f0c70290e26e0c3400,light,1,benign
0,0.6229858994483948,1,fitzpatrick17k,fitz_f665fb18ebbfffb55fac28c152548c68,medium,3,benign
0,0.49035701155662537,1,fitzpatrick17k,fitz_d406d851529ef0a01c3cb452a9582fe9,medium,3,benign
1,0.7249794006347656,1,fitzpatrick17k,fitz_f3e07d3a25ab2e154c3b1950a8ab6617,light,1,malignant
1,0.45464858412742615,1,fitzpatrick17k,fitz_2c79733c61410a23fc552f390b2963ed,medium,3,malignant
0,0.6894201636314392,1,fitzpatrick17k,fitz_afca3923f6b792b9b027e78c65cf9764,medium,3,benign
1,0.6291719675064087,1,fitzpatrick17k,fitz_7a9d20013b87019f62372a31dc98ac92,medium,3,malignant
1,0.5611222982406616,1,fitzpatrick17k,fitz_9a6945188c02dd2141c1c4660501f74d,light,1,malignant
0,0.686881422996521,1,fitzpatrick17k,fitz_c58b36d43b603d55872591900626ced3,medium,3,benign
1,0.4788960814476013,1,fitzpatrick17k,fitz_a4b48f03133497b7ff25ec2af7505ef1,medium,3,malignant
1,0.45180463790893555,1,fitzpatrick17k,fitz_a41e3b93d534045649351abbf4b39a95,light,2,malignant
1,0.563022792339325,1,fitzpatrick17k,fitz_0678394d72403cd694b8a22e2b623613,light,2,malignant
0,0.5379577875137329,1,fitzpatrick17k,fitz_d20132382bce45b25a1551f55fb0a502,medium,3,benign
1,0.44760483503341675,1,fitzpatrick17k,fitz_e48d91bb0d6ce9221b89b9662fce4473,light,1,malignant
0,0.6504834294319153,1,fitzpatrick17k,fitz_7e14d1848deb9a1d2ed79767fbcab51c,light,2,benign
1,0.558688759803772,1,fitzpatrick17k,fitz_f728b8ad950fa5a36cd26cbdf9651179,medium,3,malignant
1,0.5668023824691772,1,fitzpatrick17k,fitz_4874ae4360510673a0cbe6310a4acce0,light,2,malignant
0,0.4621054232120514,1,fitzpatrick17k,fitz_7ebc5fc43f36567a10e94064a3e757c2,light,1,benign
0,0.5439265370368958,1,fitzpatrick17k,fitz_e99ddec084788beb943120624392b943,medium,4,benign
0,0.41046470403671265,1,fitzpatrick17k,fitz_20b3c235b9af196c17c0a0c67c8516b0,light,1,benign
1,0.6137791275978088,1,fitzpatrick17k,fitz_2a10c3a61da65ed775ea0e5b7c767472,light,1,malignant
0,0.7948192358016968,1,fitzpatrick17k,fitz_68c4093d23c19116b586d84b57c348ab,light,2,benign
0,0.24719658493995667,1,fitzpatrick17k,fitz_ff4e3f0f9de132366d95d594c6ee8769,light,1,benign
1,0.6478983163833618,1,fitzpatrick17k,fitz_cf33353da56711ba0aac9a2b8a87fb5b,light,1,malignant
0,0.5630738735198975,1,fitzpatrick17k,fitz_fd4ed381044a6bd3f6173a2d6e88540d,light,2,benign
1,0.4650086462497711,1,fitzpatrick17k,fitz_be8a8bacf815ba4ec60932c511ae5516,light,2,malignant
1,0.6721466779708862,1,fitzpatrick17k,fitz_7c0184023662d59d7a6711abd46cab9e,medium,4,malignant
0,0.39292648434638977,1,fitzpatrick17k,fitz_f82901e6d4526944361837926896ee09,dark,5,benign
0,0.5226269364356995,1,fitzpatrick17k,fitz_cbb929b783aded4261d4ffb9f3b3b0b6,light,2,benign
1,0.5112680792808533,1,fitzpatrick17k,fitz_206be927bc9030c8608c2ded1df534cb,light,1,malignant
0,0.5083566308021545,1,fitzpatrick17k,fitz_eef4097006bfa01e740b2baefd910973,light,1,benign
1,0.7284868955612183,1,fitzpatrick17k,fitz_7b97d32159e27f26dd4a4f9ae440bd74,medium,3,malignant
1,0.5995608568191528,1,fitzpatrick17k,fitz_941066b0a60b150763ab2a8b4badf27d,light,1,malignant
0,0.47675082087516785,1,fitzpatrick17k,fitz_b642e3c2227b664fe5d3f8dde9470b36,light,2,benign
1,0.5926191210746765,1,fitzpatrick17k,fitz_53d68a5de7fae6e7e39a84b5a3cd2f43,light,2,malignant
0,0.5183377265930176,1,fitzpatrick17k,fitz_dc0f9001007f0a01e320b0236c3a4492,medium,4,benign
1,0.5285470485687256,1,fitzpatrick17k,fitz_32ea52fa6dde393c5affeb0107d15e8c,light,2,malignant
0,0.3124915063381195,1,fitzpatrick17k,fitz_55149479b90e4f74cdb4e84b18b2e2fb,light,2,benign
0,0.5954235196113586,1,fitzpatrick17k,fitz_002100fdd81baa28c893ddcde6892e3e,light,2,benign
0,0.4375179708003998,1,fitzpatrick17k,fitz_defdb79a643ed90c6614ca9f85210219,light,1,benign
1,0.6802250146865845,1,fitzpatrick17k,fitz_9ad4add899ea08d1b3f1b1a7a2838b5e,light,2,malignant
0,0.5163653492927551,1,fitzpatrick17k,fitz_ed98e6a44d55f939150cd6a2983bf0db,medium,4,benign
1,0.6650278568267822,1,fitzpatrick17k,fitz_ee93be8080b3d5f5535f4e4273033bb1,light,2,malignant
1,0.43958261609077454,1,fitzpatrick17k,fitz_8cbf01e080ba75fbf6716769acc0f36c,light,1,malignant
1,0.3688369393348694,1,fitzpatrick17k,fitz_9140159f37dd700e5a4d25351ae805fe,medium,3,malignant
1,0.5953380465507507,1,fitzpatrick17k,fitz_7041e0d82e0d554237bd1e6dc886a81f,dark,5,malignant
1,0.6250261068344116,1,fitzpatrick17k,fitz_2526f45c72e51e324cc70a56faa9616a,light,2,malignant
1,0.5888602137565613,1,fitzpatrick17k,fitz_69f564b9263b5844f1376d1e41890093,light,1,malignant
0,0.5123097896575928,1,fitzpatrick17k,fitz_2494456b5bd57e3ce57504bd1efc9bab,light,1,benign
1,0.399776816368103,1,fitzpatrick17k,fitz_7a0d4f1dd17a52bf9cb542af4c9142af,light,2,malignant
1,0.4427247941493988,1,fitzpatrick17k,fitz_25f0ba43f506d7f3912b8ca4d396cb4c,light,2,malignant
1,0.6525658965110779,1,fitzpatrick17k,fitz_9b82bbff48d88f3bea9d30cfd96606dc,light,1,malignant
0,0.4264160394668579,1,fitzpatrick17k,fitz_60cd73910a4e09b03329c4fd9bbec1fc,medium,3,benign
0,0.492385596036911,1,fitzpatrick17k,fitz_5083ac97bda2b5e9906746e2fe16179a,dark,6,benign
0,0.4442038834095001,1,fitzpatrick17k,fitz_55a7d73326822f306a9c804a05c4e3ca,dark,5,benign
1,0.35283637046813965,1,fitzpatrick17k,fitz_4c314ddb62900e1a3f5627fa63ffe214,light,1,malignant
0,0.42909911274909973,1,fitzpatrick17k,fitz_da485a6bcf6b3e6564ef5f014ecb1785,light,2,benign
0,0.5057116150856018,1,fitzpatrick17k,fitz_3a48646aa627e0cba2d26c943bafcc00,light,2,benign
0,0.4977882504463196,1,fitzpatrick17k,fitz_791ff00ac1c5f24c92b41826575b5aea,light,1,benign
0,0.3123684227466583,1,fitzpatrick17k,fitz_717f9cab8254cf44e153be0794f8e710,light,1,benign
1,0.6268258094787598,1,fitzpatrick17k,fitz_4e66d9b65b4bf81189a9777167bc78ec,light,1,malignant
0,0.2839537560939789,1,fitzpatrick17k,fitz_2eb5812148044da12159c1c6c6c0bbc6,medium,3,benign
1,0.7090035676956177,1,fitzpatrick17k,fitz_5c4f07cadd546134cda4f326de4f39ab,light,1,malignant
0,0.3717252016067505,1,fitzpatrick17k,fitz_ab6fc36069c77764cbadd6a5a4fe3281,medium,3,benign
1,0.5201408267021179,1,fitzpatrick17k,fitz_856014588573b1b908e3a9d9b124d72a,light,1,malignant
0,0.5156365633010864,1,fitzpatrick17k,fitz_f1b9042821c32197c1404685fe815d13,light,2,benign
1,0.6355462670326233,1,fitzpatrick17k,fitz_30e6f943452facf1ffbed708e645f4b8,light,2,malignant
1,0.3834119737148285,1,fitzpatrick17k,fitz_1a9e904ebc92a8322d12a24a79b02b61,medium,4,malignant
0,0.4395144581794739,1,fitzpatrick17k,fitz_7da70535d3955434d909a63f9f879139,medium,3,benign
0,0.46436449885368347,1,fitzpatrick17k,fitz_c98c9a7eaca72a17356ca13d827ddbeb,medium,3,benign
0,0.33778780698776245,1,fitzpatrick17k,fitz_ee1ac615e11be8151e056da0b12a4ac2,light,1,benign
0,0.326067715883255,1,fitzpatrick17k,fitz_57885e3f5a3c043c3621a06bca196282,light,2,benign
1,0.39241036772727966,1,fitzpatrick17k,fitz_a92ba022f12b23a2c5ea19eedfa32a94,medium,3,malignant
1,0.5517147779464722,1,fitzpatrick17k,fitz_ad94730f787cc90b11c25655c41366b6,light,1,malignant
0,0.5251938700675964,1,fitzpatrick17k,fitz_f23e351821a02c82d15b8873413dcf93,light,2,benign
0,0.36191821098327637,1,fitzpatrick17k,fitz_3fdd45702d0b257710468787ab2e0ea4,medium,3,benign
1,0.7274821400642395,1,fitzpatrick17k,fitz_59590ce6f167203c6478ee52d775e8e5,light,2,malignant
1,0.5393643379211426,1,fitzpatrick17k,fitz_482f40d7e3d25795f61d53161d2d3f6f,light,1,malignant
1,0.6205262541770935,1,fitzpatrick17k,fitz_3ac17ec80430bdeb06a2134912d21d42,light,2,malignant
1,0.42099329829216003,1,fitzpatrick17k,fitz_69425e7f864b9775266eca2c328fe766,light,2,malignant
1,0.48460155725479126,1,fitzpatrick17k,fitz_d17f05c8647ec75327ed5023d245e85a,light,1,malignant
1,0.46064186096191406,1,fitzpatrick17k,fitz_62cfadccd978c17e7a842bce0b49e09e,dark,5,malignant
0,0.7083746194839478,1,fitzpatrick17k,fitz_cb7ba3d4180b6ffd2da632bcdd160b40,light,2,benign
1,0.5748002529144287,1,fitzpatrick17k,fitz_e6a148f384e31d30c51c4472defc1bdf,medium,4,malignant
1,0.7131207585334778,1,fitzpatrick17k,fitz_50203f0e1cc3ccf33cd2cbfdfd475c02,medium,3,malignant
0,0.4618949890136719,1,fitzpatrick17k,fitz_c71046a5b4e8df13e173fc78583554ff,medium,3,benign
1,0.5637930631637573,1,fitzpatrick17k,fitz_fe9fac67c9bd81b3e0d808254ab42562,light,1,malignant
0,0.43630003929138184,1,fitzpatrick17k,fitz_715d1895050fa257c1d760738fd00abf,dark,5,benign
0,0.5979325175285339,1,fitzpatrick17k,fitz_4f2a79bb86c6def913141b31db152e04,light,2,benign
1,0.42297741770744324,1,fitzpatrick17k,fitz_44ab470249555e7936c6bf6f196f0292,light,1,malignant
0,0.43902191519737244,1,fitzpatrick17k,fitz_8af423ef118d0cf0f10096dd9e31783f,dark,5,benign
1,0.5227441787719727,1,fitzpatrick17k,fitz_f1979b9bf4e026d9204bf15e85984c47,medium,4,malignant
1,0.6045448184013367,1,fitzpatrick17k,fitz_883f86d67408c70ab89b9c54a3118cd4,medium,3,malignant
0,0.5050163269042969,1,fitzpatrick17k,fitz_703570989b650f8f7b26a857eec355b2,dark,5,benign
1,0.7324742674827576,1,fitzpatrick17k,fitz_16427cdda745655c1fd5a503bc702a68,light,2,malignant
0,0.5876083970069885,1,fitzpatrick17k,fitz_d6b5dd9e59b4278130002e8ce6139919,light,1,benign
1,0.27560359239578247,1,fitzpatrick17k,fitz_28f7aaebb7abc541815b935ce003835b,light,2,malignant
1,0.4485829472541809,1,fitzpatrick17k,fitz_ebddf635594d950f3e61005f756c4530,light,1,malignant
0,0.33804211020469666,1,fitzpatrick17k,fitz_f2f7b0cf839d5b9c441ed24797d464e9,light,2,benign
0,0.41472846269607544,1,fitzpatrick17k,fitz_9b9f0859880ab7d13ac0da1fceef5efc,dark,5,benign
1,0.6765408515930176,1,fitzpatrick17k,fitz_418d009435bf224eef9a07097696a305,light,1,malignant
0,0.6299208402633667,1,fitzpatrick17k,fitz_ffc0b9df6696def6015d4eca3090118e,light,2,benign
0,0.4749513566493988,1,fitzpatrick17k,fitz_d0b07142a0d3ee9539e4c958e67d828e,medium,3,benign
1,0.5454190969467163,1,fitzpatrick17k,fitz_b22e94f7e5cde4d33adf24245ea5faf2,dark,6,malignant
1,0.5561048984527588,1,fitzpatrick17k,fitz_1310cc8b1b8c42def1258073b85b99d4,medium,4,malignant
0,0.5743333697319031,1,fitzpatrick17k,fitz_99dace5207bb65ce934451c7089e36df,light,1,benign
0,0.4800679683685303,1,fitzpatrick17k,fitz_5a49bd55ae4c256696d1104349f485e0,medium,3,benign
1,0.6420440673828125,1,fitzpatrick17k,fitz_25d23d51892cbe61aa9ec03457b6fad4,light,1,malignant
0,0.3758904039859772,1,fitzpatrick17k,fitz_be599559f6785849983e74f69ddde85a,medium,3,benign
0,0.7014679908752441,1,fitzpatrick17k,fitz_b7baf20b26ae60d0cabf627c09360d53,light,1,benign
0,0.7126539945602417,1,fitzpatrick17k,fitz_8f351cd9f1259ee3e6d522dbbf51ac7b,dark,6,benign
0,0.5381187200546265,1,fitzpatrick17k,fitz_4e7ff6cbff9ded53dcfcdb1bfcc14ef2,light,2,benign
1,0.41691938042640686,1,fitzpatrick17k,fitz_673e30acf479e147718bf2b8b7ad13db,light,2,malignant
0,0.36748355627059937,1,fitzpatrick17k,fitz_9b5f85d8f2edd57e3fd3be9e1d5fade6,light,2,benign
0,0.4659195840358734,1,fitzpatrick17k,fitz_8b761c87fb2ccf360157a83f07c4e8df,light,1,benign
1,0.7385548949241638,1,fitzpatrick17k,fitz_da2e70d63971c00cab3691cd38065252,light,1,malignant
0,0.5532386898994446,1,fitzpatrick17k,fitz_96faf50dd3f125eaa72e54bf5b103ad9,light,2,benign
0,0.5312334299087524,1,fitzpatrick17k,fitz_49635d65d9bc4f7d605f912397ffb3ff,light,2,benign
0,0.5243712067604065,1,fitzpatrick17k,fitz_49f9aff422b619a6db8434eed3bb9459,light,2,benign
1,0.5413222908973694,1,fitzpatrick17k,fitz_b3c86bb9fac904880ece450b882ee8d6,light,1,malignant
0,0.532386839389801,1,fitzpatrick17k,fitz_33d4c18921107fb0be2f6f1980753a09,medium,4,benign
1,0.5118404030799866,1,fitzpatrick17k,fitz_ca9fe71f9b4e6348554b749f3c2e56d2,light,1,malignant
0,0.7535523176193237,1,fitzpatrick17k,fitz_d66375120f60d71f2c14adc76f047b3a,light,1,benign
1,0.5892990231513977,1,fitzpatrick17k,fitz_0ca7391635dab0884c85a1d929e723aa,light,2,malignant
0,0.3704005479812622,1,fitzpatrick17k,fitz_ff376d7fda946563d0b03d6649451d66,light,2,benign
1,0.48487982153892517,1,fitzpatrick17k,fitz_97329df17314adebb7cbee823596a965,medium,4,malignant
1,0.6044995188713074,1,fitzpatrick17k,fitz_b12d076ff5807ed202abdecad845d75d,medium,3,malignant
1,0.6032782196998596,1,fitzpatrick17k,fitz_7e6c56b7130f902c4a7ee3a5ac8860e4,light,2,malignant
0,0.42902055382728577,1,fitzpatrick17k,fitz_38efa83d9549310a4e9d89d8a20e60e5,light,2,benign
0,0.29084014892578125,1,fitzpatrick17k,fitz_ce4c8e9da697d3c54e08dffcf44bb492,light,2,benign
0,0.5210369229316711,1,fitzpatrick17k,fitz_2f699c06c888c07b0853c11a35513bff,medium,3,benign
1,0.487737774848938,1,fitzpatrick17k,fitz_08c31b995b51e21dcb10fb8d900bbaa2,light,1,malignant
0,0.38233327865600586,1,fitzpatrick17k,fitz_c0565c3c7403a33df2ba4aacc14467ee,light,2,benign
1,0.7627509236335754,1,fitzpatrick17k,fitz_aa818113e5f01c422c246e39ded0efe4,medium,3,malignant
1,0.3821777403354645,1,fitzpatrick17k,fitz_a41800186406d09ff17772f3589e2ae7,light,2,malignant
1,0.6630575656890869,1,fitzpatrick17k,fitz_7cdb2f4ac04b6de441e457165b120d48,light,2,malignant
1,0.47709551453590393,1,fitzpatrick17k,fitz_a9f949191444e250146b49ff8c95c6ac,dark,5,malignant
0,0.47080036997795105,1,fitzpatrick17k,fitz_4de99fdc6b65ce2148d412a39d112768,medium,3,benign
0,0.4499492943286896,1,fitzpatrick17k,fitz_a616871a996c6434b4d9d1130870f886,light,2,benign
1,0.7475085258483887,1,fitzpatrick17k,fitz_0d9b3b69f19baf1b3db887dfbacafb26,medium,3,malignant
1,0.5304931998252869,1,fitzpatrick17k,fitz_e4f7ad417e492ef7955e1b31b6be3cdd,light,1,malignant
0,0.41805481910705566,1,fitzpatrick17k,fitz_7b13cb1d76325ee8cf4017de62a4f135,light,2,benign
0,0.455135315656662,1,fitzpatrick17k,fitz_60b060a264373cd538b4993800d7e73b,medium,3,benign
0,0.32854998111724854,1,fitzpatrick17k,fitz_79623bf5002072b1872f0622cb552bd8,light,2,benign
0,0.5336857438087463,1,fitzpatrick17k,fitz_3eb460ad57144b0d189b5688579cb8bc,medium,4,benign
0,0.47977617383003235,1,fitzpatrick17k,fitz_2c14668334b930c3b4a278a4037617c8,light,2,benign
0,0.5671812891960144,1,fitzpatrick17k,fitz_1f44599103695a126e5bb6496ba52cb7,light,1,benign
0,0.317996621131897,1,fitzpatrick17k,fitz_95c5799418105a41e8779592a8ba87ba,light,2,benign
0,0.6913806200027466,1,fitzpatrick17k,fitz_e74b6e2c4948d21c738e190208e599e5,medium,3,benign
1,0.5782419443130493,1,fitzpatrick17k,fitz_8a187db5d6efc0fd1f66674a0bfde9d9,medium,3,malignant
0,0.3858828842639923,1,fitzpatrick17k,fitz_ea3dfe5bf6f7b9df4e29ef19281c510f,light,2,benign
0,0.54948890209198,1,fitzpatrick17k,fitz_8c221e093907ad7ac2864d40ac3de5b3,medium,3,benign
1,0.6078062653541565,1,fitzpatrick17k,fitz_6d8103fe00a1d3d5eccdc9ca1c82bf63,light,2,malignant
1,0.5238939523696899,1,fitzpatrick17k,fitz_32f210990987f39829733c1ab5e7f307,medium,4,malignant
0,0.4519866704940796,1,fitzpatrick17k,fitz_21c5508e51aecface4206f3ec6862b2a,light,2,benign
0,0.5431042313575745,1,fitzpatrick17k,fitz_d34afc36bc5206d5daf58f634bdcff2b,light,2,benign
0,0.43731769919395447,1,fitzpatrick17k,fitz_10c834123ad36ed406abfaed0989cd50,light,2,benign
1,0.7854393720626831,1,fitzpatrick17k,fitz_83a71553579194fa29e6b9e76fc90bbf,light,1,malignant
0,0.47388896346092224,1,fitzpatrick17k,fitz_1ee8bcfc969e60536d3be968cade4e12,medium,3,benign
1,0.38838616013526917,1,fitzpatrick17k,fitz_0b57e0f45e5f6b2da953b908dca9d2a6,medium,3,malignant
1,0.5392257571220398,1,fitzpatrick17k,fitz_82158cd3f9176568df93075f082f178d,light,2,malignant
1,0.6593352556228638,1,fitzpatrick17k,fitz_9071aa339d3fe202cd0fd9a9ae1de1e7,light,1,malignant
0,0.2316199094057083,1,fitzpatrick17k,fitz_f9c61ff6104c25edcd7a3cd39a73b612,light,2,benign
0,0.5819414258003235,1,fitzpatrick17k,fitz_afd5f49b32e05cd34c3c2dff471e5dd8,medium,4,benign
0,0.4669075310230255,1,fitzpatrick17k,fitz_3eb9f0847fd33bfac31423d413d0a21e,medium,4,benign
1,0.5919471979141235,1,fitzpatrick17k,fitz_a177a5fc4b0e7033c39fb4f2503279ab,dark,6,malignant
0,0.589870274066925,1,fitzpatrick17k,fitz_7d8c0e2f01cc096258cbb4d080fe50d9,medium,3,benign
1,0.75254887342453,1,fitzpatrick17k,fitz_72d8dc79694ce96e8eb37f25d00c32a9,light,1,malignant
0,0.32376810908317566,1,fitzpatrick17k,fitz_bdadd375f1f3a24a76548ec8aad728a1,light,1,benign
0,0.7718847990036011,1,fitzpatrick17k,fitz_ae1511b9bbc0fa89c73c335ef666b986,light,1,benign
1,0.602590024471283,1,fitzpatrick17k,fitz_700be0e05d30d1b16be5bf971bba3411,dark,5,malignant
0,0.4009762704372406,1,fitzpatrick17k,fitz_f5b3d653b90167017440d0fed9ec6859,medium,3,benign
1,0.5799069404602051,1,fitzpatrick17k,fitz_37ef6efc7b2498d4a693e3da285fe940,light,2,malignant
1,0.6292828917503357,1,fitzpatrick17k,fitz_d10f7d686f7bea14ccba5de443458a56,medium,3,malignant
0,0.4963819086551666,1,fitzpatrick17k,fitz_8a10429e9c89822448998ea15aae1231,light,2,benign
1,0.6489771008491516,1,fitzpatrick17k,fitz_2bca2886bd9092632698662c969e551d,medium,3,malignant
0,0.33695289492607117,1,fitzpatrick17k,fitz_7a1fc4aba94408a5d067ed69533b834f,medium,3,benign
0,0.6119967103004456,1,fitzpatrick17k,fitz_b299cae1b4fb644ce92863671001b077,dark,5,benign
1,0.535886824131012,1,fitzpatrick17k,fitz_079c3dd9e4b48d119bcdcfc024558128,medium,3,malignant
1,0.7110278010368347,1,fitzpatrick17k,fitz_069aa5f23bea4851455a6b1412134e79,light,1,malignant
1,0.6979089975357056,1,fitzpatrick17k,fitz_25f134943f52c3ef254bb7ceb8b078c5,light,1,malignant
1,0.4009866714477539,1,fitzpatrick17k,fitz_ba91b9271c0ca0a534ca96e0bab9d98a,medium,3,malignant
1,0.3851720094680786,1,fitzpatrick17k,fitz_8718cf620c0488269eb502f2c2ed588c,light,2,malignant
0,0.51601243019104,1,fitzpatrick17k,fitz_a4e45375ed04928a3bc132c669d012e8,light,2,benign
1,0.4115438759326935,1,fitzpatrick17k,fitz_93b062b6dfa77f4c6e763612557adee5,light,2,malignant
1,0.505829393863678,1,fitzpatrick17k,fitz_466ad4e193a5c1ea266486037950ca91,light,2,malignant
0,0.593535304069519,1,fitzpatrick17k,fitz_d0647549f040c62505aafb84f8329bcd,light,2,benign
0,0.44980746507644653,1,fitzpatrick17k,fitz_2dde520367328e9ca2433a16ae82ed4a,medium,4,benign
1,0.6401466131210327,1,fitzpatrick17k,fitz_acd650a29294e11114a43014d39fcd1c,light,2,malignant
0,0.46956491470336914,1,fitzpatrick17k,fitz_dd1706ef3de5fc42423745ab67f964db,light,2,benign
1,0.608869731426239,1,fitzpatrick17k,fitz_62d9ec3242500622172da0af41cef076,light,2,malignant
1,0.5947369933128357,1,fitzpatrick17k,fitz_dc02b8bab10a4ce35a00ee4dba2b51ea,light,2,malignant
0,0.6038379073143005,1,fitzpatrick17k,fitz_55475b1eda99648495c76c8a85d5badd,light,2,benign
1,0.38694050908088684,1,fitzpatrick17k,fitz_8aa0c0210a09a713036cc34e4a77511c,medium,3,malignant
1,0.5918523073196411,1,fitzpatrick17k,fitz_37a5b13c8ac0146e73d022144dd06ab7,light,2,malignant
0,0.4678651988506317,1,fitzpatrick17k,fitz_d8b0791e7e4e7cb98b9eca57073b0aea,dark,5,benign
1,0.5289672017097473,1,fitzpatrick17k,fitz_680c550d96be1cdb24984373cc23bf34,light,2,malignant
1,0.6802741885185242,1,fitzpatrick17k,fitz_804c20da98db71680bd8d6ed0299fcac,light,2,malignant
0,0.3300066888332367,1,fitzpatrick17k,fitz_5a11757de44e14ee556aa61633aaca25,light,2,benign
0,0.5806189775466919,1,fitzpatrick17k,fitz_b22b6623b4a161c90e43de85c5be87f5,light,1,benign
1,0.5019222497940063,1,fitzpatrick17k,fitz_cef2dd1c93103711aed6687a619e0230,light,2,malignant
1,0.5028479099273682,1,fitzpatrick17k,fitz_64758634e47d4583b6b2c2e46469fee5,medium,4,malignant
0,0.42336156964302063,1,fitzpatrick17k,fitz_953af15468b5038fa5c7ff6ac8e073fc,light,1,benign
0,0.5705314874649048,1,fitzpatrick17k,fitz_9cb97ab4c66752d1b71dc3768051ae91,light,2,benign
1,0.6982424259185791,1,fitzpatrick17k,fitz_86665d212e168b26d21f1dc4a8d1f12b,light,2,malignant
0,0.4831036627292633,1,fitzpatrick17k,fitz_6097fdd9701dc4989980e25bba322ed7,light,1,benign
1,0.6532715559005737,1,fitzpatrick17k,fitz_961f0669f23e82f0a4fbd12de80e14b8,light,2,malignant
1,0.5245352983474731,1,fitzpatrick17k,fitz_42b88a567b578faed275128ba0272666,light,2,malignant
1,0.4886947274208069,1,fitzpatrick17k,fitz_bfead4ee428b49d3de415b28ddee47bf,medium,3,malignant
0,0.453721284866333,1,fitzpatrick17k,fitz_fd290d16122769606f90056313b37078,light,1,benign
1,0.5689606666564941,1,fitzpatrick17k,fitz_3edf305f280a7b9753a141631b8f3ad9,dark,5,malignant
1,0.6000407338142395,1,fitzpatrick17k,fitz_3b36608c5ee59c5c9d86d64fb5309007,medium,4,malignant
0,0.6223725080490112,1,fitzpatrick17k,fitz_1520641157c9e8e9f18bb1c80196befa,medium,3,benign
0,0.38193824887275696,1,fitzpatrick17k,fitz_1d76114ea1cee496eb21836e03bb6aca,medium,4,benign
1,0.4670266807079315,1,fitzpatrick17k,fitz_58f8a6ea4d65b0c235565a6f0dab1643,light,1,malignant
1,0.6415216326713562,1,fitzpatrick17k,fitz_248f9241c4e76abbf049ba8b06e968ff,light,2,malignant
1,0.6911877989768982,1,fitzpatrick17k,fitz_18094354afbe15ab6966e9d23858acd3,light,1,malignant
1,0.5436094403266907,1,fitzpatrick17k,fitz_755bf21d14bf061df211b60e58e8e1dd,light,1,malignant
1,0.6623418927192688,1,fitzpatrick17k,fitz_ea5648a14a8e056d04c8ea29979b6423,medium,3,malignant
0,0.5790888667106628,1,fitzpatrick17k,fitz_6c12f0e99a7af40789ae5aaf42946d84,medium,4,benign
1,0.4937233030796051,1,fitzpatrick17k,fitz_02f11821915d67f20fb15a8e8b96c1d3,dark,6,malignant
1,0.48400700092315674,1,fitzpatrick17k,fitz_f6a4ea5cfd04edb74ab3446cb8df11ca,light,1,malignant
1,0.7033331990242004,1,fitzpatrick17k,fitz_47f82c73448a0cbf900d839ac3872496,light,2,malignant
0,0.6586394309997559,1,fitzpatrick17k,fitz_c440c4254e1ccd0d760439a798dc039c,light,1,benign
1,0.5595352649688721,1,fitzpatrick17k,fitz_37bbd5252040e26b37184a54feda5286,dark,6,malignant
0,0.4532517194747925,1,fitzpatrick17k,fitz_a3780fc4f71b9a998c6d768761fc3be0,light,1,benign
1,0.49429911375045776,1,fitzpatrick17k,fitz_a0e5ab87f7d3fe482d098d1e250804c2,light,2,malignant
1,0.5325249433517456,1,fitzpatrick17k,fitz_c8c99a60fd88101507c10b601ab0bd0c,dark,6,malignant
0,0.441841721534729,1,fitzpatrick17k,fitz_ba0c83429976a2db8f25675f5ca82755,medium,3,benign
1,0.5208169221878052,1,fitzpatrick17k,fitz_e734481a48634d1df0a307ec8bbb5c35,light,2,malignant
0,0.5420882701873779,1,fitzpatrick17k,fitz_be587c766f7442b22f0ff8b35c717a2c,dark,5,benign
0,0.5037341117858887,1,fitzpatrick17k,fitz_5940022fa2a35306a7e1b8438bddc7e6,light,2,benign
1,0.4421960711479187,1,fitzpatrick17k,fitz_c85a414180c75d978fb7259f2781b72e,light,2,malignant
1,0.5254983305931091,1,fitzpatrick17k,fitz_1ef72998789229d4659d564ba15e7432,dark,5,malignant
1,0.4835022985935211,1,fitzpatrick17k,fitz_7a1a18109e1ef016c01d4d546a8e6140,light,2,malignant
0,0.6157180070877075,1,fitzpatrick17k,fitz_6762baef7e56c8d76869592b3054ce44,light,2,benign
0,0.44925248622894287,1,fitzpatrick17k,fitz_31d5178f1080d39a338b8f278b62b56c,light,2,benign
0,0.9136372804641724,1,fitzpatrick17k,fitz_fd5dd82519cfa82bd6f23d9f83b421aa,light,1,benign
0,0.626320481300354,1,fitzpatrick17k,fitz_bc6b509caeef6ceb1972e2a62f675cc7,medium,3,benign
1,0.6350876092910767,1,fitzpatrick17k,fitz_61202d0e548be68aed3e4816b432cc66,light,1,malignant
1,0.7013599276542664,1,fitzpatrick17k,fitz_04a6744f7ccc81994a58a726bb7636d0,light,2,malignant
0,0.42470574378967285,1,fitzpatrick17k,fitz_eb063404ab5fcf68b37891e80b2e4fad,light,1,benign
1,0.617624044418335,1,fitzpatrick17k,fitz_371c578b2b298f59e97b620924576ff9,light,2,malignant
0,0.640374481678009,1,fitzpatrick17k,fitz_c605f6e202e48de1f624e085f5316ffe,medium,3,benign
1,0.4404354393482208,1,fitzpatrick17k,fitz_ff16b28c029963056670f78b0a3d4c6a,medium,4,malignant
0,0.5924886465072632,1,fitzpatrick17k,fitz_796e5cdfb2b1851048a9c8a858e6f7b3,light,2,benign
0,0.7317699193954468,1,fitzpatrick17k,fitz_f09014ee407545b42e8b29d35d5b7ab6,light,1,benign
0,0.589514970779419,1,fitzpatrick17k,fitz_7157df00b18ea80d86c14380821cb447,light,2,benign
0,0.23243585228919983,1,fitzpatrick17k,fitz_e9161fe41230fc27334f0a404a13f211,light,1,benign
1,0.6801400184631348,1,fitzpatrick17k,fitz_4953e564460dbe32e48a21dcff8f6445,light,2,malignant
1,0.4748114049434662,1,fitzpatrick17k,fitz_5c9bb8ebeeb90ebc169bb299b41466a9,light,1,malignant
1,0.6513354778289795,1,fitzpatrick17k,fitz_6e620c3a29ad45715a16799d26589be3,medium,3,malignant
1,0.5302997827529907,1,fitzpatrick17k,fitz_c6d23b3dc7d33e5f5ebbec5fcbcdf3f5,light,2,malignant
0,0.5336098074913025,1,fitzpatrick17k,fitz_51d2b47a69773873a3baf7aa7db7c033,medium,3,benign
1,0.5426479578018188,1,fitzpatrick17k,fitz_ba250d0f0b1ed48ecc19465085c41cb0,light,2,malignant
0,0.3809724450111389,1,fitzpatrick17k,fitz_c94cc4bb8853b23b101fccc81fbc4a6d,light,1,benign
0,0.5090047717094421,1,fitzpatrick17k,fitz_b596d07643509eb50594eb5ab8eae2d8,light,2,benign
1,0.6105428338050842,1,fitzpatrick17k,fitz_7d4d2472191c9f0995572c9e64c02e3f,light,2,malignant
0,0.5108447670936584,1,fitzpatrick17k,fitz_d5b3b90897f255f97ac19c06585a948c,light,1,benign
0,0.36168262362480164,1,fitzpatrick17k,fitz_730ab48940959e88b9a1f0c47e0c861f,medium,3,benign
0,0.5616352558135986,1,fitzpatrick17k,fitz_14b5377983a89a22369ee7c9de43dff9,light,2,benign
1,0.7244306206703186,1,fitzpatrick17k,fitz_22453eeab8eb57c76951e23e713ecfdf,medium,4,malignant
0,0.35198888182640076,1,fitzpatrick17k,fitz_34a4c651410d5aba949d1f62b8cdd1cd,medium,3,benign
1,0.44906970858573914,1,fitzpatrick17k,fitz_392eb33bdb10edb95f740abbcc378a6f,light,1,malignant
1,0.483916699886322,1,fitzpatrick17k,fitz_836f1defcf422295cbb2f4b1f045947a,medium,3,malignant
0,0.6871479749679565,1,fitzpatrick17k,fitz_55f69965ecea816e4e8394f7d3ef6f39,medium,3,benign
1,0.6193028092384338,1,fitzpatrick17k,fitz_75d9082e5e87d5776c563bc924965b18,medium,3,malignant
0,0.4373011887073517,1,fitzpatrick17k,fitz_859efabb195acb93f431208a60f4cbd7,light,2,benign
0,0.3949717581272125,1,fitzpatrick17k,fitz_1623819c2577eb2df0ef8a88e0e16ced,light,2,benign
0,0.7066032886505127,1,fitzpatrick17k,fitz_54801c1335acfcc8a1085ee9a29334bd,light,1,benign
0,0.46163827180862427,1,fitzpatrick17k,fitz_66c25b46db5e35e62de1cfa20070563c,light,2,benign
1,0.6721746325492859,1,fitzpatrick17k,fitz_6744db78a0f5c8b6a5ce65df24cb7473,medium,3,malignant
1,0.7073667645454407,1,fitzpatrick17k,fitz_664d794014b44cfa24cd8c4c864be636,medium,3,malignant
1,0.7053008079528809,1,fitzpatrick17k,fitz_c41ab9c1af73950c5b1f0c510d531366,medium,3,malignant
0,0.8469881415367126,1,fitzpatrick17k,fitz_6060ba22ae7d36d6822ee308648e0e59,light,2,benign
0,0.4971100091934204,1,fitzpatrick17k,fitz_73153de151483785856796f6e9577c3d,medium,4,benign
0,0.5525711178779602,1,fitzpatrick17k,fitz_cd47ebac91efee6d13dd2d5fbfb62568,light,1,benign
0,0.5076253414154053,1,fitzpatrick17k,fitz_ecd9690ec6e29b46c322a7a962aff002,light,1,benign
0,0.6617667078971863,1,fitzpatrick17k,fitz_d662d1dc3e783fc7705051c756069f42,light,1,benign
1,0.5981679558753967,1,fitzpatrick17k,fitz_87b267cfaca730eec92b385f6f8199c1,light,1,malignant
1,0.7744168043136597,1,fitzpatrick17k,fitz_9356818506b1d550379e01897aa9f811,medium,3,malignant
0,0.552501380443573,1,fitzpatrick17k,fitz_3adb5b211e9eed41d0dd5b8956e4bd37,light,1,benign
0,0.3988744914531708,1,fitzpatrick17k,fitz_6e50e6c51326bd5cda671908e02fe299,light,1,benign
0,0.5383310914039612,1,fitzpatrick17k,fitz_b1881c3f24c95c6950b3d9e131406edb,light,1,benign
0,0.5773451328277588,1,fitzpatrick17k,fitz_59f5b0200f06bf4409e1991e2f206e1a,medium,3,benign
0,0.4932475686073303,1,fitzpatrick17k,fitz_436171fd0728642f9fd2f0b5f43c937b,light,1,benign
1,0.5115053653717041,1,fitzpatrick17k,fitz_d13ed0851b5f952ab82a25c469ac8aff,dark,5,malignant
0,0.5891730189323425,1,fitzpatrick17k,fitz_26a3423baeb9501ddd17245f3c60b17f,medium,3,benign
1,0.48914045095443726,1,fitzpatrick17k,fitz_10cacf2e0873ae8f01f0f13202545ff7,light,1,malignant
1,0.45168766379356384,1,fitzpatrick17k,fitz_7a1b181c656129f67038293a095e7c51,light,1,malignant
1,0.5316833853721619,1,fitzpatrick17k,fitz_93641798b14fc85f2eb5b9b60d502fcf,dark,6,malignant
1,0.7087315917015076,1,fitzpatrick17k,fitz_bcb7326b02e64d66b66f7f8b503c4250,light,2,malignant
0,0.6857995390892029,1,fitzpatrick17k,fitz_656c560e200b0cfca63346939fa848d3,light,1,benign
0,0.5506808161735535,1,fitzpatrick17k,fitz_7b11131e99b5e053bf85dfeed5229ab5,light,2,benign
0,0.5538628697395325,1,fitzpatrick17k,fitz_fe35305dffc8e83fe82398b7899c4d22,medium,4,benign
0,0.6518660187721252,1,fitzpatrick17k,fitz_b39695f246374fd531122d6f8e238359,medium,4,benign
1,0.5249314904212952,1,fitzpatrick17k,fitz_68528c33db3fc238d183b5d2c14d6f75,medium,3,malignant
1,0.6450102925300598,1,fitzpatrick17k,fitz_1f2489a044a3e3de6bb33af5359e267b,dark,5,malignant
1,0.4729219973087311,1,fitzpatrick17k,fitz_8e14a3fe5101161017215ce4bc75be54,light,1,malignant
0,0.35481083393096924,1,fitzpatrick17k,fitz_72df197c4d2328ff1191aaace64ea8e7,dark,5,benign
0,0.4528960585594177,1,fitzpatrick17k,fitz_9600c2c9fd3ca1db15ff6a3eb115b130,dark,5,benign
1,0.8001394271850586,1,fitzpatrick17k,fitz_96c0a686c6d2b974497d4c080d454df5,light,2,malignant
1,0.5886591076850891,1,fitzpatrick17k,fitz_6eab97097e17ebb49078b6f45c9f185a,light,1,malignant
1,0.4335634410381317,1,fitzpatrick17k,fitz_d15ea5efb526bdce8bde8b385f76905a,medium,4,malignant
1,0.501033365726471,1,fitzpatrick17k,fitz_80af44814ea5730ac2e9ba49971ed054,medium,3,malignant
0,0.5766764879226685,1,fitzpatrick17k,fitz_6ea20aa255135dcdad4c4c539fc02952,light,2,benign
1,0.6844460368156433,1,fitzpatrick17k,fitz_3354d6e561d84457af0adddab4686b31,medium,3,malignant
0,0.5460141897201538,1,fitzpatrick17k,fitz_bffd8a9b8bbc1e2fb0cbbd03d1733d64,medium,3,benign
0,0.4899000823497772,1,fitzpatrick17k,fitz_3fac0ed7c8a7bd96981e6b0370beb67a,light,2,benign
1,0.6625895500183105,1,fitzpatrick17k,fitz_2d924a5a87ebe16ae171aa19ae304f5b,medium,4,malignant
0,0.5624234676361084,1,fitzpatrick17k,fitz_3bc7859eacff502567c5e7d4c3675386,medium,3,benign
1,0.49478963017463684,1,fitzpatrick17k,fitz_051e5c8ce730d6a81961ca551c9fdb2a,dark,5,malignant
0,0.6136519908905029,1,fitzpatrick17k,fitz_68317da6a46ee51da61f8973fb36c13c,light,2,benign
0,0.6188663244247437,1,fitzpatrick17k,fitz_e5afb8b3f6b6586ebc4264cccc2ac3ed,medium,3,benign
0,0.3726719915866852,1,fitzpatrick17k,fitz_88606e63a0533fcc7728778f5ac997a1,medium,3,benign
1,0.6270434260368347,1,fitzpatrick17k,fitz_142010938ae529cd6d394a803c7d135d,dark,6,malignant
1,0.6164005994796753,1,fitzpatrick17k,fitz_414d1baaee908089a3c09143507d5fd8,light,2,malignant
1,0.44975724816322327,1,fitzpatrick17k,fitz_14123577f30e3a495ac84e2cf1244a99,dark,5,malignant
1,0.7610864639282227,1,fitzpatrick17k,fitz_613bb35e2fb482c4bb7a4925ec0743b3,light,2,malignant
1,0.7382633686065674,1,fitzpatrick17k,fitz_2f330a206b1b7c37b1d82dfd04e25e04,medium,3,malignant
0,0.4180823266506195,1,fitzpatrick17k,fitz_718c0e95d068f9ba941323dff275a93a,medium,4,benign
0,0.6494008302688599,1,fitzpatrick17k,fitz_6d5dacc378b1328e0acf3070cb2b03b7,medium,3,benign
1,0.6698386073112488,1,fitzpatrick17k,fitz_8ad1a12672261156e2dd3ac462215d76,medium,4,malignant
0,0.5972867608070374,1,fitzpatrick17k,fitz_a8e48833aa24c2cdddb82cf83f1e3786,medium,4,benign
1,0.6241121292114258,1,fitzpatrick17k,fitz_6f7e7323fc3b1d98c4e3bfe5273f6b92,medium,4,malignant
1,0.6001052856445312,1,fitzpatrick17k,fitz_1d1ee437001fa401e4a5916c93f7e2ae,light,1,malignant
1,0.7183945178985596,1,fitzpatrick17k,fitz_f6ccdc5b72ec1c8360ca3625c6caae82,light,2,malignant
1,0.5012421607971191,1,fitzpatrick17k,fitz_a8558bbb85a4e1854e2e0d581de9e886,medium,4,malignant
0,0.5122913122177124,1,fitzpatrick17k,fitz_f090c4485572120e94c74abbdaa465dd,light,2,benign
1,0.7297875285148621,1,fitzpatrick17k,fitz_8a891f4bfb77344d6ae4d236cb9ac4e5,light,2,malignant
1,0.6299306750297546,1,fitzpatrick17k,fitz_2aa5dac8b5f87535800796c039a818c8,medium,3,malignant
1,0.7803394198417664,1,fitzpatrick17k,fitz_22bcca7d579abf5c2c121c98aa01a4c7,medium,3,malignant
0,0.6014032959938049,1,fitzpatrick17k,fitz_e96aa1f63f0fefc720b3c880ed99df3a,light,2,benign
1,0.7119120955467224,1,fitzpatrick17k,fitz_9069774637223d3e3c1b7663e35e9207,light,2,malignant
1,0.7638112902641296,1,fitzpatrick17k,fitz_06aa37c1fb2ae9dadf126143b98a1640,dark,5,malignant
1,0.42401063442230225,1,fitzpatrick17k,fitz_07c3f44536b46156450cf81a451ccedb,medium,3,malignant
1,0.7290261387825012,1,fitzpatrick17k,fitz_6fb6afb84ad3fadb641d9d5673156e93,light,1,malignant
0,0.7162766456604004,1,fitzpatrick17k,fitz_cd6ce97763ba3f98385e83b05aa7458c,light,2,benign
1,0.5683634281158447,1,fitzpatrick17k,fitz_c40432238e3ce04f39d1d23f13527c67,light,1,malignant
0,0.5380606055259705,1,fitzpatrick17k,fitz_d79c66a92d55620af459bc25e190971a,medium,4,benign
0,0.3714432716369629,1,fitzpatrick17k,fitz_59f836f94168551a1a24e73352d68ae3,medium,3,benign
1,0.7436289191246033,1,fitzpatrick17k,fitz_bb3d08781eb23890a9909201deed8c85,medium,3,malignant
0,0.5181370973587036,1,fitzpatrick17k,fitz_a9a8e1bda61bd6d24d074b571fec6853,light,2,benign
1,0.6523464918136597,1,fitzpatrick17k,fitz_15a259f7d6ba10129c0cc837d551a5b8,dark,5,malignant
1,0.7304275631904602,1,fitzpatrick17k,fitz_70a229de10ed48af1fd97db19997aa62,medium,3,malignant
1,0.7126692533493042,1,fitzpatrick17k,fitz_4c6e412b4f3f5b743e7fbc2a2c535eef,dark,6,malignant
1,0.7292274236679077,1,fitzpatrick17k,fitz_4ff1ea06e98ef27ae93b27fbfa384a75,medium,4,malignant
1,0.5682505965232849,1,fitzpatrick17k,fitz_7270099b2bb8e4b2454a5e23c5c8960b,medium,3,malignant
0,0.545943558216095,1,fitzpatrick17k,fitz_91c2a2d75d43488ff67d36bafefaeba7,medium,4,benign
1,0.3850459158420563,1,fitzpatrick17k,fitz_f7c6e5f7929dd5ca2b066698fd2e83ba,light,2,malignant
1,0.4953967034816742,1,fitzpatrick17k,fitz_cee7765b5c79a3c4a5354fe3a755c388,light,2,malignant
1,0.5566797256469727,1,fitzpatrick17k,fitz_f6e60656f07352aa4b604fd121c7b8a6,light,2,malignant
1,0.6428161263465881,1,fitzpatrick17k,fitz_fcc9ed3892215e076e9dc5b7a8bf81e7,medium,4,malignant
0,0.2819056808948517,1,fitzpatrick17k,fitz_ee66b882c6b13c71daaaa7141969b0cc,light,2,benign
1,0.485134482383728,1,fitzpatrick17k,fitz_b1f5e53bd14607b73779265e8ba0acd4,medium,4,malignant
0,0.49165892601013184,1,fitzpatrick17k,fitz_58e381db621adcc7dfb8d6755a61bccd,medium,4,benign
1,0.5068708062171936,1,fitzpatrick17k,fitz_5ff2e2cbcbb9f92610ec54dca324d149,dark,5,malignant
1,0.48592865467071533,1,fitzpatrick17k,fitz_73ac23918c9537a8c792938b64f779e0,medium,4,malignant
0,0.4075288474559784,1,fitzpatrick17k,fitz_d8f292e57a074853bfbdb305a9eb73f6,medium,3,benign
0,0.5559111833572388,1,fitzpatrick17k,fitz_c9d828d3c3cc193f7c802814fb6fba11,dark,5,benign
1,0.706273078918457,1,fitzpatrick17k,fitz_cd5e1db7f0aac364ba2a0fd6407dd4cf,medium,3,malignant
1,0.7704932689666748,1,fitzpatrick17k,fitz_85eecdee71e8ac56831eb6bf276c28bb,medium,4,malignant
0,0.32915225625038147,1,fitzpatrick17k,fitz_d9480e888a1caa8f33fb117b24424eeb,medium,4,benign
1,0.37641841173171997,1,fitzpatrick17k,fitz_95c2deba9f2b97f6f482f0be1c69c0c0,medium,3,malignant
1,0.6499394178390503,1,fitzpatrick17k,fitz_9dd0c1d46a417fa57f686091e213920e,medium,4,malignant
1,0.6835479736328125,1,fitzpatrick17k,fitz_875d767d2fa63aa3f740d7d19f21e32a,dark,5,malignant
1,0.6803246140480042,1,fitzpatrick17k,fitz_84bb739a297c4d52efe756a2f398f1da,medium,3,malignant
1,0.9798867702484131,1,fitzpatrick17k,fitz_2a5ade59d80877fcfc12811abe61556e,light,2,malignant
1,0.7908245921134949,1,fitzpatrick17k,fitz_bf50a7b1441576de64d5a5cd44c75c48,light,2,malignant
1,0.45105651021003723,1,fitzpatrick17k,fitz_37566d4150bbc6080c2dd4ecc7ff9431,medium,3,malignant
0,0.4330070912837982,1,fitzpatrick17k,fitz_20befb1b6128fad2e770487c5b998d6c,medium,4,benign
1,0.7988466024398804,1,fitzpatrick17k,fitz_ace824524daf49082f44882d8659a50b,light,2,malignant
1,0.4480495750904083,1,fitzpatrick17k,fitz_7c015dcdbe6e3f3c2911a64342c135c6,medium,4,malignant
1,0.7760230898857117,1,fitzpatrick17k,fitz_0a152642bc8270880808ab9477846866,medium,3,malignant
0,0.488791823387146,1,fitzpatrick17k,fitz_3fbb46ab616ef3d1725db205095b2d03,dark,5,benign
1,0.5252904891967773,1,fitzpatrick17k,fitz_87089a4409606968748d64f20865a2dc,medium,4,malignant
1,0.49805304408073425,1,fitzpatrick17k,fitz_b0acf3a63fa757598b06c51a431eea6d,medium,3,malignant
1,0.7337042689323425,1,fitzpatrick17k,fitz_13aa2de8804ae601cd45c1c4cac9bc6f,medium,4,malignant
1,0.7892289757728577,1,fitzpatrick17k,fitz_11ac867b9e3bd555d22a4945ceaffcf6,medium,3,malignant
1,0.7039152383804321,1,fitzpatrick17k,fitz_c5d35b4740eb83ed02bfa93966de2276,medium,3,malignant
1,0.48535242676734924,1,fitzpatrick17k,fitz_8f00177862cb143ca7effe4d6f57a104,medium,3,malignant
1,0.41205620765686035,1,fitzpatrick17k,fitz_6f1cea03b7d8e82e852c1f95ee8a9d0f,medium,3,malignant
0,0.49787428975105286,1,fitzpatrick17k,fitz_d481e82db27a8a1cdef7083d7d52a5f8,medium,3,benign
0,0.6083220839500427,1,fitzpatrick17k,fitz_1e9df108fbd1e38ca2bfc792e00520e3,dark,5,benign
0,0.3919994831085205,1,fitzpatrick17k,fitz_d4c50e54ff437793a0e27cc60416dfbf,medium,3,benign
0,0.6904336810112,1,fitzpatrick17k,fitz_62462e18a0638d8e480dd2f80ea05f9a,light,2,benign
0,0.6883646249771118,1,fitzpatrick17k,fitz_f938b1757e030e713c81ab5ccf86dc93,medium,4,benign
1,0.8209671378135681,1,fitzpatrick17k,fitz_de2a6626fa354f736fae29f7402956f1,dark,6,malignant
1,0.4936058223247528,1,fitzpatrick17k,fitz_0b4d3115ffeae11ac35e71766a28c748,dark,5,malignant
1,0.7118017673492432,1,fitzpatrick17k,fitz_5b80aba14b5caf42e854d17d3cdf2df2,light,1,malignant
1,0.697381854057312,1,fitzpatrick17k,fitz_9b470afe41438bbf127bcff35591a461,light,1,malignant
0,0.4713331460952759,1,fitzpatrick17k,fitz_4a79b6c4159711edb7f3d868986159ec,dark,5,benign
1,0.5274226069450378,1,fitzpatrick17k,fitz_4232bfc4519a01247ebebb87f74fbde1,dark,6,malignant
1,0.690689742565155,1,fitzpatrick17k,fitz_e03a74d6e3859a7f29e7f77190c50d8f,light,1,malignant
1,0.6894208192825317,1,fitzpatrick17k,fitz_339d21e178104dd6280e1ac6d354a695,medium,4,malignant
1,0.6782219409942627,1,fitzpatrick17k,fitz_d355c68d7a408adefaac774c6ff660d9,medium,3,malignant
1,0.4693392217159271,1,fitzpatrick17k,fitz_3b7e06dda645a02dca6abfc20a02c4b5,medium,3,malignant
1,0.5534469485282898,1,fitzpatrick17k,fitz_8bdf085e79f86fbfd2f5141b5b3df776,medium,4,malignant
0,0.5637874007225037,1,fitzpatrick17k,fitz_c01623aebd4b43f4a36b39c4fe3eb847,medium,3,benign
1,0.6492809057235718,1,fitzpatrick17k,fitz_967a8b6daeb91f97027f409fe778b714,dark,5,malignant
1,0.6063405275344849,1,fitzpatrick17k,fitz_d95c392d3e9ee2f7adbd7ddbda21d686,medium,3,malignant
0,0.5304862260818481,1,fitzpatrick17k,fitz_0bc9e550f5428ba100d3cd202eb3a033,light,2,benign
1,0.597364604473114,1,fitzpatrick17k,fitz_2869dab9acf2f66a2f6a84564744e2b0,medium,4,malignant
1,0.6175387501716614,1,fitzpatrick17k,fitz_4ab4fa98f5acf7ec42886917128df401,dark,6,malignant
1,0.5192702412605286,1,fitzpatrick17k,fitz_9beeeb0b8f6d8468c3e88cc31006deae,light,2,malignant
0,0.6515862941741943,1,fitzpatrick17k,fitz_6a67334786785135b8acaeac2deaf861,medium,3,benign
0,0.5711931586265564,1,fitzpatrick17k,fitz_ba463307826118df842dde3d86035e64,medium,3,benign
1,0.5401855707168579,1,fitzpatrick17k,fitz_9209a4be6a83500ae0c536cc16386284,dark,5,malignant
1,0.518024742603302,1,fitzpatrick17k,fitz_8b1aac66f2434dc37c84ba01f2c08605,medium,4,malignant
1,0.7815878987312317,1,fitzpatrick17k,fitz_c02bd8d61feda28f1cf90efb126b5b1a,medium,3,malignant
1,0.7008015513420105,1,fitzpatrick17k,fitz_0fd4f7d195dd7b1355d2389d8b2ed1dc,light,2,malignant
1,0.4689112901687622,1,fitzpatrick17k,fitz_e923714f9e9f1efa1b8ba453445e699c,medium,3,malignant
0,0.6109681725502014,1,fitzpatrick17k,fitz_6907a4d2fbc55ee63fc6ea21dd3cd101,medium,4,benign
0,0.4316987693309784,1,fitzpatrick17k,fitz_c9d6da6e630c177dc49d9599621a7483,medium,4,benign
1,0.6177490949630737,1,fitzpatrick17k,fitz_ec434ee7ba467dd5ec5a4b87fd515e29,medium,4,malignant
1,0.6877835392951965,1,fitzpatrick17k,fitz_afa20ef60268a59dc941d8de20af6abd,medium,3,malignant
0,0.5594972968101501,1,fitzpatrick17k,fitz_516f653ad62aac360ff790f52ae5437c,light,2,benign
0,0.5002286434173584,1,fitzpatrick17k,fitz_8c00a4d7a5bb338d4538945e2e4c8cd6,dark,5,benign
0,0.597959578037262,1,fitzpatrick17k,fitz_3a1577a82589d62ee3eb845e9c318ca8,medium,4,benign
1,0.42295321822166443,1,fitzpatrick17k,fitz_b30468853e0ad984dfbf53fceee5942f,medium,3,malignant
1,0.6835379600524902,1,fitzpatrick17k,fitz_a0429ec7dd6733573064f6056eb7944e,light,2,malignant
1,0.5250820517539978,1,fitzpatrick17k,fitz_f2404024ad9adf7355a5363efe418567,medium,3,malignant
1,0.7613747715950012,1,fitzpatrick17k,fitz_7d5ad8c28f8ef3587fb14ddb53c316cd,light,2,malignant
0,0.4003562033176422,1,fitzpatrick17k,fitz_19ce53c364f3b0b022270c91e8ea64d7,light,2,benign
1,0.7688639760017395,1,fitzpatrick17k,fitz_228c237da9bca35c55632db3a7b78264,light,1,malignant
0,0.4379158020019531,1,fitzpatrick17k,fitz_99e361c5820619ab35c68cac47b41ea5,medium,4,benign
1,0.6055411696434021,1,fitzpatrick17k,fitz_6291ff38493700eccb9816dc3586cd17,medium,3,malignant
1,0.6808037161827087,1,fitzpatrick17k,fitz_b76381e00a47d51418c19231ec321e20,light,2,malignant
1,0.6141452193260193,1,fitzpatrick17k,fitz_22bd8aa5373f1091456b7f40af1ce786,medium,4,malignant
1,0.7163162231445312,1,fitzpatrick17k,fitz_6b174a5db8261270d5620a19f78898c8,dark,6,malignant
1,0.7589866518974304,1,fitzpatrick17k,fitz_16da44ca4bd3c77321401f8f4ae82138,light,2,malignant
1,0.5550926327705383,1,fitzpatrick17k,fitz_31ef1691003e2135a9e796254d596d64,dark,5,malignant
1,0.43371474742889404,1,fitzpatrick17k,fitz_eefcaa4061e195fa602680a763c5e79a,medium,3,malignant
1,0.7951192259788513,1,fitzpatrick17k,fitz_32402e8c62ef1a1d67723e10a356335b,light,1,malignant
1,0.42326244711875916,1,fitzpatrick17k,fitz_f37e2d17279aeb64cc2674d72291b4ae,medium,4,malignant
0,0.39512112736701965,1,fitzpatrick17k,fitz_1e47962dfdfe1ccaaf34732868a16145,medium,3,benign
0,0.41109833121299744,1,fitzpatrick17k,fitz_d6fc0056182f22e51d727af0524ad8df,medium,4,benign
0,0.6591565608978271,1,fitzpatrick17k,fitz_9596c8487ccf09bf836a1e308b440f7b,medium,3,benign
1,0.7058609127998352,1,fitzpatrick17k,fitz_ab7f5d4d82844334fd046cfa3d0c52b7,light,1,malignant
1,0.6439769268035889,1,fitzpatrick17k,fitz_3b290d262098f761d719aa07cf36c040,medium,4,malignant
1,0.6314052939414978,1,fitzpatrick17k,fitz_514d66c5bfd013ff057365fcd5c995f2,medium,3,malignant
1,0.6674045324325562,1,fitzpatrick17k,fitz_5d25c6673ea2d8b1268f9b644723843d,medium,3,malignant
1,0.7302262187004089,1,fitzpatrick17k,fitz_ae0f57af6ace4b075703d55ff00f2574,light,2,malignant
1,0.6231459975242615,1,fitzpatrick17k,fitz_99c09906cd9631d6ff648f680ce3c7a2,medium,4,malignant
1,0.6257935762405396,1,fitzpatrick17k,fitz_c118e1b0b179f299b4a814d78059c137,medium,3,malignant
1,0.4608471095561981,1,fitzpatrick17k,fitz_4343f98b39a54c43563b2819a20beaea,medium,3,malignant
0,0.6535144448280334,1,fitzpatrick17k,fitz_37804e80bc8a269bd456fa8f67b3a839,light,2,benign
0,0.44942232966423035,1,fitzpatrick17k,fitz_ffe62c609421e3adaa69ee1751dd6a37,light,2,benign
0,0.552253007888794,1,fitzpatrick17k,fitz_df230db5bd345ad708464fb9ecce6a55,light,2,benign
1,0.5329320430755615,1,fitzpatrick17k,fitz_8befc3a0c8600e273977e3a8888a802f,light,2,malignant
1,0.7954516410827637,1,fitzpatrick17k,fitz_04672ea146d9dbc081cf63c160c7dfa0,light,1,malignant
1,0.6928422451019287,1,fitzpatrick17k,fitz_3889e119deceb3e9f6b0719ad9431086,medium,3,malignant
1,0.6648702621459961,1,fitzpatrick17k,fitz_eec8c53d191fee6417cfcd4f12d415d3,light,2,malignant
1,0.5218768119812012,1,fitzpatrick17k,fitz_c3b96b61412f2004d8c5a281ce9ffcd3,medium,3,malignant
0,0.5651078820228577,1,fitzpatrick17k,fitz_2dfbfb0d7468ff9aa4d7c70bcf4a84c7,light,1,benign
1,0.7413141131401062,1,fitzpatrick17k,fitz_d33000ba378f61a583220a7fc0eade81,dark,5,malignant
1,0.6921213269233704,1,fitzpatrick17k,fitz_63f2efe8aab42d66f08a223d21b79f9d,light,2,malignant
1,0.45922359824180603,1,fitzpatrick17k,fitz_ddbe1c3f36e36d3e2c884742ce576279,medium,3,malignant
0,0.6440410017967224,1,fitzpatrick17k,fitz_9af2edfb123f4ff28cfbec38a2ed3e88,medium,3,benign
1,0.6371351480484009,1,fitzpatrick17k,fitz_ce6185287c4b9aabd353be048b379f22,medium,3,malignant
0,0.7973005771636963,1,fitzpatrick17k,fitz_aed381c868ecd4d8bcd3d78390206a60,medium,4,benign
0,0.48188745975494385,1,fitzpatrick17k,fitz_5d67b5d6f9ae8f186a2c76573d5000b0,medium,3,benign
1,0.6898539662361145,1,fitzpatrick17k,fitz_257b98dac6241fa7fc474d3ccd0cc23e,dark,5,malignant
1,0.7361233234405518,1,fitzpatrick17k,fitz_82375585ff47e3738a54447e43b613f2,medium,4,malignant
1,0.5638113021850586,1,fitzpatrick17k,fitz_524aaebd1cc57cbc543f8f1c499615d4,medium,3,malignant
1,0.8053894639015198,1,fitzpatrick17k,fitz_17313d3de1e4c2952908201cb825e340,light,2,malignant
0,0.3078855872154236,1,fitzpatrick17k,fitz_0de026e61445d16bc819b7f05ad2a68d,medium,4,benign
0,0.4706701934337616,1,fitzpatrick17k,fitz_5a55b6a5368fee12881efc2bfb3ddb29,medium,3,benign
1,0.537653386592865,1,fitzpatrick17k,fitz_c0a31afecc839c5fccf8c15ca9cee431,dark,6,malignant
0,0.5507548451423645,1,fitzpatrick17k,fitz_0a55e2e0b4d0241785ba9787829c6dfc,medium,3,benign
1,0.7362027764320374,1,fitzpatrick17k,fitz_19052eee2e7efa39b3089fff1c5f8f77,light,2,malignant
1,0.7862575650215149,1,fitzpatrick17k,fitz_47cb1bb512da0f22002f75e9f158c6e8,medium,4,malignant
1,0.820004940032959,1,fitzpatrick17k,fitz_190822f2e75490299428db99d2f34486,medium,3,malignant
0,0.3956162929534912,1,fitzpatrick17k,fitz_ba91d5fb3912773dbcc64434d8f129a7,medium,4,benign
1,0.742972731590271,1,fitzpatrick17k,fitz_78219f1a6402b8f83a9eecfed6a35c0c,light,2,malignant
0,0.4542539715766907,1,fitzpatrick17k,fitz_1663e75536f056d5158dcd192e591b1e,medium,3,benign
1,0.7311487197875977,1,fitzpatrick17k,fitz_cd509e89fbf306cbd9e46574e6bc4391,medium,4,malignant
1,0.4231192469596863,1,fitzpatrick17k,fitz_72015b5cbc3acebc1441248befaa321a,dark,5,malignant
1,0.51630699634552,1,fitzpatrick17k,fitz_9bfb3777fbfe372a890ce8ad2fe29d31,light,1,malignant
1,0.559326171875,1,fitzpatrick17k,fitz_62730dff94663cd3ecfd226478e7bc72,light,2,malignant
1,0.7113426923751831,1,fitzpatrick17k,fitz_ac6e3dc1e49d8d74f51345ba2876ec18,medium,3,malignant
0,0.39202257990837097,1,fitzpatrick17k,fitz_e96f62903251bfa28d6d4ecf6c4341f4,medium,4,benign
1,0.4796760380268097,1,fitzpatrick17k,fitz_ce7b0d125669568a40712915b5d47459,light,2,malignant
1,0.27880144119262695,1,fitzpatrick17k,fitz_5802610b87c8098cf71de102f2e9652d,medium,3,malignant
0,0.4151272773742676,1,fitzpatrick17k,fitz_5690933c136cfc1eb629062b05be1b83,medium,3,benign
1,0.5744417309761047,1,fitzpatrick17k,fitz_df8704cc8d07e12536c22cb9670dbb25,dark,5,malignant
1,0.530100405216217,1,fitzpatrick17k,fitz_e54daa4b483474920f81739c264c1efc,dark,5,malignant
0,0.5156950950622559,1,fitzpatrick17k,fitz_548ec840d0d93a2e469cd33f6127cd6d,dark,5,benign
1,0.7254481911659241,1,fitzpatrick17k,fitz_429baf43d2dfce514c2bbf837a537623,medium,3,malignant
0,0.5461216568946838,1,fitzpatrick17k,fitz_530b010e31741289b4cb1b1f07bb2380,light,2,benign
1,0.7817312479019165,1,fitzpatrick17k,fitz_f9c6ce09c18ab2ba730a0ed8e92b620f,medium,3,malignant
0,0.4084486961364746,1,fitzpatrick17k,fitz_e78853dfe442ba997bc7a8271082e1a3,medium,3,benign
0,0.5325221419334412,1,fitzpatrick17k,fitz_2600344136b9750ac5f65e39bfeaea3f,medium,3,benign
0,0.5014935731887817,1,fitzpatrick17k,fitz_2d344b03816a60495078387cc99f335d,dark,5,benign
0,0.46130093932151794,1,fitzpatrick17k,fitz_cb33bd170307c07e3547c91b825e65a7,medium,4,benign
1,0.5172576904296875,1,fitzpatrick17k,fitz_1dcc2fb45c366dafbb1f45c0e8afd3bd,dark,5,malignant
0,0.4791819453239441,1,fitzpatrick17k,fitz_ff65d3db00e773387f09da586f59f545,medium,4,benign
1,0.5343830585479736,1,fitzpatrick17k,fitz_3051fedba7a0300d60d48d91766831c4,dark,5,malignant
1,0.6256500482559204,1,fitzpatrick17k,fitz_3a99a5259471f5fee1d4db0d2067b413,medium,4,malignant
0,0.3498421013355255,1,fitzpatrick17k,fitz_10cbe527905d61220233b3b00e5566ee,medium,4,benign
1,0.4708434045314789,1,fitzpatrick17k,fitz_a468181a518bae4b2f40c237969c97df,dark,5,malignant
1,0.6650223731994629,1,fitzpatrick17k,fitz_752f4f78bf2794442a03155ca7647a87,medium,3,malignant
1,0.5614959597587585,1,fitzpatrick17k,fitz_a6887106885c0371916de914af87c31d,medium,3,malignant
1,0.7164421677589417,1,fitzpatrick17k,fitz_d96a857ee0300968debe100bdf7d6e24,medium,3,malignant
0,0.5620061755180359,1,fitzpatrick17k,fitz_532504148c464e82a7bd970a0e2ac371,medium,4,benign
1,0.4811135232448578,1,fitzpatrick17k,fitz_3b7dbe80a5fa8ca9af3620b1d79acec6,medium,3,malignant
1,0.6350866556167603,1,fitzpatrick17k,fitz_9c086096fe77da43c2ed2be854b657a2,light,2,malignant
1,0.5579427480697632,1,fitzpatrick17k,fitz_f420eb73f0b50a89b5fddccc85796062,light,2,malignant
0,0.41988521814346313,1,fitzpatrick17k,fitz_fefef7382f3fdab7506fac1238c8b81c,medium,4,benign
1,0.578082263469696,1,fitzpatrick17k,fitz_9d0ac0581b79c21928705c61bc05a636,light,2,malignant
1,0.7350218296051025,1,fitzpatrick17k,fitz_4fa9a2f6266c5e685bbce85809b99bee,dark,5,malignant
0,0.2859126925468445,1,fitzpatrick17k,fitz_c996308d0e96ee68ce1353c7a4810a31,light,2,benign
0,0.6308588981628418,1,fitzpatrick17k,fitz_7ee21e6c71ee77980f3480bdbbf27a88,medium,4,benign
1,0.8004297018051147,1,fitzpatrick17k,fitz_910c7ae0e80a50e2774cf4b166378b18,light,2,malignant
1,0.6682811379432678,1,fitzpatrick17k,fitz_084d223d5918ec2ddae37f2f8061e23c,dark,5,malignant
0,0.40482285618782043,1,fitzpatrick17k,fitz_8be70cfaaeadbb20bfc0cc4f874bd1d4,light,2,benign
0,0.6276655197143555,1,fitzpatrick17k,fitz_b836e1e86e845deaf8b280c0246d86a4,medium,4,benign
0,0.37773406505584717,1,fitzpatrick17k,fitz_0e16117b2b9d1e457987386e363cc03c,medium,3,benign
1,0.48577654361724854,1,fitzpatrick17k,fitz_b2a36a8d0b2c0d129e7510a32c18bdcc,medium,4,malignant
1,0.4184744358062744,1,fitzpatrick17k,fitz_f44f3454329e674663e68da31c24e674,medium,3,malignant
0,0.4840697944164276,1,fitzpatrick17k,fitz_44df5dceb5722eeaac76f8957926ae0a,medium,4,benign
1,0.6019397377967834,1,fitzpatrick17k,fitz_3368f86f3ab52a1362f4c1aac02c14be,light,2,malignant
0,0.658466100692749,1,fitzpatrick17k,fitz_506c69da28b63b617677deafd750c3de,medium,4,benign
0,0.4621517062187195,1,fitzpatrick17k,fitz_057144673db592e4c06d3eae41574c10,medium,3,benign
1,0.726232647895813,1,fitzpatrick17k,fitz_e2b108ec0b0d9df5ad536cfde4fb543f,light,2,malignant
1,0.7486822009086609,1,fitzpatrick17k,fitz_45297051705ac6a8b8d04264cae21bc3,light,1,malignant
1,0.5325741767883301,1,fitzpatrick17k,fitz_6bc3cb3a8500f1fb22684028b720a032,light,2,malignant
1,0.7785623073577881,1,fitzpatrick17k,fitz_e315766377e07b3a78c789f1ef6cf529,dark,5,malignant
1,0.4766881763935089,1,fitzpatrick17k,fitz_dfe4994c0601b1cd8f94e076f6945c3f,medium,3,malignant
1,0.5207804441452026,1,fitzpatrick17k,fitz_04437cd3092a8922dc9af8100d350431,medium,4,malignant
1,0.7473927140235901,1,fitzpatrick17k,fitz_40b3e8829b08cfac1b06b44857e290f4,light,2,malignant
1,0.7173411846160889,1,fitzpatrick17k,fitz_89fec580f8f8f7bab2f4199ff2234e7f,medium,3,malignant
1,0.5312960743904114,1,fitzpatrick17k,fitz_ab641dc2d33a9a81e7d931eb47e3be4e,light,2,malignant
0,0.6318972706794739,1,fitzpatrick17k,fitz_df85f658d1cf5b29c95d2018c32a050a,medium,3,benign
0,0.5009486675262451,1,fitzpatrick17k,fitz_c69c1b503d56830699dc0fbbb5c9c1f0,medium,3,benign
1,0.39961791038513184,1,fitzpatrick17k,fitz_923534fd044e776e66d0e5fca35e0a1c,light,1,malignant
0,0.3100786805152893,1,fitzpatrick17k,fitz_06f65d8dde6dde8c772966689a06ad66,light,2,benign
0,0.5000813007354736,1,fitzpatrick17k,fitz_ddc8eaaf09188277072ee805cb73c8da,medium,4,benign
0,0.5119174122810364,1,fitzpatrick17k,fitz_74a2d7b3c01c63f68614c48270507f89,medium,4,benign
1,0.4863203465938568,1,fitzpatrick17k,fitz_afc4bdb0cdefbdb03a1335a89ebe49c6,medium,4,malignant
1,0.7177473306655884,1,fitzpatrick17k,fitz_07de122cbdd10a1b4719b6c9c8cb764f,medium,3,malignant
0,0.44695425033569336,1,fitzpatrick17k,fitz_93f92f695c7e5d55004f1f05d8617f12,medium,3,benign
1,0.7735088467597961,1,fitzpatrick17k,fitz_34eb78207519afd3d4835e52a67218d5,light,2,malignant
1,0.8201348185539246,1,fitzpatrick17k,fitz_5c58b1691f53c9ab0c4a8a5f7e49c8ff,light,2,malignant
0,0.7685192823410034,1,fitzpatrick17k,fitz_9b950015c022988a79291ec308d2c839,dark,5,benign
0,0.4264538288116455,1,fitzpatrick17k,fitz_9f02224f0aecb68e7e32278e3fc316b3,light,2,benign
0,0.37950241565704346,1,fitzpatrick17k,fitz_31101499ce05d4685f06fe3267e50c20,medium,4,benign
0,0.4683566689491272,1,fitzpatrick17k,fitz_24541df12ac58db17a35401ee7e427f9,medium,4,benign
1,0.8228963017463684,1,fitzpatrick17k,fitz_d11416a368eb814bae7eeb54d357f46b,light,2,malignant
0,0.3260945677757263,1,fitzpatrick17k,fitz_d5ecee92dd62521055328614523535ac,medium,4,benign
1,0.6822183132171631,1,fitzpatrick17k,fitz_08a183312614facc181ff92c032dc8b0,light,1,malignant
1,0.45136189460754395,1,fitzpatrick17k,fitz_2dc5c700e1ba2c10091d84c7c8818a7a,medium,3,malignant
1,0.7668762803077698,1,fitzpatrick17k,fitz_93c3ccc320820c1ea641dc6244f03109,dark,5,malignant
1,0.7870156168937683,1,fitzpatrick17k,fitz_84e466bb6cfd0812bf7c0ccb26132202,medium,3,malignant
1,0.5373839735984802,1,fitzpatrick17k,fitz_70766ed2b71ab0e8c5b387e172213eee,dark,5,malignant
0,0.5653321146965027,1,fitzpatrick17k,fitz_e268515e2171df91156578c7d0862969,medium,4,benign
0,0.554919421672821,1,fitzpatrick17k,fitz_ac713d803bfccd03939a4d3a0785491c,dark,5,benign
1,0.5524612665176392,1,fitzpatrick17k,fitz_70febe1909055262ca282551a222a10f,medium,4,malignant
0,0.33657947182655334,1,fitzpatrick17k,fitz_61c220d156f4c0cf2acdf5c8a9cc8ab1,light,2,benign
0,0.4946855306625366,1,fitzpatrick17k,fitz_bebe28df15b1511d462e21666d9ed9c1,medium,4,benign
0,0.3398822546005249,1,fitzpatrick17k,fitz_25240cda5c5a576b9bbf092957512804,medium,4,benign
0,0.49372005462646484,1,fitzpatrick17k,fitz_2b703d98eb26cef83288706714897fee,medium,4,benign
1,0.6671413779258728,1,fitzpatrick17k,fitz_8b545da3675c0f8fa30fff4b2c75c4f6,dark,5,malignant
1,0.4731859266757965,1,fitzpatrick17k,fitz_c22dfb448848253cc53435cdb23c1271,medium,3,malignant
1,0.540861189365387,1,fitzpatrick17k,fitz_96004967206f290b58a07554103b46df,light,2,malignant
1,0.46605533361434937,1,fitzpatrick17k,fitz_7954c76a4c9f3404769986b22e88cc46,medium,4,malignant
1,0.5550206303596497,1,fitzpatrick17k,fitz_7297014b0c70456e5bae9b3d0c846bfe,medium,3,malignant
1,0.6370016932487488,1,fitzpatrick17k,fitz_3a2548935342032a9aff94b776e31c1d,dark,6,malignant
0,0.5168392658233643,1,fitzpatrick17k,fitz_10a1628a6d86c2e0bf8835bfd60850a1,light,2,benign
0,0.45851024985313416,1,fitzpatrick17k,fitz_5a84d9c3518bad3403c31fde904acc74,medium,3,benign
1,0.7059861421585083,1,fitzpatrick17k,fitz_8c3d26edb18555bbc6146f3581a66d82,medium,4,malignant
1,0.6727339625358582,1,fitzpatrick17k,fitz_d799c42032899b30e39a5ce95c27f098,medium,4,malignant
1,0.6635007262229919,1,fitzpatrick17k,fitz_0b283a47352d88ab55257c9fce2d3603,medium,3,malignant
0,0.7383908629417419,1,fitzpatrick17k,fitz_6b337bc10e258453c38f7d284ac4bbef,light,2,benign
1,0.5198136568069458,1,fitzpatrick17k,fitz_15ae20e3d92a7416e655443dc94b652d,medium,3,malignant
1,0.7580704689025879,1,fitzpatrick17k,fitz_44db8ec026393a9fe950d286824bea30,light,2,malignant
0,0.449093759059906,1,fitzpatrick17k,fitz_37f690a927de69201eb6bc760b59985f,medium,3,benign
1,0.723541259765625,1,fitzpatrick17k,fitz_6a656accd59e8b48a7a170d8249a527b,light,1,malignant
1,0.504920244216919,1,fitzpatrick17k,fitz_0751a673ac74656b792bc19927d5e851,medium,3,malignant
1,0.5542762875556946,1,fitzpatrick17k,fitz_cf561d08ac46d0fda678bff6621005ee,light,2,malignant
1,0.7346117496490479,1,fitzpatrick17k,fitz_5f6bf606eaef0ac72ec1132558e8160a,medium,3,malignant
0,0.41487202048301697,1,fitzpatrick17k,fitz_c23326630cac06140bf03363cb334c71,medium,4,benign
0,0.4883926212787628,1,fitzpatrick17k,fitz_8a3f07df6cf5f88cf06a9a2b0aa35422,medium,3,benign
1,0.821993350982666,1,fitzpatrick17k,fitz_0fe16f60d42c04ba809fd70085a11b50,medium,4,malignant
1,0.5968301892280579,1,fitzpatrick17k,fitz_64ad852dc5e267ec279e02f7ec0b7307,medium,3,malignant
1,0.5046185851097107,1,fitzpatrick17k,fitz_3c248f623e262cadd1a608642df1934b,medium,3,malignant
0,0.3365485668182373,1,fitzpatrick17k,fitz_a6652385250358e2cc805181be1123f9,medium,3,benign
0,0.47366559505462646,1,fitzpatrick17k,fitz_e598f0548d155a35596d25296ceb18aa,dark,5,benign
1,0.6191223859786987,1,fitzpatrick17k,fitz_70b283d0053a683abc14e4cf4ce83ac5,dark,5,malignant
0,0.4272201657295227,1,fitzpatrick17k,fitz_208ee7e29b58510ccc66af2e7db1f360,light,1,benign
1,0.6967777609825134,1,fitzpatrick17k,fitz_fb7c18fe1b5696c01c4e7f1874bc80b6,medium,3,malignant
0,0.583814263343811,1,fitzpatrick17k,fitz_6c696fbd08a9e2d5cf7d8f47f721738d,medium,4,benign
1,0.7372240424156189,1,fitzpatrick17k,fitz_68cd6c2474a38716c149a5e76d383703,medium,3,malignant
0,0.3613337278366089,1,fitzpatrick17k,fitz_f99dfa390fa1ead15791b8719065d193,dark,5,benign
0,0.5908230543136597,1,fitzpatrick17k,fitz_20a7ccaaca1040c6cb27604b79c1de79,light,2,benign
1,0.729974091053009,1,fitzpatrick17k,fitz_db871411820979160cb098e6453399ce,medium,4,malignant
1,0.5908621549606323,1,fitzpatrick17k,fitz_14ff311b9905eca10106dfaba83dff8f,light,2,malignant
1,0.7322881817817688,1,fitzpatrick17k,fitz_f5b5fc7b1af76ca2db94a3118cffc572,medium,4,malignant
0,0.6299113035202026,1,fitzpatrick17k,fitz_5dc56924d6d68e2ee3d0dbc2abbab859,medium,3,benign
1,0.5090761184692383,1,fitzpatrick17k,fitz_e853570597d53d361cc70868ada1a07b,medium,3,malignant
0,0.42108699679374695,1,fitzpatrick17k,fitz_a562d02d7c568fcff808364b4e9adab5,dark,5,benign
1,0.8139951229095459,1,fitzpatrick17k,fitz_016abe4884715af85cd3f309f93b9641,light,2,malignant
1,0.4496667981147766,1,fitzpatrick17k,fitz_064964a7ed462b114d9ab6a7111caef7,medium,3,malignant
1,0.4779994785785675,1,fitzpatrick17k,fitz_585de3087248fafc0600dbeae5cb2692,medium,4,malignant
1,0.8150138258934021,1,fitzpatrick17k,fitz_4f528bf1928eb2aeb6fea903ef744a55,light,2,malignant
1,0.663024365901947,1,fitzpatrick17k,fitz_9255b18c770f58de26221d16839fadb2,dark,5,malignant
1,0.6805431842803955,1,fitzpatrick17k,fitz_af98116844cc81ff8cceaaba707315af,dark,5,malignant
1,0.6020050644874573,1,fitzpatrick17k,fitz_23ca4d83dffa92d9a222b70d803c499c,medium,4,malignant
1,0.7912755608558655,1,fitzpatrick17k,fitz_63c66f12f7358540ad83f37f109c2a83,light,2,malignant
0,0.508897602558136,1,fitzpatrick17k,fitz_7c3b644eb566121ed53b40d5ffed199a,medium,4,benign
0,0.27330487966537476,1,fitzpatrick17k,fitz_741cf02d5bb563b83cfbb4238207eb1e,light,2,benign
1,0.46801525354385376,1,fitzpatrick17k,fitz_2427f4ddad999d44139aa8b91e937885,dark,5,malignant
1,0.7191722393035889,1,fitzpatrick17k,fitz_c67d42e5e91434bea27c8063d8cf3964,medium,3,malignant
1,0.6626767516136169,1,fitzpatrick17k,fitz_50229b1b76f93c7205010aa64925118b,light,1,malignant
1,0.6938031911849976,1,fitzpatrick17k,fitz_40a8a67e6d6ade17c43beb1d20dbef84,light,2,malignant
1,0.608146607875824,1,fitzpatrick17k,fitz_76a410bec7b2e3644a4b141d8bb0d2c2,medium,4,malignant
1,0.6621615886688232,1,fitzpatrick17k,fitz_3e6b4ab56597dce5f196f82b752c43b2,light,2,malignant
1,0.4747813642024994,1,fitzpatrick17k,fitz_bf85b6432c4506d3e8f63c433ba8bfa0,medium,4,malignant
1,0.610750675201416,1,fitzpatrick17k,fitz_70a0b051fb01abcd5cdd01bf8b6aa5da,medium,4,malignant
1,0.7077683806419373,1,fitzpatrick17k,fitz_6be528e219f8ce45c9782e2b05ae3c24,medium,3,malignant
1,0.6119425892829895,1,fitzpatrick17k,fitz_0e539304dcb700d132400c34f44d21b7,medium,3,malignant
0,0.4321877956390381,1,fitzpatrick17k,fitz_91d9bacd7c1bd47d5d52079842dbbc43,medium,4,benign
1,0.6571351885795593,1,fitzpatrick17k,fitz_8e4316c8cc5208eac7a1405d66cb401e,medium,3,malignant
1,0.5917393565177917,1,fitzpatrick17k,fitz_0d240e7e0263db3d01450e39cecdb4cc,medium,3,malignant
1,0.537157416343689,1,fitzpatrick17k,fitz_39d7ad8e2b3eca2f8356b2df57c59767,light,1,malignant
1,0.5951336622238159,1,fitzpatrick17k,fitz_958a499709712a0e08e196dd5d94e212,medium,3,malignant
0,0.36537396907806396,1,fitzpatrick17k,fitz_3eac623ea306c5c93bca78712a80d88b,medium,3,benign
1,0.4019507169723511,1,fitzpatrick17k,fitz_8d4f1262a0534e1d906a21a1bcb8707d,medium,3,malignant
1,0.6917449831962585,1,fitzpatrick17k,fitz_a607cc074aa116f50c08cfae72c5a147,light,2,malignant
1,0.650637686252594,1,fitzpatrick17k,fitz_da5c274e15de5f5d36f0f880d577d3bb,medium,3,malignant
0,0.4555014669895172,1,fitzpatrick17k,fitz_aca7d6f50977c69e54dd0113c886edce,light,2,benign
1,0.3488239347934723,1,fitzpatrick17k,fitz_009c75339a21bb84a6425be6a95938d6,medium,3,malignant
1,0.8126555681228638,1,fitzpatrick17k,fitz_13e11954a6ece398b2efe0e1da5b1aa5,light,2,malignant
0,0.33442258834838867,1,fitzpatrick17k,fitz_a74e91f8dc756c38598e07cd0e53e0f1,medium,3,benign
0,0.6599724888801575,1,fitzpatrick17k,fitz_0585f181e556e00195b5cd00f19b18ad,light,2,benign
1,0.7337615489959717,1,fitzpatrick17k,fitz_b62b758e86199928edeb470c25904244,medium,3,malignant
1,0.5911152958869934,1,fitzpatrick17k,fitz_40c567216c3762b0d364abb3f718e9b9,medium,4,malignant
0,0.3568432331085205,1,fitzpatrick17k,fitz_dd02b4ff3e2a1d9d8f8c1f5a65bcc2b9,dark,5,benign
1,0.6793720722198486,1,fitzpatrick17k,fitz_3b24865e842419e4efc3fb909c633077,dark,6,malignant
0,0.6616669297218323,1,fitzpatrick17k,fitz_1ecd46ecb902f7b2a9e32d233968f8f2,light,1,benign
1,0.7398843169212341,1,fitzpatrick17k,fitz_7200dfb344d1c161b36c83598445e35d,medium,4,malignant
0,0.3327406048774719,1,fitzpatrick17k,fitz_950f4808e8fe4427aaf3e549d6d91878,medium,3,benign
1,0.6467016935348511,1,fitzpatrick17k,fitz_94646305d86635230c4eb1763bb043bc,dark,5,malignant
1,0.39609426259994507,1,fitzpatrick17k,fitz_4c4ee394e3bd1da54bdec11874990b30,medium,3,malignant
0,0.4339803159236908,1,fitzpatrick17k,fitz_6a42b572581dc870a1cfe3f15e7d5da8,medium,4,benign
0,0.6463986039161682,1,fitzpatrick17k,fitz_600bd472e7708f015c0096195e94925d,light,2,benign
1,0.6834923028945923,1,fitzpatrick17k,fitz_a4df5fa2bab38ee98922e0fbc586b93f,dark,5,malignant
0,0.39393752813339233,1,fitzpatrick17k,fitz_5996d25125933179e1ecea64715deb45,medium,3,benign
1,0.4983218312263489,1,fitzpatrick17k,fitz_dc8b1d07cb9d4b4f4097807e29d045c3,light,2,malignant
0,0.3903505802154541,1,fitzpatrick17k,fitz_f572e5651308344736436bc960bb3393,light,2,benign
1,0.7672697901725769,1,fitzpatrick17k,fitz_4ee44e55d4ba975e0e3b5fa22a6f7ccf,light,2,malignant
0,0.5334457755088806,1,fitzpatrick17k,fitz_ddf80e12a4f947bde6fc3588009d44f1,light,2,benign
1,0.5834621787071228,1,fitzpatrick17k,fitz_e3727c5b4b75f017baf1aba0aad019e7,light,2,malignant
1,0.6419040560722351,1,fitzpatrick17k,fitz_7091705f9c33843e3a354eee3895e958,light,1,malignant
1,0.693945586681366,1,fitzpatrick17k,fitz_8d94801522438510b44bbfa73fd4a541,light,2,malignant
0,0.4473295509815216,1,fitzpatrick17k,fitz_80fae42f56a81c24eae2a8d3152ae6c3,medium,4,benign
0,0.46222981810569763,1,fitzpatrick17k,fitz_1dadc6ac2b9b2dcb6a99a50c0bacdd63,medium,3,benign
0,0.4972389340400696,1,fitzpatrick17k,fitz_fb3bf1757f6bd6d57eeec70ca910e8e7,dark,5,benign
1,0.7411892414093018,1,fitzpatrick17k,fitz_e9ad55d2f13c5dbada7b02cb369c7849,light,2,malignant
1,0.7567051649093628,1,fitzpatrick17k,fitz_8cb3945cf58f8e5540208408a50b5827,medium,4,malignant
1,0.4431394636631012,1,fitzpatrick17k,fitz_aea33f41d93dbd5aa59131a57c001714,medium,3,malignant
1,0.6915207505226135,1,fitzpatrick17k,fitz_eab91c11e20398a89c454717dc5eaa94,dark,5,malignant
1,0.4221373200416565,1,fitzpatrick17k,fitz_72430e826363a44a2f9d5dd7e88aed64,medium,4,malignant
0,0.6238195896148682,1,fitzpatrick17k,fitz_c2caca35984332f9587fecb2774253a0,dark,5,benign
0,0.6216866374015808,1,fitzpatrick17k,fitz_162eccb0893416383718762a7b054880,medium,3,benign
0,0.6472613215446472,1,fitzpatrick17k,fitz_5041af68a1e046acff0fc93da11de68f,medium,3,benign
1,0.659479558467865,1,fitzpatrick17k,fitz_26628fb7dc4341b5ac2ef37525925fe0,light,2,malignant
1,0.7281495928764343,1,fitzpatrick17k,fitz_6f197431cd2d540ed3c5c8c6a5296d54,medium,4,malignant
0,0.35105395317077637,1,fitzpatrick17k,fitz_742240c1e0ffde54e577d0238688c3cc,medium,3,benign
0,0.2778049409389496,1,fitzpatrick17k,fitz_0726e8d399fbff097140bd2c70fdc78c,medium,3,benign
1,0.7419918775558472,1,fitzpatrick17k,fitz_4244aa38c25c2366ba048ed5711b9952,medium,3,malignant
1,0.5302523374557495,1,fitzpatrick17k,fitz_082e7482504084c98c2262a38b0ecbd3,medium,3,malignant
0,0.5432317852973938,1,fitzpatrick17k,fitz_6b42d830bd4d056066a4dd86bd0f9ea5,medium,3,benign
1,0.7722975015640259,1,fitzpatrick17k,fitz_8972c76e23d9f6d7c301532573961b99,medium,4,malignant
0,0.5155476331710815,1,fitzpatrick17k,fitz_df53b37a24059f861759c6d31d69830a,medium,4,benign
0,0.602678656578064,1,fitzpatrick17k,fitz_73805175a14b46a6d5e645294186402d,medium,3,benign
1,0.552760660648346,1,fitzpatrick17k,fitz_b7ccee8c91bd6ecd6d7ce5b66e4513c2,medium,4,malignant
1,0.5980654358863831,1,fitzpatrick17k,fitz_cf7bb4757a021906dc6f9b29bccb31c5,light,2,malignant
1,0.6952778697013855,1,fitzpatrick17k,fitz_5f1a4d80fdc87563f3cc7174241c3477,dark,5,malignant
1,0.6790412664413452,1,fitzpatrick17k,fitz_cd10a42d92d2d276fcf5d02284916e11,medium,3,malignant
1,0.6401367783546448,1,fitzpatrick17k,fitz_c7aac9b9850c541b1cf2619c7cec8d06,medium,4,malignant
1,0.4606438875198364,1,fitzpatrick17k,fitz_e52416971eb5fe8007cc8bb3de59457a,light,1,malignant
1,0.7206997871398926,1,fitzpatrick17k,fitz_ea2d3af76bbd9961ebd38d47af57ac47,light,1,malignant
1,0.6430456638336182,1,fitzpatrick17k,fitz_74bc180ce4619e21a8a8d425c4e86765,medium,3,malignant
1,0.7294841408729553,1,fitzpatrick17k,fitz_a53466176187c41d414de8c9874bd4ce,medium,4,malignant
1,0.7152940630912781,1,fitzpatrick17k,fitz_da44dfe7542fae98d719847a09822777,medium,3,malignant
0,0.6739566326141357,1,fitzpatrick17k,fitz_e969d2602934e10e0e174749e66d2d99,medium,3,benign
1,0.5139397382736206,1,fitzpatrick17k,fitz_730e946083fd36c5e8722f88c178a1a6,light,1,malignant
0,0.4469221830368042,1,fitzpatrick17k,fitz_040794ad6904c725fad83ba619ee853b,medium,4,benign
1,0.6457741856575012,1,fitzpatrick17k,fitz_093fcc49c98d314303ba07aa0d6c1348,medium,3,malignant
1,0.7469726800918579,1,fitzpatrick17k,fitz_2a40e05f47c6754d9f2ba7707d8f5cde,medium,4,malignant
1,0.7768703699111938,1,fitzpatrick17k,fitz_6f80b9e7e26fb1ae973ec6d83924e20d,light,2,malignant
0,0.5211046934127808,1,fitzpatrick17k,fitz_0e9244cef45446c410b7eb5ba03ab008,medium,4,benign
1,0.782902181148529,1,fitzpatrick17k,fitz_570bb039a6f13ce828d8a1551623a513,medium,4,malignant
1,0.5983273983001709,1,fitzpatrick17k,fitz_5f789231cfe92cef1737d0da94bfdad2,medium,4,malignant
1,0.6191877126693726,1,fitzpatrick17k,fitz_b8ed051cda5c50d697175212fb3d1860,medium,4,malignant
0,0.6727548241615295,1,fitzpatrick17k,fitz_7673dccf4286755cef8cf26f19b2822e,light,2,benign
1,0.6558250188827515,1,fitzpatrick17k,fitz_850f18a45b3fcbcd8b5020cc07273d91,medium,3,malignant
1,0.5962685346603394,1,fitzpatrick17k,fitz_a9774d79170b2b5fef7627127f7ac524,light,2,malignant
1,0.6793115735054016,1,fitzpatrick17k,fitz_6af0a95515b388eac5fa547ca8f8e931,light,2,malignant
0,0.53618985414505,1,fitzpatrick17k,fitz_1f58fcc8c354bd3c8277824f2abc6d0f,light,2,benign
0,0.3891041874885559,1,fitzpatrick17k,fitz_dace9bdc930a19b89e9ba6891526e7af,medium,4,benign
0,0.4030172824859619,1,fitzpatrick17k,fitz_24460d390414317863f266f00bdae501,medium,4,benign
0,0.6185795664787292,1,fitzpatrick17k,fitz_5f38887af8d1b6c7eeb6e5d1dc98db86,medium,3,benign
0,0.39874765276908875,1,fitzpatrick17k,fitz_705a7638cbb13d0d7b36887f9ef20625,dark,5,benign
1,0.6685735583305359,1,fitzpatrick17k,fitz_2c55416b24b17cbfc05fc156f8c97ae4,light,2,malignant
0,0.6524251103401184,1,fitzpatrick17k,fitz_6b94df92b1599ca1a2be6f6381646c6d,medium,3,benign
1,0.6769499182701111,1,fitzpatrick17k,fitz_7cd58d112f623644c0914d53b1e99d5c,light,2,malignant
0,0.508838415145874,1,fitzpatrick17k,fitz_0bf6cc45eab476c2cd8e89f246ecb9da,medium,4,benign
0,0.32781746983528137,1,fitzpatrick17k,fitz_753b9abb38fc058f9f517490ff9bd4c7,medium,3,benign
1,0.44986972212791443,1,fitzpatrick17k,fitz_127295a4be6d014be0eb23ffc6da700d,medium,3,malignant
1,0.749134361743927,1,fitzpatrick17k,fitz_90022c24071c11e07fee084bc45d5262,light,2,malignant
0,0.5925156474113464,1,fitzpatrick17k,fitz_b7c0b4a250c186452004b6515689bf1d,medium,3,benign
1,0.6927764415740967,1,fitzpatrick17k,fitz_6232e9e0d448b950b9adac2b83a05710,medium,4,malignant
1,0.47893282771110535,1,fitzpatrick17k,fitz_6dab8f115db4ece5613a6aae83280ab0,medium,4,malignant
1,0.7348024845123291,1,fitzpatrick17k,fitz_5423e2d3ad68054e7b51e27e146fddca,light,1,malignant
1,0.6686208248138428,1,fitzpatrick17k,fitz_9ae2146c6383515a25d6d1938554351c,light,1,malignant
1,0.602610170841217,1,fitzpatrick17k,fitz_92f8f7f3126dbb65a601e1734fe4d8c8,light,2,malignant
0,0.5577890276908875,1,fitzpatrick17k,fitz_75d7f57d6270a3c90ba039c088053432,dark,5,benign
0,0.5644136667251587,1,fitzpatrick17k,fitz_89d26d163983669c7e2e5babbeb97bfe,medium,3,benign
1,0.6028354167938232,1,fitzpatrick17k,fitz_1695bd10a336ec55c2ef289b51b8b43a,light,2,malignant
1,0.527256429195404,1,fitzpatrick17k,fitz_9aaef41b9332298c3e98b4ee33e39fb5,dark,6,malignant
0,0.365771621465683,1,fitzpatrick17k,fitz_6d0affbbec4ddf9ec58147e7289d3d48,medium,4,benign
1,0.45727771520614624,1,fitzpatrick17k,fitz_915d7fa381560d5b77f1e37cd1c37206,dark,5,malignant
0,0.586700439453125,1,fitzpatrick17k,fitz_8c49760c0ad3370dba17aa9ced6b12d6,medium,4,benign
1,0.7213627099990845,1,fitzpatrick17k,fitz_053a5ee87f2fc71f07e99a25fd379210,medium,3,malignant
1,0.6991675496101379,1,fitzpatrick17k,fitz_597405f862fa1572fc379136159aba3a,light,2,malignant
0,0.6543838977813721,1,fitzpatrick17k,fitz_6040cdfd051a5e48f578a00142817ba2,light,2,benign
1,0.6607533693313599,1,fitzpatrick17k,fitz_ccac742910bc9649b0651d9fec0aedba,medium,3,malignant
1,0.6085669994354248,1,fitzpatrick17k,fitz_9c98f36a6fcf2f246bf8ee3f3ef444b3,medium,3,malignant
0,0.567201554775238,1,fitzpatrick17k,fitz_a5835042f19548325acc05bc374b429c,dark,6,benign
0,0.5612274408340454,1,fitzpatrick17k,fitz_9be1c35d4935b39e6f8e9167236909b9,light,2,benign
1,0.7078533172607422,1,fitzpatrick17k,fitz_46d0b60ab14b134341ad87bae08e4755,medium,3,malignant
1,0.48509207367897034,1,fitzpatrick17k,fitz_b0b5f5950d2fda0eed8304ea18eef430,medium,4,malignant
0,0.5625964403152466,1,fitzpatrick17k,fitz_4abb58edf1576fd9007b80b56a0d78ed,medium,3,benign
1,0.470060795545578,1,fitzpatrick17k,fitz_6abd190e1ce339a018ef0776f530678f,light,2,malignant
0,0.3912903964519501,1,fitzpatrick17k,fitz_7e70403ded2394eaac014fd61a56edec,medium,3,benign
1,0.783618688583374,1,fitzpatrick17k,fitz_fdb5f19a252508ddc849272975161099,light,2,malignant
1,0.38652634620666504,1,fitzpatrick17k,fitz_d10dfbefc8303b80b1d7e8b661506da0,light,2,malignant
1,0.4743768572807312,1,fitzpatrick17k,fitz_4978a6b94f69b38e5a0fe45857242f45,dark,5,malignant
1,0.6956939697265625,1,fitzpatrick17k,fitz_15c17dd8690a6396dc5c85f0bf63d0db,light,2,malignant
0,0.484878808259964,1,fitzpatrick17k,fitz_aad33b33ed190972cc96d5705e276a25,medium,4,benign
0,0.5810262560844421,1,fitzpatrick17k,fitz_756b24ca24f44a02a098370acdc3ab16,dark,5,benign
0,0.5117682814598083,1,fitzpatrick17k,fitz_d0209679a11e528d9144c27be925d9ea,medium,3,benign
0,0.5172728896141052,1,fitzpatrick17k,fitz_8f103b8f8623f45d44e6df4b9b71c181,dark,6,benign
1,0.5282026529312134,1,fitzpatrick17k,fitz_9f3207b72146e9dff36260970e84bbb3,dark,5,malignant
0,0.7035040855407715,1,fitzpatrick17k,fitz_f1135101625abee46f1260f3e11bc6c1,light,2,benign
0,0.4161091148853302,1,fitzpatrick17k,fitz_0a1ca67fbbf7047acbf7c684694cf688,dark,6,benign
0,0.48667699098587036,1,fitzpatrick17k,fitz_1042a7f8cbc0d4b9e5a0e151d702ddc1,medium,3,benign
1,0.7355142831802368,1,fitzpatrick17k,fitz_2f269eeeca0c01edeaae2f7cac656a6e,medium,4,malignant
1,0.6082844138145447,1,fitzpatrick17k,fitz_f7e7fb15ba1bfabcf68bcd62528f76a8,light,1,malignant
0,0.5430356860160828,1,fitzpatrick17k,fitz_2da01a06b7835f458d8b27ccf5302cc2,light,2,benign
1,0.4804770350456238,1,fitzpatrick17k,fitz_2f099878d4b075006456a8456544b74b,medium,4,malignant
0,0.6029860377311707,1,fitzpatrick17k,fitz_9ed2f9f8b8e8ef7dce95d40937b9fe37,medium,4,benign
0,0.5781550407409668,1,fitzpatrick17k,fitz_d1603db4f4b5efc013984ee9bcaa6b06,medium,3,benign
1,0.656986653804779,1,fitzpatrick17k,fitz_5492bcfe87eb32401225a4ababbdad52,dark,5,malignant
0,0.38760486245155334,1,fitzpatrick17k,fitz_b46271e7c6f703060101f39d44a5b301,light,2,benign
0,0.516281247138977,1,fitzpatrick17k,fitz_5c09ddbff7039f44a9a20b0dda41c7e8,medium,3,benign
1,0.6441272497177124,1,fitzpatrick17k,fitz_1d8fcc49e4dda6868fcf76916fc14405,dark,5,malignant
1,0.649457573890686,1,fitzpatrick17k,fitz_625a3d389090a29849a40ea3b68bb1fe,light,2,malignant
1,0.6665832996368408,1,fitzpatrick17k,fitz_37de8e0406609884c1140bf660798d40,dark,5,malignant
1,0.575100839138031,1,fitzpatrick17k,fitz_ecd97fd36f39e9fd52f09f50c3dc59b5,light,2,malignant
0,0.4975534677505493,1,fitzpatrick17k,fitz_bb08f7f37bd50c097aebe0629f93217d,medium,3,benign
1,0.7684924006462097,1,fitzpatrick17k,fitz_aae474e9c797f5bd5cd7956b479e6622,dark,5,malignant
0,0.6004262566566467,1,fitzpatrick17k,fitz_4e323d9190bf5f2ac5b9e53657c599ee,medium,4,benign
0,0.6069589853286743,1,fitzpatrick17k,fitz_870637b4dcb26996ddbaf4783a0ef343,light,2,benign
0,0.6329289674758911,1,fitzpatrick17k,fitz_a9cf89ae9b5e280cbf70065d6662cf79,light,2,benign
1,0.521615207195282,1,fitzpatrick17k,fitz_d6166c9947e7e99915ff4d6907ddec44,light,2,malignant
0,0.353565514087677,1,fitzpatrick17k,fitz_63fa1657ec59b3543186533ea4b04c03,medium,3,benign
1,0.5657433867454529,1,fitzpatrick17k,fitz_9e9056fd822eb40e875da5573b284c7e,medium,4,malignant
1,0.5203686952590942,1,fitzpatrick17k,fitz_2a2b8a3357e28cdb445ca00168843970,dark,5,malignant
1,0.635645866394043,1,fitzpatrick17k,fitz_470f02cae19495aeb5354e41720cc311,medium,4,malignant
1,0.5806422829627991,1,fitzpatrick17k,fitz_efc3f78778508079ddf1b39b9f09483d,medium,3,malignant
1,0.5287688970565796,1,fitzpatrick17k,fitz_a1a72809c749cbfb7f886309882b8a13,medium,3,malignant
1,0.6015670895576477,1,fitzpatrick17k,fitz_b12942fe22a3ec7bf64c0a4d58776551,dark,5,malignant
0,0.4293611943721771,1,fitzpatrick17k,fitz_ef17650011124f49e46276a96cd95e84,medium,3,benign
1,0.6233054995536804,1,fitzpatrick17k,fitz_a938b67b207fff9f8b7f4366111e45d4,medium,3,malignant
1,0.4978122413158417,1,fitzpatrick17k,fitz_eff97945f1197b87aed23d64f2772591,medium,4,malignant
1,0.6453571915626526,1,fitzpatrick17k,fitz_c715f3d6d0fdbcfa111d18774c6fde12,medium,3,malignant
0,0.5900110006332397,1,fitzpatrick17k,fitz_ec2f0cecc946b1908d0710666dbf5c97,medium,4,benign
0,0.5216076374053955,1,fitzpatrick17k,fitz_16cdd6326e6e7f35c91147f0a282330e,medium,4,benign
0,0.30896270275115967,1,fitzpatrick17k,fitz_77573a3b26f820e4c9a4cce7608d1d77,medium,3,benign
0,0.44586753845214844,1,fitzpatrick17k,fitz_78f71a3a8abdeba82370a839e8aae1c9,medium,3,benign
0,0.35958483815193176,1,fitzpatrick17k,fitz_ef83ef20359255fff56ca58d9e8b9797,medium,4,benign
0,0.5413949489593506,1,fitzpatrick17k,fitz_3ea363b923f2da47e9d4a12c5b093448,medium,4,benign
1,0.7201647162437439,1,fitzpatrick17k,fitz_2dc262a2cfe7ec4b3d15971b9b391808,medium,4,malignant
1,0.4914200007915497,1,fitzpatrick17k,fitz_5832419baf0cbfefcac35578a40fa5a5,medium,4,malignant
0,0.4934208393096924,1,fitzpatrick17k,fitz_da90292bc5bfffe960bd3c3d4767a846,medium,3,benign
1,0.6043999195098877,1,fitzpatrick17k,fitz_4213b1f75d491c3b253975caed41d6de,light,2,malignant
0,0.7397409677505493,1,fitzpatrick17k,fitz_5d397d83fe773d3f20229663f2df0db2,light,2,benign
0,0.7025271058082581,1,fitzpatrick17k,fitz_f738a3210d3c0638ba1acfafb7f3b7dd,light,2,benign
0,0.443795770406723,1,fitzpatrick17k,fitz_7b9136b93d147a484a1470a77169aee0,medium,3,benign
0,0.48907655477523804,1,fitzpatrick17k,fitz_dfdf97f163cb5f16f9828b6f650d71b6,medium,4,benign
1,0.7661277055740356,1,fitzpatrick17k,fitz_2a4d059a9c13d12cc9a03c17fbac5a4e,light,2,malignant
1,0.5652867555618286,1,fitzpatrick17k,fitz_e063d2152e55e9676e86832ccbc65957,dark,5,malignant
0,0.5348707437515259,1,fitzpatrick17k,fitz_46ec8b55f260a816350c83fffe36d2c5,medium,4,benign
1,0.5573160648345947,1,fitzpatrick17k,fitz_33a095ba2816c5f72392a929dbf177eb,dark,5,malignant
1,0.5472187399864197,1,fitzpatrick17k,fitz_5199cceebe2d23bbae855ea7dda2418b,medium,4,malignant
0,0.7269328832626343,1,fitzpatrick17k,fitz_25952138ba4b5bb4b7d87c0391d74ffc,medium,4,benign
0,0.5702288150787354,1,fitzpatrick17k,fitz_f5f280a94bc4b253a6dc3568f388c6a3,medium,4,benign
1,0.618739902973175,1,fitzpatrick17k,fitz_aba2c3ec9c4fba92da45793c80e87a2c,medium,4,malignant
1,0.7589563131332397,1,fitzpatrick17k,fitz_af64774e30b2dc701e3f2a88348a78dc,medium,4,malignant
1,0.656053364276886,1,fitzpatrick17k,fitz_2fb99937ca6b73a7902fbd118e056d92,medium,3,malignant
1,0.49188661575317383,1,fitzpatrick17k,fitz_f9bddb7ca61918b457111494fbb48d4f,medium,4,malignant
1,0.6936524510383606,1,fitzpatrick17k,fitz_427ead6a4a387f589cde427f04168e32,medium,3,malignant
0,0.7046496868133545,1,fitzpatrick17k,fitz_c8c8ae17619e647185103a7715f45d67,light,1,benign
0,0.559693455696106,1,fitzpatrick17k,fitz_75c795c2fad2f6a2444c686fa5467041,medium,4,benign
1,0.5105775594711304,1,fitzpatrick17k,fitz_8dd585e3b400da6217d858015b2fcf2a,light,2,malignant
0,0.6095402240753174,1,fitzpatrick17k,fitz_41169ebef5fa15937f0eefb98d81339c,medium,4,benign
0,0.441760778427124,1,fitzpatrick17k,fitz_20f7ea1d862e171c7484895a7fe8a818,medium,3,benign
1,0.588621199131012,1,fitzpatrick17k,fitz_0639e79ac41e8de5cceee9f84b729b0e,light,2,malignant
0,0.5379695892333984,1,fitzpatrick17k,fitz_1035f09922e702b21f1650279ff4a0ab,dark,5,benign
1,0.3784759044647217,1,fitzpatrick17k,fitz_673e2daccb06374f11b9bf5110fb9550,medium,4,malignant
1,0.5702787637710571,1,fitzpatrick17k,fitz_3e9e422aca2163c9c46222bd6517432f,medium,4,malignant
1,0.5289774537086487,1,fitzpatrick17k,fitz_ee55ddd3005fc2d998337343c5da8be5,medium,3,malignant
1,0.7011603116989136,1,fitzpatrick17k,fitz_32f9baf164c8c1ced611cba6def3b2d8,medium,3,malignant
0,0.40941688418388367,1,fitzpatrick17k,fitz_a062bfcbf1ae9d598ad9848f93b3d8e3,medium,3,benign
1,0.7709398865699768,1,fitzpatrick17k,fitz_dec2d1ae044897a3eae71fae8a9bc154,medium,4,malignant
1,0.4880296587944031,1,fitzpatrick17k,fitz_40b9006b90679ab5560ebe3ce1a589a1,light,2,malignant
1,0.6400563716888428,1,fitzpatrick17k,fitz_b41744abc102ddd0ff8cc3b44ad39b01,dark,5,malignant
1,0.5115455389022827,1,fitzpatrick17k,fitz_296ec4776e89a65ce8e262ed545ed4bb,medium,4,malignant
0,0.618122398853302,1,fitzpatrick17k,fitz_3f0c7f7661b1866339142aa830c3ca7e,dark,5,benign
1,0.49341338872909546,1,fitzpatrick17k,fitz_09890e72772d3ca35764342f06c15281,dark,5,malignant
1,0.6161336302757263,1,fitzpatrick17k,fitz_ebd661169e9b0dd0fdc2c0e7ac940a43,medium,4,malignant
0,0.3772449791431427,1,fitzpatrick17k,fitz_d13f055c1cee6e49064e786901a6a2fe,medium,3,benign
1,0.6932140588760376,1,fitzpatrick17k,fitz_ffd7f005115373b98a9a19ebae1ee863,medium,3,malignant
1,0.7767900824546814,1,fitzpatrick17k,fitz_edf35e6b539a3e45719abf48ea368744,light,2,malignant
0,0.8033400774002075,1,fitzpatrick17k,fitz_7f3b68d20e7808a70f81e5e9e5e53908,medium,3,benign
1,0.6489952802658081,1,fitzpatrick17k,fitz_b0595057ec163a15e2f19596e609b505,dark,5,malignant
0,0.4901614785194397,1,fitzpatrick17k,fitz_4318855fe96f387a94755b9c1bd9c558,medium,3,benign
0,0.46924424171447754,1,fitzpatrick17k,fitz_3c5d787717c16f2982da3d2895219756,medium,4,benign
1,0.7041921019554138,1,fitzpatrick17k,fitz_e89c3964e21e13fbd832f844f6a2bc6e,medium,3,malignant
1,0.5598198175430298,1,fitzpatrick17k,fitz_4f6a5613c13cc3956c17aef8248afca4,light,2,malignant
1,0.6758881211280823,1,fitzpatrick17k,fitz_2c67bb33d774f18d4ddec29f0147e08a,medium,3,malignant
0,0.424950510263443,1,fitzpatrick17k,fitz_29a5a58978fd6d98aaf9c55253bb8444,light,2,benign
1,0.6636250019073486,1,fitzpatrick17k,fitz_d07c72725b477a834d439eef3450d830,medium,3,malignant
0,0.6212311387062073,1,fitzpatrick17k,fitz_3cad5987e866f996065cce3887d5f309,medium,4,benign
1,0.6922320127487183,1,fitzpatrick17k,fitz_bd70e00d188e7ef98bf9e7edaaff752e,medium,3,malignant
1,0.749102771282196,1,fitzpatrick17k,fitz_a15b63b8b1cbecfb8f88fc766b204b9f,medium,3,malignant
0,0.42208319902420044,1,fitzpatrick17k,fitz_3fea7ef3b544f4e5a8cfc3a6e4ce70c2,medium,4,benign
0,0.5109269022941589,1,fitzpatrick17k,fitz_ae533866f580d4c8e99972015cc16482,light,2,benign
1,0.7524062991142273,1,fitzpatrick17k,fitz_ee9728f1e771a1922abe13af66282b41,light,1,malignant
1,0.5409237146377563,1,fitzpatrick17k,fitz_a50b0037bf32e070914a5740f8db7a8b,dark,6,malignant
0,0.516476035118103,1,fitzpatrick17k,fitz_67f3fd31b44095d4a74fbe9a08f47ff2,medium,4,benign
1,0.7577324509620667,1,fitzpatrick17k,fitz_23733ccaf3cc5d720585930f3ac1b7e1,medium,3,malignant
0,0.6067655086517334,1,fitzpatrick17k,fitz_0dfef32f62e52aa8133b7434ab2aed56,light,2,benign
0,0.49284058809280396,1,fitzpatrick17k,fitz_e7b64e348cdf955f7910cbd044ddaf31,medium,4,benign
1,0.36778420209884644,1,fitzpatrick17k,fitz_d04699fc9e876ddd627d102570694a0c,medium,3,malignant
0,0.6690343618392944,1,fitzpatrick17k,fitz_e7d8041456e4bd33b3278835e6f8aa82,light,2,benign
1,0.5305339694023132,1,fitzpatrick17k,fitz_d2506151428601cd8566330c781f82e0,medium,3,malignant
0,0.5211062431335449,1,fitzpatrick17k,fitz_a7b369363d6ef8a79b56bdb8629214f9,medium,4,benign
1,0.6520763635635376,1,fitzpatrick17k,fitz_ddb15beb69fc4276b74a948a00eed2c8,medium,4,malignant
0,0.6638560891151428,1,fitzpatrick17k,fitz_4321628c680d97fc661d86f1522b82c2,medium,3,benign
1,0.7215386033058167,1,fitzpatrick17k,fitz_c1dd528ef78088a6a2d2a6caf7913fdd,light,2,malignant
1,0.5986311435699463,1,fitzpatrick17k,fitz_5f5834848e3b14da13ede7598b0d644b,medium,3,malignant
0,0.5778748393058777,1,fitzpatrick17k,fitz_1c3062d54736f7f956f4764021f4dfbb,dark,5,benign
1,0.5495830774307251,1,fitzpatrick17k,fitz_8aafd44ba6e441f308962a6844c60b66,medium,3,malignant
0,0.6472613215446472,1,fitzpatrick17k,fitz_0e2a24d28767bea1a4a37d1c6a4d4f31,medium,3,benign
1,0.7104361057281494,1,fitzpatrick17k,fitz_219e480ba14792d239a27406ecd87cbb,light,1,malignant
0,0.47489607334136963,1,fitzpatrick17k,fitz_6659ec026b3e414caa2a5eae68420af7,dark,5,benign
0,0.4675809442996979,1,fitzpatrick17k,fitz_ad2b7dbf614fefe443c43c66aa8a9c01,medium,3,benign
1,0.7377738356590271,1,fitzpatrick17k,fitz_032b3adb839c23047aedc87707ff978e,dark,5,malignant
0,0.6027430891990662,1,fitzpatrick17k,fitz_5478f8cd73550540ee5bea104283b127,medium,4,benign
1,0.5061482191085815,1,fitzpatrick17k,fitz_fe0d0f2a52c0dd67cdeef523867e4a0b,medium,4,malignant
0,0.48846882581710815,1,fitzpatrick17k,fitz_f8e06f1415d340c7de7d37bfa5119d88,medium,3,benign
0,0.6667771339416504,1,fitzpatrick17k,fitz_d7a3f8815bbe6291f72016de0d4a74d9,light,2,benign
1,0.5595821738243103,1,fitzpatrick17k,fitz_0a8c508e4a72587b6907f48157aade40,medium,3,malignant
1,0.5700766444206238,1,fitzpatrick17k,fitz_a49c0cf6f345b780d831a6190299fc23,light,1,malignant
0,0.6300696134567261,1,fitzpatrick17k,fitz_b2ac57db2a7c0162ce96690f98d67bc0,dark,5,benign
1,0.5431967973709106,1,fitzpatrick17k,fitz_6c44eaf42cb3c29b2aa888048e980dcf,medium,4,malignant
1,0.6389917731285095,1,fitzpatrick17k,fitz_439bb574cde699bdfba6fdb28e2a79ef,light,2,malignant
1,0.5967816114425659,1,fitzpatrick17k,fitz_6dd76797185a717715a04206f5151d8f,dark,6,malignant
1,0.7293369770050049,1,fitzpatrick17k,fitz_518264d189db5695195a516892b7a3f0,light,2,malignant
1,0.593312680721283,1,fitzpatrick17k,fitz_77600e56f1cbfff3637dc43c4d8c44f0,light,1,malignant
1,0.5256314873695374,1,fitzpatrick17k,fitz_ab6f88d273564516c297046fe9ad1c81,dark,5,malignant
1,0.49065059423446655,1,fitzpatrick17k,fitz_89867feafae04841becf921893861722,dark,5,malignant
1,0.6136621236801147,1,fitzpatrick17k,fitz_829287721009574e474169c48068f412,medium,3,malignant
1,0.4940986931324005,1,fitzpatrick17k,fitz_8ba5d48405d01accc3a218693a049ae9,medium,4,malignant
0,0.4329134523868561,1,fitzpatrick17k,fitz_bc3500ccd85dc7cb5187a997ceaa6013,medium,4,benign
1,0.7216786742210388,1,fitzpatrick17k,fitz_19e7cad902144cb742b342bb82b395eb,light,2,malignant
1,0.7979703545570374,1,fitzpatrick17k,fitz_dbc4723c22330a15613ebc8281d4565a,light,2,malignant
0,0.5429351329803467,1,fitzpatrick17k,fitz_66f84860d3920287b8093d95dd49162a,medium,4,benign
1,0.7341112494468689,1,fitzpatrick17k,fitz_3d921ce5a4bb73bebf7f3200257a74c4,medium,3,malignant
1,0.4345739185810089,1,fitzpatrick17k,fitz_de2fe2ef59eae8ce0633efc84d0baef3,medium,3,malignant
1,0.6596982479095459,1,fitzpatrick17k,fitz_038072ab255ee58d9e2d0fd10be20648,dark,5,malignant
0,0.46870842576026917,1,fitzpatrick17k,fitz_a741bce58cf478035b530343f1bd0646,medium,4,benign
1,0.5271807312965393,1,fitzpatrick17k,fitz_0393b043e435e566657cf7d61879026c,dark,5,malignant
1,0.6874961853027344,1,fitzpatrick17k,fitz_e38dca5f81f4a14dd13a567fc12db728,medium,3,malignant
1,0.7137699127197266,1,fitzpatrick17k,fitz_bdea9a2f7ab80e98881388dcf36424e9,light,1,malignant
1,0.6649709343910217,1,fitzpatrick17k,fitz_12cbe66e3a99633092732daf3351b3c2,medium,4,malignant
1,0.6487322449684143,1,fitzpatrick17k,fitz_e3c75365688405c937c460e674b37a7b,medium,4,malignant
1,0.4539286196231842,1,fitzpatrick17k,fitz_2e9a44d7373e97c682c937249b38d622,medium,3,malignant
0,0.5595985054969788,1,fitzpatrick17k,fitz_7acc9f417f48b3e9d7407bb5257a350f,medium,4,benign
0,0.4238204061985016,1,fitzpatrick17k,fitz_3be5d580b67406152ee65b85d465db27,medium,4,benign
0,0.5374153256416321,1,fitzpatrick17k,fitz_71c4a09c45f80499f9ad30f80c88aeec,light,2,benign
0,0.49509796500205994,1,fitzpatrick17k,fitz_82f3238e5f8ffd2e01ff93a7f5f50442,medium,4,benign
0,0.4380861222743988,1,fitzpatrick17k,fitz_72a3f43f9ce99eb3a50a57d4c433ad1d,medium,3,benign
0,0.39315858483314514,1,fitzpatrick17k,fitz_055e1c055b30cd061a01440a5c1ea26c,medium,3,benign
1,0.6622305512428284,1,fitzpatrick17k,fitz_e83a91547ae74f206135f5b5fff97b0e,light,1,malignant
0,0.5086365938186646,1,fitzpatrick17k,fitz_c51c8a600fe6106f11259769cd416b08,light,2,benign
1,0.48790493607521057,1,fitzpatrick17k,fitz_da7e80637a238753e452ad229e578f7a,medium,3,malignant
1,0.44128718972206116,1,fitzpatrick17k,fitz_d2e964c0ea88db1b47f3a4dca86a6ebd,medium,4,malignant
1,0.4747052788734436,1,fitzpatrick17k,fitz_f4048596275ae97f09ab436b6f568cca,medium,3,malignant
1,0.6747902631759644,1,fitzpatrick17k,fitz_951300e7c91d96b37e90e00932a7722b,light,1,malignant
1,0.5374489426612854,1,fitzpatrick17k,fitz_47fdee8c6edf33214c50371b27554356,medium,4,malignant
0,0.5220759510993958,1,fitzpatrick17k,fitz_5685fad9bba488a5dc410038a15a4972,dark,6,benign
1,0.41713228821754456,1,fitzpatrick17k,fitz_e49241d66b386c9dacfcb585c3344656,light,2,malignant
1,0.6321976780891418,1,fitzpatrick17k,fitz_889a8ed4164c01992b4981e78597a29a,dark,5,malignant
1,0.5475853681564331,1,fitzpatrick17k,fitz_de608b752927ceeabb7bac264a52942d,medium,4,malignant
1,0.5168582201004028,1,fitzpatrick17k,fitz_6c17d9fbcaad3e4db96f91d00618bec5,medium,3,malignant
0,0.5154007077217102,1,fitzpatrick17k,fitz_3b857a6099ad337af98808486eb39ec5,dark,5,benign
1,0.5147995352745056,1,fitzpatrick17k,fitz_8d174b4b3e6f130f7e3d337a7c441b55,dark,5,malignant
0,0.47080469131469727,1,fitzpatrick17k,fitz_bfeeff0ed90def231162cac66c3d025d,medium,4,benign
0,0.41116321086883545,1,fitzpatrick17k,fitz_7a1e80752dc0c647160ab12c6a1393db,medium,4,benign
1,0.7203431725502014,1,fitzpatrick17k,fitz_53f7dbf331f5eee075a7ad7d14eb6733,medium,4,malignant
1,0.7739973664283752,1,fitzpatrick17k,fitz_b394018dd777aaf58edc5504b52ed1b7,light,2,malignant
1,0.7424270510673523,1,fitzpatrick17k,fitz_079f0432663b4144b93a6a0403fd21ff,medium,3,malignant
1,0.7185103893280029,1,fitzpatrick17k,fitz_a1a91e5816abf987e5fdcfba5b50cb94,light,1,malignant
1,0.7984350919723511,1,fitzpatrick17k,fitz_2e9c2d4e42018e864eb1d487ffa67b1c,medium,3,malignant
1,0.6343591213226318,1,fitzpatrick17k,fitz_a646b94f0637b904e4becca57a2dc26f,light,2,malignant
1,0.47495609521865845,1,fitzpatrick17k,fitz_50bb16c1bfa029e80a55ce64149f3338,dark,5,malignant
1,0.45153605937957764,1,fitzpatrick17k,fitz_78f51ee62e0dfefc87761b95ff662334,medium,3,malignant
1,0.8263314962387085,1,fitzpatrick17k,fitz_20851c52ed096af52a69bb5a2670c505,light,2,malignant
0,0.6128954291343689,1,fitzpatrick17k,fitz_42f27c8b4b58fb34592ae57811e8f6ff,medium,4,benign
1,0.4469801187515259,1,fitzpatrick17k,fitz_523b2be73e6902a39f0f44996e8cc60f,medium,4,malignant
0,0.6189002990722656,1,fitzpatrick17k,fitz_880e841479be24b7569923e9e4b82ecd,medium,3,benign
0,0.6814452409744263,1,fitzpatrick17k,fitz_5ba6e729a29e8a2fbab55a9bcec3f942,medium,4,benign
1,0.7855912446975708,1,fitzpatrick17k,fitz_1cfd4183faea0843fb7be3e3c106c943,medium,3,malignant
1,0.6741558909416199,1,fitzpatrick17k,fitz_ac82b001c4a7158056790b014728b5e9,medium,4,malignant
1,0.558725118637085,1,fitzpatrick17k,fitz_5c401681eb1b373ce9d20a8bb1b29422,medium,3,malignant
1,0.6622599959373474,1,fitzpatrick17k,fitz_c3994c3b7fc8f7f537ce70972618c80d,light,2,malignant
0,0.35841310024261475,1,fitzpatrick17k,fitz_5ca94c02d89651613468462514c5d23b,medium,4,benign
1,0.7393840551376343,1,fitzpatrick17k,fitz_b02895e0d729c9bcecaed2ee070cada9,medium,4,malignant
1,0.8124160766601562,1,fitzpatrick17k,fitz_c5ebb84482a21015073cebc37b31f515,medium,3,malignant
0,0.47454726696014404,1,fitzpatrick17k,fitz_97e86e483f1a77f93c7791310d4687bd,medium,3,benign
0,0.40717875957489014,1,fitzpatrick17k,fitz_5135dffa4beff7723c875860c0c2d3da,medium,4,benign
1,0.5128462910652161,1,fitzpatrick17k,fitz_3bf3afa6c145d67e06f6e839b1699a2d,light,2,malignant
0,0.4961262047290802,1,fitzpatrick17k,fitz_bcf05850a0b064f29cc22f372d9781fd,dark,5,benign
1,0.7632346749305725,1,fitzpatrick17k,fitz_e668628ce95135ab58957a41687fa659,light,1,malignant
1,0.4998851716518402,1,fitzpatrick17k,fitz_e668f37499adaead040d7d893e778cc7,medium,4,malignant
1,0.4695650041103363,1,fitzpatrick17k,fitz_45a0207eae8a4305c1030a9ead023953,medium,3,malignant
1,0.6905438303947449,1,fitzpatrick17k,fitz_06c7baa22fc3647a98fc8fe2e2985a77,medium,4,malignant
1,0.7273674011230469,1,fitzpatrick17k,fitz_cc51c6979e02359fea44e4c7eeb4aee5,medium,3,malignant
1,0.8059003353118896,1,fitzpatrick17k,fitz_83167c5a26bd4a459c381834ecf97558,light,1,malignant
1,0.8065675497055054,1,fitzpatrick17k,fitz_019fde7f8b6aa85f6f0a653707d9aa06,medium,3,malignant
1,0.642970621585846,1,fitzpatrick17k,fitz_54aa2f1bf36b27de991db5cd358bde06,light,2,malignant
1,0.689181387424469,1,fitzpatrick17k,fitz_c78072771a39d4d94d0430cf8ec6dab3,medium,4,malignant
0,0.5600711107254028,1,fitzpatrick17k,fitz_134bcfe8b9319c3ebb60bbc560d1c524,medium,4,benign
1,0.6415911316871643,1,fitzpatrick17k,fitz_a37ed02cd54e4b530341f7587d4e444a,dark,5,malignant
1,0.7159066200256348,1,fitzpatrick17k,fitz_1b9d4701b4884dc00f912219e0ab2efb,medium,3,malignant
1,0.5631012916564941,1,fitzpatrick17k,fitz_d1ea3ea5e8908baf46fc72644eda51c4,light,2,malignant
1,0.4568316638469696,1,fitzpatrick17k,fitz_5a6480d3594d735eedf67a29281a1819,light,2,malignant
1,0.6164903044700623,1,fitzpatrick17k,fitz_dc84ce6b158006be88a8b1e4c0d86e99,light,2,malignant
1,0.720011293888092,1,fitzpatrick17k,fitz_938528c2ba772fc83832aeca85171cf2,light,1,malignant
1,0.6756239533424377,1,fitzpatrick17k,fitz_4ab6234ead6b243165c53ad33b708d12,medium,3,malignant
1,0.7477083206176758,1,fitzpatrick17k,fitz_d4e34cb55c84345465f5e931ec4e014e,light,2,malignant
0,0.5097141861915588,1,fitzpatrick17k,fitz_3d693b5d710cf6126a29e900f0eb7125,light,1,benign
1,0.688195526599884,1,fitzpatrick17k,fitz_442efb92b5f59923668f0d2e6316b9cb,medium,4,malignant
1,0.7422917485237122,1,fitzpatrick17k,fitz_794572175ce2487d073bcbd2d62f2743,medium,4,malignant
0,0.46653640270233154,1,fitzpatrick17k,fitz_b6c5a69dcf3aa856c31aecf6b87aaacb,light,2,benign
0,0.7300718426704407,1,fitzpatrick17k,fitz_66617b242abb82dcd77cf73970510afa,medium,3,benign
1,0.5437744855880737,1,fitzpatrick17k,fitz_de24cc0b5dc20eccdd67e7a60c8a1fa9,medium,4,malignant
0,0.6110769510269165,1,fitzpatrick17k,fitz_12beadf56d598891e58be517f3120d2c,medium,3,benign
1,0.6246188282966614,1,fitzpatrick17k,fitz_e789130a814619c1773eef86435153aa,dark,6,malignant
1,0.7220969200134277,1,fitzpatrick17k,fitz_b3bc16cf6e0ce8cc7ee9a78ad45d0617,light,2,malignant
0,0.46886342763900757,1,fitzpatrick17k,fitz_6d26c54ea783d44f038562bfacbe4043,dark,5,benign
0,0.5761939287185669,1,fitzpatrick17k,fitz_fcc3d381d95a1130b70b6bffa8b0dd47,light,2,benign
1,0.7408352494239807,1,fitzpatrick17k,fitz_2b0732e27770e1466ef1a3d918353a69,light,2,malignant
1,0.3722699284553528,1,fitzpatrick17k,fitz_e21ff65f31ffeeca1910c2534ae06649,medium,3,malignant
1,0.6003893613815308,1,fitzpatrick17k,fitz_e10a18206ceaefd148ed1fec42054dd4,light,2,malignant
1,0.5098102688789368,1,fitzpatrick17k,fitz_15ab45bcef4ca5f5ddf2d4305a14f885,medium,3,malignant
1,0.7465300559997559,1,fitzpatrick17k,fitz_06c312978164d6cc204751b5d7bea2f8,medium,3,malignant
0,0.6325046420097351,1,fitzpatrick17k,fitz_a96d9f9d604ecca87d59aa89aa84c00a,medium,3,benign
1,0.592085599899292,1,fitzpatrick17k,fitz_01ba602def4506d8bfd5900cccd2ab4d,light,2,malignant
1,0.7445163130760193,1,fitzpatrick17k,fitz_2e528f4e19ba089633b9ab5ad9719536,medium,3,malignant
1,0.4509471356868744,1,fitzpatrick17k,fitz_1d78d91cb196cb45b40c615cbf7a94ff,medium,4,malignant
0,0.47365155816078186,1,fitzpatrick17k,fitz_3fb2b0295e4378c9fda9bdab2d9d1b01,dark,5,benign
1,0.7855693697929382,1,fitzpatrick17k,fitz_6ed58ed2e4c8b378493cd5766f7bad56,medium,4,malignant
0,0.47770050168037415,1,fitzpatrick17k,fitz_2373ea63f44bba2e99c3e0694e868b6c,dark,5,benign
0,0.571229875087738,1,fitzpatrick17k,fitz_06e4ac87a74875f48981ee83302f64b5,medium,4,benign
0,0.421214759349823,1,fitzpatrick17k,fitz_782b4fbbebe47fc5535187b65d0b96b7,light,2,benign
1,0.43733060359954834,1,fitzpatrick17k,fitz_98280785c17860f879d21525a92af31f,medium,4,malignant
1,0.4758961498737335,1,fitzpatrick17k,fitz_972f4b68ef802a2cda7cae086253df3f,dark,5,malignant
1,0.7026625871658325,1,fitzpatrick17k,fitz_688ac2ba9aff76f589c14be2813f9d5f,medium,4,malignant
1,0.725176990032196,1,fitzpatrick17k,fitz_0e9e79e3884112fdccf813ffebd698ea,medium,3,malignant
1,0.6510387063026428,1,fitzpatrick17k,fitz_e2ec3ed300a3bae68e03b1a3f5992c5f,dark,5,malignant
0,0.43762072920799255,1,fitzpatrick17k,fitz_db23f9569e48847986a56b9f015cab17,medium,4,benign
0,0.39432236552238464,1,fitzpatrick17k,fitz_b78caa3aa59d46b632ea17237b3eac54,medium,3,benign
1,0.5141528248786926,1,fitzpatrick17k,fitz_41af89709e2ded0b92e2c6bf0787cb13,medium,3,malignant
1,0.592147707939148,1,fitzpatrick17k,fitz_6c83bef6f525b8734ecdbd9dd5f0e822,medium,3,malignant
1,0.6955870985984802,1,fitzpatrick17k,fitz_4517c65b158e114b9f6326c027d5e0e7,light,1,malignant
0,0.5357888340950012,1,fitzpatrick17k,fitz_9a4af186bb85056292ff83dafe1c0dd6,dark,5,benign
1,0.757086992263794,1,fitzpatrick17k,fitz_9d83cf9b9cc4a03580de63b62ea2a8f0,medium,4,malignant
1,0.7567539811134338,1,fitzpatrick17k,fitz_bc17b2b80667945dbbc470f72b152900,light,2,malignant
1,0.47132840752601624,1,fitzpatrick17k,fitz_4abcc083990e6408c7936f204a913a81,medium,4,malignant
1,0.5171030759811401,1,fitzpatrick17k,fitz_692291fbe26955598d023a64256383dd,medium,3,malignant
0,0.7055019736289978,1,fitzpatrick17k,fitz_269b46501e3c6c5d5dcef164a2293698,medium,3,benign
1,0.4962385594844818,1,fitzpatrick17k,fitz_c50113547f82a9ad4d3ce4dc0972a698,medium,3,malignant
1,0.46169933676719666,1,fitzpatrick17k,fitz_230294f2e89a02e283b518e42450ea46,medium,3,malignant
1,0.6257380247116089,1,fitzpatrick17k,fitz_1aec33dc780057f576a8064deffe9cc8,medium,3,malignant
1,0.6759795546531677,1,fitzpatrick17k,fitz_a9789ebba82857c54345e95b0f1a5694,medium,3,malignant
1,0.44757726788520813,1,fitzpatrick17k,fitz_c69b810bbe5c2eb7785daa9af3f2b5f8,dark,5,malignant
0,0.36687684059143066,1,fitzpatrick17k,fitz_acc320bf2c87c4239617cb186785c4dd,medium,3,benign
1,0.699939489364624,1,fitzpatrick17k,fitz_3b0a85962bfea9a937d4619ef7e3ea37,light,2,malignant
1,0.4210021197795868,1,fitzpatrick17k,fitz_0e802991cd0257f69f62adedb41152f8,medium,3,malignant
1,0.5287591218948364,1,fitzpatrick17k,fitz_67266657fb927c2a00a1da2ac535a3ce,medium,3,malignant
1,0.6806507706642151,1,fitzpatrick17k,fitz_989def5053f967a52780018e95c65b09,light,2,malignant
0,0.334514319896698,1,fitzpatrick17k,fitz_08e6d0fd9521a1f97930f81ab511a0ab,medium,3,benign
1,0.7213401794433594,1,fitzpatrick17k,fitz_5e7d0cf1d8901eea8361b2be45a6fec2,medium,4,malignant
1,0.6647353768348694,1,fitzpatrick17k,fitz_67c9271813f07f5311e2cb435a817403,light,2,malignant
0,0.6122161746025085,1,fitzpatrick17k,fitz_c3aa1c21ff0bb61356d49b1006381e90,medium,3,benign
1,0.4913841784000397,1,fitzpatrick17k,fitz_6c11f4d55463565511ddc7596bf004ca,light,2,malignant
1,0.4823004901409149,1,fitzpatrick17k,fitz_11192bb0867db84d2a2ab4a8cf99a230,medium,4,malignant
0,0.3972160816192627,1,fitzpatrick17k,fitz_5f15a814cc5a6ca1db94f5f8c6a14832,medium,3,benign
0,0.3626357913017273,1,fitzpatrick17k,fitz_495130692b7ed3c7f9397d9c76e225e3,light,2,benign
1,0.7657586932182312,1,fitzpatrick17k,fitz_63d45ab797b56c3f56e8b4bb32d4aac1,light,2,malignant
1,0.7482382655143738,1,fitzpatrick17k,fitz_99c3570d8e954271883159615e7ccbff,light,1,malignant
1,0.4241262972354889,1,fitzpatrick17k,fitz_94d33e3e531660ec7b4ce779083cc1b3,dark,5,malignant
1,0.6336246728897095,1,fitzpatrick17k,fitz_67deaaed2a283f6cb162a5ce45f67f7f,medium,3,malignant
1,0.7870760560035706,1,fitzpatrick17k,fitz_3f5585b2050389844a621e34f98dc191,light,2,malignant
1,0.5482699275016785,1,fitzpatrick17k,fitz_b7ff367d07ee32101f5188a34cc142ab,dark,5,malignant
1,0.4721185564994812,1,fitzpatrick17k,fitz_170c87c679d5e29b4040d544d8887fa3,medium,4,malignant
1,0.4489339292049408,1,fitzpatrick17k,fitz_62def66062d6648a61d4003c4b8ddfd2,medium,4,malignant
1,0.7433106899261475,1,fitzpatrick17k,fitz_fb286549b06d7db25a7edb78c8287cf4,light,2,malignant
1,0.6395325660705566,1,fitzpatrick17k,fitz_c6a917a5d74ab6def73579084f791251,medium,3,malignant
1,0.4537685215473175,1,fitzpatrick17k,fitz_fd1fa18a3033459631670d50b9b5bfc9,medium,4,malignant
1,0.6372506022453308,1,fitzpatrick17k,fitz_43a4b56ad73ed20ddb1d5936ec77bde8,light,2,malignant
1,0.47054189443588257,1,fitzpatrick17k,fitz_9163c0dc32069e063ef96a82941cccb3,dark,5,malignant
0,0.6222810745239258,1,fitzpatrick17k,fitz_bcee3f63a75e96ba6863ca4ee9544fe7,medium,4,benign
1,0.5387218594551086,1,fitzpatrick17k,fitz_675abb915f8549449ff6e68bb7d44879,medium,4,malignant
1,0.45127493143081665,1,fitzpatrick17k,fitz_cd2ce2950537aa3b8996035ead991d2b,medium,3,malignant
0,0.3567298352718353,1,fitzpatrick17k,fitz_3ecd654669814c956f4dfc5a96c2c710,light,2,benign
1,0.7054190039634705,1,fitzpatrick17k,fitz_91865b45a367c49a4ee9d990322d4947,medium,4,malignant
1,0.6502105593681335,1,fitzpatrick17k,fitz_2dc34fb7e56f2bf55abb42e76f164eaa,medium,3,malignant
0,0.49488094449043274,1,fitzpatrick17k,fitz_cb6e87b6174f470f8e303f7ddefad7f5,medium,4,benign
1,0.7004425525665283,1,fitzpatrick17k,fitz_b18b6e010b16dcee28deb5160b13b1e1,light,1,malignant
1,0.6764764189720154,1,fitzpatrick17k,fitz_91c13b3c952550f97adc320b51b10557,dark,6,malignant
0,0.3362869620323181,1,fitzpatrick17k,fitz_1092acf28a8180d8dad85e634a9bddca,medium,4,benign
1,0.6312049031257629,1,fitzpatrick17k,fitz_d01ee1734e42fb0e876e2b872d0e1145,light,2,malignant
0,0.5033758282661438,1,fitzpatrick17k,fitz_04601797e5ed66f335c11ed3bec4a33f,medium,3,benign
1,0.6588796377182007,1,fitzpatrick17k,fitz_f6d1989ae192d7906a36dc2fca793ad8,light,2,malignant
0,0.6033041477203369,1,fitzpatrick17k,fitz_bbca2441e0c4ab4833a5796a9b9da0e4,medium,4,benign
1,0.8094533085823059,1,fitzpatrick17k,fitz_61dc5a89e18cc03cdc9594a18bfe3c84,medium,3,malignant
1,0.6989692449569702,1,fitzpatrick17k,fitz_90606b9f69738c8a03151403d200b8f6,medium,4,malignant
1,0.4918093979358673,1,fitzpatrick17k,fitz_5532bbc902f5d50f6f8a972016bcf04f,medium,3,malignant
1,0.7802768349647522,1,fitzpatrick17k,fitz_42ca868d015f5b088e3bfbd28db1621f,light,1,malignant
0,0.5471727848052979,1,fitzpatrick17k,fitz_59cec610d77760c3dd5033b39e41f11b,medium,4,benign
1,0.5816252827644348,1,fitzpatrick17k,fitz_45119bcf9dab198dfdfa04b14736c240,light,2,malignant
0,0.3509334623813629,1,fitzpatrick17k,fitz_fae9e45f33c9d86f911a3d41d9c19145,medium,3,benign
1,0.6748049259185791,1,fitzpatrick17k,fitz_29a86d89608e63ccfc57b1e40c827ead,medium,4,malignant
1,0.46810927987098694,1,fitzpatrick17k,fitz_185942f8efd8a8c00a3b7b42096f458b,medium,4,malignant
0,0.6154970526695251,1,fitzpatrick17k,fitz_6330887be78f8bc98a84e854d71f1500,light,2,benign
1,0.6127850413322449,1,fitzpatrick17k,fitz_a1d96dfd1897917119021000c1f9a5af,dark,6,malignant
1,0.31443142890930176,1,fitzpatrick17k,fitz_a8f9762b6db1471fb8afc442b9511ffb,medium,4,malignant
1,0.7010450959205627,1,fitzpatrick17k,fitz_a635c175e16ecb941617a1f263139b95,light,2,malignant
1,0.6830106377601624,1,fitzpatrick17k,fitz_9220d313606d63dfbcfdf77eed378706,light,1,malignant
1,0.7607258558273315,1,fitzpatrick17k,fitz_275c30d6007c0e989da6e99f899ac20b,light,2,malignant
0,0.5476922988891602,1,fitzpatrick17k,fitz_7f936d161d0a8a1b7c48cd5d962ef8fd,medium,3,benign
1,0.5354525446891785,1,fitzpatrick17k,fitz_ebcf2b50dd943c700d4e2b586fcd4425,medium,3,malignant
0,0.65293288230896,1,fitzpatrick17k,fitz_b7d391980d000b2fcbca290eeb5f5259,medium,3,benign
0,0.5394054651260376,1,fitzpatrick17k,fitz_d33328de12a115bd7bf92448b3b1226f,light,1,benign
1,0.4806220531463623,1,fitzpatrick17k,fitz_daf718978f62033d239c595e96ad3d2c,dark,5,malignant
1,0.6216948628425598,1,fitzpatrick17k,fitz_40abd94119ad5fbeabd6ae00e30e31f7,light,2,malignant
1,0.6078675985336304,1,fitzpatrick17k,fitz_7912ab0cf1c1a04708f78e68ebee8d34,light,2,malignant
0,0.466060072183609,1,fitzpatrick17k,fitz_97ffa3d56134d487c288543ad391d69c,light,2,benign
1,0.5577050447463989,1,fitzpatrick17k,fitz_11f45cfda08e482b02f52701a461e4aa,medium,3,malignant
1,0.6867775917053223,1,fitzpatrick17k,fitz_998ab155036c1e9bee491e7f41eb629b,medium,4,malignant
1,0.6029176115989685,1,fitzpatrick17k,fitz_943a5ffcd4da3122732edad290533470,light,2,malignant
1,0.6936706900596619,1,fitzpatrick17k,fitz_49ed416e5f1dc646ecbaf99b23b48095,dark,5,malignant
0,0.6325874328613281,1,fitzpatrick17k,fitz_d4503411ed629b1252df949d73aa92ff,medium,4,benign
1,0.5701965689659119,1,fitzpatrick17k,fitz_92f71aa41edaac6d11d0925d5ec994d9,light,2,malignant
0,0.36537620425224304,1,fitzpatrick17k,fitz_8171656ab84e8f8eb5d6b7c44642f89c,dark,5,benign
0,0.5822780728340149,1,fitzpatrick17k,fitz_475493f9fa81df7666624f50794dba9f,light,2,benign
1,0.6921005845069885,1,fitzpatrick17k,fitz_65d7f6ef4187b24c02db53515fe5f211,light,2,malignant
0,0.5610958933830261,1,fitzpatrick17k,fitz_bd9e71da00c67268e4fda4c56c0361c1,medium,4,benign
0,0.4355332851409912,1,fitzpatrick17k,fitz_7c7e878d6ee134d0734e8e3cb04fc1ea,medium,3,benign
1,0.7348743081092834,1,fitzpatrick17k,fitz_849d862189a58f44a063ee6ba1a80b1b,dark,5,malignant
1,0.7799391746520996,1,fitzpatrick17k,fitz_513d69c21897a5244aa85b6fa7a913aa,medium,3,malignant
1,0.49841633439064026,1,fitzpatrick17k,fitz_78617b5fb730ea6627b7a7227f6a06e4,light,2,malignant
1,0.7236616015434265,1,fitzpatrick17k,fitz_ed74e39835213d0c79153d9dcd40b168,light,1,malignant
1,0.6823787689208984,1,fitzpatrick17k,fitz_064f39810e82e6097f9c187f003ede0a,medium,4,malignant
1,0.6282578110694885,1,fitzpatrick17k,fitz_f8ec3bff30f0f39568125ed1c2d00a49,light,2,malignant
1,0.39656785130500793,1,fitzpatrick17k,fitz_7cd7825d7ff3127c85ae8be0b036c8f7,medium,4,malignant
0,0.42127466201782227,1,fitzpatrick17k,fitz_ed884aa172df9b81c9b45d2f38eefdaa,light,2,benign
1,0.7026974558830261,1,fitzpatrick17k,fitz_707cbcb88cb5e11bbe3de751fbc459ef,light,2,malignant
1,0.4647790789604187,1,fitzpatrick17k,fitz_17beac6823fd7ec2303d5b030a536fca,light,2,malignant
1,0.6779078245162964,1,fitzpatrick17k,fitz_ab4128570af871732f2fd5f986d8a4fc,light,2,malignant
0,0.5074252486228943,1,fitzpatrick17k,fitz_2ecf3527cc84f9669aaa132a1662a5c1,dark,5,benign
1,0.7317852973937988,1,fitzpatrick17k,fitz_d14d5a7d516cc6e2142e2da1d7bd4af1,light,2,malignant
1,0.5969346165657043,1,fitzpatrick17k,fitz_9aced25f0da2ff491cf0da3fee0a8f3c,light,2,malignant
1,0.5849737524986267,1,fitzpatrick17k,fitz_1ab04144c59873b97ebd997839bf3960,light,1,malignant
1,0.7759878039360046,1,fitzpatrick17k,fitz_7e13446fb580d526839610d24614b93d,medium,3,malignant
0,0.5888986587524414,1,fitzpatrick17k,fitz_6afb94915e7935b5a4b0c1cee7bde806,medium,4,benign
1,0.47750526666641235,1,fitzpatrick17k,fitz_801a5e586bc2c8cd9fc5825e1cbb8570,light,2,malignant
0,0.4673806130886078,1,fitzpatrick17k,fitz_9902aff379c7e84d797c4ea49c697137,medium,4,benign
1,0.7181384563446045,1,fitzpatrick17k,fitz_859294df6ca2e49a675d48cedcdd3988,medium,3,malignant
1,0.5887983441352844,1,fitzpatrick17k,fitz_a7eb5a64037cd181a6f68af0b7b1ed02,light,1,malignant
1,0.5246849060058594,1,fitzpatrick17k,fitz_1093510b8b4e09034d87fb69cb047259,medium,3,malignant
1,0.583267331123352,1,fitzpatrick17k,fitz_8d8aaf80f77278f629697ef2f93d01b5,medium,3,malignant
1,0.6447437405586243,1,fitzpatrick17k,fitz_d33a7aeb01b93a01a30887eb38ee19f8,light,1,malignant
1,0.657507598400116,1,fitzpatrick17k,fitz_39bef78824cddba30883954d4f12c6e0,light,2,malignant
0,0.775164008140564,1,fitzpatrick17k,fitz_fa16733be6f59f72acb41027742cb796,medium,3,benign
1,0.5119096040725708,1,fitzpatrick17k,fitz_8a556d859128eae840cd2c3650819e87,medium,4,malignant
1,0.4963620603084564,1,fitzpatrick17k,fitz_fbd64d85fa7bfed3ba061ca05ff90f69,light,1,malignant
1,0.5642457604408264,1,fitzpatrick17k,fitz_a18693f7fc1cf91848857da05da1efb6,medium,4,malignant
0,0.350681871175766,1,fitzpatrick17k,fitz_56d32e0e33a13641ea4fd71864c1ac11,dark,5,benign
1,0.7318919897079468,1,fitzpatrick17k,fitz_2abba7fd9b90b2186d88cabefae47046,light,2,malignant
1,0.5183305740356445,1,fitzpatrick17k,fitz_c1b162ecbd537349c8df036a7f7627dc,medium,3,malignant
1,0.48922133445739746,1,fitzpatrick17k,fitz_170ed3a3d229937e355c091bf5c75d40,medium,4,malignant
0,0.4855095148086548,1,fitzpatrick17k,fitz_e0fa8ede5c3dfb5aa5ed404899f0a176,light,2,benign
1,0.7623826265335083,1,fitzpatrick17k,fitz_a9de5402ce212bd50fbc1c0484b2d7d2,light,1,malignant
0,0.5645679235458374,1,fitzpatrick17k,fitz_cae259ae5d3d8d7a5013fa60a42ccc1c,medium,4,benign
0,0.3288995027542114,1,fitzpatrick17k,fitz_32e46d3d67fefd90a43e49f084f55349,medium,3,benign
1,0.7305489778518677,1,fitzpatrick17k,fitz_1a0c9c273d706d38e5a25149e0a37971,light,2,malignant
1,0.7360936403274536,1,fitzpatrick17k,fitz_c6b6b5cddf46b913a5faecf6c3b49f05,light,2,malignant
1,0.6457569599151611,1,fitzpatrick17k,fitz_c501b9ec2440eaabab9f1e8631af31fd,medium,3,malignant
0,0.2714308500289917,1,fitzpatrick17k,fitz_c7d17ac1386b6ba57646a4bce3c80c0f,medium,3,benign
0,0.7737452387809753,1,fitzpatrick17k,fitz_bfd62fc2abac5bf2d689b08777f061f4,medium,3,benign
0,0.45255517959594727,1,fitzpatrick17k,fitz_4528171396e4b3179398eb540eeeb1ce,medium,3,benign
1,0.6772748827934265,1,fitzpatrick17k,fitz_344cf83a64c8312aa83a952f87ede69e,medium,4,malignant
0,0.5308802127838135,1,fitzpatrick17k,fitz_5a11701ed40e5f795cfe361d8fb3263f,light,2,benign
0,0.5253427028656006,1,fitzpatrick17k,fitz_e56691d224675a8801af865f5233f2eb,medium,3,benign
0,0.6580460667610168,1,fitzpatrick17k,fitz_f3fd93d48f9b56eb3f739b76bfa34963,light,2,benign
1,0.7157453298568726,1,fitzpatrick17k,fitz_3fe688434b98e1f3cdfb1deb1adc1dbc,light,2,malignant
0,0.6187796592712402,1,fitzpatrick17k,fitz_56360bf0ef6425c00d369b503a9808e2,medium,4,benign
1,0.5311812162399292,1,fitzpatrick17k,fitz_4b483b15083306618d99ee1d70313ebf,medium,3,malignant
1,0.5457791686058044,1,fitzpatrick17k,fitz_74c640f21d94d59eec3ac37cebaedd2d,medium,4,malignant
0,0.4022122919559479,1,fitzpatrick17k,fitz_598ea613225826651424d3ed17e8c16f,medium,3,benign
1,0.6783765554428101,1,fitzpatrick17k,fitz_6d9d3d6ab99f09c25d9c2042b303d167,medium,3,malignant
1,0.5191738605499268,1,fitzpatrick17k,fitz_473f3594b1a24ac3109f2ace980b2953,medium,4,malignant
1,0.6595813632011414,1,fitzpatrick17k,fitz_02b1a2a60d2b3b6b2e5d15d1f48eab33,light,1,malignant
1,0.5033791065216064,1,fitzpatrick17k,fitz_13c8455096abc7427eeba56c81c7a54c,light,2,malignant
0,0.3740794062614441,1,fitzpatrick17k,fitz_37c8b1a9a0d0f0419933113610dbd896,light,2,benign
0,0.4320993423461914,1,fitzpatrick17k,fitz_ba6a550800e5e9d8b9e68498c6547f4f,medium,3,benign
0,0.6009029746055603,1,fitzpatrick17k,fitz_ba6f667d66b32df3a4185658738f9ca7,dark,5,benign
1,0.6774290800094604,1,fitzpatrick17k,fitz_52514f7abd18bb524279c10943916512,medium,4,malignant
1,0.5088935494422913,1,fitzpatrick17k,fitz_399d923af5d3a27f638f0292ca0c3d7f,medium,4,malignant
0,0.49194154143333435,1,fitzpatrick17k,fitz_7be26796f21c02ac4fd9be079717da0b,medium,3,benign
0,0.404742568731308,1,fitzpatrick17k,fitz_440e2f8d1bccd9ecfc711b4bad8af5e4,medium,4,benign
0,0.4582756757736206,1,fitzpatrick17k,fitz_367ce66759a68a87fca6240f8fc324ce,medium,4,benign
0,0.45777004957199097,1,fitzpatrick17k,fitz_89127ec79892859f64bab57ac7cddb27,medium,4,benign
0,0.47741469740867615,1,fitzpatrick17k,fitz_ac6c6b189299da4e34f8c35a1b92438c,dark,6,benign
1,0.6196084022521973,1,fitzpatrick17k,fitz_43e04130cc95d9e735a37265decf2636,light,1,malignant
1,0.6067363023757935,1,fitzpatrick17k,fitz_e82cda3eeecc9ba74ba226cc1f8efc38,light,1,malignant
0,0.5440981388092041,1,fitzpatrick17k,fitz_9f0676a940a76b88f8aaf161bf2a311d,light,2,benign
0,0.5265311002731323,1,fitzpatrick17k,fitz_a692f9e50332fee030b43b9f03d854d0,medium,4,benign
0,0.40764838457107544,1,fitzpatrick17k,fitz_4ce32e8037b89cb9583f5b0abab6165a,medium,3,benign
1,0.6368831396102905,1,fitzpatrick17k,fitz_c194978ce025c8b827df395ea10ae20e,medium,4,malignant
0,0.422145813703537,1,fitzpatrick17k,fitz_52febf5b7413bb8b3210667f2356f4a0,medium,4,benign
1,0.6136307120323181,1,fitzpatrick17k,fitz_ecdcd89dda8fa5b30706532fb49f315c,medium,3,malignant
1,0.5055073499679565,1,fitzpatrick17k,fitz_f31a5c7d32b7b4479739bff76a23e8e4,light,2,malignant
0,0.42449840903282166,1,fitzpatrick17k,fitz_04b696bbd93e3304705a27e8f9ffb92a,medium,4,benign
1,0.4677557349205017,1,fitzpatrick17k,fitz_056a9a4fca15486be30ca4c845526b6b,medium,3,malignant
1,0.41735124588012695,1,fitzpatrick17k,fitz_4e7f1251e17184621d52f441c4acc44d,medium,4,malignant
1,0.5132462382316589,1,fitzpatrick17k,fitz_274fcc8858e2524666aac80c117c1eae,medium,3,malignant
0,0.3661293089389801,1,fitzpatrick17k,fitz_a5b50849f0cf2c01a8c4d9783915ac66,medium,4,benign
1,0.7552273273468018,1,fitzpatrick17k,fitz_9371b89247ec4e39c05760c2ccaef840,light,2,malignant
1,0.8181924223899841,1,fitzpatrick17k,fitz_c819e82dc15ddf2d0ceb08515f303123,medium,3,malignant
1,0.6506209373474121,1,fitzpatrick17k,fitz_d7d7980b1fd4fbaf3e14ecfd48c98bdf,light,2,malignant
1,0.7554888129234314,1,fitzpatrick17k,fitz_af2a68fe083b47f59589f2096043aa39,light,2,malignant
1,0.4559936225414276,1,fitzpatrick17k,fitz_625e1e2bb005de584472d572f92b3dba,medium,3,malignant
0,0.6781237721443176,1,fitzpatrick17k,fitz_a029d1da1db8341949fd61300b4f29f1,light,2,benign
0,0.5933194756507874,1,fitzpatrick17k,fitz_b5ecdd2f21d96ad2230e49025ba084cc,light,2,benign
1,0.7578712105751038,1,fitzpatrick17k,fitz_063e8484c60d38b357b37f20054a32c7,medium,3,malignant
0,0.516873300075531,1,fitzpatrick17k,fitz_1a35013a76f6404b2d1d28d1d76fb149,medium,3,benign
1,0.6130403280258179,1,fitzpatrick17k,fitz_dfc849919c7f749a42f6059f927eb82f,light,2,malignant
1,0.6292545795440674,1,fitzpatrick17k,fitz_e28cbb701b1b2ff727c3c7aba01fe6ff,light,1,malignant
1,0.7322705984115601,1,fitzpatrick17k,fitz_3a94ec88b1b1ef09ff93f7d5f619d879,medium,3,malignant
1,0.6530938744544983,1,fitzpatrick17k,fitz_b3fe1abd1c56355361aec80ed8eec4cb,medium,3,malignant
1,0.6138936281204224,1,fitzpatrick17k,fitz_4caae357b8c7b4bc6085936bbaa10740,medium,4,malignant
0,0.6554130911827087,1,fitzpatrick17k,fitz_7b89609b6eedbb812c8effaee7d55faa,medium,3,benign
0,0.5113223195075989,1,fitzpatrick17k,fitz_1dbde15208dce78fe95468e229a81363,medium,4,benign
1,0.6481128931045532,1,fitzpatrick17k,fitz_9c505985a3ac619b4562e20e8d1b2933,light,2,malignant
0,0.5922917723655701,1,fitzpatrick17k,fitz_ffffdecd2ded614ecd1f27a3fe919674,medium,4,benign
0,0.5617057681083679,1,fitzpatrick17k,fitz_7e22a35412a75264ac650b0a57f2c680,medium,4,benign
0,0.5684787034988403,1,fitzpatrick17k,fitz_6dad65663b55304857ab5a0c078e7925,light,2,benign
0,0.5046555995941162,1,fitzpatrick17k,fitz_37d5efb3f304b6bd0472dde58bd78b5a,medium,4,benign
1,0.694723904132843,1,fitzpatrick17k,fitz_f563de4c84fed5c664de85aa37d72f16,medium,4,malignant
0,0.4736575484275818,1,fitzpatrick17k,fitz_86cb01dc3d10fc2b634d4cd0c0245b8f,medium,3,benign
0,0.6980389952659607,1,fitzpatrick17k,fitz_109ac254a9dfbe1f7ed3308081480697,light,2,benign
0,0.6165330410003662,1,fitzpatrick17k,fitz_6d589d145a183c5642047b1529b5e959,light,2,benign
0,0.43592995405197144,1,fitzpatrick17k,fitz_73f6bb99f5a3280e79f43434310626f3,medium,3,benign
1,0.724825382232666,1,fitzpatrick17k,fitz_d285b21fff5ae6aa95600e1c9064b8f8,medium,3,malignant
1,0.5258776545524597,1,fitzpatrick17k,fitz_bd64e4906674b26d4d5e58e36a39a861,medium,4,malignant
1,0.730291485786438,1,fitzpatrick17k,fitz_7aa128d60de3bc2ab010d87cf3bd6ad7,light,1,malignant
1,0.7537162899971008,1,fitzpatrick17k,fitz_1d56b7d688b6b276893107a6bdb93bba,dark,5,malignant
0,0.5209435224533081,1,fitzpatrick17k,fitz_1ccb08e821f643e145b41348753f0e95,medium,4,benign
1,0.6742489337921143,1,fitzpatrick17k,fitz_55988379a2123b293d249070de266a08,medium,4,malignant
1,0.6983615159988403,1,fitzpatrick17k,fitz_2311fe11163e4e84336c53eefb5e24d7,medium,4,malignant
1,0.8220266103744507,1,fitzpatrick17k,fitz_79aaed87b0076030d5e6893bff164476,dark,5,malignant
1,0.57537841796875,1,fitzpatrick17k,fitz_e0674b69da176c57feada6db80a6af09,light,2,malignant
1,0.6330947279930115,1,fitzpatrick17k,fitz_70a8a40f55e900e60a42054326f62e28,medium,3,malignant
1,0.5425009727478027,1,fitzpatrick17k,fitz_4914fa9dae16b9762acae30d0349ad85,medium,3,malignant
0,0.533285915851593,1,fitzpatrick17k,fitz_e126e650c6bde870d5985457d54ffd0a,medium,4,benign
1,0.8456683158874512,1,fitzpatrick17k,fitz_64600b031d4789a7bb7a074e8a66c0cc,light,2,malignant
0,0.6350357532501221,1,fitzpatrick17k,fitz_4304199921ec391c01cbd147cc2e59a8,light,2,benign
1,0.7277871370315552,1,fitzpatrick17k,fitz_b9ddf5dbd6257c786e13658934c56ac6,medium,3,malignant
1,0.5070726275444031,1,fitzpatrick17k,fitz_b979613b362ad5e800ccd380ac29b8fe,dark,6,malignant
1,0.3727826178073883,1,fitzpatrick17k,fitz_ae40c3cfca9899067d0e75465586cf97,medium,3,malignant
0,0.4266277849674225,1,fitzpatrick17k,fitz_3db45506b78666259893065a9810913f,medium,3,benign
0,0.3748595714569092,1,fitzpatrick17k,fitz_7fee240e593bc169ff92d5ef2247a630,medium,4,benign
1,0.7303919196128845,1,fitzpatrick17k,fitz_c6e41ac2c8552505d795c4efda0869d6,medium,3,malignant
0,0.5583459734916687,1,fitzpatrick17k,fitz_c18c5c539fc4340dbddb542e8fc6cf8d,medium,3,benign
1,0.8489704132080078,1,fitzpatrick17k,fitz_09a75e2a4e9bbc303e6e0cb3e16a32d8,medium,3,malignant
0,0.7834137678146362,1,fitzpatrick17k,fitz_d43b671a4e8df49753fe28c336acd243,light,1,benign
1,0.38554856181144714,1,fitzpatrick17k,fitz_28b6d5c8f25acf6ddf93bf72fe7844d0,medium,3,malignant
1,0.659691572189331,1,fitzpatrick17k,fitz_8d0d9724e46caa4b82829e70e672fd1f,light,2,malignant
1,0.7711009979248047,1,fitzpatrick17k,fitz_a57cce5e02560bc8ec878ef7a2f783d2,light,1,malignant
0,0.5301012992858887,1,fitzpatrick17k,fitz_e7bf56ec841d114d61ff4ffdc722751f,medium,4,benign
1,0.512130081653595,1,fitzpatrick17k,fitz_634f0aff345685a590ca9d08c8b266ba,medium,3,malignant
1,0.5520990490913391,1,fitzpatrick17k,fitz_e927c81f6b508269c83350184f124a2d,medium,3,malignant
1,0.53264981508255,1,fitzpatrick17k,fitz_8dff4409431ca7a83a108fa35ec2959d,medium,3,malignant
0,0.5351223349571228,1,fitzpatrick17k,fitz_a419dce4df68dcdc28d5f046d31d86c9,medium,3,benign
1,0.6133125424385071,1,fitzpatrick17k,fitz_3fdf77cfbb7bd9ecab1c8ac104dbe74e,light,2,malignant
1,0.5426811575889587,1,fitzpatrick17k,fitz_68daecb39b330760c4faddc47e842c77,medium,4,malignant
0,0.695160984992981,1,fitzpatrick17k,fitz_5fb6e34e0898bdd2bd736c7db0d2a0f0,medium,3,benign
1,0.48015129566192627,1,fitzpatrick17k,fitz_99ed7ad5cc8a9bcec0ccb323942ab68f,medium,3,malignant
1,0.7040124535560608,1,fitzpatrick17k,fitz_3f014488acf61087ab152f8dc5fac8b3,medium,4,malignant
1,0.6704415678977966,1,fitzpatrick17k,fitz_26ad865bcdc627dfa0dc2e419252a0ed,light,2,malignant
1,0.5776774287223816,1,fitzpatrick17k,fitz_593c544bf75684c898826405ab9b3971,medium,4,malignant
1,0.6221385598182678,1,fitzpatrick17k,fitz_4ccb6a341928c32e6bdba870cdf57e25,light,2,malignant
1,0.496747225522995,1,fitzpatrick17k,fitz_96e320998184af49bfc791c8f1b0e174,medium,3,malignant
1,0.4325393736362457,1,fitzpatrick17k,fitz_8e93632358a1490fa191121b3fcddc98,medium,4,malignant
1,0.7614065408706665,1,fitzpatrick17k,fitz_3e4a274cdc0acb42a64dffa7b034a9cf,light,2,malignant
0,0.44788411259651184,1,fitzpatrick17k,fitz_09ea1633ac8b4551f06b7d1f1346a921,medium,3,benign
1,0.6855557560920715,1,fitzpatrick17k,fitz_cc333f3db2fe35e5216df327d861c39b,medium,3,malignant
1,0.6097527146339417,1,fitzpatrick17k,fitz_a547512f7d10ba636eb51adbc59ece5a,medium,4,malignant
1,0.5680978894233704,1,fitzpatrick17k,fitz_658a7441448655ad189b84645fdef0ac,light,2,malignant
1,0.4605582654476166,1,fitzpatrick17k,fitz_4981320ef16be15730f7fce6207c9f88,medium,4,malignant
0,0.6445196866989136,1,fitzpatrick17k,fitz_1ac32fd4d37811f356201fc9a5d42ee6,medium,3,benign
1,0.5382531881332397,1,fitzpatrick17k,fitz_70758a12b61186edea167fbcf51c7598,light,2,malignant
1,0.7524269819259644,1,fitzpatrick17k,fitz_c4019e6a8693ad04c1df4949518aaf2d,medium,4,malignant
1,0.42415690422058105,1,fitzpatrick17k,fitz_76a5da87f72f5712243ff4bcf52337b6,medium,4,malignant
1,0.6795050501823425,1,fitzpatrick17k,fitz_354d48d77af6c34074d60405e9355aab,dark,5,malignant
0,0.6531776785850525,1,fitzpatrick17k,fitz_9e41dfef88af0d8e29fddd91da1f4c5a,dark,5,benign
1,0.695364236831665,1,fitzpatrick17k,fitz_8c2d0eae8d6a28c6447947de236648dc,light,2,malignant
0,0.6041674613952637,1,fitzpatrick17k,fitz_8342209d734a75f169dff1ce216bcf51,light,1,benign
0,0.30896061658859253,1,fitzpatrick17k,fitz_e45f82fff18db54afa157aa70b394184,light,2,benign
0,0.5114360451698303,1,fitzpatrick17k,fitz_002f4ec0b620339d58ccfa26c4268584,medium,3,benign
1,0.3983551859855652,1,fitzpatrick17k,fitz_fb11cc09b9df6abad072d5e45f2d45c5,medium,3,malignant
1,0.5003458261489868,1,fitzpatrick17k,fitz_506a26b96d7d1b6a495c552f3ef201e4,dark,5,malignant
1,0.5984560251235962,1,fitzpatrick17k,fitz_558b6378ac18ecc0c35d6b33e073d1d2,medium,4,malignant
0,0.550261378288269,1,fitzpatrick17k,fitz_a62d1c8fca6b75b37e0858250b21dc71,medium,3,benign
1,0.5669625997543335,1,fitzpatrick17k,fitz_93aeefa9aeed0a5bac85e14f4bd7ace8,dark,5,malignant
0,0.24444399774074554,1,fitzpatrick17k,fitz_e8e9c70e1fc03c9f924724b5c8bebae9,medium,3,benign
0,0.4482259154319763,1,fitzpatrick17k,fitz_1e743a818cf4d2719779df609ad8e17c,medium,3,benign
1,0.6744676828384399,1,fitzpatrick17k,fitz_f5585807a21c71476948e6ad3f98cf82,dark,5,malignant
1,0.5534177422523499,1,fitzpatrick17k,fitz_60f79f88cbb999246aea835979d1c1db,light,2,malignant
0,0.48204052448272705,1,fitzpatrick17k,fitz_93f102c65b21b9f259b247d1b10feda4,medium,4,benign
1,0.7417958378791809,1,fitzpatrick17k,fitz_82df2ce5fa68bd6f037f185e37003e31,medium,3,malignant
1,0.6427370309829712,1,fitzpatrick17k,fitz_aff8f8833189c8c6fff40c65f441f37f,medium,3,malignant
1,0.6838629841804504,1,fitzpatrick17k,fitz_67de8c6b48d080d216e000a2d970645b,light,1,malignant
1,0.6157270669937134,1,fitzpatrick17k,fitz_62e2bb9f7a023511b7a064faca724db7,medium,4,malignant
0,0.43599751591682434,1,fitzpatrick17k,fitz_ca23070ee79e5620606e98f44468e240,medium,4,benign
0,0.5055981874465942,1,fitzpatrick17k,fitz_6f620dfd0f069172bfecfc3effc10865,medium,4,benign
1,0.7585432529449463,1,fitzpatrick17k,fitz_4442aec61aba4663d4810c0786ed86c8,light,1,malignant
0,0.29842978715896606,1,fitzpatrick17k,fitz_074012eb77f3f0d6d3b4c9a0991c3575,light,2,benign
1,0.6741858720779419,1,fitzpatrick17k,fitz_437159c605260bdd079af230566af291,light,2,malignant
1,0.5197750926017761,1,fitzpatrick17k,fitz_30559e9ff81800fcc4e2819d89988b88,medium,4,malignant
0,0.5206379890441895,1,fitzpatrick17k,fitz_6c770bbf5b1394537ba9cb4c16050fe4,medium,3,benign
1,0.825181782245636,1,fitzpatrick17k,fitz_1ed53774dfae21b81495cab1d16f1149,light,2,malignant
1,0.6949369311332703,1,fitzpatrick17k,fitz_a036718d77f4a4339b2aaf15e2087fe0,dark,5,malignant
1,0.686995267868042,1,fitzpatrick17k,fitz_65f7b7df48effe3ad7238404ca5318ce,medium,4,malignant
0,0.5732231140136719,1,fitzpatrick17k,fitz_7e26fd08ff4581a71e16e158696fe5d9,medium,3,benign
1,0.660332202911377,1,fitzpatrick17k,fitz_54062cedd5bf0e41f3c95feba2bb0373,dark,5,malignant
1,0.47819650173187256,1,fitzpatrick17k,fitz_ac684a3d2464ae0fba4d90e4f898875d,light,1,malignant
0,0.5059106945991516,1,fitzpatrick17k,fitz_5fd08f80678489c7d5d33dce74800b57,medium,3,benign
1,0.7484090924263,1,fitzpatrick17k,fitz_0a102c96d763d98ab7eec9efd5a38d79,dark,6,malignant
1,0.35996392369270325,1,fitzpatrick17k,fitz_860ce6a4951e059da943592a29882f4a,medium,3,malignant
1,0.6345111131668091,1,fitzpatrick17k,fitz_e894e98ec3b149d53b202e1cef0fa9ad,light,1,malignant
1,0.32680168747901917,1,fitzpatrick17k,fitz_bef06bdd8c19ecbcc0d6c5598878ffae,medium,4,malignant
1,0.5266485810279846,1,fitzpatrick17k,fitz_966ee4e919b56e4275755f9ec9cfc676,medium,4,malignant
1,0.5614537000656128,1,fitzpatrick17k,fitz_a8d1b8f97efb9cebccd244b212d77f28,dark,5,malignant
1,0.6712564826011658,1,fitzpatrick17k,fitz_250e8552aca769e9e33e753f50423bda,light,1,malignant
1,0.4126723110675812,1,fitzpatrick17k,fitz_747739be8bd7bc8a2bfa9fd7abf2c2ab,medium,4,malignant
1,0.46399083733558655,1,fitzpatrick17k,fitz_34d86d197c94da16308113b2665ee004,light,1,malignant
0,0.36991938948631287,1,fitzpatrick17k,fitz_0f7677df2ecf265c1ae1737d75f2c552,medium,4,benign
0,0.5783625245094299,1,fitzpatrick17k,fitz_1ea3a50525669e266c9f09165c2807f4,medium,3,benign
1,0.5209354758262634,1,fitzpatrick17k,fitz_4695bfda5557fa0aaae6e81d4492e0a5,medium,3,malignant
0,0.6738568544387817,1,fitzpatrick17k,fitz_b0ba55ed5bc9eaa4ff35911a0d8d4ecc,medium,4,benign
0,0.5047271251678467,1,fitzpatrick17k,fitz_971093da60aa32fb757203a3f2b76d45,light,2,benign
1,0.7359974980354309,1,fitzpatrick17k,fitz_04ec9f7ab6dd2bde77c7f5178d705108,light,2,malignant
0,0.7386161088943481,1,fitzpatrick17k,fitz_d488137e7977288d23f2b3eaf415c5b1,light,1,benign
1,0.7899485230445862,1,fitzpatrick17k,fitz_ee71a2faae114b91878f7460a0ce9d6f,light,2,malignant
1,0.7317523956298828,1,fitzpatrick17k,fitz_76c6ff58a8babae647dcc37ea074939d,light,2,malignant
1,0.6158900260925293,1,fitzpatrick17k,fitz_b25ac7509e6fddb84e73f42029bc413b,dark,5,malignant
1,0.614183783531189,1,fitzpatrick17k,fitz_1899a650833c9dce36fe8d7da87b2755,medium,4,malignant
0,0.5299456715583801,1,fitzpatrick17k,fitz_9b2fe3b3de504d9bb0a092d87e09df30,medium,4,benign
1,0.6933383941650391,1,fitzpatrick17k,fitz_ff5fbdbf0d3221c3ba5628b50fc0aa41,medium,3,malignant
1,0.6225000619888306,1,fitzpatrick17k,fitz_46fce21d4875d0f6dbeeea088c809647,light,2,malignant
1,0.7574362754821777,1,fitzpatrick17k,fitz_14c1d65a2ad46d5efc6ad714224483ee,medium,3,malignant
1,0.666145920753479,1,fitzpatrick17k,fitz_89508c40baf2fe208ee49201f9eee41c,light,1,malignant
0,0.5523125529289246,1,fitzpatrick17k,fitz_1cec704fa6d717be0817b714681fb09f,medium,4,benign
0,0.5514881610870361,1,fitzpatrick17k,fitz_f23969dd796272131ecc65dd5d8cd499,light,2,benign
0,0.6154196262359619,1,fitzpatrick17k,fitz_104f094844042867d1f83accc940645c,medium,4,benign
1,0.659953236579895,1,fitzpatrick17k,fitz_9d6fc0774c68a7caec5d86148bcba524,medium,3,malignant
1,0.5125309228897095,1,fitzpatrick17k,fitz_0cbdf45e52b3137a785cc575e8b4bb53,medium,4,malignant
1,0.577222466468811,1,fitzpatrick17k,fitz_23b55a045c5f88159ce54f69df645c5f,medium,4,malignant
1,0.7482671141624451,1,fitzpatrick17k,fitz_59fed3f27ebb81c0be581f47a33d4e65,light,2,malignant
1,0.7414469718933105,1,fitzpatrick17k,fitz_a3b979dc226529d318f5dae79f5548fb,light,2,malignant
1,0.527898907661438,1,fitzpatrick17k,fitz_9796b293f46f9765176bb3740b130771,medium,4,malignant
0,0.6755414009094238,1,fitzpatrick17k,fitz_2d9ebe9cb6f414ec647c136fa3cab203,dark,5,benign
1,0.537421464920044,1,fitzpatrick17k,fitz_da967a336c8f7a8a8f0ee71ecc61a7cb,medium,4,malignant
1,0.4663372039794922,1,fitzpatrick17k,fitz_15ed87fbe8626bffb60e599d3aedb104,light,2,malignant
1,0.506688117980957,1,fitzpatrick17k,fitz_f6d7af6720e60c1c2e304e924c8fa766,light,2,malignant
1,0.47548601031303406,1,fitzpatrick17k,fitz_b3d94ddf1388ed3894ad18ea3fefc880,dark,5,malignant
1,0.8042863011360168,1,fitzpatrick17k,fitz_ff3f459d66759bdb973f4af8dd17a6f3,light,2,malignant
1,0.6206956505775452,1,fitzpatrick17k,fitz_e433c638effeb97a769362917b7827d0,light,2,malignant
1,0.4838330149650574,1,fitzpatrick17k,fitz_e2d0f7a666d346a7f149185b23a42483,medium,3,malignant
1,0.5190566182136536,1,fitzpatrick17k,fitz_80602e43414e592443aee9e67fcca5c7,medium,4,malignant
0,0.4747856557369232,1,fitzpatrick17k,fitz_457d826700dd1b23a848b1885d41bd67,medium,3,benign
1,0.47428855299949646,1,fitzpatrick17k,fitz_db6590971625b0e98971f449b4ed6ee7,medium,3,malignant
0,0.5254007577896118,1,fitzpatrick17k,fitz_d53296d308e53f866a173a0d21578a80,dark,5,benign
0,0.6065452098846436,1,fitzpatrick17k,fitz_0b41063e0936042b8d3f4f0ddd780e7f,dark,5,benign
1,0.5213759541511536,1,fitzpatrick17k,fitz_9ee17127331be5b1c1f2bdea846ee60f,light,2,malignant
1,0.6432980895042419,1,fitzpatrick17k,fitz_543017d891174b7fe9443a4dfa537410,medium,4,malignant
1,0.806033730506897,1,fitzpatrick17k,fitz_73850da74e36edc89fc7536763f22b4d,light,2,malignant
1,0.5810990929603577,1,fitzpatrick17k,fitz_1997f41adb38d92f1f3c60a0f75dbd11,medium,4,malignant
0,0.3592262864112854,1,fitzpatrick17k,fitz_23315f67b17b14d1b3c17ea6c157b258,light,2,benign
1,0.4395672380924225,1,fitzpatrick17k,fitz_30b3bb79b3d16b45ec095a91cd9c32ee,medium,4,malignant
1,0.7099631428718567,1,fitzpatrick17k,fitz_10cbd07a7f2e658a27f31eac2ae17269,medium,4,malignant
1,0.5146899819374084,1,fitzpatrick17k,fitz_c1fcf5b167a0bdcb3c1eba9ecab76ae7,medium,3,malignant
1,0.7834803462028503,1,fitzpatrick17k,fitz_d7c15764c5a698f47809c97f8836d442,light,2,malignant
1,0.7767993211746216,1,fitzpatrick17k,fitz_2bceb0364ef64fe3ef5236db2cfbe02a,medium,4,malignant
0,0.567510187625885,1,fitzpatrick17k,fitz_29818f25971da35c87e40384c78a653d,medium,3,benign
0,0.5326619148254395,1,fitzpatrick17k,fitz_9e04114cdc878efb72211714ec160c37,medium,4,benign
1,0.6585552096366882,1,fitzpatrick17k,fitz_cb9baa2c3e0255370714b9736e24d3a6,medium,4,malignant
0,0.6062194108963013,1,fitzpatrick17k,fitz_0747ac3f4dfd97b2d4e35d6b28014021,medium,3,benign
0,0.6948193311691284,1,fitzpatrick17k,fitz_62937c4f9dee8bb50d1f15dd5dbf7545,light,2,benign
1,0.6596092581748962,1,fitzpatrick17k,fitz_bbfdf1fe7e2faf6d7ccc9a50bfd5a40f,medium,4,malignant
1,0.7035155296325684,1,fitzpatrick17k,fitz_fb89d4fa5b5c3696f327d14ee041942c,medium,3,malignant
1,0.7787688970565796,1,fitzpatrick17k,fitz_08a95993fb93e265c4120e9ad88cc326,light,2,malignant
1,0.4940495193004608,1,fitzpatrick17k,fitz_b5fa137ead5d2d13313ff126e3e255c2,medium,4,malignant
1,0.45356321334838867,1,fitzpatrick17k,fitz_c558af11b54f8c7789a2a0b0bff1826f,medium,3,malignant
1,0.6727883219718933,1,fitzpatrick17k,fitz_67779d244d362f8c4f089a5b4d4fc989,medium,4,malignant
0,0.578577995300293,1,fitzpatrick17k,fitz_8eb074ec464733f3a583af942fee9a14,medium,4,benign
1,0.7480241656303406,1,fitzpatrick17k,fitz_218ea232ca4b0255a395886ee86cbada,medium,3,malignant
0,0.5708587169647217,1,fitzpatrick17k,fitz_5807f27e6324eb4884a8ede5aa1cc9ba,medium,3,benign
