y_true,y_prob,y_pred,source,image_id,dx,lesion_id
0,0.6495194435119629,1,ham10000,ISIC_0025346,nv,HAM_0000000
0,0.4377864897251129,1,ham10000,ISIC_0027859,bkl,HAM_0000001
1,0.555296003818512,1,ham10000,ISIC_0032622,mel,HAM_0000002
0,0.42506134510040283,1,ham10000,ISIC_0027886,nv,HAM_0000003
0,0.40606698393821716,1,ham10000,ISIC_0024645,nv,HAM_0000004
1,0.6057418584823608,1,ham10000,ISIC_0024579,akiec,HAM_0000005
1,0.5757579207420349,1,ham10000,ISIC_0032187,mel,HAM_0000006
0,0.36470621824264526,1,ham10000,ISIC_0033879,nv,HAM_0000007
0,0.23299285769462585,1,ham10000,ISIC_0029868,nv,HAM_0000008
1,0.7055209875106812,1,ham10000,ISIC_0026439,bcc,HAM_0000009
0,0.24081844091415405,1,ham10000,ISIC_0027730,nv,HAM_0000010
0,0.0680086761713028,0,ham10000,ISIC_0024678,nv,HAM_0000011
0,0.4394664764404297,1,ham10000,ISIC_0029348,nv,HAM_0000012
0,0.3439481258392334,1,ham10000,ISIC_0024655,nv,HAM_0000013
0,0.392608642578125,1,ham10000,ISIC_0025640,nv,HAM_0000014
0,0.38042718172073364,1,ham10000,ISIC_0031453,nv,HAM_0000015
0,0.34368959069252014,1,ham10000,ISIC_0029142,nv,HAM_0000016
0,0.08586571365594864,0,ham10000,ISIC_0025894,nv,HAM_0000017
0,0.40828657150268555,1,ham10000,ISIC_0032122,nv,HAM_0000018
0,0.4873999357223511,1,ham10000,ISIC_0025396,nv,HAM_0000019
1,0.46069979667663574,1,ham10000,ISIC_0031922,akiec,HAM_0000020
0,0.24186411499977112,1,ham10000,ISIC_0026773,nv,HAM_0000021
1,0.500567615032196,1,ham10000,ISIC_0031377,mel,HAM_0000022
0,0.1801382154226303,1,ham10000,ISIC_0026144,nv,HAM_0000023
0,0.513899028301239,1,ham10000,ISIC_0027141,df,HAM_0000024
0,0.6038233041763306,1,ham10000,ISIC_0024349,nv,HAM_0000025
0,0.05860753357410431,0,ham10000,ISIC_0029325,nv,HAM_0000026
0,0.12940335273742676,0,ham10000,ISIC_0030509,nv,HAM_0000027
0,0.16400375962257385,0,ham10000,ISIC_0026012,nv,HAM_0000028
0,0.29240965843200684,1,ham10000,ISIC_0026815,nv,HAM_0000029
0,0.201267272233963,1,ham10000,ISIC_0031383,nv,HAM_0000030
0,0.1392069160938263,0,ham10000,ISIC_0028177,nv,HAM_0000031
0,0.3747202754020691,1,ham10000,ISIC_0032291,nv,HAM_0000032
0,0.11514381319284439,0,ham10000,ISIC_0031861,nv,HAM_0000033
0,0.5348067283630371,1,ham10000,ISIC_0032411,nv,HAM_0000034
0,0.0862797275185585,0,ham10000,ISIC_0028039,nv,HAM_0000035
0,0.3043949604034424,1,ham10000,ISIC_0024812,nv,HAM_0000036
0,0.4065631628036499,1,ham10000,ISIC_0027391,nv,HAM_0000037
0,0.13870304822921753,0,ham10000,ISIC_0026057,nv,HAM_0000038
0,0.4155055284500122,1,ham10000,ISIC_0026103,nv,HAM_0000039
1,0.5235841870307922,1,ham10000,ISIC_0027190,mel,HAM_0000040
0,0.3167383074760437,1,ham10000,ISIC_0032211,nv,HAM_0000041
1,0.5805972814559937,1,ham10000,ISIC_0033905,mel,HAM_0000042
0,0.3459302484989166,1,ham10000,ISIC_0030152,nv,HAM_0000043
0,0.40786948800086975,1,ham10000,ISIC_0024798,nv,HAM_0000044
0,0.42169320583343506,1,ham10000,ISIC_0032126,nv,HAM_0000045
0,0.28479090332984924,1,ham10000,ISIC_0024631,nv,HAM_0000046
0,0.3803326487541199,1,ham10000,ISIC_0027810,nv,HAM_0000047
1,0.786482036113739,1,ham10000,ISIC_0032774,mel,HAM_0000048
0,0.5587378740310669,1,ham10000,ISIC_0029130,df,HAM_0000049
0,0.4818165898323059,1,ham10000,ISIC_0030095,bkl,HAM_0000050
0,0.4019784927368164,1,ham10000,ISIC_0026342,nv,HAM_0000051
0,0.1464487761259079,0,ham10000,ISIC_0029890,nv,HAM_0000052
0,0.3559110760688782,1,ham10000,ISIC_0030376,nv,HAM_0000053
0,0.6924663186073303,1,ham10000,ISIC_0025795,nv,HAM_0000054
1,0.5327900648117065,1,ham10000,ISIC_0033546,mel,HAM_0000055
0,0.365803986787796,1,ham10000,ISIC_0025725,nv,HAM_0000056
0,0.3696378171443939,1,ham10000,ISIC_0025122,nv,HAM_0000057
0,0.31916406750679016,1,ham10000,ISIC_0030302,nv,HAM_0000058
1,0.4910294711589813,1,ham10000,ISIC_0027033,mel,HAM_0000059
1,0.3015970289707184,1,ham10000,ISIC_0031406,mel,HAM_0000060
0,0.42295581102371216,1,ham10000,ISIC_0028417,nv,HAM_0000061
1,0.43060097098350525,1,ham10000,ISIC_0028878,mel,HAM_0000062
0,0.2877822518348694,1,ham10000,ISIC_0031306,nv,HAM_0000063
1,0.3922518491744995,1,ham10000,ISIC_0032603,mel,HAM_0000064
1,0.9999879598617554,1,ham10000,ISIC_0025691,bcc,HAM_0000065
0,0.26555392146110535,1,ham10000,ISIC_0025014,nv,HAM_0000066
0,0.680854320526123,1,ham10000,ISIC_0034017,nv,HAM_0000067
0,0.8484647274017334,1,ham10000,ISIC_0029045,nv,HAM_0000068
0,0.5558174252510071,1,ham10000,ISIC_0030226,bkl,HAM_0000069
0,0.5540506839752197,1,ham10000,ISIC_0027933,nv,HAM_0000070
0,0.17267273366451263,0,ham10000,ISIC_0029299,nv,HAM_0000071
0,0.5490842461585999,1,ham10000,ISIC_0028461,nv,HAM_0000072
0,0.556492269039154,1,ham10000,ISIC_0029470,nv,HAM_0000073
0,0.2917044758796692,1,ham10000,ISIC_0024939,nv,HAM_0000074
1,0.6331495642662048,1,ham10000,ISIC_0025651,mel,HAM_0000075
0,0.2690519690513611,1,ham10000,ISIC_0028605,nv,HAM_0000076
0,0.3497231602668762,1,ham10000,ISIC_0030851,nv,HAM_0000077
0,0.32751673460006714,1,ham10000,ISIC_0030853,nv,HAM_0000078
1,0.5240950584411621,1,ham10000,ISIC_0033424,mel,HAM_0000079
0,0.6270033121109009,1,ham10000,ISIC_0033528,bkl,HAM_0000080
0,0.21034716069698334,1,ham10000,ISIC_0028072,nv,HAM_0000081
1,0.643481433391571,1,ham10000,ISIC_0031698,bcc,HAM_0000082
0,0.5129060745239258,1,ham10000,ISIC_0028622,bkl,HAM_0000083
0,0.28936466574668884,1,ham10000,ISIC_0028036,nv,HAM_0000084
0,0.20235906541347504,1,ham10000,ISIC_0028421,nv,HAM_0000085
0,0.35284653306007385,1,ham10000,ISIC_0028081,nv,HAM_0000086
0,0.6001880168914795,1,ham10000,ISIC_0033709,bkl,HAM_0000087
0,0.39506760239601135,1,ham10000,ISIC_0027131,nv,HAM_0000088
0,0.4453485310077667,1,ham10000,ISIC_0026783,bkl,HAM_0000089
0,0.43648794293403625,1,ham10000,ISIC_0032330,bkl,HAM_0000090
0,0.34275445342063904,1,ham10000,ISIC_0025737,nv,HAM_0000091
1,0.44696423411369324,1,ham10000,ISIC_0028964,bcc,HAM_0000092
0,0.6887171268463135,1,ham10000,ISIC_0030845,nv,HAM_0000093
0,0.23451019823551178,1,ham10000,ISIC_0026233,nv,HAM_0000094
1,0.4929514527320862,1,ham10000,ISIC_0033186,mel,HAM_0000095
0,0.23646076023578644,1,ham10000,ISIC_0029071,nv,HAM_0000096
1,0.5394407510757446,1,ham10000,ISIC_0033103,mel,HAM_0000097
0,0.34280574321746826,1,ham10000,ISIC_0029716,nv,HAM_0000098
1,0.4718129634857178,1,ham10000,ISIC_0027769,mel,HAM_0000099
0,0.28598055243492126,1,ham10000,ISIC_0024914,nv,HAM_0000100
0,0.24392953515052795,1,ham10000,ISIC_0032100,nv,HAM_0000101
0,0.42963510751724243,1,ham10000,ISIC_0031547,nv,HAM_0000102
0,0.062371235340833664,0,ham10000,ISIC_0032041,nv,HAM_0000103
0,0.47515925765037537,1,ham10000,ISIC_0031913,nv,HAM_0000104
0,0.412867933511734,1,ham10000,ISIC_0031362,bkl,HAM_0000105
0,0.49262484908103943,1,ham10000,ISIC_0024770,bkl,HAM_0000106
1,0.6812282800674438,1,ham10000,ISIC_0033299,mel,HAM_0000107
0,0.27201011776924133,1,ham10000,ISIC_0027630,nv,HAM_0000108
0,0.13339555263519287,0,ham10000,ISIC_0031065,vasc,HAM_0000109
0,0.4528452157974243,1,ham10000,ISIC_0025703,bkl,HAM_0000110
0,0.19092902541160583,1,ham10000,ISIC_0024742,nv,HAM_0000111
0,0.47274091839790344,1,ham10000,ISIC_0033465,bkl,HAM_0000112
0,0.5150677561759949,1,ham10000,ISIC_0027989,bkl,HAM_0000113
0,0.9468245506286621,1,ham10000,ISIC_0028607,bkl,HAM_0000114
0,0.4304351508617401,1,ham10000,ISIC_0030745,nv,HAM_0000115
0,0.18842875957489014,1,ham10000,ISIC_0031688,nv,HAM_0000116
0,0.23161862790584564,1,ham10000,ISIC_0028005,nv,HAM_0000117
0,0.5614756345748901,1,ham10000,ISIC_0025030,bkl,HAM_0000118
1,0.7584446668624878,1,ham10000,ISIC_0033310,mel,HAM_0000119
0,0.05063143000006676,0,ham10000,ISIC_0030904,nv,HAM_0000120
0,0.34502172470092773,1,ham10000,ISIC_0027025,bkl,HAM_0000121
0,0.5301678776741028,1,ham10000,ISIC_0028354,bkl,HAM_0000122
0,0.29648855328559875,1,ham10000,ISIC_0032293,nv,HAM_0000123
0,0.3677336871623993,1,ham10000,ISIC_0025091,nv,HAM_0000124
1,0.6523808836936951,1,ham10000,ISIC_0027964,mel,HAM_0000125
0,0.34606680274009705,1,ham10000,ISIC_0025354,nv,HAM_0000126
0,0.3096955120563507,1,ham10000,ISIC_0031375,nv,HAM_0000127
0,0.390841007232666,1,ham10000,ISIC_0024968,nv,HAM_0000128
0,0.38580572605133057,1,ham10000,ISIC_0027486,nv,HAM_0000129
0,0.1920027732849121,1,ham10000,ISIC_0025727,nv,HAM_0000130
0,0.28941109776496887,1,ham10000,ISIC_0030769,nv,HAM_0000131
0,0.5512699484825134,1,ham10000,ISIC_0032453,nv,HAM_0000132
1,0.5198534727096558,1,ham10000,ISIC_0028548,mel,HAM_0000133
0,0.14901773631572723,0,ham10000,ISIC_0029064,nv,HAM_0000134
0,0.44426229596138,1,ham10000,ISIC_0030362,nv,HAM_0000135
1,0.31638196110725403,1,ham10000,ISIC_0028065,mel,HAM_0000136
0,0.05597938224673271,0,ham10000,ISIC_0027460,nv,HAM_0000137
0,0.3523217737674713,1,ham10000,ISIC_0028780,nv,HAM_0000138
0,0.47415509819984436,1,ham10000,ISIC_0027909,nv,HAM_0000139
0,0.5349755883216858,1,ham10000,ISIC_0030074,nv,HAM_0000140
0,0.11204801499843597,0,ham10000,ISIC_0030477,nv,HAM_0000141
0,0.09179696440696716,0,ham10000,ISIC_0028501,nv,HAM_0000142
0,0.6351876854896545,1,ham10000,ISIC_0027751,nv,HAM_0000143
0,0.4508011043071747,1,ham10000,ISIC_0027558,nv,HAM_0000144
0,0.3679787218570709,1,ham10000,ISIC_0026807,nv,HAM_0000145
0,0.5807279944419861,1,ham10000,ISIC_0027667,nv,HAM_0000146
0,0.07624576985836029,0,ham10000,ISIC_0024993,nv,HAM_0000147
0,0.10782726854085922,0,ham10000,ISIC_0028768,nv,HAM_0000148
0,0.49124109745025635,1,ham10000,ISIC_0025113,bkl,HAM_0000149
0,0.37536975741386414,1,ham10000,ISIC_0024343,nv,HAM_0000150
0,0.19738315045833588,1,ham10000,ISIC_0029350,nv,HAM_0000151
1,0.6761969923973083,1,ham10000,ISIC_0032244,mel,HAM_0000152
1,0.5256026387214661,1,ham10000,ISIC_0031007,bcc,HAM_0000153
0,0.20043934881687164,1,ham10000,ISIC_0025930,nv,HAM_0000154
0,0.3613167405128479,1,ham10000,ISIC_0032390,nv,HAM_0000155
0,0.164714977145195,0,ham10000,ISIC_0025643,nv,HAM_0000156
0,0.36148619651794434,1,ham10000,ISIC_0032392,nv,HAM_0000157
0,0.26037436723709106,1,ham10000,ISIC_0025082,nv,HAM_0000158
0,0.2816541790962219,1,ham10000,ISIC_0024540,nv,HAM_0000159
0,0.5590068697929382,1,ham10000,ISIC_0027611,nv,HAM_0000160
0,0.4266030490398407,1,ham10000,ISIC_0031820,nv,HAM_0000161
0,0.22476603090763092,1,ham10000,ISIC_0026609,nv,HAM_0000162
0,0.45742183923721313,1,ham10000,ISIC_0025534,nv,HAM_0000163
0,0.606939971446991,1,ham10000,ISIC_0026273,bkl,HAM_0000164
0,0.5946069359779358,1,ham10000,ISIC_0033833,nv,HAM_0000165
0,0.29712775349617004,1,ham10000,ISIC_0028954,nv,HAM_0000166
0,0.6222401261329651,1,ham10000,ISIC_0029431,nv,HAM_0000167
0,0.3669012188911438,1,ham10000,ISIC_0031353,nv,HAM_0000168
1,0.4533046782016754,1,ham10000,ISIC_0032960,mel,HAM_0000169
0,0.5345484018325806,1,ham10000,ISIC_0029918,nv,HAM_0000170
0,0.08546093106269836,0,ham10000,ISIC_0027660,nv,HAM_0000171
0,0.32205143570899963,1,ham10000,ISIC_0027182,nv,HAM_0000172
0,0.24467486143112183,1,ham10000,ISIC_0025026,nv,HAM_0000173
0,0.5034440755844116,1,ham10000,ISIC_0031091,nv,HAM_0000174
0,0.07874459028244019,0,ham10000,ISIC_0028356,nv,HAM_0000175
1,0.8247823715209961,1,ham10000,ISIC_0032862,mel,HAM_0000176
0,0.43599480390548706,1,ham10000,ISIC_0025820,nv,HAM_0000177
0,0.5706081390380859,1,ham10000,ISIC_0031397,nv,HAM_0000178
1,0.6970255970954895,1,ham10000,ISIC_0032550,mel,HAM_0000179
0,0.2335221767425537,1,ham10000,ISIC_0029086,nv,HAM_0000180
0,0.4294424057006836,1,ham10000,ISIC_0033543,nv,HAM_0000181
0,0.4752776026725769,1,ham10000,ISIC_0025096,nv,HAM_0000182
0,0.36174729466438293,1,ham10000,ISIC_0027764,nv,HAM_0000183
0,0.3071840703487396,1,ham10000,ISIC_0027412,nv,HAM_0000184
0,0.32225802540779114,1,ham10000,ISIC_0027906,nv,HAM_0000185
0,0.46370089054107666,1,ham10000,ISIC_0029080,bkl,HAM_0000186
0,0.36721906065940857,1,ham10000,ISIC_0026260,nv,HAM_0000187
0,0.556662380695343,1,ham10000,ISIC_0027020,nv,HAM_0000188
1,0.6276817917823792,1,ham10000,ISIC_0024504,bcc,HAM_0000189
0,0.3348357081413269,1,ham10000,ISIC_0031946,nv,HAM_0000190
0,0.21628206968307495,1,ham10000,ISIC_0030206,nv,HAM_0000191
0,0.38015854358673096,1,ham10000,ISIC_0025595,nv,HAM_0000192
1,0.42112377285957336,1,ham10000,ISIC_0027950,akiec,HAM_0000193
0,0.3072156012058258,1,ham10000,ISIC_0030456,nv,HAM_0000194
1,0.751477062702179,1,ham10000,ISIC_0028495,bcc,HAM_0000195
0,0.2383900135755539,1,ham10000,ISIC_0032377,nv,HAM_0000196
0,0.2733655571937561,1,ham10000,ISIC_0024889,nv,HAM_0000197
0,0.48593541979789734,1,ham10000,ISIC_0026923,bkl,HAM_0000198
0,0.27583593130111694,1,ham10000,ISIC_0026127,nv,HAM_0000199
0,0.3610915243625641,1,ham10000,ISIC_0028213,nv,HAM_0000200
1,0.5037683844566345,1,ham10000,ISIC_0031408,mel,HAM_0000201
0,0.4541749656200409,1,ham10000,ISIC_0027219,bkl,HAM_0000202
0,0.15521375834941864,0,ham10000,ISIC_0024738,nv,HAM_0000203
0,0.55218106508255,1,ham10000,ISIC_0026825,nv,HAM_0000204
0,0.3679196834564209,1,ham10000,ISIC_0029471,nv,HAM_0000205
1,0.6300808787345886,1,ham10000,ISIC_0033431,mel,HAM_0000206
0,0.5283801555633545,1,ham10000,ISIC_0027451,bkl,HAM_0000207
0,0.463775098323822,1,ham10000,ISIC_0032681,bkl,HAM_0000208
0,0.2764141261577606,1,ham10000,ISIC_0024776,nv,HAM_0000209
1,0.7529933452606201,1,ham10000,ISIC_0024624,mel,HAM_0000210
0,0.5843124985694885,1,ham10000,ISIC_0029482,nv,HAM_0000211
1,0.5035649538040161,1,ham10000,ISIC_0028871,bcc,HAM_0000212
0,0.337973028421402,1,ham10000,ISIC_0029167,nv,HAM_0000213
0,0.5387924313545227,1,ham10000,ISIC_0033364,nv,HAM_0000214
0,0.4659554064273834,1,ham10000,ISIC_0025484,bkl,HAM_0000215
0,0.38851502537727356,1,ham10000,ISIC_0033936,nv,HAM_0000216
0,0.4172998368740082,1,ham10000,ISIC_0029881,nv,HAM_0000217
0,0.3536379635334015,1,ham10000,ISIC_0025552,nv,HAM_0000218
0,0.1649845540523529,0,ham10000,ISIC_0030550,nv,HAM_0000219
1,0.479681134223938,1,ham10000,ISIC_0030360,mel,HAM_0000220
0,0.10986203700304031,0,ham10000,ISIC_0026344,nv,HAM_0000221
0,0.5459791421890259,1,ham10000,ISIC_0027658,nv,HAM_0000222
0,0.401885062456131,1,ham10000,ISIC_0027968,nv,HAM_0000223
0,0.1558990329504013,0,ham10000,ISIC_0024542,nv,HAM_0000224
0,0.3951832354068756,1,ham10000,ISIC_0029645,nv,HAM_0000225
0,0.6608432531356812,1,ham10000,ISIC_0024854,nv,HAM_0000226
0,0.23633037507534027,1,ham10000,ISIC_0032201,nv,HAM_0000227
0,0.05818583443760872,0,ham10000,ISIC_0025146,nv,HAM_0000228
0,0.5302065014839172,1,ham10000,ISIC_0030086,nv,HAM_0000229
0,0.18497797846794128,1,ham10000,ISIC_0029720,nv,HAM_0000230
0,0.5463315844535828,1,ham10000,ISIC_0024608,nv,HAM_0000231
0,0.2943226099014282,1,ham10000,ISIC_0029950,nv,HAM_0000232
1,0.22273093461990356,1,ham10000,ISIC_0026314,mel,HAM_0000233
0,0.32364392280578613,1,ham10000,ISIC_0032431,nv,HAM_0000234
0,0.3288382589817047,1,ham10000,ISIC_0025910,nv,HAM_0000235
0,0.648743748664856,1,ham10000,ISIC_0024592,bkl,HAM_0000236
0,0.48199132084846497,1,ham10000,ISIC_0027893,bkl,HAM_0000237
0,0.4879658818244934,1,ham10000,ISIC_0024910,bkl,HAM_0000238
1,0.4261389374732971,1,ham10000,ISIC_0032854,akiec,HAM_0000239
0,0.19295571744441986,1,ham10000,ISIC_0028552,nv,HAM_0000240
1,0.48461487889289856,1,ham10000,ISIC_0030932,mel,HAM_0000241
0,0.18256236612796783,1,ham10000,ISIC_0028273,nv,HAM_0000242
0,0.4648481011390686,1,ham10000,ISIC_0024445,bkl,HAM_0000243
0,0.14910447597503662,0,ham10000,ISIC_0029057,nv,HAM_0000244
0,0.49067744612693787,1,ham10000,ISIC_0027454,bkl,HAM_0000245
0,0.24045570194721222,1,ham10000,ISIC_0027079,nv,HAM_0000246
1,0.6345575451850891,1,ham10000,ISIC_0025132,mel,HAM_0000247
0,0.3098185062408447,1,ham10000,ISIC_0024667,nv,HAM_0000248
0,0.3345526456832886,1,ham10000,ISIC_0027847,nv,HAM_0000249
0,0.13352158665657043,0,ham10000,ISIC_0026838,nv,HAM_0000250
0,0.21727611124515533,1,ham10000,ISIC_0025404,nv,HAM_0000251
0,0.41295936703681946,1,ham10000,ISIC_0024953,nv,HAM_0000252
0,0.3162502348423004,1,ham10000,ISIC_0030012,nv,HAM_0000253
0,0.22644145786762238,1,ham10000,ISIC_0026939,nv,HAM_0000254
0,0.3064762353897095,1,ham10000,ISIC_0031786,nv,HAM_0000255
0,0.3846820592880249,1,ham10000,ISIC_0029347,nv,HAM_0000256
0,0.31458187103271484,1,ham10000,ISIC_0030531,nv,HAM_0000257
0,0.21699166297912598,1,ham10000,ISIC_0030909,nv,HAM_0000258
0,0.6837185621261597,1,ham10000,ISIC_0024477,bkl,HAM_0000259
0,0.2091997265815735,1,ham10000,ISIC_0026436,nv,HAM_0000260
0,0.603559136390686,1,ham10000,ISIC_0026743,nv,HAM_0000261
0,0.5492620468139648,1,ham10000,ISIC_0030326,nv,HAM_0000262
1,0.6675362586975098,1,ham10000,ISIC_0033001,bcc,HAM_0000263
0,0.3163219392299652,1,ham10000,ISIC_0027074,nv,HAM_0000264
0,0.4777204096317291,1,ham10000,ISIC_0027283,nv,HAM_0000265
0,0.32344910502433777,1,ham10000,ISIC_0024933,nv,HAM_0000266
0,0.494089275598526,1,ham10000,ISIC_0026809,nv,HAM_0000267
0,0.48793819546699524,1,ham10000,ISIC_0025160,nv,HAM_0000268
0,0.2620590627193451,1,ham10000,ISIC_0029354,nv,HAM_0000269
0,0.2808490991592407,1,ham10000,ISIC_0031167,nv,HAM_0000270
0,0.11997178941965103,0,ham10000,ISIC_0026408,nv,HAM_0000271
0,0.6130843162536621,1,ham10000,ISIC_0026370,nv,HAM_0000272
0,0.5792852640151978,1,ham10000,ISIC_0025106,nv,HAM_0000273
1,0.5493790507316589,1,ham10000,ISIC_0031479,mel,HAM_0000274
0,0.39840376377105713,1,ham10000,ISIC_0028645,nv,HAM_0000275
0,0.3685723543167114,1,ham10000,ISIC_0029864,nv,HAM_0000276
0,0.26058995723724365,1,ham10000,ISIC_0029182,nv,HAM_0000277
0,0.2571530342102051,1,ham10000,ISIC_0024484,nv,HAM_0000278
0,0.5343984961509705,1,ham10000,ISIC_0028429,nv,HAM_0000279
0,0.1911170929670334,1,ham10000,ISIC_0032326,nv,HAM_0000280
0,0.36219698190689087,1,ham10000,ISIC_0030577,nv,HAM_0000281
1,0.6661091446876526,1,ham10000,ISIC_0027155,mel,HAM_0000282
0,0.26215800642967224,1,ham10000,ISIC_0025159,nv,HAM_0000283
0,0.34002217650413513,1,ham10000,ISIC_0025225,nv,HAM_0000284
0,0.2649407386779785,1,ham10000,ISIC_0026925,nv,HAM_0000285
0,0.26671209931373596,1,ham10000,ISIC_0029099,vasc,HAM_0000286
0,0.4897262454032898,1,ham10000,ISIC_0027203,nv,HAM_0000287
0,0.48978227376937866,1,ham10000,ISIC_0027062,nv,HAM_0000288
0,0.3444514870643616,1,ham10000,ISIC_0032226,nv,HAM_0000289
0,0.42140695452690125,1,ham10000,ISIC_0024526,nv,HAM_0000290
0,0.4833405911922455,1,ham10000,ISIC_0028263,nv,HAM_0000291
0,0.2232379913330078,1,ham10000,ISIC_0031445,nv,HAM_0000292
0,0.28548720479011536,1,ham10000,ISIC_0030154,nv,HAM_0000293
0,0.42403721809387207,1,ham10000,ISIC_0032664,nv,HAM_0000294
0,0.3762792944908142,1,ham10000,ISIC_0028590,nv,HAM_0000295
0,0.4232202470302582,1,ham10000,ISIC_0031761,bkl,HAM_0000296
0,0.21775515377521515,1,ham10000,ISIC_0029424,nv,HAM_0000297
0,0.38659238815307617,1,ham10000,ISIC_0029051,bkl,HAM_0000298
0,0.4865643084049225,1,ham10000,ISIC_0024471,bkl,HAM_0000299
0,0.27115458250045776,1,ham10000,ISIC_0030725,nv,HAM_0000300
0,0.2278270423412323,1,ham10000,ISIC_0026112,nv,HAM_0000301
0,0.6156917810440063,1,ham10000,ISIC_0025942,nv,HAM_0000302
0,0.10238123685121536,0,ham10000,ISIC_0026476,nv,HAM_0000303
0,0.19455522298812866,1,ham10000,ISIC_0033276,nv,HAM_0000304
0,0.39887678623199463,1,ham10000,ISIC_0030815,nv,HAM_0000305
0,0.2415950447320938,1,ham10000,ISIC_0029253,nv,HAM_0000306
0,0.36540669202804565,1,ham10000,ISIC_0027011,nv,HAM_0000307
0,0.48956766724586487,1,ham10000,ISIC_0025136,bkl,HAM_0000308
0,0.6348562240600586,1,ham10000,ISIC_0034142,bkl,HAM_0000309
0,0.2069999873638153,1,ham10000,ISIC_0032386,nv,HAM_0000310
0,0.4351990520954132,1,ham10000,ISIC_0028205,nv,HAM_0000311
0,0.5477517247200012,1,ham10000,ISIC_0029654,nv,HAM_0000312
0,0.6158837080001831,1,ham10000,ISIC_0033100,nv,HAM_0000313
0,0.19162914156913757,1,ham10000,ISIC_0024621,nv,HAM_0000314
0,0.38363078236579895,1,ham10000,ISIC_0027474,nv,HAM_0000315
0,0.2934260368347168,1,ham10000,ISIC_0033339,nv,HAM_0000316
0,0.19734816253185272,1,ham10000,ISIC_0030984,nv,HAM_0000317
0,0.39771130681037903,1,ham10000,ISIC_0028750,bkl,HAM_0000318
1,0.398099809885025,1,ham10000,ISIC_0029209,mel,HAM_0000319
1,0.6319171786308289,1,ham10000,ISIC_0026916,mel,HAM_0000320
1,0.6877468228340149,1,ham10000,ISIC_0032564,mel,HAM_0000321
1,0.5893078446388245,1,ham10000,ISIC_0033473,mel,HAM_0000322
0,0.22307075560092926,1,ham10000,ISIC_0027170,nv,HAM_0000323
0,0.7300188541412354,1,ham10000,ISIC_0028528,nv,HAM_0000324
0,0.3616604804992676,1,ham10000,ISIC_0029832,nv,HAM_0000325
0,0.4950539469718933,1,ham10000,ISIC_0028353,nv,HAM_0000326
0,0.5018613338470459,1,ham10000,ISIC_0026682,nv,HAM_0000327
0,0.259372353553772,1,ham10000,ISIC_0025482,nv,HAM_0000328
0,0.35727858543395996,1,ham10000,ISIC_0031185,nv,HAM_0000329
1,0.7224705815315247,1,ham10000,ISIC_0030824,mel,HAM_0000330
0,0.34844619035720825,1,ham10000,ISIC_0026944,nv,HAM_0000331
0,0.5465359687805176,1,ham10000,ISIC_0033307,bkl,HAM_0000332
0,0.05378219485282898,0,ham10000,ISIC_0029098,nv,HAM_0000333
0,0.3737412393093109,1,ham10000,ISIC_0026860,nv,HAM_0000334
0,0.41197916865348816,1,ham10000,ISIC_0032021,nv,HAM_0000335
0,0.5143377780914307,1,ham10000,ISIC_0028859,nv,HAM_0000336
1,0.42344123125076294,1,ham10000,ISIC_0026081,mel,HAM_0000337
0,0.41406896710395813,1,ham10000,ISIC_0028631,nv,HAM_0000338
0,0.3752542734146118,1,ham10000,ISIC_0025044,nv,HAM_0000339
0,0.26900187134742737,1,ham10000,ISIC_0026397,nv,HAM_0000340
0,0.15192417800426483,0,ham10000,ISIC_0031634,nv,HAM_0000341
0,0.5566189885139465,1,ham10000,ISIC_0027226,nv,HAM_0000342
0,0.20478513836860657,1,ham10000,ISIC_0027824,nv,HAM_0000343
0,0.5655820369720459,1,ham10000,ISIC_0032972,bkl,HAM_0000344
0,0.33522507548332214,1,ham10000,ISIC_0031361,nv,HAM_0000345
0,0.32977285981178284,1,ham10000,ISIC_0027518,nv,HAM_0000346
0,0.552978515625,1,ham10000,ISIC_0029665,nv,HAM_0000347
0,0.3538192808628082,1,ham10000,ISIC_0028290,nv,HAM_0000348
0,0.7728636264801025,1,ham10000,ISIC_0033005,df,HAM_0000349
0,0.17515605688095093,1,ham10000,ISIC_0030921,nv,HAM_0000350
0,0.6159176230430603,1,ham10000,ISIC_0024324,bkl,HAM_0000351
1,0.5808170437812805,1,ham10000,ISIC_0031225,bcc,HAM_0000352
0,0.3416562080383301,1,ham10000,ISIC_0032157,nv,HAM_0000353
0,0.37269285321235657,1,ham10000,ISIC_0027348,nv,HAM_0000354
0,0.4044908583164215,1,ham10000,ISIC_0027842,nv,HAM_0000355
1,0.5191177725791931,1,ham10000,ISIC_0026171,akiec,HAM_0000356
0,0.27551186084747314,1,ham10000,ISIC_0025134,nv,HAM_0000357
1,0.5013499855995178,1,ham10000,ISIC_0026976,mel,HAM_0000358
0,0.28862738609313965,1,ham10000,ISIC_0025701,nv,HAM_0000359
0,0.24049979448318481,1,ham10000,ISIC_0025854,nv,HAM_0000360
1,0.2101711481809616,1,ham10000,ISIC_0032199,akiec,HAM_0000361
0,0.481473445892334,1,ham10000,ISIC_0026043,nv,HAM_0000362
0,0.5638885498046875,1,ham10000,ISIC_0027617,nv,HAM_0000363
0,0.44887104630470276,1,ham10000,ISIC_0024505,bkl,HAM_0000364
0,0.22379422187805176,1,ham10000,ISIC_0026534,nv,HAM_0000365
0,0.5251644253730774,1,ham10000,ISIC_0027147,nv,HAM_0000366
0,0.19949106872081757,1,ham10000,ISIC_0025462,nv,HAM_0000367
0,0.18806138634681702,1,ham10000,ISIC_0027111,nv,HAM_0000368
0,0.14421634376049042,0,ham10000,ISIC_0029400,nv,HAM_0000369
0,0.30407047271728516,1,ham10000,ISIC_0025998,nv,HAM_0000370
0,0.18735000491142273,1,ham10000,ISIC_0025395,nv,HAM_0000371
0,0.5424423813819885,1,ham10000,ISIC_0033685,bkl,HAM_0000372
1,0.6302225589752197,1,ham10000,ISIC_0024806,mel,HAM_0000373
0,0.40333127975463867,1,ham10000,ISIC_0026111,nv,HAM_0000374
1,0.4594120681285858,1,ham10000,ISIC_0030238,mel,HAM_0000375
0,0.5940967798233032,1,ham10000,ISIC_0025173,nv,HAM_0000376
0,0.2971454858779907,1,ham10000,ISIC_0025201,nv,HAM_0000377
0,0.6539823412895203,1,ham10000,ISIC_0031973,nv,HAM_0000378
0,0.29772746562957764,1,ham10000,ISIC_0029980,nv,HAM_0000379
0,0.7142848968505859,1,ham10000,ISIC_0024344,nv,HAM_0000380
0,0.3462800681591034,1,ham10000,ISIC_0030148,nv,HAM_0000381
0,0.4465344548225403,1,ham10000,ISIC_0031897,bkl,HAM_0000382
0,0.5181272029876709,1,ham10000,ISIC_0024612,bkl,HAM_0000383
0,0.21178719401359558,1,ham10000,ISIC_0030506,nv,HAM_0000384
0,0.3344942331314087,1,ham10000,ISIC_0024611,nv,HAM_0000385
0,0.574811577796936,1,ham10000,ISIC_0026787,bkl,HAM_0000386
0,0.1992117464542389,1,ham10000,ISIC_0031826,nv,HAM_0000387
1,0.6664350032806396,1,ham10000,ISIC_0032544,mel,HAM_0000388
0,0.1500282734632492,0,ham10000,ISIC_0029754,nv,HAM_0000389
0,0.046817488968372345,0,ham10000,ISIC_0026756,nv,HAM_0000390
0,0.5809187293052673,1,ham10000,ISIC_0025683,nv,HAM_0000391
1,0.6537014245986938,1,ham10000,ISIC_0033440,mel,HAM_0000392
1,0.7706983685493469,1,ham10000,ISIC_0027865,bcc,HAM_0000393
1,0.5832653641700745,1,ham10000,ISIC_0033579,bcc,HAM_0000394
0,0.42579415440559387,1,ham10000,ISIC_0025421,nv,HAM_0000395
1,0.4695548713207245,1,ham10000,ISIC_0028481,mel,HAM_0000396
0,0.440716952085495,1,ham10000,ISIC_0024538,nv,HAM_0000397
0,0.5131995677947998,1,ham10000,ISIC_0027064,bkl,HAM_0000398
0,0.19811315834522247,1,ham10000,ISIC_0027599,nv,HAM_0000399
0,0.36451637744903564,1,ham10000,ISIC_0031414,nv,HAM_0000400
0,0.24129554629325867,1,ham10000,ISIC_0031135,nv,HAM_0000401
0,0.27688688039779663,1,ham10000,ISIC_0032612,nv,HAM_0000402
0,0.2550401985645294,1,ham10000,ISIC_0024874,nv,HAM_0000403
0,0.2084207683801651,1,ham10000,ISIC_0031241,nv,HAM_0000404
0,0.17394031584262848,0,ham10000,ISIC_0027225,nv,HAM_0000405
0,0.9885116815567017,1,ham10000,ISIC_0030890,nv,HAM_0000406
0,0.5237277150154114,1,ham10000,ISIC_0032771,nv,HAM_0000407
0,0.360299676656723,1,ham10000,ISIC_0027000,nv,HAM_0000408
0,0.3837563693523407,1,ham10000,ISIC_0025829,nv,HAM_0000409
0,0.4559515714645386,1,ham10000,ISIC_0031796,nv,HAM_0000410
0,0.34203392267227173,1,ham10000,ISIC_0031283,nv,HAM_0000411
0,0.4118107855319977,1,ham10000,ISIC_0032706,nv,HAM_0000412
0,0.34023579955101013,1,ham10000,ISIC_0024589,nv,HAM_0000413
0,0.3092346787452698,1,ham10000,ISIC_0032451,nv,HAM_0000414
0,0.07994838804006577,0,ham10000,ISIC_0025680,vasc,HAM_0000415
0,0.34749704599380493,1,ham10000,ISIC_0028162,nv,HAM_0000416
1,0.5540478229522705,1,ham10000,ISIC_0025783,mel,HAM_0000417
0,0.5780019164085388,1,ham10000,ISIC_0029339,nv,HAM_0000418
0,0.3092568814754486,1,ham10000,ISIC_0027741,nv,HAM_0000419
0,0.06126471608877182,0,ham10000,ISIC_0026864,nv,HAM_0000420
0,0.4103145897388458,1,ham10000,ISIC_0034080,nv,HAM_0000421
0,0.24753673374652863,1,ham10000,ISIC_0027664,nv,HAM_0000422
1,0.5895798206329346,1,ham10000,ISIC_0033813,mel,HAM_0000423
0,0.4190671443939209,1,ham10000,ISIC_0031328,nv,HAM_0000424
0,0.40843284130096436,1,ham10000,ISIC_0024839,bkl,HAM_0000425
0,0.09898349642753601,0,ham10000,ISIC_0028182,nv,HAM_0000426
0,0.2409188151359558,1,ham10000,ISIC_0025444,nv,HAM_0000427
0,0.2684144079685211,1,ham10000,ISIC_0027936,nv,HAM_0000428
0,0.1131969764828682,0,ham10000,ISIC_0026562,nv,HAM_0000429
0,0.09649103879928589,0,ham10000,ISIC_0032477,nv,HAM_0000430
0,0.5103205442428589,1,ham10000,ISIC_0026067,nv,HAM_0000431
0,0.5162939429283142,1,ham10000,ISIC_0033822,nv,HAM_0000432
1,0.47059816122055054,1,ham10000,ISIC_0025472,mel,HAM_0000433
0,0.48143333196640015,1,ham10000,ISIC_0031635,nv,HAM_0000434
0,0.3491298258304596,1,ham10000,ISIC_0026620,nv,HAM_0000435
0,0.45535311102867126,1,ham10000,ISIC_0026547,nv,HAM_0000436
0,0.5090091228485107,1,ham10000,ISIC_0027731,nv,HAM_0000437
0,0.21697649359703064,1,ham10000,ISIC_0025532,nv,HAM_0000438
0,0.24288593232631683,1,ham10000,ISIC_0033729,nv,HAM_0000439
0,0.15463615953922272,0,ham10000,ISIC_0027972,nv,HAM_0000440
0,0.3195970058441162,1,ham10000,ISIC_0030316,bkl,HAM_0000441
1,0.4645076096057892,1,ham10000,ISIC_0031565,mel,HAM_0000442
0,0.4323429763317108,1,ham10000,ISIC_0034271,nv,HAM_0000443
0,0.3733982443809509,1,ham10000,ISIC_0029118,nv,HAM_0000444
0,0.13642455637454987,0,ham10000,ISIC_0032010,nv,HAM_0000445
0,0.3628295660018921,1,ham10000,ISIC_0025613,nv,HAM_0000446
0,0.40797513723373413,1,ham10000,ISIC_0024817,nv,HAM_0000447
0,0.5457245111465454,1,ham10000,ISIC_0025100,nv,HAM_0000448
0,0.4993862807750702,1,ham10000,ISIC_0028327,nv,HAM_0000449
0,0.4061698019504547,1,ham10000,ISIC_0025059,nv,HAM_0000450
1,0.30071786046028137,1,ham10000,ISIC_0029123,bcc,HAM_0000451
0,0.35892266035079956,1,ham10000,ISIC_0029048,bkl,HAM_0000452
0,0.26051661372184753,1,ham10000,ISIC_0025330,bkl,HAM_0000453
0,0.24473439157009125,1,ham10000,ISIC_0025522,nv,HAM_0000454
0,0.42761075496673584,1,ham10000,ISIC_0032005,nv,HAM_0000455
1,0.26794618368148804,1,ham10000,ISIC_0026466,akiec,HAM_0000456
1,0.5453750491142273,1,ham10000,ISIC_0026855,bcc,HAM_0000457
0,0.2630133628845215,1,ham10000,ISIC_0025714,nv,HAM_0000458
0,0.6018971800804138,1,ham10000,ISIC_0026584,nv,HAM_0000459
0,0.05530066415667534,0,ham10000,ISIC_0025197,vasc,HAM_0000460
0,0.3258693218231201,1,ham10000,ISIC_0027750,nv,HAM_0000461
1,0.6454744338989258,1,ham10000,ISIC_0032897,akiec,HAM_0000462
1,0.7242217063903809,1,ham10000,ISIC_0030177,bcc,HAM_0000463
0,0.2824336886405945,1,ham10000,ISIC_0026223,nv,HAM_0000464
0,0.22365838289260864,1,ham10000,ISIC_0030583,bkl,HAM_0000465
0,0.3620922267436981,1,ham10000,ISIC_0027749,nv,HAM_0000466
0,0.36496642231941223,1,ham10000,ISIC_0030612,nv,HAM_0000467
0,0.5566908121109009,1,ham10000,ISIC_0024524,nv,HAM_0000468
0,0.2571165859699249,1,ham10000,ISIC_0025408,nv,HAM_0000469
0,0.12137490510940552,0,ham10000,ISIC_0026965,nv,HAM_0000470
0,0.3968769311904907,1,ham10000,ISIC_0031656,nv,HAM_0000471
0,0.37424883246421814,1,ham10000,ISIC_0028339,nv,HAM_0000472
0,0.3792579472064972,1,ham10000,ISIC_0027356,nv,HAM_0000473
0,0.13423724472522736,0,ham10000,ISIC_0030099,nv,HAM_0000474
0,0.2521684169769287,1,ham10000,ISIC_0027299,nv,HAM_0000475
0,0.48416656255722046,1,ham10000,ISIC_0028293,nv,HAM_0000476
0,0.40790337324142456,1,ham10000,ISIC_0026292,nv,HAM_0000477
0,0.2613540589809418,1,ham10000,ISIC_0025895,nv,HAM_0000478
0,0.3261660933494568,1,ham10000,ISIC_0030441,nv,HAM_0000479
0,0.34126362204551697,1,ham10000,ISIC_0031952,nv,HAM_0000480
0,0.341824471950531,1,ham10000,ISIC_0028634,nv,HAM_0000481
0,0.5126745104789734,1,ham10000,ISIC_0026885,nv,HAM_0000482
1,0.6153811812400818,1,ham10000,ISIC_0032629,mel,HAM_0000483
0,0.32619839906692505,1,ham10000,ISIC_0024309,nv,HAM_0000484
0,0.2888667583465576,1,ham10000,ISIC_0024959,nv,HAM_0000485
0,0.6455349326133728,1,ham10000,ISIC_0028882,nv,HAM_0000486
0,0.3215748965740204,1,ham10000,ISIC_0032268,nv,HAM_0000487
0,0.4939925968647003,1,ham10000,ISIC_0032930,nv,HAM_0000488
0,0.21143053472042084,1,ham10000,ISIC_0024960,nv,HAM_0000489
1,0.3300008475780487,1,ham10000,ISIC_0026206,akiec,HAM_0000490
0,0.24644863605499268,1,ham10000,ISIC_0028207,nv,HAM_0000491
1,0.403928279876709,1,ham10000,ISIC_0027076,mel,HAM_0000492
0,0.10427873581647873,0,ham10000,ISIC_0030304,nv,HAM_0000493
0,0.6372324228286743,1,ham10000,ISIC_0032557,vasc,HAM_0000494
0,0.39398473501205444,1,ham10000,ISIC_0030200,nv,HAM_0000495
1,0.5607792139053345,1,ham10000,ISIC_0029545,bcc,HAM_0000496
0,0.5082301497459412,1,ham10000,ISIC_0024563,nv,HAM_0000497
1,0.43605944514274597,1,ham10000,ISIC_0029067,akiec,HAM_0000498
0,0.2783249020576477,1,ham10000,ISIC_0029599,nv,HAM_0000499
0,0.6200507283210754,1,ham10000,ISIC_0029145,nv,HAM_0000500
1,0.6093186736106873,1,ham10000,ISIC_0031335,akiec,HAM_0000501
0,0.14175468683242798,0,ham10000,ISIC_0029608,vasc,HAM_0000502
0,0.3171048164367676,1,ham10000,ISIC_0029236,nv,HAM_0000503
1,0.6849966645240784,1,ham10000,ISIC_0025971,bcc,HAM_0000504
0,0.41641223430633545,1,ham10000,ISIC_0024902,nv,HAM_0000505
0,0.4307607114315033,1,ham10000,ISIC_0031891,nv,HAM_0000506
0,0.4699473977088928,1,ham10000,ISIC_0028921,nv,HAM_0000507
0,0.4795508086681366,1,ham10000,ISIC_0027495,nv,HAM_0000508
0,0.3670036494731903,1,ham10000,ISIC_0024837,nv,HAM_0000509
0,0.2976382076740265,1,ham10000,ISIC_0027342,nv,HAM_0000510
0,0.24595406651496887,1,ham10000,ISIC_0026669,nv,HAM_0000511
1,0.46726763248443604,1,ham10000,ISIC_0030528,bcc,HAM_0000512
1,0.36500394344329834,1,ham10000,ISIC_0032207,mel,HAM_0000513
0,0.0847458615899086,0,ham10000,ISIC_0028934,nv,HAM_0000514
0,0.4684942662715912,1,ham10000,ISIC_0029737,nv,HAM_0000515
0,0.603166937828064,1,ham10000,ISIC_0033952,bkl,HAM_0000516
1,0.46784016489982605,1,ham10000,ISIC_0030507,mel,HAM_0000517
0,0.22555245459079742,1,ham10000,ISIC_0030943,nv,HAM_0000518
0,0.48472678661346436,1,ham10000,ISIC_0030758,bkl,HAM_0000519
0,0.26955148577690125,1,ham10000,ISIC_0026415,nv,HAM_0000520
0,0.46725308895111084,1,ham10000,ISIC_0031889,nv,HAM_0000521
0,0.34222081303596497,1,ham10000,ISIC_0024826,nv,HAM_0000522
0,0.543272078037262,1,ham10000,ISIC_0025978,nv,HAM_0000523
0,0.4058184325695038,1,ham10000,ISIC_0026069,bkl,HAM_0000524
0,0.40640345215797424,1,ham10000,ISIC_0031510,nv,HAM_0000525
0,0.3960631489753723,1,ham10000,ISIC_0029997,nv,HAM_0000526
0,0.47782382369041443,1,ham10000,ISIC_0032508,bkl,HAM_0000527
0,0.26282981038093567,1,ham10000,ISIC_0028782,nv,HAM_0000528
0,0.34916675090789795,1,ham10000,ISIC_0030540,nv,HAM_0000529
0,0.4645114243030548,1,ham10000,ISIC_0025135,nv,HAM_0000530
1,0.5900172591209412,1,ham10000,ISIC_0025674,mel,HAM_0000531
0,0.41635775566101074,1,ham10000,ISIC_0025365,nv,HAM_0000532
0,0.1494075059890747,0,ham10000,ISIC_0026380,nv,HAM_0000533
1,0.3945026099681854,1,ham10000,ISIC_0025235,mel,HAM_0000534
0,0.08090575039386749,0,ham10000,ISIC_0032353,nv,HAM_0000535
1,0.4953916668891907,1,ham10000,ISIC_0027359,mel,HAM_0000536
0,0.23075489699840546,1,ham10000,ISIC_0027095,nv,HAM_0000537
0,0.1863403469324112,1,ham10000,ISIC_0030650,nv,HAM_0000538
0,0.5157139301300049,1,ham10000,ISIC_0024512,nv,HAM_0000539
0,0.3362928628921509,1,ham10000,ISIC_0030748,nv,HAM_0000540
0,0.26082953810691833,1,ham10000,ISIC_0027646,nv,HAM_0000541
0,0.5335309505462646,1,ham10000,ISIC_0025068,bkl,HAM_0000542
0,0.3099946081638336,1,ham10000,ISIC_0030776,nv,HAM_0000543
0,0.19460324943065643,1,ham10000,ISIC_0031810,nv,HAM_0000544
1,0.5382199883460999,1,ham10000,ISIC_0026650,akiec,HAM_0000545
0,0.12589006125926971,0,ham10000,ISIC_0028337,nv,HAM_0000546
0,0.6445314884185791,1,ham10000,ISIC_0032546,nv,HAM_0000547
0,0.3261920213699341,1,ham10000,ISIC_0027763,nv,HAM_0000548
1,0.7392034530639648,1,ham10000,ISIC_0026152,akiec,HAM_0000549
0,0.37841564416885376,1,ham10000,ISIC_0024306,nv,HAM_0000550
0,0.6246832013130188,1,ham10000,ISIC_0025120,nv,HAM_0000551
1,0.5570468306541443,1,ham10000,ISIC_0026083,akiec,HAM_0000552
1,0.6811573505401611,1,ham10000,ISIC_0032716,mel,HAM_0000553
0,0.23290234804153442,1,ham10000,ISIC_0026791,nv,HAM_0000555
0,0.6194931864738464,1,ham10000,ISIC_0033484,nv,HAM_0000556
0,0.18768759071826935,1,ham10000,ISIC_0025675,nv,HAM_0000557
0,0.11393487453460693,0,ham10000,ISIC_0027547,nv,HAM_0000558
0,0.44669219851493835,1,ham10000,ISIC_0024693,nv,HAM_0000559
0,0.3311570882797241,1,ham10000,ISIC_0031509,nv,HAM_0000560
0,0.40447840094566345,1,ham10000,ISIC_0025143,nv,HAM_0000561
0,0.4013039171695709,1,ham10000,ISIC_0026166,nv,HAM_0000562
1,0.5617730617523193,1,ham10000,ISIC_0027900,mel,HAM_0000563
0,0.7054279446601868,1,ham10000,ISIC_0027333,nv,HAM_0000564
0,0.2736673057079315,1,ham10000,ISIC_0025976,nv,HAM_0000565
0,0.5689533352851868,1,ham10000,ISIC_0026794,bkl,HAM_0000566
0,0.16695727407932281,0,ham10000,ISIC_0029677,nv,HAM_0000567
0,0.21404366195201874,1,ham10000,ISIC_0026990,nv,HAM_0000568
0,0.39406344294548035,1,ham10000,ISIC_0031592,nv,HAM_0000569
0,0.396390438079834,1,ham10000,ISIC_0027404,nv,HAM_0000570
0,0.6386898756027222,1,ham10000,ISIC_0032773,bkl,HAM_0000571
0,0.14976394176483154,0,ham10000,ISIC_0025224,nv,HAM_0000572
0,0.053976934403181076,0,ham10000,ISIC_0024988,nv,HAM_0000573
0,0.37825676798820496,1,ham10000,ISIC_0026936,nv,HAM_0000574
0,0.3318599760532379,1,ham10000,ISIC_0029936,nv,HAM_0000575
0,0.12183906883001328,0,ham10000,ISIC_0025585,nv,HAM_0000576
0,0.3579990565776825,1,ham10000,ISIC_0026385,nv,HAM_0000577
0,0.6999486088752747,1,ham10000,ISIC_0033087,nv,HAM_0000578
0,0.5193793773651123,1,ham10000,ISIC_0032742,nv,HAM_0000579
0,0.44946712255477905,1,ham10000,ISIC_0029293,nv,HAM_0000580
0,0.5351219177246094,1,ham10000,ISIC_0032826,bkl,HAM_0000581
0,0.5163089036941528,1,ham10000,ISIC_0025885,bkl,HAM_0000582
0,0.1042485386133194,0,ham10000,ISIC_0029681,nv,HAM_0000583
0,0.38795214891433716,1,ham10000,ISIC_0025888,nv,HAM_0000584
0,0.18863840401172638,1,ham10000,ISIC_0030685,nv,HAM_0000585
0,0.23492036759853363,1,ham10000,ISIC_0029649,nv,HAM_0000586
0,0.4637521803379059,1,ham10000,ISIC_0025379,nv,HAM_0000587
1,0.5528141260147095,1,ham10000,ISIC_0026746,mel,HAM_0000588
0,0.5103644132614136,1,ham10000,ISIC_0027103,nv,HAM_0000589
1,0.560945451259613,1,ham10000,ISIC_0030951,mel,HAM_0000590
0,0.4977995753288269,1,ham10000,ISIC_0026654,nv,HAM_0000591
0,0.3184770941734314,1,ham10000,ISIC_0030781,nv,HAM_0000592
1,0.5193893909454346,1,ham10000,ISIC_0024679,mel,HAM_0000593
0,0.42600324749946594,1,ham10000,ISIC_0029178,nv,HAM_0000594
0,0.18341487646102905,1,ham10000,ISIC_0025991,nv,HAM_0000595
0,0.3928622305393219,1,ham10000,ISIC_0025385,nv,HAM_0000596
0,0.4882117211818695,1,ham10000,ISIC_0030654,nv,HAM_0000597
0,0.446475088596344,1,ham10000,ISIC_0026557,nv,HAM_0000598
0,0.41829338669776917,1,ham10000,ISIC_0026543,nv,HAM_0000599
0,0.284037709236145,1,ham10000,ISIC_0028311,nv,HAM_0000600
0,0.1633986383676529,0,ham10000,ISIC_0026578,nv,HAM_0000601
0,0.47213906049728394,1,ham10000,ISIC_0026719,nv,HAM_0000602
0,0.5869764089584351,1,ham10000,ISIC_0028441,nv,HAM_0000603
0,0.5106968283653259,1,ham10000,ISIC_0029208,nv,HAM_0000604
0,0.2363407015800476,1,ham10000,ISIC_0030212,nv,HAM_0000605
0,0.3958480656147003,1,ham10000,ISIC_0030109,nv,HAM_0000606
0,0.33197447657585144,1,ham10000,ISIC_0025431,bkl,HAM_0000607
0,0.16012245416641235,0,ham10000,ISIC_0025756,nv,HAM_0000608
0,0.4974061846733093,1,ham10000,ISIC_0025778,nv,HAM_0000609
0,0.4280356168746948,1,ham10000,ISIC_0024689,nv,HAM_0000610
1,0.5073390007019043,1,ham10000,ISIC_0033216,mel,HAM_0000611
1,0.5056468844413757,1,ham10000,ISIC_0026968,bcc,HAM_0000612
0,0.3528178930282593,1,ham10000,ISIC_0031253,bkl,HAM_0000613
0,0.32059577107429504,1,ham10000,ISIC_0025493,nv,HAM_0000614
0,0.38256001472473145,1,ham10000,ISIC_0026758,nv,HAM_0000615
0,0.28553587198257446,1,ham10000,ISIC_0024750,nv,HAM_0000616
0,0.10050632804632187,0,ham10000,ISIC_0029703,nv,HAM_0000617
0,0.3804750442504883,1,ham10000,ISIC_0025840,nv,HAM_0000618
1,0.4413076639175415,1,ham10000,ISIC_0026690,mel,HAM_0000619
0,0.18015582859516144,1,ham10000,ISIC_0027414,nv,HAM_0000620
0,0.22780843079090118,1,ham10000,ISIC_0031101,nv,HAM_0000621
0,0.34905004501342773,1,ham10000,ISIC_0030161,nv,HAM_0000622
0,0.11875292658805847,0,ham10000,ISIC_0032004,nv,HAM_0000623
1,0.4507620632648468,1,ham10000,ISIC_0029089,mel,HAM_0000624
0,0.43693315982818604,1,ham10000,ISIC_0026062,nv,HAM_0000625
0,0.3613077998161316,1,ham10000,ISIC_0025267,nv,HAM_0000626
0,0.4735112488269806,1,ham10000,ISIC_0034019,nv,HAM_0000627
0,0.16896164417266846,0,ham10000,ISIC_0024567,nv,HAM_0000628
0,0.4702138602733612,1,ham10000,ISIC_0029008,nv,HAM_0000629
0,0.1315777748823166,0,ham10000,ISIC_0026832,nv,HAM_0000630
0,0.4208581745624542,1,ham10000,ISIC_0030885,nv,HAM_0000631
0,0.3430550992488861,1,ham10000,ISIC_0031070,nv,HAM_0000632
0,0.11843482404947281,0,ham10000,ISIC_0030719,nv,HAM_0000633
0,0.5737297534942627,1,ham10000,ISIC_0026099,nv,HAM_0000634
0,0.19495484232902527,1,ham10000,ISIC_0028663,nv,HAM_0000635
0,0.299111545085907,1,ham10000,ISIC_0027104,nv,HAM_0000636
0,0.4396483898162842,1,ham10000,ISIC_0027514,nv,HAM_0000637
0,0.10627956688404083,0,ham10000,ISIC_0029887,nv,HAM_0000638
0,0.5698683261871338,1,ham10000,ISIC_0025257,nv,HAM_0000639
0,0.059826258569955826,0,ham10000,ISIC_0024663,nv,HAM_0000640
0,0.3550933003425598,1,ham10000,ISIC_0027477,nv,HAM_0000641
0,0.44354069232940674,1,ham10000,ISIC_0026520,nv,HAM_0000642
0,0.4458812475204468,1,ham10000,ISIC_0029731,bkl,HAM_0000643
0,0.2886320650577545,1,ham10000,ISIC_0027728,nv,HAM_0000644
1,0.5442609190940857,1,ham10000,ISIC_0024853,mel,HAM_0000645
0,0.28050634264945984,1,ham10000,ISIC_0025890,nv,HAM_0000646
0,0.20587675273418427,1,ham10000,ISIC_0029911,nv,HAM_0000647
0,0.3546842038631439,1,ham10000,ISIC_0027080,nv,HAM_0000648
0,0.3265685737133026,1,ham10000,ISIC_0027276,nv,HAM_0000649
0,0.22501082718372345,1,ham10000,ISIC_0033464,nv,HAM_0000650
0,0.14457452297210693,0,ham10000,ISIC_0032178,nv,HAM_0000651
0,0.21419718861579895,1,ham10000,ISIC_0028597,nv,HAM_0000652
1,0.5694493055343628,1,ham10000,ISIC_0024552,mel,HAM_0000653
0,0.26923632621765137,1,ham10000,ISIC_0027799,nv,HAM_0000654
1,0.492798775434494,1,ham10000,ISIC_0027175,bcc,HAM_0000655
0,0.09274359792470932,0,ham10000,ISIC_0027096,nv,HAM_0000656
0,0.1009661927819252,0,ham10000,ISIC_0030955,nv,HAM_0000657
1,0.6060130000114441,1,ham10000,ISIC_0031986,bcc,HAM_0000658
0,0.4468810558319092,1,ham10000,ISIC_0030088,bkl,HAM_0000659
0,0.18464703857898712,1,ham10000,ISIC_0028953,nv,HAM_0000660
0,0.37242069840431213,1,ham10000,ISIC_0025538,nv,HAM_0000661
1,0.6404513120651245,1,ham10000,ISIC_0033317,mel,HAM_0000662
0,0.3400566577911377,1,ham10000,ISIC_0027761,nv,HAM_0000663
0,0.15884435176849365,0,ham10000,ISIC_0029535,nv,HAM_0000664
0,0.239401713013649,1,ham10000,ISIC_0030259,nv,HAM_0000665
0,0.549749493598938,1,ham10000,ISIC_0026024,nv,HAM_0000666
0,0.38874122500419617,1,ham10000,ISIC_0028551,nv,HAM_0000667
0,0.3684111535549164,1,ham10000,ISIC_0024808,nv,HAM_0000668
0,0.2642650604248047,1,ham10000,ISIC_0032052,nv,HAM_0000669
0,0.2958460748195648,1,ham10000,ISIC_0026204,nv,HAM_0000670
0,0.27401354908943176,1,ham10000,ISIC_0030193,nv,HAM_0000671
0,0.21987678110599518,1,ham10000,ISIC_0029007,nv,HAM_0000672
1,0.49543648958206177,1,ham10000,ISIC_0029659,akiec,HAM_0000673
0,0.46370238065719604,1,ham10000,ISIC_0028983,nv,HAM_0000674
0,0.46335092186927795,1,ham10000,ISIC_0033418,nv,HAM_0000675
0,0.6520600914955139,1,ham10000,ISIC_0032969,nv,HAM_0000676
0,0.24826745688915253,1,ham10000,ISIC_0025494,nv,HAM_0000677
0,0.3053444027900696,1,ham10000,ISIC_0029074,nv,HAM_0000678
0,0.38674575090408325,1,ham10000,ISIC_0024724,nv,HAM_0000679
0,0.15602682530879974,0,ham10000,ISIC_0028927,nv,HAM_0000680
0,0.2639102339744568,1,ham10000,ISIC_0032032,nv,HAM_0000681
0,0.7140377163887024,1,ham10000,ISIC_0030786,nv,HAM_0000682
0,0.1750524342060089,1,ham10000,ISIC_0028439,nv,HAM_0000684
0,0.49240535497665405,1,ham10000,ISIC_0026291,bkl,HAM_0000685
0,0.19473303854465485,1,ham10000,ISIC_0031523,nv,HAM_0000686
1,0.7802148461341858,1,ham10000,ISIC_0028994,bcc,HAM_0000687
1,0.7011420726776123,1,ham10000,ISIC_0026720,akiec,HAM_0000688
0,0.3859708905220032,1,ham10000,ISIC_0024356,nv,HAM_0000689
0,0.4441148340702057,1,ham10000,ISIC_0028586,nv,HAM_0000690
0,0.30460646748542786,1,ham10000,ISIC_0026535,nv,HAM_0000691
0,0.16564780473709106,0,ham10000,ISIC_0025364,nv,HAM_0000692
0,0.34982484579086304,1,ham10000,ISIC_0028310,nv,HAM_0000693
0,0.3368196487426758,1,ham10000,ISIC_0032298,nv,HAM_0000694
0,0.26541170477867126,1,ham10000,ISIC_0025757,nv,HAM_0000695
0,0.4555627107620239,1,ham10000,ISIC_0026277,bkl,HAM_0000696
0,0.3122381567955017,1,ham10000,ISIC_0029148,nv,HAM_0000697
0,0.16475366055965424,0,ham10000,ISIC_0027431,nv,HAM_0000698
0,0.37708407640457153,1,ham10000,ISIC_0031575,nv,HAM_0000699
0,0.5127588510513306,1,ham10000,ISIC_0028052,bkl,HAM_0000700
0,0.34819161891937256,1,ham10000,ISIC_0032115,nv,HAM_0000701
0,0.3365321159362793,1,ham10000,ISIC_0030804,nv,HAM_0000702
0,0.36016201972961426,1,ham10000,ISIC_0028424,nv,HAM_0000703
0,0.5940272212028503,1,ham10000,ISIC_0032954,nv,HAM_0000704
0,0.35032638907432556,1,ham10000,ISIC_0025508,nv,HAM_0000705
1,0.5207741856575012,1,ham10000,ISIC_0032690,mel,HAM_0000706
0,0.12990793585777283,0,ham10000,ISIC_0024561,nv,HAM_0000707
0,0.14297090470790863,0,ham10000,ISIC_0024499,nv,HAM_0000708
1,0.6268281936645508,1,ham10000,ISIC_0032559,mel,HAM_0000709
0,0.48455795645713806,1,ham10000,ISIC_0024489,bkl,HAM_0000710
0,0.11734293401241302,0,ham10000,ISIC_0029387,nv,HAM_0000711
0,0.2002343237400055,1,ham10000,ISIC_0028434,nv,HAM_0000712
0,0.3574172854423523,1,ham10000,ISIC_0031174,nv,HAM_0000713
0,0.26943540573120117,1,ham10000,ISIC_0027857,nv,HAM_0000714
0,0.11106047034263611,0,ham10000,ISIC_0029287,nv,HAM_0000715
0,0.49375417828559875,1,ham10000,ISIC_0029801,bkl,HAM_0000716
0,0.6541349291801453,1,ham10000,ISIC_0030455,nv,HAM_0000717
1,0.5869665741920471,1,ham10000,ISIC_0025130,akiec,HAM_0000718
1,0.5657485723495483,1,ham10000,ISIC_0026337,bcc,HAM_0000719
0,0.5613143444061279,1,ham10000,ISIC_0028926,df,HAM_0000720
0,0.5557724833488464,1,ham10000,ISIC_0030243,nv,HAM_0000721
0,0.3347705900669098,1,ham10000,ISIC_0025875,nv,HAM_0000722
0,0.4496542811393738,1,ham10000,ISIC_0031364,nv,HAM_0000723
0,0.25576961040496826,1,ham10000,ISIC_0026038,nv,HAM_0000724
0,0.3784709572792053,1,ham10000,ISIC_0027349,nv,HAM_0000725
0,0.43763747811317444,1,ham10000,ISIC_0030670,nv,HAM_0000726
0,0.15453267097473145,0,ham10000,ISIC_0029961,nv,HAM_0000727
0,0.37686872482299805,1,ham10000,ISIC_0025286,bkl,HAM_0000728
0,0.24575522541999817,1,ham10000,ISIC_0030120,nv,HAM_0000729
0,0.40692102909088135,1,ham10000,ISIC_0026619,nv,HAM_0000730
0,0.4310644268989563,1,ham10000,ISIC_0026813,nv,HAM_0000731
0,0.1056518480181694,0,ham10000,ISIC_0026183,nv,HAM_0000732
0,0.27628135681152344,1,ham10000,ISIC_0024965,nv,HAM_0000733
0,0.39833104610443115,1,ham10000,ISIC_0031196,bkl,HAM_0000734
0,0.3252001404762268,1,ham10000,ISIC_0029492,nv,HAM_0000735
0,0.39831578731536865,1,ham10000,ISIC_0029954,nv,HAM_0000736
0,0.3304756283760071,1,ham10000,ISIC_0030353,nv,HAM_0000737
0,0.04640113562345505,0,ham10000,ISIC_0027443,nv,HAM_0000738
0,0.37130680680274963,1,ham10000,ISIC_0025561,nv,HAM_0000739
0,0.16535450518131256,0,ham10000,ISIC_0032142,nv,HAM_0000740
0,0.5553850531578064,1,ham10000,ISIC_0025956,nv,HAM_0000741
0,0.3113093078136444,1,ham10000,ISIC_0032048,nv,HAM_0000742
0,0.40200871229171753,1,ham10000,ISIC_0024661,nv,HAM_0000743
0,0.4467722475528717,1,ham10000,ISIC_0029474,bkl,HAM_0000744
0,0.4173070192337036,1,ham10000,ISIC_0027796,bkl,HAM_0000745
0,0.48894059658050537,1,ham10000,ISIC_0027023,bkl,HAM_0000746
0,0.37649261951446533,1,ham10000,ISIC_0033748,nv,HAM_0000747
0,0.3003246784210205,1,ham10000,ISIC_0024598,nv,HAM_0000748
0,0.45473363995552063,1,ham10000,ISIC_0029446,nv,HAM_0000749
0,0.4203331172466278,1,ham10000,ISIC_0027974,nv,HAM_0000750
0,0.5509799718856812,1,ham10000,ISIC_0025545,nv,HAM_0000751
0,0.5653973817825317,1,ham10000,ISIC_0026419,nv,HAM_0000752
0,0.1727866232395172,0,ham10000,ISIC_0031224,nv,HAM_0000753
0,0.5293012261390686,1,ham10000,ISIC_0032967,bkl,HAM_0000754
0,0.16615377366542816,0,ham10000,ISIC_0026180,nv,HAM_0000755
0,0.13545039296150208,0,ham10000,ISIC_0025279,nv,HAM_0000756
0,0.627341628074646,1,ham10000,ISIC_0025314,df,HAM_0000757
0,0.3007393777370453,1,ham10000,ISIC_0031974,nv,HAM_0000758
0,0.5784589648246765,1,ham10000,ISIC_0025655,nv,HAM_0000759
0,0.19375786185264587,1,ham10000,ISIC_0025318,nv,HAM_0000760
0,0.32515212893486023,1,ham10000,ISIC_0026259,nv,HAM_0000761
0,0.44476333260536194,1,ham10000,ISIC_0025667,nv,HAM_0000762
0,0.5258175134658813,1,ham10000,ISIC_0028217,nv,HAM_0000763
0,0.5749742984771729,1,ham10000,ISIC_0028151,nv,HAM_0000764
0,0.2706436812877655,1,ham10000,ISIC_0033445,nv,HAM_0000765
1,0.5486427545547485,1,ham10000,ISIC_0029937,mel,HAM_0000766
1,0.4042630195617676,1,ham10000,ISIC_0031239,mel,HAM_0000767
0,0.41694796085357666,1,ham10000,ISIC_0028242,nv,HAM_0000768
1,0.678706705570221,1,ham10000,ISIC_0029279,akiec,HAM_0000769
0,0.631007194519043,1,ham10000,ISIC_0024741,bkl,HAM_0000770
0,0.319040983915329,1,ham10000,ISIC_0029349,nv,HAM_0000771
0,0.4118092954158783,1,ham10000,ISIC_0032994,nv,HAM_0000772
0,0.48420384526252747,1,ham10000,ISIC_0026049,nv,HAM_0000773
0,0.4058709144592285,1,ham10000,ISIC_0029707,nv,HAM_0000774
1,0.6583168506622314,1,ham10000,ISIC_0025097,mel,HAM_0000775
0,0.34474724531173706,1,ham10000,ISIC_0027339,nv,HAM_0000776
0,0.40133923292160034,1,ham10000,ISIC_0028364,nv,HAM_0000777
0,0.4761301577091217,1,ham10000,ISIC_0026665,nv,HAM_0000778
0,0.6697036623954773,1,ham10000,ISIC_0032978,bkl,HAM_0000779
0,0.4163080155849457,1,ham10000,ISIC_0027453,nv,HAM_0000780
1,0.8123993277549744,1,ham10000,ISIC_0028155,bcc,HAM_0000781
0,0.6158018708229065,1,ham10000,ISIC_0030723,bkl,HAM_0000782
0,0.5834375023841858,1,ham10000,ISIC_0025633,nv,HAM_0000783
0,0.2677343785762787,1,ham10000,ISIC_0030989,nv,HAM_0000784
0,0.223347008228302,1,ham10000,ISIC_0027585,nv,HAM_0000785
0,0.12064415216445923,0,ham10000,ISIC_0028956,nv,HAM_0000786
0,0.5623469948768616,1,ham10000,ISIC_0026157,nv,HAM_0000787
0,0.3995857834815979,1,ham10000,ISIC_0030301,nv,HAM_0000788
0,0.47406184673309326,1,ham10000,ISIC_0028932,nv,HAM_0000789
0,0.5540334582328796,1,ham10000,ISIC_0032576,bkl,HAM_0000790
1,0.6909857392311096,1,ham10000,ISIC_0025584,bcc,HAM_0000791
0,0.4230484068393707,1,ham10000,ISIC_0025387,bkl,HAM_0000792
0,0.3040168583393097,1,ham10000,ISIC_0030286,nv,HAM_0000793
0,0.491361141204834,1,ham10000,ISIC_0026340,nv,HAM_0000794
1,0.719566822052002,1,ham10000,ISIC_0033012,bcc,HAM_0000795
1,0.5916950106620789,1,ham10000,ISIC_0028041,mel,HAM_0000796
0,0.3672393560409546,1,ham10000,ISIC_0026039,nv,HAM_0000797
0,0.3242805600166321,1,ham10000,ISIC_0026751,nv,HAM_0000798
1,0.5849772095680237,1,ham10000,ISIC_0033226,mel,HAM_0000799
0,0.3678453862667084,1,ham10000,ISIC_0028852,nv,HAM_0000800
0,0.5804871320724487,1,ham10000,ISIC_0025619,nv,HAM_0000801
0,0.576014518737793,1,ham10000,ISIC_0032553,bkl,HAM_0000802
0,0.3322182893753052,1,ham10000,ISIC_0025925,nv,HAM_0000803
0,0.2665991187095642,1,ham10000,ISIC_0029863,nv,HAM_0000804
0,0.5025607943534851,1,ham10000,ISIC_0033306,bkl,HAM_0000805
0,0.4553258419036865,1,ham10000,ISIC_0024371,bkl,HAM_0000806
1,0.46179136633872986,1,ham10000,ISIC_0032164,bcc,HAM_0000807
0,0.2919430136680603,1,ham10000,ISIC_0026315,nv,HAM_0000808
0,0.3828449547290802,1,ham10000,ISIC_0030572,nv,HAM_0000809
0,0.3613598346710205,1,ham10000,ISIC_0031734,nv,HAM_0000810
0,0.2800162136554718,1,ham10000,ISIC_0028470,nv,HAM_0000811
0,0.3609643578529358,1,ham10000,ISIC_0032442,nv,HAM_0000812
0,0.5127396583557129,1,ham10000,ISIC_0024395,nv,HAM_0000813
1,0.6358551383018494,1,ham10000,ISIC_0025751,mel,HAM_0000814
0,0.3899431824684143,1,ham10000,ISIC_0026023,nv,HAM_0000815
0,0.3554205894470215,1,ham10000,ISIC_0027082,nv,HAM_0000816
0,0.3440872132778168,1,ham10000,ISIC_0025174,nv,HAM_0000817
0,0.3270094692707062,1,ham10000,ISIC_0029611,nv,HAM_0000818
0,0.10817690193653107,0,ham10000,ISIC_0027777,nv,HAM_0000819
0,0.1158660352230072,0,ham10000,ISIC_0028835,nv,HAM_0000820
0,0.5712911486625671,1,ham10000,ISIC_0025623,bkl,HAM_0000821
0,0.1942451298236847,1,ham10000,ISIC_0033841,nv,HAM_0000822
1,0.7385755181312561,1,ham10000,ISIC_0032894,bcc,HAM_0000823
0,0.2765996754169464,1,ham10000,ISIC_0029702,nv,HAM_0000824
0,0.7881478667259216,1,ham10000,ISIC_0034186,bkl,HAM_0000825
0,0.24094021320343018,1,ham10000,ISIC_0027362,nv,HAM_0000826
0,0.7148967385292053,1,ham10000,ISIC_0025223,df,HAM_0000827
0,0.3824516236782074,1,ham10000,ISIC_0024797,nv,HAM_0000828
0,0.26132693886756897,1,ham10000,ISIC_0029440,nv,HAM_0000829
0,0.3685169816017151,1,ham10000,ISIC_0030634,nv,HAM_0000830
0,0.42928072810173035,1,ham10000,ISIC_0029226,nv,HAM_0000831
1,0.6118823885917664,1,ham10000,ISIC_0028763,akiec,HAM_0000832
0,0.4975053071975708,1,ham10000,ISIC_0025719,bkl,HAM_0000833
0,0.44373971223831177,1,ham10000,ISIC_0029989,nv,HAM_0000834
0,0.9839821457862854,1,ham10000,ISIC_0024409,bkl,HAM_0000835
0,0.3965229392051697,1,ham10000,ISIC_0025505,nv,HAM_0000836
0,0.42532584071159363,1,ham10000,ISIC_0024986,nv,HAM_0000837
0,0.07812023907899857,0,ham10000,ISIC_0027029,nv,HAM_0000838
0,0.21428167819976807,1,ham10000,ISIC_0032049,nv,HAM_0000839
0,0.23915007710456848,1,ham10000,ISIC_0026828,nv,HAM_0000840
0,0.24707213044166565,1,ham10000,ISIC_0031455,nv,HAM_0000841
0,0.5391764044761658,1,ham10000,ISIC_0025401,nv,HAM_0000842
0,0.5829241275787354,1,ham10000,ISIC_0029260,bkl,HAM_0000843
0,0.5597409009933472,1,ham10000,ISIC_0024773,bkl,HAM_0000844
0,0.2085374891757965,1,ham10000,ISIC_0025244,vasc,HAM_0000845
0,0.5256350636482239,1,ham10000,ISIC_0029115,bkl,HAM_0000846
0,0.4584368169307709,1,ham10000,ISIC_0030744,bkl,HAM_0000847
0,0.26061636209487915,1,ham10000,ISIC_0026294,nv,HAM_0000848
0,0.4256455898284912,1,ham10000,ISIC_0029200,nv,HAM_0000849
0,0.4023095667362213,1,ham10000,ISIC_0028588,nv,HAM_0000850
0,0.39952099323272705,1,ham10000,ISIC_0025074,nv,HAM_0000851
0,0.11439169198274612,0,ham10000,ISIC_0025461,nv,HAM_0000852
0,0.1943379044532776,1,ham10000,ISIC_0027153,nv,HAM_0000853
0,0.6502732634544373,1,ham10000,ISIC_0029534,nv,HAM_0000854
0,0.48496031761169434,1,ham10000,ISIC_0033694,nv,HAM_0000855
1,0.39590612053871155,1,ham10000,ISIC_0028537,mel,HAM_0000856
0,0.13326577842235565,0,ham10000,ISIC_0025229,nv,HAM_0000857
0,0.4483354985713959,1,ham10000,ISIC_0030944,nv,HAM_0000858
1,0.5881392955780029,1,ham10000,ISIC_0029715,akiec,HAM_0000859
0,0.32278960943222046,1,ham10000,ISIC_0029796,nv,HAM_0000860
0,0.6083810925483704,1,ham10000,ISIC_0026125,nv,HAM_0000861
0,0.408810019493103,1,ham10000,ISIC_0030724,nv,HAM_0000862
1,0.6092729568481445,1,ham10000,ISIC_0028899,mel,HAM_0000863
0,0.3373473882675171,1,ham10000,ISIC_0028716,nv,HAM_0000864
0,0.508894681930542,1,ham10000,ISIC_0028826,bkl,HAM_0000865
0,0.47833457589149475,1,ham10000,ISIC_0024480,nv,HAM_0000866
0,0.3432476818561554,1,ham10000,ISIC_0028044,nv,HAM_0000867
1,0.40839874744415283,1,ham10000,ISIC_0032316,bcc,HAM_0000868
0,0.3685768246650696,1,ham10000,ISIC_0031109,nv,HAM_0000869
0,0.32737118005752563,1,ham10000,ISIC_0029923,nv,HAM_0000870
1,0.39334428310394287,1,ham10000,ISIC_0025964,mel,HAM_0000871
1,0.29361292719841003,1,ham10000,ISIC_0029323,bcc,HAM_0000872
0,0.3249240815639496,1,ham10000,ISIC_0025012,nv,HAM_0000873
0,0.07444780319929123,0,ham10000,ISIC_0032119,nv,HAM_0000874
0,0.27234289050102234,1,ham10000,ISIC_0031022,nv,HAM_0000875
1,0.650906503200531,1,ham10000,ISIC_0026531,mel,HAM_0000876
0,0.2631939649581909,1,ham10000,ISIC_0030267,nv,HAM_0000877
1,0.621361494064331,1,ham10000,ISIC_0028746,mel,HAM_0000878
1,0.52279132604599,1,ham10000,ISIC_0032816,bcc,HAM_0000879
1,0.5101044774055481,1,ham10000,ISIC_0033089,mel,HAM_0000880
0,0.4824499487876892,1,ham10000,ISIC_0028404,bkl,HAM_0000881
0,0.4270453155040741,1,ham10000,ISIC_0032241,nv,HAM_0000882
0,0.2543187737464905,1,ham10000,ISIC_0030631,nv,HAM_0000883
0,0.5865667462348938,1,ham10000,ISIC_0026728,bkl,HAM_0000884
0,0.17862099409103394,1,ham10000,ISIC_0025293,nv,HAM_0000885
0,0.5570998787879944,1,ham10000,ISIC_0024560,nv,HAM_0000886
1,0.48160862922668457,1,ham10000,ISIC_0030501,mel,HAM_0000887
1,0.5442719459533691,1,ham10000,ISIC_0025085,mel,HAM_0000888
0,0.3769572079181671,1,ham10000,ISIC_0025936,nv,HAM_0000889
0,0.26838937401771545,1,ham10000,ISIC_0029185,nv,HAM_0000890
0,0.6091012358665466,1,ham10000,ISIC_0027963,nv,HAM_0000891
0,0.28906381130218506,1,ham10000,ISIC_0024594,nv,HAM_0000892
0,0.42703476548194885,1,ham10000,ISIC_0024825,bkl,HAM_0000893
0,0.45707231760025024,1,ham10000,ISIC_0030478,nv,HAM_0000894
0,0.4044229984283447,1,ham10000,ISIC_0030510,nv,HAM_0000895
0,0.33042672276496887,1,ham10000,ISIC_0025051,nv,HAM_0000896
0,0.4532390534877777,1,ham10000,ISIC_0029306,nv,HAM_0000897
0,0.6630112528800964,1,ham10000,ISIC_0025529,bkl,HAM_0000898
0,0.1256808191537857,0,ham10000,ISIC_0029708,nv,HAM_0000899
0,0.45421215891838074,1,ham10000,ISIC_0026552,nv,HAM_0000900
0,0.41026386618614197,1,ham10000,ISIC_0032120,nv,HAM_0000901
0,0.5017680525779724,1,ham10000,ISIC_0027745,df,HAM_0000902
1,0.713163435459137,1,ham10000,ISIC_0024702,mel,HAM_0000903
0,0.22810693085193634,1,ham10000,ISIC_0025149,nv,HAM_0000904
0,0.3659801185131073,1,ham10000,ISIC_0026338,nv,HAM_0000905
0,0.36318740248680115,1,ham10000,ISIC_0026750,nv,HAM_0000906
0,0.41933193802833557,1,ham10000,ISIC_0025140,bkl,HAM_0000907
0,0.3591957986354828,1,ham10000,ISIC_0028340,nv,HAM_0000908
1,0.3381115198135376,1,ham10000,ISIC_0026981,akiec,HAM_0000909
1,0.37232112884521484,1,ham10000,ISIC_0027797,mel,HAM_0000910
0,0.3145207166671753,1,ham10000,ISIC_0029087,nv,HAM_0000911
0,0.3291153311729431,1,ham10000,ISIC_0026232,nv,HAM_0000912
0,0.34591609239578247,1,ham10000,ISIC_0028559,nv,HAM_0000913
0,0.13627710938453674,0,ham10000,ISIC_0025995,nv,HAM_0000914
1,0.4728303849697113,1,ham10000,ISIC_0030339,bcc,HAM_0000915
0,0.4588821530342102,1,ham10000,ISIC_0032167,nv,HAM_0000916
1,0.5483642816543579,1,ham10000,ISIC_0024701,mel,HAM_0000917
1,0.43296247720718384,1,ham10000,ISIC_0029133,akiec,HAM_0000918
0,0.3353729844093323,1,ham10000,ISIC_0025204,nv,HAM_0000919
0,0.6695494055747986,1,ham10000,ISIC_0028707,bkl,HAM_0000920
0,0.3399216830730438,1,ham10000,ISIC_0026098,nv,HAM_0000921
0,0.6383236050605774,1,ham10000,ISIC_0031111,nv,HAM_0000922
0,0.2007715106010437,1,ham10000,ISIC_0024428,nv,HAM_0000923
0,0.3334576189517975,1,ham10000,ISIC_0026804,nv,HAM_0000924
0,0.4731602668762207,1,ham10000,ISIC_0030041,nv,HAM_0000925
0,0.18528029322624207,1,ham10000,ISIC_0026189,nv,HAM_0000926
0,0.2541523873806,1,ham10000,ISIC_0027318,nv,HAM_0000927
0,0.5251275897026062,1,ham10000,ISIC_0026777,nv,HAM_0000928
0,0.2927340567111969,1,ham10000,ISIC_0029727,nv,HAM_0000929
0,0.4166693091392517,1,ham10000,ISIC_0027848,nv,HAM_0000930
1,0.6786097288131714,1,ham10000,ISIC_0028820,akiec,HAM_0000931
0,0.0409698560833931,0,ham10000,ISIC_0026288,nv,HAM_0000932
0,0.7025935053825378,1,ham10000,ISIC_0024358,bkl,HAM_0000933
0,0.11760533601045609,0,ham10000,ISIC_0031706,vasc,HAM_0000934
0,0.26208946108818054,1,ham10000,ISIC_0027399,nv,HAM_0000935
0,0.09382975101470947,0,ham10000,ISIC_0030388,nv,HAM_0000936
0,0.3562770485877991,1,ham10000,ISIC_0025344,nv,HAM_0000937
0,0.35512927174568176,1,ham10000,ISIC_0031916,nv,HAM_0000938
0,0.2026517689228058,1,ham10000,ISIC_0028620,nv,HAM_0000939
0,0.5866683721542358,1,ham10000,ISIC_0032692,vasc,HAM_0000940
0,0.36518850922584534,1,ham10000,ISIC_0025658,nv,HAM_0000941
0,0.5576737523078918,1,ham10000,ISIC_0028554,nv,HAM_0000942
0,0.6146847009658813,1,ham10000,ISIC_0025900,nv,HAM_0000943
0,0.1575895994901657,0,ham10000,ISIC_0027864,nv,HAM_0000944
0,0.18366292119026184,1,ham10000,ISIC_0031104,nv,HAM_0000945
0,0.21772608160972595,1,ham10000,ISIC_0031775,nv,HAM_0000946
0,0.26848042011260986,1,ham10000,ISIC_0024642,nv,HAM_0000947
0,0.4357193410396576,1,ham10000,ISIC_0033631,bkl,HAM_0000948
0,0.4875810742378235,1,ham10000,ISIC_0032444,nv,HAM_0000949
0,0.4156268239021301,1,ham10000,ISIC_0030590,nv,HAM_0000950
0,0.5086274743080139,1,ham10000,ISIC_0026003,nv,HAM_0000951
1,0.5785184502601624,1,ham10000,ISIC_0024546,mel,HAM_0000952
1,0.6065154075622559,1,ham10000,ISIC_0026213,bcc,HAM_0000953
1,0.491047739982605,1,ham10000,ISIC_0026100,akiec,HAM_0000954
0,0.33239176869392395,1,ham10000,ISIC_0029036,bkl,HAM_0000955
0,0.13491523265838623,0,ham10000,ISIC_0025251,nv,HAM_0000956
0,0.24623216688632965,1,ham10000,ISIC_0029449,nv,HAM_0000957
0,0.19078108668327332,1,ham10000,ISIC_0028175,nv,HAM_0000958
0,0.4992578327655792,1,ham10000,ISIC_0026532,bkl,HAM_0000959
0,0.3913317024707794,1,ham10000,ISIC_0025779,nv,HAM_0000960
0,0.3941800594329834,1,ham10000,ISIC_0024882,nv,HAM_0000961
0,0.3089104890823364,1,ham10000,ISIC_0028674,nv,HAM_0000962
0,0.5039888024330139,1,ham10000,ISIC_0032227,nv,HAM_0000963
0,0.09212009608745575,0,ham10000,ISIC_0028919,nv,HAM_0000964
0,0.40599486231803894,1,ham10000,ISIC_0027855,nv,HAM_0000965
0,0.4825497269630432,1,ham10000,ISIC_0030168,nv,HAM_0000966
1,0.657966673374176,1,ham10000,ISIC_0025539,akiec,HAM_0000967
1,0.34606266021728516,1,ham10000,ISIC_0026074,bcc,HAM_0000968
0,0.177306666970253,1,ham10000,ISIC_0028071,nv,HAM_0000969
0,0.4060012698173523,1,ham10000,ISIC_0032574,nv,HAM_0000970
0,0.4490688145160675,1,ham10000,ISIC_0026546,nv,HAM_0000971
0,0.12887249886989594,0,ham10000,ISIC_0031605,nv,HAM_0000972
0,0.548088014125824,1,ham10000,ISIC_0025222,bkl,HAM_0000973
0,0.4517846405506134,1,ham10000,ISIC_0026262,bkl,HAM_0000974
0,0.27789628505706787,1,ham10000,ISIC_0029267,nv,HAM_0000975
0,0.5500264763832092,1,ham10000,ISIC_0030833,nv,HAM_0000976
0,0.403852641582489,1,ham10000,ISIC_0024842,nv,HAM_0000977
0,0.36976999044418335,1,ham10000,ISIC_0025882,nv,HAM_0000978
0,0.4572421908378601,1,ham10000,ISIC_0028043,bkl,HAM_0000979
0,0.36175337433815,1,ham10000,ISIC_0028627,nv,HAM_0000980
0,0.37629833817481995,1,ham10000,ISIC_0024311,nv,HAM_0000981
1,0.7561697959899902,1,ham10000,ISIC_0032356,akiec,HAM_0000982
0,0.5048481822013855,1,ham10000,ISIC_0033490,bkl,HAM_0000983
0,0.3387638330459595,1,ham10000,ISIC_0024376,nv,HAM_0000984
0,0.5290136933326721,1,ham10000,ISIC_0024490,bkl,HAM_0000985
0,0.2578454613685608,1,ham10000,ISIC_0026227,nv,HAM_0000986
1,0.6919917464256287,1,ham10000,ISIC_0025301,bcc,HAM_0000987
1,0.48793184757232666,1,ham10000,ISIC_0031186,mel,HAM_0000988
0,0.09337464720010757,0,ham10000,ISIC_0028070,nv,HAM_0000989
0,0.31102877855300903,1,ham10000,ISIC_0031801,nv,HAM_0000990
0,0.2648284137248993,1,ham10000,ISIC_0028275,nv,HAM_0000991
0,0.4765268862247467,1,ham10000,ISIC_0026661,bkl,HAM_0000992
1,0.6048372983932495,1,ham10000,ISIC_0032696,bcc,HAM_0000993
1,0.5399468541145325,1,ham10000,ISIC_0027545,bcc,HAM_0000994
0,0.28741738200187683,1,ham10000,ISIC_0027241,nv,HAM_0000995
0,0.515100359916687,1,ham10000,ISIC_0024793,nv,HAM_0000996
0,0.3646223843097687,1,ham10000,ISIC_0030385,nv,HAM_0000997
1,0.5115950107574463,1,ham10000,ISIC_0027544,bcc,HAM_0000998
0,0.3737012445926666,1,ham10000,ISIC_0026567,bkl,HAM_0000999
0,0.30313006043434143,1,ham10000,ISIC_0033353,nv,HAM_0001000
0,0.32029491662979126,1,ham10000,ISIC_0026852,nv,HAM_0001001
0,0.6480361819267273,1,ham10000,ISIC_0026348,nv,HAM_0001002
0,0.11289271712303162,0,ham10000,ISIC_0028629,nv,HAM_0001003
1,0.49907591938972473,1,ham10000,ISIC_0024923,akiec,HAM_0001004
0,0.07765138894319534,0,ham10000,ISIC_0028058,nv,HAM_0001005
0,0.16765473783016205,0,ham10000,ISIC_0027602,nv,HAM_0001006
0,0.14676322042942047,0,ham10000,ISIC_0031758,nv,HAM_0001007
0,0.21015608310699463,1,ham10000,ISIC_0031898,nv,HAM_0001008
0,0.584276556968689,1,ham10000,ISIC_0029401,nv,HAM_0001009
0,0.36949512362480164,1,ham10000,ISIC_0026170,nv,HAM_0001010
0,0.396181583404541,1,ham10000,ISIC_0027202,bkl,HAM_0001011
0,0.420744389295578,1,ham10000,ISIC_0031867,nv,HAM_0001012
0,0.3005317151546478,1,ham10000,ISIC_0031533,nv,HAM_0001013
0,0.4151332378387451,1,ham10000,ISIC_0031278,nv,HAM_0001014
0,0.07831036299467087,0,ham10000,ISIC_0028833,nv,HAM_0001015
0,0.3560449481010437,1,ham10000,ISIC_0028845,nv,HAM_0001016
0,0.2848346531391144,1,ham10000,ISIC_0024507,nv,HAM_0001017
1,0.6122882962226868,1,ham10000,ISIC_0027090,bcc,HAM_0001018
0,0.3099559545516968,1,ham10000,ISIC_0026377,nv,HAM_0001019
0,0.3963966965675354,1,ham10000,ISIC_0030912,nv,HAM_0001020
0,0.36094507575035095,1,ham10000,ISIC_0031332,nv,HAM_0001021
0,0.5396413207054138,1,ham10000,ISIC_0026414,nv,HAM_0001022
1,0.40900054574012756,1,ham10000,ISIC_0026468,akiec,HAM_0001023
0,0.18135172128677368,1,ham10000,ISIC_0027192,bkl,HAM_0001024
0,0.2229466587305069,1,ham10000,ISIC_0030891,nv,HAM_0001025
0,0.23772376775741577,1,ham10000,ISIC_0033743,nv,HAM_0001026
0,0.4319188892841339,1,ham10000,ISIC_0026455,nv,HAM_0001027
0,0.4223119616508484,1,ham10000,ISIC_0031220,nv,HAM_0001028
0,0.08024660497903824,0,ham10000,ISIC_0024384,nv,HAM_0001029
0,0.21096253395080566,1,ham10000,ISIC_0027363,nv,HAM_0001030
0,0.5583175420761108,1,ham10000,ISIC_0030626,nv,HAM_0001031
0,0.28938204050064087,1,ham10000,ISIC_0028321,nv,HAM_0001032
0,0.15968099236488342,0,ham10000,ISIC_0031658,nv,HAM_0001033
0,0.36603349447250366,1,ham10000,ISIC_0026691,nv,HAM_0001034
0,0.2821517288684845,1,ham10000,ISIC_0026129,nv,HAM_0001035
1,0.5721399784088135,1,ham10000,ISIC_0027588,akiec,HAM_0001036
0,0.6407977938652039,1,ham10000,ISIC_0031645,nv,HAM_0001037
0,0.08680203557014465,0,ham10000,ISIC_0024706,vasc,HAM_0001038
0,0.21093814074993134,1,ham10000,ISIC_0026356,nv,HAM_0001039
0,0.301074355840683,1,ham10000,ISIC_0032747,nv,HAM_0001040
0,0.5648643374443054,1,ham10000,ISIC_0026886,nv,HAM_0001041
0,0.4227805435657501,1,ham10000,ISIC_0025246,nv,HAM_0001042
0,0.38767507672309875,1,ham10000,ISIC_0026035,nv,HAM_0001043
0,0.08423186093568802,0,ham10000,ISIC_0027322,nv,HAM_0001044
0,0.23066624999046326,1,ham10000,ISIC_0024605,nv,HAM_0001045
0,0.3004749119281769,1,ham10000,ISIC_0032951,nv,HAM_0001046
0,0.09554595500230789,0,ham10000,ISIC_0028853,nv,HAM_0001047
1,0.45272985100746155,1,ham10000,ISIC_0026525,akiec,HAM_0001048
0,0.29188162088394165,1,ham10000,ISIC_0027703,nv,HAM_0001049
0,0.2146489918231964,1,ham10000,ISIC_0030317,nv,HAM_0001050
0,0.20138433575630188,1,ham10000,ISIC_0024686,nv,HAM_0001051
0,0.43138206005096436,1,ham10000,ISIC_0031053,nv,HAM_0001052
0,0.5174607634544373,1,ham10000,ISIC_0030998,bkl,HAM_0001053
0,0.26511263847351074,1,ham10000,ISIC_0029006,nv,HAM_0001054
0,0.48929286003112793,1,ham10000,ISIC_0028120,bkl,HAM_0001055
0,0.16284537315368652,0,ham10000,ISIC_0025329,nv,HAM_0001056
0,0.46999332308769226,1,ham10000,ISIC_0024381,bkl,HAM_0001057
0,0.4095667898654938,1,ham10000,ISIC_0024716,nv,HAM_0001058
0,0.11576979607343674,0,ham10000,ISIC_0029282,nv,HAM_0001059
0,0.1545637547969818,0,ham10000,ISIC_0024405,nv,HAM_0001060
0,0.16742826998233795,0,ham10000,ISIC_0029526,nv,HAM_0001061
0,0.4211861491203308,1,ham10000,ISIC_0027710,bkl,HAM_0001062
0,0.4184685945510864,1,ham10000,ISIC_0027180,nv,HAM_0001063
0,0.4525851607322693,1,ham10000,ISIC_0031797,nv,HAM_0001064
0,0.306548148393631,1,ham10000,ISIC_0030035,nv,HAM_0001065
0,0.3080906569957733,1,ham10000,ISIC_0028949,nv,HAM_0001066
0,0.4192968010902405,1,ham10000,ISIC_0028813,nv,HAM_0001067
0,0.263266384601593,1,ham10000,ISIC_0029365,nv,HAM_0001068
1,0.5287085175514221,1,ham10000,ISIC_0028898,mel,HAM_0001069
0,0.27520161867141724,1,ham10000,ISIC_0027499,nv,HAM_0001070
0,0.5401413440704346,1,ham10000,ISIC_0027570,nv,HAM_0001071
0,0.37063631415367126,1,ham10000,ISIC_0026041,nv,HAM_0001072
0,0.4340195655822754,1,ham10000,ISIC_0027990,bkl,HAM_0001073
0,0.3403361439704895,1,ham10000,ISIC_0030764,nv,HAM_0001074
0,0.2757329046726227,1,ham10000,ISIC_0028743,nv,HAM_0001075
0,0.666304886341095,1,ham10000,ISIC_0032646,nv,HAM_0001076
0,0.40586602687835693,1,ham10000,ISIC_0025846,nv,HAM_0001077
1,0.2454538494348526,1,ham10000,ISIC_0027851,bcc,HAM_0001078
0,0.3815220296382904,1,ham10000,ISIC_0031371,nv,HAM_0001079
0,0.28370001912117004,1,ham10000,ISIC_0028762,nv,HAM_0001080
0,0.12123521417379379,0,ham10000,ISIC_0026278,nv,HAM_0001081
0,0.4842461049556732,1,ham10000,ISIC_0024696,bkl,HAM_0001082
0,0.35480138659477234,1,ham10000,ISIC_0025540,nv,HAM_0001083
0,0.3370828330516815,1,ham10000,ISIC_0030946,nv,HAM_0001084
0,0.4519529342651367,1,ham10000,ISIC_0025919,nv,HAM_0001085
0,0.3741622865200043,1,ham10000,ISIC_0030499,nv,HAM_0001086
0,0.39096224308013916,1,ham10000,ISIC_0031785,nv,HAM_0001087
0,0.42384713888168335,1,ham10000,ISIC_0031959,nv,HAM_0001088
0,0.43815791606903076,1,ham10000,ISIC_0029941,nv,HAM_0001089
0,0.31127598881721497,1,ham10000,ISIC_0031207,nv,HAM_0001090
0,0.490208238363266,1,ham10000,ISIC_0031955,vasc,HAM_0001091
0,0.23592190444469452,1,ham10000,ISIC_0031962,nv,HAM_0001092
0,0.13617147505283356,0,ham10000,ISIC_0032198,nv,HAM_0001093
0,0.3819761276245117,1,ham10000,ISIC_0031150,bkl,HAM_0001094
1,0.49035918712615967,1,ham10000,ISIC_0026647,mel,HAM_0001095
0,0.358010470867157,1,ham10000,ISIC_0026932,nv,HAM_0001096
0,0.4909082055091858,1,ham10000,ISIC_0032950,nv,HAM_0001097
0,0.19678260385990143,1,ham10000,ISIC_0024671,nv,HAM_0001098
0,0.1917114406824112,1,ham10000,ISIC_0027955,nv,HAM_0001099
0,0.3743499219417572,1,ham10000,ISIC_0028194,nv,HAM_0001100
0,0.5449578166007996,1,ham10000,ISIC_0030621,nv,HAM_0001101
0,0.4113583266735077,1,ham10000,ISIC_0029903,nv,HAM_0001102
0,0.41562938690185547,1,ham10000,ISIC_0030918,nv,HAM_0001103
0,0.4359063506126404,1,ham10000,ISIC_0027183,nv,HAM_0001104
1,0.28110653162002563,1,ham10000,ISIC_0025592,mel,HAM_0001105
0,0.47393298149108887,1,ham10000,ISIC_0033225,nv,HAM_0001106
0,0.39917635917663574,1,ham10000,ISIC_0027644,nv,HAM_0001107
0,0.24452784657478333,1,ham10000,ISIC_0027313,nv,HAM_0001108
0,0.38568389415740967,1,ham10000,ISIC_0027636,nv,HAM_0001109
0,0.31697651743888855,1,ham10000,ISIC_0024413,nv,HAM_0001110
0,0.4726516306400299,1,ham10000,ISIC_0026209,nv,HAM_0001111
0,0.4246779680252075,1,ham10000,ISIC_0024359,nv,HAM_0001112
1,0.5959048271179199,1,ham10000,ISIC_0031900,mel,HAM_0001113
0,0.40350890159606934,1,ham10000,ISIC_0031260,nv,HAM_0001114
0,0.14871475100517273,0,ham10000,ISIC_0024778,nv,HAM_0001115
0,0.4297400414943695,1,ham10000,ISIC_0028601,nv,HAM_0001116
0,0.4195428788661957,1,ham10000,ISIC_0027411,nv,HAM_0001117
0,0.2020585983991623,1,ham10000,ISIC_0033332,nv,HAM_0001118
0,0.46049878001213074,1,ham10000,ISIC_0025726,nv,HAM_0001120
0,0.39153560996055603,1,ham10000,ISIC_0024788,nv,HAM_0001121
0,0.1553279012441635,0,ham10000,ISIC_0030104,vasc,HAM_0001122
0,0.09544854611158371,0,ham10000,ISIC_0027554,nv,HAM_0001123
0,0.07153578102588654,0,ham10000,ISIC_0026587,nv,HAM_0001124
0,0.42316970229148865,1,ham10000,ISIC_0024827,nv,HAM_0001125
0,0.3529278337955475,1,ham10000,ISIC_0025123,nv,HAM_0001126
0,0.3026118278503418,1,ham10000,ISIC_0029307,nv,HAM_0001127
0,0.3589952886104584,1,ham10000,ISIC_0029444,nv,HAM_0001128
1,0.3312237560749054,1,ham10000,ISIC_0030352,bcc,HAM_0001129
0,0.5115681290626526,1,ham10000,ISIC_0024694,nv,HAM_0001130
0,0.16173776984214783,0,ham10000,ISIC_0029601,nv,HAM_0001131
0,0.0870358794927597,0,ham10000,ISIC_0031562,nv,HAM_0001132
0,0.14254096150398254,0,ham10000,ISIC_0032980,nv,HAM_0001133
0,0.44471314549446106,1,ham10000,ISIC_0026913,nv,HAM_0001134
1,0.24673207104206085,1,ham10000,ISIC_0033152,mel,HAM_0001135
0,0.45938584208488464,1,ham10000,ISIC_0031848,nv,HAM_0001136
0,0.4140981435775757,1,ham10000,ISIC_0029359,nv,HAM_0001137
1,0.3457258641719818,1,ham10000,ISIC_0032768,bcc,HAM_0001138
0,0.27440500259399414,1,ham10000,ISIC_0033028,nv,HAM_0001139
0,0.2715061902999878,1,ham10000,ISIC_0024884,nv,HAM_0001140
0,0.28114792704582214,1,ham10000,ISIC_0028918,nv,HAM_0001141
0,0.1909567415714264,1,ham10000,ISIC_0024503,nv,HAM_0001142
1,0.7397121787071228,1,ham10000,ISIC_0033426,mel,HAM_0001143
0,0.3833934962749481,1,ham10000,ISIC_0030673,nv,HAM_0001144
0,0.31982770562171936,1,ham10000,ISIC_0030400,nv,HAM_0001145
0,0.4386032521724701,1,ham10000,ISIC_0032480,nv,HAM_0001146
0,0.40092039108276367,1,ham10000,ISIC_0033375,nv,HAM_0001147
0,0.4457741379737854,1,ham10000,ISIC_0030103,nv,HAM_0001148
0,0.07125666737556458,0,ham10000,ISIC_0028924,nv,HAM_0001149
1,0.501744270324707,1,ham10000,ISIC_0030486,mel,HAM_0001150
0,0.0885685607790947,0,ham10000,ISIC_0024649,nv,HAM_0001151
1,0.5609548091888428,1,ham10000,ISIC_0030133,akiec,HAM_0001152
0,0.6385411024093628,1,ham10000,ISIC_0025849,nv,HAM_0001153
0,0.4217225909233093,1,ham10000,ISIC_0025013,nv,HAM_0001154
1,0.4619711935520172,1,ham10000,ISIC_0032987,mel,HAM_0001155
0,0.17675632238388062,1,ham10000,ISIC_0030811,nv,HAM_0001156
0,0.6086916327476501,1,ham10000,ISIC_0027423,nv,HAM_0001157
0,0.45237410068511963,1,ham10000,ISIC_0025022,nv,HAM_0001158
0,0.32050883769989014,1,ham10000,ISIC_0026533,nv,HAM_0001159
0,0.469716876745224,1,ham10000,ISIC_0024340,nv,HAM_0001160
0,0.36655908823013306,1,ham10000,ISIC_0028691,nv,HAM_0001161
0,0.33627191185951233,1,ham10000,ISIC_0029211,nv,HAM_0001162
0,0.18660308420658112,1,ham10000,ISIC_0028997,nv,HAM_0001163
0,0.5589148998260498,1,ham10000,ISIC_0027118,df,HAM_0001164
0,0.34012290835380554,1,ham10000,ISIC_0030199,nv,HAM_0001165
0,0.27572908997535706,1,ham10000,ISIC_0026851,nv,HAM_0001166
0,0.15992556512355804,0,ham10000,ISIC_0028448,bkl,HAM_0001167
0,0.4135570526123047,1,ham10000,ISIC_0024803,nv,HAM_0001168
0,0.4403519034385681,1,ham10000,ISIC_0029328,nv,HAM_0001169
0,0.434182345867157,1,ham10000,ISIC_0032202,nv,HAM_0001170
0,0.38887566328048706,1,ham10000,ISIC_0032346,nv,HAM_0001171
0,0.9800077676773071,1,ham10000,ISIC_0024821,nv,HAM_0001172
1,0.40492913126945496,1,ham10000,ISIC_0030827,akiec,HAM_0001173
1,0.5431092381477356,1,ham10000,ISIC_0033027,mel,HAM_0001174
0,0.28569936752319336,1,ham10000,ISIC_0033191,nv,HAM_0001175
1,0.47693634033203125,1,ham10000,ISIC_0028644,akiec,HAM_0001176
0,0.510252058506012,1,ham10000,ISIC_0025154,df,HAM_0001177
1,0.7019504904747009,1,ham10000,ISIC_0031570,akiec,HAM_0001178
0,0.2181631475687027,1,ham10000,ISIC_0029928,nv,HAM_0001179
0,0.23157218098640442,1,ham10000,ISIC_0029303,nv,HAM_0001180
0,0.15760484337806702,0,ham10000,ISIC_0030409,nv,HAM_0001181
0,0.2508057653903961,1,ham10000,ISIC_0029361,nv,HAM_0001182
1,0.7455256581306458,1,ham10000,ISIC_0027846,bcc,HAM_0001183
0,0.252607136964798,1,ham10000,ISIC_0028330,nv,HAM_0001184
0,0.3850254416465759,1,ham10000,ISIC_0029063,nv,HAM_0001185
0,0.7494887113571167,1,ham10000,ISIC_0033391,bkl,HAM_0001186
0,0.2383078783750534,1,ham10000,ISIC_0027914,nv,HAM_0001187
0,0.3862714171409607,1,ham10000,ISIC_0032162,nv,HAM_0001188
0,0.35464853048324585,1,ham10000,ISIC_0029777,nv,HAM_0001189
0,0.3926004469394684,1,ham10000,ISIC_0026071,nv,HAM_0001190
0,0.20602431893348694,1,ham10000,ISIC_0028452,nv,HAM_0001191
0,0.5557504892349243,1,ham10000,ISIC_0031546,nv,HAM_0001192
0,0.22912059724330902,1,ham10000,ISIC_0029125,nv,HAM_0001193
0,0.39371246099472046,1,ham10000,ISIC_0028991,nv,HAM_0001194
0,0.3352879583835602,1,ham10000,ISIC_0031161,nv,HAM_0001195
0,0.25720706582069397,1,ham10000,ISIC_0028088,nv,HAM_0001196
0,0.2747417092323303,1,ham10000,ISIC_0031420,nv,HAM_0001197
0,0.06801040470600128,0,ham10000,ISIC_0025441,nv,HAM_0001198
0,0.29488152265548706,1,ham10000,ISIC_0025802,nv,HAM_0001199
0,0.708920419216156,1,ham10000,ISIC_0025716,bkl,HAM_0001200
0,0.3853190243244171,1,ham10000,ISIC_0024691,nv,HAM_0001201
1,0.7117423415184021,1,ham10000,ISIC_0028022,mel,HAM_0001202
1,0.47892647981643677,1,ham10000,ISIC_0025081,mel,HAM_0001203
0,0.313469260931015,1,ham10000,ISIC_0030185,nv,HAM_0001204
0,0.3767278790473938,1,ham10000,ISIC_0025034,nv,HAM_0001205
0,0.22824937105178833,1,ham10000,ISIC_0031320,nv,HAM_0001206
0,0.5680986046791077,1,ham10000,ISIC_0032436,nv,HAM_0001207
0,0.39937296509742737,1,ham10000,ISIC_0026047,nv,HAM_0001208
0,0.5072629451751709,1,ham10000,ISIC_0033064,nv,HAM_0001209
0,0.4631693363189697,1,ham10000,ISIC_0025841,nv,HAM_0001210
0,0.5072664022445679,1,ham10000,ISIC_0033781,nv,HAM_0001211
0,0.620580792427063,1,ham10000,ISIC_0024846,nv,HAM_0001212
0,0.29334160685539246,1,ham10000,ISIC_0026731,nv,HAM_0001213
1,0.6700266599655151,1,ham10000,ISIC_0025439,mel,HAM_0001214
1,0.5147936940193176,1,ham10000,ISIC_0025260,bcc,HAM_0001215
0,0.2852286994457245,1,ham10000,ISIC_0026499,nv,HAM_0001216
0,0.4308965504169464,1,ham10000,ISIC_0032864,nv,HAM_0001218
1,0.4576362073421478,1,ham10000,ISIC_0028335,akiec,HAM_0001219
0,0.46753019094467163,1,ham10000,ISIC_0027931,nv,HAM_0001220
0,0.6558688879013062,1,ham10000,ISIC_0026637,bkl,HAM_0001221
0,0.14703141152858734,0,ham10000,ISIC_0029916,nv,HAM_0001222
0,0.5109013915061951,1,ham10000,ISIC_0030789,bkl,HAM_0001223
0,0.3828720152378082,1,ham10000,ISIC_0030777,nv,HAM_0001224
0,0.3992865979671478,1,ham10000,ISIC_0025977,nv,HAM_0001225
0,0.5680816769599915,1,ham10000,ISIC_0030636,bkl,HAM_0001226
0,0.39336878061294556,1,ham10000,ISIC_0032210,nv,HAM_0001227
0,0.20983946323394775,1,ham10000,ISIC_0031717,nv,HAM_0001228
0,0.13733485341072083,0,ham10000,ISIC_0032401,nv,HAM_0001229
0,0.6177506446838379,1,ham10000,ISIC_0025295,nv,HAM_0001230
0,0.16142982244491577,0,ham10000,ISIC_0025878,nv,HAM_0001231
0,0.504858136177063,1,ham10000,ISIC_0026614,bkl,HAM_0001232
0,0.1564195305109024,0,ham10000,ISIC_0029110,nv,HAM_0001233
1,0.6205270290374756,1,ham10000,ISIC_0031940,akiec,HAM_0001234
0,0.04432971030473709,0,ham10000,ISIC_0024530,nv,HAM_0001235
0,0.38661840558052063,1,ham10000,ISIC_0030615,nv,HAM_0001236
1,0.5907642841339111,1,ham10000,ISIC_0029680,bcc,HAM_0001237
0,0.09998886287212372,0,ham10000,ISIC_0032409,vasc,HAM_0001238
1,0.6446923613548279,1,ham10000,ISIC_0031640,bcc,HAM_0001239
0,0.22517378628253937,1,ham10000,ISIC_0026871,bkl,HAM_0001240
0,0.4549368619918823,1,ham10000,ISIC_0031461,nv,HAM_0001241
0,0.44684040546417236,1,ham10000,ISIC_0025988,nv,HAM_0001242
1,0.5752710103988647,1,ham10000,ISIC_0033747,bcc,HAM_0001243
0,0.19233465194702148,1,ham10000,ISIC_0030530,nv,HAM_0001244
0,0.5909234881401062,1,ham10000,ISIC_0025575,bkl,HAM_0001245
0,0.4521748125553131,1,ham10000,ISIC_0032822,nv,HAM_0001246
0,0.3516581356525421,1,ham10000,ISIC_0024557,nv,HAM_0001247
0,0.4196162521839142,1,ham10000,ISIC_0025177,nv,HAM_0001248
0,0.38083264231681824,1,ham10000,ISIC_0033817,vasc,HAM_0001249
0,0.2838534414768219,1,ham10000,ISIC_0026972,nv,HAM_0001251
0,0.09960830211639404,0,ham10000,ISIC_0026284,nv,HAM_0001252
0,0.3317626118659973,1,ham10000,ISIC_0025704,nv,HAM_0001253
0,0.22002439200878143,1,ham10000,ISIC_0030987,nv,HAM_0001254
0,0.27364733815193176,1,ham10000,ISIC_0030948,nv,HAM_0001255
0,0.167886421084404,0,ham10000,ISIC_0025997,nv,HAM_0001256
0,0.22292928397655487,1,ham10000,ISIC_0024614,nv,HAM_0001257
1,0.423590749502182,1,ham10000,ISIC_0025331,akiec,HAM_0001258
0,0.5189502835273743,1,ham10000,ISIC_0028252,nv,HAM_0001259
0,0.24902835488319397,1,ham10000,ISIC_0024421,nv,HAM_0001260
0,0.1162799671292305,0,ham10000,ISIC_0025332,nv,HAM_0001261
0,0.3702753186225891,1,ham10000,ISIC_0026677,nv,HAM_0001262
0,0.36105623841285706,1,ham10000,ISIC_0031463,nv,HAM_0001263
0,0.511552631855011,1,ham10000,ISIC_0032838,nv,HAM_0001264
0,0.200919970870018,1,ham10000,ISIC_0025061,nv,HAM_0001265
1,0.5033915042877197,1,ham10000,ISIC_0029909,mel,HAM_0001266
0,0.07065609842538834,0,ham10000,ISIC_0030454,nv,HAM_0001267
0,0.22685760259628296,1,ham10000,ISIC_0025535,nv,HAM_0001268
0,0.512346088886261,1,ham10000,ISIC_0027582,nv,HAM_0001269
0,0.33254116773605347,1,ham10000,ISIC_0031935,nv,HAM_0001270
0,0.3382751941680908,1,ham10000,ISIC_0030949,nv,HAM_0001271
1,0.7392936944961548,1,ham10000,ISIC_0029265,mel,HAM_0001272
0,0.5180802345275879,1,ham10000,ISIC_0027806,bkl,HAM_0001273
1,0.43035441637039185,1,ham10000,ISIC_0032462,mel,HAM_0001274
0,0.23628005385398865,1,ham10000,ISIC_0025495,nv,HAM_0001275
0,0.5987368226051331,1,ham10000,ISIC_0031948,nv,HAM_0001276
1,0.41559886932373047,1,ham10000,ISIC_0031927,akiec,HAM_0001277
0,0.36187291145324707,1,ham10000,ISIC_0024527,nv,HAM_0001278
0,0.6413862109184265,1,ham10000,ISIC_0025855,nv,HAM_0001279
1,0.5839400291442871,1,ham10000,ISIC_0033704,mel,HAM_0001280
0,0.10655812174081802,0,ham10000,ISIC_0027048,nv,HAM_0001281
0,0.4070297181606293,1,ham10000,ISIC_0028269,nv,HAM_0001282
1,0.6794129014015198,1,ham10000,ISIC_0026845,bcc,HAM_0001283
1,0.5853215456008911,1,ham10000,ISIC_0024972,mel,HAM_0001284
0,0.31121376156806946,1,ham10000,ISIC_0031553,nv,HAM_0001285
0,0.44161882996559143,1,ham10000,ISIC_0031846,nv,HAM_0001286
0,0.396878719329834,1,ham10000,ISIC_0024535,nv,HAM_0001287
0,0.2476966828107834,1,ham10000,ISIC_0029757,nv,HAM_0001288
0,0.23606328666210175,1,ham10000,ISIC_0026725,nv,HAM_0001289
0,0.14634044468402863,0,ham10000,ISIC_0032263,nv,HAM_0001290
0,0.040123336017131805,0,ham10000,ISIC_0024613,nv,HAM_0001291
0,0.4047272801399231,1,ham10000,ISIC_0027094,bkl,HAM_0001292
0,0.4020163118839264,1,ham10000,ISIC_0030062,nv,HAM_0001293
0,0.5365849137306213,1,ham10000,ISIC_0028124,bkl,HAM_0001294
0,0.3816553056240082,1,ham10000,ISIC_0024703,nv,HAM_0001295
1,0.4853161573410034,1,ham10000,ISIC_0028316,bcc,HAM_0001296
0,0.4836466312408447,1,ham10000,ISIC_0030135,nv,HAM_0001297
0,0.19306492805480957,1,ham10000,ISIC_0024731,nv,HAM_0001298
1,0.6762495040893555,1,ham10000,ISIC_0026545,mel,HAM_0001299
0,0.3331182897090912,1,ham10000,ISIC_0029497,nv,HAM_0001300
1,0.5122426152229309,1,ham10000,ISIC_0032307,bcc,HAM_0001301
1,0.5686681866645813,1,ham10000,ISIC_0032206,akiec,HAM_0001302
0,0.09691771864891052,0,ham10000,ISIC_0028753,nv,HAM_0001303
0,0.1374792456626892,0,ham10000,ISIC_0028328,nv,HAM_0001304
0,0.2952311336994171,1,ham10000,ISIC_0030887,nv,HAM_0001305
0,0.39266523718833923,1,ham10000,ISIC_0026603,nv,HAM_0001306
0,0.39809340238571167,1,ham10000,ISIC_0025041,nv,HAM_0001307
0,0.4394516050815582,1,ham10000,ISIC_0025740,nv,HAM_0001308
0,0.3528114855289459,1,ham10000,ISIC_0032876,bkl,HAM_0001309
0,0.533230185508728,1,ham10000,ISIC_0027820,bkl,HAM_0001310
0,0.2561277449131012,1,ham10000,ISIC_0031544,nv,HAM_0001311
0,0.4014914333820343,1,ham10000,ISIC_0024871,bkl,HAM_0001312
0,0.4021013677120209,1,ham10000,ISIC_0025562,nv,HAM_0001313
0,0.0689311996102333,0,ham10000,ISIC_0029675,nv,HAM_0001314
0,0.48963573575019836,1,ham10000,ISIC_0031628,nv,HAM_0001315
0,0.4668515920639038,1,ham10000,ISIC_0031660,nv,HAM_0001316
0,0.26576152443885803,1,ham10000,ISIC_0027995,nv,HAM_0001317
0,0.2902941405773163,1,ham10000,ISIC_0028305,nv,HAM_0001318
0,0.6835916042327881,1,ham10000,ISIC_0026053,nv,HAM_0001319
0,0.3226551115512848,1,ham10000,ISIC_0028638,nv,HAM_0001320
0,0.5498738884925842,1,ham10000,ISIC_0032831,nv,HAM_0001321
0,0.40226873755455017,1,ham10000,ISIC_0028962,nv,HAM_0001322
0,0.31946703791618347,1,ham10000,ISIC_0032087,nv,HAM_0001323
0,0.5161120295524597,1,ham10000,ISIC_0028435,nv,HAM_0001324
0,0.4675438404083252,1,ham10000,ISIC_0030522,bkl,HAM_0001325
1,0.5980079770088196,1,ham10000,ISIC_0030145,bcc,HAM_0001326
0,0.4936906695365906,1,ham10000,ISIC_0032489,nv,HAM_0001327
1,0.5618945360183716,1,ham10000,ISIC_0028442,mel,HAM_0001328
0,0.23938189446926117,1,ham10000,ISIC_0029650,nv,HAM_0001329
0,0.27242040634155273,1,ham10000,ISIC_0026818,nv,HAM_0001330
1,0.8483075499534607,1,ham10000,ISIC_0025824,bcc,HAM_0001331
0,0.2723599970340729,1,ham10000,ISIC_0026953,nv,HAM_0001332
0,0.3260297179222107,1,ham10000,ISIC_0028948,nv,HAM_0001333
0,0.4702775478363037,1,ham10000,ISIC_0030328,nv,HAM_0001334
0,0.25618860125541687,1,ham10000,ISIC_0026555,nv,HAM_0001335
0,0.5179944634437561,1,ham10000,ISIC_0028935,nv,HAM_0001336
1,0.7560693025588989,1,ham10000,ISIC_0032455,akiec,HAM_0001337
0,0.38067445158958435,1,ham10000,ISIC_0028428,nv,HAM_0001338
0,0.4141126871109009,1,ham10000,ISIC_0026201,nv,HAM_0001339
0,0.1305910050868988,0,ham10000,ISIC_0025290,nv,HAM_0001340
0,0.34509897232055664,1,ham10000,ISIC_0025191,nv,HAM_0001341
0,0.6454729437828064,1,ham10000,ISIC_0029366,nv,HAM_0001342
1,0.7409374713897705,1,ham10000,ISIC_0032687,mel,HAM_0001344
0,0.43915873765945435,1,ham10000,ISIC_0028407,nv,HAM_0001345
0,0.3883180618286133,1,ham10000,ISIC_0026928,nv,HAM_0001346
0,0.18809999525547028,1,ham10000,ISIC_0025181,nv,HAM_0001347
0,0.10782801359891891,0,ham10000,ISIC_0028259,nv,HAM_0001348
1,0.5648660063743591,1,ham10000,ISIC_0024351,mel,HAM_0001349
0,0.2116917222738266,1,ham10000,ISIC_0030221,nv,HAM_0001350
0,0.2965293824672699,1,ham10000,ISIC_0031684,nv,HAM_0001351
0,0.2739070653915405,1,ham10000,ISIC_0029896,nv,HAM_0001352
1,0.3909533619880676,1,ham10000,ISIC_0024886,mel,HAM_0001353
0,0.6148113012313843,1,ham10000,ISIC_0033321,bkl,HAM_0001354
0,0.36561062932014465,1,ham10000,ISIC_0028711,nv,HAM_0001355
0,0.22099749743938446,1,ham10000,ISIC_0026333,nv,HAM_0001356
0,0.1124139279127121,0,ham10000,ISIC_0027145,nv,HAM_0001357
0,0.5907124280929565,1,ham10000,ISIC_0032680,nv,HAM_0001358
0,0.5403335690498352,1,ham10000,ISIC_0024312,bkl,HAM_0001359
0,0.0824614092707634,0,ham10000,ISIC_0029965,nv,HAM_0001360
0,0.4251852333545685,1,ham10000,ISIC_0026076,nv,HAM_0001361
0,0.5978405475616455,1,ham10000,ISIC_0025838,bkl,HAM_0001362
0,0.25770390033721924,1,ham10000,ISIC_0026900,nv,HAM_0001363
0,0.31476467847824097,1,ham10000,ISIC_0029510,nv,HAM_0001364
0,0.23846027255058289,1,ham10000,ISIC_0026307,nv,HAM_0001365
0,0.11696183681488037,0,ham10000,ISIC_0032814,nv,HAM_0001366
0,0.39938798546791077,1,ham10000,ISIC_0029239,nv,HAM_0001367
0,0.4808979630470276,1,ham10000,ISIC_0029445,nv,HAM_0001368
1,0.37244608998298645,1,ham10000,ISIC_0026957,bcc,HAM_0001369
0,0.08705001324415207,0,ham10000,ISIC_0030257,nv,HAM_0001370
0,0.21473270654678345,1,ham10000,ISIC_0029322,nv,HAM_0001371
0,0.07329002022743225,0,ham10000,ISIC_0031103,vasc,HAM_0001372
0,0.3931541442871094,1,ham10000,ISIC_0029999,nv,HAM_0001373
0,0.3855036795139313,1,ham10000,ISIC_0029946,nv,HAM_0001374
0,0.23504893481731415,1,ham10000,ISIC_0026238,nv,HAM_0001375
0,0.3579002618789673,1,ham10000,ISIC_0031437,nv,HAM_0001376
0,0.1386456936597824,0,ham10000,ISIC_0030054,nv,HAM_0001377
1,0.4843946397304535,1,ham10000,ISIC_0025313,mel,HAM_0001378
0,0.17742864787578583,1,ham10000,ISIC_0030618,nv,HAM_0001379
0,0.3686699867248535,1,ham10000,ISIC_0031568,nv,HAM_0001380
0,0.3424034118652344,1,ham10000,ISIC_0028870,nv,HAM_0001381
0,0.22094494104385376,1,ham10000,ISIC_0028922,nv,HAM_0001382
1,0.5435588359832764,1,ham10000,ISIC_0027700,akiec,HAM_0001383
0,0.39879482984542847,1,ham10000,ISIC_0033397,bkl,HAM_0001384
0,0.5499570965766907,1,ham10000,ISIC_0033212,bkl,HAM_0001385
1,0.31492161750793457,1,ham10000,ISIC_0027668,akiec,HAM_0001386
0,0.35788431763648987,1,ham10000,ISIC_0024879,nv,HAM_0001387
1,0.5625084638595581,1,ham10000,ISIC_0032225,bcc,HAM_0001388
0,0.5997066497802734,1,ham10000,ISIC_0026775,bkl,HAM_0001389
1,0.4840300679206848,1,ham10000,ISIC_0024411,bcc,HAM_0001390
0,0.30732521414756775,1,ham10000,ISIC_0024584,nv,HAM_0001391
0,0.2629415988922119,1,ham10000,ISIC_0030411,nv,HAM_0001392
0,0.30628207325935364,1,ham10000,ISIC_0027418,nv,HAM_0001393
0,0.40967682003974915,1,ham10000,ISIC_0031864,nv,HAM_0001394
0,0.14601999521255493,0,ham10000,ISIC_0031818,nv,HAM_0001395
0,0.6821818947792053,1,ham10000,ISIC_0025276,bkl,HAM_0001396
1,0.5662729740142822,1,ham10000,ISIC_0026796,mel,HAM_0001397
0,0.3569100499153137,1,ham10000,ISIC_0027934,nv,HAM_0001398
0,0.3306175768375397,1,ham10000,ISIC_0030207,bkl,HAM_0001399
0,0.5764866471290588,1,ham10000,ISIC_0033059,nv,HAM_0001400
0,0.23917992413043976,1,ham10000,ISIC_0031729,nv,HAM_0001401
0,0.42557665705680847,1,ham10000,ISIC_0031558,bkl,HAM_0001402
0,0.39094066619873047,1,ham10000,ISIC_0025852,nv,HAM_0001403
0,0.0801507756114006,0,ham10000,ISIC_0028533,nv,HAM_0001404
0,0.3005308508872986,1,ham10000,ISIC_0033033,nv,HAM_0001405
0,0.37585940957069397,1,ham10000,ISIC_0026592,nv,HAM_0001406
0,0.31195133924484253,1,ham10000,ISIC_0025931,nv,HAM_0001407
0,0.11422804743051529,0,ham10000,ISIC_0031004,nv,HAM_0001408
1,0.6154277920722961,1,ham10000,ISIC_0026188,mel,HAM_0001409
0,0.551156759262085,1,ham10000,ISIC_0024830,nv,HAM_0001410
0,0.31239789724349976,1,ham10000,ISIC_0027869,nv,HAM_0001411
1,0.6502559185028076,1,ham10000,ISIC_0033678,mel,HAM_0001412
0,0.3424169719219208,1,ham10000,ISIC_0032104,nv,HAM_0001413
0,0.2023073136806488,1,ham10000,ISIC_0024473,nv,HAM_0001414
1,0.551600992679596,1,ham10000,ISIC_0025019,bcc,HAM_0001415
1,0.5735419392585754,1,ham10000,ISIC_0025427,akiec,HAM_0001416
0,0.46167972683906555,1,ham10000,ISIC_0027533,bkl,HAM_0001417
0,0.44557979702949524,1,ham10000,ISIC_0025062,nv,HAM_0001418
0,0.1840716153383255,1,ham10000,ISIC_0024892,nv,HAM_0001419
0,0.3759346604347229,1,ham10000,ISIC_0025544,nv,HAM_0001420
0,0.27533236145973206,1,ham10000,ISIC_0027586,nv,HAM_0001421
0,0.23072949051856995,1,ham10000,ISIC_0029414,nv,HAM_0001422
0,0.44498810172080994,1,ham10000,ISIC_0025454,bkl,HAM_0001423
1,0.43978357315063477,1,ham10000,ISIC_0031318,bcc,HAM_0001424
0,0.3508113622665405,1,ham10000,ISIC_0029701,nv,HAM_0001425
0,0.41464725136756897,1,ham10000,ISIC_0029154,nv,HAM_0001426
0,0.3309221863746643,1,ham10000,ISIC_0032163,nv,HAM_0001427
1,0.5362874269485474,1,ham10000,ISIC_0026268,mel,HAM_0001428
0,0.5250737071037292,1,ham10000,ISIC_0027875,bkl,HAM_0001429
0,0.35551413893699646,1,ham10000,ISIC_0031088,bkl,HAM_0001430
0,0.21926626563072205,1,ham10000,ISIC_0028142,nv,HAM_0001431
0,0.3438829779624939,1,ham10000,ISIC_0024393,nv,HAM_0001432
0,0.41817620396614075,1,ham10000,ISIC_0033735,nv,HAM_0001433
1,0.523082435131073,1,ham10000,ISIC_0028568,bcc,HAM_0001434
0,0.46212828159332275,1,ham10000,ISIC_0028970,bkl,HAM_0001435
0,0.4155137538909912,1,ham10000,ISIC_0029128,nv,HAM_0001436
0,0.4716309905052185,1,ham10000,ISIC_0033314,nv,HAM_0001437
0,0.24782128632068634,1,ham10000,ISIC_0030490,nv,HAM_0001438
0,0.21767663955688477,1,ham10000,ISIC_0024442,nv,HAM_0001439
1,0.5132139325141907,1,ham10000,ISIC_0027704,bcc,HAM_0001440
0,0.3116689920425415,1,ham10000,ISIC_0024660,nv,HAM_0001441
0,0.36169448494911194,1,ham10000,ISIC_0034053,nv,HAM_0001442
0,0.24120932817459106,1,ham10000,ISIC_0025804,bkl,HAM_0001443
1,0.5549427270889282,1,ham10000,ISIC_0024688,mel,HAM_0001444
0,0.39539456367492676,1,ham10000,ISIC_0029433,nv,HAM_0001445
1,0.586124062538147,1,ham10000,ISIC_0026754,mel,HAM_0001446
0,0.3644285798072815,1,ham10000,ISIC_0027247,nv,HAM_0001447
0,0.18038031458854675,1,ham10000,ISIC_0029496,nv,HAM_0001448
0,0.3656305968761444,1,ham10000,ISIC_0028967,nv,HAM_0001449
0,0.44952839612960815,1,ham10000,ISIC_0030771,nv,HAM_0001450
0,0.22876960039138794,1,ham10000,ISIC_0029960,nv,HAM_0001451
0,0.5616674423217773,1,ham10000,ISIC_0026402,nv,HAM_0001452
1,0.38098934292793274,1,ham10000,ISIC_0030991,akiec,HAM_0001453
0,0.4881832003593445,1,ham10000,ISIC_0027466,nv,HAM_0001454
0,0.3631632924079895,1,ham10000,ISIC_0031933,nv,HAM_0001455
1,0.4131578505039215,1,ham10000,ISIC_0025835,mel,HAM_0001456
1,0.5471866726875305,1,ham10000,ISIC_0029856,bcc,HAM_0001457
0,0.4127776622772217,1,ham10000,ISIC_0032136,nv,HAM_0001458
0,0.11066711694002151,0,ham10000,ISIC_0030529,nv,HAM_0001459
1,0.5103874802589417,1,ham10000,ISIC_0025637,akiec,HAM_0001460
0,0.29386067390441895,1,ham10000,ISIC_0028440,nv,HAM_0001461
0,0.08082496374845505,0,ham10000,ISIC_0026748,nv,HAM_0001462
0,0.2610427439212799,1,ham10000,ISIC_0028040,nv,HAM_0001463
0,0.22550998628139496,1,ham10000,ISIC_0028319,nv,HAM_0001464
1,0.6780087351799011,1,ham10000,ISIC_0032699,mel,HAM_0001465
0,0.6843851208686829,1,ham10000,ISIC_0027850,bkl,HAM_0001466
0,0.33633577823638916,1,ham10000,ISIC_0032501,nv,HAM_0001467
0,0.3983958959579468,1,ham10000,ISIC_0024469,nv,HAM_0001468
0,0.272396981716156,1,ham10000,ISIC_0029289,bkl,HAM_0001469
0,0.4169013202190399,1,ham10000,ISIC_0030361,nv,HAM_0001470
0,0.3460007905960083,1,ham10000,ISIC_0031843,nv,HAM_0001471
0,0.1430993527173996,0,ham10000,ISIC_0024334,nv,HAM_0001472
0,0.46344277262687683,1,ham10000,ISIC_0029022,bkl,HAM_0001473
1,0.6998327374458313,1,ham10000,ISIC_0026765,akiec,HAM_0001474
0,0.45707201957702637,1,ham10000,ISIC_0024446,bkl,HAM_0001475
0,0.3423134684562683,1,ham10000,ISIC_0025343,nv,HAM_0001476
0,0.40564069151878357,1,ham10000,ISIC_0024308,nv,HAM_0001477
0,0.4111347794532776,1,ham10000,ISIC_0031689,nv,HAM_0001478
0,0.35171565413475037,1,ham10000,ISIC_0024784,nv,HAM_0001479
0,0.30293330550193787,1,ham10000,ISIC_0026835,bkl,HAM_0001480
0,0.09034234285354614,0,ham10000,ISIC_0028363,nv,HAM_0001481
0,0.2655608355998993,1,ham10000,ISIC_0027691,nv,HAM_0001482
0,0.3023480772972107,1,ham10000,ISIC_0030752,nv,HAM_0001483
0,0.33679088950157166,1,ham10000,ISIC_0032623,nv,HAM_0001484
0,0.2974943220615387,1,ham10000,ISIC_0029853,nv,HAM_0001485
0,0.4724521040916443,1,ham10000,ISIC_0029384,bkl,HAM_0001486
0,0.276587575674057,1,ham10000,ISIC_0031601,bkl,HAM_0001487
0,0.15662944316864014,0,ham10000,ISIC_0031765,nv,HAM_0001489
0,0.487754225730896,1,ham10000,ISIC_0033176,nv,HAM_0001490
0,0.32498452067375183,1,ham10000,ISIC_0027396,nv,HAM_0001491
0,0.4348737597465515,1,ham10000,ISIC_0025305,nv,HAM_0001492
0,0.5804278254508972,1,ham10000,ISIC_0032373,bkl,HAM_0001493
0,0.5594899654388428,1,ham10000,ISIC_0026621,nv,HAM_0001494
1,0.7474033832550049,1,ham10000,ISIC_0024913,akiec,HAM_0001495
0,0.173322394490242,0,ham10000,ISIC_0028000,nv,HAM_0001496
0,0.6562703847885132,1,ham10000,ISIC_0026608,nv,HAM_0001497
0,0.2694849669933319,1,ham10000,ISIC_0027523,nv,HAM_0001498
1,0.5988107323646545,1,ham10000,ISIC_0031929,akiec,HAM_0001499
0,0.4369497299194336,1,ham10000,ISIC_0025527,nv,HAM_0001500
0,0.25845223665237427,1,ham10000,ISIC_0024397,nv,HAM_0001501
0,0.21145875751972198,1,ham10000,ISIC_0027482,nv,HAM_0001502
1,0.4053654074668884,1,ham10000,ISIC_0025940,bcc,HAM_0001503
0,0.21775947511196136,1,ham10000,ISIC_0025274,nv,HAM_0001504
1,0.5432157516479492,1,ham10000,ISIC_0024511,akiec,HAM_0001505
1,0.5281336903572083,1,ham10000,ISIC_0033051,mel,HAM_0001506
0,0.46835944056510925,1,ham10000,ISIC_0028362,nv,HAM_0001507
0,0.4127621352672577,1,ham10000,ISIC_0029298,nv,HAM_0001508
0,0.44424542784690857,1,ham10000,ISIC_0033044,nv,HAM_0001509
0,0.49390506744384766,1,ham10000,ISIC_0028100,bkl,HAM_0001510
0,0.38550153374671936,1,ham10000,ISIC_0033002,nv,HAM_0001511
0,0.4744248390197754,1,ham10000,ISIC_0025078,nv,HAM_0001512
0,0.1693301498889923,0,ham10000,ISIC_0032491,nv,HAM_0001513
0,0.13494481146335602,0,ham10000,ISIC_0024659,nv,HAM_0001514
0,0.44276052713394165,1,ham10000,ISIC_0028842,bkl,HAM_0001515
0,0.2369667887687683,1,ham10000,ISIC_0027830,nv,HAM_0001516
0,0.6056909561157227,1,ham10000,ISIC_0028825,nv,HAM_0001517
0,0.2684905230998993,1,ham10000,ISIC_0028914,nv,HAM_0001518
0,0.23240190744400024,1,ham10000,ISIC_0031661,nv,HAM_0001519
1,0.45930495858192444,1,ham10000,ISIC_0027294,akiec,HAM_0001520
0,0.28906169533729553,1,ham10000,ISIC_0031860,nv,HAM_0001521
0,0.2884819209575653,1,ham10000,ISIC_0025084,nv,HAM_0001522
0,0.42806532979011536,1,ham10000,ISIC_0028523,nv,HAM_0001523
1,0.7489832639694214,1,ham10000,ISIC_0032915,mel,HAM_0001524
0,0.4678802490234375,1,ham10000,ISIC_0024355,nv,HAM_0001525
1,0.5982988476753235,1,ham10000,ISIC_0027795,akiec,HAM_0001526
0,0.31563806533813477,1,ham10000,ISIC_0026767,nv,HAM_0001527
1,0.5500181913375854,1,ham10000,ISIC_0025601,bcc,HAM_0001528
0,0.5164743065834045,1,ham10000,ISIC_0025103,bkl,HAM_0001529
0,0.23205524682998657,1,ham10000,ISIC_0030013,nv,HAM_0001530
1,0.6360951662063599,1,ham10000,ISIC_0024951,mel,HAM_0001531
1,0.4818539023399353,1,ham10000,ISIC_0027204,mel,HAM_0001532
0,0.3538397550582886,1,ham10000,ISIC_0028244,nv,HAM_0001533
0,0.4261592924594879,1,ham10000,ISIC_0024365,nv,HAM_0001534
0,0.4054369032382965,1,ham10000,ISIC_0026653,nv,HAM_0001535
0,0.36186888813972473,1,ham10000,ISIC_0026842,bkl,HAM_0001536
0,0.05484946444630623,0,ham10000,ISIC_0026467,vasc,HAM_0001537
0,0.2270597219467163,1,ham10000,ISIC_0024322,nv,HAM_0001538
0,0.608792781829834,1,ham10000,ISIC_0026444,bkl,HAM_0001539
0,0.5147795081138611,1,ham10000,ISIC_0028299,nv,HAM_0001540
0,0.33956417441368103,1,ham10000,ISIC_0026218,nv,HAM_0001541
0,0.46369048953056335,1,ham10000,ISIC_0026874,nv,HAM_0001542
0,0.2937469184398651,1,ham10000,ISIC_0029639,nv,HAM_0001543
0,0.4631258547306061,1,ham10000,ISIC_0030875,nv,HAM_0001544
0,0.2908560037612915,1,ham10000,ISIC_0030278,nv,HAM_0001545
0,0.5258307456970215,1,ham10000,ISIC_0027584,bkl,HAM_0001546
0,0.5569843053817749,1,ham10000,ISIC_0034209,nv,HAM_0001547
0,0.27833521366119385,1,ham10000,ISIC_0032254,nv,HAM_0001548
0,0.3738095164299011,1,ham10000,ISIC_0026723,nv,HAM_0001549
0,0.0968480259180069,0,ham10000,ISIC_0026020,nv,HAM_0001550
1,0.4443860650062561,1,ham10000,ISIC_0027420,mel,HAM_0001551
0,0.5232129096984863,1,ham10000,ISIC_0025899,nv,HAM_0001552
0,0.3532603085041046,1,ham10000,ISIC_0025966,nv,HAM_0001553
0,0.4604714810848236,1,ham10000,ISIC_0030836,nv,HAM_0001554
0,0.22347494959831238,1,ham10000,ISIC_0027236,nv,HAM_0001555
0,0.30400240421295166,1,ham10000,ISIC_0031865,nv,HAM_0001556
0,0.1942080855369568,1,ham10000,ISIC_0029939,nv,HAM_0001557
0,0.24157285690307617,1,ham10000,ISIC_0025007,nv,HAM_0001558
0,0.43674489855766296,1,ham10000,ISIC_0029968,nv,HAM_0001559
0,0.269986629486084,1,ham10000,ISIC_0026181,nv,HAM_0001560
0,0.6297040581703186,1,ham10000,ISIC_0032740,bkl,HAM_0001561
0,0.44306397438049316,1,ham10000,ISIC_0027713,bkl,HAM_0001562
0,0.5192208886146545,1,ham10000,ISIC_0028633,nv,HAM_0001563
0,0.054991357028484344,0,ham10000,ISIC_0027913,nv,HAM_0001564
1,0.6732817888259888,1,ham10000,ISIC_0026709,akiec,HAM_0001565
0,0.5192607045173645,1,ham10000,ISIC_0024747,vasc,HAM_0001566
0,0.3959417939186096,1,ham10000,ISIC_0027398,nv,HAM_0001567
0,0.36271193623542786,1,ham10000,ISIC_0030614,nv,HAM_0001568
0,0.4241698682308197,1,ham10000,ISIC_0030994,nv,HAM_0001569
1,0.6885378956794739,1,ham10000,ISIC_0032872,mel,HAM_0001570
0,0.13602392375469208,0,ham10000,ISIC_0029156,nv,HAM_0001571
0,0.377933531999588,1,ham10000,ISIC_0028933,nv,HAM_0001572
1,0.7411262392997742,1,ham10000,ISIC_0024799,bcc,HAM_0001573
0,0.3482910096645355,1,ham10000,ISIC_0031859,nv,HAM_0001574
1,0.44560477137565613,1,ham10000,ISIC_0028652,bcc,HAM_0001575
1,0.5493600964546204,1,ham10000,ISIC_0033705,akiec,HAM_0001576
0,0.4162859320640564,1,ham10000,ISIC_0029818,nv,HAM_0001577
0,0.32857561111450195,1,ham10000,ISIC_0031003,nv,HAM_0001578
0,0.44705891609191895,1,ham10000,ISIC_0025636,nv,HAM_0001579
0,0.2712656855583191,1,ham10000,ISIC_0024378,nv,HAM_0001580
0,0.1255745142698288,0,ham10000,ISIC_0027288,nv,HAM_0001581
0,0.42745858430862427,1,ham10000,ISIC_0031771,nv,HAM_0001582
0,0.2316412776708603,1,ham10000,ISIC_0025280,nv,HAM_0001583
0,0.12397025525569916,0,ham10000,ISIC_0029004,nv,HAM_0001584
0,0.3437923192977905,1,ham10000,ISIC_0028697,nv,HAM_0001585
0,0.06802958250045776,0,ham10000,ISIC_0030256,nv,HAM_0001586
0,0.338506281375885,1,ham10000,ISIC_0024828,nv,HAM_0001587
0,0.4143151044845581,1,ham10000,ISIC_0031956,nv,HAM_0001588
0,0.402152419090271,1,ham10000,ISIC_0030067,bkl,HAM_0001589
0,0.3427402973175049,1,ham10000,ISIC_0025722,nv,HAM_0001590
0,0.33149173855781555,1,ham10000,ISIC_0032231,nv,HAM_0001591
0,0.07775510847568512,0,ham10000,ISIC_0030686,nv,HAM_0001592
1,0.35717833042144775,1,ham10000,ISIC_0028941,akiec,HAM_0001593
0,0.37209638953208923,1,ham10000,ISIC_0025311,nv,HAM_0001594
0,0.3535428047180176,1,ham10000,ISIC_0032127,nv,HAM_0001595
1,0.4561978876590729,1,ham10000,ISIC_0027071,mel,HAM_0001596
0,0.6030608415603638,1,ham10000,ISIC_0024426,bkl,HAM_0001597
1,0.6221176385879517,1,ham10000,ISIC_0029238,mel,HAM_0001598
0,0.23070299625396729,1,ham10000,ISIC_0026066,nv,HAM_0001599
1,0.7253298759460449,1,ham10000,ISIC_0024675,mel,HAM_0001600
0,0.4752352833747864,1,ham10000,ISIC_0025915,bkl,HAM_0001601
0,0.32732003927230835,1,ham10000,ISIC_0032458,nv,HAM_0001602
0,0.45985496044158936,1,ham10000,ISIC_0031016,bkl,HAM_0001603
0,0.3074377477169037,1,ham10000,ISIC_0024664,nv,HAM_0001604
0,0.3624603748321533,1,ham10000,ISIC_0024422,bkl,HAM_0001605
0,0.326801061630249,1,ham10000,ISIC_0024901,nv,HAM_0001606
1,0.5167642831802368,1,ham10000,ISIC_0028508,mel,HAM_0001607
0,0.453131765127182,1,ham10000,ISIC_0028792,bkl,HAM_0001608
0,0.6497558355331421,1,ham10000,ISIC_0027766,nv,HAM_0001609
1,0.7969951033592224,1,ham10000,ISIC_0028693,bcc,HAM_0001610
0,0.32661697268486023,1,ham10000,ISIC_0031032,nv,HAM_0001611
0,0.3329157829284668,1,ham10000,ISIC_0025618,nv,HAM_0001612
0,0.4572184979915619,1,ham10000,ISIC_0032748,nv,HAM_0001613
0,0.38306713104248047,1,ham10000,ISIC_0027591,nv,HAM_0001614
0,0.35522961616516113,1,ham10000,ISIC_0033048,nv,HAM_0001615
1,0.5023121237754822,1,ham10000,ISIC_0029669,bcc,HAM_0001616
0,0.49434956908226013,1,ham10000,ISIC_0027091,nv,HAM_0001617
1,0.4882589876651764,1,ham10000,ISIC_0030659,bcc,HAM_0001618
0,0.24943076074123383,1,ham10000,ISIC_0033065,nv,HAM_0001619
0,0.38012439012527466,1,ham10000,ISIC_0025466,bkl,HAM_0001620
1,0.550682544708252,1,ham10000,ISIC_0030297,akiec,HAM_0001621
0,0.3783112168312073,1,ham10000,ISIC_0032360,nv,HAM_0001622
0,0.5750068426132202,1,ham10000,ISIC_0027099,nv,HAM_0001623
1,0.6121626496315002,1,ham10000,ISIC_0032277,akiec,HAM_0001624
1,0.3118506669998169,1,ham10000,ISIC_0028224,akiec,HAM_0001625
0,0.4534585773944855,1,ham10000,ISIC_0029124,nv,HAM_0001626
0,0.4400416910648346,1,ham10000,ISIC_0032153,nv,HAM_0001627
0,0.24167247116565704,1,ham10000,ISIC_0024810,nv,HAM_0001628
0,0.4338556230068207,1,ham10000,ISIC_0032317,nv,HAM_0001629
0,0.33266276121139526,1,ham10000,ISIC_0028297,nv,HAM_0001630
0,0.3167142868041992,1,ham10000,ISIC_0025390,nv,HAM_0001631
0,0.49645569920539856,1,ham10000,ISIC_0029132,nv,HAM_0001632
0,0.2817230224609375,1,ham10000,ISIC_0028618,nv,HAM_0001633
0,0.30769288539886475,1,ham10000,ISIC_0025792,nv,HAM_0001634
0,0.5212240815162659,1,ham10000,ISIC_0028240,nv,HAM_0001635
0,0.10353811085224152,0,ham10000,ISIC_0030866,nv,HAM_0001636
0,0.5699104070663452,1,ham10000,ISIC_0031521,nv,HAM_0001637
0,0.4227314293384552,1,ham10000,ISIC_0031006,nv,HAM_0001638
0,0.2581808865070343,1,ham10000,ISIC_0026160,nv,HAM_0001639
1,0.4299434721469879,1,ham10000,ISIC_0031026,bcc,HAM_0001640
0,0.5631269216537476,1,ham10000,ISIC_0033427,nv,HAM_0001641
0,0.6724185347557068,1,ham10000,ISIC_0028490,bkl,HAM_0001642
0,0.3970883786678314,1,ham10000,ISIC_0025000,nv,HAM_0001643
0,0.4782361388206482,1,ham10000,ISIC_0029906,nv,HAM_0001644
0,0.5038045048713684,1,ham10000,ISIC_0032601,nv,HAM_0001645
0,0.131708562374115,0,ham10000,ISIC_0029908,nv,HAM_0001646
1,0.662530243396759,1,ham10000,ISIC_0032975,mel,HAM_0001647
0,0.44387927651405334,1,ham10000,ISIC_0030239,nv,HAM_0001648
0,0.20609380304813385,1,ham10000,ISIC_0030024,nv,HAM_0001650
0,0.483089417219162,1,ham10000,ISIC_0033251,nv,HAM_0001651
0,0.4300733804702759,1,ham10000,ISIC_0026899,nv,HAM_0001652
0,0.1572442501783371,0,ham10000,ISIC_0027895,nv,HAM_0001653
1,0.5888277292251587,1,ham10000,ISIC_0024472,bcc,HAM_0001654
1,0.48528212308883667,1,ham10000,ISIC_0030110,mel,HAM_0001655
0,0.38155755400657654,1,ham10000,ISIC_0026759,nv,HAM_0001656
1,0.29739314317703247,1,ham10000,ISIC_0031529,mel,HAM_0001657
0,0.38766154646873474,1,ham10000,ISIC_0030001,nv,HAM_0001658
0,0.42708998918533325,1,ham10000,ISIC_0026564,nv,HAM_0001659
0,0.2890210747718811,1,ham10000,ISIC_0027078,nv,HAM_0001660
0,0.16480939090251923,0,ham10000,ISIC_0032059,nv,HAM_0001661
0,0.19860276579856873,1,ham10000,ISIC_0030050,nv,HAM_0001662
0,0.08590445667505264,0,ham10000,ISIC_0029521,nv,HAM_0001663
0,0.3326709270477295,1,ham10000,ISIC_0025217,nv,HAM_0001664
0,0.3759269416332245,1,ham10000,ISIC_0027957,bkl,HAM_0001665
1,0.5446237921714783,1,ham10000,ISIC_0024632,bcc,HAM_0001666
0,0.475918173789978,1,ham10000,ISIC_0033080,nv,HAM_0001667
0,0.30445200204849243,1,ham10000,ISIC_0027434,nv,HAM_0001668
0,0.45059800148010254,1,ham10000,ISIC_0025020,nv,HAM_0001669
0,0.4281933009624481,1,ham10000,ISIC_0027910,nv,HAM_0001670
1,0.5833746790885925,1,ham10000,ISIC_0031586,mel,HAM_0001671
0,0.3299344480037689,1,ham10000,ISIC_0024398,nv,HAM_0001672
0,0.4629937708377838,1,ham10000,ISIC_0033966,nv,HAM_0001673
0,0.39450332522392273,1,ham10000,ISIC_0031551,nv,HAM_0001674
0,0.07564396411180496,0,ham10000,ISIC_0024433,nv,HAM_0001675
0,0.2061254233121872,1,ham10000,ISIC_0031587,nv,HAM_0001676
0,0.2247484028339386,1,ham10000,ISIC_0028191,nv,HAM_0001677
0,0.5287886261940002,1,ham10000,ISIC_0027831,bkl,HAM_0001678
0,0.3933807611465454,1,ham10000,ISIC_0027783,nv,HAM_0001679
0,0.4607101082801819,1,ham10000,ISIC_0026303,nv,HAM_0001680
0,0.24690543115139008,1,ham10000,ISIC_0024651,nv,HAM_0001681
0,0.3678651452064514,1,ham10000,ISIC_0026630,nv,HAM_0001682
0,0.4386391043663025,1,ham10000,ISIC_0033513,nv,HAM_0001683
0,0.2554711699485779,1,ham10000,ISIC_0028576,nv,HAM_0001684
0,0.36994418501853943,1,ham10000,ISIC_0027516,nv,HAM_0001685
1,0.5534512996673584,1,ham10000,ISIC_0032698,mel,HAM_0001686
0,0.1403168886899948,0,ham10000,ISIC_0027230,nv,HAM_0001687
0,0.55954509973526,1,ham10000,ISIC_0031049,nv,HAM_0001688
0,0.39523839950561523,1,ham10000,ISIC_0025166,nv,HAM_0001689
0,0.2567026615142822,1,ham10000,ISIC_0032361,nv,HAM_0001690
0,0.2399568110704422,1,ham10000,ISIC_0029264,nv,HAM_0001691
0,0.44006624817848206,1,ham10000,ISIC_0032743,nv,HAM_0001692
1,0.7254517078399658,1,ham10000,ISIC_0026995,bcc,HAM_0001693
1,0.4750787615776062,1,ham10000,ISIC_0032173,akiec,HAM_0001694
0,0.23800280690193176,1,ham10000,ISIC_0028752,nv,HAM_0001695
0,0.6111389398574829,1,ham10000,ISIC_0027408,nv,HAM_0001696
0,0.5286598205566406,1,ham10000,ISIC_0033497,nv,HAM_0001697
0,0.4599066972732544,1,ham10000,ISIC_0025797,nv,HAM_0001698
0,0.4564600884914398,1,ham10000,ISIC_0029661,nv,HAM_0001699
0,0.5087751150131226,1,ham10000,ISIC_0030971,nv,HAM_0001700
0,0.35096123814582825,1,ham10000,ISIC_0025237,nv,HAM_0001701
0,0.5600395202636719,1,ham10000,ISIC_0028592,nv,HAM_0001702
1,0.6615824103355408,1,ham10000,ISIC_0024496,mel,HAM_0001703
0,0.37048855423927307,1,ham10000,ISIC_0031415,nv,HAM_0001704
0,0.09308817237615585,0,ham10000,ISIC_0029009,nv,HAM_0001705
0,0.5693128108978271,1,ham10000,ISIC_0030023,nv,HAM_0001706
1,0.5176688432693481,1,ham10000,ISIC_0031925,bcc,HAM_0001707
0,0.3594460189342499,1,ham10000,ISIC_0033719,nv,HAM_0001708
0,0.2897739112377167,1,ham10000,ISIC_0030364,nv,HAM_0001709
0,0.4475829601287842,1,ham10000,ISIC_0030808,nv,HAM_0001710
1,0.14043237268924713,0,ham10000,ISIC_0028677,bcc,HAM_0001711
0,0.7156795859336853,1,ham10000,ISIC_0030793,nv,HAM_0001712
1,0.7189775109291077,1,ham10000,ISIC_0028671,bcc,HAM_0001713
0,0.24407713115215302,1,ham10000,ISIC_0032354,nv,HAM_0001714
0,0.40475699305534363,1,ham10000,ISIC_0027208,nv,HAM_0001715
0,0.23547667264938354,1,ham10000,ISIC_0026901,nv,HAM_0001716
0,0.41211065649986267,1,ham10000,ISIC_0028700,nv,HAM_0001717
0,0.2619081735610962,1,ham10000,ISIC_0026357,nv,HAM_0001718
0,0.6522979736328125,1,ham10000,ISIC_0031090,vasc,HAM_0001719
0,0.5902124643325806,1,ham10000,ISIC_0032819,nv,HAM_0001720
0,0.417889803647995,1,ham10000,ISIC_0024947,bkl,HAM_0001721
0,0.7879704833030701,1,ham10000,ISIC_0030976,bkl,HAM_0001722
0,0.10225693881511688,0,ham10000,ISIC_0027784,nv,HAM_0001723
0,0.29186493158340454,1,ham10000,ISIC_0027386,nv,HAM_0001724
0,0.4251439571380615,1,ham10000,ISIC_0027509,bkl,HAM_0001725
1,0.5185495018959045,1,ham10000,ISIC_0024367,mel,HAM_0001726
0,0.4068962335586548,1,ham10000,ISIC_0028799,nv,HAM_0001727
0,0.4591948390007019,1,ham10000,ISIC_0033539,bkl,HAM_0001728
1,0.6389836668968201,1,ham10000,ISIC_0024537,mel,HAM_0001729
0,0.37357521057128906,1,ham10000,ISIC_0030790,nv,HAM_0001730
0,0.14157691597938538,0,ham10000,ISIC_0028172,nv,HAM_0001731
0,0.07996227592229843,0,ham10000,ISIC_0024502,nv,HAM_0001732
0,0.4458213150501251,1,ham10000,ISIC_0028414,bkl,HAM_0001733
1,0.4932068884372711,1,ham10000,ISIC_0024865,mel,HAM_0001734
0,0.5578790903091431,1,ham10000,ISIC_0028587,bkl,HAM_0001735
0,0.4632187485694885,1,ham10000,ISIC_0026407,nv,HAM_0001736
0,0.4121572971343994,1,ham10000,ISIC_0027883,nv,HAM_0001737
0,0.3690391182899475,1,ham10000,ISIC_0027218,bkl,HAM_0001738
0,0.3681357204914093,1,ham10000,ISIC_0032884,nv,HAM_0001739
0,0.5436512231826782,1,ham10000,ISIC_0032761,nv,HAM_0001740
1,0.5159677863121033,1,ham10000,ISIC_0026963,mel,HAM_0001741
0,0.2819472849369049,1,ham10000,ISIC_0028456,nv,HAM_0001742
0,0.603285014629364,1,ham10000,ISIC_0030130,bkl,HAM_0001743
1,0.6101267337799072,1,ham10000,ISIC_0029353,mel,HAM_0001744
0,0.5145509839057922,1,ham10000,ISIC_0025045,nv,HAM_0001745
0,0.496532678604126,1,ham10000,ISIC_0027296,nv,HAM_0001746
1,0.7248358726501465,1,ham10000,ISIC_0028361,mel,HAM_0001747
0,0.08686647564172745,0,ham10000,ISIC_0031739,nv,HAM_0001748
1,0.7155005931854248,1,ham10000,ISIC_0033372,bcc,HAM_0001749
0,0.37803933024406433,1,ham10000,ISIC_0028832,nv,HAM_0001750
0,0.3269500732421875,1,ham10000,ISIC_0024698,nv,HAM_0001751
0,0.44647881388664246,1,ham10000,ISIC_0028925,bkl,HAM_0001752
1,0.5777535438537598,1,ham10000,ISIC_0024929,mel,HAM_0001753
0,0.2648809850215912,1,ham10000,ISIC_0027775,nv,HAM_0001754
0,0.5156876444816589,1,ham10000,ISIC_0029393,nv,HAM_0001755
0,0.563942551612854,1,ham10000,ISIC_0027484,nv,HAM_0001756
0,0.5982346534729004,1,ham10000,ISIC_0025049,nv,HAM_0001757
0,0.4824487268924713,1,ham10000,ISIC_0024362,nv,HAM_0001758
1,0.44807329773902893,1,ham10000,ISIC_0032497,bcc,HAM_0001759
0,0.13607662916183472,0,ham10000,ISIC_0024389,nv,HAM_0001760
0,0.3624499440193176,1,ham10000,ISIC_0026732,nv,HAM_0001761
0,0.3180835247039795,1,ham10000,ISIC_0030535,nv,HAM_0001762
0,0.49382027983665466,1,ham10000,ISIC_0029029,bkl,HAM_0001763
0,0.5267625451087952,1,ham10000,ISIC_0032251,nv,HAM_0001764
0,0.5163587927818298,1,ham10000,ISIC_0026788,nv,HAM_0001765
0,0.20861610770225525,1,ham10000,ISIC_0026591,nv,HAM_0001766
0,0.47887206077575684,1,ham10000,ISIC_0025812,nv,HAM_0001767
0,0.3955938220024109,1,ham10000,ISIC_0026019,nv,HAM_0001768
0,0.6085681319236755,1,ham10000,ISIC_0032176,nv,HAM_0001769
0,0.18518683314323425,1,ham10000,ISIC_0025974,nv,HAM_0001770
0,0.2863026559352875,1,ham10000,ISIC_0030556,nv,HAM_0001771
0,0.5258981585502625,1,ham10000,ISIC_0032636,bkl,HAM_0001772
0,0.6265922784805298,1,ham10000,ISIC_0024832,bkl,HAM_0001773
0,0.4140818417072296,1,ham10000,ISIC_0029073,nv,HAM_0001774
0,0.3245845139026642,1,ham10000,ISIC_0030338,nv,HAM_0001775
0,0.31754186749458313,1,ham10000,ISIC_0030044,nv,HAM_0001776
0,0.3585211932659149,1,ham10000,ISIC_0033273,nv,HAM_0001777
0,0.23680096864700317,1,ham10000,ISIC_0026792,nv,HAM_0001778
0,0.3818095326423645,1,ham10000,ISIC_0031439,nv,HAM_0001779
0,0.48923322558403015,1,ham10000,ISIC_0024370,vasc,HAM_0001780
0,0.539374828338623,1,ham10000,ISIC_0025515,bkl,HAM_0001781
0,0.1986221969127655,1,ham10000,ISIC_0032289,nv,HAM_0001782
0,0.3018648326396942,1,ham10000,ISIC_0029256,nv,HAM_0001783
0,0.4165189266204834,1,ham10000,ISIC_0026450,nv,HAM_0001784
0,0.7653043270111084,1,ham10000,ISIC_0032941,df,HAM_0001785
1,0.3537027835845947,1,ham10000,ISIC_0027047,akiec,HAM_0001786
0,0.21214377880096436,1,ham10000,ISIC_0029700,nv,HAM_0001787
0,0.6137439608573914,1,ham10000,ISIC_0029100,bkl,HAM_0001788
0,0.3342970311641693,1,ham10000,ISIC_0026882,nv,HAM_0001789
0,0.4559512734413147,1,ham10000,ISIC_0032739,nv,HAM_0001790
1,0.44472619891166687,1,ham10000,ISIC_0027956,mel,HAM_0001791
0,0.12170054018497467,0,ham10000,ISIC_0024419,nv,HAM_0001792
1,0.6338794231414795,1,ham10000,ISIC_0028520,mel,HAM_0001793
0,0.36415526270866394,1,ham10000,ISIC_0032073,nv,HAM_0001794
0,0.09921086579561234,0,ham10000,ISIC_0030611,nv,HAM_0001795
1,0.7014725804328918,1,ham10000,ISIC_0025363,mel,HAM_0001796
0,0.20776675641536713,1,ham10000,ISIC_0031155,nv,HAM_0001797
0,0.2159857153892517,1,ham10000,ISIC_0030141,nv,HAM_0001798
0,0.26180869340896606,1,ham10000,ISIC_0028675,nv,HAM_0001799
0,0.3922940790653229,1,ham10000,ISIC_0031073,nv,HAM_0001800
0,0.38725170493125916,1,ham10000,ISIC_0033293,nv,HAM_0001801
0,0.2342008799314499,1,ham10000,ISIC_0030224,nv,HAM_0001802
0,0.351801335811615,1,ham10000,ISIC_0026330,nv,HAM_0001803
0,0.11438300460577011,0,ham10000,ISIC_0029604,nv,HAM_0001804
0,0.23641666769981384,1,ham10000,ISIC_0027200,nv,HAM_0001805
0,0.24489586055278778,1,ham10000,ISIC_0026920,nv,HAM_0001806
0,0.24690918624401093,1,ham10000,ISIC_0029637,nv,HAM_0001807
0,0.5553777813911438,1,ham10000,ISIC_0032615,nv,HAM_0001808
0,0.6156282424926758,1,ham10000,ISIC_0029897,bkl,HAM_0001809
0,0.39679139852523804,1,ham10000,ISIC_0025794,nv,HAM_0001810
1,0.2791077196598053,1,ham10000,ISIC_0028069,mel,HAM_0001811
0,0.235758438706398,1,ham10000,ISIC_0024326,nv,HAM_0001812
0,0.42033395171165466,1,ham10000,ISIC_0030609,nv,HAM_0001813
1,0.5468292832374573,1,ham10000,ISIC_0028567,mel,HAM_0001814
0,0.5397486090660095,1,ham10000,ISIC_0024970,bkl,HAM_0001815
0,0.20075921714305878,1,ham10000,ISIC_0028827,nv,HAM_0001816
0,0.5207785367965698,1,ham10000,ISIC_0024938,nv,HAM_0001817
0,0.5066129565238953,1,ham10000,ISIC_0025620,nv,HAM_0001818
1,0.6356168389320374,1,ham10000,ISIC_0028584,mel,HAM_0001819
0,0.4835284948348999,1,ham10000,ISIC_0026744,bkl,HAM_0001820
0,0.14745324850082397,0,ham10000,ISIC_0025308,nv,HAM_0001821
0,0.07427874952554703,0,ham10000,ISIC_0031244,nv,HAM_0001822
0,0.3443739712238312,1,ham10000,ISIC_0027882,nv,HAM_0001823
0,0.44459810853004456,1,ham10000,ISIC_0033121,nv,HAM_0001824
0,0.4069264531135559,1,ham10000,ISIC_0029673,nv,HAM_0001825
0,0.24388812482357025,1,ham10000,ISIC_0029509,nv,HAM_0001826
0,0.09230902791023254,0,ham10000,ISIC_0031275,nv,HAM_0001827
0,0.3381076157093048,1,ham10000,ISIC_0030692,nv,HAM_0001828
0,0.17409802973270416,0,ham10000,ISIC_0027779,nv,HAM_0001829
0,0.4375414252281189,1,ham10000,ISIC_0028057,nv,HAM_0001830
0,0.3073139786720276,1,ham10000,ISIC_0029556,nv,HAM_0001831
0,0.26182571053504944,1,ham10000,ISIC_0031030,nv,HAM_0001832
0,0.39750704169273376,1,ham10000,ISIC_0027227,nv,HAM_0001833
0,0.4479634165763855,1,ham10000,ISIC_0032631,nv,HAM_0001834
1,0.5955737233161926,1,ham10000,ISIC_0026652,mel,HAM_0001835
0,0.37974274158477783,1,ham10000,ISIC_0030500,nv,HAM_0001836
0,0.42363789677619934,1,ham10000,ISIC_0033635,bkl,HAM_0001837
0,0.4585680365562439,1,ham10000,ISIC_0028797,bkl,HAM_0001838
0,0.6504460573196411,1,ham10000,ISIC_0033434,nv,HAM_0001839
0,0.3560449182987213,1,ham10000,ISIC_0025490,nv,HAM_0001840
0,0.6015570163726807,1,ham10000,ISIC_0025771,df,HAM_0001841
0,0.3984927833080292,1,ham10000,ISIC_0028359,nv,HAM_0001842
0,0.5026602745056152,1,ham10000,ISIC_0028279,nv,HAM_0001843
0,0.2407933920621872,1,ham10000,ISIC_0026736,nv,HAM_0001844
0,0.3564853370189667,1,ham10000,ISIC_0026462,nv,HAM_0001845
0,0.27290239930152893,1,ham10000,ISIC_0029457,nv,HAM_0001846
1,0.5460704565048218,1,ham10000,ISIC_0024792,mel,HAM_0001847
0,0.30203697085380554,1,ham10000,ISIC_0030587,nv,HAM_0001848
0,0.593172550201416,1,ham10000,ISIC_0027209,nv,HAM_0001849
0,0.16370508074760437,0,ham10000,ISIC_0030947,nv,HAM_0001850
0,0.19996100664138794,1,ham10000,ISIC_0027015,nv,HAM_0001851
0,0.6921451091766357,1,ham10000,ISIC_0033749,vasc,HAM_0001852
0,0.48264503479003906,1,ham10000,ISIC_0032306,bkl,HAM_0001853
0,0.4058857560157776,1,ham10000,ISIC_0027013,nv,HAM_0001854
0,0.46195584535598755,1,ham10000,ISIC_0033581,bkl,HAM_0001855
0,0.25930672883987427,1,ham10000,ISIC_0027666,nv,HAM_0001856
0,0.3178573548793793,1,ham10000,ISIC_0027317,nv,HAM_0001857
0,0.6331145167350769,1,ham10000,ISIC_0026085,bkl,HAM_0001858
0,0.12747567892074585,0,ham10000,ISIC_0029565,nv,HAM_0001859
0,0.07162647694349289,0,ham10000,ISIC_0027665,vasc,HAM_0001860
0,0.44795942306518555,1,ham10000,ISIC_0026688,nv,HAM_0001861
0,0.09734764695167542,0,ham10000,ISIC_0031625,nv,HAM_0001862
1,0.60430908203125,1,ham10000,ISIC_0032596,mel,HAM_0001863
0,0.3645813763141632,1,ham10000,ISIC_0030111,nv,HAM_0001864
0,0.18949314951896667,1,ham10000,ISIC_0032464,nv,HAM_0001865
0,0.31837186217308044,1,ham10000,ISIC_0026873,nv,HAM_0001866
0,0.4296067953109741,1,ham10000,ISIC_0030136,nv,HAM_0001867
0,0.31349265575408936,1,ham10000,ISIC_0028037,nv,HAM_0001868
0,0.4190574288368225,1,ham10000,ISIC_0027249,nv,HAM_0001869
0,0.5200970768928528,1,ham10000,ISIC_0033090,nv,HAM_0001870
0,0.3192882537841797,1,ham10000,ISIC_0030834,nv,HAM_0001871
0,0.33255118131637573,1,ham10000,ISIC_0027800,nv,HAM_0001872
0,0.33322808146476746,1,ham10000,ISIC_0029283,nv,HAM_0001873
0,0.3281598687171936,1,ham10000,ISIC_0024601,nv,HAM_0001874
0,0.18242092430591583,1,ham10000,ISIC_0031231,nv,HAM_0001875
0,0.390465646982193,1,ham10000,ISIC_0030470,nv,HAM_0001876
1,0.5183880925178528,1,ham10000,ISIC_0025409,mel,HAM_0001877
0,0.4510001540184021,1,ham10000,ISIC_0025434,bkl,HAM_0001878
0,0.37977293133735657,1,ham10000,ISIC_0024440,nv,HAM_0001879
0,0.24392522871494293,1,ham10000,ISIC_0026199,nv,HAM_0001880
0,0.44992080330848694,1,ham10000,ISIC_0024620,nv,HAM_0001881
0,0.1329532414674759,0,ham10000,ISIC_0025866,nv,HAM_0001882
0,0.587844967842102,1,ham10000,ISIC_0033224,nv,HAM_0001883
1,0.7607851028442383,1,ham10000,ISIC_0025718,bcc,HAM_0001884
0,0.44449758529663086,1,ham10000,ISIC_0027534,nv,HAM_0001885
0,0.2602367103099823,1,ham10000,ISIC_0028318,nv,HAM_0001886
0,0.12189200520515442,0,ham10000,ISIC_0025107,nv,HAM_0001887
0,0.12065894901752472,0,ham10000,ISIC_0026806,nv,HAM_0001888
0,0.5984466671943665,1,ham10000,ISIC_0033621,nv,HAM_0001889
1,0.5490672588348389,1,ham10000,ISIC_0030707,akiec,HAM_0001890
0,0.17157287895679474,0,ham10000,ISIC_0024466,nv,HAM_0001891
0,0.3841578960418701,1,ham10000,ISIC_0025110,nv,HAM_0001893
1,0.47309231758117676,1,ham10000,ISIC_0024517,akiec,HAM_0001894
0,0.474174827337265,1,ham10000,ISIC_0024777,nv,HAM_0001895
0,0.6110748052597046,1,ham10000,ISIC_0030203,bkl,HAM_0001896
0,0.29687026143074036,1,ham10000,ISIC_0026185,nv,HAM_0001897
0,0.24635820090770721,1,ham10000,ISIC_0026917,nv,HAM_0001898
0,0.3102908432483673,1,ham10000,ISIC_0031549,nv,HAM_0001899
1,0.6452414393424988,1,ham10000,ISIC_0025557,bcc,HAM_0001900
0,0.3739696443080902,1,ham10000,ISIC_0026274,nv,HAM_0001901
0,0.6996420621871948,1,ham10000,ISIC_0026480,nv,HAM_0001902
1,0.39651432633399963,1,ham10000,ISIC_0026984,akiec,HAM_0001903
0,0.38336801528930664,1,ham10000,ISIC_0030306,nv,HAM_0001904
0,0.7030404210090637,1,ham10000,ISIC_0033116,nv,HAM_0001905
0,0.29059961438179016,1,ham10000,ISIC_0032025,nv,HAM_0001906
1,0.6731165647506714,1,ham10000,ISIC_0025383,bcc,HAM_0001907
0,0.3426440358161926,1,ham10000,ISIC_0032851,nv,HAM_0001908
0,0.24758027493953705,1,ham10000,ISIC_0025481,nv,HAM_0001909
1,0.4479495584964752,1,ham10000,ISIC_0024739,mel,HAM_0001910
0,0.12273796647787094,0,ham10000,ISIC_0029197,nv,HAM_0001911
0,0.3801010549068451,1,ham10000,ISIC_0033145,nv,HAM_0001912
1,0.7018271684646606,1,ham10000,ISIC_0030798,mel,HAM_0001913
0,0.4797531068325043,1,ham10000,ISIC_0028702,bkl,HAM_0001914
0,0.35062259435653687,1,ham10000,ISIC_0025813,nv,HAM_0001915
0,0.6013587117195129,1,ham10000,ISIC_0032721,nv,HAM_0001916
0,0.38515788316726685,1,ham10000,ISIC_0030046,nv,HAM_0001917
0,0.39470988512039185,1,ham10000,ISIC_0031291,nv,HAM_0001918
0,0.46642008423805237,1,ham10000,ISIC_0026424,nv,HAM_0001919
0,0.6670629978179932,1,ham10000,ISIC_0029486,vasc,HAM_0001920
0,0.3302740156650543,1,ham10000,ISIC_0032205,nv,HAM_0001921
1,0.6813976764678955,1,ham10000,ISIC_0031874,akiec,HAM_0001922
0,0.3622627854347229,1,ham10000,ISIC_0029219,nv,HAM_0001923
0,0.4614078104496002,1,ham10000,ISIC_0031112,nv,HAM_0001924
0,0.12215934693813324,0,ham10000,ISIC_0027583,nv,HAM_0001925
1,0.4095531105995178,1,ham10000,ISIC_0028095,bcc,HAM_0001926
0,0.6223238706588745,1,ham10000,ISIC_0029600,bkl,HAM_0001927
1,0.7057160139083862,1,ham10000,ISIC_0032537,mel,HAM_0001928
0,0.429690420627594,1,ham10000,ISIC_0026938,nv,HAM_0001929
0,0.5853443145751953,1,ham10000,ISIC_0032600,nv,HAM_0001930
0,0.3456850051879883,1,ham10000,ISIC_0026755,nv,HAM_0001931
0,0.30550315976142883,1,ham10000,ISIC_0031082,nv,HAM_0001932
0,0.49085476994514465,1,ham10000,ISIC_0025243,nv,HAM_0001933
0,0.35636088252067566,1,ham10000,ISIC_0026008,nv,HAM_0001934
0,0.484976202249527,1,ham10000,ISIC_0032787,nv,HAM_0001935
0,0.17492184042930603,1,ham10000,ISIC_0024704,nv,HAM_0001936
0,0.20981498062610626,1,ham10000,ISIC_0032432,nv,HAM_0001937
0,0.46680739521980286,1,ham10000,ISIC_0026245,bkl,HAM_0001938
0,0.39302051067352295,1,ham10000,ISIC_0025468,nv,HAM_0001939
0,0.3498386740684509,1,ham10000,ISIC_0028502,nv,HAM_0001940
0,0.37544307112693787,1,ham10000,ISIC_0024790,nv,HAM_0001941
0,0.24687519669532776,1,ham10000,ISIC_0027476,nv,HAM_0001942
0,0.3805764317512512,1,ham10000,ISIC_0025769,nv,HAM_0001943
0,0.43749555945396423,1,ham10000,ISIC_0029810,bkl,HAM_0001944
0,0.27899929881095886,1,ham10000,ISIC_0026919,nv,HAM_0001945
0,0.17302492260932922,0,ham10000,ISIC_0029333,nv,HAM_0001946
0,0.46622753143310547,1,ham10000,ISIC_0032051,bkl,HAM_0001947
0,0.35826390981674194,1,ham10000,ISIC_0032926,nv,HAM_0001948
0,0.32579290866851807,1,ham10000,ISIC_0025767,bkl,HAM_0001949
1,0.6622925400733948,1,ham10000,ISIC_0024449,mel,HAM_0001950
0,0.46639004349708557,1,ham10000,ISIC_0030216,nv,HAM_0001951
0,0.2020801305770874,1,ham10000,ISIC_0025660,nv,HAM_0001952
1,0.6528645157814026,1,ham10000,ISIC_0025611,mel,HAM_0001953
0,0.4282556474208832,1,ham10000,ISIC_0032776,bkl,HAM_0001954
0,0.3582670986652374,1,ham10000,ISIC_0029304,nv,HAM_0001955
0,0.3804861903190613,1,ham10000,ISIC_0024955,nv,HAM_0001956
0,0.40890341997146606,1,ham10000,ISIC_0025593,nv,HAM_0001957
0,0.5768722295761108,1,ham10000,ISIC_0029580,bkl,HAM_0001958
0,0.19404493272304535,1,ham10000,ISIC_0027600,nv,HAM_0001959
0,0.45745208859443665,1,ham10000,ISIC_0032166,nv,HAM_0001960
0,0.5677436590194702,1,ham10000,ISIC_0031076,nv,HAM_0001961
0,0.4570201337337494,1,ham10000,ISIC_0029749,nv,HAM_0001962
0,0.33533188700675964,1,ham10000,ISIC_0025721,nv,HAM_0001963
1,0.46245378255844116,1,ham10000,ISIC_0024733,mel,HAM_0001964
0,0.2829183340072632,1,ham10000,ISIC_0031269,nv,HAM_0001965
0,0.45399537682533264,1,ham10000,ISIC_0025230,nv,HAM_0001966
1,0.7874962091445923,1,ham10000,ISIC_0025471,akiec,HAM_0001967
0,0.4784822463989258,1,ham10000,ISIC_0027421,nv,HAM_0001968
0,0.25020113587379456,1,ham10000,ISIC_0026651,nv,HAM_0001969
0,0.3259384036064148,1,ham10000,ISIC_0031136,nv,HAM_0001970
0,0.6880427002906799,1,ham10000,ISIC_0025327,nv,HAM_0001971
0,0.32795947790145874,1,ham10000,ISIC_0027228,nv,HAM_0001972
0,0.3007194995880127,1,ham10000,ISIC_0026061,nv,HAM_0001973
1,0.6039121150970459,1,ham10000,ISIC_0033533,mel,HAM_0001974
0,0.5151230096817017,1,ham10000,ISIC_0028488,nv,HAM_0001975
1,0.7297751307487488,1,ham10000,ISIC_0025732,mel,HAM_0001976
0,0.5648230910301208,1,ham10000,ISIC_0029261,nv,HAM_0001977
0,0.23395614326000214,1,ham10000,ISIC_0031237,nv,HAM_0001978
0,0.5416481494903564,1,ham10000,ISIC_0027527,bkl,HAM_0001979
0,0.09026490151882172,0,ham10000,ISIC_0032012,nv,HAM_0001980
0,0.32401934266090393,1,ham10000,ISIC_0024342,nv,HAM_0001981
0,0.5617347955703735,1,ham10000,ISIC_0029012,bkl,HAM_0001982
0,0.47772106528282166,1,ham10000,ISIC_0030377,bkl,HAM_0001983
0,0.36093980073928833,1,ham10000,ISIC_0025092,nv,HAM_0001984
0,0.28202611207962036,1,ham10000,ISIC_0027330,nv,HAM_0001985
1,0.6114252209663391,1,ham10000,ISIC_0024999,mel,HAM_0001986
0,0.42112013697624207,1,ham10000,ISIC_0024636,nv,HAM_0001987
0,0.0998498722910881,0,ham10000,ISIC_0029948,nv,HAM_0001988
0,0.2540185749530792,1,ham10000,ISIC_0030251,nv,HAM_0001989
0,0.49369990825653076,1,ham10000,ISIC_0027612,bkl,HAM_0001990
0,0.5248543620109558,1,ham10000,ISIC_0028347,bkl,HAM_0001991
0,0.01637173630297184,0,ham10000,ISIC_0025399,nv,HAM_0001992
0,0.3173796236515045,1,ham10000,ISIC_0029848,nv,HAM_0001993
0,0.4734370708465576,1,ham10000,ISIC_0033407,nv,HAM_0001994
0,0.7311550974845886,1,ham10000,ISIC_0024581,bkl,HAM_0001995
0,0.33470919728279114,1,ham10000,ISIC_0031179,nv,HAM_0001996
0,0.44936439394950867,1,ham10000,ISIC_0029251,bkl,HAM_0001997
0,0.13804671168327332,0,ham10000,ISIC_0032038,nv,HAM_0001998
0,0.3696507215499878,1,ham10000,ISIC_0025884,nv,HAM_0001999
0,0.4506163001060486,1,ham10000,ISIC_0030092,nv,HAM_0002000
0,0.5015112161636353,1,ham10000,ISIC_0030595,nv,HAM_0002001
0,0.18167783319950104,1,ham10000,ISIC_0024486,nv,HAM_0002002
0,0.28187015652656555,1,ham10000,ISIC_0031934,nv,HAM_0002003
1,0.3693086504936218,1,ham10000,ISIC_0032847,mel,HAM_0002004
0,0.4287513792514801,1,ham10000,ISIC_0026556,bkl,HAM_0002005
0,0.327852725982666,1,ham10000,ISIC_0025360,nv,HAM_0002006
0,0.5173141360282898,1,ham10000,ISIC_0024476,nv,HAM_0002007
0,0.5843607783317566,1,ham10000,ISIC_0032983,bkl,HAM_0002008
0,0.5714542865753174,1,ham10000,ISIC_0033165,nv,HAM_0002009
1,0.6814032793045044,1,ham10000,ISIC_0024729,mel,HAM_0002011
1,0.4281693398952484,1,ham10000,ISIC_0026327,akiec,HAM_0002012
0,0.3702050447463989,1,ham10000,ISIC_0026168,nv,HAM_0002013
0,0.38744065165519714,1,ham10000,ISIC_0031120,nv,HAM_0002014
0,0.3908917009830475,1,ham10000,ISIC_0033771,nv,HAM_0002015
0,0.4025428295135498,1,ham10000,ISIC_0032753,nv,HAM_0002016
1,0.5720889568328857,1,ham10000,ISIC_0025630,bcc,HAM_0002017
1,0.5557230114936829,1,ham10000,ISIC_0029501,bcc,HAM_0002018
0,0.3691793382167816,1,ham10000,ISIC_0030402,nv,HAM_0002019
0,0.16260866820812225,0,ham10000,ISIC_0032301,nv,HAM_0002020
1,0.8395605683326721,1,ham10000,ISIC_0027057,bcc,HAM_0002021
0,0.3084614872932434,1,ham10000,ISIC_0026579,nv,HAM_0002022
0,0.5257040858268738,1,ham10000,ISIC_0028540,nv,HAM_0002023
1,0.567012369632721,1,ham10000,ISIC_0029412,bcc,HAM_0002024
0,0.5699577927589417,1,ham10000,ISIC_0025169,nv,HAM_0002025
0,0.34236523509025574,1,ham10000,ISIC_0027524,nv,HAM_0002026
0,0.5501816272735596,1,ham10000,ISIC_0032697,nv,HAM_0002027
0,0.32601502537727356,1,ham10000,ISIC_0031939,nv,HAM_0002028
0,0.21137136220932007,1,ham10000,ISIC_0030270,nv,HAM_0002029
0,0.407362699508667,1,ham10000,ISIC_0032916,nv,HAM_0002030
0,0.5083204507827759,1,ham10000,ISIC_0027925,nv,HAM_0002031
1,0.4418979585170746,1,ham10000,ISIC_0030575,mel,HAM_0002032
0,0.5310207009315491,1,ham10000,ISIC_0024899,nv,HAM_0002033
0,0.3821336328983307,1,ham10000,ISIC_0027954,bkl,HAM_0002034
0,0.07079259306192398,0,ham10000,ISIC_0024989,nv,HAM_0002035
0,0.29209309816360474,1,ham10000,ISIC_0025739,nv,HAM_0002036
0,0.5494604110717773,1,ham10000,ISIC_0033733,nv,HAM_0002037
0,0.5054864883422852,1,ham10000,ISIC_0032337,nv,HAM_0002038
0,0.4353533685207367,1,ham10000,ISIC_0029663,nv,HAM_0002039
0,0.42403602600097656,1,ham10000,ISIC_0033041,bkl,HAM_0002040
0,0.32309091091156006,1,ham10000,ISIC_0028532,nv,HAM_0002041
0,0.4974689483642578,1,ham10000,ISIC_0026263,bkl,HAM_0002042
0,0.678420901298523,1,ham10000,ISIC_0030160,bkl,HAM_0002043
0,0.3556639850139618,1,ham10000,ISIC_0024325,nv,HAM_0002044
0,0.5031359791755676,1,ham10000,ISIC_0029973,df,HAM_0002045
0,0.30741801857948303,1,ham10000,ISIC_0024569,nv,HAM_0002046
0,0.06154078617691994,0,ham10000,ISIC_0030928,nv,HAM_0002047
0,0.18993695080280304,1,ham10000,ISIC_0029137,nv,HAM_0002048
0,0.4195791780948639,1,ham10000,ISIC_0029169,nv,HAM_0002049
0,0.5124617218971252,1,ham10000,ISIC_0032215,bkl,HAM_0002050
1,0.58339923620224,1,ham10000,ISIC_0031784,mel,HAM_0002051
0,0.31901815533638,1,ham10000,ISIC_0032155,nv,HAM_0002052
0,0.3872479200363159,1,ham10000,ISIC_0028715,nv,HAM_0002053
0,0.09296472370624542,0,ham10000,ISIC_0031685,nv,HAM_0002054
0,0.23257747292518616,1,ham10000,ISIC_0027520,nv,HAM_0002055
0,0.34174075722694397,1,ham10000,ISIC_0026762,nv,HAM_0002056
0,0.5515475273132324,1,ham10000,ISIC_0024893,bkl,HAM_0002058
0,0.1917717009782791,1,ham10000,ISIC_0028061,nv,HAM_0002059
0,0.5434226393699646,1,ham10000,ISIC_0026979,nv,HAM_0002060
1,0.7786267995834351,1,ham10000,ISIC_0030408,akiec,HAM_0002061
0,0.3310166597366333,1,ham10000,ISIC_0027400,nv,HAM_0002062
0,0.26285094022750854,1,ham10000,ISIC_0024819,nv,HAM_0002063
0,0.33115148544311523,1,ham10000,ISIC_0030131,nv,HAM_0002064
0,0.26410844922065735,1,ham10000,ISIC_0028776,nv,HAM_0002065
0,0.4362280070781708,1,ham10000,ISIC_0030936,nv,HAM_0002066
0,0.2843792140483856,1,ham10000,ISIC_0025094,nv,HAM_0002067
0,0.11382812261581421,0,ham10000,ISIC_0029710,nv,HAM_0002068
1,0.7306631803512573,1,ham10000,ISIC_0029331,bcc,HAM_0002069
1,0.7317842245101929,1,ham10000,ISIC_0028659,akiec,HAM_0002070
0,0.43479830026626587,1,ham10000,ISIC_0031616,nv,HAM_0002071
0,0.32460492849349976,1,ham10000,ISIC_0027794,nv,HAM_0002072
0,0.3067016899585724,1,ham10000,ISIC_0025406,nv,HAM_0002073
0,0.4351230263710022,1,ham10000,ISIC_0032575,nv,HAM_0002074
0,0.3943696916103363,1,ham10000,ISIC_0026678,nv,HAM_0002075
0,0.4519560933113098,1,ham10000,ISIC_0024720,nv,HAM_0002076
0,0.27904054522514343,1,ham10000,ISIC_0031936,nv,HAM_0002077
0,0.6741015911102295,1,ham10000,ISIC_0027042,bkl,HAM_0002078
1,0.42812204360961914,1,ham10000,ISIC_0029146,mel,HAM_0002079
0,0.2197750061750412,1,ham10000,ISIC_0029619,nv,HAM_0002080
0,0.44109421968460083,1,ham10000,ISIC_0029120,nv,HAM_0002081
0,0.32099971175193787,1,ham10000,ISIC_0031325,nv,HAM_0002082
1,0.5131475925445557,1,ham10000,ISIC_0024432,bcc,HAM_0002083
0,0.38505592942237854,1,ham10000,ISIC_0027311,nv,HAM_0002084
0,0.37542101740837097,1,ham10000,ISIC_0031336,nv,HAM_0002085
1,0.4429870843887329,1,ham10000,ISIC_0033814,mel,HAM_0002086
0,0.5630546808242798,1,ham10000,ISIC_0027949,nv,HAM_0002087
0,0.3343595266342163,1,ham10000,ISIC_0024377,nv,HAM_0002088
0,0.3921143114566803,1,ham10000,ISIC_0025614,nv,HAM_0002089
0,0.14252479374408722,0,ham10000,ISIC_0032299,nv,HAM_0002090
0,0.10769493877887726,0,ham10000,ISIC_0025857,nv,HAM_0002091
0,0.5631499290466309,1,ham10000,ISIC_0025510,bkl,HAM_0002092
0,0.3295125663280487,1,ham10000,ISIC_0027032,nv,HAM_0002093
1,0.3001564145088196,1,ham10000,ISIC_0030549,akiec,HAM_0002094
0,0.2541794776916504,1,ham10000,ISIC_0026244,nv,HAM_0002095
0,0.5468122363090515,1,ham10000,ISIC_0028209,bkl,HAM_0002096
0,0.4465169608592987,1,ham10000,ISIC_0025687,nv,HAM_0002097
0,0.23069597780704498,1,ham10000,ISIC_0030218,nv,HAM_0002098
1,0.6697848439216614,1,ham10000,ISIC_0026847,mel,HAM_0002099
0,0.4669678211212158,1,ham10000,ISIC_0031440,nv,HAM_0002100
0,0.32581236958503723,1,ham10000,ISIC_0029398,nv,HAM_0002101
0,0.37569454312324524,1,ham10000,ISIC_0024474,nv,HAM_0002102
0,0.39778539538383484,1,ham10000,ISIC_0026034,nv,HAM_0002103
0,0.28731611371040344,1,ham10000,ISIC_0026410,nv,HAM_0002104
0,0.2118801474571228,1,ham10000,ISIC_0027854,nv,HAM_0002105
0,0.36226317286491394,1,ham10000,ISIC_0025156,nv,HAM_0002106
0,0.3124436140060425,1,ham10000,ISIC_0028857,nv,HAM_0002107
0,0.4959013760089874,1,ham10000,ISIC_0025457,nv,HAM_0002108
1,0.5407887697219849,1,ham10000,ISIC_0028897,mel,HAM_0002109
0,0.3334377408027649,1,ham10000,ISIC_0026782,nv,HAM_0002110
0,0.318891704082489,1,ham10000,ISIC_0031534,nv,HAM_0002111
0,0.46683502197265625,1,ham10000,ISIC_0030820,nv,HAM_0002112
1,0.4043366611003876,1,ham10000,ISIC_0029839,mel,HAM_0002113
0,0.45698282122612,1,ham10000,ISIC_0026504,nv,HAM_0002114
1,0.7619434595108032,1,ham10000,ISIC_0032408,mel,HAM_0002115
0,0.26070165634155273,1,ham10000,ISIC_0029407,nv,HAM_0002116
0,0.4315509796142578,1,ham10000,ISIC_0032324,nv,HAM_0002117
0,0.2530694901943207,1,ham10000,ISIC_0028249,nv,HAM_0002118
1,0.7106080651283264,1,ham10000,ISIC_0032248,mel,HAM_0002119
0,0.40979522466659546,1,ham10000,ISIC_0028010,nv,HAM_0002120
0,0.4843190312385559,1,ham10000,ISIC_0032486,bkl,HAM_0002121
0,0.13671383261680603,0,ham10000,ISIC_0029408,nv,HAM_0002122
0,0.13271543383598328,0,ham10000,ISIC_0030412,nv,HAM_0002123
0,0.3562370240688324,1,ham10000,ISIC_0025175,nv,HAM_0002124
0,0.22127234935760498,1,ham10000,ISIC_0025502,nv,HAM_0002125
0,0.2300773411989212,1,ham10000,ISIC_0028563,nv,HAM_0002126
0,0.4463662803173065,1,ham10000,ISIC_0029837,bkl,HAM_0002127
0,0.6903629302978516,1,ham10000,ISIC_0029867,nv,HAM_0002128
0,0.40460994839668274,1,ham10000,ISIC_0025903,df,HAM_0002129
1,0.3371330201625824,1,ham10000,ISIC_0029570,mel,HAM_0002130
1,0.5157712697982788,1,ham10000,ISIC_0030901,mel,HAM_0002131
0,0.40095433592796326,1,ham10000,ISIC_0027647,nv,HAM_0002132
0,0.31514906883239746,1,ham10000,ISIC_0027885,nv,HAM_0002133
1,0.5850748419761658,1,ham10000,ISIC_0024431,bcc,HAM_0002134
0,0.4369303286075592,1,ham10000,ISIC_0032974,nv,HAM_0002135
0,0.6594034433364868,1,ham10000,ISIC_0032914,nv,HAM_0002136
0,0.3940814137458801,1,ham10000,ISIC_0030217,nv,HAM_0002137
0,0.3283903896808624,1,ham10000,ISIC_0027834,nv,HAM_0002138
0,0.3697865605354309,1,ham10000,ISIC_0032786,nv,HAM_0002139
0,0.3458154797554016,1,ham10000,ISIC_0032472,nv,HAM_0002140
0,0.12319186329841614,0,ham10000,ISIC_0029338,nv,HAM_0002141
0,0.4841156005859375,1,ham10000,ISIC_0025960,nv,HAM_0002142
1,0.38957178592681885,1,ham10000,ISIC_0025451,mel,HAM_0002143
0,0.4422479271888733,1,ham10000,ISIC_0031682,nv,HAM_0002144
0,0.06115391105413437,0,ham10000,ISIC_0028469,nv,HAM_0002145
0,0.35163402557373047,1,ham10000,ISIC_0025686,nv,HAM_0002146
0,0.5062679052352905,1,ham10000,ISIC_0029537,nv,HAM_0002147
0,0.36368313431739807,1,ham10000,ISIC_0031214,nv,HAM_0002148
1,0.582016110420227,1,ham10000,ISIC_0033042,mel,HAM_0002149
0,0.435021311044693,1,ham10000,ISIC_0027364,nv,HAM_0002150
0,0.4105958044528961,1,ham10000,ISIC_0029870,nv,HAM_0002151
0,0.3237183094024658,1,ham10000,ISIC_0030234,nv,HAM_0002152
0,0.6919560432434082,1,ham10000,ISIC_0029297,df,HAM_0002153
0,0.5683233737945557,1,ham10000,ISIC_0027379,nv,HAM_0002154
0,0.45970022678375244,1,ham10000,ISIC_0027696,nv,HAM_0002155
0,0.37474164366722107,1,ham10000,ISIC_0024802,nv,HAM_0002156
0,0.38624781370162964,1,ham10000,ISIC_0030763,nv,HAM_0002157
1,0.47193267941474915,1,ham10000,ISIC_0025411,akiec,HAM_0002158
0,0.5194360017776489,1,ham10000,ISIC_0030355,nv,HAM_0002159
0,0.35199981927871704,1,ham10000,ISIC_0028712,nv,HAM_0002160
0,0.34412655234336853,1,ham10000,ISIC_0025392,bkl,HAM_0002161
0,0.1031419187784195,0,ham10000,ISIC_0030708,nv,HAM_0002162
0,0.3772483766078949,1,ham10000,ISIC_0030250,nv,HAM_0002163
0,0.16571442782878876,0,ham10000,ISIC_0032852,nv,HAM_0002164
0,0.14702747762203217,0,ham10000,ISIC_0031172,nv,HAM_0002165
0,0.46245846152305603,1,ham10000,ISIC_0028077,nv,HAM_0002166
1,0.5590062141418457,1,ham10000,ISIC_0026952,bcc,HAM_0002167
0,0.10287903994321823,0,ham10000,ISIC_0028002,nv,HAM_0002168
0,0.5519887804985046,1,ham10000,ISIC_0031593,bkl,HAM_0002169
0,0.8115326166152954,1,ham10000,ISIC_0033075,nv,HAM_0002170
0,0.5074979066848755,1,ham10000,ISIC_0028529,nv,HAM_0002171
0,0.47705426812171936,1,ham10000,ISIC_0024416,nv,HAM_0002172
0,0.3863232731819153,1,ham10000,ISIC_0030157,nv,HAM_0002173
0,0.10654148459434509,0,ham10000,ISIC_0025138,nv,HAM_0002174
0,0.12608402967453003,0,ham10000,ISIC_0028369,nv,HAM_0002175
0,0.5165665149688721,1,ham10000,ISIC_0026341,nv,HAM_0002176
0,0.3589036166667938,1,ham10000,ISIC_0025612,vasc,HAM_0002177
0,0.16207924485206604,0,ham10000,ISIC_0024401,nv,HAM_0002178
0,0.19886323809623718,1,ham10000,ISIC_0028654,nv,HAM_0002179
0,0.2243317812681198,1,ham10000,ISIC_0027479,nv,HAM_0002180
0,0.363949179649353,1,ham10000,ISIC_0030972,nv,HAM_0002181
1,0.7816597819328308,1,ham10000,ISIC_0030539,mel,HAM_0002182
0,0.30333659052848816,1,ham10000,ISIC_0031912,nv,HAM_0002183
0,0.2968980371952057,1,ham10000,ISIC_0032325,bkl,HAM_0002184
1,0.6192077398300171,1,ham10000,ISIC_0030794,akiec,HAM_0002185
1,0.5788502097129822,1,ham10000,ISIC_0028463,mel,HAM_0002186
0,0.5198734402656555,1,ham10000,ISIC_0028981,nv,HAM_0002187
0,0.41725972294807434,1,ham10000,ISIC_0032196,nv,HAM_0002188
0,0.4353945255279541,1,ham10000,ISIC_0030940,nv,HAM_0002189
0,0.5709133744239807,1,ham10000,ISIC_0026046,bkl,HAM_0002190
0,0.22564108669757843,1,ham10000,ISIC_0028278,nv,HAM_0002191
0,0.5145847797393799,1,ham10000,ISIC_0027388,bkl,HAM_0002192
0,0.5711359977722168,1,ham10000,ISIC_0027392,bkl,HAM_0002193
1,0.6750950217247009,1,ham10000,ISIC_0025814,mel,HAM_0002194
0,0.3416307866573334,1,ham10000,ISIC_0031576,nv,HAM_0002195
1,0.537774384021759,1,ham10000,ISIC_0024930,mel,HAM_0002196
1,0.5118076205253601,1,ham10000,ISIC_0028709,mel,HAM_0002197
0,0.6146714687347412,1,ham10000,ISIC_0024314,nv,HAM_0002198
0,0.4987034499645233,1,ham10000,ISIC_0029522,bkl,HAM_0002199
0,0.10188998281955719,0,ham10000,ISIC_0025951,nv,HAM_0002200
0,0.3038904070854187,1,ham10000,ISIC_0024514,nv,HAM_0002201
0,0.3598521947860718,1,ham10000,ISIC_0027315,nv,HAM_0002202
0,0.25653162598609924,1,ham10000,ISIC_0031391,nv,HAM_0002203
0,0.19463877379894257,1,ham10000,ISIC_0026217,nv,HAM_0002205
0,0.21440422534942627,1,ham10000,ISIC_0033727,nv,HAM_0002206
0,0.5124586820602417,1,ham10000,ISIC_0025588,nv,HAM_0002207
0,0.4278833270072937,1,ham10000,ISIC_0033818,nv,HAM_0002208
0,0.3846529424190521,1,ham10000,ISIC_0031226,bkl,HAM_0002209
0,0.2792934775352478,1,ham10000,ISIC_0031627,nv,HAM_0002210
0,0.31891489028930664,1,ham10000,ISIC_0026862,nv,HAM_0002211
0,0.4158768057823181,1,ham10000,ISIC_0029988,nv,HAM_0002212
0,0.31197118759155273,1,ham10000,ISIC_0030222,nv,HAM_0002213
0,0.4138442575931549,1,ham10000,ISIC_0027465,nv,HAM_0002214
0,0.26970410346984863,1,ham10000,ISIC_0028539,nv,HAM_0002215
0,0.6886983513832092,1,ham10000,ISIC_0026305,nv,HAM_0002216
0,0.530046284198761,1,ham10000,ISIC_0024906,nv,HAM_0002217
0,0.42927733063697815,1,ham10000,ISIC_0025578,vasc,HAM_0002218
0,0.4163910746574402,1,ham10000,ISIC_0031679,nv,HAM_0002219
0,0.26634979248046875,1,ham10000,ISIC_0024942,nv,HAM_0002220
0,0.2314494550228119,1,ham10000,ISIC_0026255,nv,HAM_0002221
0,0.3813626170158386,1,ham10000,ISIC_0025021,nv,HAM_0002222
0,0.35320547223091125,1,ham10000,ISIC_0026176,nv,HAM_0002223
1,0.6377043724060059,1,ham10000,ISIC_0029278,bcc,HAM_0002224
0,0.41988831758499146,1,ham10000,ISIC_0032066,nv,HAM_0002225
0,0.339121550321579,1,ham10000,ISIC_0025407,nv,HAM_0002226
0,0.44723251461982727,1,ham10000,ISIC_0024786,bkl,HAM_0002227
0,0.6388463973999023,1,ham10000,ISIC_0032035,nv,HAM_0002228
0,0.26513636112213135,1,ham10000,ISIC_0025423,nv,HAM_0002229
0,0.4183172285556793,1,ham10000,ISIC_0026243,nv,HAM_0002230
0,0.44359493255615234,1,ham10000,ISIC_0028235,nv,HAM_0002231
1,0.39407849311828613,1,ham10000,ISIC_0025825,akiec,HAM_0002232
0,0.21634826064109802,1,ham10000,ISIC_0025774,nv,HAM_0002233
0,0.5331960320472717,1,ham10000,ISIC_0032412,nv,HAM_0002234
1,0.5885457396507263,1,ham10000,ISIC_0032569,mel,HAM_0002235
0,0.40539976954460144,1,ham10000,ISIC_0027894,nv,HAM_0002236
0,0.44531452655792236,1,ham10000,ISIC_0028053,nv,HAM_0002237
0,0.6456146240234375,1,ham10000,ISIC_0026374,nv,HAM_0002238
0,0.40943408012390137,1,ham10000,ISIC_0028021,nv,HAM_0002239
1,0.41588225960731506,1,ham10000,ISIC_0024332,bcc,HAM_0002240
0,0.23144379258155823,1,ham10000,ISIC_0026459,nv,HAM_0002241
0,0.3651837408542633,1,ham10000,ISIC_0026511,bkl,HAM_0002242
1,0.7597140669822693,1,ham10000,ISIC_0032777,bcc,HAM_0002243
0,0.4756682217121124,1,ham10000,ISIC_0032549,nv,HAM_0002244
0,0.26026102900505066,1,ham10000,ISIC_0028248,nv,HAM_0002245
0,0.4409680664539337,1,ham10000,ISIC_0030702,nv,HAM_0002246
0,0.24529488384723663,1,ham10000,ISIC_0029205,nv,HAM_0002247
0,0.3735557794570923,1,ham10000,ISIC_0029011,nv,HAM_0002248
0,0.5595771670341492,1,ham10000,ISIC_0029520,nv,HAM_0002249
0,0.18208231031894684,1,ham10000,ISIC_0029426,nv,HAM_0002250
0,0.20971855521202087,1,ham10000,ISIC_0024438,nv,HAM_0002251
0,0.14920412003993988,0,ham10000,ISIC_0031227,nv,HAM_0002252
0,0.5831931829452515,1,ham10000,ISIC_0032548,nv,HAM_0002253
0,0.2985231280326843,1,ham10000,ISIC_0028027,nv,HAM_0002254
0,0.2658870816230774,1,ham10000,ISIC_0030726,nv,HAM_0002255
0,0.4562412202358246,1,ham10000,ISIC_0026214,nv,HAM_0002256
0,0.253368079662323,1,ham10000,ISIC_0033448,nv,HAM_0002257
1,0.5300909876823425,1,ham10000,ISIC_0029220,bcc,HAM_0002258
0,0.5421395301818848,1,ham10000,ISIC_0028333,nv,HAM_0002259
0,0.2043895423412323,1,ham10000,ISIC_0028699,nv,HAM_0002260
1,0.46251431107521057,1,ham10000,ISIC_0025808,akiec,HAM_0002261
0,0.4866851270198822,1,ham10000,ISIC_0027307,nv,HAM_0002262
0,0.3312665820121765,1,ham10000,ISIC_0030252,nv,HAM_0002263
0,0.3550901412963867,1,ham10000,ISIC_0024838,nv,HAM_0002264
0,0.33132869005203247,1,ham10000,ISIC_0030791,nv,HAM_0002265
0,0.2351120561361313,1,ham10000,ISIC_0027136,nv,HAM_0002266
0,0.2025991529226303,1,ham10000,ISIC_0026937,nv,HAM_0002267
0,0.3805800676345825,1,ham10000,ISIC_0026070,bkl,HAM_0002268
1,0.6152247190475464,1,ham10000,ISIC_0024443,bcc,HAM_0002269
0,0.23121505975723267,1,ham10000,ISIC_0031607,nv,HAM_0002270
0,0.4413590729236603,1,ham10000,ISIC_0026048,nv,HAM_0002271
0,0.37136706709861755,1,ham10000,ISIC_0025371,nv,HAM_0002272
0,0.18788354098796844,1,ham10000,ISIC_0026772,nv,HAM_0002273
0,0.22900377213954926,1,ham10000,ISIC_0026381,nv,HAM_0002274
0,0.3213678300380707,1,ham10000,ISIC_0031774,nv,HAM_0002275
0,0.363589346408844,1,ham10000,ISIC_0025366,bkl,HAM_0002276
0,0.29774388670921326,1,ham10000,ISIC_0025080,nv,HAM_0002277
0,0.2795332968235016,1,ham10000,ISIC_0026353,nv,HAM_0002278
0,0.20248834788799286,1,ham10000,ISIC_0031427,nv,HAM_0002279
0,0.22321835160255432,1,ham10000,ISIC_0027275,bkl,HAM_0002280
0,0.276263564825058,1,ham10000,ISIC_0031193,nv,HAM_0002281
0,0.28976672887802124,1,ham10000,ISIC_0034045,nv,HAM_0002282
0,0.39642927050590515,1,ham10000,ISIC_0028869,nv,HAM_0002283
0,0.307854562997818,1,ham10000,ISIC_0026449,nv,HAM_0002284
0,0.2398049384355545,1,ham10000,ISIC_0026309,nv,HAM_0002285
0,0.3808857798576355,1,ham10000,ISIC_0029876,nv,HAM_0002286
0,0.38608095049858093,1,ham10000,ISIC_0026891,nv,HAM_0002287
0,0.39409327507019043,1,ham10000,ISIC_0027803,nv,HAM_0002288
0,0.2565779983997345,1,ham10000,ISIC_0032266,nv,HAM_0002289
0,0.4465477168560028,1,ham10000,ISIC_0027941,nv,HAM_0002290
0,0.36496052145957947,1,ham10000,ISIC_0024836,nv,HAM_0002291
0,0.3336426913738251,1,ham10000,ISIC_0031183,nv,HAM_0002292
0,0.5407670736312866,1,ham10000,ISIC_0027351,nv,HAM_0002293
0,0.34614259004592896,1,ham10000,ISIC_0025221,nv,HAM_0002294
0,0.34182918071746826,1,ham10000,ISIC_0025488,nv,HAM_0002295
0,0.20519179105758667,1,ham10000,ISIC_0026834,nv,HAM_0002296
0,0.3487755358219147,1,ham10000,ISIC_0026095,nv,HAM_0002297
0,0.24356232583522797,1,ham10000,ISIC_0031483,nv,HAM_0002298
0,0.5091924071311951,1,ham10000,ISIC_0025819,bkl,HAM_0002299
0,0.19536294043064117,1,ham10000,ISIC_0024366,nv,HAM_0002300
0,0.5039271116256714,1,ham10000,ISIC_0028555,bkl,HAM_0002301
0,0.3610124886035919,1,ham10000,ISIC_0029633,nv,HAM_0002302
0,0.405573308467865,1,ham10000,ISIC_0031037,bkl,HAM_0002303
0,0.3362898528575897,1,ham10000,ISIC_0024648,nv,HAM_0002304
0,0.4194955825805664,1,ham10000,ISIC_0029693,nv,HAM_0002305
0,0.4904940724372864,1,ham10000,ISIC_0027606,bkl,HAM_0002306
1,0.4160190522670746,1,ham10000,ISIC_0026549,akiec,HAM_0002307
0,0.31227046251296997,1,ham10000,ISIC_0027193,nv,HAM_0002308
0,0.37376850843429565,1,ham10000,ISIC_0031910,nv,HAM_0002309
0,0.4184477627277374,1,ham10000,ISIC_0025848,nv,HAM_0002310
0,0.1776314228773117,1,ham10000,ISIC_0028514,nv,HAM_0002311
1,0.5668807029724121,1,ham10000,ISIC_0025650,bcc,HAM_0002312
1,0.5336779356002808,1,ham10000,ISIC_0024461,bcc,HAM_0002313
0,0.4869396686553955,1,ham10000,ISIC_0027662,nv,HAM_0002314
0,0.2859208285808563,1,ham10000,ISIC_0028312,nv,HAM_0002315
0,0.46707555651664734,1,ham10000,ISIC_0029217,bkl,HAM_0002316
0,0.3488847017288208,1,ham10000,ISIC_0027268,nv,HAM_0002317
0,0.39940816164016724,1,ham10000,ISIC_0026797,nv,HAM_0002318
0,0.2403850108385086,1,ham10000,ISIC_0026600,nv,HAM_0002319
0,0.3897039294242859,1,ham10000,ISIC_0025163,nv,HAM_0002320
0,0.31108638644218445,1,ham10000,ISIC_0029015,nv,HAM_0002321
0,0.1433093398809433,0,ham10000,ISIC_0027912,nv,HAM_0002322
0,0.6190280914306641,1,ham10000,ISIC_0029976,nv,HAM_0002323
0,0.10473540425300598,0,ham10000,ISIC_0025381,nv,HAM_0002324
0,0.4678441286087036,1,ham10000,ISIC_0033021,nv,HAM_0002325
0,0.48837918043136597,1,ham10000,ISIC_0027346,nv,HAM_0002326
0,0.6547136902809143,1,ham10000,ISIC_0032883,bkl,HAM_0002327
0,0.04850118234753609,0,ham10000,ISIC_0026896,nv,HAM_0002328
0,0.39559024572372437,1,ham10000,ISIC_0032911,nv,HAM_0002329
0,0.2266996204853058,1,ham10000,ISIC_0027430,nv,HAM_0002330
0,0.1807478666305542,1,ham10000,ISIC_0028068,nv,HAM_0002331
0,0.26145124435424805,1,ham10000,ISIC_0025670,nv,HAM_0002332
0,0.5047894716262817,1,ham10000,ISIC_0031405,nv,HAM_0002333
1,0.6500705480575562,1,ham10000,ISIC_0027786,bcc,HAM_0002334
0,0.674953281879425,1,ham10000,ISIC_0030465,bkl,HAM_0002335
0,0.3694869875907898,1,ham10000,ISIC_0031446,nv,HAM_0002336
0,0.37578535079956055,1,ham10000,ISIC_0029949,nv,HAM_0002337
1,0.5117495656013489,1,ham10000,ISIC_0028103,mel,HAM_0002338
0,0.32211512327194214,1,ham10000,ISIC_0026597,nv,HAM_0002339
0,0.3279307782649994,1,ham10000,ISIC_0029047,nv,HAM_0002340
0,0.320128858089447,1,ham10000,ISIC_0029117,nv,HAM_0002341
1,0.7502960562705994,1,ham10000,ISIC_0032917,mel,HAM_0002342
1,0.4376746118068695,1,ham10000,ISIC_0028158,akiec,HAM_0002343
0,0.18003204464912415,1,ham10000,ISIC_0026778,nv,HAM_0002344
0,0.33681952953338623,1,ham10000,ISIC_0031982,nv,HAM_0002345
1,0.4951346516609192,1,ham10000,ISIC_0026343,bcc,HAM_0002346
0,0.3548087775707245,1,ham10000,ISIC_0030022,nv,HAM_0002347
0,0.4733158051967621,1,ham10000,ISIC_0025240,nv,HAM_0002348
0,0.5913020968437195,1,ham10000,ISIC_0025008,nv,HAM_0002349
0,0.5196207165718079,1,ham10000,ISIC_0026015,bkl,HAM_0002350
0,0.2880532741546631,1,ham10000,ISIC_0028788,nv,HAM_0002351
0,0.25985848903656006,1,ham10000,ISIC_0032319,nv,HAM_0002352
0,0.35485467314720154,1,ham10000,ISIC_0028705,nv,HAM_0002353
0,0.5073434114456177,1,ham10000,ISIC_0025559,nv,HAM_0002354
0,0.4441833198070526,1,ham10000,ISIC_0029202,bkl,HAM_0002355
0,0.31384867429733276,1,ham10000,ISIC_0030889,nv,HAM_0002356
0,0.46182969212532043,1,ham10000,ISIC_0030137,bkl,HAM_0002357
0,0.35517340898513794,1,ham10000,ISIC_0027973,bkl,HAM_0002358
0,0.3693479895591736,1,ham10000,ISIC_0024863,nv,HAM_0002359
0,0.4355663061141968,1,ham10000,ISIC_0028024,nv,HAM_0002360
0,0.3555939495563507,1,ham10000,ISIC_0026285,nv,HAM_0002361
0,0.27451232075691223,1,ham10000,ISIC_0025307,nv,HAM_0002362
0,0.5870575308799744,1,ham10000,ISIC_0032924,nv,HAM_0002363
0,0.9396326541900635,1,ham10000,ISIC_0024712,nv,HAM_0002364
0,0.4931139647960663,1,ham10000,ISIC_0029880,bkl,HAM_0002366
0,0.35271841287612915,1,ham10000,ISIC_0033150,nv,HAM_0002367
0,0.4417939782142639,1,ham10000,ISIC_0024841,nv,HAM_0002368
0,0.1477607935667038,0,ham10000,ISIC_0027016,nv,HAM_0002369
0,0.26389601826667786,1,ham10000,ISIC_0028945,nv,HAM_0002370
0,0.3355852961540222,1,ham10000,ISIC_0032271,bkl,HAM_0002371
0,0.43966567516326904,1,ham10000,ISIC_0033124,bkl,HAM_0002372
0,0.2921609878540039,1,ham10000,ISIC_0030703,nv,HAM_0002373
0,0.28265270590782166,1,ham10000,ISIC_0024780,nv,HAM_0002374
1,0.5907379984855652,1,ham10000,ISIC_0024940,mel,HAM_0002375
1,0.7159103751182556,1,ham10000,ISIC_0033856,mel,HAM_0002377
0,0.33338266611099243,1,ham10000,ISIC_0026087,nv,HAM_0002378
0,0.15341666340827942,0,ham10000,ISIC_0026082,nv,HAM_0002379
0,0.18829242885112762,1,ham10000,ISIC_0029807,nv,HAM_0002380
0,0.3964918255805969,1,ham10000,ISIC_0030680,nv,HAM_0002381
0,0.32653340697288513,1,ham10000,ISIC_0025916,nv,HAM_0002382
0,0.19814635813236237,1,ham10000,ISIC_0032488,nv,HAM_0002383
0,0.3813636004924774,1,ham10000,ISIC_0026195,nv,HAM_0002384
0,0.25754937529563904,1,ham10000,ISIC_0024549,nv,HAM_0002385
0,0.25060197710990906,1,ham10000,ISIC_0033640,nv,HAM_0002386
0,0.20888297259807587,1,ham10000,ISIC_0030292,nv,HAM_0002387
0,0.22633102536201477,1,ham10000,ISIC_0025200,nv,HAM_0002388
0,0.38847479224205017,1,ham10000,ISIC_0026701,nv,HAM_0002389
0,0.040590714663267136,0,ham10000,ISIC_0029439,vasc,HAM_0002390
1,0.6457071900367737,1,ham10000,ISIC_0027260,mel,HAM_0002391
0,0.35599634051322937,1,ham10000,ISIC_0028233,bkl,HAM_0002392
0,0.4196335971355438,1,ham10000,ISIC_0026879,nv,HAM_0002393
0,0.09615771472454071,0,ham10000,ISIC_0029550,nv,HAM_0002394
0,0.24018408358097076,1,ham10000,ISIC_0029750,nv,HAM_0002395
0,0.37386447191238403,1,ham10000,ISIC_0026025,nv,HAM_0002396
1,0.6929734349250793,1,ham10000,ISIC_0029192,bcc,HAM_0002397
0,0.26491600275039673,1,ham10000,ISIC_0028208,nv,HAM_0002398
0,0.43196606636047363,1,ham10000,ISIC_0030330,nv,HAM_0002399
0,0.308281809091568,1,ham10000,ISIC_0024772,bkl,HAM_0002400
0,0.40622666478157043,1,ham10000,ISIC_0028204,nv,HAM_0002401
0,0.3552413880825043,1,ham10000,ISIC_0033515,nv,HAM_0002402
0,0.28542661666870117,1,ham10000,ISIC_0028612,nv,HAM_0002403
0,0.3930579423904419,1,ham10000,ISIC_0031776,nv,HAM_0002404
0,0.2662999629974365,1,ham10000,ISIC_0030380,nv,HAM_0002405
0,0.24325889348983765,1,ham10000,ISIC_0030568,nv,HAM_0002406
0,0.22294166684150696,1,ham10000,ISIC_0028731,nv,HAM_0002407
0,0.6567723751068115,1,ham10000,ISIC_0031359,nv,HAM_0002408
0,0.5193251967430115,1,ham10000,ISIC_0028368,nv,HAM_0002409
0,0.47603896260261536,1,ham10000,ISIC_0026639,nv,HAM_0002410
0,0.4468747675418854,1,ham10000,ISIC_0025946,nv,HAM_0002411
0,0.10773671418428421,0,ham10000,ISIC_0026287,nv,HAM_0002412
0,0.37427687644958496,1,ham10000,ISIC_0032543,nv,HAM_0002413
0,0.2180917114019394,1,ham10000,ISIC_0027661,nv,HAM_0002414
0,0.053789980709552765,0,ham10000,ISIC_0026121,nv,HAM_0002415
0,0.49984484910964966,1,ham10000,ISIC_0026816,nv,HAM_0002416
0,0.565734326839447,1,ham10000,ISIC_0032943,nv,HAM_0002417
0,0.4486486315727234,1,ham10000,ISIC_0030711,nv,HAM_0002418
0,0.4385036528110504,1,ham10000,ISIC_0032359,bkl,HAM_0002419
0,0.08492153137922287,0,ham10000,ISIC_0028796,nv,HAM_0002420
1,0.620134174823761,1,ham10000,ISIC_0028556,bcc,HAM_0002421
0,0.24924275279045105,1,ham10000,ISIC_0031566,nv,HAM_0002422
0,0.13801826536655426,0,ham10000,ISIC_0025088,nv,HAM_0002423
0,0.6746464371681213,1,ham10000,ISIC_0028104,bkl,HAM_0002424
0,0.42803800106048584,1,ham10000,ISIC_0032682,nv,HAM_0002425
0,0.3344266414642334,1,ham10000,ISIC_0024348,nv,HAM_0002426
1,0.5399442911148071,1,ham10000,ISIC_0027629,bcc,HAM_0002427
0,0.11412855982780457,0,ham10000,ISIC_0026510,nv,HAM_0002428
0,0.3122656047344208,1,ham10000,ISIC_0028139,nv,HAM_0002429
1,0.6085211038589478,1,ham10000,ISIC_0027673,mel,HAM_0002430
0,0.33190616965293884,1,ham10000,ISIC_0032657,nv,HAM_0002431
0,0.45645061135292053,1,ham10000,ISIC_0029775,nv,HAM_0002432
0,0.3082759380340576,1,ham10000,ISIC_0032011,nv,HAM_0002433
0,0.5681990385055542,1,ham10000,ISIC_0033253,nv,HAM_0002434
0,0.19787950813770294,1,ham10000,ISIC_0028366,nv,HAM_0002435
1,0.6525784134864807,1,ham10000,ISIC_0025127,mel,HAM_0002436
0,0.2699797451496124,1,ham10000,ISIC_0031899,nv,HAM_0002437
0,0.37228715419769287,1,ham10000,ISIC_0026527,nv,HAM_0002438
0,0.1295602172613144,0,ham10000,ISIC_0031083,nv,HAM_0002439
0,0.1640021800994873,0,ham10000,ISIC_0029723,nv,HAM_0002440
1,0.5642118453979492,1,ham10000,ISIC_0030491,akiec,HAM_0002441
0,0.44245198369026184,1,ham10000,ISIC_0026325,nv,HAM_0002442
0,0.3057909309864044,1,ham10000,ISIC_0029685,nv,HAM_0002443
0,0.29551073908805847,1,ham10000,ISIC_0029852,nv,HAM_0002444
0,0.30923789739608765,1,ham10000,ISIC_0030879,nv,HAM_0002445
0,0.05411234870553017,0,ham10000,ISIC_0028521,nv,HAM_0002446
0,0.3988780379295349,1,ham10000,ISIC_0033281,nv,HAM_0002448
0,0.10366059839725494,0,ham10000,ISIC_0024391,nv,HAM_0002449
0,0.6938614845275879,1,ham10000,ISIC_0024318,df,HAM_0002450
0,0.4612594246864319,1,ham10000,ISIC_0028150,nv,HAM_0002451
0,0.020311160013079643,0,ham10000,ISIC_0024491,nv,HAM_0002452
0,0.3395017087459564,1,ham10000,ISIC_0029921,nv,HAM_0002453
0,0.10564856976270676,0,ham10000,ISIC_0024628,nv,HAM_0002454
0,0.49796542525291443,1,ham10000,ISIC_0032099,bkl,HAM_0002455
0,0.5063242316246033,1,ham10000,ISIC_0031223,bkl,HAM_0002456
0,0.1365196704864502,0,ham10000,ISIC_0027457,nv,HAM_0002457
0,0.09665203839540482,0,ham10000,ISIC_0026155,nv,HAM_0002458
0,0.2942631244659424,1,ham10000,ISIC_0029305,nv,HAM_0002459
0,0.05672535300254822,0,ham10000,ISIC_0032336,nv,HAM_0002460
1,0.40990883111953735,1,ham10000,ISIC_0025953,akiec,HAM_0002461
0,0.6038302183151245,1,ham10000,ISIC_0024498,bkl,HAM_0002462
0,0.6408604383468628,1,ham10000,ISIC_0029052,df,HAM_0002463
0,0.3868504762649536,1,ham10000,ISIC_0030566,nv,HAM_0002464
0,0.43567007780075073,1,ham10000,ISIC_0026565,nv,HAM_0002465
0,0.13450253009796143,0,ham10000,ISIC_0030128,nv,HAM_0002466
1,0.7574622631072998,1,ham10000,ISIC_0030893,bcc,HAM_0002467
0,0.43361902236938477,1,ham10000,ISIC_0028018,nv,HAM_0002468
0,0.2842565178871155,1,ham10000,ISIC_0029419,nv,HAM_0002469
0,0.3998439610004425,1,ham10000,ISIC_0026611,nv,HAM_0002470
1,0.6469446420669556,1,ham10000,ISIC_0027060,mel,HAM_0002471
1,0.5393165349960327,1,ham10000,ISIC_0025696,akiec,HAM_0002472
0,0.3132280707359314,1,ham10000,ISIC_0025922,nv,HAM_0002473
0,0.3529503345489502,1,ham10000,ISIC_0030658,nv,HAM_0002474
0,0.12119685113430023,0,ham10000,ISIC_0026685,nv,HAM_0002475
0,0.4204501509666443,1,ham10000,ISIC_0027837,nv,HAM_0002476
1,0.5501384735107422,1,ham10000,ISIC_0025145,mel,HAM_0002477
0,0.04862130805850029,0,ham10000,ISIC_0031787,nv,HAM_0002478
0,0.31181585788726807,1,ham10000,ISIC_0029768,nv,HAM_0002479
0,0.6461665034294128,1,ham10000,ISIC_0028589,nv,HAM_0002480
0,0.5281032919883728,1,ham10000,ISIC_0024684,nv,HAM_0002481
0,0.10884939879179001,0,ham10000,ISIC_0032064,nv,HAM_0002482
0,0.34115302562713623,1,ham10000,ISIC_0032446,nv,HAM_0002483
0,0.9999904632568359,1,ham10000,ISIC_0029194,nv,HAM_0002484
0,0.10372814536094666,0,ham10000,ISIC_0028351,nv,HAM_0002485
0,0.2693762183189392,1,ham10000,ISIC_0028947,nv,HAM_0002486
0,0.23039676249027252,1,ham10000,ISIC_0032503,nv,HAM_0002487
1,0.6303936839103699,1,ham10000,ISIC_0032645,mel,HAM_0002488
0,0.9999984502792358,1,ham10000,ISIC_0030874,nv,HAM_0002489
0,0.6123051643371582,1,ham10000,ISIC_0027889,nv,HAM_0002490
1,0.617840051651001,1,ham10000,ISIC_0026770,mel,HAM_0002491
0,0.242890864610672,1,ham10000,ISIC_0028875,nv,HAM_0002492
1,0.05865257605910301,0,ham10000,ISIC_0024323,mel,HAM_0002493
0,0.6873428225517273,1,ham10000,ISIC_0033686,nv,HAM_0002494
0,0.17493608593940735,1,ham10000,ISIC_0031330,nv,HAM_0002495
0,0.36182448267936707,1,ham10000,ISIC_0030861,nv,HAM_0002496
0,0.5958612561225891,1,ham10000,ISIC_0025443,nv,HAM_0002497
0,0.6570740342140198,1,ham10000,ISIC_0032839,vasc,HAM_0002498
0,0.1702020913362503,0,ham10000,ISIC_0024600,nv,HAM_0002499
0,0.39990919828414917,1,ham10000,ISIC_0028169,nv,HAM_0002500
0,0.5343192219734192,1,ham10000,ISIC_0032928,nv,HAM_0002501
0,0.41890254616737366,1,ham10000,ISIC_0032973,nv,HAM_0002502
0,0.4445847272872925,1,ham10000,ISIC_0029676,bkl,HAM_0002503
0,0.3811209201812744,1,ham10000,ISIC_0025455,nv,HAM_0002504
0,0.49657291173934937,1,ham10000,ISIC_0031402,nv,HAM_0002505
1,0.6827132701873779,1,ham10000,ISIC_0029337,bcc,HAM_0002506
0,0.45465782284736633,1,ham10000,ISIC_0030428,nv,HAM_0002508
1,0.5433413982391357,1,ham10000,ISIC_0024732,mel,HAM_0002509
0,0.10781383514404297,0,ham10000,ISIC_0031124,nv,HAM_0002510
0,0.40105006098747253,1,ham10000,ISIC_0025148,nv,HAM_0002511
0,0.1936659961938858,1,ham10000,ISIC_0025768,nv,HAM_0002512
0,0.18633943796157837,1,ham10000,ISIC_0027088,nv,HAM_0002513
0,0.3286267817020416,1,ham10000,ISIC_0026768,nv,HAM_0002514
0,0.30640316009521484,1,ham10000,ISIC_0028744,nv,HAM_0002515
0,0.19227002561092377,1,ham10000,ISIC_0028315,nv,HAM_0002516
0,0.3123686909675598,1,ham10000,ISIC_0031838,nv,HAM_0002517
0,0.3040052354335785,1,ham10000,ISIC_0032028,nv,HAM_0002518
0,0.5372081995010376,1,ham10000,ISIC_0032986,nv,HAM_0002519
0,0.2734508216381073,1,ham10000,ISIC_0032177,nv,HAM_0002520
0,0.4673510193824768,1,ham10000,ISIC_0027828,bkl,HAM_0002521
0,0.3200668692588806,1,ham10000,ISIC_0028382,nv,HAM_0002522
1,0.5349220633506775,1,ham10000,ISIC_0024516,mel,HAM_0002523
0,0.2710445523262024,1,ham10000,ISIC_0026184,nv,HAM_0002524
1,0.3456316888332367,1,ham10000,ISIC_0025188,mel,HAM_0002525
1,0.7736853957176208,1,ham10000,ISIC_0032799,bcc,HAM_0002526
0,0.5495926737785339,1,ham10000,ISIC_0026717,bkl,HAM_0002527
0,0.3803102374076843,1,ham10000,ISIC_0025821,nv,HAM_0002528
0,0.43258246779441833,1,ham10000,ISIC_0026298,bkl,HAM_0002529
0,0.25694262981414795,1,ham10000,ISIC_0028239,nv,HAM_0002530
0,0.5055721402168274,1,ham10000,ISIC_0027467,nv,HAM_0002531
0,0.4407757520675659,1,ham10000,ISIC_0026615,nv,HAM_0002532
0,0.41127142310142517,1,ham10000,ISIC_0027755,nv,HAM_0002533
1,0.3400392532348633,1,ham10000,ISIC_0024898,mel,HAM_0002534
0,0.5018357634544373,1,ham10000,ISIC_0027754,bkl,HAM_0002535
0,0.6648848056793213,1,ham10000,ISIC_0032124,bkl,HAM_0002536
0,0.4255286157131195,1,ham10000,ISIC_0028689,nv,HAM_0002537
0,0.42094606161117554,1,ham10000,ISIC_0030770,vasc,HAM_0002538
0,0.3709962069988251,1,ham10000,ISIC_0027422,nv,HAM_0002539
0,0.3513946235179901,1,ham10000,ISIC_0030471,nv,HAM_0002540
0,0.5357092618942261,1,ham10000,ISIC_0028098,nv,HAM_0002541
0,0.17226172983646393,0,ham10000,ISIC_0025817,nv,HAM_0002542
0,0.3989150822162628,1,ham10000,ISIC_0025645,nv,HAM_0002543
0,0.3069969713687897,1,ham10000,ISIC_0029711,nv,HAM_0002544
0,0.42240217328071594,1,ham10000,ISIC_0029149,nv,HAM_0002545
0,0.7957197427749634,1,ham10000,ISIC_0030579,df,HAM_0002546
0,0.3916621804237366,1,ham10000,ISIC_0024394,nv,HAM_0002547
0,0.29884856939315796,1,ham10000,ISIC_0027470,bkl,HAM_0002548
0,0.1524694859981537,0,ham10000,ISIC_0030043,nv,HAM_0002549
0,0.3730068802833557,1,ham10000,ISIC_0027682,nv,HAM_0002550
1,0.7176409363746643,1,ham10000,ISIC_0024539,akiec,HAM_0002551
1,0.577475368976593,1,ham10000,ISIC_0032936,mel,HAM_0002552
0,0.5193443894386292,1,ham10000,ISIC_0032931,nv,HAM_0002553
0,0.3190869688987732,1,ham10000,ISIC_0028585,nv,HAM_0002554
0,0.25996100902557373,1,ham10000,ISIC_0032398,nv,HAM_0002555
0,0.382420152425766,1,ham10000,ISIC_0025436,nv,HAM_0002556
1,0.7647839784622192,1,ham10000,ISIC_0025927,mel,HAM_0002557
1,0.7213796973228455,1,ham10000,ISIC_0034047,bcc,HAM_0002559
0,0.3881000280380249,1,ham10000,ISIC_0025325,nv,HAM_0002561
0,0.44621917605400085,1,ham10000,ISIC_0025024,nv,HAM_0002562
0,0.1604761779308319,0,ham10000,ISIC_0024607,nv,HAM_0002563
0,0.38547655940055847,1,ham10000,ISIC_0029626,nv,HAM_0002564
1,0.5939103364944458,1,ham10000,ISIC_0032660,bcc,HAM_0002565
0,0.36802321672439575,1,ham10000,ISIC_0024437,nv,HAM_0002566
0,0.26737985014915466,1,ham10000,ISIC_0031048,nv,HAM_0002567
0,0.399040549993515,1,ham10000,ISIC_0030037,nv,HAM_0002568
0,0.21682187914848328,1,ham10000,ISIC_0034018,nv,HAM_0002569
0,0.35184425115585327,1,ham10000,ISIC_0029952,nv,HAM_0002570
0,0.3461613953113556,1,ham10000,ISIC_0025881,nv,HAM_0002571
0,0.3295210599899292,1,ham10000,ISIC_0025422,nv,HAM_0002572
0,0.5179308652877808,1,ham10000,ISIC_0030018,nv,HAM_0002573
0,0.37325766682624817,1,ham10000,ISIC_0032666,nv,HAM_0002574
0,0.4584815204143524,1,ham10000,ISIC_0026781,nv,HAM_0002575
1,0.34206148982048035,1,ham10000,ISIC_0025414,mel,HAM_0002576
1,0.3275918960571289,1,ham10000,ISIC_0025417,bcc,HAM_0002577
0,0.17086215317249298,0,ham10000,ISIC_0027656,nv,HAM_0002578
0,0.05984951928257942,0,ham10000,ISIC_0031683,nv,HAM_0002579
0,0.30883103609085083,1,ham10000,ISIC_0031252,nv,HAM_0002580
0,0.44024693965911865,1,ham10000,ISIC_0026544,nv,HAM_0002581
0,0.49749237298965454,1,ham10000,ISIC_0032813,nv,HAM_0002582
0,0.21126620471477509,1,ham10000,ISIC_0026572,nv,HAM_0002583
0,0.3384798467159271,1,ham10000,ISIC_0030315,nv,HAM_0002584
0,0.6362674236297607,1,ham10000,ISIC_0027026,bkl,HAM_0002585
0,0.26010432839393616,1,ham10000,ISIC_0025186,nv,HAM_0002586
0,0.26706236600875854,1,ham10000,ISIC_0030485,nv,HAM_0002587
0,0.2782360911369324,1,ham10000,ISIC_0031452,nv,HAM_0002588
0,0.5532873868942261,1,ham10000,ISIC_0026318,nv,HAM_0002589
0,0.2960730493068695,1,ham10000,ISIC_0025010,nv,HAM_0002590
1,0.49869027733802795,1,ham10000,ISIC_0028930,mel,HAM_0002591
0,0.5538723468780518,1,ham10000,ISIC_0029311,bkl,HAM_0002592
0,0.24552766978740692,1,ham10000,ISIC_0029935,nv,HAM_0002593
0,0.3962908685207367,1,ham10000,ISIC_0031047,nv,HAM_0002594
0,0.3725550174713135,1,ham10000,ISIC_0032933,nv,HAM_0002595
0,0.3642951250076294,1,ham10000,ISIC_0032848,nv,HAM_0002596
0,0.4112357199192047,1,ham10000,ISIC_0033045,nv,HAM_0002597
0,0.578168511390686,1,ham10000,ISIC_0033873,nv,HAM_0002598
0,0.44345444440841675,1,ham10000,ISIC_0033143,nv,HAM_0002599
0,0.4139759838581085,1,ham10000,ISIC_0032588,nv,HAM_0002600
0,0.5627472400665283,1,ham10000,ISIC_0032510,nv,HAM_0002601
0,0.3262177109718323,1,ham10000,ISIC_0032798,nv,HAM_0002602
0,0.27911025285720825,1,ham10000,ISIC_0033697,nv,HAM_0002603
0,0.40566349029541016,1,ham10000,ISIC_0033656,nv,HAM_0002604
0,0.5949554443359375,1,ham10000,ISIC_0034164,nv,HAM_0002605
0,0.42554971575737,1,ham10000,ISIC_0033228,nv,HAM_0002606
0,0.38857123255729675,1,ham10000,ISIC_0032744,nv,HAM_0002607
0,0.11769858747720718,0,ham10000,ISIC_0026484,nv,HAM_0002608
1,0.583520770072937,1,ham10000,ISIC_0029318,mel,HAM_0002609
0,0.5763697028160095,1,ham10000,ISIC_0026876,vasc,HAM_0002610
1,0.5630060434341431,1,ham10000,ISIC_0026192,bcc,HAM_0002611
0,0.08483772724866867,0,ham10000,ISIC_0031180,nv,HAM_0002612
1,0.45795315504074097,1,ham10000,ISIC_0024958,mel,HAM_0002613
0,0.20024946331977844,1,ham10000,ISIC_0027637,nv,HAM_0002614
1,0.7361660599708557,1,ham10000,ISIC_0033413,akiec,HAM_0002615
0,0.6045525670051575,1,ham10000,ISIC_0032555,nv,HAM_0002616
1,0.6660691499710083,1,ham10000,ISIC_0033393,mel,HAM_0002617
0,0.09537144750356674,0,ham10000,ISIC_0027705,nv,HAM_0002618
0,0.1397627890110016,0,ham10000,ISIC_0025435,nv,HAM_0002619
0,0.27471745014190674,1,ham10000,ISIC_0032490,nv,HAM_0002620
0,0.08968540281057358,0,ham10000,ISIC_0028047,nv,HAM_0002621
1,0.6437195539474487,1,ham10000,ISIC_0030187,mel,HAM_0002622
0,0.3215194344520569,1,ham10000,ISIC_0025384,nv,HAM_0002623
0,0.45392051339149475,1,ham10000,ISIC_0028282,nv,HAM_0002624
0,0.44833701848983765,1,ham10000,ISIC_0026822,nv,HAM_0002626
0,0.12980128824710846,0,ham10000,ISIC_0027014,nv,HAM_0002627
0,0.5800843834877014,1,ham10000,ISIC_0030652,nv,HAM_0002628
0,0.3829791247844696,1,ham10000,ISIC_0024551,nv,HAM_0002629
0,0.2168780267238617,1,ham10000,ISIC_0026257,nv,HAM_0002630
0,0.4416965842247009,1,ham10000,ISIC_0028048,nv,HAM_0002631
0,0.12476405501365662,0,ham10000,ISIC_0029943,nv,HAM_0002632
0,0.3526821434497833,1,ham10000,ISIC_0031525,nv,HAM_0002633
0,0.2629426419734955,1,ham10000,ISIC_0028392,nv,HAM_0002634
0,0.43111738562583923,1,ham10000,ISIC_0029364,nv,HAM_0002635
0,0.22899551689624786,1,ham10000,ISIC_0031782,nv,HAM_0002636
0,0.384317547082901,1,ham10000,ISIC_0029376,nv,HAM_0002637
0,0.34895026683807373,1,ham10000,ISIC_0028096,nv,HAM_0002638
0,0.6018775701522827,1,ham10000,ISIC_0025249,vasc,HAM_0002639
0,0.24033300578594208,1,ham10000,ISIC_0030337,nv,HAM_0002640
0,0.33823320269584656,1,ham10000,ISIC_0032676,nv,HAM_0002641
0,0.148328959941864,0,ham10000,ISIC_0031467,nv,HAM_0002642
0,0.2568070590496063,1,ham10000,ISIC_0030017,nv,HAM_0002643
1,0.7206233143806458,1,ham10000,ISIC_0029417,akiec,HAM_0002644
0,0.5953102111816406,1,ham10000,ISIC_0024587,nv,HAM_0002645
1,0.5532260537147522,1,ham10000,ISIC_0028558,akiec,HAM_0002646
0,0.5191009044647217,1,ham10000,ISIC_0030534,nv,HAM_0002647
1,0.40887507796287537,1,ham10000,ISIC_0027650,akiec,HAM_0002648
0,0.42539745569229126,1,ham10000,ISIC_0026235,nv,HAM_0002649
0,0.1561575084924698,0,ham10000,ISIC_0029742,vasc,HAM_0002650
0,0.16504231095314026,0,ham10000,ISIC_0028682,nv,HAM_0002651
0,0.4212949275970459,1,ham10000,ISIC_0024934,nv,HAM_0002652
0,0.3441244661808014,1,ham10000,ISIC_0026817,nv,HAM_0002653
0,0.42914801836013794,1,ham10000,ISIC_0025698,nv,HAM_0002654
0,0.28511664271354675,1,ham10000,ISIC_0027116,nv,HAM_0002656
0,0.4104880690574646,1,ham10000,ISIC_0031046,nv,HAM_0002657
0,0.5045403242111206,1,ham10000,ISIC_0025907,nv,HAM_0002658
0,0.4347701370716095,1,ham10000,ISIC_0026448,nv,HAM_0002659
0,0.5033334493637085,1,ham10000,ISIC_0033750,bkl,HAM_0002660
0,0.378416508436203,1,ham10000,ISIC_0025665,nv,HAM_0002661
0,0.38585472106933594,1,ham10000,ISIC_0031572,nv,HAM_0002662
0,0.1292252242565155,0,ham10000,ISIC_0030720,nv,HAM_0002663
1,0.7703122496604919,1,ham10000,ISIC_0033054,bcc,HAM_0002664
0,0.3582518398761749,1,ham10000,ISIC_0032208,nv,HAM_0002665
1,0.5321797132492065,1,ham10000,ISIC_0024564,bcc,HAM_0002666
0,0.2568792402744293,1,ham10000,ISIC_0024388,nv,HAM_0002667
0,0.6030024886131287,1,ham10000,ISIC_0026784,nv,HAM_0002668
0,0.2833319306373596,1,ham10000,ISIC_0031994,nv,HAM_0002669
0,0.6573746204376221,1,ham10000,ISIC_0027734,nv,HAM_0002670
1,0.8764496445655823,1,ham10000,ISIC_0033068,mel,HAM_0002671
1,0.5613541603088379,1,ham10000,ISIC_0025948,akiec,HAM_0002672
0,0.3409397006034851,1,ham10000,ISIC_0027686,nv,HAM_0002673
0,0.3986528515815735,1,ham10000,ISIC_0029646,nv,HAM_0002674
0,0.3810347616672516,1,ham10000,ISIC_0024969,nv,HAM_0002675
0,0.16162531077861786,0,ham10000,ISIC_0024610,nv,HAM_0002676
0,0.5192956328392029,1,ham10000,ISIC_0031024,bkl,HAM_0002677
0,0.2665426731109619,1,ham10000,ISIC_0030739,nv,HAM_0002678
0,0.08487577736377716,0,ham10000,ISIC_0029590,nv,HAM_0002679
0,0.29251253604888916,1,ham10000,ISIC_0031315,nv,HAM_0002680
0,0.3698967695236206,1,ham10000,ISIC_0029381,nv,HAM_0002681
0,0.08437883108854294,0,ham10000,ISIC_0024478,nv,HAM_0002682
0,0.587848424911499,1,ham10000,ISIC_0031677,bkl,HAM_0002683
0,0.6099593639373779,1,ham10000,ISIC_0027874,nv,HAM_0002684
0,0.5300546884536743,1,ham10000,ISIC_0030593,nv,HAM_0002685
0,0.5607785582542419,1,ham10000,ISIC_0031716,bkl,HAM_0002686
0,0.33940356969833374,1,ham10000,ISIC_0032037,nv,HAM_0002687
0,0.21696440875530243,1,ham10000,ISIC_0025348,nv,HAM_0002688
1,0.5690006613731384,1,ham10000,ISIC_0026687,bcc,HAM_0002689
0,0.23954956233501434,1,ham10000,ISIC_0028828,nv,HAM_0002690
0,0.4099830687046051,1,ham10000,ISIC_0031345,bkl,HAM_0002691
0,0.45082879066467285,1,ham10000,ISIC_0029404,vasc,HAM_0002692
1,0.459442675113678,1,ham10000,ISIC_0031550,mel,HAM_0002693
0,0.27744993567466736,1,ham10000,ISIC_0030100,nv,HAM_0002694
0,0.4337570369243622,1,ham10000,ISIC_0028664,nv,HAM_0002695
1,0.3049152195453644,1,ham10000,ISIC_0026207,mel,HAM_0002696
0,0.3409912884235382,1,ham10000,ISIC_0028055,nv,HAM_0002697
0,0.9978930354118347,1,ham10000,ISIC_0031247,nv,HAM_0002698
1,0.7173137068748474,1,ham10000,ISIC_0029827,akiec,HAM_0002699
0,0.28187936544418335,1,ham10000,ISIC_0025011,nv,HAM_0002700
0,0.4441814422607422,1,ham10000,ISIC_0024328,nv,HAM_0002701
0,0.2952657639980316,1,ham10000,ISIC_0028196,nv,HAM_0002702
0,0.49288487434387207,1,ham10000,ISIC_0025402,nv,HAM_0002703
0,0.5098950862884521,1,ham10000,ISIC_0031638,nv,HAM_0002704
1,0.39000770449638367,1,ham10000,ISIC_0025089,akiec,HAM_0002705
0,0.4631757140159607,1,ham10000,ISIC_0025954,df,HAM_0002706
0,0.3489517569541931,1,ham10000,ISIC_0030628,nv,HAM_0002707
0,0.46204453706741333,1,ham10000,ISIC_0024752,nv,HAM_0002708
0,0.3914479911327362,1,ham10000,ISIC_0025773,nv,HAM_0002709
0,0.4048953056335449,1,ham10000,ISIC_0025241,nv,HAM_0002710
1,0.5489994287490845,1,ham10000,ISIC_0027669,mel,HAM_0002711
0,0.21338269114494324,1,ham10000,ISIC_0034238,nv,HAM_0002712
0,0.33956366777420044,1,ham10000,ISIC_0026695,nv,HAM_0002713
1,0.4527911841869354,1,ham10000,ISIC_0026113,mel,HAM_0002714
0,0.25722551345825195,1,ham10000,ISIC_0024714,nv,HAM_0002715
0,0.13817569613456726,0,ham10000,ISIC_0030779,nv,HAM_0002716
1,0.30933713912963867,1,ham10000,ISIC_0031284,bcc,HAM_0002717
0,0.3983774185180664,1,ham10000,ISIC_0024316,nv,HAM_0002718
1,0.5240127444267273,1,ham10000,ISIC_0029033,mel,HAM_0002719
1,0.625481128692627,1,ham10000,ISIC_0025277,mel,HAM_0002720
0,0.39624738693237305,1,ham10000,ISIC_0032585,nv,HAM_0002721
0,0.5081931352615356,1,ham10000,ISIC_0027991,bkl,HAM_0002722
1,0.5700985789299011,1,ham10000,ISIC_0034050,mel,HAM_0002723
0,0.577675998210907,1,ham10000,ISIC_0032580,nv,HAM_0002724
0,0.17745959758758545,1,ham10000,ISIC_0025523,nv,HAM_0002725
0,0.5685219168663025,1,ham10000,ISIC_0025473,nv,HAM_0002726
0,0.3214831054210663,1,ham10000,ISIC_0025459,nv,HAM_0002727
0,0.20868374407291412,1,ham10000,ISIC_0026570,nv,HAM_0002728
0,0.43769505620002747,1,ham10000,ISIC_0026346,nv,HAM_0002729
0,0.6231325268745422,1,ham10000,ISIC_0025661,bkl,HAM_0002730
0,0.4282155930995941,1,ham10000,ISIC_0028236,bkl,HAM_0002731
1,0.6907846331596375,1,ham10000,ISIC_0033017,mel,HAM_0002732
1,0.6001323461532593,1,ham10000,ISIC_0031041,bcc,HAM_0002733
1,0.43025296926498413,1,ham10000,ISIC_0028190,akiec,HAM_0002734
0,0.40907248854637146,1,ham10000,ISIC_0029992,nv,HAM_0002735
1,0.5571386218070984,1,ham10000,ISIC_0030594,bcc,HAM_0002736
0,0.3119615316390991,1,ham10000,ISIC_0029795,nv,HAM_0002737
0,0.4700857102870941,1,ham10000,ISIC_0029438,nv,HAM_0002738
0,0.3334803581237793,1,ham10000,ISIC_0032452,nv,HAM_0002739
0,0.4968659579753876,1,ham10000,ISIC_0027246,nv,HAM_0002740
0,0.46804553270339966,1,ham10000,ISIC_0027939,nv,HAM_0002741
0,0.5368291139602661,1,ham10000,ISIC_0025654,bkl,HAM_0002742
0,0.37599971890449524,1,ham10000,ISIC_0030439,nv,HAM_0002743
1,0.3626101315021515,1,ham10000,ISIC_0031236,bcc,HAM_0002744
1,0.44640180468559265,1,ham10000,ISIC_0024562,akiec,HAM_0002745
0,0.42960163950920105,1,ham10000,ISIC_0031399,nv,HAM_0002746
0,0.4322385787963867,1,ham10000,ISIC_0025242,nv,HAM_0002747
0,0.3054898977279663,1,ham10000,ISIC_0028289,nv,HAM_0002748
0,0.41347113251686096,1,ham10000,ISIC_0025066,bkl,HAM_0002749
0,0.3147192597389221,1,ham10000,ISIC_0033003,nv,HAM_0002750
0,0.24421647191047668,1,ham10000,ISIC_0026073,nv,HAM_0002751
1,0.4902722239494324,1,ham10000,ISIC_0025748,mel,HAM_0002752
0,0.3661699593067169,1,ham10000,ISIC_0026641,nv,HAM_0002753
0,0.28387799859046936,1,ham10000,ISIC_0025892,nv,HAM_0002754
0,0.33227992057800293,1,ham10000,ISIC_0032523,nv,HAM_0002755
0,0.38394269347190857,1,ham10000,ISIC_0027157,nv,HAM_0002756
0,0.570704460144043,1,ham10000,ISIC_0024909,bkl,HAM_0002757
0,0.1822413057088852,1,ham10000,ISIC_0027575,nv,HAM_0002758
0,0.486232191324234,1,ham10000,ISIC_0033062,nv,HAM_0002759
0,0.15444938838481903,0,ham10000,ISIC_0031815,nv,HAM_0002760
0,0.6553968191146851,1,ham10000,ISIC_0029068,bkl,HAM_0002761
0,0.38879793882369995,1,ham10000,ISIC_0029458,nv,HAM_0002762
0,0.1831185668706894,1,ham10000,ISIC_0026884,nv,HAM_0002763
1,0.42320773005485535,1,ham10000,ISIC_0030366,mel,HAM_0002764
0,0.21186499297618866,1,ham10000,ISIC_0024860,nv,HAM_0002765
0,0.5374530553817749,1,ham10000,ISIC_0030532,nv,HAM_0002766
0,0.300972044467926,1,ham10000,ISIC_0031914,nv,HAM_0002767
0,0.48835280537605286,1,ham10000,ISIC_0026657,nv,HAM_0002768
0,0.4522884786128998,1,ham10000,ISIC_0032481,bkl,HAM_0002769
1,0.6223874688148499,1,ham10000,ISIC_0025265,mel,HAM_0002770
1,0.4182148575782776,1,ham10000,ISIC_0029059,akiec,HAM_0002771
1,0.30609312653541565,1,ham10000,ISIC_0026897,mel,HAM_0002772
0,0.4462845027446747,1,ham10000,ISIC_0028690,nv,HAM_0002773
0,0.6807673573493958,1,ham10000,ISIC_0029683,bkl,HAM_0002774
0,0.38564950227737427,1,ham10000,ISIC_0024407,nv,HAM_0002775
0,0.37800365686416626,1,ham10000,ISIC_0026143,nv,HAM_0002776
0,0.3122735321521759,1,ham10000,ISIC_0030228,nv,HAM_0002777
0,0.26437216997146606,1,ham10000,ISIC_0026540,nv,HAM_0002778
0,0.30549052357673645,1,ham10000,ISIC_0026515,nv,HAM_0002779
0,0.3046943247318268,1,ham10000,ISIC_0028732,nv,HAM_0002780
0,0.26669585704803467,1,ham10000,ISIC_0029379,nv,HAM_0002781
0,0.3870677053928375,1,ham10000,ISIC_0030536,nv,HAM_0002782
0,0.33497074246406555,1,ham10000,ISIC_0029507,nv,HAM_0002783
0,0.38426777720451355,1,ham10000,ISIC_0027712,nv,HAM_0002784
0,0.24909858405590057,1,ham10000,ISIC_0029258,nv,HAM_0002786
0,0.06956334412097931,0,ham10000,ISIC_0025425,vasc,HAM_0002787
0,0.5405328273773193,1,ham10000,ISIC_0027563,vasc,HAM_0002788
0,0.3268393874168396,1,ham10000,ISIC_0030578,nv,HAM_0002789
0,0.21789854764938354,1,ham10000,ISIC_0026721,nv,HAM_0002790
1,0.5916398167610168,1,ham10000,ISIC_0029847,bcc,HAM_0002791
0,0.3549310564994812,1,ham10000,ISIC_0033169,bkl,HAM_0002792
0,0.5275625586509705,1,ham10000,ISIC_0029953,nv,HAM_0002793
0,0.48116156458854675,1,ham10000,ISIC_0031596,nv,HAM_0002794
0,0.15286840498447418,0,ham10000,ISIC_0025278,nv,HAM_0002795
0,0.30152544379234314,1,ham10000,ISIC_0025261,nv,HAM_0002796
0,0.43415555357933044,1,ham10000,ISIC_0026883,nv,HAM_0002797
0,0.27624282240867615,1,ham10000,ISIC_0025323,nv,HAM_0002798
0,0.13360364735126495,0,ham10000,ISIC_0027975,nv,HAM_0002799
1,0.5500813126564026,1,ham10000,ISIC_0026239,mel,HAM_0002800
0,0.33194902539253235,1,ham10000,ISIC_0025889,nv,HAM_0002801
0,0.35623642802238464,1,ham10000,ISIC_0029717,nv,HAM_0002802
0,0.5288622975349426,1,ham10000,ISIC_0028110,nv,HAM_0002803
0,0.3004271388053894,1,ham10000,ISIC_0031722,nv,HAM_0002805
0,0.35851573944091797,1,ham10000,ISIC_0029175,nv,HAM_0002806
0,0.3303803503513336,1,ham10000,ISIC_0025050,nv,HAM_0002807
0,0.2954423427581787,1,ham10000,ISIC_0031503,nv,HAM_0002808
0,0.4709957242012024,1,ham10000,ISIC_0024338,bkl,HAM_0002809
0,0.6241868138313293,1,ham10000,ISIC_0030542,bkl,HAM_0002810
0,0.17892354726791382,1,ham10000,ISIC_0030632,nv,HAM_0002811
1,0.44242992997169495,1,ham10000,ISIC_0027788,bcc,HAM_0002812
0,0.1486976444721222,0,ham10000,ISIC_0030751,nv,HAM_0002813
0,0.4050590693950653,1,ham10000,ISIC_0028140,nv,HAM_0002814
0,0.395622581243515,1,ham10000,ISIC_0025298,nv,HAM_0002815
0,0.1004437804222107,0,ham10000,ISIC_0028405,nv,HAM_0002816
1,0.502754271030426,1,ham10000,ISIC_0029495,mel,HAM_0002817
1,0.5570986866950989,1,ham10000,ISIC_0028570,bcc,HAM_0002818
0,0.21932345628738403,1,ham10000,ISIC_0024467,nv,HAM_0002819
0,0.4260605275630951,1,ham10000,ISIC_0028422,nv,HAM_0002820
0,0.554650604724884,1,ham10000,ISIC_0028479,bkl,HAM_0002821
0,0.40510013699531555,1,ham10000,ISIC_0026863,nv,HAM_0002822
0,0.47018003463745117,1,ham10000,ISIC_0031354,nv,HAM_0002823
1,0.3828205168247223,1,ham10000,ISIC_0025987,mel,HAM_0002824
0,0.28412100672721863,1,ham10000,ISIC_0031296,nv,HAM_0002825
0,0.3097642660140991,1,ham10000,ISIC_0028334,nv,HAM_0002826
0,0.558735191822052,1,ham10000,ISIC_0025777,bkl,HAM_0002827
0,0.22265948355197906,1,ham10000,ISIC_0030164,nv,HAM_0002828
0,0.3490591049194336,1,ham10000,ISIC_0029134,nv,HAM_0002829
0,0.4323851466178894,1,ham10000,ISIC_0025796,nv,HAM_0002830
0,0.29279202222824097,1,ham10000,ISIC_0026977,nv,HAM_0002831
0,0.2762715518474579,1,ham10000,ISIC_0029091,nv,HAM_0002832
0,0.18390707671642303,1,ham10000,ISIC_0026889,nv,HAM_0002833
1,0.6009432077407837,1,ham10000,ISIC_0026500,mel,HAM_0002834
0,0.32963287830352783,1,ham10000,ISIC_0028510,nv,HAM_0002835
0,0.48442479968070984,1,ham10000,ISIC_0030289,nv,HAM_0002836
0,0.2570123076438904,1,ham10000,ISIC_0025859,nv,HAM_0002837
1,0.35646122694015503,1,ham10000,ISIC_0030818,mel,HAM_0002838
0,0.6385510563850403,1,ham10000,ISIC_0025982,bkl,HAM_0002839
0,0.3940618336200714,1,ham10000,ISIC_0027424,nv,HAM_0002840
1,0.9833534955978394,1,ham10000,ISIC_0032653,mel,HAM_0002841
0,0.30307552218437195,1,ham10000,ISIC_0029616,nv,HAM_0002842
0,0.10219574719667435,0,ham10000,ISIC_0031855,nv,HAM_0002843
0,0.543173611164093,1,ham10000,ISIC_0029329,bkl,HAM_0002844
0,0.44193026423454285,1,ham10000,ISIC_0031319,nv,HAM_0002845
0,0.32197341322898865,1,ham10000,ISIC_0028616,nv,HAM_0002846
0,0.21750013530254364,1,ham10000,ISIC_0024353,nv,HAM_0002847
0,0.44812703132629395,1,ham10000,ISIC_0027598,df,HAM_0002848
0,0.4686967134475708,1,ham10000,ISIC_0032229,nv,HAM_0002849
0,0.5336936116218567,1,ham10000,ISIC_0024638,nv,HAM_0002850
0,0.092901811003685,0,ham10000,ISIC_0026915,nv,HAM_0002851
0,0.3924258053302765,1,ham10000,ISIC_0031530,nv,HAM_0002852
0,0.37861475348472595,1,ham10000,ISIC_0027429,nv,HAM_0002853
0,0.0974276214838028,0,ham10000,ISIC_0031673,nv,HAM_0002854
0,0.07765305787324905,0,ham10000,ISIC_0026116,nv,HAM_0002855
0,0.5018498301506042,1,ham10000,ISIC_0028154,nv,HAM_0002856
0,0.2098568081855774,1,ham10000,ISIC_0024528,nv,HAM_0002857
0,0.25274214148521423,1,ham10000,ISIC_0029990,nv,HAM_0002858
0,0.30576592683792114,1,ham10000,ISIC_0025119,nv,HAM_0002859
0,0.47294411063194275,1,ham10000,ISIC_0030027,nv,HAM_0002860
0,0.3719988763332367,1,ham10000,ISIC_0031462,nv,HAM_0002861
0,0.4261452555656433,1,ham10000,ISIC_0024769,nv,HAM_0002863
0,0.05730463191866875,0,ham10000,ISIC_0025176,nv,HAM_0002864
0,0.6099330186843872,1,ham10000,ISIC_0031708,nv,HAM_0002865
0,0.33755993843078613,1,ham10000,ISIC_0029411,nv,HAM_0002866
1,0.6077719926834106,1,ham10000,ISIC_0033084,akiec,HAM_0002867
0,0.30923572182655334,1,ham10000,ISIC_0031998,nv,HAM_0002868
1,0.4025481343269348,1,ham10000,ISIC_0024313,mel,HAM_0002869
0,0.3262835443019867,1,ham10000,ISIC_0027267,nv,HAM_0002870
0,0.38823774456977844,1,ham10000,ISIC_0027044,df,HAM_0002871
0,0.18195804953575134,1,ham10000,ISIC_0026164,nv,HAM_0002872
0,0.38468697667121887,1,ham10000,ISIC_0026412,nv,HAM_0002873
0,0.4078434109687805,1,ham10000,ISIC_0033707,nv,HAM_0002874
0,0.2806808054447174,1,ham10000,ISIC_0032050,nv,HAM_0002875
0,0.5557195544242859,1,ham10000,ISIC_0033082,nv,HAM_0002876
0,0.4240940809249878,1,ham10000,ISIC_0030435,nv,HAM_0002877
0,0.6084517240524292,1,ham10000,ISIC_0032640,nv,HAM_0002878
0,0.5271957516670227,1,ham10000,ISIC_0025693,bkl,HAM_0002879
0,0.16140098869800568,0,ham10000,ISIC_0029691,nv,HAM_0002880
0,0.4327162504196167,1,ham10000,ISIC_0026328,nv,HAM_0002881
1,0.638055682182312,1,ham10000,ISIC_0026014,akiec,HAM_0002882
0,0.25330695509910583,1,ham10000,ISIC_0030071,nv,HAM_0002883
0,0.2430783361196518,1,ham10000,ISIC_0028251,nv,HAM_0002884
0,0.30942317843437195,1,ham10000,ISIC_0026386,nv,HAM_0002885
0,0.1878645122051239,1,ham10000,ISIC_0032089,nv,HAM_0002887
0,0.3257732689380646,1,ham10000,ISIC_0025571,nv,HAM_0002888
0,0.4995848536491394,1,ham10000,ISIC_0030774,nv,HAM_0002889
0,0.5404647588729858,1,ham10000,ISIC_0032704,nv,HAM_0002890
0,0.26149287819862366,1,ham10000,ISIC_0028906,nv,HAM_0002891
0,0.12134425342082977,0,ham10000,ISIC_0032469,nv,HAM_0002892
0,0.2576601207256317,1,ham10000,ISIC_0025037,nv,HAM_0002893
0,0.7366065979003906,1,ham10000,ISIC_0033056,bkl,HAM_0002894
0,0.5443075895309448,1,ham10000,ISIC_0029578,df,HAM_0002895
0,0.28573840856552124,1,ham10000,ISIC_0030235,nv,HAM_0002896
1,0.3625441789627075,1,ham10000,ISIC_0030552,mel,HAM_0002897
0,0.44356927275657654,1,ham10000,ISIC_0033179,nv,HAM_0002898
0,0.4843232333660126,1,ham10000,ISIC_0026601,nv,HAM_0002899
0,0.22759714722633362,1,ham10000,ISIC_0024985,nv,HAM_0002900
0,0.2910151183605194,1,ham10000,ISIC_0028722,nv,HAM_0002901
0,0.4476499855518341,1,ham10000,ISIC_0026443,bkl,HAM_0002902
0,0.4891642928123474,1,ham10000,ISIC_0024774,bkl,HAM_0002903
0,0.4611496925354004,1,ham10000,ISIC_0027213,nv,HAM_0002904
0,0.4551982879638672,1,ham10000,ISIC_0029026,nv,HAM_0002905
1,0.6210615634918213,1,ham10000,ISIC_0026604,mel,HAM_0002906
0,0.5636599063873291,1,ham10000,ISIC_0029730,nv,HAM_0002907
0,0.5345306992530823,1,ham10000,ISIC_0032650,nv,HAM_0002908
0,0.6423579454421997,1,ham10000,ISIC_0032642,df,HAM_0002909
0,0.27483928203582764,1,ham10000,ISIC_0031010,nv,HAM_0002910
1,0.4063825011253357,1,ham10000,ISIC_0029272,mel,HAM_0002911
0,0.47718778252601624,1,ham10000,ISIC_0028958,bkl,HAM_0002912
0,0.4448295533657074,1,ham10000,ISIC_0025070,nv,HAM_0002913
0,0.6902223229408264,1,ham10000,ISIC_0024904,vasc,HAM_0002914
0,0.46352168917655945,1,ham10000,ISIC_0034009,nv,HAM_0002915
0,0.4447590410709381,1,ham10000,ISIC_0030581,nv,HAM_0002916
0,0.08594557642936707,0,ham10000,ISIC_0032506,nv,HAM_0002917
0,0.3722676634788513,1,ham10000,ISIC_0031704,nv,HAM_0002918
0,0.5444306135177612,1,ham10000,ISIC_0028518,nv,HAM_0002919
0,0.14997826516628265,0,ham10000,ISIC_0031205,nv,HAM_0002920
0,0.6225566864013672,1,ham10000,ISIC_0029308,bkl,HAM_0002921
0,0.1332729011774063,0,ham10000,ISIC_0027625,nv,HAM_0002922
0,0.4673765003681183,1,ham10000,ISIC_0032992,nv,HAM_0002923
0,0.2832455337047577,1,ham10000,ISIC_0030682,nv,HAM_0002924
0,0.4480823874473572,1,ham10000,ISIC_0025338,nv,HAM_0002925
0,0.37094226479530334,1,ham10000,ISIC_0030831,nv,HAM_0002926
0,0.3665735721588135,1,ham10000,ISIC_0028012,nv,HAM_0002927
0,0.6040001511573792,1,ham10000,ISIC_0032665,bkl,HAM_0002928
0,0.3917880654335022,1,ham10000,ISIC_0032068,nv,HAM_0002929
0,0.35054999589920044,1,ham10000,ISIC_0026994,nv,HAM_0002930
0,0.4193592071533203,1,ham10000,ISIC_0028427,nv,HAM_0002931
0,0.0917237251996994,0,ham10000,ISIC_0027841,nv,HAM_0002932
0,0.48405569791793823,1,ham10000,ISIC_0024494,bkl,HAM_0002933
1,0.4723413288593292,1,ham10000,ISIC_0025031,bcc,HAM_0002934
0,0.11009292304515839,0,ham10000,ISIC_0024670,nv,HAM_0002935
0,0.3512588441371918,1,ham10000,ISIC_0024380,nv,HAM_0002936
0,0.2694145441055298,1,ham10000,ISIC_0029478,nv,HAM_0002937
0,0.36629775166511536,1,ham10000,ISIC_0025580,nv,HAM_0002938
1,0.6540436148643494,1,ham10000,ISIC_0032888,mel,HAM_0002939
0,0.2979821264743805,1,ham10000,ISIC_0024791,nv,HAM_0002940
0,0.173895463347435,0,ham10000,ISIC_0031028,nv,HAM_0002941
0,0.410819947719574,1,ham10000,ISIC_0027911,nv,HAM_0002942
0,0.3045142889022827,1,ham10000,ISIC_0026054,nv,HAM_0002943
0,0.22377899289131165,1,ham10000,ISIC_0028135,nv,HAM_0002944
0,0.08211912214756012,0,ham10000,ISIC_0029077,nv,HAM_0002945
0,0.8716936707496643,1,ham10000,ISIC_0031663,nv,HAM_0002946
0,0.3774494230747223,1,ham10000,ISIC_0031589,nv,HAM_0002947
0,0.21084952354431152,1,ham10000,ISIC_0030927,nv,HAM_0002948
0,0.4160728454589844,1,ham10000,ISIC_0030761,nv,HAM_0002949
0,0.29396358132362366,1,ham10000,ISIC_0028176,nv,HAM_0002950
0,0.203979030251503,1,ham10000,ISIC_0024341,nv,HAM_0002951
1,0.6083338260650635,1,ham10000,ISIC_0033518,mel,HAM_0002952
0,0.3393084406852722,1,ham10000,ISIC_0025126,nv,HAM_0002953
1,0.5522921085357666,1,ham10000,ISIC_0024329,akiec,HAM_0002954
1,0.6344989538192749,1,ham10000,ISIC_0029212,mel,HAM_0002955
1,0.6909773349761963,1,ham10000,ISIC_0032637,mel,HAM_0002956
0,0.6775271892547607,1,ham10000,ISIC_0025876,bkl,HAM_0002957
0,0.3683741092681885,1,ham10000,ISIC_0026088,nv,HAM_0002958
1,0.4893687963485718,1,ham10000,ISIC_0025362,bcc,HAM_0002959
0,0.3899996876716614,1,ham10000,ISIC_0024994,df,HAM_0002960
0,0.14958244562149048,0,ham10000,ISIC_0031947,nv,HAM_0002961
0,0.4203948676586151,1,ham10000,ISIC_0028331,bkl,HAM_0002962
0,0.3017825186252594,1,ham10000,ISIC_0032435,nv,HAM_0002963
0,0.13852353394031525,0,ham10000,ISIC_0024927,nv,HAM_0002964
0,0.32031744718551636,1,ham10000,ISIC_0026446,bkl,HAM_0002965
0,0.26157280802726746,1,ham10000,ISIC_0024509,nv,HAM_0002966
0,0.10354968160390854,0,ham10000,ISIC_0025380,nv,HAM_0002967
0,0.387582004070282,1,ham10000,ISIC_0027446,nv,HAM_0002968
0,0.46849945187568665,1,ham10000,ISIC_0030913,nv,HAM_0002969
1,0.4654427766799927,1,ham10000,ISIC_0026930,mel,HAM_0002970
0,0.393981397151947,1,ham10000,ISIC_0026425,nv,HAM_0002971
0,0.26494210958480835,1,ham10000,ISIC_0025430,nv,HAM_0002972
0,0.6054165959358215,1,ham10000,ISIC_0026140,nv,HAM_0002973
0,0.10547342896461487,0,ham10000,ISIC_0027553,nv,HAM_0002974
0,0.6163015365600586,1,ham10000,ISIC_0026148,nv,HAM_0002975
0,0.3344157040119171,1,ham10000,ISIC_0026908,nv,HAM_0002976
0,0.2749538719654083,1,ham10000,ISIC_0025629,nv,HAM_0002977
0,0.20892463624477386,1,ham10000,ISIC_0030215,nv,HAM_0002978
0,0.6360756754875183,1,ham10000,ISIC_0025511,nv,HAM_0002979
0,0.3417273461818695,1,ham10000,ISIC_0030395,nv,HAM_0002980
1,0.7338196635246277,1,ham10000,ISIC_0026664,mel,HAM_0002981
0,0.22041234374046326,1,ham10000,ISIC_0031423,nv,HAM_0002982
1,0.7497000694274902,1,ham10000,ISIC_0029392,bcc,HAM_0002983
0,0.6318064332008362,1,ham10000,ISIC_0024602,bkl,HAM_0002984
0,0.5582262873649597,1,ham10000,ISIC_0025063,bkl,HAM_0002985
0,0.49999189376831055,1,ham10000,ISIC_0028706,nv,HAM_0002986
0,0.39125141501426697,1,ham10000,ISIC_0030647,nv,HAM_0002987
0,0.47058749198913574,1,ham10000,ISIC_0025337,bkl,HAM_0002988
0,0.36754894256591797,1,ham10000,ISIC_0027378,nv,HAM_0002989
0,0.3574378490447998,1,ham10000,ISIC_0028437,nv,HAM_0002990
0,0.38793453574180603,1,ham10000,ISIC_0030502,nv,HAM_0002991
0,0.44241631031036377,1,ham10000,ISIC_0024627,nv,HAM_0002992
1,0.6941787004470825,1,ham10000,ISIC_0032547,mel,HAM_0002993
0,0.2855564057826996,1,ham10000,ISIC_0027836,nv,HAM_0002994
0,0.3831687569618225,1,ham10000,ISIC_0028886,nv,HAM_0002995
0,0.24469459056854248,1,ham10000,ISIC_0025496,nv,HAM_0002996
0,0.22028851509094238,1,ham10000,ISIC_0029972,nv,HAM_0002997
1,0.3419416844844818,1,ham10000,ISIC_0028928,bcc,HAM_0002998
0,0.3153950572013855,1,ham10000,ISIC_0029844,nv,HAM_0002999
0,0.6434919834136963,1,ham10000,ISIC_0025326,bkl,HAM_0003000
0,0.4403592646121979,1,ham10000,ISIC_0032514,bkl,HAM_0003001
0,0.6201184391975403,1,ham10000,ISIC_0032830,nv,HAM_0003002
0,0.7011021971702576,1,ham10000,ISIC_0033343,nv,HAM_0003003
0,0.3035163879394531,1,ham10000,ISIC_0028889,nv,HAM_0003004
0,0.43246814608573914,1,ham10000,ISIC_0028304,nv,HAM_0003005
0,0.29353854060173035,1,ham10000,ISIC_0032097,nv,HAM_0003006
0,0.4569437503814697,1,ham10000,ISIC_0025388,bkl,HAM_0003007
0,0.45872315764427185,1,ham10000,ISIC_0029729,nv,HAM_0003008
0,0.3743347227573395,1,ham10000,ISIC_0025569,nv,HAM_0003009
0,0.4891079366207123,1,ham10000,ISIC_0029924,bkl,HAM_0003010
0,0.5769421458244324,1,ham10000,ISIC_0030959,bkl,HAM_0003011
0,0.3627268373966217,1,ham10000,ISIC_0029375,nv,HAM_0003012
0,0.25899529457092285,1,ham10000,ISIC_0026800,nv,HAM_0003013
0,0.5275969505310059,1,ham10000,ISIC_0031542,bkl,HAM_0003014
0,0.5309339761734009,1,ham10000,ISIC_0025083,bkl,HAM_0003015
0,0.6058098673820496,1,ham10000,ISIC_0027097,nv,HAM_0003016
0,0.39675724506378174,1,ham10000,ISIC_0033535,nv,HAM_0003017
0,0.48510923981666565,1,ham10000,ISIC_0032639,nv,HAM_0003018
0,0.33495351672172546,1,ham10000,ISIC_0032001,nv,HAM_0003019
0,0.3466721177101135,1,ham10000,ISIC_0031579,nv,HAM_0003020
0,0.7407846450805664,1,ham10000,ISIC_0030005,bkl,HAM_0003021
0,0.07998020201921463,0,ham10000,ISIC_0025551,nv,HAM_0003022
0,0.5583686828613281,1,ham10000,ISIC_0031257,df,HAM_0003023
0,0.42412084341049194,1,ham10000,ISIC_0024768,nv,HAM_0003024
0,0.2614581882953644,1,ham10000,ISIC_0027440,nv,HAM_0003025
0,0.4453037977218628,1,ham10000,ISIC_0030416,nv,HAM_0003026
0,0.6067324876785278,1,ham10000,ISIC_0025355,nv,HAM_0003027
0,0.19072803854942322,1,ham10000,ISIC_0031870,nv,HAM_0003028
0,0.3723560571670532,1,ham10000,ISIC_0025685,nv,HAM_0003029
0,0.544541597366333,1,ham10000,ISIC_0028876,bkl,HAM_0003030
1,0.718200147151947,1,ham10000,ISIC_0030445,mel,HAM_0003031
0,0.309925377368927,1,ham10000,ISIC_0028789,nv,HAM_0003032
0,0.4807030260562897,1,ham10000,ISIC_0025165,nv,HAM_0003033
0,0.16845828294754028,0,ham10000,ISIC_0033187,nv,HAM_0003034
0,0.5239033699035645,1,ham10000,ISIC_0024617,nv,HAM_0003035
0,0.28468814492225647,1,ham10000,ISIC_0030917,nv,HAM_0003036
0,0.5041633248329163,1,ham10000,ISIC_0026036,nv,HAM_0003038
1,0.6994809508323669,1,ham10000,ISIC_0026350,bcc,HAM_0003039
0,0.46753737330436707,1,ham10000,ISIC_0028170,nv,HAM_0003040
0,0.38636213541030884,1,ham10000,ISIC_0024558,nv,HAM_0003041
0,0.43976882100105286,1,ham10000,ISIC_0031282,nv,HAM_0003042
1,0.40244540572166443,1,ham10000,ISIC_0030915,bcc,HAM_0003043
0,0.5080468058586121,1,ham10000,ISIC_0028544,nv,HAM_0003044
0,0.45955926179885864,1,ham10000,ISIC_0031071,nv,HAM_0003045
1,0.6698176860809326,1,ham10000,ISIC_0033257,bcc,HAM_0003046
0,0.23956258594989777,1,ham10000,ISIC_0026505,nv,HAM_0003047
0,0.30308300256729126,1,ham10000,ISIC_0030729,nv,HAM_0003048
0,0.39264312386512756,1,ham10000,ISIC_0027041,bkl,HAM_0003049
0,0.4061042368412018,1,ham10000,ISIC_0033659,bkl,HAM_0003050
1,0.5510402321815491,1,ham10000,ISIC_0030175,akiec,HAM_0003051
0,0.3570907711982727,1,ham10000,ISIC_0024796,nv,HAM_0003052
0,0.3914485275745392,1,ham10000,ISIC_0028824,nv,HAM_0003053
0,0.4696415066719055,1,ham10000,ISIC_0027945,nv,HAM_0003054
1,0.5252634286880493,1,ham10000,ISIC_0032420,mel,HAM_0003055
0,0.251889169216156,1,ham10000,ISIC_0026684,nv,HAM_0003056
0,0.2907424569129944,1,ham10000,ISIC_0033026,nv,HAM_0003057
0,0.44238775968551636,1,ham10000,ISIC_0028032,nv,HAM_0003058
0,0.26843082904815674,1,ham10000,ISIC_0032223,nv,HAM_0003059
0,0.3953353464603424,1,ham10000,ISIC_0027485,nv,HAM_0003060
0,0.3316209018230438,1,ham10000,ISIC_0032262,nv,HAM_0003061
0,0.4840800166130066,1,ham10000,ISIC_0024319,nv,HAM_0003062
0,0.17795342206954956,1,ham10000,ISIC_0027576,nv,HAM_0003063
0,0.38575392961502075,1,ham10000,ISIC_0029966,nv,HAM_0003064
0,0.3727273941040039,1,ham10000,ISIC_0031879,nv,HAM_0003065
0,0.38359060883522034,1,ham10000,ISIC_0032084,nv,HAM_0003067
0,0.4465530514717102,1,ham10000,ISIC_0027344,bkl,HAM_0003069
0,0.4350561797618866,1,ham10000,ISIC_0032323,nv,HAM_0003070
0,0.4299803078174591,1,ham10000,ISIC_0026000,nv,HAM_0003071
1,0.6443483829498291,1,ham10000,ISIC_0032611,bcc,HAM_0003072
1,0.5199755430221558,1,ham10000,ISIC_0032836,mel,HAM_0003073
0,0.36402618885040283,1,ham10000,ISIC_0029816,nv,HAM_0003074
0,0.4177546203136444,1,ham10000,ISIC_0028553,nv,HAM_0003075
0,0.45659294724464417,1,ham10000,ISIC_0029062,bkl,HAM_0003076
0,0.3719905912876129,1,ham10000,ISIC_0031230,nv,HAM_0003077
0,0.5356768369674683,1,ham10000,ISIC_0025918,nv,HAM_0003078
0,0.3921966254711151,1,ham10000,ISIC_0032369,nv,HAM_0003079
0,0.07518886029720306,0,ham10000,ISIC_0024868,nv,HAM_0003080
0,0.3456460237503052,1,ham10000,ISIC_0033808,df,HAM_0003081
0,0.3416561484336853,1,ham10000,ISIC_0029579,nv,HAM_0003082
1,0.6776606440544128,1,ham10000,ISIC_0032604,mel,HAM_0003083
0,0.3990771472454071,1,ham10000,ISIC_0026191,nv,HAM_0003084
0,0.3585282266139984,1,ham10000,ISIC_0027809,nv,HAM_0003085
1,0.6873681545257568,1,ham10000,ISIC_0032349,akiec,HAM_0003086
0,0.2404574453830719,1,ham10000,ISIC_0028133,nv,HAM_0003087
0,0.4938191771507263,1,ham10000,ISIC_0029736,nv,HAM_0003088
0,0.5125239491462708,1,ham10000,ISIC_0030706,bkl,HAM_0003089
0,0.33232399821281433,1,ham10000,ISIC_0028020,bkl,HAM_0003090
0,0.5925754904747009,1,ham10000,ISIC_0027152,nv,HAM_0003091
0,0.1792314052581787,1,ham10000,ISIC_0027301,nv,HAM_0003092
0,0.4431471526622772,1,ham10000,ISIC_0025218,nv,HAM_0003093
1,0.7120636105537415,1,ham10000,ISIC_0027858,bcc,HAM_0003094
1,0.3464759886264801,1,ham10000,ISIC_0025755,mel,HAM_0003095
0,0.182879239320755,1,ham10000,ISIC_0031793,nv,HAM_0003096
0,0.4549095332622528,1,ham10000,ISIC_0033181,nv,HAM_0003097
0,0.37082386016845703,1,ham10000,ISIC_0030498,nv,HAM_0003098
0,0.5621217489242554,1,ham10000,ISIC_0025734,nv,HAM_0003099
0,0.3881065547466278,1,ham10000,ISIC_0028976,nv,HAM_0003100
1,0.5303378701210022,1,ham10000,ISIC_0030094,bcc,HAM_0003101
1,0.28196007013320923,1,ham10000,ISIC_0025709,mel,HAM_0003102
0,0.21510131657123566,1,ham10000,ISIC_0031921,nv,HAM_0003103
1,0.7112255692481995,1,ham10000,ISIC_0025029,akiec,HAM_0003105
0,0.4410955011844635,1,ham10000,ISIC_0030420,nv,HAM_0003106
1,0.5161740779876709,1,ham10000,ISIC_0030844,akiec,HAM_0003107
0,0.3730756640434265,1,ham10000,ISIC_0027166,nv,HAM_0003108
0,0.3446956276893616,1,ham10000,ISIC_0028946,nv,HAM_0003109
0,0.6465582251548767,1,ham10000,ISIC_0026473,df,HAM_0003110
0,0.42508772015571594,1,ham10000,ISIC_0030495,nv,HAM_0003111
1,0.7416577935218811,1,ham10000,ISIC_0030233,bcc,HAM_0003112
0,0.5271713733673096,1,ham10000,ISIC_0024520,nv,HAM_0003113
0,0.3374764323234558,1,ham10000,ISIC_0032091,nv,HAM_0003114
1,0.3692011833190918,1,ham10000,ISIC_0030954,bcc,HAM_0003115
0,0.08350138366222382,0,ham10000,ISIC_0030453,nv,HAM_0003116
0,0.44171854853630066,1,ham10000,ISIC_0027917,nv,HAM_0003117
0,0.16678932309150696,0,ham10000,ISIC_0026483,nv,HAM_0003118
1,0.6437137126922607,1,ham10000,ISIC_0030737,bcc,HAM_0003119
0,0.45810019969940186,1,ham10000,ISIC_0028593,bkl,HAM_0003120
0,0.30369800329208374,1,ham10000,ISIC_0024347,nv,HAM_0003121
0,0.3406481146812439,1,ham10000,ISIC_0031069,nv,HAM_0003122
1,0.38281652331352234,1,ham10000,ISIC_0028232,akiec,HAM_0003123
0,0.18960802257061005,1,ham10000,ISIC_0031512,nv,HAM_0003124
0,0.37248989939689636,1,ham10000,ISIC_0025477,nv,HAM_0003125
0,0.4877520799636841,1,ham10000,ISIC_0029181,nv,HAM_0003126
0,0.47541508078575134,1,ham10000,ISIC_0024658,nv,HAM_0003127
0,0.07977195829153061,0,ham10000,ISIC_0030660,nv,HAM_0003128
0,0.3937564492225647,1,ham10000,ISIC_0029195,bkl,HAM_0003129
0,0.4006034731864929,1,ham10000,ISIC_0032708,nv,HAM_0003130
0,0.33310624957084656,1,ham10000,ISIC_0025833,nv,HAM_0003131
0,0.1796913594007492,1,ham10000,ISIC_0029259,nv,HAM_0003132
0,0.46509841084480286,1,ham10000,ISIC_0032794,nv,HAM_0003133
0,0.2604558765888214,1,ham10000,ISIC_0027001,nv,HAM_0003134
1,0.5340191721916199,1,ham10000,ISIC_0028107,bcc,HAM_0003135
1,0.5491126775741577,1,ham10000,ISIC_0026645,akiec,HAM_0003136
0,0.29898801445961,1,ham10000,ISIC_0032770,nv,HAM_0003137
0,0.38854071497917175,1,ham10000,ISIC_0025706,nv,HAM_0003138
0,0.43560895323753357,1,ham10000,ISIC_0026063,nv,HAM_0003139
0,0.6352767944335938,1,ham10000,ISIC_0027037,bkl,HAM_0003140
1,0.5912803411483765,1,ham10000,ISIC_0031918,akiec,HAM_0003141
0,0.45228052139282227,1,ham10000,ISIC_0026956,nv,HAM_0003142
0,0.6900926828384399,1,ham10000,ISIC_0033555,nv,HAM_0003143
1,0.46460989117622375,1,ham10000,ISIC_0032135,akiec,HAM_0003144
0,0.352467805147171,1,ham10000,ISIC_0026136,nv,HAM_0003145
1,0.5430715680122375,1,ham10000,ISIC_0026992,akiec,HAM_0003146
0,0.5101504921913147,1,ham10000,ISIC_0029168,nv,HAM_0003147
0,0.2987877428531647,1,ham10000,ISIC_0025353,nv,HAM_0003148
1,0.5272690653800964,1,ham10000,ISIC_0030246,mel,HAM_0003149
0,0.3053499460220337,1,ham10000,ISIC_0025213,nv,HAM_0003150
0,0.16727955639362335,0,ham10000,ISIC_0024556,nv,HAM_0003151
0,0.6215217709541321,1,ham10000,ISIC_0027996,bkl,HAM_0003152
0,0.20930026471614838,1,ham10000,ISIC_0025565,nv,HAM_0003153
0,0.40954241156578064,1,ham10000,ISIC_0031075,nv,HAM_0003154
0,0.38857051730155945,1,ham10000,ISIC_0028247,nv,HAM_0003155
0,0.4654756784439087,1,ham10000,ISIC_0026494,nv,HAM_0003156
1,0.7343204021453857,1,ham10000,ISIC_0029811,akiec,HAM_0003157
0,0.3021294176578522,1,ham10000,ISIC_0025456,nv,HAM_0003158
0,0.3238602578639984,1,ham10000,ISIC_0026108,nv,HAM_0003159
0,0.28055480122566223,1,ham10000,ISIC_0029587,nv,HAM_0003160
1,0.5530849695205688,1,ham10000,ISIC_0030191,akiec,HAM_0003161
0,0.42941805720329285,1,ham10000,ISIC_0032997,bkl,HAM_0003162
0,0.20567598938941956,1,ham10000,ISIC_0029327,nv,HAM_0003163
0,0.3015315532684326,1,ham10000,ISIC_0027897,nv,HAM_0003164
0,0.1872117519378662,1,ham10000,ISIC_0025856,bkl,HAM_0003165
0,0.23763823509216309,1,ham10000,ISIC_0030848,nv,HAM_0003166
1,0.547109067440033,1,ham10000,ISIC_0024864,mel,HAM_0003167
0,0.2980097830295563,1,ham10000,ISIC_0026228,nv,HAM_0003168
0,0.13038958609104156,0,ham10000,ISIC_0028867,nv,HAM_0003169
0,0.2613854706287384,1,ham10000,ISIC_0029631,nv,HAM_0003170
1,0.34569257497787476,1,ham10000,ISIC_0025941,mel,HAM_0003171
1,0.5227007269859314,1,ham10000,ISIC_0025832,mel,HAM_0003172
0,0.3775147795677185,1,ham10000,ISIC_0032131,nv,HAM_0003173
1,0.6989529132843018,1,ham10000,ISIC_0032873,mel,HAM_0003174
0,0.5257261991500854,1,ham10000,ISIC_0028145,nv,HAM_0003175
1,0.49808570742607117,1,ham10000,ISIC_0028148,mel,HAM_0003176
1,0.3081914782524109,1,ham10000,ISIC_0031697,bcc,HAM_0003177
0,0.38168469071388245,1,ham10000,ISIC_0025713,nv,HAM_0003178
0,0.47771987318992615,1,ham10000,ISIC_0029108,bkl,HAM_0003179
0,0.2464427947998047,1,ham10000,ISIC_0031058,nv,HAM_0003180
0,0.5301602482795715,1,ham10000,ISIC_0033085,nv,HAM_0003181
1,0.5676208734512329,1,ham10000,ISIC_0027125,mel,HAM_0003182
0,0.597493052482605,1,ham10000,ISIC_0027017,bkl,HAM_0003183
0,0.3451395332813263,1,ham10000,ISIC_0028844,nv,HAM_0003184
0,0.03740629181265831,0,ham10000,ISIC_0030430,nv,HAM_0003185
1,0.5057860016822815,1,ham10000,ISIC_0027297,bcc,HAM_0003186
0,0.44889035820961,1,ham10000,ISIC_0025526,bkl,HAM_0003187
0,0.45564883947372437,1,ham10000,ISIC_0024730,nv,HAM_0003188
0,0.3743149936199188,1,ham10000,ISIC_0027324,nv,HAM_0003189
0,0.22598518431186676,1,ham10000,ISIC_0030571,nv,HAM_0003190
1,0.7462302446365356,1,ham10000,ISIC_0028050,bcc,HAM_0003191
0,0.4719957113265991,1,ham10000,ISIC_0030284,nv,HAM_0003192
0,0.6362879872322083,1,ham10000,ISIC_0032818,nv,HAM_0003193
1,0.17984776198863983,1,ham10000,ISIC_0026954,mel,HAM_0003194
1,0.6394332051277161,1,ham10000,ISIC_0025319,akiec,HAM_0003195
0,0.22402961552143097,1,ham10000,ISIC_0025475,nv,HAM_0003196
0,0.4098595380783081,1,ham10000,ISIC_0028668,nv,HAM_0003197
1,0.45185238122940063,1,ham10000,ISIC_0027759,bcc,HAM_0003198
0,0.14661027491092682,0,ham10000,ISIC_0027309,nv,HAM_0003199
0,0.38703417778015137,1,ham10000,ISIC_0030805,nv,HAM_0003200
0,0.38032907247543335,1,ham10000,ISIC_0030386,nv,HAM_0003201
1,0.6408454775810242,1,ham10000,ISIC_0032718,mel,HAM_0003202
0,0.3209567964076996,1,ham10000,ISIC_0029421,nv,HAM_0003203
0,0.20900174975395203,1,ham10000,ISIC_0028564,nv,HAM_0003204
0,0.5225655436515808,1,ham10000,ISIC_0031287,bkl,HAM_0003205
0,0.3362267315387726,1,ham10000,ISIC_0025199,bkl,HAM_0003206
0,0.4132768213748932,1,ham10000,ISIC_0024534,nv,HAM_0003207
0,0.5904555320739746,1,ham10000,ISIC_0033572,nv,HAM_0003208
0,0.3248870372772217,1,ham10000,ISIC_0031156,nv,HAM_0003209
0,0.3382570147514343,1,ham10000,ISIC_0030237,nv,HAM_0003210
0,0.19633567333221436,1,ham10000,ISIC_0029942,nv,HAM_0003211
1,0.773088812828064,1,ham10000,ISIC_0024767,mel,HAM_0003212
0,0.27677083015441895,1,ham10000,ISIC_0031747,nv,HAM_0003213
0,0.1874961405992508,1,ham10000,ISIC_0028745,nv,HAM_0003214
0,0.6292189359664917,1,ham10000,ISIC_0027643,nv,HAM_0003215
1,0.6095929741859436,1,ham10000,ISIC_0034015,bcc,HAM_0003216
0,0.3064178228378296,1,ham10000,ISIC_0029888,nv,HAM_0003217
0,0.44959548115730286,1,ham10000,ISIC_0033305,bkl,HAM_0003218
0,0.3086811304092407,1,ham10000,ISIC_0024737,nv,HAM_0003219
1,0.6440074443817139,1,ham10000,ISIC_0034093,bcc,HAM_0003220
0,0.2755665183067322,1,ham10000,ISIC_0029104,nv,HAM_0003221
0,0.29633983969688416,1,ham10000,ISIC_0026382,nv,HAM_0003222
0,0.5705202221870422,1,ham10000,ISIC_0024922,nv,HAM_0003223
1,0.44848713278770447,1,ham10000,ISIC_0029740,mel,HAM_0003225
0,0.1350846290588379,0,ham10000,ISIC_0029225,nv,HAM_0003226
0,0.36509406566619873,1,ham10000,ISIC_0029594,nv,HAM_0003227
0,0.2604522705078125,1,ham10000,ISIC_0027369,nv,HAM_0003228
1,0.20806996524333954,1,ham10000,ISIC_0031140,bcc,HAM_0003229
0,0.6928676962852478,1,ham10000,ISIC_0027640,nv,HAM_0003230
0,0.440263032913208,1,ham10000,ISIC_0025028,nv,HAM_0003231
0,0.39615097641944885,1,ham10000,ISIC_0032448,nv,HAM_0003232
0,0.2588035464286804,1,ham10000,ISIC_0031571,nv,HAM_0003233
0,0.42545977234840393,1,ham10000,ISIC_0032467,nv,HAM_0003234
0,0.32270491123199463,1,ham10000,ISIC_0025001,nv,HAM_0003235
0,0.3970867991447449,1,ham10000,ISIC_0033025,nv,HAM_0003236
0,0.24677282571792603,1,ham10000,ISIC_0028595,nv,HAM_0003237
0,0.1648649126291275,0,ham10000,ISIC_0031157,nv,HAM_0003238
0,0.13731130957603455,0,ham10000,ISIC_0024533,nv,HAM_0003239
0,0.3650842308998108,1,ham10000,ISIC_0026387,nv,HAM_0003240
0,0.455135703086853,1,ham10000,ISIC_0024908,nv,HAM_0003241
0,0.2784252464771271,1,ham10000,ISIC_0031242,nv,HAM_0003242
0,0.3990097939968109,1,ham10000,ISIC_0026279,nv,HAM_0003243
0,0.4736110270023346,1,ham10000,ISIC_0027368,nv,HAM_0003244
0,0.27587035298347473,1,ham10000,ISIC_0025211,nv,HAM_0003245
0,0.48471736907958984,1,ham10000,ISIC_0029018,nv,HAM_0003246
0,0.20935606956481934,1,ham10000,ISIC_0026707,nv,HAM_0003247
0,0.2969975769519806,1,ham10000,ISIC_0025447,nv,HAM_0003248
0,0.31878674030303955,1,ham10000,ISIC_0025114,nv,HAM_0003249
0,0.10478940606117249,0,ham10000,ISIC_0031997,nv,HAM_0003250
0,0.34055057168006897,1,ham10000,ISIC_0025868,nv,HAM_0003251
0,0.3950522840023041,1,ham10000,ISIC_0029977,nv,HAM_0003252
0,0.3144884705543518,1,ham10000,ISIC_0028998,nv,HAM_0003253
0,0.5270004868507385,1,ham10000,ISIC_0032478,nv,HAM_0003254
0,0.5797097086906433,1,ham10000,ISIC_0026172,nv,HAM_0003255
1,0.4580610692501068,1,ham10000,ISIC_0028218,mel,HAM_0003256
0,0.49050357937812805,1,ham10000,ISIC_0024559,nv,HAM_0003257
0,0.3202979862689972,1,ham10000,ISIC_0026187,nv,HAM_0003258
0,0.39966458082199097,1,ham10000,ISIC_0032895,nv,HAM_0003259
0,0.4524102509021759,1,ham10000,ISIC_0029345,bkl,HAM_0003260
0,0.23338860273361206,1,ham10000,ISIC_0026031,nv,HAM_0003261
1,0.332162469625473,1,ham10000,ISIC_0026212,akiec,HAM_0003262
0,0.2926391661167145,1,ham10000,ISIC_0028226,nv,HAM_0003263
0,0.34163570404052734,1,ham10000,ISIC_0027723,nv,HAM_0003264
0,0.3824518322944641,1,ham10000,ISIC_0025180,bkl,HAM_0003265
0,0.16841574013233185,0,ham10000,ISIC_0029468,nv,HAM_0003266
0,0.20331457257270813,1,ham10000,ISIC_0024991,nv,HAM_0003267
0,0.35047483444213867,1,ham10000,ISIC_0025572,nv,HAM_0003268
0,0.055949386209249496,0,ham10000,ISIC_0028904,nv,HAM_0003269
0,0.07665358483791351,0,ham10000,ISIC_0025764,nv,HAM_0003270
0,0.274284690618515,1,ham10000,ISIC_0031850,nv,HAM_0003271
0,0.21497537195682526,1,ham10000,ISIC_0027979,nv,HAM_0003272
0,0.4094867408275604,1,ham10000,ISIC_0024536,nv,HAM_0003273
0,0.31652000546455383,1,ham10000,ISIC_0031348,nv,HAM_0003274
0,0.3579310476779938,1,ham10000,ISIC_0032116,bkl,HAM_0003275
0,0.5528892874717712,1,ham10000,ISIC_0024975,nv,HAM_0003276
0,0.2449563890695572,1,ham10000,ISIC_0026730,nv,HAM_0003277
0,0.4184783697128296,1,ham10000,ISIC_0026537,nv,HAM_0003278
0,0.4096616506576538,1,ham10000,ISIC_0030329,bkl,HAM_0003279
1,0.572706937789917,1,ham10000,ISIC_0032841,mel,HAM_0003280
0,0.38210225105285645,1,ham10000,ISIC_0031903,bkl,HAM_0003281
0,0.32133015990257263,1,ham10000,ISIC_0032474,nv,HAM_0003282
0,0.20782692730426788,1,ham10000,ISIC_0031469,nv,HAM_0003283
0,0.38790634274482727,1,ham10000,ISIC_0030894,nv,HAM_0003284
0,0.3078153133392334,1,ham10000,ISIC_0029907,nv,HAM_0003285
0,0.5408473014831543,1,ham10000,ISIC_0026846,bkl,HAM_0003287
0,0.47258347272872925,1,ham10000,ISIC_0032587,nv,HAM_0003288
0,0.21183723211288452,1,ham10000,ISIC_0031357,nv,HAM_0003289
0,0.6434655785560608,1,ham10000,ISIC_0030757,df,HAM_0003290
0,0.2771093547344208,1,ham10000,ISIC_0029428,nv,HAM_0003291
0,0.28696614503860474,1,ham10000,ISIC_0029173,nv,HAM_0003292
0,0.524249255657196,1,ham10000,ISIC_0029010,bkl,HAM_0003293
0,0.369824081659317,1,ham10000,ISIC_0028817,nv,HAM_0003294
0,0.3109785318374634,1,ham10000,ISIC_0026110,nv,HAM_0003295
0,0.4356212317943573,1,ham10000,ISIC_0024944,nv,HAM_0003296
0,0.19979430735111237,1,ham10000,ISIC_0024373,nv,HAM_0003297
0,0.1860317438840866,1,ham10000,ISIC_0031535,nv,HAM_0003298
0,0.3889562487602234,1,ham10000,ISIC_0025547,nv,HAM_0003299
0,0.41603943705558777,1,ham10000,ISIC_0034195,nv,HAM_0003300
0,0.6497194170951843,1,ham10000,ISIC_0025033,bkl,HAM_0003301
0,0.47812318801879883,1,ham10000,ISIC_0032434,nv,HAM_0003302
0,0.35895460844039917,1,ham10000,ISIC_0024597,nv,HAM_0003303
0,0.3845294415950775,1,ham10000,ISIC_0029367,nv,HAM_0003304
0,0.27148526906967163,1,ham10000,ISIC_0025172,nv,HAM_0003305
0,0.3305867910385132,1,ham10000,ISIC_0025259,nv,HAM_0003306
0,0.08237715810537338,0,ham10000,ISIC_0031147,nv,HAM_0003307
0,0.3584851324558258,1,ham10000,ISIC_0024615,nv,HAM_0003308
0,0.19929729402065277,1,ham10000,ISIC_0028403,nv,HAM_0003309
0,0.5434255599975586,1,ham10000,ISIC_0032952,nv,HAM_0003310
0,0.3655335307121277,1,ham10000,ISIC_0026452,nv,HAM_0003311
0,0.3812669515609741,1,ham10000,ISIC_0030516,nv,HAM_0003312
0,0.40593791007995605,1,ham10000,ISIC_0032107,nv,HAM_0003313
0,0.38667792081832886,1,ham10000,ISIC_0026470,nv,HAM_0003314
1,0.6729997396469116,1,ham10000,ISIC_0024481,mel,HAM_0003315
0,0.24162410199642181,1,ham10000,ISIC_0031472,nv,HAM_0003316
0,0.45791375637054443,1,ham10000,ISIC_0024435,bkl,HAM_0003317
0,0.5132026672363281,1,ham10000,ISIC_0031979,nv,HAM_0003318
0,0.3369355797767639,1,ham10000,ISIC_0026033,nv,HAM_0003319
0,0.4087017774581909,1,ham10000,ISIC_0030367,nv,HAM_0003320
0,0.4318850040435791,1,ham10000,ISIC_0032929,bkl,HAM_0003321
0,0.5788048505783081,1,ham10000,ISIC_0028596,nv,HAM_0003322
0,0.35907676815986633,1,ham10000,ISIC_0031297,nv,HAM_0003323
0,0.33469468355178833,1,ham10000,ISIC_0024650,nv,HAM_0003324
0,0.5486662983894348,1,ham10000,ISIC_0034190,nv,HAM_0003325
0,0.5085883736610413,1,ham10000,ISIC_0025548,bkl,HAM_0003326
0,0.4530797302722931,1,ham10000,ISIC_0027312,nv,HAM_0003327
1,0.7155255675315857,1,ham10000,ISIC_0026453,bcc,HAM_0003328
0,0.3203917443752289,1,ham10000,ISIC_0031581,nv,HAM_0003329
1,0.6834206581115723,1,ham10000,ISIC_0028696,mel,HAM_0003330
0,0.42976614832878113,1,ham10000,ISIC_0027035,nv,HAM_0003331
0,0.26244306564331055,1,ham10000,ISIC_0028416,nv,HAM_0003332
0,0.12622444331645966,0,ham10000,ISIC_0028379,nv,HAM_0003333
0,0.16714344918727875,0,ham10000,ISIC_0030886,nv,HAM_0003334
1,0.6242080330848694,1,ham10000,ISIC_0032509,mel,HAM_0003335
0,0.10166607052087784,0,ham10000,ISIC_0030298,nv,HAM_0003336
0,0.24043893814086914,1,ham10000,ISIC_0024677,nv,HAM_0003337
0,0.12915442883968353,0,ham10000,ISIC_0029722,nv,HAM_0003338
0,0.09174007177352905,0,ham10000,ISIC_0030715,nv,HAM_0003339
0,0.5362961888313293,1,ham10000,ISIC_0028507,nv,HAM_0003340
0,0.2132093459367752,1,ham10000,ISIC_0027212,nv,HAM_0003341
0,0.21907015144824982,1,ham10000,ISIC_0027726,nv,HAM_0003342
0,0.7580547332763672,1,ham10000,ISIC_0027861,nv,HAM_0003343
0,0.29973307251930237,1,ham10000,ISIC_0026399,nv,HAM_0003344
0,0.6420844197273254,1,ham10000,ISIC_0024718,nv,HAM_0003345
0,0.39339548349380493,1,ham10000,ISIC_0032714,nv,HAM_0003346
0,0.19098195433616638,1,ham10000,ISIC_0032416,nv,HAM_0003347
0,0.6178483366966248,1,ham10000,ISIC_0031799,df,HAM_0003348
0,0.33071190118789673,1,ham10000,ISIC_0028917,nv,HAM_0003349
1,0.7630001902580261,1,ham10000,ISIC_0024310,mel,HAM_0003350
1,0.5580967664718628,1,ham10000,ISIC_0033878,mel,HAM_0003351
0,0.6816952228546143,1,ham10000,ISIC_0032599,nv,HAM_0003352
0,0.4023250639438629,1,ham10000,ISIC_0025162,nv,HAM_0003353
1,0.7755054235458374,1,ham10000,ISIC_0032892,mel,HAM_0003354
0,0.3461030423641205,1,ham10000,ISIC_0029138,nv,HAM_0003355
0,0.32839563488960266,1,ham10000,ISIC_0032572,nv,HAM_0003356
0,0.5888455510139465,1,ham10000,ISIC_0032912,nv,HAM_0003357
0,0.2764495611190796,1,ham10000,ISIC_0032939,nv,HAM_0003358
0,0.5261555910110474,1,ham10000,ISIC_0032979,nv,HAM_0003359
0,0.5457508563995361,1,ham10000,ISIC_0033140,nv,HAM_0003360
0,0.5718688368797302,1,ham10000,ISIC_0033234,nv,HAM_0003361
0,0.4594527781009674,1,ham10000,ISIC_0033313,nv,HAM_0003362
0,0.42187047004699707,1,ham10000,ISIC_0033381,nv,HAM_0003363
0,0.49504420161247253,1,ham10000,ISIC_0033474,nv,HAM_0003364
0,0.2522905766963959,1,ham10000,ISIC_0033682,nv,HAM_0003365
0,0.447843462228775,1,ham10000,ISIC_0033765,nv,HAM_0003366
0,0.5600990056991577,1,ham10000,ISIC_0033903,nv,HAM_0003367
0,0.4274550676345825,1,ham10000,ISIC_0034270,nv,HAM_0003368
0,0.6395134925842285,1,ham10000,ISIC_0032181,nv,HAM_0003369
0,0.22076590359210968,1,ham10000,ISIC_0032237,nv,HAM_0003370
0,0.5148863792419434,1,ham10000,ISIC_0030957,nv,HAM_0003371
0,0.44481000304222107,1,ham10000,ISIC_0028883,nv,HAM_0003372
1,0.5802549123764038,1,ham10000,ISIC_0024515,bcc,HAM_0003373
0,0.13990584015846252,0,ham10000,ISIC_0030265,nv,HAM_0003374
0,0.1957906037569046,1,ham10000,ISIC_0031422,nv,HAM_0003375
1,0.534293532371521,1,ham10000,ISIC_0025394,mel,HAM_0003376
0,0.35122552514076233,1,ham10000,ISIC_0032085,nv,HAM_0003377
0,0.30503374338150024,1,ham10000,ISIC_0027674,nv,HAM_0003378
0,0.3524326980113983,1,ham10000,ISIC_0030619,nv,HAM_0003379
1,0.3355521261692047,1,ham10000,ISIC_0024418,akiec,HAM_0003380
0,0.36450958251953125,1,ham10000,ISIC_0028862,nv,HAM_0003382
0,0.36825406551361084,1,ham10000,ISIC_0026594,nv,HAM_0003383
0,0.8566765189170837,1,ham10000,ISIC_0028438,nv,HAM_0003384
0,0.38785654306411743,1,ham10000,ISIC_0025839,nv,HAM_0003385
1,0.5445034503936768,1,ham10000,ISIC_0032662,mel,HAM_0003386
0,0.4325109124183655,1,ham10000,ISIC_0028524,nv,HAM_0003387
0,0.15849706530570984,0,ham10000,ISIC_0027176,nv,HAM_0003388
1,0.5634564757347107,1,ham10000,ISIC_0031122,bcc,HAM_0003389
0,0.3779698312282562,1,ham10000,ISIC_0024859,nv,HAM_0003390
0,0.337758332490921,1,ham10000,ISIC_0030025,nv,HAM_0003391
0,0.44307655096054077,1,ham10000,ISIC_0030240,bkl,HAM_0003392
0,0.38883665204048157,1,ham10000,ISIC_0032113,bkl,HAM_0003393
0,0.5793155431747437,1,ham10000,ISIC_0029405,nv,HAM_0003394
0,0.39156803488731384,1,ham10000,ISIC_0030392,nv,HAM_0003395
0,0.26981210708618164,1,ham10000,ISIC_0031068,nv,HAM_0003396
0,0.11985314637422562,0,ham10000,ISIC_0027740,nv,HAM_0003397
0,0.5001927614212036,1,ham10000,ISIC_0031888,bkl,HAM_0003398
0,0.2944313883781433,1,ham10000,ISIC_0028398,nv,HAM_0003399
1,0.5147154331207275,1,ham10000,ISIC_0026167,mel,HAM_0003400
1,0.6710524559020996,1,ham10000,ISIC_0029002,akiec,HAM_0003401
0,0.3303898870944977,1,ham10000,ISIC_0031409,nv,HAM_0003403
0,0.19870798289775848,1,ham10000,ISIC_0029797,nv,HAM_0003404
0,0.31346383690834045,1,ham10000,ISIC_0024580,nv,HAM_0003405
0,0.22796685993671417,1,ham10000,ISIC_0030896,nv,HAM_0003406
0,0.2984873950481415,1,ham10000,ISIC_0026971,nv,HAM_0003407
0,0.5102773904800415,1,ham10000,ISIC_0031942,nv,HAM_0003408
0,0.35054048895835876,1,ham10000,ISIC_0025913,nv,HAM_0003409
0,0.5789775848388672,1,ham10000,ISIC_0024635,bkl,HAM_0003410
0,0.22297294437885284,1,ham10000,ISIC_0024346,nv,HAM_0003411
0,0.19536598026752472,1,ham10000,ISIC_0026241,nv,HAM_0003412
0,0.2689999043941498,1,ham10000,ISIC_0030969,nv,HAM_0003413
0,0.3797500729560852,1,ham10000,ISIC_0027944,nv,HAM_0003414
0,0.33020493388175964,1,ham10000,ISIC_0027789,nv,HAM_0003415
0,0.20890717208385468,1,ham10000,ISIC_0030379,nv,HAM_0003416
0,0.349738210439682,1,ham10000,ISIC_0027891,nv,HAM_0003417
0,0.25573527812957764,1,ham10000,ISIC_0033182,nv,HAM_0003418
0,0.6174981594085693,1,ham10000,ISIC_0026097,nv,HAM_0003419
0,0.13179555535316467,0,ham10000,ISIC_0024748,bkl,HAM_0003420
1,0.6198305487632751,1,ham10000,ISIC_0033470,mel,HAM_0003421
1,0.6847100853919983,1,ham10000,ISIC_0031198,akiec,HAM_0003422
0,0.3294513523578644,1,ham10000,ISIC_0028344,nv,HAM_0003423
0,0.5754457116127014,1,ham10000,ISIC_0033451,nv,HAM_0003424
0,0.42166438698768616,1,ham10000,ISIC_0031434,nv,HAM_0003425
0,0.4178948998451233,1,ham10000,ISIC_0026959,bkl,HAM_0003426
1,0.5700412392616272,1,ham10000,ISIC_0032959,bcc,HAM_0003427
1,0.4357275664806366,1,ham10000,ISIC_0024652,mel,HAM_0003428
1,0.5831602215766907,1,ham10000,ISIC_0024673,bcc,HAM_0003429
0,0.4381173849105835,1,ham10000,ISIC_0025271,nv,HAM_0003430
0,0.11039716750383377,0,ham10000,ISIC_0031847,nv,HAM_0003431
0,0.3246488571166992,1,ham10000,ISIC_0027962,nv,HAM_0003432
0,0.11156988888978958,0,ham10000,ISIC_0029483,nv,HAM_0003433
0,0.3759301006793976,1,ham10000,ISIC_0028608,nv,HAM_0003434
1,0.6297358870506287,1,ham10000,ISIC_0031350,mel,HAM_0003435
0,0.12524862587451935,0,ham10000,ISIC_0027940,nv,HAM_0003436
0,0.386808305978775,1,ham10000,ISIC_0031151,nv,HAM_0003438
1,0.5409823656082153,1,ham10000,ISIC_0033050,mel,HAM_0003439
0,0.12130149453878403,0,ham10000,ISIC_0026943,nv,HAM_0003440
0,0.5176577568054199,1,ham10000,ISIC_0032673,nv,HAM_0003441
0,0.23767144978046417,1,ham10000,ISIC_0027929,nv,HAM_0003442
0,0.31645333766937256,1,ham10000,ISIC_0032485,nv,HAM_0003443
1,0.42940372228622437,1,ham10000,ISIC_0027120,bcc,HAM_0003444
1,0.6178034543991089,1,ham10000,ISIC_0026229,mel,HAM_0003445
0,0.2203393429517746,1,ham10000,ISIC_0027201,nv,HAM_0003446
0,0.5539709329605103,1,ham10000,ISIC_0032703,nv,HAM_0003447
1,0.8183737993240356,1,ham10000,ISIC_0026158,mel,HAM_0003448
1,0.6723396182060242,1,ham10000,ISIC_0027263,mel,HAM_0003449
0,0.1571701020002365,0,ham10000,ISIC_0027746,nv,HAM_0003450
0,0.49733051657676697,1,ham10000,ISIC_0027098,nv,HAM_0003451
0,0.504997968673706,1,ham10000,ISIC_0028920,bkl,HAM_0003452
0,0.19264931976795197,1,ham10000,ISIC_0031508,nv,HAM_0003453
0,0.2294720560312271,1,ham10000,ISIC_0031764,nv,HAM_0003454
1,0.365021288394928,1,ham10000,ISIC_0027896,akiec,HAM_0003455
0,0.5520505905151367,1,ham10000,ISIC_0025077,nv,HAM_0003456
0,0.18221895396709442,1,ham10000,ISIC_0024887,nv,HAM_0003457
0,0.6381235718727112,1,ham10000,ISIC_0024623,bkl,HAM_0003458
0,0.26460209488868713,1,ham10000,ISIC_0025697,nv,HAM_0003459
0,0.640534520149231,1,ham10000,ISIC_0032577,nv,HAM_0003460
0,0.18461871147155762,1,ham10000,ISIC_0027833,nv,HAM_0003461
0,0.7590593695640564,1,ham10000,ISIC_0025239,nv,HAM_0003462
0,0.4751400351524353,1,ham10000,ISIC_0031388,nv,HAM_0003463
0,0.20541390776634216,1,ham10000,ISIC_0031715,nv,HAM_0003464
0,0.2575002908706665,1,ham10000,ISIC_0024368,nv,HAM_0003465
1,0.737213134765625,1,ham10000,ISIC_0033038,mel,HAM_0003466
0,0.10517534613609314,0,ham10000,ISIC_0031089,nv,HAM_0003467
0,0.30976414680480957,1,ham10000,ISIC_0025641,nv,HAM_0003468
0,0.3279857039451599,1,ham10000,ISIC_0031636,nv,HAM_0003469
0,0.2601134479045868,1,ham10000,ISIC_0025979,nv,HAM_0003470
0,0.31524670124053955,1,ham10000,ISIC_0025284,nv,HAM_0003471
0,0.3415645360946655,1,ham10000,ISIC_0024417,nv,HAM_0003473
0,0.13292787969112396,0,ham10000,ISIC_0025212,nv,HAM_0003474
0,0.4696763753890991,1,ham10000,ISIC_0029825,nv,HAM_0003475
0,0.5774900913238525,1,ham10000,ISIC_0028972,bkl,HAM_0003476
0,0.09418075531721115,0,ham10000,ISIC_0029207,nv,HAM_0003477
0,0.18924115598201752,1,ham10000,ISIC_0027493,nv,HAM_0003478
0,0.21204888820648193,1,ham10000,ISIC_0030857,nv,HAM_0003479
0,0.5219894051551819,1,ham10000,ISIC_0031996,vasc,HAM_0003480
0,0.20488211512565613,1,ham10000,ISIC_0029050,nv,HAM_0003481
0,0.40187203884124756,1,ham10000,ISIC_0025150,nv,HAM_0003482
0,0.3618832230567932,1,ham10000,ISIC_0025501,nv,HAM_0003483
1,0.3394196033477783,1,ham10000,ISIC_0028003,mel,HAM_0003484
0,0.4403700828552246,1,ham10000,ISIC_0031968,nv,HAM_0003485
0,0.39191514253616333,1,ham10000,ISIC_0029494,nv,HAM_0003486
0,0.5873863101005554,1,ham10000,ISIC_0024845,df,HAM_0003487
0,0.46064311265945435,1,ham10000,ISIC_0028630,nv,HAM_0003488
0,0.15988361835479736,0,ham10000,ISIC_0032275,nv,HAM_0003489
0,0.46942710876464844,1,ham10000,ISIC_0031162,nv,HAM_0003490
0,0.4459492266178131,1,ham10000,ISIC_0026123,nv,HAM_0003491
0,0.2960456907749176,1,ham10000,ISIC_0029228,nv,HAM_0003492
0,0.3213236629962921,1,ham10000,ISIC_0028322,nv,HAM_0003493
0,0.4577022194862366,1,ham10000,ISIC_0031347,nv,HAM_0003494
1,0.4633760154247284,1,ham10000,ISIC_0032869,mel,HAM_0003495
0,0.44818466901779175,1,ham10000,ISIC_0027308,nv,HAM_0003496
1,0.7209196090698242,1,ham10000,ISIC_0030970,mel,HAM_0003497
0,0.31936484575271606,1,ham10000,ISIC_0024609,nv,HAM_0003498
0,0.11231861263513565,0,ham10000,ISIC_0031516,nv,HAM_0003499
0,0.27769869565963745,1,ham10000,ISIC_0025917,nv,HAM_0003500
1,0.40578311681747437,1,ham10000,ISIC_0026927,akiec,HAM_0003501
0,0.29072776436805725,1,ham10000,ISIC_0027290,nv,HAM_0003502
0,0.319841206073761,1,ham10000,ISIC_0027555,nv,HAM_0003503
1,0.3349517583847046,1,ham10000,ISIC_0026823,mel,HAM_0003504
0,0.40899035334587097,1,ham10000,ISIC_0033032,nv,HAM_0003505
1,0.4713953137397766,1,ham10000,ISIC_0033336,mel,HAM_0003506
0,0.6297128200531006,1,ham10000,ISIC_0032710,nv,HAM_0003507
0,0.4382706880569458,1,ham10000,ISIC_0030319,bkl,HAM_0003508
1,0.4433708190917969,1,ham10000,ISIC_0027832,mel,HAM_0003509
0,0.31538864970207214,1,ham10000,ISIC_0031507,nv,HAM_0003510
0,0.08469273149967194,0,ham10000,ISIC_0024321,nv,HAM_0003511
0,0.5584721565246582,1,ham10000,ISIC_0032609,nv,HAM_0003512
0,0.2669669985771179,1,ham10000,ISIC_0030743,nv,HAM_0003513
0,0.4881364405155182,1,ham10000,ISIC_0030369,bkl,HAM_0003514
0,0.15687762200832367,0,ham10000,ISIC_0025862,nv,HAM_0003515
0,0.4252936542034149,1,ham10000,ISIC_0029540,nv,HAM_0003516
0,0.30410176515579224,1,ham10000,ISIC_0029798,nv,HAM_0003517
0,0.29929402470588684,1,ham10000,ISIC_0025498,nv,HAM_0003518
0,0.15530124306678772,0,ham10000,ISIC_0026627,nv,HAM_0003519
1,0.1628158986568451,0,ham10000,ISIC_0025724,mel,HAM_0003520
1,0.4400655925273895,1,ham10000,ISIC_0032220,mel,HAM_0003521
1,0.4370133578777313,1,ham10000,ISIC_0029013,mel,HAM_0003522
0,0.3213179409503937,1,ham10000,ISIC_0026179,nv,HAM_0003523
0,0.3374229967594147,1,ham10000,ISIC_0028779,nv,HAM_0003524
0,0.6364247798919678,1,ham10000,ISIC_0024653,nv,HAM_0003525
0,0.18967974185943604,1,ham10000,ISIC_0027070,nv,HAM_0003526
0,0.20103716850280762,1,ham10000,ISIC_0029874,nv,HAM_0003527
0,0.28361135721206665,1,ham10000,ISIC_0028575,nv,HAM_0003528
0,0.43978598713874817,1,ham10000,ISIC_0029871,nv,HAM_0003529
1,0.49533140659332275,1,ham10000,ISIC_0030929,mel,HAM_0003530
1,0.6404544115066528,1,ham10000,ISIC_0031999,mel,HAM_0003531
0,0.37785711884498596,1,ham10000,ISIC_0026517,nv,HAM_0003532
0,0.3140818178653717,1,ham10000,ISIC_0030178,nv,HAM_0003533
1,0.5195352435112,1,ham10000,ISIC_0028493,mel,HAM_0003534
0,0.46543335914611816,1,ham10000,ISIC_0033259,nv,HAM_0003535
0,0.13495920598506927,0,ham10000,ISIC_0028819,nv,HAM_0003536
0,0.13806213438510895,0,ham10000,ISIC_0029734,nv,HAM_0003537
0,0.4034338593482971,1,ham10000,ISIC_0031246,nv,HAM_0003538
0,0.3252822160720825,1,ham10000,ISIC_0025897,nv,HAM_0003539
0,0.5709232687950134,1,ham10000,ISIC_0029808,nv,HAM_0003540
0,0.57342129945755,1,ham10000,ISIC_0028426,nv,HAM_0003541
0,0.35388854146003723,1,ham10000,ISIC_0033506,nv,HAM_0003542
0,0.2210099846124649,1,ham10000,ISIC_0030040,nv,HAM_0003543
0,0.3933638334274292,1,ham10000,ISIC_0029718,nv,HAM_0003545
0,0.5439097285270691,1,ham10000,ISIC_0030006,nv,HAM_0003546
0,0.4027062654495239,1,ham10000,ISIC_0027921,nv,HAM_0003547
0,0.45606333017349243,1,ham10000,ISIC_0028480,nv,HAM_0003548
0,0.3547956049442291,1,ham10000,ISIC_0028741,nv,HAM_0003549
0,0.32762569189071655,1,ham10000,ISIC_0026334,nv,HAM_0003550
0,0.3192557990550995,1,ham10000,ISIC_0031800,nv,HAM_0003551
0,0.09419503062963486,0,ham10000,ISIC_0029084,nv,HAM_0003552
0,0.4307813048362732,1,ham10000,ISIC_0026469,nv,HAM_0003553
0,0.09790623933076859,0,ham10000,ISIC_0027494,nv,HAM_0003554
0,0.574070155620575,1,ham10000,ISIC_0030321,df,HAM_0003555
1,0.3619769215583801,1,ham10000,ISIC_0033175,mel,HAM_0003556
0,0.30721569061279297,1,ham10000,ISIC_0026973,nv,HAM_0003557
1,0.4349301755428314,1,ham10000,ISIC_0025303,mel,HAM_0003558
0,0.45982399582862854,1,ham10000,ISIC_0025810,bkl,HAM_0003559
0,0.3639894723892212,1,ham10000,ISIC_0028136,nv,HAM_0003560
0,0.4150993227958679,1,ham10000,ISIC_0034154,nv,HAM_0003561
0,0.3084805905818939,1,ham10000,ISIC_0030544,nv,HAM_0003562
0,0.27386945486068726,1,ham10000,ISIC_0030075,nv,HAM_0003563
0,0.2391103208065033,1,ham10000,ISIC_0029294,nv,HAM_0003564
0,0.3694123327732086,1,ham10000,ISIC_0027289,nv,HAM_0003565
1,0.39205530285835266,1,ham10000,ISIC_0032684,mel,HAM_0003566
0,0.38631245493888855,1,ham10000,ISIC_0028895,nv,HAM_0003567
0,0.3423845171928406,1,ham10000,ISIC_0030675,nv,HAM_0003568
0,0.45269066095352173,1,ham10000,ISIC_0026955,bkl,HAM_0003569
0,0.28507840633392334,1,ham10000,ISIC_0024847,nv,HAM_0003570
0,0.3522818982601166,1,ham10000,ISIC_0026602,nv,HAM_0003571
0,0.23650336265563965,1,ham10000,ISIC_0029817,nv,HAM_0003572
0,0.14422467350959778,0,ham10000,ISIC_0026447,nv,HAM_0003573
0,0.529204785823822,1,ham10000,ISIC_0024877,bkl,HAM_0003574
0,0.3039425313472748,1,ham10000,ISIC_0031548,nv,HAM_0003575
0,0.46116623282432556,1,ham10000,ISIC_0027106,nv,HAM_0003576
0,0.2555493414402008,1,ham10000,ISIC_0024307,nv,HAM_0003577
0,0.6515318155288696,1,ham10000,ISIC_0027242,nv,HAM_0003578
0,0.4670834243297577,1,ham10000,ISIC_0028042,nv,HAM_0003579
0,0.30795881152153015,1,ham10000,ISIC_0026030,nv,HAM_0003580
0,0.456272691488266,1,ham10000,ISIC_0030051,nv,HAM_0003581
0,0.4346744418144226,1,ham10000,ISIC_0027332,bkl,HAM_0003582
0,0.3828006684780121,1,ham10000,ISIC_0026006,nv,HAM_0003583
0,0.4280979335308075,1,ham10000,ISIC_0029875,nv,HAM_0003584
0,0.5543479323387146,1,ham10000,ISIC_0029583,nv,HAM_0003585
1,0.3087906241416931,1,ham10000,ISIC_0027678,akiec,HAM_0003586
1,0.44330549240112305,1,ham10000,ISIC_0026870,mel,HAM_0003587
0,0.35667604207992554,1,ham10000,ISIC_0025232,nv,HAM_0003588
0,0.25390541553497314,1,ham10000,ISIC_0025403,nv,HAM_0003589
0,0.30155137181282043,1,ham10000,ISIC_0024916,nv,HAM_0003590
0,0.38932040333747864,1,ham10000,ISIC_0025788,nv,HAM_0003591
0,0.3626137673854828,1,ham10000,ISIC_0031416,nv,HAM_0003592
1,0.669994056224823,1,ham10000,ISIC_0027478,bcc,HAM_0003593
0,0.12084086984395981,0,ham10000,ISIC_0027009,nv,HAM_0003594
0,0.13503848016262054,0,ham10000,ISIC_0027621,nv,HAM_0003595
1,0.48791810870170593,1,ham10000,ISIC_0032194,bcc,HAM_0003596
0,0.7438772320747375,1,ham10000,ISIC_0027488,df,HAM_0003597
0,0.17144516110420227,0,ham10000,ISIC_0028725,nv,HAM_0003598
0,0.42583322525024414,1,ham10000,ISIC_0029607,nv,HAM_0003599
1,0.4904574751853943,1,ham10000,ISIC_0031836,bcc,HAM_0003600
1,0.31755194067955017,1,ham10000,ISIC_0027507,mel,HAM_0003601
1,0.6472832560539246,1,ham10000,ISIC_0032533,mel,HAM_0003602
0,0.4808981120586395,1,ham10000,ISIC_0026795,nv,HAM_0003603
0,0.3640470504760742,1,ham10000,ISIC_0028125,nv,HAM_0003604
0,0.23134121298789978,1,ham10000,ISIC_0026895,bkl,HAM_0003605
0,0.4417493939399719,1,ham10000,ISIC_0032661,nv,HAM_0003606
0,0.3132689297199249,1,ham10000,ISIC_0030648,nv,HAM_0003607
1,0.4743066430091858,1,ham10000,ISIC_0028228,mel,HAM_0003608
0,0.447590172290802,1,ham10000,ISIC_0025729,nv,HAM_0003609
1,0.5311222076416016,1,ham10000,ISIC_0028937,bcc,HAM_0003610
0,0.23953653872013092,1,ham10000,ISIC_0031699,nv,HAM_0003611
0,0.2467845380306244,1,ham10000,ISIC_0024456,nv,HAM_0003612
0,0.5972437858581543,1,ham10000,ISIC_0030118,bkl,HAM_0003613
0,0.7019903659820557,1,ham10000,ISIC_0032560,nv,HAM_0003614
0,0.5532839298248291,1,ham10000,ISIC_0029222,nv,HAM_0003615
0,0.16303205490112305,0,ham10000,ISIC_0025291,nv,HAM_0003616
1,0.4895055592060089,1,ham10000,ISIC_0029502,mel,HAM_0003617
0,0.1864965856075287,1,ham10000,ISIC_0028234,nv,HAM_0003618
0,0.6301400065422058,1,ham10000,ISIC_0025553,nv,HAM_0003619
1,0.5603761076927185,1,ham10000,ISIC_0032511,mel,HAM_0003620
0,0.406981498003006,1,ham10000,ISIC_0030048,nv,HAM_0003621
1,0.4904269576072693,1,ham10000,ISIC_0027776,mel,HAM_0003622
0,0.7581242322921753,1,ham10000,ISIC_0032788,nv,HAM_0003623
0,0.3225266635417938,1,ham10000,ISIC_0025608,nv,HAM_0003624
1,0.5641456842422485,1,ham10000,ISIC_0032875,mel,HAM_0003625
0,0.20491313934326172,1,ham10000,ISIC_0030288,nv,HAM_0003626
0,0.606594979763031,1,ham10000,ISIC_0024855,nv,HAM_0003627
0,0.31856095790863037,1,ham10000,ISIC_0031324,nv,HAM_0003628
0,0.06210358068346977,0,ham10000,ISIC_0024978,nv,HAM_0003629
0,0.3483850359916687,1,ham10000,ISIC_0030538,nv,HAM_0003630
0,0.33825457096099854,1,ham10000,ISIC_0024779,nv,HAM_0003631
0,0.4161750078201294,1,ham10000,ISIC_0029274,nv,HAM_0003632
1,0.6152100563049316,1,ham10000,ISIC_0030280,akiec,HAM_0003633
0,0.4703836739063263,1,ham10000,ISIC_0033194,nv,HAM_0003634
0,0.2924845814704895,1,ham10000,ISIC_0024801,nv,HAM_0003635
0,0.3403077721595764,1,ham10000,ISIC_0027124,nv,HAM_0003636
0,0.10951706767082214,0,ham10000,ISIC_0029738,nv,HAM_0003637
0,0.08974916487932205,0,ham10000,ISIC_0031492,nv,HAM_0003638
0,0.616117000579834,1,ham10000,ISIC_0028894,nv,HAM_0003639
0,0.37257906794548035,1,ham10000,ISIC_0027181,nv,HAM_0003640
0,0.2284139096736908,1,ham10000,ISIC_0027492,nv,HAM_0003642
0,0.30073824524879456,1,ham10000,ISIC_0027923,nv,HAM_0003643
0,0.3945414125919342,1,ham10000,ISIC_0030202,nv,HAM_0003644
0,0.3800092935562134,1,ham10000,ISIC_0024390,nv,HAM_0003645
0,0.3950915038585663,1,ham10000,ISIC_0026518,nv,HAM_0003646
0,0.43119335174560547,1,ham10000,ISIC_0028840,bkl,HAM_0003647
0,0.4452853202819824,1,ham10000,ISIC_0031730,nv,HAM_0003648
0,0.4560554325580597,1,ham10000,ISIC_0032946,nv,HAM_0003649
0,0.3761768341064453,1,ham10000,ISIC_0024995,nv,HAM_0003650
0,0.3151930868625641,1,ham10000,ISIC_0026252,nv,HAM_0003651
0,0.509494960308075,1,ham10000,ISIC_0025784,nv,HAM_0003652
0,0.45285987854003906,1,ham10000,ISIC_0028534,nv,HAM_0003653
0,0.2998878061771393,1,ham10000,ISIC_0026283,nv,HAM_0003654
0,0.3522942364215851,1,ham10000,ISIC_0031305,nv,HAM_0003655
0,0.14602746069431305,0,ham10000,ISIC_0032213,nv,HAM_0003656
0,0.3243498206138611,1,ham10000,ISIC_0026740,nv,HAM_0003657
0,0.4451161026954651,1,ham10000,ISIC_0026379,nv,HAM_0003658
0,0.5215357542037964,1,ham10000,ISIC_0033449,bkl,HAM_0003659
0,0.22474557161331177,1,ham10000,ISIC_0026667,nv,HAM_0003660
0,0.25602811574935913,1,ham10000,ISIC_0026910,nv,HAM_0003661
0,0.6003707051277161,1,ham10000,ISIC_0028757,nv,HAM_0003662
0,0.691865086555481,1,ham10000,ISIC_0026403,nv,HAM_0003663
0,0.46979090571403503,1,ham10000,ISIC_0030533,bkl,HAM_0003664
0,0.23988336324691772,1,ham10000,ISIC_0030573,nv,HAM_0003665
0,0.3337586224079132,1,ham10000,ISIC_0029246,nv,HAM_0003666
0,0.6137007474899292,1,ham10000,ISIC_0025695,nv,HAM_0003667
0,0.4725247919559479,1,ham10000,ISIC_0024383,bkl,HAM_0003668
1,0.679143488407135,1,ham10000,ISIC_0030096,bcc,HAM_0003669
0,0.5815677046775818,1,ham10000,ISIC_0030105,bkl,HAM_0003670
0,0.09313377737998962,0,ham10000,ISIC_0029373,nv,HAM_0003671
0,0.3224280774593353,1,ham10000,ISIC_0030263,nv,HAM_0003672
0,0.10221339017152786,0,ham10000,ISIC_0030016,nv,HAM_0003673
0,0.17716078460216522,1,ham10000,ISIC_0028660,nv,HAM_0003674
0,0.5307683944702148,1,ham10000,ISIC_0028573,nv,HAM_0003675
0,0.4954354465007782,1,ham10000,ISIC_0032530,nv,HAM_0003676
0,0.3859527111053467,1,ham10000,ISIC_0029409,nv,HAM_0003677
0,0.43512988090515137,1,ham10000,ISIC_0026197,nv,HAM_0003678
1,0.7522584199905396,1,ham10000,ISIC_0032840,mel,HAM_0003679
1,0.48678532242774963,1,ham10000,ISIC_0024403,bcc,HAM_0003680
0,0.3397958278656006,1,ham10000,ISIC_0032907,nv,HAM_0003681
0,0.46107015013694763,1,ham10000,ISIC_0031630,bkl,HAM_0003682
1,0.5777379870414734,1,ham10000,ISIC_0027352,mel,HAM_0003683
0,0.6219453811645508,1,ham10000,ISIC_0031385,nv,HAM_0003684
0,0.413057416677475,1,ham10000,ISIC_0032292,nv,HAM_0003685
0,0.39268729090690613,1,ham10000,ISIC_0024870,nv,HAM_0003686
0,0.049682147800922394,0,ham10000,ISIC_0027515,nv,HAM_0003687
1,0.42379215359687805,1,ham10000,ISIC_0028231,akiec,HAM_0003688
0,0.38506460189819336,1,ham10000,ISIC_0025874,bkl,HAM_0003689
1,0.6650225520133972,1,ham10000,ISIC_0033146,bcc,HAM_0003690
0,0.25248533487319946,1,ham10000,ISIC_0027428,bkl,HAM_0003691
0,0.49953657388687134,1,ham10000,ISIC_0027684,nv,HAM_0003692
0,0.3107072710990906,1,ham10000,ISIC_0030149,nv,HAM_0003693
1,0.5678243041038513,1,ham10000,ISIC_0028818,bcc,HAM_0003694
0,0.1672476828098297,0,ham10000,ISIC_0025679,nv,HAM_0003695
0,0.2809320092201233,1,ham10000,ISIC_0032945,nv,HAM_0003696
0,0.4094182550907135,1,ham10000,ISIC_0025438,nv,HAM_0003697
0,0.5346750020980835,1,ham10000,ISIC_0025518,nv,HAM_0003698
0,0.3833226263523102,1,ham10000,ISIC_0027397,nv,HAM_0003699
1,0.3594299554824829,1,ham10000,ISIC_0029606,mel,HAM_0003700
0,0.3907453119754791,1,ham10000,ISIC_0027191,nv,HAM_0003701
0,0.20455411076545715,1,ham10000,ISIC_0029800,nv,HAM_0003702
0,0.30646511912345886,1,ham10000,ISIC_0030468,nv,HAM_0003703
0,0.3331107199192047,1,ham10000,ISIC_0029463,nv,HAM_0003704
0,0.0924450159072876,0,ham10000,ISIC_0025263,nv,HAM_0003705
0,0.2244703620672226,1,ham10000,ISIC_0028099,nv,HAM_0003706
0,0.29525530338287354,1,ham10000,ISIC_0029528,nv,HAM_0003707
0,0.4704674184322357,1,ham10000,ISIC_0027232,nv,HAM_0003708
0,0.08890009671449661,0,ham10000,ISIC_0028483,nv,HAM_0003709
0,0.3633415997028351,1,ham10000,ISIC_0031611,nv,HAM_0003710
0,0.04723529517650604,0,ham10000,ISIC_0024896,nv,HAM_0003711
0,0.4167426526546478,1,ham10000,ISIC_0024513,nv,HAM_0003712
0,0.2960849702358246,1,ham10000,ISIC_0032885,nv,HAM_0003713
0,0.28890758752822876,1,ham10000,ISIC_0026064,nv,HAM_0003714
0,0.15322932600975037,0,ham10000,ISIC_0026941,bkl,HAM_0003715
1,0.573861837387085,1,ham10000,ISIC_0024897,bcc,HAM_0003716
0,0.4237715005874634,1,ham10000,ISIC_0030414,nv,HAM_0003717
0,0.34122541546821594,1,ham10000,ISIC_0025233,nv,HAM_0003718
0,0.39569544792175293,1,ham10000,ISIC_0028046,nv,HAM_0003719
0,0.3814205527305603,1,ham10000,ISIC_0029250,nv,HAM_0003720
0,0.46089255809783936,1,ham10000,ISIC_0029490,nv,HAM_0003721
0,0.13509225845336914,0,ham10000,ISIC_0030052,nv,HAM_0003722
0,0.40919068455696106,1,ham10000,ISIC_0025742,nv,HAM_0003723
0,0.37329626083374023,1,ham10000,ISIC_0025036,nv,HAM_0003724
0,0.20199307799339294,1,ham10000,ISIC_0027986,nv,HAM_0003725
0,0.6178340911865234,1,ham10000,ISIC_0028503,bkl,HAM_0003726
0,0.427419513463974,1,ham10000,ISIC_0026404,nv,HAM_0003727
0,0.6359415054321289,1,ham10000,ISIC_0033949,bkl,HAM_0003728
0,0.06997817009687424,0,ham10000,ISIC_0026234,nv,HAM_0003729
0,0.38297340273857117,1,ham10000,ISIC_0026431,nv,HAM_0003730
0,0.40694180130958557,1,ham10000,ISIC_0031680,nv,HAM_0003731
0,0.22708864510059357,1,ham10000,ISIC_0026710,nv,HAM_0003732
0,0.11724013835191727,0,ham10000,ISIC_0025448,nv,HAM_0003733
0,0.2323261797428131,1,ham10000,ISIC_0029767,nv,HAM_0003734
0,0.522494912147522,1,ham10000,ISIC_0032512,nv,HAM_0003735
0,0.16241851449012756,0,ham10000,ISIC_0026373,nv,HAM_0003736
0,0.49598515033721924,1,ham10000,ISIC_0024451,nv,HAM_0003737
1,0.7032651901245117,1,ham10000,ISIC_0031243,bcc,HAM_0003738
0,0.5843846201896667,1,ham10000,ISIC_0026675,bkl,HAM_0003739
0,0.31998780369758606,1,ham10000,ISIC_0026568,nv,HAM_0003740
1,0.7381580471992493,1,ham10000,ISIC_0028980,bcc,HAM_0003741
0,0.42094558477401733,1,ham10000,ISIC_0027150,nv,HAM_0003742
0,0.6017619371414185,1,ham10000,ISIC_0033592,bkl,HAM_0003743
0,0.4316764175891876,1,ham10000,ISIC_0032518,nv,HAM_0003744
0,0.5094334483146667,1,ham10000,ISIC_0029704,nv,HAM_0003745
0,0.16028054058551788,0,ham10000,ISIC_0030437,nv,HAM_0003746
0,0.3357917368412018,1,ham10000,ISIC_0026582,nv,HAM_0003747
0,0.3958999216556549,1,ham10000,ISIC_0031051,nv,HAM_0003748
1,0.47599828243255615,1,ham10000,ISIC_0025268,mel,HAM_0003749
0,0.3779175877571106,1,ham10000,ISIC_0028624,nv,HAM_0003750
0,0.483683705329895,1,ham10000,ISIC_0026302,nv,HAM_0003751
0,0.5071485638618469,1,ham10000,ISIC_0028308,bkl,HAM_0003752
0,0.4151524305343628,1,ham10000,ISIC_0031911,nv,HAM_0003753
0,0.28460928797721863,1,ham10000,ISIC_0028649,nv,HAM_0003754
0,0.3611556887626648,1,ham10000,ISIC_0033489,nv,HAM_0003755
0,0.401053249835968,1,ham10000,ISIC_0030832,nv,HAM_0003756
0,0.33198416233062744,1,ham10000,ISIC_0029233,bkl,HAM_0003757
0,0.5930141806602478,1,ham10000,ISIC_0028581,nv,HAM_0003758
1,0.6348108053207397,1,ham10000,ISIC_0032630,mel,HAM_0003759
0,0.23767411708831787,1,ham10000,ISIC_0032145,nv,HAM_0003760
1,0.32746416330337524,1,ham10000,ISIC_0025316,mel,HAM_0003761
0,0.39098063111305237,1,ham10000,ISIC_0024736,nv,HAM_0003762
0,0.33196449279785156,1,ham10000,ISIC_0029709,nv,HAM_0003763
1,0.6410753130912781,1,ham10000,ISIC_0028877,bcc,HAM_0003764
0,0.47153767943382263,1,ham10000,ISIC_0026538,bkl,HAM_0003766
0,0.37156152725219727,1,ham10000,ISIC_0024604,nv,HAM_0003767
0,0.45757290720939636,1,ham10000,ISIC_0026634,bkl,HAM_0003768
0,0.2792052626609802,1,ham10000,ISIC_0027692,nv,HAM_0003769
0,0.4913471043109894,1,ham10000,ISIC_0032877,bkl,HAM_0003770
0,0.5775269865989685,1,ham10000,ISIC_0025807,vasc,HAM_0003771
0,0.19866402447223663,1,ham10000,ISIC_0024379,nv,HAM_0003772
0,0.3221037685871124,1,ham10000,ISIC_0027952,nv,HAM_0003773
0,0.3353397250175476,1,ham10000,ISIC_0033144,nv,HAM_0003774
0,0.35909515619277954,1,ham10000,ISIC_0025347,nv,HAM_0003776
0,0.5899165272712708,1,ham10000,ISIC_0033118,nv,HAM_0003777
1,0.5527333617210388,1,ham10000,ISIC_0027337,bcc,HAM_0003778
0,0.2837051749229431,1,ham10000,ISIC_0024656,nv,HAM_0003779
0,0.25339215993881226,1,ham10000,ISIC_0027123,nv,HAM_0003780
0,0.32702383399009705,1,ham10000,ISIC_0026225,nv,HAM_0003781
1,0.7085199356079102,1,ham10000,ISIC_0027102,mel,HAM_0003782
0,0.2166871279478073,1,ham10000,ISIC_0024488,nv,HAM_0003783
0,0.3788851499557495,1,ham10000,ISIC_0027965,nv,HAM_0003784
0,0.40853768587112427,1,ham10000,ISIC_0025776,nv,HAM_0003785
0,0.2995787262916565,1,ham10000,ISIC_0031590,nv,HAM_0003786
0,0.5907753109931946,1,ham10000,ISIC_0030630,bkl,HAM_0003787
0,0.49794626235961914,1,ham10000,ISIC_0026246,nv,HAM_0003788
0,0.9291877150535583,1,ham10000,ISIC_0024915,bkl,HAM_0003789
0,0.4489753544330597,1,ham10000,ISIC_0028131,nv,HAM_0003790
0,0.554999589920044,1,ham10000,ISIC_0026893,bkl,HAM_0003791
0,0.2501412630081177,1,ham10000,ISIC_0029069,nv,HAM_0003792
0,0.37584272027015686,1,ham10000,ISIC_0025382,nv,HAM_0003793
0,0.38832569122314453,1,ham10000,ISIC_0029429,nv,HAM_0003794
0,0.380941241979599,1,ham10000,ISIC_0028811,nv,HAM_0003795
0,0.30880770087242126,1,ham10000,ISIC_0030696,nv,HAM_0003796
0,0.22977255284786224,1,ham10000,ISIC_0024639,nv,HAM_0003797
0,0.28672078251838684,1,ham10000,ISIC_0030307,nv,HAM_0003798
0,0.19150902330875397,1,ham10000,ISIC_0031954,nv,HAM_0003799
0,0.6224897503852844,1,ham10000,ISIC_0026623,bkl,HAM_0003800
0,0.4600113034248352,1,ham10000,ISIC_0033718,nv,HAM_0003801
1,0.5813325047492981,1,ham10000,ISIC_0032308,mel,HAM_0003802
0,0.509554922580719,1,ham10000,ISIC_0033083,nv,HAM_0003803
0,0.335437148809433,1,ham10000,ISIC_0026617,nv,HAM_0003804
1,0.7561082243919373,1,ham10000,ISIC_0030446,bcc,HAM_0003805
0,0.36527907848358154,1,ham10000,ISIC_0028667,nv,HAM_0003806
0,0.49788182973861694,1,ham10000,ISIC_0032655,bkl,HAM_0003807
0,0.4978613257408142,1,ham10000,ISIC_0034040,bkl,HAM_0003808
0,0.04611819237470627,0,ham10000,ISIC_0032402,nv,HAM_0003809
0,0.4597674608230591,1,ham10000,ISIC_0034309,nv,HAM_0003810
0,0.3399216830730438,1,ham10000,ISIC_0032900,nv,HAM_0003811
0,0.08175033330917358,0,ham10000,ISIC_0033898,nv,HAM_0003812
0,0.22660355269908905,1,ham10000,ISIC_0033173,nv,HAM_0003813
0,0.37740689516067505,1,ham10000,ISIC_0032647,nv,HAM_0003814
0,0.18313667178153992,1,ham10000,ISIC_0024715,nv,HAM_0003815
0,0.17728380858898163,1,ham10000,ISIC_0029152,nv,HAM_0003816
0,0.14680783450603485,0,ham10000,ISIC_0032800,nv,HAM_0003817
0,0.12131772190332413,0,ham10000,ISIC_0033622,nv,HAM_0003818
0,0.3973100781440735,1,ham10000,ISIC_0027689,nv,HAM_0003819
0,0.5340731143951416,1,ham10000,ISIC_0029109,nv,HAM_0003820
0,0.517439067363739,1,ham10000,ISIC_0026588,nv,HAM_0003821
0,0.5374498963356018,1,ham10000,ISIC_0030115,nv,HAM_0003822
0,0.3252852261066437,1,ham10000,ISIC_0027081,nv,HAM_0003823
0,0.5523614287376404,1,ham10000,ISIC_0032971,nv,HAM_0003824
0,0.23505307734012604,1,ham10000,ISIC_0030656,nv,HAM_0003825
1,0.6686767339706421,1,ham10000,ISIC_0026433,bcc,HAM_0003826
1,0.4637547731399536,1,ham10000,ISIC_0028350,bcc,HAM_0003827
0,0.4816743731498718,1,ham10000,ISIC_0029865,nv,HAM_0003828
0,0.5945391058921814,1,ham10000,ISIC_0026349,vasc,HAM_0003829
0,0.4456803500652313,1,ham10000,ISIC_0028496,bkl,HAM_0003830
0,0.24429720640182495,1,ham10000,ISIC_0026724,nv,HAM_0003831
1,0.5710004568099976,1,ham10000,ISIC_0024586,mel,HAM_0003832
0,0.4715082049369812,1,ham10000,ISIC_0025945,nv,HAM_0003833
0,0.3651431202888489,1,ham10000,ISIC_0030398,nv,HAM_0003834
0,0.5394993424415588,1,ham10000,ISIC_0024412,bkl,HAM_0003835
0,0.4059671461582184,1,ham10000,ISIC_0031802,nv,HAM_0003836
0,0.22230179607868195,1,ham10000,ISIC_0028850,nv,HAM_0003837
0,0.5139183402061462,1,ham10000,ISIC_0028888,nv,HAM_0003838
0,0.7482450604438782,1,ham10000,ISIC_0026693,vasc,HAM_0003839
0,0.4989166557788849,1,ham10000,ISIC_0027801,bkl,HAM_0003840
0,0.44365498423576355,1,ham10000,ISIC_0028349,nv,HAM_0003841
0,0.2089540660381317,1,ham10000,ISIC_0027217,nv,HAM_0003842
1,0.7080873250961304,1,ham10000,ISIC_0034036,mel,HAM_0003843
0,0.10519948601722717,0,ham10000,ISIC_0027169,nv,HAM_0003844
0,0.4819014072418213,1,ham10000,ISIC_0032829,bkl,HAM_0003845
1,0.329407274723053,1,ham10000,ISIC_0028113,bcc,HAM_0003846
0,0.6599610447883606,1,ham10000,ISIC_0027053,bkl,HAM_0003847
0,0.6135168075561523,1,ham10000,ISIC_0027077,nv,HAM_0003848
0,0.15647469460964203,0,ham10000,ISIC_0027185,nv,HAM_0003849
0,0.5323823094367981,1,ham10000,ISIC_0027237,nv,HAM_0003850
1,0.5906903147697449,1,ham10000,ISIC_0031643,bcc,HAM_0003851
0,0.6962122917175293,1,ham10000,ISIC_0032542,nv,HAM_0003852
1,0.5344359278678894,1,ham10000,ISIC_0030644,bcc,HAM_0003853
0,0.2669086158275604,1,ham10000,ISIC_0031655,nv,HAM_0003854
0,0.0644477903842926,0,ham10000,ISIC_0028801,nv,HAM_0003855
0,0.5213093161582947,1,ham10000,ISIC_0024760,bkl,HAM_0003856
0,0.5711154937744141,1,ham10000,ISIC_0028210,nv,HAM_0003857
0,0.13793951272964478,0,ham10000,ISIC_0031356,nv,HAM_0003858
0,0.2931075394153595,1,ham10000,ISIC_0027167,bkl,HAM_0003859
0,0.4069770276546478,1,ham10000,ISIC_0025669,nv,HAM_0003860
0,0.26447927951812744,1,ham10000,ISIC_0026951,nv,HAM_0003861
0,0.7613565325737,1,ham10000,ISIC_0032775,vasc,HAM_0003862
0,0.3090367913246155,1,ham10000,ISIC_0027879,nv,HAM_0003863
0,0.1579647958278656,0,ham10000,ISIC_0029586,nv,HAM_0003864
0,0.26106277108192444,1,ham10000,ISIC_0032188,nv,HAM_0003865
1,0.42540305852890015,1,ham10000,ISIC_0024665,bcc,HAM_0003866
0,0.5421518087387085,1,ham10000,ISIC_0028425,nv,HAM_0003867
0,0.4576719105243683,1,ham10000,ISIC_0024708,bkl,HAM_0003868
1,0.5512481927871704,1,ham10000,ISIC_0025766,mel,HAM_0003869
0,0.18699036538600922,1,ham10000,ISIC_0024852,nv,HAM_0003870
0,0.10688582062721252,0,ham10000,ISIC_0031664,nv,HAM_0003871
0,0.47896087169647217,1,ham10000,ISIC_0028903,nv,HAM_0003872
0,0.2624165415763855,1,ham10000,ISIC_0024475,vasc,HAM_0003873
0,0.4277155101299286,1,ham10000,ISIC_0024809,nv,HAM_0003874
0,0.5557543039321899,1,ham10000,ISIC_0028955,nv,HAM_0003875
0,0.32158803939819336,1,ham10000,ISIC_0030481,nv,HAM_0003876
0,0.6649085283279419,1,ham10000,ISIC_0031537,bkl,HAM_0003877
0,0.17199645936489105,0,ham10000,ISIC_0031072,nv,HAM_0003878
0,0.3536079227924347,1,ham10000,ISIC_0024894,nv,HAM_0003879
0,0.3639700412750244,1,ham10000,ISIC_0027508,nv,HAM_0003880
0,0.5231995582580566,1,ham10000,ISIC_0029061,bkl,HAM_0003881
0,0.4209275245666504,1,ham10000,ISIC_0028266,nv,HAM_0003882
0,0.12988045811653137,0,ham10000,ISIC_0029112,nv,HAM_0003883
0,0.2007291615009308,1,ham10000,ISIC_0033605,nv,HAM_0003884
1,0.4222237467765808,1,ham10000,ISIC_0027560,mel,HAM_0003885
1,0.7353749871253967,1,ham10000,ISIC_0032857,bcc,HAM_0003887
0,0.30428704619407654,1,ham10000,ISIC_0028672,nv,HAM_0003888
0,0.29293352365493774,1,ham10000,ISIC_0026005,nv,HAM_0003889
0,0.21947531402111053,1,ham10000,ISIC_0028940,nv,HAM_0003890
0,0.49013903737068176,1,ham10000,ISIC_0028487,nv,HAM_0003891
0,0.3710705041885376,1,ham10000,ISIC_0028045,nv,HAM_0003892
0,0.23044076561927795,1,ham10000,ISIC_0025560,nv,HAM_0003894
1,0.22816193103790283,1,ham10000,ISIC_0026203,akiec,HAM_0003895
0,0.49876412749290466,1,ham10000,ISIC_0030952,nv,HAM_0003896
0,0.39194202423095703,1,ham10000,ISIC_0025853,nv,HAM_0003897
0,0.38276007771492004,1,ham10000,ISIC_0028713,nv,HAM_0003898
0,0.415151447057724,1,ham10000,ISIC_0029991,bkl,HAM_0003899
0,0.5592457056045532,1,ham10000,ISIC_0027868,nv,HAM_0003900
0,0.1951904296875,1,ham10000,ISIC_0026931,nv,HAM_0003901
0,0.2505105435848236,1,ham10000,ISIC_0030313,nv,HAM_0003902
0,0.37516650557518005,1,ham10000,ISIC_0028536,nv,HAM_0003903
0,0.31453925371170044,1,ham10000,ISIC_0025871,nv,HAM_0003904
0,0.09173191338777542,0,ham10000,ISIC_0029275,nv,HAM_0003905
0,0.2777797281742096,1,ham10000,ISIC_0029955,nv,HAM_0003906
0,0.17884337902069092,1,ham10000,ISIC_0027587,nv,HAM_0003907
0,0.21142153441905975,1,ham10000,ISIC_0030854,nv,HAM_0003908
0,0.24445652961730957,1,ham10000,ISIC_0026935,nv,HAM_0003909
1,0.46938249468803406,1,ham10000,ISIC_0026194,akiec,HAM_0003910
0,0.6285911798477173,1,ham10000,ISIC_0030645,nv,HAM_0003911
0,0.26584720611572266,1,ham10000,ISIC_0028367,nv,HAM_0003912
0,0.5497975945472717,1,ham10000,ISIC_0027295,bkl,HAM_0003913
0,0.274834543466568,1,ham10000,ISIC_0029300,nv,HAM_0003914
0,0.30344659090042114,1,ham10000,ISIC_0026850,nv,HAM_0003915
0,0.26731541752815247,1,ham10000,ISIC_0032370,nv,HAM_0003916
0,0.3256385624408722,1,ham10000,ISIC_0026814,nv,HAM_0003917
0,0.33256468176841736,1,ham10000,ISIC_0029127,nv,HAM_0003918
0,0.403067022562027,1,ham10000,ISIC_0024781,nv,HAM_0003919
0,0.4485543966293335,1,ham10000,ISIC_0026351,bkl,HAM_0003920
0,0.21561387181282043,1,ham10000,ISIC_0025728,nv,HAM_0003921
0,0.44945478439331055,1,ham10000,ISIC_0027603,nv,HAM_0003922
0,0.0590217262506485,0,ham10000,ISIC_0025282,nv,HAM_0003923
0,0.3663318455219269,1,ham10000,ISIC_0030569,nv,HAM_0003924
0,0.5594218373298645,1,ham10000,ISIC_0031759,vasc,HAM_0003925
0,0.29363223910331726,1,ham10000,ISIC_0026422,bkl,HAM_0003926
0,0.5261654853820801,1,ham10000,ISIC_0032567,bkl,HAM_0003927
0,0.21126806735992432,1,ham10000,ISIC_0031755,nv,HAM_0003928
0,0.23788005113601685,1,ham10000,ISIC_0027792,nv,HAM_0003929
0,0.3550756871700287,1,ham10000,ISIC_0028221,nv,HAM_0003930
0,0.12717467546463013,0,ham10000,ISIC_0026007,nv,HAM_0003931
0,0.5547313094139099,1,ham10000,ISIC_0026151,nv,HAM_0003932
0,0.558110773563385,1,ham10000,ISIC_0029854,nv,HAM_0003933
1,0.7214389443397522,1,ham10000,ISIC_0027767,akiec,HAM_0003934
0,0.21594181656837463,1,ham10000,ISIC_0033782,nv,HAM_0003935
0,0.20020440220832825,1,ham10000,ISIC_0024576,nv,HAM_0003936
0,0.26575416326522827,1,ham10000,ISIC_0025309,nv,HAM_0003937
0,0.4033700227737427,1,ham10000,ISIC_0030231,bkl,HAM_0003938
1,0.4497796297073364,1,ham10000,ISIC_0027172,akiec,HAM_0003939
0,0.4127383530139923,1,ham10000,ISIC_0029803,nv,HAM_0003940
1,0.6044661998748779,1,ham10000,ISIC_0028419,bcc,HAM_0003941
0,0.26933255791664124,1,ham10000,ISIC_0029024,nv,HAM_0003942
0,0.5182138681411743,1,ham10000,ISIC_0025973,bkl,HAM_0003943
0,0.4259732663631439,1,ham10000,ISIC_0026672,nv,HAM_0003944
0,0.22630348801612854,1,ham10000,ISIC_0032528,nv,HAM_0003945
0,0.3266701400279999,1,ham10000,ISIC_0026991,nv,HAM_0003946
0,0.4362712502479553,1,ham10000,ISIC_0032551,nv,HAM_0003947
0,0.31072473526000977,1,ham10000,ISIC_0025806,nv,HAM_0003948
1,0.47790712118148804,1,ham10000,ISIC_0027254,akiec,HAM_0003949
0,0.19084540009498596,1,ham10000,ISIC_0026474,nv,HAM_0003950
0,0.4051099121570587,1,ham10000,ISIC_0024317,nv,HAM_0003951
0,0.3119939863681793,1,ham10000,ISIC_0031176,nv,HAM_0003952
0,0.11143264174461365,0,ham10000,ISIC_0027158,nv,HAM_0003953
0,0.29499244689941406,1,ham10000,ISIC_0031382,nv,HAM_0003954
0,0.1620684415102005,0,ham10000,ISIC_0026250,nv,HAM_0003955
0,0.047493837773799896,0,ham10000,ISIC_0030190,nv,HAM_0003956
1,0.33797767758369446,1,ham10000,ISIC_0030653,mel,HAM_0003957
0,0.5565124154090881,1,ham10000,ISIC_0027360,nv,HAM_0003958
0,0.4149138033390045,1,ham10000,ISIC_0029314,nv,HAM_0003959
0,0.19580364227294922,1,ham10000,ISIC_0026256,nv,HAM_0003960
0,0.19807326793670654,1,ham10000,ISIC_0026624,nv,HAM_0003961
0,0.3687807321548462,1,ham10000,ISIC_0027805,nv,HAM_0003962
0,0.44901856780052185,1,ham10000,ISIC_0027448,nv,HAM_0003963
0,0.296967476606369,1,ham10000,ISIC_0029111,nv,HAM_0003964
0,0.3094063103199005,1,ham10000,ISIC_0025652,nv,HAM_0003965
0,0.29832953214645386,1,ham10000,ISIC_0032584,nv,HAM_0003966
0,0.3972187936306,1,ham10000,ISIC_0032796,nv,HAM_0003968
0,0.511695384979248,1,ham10000,ISIC_0032627,nv,HAM_0003969
0,0.10140106827020645,0,ham10000,ISIC_0025093,nv,HAM_0003970
1,0.4817684292793274,1,ham10000,ISIC_0029634,akiec,HAM_0003971
0,0.3714425265789032,1,ham10000,ISIC_0029706,nv,HAM_0003972
0,0.40279364585876465,1,ham10000,ISIC_0026867,bkl,HAM_0003973
0,0.46189525723457336,1,ham10000,ISIC_0026512,nv,HAM_0003974
0,0.4668745696544647,1,ham10000,ISIC_0030098,nv,HAM_0003975
0,0.46512261033058167,1,ham10000,ISIC_0029469,nv,HAM_0003976
0,0.22754701972007751,1,ham10000,ISIC_0026495,nv,HAM_0003977
0,0.6143273711204529,1,ham10000,ISIC_0033284,bkl,HAM_0003978
0,0.34854575991630554,1,ham10000,ISIC_0026416,bkl,HAM_0003979
0,0.5483465194702148,1,ham10000,ISIC_0026712,nv,HAM_0003980
1,0.5980932116508484,1,ham10000,ISIC_0025731,bcc,HAM_0003981
0,0.4603973925113678,1,ham10000,ISIC_0030056,bkl,HAM_0003982
1,0.6655869483947754,1,ham10000,ISIC_0033278,mel,HAM_0003983
0,0.4236050248146057,1,ham10000,ISIC_0032228,nv,HAM_0003984
0,0.38140201568603516,1,ham10000,ISIC_0025570,nv,HAM_0003985
0,0.4526829421520233,1,ham10000,ISIC_0030020,nv,HAM_0003986
0,0.359748512506485,1,ham10000,ISIC_0030354,nv,HAM_0003987
0,0.2947242856025696,1,ham10000,ISIC_0024427,nv,HAM_0003988
1,0.7922168970108032,1,ham10000,ISIC_0030714,akiec,HAM_0003989
1,0.7203779816627502,1,ham10000,ISIC_0025996,mel,HAM_0003990
1,0.37475916743278503,1,ham10000,ISIC_0029602,bcc,HAM_0003991
0,0.07296544313430786,0,ham10000,ISIC_0028821,nv,HAM_0003992
0,0.4834791123867035,1,ham10000,ISIC_0033097,nv,HAM_0003993
0,0.08736304193735123,0,ham10000,ISIC_0026648,nv,HAM_0003994
0,0.41525450348854065,1,ham10000,ISIC_0029799,nv,HAM_0003995
0,0.5218127369880676,1,ham10000,ISIC_0025465,bkl,HAM_0003996
0,0.40567532181739807,1,ham10000,ISIC_0030537,nv,HAM_0003997
0,0.3910242021083832,1,ham10000,ISIC_0033809,nv,HAM_0003998
0,0.054526329040527344,0,ham10000,ISIC_0026945,nv,HAM_0003999
0,0.42686527967453003,1,ham10000,ISIC_0032594,nv,HAM_0004000
0,0.21257001161575317,1,ham10000,ISIC_0029996,nv,HAM_0004001
0,0.2831086814403534,1,ham10000,ISIC_0027628,nv,HAM_0004002
0,0.09597090631723404,0,ham10000,ISIC_0031097,nv,HAM_0004003
0,0.4168488681316376,1,ham10000,ISIC_0024782,bkl,HAM_0004004
0,0.2830602824687958,1,ham10000,ISIC_0032093,nv,HAM_0004005
0,0.3875088095664978,1,ham10000,ISIC_0031653,nv,HAM_0004006
0,0.4251258075237274,1,ham10000,ISIC_0027596,nv,HAM_0004007
0,0.3845944106578827,1,ham10000,ISIC_0027997,nv,HAM_0004008
0,0.15893852710723877,0,ham10000,ISIC_0024856,nv,HAM_0004009
0,0.49296408891677856,1,ham10000,ISIC_0031061,bkl,HAM_0004010
1,0.7150367498397827,1,ham10000,ISIC_0033023,mel,HAM_0004011
1,0.4853471517562866,1,ham10000,ISIC_0025831,akiec,HAM_0004012
0,0.2747404873371124,1,ham10000,ISIC_0026021,nv,HAM_0004013
0,0.652981162071228,1,ham10000,ISIC_0029809,nv,HAM_0004014
0,0.4909883141517639,1,ham10000,ISIC_0027892,nv,HAM_0004015
0,0.2663594186306,1,ham10000,ISIC_0032935,nv,HAM_0004016
0,0.15284068882465363,0,ham10000,ISIC_0030351,nv,HAM_0004017
0,0.4978468418121338,1,ham10000,ISIC_0028112,nv,HAM_0004018
0,0.10184720158576965,0,ham10000,ISIC_0029629,nv,HAM_0004019
0,0.7005451321601868,1,ham10000,ISIC_0025245,nv,HAM_0004020
1,0.6041974425315857,1,ham10000,ISIC_0025800,mel,HAM_0004021
0,0.4217974543571472,1,ham10000,ISIC_0028134,nv,HAM_0004022
0,0.37004292011260986,1,ham10000,ISIC_0029766,nv,HAM_0004023
0,0.3350999355316162,1,ham10000,ISIC_0032338,nv,HAM_0004024
0,0.5285186171531677,1,ham10000,ISIC_0025983,nv,HAM_0004025
0,0.31376925110816956,1,ham10000,ISIC_0030357,nv,HAM_0004026
1,0.5564711093902588,1,ham10000,ISIC_0024595,bcc,HAM_0004027
0,0.3859851360321045,1,ham10000,ISIC_0028526,nv,HAM_0004028
0,0.45246461033821106,1,ham10000,ISIC_0029472,bkl,HAM_0004029
0,0.40167954564094543,1,ham10000,ISIC_0029926,nv,HAM_0004030
0,0.391414076089859,1,ham10000,ISIC_0029517,nv,HAM_0004031
0,0.3251659572124481,1,ham10000,ISIC_0032403,nv,HAM_0004032
1,0.4329969882965088,1,ham10000,ISIC_0027452,akiec,HAM_0004033
1,0.33877602219581604,1,ham10000,ISIC_0024948,akiec,HAM_0004034
0,0.26339191198349,1,ham10000,ISIC_0027039,nv,HAM_0004035
0,0.5309407711029053,1,ham10000,ISIC_0027107,df,HAM_0004036
0,0.3776117265224457,1,ham10000,ISIC_0027383,nv,HAM_0004037
0,0.4203055202960968,1,ham10000,ISIC_0032582,nv,HAM_0004038
0,0.17063738405704498,0,ham10000,ISIC_0026383,nv,HAM_0004039
0,0.3288121819496155,1,ham10000,ISIC_0029042,nv,HAM_0004040
0,0.14355669915676117,0,ham10000,ISIC_0026375,nv,HAM_0004041
1,0.5822603106498718,1,ham10000,ISIC_0026978,bcc,HAM_0004042
0,0.5115793347358704,1,ham10000,ISIC_0030492,nv,HAM_0004043
0,0.1382881999015808,0,ham10000,ISIC_0028606,nv,HAM_0004044
0,0.2296367883682251,1,ham10000,ISIC_0030939,nv,HAM_0004045
0,0.4258052110671997,1,ham10000,ISIC_0032366,nv,HAM_0004046
1,0.36362409591674805,1,ham10000,ISIC_0025500,mel,HAM_0004047
0,0.25965434312820435,1,ham10000,ISIC_0025203,nv,HAM_0004048
0,0.053039390593767166,0,ham10000,ISIC_0030924,nv,HAM_0004049
0,0.4830317795276642,1,ham10000,ISIC_0025086,bkl,HAM_0004050
0,0.30903369188308716,1,ham10000,ISIC_0028049,nv,HAM_0004051
0,0.17227354645729065,0,ham10000,ISIC_0028206,nv,HAM_0004052
1,0.5312348008155823,1,ham10000,ISIC_0027067,mel,HAM_0004053
0,0.607589066028595,1,ham10000,ISIC_0031756,nv,HAM_0004054
0,0.4209069013595581,1,ham10000,ISIC_0030287,nv,HAM_0004055
1,0.5441292524337769,1,ham10000,ISIC_0033377,mel,HAM_0004056
0,0.14041581749916077,0,ham10000,ISIC_0026635,nv,HAM_0004057
0,0.6120929718017578,1,ham10000,ISIC_0030802,nv,HAM_0004058
0,0.11331480741500854,0,ham10000,ISIC_0029399,nv,HAM_0004059
1,0.5181863307952881,1,ham10000,ISIC_0029210,akiec,HAM_0004060
0,0.3676289916038513,1,ham10000,ISIC_0029925,nv,HAM_0004061
0,0.3194049894809723,1,ham10000,ISIC_0028742,nv,HAM_0004062
0,0.48801493644714355,1,ham10000,ISIC_0032896,nv,HAM_0004063
0,0.4006332755088806,1,ham10000,ISIC_0024399,nv,HAM_0004064
0,0.47856834530830383,1,ham10000,ISIC_0026629,df,HAM_0004065
0,0.25214388966560364,1,ham10000,ISIC_0026390,nv,HAM_0004066
0,0.28518086671829224,1,ham10000,ISIC_0029065,nv,HAM_0004067
0,0.5424865484237671,1,ham10000,ISIC_0027853,nv,HAM_0004068
0,0.385425329208374,1,ham10000,ISIC_0029476,nv,HAM_0004069
0,0.5619102120399475,1,ham10000,ISIC_0027657,nv,HAM_0004070
0,0.4402117431163788,1,ham10000,ISIC_0032607,nv,HAM_0004071
0,0.14003102481365204,0,ham10000,ISIC_0032130,nv,HAM_0004072
0,0.2857119143009186,1,ham10000,ISIC_0028093,nv,HAM_0004073
0,0.4123474955558777,1,ham10000,ISIC_0030599,nv,HAM_0004074
0,0.4919455349445343,1,ham10000,ISIC_0030276,bkl,HAM_0004075
0,0.2635156512260437,1,ham10000,ISIC_0032966,nv,HAM_0004076
0,0.5681653618812561,1,ham10000,ISIC_0026566,bkl,HAM_0004078
0,0.4274398386478424,1,ham10000,ISIC_0031182,nv,HAM_0004079
0,0.4035281538963318,1,ham10000,ISIC_0028613,nv,HAM_0004080
1,0.27584266662597656,1,ham10000,ISIC_0031957,mel,HAM_0004081
0,0.4066639244556427,1,ham10000,ISIC_0025676,nv,HAM_0004082
1,0.41204196214675903,1,ham10000,ISIC_0032652,bcc,HAM_0004083
1,0.4112643301486969,1,ham10000,ISIC_0025285,bcc,HAM_0004084
0,0.21789072453975677,1,ham10000,ISIC_0028471,nv,HAM_0004085
0,0.471922367811203,1,ham10000,ISIC_0034215,nv,HAM_0004088
0,0.19388282299041748,1,ham10000,ISIC_0026589,nv,HAM_0004089
0,0.720076858997345,1,ham10000,ISIC_0031271,df,HAM_0004090
0,0.38882362842559814,1,ham10000,ISIC_0032675,bkl,HAM_0004091
0,0.20014353096485138,1,ham10000,ISIC_0028300,nv,HAM_0004092
0,0.22061167657375336,1,ham10000,ISIC_0030562,nv,HAM_0004093
0,0.6002416014671326,1,ham10000,ISIC_0031313,nv,HAM_0004094
0,0.3808459937572479,1,ham10000,ISIC_0026017,nv,HAM_0004095
0,0.10487722605466843,0,ham10000,ISIC_0028541,nv,HAM_0004096
0,0.09381085634231567,0,ham10000,ISIC_0025677,vasc,HAM_0004097
0,0.3478940725326538,1,ham10000,ISIC_0025843,nv,HAM_0004098
0,0.47455766797065735,1,ham10000,ISIC_0033010,nv,HAM_0004099
0,0.5435780882835388,1,ham10000,ISIC_0031106,nv,HAM_0004100
0,0.2853747308254242,1,ham10000,ISIC_0030881,nv,HAM_0004101
1,0.5427365899085999,1,ham10000,ISIC_0029726,mel,HAM_0004102
0,0.7372670769691467,1,ham10000,ISIC_0028880,df,HAM_0004103
0,0.23116444051265717,1,ham10000,ISIC_0032483,nv,HAM_0004104
0,0.64729243516922,1,ham10000,ISIC_0030007,bkl,HAM_0004105
0,0.5585219264030457,1,ham10000,ISIC_0028943,bkl,HAM_0004106
0,0.5133469700813293,1,ham10000,ISIC_0029769,nv,HAM_0004107
1,0.550101637840271,1,ham10000,ISIC_0033037,mel,HAM_0004109
0,0.3495458960533142,1,ham10000,ISIC_0030195,nv,HAM_0004110
0,0.33573782444000244,1,ham10000,ISIC_0028138,nv,HAM_0004111
0,0.33073800802230835,1,ham10000,ISIC_0030363,nv,HAM_0004112
0,0.5337257385253906,1,ham10000,ISIC_0033185,bkl,HAM_0004113
0,0.5583120584487915,1,ham10000,ISIC_0026844,bkl,HAM_0004114
0,0.21158790588378906,1,ham10000,ISIC_0027676,nv,HAM_0004115
0,0.4049988389015198,1,ham10000,ISIC_0026613,nv,HAM_0004116
0,0.27963945269584656,1,ham10000,ISIC_0024354,nv,HAM_0004117
0,0.3646262586116791,1,ham10000,ISIC_0032593,nv,HAM_0004118
0,0.0858784019947052,0,ham10000,ISIC_0025015,nv,HAM_0004119
0,0.15035273134708405,0,ham10000,ISIC_0034266,nv,HAM_0004120
1,0.6440133452415466,1,ham10000,ISIC_0025324,mel,HAM_0004121
0,0.545504093170166,1,ham10000,ISIC_0031102,nv,HAM_0004122
0,0.40663987398147583,1,ham10000,ISIC_0032216,nv,HAM_0004123
0,0.5580925941467285,1,ham10000,ISIC_0029153,nv,HAM_0004124
0,0.41220933198928833,1,ham10000,ISIC_0027437,bkl,HAM_0004125
1,0.7139632701873779,1,ham10000,ISIC_0030060,mel,HAM_0004126
0,0.4791542589664459,1,ham10000,ISIC_0027073,nv,HAM_0004127
0,0.4052819311618805,1,ham10000,ISIC_0027072,nv,HAM_0004128
1,0.6388975977897644,1,ham10000,ISIC_0032624,mel,HAM_0004129
0,0.46131062507629395,1,ham10000,ISIC_0026173,nv,HAM_0004130
0,0.5099965333938599,1,ham10000,ISIC_0025583,bkl,HAM_0004131
0,0.3103537857532501,1,ham10000,ISIC_0025801,nv,HAM_0004132
0,0.41396957635879517,1,ham10000,ISIC_0024941,nv,HAM_0004133
0,0.3948165774345398,1,ham10000,ISIC_0026075,nv,HAM_0004134
0,0.30248454213142395,1,ham10000,ISIC_0025634,nv,HAM_0004135
0,0.3943871259689331,1,ham10000,ISIC_0029787,nv,HAM_0004136
0,0.14904583990573883,0,ham10000,ISIC_0024966,nv,HAM_0004137
0,0.28699037432670593,1,ham10000,ISIC_0025905,nv,HAM_0004138
0,0.07274206727743149,0,ham10000,ISIC_0027496,nv,HAM_0004139
0,0.24052909016609192,1,ham10000,ISIC_0028298,nv,HAM_0004140
0,0.4097421169281006,1,ham10000,ISIC_0030705,bkl,HAM_0004141
0,0.43401217460632324,1,ham10000,ISIC_0032643,bkl,HAM_0004142
0,0.5382092595100403,1,ham10000,ISIC_0029031,bkl,HAM_0004143
0,0.36582866311073303,1,ham10000,ISIC_0027980,nv,HAM_0004144
0,0.6385701894760132,1,ham10000,ISIC_0032749,nv,HAM_0004145
0,0.3323933780193329,1,ham10000,ISIC_0027450,nv,HAM_0004146
1,0.4698294401168823,1,ham10000,ISIC_0031712,bcc,HAM_0004147
0,0.25934725999832153,1,ham10000,ISIC_0026503,nv,HAM_0004148
0,0.09214732050895691,0,ham10000,ISIC_0032755,nv,HAM_0004149
0,0.3166953921318054,1,ham10000,ISIC_0026632,nv,HAM_0004150
0,0.2947492003440857,1,ham10000,ISIC_0028996,nv,HAM_0004151
0,0.26638543605804443,1,ham10000,ISIC_0025137,nv,HAM_0004152
1,0.596786379814148,1,ham10000,ISIC_0026489,mel,HAM_0004153
0,0.21522091329097748,1,ham10000,ISIC_0031471,nv,HAM_0004154
0,0.4137488007545471,1,ham10000,ISIC_0025269,nv,HAM_0004155
0,0.4684619605541229,1,ham10000,ISIC_0024387,nv,HAM_0004156
0,0.18362048268318176,1,ham10000,ISIC_0031610,nv,HAM_0004157
0,0.5106723308563232,1,ham10000,ISIC_0028229,bkl,HAM_0004158
0,0.3084605634212494,1,ham10000,ISIC_0031086,nv,HAM_0004159
0,0.37583133578300476,1,ham10000,ISIC_0029066,nv,HAM_0004160
1,0.5866936445236206,1,ham10000,ISIC_0025564,bcc,HAM_0004161
0,0.3500954508781433,1,ham10000,ISIC_0031944,nv,HAM_0004162
0,0.42615512013435364,1,ham10000,ISIC_0025142,nv,HAM_0004163
1,0.603202223777771,1,ham10000,ISIC_0030695,mel,HAM_0004164
0,0.31110063195228577,1,ham10000,ISIC_0033346,nv,HAM_0004165
0,0.5393085479736328,1,ham10000,ISIC_0028313,nv,HAM_0004166
0,0.3523997962474823,1,ham10000,ISIC_0033753,nv,HAM_0004167
0,0.2497834712266922,1,ham10000,ISIC_0029477,nv,HAM_0004168
0,0.33228129148483276,1,ham10000,ISIC_0028482,nv,HAM_0004169
0,0.42968782782554626,1,ham10000,ISIC_0029046,nv,HAM_0004170
1,0.47519227862358093,1,ham10000,ISIC_0024644,mel,HAM_0004171
0,0.2974873483181,1,ham10000,ISIC_0033996,nv,HAM_0004172
0,0.2907256782054901,1,ham10000,ISIC_0030637,nv,HAM_0004173
0,0.5532829761505127,1,ham10000,ISIC_0032281,nv,HAM_0004174
0,0.15932539105415344,0,ham10000,ISIC_0028806,nv,HAM_0004175
0,0.5449138879776001,1,ham10000,ISIC_0033373,nv,HAM_0004176
0,0.36909130215644836,1,ham10000,ISIC_0031907,nv,HAM_0004177
0,0.42746660113334656,1,ham10000,ISIC_0029171,nv,HAM_0004179
0,0.2330731898546219,1,ham10000,ISIC_0031055,nv,HAM_0004180
0,0.40095847845077515,1,ham10000,ISIC_0032571,nv,HAM_0004181
0,0.25546619296073914,1,ham10000,ISIC_0032591,nv,HAM_0004182
0,0.4271385371685028,1,ham10000,ISIC_0032606,nv,HAM_0004183
0,0.4394018352031708,1,ham10000,ISIC_0032634,nv,HAM_0004184
0,0.2149515300989151,1,ham10000,ISIC_0032635,nv,HAM_0004185
0,0.40103867650032043,1,ham10000,ISIC_0032759,nv,HAM_0004186
0,0.24338193237781525,1,ham10000,ISIC_0032956,nv,HAM_0004187
0,0.34005656838417053,1,ham10000,ISIC_0032996,nv,HAM_0004188
0,0.2370917648077011,1,ham10000,ISIC_0033036,nv,HAM_0004189
0,0.2998664379119873,1,ham10000,ISIC_0033039,nv,HAM_0004190
0,0.37255480885505676,1,ham10000,ISIC_0032562,nv,HAM_0004191
0,0.41183382272720337,1,ham10000,ISIC_0033066,nv,HAM_0004192
0,0.2433346062898636,1,ham10000,ISIC_0033072,nv,HAM_0004193
0,0.5615665912628174,1,ham10000,ISIC_0033101,nv,HAM_0004194
0,0.28655481338500977,1,ham10000,ISIC_0033383,nv,HAM_0004195
0,0.4725896418094635,1,ham10000,ISIC_0033421,nv,HAM_0004196
0,0.37947502732276917,1,ham10000,ISIC_0033467,nv,HAM_0004197
0,0.32256147265434265,1,ham10000,ISIC_0033481,nv,HAM_0004198
0,0.3960927724838257,1,ham10000,ISIC_0033556,nv,HAM_0004199
0,0.44430989027023315,1,ham10000,ISIC_0033567,nv,HAM_0004200
0,0.2574467360973358,1,ham10000,ISIC_0033602,nv,HAM_0004201
0,0.2997228503227234,1,ham10000,ISIC_0033623,nv,HAM_0004202
0,0.27223315834999084,1,ham10000,ISIC_0033647,nv,HAM_0004203
0,0.3728499710559845,1,ham10000,ISIC_0033772,nv,HAM_0004204
0,0.10577340424060822,0,ham10000,ISIC_0033797,nv,HAM_0004205
0,0.19972585141658783,1,ham10000,ISIC_0033826,nv,HAM_0004206
0,0.24436862766742706,1,ham10000,ISIC_0033858,nv,HAM_0004207
0,0.4014030694961548,1,ham10000,ISIC_0033892,nv,HAM_0004208
0,0.5071704387664795,1,ham10000,ISIC_0034075,nv,HAM_0004209
0,0.3885669410228729,1,ham10000,ISIC_0034081,nv,HAM_0004210
0,0.3507157266139984,1,ham10000,ISIC_0034082,nv,HAM_0004211
0,0.3097582459449768,1,ham10000,ISIC_0034114,nv,HAM_0004212
0,0.28134337067604065,1,ham10000,ISIC_0034228,nv,HAM_0004213
0,0.2984793782234192,1,ham10000,ISIC_0034248,nv,HAM_0004214
0,0.3582873046398163,1,ham10000,ISIC_0034302,nv,HAM_0004215
0,0.2724209725856781,1,ham10000,ISIC_0034312,nv,HAM_0004216
0,0.300332248210907,1,ham10000,ISIC_0031116,nv,HAM_0004217
0,0.084217369556427,0,ham10000,ISIC_0028256,nv,HAM_0004218
1,0.5473574995994568,1,ham10000,ISIC_0031585,bcc,HAM_0004219
0,0.31351137161254883,1,ham10000,ISIC_0027787,nv,HAM_0004220
0,0.404151052236557,1,ham10000,ISIC_0033163,nv,HAM_0004221
0,0.484507292509079,1,ham10000,ISIC_0030899,nv,HAM_0004222
0,0.2380416840314865,1,ham10000,ISIC_0025632,nv,HAM_0004223
0,0.5123931765556335,1,ham10000,ISIC_0026248,bkl,HAM_0004224
0,0.34244388341903687,1,ham10000,ISIC_0026029,nv,HAM_0004225
0,0.3247702717781067,1,ham10000,ISIC_0032494,nv,HAM_0004226
0,0.1718471795320511,0,ham10000,ISIC_0029628,nv,HAM_0004227
0,0.4273543953895569,1,ham10000,ISIC_0027748,nv,HAM_0004228
0,0.36190545558929443,1,ham10000,ISIC_0029593,nv,HAM_0004229
0,0.2676068842411041,1,ham10000,ISIC_0024585,nv,HAM_0004230
0,0.5778124928474426,1,ham10000,ISIC_0030323,bkl,HAM_0004232
0,0.2266770303249359,1,ham10000,ISIC_0029979,nv,HAM_0004233
0,0.5766890048980713,1,ham10000,ISIC_0025984,bkl,HAM_0004234
1,0.5800800919532776,1,ham10000,ISIC_0030452,bcc,HAM_0004235
0,0.27737686038017273,1,ham10000,ISIC_0032180,nv,HAM_0004236
0,0.14767344295978546,0,ham10000,ISIC_0033877,nv,HAM_0004237
0,0.3679230809211731,1,ham10000,ISIC_0024903,nv,HAM_0004238
0,0.44567930698394775,1,ham10000,ISIC_0024928,nv,HAM_0004239
1,0.774899959564209,1,ham10000,ISIC_0032517,mel,HAM_0004240
0,0.28405213356018066,1,ham10000,ISIC_0024616,nv,HAM_0004241
0,0.47281765937805176,1,ham10000,ISIC_0028769,nv,HAM_0004242
1,0.5940051078796387,1,ham10000,ISIC_0031119,akiec,HAM_0004243
0,0.48834848403930664,1,ham10000,ISIC_0032352,nv,HAM_0004244
0,0.48627930879592896,1,ham10000,ISIC_0033701,bkl,HAM_0004245
0,0.426503449678421,1,ham10000,ISIC_0033854,bkl,HAM_0004246
0,0.27224650979042053,1,ham10000,ISIC_0031532,nv,HAM_0004247
0,0.07089792937040329,0,ham10000,ISIC_0028812,nv,HAM_0004248
0,0.5669879913330078,1,ham10000,ISIC_0031591,bkl,HAM_0004249
0,0.20084238052368164,1,ham10000,ISIC_0032499,nv,HAM_0004250
0,0.29378852248191833,1,ham10000,ISIC_0026673,nv,HAM_0004251
0,0.2638644278049469,1,ham10000,ISIC_0030461,nv,HAM_0004252
0,0.5202491879463196,1,ham10000,ISIC_0031035,nv,HAM_0004253
1,0.5155876874923706,1,ham10000,ISIC_0027030,mel,HAM_0004254
0,0.7161364555358887,1,ham10000,ISIC_0033264,bkl,HAM_0004255
0,0.3908446431159973,1,ham10000,ISIC_0027472,nv,HAM_0004256
0,0.06884919852018356,0,ham10000,ISIC_0025452,vasc,HAM_0004257
0,0.6483257412910461,1,ham10000,ISIC_0033693,bkl,HAM_0004258
0,0.47995683550834656,1,ham10000,ISIC_0026644,bkl,HAM_0004259
0,0.48234957456588745,1,ham10000,ISIC_0025525,nv,HAM_0004260
0,0.28009602427482605,1,ham10000,ISIC_0027075,nv,HAM_0004261
0,0.29072707891464233,1,ham10000,ISIC_0025236,nv,HAM_0004262
0,0.2674345076084137,1,ham10000,ISIC_0031781,nv,HAM_0004263
0,0.1637326180934906,0,ham10000,ISIC_0031671,nv,HAM_0004264
1,0.2933296263217926,1,ham10000,ISIC_0025018,mel,HAM_0004265
0,0.37556639313697815,1,ham10000,ISIC_0024483,nv,HAM_0004266
0,0.5359927415847778,1,ham10000,ISIC_0028430,nv,HAM_0004267
0,0.3307255208492279,1,ham10000,ISIC_0025003,nv,HAM_0004269
0,0.33151355385780334,1,ham10000,ISIC_0028455,nv,HAM_0004270
0,0.4200877547264099,1,ham10000,ISIC_0025474,nv,HAM_0004271
0,0.4304027557373047,1,ham10000,ISIC_0032957,nv,HAM_0004272
1,0.7733856439590454,1,ham10000,ISIC_0028059,bcc,HAM_0004273
0,0.5791893005371094,1,ham10000,ISIC_0025842,bkl,HAM_0004274
0,0.6140450835227966,1,ham10000,ISIC_0026921,nv,HAM_0004275
0,0.39854946732521057,1,ham10000,ISIC_0029622,nv,HAM_0004276
0,0.35316985845565796,1,ham10000,ISIC_0026472,nv,HAM_0004277
0,0.45371878147125244,1,ham10000,ISIC_0026610,nv,HAM_0004279
0,0.3101145625114441,1,ham10000,ISIC_0030905,nv,HAM_0004280
1,0.6925548911094666,1,ham10000,ISIC_0028965,mel,HAM_0004281
1,0.515778124332428,1,ham10000,ISIC_0033151,akiec,HAM_0004282
0,0.654409646987915,1,ham10000,ISIC_0028357,nv,HAM_0004283
1,0.7099379301071167,1,ham10000,ISIC_0032709,mel,HAM_0004284
1,0.6017846465110779,1,ham10000,ISIC_0029129,bcc,HAM_0004285
0,0.26370325684547424,1,ham10000,ISIC_0029410,nv,HAM_0004286
0,0.26724889874458313,1,ham10000,ISIC_0031128,nv,HAM_0004287
0,0.21878837049007416,1,ham10000,ISIC_0026445,nv,HAM_0004288
0,0.3433074355125427,1,ham10000,ISIC_0025879,bkl,HAM_0004289
0,0.46339327096939087,1,ham10000,ISIC_0031184,nv,HAM_0004290
0,0.4032242000102997,1,ham10000,ISIC_0031932,nv,HAM_0004291
0,0.4364795982837677,1,ham10000,ISIC_0029625,nv,HAM_0004292
0,0.29640305042266846,1,ham10000,ISIC_0028153,nv,HAM_0004294
0,0.09099332243204117,0,ham10000,ISIC_0029292,nv,HAM_0004295
0,0.5589036345481873,1,ham10000,ISIC_0033739,nv,HAM_0004296
1,0.4994448721408844,1,ham10000,ISIC_0027550,akiec,HAM_0004297
0,0.3650009036064148,1,ham10000,ISIC_0025648,nv,HAM_0004298
0,0.2458961009979248,1,ham10000,ISIC_0031307,nv,HAM_0004299
1,0.5977528691291809,1,ham10000,ISIC_0025266,bcc,HAM_0004300
0,0.2855379283428192,1,ham10000,ISIC_0032487,nv,HAM_0004301
1,0.6124693751335144,1,ham10000,ISIC_0028582,mel,HAM_0004302
0,0.4839380979537964,1,ham10000,ISIC_0033737,nv,HAM_0004303
1,0.778301477432251,1,ham10000,ISIC_0033324,mel,HAM_0004304
0,0.416003942489624,1,ham10000,ISIC_0026392,nv,HAM_0004305
0,0.20196083188056946,1,ham10000,ISIC_0032056,nv,HAM_0004306
0,0.23592224717140198,1,ham10000,ISIC_0031714,nv,HAM_0004307
0,0.34907102584838867,1,ham10000,ISIC_0027370,bkl,HAM_0004308
0,0.4446578025817871,1,ham10000,ISIC_0028681,bkl,HAM_0004309
0,0.30023789405822754,1,ham10000,ISIC_0027871,nv,HAM_0004310
0,0.43006205558776855,1,ham10000,ISIC_0029037,nv,HAM_0004311
0,0.268195778131485,1,ham10000,ISIC_0031768,nv,HAM_0004312
0,0.33462244272232056,1,ham10000,ISIC_0026924,nv,HAM_0004313
0,0.20022566616535187,1,ham10000,ISIC_0029758,nv,HAM_0004314
0,0.16858923435211182,0,ham10000,ISIC_0029244,nv,HAM_0004315
0,0.15427221357822418,0,ham10000,ISIC_0025116,nv,HAM_0004316
0,0.4221377372741699,1,ham10000,ISIC_0025504,df,HAM_0004317
0,0.49465879797935486,1,ham10000,ISIC_0031678,nv,HAM_0004318
0,0.3147711753845215,1,ham10000,ISIC_0026686,nv,HAM_0004319
0,0.10941700637340546,0,ham10000,ISIC_0027901,nv,HAM_0004320
1,0.747857928276062,1,ham10000,ISIC_0033479,mel,HAM_0004321
0,0.1863250583410263,1,ham10000,ISIC_0027142,bkl,HAM_0004322
0,0.362025648355484,1,ham10000,ISIC_0028492,nv,HAM_0004323
0,0.5230186581611633,1,ham10000,ISIC_0029898,nv,HAM_0004324
0,0.4279508888721466,1,ham10000,ISIC_0031669,nv,HAM_0004325
1,0.4945942759513855,1,ham10000,ISIC_0030883,mel,HAM_0004326
0,0.5259667038917542,1,ham10000,ISIC_0030081,bkl,HAM_0004327
0,0.4622887372970581,1,ham10000,ISIC_0027164,nv,HAM_0004328
0,0.4154033064842224,1,ham10000,ISIC_0027866,nv,HAM_0004329
0,0.6759331822395325,1,ham10000,ISIC_0029760,df,HAM_0004330
0,0.7826339602470398,1,ham10000,ISIC_0032534,bkl,HAM_0004332
0,0.10758327692747116,0,ham10000,ISIC_0032259,nv,HAM_0004333
0,0.2960466742515564,1,ham10000,ISIC_0032077,nv,HAM_0004334
0,0.3748437762260437,1,ham10000,ISIC_0025187,nv,HAM_0004335
0,0.40555208921432495,1,ham10000,ISIC_0031760,nv,HAM_0004336
0,0.13614463806152344,0,ham10000,ISIC_0031981,nv,HAM_0004337
0,0.5067095756530762,1,ham10000,ISIC_0026523,bkl,HAM_0004338
0,0.31864696741104126,1,ham10000,ISIC_0026332,nv,HAM_0004339
0,0.2616496980190277,1,ham10000,ISIC_0024506,nv,HAM_0004340
0,0.4180659055709839,1,ham10000,ISIC_0031584,bkl,HAM_0004341
1,0.7178354859352112,1,ham10000,ISIC_0027976,bcc,HAM_0004342
0,0.478671669960022,1,ham10000,ISIC_0028343,bkl,HAM_0004343
0,0.28122901916503906,1,ham10000,ISIC_0032678,nv,HAM_0004344
0,0.3100644052028656,1,ham10000,ISIC_0033208,nv,HAM_0004345
0,0.21924443542957306,1,ham10000,ISIC_0033577,nv,HAM_0004346
0,0.35267940163612366,1,ham10000,ISIC_0033690,nv,HAM_0004347
0,0.39189574122428894,1,ham10000,ISIC_0033895,nv,HAM_0004348
0,0.30279475450515747,1,ham10000,ISIC_0033896,nv,HAM_0004349
0,0.41522833704948425,1,ham10000,ISIC_0033970,nv,HAM_0004350
0,0.20899029076099396,1,ham10000,ISIC_0034193,nv,HAM_0004351
0,0.16107384860515594,0,ham10000,ISIC_0034250,nv,HAM_0004352
0,0.2937442660331726,1,ham10000,ISIC_0029262,nv,HAM_0004353
1,0.5030341744422913,1,ham10000,ISIC_0026877,mel,HAM_0004354
0,0.12347443401813507,0,ham10000,ISIC_0030934,nv,HAM_0004355
0,0.452646404504776,1,ham10000,ISIC_0025214,nv,HAM_0004356
0,0.12529592216014862,0,ham10000,ISIC_0027985,nv,HAM_0004357
0,0.3684386610984802,1,ham10000,ISIC_0025393,nv,HAM_0004358
0,0.3376305103302002,1,ham10000,ISIC_0025087,nv,HAM_0004359
0,0.3654135763645172,1,ham10000,ISIC_0024857,nv,HAM_0004360
0,0.2661457359790802,1,ham10000,ISIC_0030515,nv,HAM_0004361
0,0.04943438619375229,0,ham10000,ISIC_0031873,nv,HAM_0004362
1,0.18239697813987732,1,ham10000,ISIC_0026857,akiec,HAM_0004363
1,0.5043644905090332,1,ham10000,ISIC_0026697,mel,HAM_0004364
1,0.537245512008667,1,ham10000,ISIC_0028719,bcc,HAM_0004365
0,0.41525131464004517,1,ham10000,ISIC_0030147,nv,HAM_0004366
0,0.5189171433448792,1,ham10000,ISIC_0033396,nv,HAM_0004367
0,0.36630338430404663,1,ham10000,ISIC_0030236,nv,HAM_0004368
0,0.31594428420066833,1,ham10000,ISIC_0025969,nv,HAM_0004369
0,0.4610399901866913,1,ham10000,ISIC_0024757,nv,HAM_0004370
0,0.6700454950332642,1,ham10000,ISIC_0027626,df,HAM_0004371
0,0.4431225657463074,1,ham10000,ISIC_0026964,nv,HAM_0004372
0,0.5181351900100708,1,ham10000,ISIC_0029014,bkl,HAM_0004373
0,0.2672472596168518,1,ham10000,ISIC_0030651,nv,HAM_0004374
0,0.5772360563278198,1,ham10000,ISIC_0033102,nv,HAM_0004375
1,0.46361157298088074,1,ham10000,ISIC_0024843,akiec,HAM_0004376
0,0.4903276562690735,1,ham10000,ISIC_0030561,bkl,HAM_0004377
0,0.36704230308532715,1,ham10000,ISIC_0025738,nv,HAM_0004378
0,0.37589535117149353,1,ham10000,ISIC_0031352,bkl,HAM_0004379
0,0.9590970277786255,1,ham10000,ISIC_0026251,nv,HAM_0004380
0,0.419737309217453,1,ham10000,ISIC_0027426,nv,HAM_0004381
0,0.6562685966491699,1,ham10000,ISIC_0025743,bkl,HAM_0004382
0,0.5556780695915222,1,ham10000,ISIC_0031261,bkl,HAM_0004383
1,0.49094027280807495,1,ham10000,ISIC_0029025,akiec,HAM_0004384
0,0.16205516457557678,0,ham10000,ISIC_0026310,nv,HAM_0004385
0,0.17885459959506989,1,ham10000,ISIC_0024766,nv,HAM_0004386
0,0.5223573446273804,1,ham10000,ISIC_0033132,nv,HAM_0004387
1,0.42954322695732117,1,ham10000,ISIC_0027135,bcc,HAM_0004388
0,0.5483355522155762,1,ham10000,ISIC_0028121,bkl,HAM_0004389
0,0.4275466799736023,1,ham10000,ISIC_0031210,nv,HAM_0004390
0,0.20140428841114044,1,ham10000,ISIC_0030290,nv,HAM_0004391
0,0.615134060382843,1,ham10000,ISIC_0033095,nv,HAM_0004392
0,0.38041454553604126,1,ham10000,ISIC_0029774,nv,HAM_0004393
0,0.30409806966781616,1,ham10000,ISIC_0025060,nv,HAM_0004394
0,0.3862866461277008,1,ham10000,ISIC_0025206,nv,HAM_0004395
0,0.4191947281360626,1,ham10000,ISIC_0028913,bkl,HAM_0004396
1,0.5922872424125671,1,ham10000,ISIC_0025589,mel,HAM_0004397
1,0.488147497177124,1,ham10000,ISIC_0025358,akiec,HAM_0004398
0,0.25589719414711,1,ham10000,ISIC_0028905,nv,HAM_0004399
0,0.5492832660675049,1,ham10000,ISIC_0030026,bkl,HAM_0004400
0,0.14704574644565582,0,ham10000,ISIC_0027817,nv,HAM_0004401
0,0.2581753432750702,1,ham10000,ISIC_0025397,nv,HAM_0004402
0,0.17488601803779602,1,ham10000,ISIC_0028006,nv,HAM_0004403
0,0.3522331416606903,1,ham10000,ISIC_0025822,nv,HAM_0004404
1,0.5955329537391663,1,ham10000,ISIC_0032532,mel,HAM_0004405
0,0.36912065744400024,1,ham10000,ISIC_0033060,bkl,HAM_0004406
0,0.11586174368858337,0,ham10000,ISIC_0024555,nv,HAM_0004407
0,0.34178054332733154,1,ham10000,ISIC_0026824,nv,HAM_0004408
0,0.12673558294773102,0,ham10000,ISIC_0027888,vasc,HAM_0004409
0,0.7243711948394775,1,ham10000,ISIC_0032342,nv,HAM_0004410
0,0.4599393904209137,1,ham10000,ISIC_0032524,nv,HAM_0004411
0,0.6201557517051697,1,ham10000,ISIC_0029531,nv,HAM_0004412
0,0.10557972639799118,0,ham10000,ISIC_0026068,vasc,HAM_0004413
0,0.33895617723464966,1,ham10000,ISIC_0030576,nv,HAM_0004414
0,0.17485180497169495,1,ham10000,ISIC_0024532,nv,HAM_0004415
0,0.2769456207752228,1,ham10000,ISIC_0027947,nv,HAM_0004416
0,0.29819488525390625,1,ham10000,ISIC_0028566,nv,HAM_0004417
0,0.6704491972923279,1,ham10000,ISIC_0026376,nv,HAM_0004418
0,0.17789769172668457,1,ham10000,ISIC_0031331,nv,HAM_0004419
1,0.5148752331733704,1,ham10000,ISIC_0024795,bcc,HAM_0004420
0,0.39634618163108826,1,ham10000,ISIC_0029481,nv,HAM_0004421
0,0.558109700679779,1,ham10000,ISIC_0027239,bkl,HAM_0004422
0,0.45186421275138855,1,ham10000,ISIC_0026737,bkl,HAM_0004423
0,0.47332701086997986,1,ham10000,ISIC_0033557,nv,HAM_0004424
0,0.08099548518657684,0,ham10000,ISIC_0025147,nv,HAM_0004425
0,0.426220178604126,1,ham10000,ISIC_0026378,bkl,HAM_0004426
1,0.615641713142395,1,ham10000,ISIC_0029092,mel,HAM_0004427
1,0.7614042162895203,1,ham10000,ISIC_0025317,mel,HAM_0004428
0,0.25610992312431335,1,ham10000,ISIC_0032789,nv,HAM_0004430
0,0.2103285789489746,1,ham10000,ISIC_0024335,nv,HAM_0004431
0,0.5163320899009705,1,ham10000,ISIC_0024529,nv,HAM_0004432
0,0.382486492395401,1,ham10000,ISIC_0029623,nv,HAM_0004433
0,0.32276859879493713,1,ham10000,ISIC_0024744,nv,HAM_0004434
1,0.6182785630226135,1,ham10000,ISIC_0032146,bcc,HAM_0004435
0,0.5162810683250427,1,ham10000,ISIC_0030042,nv,HAM_0004436
0,0.4477516710758209,1,ham10000,ISIC_0027316,nv,HAM_0004437
0,0.29949066042900085,1,ham10000,ISIC_0029712,nv,HAM_0004438
1,0.3453948199748993,1,ham10000,ISIC_0030986,akiec,HAM_0004439
1,0.6184988617897034,1,ham10000,ISIC_0027631,bcc,HAM_0004440
1,0.3209262192249298,1,ham10000,ISIC_0031852,akiec,HAM_0004441
0,0.7090819478034973,1,ham10000,ISIC_0033576,bkl,HAM_0004442
0,0.4386392831802368,1,ham10000,ISIC_0028758,nv,HAM_0004443
0,0.1884651780128479,1,ham10000,ISIC_0032769,nv,HAM_0004444
0,0.47191861271858215,1,ham10000,ISIC_0030551,nv,HAM_0004445
0,0.316888689994812,1,ham10000,ISIC_0031862,nv,HAM_0004446
0,0.6246646046638489,1,ham10000,ISIC_0031831,bkl,HAM_0004448
0,0.308948814868927,1,ham10000,ISIC_0032332,nv,HAM_0004449
0,0.534720778465271,1,ham10000,ISIC_0028868,nv,HAM_0004450
0,0.2806449830532074,1,ham10000,ISIC_0027992,nv,HAM_0004451
0,0.43356195092201233,1,ham10000,ISIC_0027381,nv,HAM_0004452
0,0.5431495904922485,1,ham10000,ISIC_0030677,bkl,HAM_0004453
0,0.09742002189159393,0,ham10000,ISIC_0029834,nv,HAM_0004454
0,0.46125948429107666,1,ham10000,ISIC_0027385,vasc,HAM_0004455
0,0.14760366082191467,0,ham10000,ISIC_0026306,nv,HAM_0004456
0,0.3856598138809204,1,ham10000,ISIC_0029485,nv,HAM_0004457
0,0.4721437394618988,1,ham10000,ISIC_0033453,bkl,HAM_0004458
0,0.24885183572769165,1,ham10000,ISIC_0029971,nv,HAM_0004459
0,0.406245619058609,1,ham10000,ISIC_0028784,nv,HAM_0004460
0,0.6167865991592407,1,ham10000,ISIC_0031817,nv,HAM_0004461
1,0.6343370079994202,1,ham10000,ISIC_0027334,akiec,HAM_0004462
0,0.4764958322048187,1,ham10000,ISIC_0027770,bkl,HAM_0004463
0,0.5668561458587646,1,ham10000,ISIC_0025720,nv,HAM_0004464
0,0.2557404339313507,1,ham10000,ISIC_0024500,nv,HAM_0004465
0,0.32735851407051086,1,ham10000,ISIC_0031396,bkl,HAM_0004466
0,0.3500083386898041,1,ham10000,ISIC_0027687,nv,HAM_0004467
0,0.2630326747894287,1,ham10000,ISIC_0030480,nv,HAM_0004468
0,0.09061344712972641,0,ham10000,ISIC_0025787,nv,HAM_0004469
0,0.23637360334396362,1,ham10000,ISIC_0028387,nv,HAM_0004470
0,0.34996622800827026,1,ham10000,ISIC_0027353,nv,HAM_0004471
1,0.667762279510498,1,ham10000,ISIC_0025368,akiec,HAM_0004472
0,0.3463916778564453,1,ham10000,ISIC_0027881,nv,HAM_0004473
0,0.07863643765449524,0,ham10000,ISIC_0030908,nv,HAM_0004474
0,0.36505693197250366,1,ham10000,ISIC_0029920,nv,HAM_0004475
1,0.46640250086784363,1,ham10000,ISIC_0030417,mel,HAM_0004476
0,0.2553040385246277,1,ham10000,ISIC_0026646,nv,HAM_0004477
0,0.4280621111392975,1,ham10000,ISIC_0026793,nv,HAM_0004478
0,0.42778322100639343,1,ham10000,ISIC_0025027,nv,HAM_0004479
1,0.5892741084098816,1,ham10000,ISIC_0032290,bcc,HAM_0004480
0,0.31197458505630493,1,ham10000,ISIC_0032391,nv,HAM_0004481
0,0.13957366347312927,0,ham10000,ISIC_0025449,nv,HAM_0004482
1,0.6501365303993225,1,ham10000,ISIC_0027487,mel,HAM_0004483
0,0.11219310015439987,0,ham10000,ISIC_0025124,nv,HAM_0004484
0,0.41486990451812744,1,ham10000,ISIC_0029814,nv,HAM_0004485
0,0.43500298261642456,1,ham10000,ISIC_0031448,nv,HAM_0004486
1,0.4661192297935486,1,ham10000,ISIC_0028989,bcc,HAM_0004487
0,0.32003918290138245,1,ham10000,ISIC_0030601,nv,HAM_0004488
0,0.4017255902290344,1,ham10000,ISIC_0031229,nv,HAM_0004489
0,0.21922890841960907,1,ham10000,ISIC_0031788,nv,HAM_0004490
0,0.4489554762840271,1,ham10000,ISIC_0025157,bkl,HAM_0004491
0,0.18135875463485718,1,ham10000,ISIC_0026026,nv,HAM_0004492
0,0.3460804224014282,1,ham10000,ISIC_0030325,nv,HAM_0004493
0,0.38120755553245544,1,ham10000,ISIC_0030458,bkl,HAM_0004494
1,0.44075578451156616,1,ham10000,ISIC_0024743,bcc,HAM_0004495
0,0.4403908848762512,1,ham10000,ISIC_0028651,df,HAM_0004496
0,0.055262938141822815,0,ham10000,ISIC_0025625,nv,HAM_0004497
0,0.19138385355472565,1,ham10000,ISIC_0025586,nv,HAM_0004498
0,0.375089555978775,1,ham10000,ISIC_0027331,nv,HAM_0004499
0,0.4298914074897766,1,ham10000,ISIC_0025032,bkl,HAM_0004500
0,0.44392988085746765,1,ham10000,ISIC_0028856,bkl,HAM_0004501
0,0.25322622060775757,1,ham10000,ISIC_0024541,nv,HAM_0004502
0,0.4795844256877899,1,ham10000,ISIC_0032735,nv,HAM_0004503
0,0.39182618260383606,1,ham10000,ISIC_0029415,nv,HAM_0004504
0,0.5267442464828491,1,ham10000,ISIC_0029369,nv,HAM_0004505
0,0.4550381004810333,1,ham10000,ISIC_0027320,bkl,HAM_0004506
1,0.4757894277572632,1,ham10000,ISIC_0024554,mel,HAM_0004507
0,0.25744158029556274,1,ham10000,ISIC_0033628,nv,HAM_0004508
0,0.1182153970003128,0,ham10000,ISIC_0028028,nv,HAM_0004509
0,0.16895656287670135,0,ham10000,ISIC_0031110,nv,HAM_0004510
1,0.5507446527481079,1,ham10000,ISIC_0024590,bcc,HAM_0004511
0,0.4492058753967285,1,ham10000,ISIC_0027977,nv,HAM_0004512
0,0.20157523453235626,1,ham10000,ISIC_0026011,nv,HAM_0004513
1,0.3746129870414734,1,ham10000,ISIC_0030690,bcc,HAM_0004514
1,0.34413421154022217,1,ham10000,ISIC_0029564,bcc,HAM_0004515
0,0.23585708439350128,1,ham10000,ISIC_0025775,nv,HAM_0004516
0,0.23574352264404297,1,ham10000,ISIC_0025359,nv,HAM_0004517
0,0.32182106375694275,1,ham10000,ISIC_0024578,nv,HAM_0004518
0,0.5078198909759521,1,ham10000,ISIC_0028230,nv,HAM_0004519
0,0.43576985597610474,1,ham10000,ISIC_0027259,nv,HAM_0004520
1,0.5260376930236816,1,ham10000,ISIC_0031413,bcc,HAM_0004521
1,0.6750586032867432,1,ham10000,ISIC_0028381,akiec,HAM_0004522
0,0.1778402477502823,1,ham10000,ISIC_0029984,nv,HAM_0004523
0,0.5539661645889282,1,ham10000,ISIC_0027406,nv,HAM_0004524
0,0.3175186812877655,1,ham10000,ISIC_0032106,nv,HAM_0004526
0,0.44106054306030273,1,ham10000,ISIC_0027638,nv,HAM_0004527
0,0.3834218978881836,1,ham10000,ISIC_0031969,nv,HAM_0004528
0,0.3963530659675598,1,ham10000,ISIC_0029245,nv,HAM_0004529
0,0.13883793354034424,0,ham10000,ISIC_0030667,nv,HAM_0004530
0,0.4705248475074768,1,ham10000,ISIC_0025799,bkl,HAM_0004531
0,0.60969078540802,1,ham10000,ISIC_0026706,nv,HAM_0004532
0,0.35260289907455444,1,ham10000,ISIC_0030871,nv,HAM_0004533
0,0.336006760597229,1,ham10000,ISIC_0024363,nv,HAM_0004534
0,0.37299707531929016,1,ham10000,ISIC_0024364,nv,HAM_0004535
1,0.5641995072364807,1,ham10000,ISIC_0025644,bcc,HAM_0004536
0,0.36933597922325134,1,ham10000,ISIC_0026361,nv,HAM_0004537
0,0.3995390236377716,1,ham10000,ISIC_0029273,nv,HAM_0004538
1,0.5264243483543396,1,ham10000,ISIC_0025617,bcc,HAM_0004539
0,0.23515178263187408,1,ham10000,ISIC_0027357,nv,HAM_0004540
0,0.17425537109375,0,ham10000,ISIC_0028838,nv,HAM_0004541
0,0.22587290406227112,1,ham10000,ISIC_0024402,vasc,HAM_0004542
0,0.32572659850120544,1,ham10000,ISIC_0032170,bkl,HAM_0004543
0,0.34893935918807983,1,ham10000,ISIC_0031099,nv,HAM_0004544
0,0.5149913430213928,1,ham10000,ISIC_0025985,bkl,HAM_0004545
0,0.33121374249458313,1,ham10000,ISIC_0026561,nv,HAM_0004546
1,0.4340074956417084,1,ham10000,ISIC_0031303,mel,HAM_0004547
0,0.42486295104026794,1,ham10000,ISIC_0032520,nv,HAM_0004548
0,0.1619710624217987,0,ham10000,ISIC_0031201,vasc,HAM_0004549
0,0.5228589773178101,1,ham10000,ISIC_0032728,nv,HAM_0004550
0,0.45537179708480835,1,ham10000,ISIC_0031763,nv,HAM_0004551
0,0.339328795671463,1,ham10000,ISIC_0027593,nv,HAM_0004552
0,0.3174630105495453,1,ham10000,ISIC_0028673,nv,HAM_0004553
0,0.35707780718803406,1,ham10000,ISIC_0026065,nv,HAM_0004554
0,0.6376310586929321,1,ham10000,ISIC_0033200,bkl,HAM_0004555
0,0.5886296629905701,1,ham10000,ISIC_0028123,bkl,HAM_0004556
0,0.06999340653419495,0,ham10000,ISIC_0032465,nv,HAM_0004557
1,0.634425938129425,1,ham10000,ISIC_0030341,akiec,HAM_0004558
1,0.44750702381134033,1,ham10000,ISIC_0028220,mel,HAM_0004559
0,0.3292718529701233,1,ham10000,ISIC_0030738,nv,HAM_0004560
0,0.26368698477745056,1,ham10000,ISIC_0024775,nv,HAM_0004561
0,0.35266804695129395,1,ham10000,ISIC_0031387,nv,HAM_0004562
1,0.6738440990447998,1,ham10000,ISIC_0031211,akiec,HAM_0004563
0,0.4636187255382538,1,ham10000,ISIC_0026761,nv,HAM_0004564
1,0.4733327329158783,1,ham10000,ISIC_0027561,mel,HAM_0004565
0,0.3464508652687073,1,ham10000,ISIC_0029394,bkl,HAM_0004566
0,0.5587339997291565,1,ham10000,ISIC_0027372,nv,HAM_0004567
1,0.5680486559867859,1,ham10000,ISIC_0024463,akiec,HAM_0004568
0,0.36048370599746704,1,ham10000,ISIC_0026104,bkl,HAM_0004569
0,0.4916025698184967,1,ham10000,ISIC_0030396,bkl,HAM_0004570
1,0.4746245741844177,1,ham10000,ISIC_0033578,mel,HAM_0004571
0,0.39054498076438904,1,ham10000,ISIC_0032868,nv,HAM_0004572
0,0.41114354133605957,1,ham10000,ISIC_0024849,nv,HAM_0004573
0,0.5373106002807617,1,ham10000,ISIC_0032566,nv,HAM_0004574
0,0.42378881573677063,1,ham10000,ISIC_0024789,nv,HAM_0004575
0,0.11148753762245178,0,ham10000,ISIC_0028738,nv,HAM_0004576
0,0.3477860689163208,1,ham10000,ISIC_0027134,nv,HAM_0004577
1,0.6901952028274536,1,ham10000,ISIC_0034239,mel,HAM_0004578
1,0.6931068897247314,1,ham10000,ISIC_0025603,mel,HAM_0004579
0,0.37779107689857483,1,ham10000,ISIC_0030872,nv,HAM_0004580
0,0.38444948196411133,1,ham10000,ISIC_0032539,nv,HAM_0004581
0,0.39266714453697205,1,ham10000,ISIC_0033875,nv,HAM_0004582
0,0.3222934305667877,1,ham10000,ISIC_0034200,nv,HAM_0004583
0,0.4334385395050049,1,ham10000,ISIC_0034249,nv,HAM_0004584
0,0.2996376156806946,1,ham10000,ISIC_0032881,nv,HAM_0004585
0,0.3577122390270233,1,ham10000,ISIC_0033329,nv,HAM_0004586
0,0.2736774682998657,1,ham10000,ISIC_0034181,nv,HAM_0004587
0,0.20068101584911346,1,ham10000,ISIC_0033277,nv,HAM_0004588
0,0.18094325065612793,1,ham10000,ISIC_0033197,nv,HAM_0004589
0,0.32815778255462646,1,ham10000,ISIC_0032824,nv,HAM_0004590
0,0.2926277220249176,1,ham10000,ISIC_0027743,nv,HAM_0004591
1,0.470745325088501,1,ham10000,ISIC_0029141,akiec,HAM_0004592
1,0.46350714564323425,1,ham10000,ISIC_0024900,mel,HAM_0004593
0,0.34434714913368225,1,ham10000,ISIC_0032418,nv,HAM_0004594
0,0.15504485368728638,0,ham10000,ISIC_0027844,nv,HAM_0004595
1,0.4274924695491791,1,ham10000,ISIC_0027187,mel,HAM_0004596
0,0.09896837174892426,0,ham10000,ISIC_0027050,nv,HAM_0004597
0,0.19717685878276825,1,ham10000,ISIC_0030345,nv,HAM_0004598
0,0.5376367568969727,1,ham10000,ISIC_0033861,nv,HAM_0004599
0,0.43229854106903076,1,ham10000,ISIC_0028464,nv,HAM_0004600
0,0.2459157407283783,1,ham10000,ISIC_0028443,nv,HAM_0004601
0,0.11034839600324631,0,ham10000,ISIC_0031240,nv,HAM_0004602
1,0.8872299194335938,1,ham10000,ISIC_0025793,bcc,HAM_0004603
0,0.5651776790618896,1,ham10000,ISIC_0027133,nv,HAM_0004604
0,0.3208048641681671,1,ham10000,ISIC_0032267,nv,HAM_0004605
0,0.369362473487854,1,ham10000,ISIC_0027273,nv,HAM_0004606
1,0.46774354577064514,1,ham10000,ISIC_0026150,mel,HAM_0004607
0,0.4060625731945038,1,ham10000,ISIC_0028979,nv,HAM_0004608
1,0.7947690486907959,1,ham10000,ISIC_0024710,akiec,HAM_0004609
0,0.31426897644996643,1,ham10000,ISIC_0025042,nv,HAM_0004610
0,0.35395166277885437,1,ham10000,ISIC_0027716,nv,HAM_0004611
0,0.055670805275440216,0,ham10000,ISIC_0031333,nv,HAM_0004612
0,0.1645413637161255,0,ham10000,ISIC_0031938,nv,HAM_0004613
0,0.4989570677280426,1,ham10000,ISIC_0030151,nv,HAM_0004614
0,0.27561384439468384,1,ham10000,ISIC_0032815,nv,HAM_0004615
0,0.34351280331611633,1,ham10000,ISIC_0030084,nv,HAM_0004616
0,0.25201284885406494,1,ham10000,ISIC_0025664,nv,HAM_0004619
1,0.6175205111503601,1,ham10000,ISIC_0033122,mel,HAM_0004620
1,0.5795363783836365,1,ham10000,ISIC_0025818,bcc,HAM_0004621
1,0.42763805389404297,1,ham10000,ISIC_0028666,mel,HAM_0004622
0,0.3576456308364868,1,ham10000,ISIC_0024746,nv,HAM_0004623
1,0.5861021280288696,1,ham10000,ISIC_0028329,bcc,HAM_0004624
0,0.23361945152282715,1,ham10000,ISIC_0029346,nv,HAM_0004625
0,0.2440362125635147,1,ham10000,ISIC_0026904,nv,HAM_0004626
1,0.5077327489852905,1,ham10000,ISIC_0029974,bcc,HAM_0004627
0,0.3022504448890686,1,ham10000,ISIC_0027405,nv,HAM_0004628
0,0.4775226414203644,1,ham10000,ISIC_0027019,nv,HAM_0004629
0,0.6242043972015381,1,ham10000,ISIC_0025292,bkl,HAM_0004630
0,0.271146297454834,1,ham10000,ISIC_0032473,nv,HAM_0004631
0,0.44747859239578247,1,ham10000,ISIC_0024382,bkl,HAM_0004632
0,0.30262693762779236,1,ham10000,ISIC_0025772,nv,HAM_0004633
0,0.48799699544906616,1,ham10000,ISIC_0032454,nv,HAM_0004634
1,0.3610808849334717,1,ham10000,ISIC_0029541,akiec,HAM_0004636
1,0.4526136815547943,1,ham10000,ISIC_0032036,mel,HAM_0004637
0,0.3534528613090515,1,ham10000,ISIC_0029344,nv,HAM_0004638
0,0.35076677799224854,1,ham10000,ISIC_0025635,nv,HAM_0004639
0,0.3682510256767273,1,ham10000,ISIC_0031834,nv,HAM_0004640
0,0.6011911630630493,1,ham10000,ISIC_0025099,bkl,HAM_0004641
1,0.5893858075141907,1,ham10000,ISIC_0025121,mel,HAM_0004642
1,0.6144740581512451,1,ham10000,ISIC_0029651,mel,HAM_0004643
0,0.3352932929992676,1,ham10000,ISIC_0031232,nv,HAM_0004644
0,0.15125307440757751,0,ham10000,ISIC_0030028,nv,HAM_0004645
0,0.6334645748138428,1,ham10000,ISIC_0029140,nv,HAM_0004646
0,0.48893722891807556,1,ham10000,ISIC_0025639,nv,HAM_0004647
0,0.5513795614242554,1,ham10000,ISIC_0025911,df,HAM_0004648
0,0.22561714053153992,1,ham10000,ISIC_0031373,nv,HAM_0004649
0,0.1996830254793167,1,ham10000,ISIC_0028149,nv,HAM_0004650
1,0.4450015127658844,1,ham10000,ISIC_0027328,mel,HAM_0004651
0,0.4165128171443939,1,ham10000,ISIC_0024583,nv,HAM_0004652
0,0.10997036099433899,0,ham10000,ISIC_0028431,vasc,HAM_0004653
1,0.523395299911499,1,ham10000,ISIC_0027130,mel,HAM_0004654
1,0.3839187026023865,1,ham10000,ISIC_0030463,akiec,HAM_0004655
0,0.46122321486473083,1,ham10000,ISIC_0027475,nv,HAM_0004656
0,0.37648308277130127,1,ham10000,ISIC_0024369,nv,HAM_0004657
0,0.48597797751426697,1,ham10000,ISIC_0031478,nv,HAM_0004658
0,0.11933474242687225,0,ham10000,ISIC_0027993,nv,HAM_0004659
0,0.5127789974212646,1,ham10000,ISIC_0027504,bkl,HAM_0004660
0,0.3686988055706024,1,ham10000,ISIC_0026808,nv,HAM_0004661
1,0.5235552191734314,1,ham10000,ISIC_0024331,bcc,HAM_0004662
0,0.4816376566886902,1,ham10000,ISIC_0025809,nv,HAM_0004663
0,0.530133068561554,1,ham10000,ISIC_0027566,nv,HAM_0004664
0,0.1846504658460617,1,ham10000,ISIC_0030990,nv,HAM_0004665
0,0.5277155637741089,1,ham10000,ISIC_0029165,nv,HAM_0004666
0,0.36462366580963135,1,ham10000,ISIC_0031317,nv,HAM_0004667
0,0.16871686279773712,0,ham10000,ISIC_0027272,nv,HAM_0004668
1,0.5663668513298035,1,ham10000,ISIC_0028543,mel,HAM_0004669
0,0.3233528435230255,1,ham10000,ISIC_0033190,nv,HAM_0004670
0,0.3917182981967926,1,ham10000,ISIC_0026013,nv,HAM_0004671
0,0.20229294896125793,1,ham10000,ISIC_0026550,nv,HAM_0004672
0,0.45862212777137756,1,ham10000,ISIC_0027455,bkl,HAM_0004673
0,0.5428438186645508,1,ham10000,ISIC_0027252,nv,HAM_0004674
0,0.36537396907806396,1,ham10000,ISIC_0031411,nv,HAM_0004675
1,0.440620094537735,1,ham10000,ISIC_0026247,mel,HAM_0004676
0,0.6651472449302673,1,ham10000,ISIC_0027680,bkl,HAM_0004677
0,0.2219562828540802,1,ham10000,ISIC_0025952,nv,HAM_0004678
0,0.22761927545070648,1,ham10000,ISIC_0030985,nv,HAM_0004679
0,0.2574702501296997,1,ham10000,ISIC_0024876,nv,HAM_0004680
0,0.5527914762496948,1,ham10000,ISIC_0031919,nv,HAM_0004681
0,0.0682145357131958,0,ham10000,ISIC_0028474,nv,HAM_0004682
0,0.28752076625823975,1,ham10000,ISIC_0026079,nv,HAM_0004683
0,0.2372836172580719,1,ham10000,ISIC_0028394,nv,HAM_0004684
1,0.80502849817276,1,ham10000,ISIC_0030767,bcc,HAM_0004685
0,0.26610636711120605,1,ham10000,ISIC_0028574,nv,HAM_0004686
1,0.6852592825889587,1,ham10000,ISIC_0032938,mel,HAM_0004687
0,0.2884367108345032,1,ham10000,ISIC_0032000,nv,HAM_0004688
0,0.33300474286079407,1,ham10000,ISIC_0029158,nv,HAM_0004689
0,0.47831544280052185,1,ham10000,ISIC_0027374,bkl,HAM_0004690
0,0.466928094625473,1,ham10000,ISIC_0025805,bkl,HAM_0004691
0,0.284070760011673,1,ham10000,ISIC_0030734,nv,HAM_0004692
0,0.12582898139953613,0,ham10000,ISIC_0025283,nv,HAM_0004693
0,0.6111367344856262,1,ham10000,ISIC_0028611,bkl,HAM_0004695
0,0.7142362594604492,1,ham10000,ISIC_0024881,bkl,HAM_0004696
0,0.1401222199201584,0,ham10000,ISIC_0026856,nv,HAM_0004697
0,0.24589094519615173,1,ham10000,ISIC_0030127,nv,HAM_0004698
0,0.5763704180717468,1,ham10000,ISIC_0027497,nv,HAM_0004699
0,0.09557316452264786,0,ham10000,ISIC_0024727,nv,HAM_0004700
0,0.4990026652812958,1,ham10000,ISIC_0032243,nv,HAM_0004701
0,0.17240111529827118,0,ham10000,ISIC_0028462,nv,HAM_0004702
0,0.48976626992225647,1,ham10000,ISIC_0028658,nv,HAM_0004703
0,0.38276809453964233,1,ham10000,ISIC_0026093,nv,HAM_0004704
0,0.6951903700828552,1,ham10000,ISIC_0034260,nv,HAM_0004705
0,0.5397131443023682,1,ham10000,ISIC_0033308,nv,HAM_0004706
0,0.12526348233222961,0,ham10000,ISIC_0029386,nv,HAM_0004707
0,0.409592866897583,1,ham10000,ISIC_0033561,nv,HAM_0004708
1,0.6001743674278259,1,ham10000,ISIC_0026558,mel,HAM_0004709
0,0.42071041464805603,1,ham10000,ISIC_0028270,nv,HAM_0004710
1,0.5092272758483887,1,ham10000,ISIC_0028197,bcc,HAM_0004711
0,0.28268036246299744,1,ham10000,ISIC_0030101,nv,HAM_0004712
0,0.5091356635093689,1,ham10000,ISIC_0031125,bkl,HAM_0004713
0,0.3323344886302948,1,ham10000,ISIC_0032651,nv,HAM_0004714
0,0.40568187832832336,1,ham10000,ISIC_0030494,nv,HAM_0004715
0,0.34410640597343445,1,ham10000,ISIC_0032729,nv,HAM_0004716
0,0.44000816345214844,1,ham10000,ISIC_0025227,nv,HAM_0004717
0,0.3153873085975647,1,ham10000,ISIC_0027589,nv,HAM_0004718
0,0.5305265188217163,1,ham10000,ISIC_0029276,nv,HAM_0004719
1,0.5732213854789734,1,ham10000,ISIC_0027277,mel,HAM_0004720
0,0.37331926822662354,1,ham10000,ISIC_0032234,nv,HAM_0004721
1,0.6048299670219421,1,ham10000,ISIC_0024575,akiec,HAM_0004722
0,0.350797176361084,1,ham10000,ISIC_0032413,nv,HAM_0004723
0,0.6760852336883545,1,ham10000,ISIC_0024924,nv,HAM_0004724
0,0.452685683965683,1,ham10000,ISIC_0032507,nv,HAM_0004725
0,0.4060702919960022,1,ham10000,ISIC_0027579,nv,HAM_0004726
0,0.19508413970470428,1,ham10000,ISIC_0028250,nv,HAM_0004727
0,0.4459238052368164,1,ham10000,ISIC_0026779,nv,HAM_0004728
0,0.4464149475097656,1,ham10000,ISIC_0026198,nv,HAM_0004729
0,0.34842541813850403,1,ham10000,ISIC_0032297,nv,HAM_0004730
0,0.3979414105415344,1,ham10000,ISIC_0031248,nv,HAM_0004731
0,0.37276002764701843,1,ham10000,ISIC_0024858,nv,HAM_0004732
0,0.2732541263103485,1,ham10000,ISIC_0027565,nv,HAM_0004733
0,0.35002732276916504,1,ham10000,ISIC_0026396,nv,HAM_0004734
0,0.4170701205730438,1,ham10000,ISIC_0030000,nv,HAM_0004735
0,0.34997090697288513,1,ham10000,ISIC_0031990,nv,HAM_0004736
0,0.3792358636856079,1,ham10000,ISIC_0027221,nv,HAM_0004737
0,0.5943563580513,1,ham10000,ISIC_0027512,nv,HAM_0004738
1,0.7726041674613953,1,ham10000,ISIC_0025234,mel,HAM_0004739
0,0.3487682044506073,1,ham10000,ISIC_0024992,nv,HAM_0004740
0,0.22596605122089386,1,ham10000,ISIC_0031687,nv,HAM_0004741
0,0.1863182932138443,1,ham10000,ISIC_0028338,nv,HAM_0004742
0,0.4149129092693329,1,ham10000,ISIC_0024692,nv,HAM_0004744
0,0.40310829877853394,1,ham10000,ISIC_0028004,nv,HAM_0004745
1,0.4284766614437103,1,ham10000,ISIC_0028764,mel,HAM_0004746
0,0.38395559787750244,1,ham10000,ISIC_0031435,nv,HAM_0004747
0,0.3902086913585663,1,ham10000,ISIC_0027513,bkl,HAM_0004748
0,0.469315767288208,1,ham10000,ISIC_0024543,nv,HAM_0004749
0,0.3034572899341583,1,ham10000,ISIC_0029266,nv,HAM_0004750
0,0.1882450133562088,1,ham10000,ISIC_0026776,nv,HAM_0004751
0,0.09893292933702469,0,ham10000,ISIC_0028549,nv,HAM_0004752
0,0.4468517601490021,1,ham10000,ISIC_0031884,nv,HAM_0004753
1,0.6756420135498047,1,ham10000,ISIC_0032790,mel,HAM_0004754
0,0.26569664478302,1,ham10000,ISIC_0029151,nv,HAM_0004755
0,0.5609877705574036,1,ham10000,ISIC_0029248,df,HAM_0004756
0,0.2231350988149643,1,ham10000,ISIC_0025607,nv,HAM_0004757
0,0.1905565857887268,1,ham10000,ISIC_0028491,nv,HAM_0004758
0,0.20003445446491241,1,ham10000,ISIC_0030467,nv,HAM_0004759
0,0.4517058730125427,1,ham10000,ISIC_0026826,nv,HAM_0004761
0,0.5285908579826355,1,ham10000,ISIC_0026080,nv,HAM_0004762
0,0.5277072191238403,1,ham10000,ISIC_0024891,nv,HAM_0004763
0,0.31180500984191895,1,ham10000,ISIC_0025270,nv,HAM_0004764
0,0.41732436418533325,1,ham10000,ISIC_0025599,vasc,HAM_0004765
0,0.6019226908683777,1,ham10000,ISIC_0030462,nv,HAM_0004766
1,0.4409641921520233,1,ham10000,ISIC_0025531,mel,HAM_0004767
0,0.48078566789627075,1,ham10000,ISIC_0024408,bkl,HAM_0004768
0,0.34010300040245056,1,ham10000,ISIC_0025250,vasc,HAM_0004769
0,0.37826624512672424,1,ham10000,ISIC_0032495,nv,HAM_0004770
0,0.2920544147491455,1,ham10000,ISIC_0024622,nv,HAM_0004771
0,0.3446716070175171,1,ham10000,ISIC_0027223,nv,HAM_0004772
0,0.691932201385498,1,ham10000,ISIC_0032853,nv,HAM_0004773
0,0.1886913925409317,1,ham10000,ISIC_0031497,nv,HAM_0004774
0,0.2869356870651245,1,ham10000,ISIC_0027293,nv,HAM_0004775
0,0.7492417693138123,1,ham10000,ISIC_0032545,vasc,HAM_0004776
0,0.44889771938323975,1,ham10000,ISIC_0026749,nv,HAM_0004777
0,0.36758261919021606,1,ham10000,ISIC_0028432,nv,HAM_0004778
1,0.5619496703147888,1,ham10000,ISIC_0024823,mel,HAM_0004779
1,0.5842161774635315,1,ham10000,ISIC_0029315,akiec,HAM_0004780
0,0.41792038083076477,1,ham10000,ISIC_0025025,nv,HAM_0004781
0,0.41825518012046814,1,ham10000,ISIC_0026264,nv,HAM_0004782
0,0.3044474422931671,1,ham10000,ISIC_0025671,nv,HAM_0004783
1,0.49536746740341187,1,ham10000,ISIC_0027872,mel,HAM_0004784
0,0.38762450218200684,1,ham10000,ISIC_0030788,nv,HAM_0004785
0,0.30659839510917664,1,ham10000,ISIC_0029751,nv,HAM_0004786
0,0.5097247362136841,1,ham10000,ISIC_0029566,nv,HAM_0004787
0,0.6981458067893982,1,ham10000,ISIC_0032835,bkl,HAM_0004788
0,0.3884267807006836,1,ham10000,ISIC_0031652,nv,HAM_0004789
0,0.3425210118293762,1,ham10000,ISIC_0030902,nv,HAM_0004790
0,0.7749986052513123,1,ham10000,ISIC_0032538,vasc,HAM_0004791
0,0.22780510783195496,1,ham10000,ISIC_0031604,nv,HAM_0004792
0,0.3370804488658905,1,ham10000,ISIC_0028102,nv,HAM_0004793
0,0.2125747948884964,1,ham10000,ISIC_0027481,nv,HAM_0004794
0,0.26929008960723877,1,ham10000,ISIC_0026595,nv,HAM_0004795
0,0.4823129177093506,1,ham10000,ISIC_0032143,nv,HAM_0004796
0,0.2890840470790863,1,ham10000,ISIC_0024895,nv,HAM_0004797
0,0.2985862195491791,1,ham10000,ISIC_0029103,nv,HAM_0004798
0,0.09960322082042694,0,ham10000,ISIC_0030807,nv,HAM_0004799
0,0.2849385142326355,1,ham10000,ISIC_0029620,nv,HAM_0004800
0,0.4128696918487549,1,ham10000,ISIC_0030365,bkl,HAM_0004801
0,0.5488707423210144,1,ham10000,ISIC_0024596,nv,HAM_0004802
0,0.5389928817749023,1,ham10000,ISIC_0030880,nv,HAM_0004803
0,0.4257226586341858,1,ham10000,ISIC_0030497,nv,HAM_0004804
0,0.1822957694530487,1,ham10000,ISIC_0028641,nv,HAM_0004805
0,0.5298680663108826,1,ham10000,ISIC_0031031,nv,HAM_0004806
0,0.5282753109931946,1,ham10000,ISIC_0030124,bkl,HAM_0004807
0,0.28324469923973083,1,ham10000,ISIC_0029078,nv,HAM_0004808
1,0.6401296257972717,1,ham10000,ISIC_0029840,akiec,HAM_0004809
0,0.4205751121044159,1,ham10000,ISIC_0030220,nv,HAM_0004810
1,0.7072837948799133,1,ham10000,ISIC_0032602,mel,HAM_0004811
0,0.23399493098258972,1,ham10000,ISIC_0025682,nv,HAM_0004812
1,0.5751087069511414,1,ham10000,ISIC_0027063,mel,HAM_0004813
0,0.6341284513473511,1,ham10000,ISIC_0032702,nv,HAM_0004814
0,0.3120120167732239,1,ham10000,ISIC_0031342,nv,HAM_0004815
0,0.3542146384716034,1,ham10000,ISIC_0031608,nv,HAM_0004816
1,0.5862245559692383,1,ham10000,ISIC_0025238,mel,HAM_0004817
0,0.25844448804855347,1,ham10000,ISIC_0030736,nv,HAM_0004818
0,0.4132830500602722,1,ham10000,ISIC_0028975,nv,HAM_0004819
0,0.7648910880088806,1,ham10000,ISIC_0030722,vasc,HAM_0004820
0,0.07313378155231476,0,ham10000,ISIC_0031885,nv,HAM_0004821
0,0.38712525367736816,1,ham10000,ISIC_0029788,nv,HAM_0004822
0,0.3988926112651825,1,ham10000,ISIC_0032108,nv,HAM_0004823
0,0.37805888056755066,1,ham10000,ISIC_0026698,nv,HAM_0004824
0,0.27294912934303284,1,ham10000,ISIC_0028152,nv,HAM_0004825
0,0.15305835008621216,0,ham10000,ISIC_0027564,nv,HAM_0004826
1,0.3304656744003296,1,ham10000,ISIC_0027819,bcc,HAM_0004827
0,0.3439110517501831,1,ham10000,ISIC_0028848,nv,HAM_0004828
0,0.41655629873275757,1,ham10000,ISIC_0032595,nv,HAM_0004829
0,0.44704753160476685,1,ham10000,ISIC_0027248,nv,HAM_0004830
1,0.5246686339378357,1,ham10000,ISIC_0025144,bcc,HAM_0004831
0,0.6454751491546631,1,ham10000,ISIC_0024709,bkl,HAM_0004832
0,0.5045381784439087,1,ham10000,ISIC_0026133,nv,HAM_0004833
0,0.48788949847221375,1,ham10000,ISIC_0025328,nv,HAM_0004834
0,0.291201651096344,1,ham10000,ISIC_0031809,nv,HAM_0004835
0,0.3974885642528534,1,ham10000,ISIC_0025533,nv,HAM_0004836
0,0.24361580610275269,1,ham10000,ISIC_0030735,nv,HAM_0004837
0,0.46474865078926086,1,ham10000,ISIC_0030869,nv,HAM_0004838
0,0.3908149003982544,1,ham10000,ISIC_0024599,nv,HAM_0004839
0,0.3563009798526764,1,ham10000,ISIC_0025273,nv,HAM_0004840
0,0.27501314878463745,1,ham10000,ISIC_0028694,nv,HAM_0004841
0,0.3468325138092041,1,ham10000,ISIC_0026854,nv,HAM_0004842
0,0.35544222593307495,1,ham10000,ISIC_0031280,nv,HAM_0004843
1,0.5701848268508911,1,ham10000,ISIC_0033394,mel,HAM_0004844
0,0.2878116965293884,1,ham10000,ISIC_0026486,nv,HAM_0004845
1,0.40567219257354736,1,ham10000,ISIC_0026411,akiec,HAM_0004846
0,0.3957960605621338,1,ham10000,ISIC_0030906,nv,HAM_0004847
1,0.3825090825557709,1,ham10000,ISIC_0032727,bcc,HAM_0004848
1,0.6367357969284058,1,ham10000,ISIC_0032991,bcc,HAM_0004849
1,0.5930563807487488,1,ham10000,ISIC_0026438,mel,HAM_0004850
0,0.3102967143058777,1,ham10000,ISIC_0031219,nv,HAM_0004851
0,0.47423359751701355,1,ham10000,ISIC_0028774,bkl,HAM_0004852
1,0.7256960272789001,1,ham10000,ISIC_0030333,mel,HAM_0004853
0,0.27698299288749695,1,ham10000,ISIC_0033078,nv,HAM_0004854
0,0.3275582790374756,1,ham10000,ISIC_0026642,nv,HAM_0004855
0,0.4185061752796173,1,ham10000,ISIC_0026299,nv,HAM_0004856
0,0.399213969707489,1,ham10000,ISIC_0029038,nv,HAM_0004857
0,0.32050108909606934,1,ham10000,ISIC_0032239,nv,HAM_0004858
1,0.4848373830318451,1,ham10000,ISIC_0033653,mel,HAM_0004859
0,0.3828527331352234,1,ham10000,ISIC_0031732,nv,HAM_0004860
0,0.3223484754562378,1,ham10000,ISIC_0031153,nv,HAM_0004861
0,0.13363762199878693,0,ham10000,ISIC_0032057,vasc,HAM_0004862
0,0.3892431855201721,1,ham10000,ISIC_0024945,nv,HAM_0004863
0,0.6934880614280701,1,ham10000,ISIC_0024682,nv,HAM_0004864
0,0.035545967519283295,0,ham10000,ISIC_0028157,nv,HAM_0004865
0,0.5443839430809021,1,ham10000,ISIC_0032184,nv,HAM_0004866
0,0.44128623604774475,1,ham10000,ISIC_0031538,nv,HAM_0004868
0,0.5170360803604126,1,ham10000,ISIC_0025370,nv,HAM_0004869
0,0.2769719064235687,1,ham10000,ISIC_0024751,nv,HAM_0004870
1,0.7238602042198181,1,ham10000,ISIC_0030261,bcc,HAM_0004871
0,0.46624618768692017,1,ham10000,ISIC_0033202,nv,HAM_0004872
1,0.766064465045929,1,ham10000,ISIC_0029020,bcc,HAM_0004873
0,0.18416085839271545,1,ham10000,ISIC_0032160,nv,HAM_0004874
0,0.3536786437034607,1,ham10000,ISIC_0028268,nv,HAM_0004875
0,0.45591360330581665,1,ham10000,ISIC_0029356,nv,HAM_0004876
0,0.6022345423698425,1,ham10000,ISIC_0027159,vasc,HAM_0004877
1,0.509892463684082,1,ham10000,ISIC_0026802,mel,HAM_0004878
0,0.36297711730003357,1,ham10000,ISIC_0032419,nv,HAM_0004879
1,0.6263775825500488,1,ham10000,ISIC_0028583,bcc,HAM_0004880
1,0.7626039981842041,1,ham10000,ISIC_0032913,mel,HAM_0004881
0,0.455605685710907,1,ham10000,ISIC_0033357,nv,HAM_0004882
0,0.7628136277198792,1,ham10000,ISIC_0030436,bkl,HAM_0004883
0,0.4858770966529846,1,ham10000,ISIC_0025937,bkl,HAM_0004884
0,0.34590667486190796,1,ham10000,ISIC_0030570,nv,HAM_0004885
0,0.34329360723495483,1,ham10000,ISIC_0027112,nv,HAM_0004886
0,0.16202495992183685,0,ham10000,ISIC_0024717,nv,HAM_0004887
1,0.4431559443473816,1,ham10000,ISIC_0030107,mel,HAM_0004888
0,0.5779485106468201,1,ham10000,ISIC_0026714,bkl,HAM_0004889
0,0.34751075506210327,1,ham10000,ISIC_0028054,nv,HAM_0004890
0,0.23213626444339752,1,ham10000,ISIC_0027943,nv,HAM_0004891
0,0.37265893816947937,1,ham10000,ISIC_0025228,nv,HAM_0004892
0,0.4321293830871582,1,ham10000,ISIC_0031906,nv,HAM_0004893
0,0.2021557241678238,1,ham10000,ISIC_0030643,nv,HAM_0004894
0,0.09452025592327118,0,ham10000,ISIC_0024753,nv,HAM_0004895
0,0.1932893842458725,1,ham10000,ISIC_0025369,nv,HAM_0004896
0,0.3737151026725769,1,ham10000,ISIC_0024352,nv,HAM_0004897
1,0.3210107386112213,1,ham10000,ISIC_0024932,mel,HAM_0004898
1,0.4250406324863434,1,ham10000,ISIC_0027930,akiec,HAM_0004899
0,0.2304905652999878,1,ham10000,ISIC_0027860,nv,HAM_0004900
0,0.38037315011024475,1,ham10000,ISIC_0025361,nv,HAM_0004901
0,0.37119489908218384,1,ham10000,ISIC_0030823,nv,HAM_0004902
0,0.386644572019577,1,ham10000,ISIC_0025604,nv,HAM_0004903
0,0.40477901697158813,1,ham10000,ISIC_0032381,nv,HAM_0004904
0,0.5022215843200684,1,ham10000,ISIC_0027162,bkl,HAM_0004905
0,0.23547139763832092,1,ham10000,ISIC_0028522,nv,HAM_0004906
0,0.31000158190727234,1,ham10000,ISIC_0026001,nv,HAM_0004907
0,0.4405129849910736,1,ham10000,ISIC_0028710,bkl,HAM_0004908
0,0.27232038974761963,1,ham10000,ISIC_0025118,nv,HAM_0004909
1,0.5514708757400513,1,ham10000,ISIC_0026115,mel,HAM_0004910
0,0.3248269855976105,1,ham10000,ISIC_0030860,nv,HAM_0004911
0,0.41941648721694946,1,ham10000,ISIC_0025753,bkl,HAM_0004912
0,0.40366441011428833,1,ham10000,ISIC_0025770,nv,HAM_0004913
1,0.4533638060092926,1,ham10000,ISIC_0034062,mel,HAM_0004914
0,0.28612664341926575,1,ham10000,ISIC_0025272,nv,HAM_0004915
0,0.18276801705360413,1,ham10000,ISIC_0026010,nv,HAM_0004916
0,0.5764814615249634,1,ham10000,ISIC_0026301,bkl,HAM_0004917
0,0.343887597322464,1,ham10000,ISIC_0026317,nv,HAM_0004918
0,0.4785071313381195,1,ham10000,ISIC_0025226,nv,HAM_0004919
0,0.11796949803829193,0,ham10000,ISIC_0030983,nv,HAM_0004920
0,0.4147661030292511,1,ham10000,ISIC_0025389,bkl,HAM_0004921
0,0.4256246089935303,1,ham10000,ISIC_0027108,nv,HAM_0004922
0,0.6126147508621216,1,ham10000,ISIC_0030444,nv,HAM_0004923
0,0.33139821887016296,1,ham10000,ISIC_0027040,nv,HAM_0004924
0,0.3586832284927368,1,ham10000,ISIC_0024873,nv,HAM_0004925
0,0.21822701394557953,1,ham10000,ISIC_0024785,nv,HAM_0004926
1,0.7579596638679504,1,ham10000,ISIC_0032921,mel,HAM_0004927
0,0.371365487575531,1,ham10000,ISIC_0029770,bkl,HAM_0004928
0,0.27109041810035706,1,ham10000,ISIC_0029044,nv,HAM_0004929
0,0.2203911393880844,1,ham10000,ISIC_0026428,nv,HAM_0004931
0,0.032250069081783295,0,ham10000,ISIC_0032212,nv,HAM_0004932
0,0.4495413899421692,1,ham10000,ISIC_0025558,nv,HAM_0004933
0,0.370091050863266,1,ham10000,ISIC_0030629,nv,HAM_0004935
1,0.5335958003997803,1,ham10000,ISIC_0025573,mel,HAM_0004936
1,0.7541220784187317,1,ham10000,ISIC_0026988,bcc,HAM_0004937
0,0.20592211186885834,1,ham10000,ISIC_0027214,nv,HAM_0004938
0,0.3873063325881958,1,ham10000,ISIC_0026521,nv,HAM_0004939
1,0.3779061436653137,1,ham10000,ISIC_0026970,bcc,HAM_0004940
0,0.3343755006790161,1,ham10000,ISIC_0027121,nv,HAM_0004941
0,0.6007071137428284,1,ham10000,ISIC_0028202,nv,HAM_0004942
0,0.6148401498794556,1,ham10000,ISIC_0027790,vasc,HAM_0004943
0,0.4274410605430603,1,ham10000,ISIC_0030559,nv,HAM_0004944
0,0.595837414264679,1,ham10000,ISIC_0029358,bkl,HAM_0004945
0,0.43415170907974243,1,ham10000,ISIC_0030425,nv,HAM_0004946
0,0.6329628825187683,1,ham10000,ISIC_0024711,bkl,HAM_0004947
0,0.05494144931435585,0,ham10000,ISIC_0025736,nv,HAM_0004948
1,0.47806453704833984,1,ham10000,ISIC_0032981,mel,HAM_0004949
0,0.2943460941314697,1,ham10000,ISIC_0031878,nv,HAM_0004950
0,0.37221184372901917,1,ham10000,ISIC_0026339,nv,HAM_0004951
0,0.2767018675804138,1,ham10000,ISIC_0028111,nv,HAM_0004952
0,0.5082710385322571,1,ham10000,ISIC_0030156,nv,HAM_0004954
0,0.3260621428489685,1,ham10000,ISIC_0027128,nv,HAM_0004955
0,0.4486176371574402,1,ham10000,ISIC_0030810,nv,HAM_0004956
0,0.539435088634491,1,ham10000,ISIC_0027652,bkl,HAM_0004958
0,0.09724851697683334,0,ham10000,ISIC_0028262,nv,HAM_0004959
0,0.5330175161361694,1,ham10000,ISIC_0027876,df,HAM_0004960
0,0.3661285936832428,1,ham10000,ISIC_0025705,nv,HAM_0004961
0,0.5113286375999451,1,ham10000,ISIC_0032563,nv,HAM_0004963
0,0.19149021804332733,1,ham10000,ISIC_0028062,nv,HAM_0004964
0,0.08682706207036972,0,ham10000,ISIC_0025287,nv,HAM_0004965
0,0.32845333218574524,1,ham10000,ISIC_0029508,nv,HAM_0004966
1,0.41492781043052673,1,ham10000,ISIC_0028815,bcc,HAM_0004967
0,0.2755140960216522,1,ham10000,ISIC_0025521,nv,HAM_0004969
1,0.6963280439376831,1,ham10000,ISIC_0026593,bcc,HAM_0004970
0,0.2639893889427185,1,ham10000,ISIC_0028836,nv,HAM_0004971
0,0.30371707677841187,1,ham10000,ISIC_0026997,nv,HAM_0004972
0,0.2373906821012497,1,ham10000,ISIC_0025872,nv,HAM_0004973
0,0.31252703070640564,1,ham10000,ISIC_0028959,nv,HAM_0004974
0,0.661109983921051,1,ham10000,ISIC_0032863,bkl,HAM_0004975
1,0.3974301815032959,1,ham10000,ISIC_0028499,akiec,HAM_0004976
0,0.3351426124572754,1,ham10000,ISIC_0028740,nv,HAM_0004977
0,0.06880271434783936,0,ham10000,ISIC_0032101,nv,HAM_0004978
1,0.37396910786628723,1,ham10000,ISIC_0026596,mel,HAM_0004979
1,0.6109685301780701,1,ham10000,ISIC_0027693,mel,HAM_0004980
0,0.19074435532093048,1,ham10000,ISIC_0030493,nv,HAM_0004981
0,0.402205228805542,1,ham10000,ISIC_0025192,nv,HAM_0004982
0,0.22536005079746246,1,ham10000,ISIC_0030291,nv,HAM_0004983
1,0.6270120143890381,1,ham10000,ISIC_0032879,mel,HAM_0004984
0,0.623955249786377,1,ham10000,ISIC_0024518,nv,HAM_0004985
0,0.43833643198013306,1,ham10000,ISIC_0025598,nv,HAM_0004986
0,0.2063768059015274,1,ham10000,ISIC_0027132,nv,HAM_0004987
0,0.5435958504676819,1,ham10000,ISIC_0025659,bkl,HAM_0004988
0,0.35011914372444153,1,ham10000,ISIC_0028669,nv,HAM_0004989
0,0.1278713196516037,0,ham10000,ISIC_0028433,nv,HAM_0004990
0,0.314368337392807,1,ham10000,ISIC_0028809,nv,HAM_0004991
1,0.38251030445098877,1,ham10000,ISIC_0026132,akiec,HAM_0004992
0,0.3561340868473053,1,ham10000,ISIC_0031736,nv,HAM_0004993
0,0.20652920007705688,1,ham10000,ISIC_0028839,nv,HAM_0004994
0,0.3322668969631195,1,ham10000,ISIC_0029869,nv,HAM_0004995
0,0.3873203694820404,1,ham10000,ISIC_0028909,nv,HAM_0004996
0,0.5282844305038452,1,ham10000,ISIC_0027305,nv,HAM_0004997
1,0.6870212554931641,1,ham10000,ISIC_0033304,mel,HAM_0004998
0,0.3627277910709381,1,ham10000,ISIC_0027690,nv,HAM_0004999
0,0.24083556234836578,1,ham10000,ISIC_0031312,nv,HAM_0005000
0,0.39940154552459717,1,ham10000,ISIC_0031438,nv,HAM_0005001
0,0.276709645986557,1,ham10000,ISIC_0031869,nv,HAM_0005002
0,0.28993937373161316,1,ham10000,ISIC_0026689,nv,HAM_0005003
0,0.35061803460121155,1,ham10000,ISIC_0028708,nv,HAM_0005004
0,0.14204107224941254,0,ham10000,ISIC_0031920,nv,HAM_0005005
1,0.6981610059738159,1,ham10000,ISIC_0031146,mel,HAM_0005006
0,0.5448817610740662,1,ham10000,ISIC_0024668,nv,HAM_0005007
0,0.46870848536491394,1,ham10000,ISIC_0026580,nv,HAM_0005008
0,0.6504368782043457,1,ham10000,ISIC_0027569,nv,HAM_0005009
1,0.21151451766490936,1,ham10000,ISIC_0033180,mel,HAM_0005010
0,0.07071805000305176,0,ham10000,ISIC_0026393,vasc,HAM_0005011
0,0.11618606746196747,0,ham10000,ISIC_0031251,nv,HAM_0005012
0,0.5738490223884583,1,ham10000,ISIC_0030448,nv,HAM_0005013
0,0.4408031702041626,1,ham10000,ISIC_0030504,nv,HAM_0005014
0,0.30157724022865295,1,ham10000,ISIC_0026355,nv,HAM_0005015
0,0.4586605429649353,1,ham10000,ISIC_0027045,nv,HAM_0005016
0,0.552614688873291,1,ham10000,ISIC_0025310,nv,HAM_0005017
0,0.23287329077720642,1,ham10000,ISIC_0026440,nv,HAM_0005018
0,0.3443431854248047,1,ham10000,ISIC_0029097,nv,HAM_0005019
1,0.4567275047302246,1,ham10000,ISIC_0026626,akiec,HAM_0005020
1,0.45922669768333435,1,ham10000,ISIC_0033454,mel,HAM_0005021
0,0.5048788189888,1,ham10000,ISIC_0027367,bkl,HAM_0005022
0,0.33129000663757324,1,ham10000,ISIC_0031805,nv,HAM_0005023
1,0.34003275632858276,1,ham10000,ISIC_0025803,akiec,HAM_0005024
0,0.25175654888153076,1,ham10000,ISIC_0032261,nv,HAM_0005025
1,0.6919512748718262,1,ham10000,ISIC_0028728,bcc,HAM_0005026
1,0.5613096952438354,1,ham10000,ISIC_0026138,akiec,HAM_0005027
0,0.29271161556243896,1,ham10000,ISIC_0031190,nv,HAM_0005028
0,0.11683174222707748,0,ham10000,ISIC_0031514,nv,HAM_0005029
1,0.5667797327041626,1,ham10000,ISIC_0028303,bcc,HAM_0005030
0,0.22443372011184692,1,ham10000,ISIC_0025109,nv,HAM_0005031
0,0.05294176936149597,0,ham10000,ISIC_0027376,nv,HAM_0005032
0,0.32894644141197205,1,ham10000,ISIC_0032224,nv,HAM_0005033
0,0.42744556069374084,1,ham10000,ISIC_0027024,nv,HAM_0005034
0,0.3291686177253723,1,ham10000,ISIC_0025536,nv,HAM_0005035
0,0.35976335406303406,1,ham10000,ISIC_0025815,nv,HAM_0005036
0,0.15357421338558197,0,ham10000,ISIC_0028108,nv,HAM_0005037
0,0.4517875015735626,1,ham10000,ISIC_0026914,nv,HAM_0005038
0,0.371253103017807,1,ham10000,ISIC_0024320,nv,HAM_0005039
1,0.5251175165176392,1,ham10000,ISIC_0033302,mel,HAM_0005040
0,0.20730741322040558,1,ham10000,ISIC_0028019,nv,HAM_0005041
0,0.24198965728282928,1,ham10000,ISIC_0026220,nv,HAM_0005042
0,0.0595795214176178,0,ham10000,ISIC_0025004,nv,HAM_0005043
0,0.3144342005252838,1,ham10000,ISIC_0032169,nv,HAM_0005044
0,0.1541702151298523,0,ham10000,ISIC_0030701,nv,HAM_0005045
0,0.40530064702033997,1,ham10000,ISIC_0029561,nv,HAM_0005046
0,0.37849703431129456,1,ham10000,ISIC_0029105,nv,HAM_0005047
0,0.3706044554710388,1,ham10000,ISIC_0029553,nv,HAM_0005048
0,0.46188318729400635,1,ham10000,ISIC_0028201,bkl,HAM_0005049
0,0.26550471782684326,1,ham10000,ISIC_0025949,nv,HAM_0005050
0,0.2903766334056854,1,ham10000,ISIC_0031798,nv,HAM_0005051
0,0.24989835917949677,1,ham10000,ISIC_0033724,nv,HAM_0005052
0,0.455928772687912,1,ham10000,ISIC_0024761,bkl,HAM_0005053
0,0.1584082990884781,0,ham10000,ISIC_0030676,nv,HAM_0005054
0,0.31242185831069946,1,ham10000,ISIC_0030903,nv,HAM_0005055
0,0.49018457531929016,1,ham10000,ISIC_0031094,nv,HAM_0005056
0,0.44423750042915344,1,ham10000,ISIC_0027711,nv,HAM_0005057
1,0.6031880378723145,1,ham10000,ISIC_0025700,bcc,HAM_0005058
0,0.4161589741706848,1,ham10000,ISIC_0034027,nv,HAM_0005059
0,0.6327124238014221,1,ham10000,ISIC_0027852,nv,HAM_0005060
1,0.6447873711585999,1,ham10000,ISIC_0032466,mel,HAM_0005061
0,0.6593160033226013,1,ham10000,ISIC_0033211,nv,HAM_0005062
0,0.25976958870887756,1,ham10000,ISIC_0030419,nv,HAM_0005063
1,0.6168056726455688,1,ham10000,ISIC_0027144,mel,HAM_0005064
0,0.5484363436698914,1,ham10000,ISIC_0031256,nv,HAM_0005065
0,0.349975049495697,1,ham10000,ISIC_0030787,nv,HAM_0005066
0,0.25961053371429443,1,ham10000,ISIC_0026261,nv,HAM_0005067
1,0.5070734620094299,1,ham10000,ISIC_0026156,bcc,HAM_0005068
0,0.15487100183963776,0,ham10000,ISIC_0028301,nv,HAM_0005069
0,0.278043657541275,1,ham10000,ISIC_0030863,nv,HAM_0005070
0,0.310674786567688,1,ham10000,ISIC_0029987,nv,HAM_0005071
0,0.2654801309108734,1,ham10000,ISIC_0031632,nv,HAM_0005072
0,0.21907305717468262,1,ham10000,ISIC_0029956,nv,HAM_0005073
0,0.44296953082084656,1,ham10000,ISIC_0028200,bkl,HAM_0005074
0,0.4166058897972107,1,ham10000,ISIC_0029060,bkl,HAM_0005075
0,0.1796954870223999,1,ham10000,ISIC_0024404,nv,HAM_0005076
0,0.5548218488693237,1,ham10000,ISIC_0028646,bkl,HAM_0005077
1,0.4881678521633148,1,ham10000,ISIC_0030784,mel,HAM_0005078
0,0.5396024584770203,1,ham10000,ISIC_0028420,nv,HAM_0005079
0,0.36768338084220886,1,ham10000,ISIC_0027951,nv,HAM_0005080
0,0.3255266547203064,1,ham10000,ISIC_0029326,nv,HAM_0005081
0,0.425445556640625,1,ham10000,ISIC_0025699,bkl,HAM_0005082
0,0.4414924383163452,1,ham10000,ISIC_0031482,nv,HAM_0005083
1,0.6308355927467346,1,ham10000,ISIC_0027261,mel,HAM_0005084
0,0.4705626964569092,1,ham10000,ISIC_0029257,nv,HAM_0005085
0,0.41953760385513306,1,ham10000,ISIC_0030772,nv,HAM_0005086
0,0.0572672076523304,0,ham10000,ISIC_0024765,nv,HAM_0005087
0,0.31590086221694946,1,ham10000,ISIC_0031647,nv,HAM_0005088
0,0.35905811190605164,1,ham10000,ISIC_0025673,nv,HAM_0005089
0,0.5196039080619812,1,ham10000,ISIC_0029162,nv,HAM_0005090
0,0.42723548412323,1,ham10000,ISIC_0027345,nv,HAM_0005091
0,0.6445790529251099,1,ham10000,ISIC_0030232,nv,HAM_0005092
0,0.38817745447158813,1,ham10000,ISIC_0030517,nv,HAM_0005093
0,0.2346557229757309,1,ham10000,ISIC_0027816,nv,HAM_0005094
1,0.6010400056838989,1,ham10000,ISIC_0030324,mel,HAM_0005095
0,0.4347227215766907,1,ham10000,ISIC_0029741,bkl,HAM_0005096
0,0.33721235394477844,1,ham10000,ISIC_0031018,nv,HAM_0005097
0,0.15340131521224976,0,ham10000,ISIC_0024728,nv,HAM_0005098
0,0.43074485659599304,1,ham10000,ISIC_0029648,nv,HAM_0005099
0,0.36619463562965393,1,ham10000,ISIC_0030274,nv,HAM_0005100
0,0.2395542711019516,1,ham10000,ISIC_0024643,bkl,HAM_0005101
0,0.6759645342826843,1,ham10000,ISIC_0028128,nv,HAM_0005102
0,0.36439594626426697,1,ham10000,ISIC_0025079,nv,HAM_0005103
0,0.40100330114364624,1,ham10000,ISIC_0030204,nv,HAM_0005104
0,0.12853388488292694,0,ham10000,ISIC_0027377,nv,HAM_0005105
0,0.6450372934341431,1,ham10000,ISIC_0032901,nv,HAM_0005106
0,0.4722136855125427,1,ham10000,ISIC_0026502,nv,HAM_0005107
0,0.4724251627922058,1,ham10000,ISIC_0026078,nv,HAM_0005108
0,0.4484841525554657,1,ham10000,ISIC_0025412,nv,HAM_0005110
0,0.23000095784664154,1,ham10000,ISIC_0030911,nv,HAM_0005111
0,0.559969961643219,1,ham10000,ISIC_0024386,df,HAM_0005112
0,0.20163112878799438,1,ham10000,ISIC_0028516,nv,HAM_0005113
0,0.2290833741426468,1,ham10000,ISIC_0028038,nv,HAM_0005114
0,0.490757554769516,1,ham10000,ISIC_0033008,nv,HAM_0005115
0,0.9663493633270264,1,ham10000,ISIC_0032953,nv,HAM_0005116
1,0.6051697134971619,1,ham10000,ISIC_0025712,akiec,HAM_0005117
0,0.19115927815437317,1,ham10000,ISIC_0025357,nv,HAM_0005118
0,0.27884745597839355,1,ham10000,ISIC_0029335,nv,HAM_0005119
0,0.11809314787387848,0,ham10000,ISIC_0027685,nv,HAM_0005120
1,0.4410170316696167,1,ham10000,ISIC_0029591,mel,HAM_0005121
0,0.5538108348846436,1,ham10000,ISIC_0034265,nv,HAM_0005122
0,0.2774988114833832,1,ham10000,ISIC_0025877,nv,HAM_0005123
1,0.5649051666259766,1,ham10000,ISIC_0030150,mel,HAM_0005124
0,0.4881618320941925,1,ham10000,ISIC_0024726,bkl,HAM_0005125
0,0.46883657574653625,1,ham10000,ISIC_0028822,bkl,HAM_0005126
0,0.45648980140686035,1,ham10000,ISIC_0026384,nv,HAM_0005127
0,0.18013989925384521,1,ham10000,ISIC_0025549,nv,HAM_0005128
0,0.07164136320352554,0,ham10000,ISIC_0027870,nv,HAM_0005129
0,0.22871610522270203,1,ham10000,ISIC_0032002,nv,HAM_0005130
0,0.5110452771186829,1,ham10000,ISIC_0034007,bkl,HAM_0005131
0,0.7058101296424866,1,ham10000,ISIC_0025209,bkl,HAM_0005132
0,0.2180081009864807,1,ham10000,ISIC_0028409,nv,HAM_0005133
0,0.4118187427520752,1,ham10000,ISIC_0029523,nv,HAM_0005134
0,0.5336113572120667,1,ham10000,ISIC_0032989,nv,HAM_0005135
0,0.28036224842071533,1,ham10000,ISIC_0024337,bkl,HAM_0005136
0,0.17923374474048615,1,ham10000,ISIC_0027207,nv,HAM_0005138
0,0.3087995946407318,1,ham10000,ISIC_0028260,nv,HAM_0005139
0,0.296516090631485,1,ham10000,ISIC_0026662,nv,HAM_0005140
1,0.5012919306755066,1,ham10000,ISIC_0033217,mel,HAM_0005141
0,0.40386325120925903,1,ham10000,ISIC_0031701,nv,HAM_0005142
0,0.38445740938186646,1,ham10000,ISIC_0030303,nv,HAM_0005143
0,0.04933775216341019,0,ham10000,ISIC_0026130,nv,HAM_0005144
0,0.13637660443782806,0,ham10000,ISIC_0032255,nv,HAM_0005145
0,0.3873555362224579,1,ham10000,ISIC_0026526,bkl,HAM_0005146
0,0.45541679859161377,1,ham10000,ISIC_0029076,nv,HAM_0005147
0,0.35365602374076843,1,ham10000,ISIC_0026969,nv,HAM_0005148
0,0.34983521699905396,1,ham10000,ISIC_0028161,nv,HAM_0005150
0,0.20649228990077972,1,ham10000,ISIC_0030992,nv,HAM_0005151
0,0.3433620035648346,1,ham10000,ISIC_0030112,nv,HAM_0005152
0,0.5627014636993408,1,ham10000,ISIC_0030847,nv,HAM_0005153
0,0.5043731927871704,1,ham10000,ISIC_0024762,nv,HAM_0005154
0,0.583608865737915,1,ham10000,ISIC_0025321,vasc,HAM_0005155
0,0.37517249584198,1,ham10000,ISIC_0033330,nv,HAM_0005156
0,0.5046632289886475,1,ham10000,ISIC_0024880,bkl,HAM_0005157
0,0.5007549524307251,1,ham10000,ISIC_0031950,vasc,HAM_0005158
0,0.6390697956085205,1,ham10000,ISIC_0025352,nv,HAM_0005159
0,0.46959298849105835,1,ham10000,ISIC_0024935,nv,HAM_0005160
0,0.4144660234451294,1,ham10000,ISIC_0030472,nv,HAM_0005161
0,0.9992563128471375,1,ham10000,ISIC_0025568,nv,HAM_0005162
0,0.4171083867549896,1,ham10000,ISIC_0026888,nv,HAM_0005163
0,0.3051009178161621,1,ham10000,ISIC_0028837,nv,HAM_0005164
0,0.4016943871974945,1,ham10000,ISIC_0030108,nv,HAM_0005165
0,0.22834467887878418,1,ham10000,ISIC_0024815,nv,HAM_0005166
0,0.2928163409233093,1,ham10000,ISIC_0031780,nv,HAM_0005167
0,0.1105167344212532,0,ham10000,ISIC_0028277,nv,HAM_0005168
0,0.3169460892677307,1,ham10000,ISIC_0027557,nv,HAM_0005169
0,0.41593438386917114,1,ham10000,ISIC_0026253,nv,HAM_0005170
0,0.44797834753990173,1,ham10000,ISIC_0029380,nv,HAM_0005171
0,0.32142913341522217,1,ham10000,ISIC_0027156,nv,HAM_0005172
0,0.3340078890323639,1,ham10000,ISIC_0025400,nv,HAM_0005173
0,0.3353196382522583,1,ham10000,ISIC_0032276,nv,HAM_0005174
0,0.6384024620056152,1,ham10000,ISIC_0029479,nv,HAM_0005175
0,0.42678743600845337,1,ham10000,ISIC_0031117,nv,HAM_0005176
0,0.19125963747501373,1,ham10000,ISIC_0029423,nv,HAM_0005177
0,0.2759232223033905,1,ham10000,ISIC_0030285,nv,HAM_0005178
0,0.2449900209903717,1,ham10000,ISIC_0024957,nv,HAM_0005179
1,0.49441519379615784,1,ham10000,ISIC_0024454,bcc,HAM_0005180
0,0.06296467781066895,0,ham10000,ISIC_0027483,nv,HAM_0005181
0,0.3028108477592468,1,ham10000,ISIC_0031288,nv,HAM_0005182
0,0.47297078371047974,1,ham10000,ISIC_0029696,nv,HAM_0005183
1,0.6051523685455322,1,ham10000,ISIC_0029644,bcc,HAM_0005184
0,0.4288594424724579,1,ham10000,ISIC_0033412,nv,HAM_0005185
1,0.7088393568992615,1,ham10000,ISIC_0026993,mel,HAM_0005186
0,0.3333820104598999,1,ham10000,ISIC_0029385,nv,HAM_0005187
0,0.6183971166610718,1,ham10000,ISIC_0024824,nv,HAM_0005188
0,0.3273114562034607,1,ham10000,ISIC_0025762,nv,HAM_0005189
0,0.7424340844154358,1,ham10000,ISIC_0032700,nv,HAM_0005190
1,0.5006322860717773,1,ham10000,ISIC_0031177,mel,HAM_0005191
0,0.14265121519565582,0,ham10000,ISIC_0031858,nv,HAM_0005192
0,0.5502989292144775,1,ham10000,ISIC_0026742,nv,HAM_0005193
0,0.41532039642333984,1,ham10000,ISIC_0032561,nv,HAM_0005194
0,0.2916751801967621,1,ham10000,ISIC_0025929,nv,HAM_0005195
0,0.39294350147247314,1,ham10000,ISIC_0030922,nv,HAM_0005197
0,0.5196709632873535,1,ham10000,ISIC_0032920,nv,HAM_0005198
0,0.5561214089393616,1,ham10000,ISIC_0024982,bkl,HAM_0005199
0,0.40596675872802734,1,ham10000,ISIC_0032393,nv,HAM_0005200
0,0.28654128313064575,1,ham10000,ISIC_0028855,nv,HAM_0005201
0,0.36760783195495605,1,ham10000,ISIC_0028974,nv,HAM_0005202
1,0.4837277829647064,1,ham10000,ISIC_0027742,mel,HAM_0005203
0,0.4027252793312073,1,ham10000,ISIC_0024749,nv,HAM_0005204
0,0.28673073649406433,1,ham10000,ISIC_0027581,nv,HAM_0005205
0,0.6548680067062378,1,ham10000,ISIC_0032521,nv,HAM_0005206
0,0.3689539432525635,1,ham10000,ISIC_0028781,nv,HAM_0005208
0,0.4070177376270294,1,ham10000,ISIC_0032713,nv,HAM_0005209
0,0.18327246606349945,1,ham10000,ISIC_0025965,nv,HAM_0005210
0,0.3430325984954834,1,ham10000,ISIC_0030282,nv,HAM_0005211
0,0.3063778281211853,1,ham10000,ISIC_0033356,nv,HAM_0005213
0,0.14800184965133667,0,ham10000,ISIC_0031114,nv,HAM_0005214
0,0.05721106007695198,0,ham10000,ISIC_0028406,vasc,HAM_0005215
0,0.20879636704921722,1,ham10000,ISIC_0032161,nv,HAM_0005216
0,0.26071247458457947,1,ham10000,ISIC_0025057,nv,HAM_0005217
0,0.2622157633304596,1,ham10000,ISIC_0028939,nv,HAM_0005218
0,0.12240947782993317,0,ham10000,ISIC_0027935,nv,HAM_0005219
0,0.3171001374721527,1,ham10000,ISIC_0025479,nv,HAM_0005220
0,0.16070473194122314,0,ham10000,ISIC_0029019,nv,HAM_0005221
0,0.21587952971458435,1,ham10000,ISIC_0026636,nv,HAM_0005222
0,0.11443137377500534,0,ham10000,ISIC_0029536,nv,HAM_0005223
0,0.4930867552757263,1,ham10000,ISIC_0026929,nv,HAM_0005224
0,0.344551682472229,1,ham10000,ISIC_0031213,nv,HAM_0005225
0,0.3468351364135742,1,ham10000,ISIC_0029290,nv,HAM_0005226
0,0.45430275797843933,1,ham10000,ISIC_0027410,nv,HAM_0005227
1,0.42045581340789795,1,ham10000,ISIC_0026702,akiec,HAM_0005228
0,0.3570803701877594,1,ham10000,ISIC_0030003,nv,HAM_0005229
0,0.3715322017669678,1,ham10000,ISIC_0027127,nv,HAM_0005230
1,0.47086474299430847,1,ham10000,ISIC_0025247,akiec,HAM_0005231
0,0.48752307891845703,1,ham10000,ISIC_0025993,nv,HAM_0005232
0,0.38712403178215027,1,ham10000,ISIC_0026289,nv,HAM_0005233
0,0.36489611864089966,1,ham10000,ISIC_0027347,nv,HAM_0005234
0,0.30092740058898926,1,ham10000,ISIC_0029437,nv,HAM_0005235
0,0.2589201033115387,1,ham10000,ISIC_0026366,nv,HAM_0005236
0,0.5085559487342834,1,ham10000,ISIC_0027240,nv,HAM_0005237
0,0.35081762075424194,1,ham10000,ISIC_0030393,nv,HAM_0005238
0,0.5149291157722473,1,ham10000,ISIC_0028679,nv,HAM_0005239
0,0.27411502599716187,1,ham10000,ISIC_0030169,nv,HAM_0005240
0,0.0656270831823349,0,ham10000,ISIC_0029699,nv,HAM_0005241
0,0.4957595765590668,1,ham10000,ISIC_0027597,nv,HAM_0005242
1,0.7795230150222778,1,ham10000,ISIC_0024885,bcc,HAM_0005243
0,0.48903703689575195,1,ham10000,ISIC_0030473,nv,HAM_0005244
0,0.2241733968257904,1,ham10000,ISIC_0024375,vasc,HAM_0005245
0,0.3725550174713135,1,ham10000,ISIC_0030059,nv,HAM_0005246
0,0.3708134591579437,1,ham10000,ISIC_0024687,nv,HAM_0005247
0,0.3822213113307953,1,ham10000,ISIC_0032902,nv,HAM_0005248
1,0.32343536615371704,1,ham10000,ISIC_0032526,mel,HAM_0005249
0,0.34076157212257385,1,ham10000,ISIC_0029792,nv,HAM_0005250
1,0.7158998847007751,1,ham10000,ISIC_0026868,mel,HAM_0005251
0,0.26923829317092896,1,ham10000,ISIC_0028185,nv,HAM_0005252
0,0.31630009412765503,1,ham10000,ISIC_0026715,nv,HAM_0005253
0,0.22495412826538086,1,ham10000,ISIC_0026820,nv,HAM_0005254
1,0.5467523336410522,1,ham10000,ISIC_0025811,akiec,HAM_0005255
1,0.49907782673835754,1,ham10000,ISIC_0033728,mel,HAM_0005256
0,0.4872867465019226,1,ham10000,ISIC_0033751,nv,HAM_0005257
0,0.9753585457801819,1,ham10000,ISIC_0033262,bkl,HAM_0005258
0,0.3717454969882965,1,ham10000,ISIC_0030174,nv,HAM_0005259
0,0.44439566135406494,1,ham10000,ISIC_0025485,bkl,HAM_0005260
0,0.40684348344802856,1,ham10000,ISIC_0027390,nv,HAM_0005261
0,0.3420548439025879,1,ham10000,ISIC_0030488,bkl,HAM_0005262
0,0.4762507975101471,1,ham10000,ISIC_0032889,nv,HAM_0005263
1,0.76622074842453,1,ham10000,ISIC_0024946,akiec,HAM_0005264
0,0.35486117005348206,1,ham10000,ISIC_0032998,nv,HAM_0005265
0,0.5710046291351318,1,ham10000,ISIC_0027605,nv,HAM_0005266
0,0.5053662657737732,1,ham10000,ISIC_0026423,nv,HAM_0005267
1,0.6476730704307556,1,ham10000,ISIC_0027825,bcc,HAM_0005268
0,0.46736055612564087,1,ham10000,ISIC_0025649,nv,HAM_0005269
0,0.4424697458744049,1,ham10000,ISIC_0032270,vasc,HAM_0005270
0,0.2871381938457489,1,ham10000,ISIC_0025306,nv,HAM_0005271
0,0.3115975558757782,1,ham10000,ISIC_0028786,nv,HAM_0005272
0,0.47504904866218567,1,ham10000,ISIC_0025065,nv,HAM_0005273
1,0.4769117534160614,1,ham10000,ISIC_0032766,mel,HAM_0005274
0,0.5055782198905945,1,ham10000,ISIC_0028749,bkl,HAM_0005275
0,0.6636044383049011,1,ham10000,ISIC_0027008,df,HAM_0005276
0,0.22172094881534576,1,ham10000,ISIC_0030750,nv,HAM_0005277
0,0.47319677472114563,1,ham10000,ISIC_0027826,bkl,HAM_0005278
0,0.29380953311920166,1,ham10000,ISIC_0030322,nv,HAM_0005279
1,0.6108848452568054,1,ham10000,ISIC_0033063,mel,HAM_0005280
0,0.4993918836116791,1,ham10000,ISIC_0028908,nv,HAM_0005281
1,0.7092522382736206,1,ham10000,ISIC_0025178,akiec,HAM_0005282
0,0.2807292640209198,1,ham10000,ISIC_0030418,nv,HAM_0005283
0,0.5297986268997192,1,ham10000,ISIC_0027707,nv,HAM_0005284
0,0.13563556969165802,0,ham10000,ISIC_0025167,nv,HAM_0005285
0,0.14972516894340515,0,ham10000,ISIC_0025999,nv,HAM_0005286
0,0.38893890380859375,1,ham10000,ISIC_0026354,nv,HAM_0005288
0,0.1889033168554306,1,ham10000,ISIC_0026703,nv,HAM_0005290
0,0.46283578872680664,1,ham10000,ISIC_0026907,bkl,HAM_0005291
0,0.20581205189228058,1,ham10000,ISIC_0030974,nv,HAM_0005292
0,0.38014113903045654,1,ham10000,ISIC_0025342,nv,HAM_0005293
0,0.40711599588394165,1,ham10000,ISIC_0027055,nv,HAM_0005294
0,0.39986181259155273,1,ham10000,ISIC_0024690,nv,HAM_0005295
0,0.3715531826019287,1,ham10000,ISIC_0029484,nv,HAM_0005296
0,0.34771978855133057,1,ham10000,ISIC_0029662,nv,HAM_0005298
0,0.5429390668869019,1,ham10000,ISIC_0032732,bkl,HAM_0005299
0,0.3761186897754669,1,ham10000,ISIC_0033625,nv,HAM_0005300
1,0.41339126229286194,1,ham10000,ISIC_0026362,akiec,HAM_0005301
1,0.43996235728263855,1,ham10000,ISIC_0031539,bcc,HAM_0005302
1,0.6342602372169495,1,ham10000,ISIC_0032522,mel,HAM_0005303
1,0.6021236181259155,1,ham10000,ISIC_0026056,bcc,HAM_0005304
0,0.2610403299331665,1,ham10000,ISIC_0028771,nv,HAM_0005305
0,0.35137173533439636,1,ham10000,ISIC_0027056,nv,HAM_0005306
0,0.2052682638168335,1,ham10000,ISIC_0027765,nv,HAM_0005307
0,0.36764833331108093,1,ham10000,ISIC_0032828,nv,HAM_0005308
1,0.6047533750534058,1,ham10000,ISIC_0026282,bcc,HAM_0005309
1,0.7656213641166687,1,ham10000,ISIC_0027231,akiec,HAM_0005310
0,0.12813115119934082,0,ham10000,ISIC_0025556,nv,HAM_0005311
0,0.5200064778327942,1,ham10000,ISIC_0034033,nv,HAM_0005312
0,0.3390936851501465,1,ham10000,ISIC_0033335,nv,HAM_0005313
0,0.4878271818161011,1,ham10000,ISIC_0030693,nv,HAM_0005314
1,0.553133487701416,1,ham10000,ISIC_0029319,mel,HAM_0005315
0,0.39866915345191956,1,ham10000,ISIC_0033139,nv,HAM_0005316
0,0.12523210048675537,0,ham10000,ISIC_0030415,nv,HAM_0005317
0,0.4452608823776245,1,ham10000,ISIC_0026347,nv,HAM_0005318
0,0.5840486288070679,1,ham10000,ISIC_0025133,nv,HAM_0005319
0,0.31481674313545227,1,ham10000,ISIC_0025356,nv,HAM_0005320
0,0.3341447114944458,1,ham10000,ISIC_0031816,nv,HAM_0005321
0,0.5283216238021851,1,ham10000,ISIC_0030068,nv,HAM_0005322
0,0.3652544617652893,1,ham10000,ISIC_0027456,nv,HAM_0005323
0,0.5992814302444458,1,ham10000,ISIC_0029931,bkl,HAM_0005324
0,0.48234495520591736,1,ham10000,ISIC_0024971,bkl,HAM_0005325
0,0.34536492824554443,1,ham10000,ISIC_0026145,nv,HAM_0005326
0,0.3474927842617035,1,ham10000,ISIC_0031703,nv,HAM_0005327
1,0.6390618681907654,1,ham10000,ISIC_0028969,mel,HAM_0005328
0,0.4256626069545746,1,ham10000,ISIC_0028686,nv,HAM_0005329
0,0.5801306366920471,1,ham10000,ISIC_0024553,df,HAM_0005330
0,0.7610802054405212,1,ham10000,ISIC_0032860,nv,HAM_0005331
0,0.34933948516845703,1,ham10000,ISIC_0027389,nv,HAM_0005332
0,0.2661510705947876,1,ham10000,ISIC_0032383,nv,HAM_0005333
1,0.5758755803108215,1,ham10000,ISIC_0031298,bcc,HAM_0005334
0,0.6643441319465637,1,ham10000,ISIC_0025627,bkl,HAM_0005335
1,0.4603249430656433,1,ham10000,ISIC_0033154,mel,HAM_0005336
0,0.3494545817375183,1,ham10000,ISIC_0025098,nv,HAM_0005337
0,0.27484259009361267,1,ham10000,ISIC_0031577,bkl,HAM_0005338
0,0.4165975749492645,1,ham10000,ISIC_0025428,nv,HAM_0005339
0,0.18828348815441132,1,ham10000,ISIC_0031830,nv,HAM_0005340
0,0.3343021869659424,1,ham10000,ISIC_0031882,nv,HAM_0005341
0,0.3305741250514984,1,ham10000,ISIC_0028401,nv,HAM_0005342
0,0.19562004506587982,1,ham10000,ISIC_0027380,nv,HAM_0005343
0,0.17147350311279297,0,ham10000,ISIC_0029383,nv,HAM_0005344
0,0.23375748097896576,1,ham10000,ISIC_0028171,nv,HAM_0005346
0,0.5945762395858765,1,ham10000,ISIC_0025653,nv,HAM_0005347
0,0.12712106108665466,0,ham10000,ISIC_0029765,nv,HAM_0005348
0,0.19228297472000122,1,ham10000,ISIC_0027375,nv,HAM_0005349
0,0.35178840160369873,1,ham10000,ISIC_0032054,nv,HAM_0005350
0,0.3724629282951355,1,ham10000,ISIC_0032590,nv,HAM_0005351
1,0.44387269020080566,1,ham10000,ISIC_0027100,mel,HAM_0005352
0,0.4089103639125824,1,ham10000,ISIC_0032923,nv,HAM_0005353
1,0.45145830512046814,1,ham10000,ISIC_0026625,akiec,HAM_0005354
0,0.0898594781756401,0,ham10000,ISIC_0031731,nv,HAM_0005355
1,0.5626159906387329,1,ham10000,ISIC_0028854,akiec,HAM_0005356
0,0.09046272188425064,0,ham10000,ISIC_0029981,nv,HAM_0005357
0,0.22225500643253326,1,ham10000,ISIC_0026982,nv,HAM_0005358
0,0.4138956367969513,1,ham10000,ISIC_0030665,df,HAM_0005359
0,0.30746138095855713,1,ham10000,ISIC_0027264,nv,HAM_0005360
0,0.36158284544944763,1,ham10000,ISIC_0024374,nv,HAM_0005361
0,0.5436788201332092,1,ham10000,ISIC_0025622,df,HAM_0005362
0,0.34594154357910156,1,ham10000,ISIC_0032717,nv,HAM_0005363
0,0.3039812743663788,1,ham10000,ISIC_0032525,nv,HAM_0005364
0,0.4432830214500427,1,ham10000,ISIC_0025253,nv,HAM_0005365
0,0.5369354486465454,1,ham10000,ISIC_0026211,nv,HAM_0005366
0,0.15061423182487488,0,ham10000,ISIC_0029743,nv,HAM_0005367
1,0.6705545783042908,1,ham10000,ISIC_0032722,mel,HAM_0005368
0,0.3252641260623932,1,ham10000,ISIC_0026799,nv,HAM_0005369
0,0.3892022371292114,1,ham10000,ISIC_0025923,nv,HAM_0005370
1,0.27685919404029846,1,ham10000,ISIC_0027046,bcc,HAM_0005371
0,0.09631134569644928,0,ham10000,ISIC_0030476,nv,HAM_0005372
0,0.2684045732021332,1,ham10000,ISIC_0030718,nv,HAM_0005373
0,0.5085928440093994,1,ham10000,ISIC_0032871,nv,HAM_0005374
1,0.44258418679237366,1,ham10000,ISIC_0028814,bcc,HAM_0005375
0,0.3902987241744995,1,ham10000,ISIC_0025606,vasc,HAM_0005376
0,0.39909741282463074,1,ham10000,ISIC_0028936,nv,HAM_0005377
1,0.4053392708301544,1,ham10000,ISIC_0024787,bcc,HAM_0005379
0,0.2856561243534088,1,ham10000,ISIC_0027464,nv,HAM_0005380
1,0.5539737343788147,1,ham10000,ISIC_0025153,mel,HAM_0005381
1,0.4613388776779175,1,ham10000,ISIC_0026230,bcc,HAM_0005382
0,0.38716429471969604,1,ham10000,ISIC_0032683,nv,HAM_0005383
0,0.27374204993247986,1,ham10000,ISIC_0030072,nv,HAM_0005384
0,0.3377676010131836,1,ham10000,ISIC_0028754,nv,HAM_0005385
0,0.4638476073741913,1,ham10000,ISIC_0033505,bkl,HAM_0005386
0,0.5380306243896484,1,ham10000,ISIC_0026488,nv,HAM_0005387
0,0.5144230127334595,1,ham10000,ISIC_0027815,bkl,HAM_0005388
1,0.6912125945091248,1,ham10000,ISIC_0024372,akiec,HAM_0005389
0,0.15644098818302155,0,ham10000,ISIC_0024574,nv,HAM_0005390
0,0.2893257439136505,1,ham10000,ISIC_0030633,nv,HAM_0005391
1,0.6520983576774597,1,ham10000,ISIC_0024436,bcc,HAM_0005392
0,0.5804369449615479,1,ham10000,ISIC_0025506,nv,HAM_0005393
0,0.3179319500923157,1,ham10000,ISIC_0026903,nv,HAM_0005394
0,0.32515400648117065,1,ham10000,ISIC_0027471,nv,HAM_0005395
1,0.6623632311820984,1,ham10000,ISIC_0032834,bcc,HAM_0005396
0,0.4339230954647064,1,ham10000,ISIC_0028105,nv,HAM_0005397
0,0.2534937858581543,1,ham10000,ISIC_0028374,nv,HAM_0005398
0,0.45637059211730957,1,ham10000,ISIC_0030474,nv,HAM_0005399
1,0.4735327363014221,1,ham10000,ISIC_0029363,mel,HAM_0005400
0,0.332118421792984,1,ham10000,ISIC_0029998,nv,HAM_0005401
0,0.15378691256046295,0,ham10000,ISIC_0031695,nv,HAM_0005402
1,0.6375899910926819,1,ham10000,ISIC_0026086,mel,HAM_0005403
0,0.4970546364784241,1,ham10000,ISIC_0028094,bkl,HAM_0005404
0,0.3870985507965088,1,ham10000,ISIC_0025164,nv,HAM_0005405
0,0.4551943242549896,1,ham10000,ISIC_0027807,nv,HAM_0005406
0,0.20195095241069794,1,ham10000,ISIC_0028090,nv,HAM_0005407
0,0.3777862787246704,1,ham10000,ISIC_0031613,nv,HAM_0005408
1,0.7309958338737488,1,ham10000,ISIC_0032531,mel,HAM_0005409
1,0.6176961660385132,1,ham10000,ISIC_0025433,bcc,HAM_0005410
0,0.4283405840396881,1,ham10000,ISIC_0026300,nv,HAM_0005411
0,0.27286335825920105,1,ham10000,ISIC_0030548,nv,HAM_0005412
1,0.6206223368644714,1,ham10000,ISIC_0028132,akiec,HAM_0005413
0,0.16677194833755493,0,ham10000,ISIC_0027054,nv,HAM_0005414
0,0.5101343393325806,1,ham10000,ISIC_0027154,bkl,HAM_0005415
0,0.2951700985431671,1,ham10000,ISIC_0029136,nv,HAM_0005416
1,0.6148536205291748,1,ham10000,ISIC_0024448,bcc,HAM_0005417
0,0.34633103013038635,1,ham10000,ISIC_0029957,nv,HAM_0005418
0,0.27670302987098694,1,ham10000,ISIC_0030524,nv,HAM_0005419
0,0.3509863615036011,1,ham10000,ISIC_0024740,bkl,HAM_0005420
0,0.5397425889968872,1,ham10000,ISIC_0028060,nv,HAM_0005421
0,0.42375892400741577,1,ham10000,ISIC_0030554,nv,HAM_0005422
0,0.29872822761535645,1,ham10000,ISIC_0025503,nv,HAM_0005423
0,0.21548515558242798,1,ham10000,ISIC_0025052,nv,HAM_0005424
1,0.6749580502510071,1,ham10000,ISIC_0029698,mel,HAM_0005425
0,0.32721173763275146,1,ham10000,ISIC_0028902,nv,HAM_0005426
0,0.26873207092285156,1,ham10000,ISIC_0028885,vasc,HAM_0005427
0,0.4368422329425812,1,ham10000,ISIC_0031654,nv,HAM_0005428
0,0.45206722617149353,1,ham10000,ISIC_0028261,nv,HAM_0005429
0,0.3007543087005615,1,ham10000,ISIC_0024990,nv,HAM_0005430
0,0.11848576366901398,0,ham10000,ISIC_0026413,nv,HAM_0005431
0,0.12897083163261414,0,ham10000,ISIC_0031902,nv,HAM_0005432
0,0.5353716611862183,1,ham10000,ISIC_0033298,nv,HAM_0005433
0,0.5722304582595825,1,ham10000,ISIC_0033457,nv,HAM_0005434
1,0.5935261249542236,1,ham10000,ISIC_0024666,bcc,HAM_0005435
0,0.4256587326526642,1,ham10000,ISIC_0026658,nv,HAM_0005436
0,0.15360555052757263,0,ham10000,ISIC_0030029,nv,HAM_0005437
1,0.4472130239009857,1,ham10000,ISIC_0027708,akiec,HAM_0005438
0,0.5626675486564636,1,ham10000,ISIC_0033597,nv,HAM_0005439
0,0.3186025023460388,1,ham10000,ISIC_0027139,bkl,HAM_0005440
0,0.39073652029037476,1,ham10000,ISIC_0031804,nv,HAM_0005441
0,0.6704664826393127,1,ham10000,ISIC_0034057,bkl,HAM_0005442
0,0.3442508578300476,1,ham10000,ISIC_0025758,bkl,HAM_0005443
0,0.3813224136829376,1,ham10000,ISIC_0025745,nv,HAM_0005444
0,0.25143134593963623,1,ham10000,ISIC_0027695,nv,HAM_0005445
0,0.05004316568374634,0,ham10000,ISIC_0031868,nv,HAM_0005446
0,0.3211762011051178,1,ham10000,ISIC_0026389,nv,HAM_0005447
1,0.46528953313827515,1,ham10000,ISIC_0024707,akiec,HAM_0005448
0,0.26424479484558105,1,ham10000,ISIC_0030102,nv,HAM_0005449
0,0.5500235557556152,1,ham10000,ISIC_0029286,nv,HAM_0005450
0,0.33263877034187317,1,ham10000,ISIC_0029643,nv,HAM_0005451
0,0.374038428068161,1,ham10000,ISIC_0024722,nv,HAM_0005452
0,0.3365531265735626,1,ham10000,ISIC_0027022,nv,HAM_0005453
0,0.27611079812049866,1,ham10000,ISIC_0029184,nv,HAM_0005454
0,0.16702423989772797,0,ham10000,ISIC_0029416,nv,HAM_0005455
0,0.3569793403148651,1,ham10000,ISIC_0026960,nv,HAM_0005456
0,0.35813456773757935,1,ham10000,ISIC_0025039,nv,HAM_0005457
0,0.2947663366794586,1,ham10000,ISIC_0030584,nv,HAM_0005458
1,0.4223780632019043,1,ham10000,ISIC_0029268,akiec,HAM_0005459
0,0.1381097286939621,0,ham10000,ISIC_0028199,nv,HAM_0005460
0,0.25371894240379333,1,ham10000,ISIC_0027699,nv,HAM_0005461
0,0.32806405425071716,1,ham10000,ISIC_0028025,nv,HAM_0005462
0,0.5932025909423828,1,ham10000,ISIC_0028411,bkl,HAM_0005463
0,0.05342436209321022,0,ham10000,ISIC_0031477,nv,HAM_0005464
0,0.4573954939842224,1,ham10000,ISIC_0026827,bkl,HAM_0005465
0,0.3587856590747833,1,ham10000,ISIC_0024721,nv,HAM_0005466
1,0.5396124720573425,1,ham10000,ISIC_0024640,mel,HAM_0005467
0,0.29591482877731323,1,ham10000,ISIC_0029785,nv,HAM_0005468
1,0.8019067049026489,1,ham10000,ISIC_0026643,bcc,HAM_0005469
0,0.20648352801799774,1,ham10000,ISIC_0028286,nv,HAM_0005470
0,0.4650377631187439,1,ham10000,ISIC_0028146,vasc,HAM_0005471
0,0.30694106221199036,1,ham10000,ISIC_0027173,nv,HAM_0005472
0,0.2876504957675934,1,ham10000,ISIC_0026050,nv,HAM_0005473
0,0.3037063777446747,1,ham10000,ISIC_0031398,nv,HAM_0005474
0,0.05730915442109108,0,ham10000,ISIC_0025628,vasc,HAM_0005475
0,0.11043345183134079,0,ham10000,ISIC_0027165,nv,HAM_0005476
0,0.2446679174900055,1,ham10000,ISIC_0029552,nv,HAM_0005477
1,0.5644292831420898,1,ham10000,ISIC_0032741,bcc,HAM_0005478
0,0.38163676857948303,1,ham10000,ISIC_0028009,nv,HAM_0005479
1,0.18679635226726532,1,ham10000,ISIC_0025992,akiec,HAM_0005480
1,0.3572228252887726,1,ham10000,ISIC_0025955,mel,HAM_0005481
1,0.6635270714759827,1,ham10000,ISIC_0029546,bcc,HAM_0005482
1,0.5466715097427368,1,ham10000,ISIC_0032965,mel,HAM_0005483
0,0.4353882372379303,1,ham10000,ISIC_0032443,nv,HAM_0005484
0,0.26231858134269714,1,ham10000,ISIC_0029635,nv,HAM_0005485
0,0.1972901076078415,1,ham10000,ISIC_0024565,nv,HAM_0005486
0,0.40606406331062317,1,ham10000,ISIC_0031486,nv,HAM_0005487
1,0.4817911982536316,1,ham10000,ISIC_0024931,bcc,HAM_0005488
0,0.45562249422073364,1,ham10000,ISIC_0033851,nv,HAM_0005489
1,0.5948367714881897,1,ham10000,ISIC_0033931,mel,HAM_0005490
0,0.230808824300766,1,ham10000,ISIC_0032083,nv,HAM_0005491
0,0.5852320194244385,1,ham10000,ISIC_0032138,df,HAM_0005492
0,0.23688875138759613,1,ham10000,ISIC_0028535,nv,HAM_0005493
0,0.09811294078826904,0,ham10000,ISIC_0027161,nv,HAM_0005494
0,0.4467201828956604,1,ham10000,ISIC_0028775,nv,HAM_0005495
0,0.4483855366706848,1,ham10000,ISIC_0032772,nv,HAM_0005496
0,0.2682710289955139,1,ham10000,ISIC_0029506,nv,HAM_0005497
0,0.7120364308357239,1,ham10000,ISIC_0032335,bkl,HAM_0005498
0,0.3193252384662628,1,ham10000,ISIC_0025478,nv,HAM_0005499
1,0.6467009782791138,1,ham10000,ISIC_0033636,mel,HAM_0005500
1,0.680276095867157,1,ham10000,ISIC_0025711,bcc,HAM_0005501
0,0.17933760583400726,1,ham10000,ISIC_0029605,nv,HAM_0005502
0,0.3222499489784241,1,ham10000,ISIC_0029692,nv,HAM_0005503
1,0.5276407599449158,1,ham10000,ISIC_0027480,mel,HAM_0005504
1,0.6351031064987183,1,ham10000,ISIC_0024450,akiec,HAM_0005505
0,0.37311288714408875,1,ham10000,ISIC_0032484,nv,HAM_0005506
0,0.27801403403282166,1,ham10000,ISIC_0029159,nv,HAM_0005507
0,0.056912459433078766,0,ham10000,ISIC_0032060,nv,HAM_0005508
1,0.4810884892940521,1,ham10000,ISIC_0026865,bcc,HAM_0005509
0,0.4552309513092041,1,ham10000,ISIC_0026406,nv,HAM_0005510
0,0.27465346455574036,1,ham10000,ISIC_0031807,nv,HAM_0005511
0,0.38358640670776367,1,ham10000,ISIC_0025194,nv,HAM_0005512
0,0.6098496913909912,1,ham10000,ISIC_0033214,nv,HAM_0005513
0,0.4650297164916992,1,ham10000,ISIC_0024453,bkl,HAM_0005514
0,0.0716334879398346,0,ham10000,ISIC_0031020,nv,HAM_0005515
0,0.43384578824043274,1,ham10000,ISIC_0028748,nv,HAM_0005516
0,0.2544543147087097,1,ham10000,ISIC_0028561,nv,HAM_0005517
0,0.7336866855621338,1,ham10000,ISIC_0032410,df,HAM_0005518
0,0.41931068897247314,1,ham10000,ISIC_0026215,nv,HAM_0005519
0,0.44595983624458313,1,ham10000,ISIC_0031255,nv,HAM_0005520
0,0.3450096845626831,1,ham10000,ISIC_0031963,nv,HAM_0005521
0,0.34195590019226074,1,ham10000,ISIC_0029368,nv,HAM_0005522
0,0.5774818062782288,1,ham10000,ISIC_0027087,nv,HAM_0005523
0,0.3675325810909271,1,ham10000,ISIC_0026162,nv,HAM_0005525
0,0.3420279622077942,1,ham10000,ISIC_0026563,nv,HAM_0005526
0,0.6860628128051758,1,ham10000,ISIC_0031819,bkl,HAM_0005527
0,0.3297630846500397,1,ham10000,ISIC_0028391,nv,HAM_0005528
0,0.49815788865089417,1,ham10000,ISIC_0025980,df,HAM_0005529
1,0.8954817652702332,1,ham10000,ISIC_0024360,bcc,HAM_0005530
0,0.39114877581596375,1,ham10000,ISIC_0024577,nv,HAM_0005531
1,0.5979129672050476,1,ham10000,ISIC_0030183,mel,HAM_0005532
1,0.4958212971687317,1,ham10000,ISIC_0027065,mel,HAM_0005533
0,0.4441467225551605,1,ham10000,ISIC_0032075,nv,HAM_0005534
1,0.5015462636947632,1,ham10000,ISIC_0025391,mel,HAM_0005535
1,0.17150893807411194,0,ham10000,ISIC_0026798,bcc,HAM_0005536
0,0.44684773683547974,1,ham10000,ISIC_0024657,nv,HAM_0005537
0,0.42259299755096436,1,ham10000,ISIC_0028246,nv,HAM_0005538
0,0.33864521980285645,1,ham10000,ISIC_0033296,nv,HAM_0005539
1,0.459800124168396,1,ham10000,ISIC_0024525,mel,HAM_0005540
0,0.350644588470459,1,ham10000,ISIC_0025410,nv,HAM_0005541
0,0.3763178586959839,1,ham10000,ISIC_0024444,nv,HAM_0005543
0,0.4519706666469574,1,ham10000,ISIC_0027791,nv,HAM_0005544
1,0.5468169450759888,1,ham10000,ISIC_0033881,mel,HAM_0005545
0,0.45220115780830383,1,ham10000,ISIC_0029519,bkl,HAM_0005546
1,0.6043338179588318,1,ham10000,ISIC_0032439,bcc,HAM_0005547
0,0.3252406716346741,1,ham10000,ISIC_0027632,nv,HAM_0005548
0,0.3837413787841797,1,ham10000,ISIC_0028802,nv,HAM_0005549
0,0.3588528335094452,1,ham10000,ISIC_0030407,nv,HAM_0005550
1,0.42841583490371704,1,ham10000,ISIC_0029900,akiec,HAM_0005551
0,0.37578824162483215,1,ham10000,ISIC_0025723,nv,HAM_0005552
0,0.38770756125450134,1,ham10000,ISIC_0027521,nv,HAM_0005554
1,0.5242143273353577,1,ham10000,ISIC_0032079,mel,HAM_0005555
0,0.16375397145748138,0,ham10000,ISIC_0028383,nv,HAM_0005556
1,0.8042537569999695,1,ham10000,ISIC_0028215,mel,HAM_0005557
0,0.5328664779663086,1,ham10000,ISIC_0029802,bkl,HAM_0005558
1,0.5423520803451538,1,ham10000,ISIC_0032174,bcc,HAM_0005559
0,0.39273184537887573,1,ham10000,ISIC_0027269,vasc,HAM_0005560
0,0.30883851647377014,1,ham10000,ISIC_0028961,nv,HAM_0005561
0,0.2061149626970291,1,ham10000,ISIC_0025901,nv,HAM_0005562
0,0.06306327134370804,0,ham10000,ISIC_0029784,nv,HAM_0005563
0,0.27718013525009155,1,ham10000,ISIC_0026320,nv,HAM_0005564
0,0.4240097999572754,1,ham10000,ISIC_0027384,nv,HAM_0005565
0,0.6524370312690735,1,ham10000,ISIC_0032608,nv,HAM_0005566
0,0.05218306556344032,0,ham10000,ISIC_0028485,nv,HAM_0005567
0,0.34091928601264954,1,ham10000,ISIC_0032047,nv,HAM_0005568
0,0.45814841985702515,1,ham10000,ISIC_0027932,nv,HAM_0005569
0,0.2892419397830963,1,ham10000,ISIC_0032440,nv,HAM_0005570
0,0.41158437728881836,1,ham10000,ISIC_0032803,nv,HAM_0005571
0,0.9992890357971191,1,ham10000,ISIC_0033382,nv,HAM_0005573
0,0.4615746736526489,1,ham10000,ISIC_0027823,nv,HAM_0005574
1,0.5052250623703003,1,ham10000,ISIC_0029805,bcc,HAM_0005575
0,0.3841588497161865,1,ham10000,ISIC_0026479,nv,HAM_0005576
0,0.27429571747779846,1,ham10000,ISIC_0028320,nv,HAM_0005577
0,0.5469071865081787,1,ham10000,ISIC_0032496,nv,HAM_0005578
1,0.4720708429813385,1,ham10000,ISIC_0028393,akiec,HAM_0005579
0,0.4508998692035675,1,ham10000,ISIC_0029235,bkl,HAM_0005580
1,0.5076010227203369,1,ham10000,ISIC_0033337,mel,HAM_0005581
0,0.12613749504089355,0,ham10000,ISIC_0030433,nv,HAM_0005582
0,0.3176225423812866,1,ham10000,ISIC_0025574,nv,HAM_0005583
0,0.7400635480880737,1,ham10000,ISIC_0032613,df,HAM_0005584
1,0.4186243414878845,1,ham10000,ISIC_0025826,bcc,HAM_0005585
0,0.38367363810539246,1,ham10000,ISIC_0024415,nv,HAM_0005586
1,0.6149365901947021,1,ham10000,ISIC_0025219,mel,HAM_0005588
0,0.09761685878038406,0,ham10000,ISIC_0026224,nv,HAM_0005589
0,0.5082917213439941,1,ham10000,ISIC_0024458,nv,HAM_0005590
0,0.4639299213886261,1,ham10000,ISIC_0025746,bkl,HAM_0005591
0,0.26133275032043457,1,ham10000,ISIC_0026077,nv,HAM_0005592
0,0.12081251293420792,0,ham10000,ISIC_0029658,nv,HAM_0005593
0,0.5948760509490967,1,ham10000,ISIC_0033703,nv,HAM_0005594
0,0.2947494685649872,1,ham10000,ISIC_0029180,nv,HAM_0005595
0,0.41618573665618896,1,ham10000,ISIC_0027706,bkl,HAM_0005596
0,0.42556777596473694,1,ham10000,ISIC_0025528,nv,HAM_0005597
0,0.24937736988067627,1,ham10000,ISIC_0029023,nv,HAM_0005598
1,0.6575793027877808,1,ham10000,ISIC_0030511,bcc,HAM_0005599
1,0.5582504868507385,1,ham10000,ISIC_0025520,mel,HAM_0005600
0,0.45376870036125183,1,ham10000,ISIC_0032670,nv,HAM_0005601
0,0.21231788396835327,1,ham10000,ISIC_0027532,nv,HAM_0005602
0,0.40615203976631165,1,ham10000,ISIC_0024464,nv,HAM_0005604
0,0.6189523339271545,1,ham10000,ISIC_0024361,nv,HAM_0005605
0,0.7034679055213928,1,ham10000,ISIC_0025928,bkl,HAM_0005606
1,0.6788627505302429,1,ham10000,ISIC_0032685,mel,HAM_0005608
0,0.5173262357711792,1,ham10000,ISIC_0025847,nv,HAM_0005609
0,0.6229271292686462,1,ham10000,ISIC_0025312,bkl,HAM_0005610
0,0.4110886752605438,1,ham10000,ISIC_0025850,nv,HAM_0005611
0,0.4090039134025574,1,ham10000,ISIC_0024981,bkl,HAM_0005612
1,0.3980279564857483,1,ham10000,ISIC_0030564,mel,HAM_0005613
0,0.13534031808376312,0,ham10000,ISIC_0030397,nv,HAM_0005614
0,0.2876698970794678,1,ham10000,ISIC_0031067,nv,HAM_0005615
0,0.46723487973213196,1,ham10000,ISIC_0029107,bkl,HAM_0005616
1,0.6175686717033386,1,ham10000,ISIC_0024833,bcc,HAM_0005617
0,0.1786985993385315,1,ham10000,ISIC_0027280,nv,HAM_0005618
0,0.41595789790153503,1,ham10000,ISIC_0025415,nv,HAM_0005619
0,0.4794621765613556,1,ham10000,ISIC_0024963,nv,HAM_0005620
0,0.26185303926467896,1,ham10000,ISIC_0028861,nv,HAM_0005621
0,0.33029207587242126,1,ham10000,ISIC_0030213,nv,HAM_0005622
1,0.4512445032596588,1,ham10000,ISIC_0030616,mel,HAM_0005623
1,0.572540283203125,1,ham10000,ISIC_0028565,mel,HAM_0005624
0,0.5768532156944275,1,ham10000,ISIC_0031623,nv,HAM_0005625
0,0.4805525541305542,1,ham10000,ISIC_0031619,bkl,HAM_0005626
1,0.3719264566898346,1,ham10000,ISIC_0033568,mel,HAM_0005627
1,0.7355190515518188,1,ham10000,ISIC_0032940,mel,HAM_0005628
0,0.23767238855361938,1,ham10000,ISIC_0029317,nv,HAM_0005629
0,0.34976625442504883,1,ham10000,ISIC_0025864,nv,HAM_0005630
0,0.5118710398674011,1,ham10000,ISIC_0024439,nv,HAM_0005631
0,0.45509836077690125,1,ham10000,ISIC_0025470,bkl,HAM_0005632
0,0.25186407566070557,1,ham10000,ISIC_0029218,nv,HAM_0005633
0,0.4424811005592346,1,ham10000,ISIC_0025944,nv,HAM_0005634
0,0.3419923484325409,1,ham10000,ISIC_0024878,nv,HAM_0005635
1,0.8320342302322388,1,ham10000,ISIC_0032984,mel,HAM_0005636
0,0.3085324764251709,1,ham10000,ISIC_0028078,nv,HAM_0005637
0,0.25446152687072754,1,ham10000,ISIC_0030201,nv,HAM_0005638
0,0.23696091771125793,1,ham10000,ISIC_0030657,nv,HAM_0005639
1,0.40485090017318726,1,ham10000,ISIC_0030382,mel,HAM_0005640
0,0.3680548071861267,1,ham10000,ISIC_0032554,nv,HAM_0005641
1,0.45289498567581177,1,ham10000,ISIC_0027659,mel,HAM_0005642
0,0.519268274307251,1,ham10000,ISIC_0032015,nv,HAM_0005643
0,0.3774876892566681,1,ham10000,ISIC_0027899,nv,HAM_0005644
0,0.4556276500225067,1,ham10000,ISIC_0030389,nv,HAM_0005645
0,0.3878670930862427,1,ham10000,ISIC_0029753,nv,HAM_0005646
0,0.3237130343914032,1,ham10000,ISIC_0027717,nv,HAM_0005647
1,0.47347304224967957,1,ham10000,ISIC_0027580,akiec,HAM_0005648
1,0.41450923681259155,1,ham10000,ISIC_0024522,akiec,HAM_0005650
0,0.5456286072731018,1,ham10000,ISIC_0028863,nv,HAM_0005651
0,0.395827978849411,1,ham10000,ISIC_0027701,nv,HAM_0005653
0,0.3079172968864441,1,ham10000,ISIC_0032039,nv,HAM_0005654
0,0.3344173729419708,1,ham10000,ISIC_0029618,nv,HAM_0005655
0,0.26060208678245544,1,ham10000,ISIC_0026478,nv,HAM_0005656
1,0.6149417161941528,1,ham10000,ISIC_0024572,bcc,HAM_0005657
0,0.29222702980041504,1,ham10000,ISIC_0024996,nv,HAM_0005658
0,0.22605395317077637,1,ham10000,ISIC_0028896,nv,HAM_0005659
1,0.6869305372238159,1,ham10000,ISIC_0026574,bcc,HAM_0005660
0,0.42147818207740784,1,ham10000,ISIC_0025053,nv,HAM_0005661
0,0.4888700842857361,1,ham10000,ISIC_0026417,df,HAM_0005663
0,0.4372701942920685,1,ham10000,ISIC_0028016,nv,HAM_0005664
1,0.42239877581596375,1,ham10000,ISIC_0028973,bcc,HAM_0005665
0,0.38349661231040955,1,ham10000,ISIC_0025171,nv,HAM_0005666
0,0.37290260195732117,1,ham10000,ISIC_0032394,nv,HAM_0005667
1,0.4669993221759796,1,ham10000,ISIC_0028370,akiec,HAM_0005668
1,0.4523961544036865,1,ham10000,ISIC_0024949,bcc,HAM_0005669
0,0.27987879514694214,1,ham10000,ISIC_0028648,nv,HAM_0005670
0,0.3295985460281372,1,ham10000,ISIC_0029697,nv,HAM_0005671
0,0.42282235622406006,1,ham10000,ISIC_0028388,bkl,HAM_0005672
1,0.6031050086021423,1,ham10000,ISIC_0033487,mel,HAM_0005673
0,0.5331302285194397,1,ham10000,ISIC_0031060,bkl,HAM_0005674
0,0.3242549002170563,1,ham10000,ISIC_0030814,nv,HAM_0005675
0,0.3788340091705322,1,ham10000,ISIC_0024357,nv,HAM_0005676
0,0.45273035764694214,1,ham10000,ISIC_0032399,nv,HAM_0005677
1,0.6773043870925903,1,ham10000,ISIC_0028086,mel,HAM_0005678
0,0.0590248703956604,0,ham10000,ISIC_0027177,nv,HAM_0005680
1,0.5196038484573364,1,ham10000,ISIC_0027234,mel,HAM_0005681
0,0.38003650307655334,1,ham10000,ISIC_0028770,nv,HAM_0005682
0,0.36487698554992676,1,ham10000,ISIC_0025416,nv,HAM_0005683
0,0.6583254337310791,1,ham10000,ISIC_0027613,df,HAM_0005684
0,0.3283221125602722,1,ham10000,ISIC_0031490,nv,HAM_0005685
0,0.6865461468696594,1,ham10000,ISIC_0033112,nv,HAM_0005686
0,0.36244523525238037,1,ham10000,ISIC_0027880,nv,HAM_0005687
0,0.25875845551490784,1,ham10000,ISIC_0027186,nv,HAM_0005688
0,0.40118837356567383,1,ham10000,ISIC_0028066,nv,HAM_0005689
0,0.49845898151397705,1,ham10000,ISIC_0025487,nv,HAM_0005690
0,0.21499419212341309,1,ham10000,ISIC_0032457,nv,HAM_0005691
1,0.5662205815315247,1,ham10000,ISIC_0031931,mel,HAM_0005692
0,0.47853556275367737,1,ham10000,ISIC_0027781,bkl,HAM_0005693
0,0.3123561143875122,1,ham10000,ISIC_0030753,nv,HAM_0005694
0,0.5149064660072327,1,ham10000,ISIC_0030198,nv,HAM_0005695
0,0.49102094769477844,1,ham10000,ISIC_0025499,nv,HAM_0005696
1,0.5618205070495605,1,ham10000,ISIC_0027253,mel,HAM_0005697
0,0.22324292361736298,1,ham10000,ISIC_0028907,nv,HAM_0005698
0,0.25881481170654297,1,ham10000,ISIC_0028547,nv,HAM_0005699
0,0.49157100915908813,1,ham10000,ISIC_0031904,nv,HAM_0005700
1,0.5838011503219604,1,ham10000,ISIC_0025350,akiec,HAM_0005701
0,0.19381597638130188,1,ham10000,ISIC_0030381,nv,HAM_0005702
0,0.25113213062286377,1,ham10000,ISIC_0030519,nv,HAM_0005703
1,0.8612868785858154,1,ham10000,ISIC_0024654,akiec,HAM_0005705
0,0.10598636418581009,0,ham10000,ISIC_0027205,nv,HAM_0005706
0,0.2661948800086975,1,ham10000,ISIC_0029821,nv,HAM_0005707
0,0.5215011239051819,1,ham10000,ISIC_0029791,bkl,HAM_0005708
0,0.3005523681640625,1,ham10000,ISIC_0028569,nv,HAM_0005709
1,0.7576496005058289,1,ham10000,ISIC_0032638,mel,HAM_0005711
0,0.4759848713874817,1,ham10000,ISIC_0025101,nv,HAM_0005712
0,0.46795645356178284,1,ham10000,ISIC_0028714,vasc,HAM_0005713
0,0.3771078288555145,1,ham10000,ISIC_0026308,nv,HAM_0005714
0,0.5627813339233398,1,ham10000,ISIC_0032519,nv,HAM_0005715
0,0.13216111063957214,0,ham10000,ISIC_0031841,nv,HAM_0005716
0,0.30191659927368164,1,ham10000,ISIC_0032658,nv,HAM_0005717
1,0.6124914288520813,1,ham10000,ISIC_0029549,akiec,HAM_0005718
1,0.5198191404342651,1,ham10000,ISIC_0029453,mel,HAM_0005719
0,0.3945624828338623,1,ham10000,ISIC_0027714,nv,HAM_0005720
1,0.7572379112243652,1,ham10000,ISIC_0024550,bcc,HAM_0005721
0,0.29031527042388916,1,ham10000,ISIC_0028525,bkl,HAM_0005722
1,0.6423682570457458,1,ham10000,ISIC_0024805,mel,HAM_0005724
0,0.24712206423282623,1,ham10000,ISIC_0027634,nv,HAM_0005725
0,0.5095020532608032,1,ham10000,ISIC_0026898,nv,HAM_0005726
0,0.45128682255744934,1,ham10000,ISIC_0025781,bkl,HAM_0005728
0,0.3860742449760437,1,ham10000,ISIC_0030113,nv,HAM_0005729
0,0.3701055347919464,1,ham10000,ISIC_0028923,nv,HAM_0005730
0,0.2845488488674164,1,ham10000,ISIC_0024920,nv,HAM_0005731
0,0.21098457276821136,1,ham10000,ISIC_0025741,nv,HAM_0005732
0,0.3468020558357239,1,ham10000,ISIC_0030434,nv,HAM_0005733
0,0.22454933822155,1,ham10000,ISIC_0025048,nv,HAM_0005734
1,0.42473724484443665,1,ham10000,ISIC_0025543,mel,HAM_0005735
1,0.5637481212615967,1,ham10000,ISIC_0033885,mel,HAM_0005737
0,0.20446787774562836,1,ham10000,ISIC_0027683,nv,HAM_0005738
0,0.43848511576652527,1,ham10000,ISIC_0029763,nv,HAM_0005739
0,0.3984166979789734,1,ham10000,ISIC_0033303,nv,HAM_0005740
0,0.027387360110878944,0,ham10000,ISIC_0027222,nv,HAM_0005741
1,0.4775092899799347,1,ham10000,ISIC_0027651,mel,HAM_0005742
0,0.4697527587413788,1,ham10000,ISIC_0025038,bkl,HAM_0005743
0,0.4223865270614624,1,ham10000,ISIC_0025880,nv,HAM_0005744
0,0.513656735420227,1,ham10000,ISIC_0028447,nv,HAM_0005745
1,0.6453287601470947,1,ham10000,ISIC_0030002,mel,HAM_0005746
1,0.5518298745155334,1,ham10000,ISIC_0027105,mel,HAM_0005747
1,0.3722569942474365,1,ham10000,ISIC_0032812,mel,HAM_0005748
0,0.6296009421348572,1,ham10000,ISIC_0032843,bkl,HAM_0005749
0,0.4600751996040344,1,ham10000,ISIC_0029733,nv,HAM_0005750
0,0.35482487082481384,1,ham10000,ISIC_0028386,bkl,HAM_0005751
1,0.6636580228805542,1,ham10000,ISIC_0028317,mel,HAM_0005752
0,0.32496410608291626,1,ham10000,ISIC_0028034,nv,HAM_0005753
0,0.22344133257865906,1,ham10000,ISIC_0029684,nv,HAM_0005754
0,0.4271659553050995,1,ham10000,ISIC_0024566,nv,HAM_0005755
0,0.2682824730873108,1,ham10000,ISIC_0030090,nv,HAM_0005756
1,0.5776236653327942,1,ham10000,ISIC_0026496,bcc,HAM_0005757
1,0.746935248374939,1,ham10000,ISIC_0032586,mel,HAM_0005758
0,0.535392165184021,1,ham10000,ISIC_0033263,nv,HAM_0005759
0,0.4364657402038574,1,ham10000,ISIC_0032621,nv,HAM_0005760
0,0.503077507019043,1,ham10000,ISIC_0029493,nv,HAM_0005761
0,0.6181097030639648,1,ham10000,ISIC_0025179,nv,HAM_0005762
0,0.3607301712036133,1,ham10000,ISIC_0030073,nv,HAM_0005764
0,0.39285632967948914,1,ham10000,ISIC_0028031,nv,HAM_0005765
1,0.6821959018707275,1,ham10000,ISIC_0031738,akiec,HAM_0005766
0,0.17048871517181396,0,ham10000,ISIC_0030975,nv,HAM_0005767
0,0.37741583585739136,1,ham10000,ISIC_0029330,nv,HAM_0005768
0,0.446828156709671,1,ham10000,ISIC_0028472,nv,HAM_0005769
0,0.5300910472869873,1,ham10000,ISIC_0026052,nv,HAM_0005770
0,0.32532191276550293,1,ham10000,ISIC_0030799,nv,HAM_0005771
0,0.604190468788147,1,ham10000,ISIC_0031017,bkl,HAM_0005772
0,0.09801661968231201,0,ham10000,ISIC_0031096,nv,HAM_0005773
0,0.37114930152893066,1,ham10000,ISIC_0031137,nv,HAM_0005774
0,0.5557492971420288,1,ham10000,ISIC_0027725,nv,HAM_0005775
1,0.5867673754692078,1,ham10000,ISIC_0028238,bcc,HAM_0005776
1,0.5570929050445557,1,ham10000,ISIC_0033325,mel,HAM_0005777
0,0.12440405040979385,0,ham10000,ISIC_0028001,nv,HAM_0005778
0,0.4352543354034424,1,ham10000,ISIC_0026790,bkl,HAM_0005779
0,0.30939432978630066,1,ham10000,ISIC_0024625,nv,HAM_0005780
0,0.2520657777786255,1,ham10000,ISIC_0024339,nv,HAM_0005781
0,0.12249138951301575,0,ham10000,ISIC_0026906,nv,HAM_0005782
1,0.4659436047077179,1,ham10000,ISIC_0029271,mel,HAM_0005783
0,0.3554745614528656,1,ham10000,ISIC_0030679,nv,HAM_0005784
1,0.27000921964645386,1,ham10000,ISIC_0026236,mel,HAM_0005785
0,0.4451577663421631,1,ham10000,ISIC_0026491,nv,HAM_0005786
0,0.38557761907577515,1,ham10000,ISIC_0027114,nv,HAM_0005787
0,0.2932315766811371,1,ham10000,ISIC_0031828,nv,HAM_0005788
1,0.441095232963562,1,ham10000,ISIC_0028033,mel,HAM_0005789
0,0.4413062632083893,1,ham10000,ISIC_0024547,bkl,HAM_0005790
0,0.19107477366924286,1,ham10000,ISIC_0031966,nv,HAM_0005792
0,0.41410011053085327,1,ham10000,ISIC_0024629,nv,HAM_0005793
0,0.2520791292190552,1,ham10000,ISIC_0027574,nv,HAM_0005794
0,0.529392421245575,1,ham10000,ISIC_0030296,nv,HAM_0005795
0,0.1912815272808075,1,ham10000,ISIC_0030078,nv,HAM_0005796
0,0.21335569024085999,1,ham10000,ISIC_0027220,nv,HAM_0005797
1,0.5075443387031555,1,ham10000,ISIC_0031095,bcc,HAM_0005798
0,0.36178433895111084,1,ham10000,ISIC_0025827,nv,HAM_0005799
0,0.2697918713092804,1,ham10000,ISIC_0028864,nv,HAM_0005800
0,0.6134626865386963,1,ham10000,ISIC_0029413,bkl,HAM_0005801
0,0.29721567034721375,1,ham10000,ISIC_0031173,nv,HAM_0005802
0,0.379366010427475,1,ham10000,ISIC_0028717,nv,HAM_0005803
1,0.5919836163520813,1,ham10000,ISIC_0024573,bcc,HAM_0005804
0,0.48208457231521606,1,ham10000,ISIC_0027505,nv,HAM_0005805
0,0.3125789165496826,1,ham10000,ISIC_0024980,nv,HAM_0005806
0,0.59574294090271,1,ham10000,ISIC_0026508,nv,HAM_0005807
0,0.2925141453742981,1,ham10000,ISIC_0030496,nv,HAM_0005808
1,0.6363892555236816,1,ham10000,ISIC_0033368,mel,HAM_0005809
0,0.4647160470485687,1,ham10000,ISIC_0030469,nv,HAM_0005810
0,0.19248788058757782,1,ham10000,ISIC_0031250,nv,HAM_0005812
0,0.3777539134025574,1,ham10000,ISIC_0026051,nv,HAM_0005813
0,0.2766222655773163,1,ham10000,ISIC_0032701,nv,HAM_0005814
0,0.3759715259075165,1,ham10000,ISIC_0030327,nv,HAM_0005815
0,0.43957599997520447,1,ham10000,ISIC_0027257,nv,HAM_0005816
0,0.37231820821762085,1,ham10000,ISIC_0028384,nv,HAM_0005817
0,0.4852328300476074,1,ham10000,ISIC_0032427,nv,HAM_0005818
0,0.39592015743255615,1,ham10000,ISIC_0025111,nv,HAM_0005819
0,0.41961896419525146,1,ham10000,ISIC_0033265,nv,HAM_0005820
0,0.45468947291374207,1,ham10000,ISIC_0029054,nv,HAM_0005822
0,0.38897526264190674,1,ham10000,ISIC_0024872,nv,HAM_0005823
0,0.1942516565322876,1,ham10000,ISIC_0029873,nv,HAM_0005824
0,0.4842151403427124,1,ham10000,ISIC_0027304,nv,HAM_0005825
1,0.5361114740371704,1,ham10000,ISIC_0031077,mel,HAM_0005826
0,0.24567677080631256,1,ham10000,ISIC_0026119,nv,HAM_0005827
0,0.3810346722602844,1,ham10000,ISIC_0026554,nv,HAM_0005828
0,0.5323359370231628,1,ham10000,ISIC_0030091,nv,HAM_0005829
0,0.3706071674823761,1,ham10000,ISIC_0026418,nv,HAM_0005831
0,0.35965675115585327,1,ham10000,ISIC_0027286,nv,HAM_0005832
0,0.08015243709087372,0,ham10000,ISIC_0030431,nv,HAM_0005833
0,0.39404794573783875,1,ham10000,ISIC_0032249,bkl,HAM_0005834
1,0.6394261121749878,1,ham10000,ISIC_0025975,bcc,HAM_0005835
0,0.3965545892715454,1,ham10000,ISIC_0030153,nv,HAM_0005836
1,0.468062162399292,1,ham10000,ISIC_0028653,bcc,HAM_0005837
0,0.4555429220199585,1,ham10000,ISIC_0030888,nv,HAM_0005838
0,0.34895002841949463,1,ham10000,ISIC_0027366,nv,HAM_0005839
0,0.5274726152420044,1,ham10000,ISIC_0028692,nv,HAM_0005840
0,0.3649457097053528,1,ham10000,ISIC_0027804,nv,HAM_0005841
1,0.6749148368835449,1,ham10000,ISIC_0027601,bcc,HAM_0005842
0,0.400827020406723,1,ham10000,ISIC_0024820,nv,HAM_0005843
0,0.05325112119317055,0,ham10000,ISIC_0027918,nv,HAM_0005844
0,0.4949895739555359,1,ham10000,ISIC_0025851,bkl,HAM_0005845
1,0.5598863363265991,1,ham10000,ISIC_0024459,mel,HAM_0005846
0,0.5550863742828369,1,ham10000,ISIC_0033460,bkl,HAM_0005847
0,0.23073045909404755,1,ham10000,ISIC_0025517,nv,HAM_0005848
0,0.28482821583747864,1,ham10000,ISIC_0028647,nv,HAM_0005849
0,0.6043229699134827,1,ham10000,ISIC_0026708,nv,HAM_0005850
0,0.2668439447879791,1,ham10000,ISIC_0029804,nv,HAM_0005851
0,0.44551509618759155,1,ham10000,ISIC_0029569,nv,HAM_0005853
0,0.5492744445800781,1,ham10000,ISIC_0025926,nv,HAM_0005854
0,0.4153077304363251,1,ham10000,ISIC_0031727,nv,HAM_0005855
1,0.5192566514015198,1,ham10000,ISIC_0024984,bcc,HAM_0005856
0,0.17701952159404755,1,ham10000,ISIC_0030132,nv,HAM_0005857
0,0.18658706545829773,1,ham10000,ISIC_0028879,nv,HAM_0005858
0,0.29458174109458923,1,ham10000,ISIC_0025367,nv,HAM_0005859
0,0.27887237071990967,1,ham10000,ISIC_0024641,nv,HAM_0005860
0,0.49475881457328796,1,ham10000,ISIC_0028346,df,HAM_0005861
0,0.46884089708328247,1,ham10000,ISIC_0031376,bkl,HAM_0005862
0,0.3001979887485504,1,ham10000,ISIC_0029336,nv,HAM_0005863
0,0.18408088386058807,1,ham10000,ISIC_0025054,nv,HAM_0005864
0,0.5746214389801025,1,ham10000,ISIC_0030731,bkl,HAM_0005865
0,0.44086888432502747,1,ham10000,ISIC_0029422,nv,HAM_0005866
0,0.29683101177215576,1,ham10000,ISIC_0032387,nv,HAM_0005867
0,0.33257025480270386,1,ham10000,ISIC_0025845,nv,HAM_0005868
0,0.4905077815055847,1,ham10000,ISIC_0029249,bkl,HAM_0005869
0,0.6437973380088806,1,ham10000,ISIC_0030399,nv,HAM_0005870
0,0.2607354521751404,1,ham10000,ISIC_0032080,nv,HAM_0005871
0,0.16484670341014862,0,ham10000,ISIC_0030518,nv,HAM_0005872
0,0.6774373650550842,1,ham10000,ISIC_0031612,nv,HAM_0005873
0,0.43902212381362915,1,ham10000,ISIC_0027326,bkl,HAM_0005874
0,0.3777695298194885,1,ham10000,ISIC_0032250,nv,HAM_0005875
0,0.07303758710622787,0,ham10000,ISIC_0026980,nv,HAM_0005876
0,0.38376981019973755,1,ham10000,ISIC_0029204,nv,HAM_0005877
0,0.7817342877388,1,ham10000,ISIC_0033254,vasc,HAM_0005878
0,0.5189818143844604,1,ham10000,ISIC_0025262,nv,HAM_0005879
0,0.3027849793434143,1,ham10000,ISIC_0025117,nv,HAM_0005880
0,0.4111316204071045,1,ham10000,ISIC_0030967,nv,HAM_0005881
0,0.23037885129451752,1,ham10000,ISIC_0025666,nv,HAM_0005882
0,0.5036033987998962,1,ham10000,ISIC_0026018,bkl,HAM_0005883
0,0.5598978996276855,1,ham10000,ISIC_0027469,nv,HAM_0005884
0,0.5819869637489319,1,ham10000,ISIC_0031215,vasc,HAM_0005885
0,0.3538893759250641,1,ham10000,ISIC_0029982,nv,HAM_0005886
0,0.6574517488479614,1,ham10000,ISIC_0033221,nv,HAM_0005887
0,0.3106881380081177,1,ham10000,ISIC_0032355,nv,HAM_0005888
1,0.34909626841545105,1,ham10000,ISIC_0029930,akiec,HAM_0005889
0,0.21247641742229462,1,ham10000,ISIC_0027653,nv,HAM_0005890
0,0.4806707501411438,1,ham10000,ISIC_0026060,bkl,HAM_0005891
0,0.44524630904197693,1,ham10000,ISIC_0024861,nv,HAM_0005892
1,0.49508410692214966,1,ham10000,ISIC_0032833,mel,HAM_0005893
0,0.2805481553077698,1,ham10000,ISIC_0025579,nv,HAM_0005894
0,0.3939301073551178,1,ham10000,ISIC_0032252,nv,HAM_0005895
0,0.5836942195892334,1,ham10000,ISIC_0024814,bkl,HAM_0005896
0,0.2758898437023163,1,ham10000,ISIC_0027511,nv,HAM_0005897
0,0.5106586217880249,1,ham10000,ISIC_0033401,bkl,HAM_0005898
0,0.18632616102695465,1,ham10000,ISIC_0031767,nv,HAM_0005899
0,0.3340729773044586,1,ham10000,ISIC_0028726,nv,HAM_0005900
1,0.5274706482887268,1,ham10000,ISIC_0031245,bcc,HAM_0005901
0,0.6214461326599121,1,ham10000,ISIC_0027285,nv,HAM_0005902
0,0.5960533618927002,1,ham10000,ISIC_0032179,bkl,HAM_0005903
0,0.12959535419940948,0,ham10000,ISIC_0024956,nv,HAM_0005904
0,0.5982895493507385,1,ham10000,ISIC_0034257,nv,HAM_0005905
0,0.3123306334018707,1,ham10000,ISIC_0025609,nv,HAM_0005906
0,0.4653986692428589,1,ham10000,ISIC_0027623,nv,HAM_0005907
0,0.1321040242910385,0,ham10000,ISIC_0029150,nv,HAM_0005908
1,0.48316168785095215,1,ham10000,ISIC_0026045,mel,HAM_0005909
0,0.6201440691947937,1,ham10000,ISIC_0026513,nv,HAM_0005910
1,0.6577385067939758,1,ham10000,ISIC_0028127,mel,HAM_0005911
0,0.10801336914300919,0,ham10000,ISIC_0027028,nv,HAM_0005912
0,0.2760593295097351,1,ham10000,ISIC_0028640,bkl,HAM_0005913
0,0.31794264912605286,1,ham10000,ISIC_0028785,nv,HAM_0005914
0,0.5857270956039429,1,ham10000,ISIC_0025656,bkl,HAM_0005915
0,0.12452118843793869,0,ham10000,ISIC_0027556,nv,HAM_0005916
0,0.3561916947364807,1,ham10000,ISIC_0032272,nv,HAM_0005917
0,0.5655729174613953,1,ham10000,ISIC_0029177,df,HAM_0005918
0,0.3435143530368805,1,ham10000,ISIC_0030503,nv,HAM_0005919
0,0.07703349739313126,0,ham10000,ISIC_0026727,nv,HAM_0005920
1,0.8048244714736938,1,ham10000,ISIC_0029034,bcc,HAM_0005921
0,0.14120523631572723,0,ham10000,ISIC_0025896,nv,HAM_0005922
0,0.22644944489002228,1,ham10000,ISIC_0031419,nv,HAM_0005923
1,0.6633505821228027,1,ham10000,ISIC_0025196,akiec,HAM_0005924
0,0.5148075222969055,1,ham10000,ISIC_0026222,nv,HAM_0005925
1,0.6063227653503418,1,ham10000,ISIC_0027069,mel,HAM_0005926
1,0.46783122420310974,1,ham10000,ISIC_0028173,mel,HAM_0005927
0,0.12200307101011276,0,ham10000,ISIC_0031574,nv,HAM_0005928
0,0.5101810097694397,1,ham10000,ISIC_0026638,nv,HAM_0005929
0,0.3015545904636383,1,ham10000,ISIC_0031484,nv,HAM_0005930
1,0.5917431116104126,1,ham10000,ISIC_0031191,akiec,HAM_0005931
0,0.4020985960960388,1,ham10000,ISIC_0027747,bkl,HAM_0005932
1,0.44548895955085754,1,ham10000,ISIC_0024634,bcc,HAM_0005933
0,0.09164609014987946,0,ham10000,ISIC_0031740,nv,HAM_0005934
0,0.4073185324668884,1,ham10000,ISIC_0026679,bkl,HAM_0005935
0,0.4370761215686798,1,ham10000,ISIC_0024921,nv,HAM_0005936
0,0.9998031258583069,1,ham10000,ISIC_0027679,nv,HAM_0005937
0,0.13107895851135254,0,ham10000,ISIC_0025596,vasc,HAM_0005938
0,0.3751700222492218,1,ham10000,ISIC_0024327,nv,HAM_0005939
0,0.34272173047065735,1,ham10000,ISIC_0026331,nv,HAM_0005940
0,0.2741098701953888,1,ham10000,ISIC_0029295,nv,HAM_0005941
0,0.5018248558044434,1,ham10000,ISIC_0032529,nv,HAM_0005942
0,0.13610585033893585,0,ham10000,ISIC_0032033,nv,HAM_0005943
0,0.43211477994918823,1,ham10000,ISIC_0030850,nv,HAM_0005944
0,0.3373565673828125,1,ham10000,ISIC_0032053,nv,HAM_0005945
0,0.27849534153938293,1,ham10000,ISIC_0026368,nv,HAM_0005946
1,0.7635923027992249,1,ham10000,ISIC_0027998,bcc,HAM_0005947
0,0.3566744029521942,1,ham10000,ISIC_0029761,nv,HAM_0005948
0,0.24039961397647858,1,ham10000,ISIC_0027148,nv,HAM_0005949
0,0.2912084460258484,1,ham10000,ISIC_0026165,nv,HAM_0005950
0,0.21808280050754547,1,ham10000,ISIC_0027325,nv,HAM_0005951
0,0.5416973233222961,1,ham10000,ISIC_0027916,bkl,HAM_0005952
1,0.7249888181686401,1,ham10000,ISIC_0032626,mel,HAM_0005953
1,0.567095935344696,1,ham10000,ISIC_0032203,akiec,HAM_0005954
0,0.399059921503067,1,ham10000,ISIC_0024713,nv,HAM_0005955
0,0.2937425374984741,1,ham10000,ISIC_0030727,nv,HAM_0005957
1,0.5005418658256531,1,ham10000,ISIC_0027577,akiec,HAM_0005958
0,0.22056004405021667,1,ham10000,ISIC_0025058,nv,HAM_0005959
0,0.5216519832611084,1,ham10000,ISIC_0028632,nv,HAM_0005960
0,0.2456364929676056,1,ham10000,ISIC_0032795,nv,HAM_0005961
0,0.3837894797325134,1,ham10000,ISIC_0028129,nv,HAM_0005963
0,0.1933864802122116,1,ham10000,ISIC_0026405,nv,HAM_0005964
0,0.4548194408416748,1,ham10000,ISIC_0029858,nv,HAM_0005965
0,0.31053969264030457,1,ham10000,ISIC_0025902,nv,HAM_0005966
0,0.5975200533866882,1,ham10000,ISIC_0032031,bkl,HAM_0005967
0,0.5108901262283325,1,ham10000,ISIC_0024758,bkl,HAM_0005968
0,0.3605080246925354,1,ham10000,ISIC_0028257,nv,HAM_0005969
1,0.6044367551803589,1,ham10000,ISIC_0032806,mel,HAM_0005970
1,0.6369049549102783,1,ham10000,ISIC_0024452,bcc,HAM_0005971
0,0.38896599411964417,1,ham10000,ISIC_0033319,nv,HAM_0005972
1,0.614255428314209,1,ham10000,ISIC_0026940,bcc,HAM_0005973
0,0.5868897438049316,1,ham10000,ISIC_0031395,nv,HAM_0005974
0,0.5518141984939575,1,ham10000,ISIC_0031837,nv,HAM_0005975
0,0.17678047716617584,1,ham10000,ISIC_0030638,nv,HAM_0005976
0,0.5391443967819214,1,ham10000,ISIC_0028396,nv,HAM_0005977
1,0.4621053636074066,1,ham10000,ISIC_0030143,akiec,HAM_0005978
0,0.5639476776123047,1,ham10000,ISIC_0030422,nv,HAM_0005980
1,0.28923383355140686,1,ham10000,ISIC_0027371,bcc,HAM_0005981
1,0.5360440611839294,1,ham10000,ISIC_0026766,bcc,HAM_0005982
0,0.6899058222770691,1,ham10000,ISIC_0025594,df,HAM_0005983
1,0.5404603481292725,1,ham10000,ISIC_0026117,bcc,HAM_0005984
1,0.5491738319396973,1,ham10000,ISIC_0027038,bcc,HAM_0005985
1,0.5053771734237671,1,ham10000,ISIC_0029574,mel,HAM_0005986
0,0.30784735083580017,1,ham10000,ISIC_0026741,nv,HAM_0005987
0,0.20712554454803467,1,ham10000,ISIC_0025646,nv,HAM_0005988
0,0.6574822068214417,1,ham10000,ISIC_0031648,vasc,HAM_0005989
0,0.391512006521225,1,ham10000,ISIC_0032320,nv,HAM_0005990
0,0.3859371542930603,1,ham10000,ISIC_0031505,nv,HAM_0005991
1,0.7036376595497131,1,ham10000,ISIC_0032597,mel,HAM_0005992
0,0.4104064702987671,1,ham10000,ISIC_0026441,bkl,HAM_0005993
0,0.4935094714164734,1,ham10000,ISIC_0029975,nv,HAM_0005994
0,0.565998911857605,1,ham10000,ISIC_0033331,nv,HAM_0005995
0,0.2848460078239441,1,ham10000,ISIC_0031338,nv,HAM_0005996
0,0.7485303282737732,1,ham10000,ISIC_0033740,nv,HAM_0005997
1,0.6288492679595947,1,ham10000,ISIC_0027058,bcc,HAM_0005998
0,0.13216885924339294,0,ham10000,ISIC_0030958,nv,HAM_0005999
0,0.3455418050289154,1,ham10000,ISIC_0032121,nv,HAM_0006000
0,0.41921719908714294,1,ham10000,ISIC_0028395,nv,HAM_0006001
1,0.6178067326545715,1,ham10000,ISIC_0029915,akiec,HAM_0006002
0,0.5624763369560242,1,ham10000,ISIC_0032827,bkl,HAM_0006003
1,0.5095475316047668,1,ham10000,ISIC_0027702,mel,HAM_0006004
1,0.7874552607536316,1,ham10000,ISIC_0029489,bcc,HAM_0006005
1,0.5401953458786011,1,ham10000,ISIC_0024961,mel,HAM_0006006
0,0.13113397359848022,0,ham10000,ISIC_0031737,nv,HAM_0006007
0,0.036784566938877106,0,ham10000,ISIC_0028342,nv,HAM_0006008
0,0.5092379450798035,1,ham10000,ISIC_0026174,bkl,HAM_0006009
0,0.10476192086935043,0,ham10000,ISIC_0028695,nv,HAM_0006010
1,0.46455925703048706,1,ham10000,ISIC_0034012,mel,HAM_0006011
0,0.1130196675658226,0,ham10000,ISIC_0029240,nv,HAM_0006012
0,0.3181454837322235,1,ham10000,ISIC_0028572,nv,HAM_0006013
0,0.6813023686408997,1,ham10000,ISIC_0032737,nv,HAM_0006014
0,0.2750387489795685,1,ham10000,ISIC_0025294,nv,HAM_0006015
0,0.0756508857011795,0,ham10000,ISIC_0029670,nv,HAM_0006016
1,0.5143457651138306,1,ham10000,ISIC_0027282,mel,HAM_0006017
0,0.4198533892631531,1,ham10000,ISIC_0033486,bkl,HAM_0006018
0,0.06252815574407578,0,ham10000,ISIC_0030347,nv,HAM_0006019
0,0.48498010635375977,1,ham10000,ISIC_0029572,nv,HAM_0006020
0,0.3107486069202423,1,ham10000,ISIC_0026881,nv,HAM_0006021
0,0.3891032636165619,1,ham10000,ISIC_0029901,nv,HAM_0006022
0,0.21535082161426544,1,ham10000,ISIC_0025002,nv,HAM_0006023
1,0.5310149192810059,1,ham10000,ISIC_0027884,akiec,HAM_0006024
0,0.44178763031959534,1,ham10000,ISIC_0031285,nv,HAM_0006025
0,0.39153623580932617,1,ham10000,ISIC_0032804,bkl,HAM_0006026
0,0.6250272989273071,1,ham10000,ISIC_0032189,nv,HAM_0006028
0,0.18574124574661255,1,ham10000,ISIC_0025935,nv,HAM_0006029
0,0.5620894432067871,1,ham10000,ISIC_0024618,nv,HAM_0006030
0,0.5992167592048645,1,ham10000,ISIC_0025374,bkl,HAM_0006031
0,0.3464473783969879,1,ham10000,ISIC_0027501,nv,HAM_0006032
0,0.30988040566444397,1,ham10000,ISIC_0026128,nv,HAM_0006033
0,0.4657592475414276,1,ham10000,ISIC_0026426,nv,HAM_0006034
0,0.40748244524002075,1,ham10000,ISIC_0027551,nv,HAM_0006035
1,0.691399097442627,1,ham10000,ISIC_0029713,akiec,HAM_0006036
1,0.48586392402648926,1,ham10000,ISIC_0026571,mel,HAM_0006037
0,0.2748311460018158,1,ham10000,ISIC_0029969,nv,HAM_0006038
0,0.5627103447914124,1,ham10000,ISIC_0028092,nv,HAM_0006039
0,0.4655235707759857,1,ham10000,ISIC_0029978,nv,HAM_0006040
0,0.4985787868499756,1,ham10000,ISIC_0029313,nv,HAM_0006041
0,0.6256692409515381,1,ham10000,ISIC_0033983,nv,HAM_0006042
0,0.2558070123195648,1,ham10000,ISIC_0027782,nv,HAM_0006043
0,0.27734336256980896,1,ham10000,ISIC_0026986,nv,HAM_0006044
0,0.2724838852882385,1,ham10000,ISIC_0029910,nv,HAM_0006045
0,0.3690929114818573,1,ham10000,ISIC_0031199,nv,HAM_0006046
1,0.6420903205871582,1,ham10000,ISIC_0025467,bcc,HAM_0006047
0,0.656467080116272,1,ham10000,ISIC_0030064,nv,HAM_0006048
1,0.3676299452781677,1,ham10000,ISIC_0031614,bcc,HAM_0006049
0,0.34755152463912964,1,ham10000,ISIC_0029122,nv,HAM_0006050
0,0.29715120792388916,1,ham10000,ISIC_0030475,nv,HAM_0006051
0,0.43190619349479675,1,ham10000,ISIC_0025476,nv,HAM_0006052
1,0.5295143723487854,1,ham10000,ISIC_0028147,bcc,HAM_0006053
0,0.2076576054096222,1,ham10000,ISIC_0030982,nv,HAM_0006054
0,0.2502281665802002,1,ham10000,ISIC_0031456,nv,HAM_0006055
0,0.17703424394130707,1,ham10000,ISIC_0030999,nv,HAM_0006057
0,0.10507279634475708,0,ham10000,ISIC_0028911,nv,HAM_0006058
0,0.5230530500411987,1,ham10000,ISIC_0028089,nv,HAM_0006059
0,0.09636435657739639,0,ham10000,ISIC_0030513,nv,HAM_0006060
1,0.70484858751297,1,ham10000,ISIC_0027179,mel,HAM_0006061
0,0.45288383960723877,1,ham10000,ISIC_0029435,nv,HAM_0006062
0,0.15239685773849487,0,ham10000,ISIC_0026975,nv,HAM_0006063
0,0.6336716413497925,1,ham10000,ISIC_0031132,bkl,HAM_0006064
0,0.49473267793655396,1,ham10000,ISIC_0028952,bkl,HAM_0006065
0,0.11951258033514023,0,ham10000,ISIC_0028245,nv,HAM_0006067
0,0.37526723742485046,1,ham10000,ISIC_0024591,nv,HAM_0006068
0,0.35743266344070435,1,ham10000,ISIC_0031681,nv,HAM_0006069
0,0.09421112388372421,0,ham10000,ISIC_0026833,nv,HAM_0006070
0,0.5580112338066101,1,ham10000,ISIC_0032343,bkl,HAM_0006071
0,0.41464829444885254,1,ham10000,ISIC_0027168,nv,HAM_0006072
0,0.35243794322013855,1,ham10000,ISIC_0025761,nv,HAM_0006073
0,0.716549813747406,1,ham10000,ISIC_0033829,bkl,HAM_0006074
0,0.2683482766151428,1,ham10000,ISIC_0026999,nv,HAM_0006075
0,0.3704727292060852,1,ham10000,ISIC_0027323,nv,HAM_0006077
0,0.6203800439834595,1,ham10000,ISIC_0032809,nv,HAM_0006078
0,0.27131372690200806,1,ham10000,ISIC_0030641,nv,HAM_0006079
0,0.4361356496810913,1,ham10000,ISIC_0032668,nv,HAM_0006080
0,0.33544641733169556,1,ham10000,ISIC_0030691,nv,HAM_0006081
0,0.3069772720336914,1,ham10000,ISIC_0027500,nv,HAM_0006082
0,0.35137951374053955,1,ham10000,ISIC_0028178,nv,HAM_0006083
0,0.07543577998876572,0,ham10000,ISIC_0027641,nv,HAM_0006084
0,0.7728415727615356,1,ham10000,ISIC_0032949,bkl,HAM_0006085
0,0.3127405345439911,1,ham10000,ISIC_0025563,nv,HAM_0006086
0,0.2512955665588379,1,ham10000,ISIC_0032094,nv,HAM_0006087
1,0.2867448329925537,1,ham10000,ISIC_0028760,mel,HAM_0006088
0,0.21301531791687012,1,ham10000,ISIC_0031316,nv,HAM_0006089
0,0.1750323623418808,1,ham10000,ISIC_0026859,nv,HAM_0006090
0,0.3920939266681671,1,ham10000,ISIC_0026507,nv,HAM_0006091
1,0.48780709505081177,1,ham10000,ISIC_0029241,mel,HAM_0006092
0,0.1544397622346878,0,ham10000,ISIC_0024974,nv,HAM_0006093
0,0.4199424684047699,1,ham10000,ISIC_0026998,nv,HAM_0006094
0,0.30624014139175415,1,ham10000,ISIC_0025933,nv,HAM_0006095
0,0.3545554578304291,1,ham10000,ISIC_0025190,nv,HAM_0006096
1,0.5864036083221436,1,ham10000,ISIC_0027306,mel,HAM_0006097
0,0.310695081949234,1,ham10000,ISIC_0030938,nv,HAM_0006098
0,0.4388509690761566,1,ham10000,ISIC_0026311,bkl,HAM_0006099
0,0.44089260697364807,1,ham10000,ISIC_0032288,nv,HAM_0006100
1,0.8069155216217041,1,ham10000,ISIC_0032617,mel,HAM_0006101
0,0.462872713804245,1,ham10000,ISIC_0032105,nv,HAM_0006102
0,0.3402782082557678,1,ham10000,ISIC_0031504,nv,HAM_0006103
0,0.4353395700454712,1,ham10000,ISIC_0026323,nv,HAM_0006104
0,0.2029835730791092,1,ham10000,ISIC_0032236,nv,HAM_0006105
0,0.3461606800556183,1,ham10000,ISIC_0032295,nv,HAM_0006106
0,0.581675112247467,1,ham10000,ISIC_0024697,nv,HAM_0006108
0,0.3418751358985901,1,ham10000,ISIC_0028459,nv,HAM_0006109
0,0.5307617783546448,1,ham10000,ISIC_0025289,nv,HAM_0006110
1,0.4783554673194885,1,ham10000,ISIC_0030138,bcc,HAM_0006111
0,0.5519329309463501,1,ham10000,ISIC_0031696,nv,HAM_0006113
0,0.2513178884983063,1,ham10000,ISIC_0027873,nv,HAM_0006114
1,0.7270795106887817,1,ham10000,ISIC_0025576,bcc,HAM_0006115
0,0.5684230327606201,1,ham10000,ISIC_0028117,nv,HAM_0006116
0,0.41985732316970825,1,ham10000,ISIC_0025566,nv,HAM_0006117
0,0.4824228584766388,1,ham10000,ISIC_0026429,nv,HAM_0006118
0,0.29911938309669495,1,ham10000,ISIC_0029944,nv,HAM_0006119
0,0.5003600120544434,1,ham10000,ISIC_0025372,nv,HAM_0006120
0,0.4237305521965027,1,ham10000,ISIC_0032792,nv,HAM_0006121
0,0.47584301233291626,1,ham10000,ISIC_0031556,bkl,HAM_0006122
0,0.5202250480651855,1,ham10000,ISIC_0025275,bkl,HAM_0006123
0,0.6075644493103027,1,ham10000,ISIC_0025131,bkl,HAM_0006124
0,0.3639666736125946,1,ham10000,ISIC_0028144,nv,HAM_0006125
0,0.54695725440979,1,ham10000,ISIC_0027715,nv,HAM_0006126
0,0.1699274331331253,0,ham10000,ISIC_0032449,nv,HAM_0006127
0,0.4969961941242218,1,ham10000,ISIC_0028701,bkl,HAM_0006128
0,0.6037458181381226,1,ham10000,ISIC_0027849,nv,HAM_0006129
1,0.5289283990859985,1,ham10000,ISIC_0031670,mel,HAM_0006130
0,0.17870768904685974,1,ham10000,ISIC_0024822,nv,HAM_0006131
0,0.16191847622394562,0,ham10000,ISIC_0027732,nv,HAM_0006132
0,0.09096924215555191,0,ham10000,ISIC_0024755,nv,HAM_0006133
0,0.3797009289264679,1,ham10000,ISIC_0030622,nv,HAM_0006134
1,0.38691219687461853,1,ham10000,ISIC_0031044,akiec,HAM_0006135
0,0.33619406819343567,1,ham10000,ISIC_0028910,nv,HAM_0006136
1,0.4838434159755707,1,ham10000,ISIC_0026738,mel,HAM_0006137
0,0.42891499400138855,1,ham10000,ISIC_0026713,vasc,HAM_0006138
0,0.04927452653646469,0,ham10000,ISIC_0025349,nv,HAM_0006139
0,0.21357692778110504,1,ham10000,ISIC_0030163,nv,HAM_0006140
0,0.2959297299385071,1,ham10000,ISIC_0024603,nv,HAM_0006141
0,0.4786147475242615,1,ham10000,ISIC_0026509,nv,HAM_0006142
0,0.6642628312110901,1,ham10000,ISIC_0032168,bkl,HAM_0006143
0,0.2780435085296631,1,ham10000,ISIC_0029388,nv,HAM_0006144
0,0.5213049054145813,1,ham10000,ISIC_0031713,nv,HAM_0006145
0,0.5635273456573486,1,ham10000,ISIC_0028159,nv,HAM_0006146
0,0.4173975884914398,1,ham10000,ISIC_0032641,nv,HAM_0006147
0,0.5330312848091125,1,ham10000,ISIC_0033987,bkl,HAM_0006148
0,0.46986842155456543,1,ham10000,ISIC_0025047,nv,HAM_0006149
0,0.6841498613357544,1,ham10000,ISIC_0026569,nv,HAM_0006150
0,0.24299068748950958,1,ham10000,ISIC_0032296,nv,HAM_0006151
1,0.7156271934509277,1,ham10000,ISIC_0027238,mel,HAM_0006152
0,0.30942705273628235,1,ham10000,ISIC_0030749,nv,HAM_0006153
0,0.47286978363990784,1,ham10000,ISIC_0030082,nv,HAM_0006154
0,0.585239052772522,1,ham10000,ISIC_0029728,nv,HAM_0006155
0,0.8195851445198059,1,ham10000,ISIC_0027903,vasc,HAM_0006156
0,0.4687834084033966,1,ham10000,ISIC_0033855,bkl,HAM_0006157
0,0.5397864580154419,1,ham10000,ISIC_0033096,nv,HAM_0006158
0,0.5654282569885254,1,ham10000,ISIC_0028977,bkl,HAM_0006159
1,0.5803530216217041,1,ham10000,ISIC_0030950,mel,HAM_0006160
0,0.2765848636627197,1,ham10000,ISIC_0029164,nv,HAM_0006161
0,0.18510019779205322,1,ham10000,ISIC_0027245,nv,HAM_0006162
0,0.42343130707740784,1,ham10000,ISIC_0030331,nv,HAM_0006163
0,0.06378477811813354,0,ham10000,ISIC_0024385,nv,HAM_0006164
0,0.21153058111667633,1,ham10000,ISIC_0029964,nv,HAM_0006165
0,0.33126652240753174,1,ham10000,ISIC_0028805,nv,HAM_0006166
0,0.11690467596054077,0,ham10000,ISIC_0027845,nv,HAM_0006167
0,0.2639721930027008,1,ham10000,ISIC_0026464,nv,HAM_0006168
0,0.38379597663879395,1,ham10000,ISIC_0026747,nv,HAM_0006169
0,0.3209501802921295,1,ham10000,ISIC_0027969,bkl,HAM_0006170
1,0.4973992109298706,1,ham10000,ISIC_0025663,mel,HAM_0006171
0,0.20701977610588074,1,ham10000,ISIC_0024485,nv,HAM_0006172
0,0.5663846731185913,1,ham10000,ISIC_0031961,bkl,HAM_0006173
0,0.4900151193141937,1,ham10000,ISIC_0028116,nv,HAM_0006174
0,0.33152201771736145,1,ham10000,ISIC_0024954,nv,HAM_0006175
0,0.47403720021247864,1,ham10000,ISIC_0027539,nv,HAM_0006176
0,0.3085562586784363,1,ham10000,ISIC_0031234,nv,HAM_0006177
0,0.2661915123462677,1,ham10000,ISIC_0031100,nv,HAM_0006178
0,0.045581672340631485,0,ham10000,ISIC_0030662,nv,HAM_0006179
1,0.5497072339057922,1,ham10000,ISIC_0026905,akiec,HAM_0006180
0,0.4380616843700409,1,ham10000,ISIC_0026961,bkl,HAM_0006181
0,0.5265211462974548,1,ham10000,ISIC_0033419,nv,HAM_0006182
0,0.2380906492471695,1,ham10000,ISIC_0028397,nv,HAM_0006183
1,0.6719100475311279,1,ham10000,ISIC_0033024,mel,HAM_0006184
0,0.31261199712753296,1,ham10000,ISIC_0028759,nv,HAM_0006185
0,0.4642943739891052,1,ham10000,ISIC_0029320,bkl,HAM_0006186
0,0.5352239608764648,1,ham10000,ISIC_0025453,nv,HAM_0006187
0,0.693756103515625,1,ham10000,ISIC_0024330,df,HAM_0006188
1,0.6952967047691345,1,ham10000,ISIC_0033269,mel,HAM_0006189
0,0.452303022146225,1,ham10000,ISIC_0025507,bkl,HAM_0006190
0,0.3742947578430176,1,ham10000,ISIC_0028829,nv,HAM_0006191
0,0.41871222853660583,1,ham10000,ISIC_0027416,nv,HAM_0006192
0,0.4591979384422302,1,ham10000,ISIC_0029877,vasc,HAM_0006193
0,0.323390394449234,1,ham10000,ISIC_0030968,nv,HAM_0006194
0,0.23268207907676697,1,ham10000,ISIC_0028267,nv,HAM_0006195
1,0.5828974843025208,1,ham10000,ISIC_0025248,mel,HAM_0006196
0,0.6037107706069946,1,ham10000,ISIC_0028332,nv,HAM_0006197
0,0.07656173408031464,0,ham10000,ISIC_0028676,nv,HAM_0006198
0,0.4111255705356598,1,ham10000,ISIC_0024888,nv,HAM_0006199
0,0.4310707747936249,1,ham10000,ISIC_0024420,bkl,HAM_0006201
0,0.30351513624191284,1,ham10000,ISIC_0030627,nv,HAM_0006202
0,0.6111804246902466,1,ham10000,ISIC_0026456,vasc,HAM_0006203
0,0.3206167221069336,1,ham10000,ISIC_0029806,nv,HAM_0006204
0,0.5883622169494629,1,ham10000,ISIC_0031121,nv,HAM_0006205
0,0.14819706976413727,0,ham10000,ISIC_0030438,nv,HAM_0006206
1,0.6179584860801697,1,ham10000,ISIC_0030034,mel,HAM_0006207
1,0.5289945006370544,1,ham10000,ISIC_0028916,mel,HAM_0006208
0,0.31187573075294495,1,ham10000,ISIC_0028626,nv,HAM_0006209
0,0.4846497178077698,1,ham10000,ISIC_0026454,nv,HAM_0006210
0,0.4395739734172821,1,ham10000,ISIC_0025519,bkl,HAM_0006211
0,0.2985283434391022,1,ham10000,ISIC_0029721,nv,HAM_0006212
1,0.6211454272270203,1,ham10000,ISIC_0025182,akiec,HAM_0006213
1,0.6725335717201233,1,ham10000,ISIC_0031189,mel,HAM_0006214
0,0.14740131795406342,0,ham10000,ISIC_0027321,nv,HAM_0006215
0,0.21035976707935333,1,ham10000,ISIC_0030214,nv,HAM_0006216
1,0.39983290433883667,1,ham10000,ISIC_0031043,akiec,HAM_0006217
0,0.4423119127750397,1,ham10000,ISIC_0032589,nv,HAM_0006218
0,0.18677078187465668,1,ham10000,ISIC_0026202,nv,HAM_0006219
1,0.5722160339355469,1,ham10000,ISIC_0024470,akiec,HAM_0006220
0,0.2755128741264343,1,ham10000,ISIC_0025300,nv,HAM_0006221
1,0.6781854629516602,1,ham10000,ISIC_0025069,akiec,HAM_0006222
1,0.31713107228279114,1,ham10000,ISIC_0025791,mel,HAM_0006223
0,0.11809426546096802,0,ham10000,ISIC_0029351,nv,HAM_0006224
0,0.5795011520385742,1,ham10000,ISIC_0028887,nv,HAM_0006225
0,0.24462129175662994,1,ham10000,ISIC_0024414,nv,HAM_0006226
0,0.35092732310295105,1,ham10000,ISIC_0031264,nv,HAM_0006227
0,0.3587068021297455,1,ham10000,ISIC_0028594,nv,HAM_0006228
0,0.23060841858386993,1,ham10000,ISIC_0027733,nv,HAM_0006229
0,0.577255129814148,1,ham10000,ISIC_0032632,nv,HAM_0006230
0,0.40396827459335327,1,ham10000,ISIC_0032849,nv,HAM_0006231
0,0.4902876019477844,1,ham10000,ISIC_0033043,nv,HAM_0006232
0,0.3704032301902771,1,ham10000,ISIC_0033290,nv,HAM_0006233
0,0.45778369903564453,1,ham10000,ISIC_0033341,nv,HAM_0006234
0,0.3999382257461548,1,ham10000,ISIC_0033681,nv,HAM_0006235
0,0.46547695994377136,1,ham10000,ISIC_0033741,nv,HAM_0006236
0,0.6018620133399963,1,ham10000,ISIC_0034072,nv,HAM_0006237
0,0.5682401657104492,1,ham10000,ISIC_0034151,bkl,HAM_0006238
0,0.40976381301879883,1,ham10000,ISIC_0034177,nv,HAM_0006239
0,0.628746509552002,1,ham10000,ISIC_0030188,bkl,HAM_0006240
0,0.4103054404258728,1,ham10000,ISIC_0031379,nv,HAM_0006241
0,0.3886076807975769,1,ham10000,ISIC_0030846,nv,HAM_0006242
0,0.42839181423187256,1,ham10000,ISIC_0031436,bkl,HAM_0006243
0,0.47331804037094116,1,ham10000,ISIC_0027197,nv,HAM_0006244
0,0.505238950252533,1,ham10000,ISIC_0030733,nv,HAM_0006245
0,0.42842981219291687,1,ham10000,ISIC_0024523,nv,HAM_0006246
0,0.17231376469135284,0,ham10000,ISIC_0031393,nv,HAM_0006247
0,0.3267650604248047,1,ham10000,ISIC_0030087,nv,HAM_0006248
0,0.1500033438205719,0,ham10000,ISIC_0024759,nv,HAM_0006249
0,0.39531150460243225,1,ham10000,ISIC_0030308,nv,HAM_0006250
0,0.3761872947216034,1,ham10000,ISIC_0026437,nv,HAM_0006251
1,0.549548327922821,1,ham10000,ISIC_0024646,akiec,HAM_0006252
1,0.5520147085189819,1,ham10000,ISIC_0028291,mel,HAM_0006253
0,0.3514801561832428,1,ham10000,ISIC_0024633,nv,HAM_0006254
0,0.3834657669067383,1,ham10000,ISIC_0026548,nv,HAM_0006255
0,0.32933366298675537,1,ham10000,ISIC_0027624,nv,HAM_0006256
1,0.3846054971218109,1,ham10000,ISIC_0029843,mel,HAM_0006257
0,0.354092538356781,1,ham10000,ISIC_0028484,nv,HAM_0006258
0,0.06857737898826599,0,ham10000,ISIC_0027785,nv,HAM_0006259
0,0.3719601631164551,1,ham10000,ISIC_0029748,nv,HAM_0006260
0,0.31325170397758484,1,ham10000,ISIC_0028466,nv,HAM_0006261
0,0.9655222296714783,1,ham10000,ISIC_0027211,nv,HAM_0006262
0,0.252255916595459,1,ham10000,ISIC_0029447,nv,HAM_0006263
0,0.1426922082901001,0,ham10000,ISIC_0024350,nv,HAM_0006264
0,0.40741437673568726,1,ham10000,ISIC_0028212,nv,HAM_0006266
0,0.49603378772735596,1,ham10000,ISIC_0031200,bkl,HAM_0006267
0,0.41996124386787415,1,ham10000,ISIC_0026432,nv,HAM_0006268
0,0.5246232748031616,1,ham10000,ISIC_0031606,nv,HAM_0006270
0,0.3154316842556,1,ham10000,ISIC_0027572,nv,HAM_0006271
0,0.4407079517841339,1,ham10000,ISIC_0024429,nv,HAM_0006272
0,0.5047399997711182,1,ham10000,ISIC_0028571,nv,HAM_0006273
1,0.46268072724342346,1,ham10000,ISIC_0031351,bcc,HAM_0006274
0,0.24792729318141937,1,ham10000,ISIC_0029186,nv,HAM_0006275
0,0.5373724102973938,1,ham10000,ISIC_0029285,nv,HAM_0006276
0,0.48262637853622437,1,ham10000,ISIC_0031428,bkl,HAM_0006277
0,0.2314261496067047,1,ham10000,ISIC_0031141,nv,HAM_0006278
0,0.15910202264785767,0,ham10000,ISIC_0027195,nv,HAM_0006279
0,0.2254193127155304,1,ham10000,ISIC_0027937,vasc,HAM_0006280
0,0.6316903829574585,1,ham10000,ISIC_0033507,bkl,HAM_0006281
0,0.18766242265701294,1,ham10000,ISIC_0031772,nv,HAM_0006282
0,0.4018460214138031,1,ham10000,ISIC_0027924,nv,HAM_0006283
0,0.37639808654785156,1,ham10000,ISIC_0032904,nv,HAM_0006284
0,0.11760656535625458,0,ham10000,ISIC_0030596,nv,HAM_0006285
0,0.3603757619857788,1,ham10000,ISIC_0027619,nv,HAM_0006286
0,0.5208838582038879,1,ham10000,ISIC_0029101,bkl,HAM_0006287
0,0.25454142689704895,1,ham10000,ISIC_0031835,nv,HAM_0006289
0,0.1204749196767807,0,ham10000,ISIC_0026490,vasc,HAM_0006291
0,0.2615455090999603,1,ham10000,ISIC_0029058,nv,HAM_0006292
0,0.35338863730430603,1,ham10000,ISIC_0027314,nv,HAM_0006293
0,0.6070493459701538,1,ham10000,ISIC_0032348,bkl,HAM_0006294
0,0.38273540139198303,1,ham10000,ISIC_0032720,nv,HAM_0006295
0,0.5332212448120117,1,ham10000,ISIC_0028999,nv,HAM_0006296
0,0.41738206148147583,1,ham10000,ISIC_0025962,nv,HAM_0006297
0,0.3415429890155792,1,ham10000,ISIC_0030613,nv,HAM_0006298
0,0.2286645621061325,1,ham10000,ISIC_0031582,nv,HAM_0006299
0,0.31630825996398926,1,ham10000,ISIC_0028281,nv,HAM_0006300
1,0.45812270045280457,1,ham10000,ISIC_0024468,akiec,HAM_0006301
0,0.49403107166290283,1,ham10000,ISIC_0030819,nv,HAM_0006302
0,0.31677019596099854,1,ham10000,ISIC_0026911,nv,HAM_0006303
0,0.2723258137702942,1,ham10000,ISIC_0032406,nv,HAM_0006304
0,0.39610856771469116,1,ham10000,ISIC_0031274,nv,HAM_0006305
0,0.21507857739925385,1,ham10000,ISIC_0026242,nv,HAM_0006306
0,0.19323022663593292,1,ham10000,ISIC_0024570,nv,HAM_0006307
0,0.43497970700263977,1,ham10000,ISIC_0030716,nv,HAM_0006308
0,0.24011395871639252,1,ham10000,ISIC_0026640,nv,HAM_0006309
0,0.46879372000694275,1,ham10000,ISIC_0031334,bkl,HAM_0006310
0,0.3303876519203186,1,ham10000,ISIC_0024392,nv,HAM_0006311
0,0.4700150191783905,1,ham10000,ISIC_0025631,nv,HAM_0006312
0,0.26924756169319153,1,ham10000,ISIC_0026926,nv,HAM_0006313
0,0.29538536071777344,1,ham10000,ISIC_0029532,nv,HAM_0006314
0,0.04643759876489639,0,ham10000,ISIC_0031144,nv,HAM_0006316
0,0.32969868183135986,1,ham10000,ISIC_0029934,nv,HAM_0006317
0,0.3423413634300232,1,ham10000,ISIC_0024937,nv,HAM_0006318
0,0.3193376362323761,1,ham10000,ISIC_0028348,nv,HAM_0006319
1,0.4387762248516083,1,ham10000,ISIC_0033174,mel,HAM_0006321
0,0.4874931871891022,1,ham10000,ISIC_0030309,nv,HAM_0006322
0,0.24803340435028076,1,ham10000,ISIC_0024680,nv,HAM_0006323
0,0.5407087206840515,1,ham10000,ISIC_0029889,vasc,HAM_0006324
0,0.36135607957839966,1,ham10000,ISIC_0027739,bkl,HAM_0006325
0,0.36465132236480713,1,ham10000,ISIC_0028500,nv,HAM_0006326
0,0.4671439230442047,1,ham10000,ISIC_0028237,bkl,HAM_0006327
0,0.31407442688941956,1,ham10000,ISIC_0030450,nv,HAM_0006328
0,0.5681139230728149,1,ham10000,ISIC_0032758,nv,HAM_0006329
1,0.6388444304466248,1,ham10000,ISIC_0026745,mel,HAM_0006330
0,0.2651231586933136,1,ham10000,ISIC_0029229,nv,HAM_0006331
0,0.3688296377658844,1,ham10000,ISIC_0029822,nv,HAM_0006332
0,0.4581303596496582,1,ham10000,ISIC_0024424,nv,HAM_0006333
0,0.2722444534301758,1,ham10000,ISIC_0032605,nv,HAM_0006334
0,0.18925441801548004,1,ham10000,ISIC_0028892,nv,HAM_0006335
0,0.1981944590806961,1,ham10000,ISIC_0032117,nv,HAM_0006336
0,0.3115061819553375,1,ham10000,ISIC_0029106,nv,HAM_0006337
0,0.44317734241485596,1,ham10000,ISIC_0025125,nv,HAM_0006338
0,0.2252320647239685,1,ham10000,ISIC_0031279,nv,HAM_0006339
0,0.45573291182518005,1,ham10000,ISIC_0028639,nv,HAM_0006340
0,0.3047857880592346,1,ham10000,ISIC_0024681,nv,HAM_0006341
0,0.6369569897651672,1,ham10000,ISIC_0024425,nv,HAM_0006342
0,0.5035921335220337,1,ham10000,ISIC_0024997,bkl,HAM_0006343
0,0.30680596828460693,1,ham10000,ISIC_0026966,nv,HAM_0006344
0,0.17207512259483337,0,ham10000,ISIC_0027762,nv,HAM_0006345
0,0.4546988308429718,1,ham10000,ISIC_0026280,bkl,HAM_0006346
0,0.8509507775306702,1,ham10000,ISIC_0025702,nv,HAM_0006347
0,0.38590916991233826,1,ham10000,ISIC_0027110,nv,HAM_0006348
0,0.2569481432437897,1,ham10000,ISIC_0024919,nv,HAM_0006349
0,0.4990192949771881,1,ham10000,ISIC_0031130,bkl,HAM_0006350
1,0.6759517192840576,1,ham10000,ISIC_0027117,bcc,HAM_0006351
0,0.41598325967788696,1,ham10000,ISIC_0025341,nv,HAM_0006352
0,0.5833545327186584,1,ham10000,ISIC_0032712,nv,HAM_0006353
0,0.1728704422712326,0,ham10000,ISIC_0032137,nv,HAM_0006354
1,0.6738995313644409,1,ham10000,ISIC_0027663,mel,HAM_0006355
0,0.2204756885766983,1,ham10000,ISIC_0029732,nv,HAM_0006356
0,0.28432735800743103,1,ham10000,ISIC_0024835,nv,HAM_0006357
0,0.3582994043827057,1,ham10000,ISIC_0025581,nv,HAM_0006358
0,0.44039347767829895,1,ham10000,ISIC_0027403,nv,HAM_0006359
0,0.31153902411460876,1,ham10000,ISIC_0027926,nv,HAM_0006360
0,0.37351927161216736,1,ham10000,ISIC_0030196,nv,HAM_0006361
0,0.40652328729629517,1,ham10000,ISIC_0030523,nv,HAM_0006362
0,0.511215329170227,1,ham10000,ISIC_0024936,nv,HAM_0006363
0,0.450335830450058,1,ham10000,ISIC_0029027,nv,HAM_0006364
0,0.28554868698120117,1,ham10000,ISIC_0028296,nv,HAM_0006365
0,0.5120363235473633,1,ham10000,ISIC_0030732,nv,HAM_0006366
0,0.5225865840911865,1,ham10000,ISIC_0024926,nv,HAM_0006367
0,0.18914131820201874,1,ham10000,ISIC_0029688,nv,HAM_0006369
0,0.28526896238327026,1,ham10000,ISIC_0026032,nv,HAM_0006370
0,0.526009738445282,1,ham10000,ISIC_0033626,df,HAM_0006371
0,0.6478570103645325,1,ham10000,ISIC_0032817,nv,HAM_0006372
0,0.3342512845993042,1,ham10000,ISIC_0028143,nv,HAM_0006373
0,0.27542585134506226,1,ham10000,ISIC_0031540,nv,HAM_0006374
0,0.30915597081184387,1,ham10000,ISIC_0026114,nv,HAM_0006375
1,0.36671382188796997,1,ham10000,ISIC_0032845,mel,HAM_0006376
0,0.36996909976005554,1,ham10000,ISIC_0024465,nv,HAM_0006377
0,0.322426438331604,1,ham10000,ISIC_0024735,nv,HAM_0006378
0,0.39272341132164,1,ham10000,ISIC_0032937,nv,HAM_0006379
1,0.3887985944747925,1,ham10000,ISIC_0028718,mel,HAM_0006380
0,0.35072946548461914,1,ham10000,ISIC_0025023,nv,HAM_0006381
0,0.06488131731748581,0,ham10000,ISIC_0029883,nv,HAM_0006382
0,0.38380199670791626,1,ham10000,ISIC_0025183,nv,HAM_0006383
1,0.7974849939346313,1,ham10000,ISIC_0031272,bcc,HAM_0006384
0,0.40337246656417847,1,ham10000,ISIC_0026733,nv,HAM_0006385
1,0.5331117510795593,1,ham10000,ISIC_0029035,bcc,HAM_0006386
1,0.35077089071273804,1,ham10000,ISIC_0026831,bcc,HAM_0006387
0,0.3729705810546875,1,ham10000,ISIC_0029542,nv,HAM_0006388
0,0.42014631628990173,1,ham10000,ISIC_0027738,nv,HAM_0006389
0,0.4719909429550171,1,ham10000,ISIC_0025887,nv,HAM_0006390
0,0.3305780291557312,1,ham10000,ISIC_0032783,nv,HAM_0006391
0,0.28364452719688416,1,ham10000,ISIC_0028064,nv,HAM_0006392
0,0.48963460326194763,1,ham10000,ISIC_0029189,nv,HAM_0006393
0,0.15397894382476807,0,ham10000,ISIC_0027635,nv,HAM_0006394
0,0.07908809185028076,0,ham10000,ISIC_0025934,nv,HAM_0006395
0,0.40359121561050415,1,ham10000,ISIC_0033015,nv,HAM_0006396
0,0.47440141439437866,1,ham10000,ISIC_0029475,nv,HAM_0006397
0,0.5597261786460876,1,ham10000,ISIC_0027568,nv,HAM_0006398
0,0.5061948895454407,1,ham10000,ISIC_0026219,bkl,HAM_0006399
1,0.36620551347732544,1,ham10000,ISIC_0031741,mel,HAM_0006400
0,0.15279649198055267,0,ham10000,ISIC_0031451,nv,HAM_0006401
0,0.06060947850346565,0,ham10000,ISIC_0025602,nv,HAM_0006402
0,0.29519006609916687,1,ham10000,ISIC_0030248,nv,HAM_0006403
0,0.19661864638328552,1,ham10000,ISIC_0026983,nv,HAM_0006404
0,0.20599693059921265,1,ham10000,ISIC_0031641,nv,HAM_0006405
0,0.07423189282417297,0,ham10000,ISIC_0026336,vasc,HAM_0006406
0,0.35292184352874756,1,ham10000,ISIC_0025198,nv,HAM_0006408
0,0.5964745283126831,1,ham10000,ISIC_0028987,nv,HAM_0006409
0,0.4416773319244385,1,ham10000,ISIC_0027449,nv,HAM_0006410
0,0.48754236102104187,1,ham10000,ISIC_0027140,nv,HAM_0006411
0,0.46026796102523804,1,ham10000,ISIC_0027720,nv,HAM_0006412
0,0.2684703469276428,1,ham10000,ISIC_0031165,nv,HAM_0006413
0,0.43582749366760254,1,ham10000,ISIC_0026485,nv,HAM_0006414
0,0.3128966689109802,1,ham10000,ISIC_0032367,nv,HAM_0006415
0,0.10027694702148438,0,ham10000,ISIC_0028137,nv,HAM_0006416
0,0.6070249080657959,1,ham10000,ISIC_0033599,nv,HAM_0006418
0,0.43323570489883423,1,ham10000,ISIC_0026193,nv,HAM_0006419
0,0.39113849401474,1,ham10000,ISIC_0029905,nv,HAM_0006420
0,0.37679362297058105,1,ham10000,ISIC_0031403,nv,HAM_0006421
0,0.3450455367565155,1,ham10000,ISIC_0030368,nv,HAM_0006422
1,0.5762630105018616,1,ham10000,ISIC_0028352,mel,HAM_0006423
0,0.2677747905254364,1,ham10000,ISIC_0032256,nv,HAM_0006424
0,0.16653956472873688,0,ham10000,ISIC_0028530,nv,HAM_0006425
1,0.6779979467391968,1,ham10000,ISIC_0032922,mel,HAM_0006426
0,0.1051989495754242,0,ham10000,ISIC_0028704,nv,HAM_0006427
0,0.2999531626701355,1,ham10000,ISIC_0030862,nv,HAM_0006428
0,0.37353962659835815,1,ham10000,ISIC_0026240,nv,HAM_0006429
0,0.5077252984046936,1,ham10000,ISIC_0026487,nv,HAM_0006430
0,0.21069611608982086,1,ham10000,ISIC_0031992,nv,HAM_0006431
0,0.38829201459884644,1,ham10000,ISIC_0030884,nv,HAM_0006432
1,0.6627301573753357,1,ham10000,ISIC_0029370,mel,HAM_0006433
1,0.5293538570404053,1,ham10000,ISIC_0028076,akiec,HAM_0006434
1,0.7758342027664185,1,ham10000,ISIC_0033573,mel,HAM_0006435
0,0.37418222427368164,1,ham10000,ISIC_0027655,nv,HAM_0006436
1,0.5161575078964233,1,ham10000,ISIC_0033469,mel,HAM_0006437
0,0.3767821192741394,1,ham10000,ISIC_0033722,bkl,HAM_0006438
0,0.2800716161727905,1,ham10000,ISIC_0025621,nv,HAM_0006439
0,0.20951448380947113,1,ham10000,ISIC_0028074,nv,HAM_0006440
0,0.4213104248046875,1,ham10000,ISIC_0029016,nv,HAM_0006441
1,0.5643687844276428,1,ham10000,ISIC_0032947,akiec,HAM_0006442
0,0.43045929074287415,1,ham10000,ISIC_0028164,nv,HAM_0006443
1,0.7089214324951172,1,ham10000,ISIC_0032318,bcc,HAM_0006444
1,0.5721469521522522,1,ham10000,ISIC_0033333,mel,HAM_0006445
0,0.3898189663887024,1,ham10000,ISIC_0025591,nv,HAM_0006446
0,0.06645230948925018,0,ham10000,ISIC_0031276,vasc,HAM_0006447
0,0.47185665369033813,1,ham10000,ISIC_0028912,nv,HAM_0006448
0,0.11260805279016495,0,ham10000,ISIC_0028604,nv,HAM_0006449
0,0.2889907658100128,1,ham10000,ISIC_0028724,nv,HAM_0006450
0,0.5748972296714783,1,ham10000,ISIC_0032274,nv,HAM_0006451
0,0.2250259667634964,1,ham10000,ISIC_0030424,nv,HAM_0006452
1,0.5721398591995239,1,ham10000,ISIC_0025744,mel,HAM_0006453
0,0.42698514461517334,1,ham10000,ISIC_0030009,nv,HAM_0006454
0,0.15092869102954865,0,ham10000,ISIC_0029690,nv,HAM_0006455
0,0.5121800899505615,1,ham10000,ISIC_0032305,nv,HAM_0006456
0,0.3236665427684784,1,ham10000,ISIC_0027987,nv,HAM_0006457
0,0.5844556093215942,1,ham10000,ISIC_0027578,nv,HAM_0006458
0,0.40837353467941284,1,ham10000,ISIC_0033011,nv,HAM_0006459
0,0.024522870779037476,0,ham10000,ISIC_0027292,nv,HAM_0006460
0,0.3568075895309448,1,ham10000,ISIC_0026830,nv,HAM_0006461
1,0.5934853553771973,1,ham10000,ISIC_0033520,mel,HAM_0006462
0,0.3401431143283844,1,ham10000,ISIC_0028515,nv,HAM_0006463
0,0.19202040135860443,1,ham10000,ISIC_0025424,nv,HAM_0006464
1,0.6369187831878662,1,ham10000,ISIC_0030813,bcc,HAM_0006465
0,0.43584856390953064,1,ham10000,ISIC_0024495,bkl,HAM_0006466
1,0.5747736096382141,1,ham10000,ISIC_0027622,mel,HAM_0006467
0,0.2597663402557373,1,ham10000,ISIC_0030162,nv,HAM_0006468
0,0.46583056449890137,1,ham10000,ISIC_0024479,nv,HAM_0006469
0,0.371406227350235,1,ham10000,ISIC_0027978,nv,HAM_0006470
0,0.441568523645401,1,ham10000,ISIC_0028187,nv,HAM_0006471
0,0.47792956233024597,1,ham10000,ISIC_0027394,bkl,HAM_0006472
0,0.18129386007785797,1,ham10000,ISIC_0026696,nv,HAM_0006473
0,0.3359132409095764,1,ham10000,ISIC_0030262,nv,HAM_0006474
0,0.5567935705184937,1,ham10000,ISIC_0030965,bkl,HAM_0006475
0,0.128404900431633,0,ham10000,ISIC_0031877,nv,HAM_0006476
0,0.10672768205404282,0,ham10000,ISIC_0029237,nv,HAM_0006477
0,0.5821639895439148,1,ham10000,ISIC_0025210,nv,HAM_0006478
0,0.1671975553035736,0,ham10000,ISIC_0026004,nv,HAM_0006479
0,0.3099101781845093,1,ham10000,ISIC_0026536,nv,HAM_0006480
1,0.6084233522415161,1,ham10000,ISIC_0026492,akiec,HAM_0006481
1,0.5730119347572327,1,ham10000,ISIC_0027506,akiec,HAM_0006482
1,0.6050493121147156,1,ham10000,ISIC_0032371,akiec,HAM_0006483
0,0.5325038433074951,1,ham10000,ISIC_0027244,nv,HAM_0006484
0,0.1561088263988495,0,ham10000,ISIC_0024423,nv,HAM_0006485
0,0.36273902654647827,1,ham10000,ISIC_0026880,nv,HAM_0006486
0,0.08614655584096909,0,ham10000,ISIC_0028617,nv,HAM_0006487
0,0.14429765939712524,0,ham10000,ISIC_0031066,nv,HAM_0006488
0,0.4246490001678467,1,ham10000,ISIC_0029624,nv,HAM_0006489
0,0.40555331110954285,1,ham10000,ISIC_0024979,nv,HAM_0006490
0,0.9905999898910522,1,ham10000,ISIC_0033070,nv,HAM_0006491
0,0.3637426793575287,1,ham10000,ISIC_0031092,nv,HAM_0006492
0,0.23108725249767303,1,ham10000,ISIC_0024950,nv,HAM_0006493
0,0.255417138338089,1,ham10000,ISIC_0029714,nv,HAM_0006494
0,0.24824553728103638,1,ham10000,ISIC_0025215,nv,HAM_0006495
0,0.6018375754356384,1,ham10000,ISIC_0032579,nv,HAM_0006496
1,0.4743262529373169,1,ham10000,ISIC_0027302,mel,HAM_0006497
0,0.305446594953537,1,ham10000,ISIC_0028446,nv,HAM_0006498
0,0.3757677674293518,1,ham10000,ISIC_0031027,nv,HAM_0006499
0,0.4384934604167938,1,ham10000,ISIC_0032479,nv,HAM_0006500
0,0.19329708814620972,1,ham10000,ISIC_0025873,vasc,HAM_0006501
0,0.17975082993507385,1,ham10000,ISIC_0029312,nv,HAM_0006502
0,0.26877376437187195,1,ham10000,ISIC_0032217,nv,HAM_0006503
0,0.17122845351696014,0,ham10000,ISIC_0031098,nv,HAM_0006504
0,0.37309932708740234,1,ham10000,ISIC_0031343,nv,HAM_0006505
0,0.20692044496536255,1,ham10000,ISIC_0028408,nv,HAM_0006506
0,0.4156320095062256,1,ham10000,ISIC_0026585,nv,HAM_0006507
0,0.08579646050930023,0,ham10000,ISIC_0030342,nv,HAM_0006508
0,0.20457723736763,1,ham10000,ISIC_0025733,nv,HAM_0006509
0,0.4630749225616455,1,ham10000,ISIC_0029828,nv,HAM_0006510
0,0.11642053723335266,0,ham10000,ISIC_0029892,nv,HAM_0006511
0,0.4784453511238098,1,ham10000,ISIC_0027614,nv,HAM_0006512
0,0.571535587310791,1,ham10000,ISIC_0030783,bkl,HAM_0006513
0,0.3520331084728241,1,ham10000,ISIC_0026559,nv,HAM_0006514
0,0.3927079439163208,1,ham10000,ISIC_0025828,nv,HAM_0006515
0,0.7348032593727112,1,ham10000,ISIC_0033315,nv,HAM_0006516
1,0.6861886382102966,1,ham10000,ISIC_0032672,mel,HAM_0006517
0,0.33127444982528687,1,ham10000,ISIC_0027618,nv,HAM_0006518
0,0.20868080854415894,1,ham10000,ISIC_0025258,nv,HAM_0006519
0,0.46855753660202026,1,ham10000,ISIC_0032767,nv,HAM_0006520
1,0.5006712079048157,1,ham10000,ISIC_0025155,mel,HAM_0006521
1,0.6791893839836121,1,ham10000,ISIC_0026369,mel,HAM_0006522
0,0.3927209675312042,1,ham10000,ISIC_0027919,nv,HAM_0006523
1,0.4287596046924591,1,ham10000,ISIC_0024763,akiec,HAM_0006524
0,0.4851795434951782,1,ham10000,ISIC_0027018,bkl,HAM_0006525
0,0.40754586458206177,1,ham10000,ISIC_0026671,nv,HAM_0006526
1,0.6617025136947632,1,ham10000,ISIC_0029094,mel,HAM_0006527
0,0.4730221629142761,1,ham10000,ISIC_0032763,bkl,HAM_0006528
0,0.5081653594970703,1,ham10000,ISIC_0024695,nv,HAM_0006529
0,0.4147733151912689,1,ham10000,ISIC_0029686,nv,HAM_0006530
0,0.46269097924232483,1,ham10000,ISIC_0027681,bkl,HAM_0006531
0,0.09614362567663193,0,ham10000,ISIC_0026435,nv,HAM_0006532
0,0.35274019837379456,1,ham10000,ISIC_0028497,bkl,HAM_0006533
0,0.29272475838661194,1,ham10000,ISIC_0028778,nv,HAM_0006534
0,0.3684596121311188,1,ham10000,ISIC_0032069,nv,HAM_0006535
0,0.4026964008808136,1,ham10000,ISIC_0032171,nv,HAM_0006536
0,0.39884716272354126,1,ham10000,ISIC_0029815,nv,HAM_0006537
1,0.49946728348731995,1,ham10000,ISIC_0029397,mel,HAM_0006538
0,0.5707337260246277,1,ham10000,ISIC_0032516,nv,HAM_0006539
1,0.5903663039207458,1,ham10000,ISIC_0032988,mel,HAM_0006540
0,0.2785091698169708,1,ham10000,ISIC_0024883,bkl,HAM_0006541
0,0.7975201606750488,1,ham10000,ISIC_0030015,df,HAM_0006542
0,0.4586971700191498,1,ham10000,ISIC_0026096,nv,HAM_0006543
0,0.2376314252614975,1,ham10000,ISIC_0031881,nv,HAM_0006544
1,0.3869430422782898,1,ham10000,ISIC_0032598,mel,HAM_0006545
0,0.25139790773391724,1,ham10000,ISIC_0030413,nv,HAM_0006546
0,0.510287880897522,1,ham10000,ISIC_0027258,nv,HAM_0006547
1,0.6875787377357483,1,ham10000,ISIC_0030010,bcc,HAM_0006548
0,0.5082380771636963,1,ham10000,ISIC_0033007,nv,HAM_0006550
0,0.2476995289325714,1,ham10000,ISIC_0027970,nv,HAM_0006551
0,0.15995869040489197,0,ham10000,ISIC_0024531,nv,HAM_0006552
0,0.42679736018180847,1,ham10000,ISIC_0026942,nv,HAM_0006553
0,0.4736003279685974,1,ham10000,ISIC_0028866,nv,HAM_0006554
0,0.33027440309524536,1,ham10000,ISIC_0030405,nv,HAM_0006555
1,0.5025695562362671,1,ham10000,ISIC_0027402,mel,HAM_0006556
0,0.22813723981380463,1,ham10000,ISIC_0025334,nv,HAM_0006557
0,0.6756882667541504,1,ham10000,ISIC_0031639,bkl,HAM_0006558
0,0.4916655719280243,1,ham10000,ISIC_0033455,nv,HAM_0006559
1,0.494405061006546,1,ham10000,ISIC_0026729,akiec,HAM_0006560
0,0.0879891887307167,0,ham10000,ISIC_0026612,nv,HAM_0006561
0,0.13972343504428864,0,ham10000,ISIC_0031084,nv,HAM_0006562
0,0.3384064733982086,1,ham10000,ISIC_0026477,bkl,HAM_0006563
1,0.4861651659011841,1,ham10000,ISIC_0031721,bcc,HAM_0006564
0,0.4307032823562622,1,ham10000,ISIC_0027489,nv,HAM_0006565
1,0.6212272644042969,1,ham10000,ISIC_0032535,mel,HAM_0006566
0,0.3537032902240753,1,ham10000,ISIC_0032649,nv,HAM_0006567
0,0.4266451299190521,1,ham10000,ISIC_0025615,nv,HAM_0006568
0,0.1705562025308609,0,ham10000,ISIC_0030483,nv,HAM_0006569
0,0.6182191967964172,1,ham10000,ISIC_0030343,nv,HAM_0006570
0,0.3364827036857605,1,ham10000,ISIC_0025418,nv,HAM_0006571
1,0.7841006517410278,1,ham10000,ISIC_0026091,bcc,HAM_0006572
0,0.2415519654750824,1,ham10000,ISIC_0026918,nv,HAM_0006573
0,0.40506842732429504,1,ham10000,ISIC_0025567,bkl,HAM_0006574
1,0.6457024812698364,1,ham10000,ISIC_0029391,bcc,HAM_0006575
0,0.2748372256755829,1,ham10000,ISIC_0024606,nv,HAM_0006576
0,0.3896460235118866,1,ham10000,ISIC_0030671,nv,HAM_0006578
0,0.06614935398101807,0,ham10000,ISIC_0030668,nv,HAM_0006579
0,0.38780081272125244,1,ham10000,ISIC_0025376,bkl,HAM_0006580
0,0.27162227034568787,1,ham10000,ISIC_0026231,nv,HAM_0006581
0,0.34680041670799255,1,ham10000,ISIC_0029487,nv,HAM_0006582
0,0.5921534299850464,1,ham10000,ISIC_0026177,nv,HAM_0006583
0,0.27056390047073364,1,ham10000,ISIC_0024983,nv,HAM_0006584
0,0.2548624277114868,1,ham10000,ISIC_0024455,nv,HAM_0006585
1,0.730048418045044,1,ham10000,ISIC_0034026,bcc,HAM_0006586
1,0.45191246271133423,1,ham10000,ISIC_0025780,akiec,HAM_0006587
1,0.5033968091011047,1,ham10000,ISIC_0031552,bcc,HAM_0006588
0,0.16025441884994507,0,ham10000,ISIC_0031187,nv,HAM_0006589
0,0.3438071310520172,1,ham10000,ISIC_0029694,nv,HAM_0006590
0,0.49891191720962524,1,ham10000,ISIC_0030678,nv,HAM_0006591
1,0.5301544070243835,1,ham10000,ISIC_0024925,akiec,HAM_0006592
1,0.5578988194465637,1,ham10000,ISIC_0025708,mel,HAM_0006593
1,0.5150966048240662,1,ham10000,ISIC_0025195,mel,HAM_0006594
0,0.5895447731018066,1,ham10000,ISIC_0028223,bkl,HAM_0006595
0,0.5757685303688049,1,ham10000,ISIC_0027005,nv,HAM_0006596
0,0.29923388361930847,1,ham10000,ISIC_0028657,nv,HAM_0006597
0,0.4538460373878479,1,ham10000,ISIC_0024508,nv,HAM_0006598
0,0.2658258378505707,1,ham10000,ISIC_0025141,nv,HAM_0006599
0,0.4488614797592163,1,ham10000,ISIC_0028891,nv,HAM_0006600
0,0.5209980010986328,1,ham10000,ISIC_0031511,bkl,HAM_0006601
0,0.3574399948120117,1,ham10000,ISIC_0026598,nv,HAM_0006602
1,0.47436532378196716,1,ham10000,ISIC_0030821,akiec,HAM_0006604
0,0.37552544474601746,1,ham10000,ISIC_0026055,nv,HAM_0006605
0,0.1707121878862381,0,ham10000,ISIC_0028794,nv,HAM_0006606
0,0.3470100164413452,1,ham10000,ISIC_0026985,nv,HAM_0006607
0,0.42207062244415283,1,ham10000,ISIC_0025491,nv,HAM_0006608
1,0.6060672998428345,1,ham10000,ISIC_0031266,bcc,HAM_0006609
0,0.5308780074119568,1,ham10000,ISIC_0033250,nv,HAM_0006610
0,0.44869184494018555,1,ham10000,ISIC_0028985,nv,HAM_0006611
0,0.2511654794216156,1,ham10000,ISIC_0031426,nv,HAM_0006612
0,0.4061321020126343,1,ham10000,ISIC_0031894,nv,HAM_0006613
0,0.1321350485086441,0,ham10000,ISIC_0027927,nv,HAM_0006614
0,0.5590141415596008,1,ham10000,ISIC_0032780,nv,HAM_0006615
0,0.4365594983100891,1,ham10000,ISIC_0031794,nv,HAM_0006616
0,0.48871636390686035,1,ham10000,ISIC_0024669,vasc,HAM_0006617
0,0.5697715878486633,1,ham10000,ISIC_0028804,nv,HAM_0006618
0,0.47122716903686523,1,ham10000,ISIC_0029983,nv,HAM_0006619
0,0.1408226639032364,0,ham10000,ISIC_0029378,nv,HAM_0006620
0,0.4620169997215271,1,ham10000,ISIC_0026649,nv,HAM_0006621
0,0.43435025215148926,1,ham10000,ISIC_0025939,bkl,HAM_0006622
0,0.5548778772354126,1,ham10000,ISIC_0033404,nv,HAM_0006623
1,0.6067360639572144,1,ham10000,ISIC_0027595,bcc,HAM_0006624
0,0.4512791931629181,1,ham10000,ISIC_0034043,nv,HAM_0006625
1,0.6354397535324097,1,ham10000,ISIC_0029914,mel,HAM_0006626
0,0.40450137853622437,1,ham10000,ISIC_0029511,nv,HAM_0006627
0,0.6729235053062439,1,ham10000,ISIC_0033111,nv,HAM_0006628
0,0.3332030773162842,1,ham10000,ISIC_0025689,nv,HAM_0006629
0,0.5881335139274597,1,ham10000,ISIC_0032063,bkl,HAM_0006630
1,0.214632049202919,1,ham10000,ISIC_0027814,bcc,HAM_0006631
0,0.2793391942977905,1,ham10000,ISIC_0026196,nv,HAM_0006632
0,0.3419685959815979,1,ham10000,ISIC_0028598,nv,HAM_0006633
0,0.30508875846862793,1,ham10000,ISIC_0033227,nv,HAM_0006634
1,0.5621224045753479,1,ham10000,ISIC_0028900,mel,HAM_0006635
1,0.6727964878082275,1,ham10000,ISIC_0028051,mel,HAM_0006636
0,0.4016053080558777,1,ham10000,ISIC_0033435,nv,HAM_0006637
0,0.13295653462409973,0,ham10000,ISIC_0025220,nv,HAM_0006638
0,0.38911867141723633,1,ham10000,ISIC_0028733,nv,HAM_0006639
0,0.29706910252571106,1,ham10000,ISIC_0029551,nv,HAM_0006640
0,0.2975698709487915,1,ham10000,ISIC_0026659,nv,HAM_0006641
0,0.4379444718360901,1,ham10000,ISIC_0030916,nv,HAM_0006642
0,0.3643651604652405,1,ham10000,ISIC_0033982,nv,HAM_0006643
0,0.44814395904541016,1,ham10000,ISIC_0033882,nv,HAM_0006644
0,0.45569923520088196,1,ham10000,ISIC_0024818,nv,HAM_0006645
0,0.36607012152671814,1,ham10000,ISIC_0030320,nv,HAM_0006646
0,0.27877277135849,1,ham10000,ISIC_0030895,nv,HAM_0006647
0,0.2935420274734497,1,ham10000,ISIC_0027981,nv,HAM_0006648
0,0.4358188807964325,1,ham10000,ISIC_0031995,nv,HAM_0006649
0,0.4576355516910553,1,ham10000,ISIC_0032502,nv,HAM_0006650
1,0.7509329319000244,1,ham10000,ISIC_0032182,mel,HAM_0006651
0,0.49048855900764465,1,ham10000,ISIC_0030123,bkl,HAM_0006652
0,0.3757694363594055,1,ham10000,ISIC_0025320,nv,HAM_0006653
0,0.5945913791656494,1,ham10000,ISIC_0032556,bkl,HAM_0006654
0,0.4832228720188141,1,ham10000,ISIC_0025994,nv,HAM_0006655
0,0.3740292489528656,1,ham10000,ISIC_0028192,nv,HAM_0006656
0,0.1594172716140747,0,ham10000,ISIC_0030541,nv,HAM_0006657
1,0.5454738140106201,1,ham10000,ISIC_0026154,bcc,HAM_0006658
0,0.28720393776893616,1,ham10000,ISIC_0028160,nv,HAM_0006659
0,0.20376883447170258,1,ham10000,ISIC_0025055,nv,HAM_0006660
0,0.3708532154560089,1,ham10000,ISIC_0026465,nv,HAM_0006661
0,0.3183637261390686,1,ham10000,ISIC_0030457,nv,HAM_0006662
0,0.5338186025619507,1,ham10000,ISIC_0033201,bkl,HAM_0006663
0,0.5805717706680298,1,ham10000,ISIC_0029833,nv,HAM_0006664
0,0.0486244298517704,0,ham10000,ISIC_0030775,nv,HAM_0006665
0,0.6436922550201416,1,ham10000,ISIC_0032908,nv,HAM_0006666
0,0.1785070300102234,1,ham10000,ISIC_0031744,nv,HAM_0006667
0,0.41478464007377625,1,ham10000,ISIC_0027808,nv,HAM_0006668
0,0.4291720390319824,1,ham10000,ISIC_0026137,nv,HAM_0006669
0,0.5312524437904358,1,ham10000,ISIC_0027335,bkl,HAM_0006670
0,0.2845977544784546,1,ham10000,ISIC_0027843,nv,HAM_0006671
0,0.16847547888755798,0,ham10000,ISIC_0029096,nv,HAM_0006672
0,0.43726104497909546,1,ham10000,ISIC_0032719,bkl,HAM_0006673
0,0.48413941264152527,1,ham10000,ISIC_0029280,nv,HAM_0006674
0,0.4222523868083954,1,ham10000,ISIC_0032846,nv,HAM_0006675
0,0.09216753393411636,0,ham10000,ISIC_0026221,nv,HAM_0006676
0,0.13552027940750122,0,ham10000,ISIC_0025426,nv,HAM_0006677
0,0.5712372064590454,1,ham10000,ISIC_0028727,nv,HAM_0006678
0,0.37017902731895447,1,ham10000,ISIC_0031267,nv,HAM_0006679
0,0.10200023651123047,0,ham10000,ISIC_0028458,nv,HAM_0006680
0,0.3305038511753082,1,ham10000,ISIC_0030219,nv,HAM_0006681
0,0.29881539940834045,1,ham10000,ISIC_0027778,nv,HAM_0006682
0,0.207884281873703,1,ham10000,ISIC_0031139,nv,HAM_0006683
0,0.3100017309188843,1,ham10000,ISIC_0029614,nv,HAM_0006684
0,0.4104403555393219,1,ham10000,ISIC_0025542,nv,HAM_0006685
0,0.4002314507961273,1,ham10000,ISIC_0028292,nv,HAM_0006686
0,0.19275540113449097,1,ham10000,ISIC_0031273,nv,HAM_0006687
0,0.40134719014167786,1,ham10000,ISIC_0030699,nv,HAM_0006688
0,0.4412649869918823,1,ham10000,ISIC_0024493,nv,HAM_0006689
0,0.10616400837898254,0,ham10000,ISIC_0028942,nv,HAM_0006690
0,0.4281812310218811,1,ham10000,ISIC_0030797,nv,HAM_0006691
1,0.5303682684898376,1,ham10000,ISIC_0029163,mel,HAM_0006692
0,0.4645942151546478,1,ham10000,ISIC_0024462,nv,HAM_0006693
0,0.3843633234500885,1,ham10000,ISIC_0029657,nv,HAM_0006694
0,0.2139238566160202,1,ham10000,ISIC_0029224,nv,HAM_0006695
1,0.48043641448020935,1,ham10000,ISIC_0026094,mel,HAM_0006696
0,0.31093961000442505,1,ham10000,ISIC_0030272,bkl,HAM_0006697
0,0.2301449328660965,1,ham10000,ISIC_0026771,nv,HAM_0006698
1,0.22557339072227478,1,ham10000,ISIC_0024571,mel,HAM_0006699
0,0.5039610266685486,1,ham10000,ISIC_0032659,nv,HAM_0006700
0,0.2136048525571823,1,ham10000,ISIC_0029310,nv,HAM_0006701
0,0.5399646162986755,1,ham10000,ISIC_0030580,nv,HAM_0006702
0,0.351823627948761,1,ham10000,ISIC_0031833,nv,HAM_0006703
0,0.33018484711647034,1,ham10000,ISIC_0025464,nv,HAM_0006704
0,0.2814807593822479,1,ham10000,ISIC_0024840,nv,HAM_0006705
0,0.47365888953208923,1,ham10000,ISIC_0031725,nv,HAM_0006706
0,0.6044610738754272,1,ham10000,ISIC_0030870,df,HAM_0006707
1,0.6328087449073792,1,ham10000,ISIC_0027189,bcc,HAM_0006708
0,0.7035909295082092,1,ham10000,ISIC_0031158,nv,HAM_0006709
0,0.27380529046058655,1,ham10000,ISIC_0028324,nv,HAM_0006710
0,0.48120808601379395,1,ham10000,ISIC_0027010,nv,HAM_0006711
0,0.2748644948005676,1,ham10000,ISIC_0025072,nv,HAM_0006712
0,0.31279608607292175,1,ham10000,ISIC_0030527,nv,HAM_0006713
0,0.24168555438518524,1,ham10000,ISIC_0029850,nv,HAM_0006714
0,0.4010946750640869,1,ham10000,ISIC_0025161,nv,HAM_0006715
0,0.06541480123996735,0,ham10000,ISIC_0024434,nv,HAM_0006716
0,0.23440200090408325,1,ham10000,ISIC_0027890,nv,HAM_0006717
0,0.33953186869621277,1,ham10000,ISIC_0026763,nv,HAM_0006718
0,0.363941490650177,1,ham10000,ISIC_0027409,nv,HAM_0006719
0,0.3156283497810364,1,ham10000,ISIC_0024725,nv,HAM_0006720
1,0.6255878806114197,1,ham10000,ISIC_0030443,mel,HAM_0006722
0,0.4465697407722473,1,ham10000,ISIC_0026365,bkl,HAM_0006723
0,0.21501770615577698,1,ham10000,ISIC_0026022,nv,HAM_0006725
0,0.41153454780578613,1,ham10000,ISIC_0027736,nv,HAM_0006726
1,0.37448421120643616,1,ham10000,ISIC_0024582,bcc,HAM_0006727
0,0.26982930302619934,1,ham10000,ISIC_0031365,nv,HAM_0006728
0,0.2133229672908783,1,ham10000,ISIC_0031790,nv,HAM_0006729
0,0.39735791087150574,1,ham10000,ISIC_0025657,nv,HAM_0006730
0,0.33003681898117065,1,ham10000,ISIC_0026683,nv,HAM_0006731
0,0.629508376121521,1,ham10000,ISIC_0024336,bkl,HAM_0006732
0,0.17418470978736877,0,ham10000,ISIC_0024804,nv,HAM_0006733
0,0.42311835289001465,1,ham10000,ISIC_0029794,nv,HAM_0006734
0,0.6997330188751221,1,ham10000,ISIC_0029615,nv,HAM_0006735
0,0.1478547751903534,0,ham10000,ISIC_0024492,nv,HAM_0006736
0,0.42330554127693176,1,ham10000,ISIC_0029302,bkl,HAM_0006737
0,0.3823098838329315,1,ham10000,ISIC_0029374,nv,HAM_0006738
1,0.511829137802124,1,ham10000,ISIC_0028901,mel,HAM_0006739
0,0.37426868081092834,1,ham10000,ISIC_0025886,nv,HAM_0006741
0,0.4100135862827301,1,ham10000,ISIC_0024813,nv,HAM_0006742
0,0.22221647202968597,1,ham10000,ISIC_0030055,nv,HAM_0006743
1,0.5089365243911743,1,ham10000,ISIC_0031561,mel,HAM_0006744
0,0.23878343403339386,1,ham10000,ISIC_0026363,nv,HAM_0006745
1,0.46973171830177307,1,ham10000,ISIC_0026872,akiec,HAM_0006746
0,0.42579492926597595,1,ham10000,ISIC_0029223,nv,HAM_0006747
0,0.6651208400726318,1,ham10000,ISIC_0025924,vasc,HAM_0006748
0,0.40106046199798584,1,ham10000,ISIC_0029198,nv,HAM_0006749
1,0.5764265060424805,1,ham10000,ISIC_0024400,mel,HAM_0006751
0,0.19548887014389038,1,ham10000,ISIC_0031842,nv,HAM_0006752
0,0.17260153591632843,0,ham10000,ISIC_0028073,nv,HAM_0006753
0,0.45225489139556885,1,ham10000,ISIC_0029664,nv,HAM_0006754
0,0.48596110939979553,1,ham10000,ISIC_0025339,bkl,HAM_0006755
0,0.24703148007392883,1,ham10000,ISIC_0026037,nv,HAM_0006756
0,0.3488883674144745,1,ham10000,ISIC_0024497,nv,HAM_0006757
0,0.15937593579292297,0,ham10000,ISIC_0029234,nv,HAM_0006758
0,0.1763445883989334,1,ham10000,ISIC_0030254,nv,HAM_0006759
0,0.563123345375061,1,ham10000,ISIC_0031559,nv,HAM_0006760
0,0.24649398028850555,1,ham10000,ISIC_0029866,nv,HAM_0006761
0,0.1419050544500351,0,ham10000,ISIC_0029467,nv,HAM_0006762
1,0.6574142575263977,1,ham10000,ISIC_0034005,mel,HAM_0006763
1,0.5393772125244141,1,ham10000,ISIC_0024647,mel,HAM_0006764
1,0.5640581250190735,1,ham10000,ISIC_0029352,bcc,HAM_0006765
0,0.4834299385547638,1,ham10000,ISIC_0033374,nv,HAM_0006766
0,0.3701390027999878,1,ham10000,ISIC_0031033,nv,HAM_0006767
0,0.14006949961185455,0,ham10000,ISIC_0028284,nv,HAM_0006768
0,0.5450519919395447,1,ham10000,ISIC_0030721,bkl,HAM_0006769
0,0.439556360244751,1,ham10000,ISIC_0027905,bkl,HAM_0006770
0,0.3961855173110962,1,ham10000,ISIC_0030624,nv,HAM_0006771
0,0.38365960121154785,1,ham10000,ISIC_0026135,bkl,HAM_0006772
0,0.4061684310436249,1,ham10000,ISIC_0026680,nv,HAM_0006773
0,0.5133913159370422,1,ham10000,ISIC_0025256,nv,HAM_0006774
0,0.29427480697631836,1,ham10000,ISIC_0028661,nv,HAM_0006776
0,0.3197649121284485,1,ham10000,ISIC_0028181,nv,HAM_0006777
0,0.4078865647315979,1,ham10000,ISIC_0030617,nv,HAM_0006778
1,0.49331438541412354,1,ham10000,ISIC_0028860,mel,HAM_0006779
0,0.2425508350133896,1,ham10000,ISIC_0031021,nv,HAM_0006780
0,0.3181496560573578,1,ham10000,ISIC_0025765,nv,HAM_0006781
0,0.2746540904045105,1,ham10000,ISIC_0032581,nv,HAM_0006782
0,0.4124995768070221,1,ham10000,ISIC_0025624,nv,HAM_0006783
0,0.3503682613372803,1,ham10000,ISIC_0025486,nv,HAM_0006784
0,0.40834683179855347,1,ham10000,ISIC_0026169,nv,HAM_0006785
0,0.48322299122810364,1,ham10000,ISIC_0029436,nv,HAM_0006786
0,0.5110830664634705,1,ham10000,ISIC_0026471,df,HAM_0006787
0,0.31042832136154175,1,ham10000,ISIC_0026482,nv,HAM_0006788
0,0.2971051335334778,1,ham10000,ISIC_0024976,nv,HAM_0006789
0,0.5671918988227844,1,ham10000,ISIC_0028625,nv,HAM_0006790
0,0.37183231115341187,1,ham10000,ISIC_0025514,nv,HAM_0006791
0,0.45378074049949646,1,ham10000,ISIC_0026460,nv,HAM_0006792
0,0.5210781693458557,1,ham10000,ISIC_0030796,nv,HAM_0006793
0,0.4996497631072998,1,ham10000,ISIC_0030830,df,HAM_0006794
0,0.33117592334747314,1,ham10000,ISIC_0031892,nv,HAM_0006795
0,0.26293882727622986,1,ham10000,ISIC_0025707,vasc,HAM_0006796
0,0.18746064603328705,1,ham10000,ISIC_0025754,nv,HAM_0006797
0,0.322968989610672,1,ham10000,ISIC_0024685,nv,HAM_0006798
0,0.6009641289710999,1,ham10000,ISIC_0032677,nv,HAM_0006799
1,0.856403648853302,1,ham10000,ISIC_0029747,bcc,HAM_0006800
0,0.5197709202766418,1,ham10000,ISIC_0032570,bkl,HAM_0006801
1,0.5367385149002075,1,ham10000,ISIC_0032610,mel,HAM_0006802
1,0.6787380576133728,1,ham10000,ISIC_0024545,mel,HAM_0006803
0,0.3457246422767639,1,ham10000,ISIC_0028341,nv,HAM_0006804
0,0.03662381321191788,0,ham10000,ISIC_0029772,nv,HAM_0006805
0,0.1748325079679489,1,ham10000,ISIC_0026681,nv,HAM_0006806
0,0.4065796434879303,1,ham10000,ISIC_0031341,nv,HAM_0006807
0,0.2629416286945343,1,ham10000,ISIC_0027438,nv,HAM_0006808
0,0.333231657743454,1,ham10000,ISIC_0031690,nv,HAM_0006809
0,0.7337231636047363,1,ham10000,ISIC_0030546,nv,HAM_0006810
0,0.36218318343162537,1,ham10000,ISIC_0024794,nv,HAM_0006811
0,0.4425237774848938,1,ham10000,ISIC_0024637,nv,HAM_0006812
0,0.5801544785499573,1,ham10000,ISIC_0033167,nv,HAM_0006813
0,0.1701955795288086,0,ham10000,ISIC_0032264,nv,HAM_0006814
0,0.5160872936248779,1,ham10000,ISIC_0026254,df,HAM_0006816
0,0.28402629494667053,1,ham10000,ISIC_0030269,nv,HAM_0006817
0,0.13242347538471222,0,ham10000,ISIC_0031723,nv,HAM_0006818
0,0.42947161197662354,1,ham10000,ISIC_0025590,nv,HAM_0006819
0,0.2881964445114136,1,ham10000,ISIC_0025460,nv,HAM_0006820
0,0.4013197124004364,1,ham10000,ISIC_0027535,nv,HAM_0006821
0,0.9999998807907104,1,ham10000,ISIC_0030350,nv,HAM_0006822
1,0.6628875136375427,1,ham10000,ISIC_0032958,mel,HAM_0006824
0,0.31363531947135925,1,ham10000,ISIC_0030997,nv,HAM_0006825
0,0.27884936332702637,1,ham10000,ISIC_0025129,nv,HAM_0006826
0,0.3968982398509979,1,ham10000,ISIC_0031702,bkl,HAM_0006827
1,0.6186538934707642,1,ham10000,ISIC_0031977,mel,HAM_0006828
0,0.46075668931007385,1,ham10000,ISIC_0024619,nv,HAM_0006829
0,0.24131862819194794,1,ham10000,ISIC_0032285,nv,HAM_0006830
0,0.46723437309265137,1,ham10000,ISIC_0030545,nv,HAM_0006831
1,0.7055110335350037,1,ham10000,ISIC_0028915,mel,HAM_0006832
1,0.415692001581192,1,ham10000,ISIC_0030512,mel,HAM_0006833
1,0.7021085023880005,1,ham10000,ISIC_0027526,bcc,HAM_0006834
0,0.4677894413471222,1,ham10000,ISIC_0026577,nv,HAM_0006835
0,0.3329499065876007,1,ham10000,ISIC_0025678,nv,HAM_0006836
0,0.5102517604827881,1,ham10000,ISIC_0025834,nv,HAM_0006837
0,0.22448419034481049,1,ham10000,ISIC_0028506,nv,HAM_0006838
0,0.37968945503234863,1,ham10000,ISIC_0028683,nv,HAM_0006839
0,0.3338503837585449,1,ham10000,ISIC_0025844,nv,HAM_0006840
0,0.0816570296883583,0,ham10000,ISIC_0026102,nv,HAM_0006841
0,0.18646632134914398,1,ham10000,ISIC_0030728,nv,HAM_0006842
1,0.7124235033988953,1,ham10000,ISIC_0024457,bcc,HAM_0006843
1,0.5036468505859375,1,ham10000,ISIC_0028688,bcc,HAM_0006844
0,0.1489170640707016,0,ham10000,ISIC_0030170,nv,HAM_0006845
0,0.24924832582473755,1,ham10000,ISIC_0027199,nv,HAM_0006846
0,0.5502691864967346,1,ham10000,ISIC_0025095,nv,HAM_0006847
0,0.2844450771808624,1,ham10000,ISIC_0031129,nv,HAM_0006848
0,0.4260130226612091,1,ham10000,ISIC_0028189,nv,HAM_0006849
0,0.31583908200263977,1,ham10000,ISIC_0030186,nv,HAM_0006850
1,0.6112979650497437,1,ham10000,ISIC_0031976,bcc,HAM_0006851
0,0.06916123628616333,0,ham10000,ISIC_0032715,vasc,HAM_0006852
0,0.36348956823349,1,ham10000,ISIC_0031143,nv,HAM_0006853
0,0.4123869240283966,1,ham10000,ISIC_0030842,nv,HAM_0006855
0,0.54297935962677,1,ham10000,ISIC_0025909,nv,HAM_0006856
0,0.5364130735397339,1,ham10000,ISIC_0033210,nv,HAM_0006857
0,0.34131723642349243,1,ham10000,ISIC_0031751,nv,HAM_0006858
0,0.21190445125102997,1,ham10000,ISIC_0032321,nv,HAM_0006859
0,0.3928007483482361,1,ham10000,ISIC_0032500,nv,HAM_0006860
0,0.5508226156234741,1,ham10000,ISIC_0031216,nv,HAM_0006861
0,0.24876070022583008,1,ham10000,ISIC_0025296,nv,HAM_0006862
0,0.4615267217159271,1,ham10000,ISIC_0030907,nv,HAM_0006863
0,0.24671529233455658,1,ham10000,ISIC_0030045,nv,HAM_0006864
0,0.32550716400146484,1,ham10000,ISIC_0029842,nv,HAM_0006865
0,0.1413690149784088,0,ham10000,ISIC_0030713,nv,HAM_0006866
0,0.12067564576864243,0,ham10000,ISIC_0032147,nv,HAM_0006867
0,0.48945021629333496,1,ham10000,ISIC_0031050,bkl,HAM_0006868
0,0.41934752464294434,1,ham10000,ISIC_0032558,nv,HAM_0006869
1,0.3611912131309509,1,ham10000,ISIC_0027793,mel,HAM_0006870
0,0.16906066238880157,0,ham10000,ISIC_0026836,nv,HAM_0006871
1,0.5884268879890442,1,ham10000,ISIC_0024345,bcc,HAM_0006872
0,0.5480417013168335,1,ham10000,ISIC_0033566,nv,HAM_0006873
0,0.29828736186027527,1,ham10000,ISIC_0025017,nv,HAM_0006874
1,0.509636640548706,1,ham10000,ISIC_0026575,akiec,HAM_0006875
0,0.6951529383659363,1,ham10000,ISIC_0032460,bkl,HAM_0006876
1,0.6396141052246094,1,ham10000,ISIC_0028227,mel,HAM_0006877
1,0.4593013525009155,1,ham10000,ISIC_0029573,akiec,HAM_0006879
0,0.1254545897245407,0,ham10000,ISIC_0029672,nv,HAM_0006880
0,0.30289116501808167,1,ham10000,ISIC_0025798,nv,HAM_0006881
0,0.4297747313976288,1,ham10000,ISIC_0032910,nv,HAM_0006882
0,0.5135251879692078,1,ham10000,ISIC_0032619,nv,HAM_0006883
0,0.522914707660675,1,ham10000,ISIC_0029459,nv,HAM_0006884
0,0.29351940751075745,1,ham10000,ISIC_0027938,nv,HAM_0006885
1,0.5829796195030212,1,ham10000,ISIC_0032823,mel,HAM_0006886
1,0.4504479169845581,1,ham10000,ISIC_0029500,akiec,HAM_0006887
0,0.32752537727355957,1,ham10000,ISIC_0026146,nv,HAM_0006888
0,0.42085373401641846,1,ham10000,ISIC_0031197,vasc,HAM_0006889
0,0.07045968621969223,0,ham10000,ISIC_0031983,nv,HAM_0006890
0,0.17132125794887543,0,ham10000,ISIC_0031367,nv,HAM_0006891
0,0.3028140962123871,1,ham10000,ISIC_0031444,nv,HAM_0006892
1,0.6741422414779663,1,ham10000,ISIC_0027084,akiec,HAM_0006893
0,0.08930978924036026,0,ham10000,ISIC_0029503,nv,HAM_0006894
0,0.3335438668727875,1,ham10000,ISIC_0030146,nv,HAM_0006895
1,0.46689504384994507,1,ham10000,ISIC_0024911,mel,HAM_0006896
0,0.2748570740222931,1,ham10000,ISIC_0028475,nv,HAM_0006897
1,0.5003769397735596,1,ham10000,ISIC_0029041,akiec,HAM_0006898
1,0.31725645065307617,1,ham10000,ISIC_0025128,mel,HAM_0006899
1,0.41591715812683105,1,ham10000,ISIC_0030080,mel,HAM_0006900
0,0.2647128701210022,1,ham10000,ISIC_0026700,nv,HAM_0006901
1,0.3593248426914215,1,ham10000,ISIC_0031506,akiec,HAM_0006902
0,0.15526819229125977,0,ham10000,ISIC_0031487,nv,HAM_0006903
1,0.38719961047172546,1,ham10000,ISIC_0027281,bcc,HAM_0006904
0,0.4775984585285187,1,ham10000,ISIC_0030451,nv,HAM_0006905
0,0.18635649979114532,1,ham10000,ISIC_0031254,nv,HAM_0006906
0,0.480053573846817,1,ham10000,ISIC_0027953,bkl,HAM_0006907
1,0.6804942488670349,1,ham10000,ISIC_0025904,mel,HAM_0006908
0,0.36150923371315,1,ham10000,ISIC_0031777,nv,HAM_0006909
0,0.24947239458560944,1,ham10000,ISIC_0028504,nv,HAM_0006910
0,0.04940240457653999,0,ham10000,ISIC_0025747,nv,HAM_0006911
0,0.459818959236145,1,ham10000,ISIC_0026205,bkl,HAM_0006912
0,0.8842248320579529,1,ham10000,ISIC_0024683,nv,HAM_0006913
0,0.6936798095703125,1,ham10000,ISIC_0025254,nv,HAM_0006914
0,0.2313302904367447,1,ham10000,ISIC_0027439,nv,HAM_0006915
0,0.6287099719047546,1,ham10000,ISIC_0026618,nv,HAM_0006916
0,0.3521401584148407,1,ham10000,ISIC_0025861,nv,HAM_0006917
0,0.3621504306793213,1,ham10000,ISIC_0031491,nv,HAM_0006918
0,0.17636549472808838,1,ham10000,ISIC_0031724,nv,HAM_0006919
0,0.4633060395717621,1,ham10000,ISIC_0025432,nv,HAM_0006920
0,0.5069957971572876,1,ham10000,ISIC_0030603,nv,HAM_0006921
0,0.19051195681095123,1,ham10000,ISIC_0024807,nv,HAM_0006922
1,0.674821138381958,1,ham10000,ISIC_0032592,mel,HAM_0006923
0,0.5214047431945801,1,ham10000,ISIC_0032065,nv,HAM_0006924
0,0.45032909512519836,1,ham10000,ISIC_0033338,nv,HAM_0006925
0,0.5598593354225159,1,ham10000,ISIC_0030839,nv,HAM_0006926
0,0.09359253197908401,0,ham10000,ISIC_0026312,nv,HAM_0006927
0,0.36134734749794006,1,ham10000,ISIC_0028097,nv,HAM_0006928
0,0.24838608503341675,1,ham10000,ISIC_0026542,nv,HAM_0006929
0,0.3853074312210083,1,ham10000,ISIC_0027818,nv,HAM_0006930
0,0.35381844639778137,1,ham10000,ISIC_0024588,nv,HAM_0006931
0,0.513221263885498,1,ham10000,ISIC_0031192,nv,HAM_0006932
0,0.25900721549987793,1,ham10000,ISIC_0027594,nv,HAM_0006933
0,0.34167054295539856,1,ham10000,ISIC_0028287,nv,HAM_0006934
0,0.26550519466400146,1,ham10000,ISIC_0026628,nv,HAM_0006935
0,0.453436017036438,1,ham10000,ISIC_0027729,nv,HAM_0006936
0,0.5884793996810913,1,ham10000,ISIC_0033613,bkl,HAM_0006938
0,0.22947989404201508,1,ham10000,ISIC_0031675,nv,HAM_0006939
1,0.5016734600067139,1,ham10000,ISIC_0027021,mel,HAM_0006940
0,0.441483736038208,1,ham10000,ISIC_0025684,nv,HAM_0006941
1,0.3108343183994293,1,ham10000,ISIC_0027573,mel,HAM_0006942
0,0.19545379281044006,1,ham10000,ISIC_0027336,nv,HAM_0006943
0,0.3610907793045044,1,ham10000,ISIC_0030762,nv,HAM_0006944
0,0.34746065735816956,1,ham10000,ISIC_0026044,bkl,HAM_0006945
0,0.5609636306762695,1,ham10000,ISIC_0032614,vasc,HAM_0006946
0,0.3225371241569519,1,ham10000,ISIC_0031662,nv,HAM_0006947
0,0.3605087697505951,1,ham10000,ISIC_0026463,nv,HAM_0006948
0,0.3623438775539398,1,ham10000,ISIC_0031886,nv,HAM_0006949
0,0.2940308451652527,1,ham10000,ISIC_0027215,nv,HAM_0006950
0,0.39499908685684204,1,ham10000,ISIC_0030482,nv,HAM_0006951
0,0.25823843479156494,1,ham10000,ISIC_0027543,nv,HAM_0006952
0,0.37248480319976807,1,ham10000,ISIC_0026175,nv,HAM_0006953
1,0.46691200137138367,1,ham10000,ISIC_0025105,mel,HAM_0006955
0,0.40965357422828674,1,ham10000,ISIC_0030547,nv,HAM_0006956
0,0.24514715373516083,1,ham10000,ISIC_0028402,nv,HAM_0006957
0,0.24404063820838928,1,ham10000,ISIC_0029395,nv,HAM_0006958
0,0.4202158749103546,1,ham10000,ISIC_0032286,nv,HAM_0006959
0,0.33146363496780396,1,ham10000,ISIC_0027592,nv,HAM_0006960
0,0.2723318636417389,1,ham10000,ISIC_0031792,nv,HAM_0006961
0,0.35084569454193115,1,ham10000,ISIC_0025914,nv,HAM_0006962
0,0.26343846321105957,1,ham10000,ISIC_0032351,nv,HAM_0006963
1,0.5270020365715027,1,ham10000,ISIC_0027163,mel,HAM_0006964
1,0.38009849190711975,1,ham10000,ISIC_0026475,mel,HAM_0006965
0,0.40482550859451294,1,ham10000,ISIC_0028614,nv,HAM_0006966
0,0.6785385608673096,1,ham10000,ISIC_0026295,nv,HAM_0006967
0,0.25893986225128174,1,ham10000,ISIC_0025340,nv,HAM_0006968
0,0.2761957049369812,1,ham10000,ISIC_0028007,nv,HAM_0006969
0,0.38977736234664917,1,ham10000,ISIC_0026059,nv,HAM_0006970
0,0.19833886623382568,1,ham10000,ISIC_0025185,nv,HAM_0006971
0,0.630547821521759,1,ham10000,ISIC_0027051,nv,HAM_0006972
0,0.42551445960998535,1,ham10000,ISIC_0029377,nv,HAM_0006973
0,0.43431687355041504,1,ham10000,ISIC_0026541,nv,HAM_0006974
1,0.7194340229034424,1,ham10000,ISIC_0024967,mel,HAM_0006975
0,0.406227171421051,1,ham10000,ISIC_0029689,nv,HAM_0006976
0,0.35670027136802673,1,ham10000,ISIC_0029456,nv,HAM_0006977
1,0.643303394317627,1,ham10000,ISIC_0029316,mel,HAM_0006978
0,0.39344602823257446,1,ham10000,ISIC_0026605,nv,HAM_0006979
0,0.27897387742996216,1,ham10000,ISIC_0033715,nv,HAM_0006980
0,0.2701181173324585,1,ham10000,ISIC_0029451,nv,HAM_0006981
0,0.5220302939414978,1,ham10000,ISIC_0032071,nv,HAM_0006982
0,0.34422776103019714,1,ham10000,ISIC_0026147,nv,HAM_0006983
0,0.13519525527954102,0,ham10000,ISIC_0026894,nv,HAM_0006984
0,0.29106852412223816,1,ham10000,ISIC_0029131,nv,HAM_0006985
0,0.28040972352027893,1,ham10000,ISIC_0025071,nv,HAM_0006986
0,0.4990888833999634,1,ham10000,ISIC_0027649,bkl,HAM_0006987
0,0.5307780504226685,1,ham10000,ISIC_0024943,bkl,HAM_0006988
0,0.29031404852867126,1,ham10000,ISIC_0028729,nv,HAM_0006989
0,0.17006735503673553,0,ham10000,ISIC_0025480,nv,HAM_0006990
0,0.17574331164360046,1,ham10000,ISIC_0031840,nv,HAM_0006991
0,0.30421990156173706,1,ham10000,ISIC_0029829,nv,HAM_0006992
0,0.42876705527305603,1,ham10000,ISIC_0029206,bkl,HAM_0006993
0,0.2947500944137573,1,ham10000,ISIC_0026987,nv,HAM_0006994
0,0.04574388638138771,0,ham10000,ISIC_0025115,nv,HAM_0006995
0,0.1878749579191208,1,ham10000,ISIC_0027610,nv,HAM_0006996
0,0.35445401072502136,1,ham10000,ISIC_0028375,nv,HAM_0006997
0,0.3377039432525635,1,ham10000,ISIC_0030993,nv,HAM_0006998
0,0.11052724719047546,0,ham10000,ISIC_0027459,nv,HAM_0006999
0,0.4600837826728821,1,ham10000,ISIC_0026042,bkl,HAM_0007000
0,0.45359352231025696,1,ham10000,ISIC_0026573,nv,HAM_0007001
1,0.7448667287826538,1,ham10000,ISIC_0027433,bcc,HAM_0007002
0,0.5664218664169312,1,ham10000,ISIC_0025638,nv,HAM_0007003
0,0.3812498450279236,1,ham10000,ISIC_0030525,nv,HAM_0007004
0,0.5390100479125977,1,ham10000,ISIC_0032568,nv,HAM_0007005
0,0.189492866396904,1,ham10000,ISIC_0025497,nv,HAM_0007006
0,0.3019046187400818,1,ham10000,ISIC_0031665,nv,HAM_0007007
1,0.41500523686408997,1,ham10000,ISIC_0030036,akiec,HAM_0007008
1,0.4469190835952759,1,ham10000,ISIC_0027146,bcc,HAM_0007009
0,0.3349223732948303,1,ham10000,ISIC_0025419,bkl,HAM_0007010
0,0.30338504910469055,1,ham10000,ISIC_0032493,nv,HAM_0007011
0,0.30345800518989563,1,ham10000,ISIC_0030865,nv,HAM_0007012
0,0.41995668411254883,1,ham10000,ISIC_0029544,nv,HAM_0007013
0,0.35841450095176697,1,ham10000,ISIC_0027498,nv,HAM_0007014
0,0.12702077627182007,0,ham10000,ISIC_0025760,nv,HAM_0007015
1,0.5681779980659485,1,ham10000,ISIC_0027838,mel,HAM_0007016
0,0.06631358712911606,0,ham10000,ISIC_0030838,nv,HAM_0007017
0,0.4975659251213074,1,ham10000,ISIC_0027006,bkl,HAM_0007018
1,0.5020934343338013,1,ham10000,ISIC_0029454,mel,HAM_0007019
0,0.30837684869766235,1,ham10000,ISIC_0030070,vasc,HAM_0007020
1,0.6987668871879578,1,ham10000,ISIC_0033477,mel,HAM_0007021
0,0.2620800733566284,1,ham10000,ISIC_0026364,nv,HAM_0007022
0,0.07087574154138565,0,ham10000,ISIC_0030642,nv,HAM_0007023
0,0.5516017079353333,1,ham10000,ISIC_0026553,bkl,HAM_0007024
0,0.277249276638031,1,ham10000,ISIC_0029963,nv,HAM_0007025
0,0.12359797209501266,0,ham10000,ISIC_0027085,nv,HAM_0007026
0,0.42798417806625366,1,ham10000,ISIC_0026967,bkl,HAM_0007027
0,0.33796703815460205,1,ham10000,ISIC_0028851,nv,HAM_0007028
0,0.6173986196517944,1,ham10000,ISIC_0030608,bkl,HAM_0007029
0,0.4180726706981659,1,ham10000,ISIC_0026711,nv,HAM_0007030
1,0.4717891812324524,1,ham10000,ISIC_0025616,mel,HAM_0007031
1,0.727142333984375,1,ham10000,ISIC_0033034,mel,HAM_0007032
0,0.23325017094612122,1,ham10000,ISIC_0032350,nv,HAM_0007033
0,0.16583138704299927,0,ham10000,ISIC_0029529,nv,HAM_0007034
0,0.183550626039505,1,ham10000,ISIC_0030332,nv,HAM_0007035
0,0.47373637557029724,1,ham10000,ISIC_0026655,nv,HAM_0007036
1,0.4394703805446625,1,ham10000,ISIC_0030375,akiec,HAM_0007037
1,0.3985642194747925,1,ham10000,ISIC_0032404,akiec,HAM_0007038
0,0.25091978907585144,1,ham10000,ISIC_0025202,nv,HAM_0007039
0,0.3045596480369568,1,ham10000,ISIC_0026946,nv,HAM_0007040
0,0.11483123153448105,0,ham10000,ISIC_0027341,nv,HAM_0007041
0,0.31958144903182983,1,ham10000,ISIC_0024754,nv,HAM_0007042
0,0.41555795073509216,1,ham10000,ISIC_0029135,bkl,HAM_0007043
0,0.36707019805908203,1,ham10000,ISIC_0024501,nv,HAM_0007044
0,0.1437137871980667,0,ham10000,ISIC_0032088,nv,HAM_0007045
0,0.47924506664276123,1,ham10000,ISIC_0027401,nv,HAM_0007046
1,0.5730257034301758,1,ham10000,ISIC_0025605,akiec,HAM_0007047
0,0.18773764371871948,1,ham10000,ISIC_0029284,nv,HAM_0007048
0,0.7239450216293335,1,ham10000,ISIC_0028179,nv,HAM_0007049
0,0.24000629782676697,1,ham10000,ISIC_0027160,nv,HAM_0007050
0,0.6459698677062988,1,ham10000,ISIC_0025668,df,HAM_0007051
0,0.38090336322784424,1,ham10000,ISIC_0032752,nv,HAM_0007052
0,0.14337977766990662,0,ham10000,ISIC_0024487,nv,HAM_0007053
1,0.45903900265693665,1,ham10000,ISIC_0024482,mel,HAM_0007054
0,0.29136067628860474,1,ham10000,ISIC_0031235,nv,HAM_0007055
0,0.37589868903160095,1,ham10000,ISIC_0025750,nv,HAM_0007056
0,0.0702393427491188,0,ham10000,ISIC_0025694,nv,HAM_0007057
0,0.4940815269947052,1,ham10000,ISIC_0027642,nv,HAM_0007058
0,0.29578089714050293,1,ham10000,ISIC_0025947,nv,HAM_0007060
0,0.3432692289352417,1,ham10000,ISIC_0031433,nv,HAM_0007061
0,0.2695210576057434,1,ham10000,ISIC_0029116,nv,HAM_0007062
0,0.45518919825553894,1,ham10000,ISIC_0031432,nv,HAM_0007063
0,0.062184061855077744,0,ham10000,ISIC_0032282,nv,HAM_0007064
0,0.1859886199235916,1,ham10000,ISIC_0031773,nv,HAM_0007065
0,0.44170841574668884,1,ham10000,ISIC_0029959,nv,HAM_0007066
0,0.41138866543769836,1,ham10000,ISIC_0027251,nv,HAM_0007067
0,0.30590009689331055,1,ham10000,ISIC_0024866,nv,HAM_0007068
0,0.994174063205719,1,ham10000,ISIC_0029355,nv,HAM_0007069
1,0.5629082918167114,1,ham10000,ISIC_0032192,mel,HAM_0007070
0,0.2667541205883026,1,ham10000,ISIC_0030449,nv,HAM_0007071
0,0.3510185182094574,1,ham10000,ISIC_0032339,nv,HAM_0007072
1,0.5797684788703918,1,ham10000,ISIC_0025035,mel,HAM_0007073
0,0.3128882944583893,1,ham10000,ISIC_0030646,nv,HAM_0007074
0,0.4231146275997162,1,ham10000,ISIC_0025463,nv,HAM_0007075
0,0.05687161162495613,0,ham10000,ISIC_0026757,nv,HAM_0007076
0,0.45873790979385376,1,ham10000,ISIC_0032505,nv,HAM_0007077
0,0.4503057599067688,1,ham10000,ISIC_0024851,bkl,HAM_0007078
0,0.4087207019329071,1,ham10000,ISIC_0029904,nv,HAM_0007079
0,0.4205887019634247,1,ham10000,ISIC_0029994,nv,HAM_0007080
0,0.2890991270542145,1,ham10000,ISIC_0027971,nv,HAM_0007082
0,0.39425188302993774,1,ham10000,ISIC_0027959,nv,HAM_0007083
0,0.2745543420314789,1,ham10000,ISIC_0025315,nv,HAM_0007084
1,0.6519683599472046,1,ham10000,ISIC_0030076,akiec,HAM_0007085
1,0.4970943331718445,1,ham10000,ISIC_0033267,mel,HAM_0007086
0,0.4065276086330414,1,ham10000,ISIC_0031425,nv,HAM_0007087
1,0.5406032800674438,1,ham10000,ISIC_0024800,akiec,HAM_0007088
0,0.5086669921875,1,ham10000,ISIC_0030066,nv,HAM_0007089
0,0.51042640209198,1,ham10000,ISIC_0029555,bkl,HAM_0007090
1,0.6802900433540344,1,ham10000,ISIC_0027552,mel,HAM_0007091
0,0.3866082727909088,1,ham10000,ISIC_0031370,nv,HAM_0007092
0,0.3700805902481079,1,ham10000,ISIC_0026858,nv,HAM_0007093
0,0.22617901861667633,1,ham10000,ISIC_0026785,nv,HAM_0007094
0,0.3191671669483185,1,ham10000,ISIC_0030374,nv,HAM_0007095
0,0.6218520402908325,1,ham10000,ISIC_0024674,nv,HAM_0007096
0,0.4915682375431061,1,ham10000,ISIC_0033230,vasc,HAM_0007097
0,0.23463241755962372,1,ham10000,ISIC_0032357,nv,HAM_0007098
0,0.3095012307167053,1,ham10000,ISIC_0025921,nv,HAM_0007099
0,0.5228193998336792,1,ham10000,ISIC_0031989,bkl,HAM_0007100
0,0.700453519821167,1,ham10000,ISIC_0032513,bkl,HAM_0007101
1,0.6283205151557922,1,ham10000,ISIC_0028655,mel,HAM_0007102
0,0.2436046451330185,1,ham10000,ISIC_0026271,nv,HAM_0007103
0,0.48800352215766907,1,ham10000,ISIC_0032133,nv,HAM_0007104
0,0.20104794204235077,1,ham10000,ISIC_0026616,nv,HAM_0007105
0,0.4595656096935272,1,ham10000,ISIC_0031991,nv,HAM_0007108
0,0.11906901001930237,0,ham10000,ISIC_0026529,nv,HAM_0007109
0,0.50404953956604,1,ham10000,ISIC_0026861,bkl,HAM_0007110
0,0.25521743297576904,1,ham10000,ISIC_0025715,nv,HAM_0007111
0,0.6844042539596558,1,ham10000,ISIC_0026819,nv,HAM_0007112
0,0.20712900161743164,1,ham10000,ISIC_0027522,vasc,HAM_0007113
1,0.3995360732078552,1,ham10000,ISIC_0028418,mel,HAM_0007114
0,0.33311280608177185,1,ham10000,ISIC_0029584,nv,HAM_0007115
0,0.4488198459148407,1,ham10000,ISIC_0028951,nv,HAM_0007116
1,0.6391392946243286,1,ham10000,ISIC_0033312,mel,HAM_0007117
0,0.5124396085739136,1,ham10000,ISIC_0027856,vasc,HAM_0007118
0,0.29334962368011475,1,ham10000,ISIC_0026134,nv,HAM_0007119
0,0.3622158169746399,1,ham10000,ISIC_0029782,nv,HAM_0007120
0,0.4947482645511627,1,ham10000,ISIC_0029922,nv,HAM_0007121
0,0.9998435974121094,1,ham10000,ISIC_0025816,nv,HAM_0007122
0,0.3790788948535919,1,ham10000,ISIC_0025672,nv,HAM_0007123
0,0.6346994638442993,1,ham10000,ISIC_0032707,nv,HAM_0007124
0,0.6155250668525696,1,ham10000,ISIC_0025016,bkl,HAM_0007125
0,0.4759952425956726,1,ham10000,ISIC_0027835,nv,HAM_0007126
0,0.5068220496177673,1,ham10000,ISIC_0032362,nv,HAM_0007127
0,0.15781280398368835,0,ham10000,ISIC_0025104,nv,HAM_0007128
0,0.5919262170791626,1,ham10000,ISIC_0027216,df,HAM_0007129
0,0.19718602299690247,1,ham10000,ISIC_0027395,nv,HAM_0007130
1,0.704920768737793,1,ham10000,ISIC_0031692,akiec,HAM_0007131
0,0.06505140662193298,0,ham10000,ISIC_0029621,nv,HAM_0007132
0,0.45964178442955017,1,ham10000,ISIC_0027490,nv,HAM_0007133
0,0.12490500509738922,0,ham10000,ISIC_0026394,nv,HAM_0007134
0,0.356375515460968,1,ham10000,ISIC_0024460,nv,HAM_0007135
0,0.4836152195930481,1,ham10000,ISIC_0030563,nv,HAM_0007136
0,0.41713446378707886,1,ham10000,ISIC_0031327,nv,HAM_0007137
0,0.2744230329990387,1,ham10000,ISIC_0028823,nv,HAM_0007138
1,0.6217604875564575,1,ham10000,ISIC_0028577,bcc,HAM_0007139
0,0.4899390935897827,1,ham10000,ISIC_0026345,nv,HAM_0007140
1,0.5397437214851379,1,ham10000,ISIC_0029230,bcc,HAM_0007141
0,0.31295374035835266,1,ham10000,ISIC_0025255,nv,HAM_0007142
0,0.04887719079852104,0,ham10000,ISIC_0028841,nv,HAM_0007143
0,0.4896605610847473,1,ham10000,ISIC_0026599,nv,HAM_0007144
0,0.3634617328643799,1,ham10000,ISIC_0027758,nv,HAM_0007145
0,0.24886110424995422,1,ham10000,ISIC_0031493,nv,HAM_0007146
0,0.5144951343536377,1,ham10000,ISIC_0032858,nv,HAM_0007148
0,0.28136706352233887,1,ham10000,ISIC_0025304,nv,HAM_0007149
0,0.2688702344894409,1,ham10000,ISIC_0028680,vasc,HAM_0007150
0,0.6028091907501221,1,ham10000,ISIC_0029793,bkl,HAM_0007151
0,0.38921380043029785,1,ham10000,ISIC_0028184,nv,HAM_0007152
0,0.3582051992416382,1,ham10000,ISIC_0027813,nv,HAM_0007153
0,0.3223206698894501,1,ham10000,ISIC_0024719,nv,HAM_0007154
0,0.35219988226890564,1,ham10000,ISIC_0025056,nv,HAM_0007155
0,0.4062051773071289,1,ham10000,ISIC_0025893,nv,HAM_0007156
0,0.14237217605113983,0,ham10000,ISIC_0030600,nv,HAM_0007157
0,0.09717515856027603,0,ham10000,ISIC_0027206,nv,HAM_0007158
0,0.2148539423942566,1,ham10000,ISIC_0031637,nv,HAM_0007159
0,0.42011818289756775,1,ham10000,ISIC_0028723,nv,HAM_0007160
0,0.14448335766792297,0,ham10000,ISIC_0026734,nv,HAM_0007161
0,0.27890729904174805,1,ham10000,ISIC_0029321,nv,HAM_0007162
1,0.5962585806846619,1,ham10000,ISIC_0032750,mel,HAM_0007163
0,0.3877183794975281,1,ham10000,ISIC_0025972,nv,HAM_0007164
1,0.6603594422340393,1,ham10000,ISIC_0026622,mel,HAM_0007165
0,0.392435222864151,1,ham10000,ISIC_0030878,nv,HAM_0007166
0,0.4874792993068695,1,ham10000,ISIC_0026400,nv,HAM_0007167
0,0.448824942111969,1,ham10000,ISIC_0028115,nv,HAM_0007168
0,0.4969595670700073,1,ham10000,ISIC_0032934,nv,HAM_0007169
0,0.2412920594215393,1,ham10000,ISIC_0025483,nv,HAM_0007170
1,0.406853586435318,1,ham10000,ISIC_0026909,mel,HAM_0007171
0,0.44149982929229736,1,ham10000,ISIC_0034130,nv,HAM_0007172
0,0.36119404435157776,1,ham10000,ISIC_0028721,nv,HAM_0007173
0,0.5027695298194885,1,ham10000,ISIC_0031052,nv,HAM_0007174
0,0.15979863703250885,0,ham10000,ISIC_0029442,nv,HAM_0007175
0,0.28131237626075745,1,ham10000,ISIC_0032144,nv,HAM_0007176
0,0.16360487043857574,0,ham10000,ISIC_0025626,nv,HAM_0007177
0,0.2668074071407318,1,ham10000,ISIC_0025184,nv,HAM_0007178
0,0.6063361763954163,1,ham10000,ISIC_0025906,bkl,HAM_0007179
1,0.48233532905578613,1,ham10000,ISIC_0032726,mel,HAM_0007180
0,0.3726586103439331,1,ham10000,ISIC_0031964,nv,HAM_0007181
0,0.06831630319356918,0,ham10000,ISIC_0030421,nv,HAM_0007183
0,0.9989182949066162,1,ham10000,ISIC_0033436,nv,HAM_0007184
0,0.37792426347732544,1,ham10000,ISIC_0025189,nv,HAM_0007185
0,0.06990482658147812,0,ham10000,ISIC_0028295,nv,HAM_0007186
0,0.3802286684513092,1,ham10000,ISIC_0028950,nv,HAM_0007187
1,0.42973026633262634,1,ham10000,ISIC_0031543,mel,HAM_0007188
0,0.9853734970092773,1,ham10000,ISIC_0027878,nv,HAM_0007189
0,0.3758452832698822,1,ham10000,ISIC_0030505,nv,HAM_0007190
0,0.5648770928382874,1,ham10000,ISIC_0032738,nv,HAM_0007191
0,0.17432785034179688,0,ham10000,ISIC_0030558,nv,HAM_0007192
0,0.1409195214509964,0,ham10000,ISIC_0025398,nv,HAM_0007193
0,0.37862658500671387,1,ham10000,ISIC_0025920,nv,HAM_0007194
0,0.4390491247177124,1,ham10000,ISIC_0031923,nv,HAM_0007195
0,0.21380408108234406,1,ham10000,ISIC_0024907,nv,HAM_0007196
0,0.251661092042923,1,ham10000,ISIC_0031856,nv,HAM_0007197
0,0.38644880056381226,1,ham10000,ISIC_0026200,nv,HAM_0007198
1,0.41213861107826233,1,ham10000,ISIC_0030344,akiec,HAM_0007199
0,0.3699098527431488,1,ham10000,ISIC_0026304,nv,HAM_0007200
0,0.3824383318424225,1,ham10000,ISIC_0026208,nv,HAM_0007201
0,0.5473214387893677,1,ham10000,ISIC_0026726,nv,HAM_0007202
0,0.11332026869058609,0,ham10000,ISIC_0031845,nv,HAM_0007203
0,0.32013973593711853,1,ham10000,ISIC_0025205,nv,HAM_0007204
0,0.24942363798618317,1,ham10000,ISIC_0026269,nv,HAM_0007205
0,0.4784563183784485,1,ham10000,ISIC_0031524,nv,HAM_0007206
0,0.49234479665756226,1,ham10000,ISIC_0031326,bkl,HAM_0007207
0,0.5741921067237854,1,ham10000,ISIC_0030159,nv,HAM_0007208
0,0.5941557288169861,1,ham10000,ISIC_0028365,nv,HAM_0007209
0,0.2201232612133026,1,ham10000,ISIC_0026699,nv,HAM_0007210
0,0.41695907711982727,1,ham10000,ISIC_0025377,nv,HAM_0007211
0,0.34827110171318054,1,ham10000,ISIC_0030897,nv,HAM_0007213
0,0.24980583786964417,1,ham10000,ISIC_0031928,nv,HAM_0007214
0,0.11957761645317078,0,ham10000,ISIC_0030294,nv,HAM_0007215
0,0.43224427103996277,1,ham10000,ISIC_0032962,nv,HAM_0007216
0,0.3591475486755371,1,ham10000,ISIC_0024844,nv,HAM_0007217
0,0.238987535238266,1,ham10000,ISIC_0025006,nv,HAM_0007218
0,0.3250654339790344,1,ham10000,ISIC_0029227,bkl,HAM_0007219
0,0.6243046522140503,1,ham10000,ISIC_0025867,bkl,HAM_0007220
0,0.6314163208007812,1,ham10000,ISIC_0030264,nv,HAM_0007221
0,0.05342782661318779,0,ham10000,ISIC_0030996,nv,HAM_0007222
0,0.17832067608833313,1,ham10000,ISIC_0024783,nv,HAM_0007223
0,0.45603644847869873,1,ham10000,ISIC_0024977,nv,HAM_0007224
0,0.5476100444793701,1,ham10000,ISIC_0031429,df,HAM_0007225
0,0.24140968918800354,1,ham10000,ISIC_0027946,nv,HAM_0007226
0,0.6114871501922607,1,ham10000,ISIC_0024973,df,HAM_0007227
0,0.4138997793197632,1,ham10000,ISIC_0025681,nv,HAM_0007228
1,0.5513821840286255,1,ham10000,ISIC_0031545,mel,HAM_0007229
0,0.41017407178878784,1,ham10000,ISIC_0031164,nv,HAM_0007230
0,0.24070630967617035,1,ham10000,ISIC_0029114,nv,HAM_0007231
0,0.5503438115119934,1,ham10000,ISIC_0025830,bkl,HAM_0007232
0,0.35981154441833496,1,ham10000,ISIC_0029113,bkl,HAM_0007233
1,0.6988290548324585,1,ham10000,ISIC_0033362,mel,HAM_0007234
0,0.17278124392032623,0,ham10000,ISIC_0027278,nv,HAM_0007236
1,0.5068186521530151,1,ham10000,ISIC_0028306,mel,HAM_0007238
0,0.4534156620502472,1,ham10000,ISIC_0025252,nv,HAM_0007239
0,0.5595747232437134,1,ham10000,ISIC_0027988,nv,HAM_0007240
0,0.18535682559013367,1,ham10000,ISIC_0027752,nv,HAM_0007241
1,0.28959688544273376,1,ham10000,ISIC_0026774,mel,HAM_0007242
1,0.6546753644943237,1,ham10000,ISIC_0028029,mel,HAM_0007243
0,0.5698829293251038,1,ham10000,ISIC_0030669,nv,HAM_0007244
1,0.5013790130615234,1,ham10000,ISIC_0032870,mel,HAM_0007245
0,0.1323004812002182,0,ham10000,ISIC_0024764,nv,HAM_0007246
1,0.595626711845398,1,ham10000,ISIC_0025102,bcc,HAM_0007248
0,0.5089653730392456,1,ham10000,ISIC_0025789,nv,HAM_0007249
0,0.6434161067008972,1,ham10000,ISIC_0024964,nv,HAM_0007251
0,0.44510069489479065,1,ham10000,ISIC_0026949,nv,HAM_0007252
0,0.3234475553035736,1,ham10000,ISIC_0026840,nv,HAM_0007253
0,0.3517177104949951,1,ham10000,ISIC_0027541,nv,HAM_0007254
0,0.5218350291252136,1,ham10000,ISIC_0026519,nv,HAM_0007255
0,0.38808900117874146,1,ham10000,ISIC_0031480,nv,HAM_0007256
0,0.46365517377853394,1,ham10000,ISIC_0025537,nv,HAM_0007257
0,0.5034952759742737,1,ham10000,ISIC_0025090,nv,HAM_0007258
0,0.41221052408218384,1,ham10000,ISIC_0032669,nv,HAM_0007259
0,0.5254727005958557,1,ham10000,ISIC_0028336,bkl,HAM_0007260
0,0.346605122089386,1,ham10000,ISIC_0031686,bkl,HAM_0007261
1,0.7891225814819336,1,ham10000,ISIC_0025932,bcc,HAM_0007262
0,0.4119105935096741,1,ham10000,ISIC_0028130,nv,HAM_0007263
0,0.4015201926231384,1,ham10000,ISIC_0028476,nv,HAM_0007264
0,0.7949381470680237,1,ham10000,ISIC_0033447,nv,HAM_0007265
0,0.23669315874576569,1,ham10000,ISIC_0031909,nv,HAM_0007266
0,0.4466703236103058,1,ham10000,ISIC_0031441,nv,HAM_0007267
0,0.5585223436355591,1,ham10000,ISIC_0028600,nv,HAM_0007268
0,0.2617228031158447,1,ham10000,ISIC_0024430,nv,HAM_0007269
0,0.1217224970459938,0,ham10000,ISIC_0030166,nv,HAM_0007270
0,0.36810576915740967,1,ham10000,ISIC_0027862,nv,HAM_0007271
1,0.5876321792602539,1,ham10000,ISIC_0024756,mel,HAM_0007272
0,0.14121297001838684,0,ham10000,ISIC_0025437,nv,HAM_0007273
0,0.3972952663898468,1,ham10000,ISIC_0030484,nv,HAM_0007274
0,0.5211572647094727,1,ham10000,ISIC_0026705,nv,HAM_0007275
0,0.49369391798973083,1,ham10000,ISIC_0028538,nv,HAM_0007276
0,0.3632206916809082,1,ham10000,ISIC_0031195,nv,HAM_0007277
0,0.42034050822257996,1,ham10000,ISIC_0025009,nv,HAM_0007278
0,0.22353622317314148,1,ham10000,ISIC_0025405,nv,HAM_0007279
0,0.3609950542449951,1,ham10000,ISIC_0024917,nv,HAM_0007280
0,0.6484949588775635,1,ham10000,ISIC_0034283,bkl,HAM_0007281
0,0.3673461079597473,1,ham10000,ISIC_0025690,nv,HAM_0007282
0,0.48903101682662964,1,ham10000,ISIC_0027255,nv,HAM_0007284
0,0.3641256093978882,1,ham10000,ISIC_0026718,nv,HAM_0007285
0,0.46938204765319824,1,ham10000,ISIC_0031978,nv,HAM_0007286
0,0.34794071316719055,1,ham10000,ISIC_0027413,nv,HAM_0007287
0,0.21996471285820007,1,ham10000,ISIC_0027243,nv,HAM_0007288
1,0.5768460035324097,1,ham10000,ISIC_0031263,bcc,HAM_0007289
0,0.4213700592517853,1,ham10000,ISIC_0025961,nv,HAM_0007290
0,0.40543678402900696,1,ham10000,ISIC_0027633,nv,HAM_0007291
0,0.3451547622680664,1,ham10000,ISIC_0031626,nv,HAM_0007292
1,0.5691419839859009,1,ham10000,ISIC_0026735,mel,HAM_0007293
0,0.16806688904762268,0,ham10000,ISIC_0025749,nv,HAM_0007294
0,0.522479772567749,1,ham10000,ISIC_0031380,nv,HAM_0007295
0,0.38709983229637146,1,ham10000,ISIC_0027068,bkl,HAM_0007296
0,0.29801470041275024,1,ham10000,ISIC_0029940,nv,HAM_0007297
0,0.3185587525367737,1,ham10000,ISIC_0028345,nv,HAM_0007298
0,0.6229327321052551,1,ham10000,ISIC_0032565,nv,HAM_0007299
0,0.23848527669906616,1,ham10000,ISIC_0025158,nv,HAM_0007300
0,0.5572255849838257,1,ham10000,ISIC_0033417,nv,HAM_0007301
0,0.43723586201667786,1,ham10000,ISIC_0028302,nv,HAM_0007302
1,0.5364776849746704,1,ham10000,ISIC_0026457,akiec,HAM_0007303
0,0.11730790883302689,0,ham10000,ISIC_0027196,nv,HAM_0007304
1,0.6310417056083679,1,ham10000,ISIC_0029933,mel,HAM_0007305
0,0.2944094240665436,1,ham10000,ISIC_0026810,nv,HAM_0007306
1,0.5873488187789917,1,ham10000,ISIC_0026848,akiec,HAM_0007308
0,0.32643404603004456,1,ham10000,ISIC_0025151,nv,HAM_0007309
1,0.7371307611465454,1,ham10000,ISIC_0026120,mel,HAM_0007310
0,0.40984591841697693,1,ham10000,ISIC_0026367,nv,HAM_0007311
0,0.4283086359500885,1,ham10000,ISIC_0027709,nv,HAM_0007312
1,0.6249966621398926,1,ham10000,ISIC_0025299,bcc,HAM_0007313
0,0.05741787329316139,0,ham10000,ISIC_0031152,nv,HAM_0007314
0,0.43912044167518616,1,ham10000,ISIC_0026249,bkl,HAM_0007315
0,0.30572089552879333,1,ham10000,ISIC_0031895,nv,HAM_0007316
0,0.28018951416015625,1,ham10000,ISIC_0030008,nv,HAM_0007317
0,0.3347078561782837,1,ham10000,ISIC_0029005,nv,HAM_0007318
0,0.22775857150554657,1,ham10000,ISIC_0029144,nv,HAM_0007319
0,0.12517282366752625,0,ham10000,ISIC_0026780,nv,HAM_0007320
0,0.2718062400817871,1,ham10000,ISIC_0026821,nv,HAM_0007321
0,0.5696607232093811,1,ham10000,ISIC_0030205,nv,HAM_0007322
0,0.29587090015411377,1,ham10000,ISIC_0031038,nv,HAM_0007323
0,0.6426047682762146,1,ham10000,ISIC_0026398,nv,HAM_0007324
0,0.3186633884906769,1,ham10000,ISIC_0026267,nv,HAM_0007325
0,0.3233434855937958,1,ham10000,ISIC_0028783,nv,HAM_0007326
0,0.10526212304830551,0,ham10000,ISIC_0030684,nv,HAM_0007328
0,0.3961009383201599,1,ham10000,ISIC_0026583,nv,HAM_0007329
0,0.2644183337688446,1,ham10000,ISIC_0024521,nv,HAM_0007330
0,0.3458595275878906,1,ham10000,ISIC_0031752,nv,HAM_0007331
0,0.5596690773963928,1,ham10000,ISIC_0026481,bkl,HAM_0007332
0,0.4391135275363922,1,ham10000,ISIC_0033614,nv,HAM_0007333
0,0.14998656511306763,0,ham10000,ISIC_0026962,nv,HAM_0007334
1,0.509546160697937,1,ham10000,ISIC_0032808,bcc,HAM_0007335
0,0.4411904513835907,1,ham10000,ISIC_0024544,nv,HAM_0007336
0,0.5109052062034607,1,ham10000,ISIC_0026912,bkl,HAM_0007337
0,0.2437281459569931,1,ham10000,ISIC_0028986,nv,HAM_0007338
0,0.3271975517272949,1,ham10000,ISIC_0031536,nv,HAM_0007339
0,0.5068855285644531,1,ham10000,ISIC_0028944,nv,HAM_0007340
0,0.6000282764434814,1,ham10000,ISIC_0032898,bkl,HAM_0007341
0,0.4280199110507965,1,ham10000,ISIC_0030625,nv,HAM_0007342
1,0.5978313088417053,1,ham10000,ISIC_0032447,mel,HAM_0007343
0,0.16937142610549927,0,ham10000,ISIC_0029461,nv,HAM_0007344
0,0.06957770138978958,0,ham10000,ISIC_0028703,nv,HAM_0007345
1,0.4312775433063507,1,ham10000,ISIC_0027425,bcc,HAM_0007346
0,0.1905623823404312,1,ham10000,ISIC_0031054,nv,HAM_0007347
0,0.4118857681751251,1,ham10000,ISIC_0032625,nv,HAM_0007348
1,0.5236035585403442,1,ham10000,ISIC_0026178,akiec,HAM_0007349
0,0.33661630749702454,1,ham10000,ISIC_0030892,nv,HAM_0007350
0,0.1704307198524475,0,ham10000,ISIC_0032183,nv,HAM_0007351
0,0.1632043868303299,0,ham10000,ISIC_0029739,nv,HAM_0007352
0,0.24716538190841675,1,ham10000,ISIC_0025207,nv,HAM_0007353
1,0.35358622670173645,1,ham10000,ISIC_0027719,akiec,HAM_0007354
0,0.40506666898727417,1,ham10000,ISIC_0024705,bkl,HAM_0007355
0,0.47304099798202515,1,ham10000,ISIC_0025335,nv,HAM_0007356
0,0.3620080053806305,1,ham10000,ISIC_0031265,nv,HAM_0007357
0,0.515967071056366,1,ham10000,ISIC_0028030,nv,HAM_0007358
0,0.5177992582321167,1,ham10000,ISIC_0027354,bkl,HAM_0007359
0,0.47386759519577026,1,ham10000,ISIC_0027773,nv,HAM_0007360
0,0.296404093503952,1,ham10000,ISIC_0026058,nv,HAM_0007361
0,0.3704795241355896,1,ham10000,ISIC_0030373,nv,HAM_0007362
0,0.21891142427921295,1,ham10000,ISIC_0028013,nv,HAM_0007363
1,0.6001346707344055,1,ham10000,ISIC_0029917,bcc,HAM_0007364
0,0.28885048627853394,1,ham10000,ISIC_0028798,nv,HAM_0007365
0,0.29634585976600647,1,ham10000,ISIC_0032062,nv,HAM_0007366
0,0.792192816734314,1,ham10000,ISIC_0032689,nv,HAM_0007367
1,0.5267024636268616,1,ham10000,ISIC_0032017,mel,HAM_0007368
0,0.403641939163208,1,ham10000,ISIC_0024593,nv,HAM_0007369
0,0.27560681104660034,1,ham10000,ISIC_0026002,nv,HAM_0007371
0,0.09778702259063721,0,ham10000,ISIC_0030283,vasc,HAM_0007372
0,0.6391795873641968,1,ham10000,ISIC_0024723,nv,HAM_0007373
0,0.2870585322380066,1,ham10000,ISIC_0025730,nv,HAM_0007374
0,0.23674868047237396,1,ham10000,ISIC_0027233,nv,HAM_0007375
0,0.37725508213043213,1,ham10000,ISIC_0032616,nv,HAM_0007376
0,0.18515272438526154,1,ham10000,ISIC_0029695,nv,HAM_0007377
0,0.15022657811641693,0,ham10000,ISIC_0025692,nv,HAM_0007378
0,0.2978561520576477,1,ham10000,ISIC_0029155,nv,HAM_0007379
0,0.23986339569091797,1,ham10000,ISIC_0029324,nv,HAM_0007380
0,0.5882114171981812,1,ham10000,ISIC_0027083,bkl,HAM_0007381
0,0.20316393673419952,1,ham10000,ISIC_0030030,nv,HAM_0007382
0,0.2965259850025177,1,ham10000,ISIC_0026812,nv,HAM_0007383
0,0.6466853618621826,1,ham10000,ISIC_0032725,bkl,HAM_0007384
0,0.4373530447483063,1,ham10000,ISIC_0025043,nv,HAM_0007385
0,0.11829428374767303,0,ham10000,ISIC_0024568,nv,HAM_0007386
0,0.33017072081565857,1,ham10000,ISIC_0027119,nv,HAM_0007387
0,0.36326831579208374,1,ham10000,ISIC_0031693,nv,HAM_0007388
0,0.3878292441368103,1,ham10000,ISIC_0029090,nv,HAM_0007389
1,0.32788747549057007,1,ham10000,ISIC_0027043,mel,HAM_0007390
0,0.4194328188896179,1,ham10000,ISIC_0031926,nv,HAM_0007391
0,0.23221071064472198,1,ham10000,ISIC_0024905,nv,HAM_0007392
0,0.3517220616340637,1,ham10000,ISIC_0024850,bkl,HAM_0007393
0,0.2880312502384186,1,ham10000,ISIC_0030864,nv,HAM_0007394
0,0.4208360016345978,1,ham10000,ISIC_0031133,bkl,HAM_0007395
0,0.6664249300956726,1,ham10000,ISIC_0033554,df,HAM_0007396
0,0.31963828206062317,1,ham10000,ISIC_0027393,nv,HAM_0007397
0,0.4202117323875427,1,ham10000,ISIC_0027445,nv,HAM_0007399
0,0.05111098662018776,0,ham10000,ISIC_0027329,nv,HAM_0007400
0,0.3064253032207489,1,ham10000,ISIC_0031849,nv,HAM_0007401
0,0.7369524836540222,1,ham10000,ISIC_0033079,bkl,HAM_0007402
0,0.3423849940299988,1,ham10000,ISIC_0025440,nv,HAM_0007403
0,0.15061132609844208,0,ham10000,ISIC_0030295,nv,HAM_0007404
0,0.37206777930259705,1,ham10000,ISIC_0027694,nv,HAM_0007405
0,0.38737931847572327,1,ham10000,ISIC_0028253,nv,HAM_0007406
0,0.3082424998283386,1,ham10000,ISIC_0026161,nv,HAM_0007407
0,0.3388914465904236,1,ham10000,ISIC_0028377,nv,HAM_0007408
0,0.2413737028837204,1,ham10000,ISIC_0025076,bkl,HAM_0007409
0,0.5455114245414734,1,ham10000,ISIC_0029962,df,HAM_0007410
0,0.3284808397293091,1,ham10000,ISIC_0028444,nv,HAM_0007411
0,0.3759847581386566,1,ham10000,ISIC_0031949,nv,HAM_0007412
0,0.49502333998680115,1,ham10000,ISIC_0027984,nv,HAM_0007413
0,0.4375479817390442,1,ham10000,ISIC_0026434,nv,HAM_0007414
0,0.347690224647522,1,ham10000,ISIC_0032515,nv,HAM_0007415
0,0.2138822078704834,1,ham10000,ISIC_0025281,nv,HAM_0007416
0,0.24323441088199615,1,ham10000,ISIC_0026801,nv,HAM_0007417
0,0.5325449705123901,1,ham10000,ISIC_0026313,df,HAM_0007418
0,0.3925217092037201,1,ham10000,ISIC_0029543,nv,HAM_0007419
1,0.5480250120162964,1,ham10000,ISIC_0031890,mel,HAM_0007420
0,0.5688613653182983,1,ham10000,ISIC_0025302,df,HAM_0007421
0,0.5872913599014282,1,ham10000,ISIC_0024862,nv,HAM_0007422
0,0.4152175486087799,1,ham10000,ISIC_0025582,nv,HAM_0007423
0,0.3452988862991333,1,ham10000,ISIC_0030560,nv,HAM_0007424
0,0.18516820669174194,1,ham10000,ISIC_0025823,nv,HAM_0007425
0,0.39032185077667236,1,ham10000,ISIC_0027034,nv,HAM_0007426
0,0.3539081811904907,1,ham10000,ISIC_0033491,bkl,HAM_0007427
1,0.7217416167259216,1,ham10000,ISIC_0028106,bcc,HAM_0007428
0,0.3861948251724243,1,ham10000,ISIC_0024447,nv,HAM_0007429
0,0.4129631519317627,1,ham10000,ISIC_0029088,nv,HAM_0007430
0,0.535506546497345,1,ham10000,ISIC_0031620,bkl,HAM_0007431
0,0.2617788314819336,1,ham10000,ISIC_0025067,nv,HAM_0007432
0,0.2774519920349121,1,ham10000,ISIC_0033077,nv,HAM_0007433
0,0.4155998229980469,1,ham10000,ISIC_0024816,nv,HAM_0007434
0,0.2414739578962326,1,ham10000,ISIC_0030359,nv,HAM_0007435
0,0.4343075156211853,1,ham10000,ISIC_0026878,nv,HAM_0007436
0,0.3780843913555145,1,ham10000,ISIC_0024745,nv,HAM_0007437
0,0.29835429787635803,1,ham10000,ISIC_0028203,nv,HAM_0007438
0,0.5093309879302979,1,ham10000,ISIC_0024890,bkl,HAM_0007439
0,0.2464277595281601,1,ham10000,ISIC_0029882,nv,HAM_0007440
0,0.13791750371456146,0,ham10000,ISIC_0024548,nv,HAM_0007441
0,0.6153538823127747,1,ham10000,ISIC_0032067,nv,HAM_0007442
0,0.4709159731864929,1,ham10000,ISIC_0031206,nv,HAM_0007443
0,0.4675302803516388,1,ham10000,ISIC_0032977,nv,HAM_0007444
0,0.3994450867176056,1,ham10000,ISIC_0024734,nv,HAM_0007445
1,0.6225289106369019,1,ham10000,ISIC_0028457,bcc,HAM_0007446
0,0.22436612844467163,1,ham10000,ISIC_0030489,nv,HAM_0007447
0,0.5651172399520874,1,ham10000,ISIC_0032294,nv,HAM_0007448
0,0.37698012590408325,1,ham10000,ISIC_0025912,nv,HAM_0007449
0,0.2602480947971344,1,ham10000,ISIC_0027340,nv,HAM_0007450
0,0.40218713879585266,1,ham10000,ISIC_0032527,nv,HAM_0007451
0,0.35364851355552673,1,ham10000,ISIC_0024811,nv,HAM_0007452
0,0.3522128462791443,1,ham10000,ISIC_0024510,nv,HAM_0007453
1,0.6312390565872192,1,ham10000,ISIC_0032214,mel,HAM_0007454
0,0.08672916144132614,0,ham10000,ISIC_0027441,nv,HAM_0007455
0,0.6251880526542664,1,ham10000,ISIC_0028167,nv,HAM_0007456
0,0.3673827350139618,1,ham10000,ISIC_0029813,nv,HAM_0007457
0,0.37016570568084717,1,ham10000,ISIC_0030266,nv,HAM_0007458
0,0.2278701663017273,1,ham10000,ISIC_0029886,nv,HAM_0007459
0,0.08050552755594254,0,ham10000,ISIC_0032578,nv,HAM_0007460
0,0.3537856638431549,1,ham10000,ISIC_0025717,nv,HAM_0007461
0,0.393211305141449,1,ham10000,ISIC_0032633,nv,HAM_0007462
0,0.41380709409713745,1,ham10000,ISIC_0028371,nv,HAM_0007464
0,0.45584264397621155,1,ham10000,ISIC_0031392,nv,HAM_0007465
0,0.10572372376918793,0,ham10000,ISIC_0031355,nv,HAM_0007466
0,0.3326733708381653,1,ham10000,ISIC_0029085,nv,HAM_0007467
0,0.4224730432033539,1,ham10000,ISIC_0024831,nv,HAM_0007468
0,0.5964379906654358,1,ham10000,ISIC_0030049,nv,HAM_0007469
1,0.7346314191818237,1,ham10000,ISIC_0032536,bcc,HAM_0007471
0,0.2099345326423645,1,ham10000,ISIC_0027274,nv,HAM_0007472
0,0.21570152044296265,1,ham10000,ISIC_0025858,nv,HAM_0007473
1,0.6808968782424927,1,ham10000,ISIC_0024848,bcc,HAM_0007474
0,0.29926177859306335,1,ham10000,ISIC_0033408,nv,HAM_0007475
0,0.40383484959602356,1,ham10000,ISIC_0025108,nv,HAM_0007476
0,0.41876912117004395,1,ham10000,ISIC_0025950,nv,HAM_0007477
0,0.26484277844429016,1,ham10000,ISIC_0033040,nv,HAM_0007478
0,0.5888028740882874,1,ham10000,ISIC_0024406,nv,HAM_0007480
0,0.3132610023021698,1,ham10000,ISIC_0026837,nv,HAM_0007481
0,0.430538147687912,1,ham10000,ISIC_0030004,nv,HAM_0007482
0,0.21323075890541077,1,ham10000,ISIC_0032628,nv,HAM_0007483
0,0.488465815782547,1,ham10000,ISIC_0030710,nv,HAM_0007484
0,0.35454216599464417,1,ham10000,ISIC_0032438,nv,HAM_0007485
0,0.47259828448295593,1,ham10000,ISIC_0031500,nv,HAM_0007486
0,0.2395312339067459,1,ham10000,ISIC_0030097,nv,HAM_0007487
1,0.5253146886825562,1,ham10000,ISIC_0024952,mel,HAM_0007488
0,0.30325835943222046,1,ham10000,ISIC_0028011,nv,HAM_0007489
0,0.28627660870552063,1,ham10000,ISIC_0025968,nv,HAM_0007490
0,0.3778300881385803,1,ham10000,ISIC_0029183,nv,HAM_0007491
0,0.46222105622291565,1,ham10000,ISIC_0032193,nv,HAM_0007492
0,0.3681998550891876,1,ham10000,ISIC_0030931,nv,HAM_0007493
0,0.41197657585144043,1,ham10000,ISIC_0033136,nv,HAM_0007494
0,0.12445488572120667,0,ham10000,ISIC_0027491,nv,HAM_0007495
0,0.1395101398229599,0,ham10000,ISIC_0028083,nv,HAM_0007496
1,0.44422855973243713,1,ham10000,ISIC_0026829,bcc,HAM_0007497
1,0.47328487038612366,1,ham10000,ISIC_0025546,mel,HAM_0007498
0,0.289359450340271,1,ham10000,ISIC_0025981,nv,HAM_0007499
0,0.4009477496147156,1,ham10000,ISIC_0027435,bkl,HAM_0007500
0,0.3226267695426941,1,ham10000,ISIC_0030780,nv,HAM_0007501
1,0.5470248460769653,1,ham10000,ISIC_0030754,mel,HAM_0007502
0,0.28123021125793457,1,ham10000,ISIC_0026109,nv,HAM_0007503
0,0.5171826481819153,1,ham10000,ISIC_0026359,nv,HAM_0007504
0,0.2487427294254303,1,ham10000,ISIC_0027061,nv,HAM_0007505
0,0.1290137618780136,0,ham10000,ISIC_0029403,nv,HAM_0007506
1,0.5345638990402222,1,ham10000,ISIC_0031056,bcc,HAM_0007507
0,0.26350289583206177,1,ham10000,ISIC_0025763,nv,HAM_0007508
0,0.09550752490758896,0,ham10000,ISIC_0027542,nv,HAM_0007509
0,0.15844984352588654,0,ham10000,ISIC_0025587,nv,HAM_0007510
1,0.4988352358341217,1,ham10000,ISIC_0024333,mel,HAM_0007511
0,0.1405094712972641,0,ham10000,ISIC_0028546,nv,HAM_0007512
0,0.46660563349723816,1,ham10000,ISIC_0024676,bkl,HAM_0007513
0,0.43566375970840454,1,ham10000,ISIC_0028118,nv,HAM_0007514
0,0.3279384970664978,1,ham10000,ISIC_0025333,nv,HAM_0007515
0,0.2370634526014328,1,ham10000,ISIC_0024441,nv,HAM_0007516
0,0.29126763343811035,1,ham10000,ISIC_0032172,nv,HAM_0007517
0,0.47259560227394104,1,ham10000,ISIC_0031015,nv,HAM_0007518
0,0.29470792412757874,1,ham10000,ISIC_0032865,nv,HAM_0007519
0,0.20516955852508545,1,ham10000,ISIC_0029595,nv,HAM_0007520
0,0.46556344628334045,1,ham10000,ISIC_0032156,bkl,HAM_0007521
1,0.5674587488174438,1,ham10000,ISIC_0027904,mel,HAM_0007522
0,0.2675720751285553,1,ham10000,ISIC_0026461,nv,HAM_0007523
0,0.3897520899772644,1,ham10000,ISIC_0027994,nv,HAM_0007525
0,0.5699660778045654,1,ham10000,ISIC_0030244,df,HAM_0007526
0,0.26794078946113586,1,ham10000,ISIC_0032426,nv,HAM_0007527
0,0.6719748377799988,1,ham10000,ISIC_0027003,nv,HAM_0007528
0,0.5723994374275208,1,ham10000,ISIC_0026607,bkl,HAM_0007529
1,0.36422017216682434,1,ham10000,ISIC_0024410,mel,HAM_0007530
0,0.09023244678974152,0,ham10000,ISIC_0030837,nv,HAM_0007531
0,0.5900442004203796,1,ham10000,ISIC_0024662,vasc,HAM_0007532
0,0.31278714537620544,1,ham10000,ISIC_0033463,nv,HAM_0007533
1,0.49446040391921997,1,ham10000,ISIC_0024829,bcc,HAM_0007535
0,0.3560677170753479,1,ham10000,ISIC_0025445,nv,HAM_0007536
0,0.20951154828071594,1,ham10000,ISIC_0025420,nv,HAM_0007537
1,0.5212951898574829,1,ham10000,ISIC_0024315,mel,HAM_0007538
0,0.17425793409347534,0,ham10000,ISIC_0026875,nv,HAM_0007539
0,0.39051762223243713,1,ham10000,ISIC_0032118,nv,HAM_0007540
0,0.5374753475189209,1,ham10000,ISIC_0032540,nv,HAM_0007541
0,0.40711405873298645,1,ham10000,ISIC_0024519,nv,HAM_0007543
0,0.23955944180488586,1,ham10000,ISIC_0031390,nv,HAM_0007544
0,0.1239456981420517,0,ham10000,ISIC_0027129,nv,HAM_0007545
0,0.31050100922584534,1,ham10000,ISIC_0025429,nv,HAM_0007547
0,0.322773277759552,1,ham10000,ISIC_0026633,nv,HAM_0007548
0,0.2916024923324585,1,ham10000,ISIC_0025216,nv,HAM_0007549
1,0.7428712248802185,1,ham10000,ISIC_0026528,bcc,HAM_0007550
0,0.3751353621482849,1,ham10000,ISIC_0032016,nv,HAM_0007551
0,0.5397136807441711,1,ham10000,ISIC_0032731,nv,HAM_0007552
0,0.6579809784889221,1,ham10000,ISIC_0031676,nv,HAM_0007553
0,0.3888653516769409,1,ham10000,ISIC_0028193,nv,HAM_0007554
1,0.5060437917709351,1,ham10000,ISIC_0030602,akiec,HAM_0007555
0,0.2960430681705475,1,ham10000,ISIC_0028893,nv,HAM_0007556
1,0.5649353265762329,1,ham10000,ISIC_0030964,bcc,HAM_0007557
1,0.3889187276363373,1,ham10000,ISIC_0028410,mel,HAM_0007558
0,0.049190353602170944,0,ham10000,ISIC_0028603,nv,HAM_0007559
1,0.6450920701026917,1,ham10000,ISIC_0024987,mel,HAM_0007560
0,0.323218435049057,1,ham10000,ISIC_0031458,nv,HAM_0007561
0,0.4358510971069336,1,ham10000,ISIC_0033671,nv,HAM_0007562
0,0.4854732155799866,1,ham10000,ISIC_0025075,bkl,HAM_0007563
0,0.3822912871837616,1,ham10000,ISIC_0028119,nv,HAM_0007564
0,0.3221427798271179,1,ham10000,ISIC_0028241,nv,HAM_0007565
0,0.6025039553642273,1,ham10000,ISIC_0028834,nv,HAM_0007566
0,0.36383312940597534,1,ham10000,ISIC_0031588,nv,HAM_0007567
0,0.09405019879341125,0,ham10000,ISIC_0024867,vasc,HAM_0007568
0,0.36720573902130127,1,ham10000,ISIC_0025373,df,HAM_0007569
1,0.41428548097610474,1,ham10000,ISIC_0026430,mel,HAM_0007570
0,0.6720409393310547,1,ham10000,ISIC_0029836,bkl,HAM_0007571
0,0.4171162247657776,1,ham10000,ISIC_0029420,bkl,HAM_0007573
1,0.5218147039413452,1,ham10000,ISIC_0033238,mel,HAM_0007574
0,0.4774485230445862,1,ham10000,ISIC_0027115,nv,HAM_0007576
0,0.4697703421115875,1,ham10000,ISIC_0030305,nv,HAM_0007577
0,0.16138267517089844,0,ham10000,ISIC_0030867,nv,HAM_0007578
0,0.5387737154960632,1,ham10000,ISIC_0027571,nv,HAM_0007579
0,0.46005845069885254,1,ham10000,ISIC_0027877,nv,HAM_0007580
0,0.36478331685066223,1,ham10000,ISIC_0027092,nv,HAM_0007582
1,0.42446058988571167,1,ham10000,ISIC_0033081,mel,HAM_0007583
0,0.34796351194381714,1,ham10000,ISIC_0025139,nv,HAM_0007584
0,0.4635922908782959,1,ham10000,ISIC_0032347,nv,HAM_0007585
1,0.5864297151565552,1,ham10000,ISIC_0029819,mel,HAM_0007586
0,0.06097444146871567,0,ham10000,ISIC_0029762,nv,HAM_0007587
1,0.15593092143535614,0,ham10000,ISIC_0030230,bcc,HAM_0007588
1,0.5300417542457581,1,ham10000,ISIC_0034049,mel,HAM_0007589
0,0.2658689320087433,1,ham10000,ISIC_0028615,bkl,HAM_0007590
0,0.5233900547027588,1,ham10000,ISIC_0025351,bkl,HAM_0007591
1,0.4309961497783661,1,ham10000,ISIC_0027149,mel,HAM_0007592
0,0.4092266261577606,1,ham10000,ISIC_0031854,nv,HAM_0007593
0,0.0761270597577095,0,ham10000,ISIC_0028772,nv,HAM_0007594
0,0.3361373841762543,1,ham10000,ISIC_0025288,nv,HAM_0007595
0,0.5455238223075867,1,ham10000,ISIC_0032764,nv,HAM_0007596
0,0.3491665720939636,1,ham10000,ISIC_0028274,nv,HAM_0007597
0,0.5381926894187927,1,ham10000,ISIC_0026514,bkl,HAM_0007598
0,0.20882590115070343,1,ham10000,ISIC_0029255,nv,HAM_0007599
0,0.4202690124511719,1,ham10000,ISIC_0025375,nv,HAM_0007600
1,0.3707886040210724,1,ham10000,ISIC_0027447,akiec,HAM_0007601
0,0.24117723107337952,1,ham10000,ISIC_0031262,nv,HAM_0007602
0,0.4311594069004059,1,ham10000,ISIC_0029139,bkl,HAM_0007603
0,0.3617418110370636,1,ham10000,ISIC_0027027,bkl,HAM_0007604
0,0.2948096990585327,1,ham10000,ISIC_0024699,nv,HAM_0007605
0,0.4426567852497101,1,ham10000,ISIC_0025870,nv,HAM_0007606
0,0.5990378260612488,1,ham10000,ISIC_0025883,bkl,HAM_0007607
0,0.21630631387233734,1,ham10000,ISIC_0028609,nv,HAM_0007608
0,0.6847435235977173,1,ham10000,ISIC_0026326,nv,HAM_0007609
0,0.17477433383464813,1,ham10000,ISIC_0030855,nv,HAM_0007610
1,0.594835638999939,1,ham10000,ISIC_0032314,bcc,HAM_0007611
0,0.09456679224967957,0,ham10000,ISIC_0025688,nv,HAM_0007612
0,0.24095357954502106,1,ham10000,ISIC_0024912,nv,HAM_0007613
0,0.7558947205543518,1,ham10000,ISIC_0027672,vasc,HAM_0007614
0,0.24971583485603333,1,ham10000,ISIC_0027417,nv,HAM_0007615
0,0.41826319694519043,1,ham10000,ISIC_0027373,nv,HAM_0007616
1,0.8057200312614441,1,ham10000,ISIC_0024875,mel,HAM_0007617
0,0.39183518290519714,1,ham10000,ISIC_0030293,nv,HAM_0007618
0,0.3087754547595978,1,ham10000,ISIC_0026948,nv,HAM_0007619
1,0.7735739350318909,1,ham10000,ISIC_0027616,mel,HAM_0007620
0,0.5017515420913696,1,ham10000,ISIC_0024626,bkl,HAM_0007621
1,0.3678935766220093,1,ham10000,ISIC_0027562,akiec,HAM_0007622
1,0.6540754437446594,1,ham10000,ISIC_0025264,akiec,HAM_0007623
0,0.4124489724636078,1,ham10000,ISIC_0026322,nv,HAM_0007624
0,0.7154771685600281,1,ham10000,ISIC_0033378,bkl,HAM_0007625
0,0.5004686713218689,1,ham10000,ISIC_0031300,nv,HAM_0007626
1,0.498018741607666,1,ham10000,ISIC_0026118,bcc,HAM_0007627
0,0.0998205840587616,0,ham10000,ISIC_0027059,nv,HAM_0007628
