y_true,y_prob,y_pred,source,image_id,dx,lesion_id
0,0.7054974436759949,1,ham10000,ISIC_0025346,nv,HAM_0000000
0,0.6023658514022827,1,ham10000,ISIC_0027859,bkl,HAM_0000001
1,0.5164567828178406,1,ham10000,ISIC_0032622,mel,HAM_0000002
0,0.3314385414123535,1,ham10000,ISIC_0027886,nv,HAM_0000003
0,0.24037663638591766,1,ham10000,ISIC_0024645,nv,HAM_0000004
1,0.4995807409286499,1,ham10000,ISIC_0024579,akiec,HAM_0000005
1,0.6409699320793152,1,ham10000,ISIC_0032187,mel,HAM_0000006
0,0.47613146901130676,1,ham10000,ISIC_0033879,nv,HAM_0000007
0,0.20097887516021729,1,ham10000,ISIC_0029868,nv,HAM_0000008
1,0.8391150236129761,1,ham10000,ISIC_0026439,bcc,HAM_0000009
0,0.12938910722732544,0,ham10000,ISIC_0027730,nv,HAM_0000010
0,0.0334615632891655,0,ham10000,ISIC_0024678,nv,HAM_0000011
0,0.42192116379737854,1,ham10000,ISIC_0029348,nv,HAM_0000012
0,0.42868301272392273,1,ham10000,ISIC_0024655,nv,HAM_0000013
0,0.2803839445114136,1,ham10000,ISIC_0025640,nv,HAM_0000014
0,0.4066024124622345,1,ham10000,ISIC_0031453,nv,HAM_0000015
0,0.17061711847782135,1,ham10000,ISIC_0029142,nv,HAM_0000016
0,0.1399223506450653,0,ham10000,ISIC_0025894,nv,HAM_0000017
0,0.33698731660842896,1,ham10000,ISIC_0032122,nv,HAM_0000018
0,0.4289802312850952,1,ham10000,ISIC_0025396,nv,HAM_0000019
1,0.6271658539772034,1,ham10000,ISIC_0031922,akiec,HAM_0000020
0,0.10435144603252411,0,ham10000,ISIC_0026773,nv,HAM_0000021
1,0.5946863889694214,1,ham10000,ISIC_0031377,mel,HAM_0000022
0,0.2558356821537018,1,ham10000,ISIC_0026144,nv,HAM_0000023
0,0.6222649216651917,1,ham10000,ISIC_0027141,df,HAM_0000024
0,0.663410484790802,1,ham10000,ISIC_0024349,nv,HAM_0000025
0,0.032929472625255585,0,ham10000,ISIC_0029325,nv,HAM_0000026
0,0.03504723310470581,0,ham10000,ISIC_0030509,nv,HAM_0000027
0,0.2266596406698227,1,ham10000,ISIC_0026012,nv,HAM_0000028
0,0.01886972226202488,0,ham10000,ISIC_0026815,nv,HAM_0000029
0,0.4085529148578644,1,ham10000,ISIC_0031383,nv,HAM_0000030
0,0.06815652549266815,0,ham10000,ISIC_0028177,nv,HAM_0000031
0,0.43478599190711975,1,ham10000,ISIC_0032291,nv,HAM_0000032
0,0.05509404093027115,0,ham10000,ISIC_0031861,nv,HAM_0000033
0,0.5211586952209473,1,ham10000,ISIC_0032411,nv,HAM_0000034
0,0.09133847802877426,0,ham10000,ISIC_0028039,nv,HAM_0000035
0,0.10806415230035782,0,ham10000,ISIC_0024812,nv,HAM_0000036
0,0.3672155737876892,1,ham10000,ISIC_0027391,nv,HAM_0000037
0,0.30366528034210205,1,ham10000,ISIC_0026057,nv,HAM_0000038
0,0.4094781279563904,1,ham10000,ISIC_0026103,nv,HAM_0000039
1,0.554632306098938,1,ham10000,ISIC_0027190,mel,HAM_0000040
0,0.434165894985199,1,ham10000,ISIC_0032211,nv,HAM_0000041
1,0.5519096851348877,1,ham10000,ISIC_0033905,mel,HAM_0000042
0,0.36874228715896606,1,ham10000,ISIC_0030152,nv,HAM_0000043
0,0.46461546421051025,1,ham10000,ISIC_0024798,nv,HAM_0000044
0,0.4564083218574524,1,ham10000,ISIC_0032126,nv,HAM_0000045
0,0.26033490896224976,1,ham10000,ISIC_0024631,nv,HAM_0000046
0,0.4361489415168762,1,ham10000,ISIC_0027810,nv,HAM_0000047
1,0.7788489460945129,1,ham10000,ISIC_0032774,mel,HAM_0000048
0,0.5486634969711304,1,ham10000,ISIC_0029130,df,HAM_0000049
0,0.5978697538375854,1,ham10000,ISIC_0030095,bkl,HAM_0000050
0,0.277324914932251,1,ham10000,ISIC_0026342,nv,HAM_0000051
0,0.09464763104915619,0,ham10000,ISIC_0029890,nv,HAM_0000052
0,0.1872476190328598,1,ham10000,ISIC_0030376,nv,HAM_0000053
0,0.6046193242073059,1,ham10000,ISIC_0025795,nv,HAM_0000054
1,0.5288251638412476,1,ham10000,ISIC_0033546,mel,HAM_0000055
0,0.41937363147735596,1,ham10000,ISIC_0025725,nv,HAM_0000056
0,0.4375532865524292,1,ham10000,ISIC_0025122,nv,HAM_0000057
0,0.2301023155450821,1,ham10000,ISIC_0030302,nv,HAM_0000058
1,0.49492859840393066,1,ham10000,ISIC_0027033,mel,HAM_0000059
1,0.31604814529418945,1,ham10000,ISIC_0031406,mel,HAM_0000060
0,0.31514763832092285,1,ham10000,ISIC_0028417,nv,HAM_0000061
1,0.5060483813285828,1,ham10000,ISIC_0028878,mel,HAM_0000062
0,0.3620283007621765,1,ham10000,ISIC_0031306,nv,HAM_0000063
1,0.48232898116111755,1,ham10000,ISIC_0032603,mel,HAM_0000064
1,0.3506753146648407,1,ham10000,ISIC_0025691,bcc,HAM_0000065
0,0.5045912861824036,1,ham10000,ISIC_0025014,nv,HAM_0000066
0,0.8086909651756287,1,ham10000,ISIC_0034017,nv,HAM_0000067
0,0.4518333673477173,1,ham10000,ISIC_0029045,nv,HAM_0000068
0,0.26135677099227905,1,ham10000,ISIC_0030226,bkl,HAM_0000069
0,0.5073846578598022,1,ham10000,ISIC_0027933,nv,HAM_0000070
0,0.029481714591383934,0,ham10000,ISIC_0029299,nv,HAM_0000071
0,0.6027325987815857,1,ham10000,ISIC_0028461,nv,HAM_0000072
0,0.5379238724708557,1,ham10000,ISIC_0029470,nv,HAM_0000073
0,0.2082633078098297,1,ham10000,ISIC_0024939,nv,HAM_0000074
1,0.7824326753616333,1,ham10000,ISIC_0025651,mel,HAM_0000075
0,0.1398850977420807,0,ham10000,ISIC_0028605,nv,HAM_0000076
0,0.3539905846118927,1,ham10000,ISIC_0030851,nv,HAM_0000077
0,0.19437889754772186,1,ham10000,ISIC_0030853,nv,HAM_0000078
1,0.5523656606674194,1,ham10000,ISIC_0033424,mel,HAM_0000079
0,0.6227811574935913,1,ham10000,ISIC_0033528,bkl,HAM_0000080
0,0.10559789091348648,0,ham10000,ISIC_0028072,nv,HAM_0000081
1,0.6548279523849487,1,ham10000,ISIC_0031698,bcc,HAM_0000082
0,0.6862234473228455,1,ham10000,ISIC_0028622,bkl,HAM_0000083
0,0.36831673979759216,1,ham10000,ISIC_0028036,nv,HAM_0000084
0,0.4003829061985016,1,ham10000,ISIC_0028421,nv,HAM_0000085
0,0.1792171746492386,1,ham10000,ISIC_0028081,nv,HAM_0000086
0,0.6164336800575256,1,ham10000,ISIC_0033709,bkl,HAM_0000087
0,0.3349234461784363,1,ham10000,ISIC_0027131,nv,HAM_0000088
0,0.6278631091117859,1,ham10000,ISIC_0026783,bkl,HAM_0000089
0,0.4328862428665161,1,ham10000,ISIC_0032330,bkl,HAM_0000090
0,0.5402488708496094,1,ham10000,ISIC_0025737,nv,HAM_0000091
1,0.6228074431419373,1,ham10000,ISIC_0028964,bcc,HAM_0000092
0,0.5371646881103516,1,ham10000,ISIC_0030845,nv,HAM_0000093
0,0.18751318752765656,1,ham10000,ISIC_0026233,nv,HAM_0000094
1,0.571717381477356,1,ham10000,ISIC_0033186,mel,HAM_0000095
0,0.258670449256897,1,ham10000,ISIC_0029071,nv,HAM_0000096
1,0.5373691916465759,1,ham10000,ISIC_0033103,mel,HAM_0000097
0,0.20118360221385956,1,ham10000,ISIC_0029716,nv,HAM_0000098
1,0.6154211163520813,1,ham10000,ISIC_0027769,mel,HAM_0000099
0,0.2972332239151001,1,ham10000,ISIC_0024914,nv,HAM_0000100
0,0.25774553418159485,1,ham10000,ISIC_0032100,nv,HAM_0000101
0,0.5307765007019043,1,ham10000,ISIC_0031547,nv,HAM_0000102
0,0.10766435414552689,0,ham10000,ISIC_0032041,nv,HAM_0000103
0,0.42352932691574097,1,ham10000,ISIC_0031913,nv,HAM_0000104
0,0.4165727198123932,1,ham10000,ISIC_0031362,bkl,HAM_0000105
0,0.612223744392395,1,ham10000,ISIC_0024770,bkl,HAM_0000106
1,0.7722184062004089,1,ham10000,ISIC_0033299,mel,HAM_0000107
0,0.35101941227912903,1,ham10000,ISIC_0027630,nv,HAM_0000108
0,0.06257888674736023,0,ham10000,ISIC_0031065,vasc,HAM_0000109
0,0.4756346344947815,1,ham10000,ISIC_0025703,bkl,HAM_0000110
0,0.398712694644928,1,ham10000,ISIC_0024742,nv,HAM_0000111
0,0.5938536524772644,1,ham10000,ISIC_0033465,bkl,HAM_0000112
0,0.5500224828720093,1,ham10000,ISIC_0027989,bkl,HAM_0000113
0,0.5210655927658081,1,ham10000,ISIC_0028607,bkl,HAM_0000114
0,0.40166711807250977,1,ham10000,ISIC_0030745,nv,HAM_0000115
0,0.035037800669670105,0,ham10000,ISIC_0031688,nv,HAM_0000116
0,0.15462107956409454,0,ham10000,ISIC_0028005,nv,HAM_0000117
0,0.7164067625999451,1,ham10000,ISIC_0025030,bkl,HAM_0000118
1,0.8437049984931946,1,ham10000,ISIC_0033310,mel,HAM_0000119
0,0.09674554318189621,0,ham10000,ISIC_0030904,nv,HAM_0000120
0,0.3444233238697052,1,ham10000,ISIC_0027025,bkl,HAM_0000121
0,0.6032012104988098,1,ham10000,ISIC_0028354,bkl,HAM_0000122
0,0.23166179656982422,1,ham10000,ISIC_0032293,nv,HAM_0000123
0,0.4182780385017395,1,ham10000,ISIC_0025091,nv,HAM_0000124
1,0.7428098320960999,1,ham10000,ISIC_0027964,mel,HAM_0000125
0,0.2805720865726471,1,ham10000,ISIC_0025354,nv,HAM_0000126
0,0.557968258857727,1,ham10000,ISIC_0031375,nv,HAM_0000127
0,0.4924960732460022,1,ham10000,ISIC_0024968,nv,HAM_0000128
0,0.47423285245895386,1,ham10000,ISIC_0027486,nv,HAM_0000129
0,0.27486300468444824,1,ham10000,ISIC_0025727,nv,HAM_0000130
0,0.2742810845375061,1,ham10000,ISIC_0030769,nv,HAM_0000131
0,0.5916041731834412,1,ham10000,ISIC_0032453,nv,HAM_0000132
1,0.5547325015068054,1,ham10000,ISIC_0028548,mel,HAM_0000133
0,0.22278869152069092,1,ham10000,ISIC_0029064,nv,HAM_0000134
0,0.543251633644104,1,ham10000,ISIC_0030362,nv,HAM_0000135
1,0.22264021635055542,1,ham10000,ISIC_0028065,mel,HAM_0000136
0,0.02055251970887184,0,ham10000,ISIC_0027460,nv,HAM_0000137
0,0.2948828637599945,1,ham10000,ISIC_0028780,nv,HAM_0000138
0,0.5875535607337952,1,ham10000,ISIC_0027909,nv,HAM_0000139
0,0.5341798067092896,1,ham10000,ISIC_0030074,nv,HAM_0000140
0,0.1836063116788864,1,ham10000,ISIC_0030477,nv,HAM_0000141
0,0.03235572203993797,0,ham10000,ISIC_0028501,nv,HAM_0000142
0,0.5614184737205505,1,ham10000,ISIC_0027751,nv,HAM_0000143
0,0.5070106387138367,1,ham10000,ISIC_0027558,nv,HAM_0000144
0,0.3030470013618469,1,ham10000,ISIC_0026807,nv,HAM_0000145
0,0.6370337605476379,1,ham10000,ISIC_0027667,nv,HAM_0000146
0,0.13942530751228333,0,ham10000,ISIC_0024993,nv,HAM_0000147
0,0.033067189157009125,0,ham10000,ISIC_0028768,nv,HAM_0000148
0,0.5725634098052979,1,ham10000,ISIC_0025113,bkl,HAM_0000149
0,0.30900102853775024,1,ham10000,ISIC_0024343,nv,HAM_0000150
0,0.029873160645365715,0,ham10000,ISIC_0029350,nv,HAM_0000151
1,0.7706990838050842,1,ham10000,ISIC_0032244,mel,HAM_0000152
1,0.5583076477050781,1,ham10000,ISIC_0031007,bcc,HAM_0000153
0,0.052301689982414246,0,ham10000,ISIC_0025930,nv,HAM_0000154
0,0.35436758399009705,1,ham10000,ISIC_0032390,nv,HAM_0000155
0,0.08377117663621902,0,ham10000,ISIC_0025643,nv,HAM_0000156
0,0.48090627789497375,1,ham10000,ISIC_0032392,nv,HAM_0000157
0,0.18981996178627014,1,ham10000,ISIC_0025082,nv,HAM_0000158
0,0.2685520350933075,1,ham10000,ISIC_0024540,nv,HAM_0000159
0,0.4875144362449646,1,ham10000,ISIC_0027611,nv,HAM_0000160
0,0.38857123255729675,1,ham10000,ISIC_0031820,nv,HAM_0000161
0,0.3163274824619293,1,ham10000,ISIC_0026609,nv,HAM_0000162
0,0.5284845232963562,1,ham10000,ISIC_0025534,nv,HAM_0000163
0,0.7300024628639221,1,ham10000,ISIC_0026273,bkl,HAM_0000164
0,0.47815507650375366,1,ham10000,ISIC_0033833,nv,HAM_0000165
0,0.2824740409851074,1,ham10000,ISIC_0028954,nv,HAM_0000166
0,0.5672888159751892,1,ham10000,ISIC_0029431,nv,HAM_0000167
0,0.46490272879600525,1,ham10000,ISIC_0031353,nv,HAM_0000168
1,0.6216133832931519,1,ham10000,ISIC_0032960,mel,HAM_0000169
0,0.6420508623123169,1,ham10000,ISIC_0029918,nv,HAM_0000170
0,0.0689694881439209,0,ham10000,ISIC_0027660,nv,HAM_0000171
0,0.24610985815525055,1,ham10000,ISIC_0027182,nv,HAM_0000172
0,0.15469296276569366,0,ham10000,ISIC_0025026,nv,HAM_0000173
0,0.6463932394981384,1,ham10000,ISIC_0031091,nv,HAM_0000174
0,0.023876814171671867,0,ham10000,ISIC_0028356,nv,HAM_0000175
1,0.8303402662277222,1,ham10000,ISIC_0032862,mel,HAM_0000176
0,0.48632684350013733,1,ham10000,ISIC_0025820,nv,HAM_0000177
0,0.6531484723091125,1,ham10000,ISIC_0031397,nv,HAM_0000178
1,0.7568423748016357,1,ham10000,ISIC_0032550,mel,HAM_0000179
0,0.13115280866622925,0,ham10000,ISIC_0029086,nv,HAM_0000180
0,0.4060429334640503,1,ham10000,ISIC_0033543,nv,HAM_0000181
0,0.5532159805297852,1,ham10000,ISIC_0025096,nv,HAM_0000182
0,0.4845246970653534,1,ham10000,ISIC_0027764,nv,HAM_0000183
0,0.358908087015152,1,ham10000,ISIC_0027412,nv,HAM_0000184
0,0.29140156507492065,1,ham10000,ISIC_0027906,nv,HAM_0000185
0,0.5277379155158997,1,ham10000,ISIC_0029080,bkl,HAM_0000186
0,0.46896833181381226,1,ham10000,ISIC_0026260,nv,HAM_0000187
0,0.6330013871192932,1,ham10000,ISIC_0027020,nv,HAM_0000188
1,0.6788805723190308,1,ham10000,ISIC_0024504,bcc,HAM_0000189
0,0.30236947536468506,1,ham10000,ISIC_0031946,nv,HAM_0000190
0,0.2895582616329193,1,ham10000,ISIC_0030206,nv,HAM_0000191
0,0.3450544774532318,1,ham10000,ISIC_0025595,nv,HAM_0000192
1,0.5241754055023193,1,ham10000,ISIC_0027950,akiec,HAM_0000193
0,0.18045121431350708,1,ham10000,ISIC_0030456,nv,HAM_0000194
1,0.7723871469497681,1,ham10000,ISIC_0028495,bcc,HAM_0000195
0,0.198012575507164,1,ham10000,ISIC_0032377,nv,HAM_0000196
0,0.2383979856967926,1,ham10000,ISIC_0024889,nv,HAM_0000197
0,0.39603009819984436,1,ham10000,ISIC_0026923,bkl,HAM_0000198
0,0.3384791910648346,1,ham10000,ISIC_0026127,nv,HAM_0000199
0,0.39557725191116333,1,ham10000,ISIC_0028213,nv,HAM_0000200
1,0.5026256442070007,1,ham10000,ISIC_0031408,mel,HAM_0000201
0,0.5145615935325623,1,ham10000,ISIC_0027219,bkl,HAM_0000202
0,0.10269972681999207,0,ham10000,ISIC_0024738,nv,HAM_0000203
0,0.39509373903274536,1,ham10000,ISIC_0026825,nv,HAM_0000204
0,0.2519402503967285,1,ham10000,ISIC_0029471,nv,HAM_0000205
1,0.5866027474403381,1,ham10000,ISIC_0033431,mel,HAM_0000206
0,0.6195285320281982,1,ham10000,ISIC_0027451,bkl,HAM_0000207
0,0.5661065578460693,1,ham10000,ISIC_0032681,bkl,HAM_0000208
0,0.35491135716438293,1,ham10000,ISIC_0024776,nv,HAM_0000209
1,0.7200751900672913,1,ham10000,ISIC_0024624,mel,HAM_0000210
0,0.5251020789146423,1,ham10000,ISIC_0029482,nv,HAM_0000211
1,0.6672136187553406,1,ham10000,ISIC_0028871,bcc,HAM_0000212
0,0.16400665044784546,1,ham10000,ISIC_0029167,nv,HAM_0000213
0,0.5211460590362549,1,ham10000,ISIC_0033364,nv,HAM_0000214
0,0.5505216717720032,1,ham10000,ISIC_0025484,bkl,HAM_0000215
0,0.40953585505485535,1,ham10000,ISIC_0033936,nv,HAM_0000216
0,0.5176728367805481,1,ham10000,ISIC_0029881,nv,HAM_0000217
0,0.21077731251716614,1,ham10000,ISIC_0025552,nv,HAM_0000218
0,0.14111562073230743,0,ham10000,ISIC_0030550,nv,HAM_0000219
1,0.5229978561401367,1,ham10000,ISIC_0030360,mel,HAM_0000220
0,0.03299408406019211,0,ham10000,ISIC_0026344,nv,HAM_0000221
0,0.6228988766670227,1,ham10000,ISIC_0027658,nv,HAM_0000222
0,0.387127548456192,1,ham10000,ISIC_0027968,nv,HAM_0000223
0,0.1920514553785324,1,ham10000,ISIC_0024542,nv,HAM_0000224
0,0.4190528690814972,1,ham10000,ISIC_0029645,nv,HAM_0000225
0,0.6185302138328552,1,ham10000,ISIC_0024854,nv,HAM_0000226
0,0.2799638509750366,1,ham10000,ISIC_0032201,nv,HAM_0000227
0,0.1636194884777069,1,ham10000,ISIC_0025146,nv,HAM_0000228
0,0.5799098610877991,1,ham10000,ISIC_0030086,nv,HAM_0000229
0,0.1373787820339203,0,ham10000,ISIC_0029720,nv,HAM_0000230
0,0.6009264588356018,1,ham10000,ISIC_0024608,nv,HAM_0000231
0,0.16541776061058044,1,ham10000,ISIC_0029950,nv,HAM_0000232
1,0.236195906996727,1,ham10000,ISIC_0026314,mel,HAM_0000233
0,0.25063464045524597,1,ham10000,ISIC_0032431,nv,HAM_0000234
0,0.3322639763355255,1,ham10000,ISIC_0025910,nv,HAM_0000235
0,0.7816734910011292,1,ham10000,ISIC_0024592,bkl,HAM_0000236
0,0.5256015658378601,1,ham10000,ISIC_0027893,bkl,HAM_0000237
0,0.5739466547966003,1,ham10000,ISIC_0024910,bkl,HAM_0000238
1,0.5843701362609863,1,ham10000,ISIC_0032854,akiec,HAM_0000239
0,0.2271873652935028,1,ham10000,ISIC_0028552,nv,HAM_0000240
1,0.6006593704223633,1,ham10000,ISIC_0030932,mel,HAM_0000241
0,0.40413331985473633,1,ham10000,ISIC_0028273,nv,HAM_0000242
0,0.48446643352508545,1,ham10000,ISIC_0024445,bkl,HAM_0000243
0,0.04722706973552704,0,ham10000,ISIC_0029057,nv,HAM_0000244
0,0.5746721029281616,1,ham10000,ISIC_0027454,bkl,HAM_0000245
0,0.42558738589286804,1,ham10000,ISIC_0027079,nv,HAM_0000246
1,0.6395725607872009,1,ham10000,ISIC_0025132,mel,HAM_0000247
0,0.2972102463245392,1,ham10000,ISIC_0024667,nv,HAM_0000248
0,0.2544083297252655,1,ham10000,ISIC_0027847,nv,HAM_0000249
0,0.18728774785995483,1,ham10000,ISIC_0026838,nv,HAM_0000250
0,0.18880516290664673,1,ham10000,ISIC_0025404,nv,HAM_0000251
0,0.4604162871837616,1,ham10000,ISIC_0024953,nv,HAM_0000252
0,0.36035263538360596,1,ham10000,ISIC_0030012,nv,HAM_0000253
0,0.23970377445220947,1,ham10000,ISIC_0026939,nv,HAM_0000254
0,0.14552004635334015,0,ham10000,ISIC_0031786,nv,HAM_0000255
0,0.41438090801239014,1,ham10000,ISIC_0029347,nv,HAM_0000256
0,0.3302040994167328,1,ham10000,ISIC_0030531,nv,HAM_0000257
0,0.16757166385650635,1,ham10000,ISIC_0030909,nv,HAM_0000258
0,0.6861947774887085,1,ham10000,ISIC_0024477,bkl,HAM_0000259
0,0.4091421067714691,1,ham10000,ISIC_0026436,nv,HAM_0000260
0,0.6369627118110657,1,ham10000,ISIC_0026743,nv,HAM_0000261
0,0.5864003896713257,1,ham10000,ISIC_0030326,nv,HAM_0000262
1,0.6912903785705566,1,ham10000,ISIC_0033001,bcc,HAM_0000263
0,0.2850465178489685,1,ham10000,ISIC_0027074,nv,HAM_0000264
0,0.39895787835121155,1,ham10000,ISIC_0027283,nv,HAM_0000265
0,0.4008708894252777,1,ham10000,ISIC_0024933,nv,HAM_0000266
0,0.6313076019287109,1,ham10000,ISIC_0026809,nv,HAM_0000267
0,0.4884466826915741,1,ham10000,ISIC_0025160,nv,HAM_0000268
0,0.5547643303871155,1,ham10000,ISIC_0029354,nv,HAM_0000269
0,0.34172824025154114,1,ham10000,ISIC_0031167,nv,HAM_0000270
0,0.04159319028258324,0,ham10000,ISIC_0026408,nv,HAM_0000271
0,0.6059279441833496,1,ham10000,ISIC_0026370,nv,HAM_0000272
0,0.5585258603096008,1,ham10000,ISIC_0025106,nv,HAM_0000273
1,0.6464747190475464,1,ham10000,ISIC_0031479,mel,HAM_0000274
0,0.5138676762580872,1,ham10000,ISIC_0028645,nv,HAM_0000275
0,0.16085056960582733,1,ham10000,ISIC_0029864,nv,HAM_0000276
0,0.26967474818229675,1,ham10000,ISIC_0029182,nv,HAM_0000277
0,0.3242039382457733,1,ham10000,ISIC_0024484,nv,HAM_0000278
0,0.5582318305969238,1,ham10000,ISIC_0028429,nv,HAM_0000279
0,0.4468172490596771,1,ham10000,ISIC_0032326,nv,HAM_0000280
0,0.22822889685630798,1,ham10000,ISIC_0030577,nv,HAM_0000281
1,0.7535464763641357,1,ham10000,ISIC_0027155,mel,HAM_0000282
0,0.1641947627067566,1,ham10000,ISIC_0025159,nv,HAM_0000283
0,0.4458470046520233,1,ham10000,ISIC_0025225,nv,HAM_0000284
0,0.11699065566062927,0,ham10000,ISIC_0026925,nv,HAM_0000285
0,0.10327432304620743,0,ham10000,ISIC_0029099,vasc,HAM_0000286
0,0.578072190284729,1,ham10000,ISIC_0027203,nv,HAM_0000287
0,0.6682432889938354,1,ham10000,ISIC_0027062,nv,HAM_0000288
0,0.5135630965232849,1,ham10000,ISIC_0032226,nv,HAM_0000289
0,0.3633546829223633,1,ham10000,ISIC_0024526,nv,HAM_0000290
0,0.48764434456825256,1,ham10000,ISIC_0028263,nv,HAM_0000291
0,0.36441901326179504,1,ham10000,ISIC_0031445,nv,HAM_0000292
0,0.3246714472770691,1,ham10000,ISIC_0030154,nv,HAM_0000293
0,0.4909341633319855,1,ham10000,ISIC_0032664,nv,HAM_0000294
0,0.45161524415016174,1,ham10000,ISIC_0028590,nv,HAM_0000295
0,0.33456408977508545,1,ham10000,ISIC_0031761,bkl,HAM_0000296
0,0.10094434022903442,0,ham10000,ISIC_0029424,nv,HAM_0000297
0,0.6683266162872314,1,ham10000,ISIC_0029051,bkl,HAM_0000298
0,0.48586899042129517,1,ham10000,ISIC_0024471,bkl,HAM_0000299
0,0.23002412915229797,1,ham10000,ISIC_0030725,nv,HAM_0000300
0,0.24851888418197632,1,ham10000,ISIC_0026112,nv,HAM_0000301
0,0.5276634693145752,1,ham10000,ISIC_0025942,nv,HAM_0000302
0,0.09943839907646179,0,ham10000,ISIC_0026476,nv,HAM_0000303
0,0.24943651258945465,1,ham10000,ISIC_0033276,nv,HAM_0000304
0,0.22370748221874237,1,ham10000,ISIC_0030815,nv,HAM_0000305
0,0.09432055801153183,0,ham10000,ISIC_0029253,nv,HAM_0000306
0,0.2588224709033966,1,ham10000,ISIC_0027011,nv,HAM_0000307
0,0.606160581111908,1,ham10000,ISIC_0025136,bkl,HAM_0000308
0,0.8536561727523804,1,ham10000,ISIC_0034142,bkl,HAM_0000309
0,0.15847691893577576,0,ham10000,ISIC_0032386,nv,HAM_0000310
0,0.4860075116157532,1,ham10000,ISIC_0028205,nv,HAM_0000311
0,0.5726186037063599,1,ham10000,ISIC_0029654,nv,HAM_0000312
0,0.6470619440078735,1,ham10000,ISIC_0033100,nv,HAM_0000313
0,0.22378449141979218,1,ham10000,ISIC_0024621,nv,HAM_0000314
0,0.4756915867328644,1,ham10000,ISIC_0027474,nv,HAM_0000315
0,0.467124342918396,1,ham10000,ISIC_0033339,nv,HAM_0000316
0,0.15532097220420837,0,ham10000,ISIC_0030984,nv,HAM_0000317
0,0.5388646721839905,1,ham10000,ISIC_0028750,bkl,HAM_0000318
1,0.4862288534641266,1,ham10000,ISIC_0029209,mel,HAM_0000319
1,0.6247799396514893,1,ham10000,ISIC_0026916,mel,HAM_0000320
1,0.7434307336807251,1,ham10000,ISIC_0032564,mel,HAM_0000321
1,0.659929633140564,1,ham10000,ISIC_0033473,mel,HAM_0000322
0,0.45814624428749084,1,ham10000,ISIC_0027170,nv,HAM_0000323
0,0.5886256694793701,1,ham10000,ISIC_0028528,nv,HAM_0000324
0,0.4346787631511688,1,ham10000,ISIC_0029832,nv,HAM_0000325
0,0.6000518798828125,1,ham10000,ISIC_0028353,nv,HAM_0000326
0,0.5821731686592102,1,ham10000,ISIC_0026682,nv,HAM_0000327
0,0.07368354499340057,0,ham10000,ISIC_0025482,nv,HAM_0000328
0,0.21615161001682281,1,ham10000,ISIC_0031185,nv,HAM_0000329
1,0.7763614654541016,1,ham10000,ISIC_0030824,mel,HAM_0000330
0,0.22464658319950104,1,ham10000,ISIC_0026944,nv,HAM_0000331
0,0.6012674570083618,1,ham10000,ISIC_0033307,bkl,HAM_0000332
0,0.033456798642873764,0,ham10000,ISIC_0029098,nv,HAM_0000333
0,0.15789517760276794,0,ham10000,ISIC_0026860,nv,HAM_0000334
0,0.428091824054718,1,ham10000,ISIC_0032021,nv,HAM_0000335
0,0.46982043981552124,1,ham10000,ISIC_0028859,nv,HAM_0000336
1,0.2325417548418045,1,ham10000,ISIC_0026081,mel,HAM_0000337
0,0.4413805603981018,1,ham10000,ISIC_0028631,nv,HAM_0000338
0,0.3540915846824646,1,ham10000,ISIC_0025044,nv,HAM_0000339
0,0.36171817779541016,1,ham10000,ISIC_0026397,nv,HAM_0000340
0,0.11833852529525757,0,ham10000,ISIC_0031634,nv,HAM_0000341
0,0.596490740776062,1,ham10000,ISIC_0027226,nv,HAM_0000342
0,0.21669825911521912,1,ham10000,ISIC_0027824,nv,HAM_0000343
0,0.602117657661438,1,ham10000,ISIC_0032972,bkl,HAM_0000344
0,0.2635827958583832,1,ham10000,ISIC_0031361,nv,HAM_0000345
0,0.4068785309791565,1,ham10000,ISIC_0027518,nv,HAM_0000346
0,0.5445906519889832,1,ham10000,ISIC_0029665,nv,HAM_0000347
0,0.44394683837890625,1,ham10000,ISIC_0028290,nv,HAM_0000348
0,0.7883940935134888,1,ham10000,ISIC_0033005,df,HAM_0000349
0,0.2777915596961975,1,ham10000,ISIC_0030921,nv,HAM_0000350
0,0.5639275908470154,1,ham10000,ISIC_0024324,bkl,HAM_0000351
1,0.6572290658950806,1,ham10000,ISIC_0031225,bcc,HAM_0000352
0,0.4233609735965729,1,ham10000,ISIC_0032157,nv,HAM_0000353
0,0.47349217534065247,1,ham10000,ISIC_0027348,nv,HAM_0000354
0,0.4426116943359375,1,ham10000,ISIC_0027842,nv,HAM_0000355
1,0.6617094874382019,1,ham10000,ISIC_0026171,akiec,HAM_0000356
0,0.25941669940948486,1,ham10000,ISIC_0025134,nv,HAM_0000357
1,0.5234405398368835,1,ham10000,ISIC_0026976,mel,HAM_0000358
0,0.30956974625587463,1,ham10000,ISIC_0025701,nv,HAM_0000359
0,0.20088697969913483,1,ham10000,ISIC_0025854,nv,HAM_0000360
1,0.365580290555954,1,ham10000,ISIC_0032199,akiec,HAM_0000361
0,0.39327287673950195,1,ham10000,ISIC_0026043,nv,HAM_0000362
0,0.41693371534347534,1,ham10000,ISIC_0027617,nv,HAM_0000363
0,0.42642709612846375,1,ham10000,ISIC_0024505,bkl,HAM_0000364
0,0.13486360013484955,0,ham10000,ISIC_0026534,nv,HAM_0000365
0,0.4849015176296234,1,ham10000,ISIC_0027147,nv,HAM_0000366
0,0.22154845297336578,1,ham10000,ISIC_0025462,nv,HAM_0000367
0,0.14066952466964722,0,ham10000,ISIC_0027111,nv,HAM_0000368
0,0.05734257027506828,0,ham10000,ISIC_0029400,nv,HAM_0000369
0,0.2465209811925888,1,ham10000,ISIC_0025998,nv,HAM_0000370
0,0.2496550977230072,1,ham10000,ISIC_0025395,nv,HAM_0000371
0,0.5810888409614563,1,ham10000,ISIC_0033685,bkl,HAM_0000372
1,0.6178073287010193,1,ham10000,ISIC_0024806,mel,HAM_0000373
0,0.3692180812358856,1,ham10000,ISIC_0026111,nv,HAM_0000374
1,0.5774070620536804,1,ham10000,ISIC_0030238,mel,HAM_0000375
0,0.5450292825698853,1,ham10000,ISIC_0025173,nv,HAM_0000376
0,0.4070728123188019,1,ham10000,ISIC_0025201,nv,HAM_0000377
0,0.6034521460533142,1,ham10000,ISIC_0031973,nv,HAM_0000378
0,0.26341062784194946,1,ham10000,ISIC_0029980,nv,HAM_0000379
0,0.7233657240867615,1,ham10000,ISIC_0024344,nv,HAM_0000380
0,0.2191227376461029,1,ham10000,ISIC_0030148,nv,HAM_0000381
0,0.38422128558158875,1,ham10000,ISIC_0031897,bkl,HAM_0000382
0,0.5639750957489014,1,ham10000,ISIC_0024612,bkl,HAM_0000383
0,0.25467395782470703,1,ham10000,ISIC_0030506,nv,HAM_0000384
0,0.330200731754303,1,ham10000,ISIC_0024611,nv,HAM_0000385
0,0.6497750878334045,1,ham10000,ISIC_0026787,bkl,HAM_0000386
0,0.17252516746520996,1,ham10000,ISIC_0031826,nv,HAM_0000387
1,0.7052674293518066,1,ham10000,ISIC_0032544,mel,HAM_0000388
0,0.0524262934923172,0,ham10000,ISIC_0029754,nv,HAM_0000389
0,0.007258003577589989,0,ham10000,ISIC_0026756,nv,HAM_0000390
0,0.5955297946929932,1,ham10000,ISIC_0025683,nv,HAM_0000391
1,0.6860999464988708,1,ham10000,ISIC_0033440,mel,HAM_0000392
1,0.7607424259185791,1,ham10000,ISIC_0027865,bcc,HAM_0000393
1,0.6053364872932434,1,ham10000,ISIC_0033579,bcc,HAM_0000394
0,0.4559573233127594,1,ham10000,ISIC_0025421,nv,HAM_0000395
1,0.44716373085975647,1,ham10000,ISIC_0028481,mel,HAM_0000396
0,0.52508145570755,1,ham10000,ISIC_0024538,nv,HAM_0000397
0,0.6208124756813049,1,ham10000,ISIC_0027064,bkl,HAM_0000398
0,0.3739878833293915,1,ham10000,ISIC_0027599,nv,HAM_0000399
0,0.5489208102226257,1,ham10000,ISIC_0031414,nv,HAM_0000400
0,0.14606016874313354,0,ham10000,ISIC_0031135,nv,HAM_0000401
0,0.26147180795669556,1,ham10000,ISIC_0032612,nv,HAM_0000402
0,0.11091873049736023,0,ham10000,ISIC_0024874,nv,HAM_0000403
0,0.20706497132778168,1,ham10000,ISIC_0031241,nv,HAM_0000404
0,0.2024794965982437,1,ham10000,ISIC_0027225,nv,HAM_0000405
0,0.4310997426509857,1,ham10000,ISIC_0030890,nv,HAM_0000406
0,0.49522626399993896,1,ham10000,ISIC_0032771,nv,HAM_0000407
0,0.2755655348300934,1,ham10000,ISIC_0027000,nv,HAM_0000408
0,0.25574854016304016,1,ham10000,ISIC_0025829,nv,HAM_0000409
0,0.3854900002479553,1,ham10000,ISIC_0031796,nv,HAM_0000410
0,0.18954017758369446,1,ham10000,ISIC_0031283,nv,HAM_0000411
0,0.41857749223709106,1,ham10000,ISIC_0032706,nv,HAM_0000412
0,0.2542547583580017,1,ham10000,ISIC_0024589,nv,HAM_0000413
0,0.12477771192789078,0,ham10000,ISIC_0032451,nv,HAM_0000414
0,0.07678643614053726,0,ham10000,ISIC_0025680,vasc,HAM_0000415
0,0.2931613028049469,1,ham10000,ISIC_0028162,nv,HAM_0000416
1,0.5466815233230591,1,ham10000,ISIC_0025783,mel,HAM_0000417
0,0.6669999361038208,1,ham10000,ISIC_0029339,nv,HAM_0000418
0,0.15236440300941467,0,ham10000,ISIC_0027741,nv,HAM_0000419
0,0.05823943763971329,0,ham10000,ISIC_0026864,nv,HAM_0000420
0,0.5260910987854004,1,ham10000,ISIC_0034080,nv,HAM_0000421
0,0.22279766201972961,1,ham10000,ISIC_0027664,nv,HAM_0000422
1,0.6612033247947693,1,ham10000,ISIC_0033813,mel,HAM_0000423
0,0.4091492295265198,1,ham10000,ISIC_0031328,nv,HAM_0000424
0,0.5850076079368591,1,ham10000,ISIC_0024839,bkl,HAM_0000425
0,0.29414305090904236,1,ham10000,ISIC_0028182,nv,HAM_0000426
0,0.109651580452919,0,ham10000,ISIC_0025444,nv,HAM_0000427
0,0.2294420301914215,1,ham10000,ISIC_0027936,nv,HAM_0000428
0,0.16295237839221954,1,ham10000,ISIC_0026562,nv,HAM_0000429
0,0.19645866751670837,1,ham10000,ISIC_0032477,nv,HAM_0000430
0,0.5056770443916321,1,ham10000,ISIC_0026067,nv,HAM_0000431
0,0.3755204975605011,1,ham10000,ISIC_0033822,nv,HAM_0000432
1,0.6200128197669983,1,ham10000,ISIC_0025472,mel,HAM_0000433
0,0.39905959367752075,1,ham10000,ISIC_0031635,nv,HAM_0000434
0,0.1998443901538849,1,ham10000,ISIC_0026620,nv,HAM_0000435
0,0.34774112701416016,1,ham10000,ISIC_0026547,nv,HAM_0000436
0,0.5387238264083862,1,ham10000,ISIC_0027731,nv,HAM_0000437
0,0.27425044775009155,1,ham10000,ISIC_0025532,nv,HAM_0000438
0,0.46711301803588867,1,ham10000,ISIC_0033729,nv,HAM_0000439
0,0.10153989493846893,0,ham10000,ISIC_0027972,nv,HAM_0000440
0,0.3828989565372467,1,ham10000,ISIC_0030316,bkl,HAM_0000441
1,0.5198642015457153,1,ham10000,ISIC_0031565,mel,HAM_0000442
0,0.371916800737381,1,ham10000,ISIC_0034271,nv,HAM_0000443
0,0.46683329343795776,1,ham10000,ISIC_0029118,nv,HAM_0000444
0,0.1895570456981659,1,ham10000,ISIC_0032010,nv,HAM_0000445
0,0.47512340545654297,1,ham10000,ISIC_0025613,nv,HAM_0000446
0,0.22976182401180267,1,ham10000,ISIC_0024817,nv,HAM_0000447
0,0.5873264074325562,1,ham10000,ISIC_0025100,nv,HAM_0000448
0,0.4288333058357239,1,ham10000,ISIC_0028327,nv,HAM_0000449
0,0.4123208224773407,1,ham10000,ISIC_0025059,nv,HAM_0000450
1,0.45306649804115295,1,ham10000,ISIC_0029123,bcc,HAM_0000451
0,0.17583321034908295,1,ham10000,ISIC_0029048,bkl,HAM_0000452
0,0.04011784866452217,0,ham10000,ISIC_0025330,bkl,HAM_0000453
0,0.2288893461227417,1,ham10000,ISIC_0025522,nv,HAM_0000454
0,0.40167054533958435,1,ham10000,ISIC_0032005,nv,HAM_0000455
1,0.10401198267936707,0,ham10000,ISIC_0026466,akiec,HAM_0000456
1,0.5191173553466797,1,ham10000,ISIC_0026855,bcc,HAM_0000457
0,0.14336983859539032,0,ham10000,ISIC_0025714,nv,HAM_0000458
0,0.6638928651809692,1,ham10000,ISIC_0026584,nv,HAM_0000459
0,0.05621296539902687,0,ham10000,ISIC_0025197,vasc,HAM_0000460
0,0.14932866394519806,0,ham10000,ISIC_0027750,nv,HAM_0000461
1,0.5379717350006104,1,ham10000,ISIC_0032897,akiec,HAM_0000462
1,0.6728871464729309,1,ham10000,ISIC_0030177,bcc,HAM_0000463
0,0.23182067275047302,1,ham10000,ISIC_0026223,nv,HAM_0000464
0,0.10663025081157684,0,ham10000,ISIC_0030583,bkl,HAM_0000465
0,0.20261819660663605,1,ham10000,ISIC_0027749,nv,HAM_0000466
0,0.20625875890254974,1,ham10000,ISIC_0030612,nv,HAM_0000467
0,0.6010257601737976,1,ham10000,ISIC_0024524,nv,HAM_0000468
0,0.10646721720695496,0,ham10000,ISIC_0025408,nv,HAM_0000469
0,0.026574883610010147,0,ham10000,ISIC_0026965,nv,HAM_0000470
0,0.4802441895008087,1,ham10000,ISIC_0031656,nv,HAM_0000471
0,0.2619021534919739,1,ham10000,ISIC_0028339,nv,HAM_0000472
0,0.4806932210922241,1,ham10000,ISIC_0027356,nv,HAM_0000473
0,0.28301796317100525,1,ham10000,ISIC_0030099,nv,HAM_0000474
0,0.45242899656295776,1,ham10000,ISIC_0027299,nv,HAM_0000475
0,0.5253579020500183,1,ham10000,ISIC_0028293,nv,HAM_0000476
0,0.43410515785217285,1,ham10000,ISIC_0026292,nv,HAM_0000477
0,0.21730446815490723,1,ham10000,ISIC_0025895,nv,HAM_0000478
0,0.37647193670272827,1,ham10000,ISIC_0030441,nv,HAM_0000479
0,0.5386759042739868,1,ham10000,ISIC_0031952,nv,HAM_0000480
0,0.2734975218772888,1,ham10000,ISIC_0028634,nv,HAM_0000481
0,0.5113818049430847,1,ham10000,ISIC_0026885,nv,HAM_0000482
1,0.7747891545295715,1,ham10000,ISIC_0032629,mel,HAM_0000483
0,0.4063209295272827,1,ham10000,ISIC_0024309,nv,HAM_0000484
0,0.1939113885164261,1,ham10000,ISIC_0024959,nv,HAM_0000485
0,0.6785109639167786,1,ham10000,ISIC_0028882,nv,HAM_0000486
0,0.48653313517570496,1,ham10000,ISIC_0032268,nv,HAM_0000487
0,0.7628684043884277,1,ham10000,ISIC_0032930,nv,HAM_0000488
0,0.27859926223754883,1,ham10000,ISIC_0024960,nv,HAM_0000489
1,0.5201412439346313,1,ham10000,ISIC_0026206,akiec,HAM_0000490
0,0.20136849582195282,1,ham10000,ISIC_0028207,nv,HAM_0000491
1,0.5287749767303467,1,ham10000,ISIC_0027076,mel,HAM_0000492
0,0.1932545304298401,1,ham10000,ISIC_0030304,nv,HAM_0000493
0,0.7130481600761414,1,ham10000,ISIC_0032557,vasc,HAM_0000494
0,0.4058293402194977,1,ham10000,ISIC_0030200,nv,HAM_0000495
1,0.6622093319892883,1,ham10000,ISIC_0029545,bcc,HAM_0000496
0,0.5014897584915161,1,ham10000,ISIC_0024563,nv,HAM_0000497
1,0.6565410494804382,1,ham10000,ISIC_0029067,akiec,HAM_0000498
0,0.34346696734428406,1,ham10000,ISIC_0029599,nv,HAM_0000499
0,0.6983685493469238,1,ham10000,ISIC_0029145,nv,HAM_0000500
1,0.7253487706184387,1,ham10000,ISIC_0031335,akiec,HAM_0000501
0,0.10090756416320801,0,ham10000,ISIC_0029608,vasc,HAM_0000502
0,0.25487032532691956,1,ham10000,ISIC_0029236,nv,HAM_0000503
1,0.26578113436698914,1,ham10000,ISIC_0025971,bcc,HAM_0000504
0,0.35781148076057434,1,ham10000,ISIC_0024902,nv,HAM_0000505
0,0.5082183480262756,1,ham10000,ISIC_0031891,nv,HAM_0000506
0,0.4573046863079071,1,ham10000,ISIC_0028921,nv,HAM_0000507
0,0.5704371333122253,1,ham10000,ISIC_0027495,nv,HAM_0000508
0,0.3585910201072693,1,ham10000,ISIC_0024837,nv,HAM_0000509
0,0.3477919101715088,1,ham10000,ISIC_0027342,nv,HAM_0000510
0,0.33036187291145325,1,ham10000,ISIC_0026669,nv,HAM_0000511
1,0.5641558170318604,1,ham10000,ISIC_0030528,bcc,HAM_0000512
1,0.3747253119945526,1,ham10000,ISIC_0032207,mel,HAM_0000513
0,0.2748778462409973,1,ham10000,ISIC_0028934,nv,HAM_0000514
0,0.3127093017101288,1,ham10000,ISIC_0029737,nv,HAM_0000515
0,0.6739367842674255,1,ham10000,ISIC_0033952,bkl,HAM_0000516
1,0.4883248209953308,1,ham10000,ISIC_0030507,mel,HAM_0000517
0,0.13316303491592407,0,ham10000,ISIC_0030943,nv,HAM_0000518
0,0.47289079427719116,1,ham10000,ISIC_0030758,bkl,HAM_0000519
0,0.3228902220726013,1,ham10000,ISIC_0026415,nv,HAM_0000520
0,0.4822045564651489,1,ham10000,ISIC_0031889,nv,HAM_0000521
0,0.3942411541938782,1,ham10000,ISIC_0024826,nv,HAM_0000522
0,0.3410213887691498,1,ham10000,ISIC_0025978,nv,HAM_0000523
0,0.4867953956127167,1,ham10000,ISIC_0026069,bkl,HAM_0000524
0,0.5661761164665222,1,ham10000,ISIC_0031510,nv,HAM_0000525
0,0.31267890334129333,1,ham10000,ISIC_0029997,nv,HAM_0000526
0,0.42888227105140686,1,ham10000,ISIC_0032508,bkl,HAM_0000527
0,0.41319096088409424,1,ham10000,ISIC_0028782,nv,HAM_0000528
0,0.3369506597518921,1,ham10000,ISIC_0030540,nv,HAM_0000529
0,0.47833168506622314,1,ham10000,ISIC_0025135,nv,HAM_0000530
1,0.761669397354126,1,ham10000,ISIC_0025674,mel,HAM_0000531
0,0.36806830763816833,1,ham10000,ISIC_0025365,nv,HAM_0000532
0,0.04463660344481468,0,ham10000,ISIC_0026380,nv,HAM_0000533
1,0.24993909895420074,1,ham10000,ISIC_0025235,mel,HAM_0000534
0,0.023039204999804497,0,ham10000,ISIC_0032353,nv,HAM_0000535
1,0.48041990399360657,1,ham10000,ISIC_0027359,mel,HAM_0000536
0,0.2830865681171417,1,ham10000,ISIC_0027095,nv,HAM_0000537
0,0.13966117799282074,0,ham10000,ISIC_0030650,nv,HAM_0000538
0,0.5925098061561584,1,ham10000,ISIC_0024512,nv,HAM_0000539
0,0.21141234040260315,1,ham10000,ISIC_0030748,nv,HAM_0000540
0,0.1608409583568573,1,ham10000,ISIC_0027646,nv,HAM_0000541
0,0.6013007760047913,1,ham10000,ISIC_0025068,bkl,HAM_0000542
0,0.15920931100845337,1,ham10000,ISIC_0030776,nv,HAM_0000543
0,0.2304876148700714,1,ham10000,ISIC_0031810,nv,HAM_0000544
1,0.6114166975021362,1,ham10000,ISIC_0026650,akiec,HAM_0000545
0,0.09193878620862961,0,ham10000,ISIC_0028337,nv,HAM_0000546
0,0.7068277597427368,1,ham10000,ISIC_0032546,nv,HAM_0000547
0,0.48132482171058655,1,ham10000,ISIC_0027763,nv,HAM_0000548
1,0.7190069556236267,1,ham10000,ISIC_0026152,akiec,HAM_0000549
0,0.41489723324775696,1,ham10000,ISIC_0024306,nv,HAM_0000550
0,0.569857656955719,1,ham10000,ISIC_0025120,nv,HAM_0000551
1,0.7127712368965149,1,ham10000,ISIC_0026083,akiec,HAM_0000552
1,0.6321098208427429,1,ham10000,ISIC_0032716,mel,HAM_0000553
0,0.2646908760070801,1,ham10000,ISIC_0026791,nv,HAM_0000555
0,0.7031977772712708,1,ham10000,ISIC_0033484,nv,HAM_0000556
0,0.2767416834831238,1,ham10000,ISIC_0025675,nv,HAM_0000557
0,0.027334634214639664,0,ham10000,ISIC_0027547,nv,HAM_0000558
0,0.40965133905410767,1,ham10000,ISIC_0024693,nv,HAM_0000559
0,0.27647992968559265,1,ham10000,ISIC_0031509,nv,HAM_0000560
0,0.26616087555885315,1,ham10000,ISIC_0025143,nv,HAM_0000561
0,0.42320650815963745,1,ham10000,ISIC_0026166,nv,HAM_0000562
1,0.4567682445049286,1,ham10000,ISIC_0027900,mel,HAM_0000563
0,0.688664436340332,1,ham10000,ISIC_0027333,nv,HAM_0000564
0,0.1519785225391388,0,ham10000,ISIC_0025976,nv,HAM_0000565
0,0.6056346297264099,1,ham10000,ISIC_0026794,bkl,HAM_0000566
0,0.29543858766555786,1,ham10000,ISIC_0029677,nv,HAM_0000567
0,0.1961885243654251,1,ham10000,ISIC_0026990,nv,HAM_0000568
0,0.4897863566875458,1,ham10000,ISIC_0031592,nv,HAM_0000569
0,0.2821648120880127,1,ham10000,ISIC_0027404,nv,HAM_0000570
0,0.7355480790138245,1,ham10000,ISIC_0032773,bkl,HAM_0000571
0,0.2204216718673706,1,ham10000,ISIC_0025224,nv,HAM_0000572
0,0.02821340411901474,0,ham10000,ISIC_0024988,nv,HAM_0000573
0,0.3198632597923279,1,ham10000,ISIC_0026936,nv,HAM_0000574
0,0.3543018102645874,1,ham10000,ISIC_0029936,nv,HAM_0000575
0,0.04561767354607582,0,ham10000,ISIC_0025585,nv,HAM_0000576
0,0.2864750921726227,1,ham10000,ISIC_0026385,nv,HAM_0000577
0,0.6772803664207458,1,ham10000,ISIC_0033087,nv,HAM_0000578
0,0.4712626338005066,1,ham10000,ISIC_0032742,nv,HAM_0000579
0,0.42083659768104553,1,ham10000,ISIC_0029293,nv,HAM_0000580
0,0.5719090104103088,1,ham10000,ISIC_0032826,bkl,HAM_0000581
0,0.6710739135742188,1,ham10000,ISIC_0025885,bkl,HAM_0000582
0,0.21516606211662292,1,ham10000,ISIC_0029681,nv,HAM_0000583
0,0.24262836575508118,1,ham10000,ISIC_0025888,nv,HAM_0000584
0,0.07241516560316086,0,ham10000,ISIC_0030685,nv,HAM_0000585
0,0.20314016938209534,1,ham10000,ISIC_0029649,nv,HAM_0000586
0,0.34305688738822937,1,ham10000,ISIC_0025379,nv,HAM_0000587
1,0.49346616864204407,1,ham10000,ISIC_0026746,mel,HAM_0000588
0,0.5334341526031494,1,ham10000,ISIC_0027103,nv,HAM_0000589
1,0.574568510055542,1,ham10000,ISIC_0030951,mel,HAM_0000590
0,0.3163107633590698,1,ham10000,ISIC_0026654,nv,HAM_0000591
0,0.17309977114200592,1,ham10000,ISIC_0030781,nv,HAM_0000592
1,0.6319124102592468,1,ham10000,ISIC_0024679,mel,HAM_0000593
0,0.34018874168395996,1,ham10000,ISIC_0029178,nv,HAM_0000594
0,0.3224594295024872,1,ham10000,ISIC_0025991,nv,HAM_0000595
0,0.380984902381897,1,ham10000,ISIC_0025385,nv,HAM_0000596
0,0.5521844029426575,1,ham10000,ISIC_0030654,nv,HAM_0000597
0,0.4444310665130615,1,ham10000,ISIC_0026557,nv,HAM_0000598
0,0.47865620255470276,1,ham10000,ISIC_0026543,nv,HAM_0000599
0,0.07692896574735641,0,ham10000,ISIC_0028311,nv,HAM_0000600
0,0.14428746700286865,0,ham10000,ISIC_0026578,nv,HAM_0000601
0,0.5641254186630249,1,ham10000,ISIC_0026719,nv,HAM_0000602
0,0.673633873462677,1,ham10000,ISIC_0028441,nv,HAM_0000603
0,0.5760859251022339,1,ham10000,ISIC_0029208,nv,HAM_0000604
0,0.16932176053524017,1,ham10000,ISIC_0030212,nv,HAM_0000605
0,0.42589086294174194,1,ham10000,ISIC_0030109,nv,HAM_0000606
0,0.19409801065921783,1,ham10000,ISIC_0025431,bkl,HAM_0000607
0,0.1339966207742691,0,ham10000,ISIC_0025756,nv,HAM_0000608
0,0.5842122435569763,1,ham10000,ISIC_0025778,nv,HAM_0000609
0,0.2596451938152313,1,ham10000,ISIC_0024689,nv,HAM_0000610
1,0.35561415553092957,1,ham10000,ISIC_0033216,mel,HAM_0000611
1,0.5698524117469788,1,ham10000,ISIC_0026968,bcc,HAM_0000612
0,0.4581504762172699,1,ham10000,ISIC_0031253,bkl,HAM_0000613
0,0.05393311381340027,0,ham10000,ISIC_0025493,nv,HAM_0000614
0,0.4738432466983795,1,ham10000,ISIC_0026758,nv,HAM_0000615
0,0.3517131209373474,1,ham10000,ISIC_0024750,nv,HAM_0000616
0,0.24627305567264557,1,ham10000,ISIC_0029703,nv,HAM_0000617
0,0.3979719281196594,1,ham10000,ISIC_0025840,nv,HAM_0000618
1,0.5148844122886658,1,ham10000,ISIC_0026690,mel,HAM_0000619
0,0.21559840440750122,1,ham10000,ISIC_0027414,nv,HAM_0000620
0,0.4073803722858429,1,ham10000,ISIC_0031101,nv,HAM_0000621
0,0.33455896377563477,1,ham10000,ISIC_0030161,nv,HAM_0000622
0,0.1569119393825531,0,ham10000,ISIC_0032004,nv,HAM_0000623
1,0.3383980095386505,1,ham10000,ISIC_0029089,mel,HAM_0000624
0,0.1593063324689865,1,ham10000,ISIC_0026062,nv,HAM_0000625
0,0.42726290225982666,1,ham10000,ISIC_0025267,nv,HAM_0000626
0,0.3704487085342407,1,ham10000,ISIC_0034019,nv,HAM_0000627
0,0.1882878541946411,1,ham10000,ISIC_0024567,nv,HAM_0000628
0,0.37508469820022583,1,ham10000,ISIC_0029008,nv,HAM_0000629
0,0.12268532067537308,0,ham10000,ISIC_0026832,nv,HAM_0000630
0,0.3555693030357361,1,ham10000,ISIC_0030885,nv,HAM_0000631
0,0.414928138256073,1,ham10000,ISIC_0031070,nv,HAM_0000632
0,0.10201931744813919,0,ham10000,ISIC_0030719,nv,HAM_0000633
0,0.6027846336364746,1,ham10000,ISIC_0026099,nv,HAM_0000634
0,0.2199559509754181,1,ham10000,ISIC_0028663,nv,HAM_0000635
0,0.3500664234161377,1,ham10000,ISIC_0027104,nv,HAM_0000636
0,0.5742307901382446,1,ham10000,ISIC_0027514,nv,HAM_0000637
0,0.018811097368597984,0,ham10000,ISIC_0029887,nv,HAM_0000638
0,0.6279993653297424,1,ham10000,ISIC_0025257,nv,HAM_0000639
0,0.02352749928832054,0,ham10000,ISIC_0024663,nv,HAM_0000640
0,0.40132978558540344,1,ham10000,ISIC_0027477,nv,HAM_0000641
0,0.3747381567955017,1,ham10000,ISIC_0026520,nv,HAM_0000642
0,0.37857216596603394,1,ham10000,ISIC_0029731,bkl,HAM_0000643
0,0.2043907791376114,1,ham10000,ISIC_0027728,nv,HAM_0000644
1,0.7796488404273987,1,ham10000,ISIC_0024853,mel,HAM_0000645
0,0.27057209610939026,1,ham10000,ISIC_0025890,nv,HAM_0000646
0,0.060728397220373154,0,ham10000,ISIC_0029911,nv,HAM_0000647
0,0.34071412682533264,1,ham10000,ISIC_0027080,nv,HAM_0000648
0,0.2535962164402008,1,ham10000,ISIC_0027276,nv,HAM_0000649
0,0.25271737575531006,1,ham10000,ISIC_0033464,nv,HAM_0000650
0,0.12748566269874573,0,ham10000,ISIC_0032178,nv,HAM_0000651
0,0.25394558906555176,1,ham10000,ISIC_0028597,nv,HAM_0000652
1,0.625207781791687,1,ham10000,ISIC_0024552,mel,HAM_0000653
0,0.13633610308170319,0,ham10000,ISIC_0027799,nv,HAM_0000654
1,0.49388208985328674,1,ham10000,ISIC_0027175,bcc,HAM_0000655
0,0.10116027295589447,0,ham10000,ISIC_0027096,nv,HAM_0000656
0,0.21385884284973145,1,ham10000,ISIC_0030955,nv,HAM_0000657
1,0.64751136302948,1,ham10000,ISIC_0031986,bcc,HAM_0000658
0,0.5608311891555786,1,ham10000,ISIC_0030088,bkl,HAM_0000659
0,0.08944034576416016,0,ham10000,ISIC_0028953,nv,HAM_0000660
0,0.34195417165756226,1,ham10000,ISIC_0025538,nv,HAM_0000661
1,0.7002257704734802,1,ham10000,ISIC_0033317,mel,HAM_0000662
0,0.26510703563690186,1,ham10000,ISIC_0027761,nv,HAM_0000663
0,0.07637245953083038,0,ham10000,ISIC_0029535,nv,HAM_0000664
0,0.2477950006723404,1,ham10000,ISIC_0030259,nv,HAM_0000665
0,0.49214479327201843,1,ham10000,ISIC_0026024,nv,HAM_0000666
0,0.2175629585981369,1,ham10000,ISIC_0028551,nv,HAM_0000667
0,0.22469907999038696,1,ham10000,ISIC_0024808,nv,HAM_0000668
0,0.26812806725502014,1,ham10000,ISIC_0032052,nv,HAM_0000669
0,0.2829184830188751,1,ham10000,ISIC_0026204,nv,HAM_0000670
0,0.17097744345664978,1,ham10000,ISIC_0030193,nv,HAM_0000671
0,0.22047096490859985,1,ham10000,ISIC_0029007,nv,HAM_0000672
1,0.6037467122077942,1,ham10000,ISIC_0029659,akiec,HAM_0000673
0,0.5370932221412659,1,ham10000,ISIC_0028983,nv,HAM_0000674
0,0.5098464488983154,1,ham10000,ISIC_0033418,nv,HAM_0000675
0,0.7201651930809021,1,ham10000,ISIC_0032969,nv,HAM_0000676
0,0.20476844906806946,1,ham10000,ISIC_0025494,nv,HAM_0000677
0,0.0769907534122467,0,ham10000,ISIC_0029074,nv,HAM_0000678
0,0.4254612326622009,1,ham10000,ISIC_0024724,nv,HAM_0000679
0,0.2855464518070221,1,ham10000,ISIC_0028927,nv,HAM_0000680
0,0.20311398804187775,1,ham10000,ISIC_0032032,nv,HAM_0000681
0,0.6302974820137024,1,ham10000,ISIC_0030786,nv,HAM_0000682
0,0.10972446203231812,0,ham10000,ISIC_0028439,nv,HAM_0000684
0,0.4888298809528351,1,ham10000,ISIC_0026291,bkl,HAM_0000685
0,0.2985352575778961,1,ham10000,ISIC_0031523,nv,HAM_0000686
1,0.8158700466156006,1,ham10000,ISIC_0028994,bcc,HAM_0000687
1,0.6943443417549133,1,ham10000,ISIC_0026720,akiec,HAM_0000688
0,0.3677715063095093,1,ham10000,ISIC_0024356,nv,HAM_0000689
0,0.3767811954021454,1,ham10000,ISIC_0028586,nv,HAM_0000690
0,0.2912187874317169,1,ham10000,ISIC_0026535,nv,HAM_0000691
0,0.15390504896640778,0,ham10000,ISIC_0025364,nv,HAM_0000692
0,0.5160196423530579,1,ham10000,ISIC_0028310,nv,HAM_0000693
0,0.38928675651550293,1,ham10000,ISIC_0032298,nv,HAM_0000694
0,0.18734511733055115,1,ham10000,ISIC_0025757,nv,HAM_0000695
0,0.5753965973854065,1,ham10000,ISIC_0026277,bkl,HAM_0000696
0,0.45471009612083435,1,ham10000,ISIC_0029148,nv,HAM_0000697
0,0.0546070821583271,0,ham10000,ISIC_0027431,nv,HAM_0000698
0,0.2610332667827606,1,ham10000,ISIC_0031575,nv,HAM_0000699
0,0.7017311453819275,1,ham10000,ISIC_0028052,bkl,HAM_0000700
0,0.31898558139801025,1,ham10000,ISIC_0032115,nv,HAM_0000701
0,0.5327102541923523,1,ham10000,ISIC_0030804,nv,HAM_0000702
0,0.33843913674354553,1,ham10000,ISIC_0028424,nv,HAM_0000703
0,0.482343852519989,1,ham10000,ISIC_0032954,nv,HAM_0000704
0,0.3993586301803589,1,ham10000,ISIC_0025508,nv,HAM_0000705
1,0.615452229976654,1,ham10000,ISIC_0032690,mel,HAM_0000706
0,0.19676297903060913,1,ham10000,ISIC_0024561,nv,HAM_0000707
0,0.19666345417499542,1,ham10000,ISIC_0024499,nv,HAM_0000708
1,0.4747844636440277,1,ham10000,ISIC_0032559,mel,HAM_0000709
0,0.6608892679214478,1,ham10000,ISIC_0024489,bkl,HAM_0000710
0,0.170902818441391,1,ham10000,ISIC_0029387,nv,HAM_0000711
0,0.29959636926651,1,ham10000,ISIC_0028434,nv,HAM_0000712
0,0.2356286495923996,1,ham10000,ISIC_0031174,nv,HAM_0000713
0,0.17914164066314697,1,ham10000,ISIC_0027857,nv,HAM_0000714
0,0.24417872726917267,1,ham10000,ISIC_0029287,nv,HAM_0000715
0,0.5275594592094421,1,ham10000,ISIC_0029801,bkl,HAM_0000716
0,0.6542890071868896,1,ham10000,ISIC_0030455,nv,HAM_0000717
1,0.6491458415985107,1,ham10000,ISIC_0025130,akiec,HAM_0000718
1,0.6334139108657837,1,ham10000,ISIC_0026337,bcc,HAM_0000719
0,0.679995059967041,1,ham10000,ISIC_0028926,df,HAM_0000720
0,0.6895931959152222,1,ham10000,ISIC_0030243,nv,HAM_0000721
0,0.34914109110832214,1,ham10000,ISIC_0025875,nv,HAM_0000722
0,0.4338044822216034,1,ham10000,ISIC_0031364,nv,HAM_0000723
0,0.20694756507873535,1,ham10000,ISIC_0026038,nv,HAM_0000724
0,0.24852026998996735,1,ham10000,ISIC_0027349,nv,HAM_0000725
0,0.40969541668891907,1,ham10000,ISIC_0030670,nv,HAM_0000726
0,0.2021142542362213,1,ham10000,ISIC_0029961,nv,HAM_0000727
0,0.4457107484340668,1,ham10000,ISIC_0025286,bkl,HAM_0000728
0,0.4634741544723511,1,ham10000,ISIC_0030120,nv,HAM_0000729
0,0.39858412742614746,1,ham10000,ISIC_0026619,nv,HAM_0000730
0,0.5449811220169067,1,ham10000,ISIC_0026813,nv,HAM_0000731
0,0.26349541544914246,1,ham10000,ISIC_0026183,nv,HAM_0000732
0,0.3994864523410797,1,ham10000,ISIC_0024965,nv,HAM_0000733
0,0.4784983992576599,1,ham10000,ISIC_0031196,bkl,HAM_0000734
0,0.14682765305042267,0,ham10000,ISIC_0029492,nv,HAM_0000735
0,0.2597696781158447,1,ham10000,ISIC_0029954,nv,HAM_0000736
0,0.4380677342414856,1,ham10000,ISIC_0030353,nv,HAM_0000737
0,0.005357357207685709,0,ham10000,ISIC_0027443,nv,HAM_0000738
0,0.24005185067653656,1,ham10000,ISIC_0025561,nv,HAM_0000739
0,0.37578627467155457,1,ham10000,ISIC_0032142,nv,HAM_0000740
0,0.5583687424659729,1,ham10000,ISIC_0025956,nv,HAM_0000741
0,0.34195634722709656,1,ham10000,ISIC_0032048,nv,HAM_0000742
0,0.43197396397590637,1,ham10000,ISIC_0024661,nv,HAM_0000743
0,0.5465816259384155,1,ham10000,ISIC_0029474,bkl,HAM_0000744
0,0.4391864240169525,1,ham10000,ISIC_0027796,bkl,HAM_0000745
0,0.6498985886573792,1,ham10000,ISIC_0027023,bkl,HAM_0000746
0,0.2948642373085022,1,ham10000,ISIC_0033748,nv,HAM_0000747
0,0.41197293996810913,1,ham10000,ISIC_0024598,nv,HAM_0000748
0,0.3978615999221802,1,ham10000,ISIC_0029446,nv,HAM_0000749
0,0.4713577628135681,1,ham10000,ISIC_0027974,nv,HAM_0000750
0,0.5260037779808044,1,ham10000,ISIC_0025545,nv,HAM_0000751
0,0.5605780482292175,1,ham10000,ISIC_0026419,nv,HAM_0000752
0,0.16042941808700562,1,ham10000,ISIC_0031224,nv,HAM_0000753
0,0.5539088845252991,1,ham10000,ISIC_0032967,bkl,HAM_0000754
0,0.04075828194618225,0,ham10000,ISIC_0026180,nv,HAM_0000755
0,0.11998362094163895,0,ham10000,ISIC_0025279,nv,HAM_0000756
0,0.647899329662323,1,ham10000,ISIC_0025314,df,HAM_0000757
0,0.3928736746311188,1,ham10000,ISIC_0031974,nv,HAM_0000758
0,0.4750646948814392,1,ham10000,ISIC_0025655,nv,HAM_0000759
0,0.21690624952316284,1,ham10000,ISIC_0025318,nv,HAM_0000760
0,0.29009053111076355,1,ham10000,ISIC_0026259,nv,HAM_0000761
0,0.396698921918869,1,ham10000,ISIC_0025667,nv,HAM_0000762
0,0.5366653203964233,1,ham10000,ISIC_0028217,nv,HAM_0000763
0,0.5895534157752991,1,ham10000,ISIC_0028151,nv,HAM_0000764
0,0.3463040590286255,1,ham10000,ISIC_0033445,nv,HAM_0000765
1,0.7552125453948975,1,ham10000,ISIC_0029937,mel,HAM_0000766
1,0.508949875831604,1,ham10000,ISIC_0031239,mel,HAM_0000767
0,0.46920475363731384,1,ham10000,ISIC_0028242,nv,HAM_0000768
1,0.7710546851158142,1,ham10000,ISIC_0029279,akiec,HAM_0000769
0,0.6936425566673279,1,ham10000,ISIC_0024741,bkl,HAM_0000770
0,0.37766581773757935,1,ham10000,ISIC_0029349,nv,HAM_0000771
0,0.5961740016937256,1,ham10000,ISIC_0032994,nv,HAM_0000772
0,0.5209625363349915,1,ham10000,ISIC_0026049,nv,HAM_0000773
0,0.3798535466194153,1,ham10000,ISIC_0029707,nv,HAM_0000774
1,0.7231945395469666,1,ham10000,ISIC_0025097,mel,HAM_0000775
0,0.19672174751758575,1,ham10000,ISIC_0027339,nv,HAM_0000776
0,0.5062574744224548,1,ham10000,ISIC_0028364,nv,HAM_0000777
0,0.35806596279144287,1,ham10000,ISIC_0026665,nv,HAM_0000778
0,0.8017911314964294,1,ham10000,ISIC_0032978,bkl,HAM_0000779
0,0.41802358627319336,1,ham10000,ISIC_0027453,nv,HAM_0000780
1,0.8618922233581543,1,ham10000,ISIC_0028155,bcc,HAM_0000781
0,0.808009922504425,1,ham10000,ISIC_0030723,bkl,HAM_0000782
0,0.6200517416000366,1,ham10000,ISIC_0025633,nv,HAM_0000783
0,0.25664904713630676,1,ham10000,ISIC_0030989,nv,HAM_0000784
0,0.39280998706817627,1,ham10000,ISIC_0027585,nv,HAM_0000785
0,0.042595695704221725,0,ham10000,ISIC_0028956,nv,HAM_0000786
0,0.602325439453125,1,ham10000,ISIC_0026157,nv,HAM_0000787
0,0.22263379395008087,1,ham10000,ISIC_0030301,nv,HAM_0000788
0,0.5301616191864014,1,ham10000,ISIC_0028932,nv,HAM_0000789
0,0.7758207321166992,1,ham10000,ISIC_0032576,bkl,HAM_0000790
1,0.6804373860359192,1,ham10000,ISIC_0025584,bcc,HAM_0000791
0,0.43593934178352356,1,ham10000,ISIC_0025387,bkl,HAM_0000792
0,0.39455661177635193,1,ham10000,ISIC_0030286,nv,HAM_0000793
0,0.6855730414390564,1,ham10000,ISIC_0026340,nv,HAM_0000794
1,0.6964643001556396,1,ham10000,ISIC_0033012,bcc,HAM_0000795
1,0.5768778324127197,1,ham10000,ISIC_0028041,mel,HAM_0000796
0,0.22535821795463562,1,ham10000,ISIC_0026039,nv,HAM_0000797
0,0.40627047419548035,1,ham10000,ISIC_0026751,nv,HAM_0000798
1,0.5276867747306824,1,ham10000,ISIC_0033226,mel,HAM_0000799
0,0.19161848723888397,1,ham10000,ISIC_0028852,nv,HAM_0000800
0,0.584831178188324,1,ham10000,ISIC_0025619,nv,HAM_0000801
0,0.5753538012504578,1,ham10000,ISIC_0032553,bkl,HAM_0000802
0,0.27305078506469727,1,ham10000,ISIC_0025925,nv,HAM_0000803
0,0.1659799963235855,1,ham10000,ISIC_0029863,nv,HAM_0000804
0,0.6955485939979553,1,ham10000,ISIC_0033306,bkl,HAM_0000805
0,0.4771701991558075,1,ham10000,ISIC_0024371,bkl,HAM_0000806
1,0.539017379283905,1,ham10000,ISIC_0032164,bcc,HAM_0000807
0,0.602672815322876,1,ham10000,ISIC_0026315,nv,HAM_0000808
0,0.2076510488986969,1,ham10000,ISIC_0030572,nv,HAM_0000809
0,0.35725927352905273,1,ham10000,ISIC_0031734,nv,HAM_0000810
0,0.4226140081882477,1,ham10000,ISIC_0028470,nv,HAM_0000811
0,0.3345298767089844,1,ham10000,ISIC_0032442,nv,HAM_0000812
0,0.4926683008670807,1,ham10000,ISIC_0024395,nv,HAM_0000813
1,0.5836788415908813,1,ham10000,ISIC_0025751,mel,HAM_0000814
0,0.22368404269218445,1,ham10000,ISIC_0026023,nv,HAM_0000815
0,0.21817879378795624,1,ham10000,ISIC_0027082,nv,HAM_0000816
0,0.34392276406288147,1,ham10000,ISIC_0025174,nv,HAM_0000817
0,0.4573987126350403,1,ham10000,ISIC_0029611,nv,HAM_0000818
0,0.25821352005004883,1,ham10000,ISIC_0027777,nv,HAM_0000819
0,0.017903631553053856,0,ham10000,ISIC_0028835,nv,HAM_0000820
0,0.6090303063392639,1,ham10000,ISIC_0025623,bkl,HAM_0000821
0,0.1067173182964325,0,ham10000,ISIC_0033841,nv,HAM_0000822
1,0.8307754993438721,1,ham10000,ISIC_0032894,bcc,HAM_0000823
0,0.17287424206733704,1,ham10000,ISIC_0029702,nv,HAM_0000824
0,0.8063651919364929,1,ham10000,ISIC_0034186,bkl,HAM_0000825
0,0.21668213605880737,1,ham10000,ISIC_0027362,nv,HAM_0000826
0,0.8408420085906982,1,ham10000,ISIC_0025223,df,HAM_0000827
0,0.3797278106212616,1,ham10000,ISIC_0024797,nv,HAM_0000828
0,0.3802698254585266,1,ham10000,ISIC_0029440,nv,HAM_0000829
0,0.32573944330215454,1,ham10000,ISIC_0030634,nv,HAM_0000830
0,0.5501298904418945,1,ham10000,ISIC_0029226,nv,HAM_0000831
1,0.7374932765960693,1,ham10000,ISIC_0028763,akiec,HAM_0000832
0,0.6766019463539124,1,ham10000,ISIC_0025719,bkl,HAM_0000833
0,0.48860350251197815,1,ham10000,ISIC_0029989,nv,HAM_0000834
0,0.47944375872612,1,ham10000,ISIC_0024409,bkl,HAM_0000835
0,0.4840361475944519,1,ham10000,ISIC_0025505,nv,HAM_0000836
0,0.3043329417705536,1,ham10000,ISIC_0024986,nv,HAM_0000837
0,0.4422573447227478,1,ham10000,ISIC_0027029,nv,HAM_0000838
0,0.1713443547487259,1,ham10000,ISIC_0032049,nv,HAM_0000839
0,0.15242376923561096,0,ham10000,ISIC_0026828,nv,HAM_0000840
0,0.502834141254425,1,ham10000,ISIC_0031455,nv,HAM_0000841
0,0.6357528567314148,1,ham10000,ISIC_0025401,nv,HAM_0000842
0,0.6670121550559998,1,ham10000,ISIC_0029260,bkl,HAM_0000843
0,0.6274005770683289,1,ham10000,ISIC_0024773,bkl,HAM_0000844
0,0.1919359713792801,1,ham10000,ISIC_0025244,vasc,HAM_0000845
0,0.5171685814857483,1,ham10000,ISIC_0029115,bkl,HAM_0000846
0,0.49467724561691284,1,ham10000,ISIC_0030744,bkl,HAM_0000847
0,0.2868698239326477,1,ham10000,ISIC_0026294,nv,HAM_0000848
0,0.41668519377708435,1,ham10000,ISIC_0029200,nv,HAM_0000849
0,0.4879804253578186,1,ham10000,ISIC_0028588,nv,HAM_0000850
0,0.4033307135105133,1,ham10000,ISIC_0025074,nv,HAM_0000851
0,0.052725426852703094,0,ham10000,ISIC_0025461,nv,HAM_0000852
0,0.25896358489990234,1,ham10000,ISIC_0027153,nv,HAM_0000853
0,0.4740057587623596,1,ham10000,ISIC_0029534,nv,HAM_0000854
0,0.45708945393562317,1,ham10000,ISIC_0033694,nv,HAM_0000855
1,0.6379935145378113,1,ham10000,ISIC_0028537,mel,HAM_0000856
0,0.025462744757533073,0,ham10000,ISIC_0025229,nv,HAM_0000857
0,0.478586345911026,1,ham10000,ISIC_0030944,nv,HAM_0000858
1,0.7221266031265259,1,ham10000,ISIC_0029715,akiec,HAM_0000859
0,0.276010662317276,1,ham10000,ISIC_0029796,nv,HAM_0000860
0,0.6133970022201538,1,ham10000,ISIC_0026125,nv,HAM_0000861
0,0.3592015504837036,1,ham10000,ISIC_0030724,nv,HAM_0000862
1,0.6006329655647278,1,ham10000,ISIC_0028899,mel,HAM_0000863
0,0.2283671498298645,1,ham10000,ISIC_0028716,nv,HAM_0000864
0,0.3367741107940674,1,ham10000,ISIC_0028826,bkl,HAM_0000865
0,0.5998207926750183,1,ham10000,ISIC_0024480,nv,HAM_0000866
0,0.17276130616664886,1,ham10000,ISIC_0028044,nv,HAM_0000867
1,0.5566012859344482,1,ham10000,ISIC_0032316,bcc,HAM_0000868
0,0.6598970890045166,1,ham10000,ISIC_0031109,nv,HAM_0000869
0,0.27725642919540405,1,ham10000,ISIC_0029923,nv,HAM_0000870
1,0.3648175299167633,1,ham10000,ISIC_0025964,mel,HAM_0000871
1,0.5439331531524658,1,ham10000,ISIC_0029323,bcc,HAM_0000872
0,0.23116344213485718,1,ham10000,ISIC_0025012,nv,HAM_0000873
0,0.07126092910766602,0,ham10000,ISIC_0032119,nv,HAM_0000874
0,0.37344983220100403,1,ham10000,ISIC_0031022,nv,HAM_0000875
1,0.8220154643058777,1,ham10000,ISIC_0026531,mel,HAM_0000876
0,0.10654594004154205,0,ham10000,ISIC_0030267,nv,HAM_0000877
1,0.7241408228874207,1,ham10000,ISIC_0028746,mel,HAM_0000878
1,0.5690703392028809,1,ham10000,ISIC_0032816,bcc,HAM_0000879
1,0.6003110408782959,1,ham10000,ISIC_0033089,mel,HAM_0000880
0,0.6051568388938904,1,ham10000,ISIC_0028404,bkl,HAM_0000881
0,0.34097155928611755,1,ham10000,ISIC_0032241,nv,HAM_0000882
0,0.2075989544391632,1,ham10000,ISIC_0030631,nv,HAM_0000883
0,0.5140246152877808,1,ham10000,ISIC_0026728,bkl,HAM_0000884
0,0.17802754044532776,1,ham10000,ISIC_0025293,nv,HAM_0000885
0,0.49682337045669556,1,ham10000,ISIC_0024560,nv,HAM_0000886
1,0.5270668268203735,1,ham10000,ISIC_0030501,mel,HAM_0000887
1,0.49421262741088867,1,ham10000,ISIC_0025085,mel,HAM_0000888
0,0.253027081489563,1,ham10000,ISIC_0025936,nv,HAM_0000889
0,0.22792288661003113,1,ham10000,ISIC_0029185,nv,HAM_0000890
0,0.5002808570861816,1,ham10000,ISIC_0027963,nv,HAM_0000891
0,0.291473388671875,1,ham10000,ISIC_0024594,nv,HAM_0000892
0,0.48967695236206055,1,ham10000,ISIC_0024825,bkl,HAM_0000893
0,0.40870150923728943,1,ham10000,ISIC_0030478,nv,HAM_0000894
0,0.16941441595554352,1,ham10000,ISIC_0030510,nv,HAM_0000895
0,0.3447349965572357,1,ham10000,ISIC_0025051,nv,HAM_0000896
0,0.4259524643421173,1,ham10000,ISIC_0029306,nv,HAM_0000897
0,0.6386971473693848,1,ham10000,ISIC_0025529,bkl,HAM_0000898
0,0.1226261556148529,0,ham10000,ISIC_0029708,nv,HAM_0000899
0,0.3322485089302063,1,ham10000,ISIC_0026552,nv,HAM_0000900
0,0.40477314591407776,1,ham10000,ISIC_0032120,nv,HAM_0000901
0,0.6251252889633179,1,ham10000,ISIC_0027745,df,HAM_0000902
1,0.8413191437721252,1,ham10000,ISIC_0024702,mel,HAM_0000903
0,0.277292400598526,1,ham10000,ISIC_0025149,nv,HAM_0000904
0,0.2943706810474396,1,ham10000,ISIC_0026338,nv,HAM_0000905
0,0.42711135745048523,1,ham10000,ISIC_0026750,nv,HAM_0000906
0,0.5579930543899536,1,ham10000,ISIC_0025140,bkl,HAM_0000907
0,0.3253501355648041,1,ham10000,ISIC_0028340,nv,HAM_0000908
1,0.40249988436698914,1,ham10000,ISIC_0026981,akiec,HAM_0000909
1,0.3835887908935547,1,ham10000,ISIC_0027797,mel,HAM_0000910
0,0.31386977434158325,1,ham10000,ISIC_0029087,nv,HAM_0000911
0,0.310814768075943,1,ham10000,ISIC_0026232,nv,HAM_0000912
0,0.41273778676986694,1,ham10000,ISIC_0028559,nv,HAM_0000913
0,0.03466169908642769,0,ham10000,ISIC_0025995,nv,HAM_0000914
1,0.5186189413070679,1,ham10000,ISIC_0030339,bcc,HAM_0000915
0,0.4958488345146179,1,ham10000,ISIC_0032167,nv,HAM_0000916
1,0.6561548113822937,1,ham10000,ISIC_0024701,mel,HAM_0000917
1,0.5712407231330872,1,ham10000,ISIC_0029133,akiec,HAM_0000918
0,0.2276511788368225,1,ham10000,ISIC_0025204,nv,HAM_0000919
0,0.8299227952957153,1,ham10000,ISIC_0028707,bkl,HAM_0000920
0,0.21839739382266998,1,ham10000,ISIC_0026098,nv,HAM_0000921
0,0.6880879998207092,1,ham10000,ISIC_0031111,nv,HAM_0000922
0,0.1231766790151596,0,ham10000,ISIC_0024428,nv,HAM_0000923
0,0.2789877951145172,1,ham10000,ISIC_0026804,nv,HAM_0000924
0,0.4420737326145172,1,ham10000,ISIC_0030041,nv,HAM_0000925
0,0.2019539475440979,1,ham10000,ISIC_0026189,nv,HAM_0000926
0,0.2557867765426636,1,ham10000,ISIC_0027318,nv,HAM_0000927
0,0.44244787096977234,1,ham10000,ISIC_0026777,nv,HAM_0000928
0,0.148833766579628,0,ham10000,ISIC_0029727,nv,HAM_0000929
0,0.4919869601726532,1,ham10000,ISIC_0027848,nv,HAM_0000930
1,0.8576003909111023,1,ham10000,ISIC_0028820,akiec,HAM_0000931
0,0.008787835948169231,0,ham10000,ISIC_0026288,nv,HAM_0000932
0,0.7059744000434875,1,ham10000,ISIC_0024358,bkl,HAM_0000933
0,0.14839856326580048,0,ham10000,ISIC_0031706,vasc,HAM_0000934
0,0.3791216313838959,1,ham10000,ISIC_0027399,nv,HAM_0000935
0,0.04109641909599304,0,ham10000,ISIC_0030388,nv,HAM_0000936
0,0.2404085397720337,1,ham10000,ISIC_0025344,nv,HAM_0000937
0,0.10015326738357544,0,ham10000,ISIC_0031916,nv,HAM_0000938
0,0.2161739319562912,1,ham10000,ISIC_0028620,nv,HAM_0000939
0,0.6728556156158447,1,ham10000,ISIC_0032692,vasc,HAM_0000940
0,0.2447872906923294,1,ham10000,ISIC_0025658,nv,HAM_0000941
0,0.3249503970146179,1,ham10000,ISIC_0028554,nv,HAM_0000942
0,0.4270499050617218,1,ham10000,ISIC_0025900,nv,HAM_0000943
0,0.32013681530952454,1,ham10000,ISIC_0027864,nv,HAM_0000944
0,0.06537767499685287,0,ham10000,ISIC_0031104,nv,HAM_0000945
0,0.3830987811088562,1,ham10000,ISIC_0031775,nv,HAM_0000946
0,0.3242362141609192,1,ham10000,ISIC_0024642,nv,HAM_0000947
0,0.35615259408950806,1,ham10000,ISIC_0033631,bkl,HAM_0000948
0,0.4775523841381073,1,ham10000,ISIC_0032444,nv,HAM_0000949
0,0.5731588006019592,1,ham10000,ISIC_0030590,nv,HAM_0000950
0,0.3056119680404663,1,ham10000,ISIC_0026003,nv,HAM_0000951
1,0.5845109820365906,1,ham10000,ISIC_0024546,mel,HAM_0000952
1,0.5855768918991089,1,ham10000,ISIC_0026213,bcc,HAM_0000953
1,0.7970293760299683,1,ham10000,ISIC_0026100,akiec,HAM_0000954
0,0.47638773918151855,1,ham10000,ISIC_0029036,bkl,HAM_0000955
0,0.2919398248195648,1,ham10000,ISIC_0025251,nv,HAM_0000956
0,0.1919669359922409,1,ham10000,ISIC_0029449,nv,HAM_0000957
0,0.3347984552383423,1,ham10000,ISIC_0028175,nv,HAM_0000958
0,0.5502792596817017,1,ham10000,ISIC_0026532,bkl,HAM_0000959
0,0.39269259572029114,1,ham10000,ISIC_0025779,nv,HAM_0000960
0,0.39665308594703674,1,ham10000,ISIC_0024882,nv,HAM_0000961
0,0.3246905505657196,1,ham10000,ISIC_0028674,nv,HAM_0000962
0,0.6067871451377869,1,ham10000,ISIC_0032227,nv,HAM_0000963
0,0.030772419646382332,0,ham10000,ISIC_0028919,nv,HAM_0000964
0,0.3797346353530884,1,ham10000,ISIC_0027855,nv,HAM_0000965
0,0.4461556673049927,1,ham10000,ISIC_0030168,nv,HAM_0000966
1,0.680687665939331,1,ham10000,ISIC_0025539,akiec,HAM_0000967
1,0.30700042843818665,1,ham10000,ISIC_0026074,bcc,HAM_0000968
0,0.29539620876312256,1,ham10000,ISIC_0028071,nv,HAM_0000969
0,0.5572076439857483,1,ham10000,ISIC_0032574,nv,HAM_0000970
0,0.4868432879447937,1,ham10000,ISIC_0026546,nv,HAM_0000971
0,0.05987384915351868,0,ham10000,ISIC_0031605,nv,HAM_0000972
0,0.7236423492431641,1,ham10000,ISIC_0025222,bkl,HAM_0000973
0,0.48150286078453064,1,ham10000,ISIC_0026262,bkl,HAM_0000974
0,0.1893916130065918,1,ham10000,ISIC_0029267,nv,HAM_0000975
0,0.6507927179336548,1,ham10000,ISIC_0030833,nv,HAM_0000976
0,0.4965154230594635,1,ham10000,ISIC_0024842,nv,HAM_0000977
0,0.1463528722524643,0,ham10000,ISIC_0025882,nv,HAM_0000978
0,0.5076931715011597,1,ham10000,ISIC_0028043,bkl,HAM_0000979
0,0.2725384533405304,1,ham10000,ISIC_0028627,nv,HAM_0000980
0,0.2073231041431427,1,ham10000,ISIC_0024311,nv,HAM_0000981
1,0.8710412383079529,1,ham10000,ISIC_0032356,akiec,HAM_0000982
0,0.418576180934906,1,ham10000,ISIC_0033490,bkl,HAM_0000983
0,0.20627807080745697,1,ham10000,ISIC_0024376,nv,HAM_0000984
0,0.6447136402130127,1,ham10000,ISIC_0024490,bkl,HAM_0000985
0,0.2065640240907669,1,ham10000,ISIC_0026227,nv,HAM_0000986
1,0.8560715317726135,1,ham10000,ISIC_0025301,bcc,HAM_0000987
1,0.5704875588417053,1,ham10000,ISIC_0031186,mel,HAM_0000988
0,0.04622375965118408,0,ham10000,ISIC_0028070,nv,HAM_0000989
0,0.28124386072158813,1,ham10000,ISIC_0031801,nv,HAM_0000990
0,0.42310139536857605,1,ham10000,ISIC_0028275,nv,HAM_0000991
0,0.5347009301185608,1,ham10000,ISIC_0026661,bkl,HAM_0000992
1,0.7091143131256104,1,ham10000,ISIC_0032696,bcc,HAM_0000993
1,0.6123886108398438,1,ham10000,ISIC_0027545,bcc,HAM_0000994
0,0.1660536676645279,1,ham10000,ISIC_0027241,nv,HAM_0000995
0,0.5439195036888123,1,ham10000,ISIC_0024793,nv,HAM_0000996
0,0.29894647002220154,1,ham10000,ISIC_0030385,nv,HAM_0000997
1,0.6510591506958008,1,ham10000,ISIC_0027544,bcc,HAM_0000998
0,0.3063337802886963,1,ham10000,ISIC_0026567,bkl,HAM_0000999
0,0.22107696533203125,1,ham10000,ISIC_0033353,nv,HAM_0001000
0,0.21949851512908936,1,ham10000,ISIC_0026852,nv,HAM_0001001
0,0.6440891623497009,1,ham10000,ISIC_0026348,nv,HAM_0001002
0,0.15471026301383972,0,ham10000,ISIC_0028629,nv,HAM_0001003
1,0.7075791954994202,1,ham10000,ISIC_0024923,akiec,HAM_0001004
0,0.05538596585392952,0,ham10000,ISIC_0028058,nv,HAM_0001005
0,0.08943402022123337,0,ham10000,ISIC_0027602,nv,HAM_0001006
0,0.11685685813426971,0,ham10000,ISIC_0031758,nv,HAM_0001007
0,0.11500123888254166,0,ham10000,ISIC_0031898,nv,HAM_0001008
0,0.4704999327659607,1,ham10000,ISIC_0029401,nv,HAM_0001009
0,0.3037300109863281,1,ham10000,ISIC_0026170,nv,HAM_0001010
0,0.47956764698028564,1,ham10000,ISIC_0027202,bkl,HAM_0001011
0,0.5508449077606201,1,ham10000,ISIC_0031867,nv,HAM_0001012
0,0.40013980865478516,1,ham10000,ISIC_0031533,nv,HAM_0001013
0,0.5551645755767822,1,ham10000,ISIC_0031278,nv,HAM_0001014
0,0.030979009345173836,0,ham10000,ISIC_0028833,nv,HAM_0001015
0,0.3808479607105255,1,ham10000,ISIC_0028845,nv,HAM_0001016
0,0.2837424874305725,1,ham10000,ISIC_0024507,nv,HAM_0001017
1,0.6765403151512146,1,ham10000,ISIC_0027090,bcc,HAM_0001018
0,0.4861200451850891,1,ham10000,ISIC_0026377,nv,HAM_0001019
0,0.42709869146347046,1,ham10000,ISIC_0030912,nv,HAM_0001020
0,0.45624855160713196,1,ham10000,ISIC_0031332,nv,HAM_0001021
0,0.566389799118042,1,ham10000,ISIC_0026414,nv,HAM_0001022
1,0.5569361448287964,1,ham10000,ISIC_0026468,akiec,HAM_0001023
0,0.4426271617412567,1,ham10000,ISIC_0027192,bkl,HAM_0001024
0,0.1418539583683014,0,ham10000,ISIC_0030891,nv,HAM_0001025
0,0.36208903789520264,1,ham10000,ISIC_0033743,nv,HAM_0001026
0,0.5251328945159912,1,ham10000,ISIC_0026455,nv,HAM_0001027
0,0.3016446530818939,1,ham10000,ISIC_0031220,nv,HAM_0001028
0,0.06904945522546768,0,ham10000,ISIC_0024384,nv,HAM_0001029
0,0.3568269610404968,1,ham10000,ISIC_0027363,nv,HAM_0001030
0,0.5478271842002869,1,ham10000,ISIC_0030626,nv,HAM_0001031
0,0.13796858489513397,0,ham10000,ISIC_0028321,nv,HAM_0001032
0,0.07444112747907639,0,ham10000,ISIC_0031658,nv,HAM_0001033
0,0.14126546680927277,0,ham10000,ISIC_0026691,nv,HAM_0001034
0,0.22839230298995972,1,ham10000,ISIC_0026129,nv,HAM_0001035
1,0.558632493019104,1,ham10000,ISIC_0027588,akiec,HAM_0001036
0,0.5225318074226379,1,ham10000,ISIC_0031645,nv,HAM_0001037
0,0.06606554239988327,0,ham10000,ISIC_0024706,vasc,HAM_0001038
0,0.06451457738876343,0,ham10000,ISIC_0026356,nv,HAM_0001039
0,0.3140728771686554,1,ham10000,ISIC_0032747,nv,HAM_0001040
0,0.617480993270874,1,ham10000,ISIC_0026886,nv,HAM_0001041
0,0.5111793279647827,1,ham10000,ISIC_0025246,nv,HAM_0001042
0,0.31213584542274475,1,ham10000,ISIC_0026035,nv,HAM_0001043
0,0.07169140875339508,0,ham10000,ISIC_0027322,nv,HAM_0001044
0,0.2078995257616043,1,ham10000,ISIC_0024605,nv,HAM_0001045
0,0.48710450530052185,1,ham10000,ISIC_0032951,nv,HAM_0001046
0,0.08708295226097107,0,ham10000,ISIC_0028853,nv,HAM_0001047
1,0.4554666578769684,1,ham10000,ISIC_0026525,akiec,HAM_0001048
0,0.37245553731918335,1,ham10000,ISIC_0027703,nv,HAM_0001049
0,0.150552898645401,0,ham10000,ISIC_0030317,nv,HAM_0001050
0,0.14090898633003235,0,ham10000,ISIC_0024686,nv,HAM_0001051
0,0.4056324064731598,1,ham10000,ISIC_0031053,nv,HAM_0001052
0,0.44313278794288635,1,ham10000,ISIC_0030998,bkl,HAM_0001053
0,0.16223913431167603,1,ham10000,ISIC_0029006,nv,HAM_0001054
0,0.5024405121803284,1,ham10000,ISIC_0028120,bkl,HAM_0001055
0,0.03284628689289093,0,ham10000,ISIC_0025329,nv,HAM_0001056
0,0.6062830090522766,1,ham10000,ISIC_0024381,bkl,HAM_0001057
0,0.5543845891952515,1,ham10000,ISIC_0024716,nv,HAM_0001058
0,0.2473830282688141,1,ham10000,ISIC_0029282,nv,HAM_0001059
0,0.14235791563987732,0,ham10000,ISIC_0024405,nv,HAM_0001060
0,0.24925081431865692,1,ham10000,ISIC_0029526,nv,HAM_0001061
0,0.31956371665000916,1,ham10000,ISIC_0027710,bkl,HAM_0001062
0,0.3470812439918518,1,ham10000,ISIC_0027180,nv,HAM_0001063
0,0.5220915079116821,1,ham10000,ISIC_0031797,nv,HAM_0001064
0,0.261916846036911,1,ham10000,ISIC_0030035,nv,HAM_0001065
0,0.42389151453971863,1,ham10000,ISIC_0028949,nv,HAM_0001066
0,0.4616338312625885,1,ham10000,ISIC_0028813,nv,HAM_0001067
0,0.4927635192871094,1,ham10000,ISIC_0029365,nv,HAM_0001068
1,0.4968627393245697,1,ham10000,ISIC_0028898,mel,HAM_0001069
0,0.29222163558006287,1,ham10000,ISIC_0027499,nv,HAM_0001070
0,0.5004091262817383,1,ham10000,ISIC_0027570,nv,HAM_0001071
0,0.2510872185230255,1,ham10000,ISIC_0026041,nv,HAM_0001072
0,0.5141829252243042,1,ham10000,ISIC_0027990,bkl,HAM_0001073
0,0.36000287532806396,1,ham10000,ISIC_0030764,nv,HAM_0001074
0,0.22674156725406647,1,ham10000,ISIC_0028743,nv,HAM_0001075
0,0.6818645596504211,1,ham10000,ISIC_0032646,nv,HAM_0001076
0,0.35158610343933105,1,ham10000,ISIC_0025846,nv,HAM_0001077
1,0.4530186653137207,1,ham10000,ISIC_0027851,bcc,HAM_0001078
0,0.5303199291229248,1,ham10000,ISIC_0031371,nv,HAM_0001079
0,0.23265044391155243,1,ham10000,ISIC_0028762,nv,HAM_0001080
0,0.07197481393814087,0,ham10000,ISIC_0026278,nv,HAM_0001081
0,0.594266951084137,1,ham10000,ISIC_0024696,bkl,HAM_0001082
0,0.367714524269104,1,ham10000,ISIC_0025540,nv,HAM_0001083
0,0.20924897491931915,1,ham10000,ISIC_0030946,nv,HAM_0001084
0,0.47047728300094604,1,ham10000,ISIC_0025919,nv,HAM_0001085
0,0.2903129458427429,1,ham10000,ISIC_0030499,nv,HAM_0001086
0,0.5654374361038208,1,ham10000,ISIC_0031785,nv,HAM_0001087
0,0.3443738520145416,1,ham10000,ISIC_0031959,nv,HAM_0001088
0,0.34148740768432617,1,ham10000,ISIC_0029941,nv,HAM_0001089
0,0.4060367941856384,1,ham10000,ISIC_0031207,nv,HAM_0001090
0,0.49946293234825134,1,ham10000,ISIC_0031955,vasc,HAM_0001091
0,0.33826395869255066,1,ham10000,ISIC_0031962,nv,HAM_0001092
0,0.09580881148576736,0,ham10000,ISIC_0032198,nv,HAM_0001093
0,0.4500386118888855,1,ham10000,ISIC_0031150,bkl,HAM_0001094
1,0.6538217067718506,1,ham10000,ISIC_0026647,mel,HAM_0001095
0,0.2495536506175995,1,ham10000,ISIC_0026932,nv,HAM_0001096
0,0.5836582183837891,1,ham10000,ISIC_0032950,nv,HAM_0001097
0,0.12453106790781021,0,ham10000,ISIC_0024671,nv,HAM_0001098
0,0.20062825083732605,1,ham10000,ISIC_0027955,nv,HAM_0001099
0,0.5633652806282043,1,ham10000,ISIC_0028194,nv,HAM_0001100
0,0.44644126296043396,1,ham10000,ISIC_0030621,nv,HAM_0001101
0,0.49167680740356445,1,ham10000,ISIC_0029903,nv,HAM_0001102
0,0.4758111834526062,1,ham10000,ISIC_0030918,nv,HAM_0001103
0,0.4612402617931366,1,ham10000,ISIC_0027183,nv,HAM_0001104
1,0.16611573100090027,1,ham10000,ISIC_0025592,mel,HAM_0001105
0,0.5945139527320862,1,ham10000,ISIC_0033225,nv,HAM_0001106
0,0.3667301833629608,1,ham10000,ISIC_0027644,nv,HAM_0001107
0,0.2720401883125305,1,ham10000,ISIC_0027313,nv,HAM_0001108
0,0.2925116717815399,1,ham10000,ISIC_0027636,nv,HAM_0001109
0,0.19811825454235077,1,ham10000,ISIC_0024413,nv,HAM_0001110
0,0.5704972743988037,1,ham10000,ISIC_0026209,nv,HAM_0001111
0,0.4405805468559265,1,ham10000,ISIC_0024359,nv,HAM_0001112
1,0.5995473861694336,1,ham10000,ISIC_0031900,mel,HAM_0001113
0,0.4692091643810272,1,ham10000,ISIC_0031260,nv,HAM_0001114
0,0.03721500560641289,0,ham10000,ISIC_0024778,nv,HAM_0001115
0,0.5309892296791077,1,ham10000,ISIC_0028601,nv,HAM_0001116
0,0.44130849838256836,1,ham10000,ISIC_0027411,nv,HAM_0001117
0,0.06153150647878647,0,ham10000,ISIC_0033332,nv,HAM_0001118
0,0.5050636529922485,1,ham10000,ISIC_0025726,nv,HAM_0001120
0,0.18349970877170563,1,ham10000,ISIC_0024788,nv,HAM_0001121
0,0.12090221792459488,0,ham10000,ISIC_0030104,vasc,HAM_0001122
0,0.030355293303728104,0,ham10000,ISIC_0027554,nv,HAM_0001123
0,0.15828458964824677,0,ham10000,ISIC_0026587,nv,HAM_0001124
0,0.490983247756958,1,ham10000,ISIC_0024827,nv,HAM_0001125
0,0.33818262815475464,1,ham10000,ISIC_0025123,nv,HAM_0001126
0,0.20248591899871826,1,ham10000,ISIC_0029307,nv,HAM_0001127
0,0.14670227468013763,0,ham10000,ISIC_0029444,nv,HAM_0001128
1,0.23469385504722595,1,ham10000,ISIC_0030352,bcc,HAM_0001129
0,0.5409245491027832,1,ham10000,ISIC_0024694,nv,HAM_0001130
0,0.3051387667655945,1,ham10000,ISIC_0029601,nv,HAM_0001131
0,0.13009916245937347,0,ham10000,ISIC_0031562,nv,HAM_0001132
0,0.15508636832237244,0,ham10000,ISIC_0032980,nv,HAM_0001133
0,0.5443411469459534,1,ham10000,ISIC_0026913,nv,HAM_0001134
1,0.27649882435798645,1,ham10000,ISIC_0033152,mel,HAM_0001135
0,0.5281122326850891,1,ham10000,ISIC_0031848,nv,HAM_0001136
0,0.48736491799354553,1,ham10000,ISIC_0029359,nv,HAM_0001137
1,0.40084874629974365,1,ham10000,ISIC_0032768,bcc,HAM_0001138
0,0.26116567850112915,1,ham10000,ISIC_0033028,nv,HAM_0001139
0,0.12818925082683563,0,ham10000,ISIC_0024884,nv,HAM_0001140
0,0.42783135175704956,1,ham10000,ISIC_0028918,nv,HAM_0001141
0,0.1584090143442154,0,ham10000,ISIC_0024503,nv,HAM_0001142
1,0.7866236567497253,1,ham10000,ISIC_0033426,mel,HAM_0001143
0,0.5319963097572327,1,ham10000,ISIC_0030673,nv,HAM_0001144
0,0.3839985430240631,1,ham10000,ISIC_0030400,nv,HAM_0001145
0,0.5061923265457153,1,ham10000,ISIC_0032480,nv,HAM_0001146
0,0.22580283880233765,1,ham10000,ISIC_0033375,nv,HAM_0001147
0,0.3546937108039856,1,ham10000,ISIC_0030103,nv,HAM_0001148
0,0.049373116344213486,0,ham10000,ISIC_0028924,nv,HAM_0001149
1,0.6706600189208984,1,ham10000,ISIC_0030486,mel,HAM_0001150
0,0.06096414476633072,0,ham10000,ISIC_0024649,nv,HAM_0001151
1,0.7192632555961609,1,ham10000,ISIC_0030133,akiec,HAM_0001152
0,0.5604588389396667,1,ham10000,ISIC_0025849,nv,HAM_0001153
0,0.3566403090953827,1,ham10000,ISIC_0025013,nv,HAM_0001154
1,0.6500099897384644,1,ham10000,ISIC_0032987,mel,HAM_0001155
0,0.09121871739625931,0,ham10000,ISIC_0030811,nv,HAM_0001156
0,0.5617271661758423,1,ham10000,ISIC_0027423,nv,HAM_0001157
0,0.4826124906539917,1,ham10000,ISIC_0025022,nv,HAM_0001158
0,0.22787976264953613,1,ham10000,ISIC_0026533,nv,HAM_0001159
0,0.38649892807006836,1,ham10000,ISIC_0024340,nv,HAM_0001160
0,0.3253595530986786,1,ham10000,ISIC_0028691,nv,HAM_0001161
0,0.29201486706733704,1,ham10000,ISIC_0029211,nv,HAM_0001162
0,0.5450230836868286,1,ham10000,ISIC_0028997,nv,HAM_0001163
0,0.39247366786003113,1,ham10000,ISIC_0027118,df,HAM_0001164
0,0.38469767570495605,1,ham10000,ISIC_0030199,nv,HAM_0001165
0,0.22791360318660736,1,ham10000,ISIC_0026851,nv,HAM_0001166
0,0.07880079746246338,0,ham10000,ISIC_0028448,bkl,HAM_0001167
0,0.33402249217033386,1,ham10000,ISIC_0024803,nv,HAM_0001168
0,0.4094869792461395,1,ham10000,ISIC_0029328,nv,HAM_0001169
0,0.4777773916721344,1,ham10000,ISIC_0032202,nv,HAM_0001170
0,0.15679913759231567,0,ham10000,ISIC_0032346,nv,HAM_0001171
0,0.38840407133102417,1,ham10000,ISIC_0024821,nv,HAM_0001172
1,0.3894527554512024,1,ham10000,ISIC_0030827,akiec,HAM_0001173
1,0.5764656066894531,1,ham10000,ISIC_0033027,mel,HAM_0001174
0,0.4026120901107788,1,ham10000,ISIC_0033191,nv,HAM_0001175
1,0.48575758934020996,1,ham10000,ISIC_0028644,akiec,HAM_0001176
0,0.591599702835083,1,ham10000,ISIC_0025154,df,HAM_0001177
1,0.8691259622573853,1,ham10000,ISIC_0031570,akiec,HAM_0001178
0,0.17034123837947845,1,ham10000,ISIC_0029928,nv,HAM_0001179
0,0.32249829173088074,1,ham10000,ISIC_0029303,nv,HAM_0001180
0,0.22544358670711517,1,ham10000,ISIC_0030409,nv,HAM_0001181
0,0.24331754446029663,1,ham10000,ISIC_0029361,nv,HAM_0001182
1,0.6003894805908203,1,ham10000,ISIC_0027846,bcc,HAM_0001183
0,0.26990267634391785,1,ham10000,ISIC_0028330,nv,HAM_0001184
0,0.28524506092071533,1,ham10000,ISIC_0029063,nv,HAM_0001185
0,0.8009194731712341,1,ham10000,ISIC_0033391,bkl,HAM_0001186
0,0.14838376641273499,0,ham10000,ISIC_0027914,nv,HAM_0001187
0,0.22688524425029755,1,ham10000,ISIC_0032162,nv,HAM_0001188
0,0.29851484298706055,1,ham10000,ISIC_0029777,nv,HAM_0001189
0,0.5765780806541443,1,ham10000,ISIC_0026071,nv,HAM_0001190
0,0.08965576440095901,0,ham10000,ISIC_0028452,nv,HAM_0001191
0,0.571006715297699,1,ham10000,ISIC_0031546,nv,HAM_0001192
0,0.10236156731843948,0,ham10000,ISIC_0029125,nv,HAM_0001193
0,0.2576006352901459,1,ham10000,ISIC_0028991,nv,HAM_0001194
0,0.44911256432533264,1,ham10000,ISIC_0031161,nv,HAM_0001195
0,0.07672348618507385,0,ham10000,ISIC_0028088,nv,HAM_0001196
0,0.13948164880275726,0,ham10000,ISIC_0031420,nv,HAM_0001197
0,0.014395170845091343,0,ham10000,ISIC_0025441,nv,HAM_0001198
0,0.06275436282157898,0,ham10000,ISIC_0025802,nv,HAM_0001199
0,0.7995432019233704,1,ham10000,ISIC_0025716,bkl,HAM_0001200
0,0.40136489272117615,1,ham10000,ISIC_0024691,nv,HAM_0001201
1,0.8461669683456421,1,ham10000,ISIC_0028022,mel,HAM_0001202
1,0.41345110535621643,1,ham10000,ISIC_0025081,mel,HAM_0001203
0,0.3993992209434509,1,ham10000,ISIC_0030185,nv,HAM_0001204
0,0.21826280653476715,1,ham10000,ISIC_0025034,nv,HAM_0001205
0,0.2934003174304962,1,ham10000,ISIC_0031320,nv,HAM_0001206
0,0.4823082983493805,1,ham10000,ISIC_0032436,nv,HAM_0001207
0,0.1650708019733429,1,ham10000,ISIC_0026047,nv,HAM_0001208
0,0.43269428610801697,1,ham10000,ISIC_0033064,nv,HAM_0001209
0,0.561370313167572,1,ham10000,ISIC_0025841,nv,HAM_0001210
0,0.6165032386779785,1,ham10000,ISIC_0033781,nv,HAM_0001211
0,0.6376389861106873,1,ham10000,ISIC_0024846,nv,HAM_0001212
0,0.2850009799003601,1,ham10000,ISIC_0026731,nv,HAM_0001213
1,0.6949243545532227,1,ham10000,ISIC_0025439,mel,HAM_0001214
1,0.7486545443534851,1,ham10000,ISIC_0025260,bcc,HAM_0001215
0,0.30459123849868774,1,ham10000,ISIC_0026499,nv,HAM_0001216
0,0.379264235496521,1,ham10000,ISIC_0032864,nv,HAM_0001218
1,0.5585722327232361,1,ham10000,ISIC_0028335,akiec,HAM_0001219
0,0.44928377866744995,1,ham10000,ISIC_0027931,nv,HAM_0001220
0,0.5511609315872192,1,ham10000,ISIC_0026637,bkl,HAM_0001221
0,0.29335635900497437,1,ham10000,ISIC_0029916,nv,HAM_0001222
0,0.37451282143592834,1,ham10000,ISIC_0030789,bkl,HAM_0001223
0,0.3070127069950104,1,ham10000,ISIC_0030777,nv,HAM_0001224
0,0.375363290309906,1,ham10000,ISIC_0025977,nv,HAM_0001225
0,0.5925847887992859,1,ham10000,ISIC_0030636,bkl,HAM_0001226
0,0.43059173226356506,1,ham10000,ISIC_0032210,nv,HAM_0001227
0,0.36481091380119324,1,ham10000,ISIC_0031717,nv,HAM_0001228
0,0.09374615550041199,0,ham10000,ISIC_0032401,nv,HAM_0001229
0,0.635658860206604,1,ham10000,ISIC_0025295,nv,HAM_0001230
0,0.35179847478866577,1,ham10000,ISIC_0025878,nv,HAM_0001231
0,0.45884284377098083,1,ham10000,ISIC_0026614,bkl,HAM_0001232
0,0.19242113828659058,1,ham10000,ISIC_0029110,nv,HAM_0001233
1,0.6785553693771362,1,ham10000,ISIC_0031940,akiec,HAM_0001234
0,0.14191819727420807,0,ham10000,ISIC_0024530,nv,HAM_0001235
0,0.4697330892086029,1,ham10000,ISIC_0030615,nv,HAM_0001236
1,0.6486902832984924,1,ham10000,ISIC_0029680,bcc,HAM_0001237
0,0.0539550855755806,0,ham10000,ISIC_0032409,vasc,HAM_0001238
1,0.7107536196708679,1,ham10000,ISIC_0031640,bcc,HAM_0001239
0,0.3653905391693115,1,ham10000,ISIC_0026871,bkl,HAM_0001240
0,0.2910310924053192,1,ham10000,ISIC_0031461,nv,HAM_0001241
0,0.5764896869659424,1,ham10000,ISIC_0025988,nv,HAM_0001242
1,0.6389096975326538,1,ham10000,ISIC_0033747,bcc,HAM_0001243
0,0.19868312776088715,1,ham10000,ISIC_0030530,nv,HAM_0001244
0,0.6738187670707703,1,ham10000,ISIC_0025575,bkl,HAM_0001245
0,0.46850305795669556,1,ham10000,ISIC_0032822,nv,HAM_0001246
0,0.28067275881767273,1,ham10000,ISIC_0024557,nv,HAM_0001247
0,0.597165048122406,1,ham10000,ISIC_0025177,nv,HAM_0001248
0,0.16171996295452118,1,ham10000,ISIC_0033817,vasc,HAM_0001249
0,0.1619015634059906,1,ham10000,ISIC_0026972,nv,HAM_0001251
0,0.051990117877721786,0,ham10000,ISIC_0026284,nv,HAM_0001252
0,0.1546921283006668,0,ham10000,ISIC_0025704,nv,HAM_0001253
0,0.2317269891500473,1,ham10000,ISIC_0030987,nv,HAM_0001254
0,0.31254926323890686,1,ham10000,ISIC_0030948,nv,HAM_0001255
0,0.1428716480731964,0,ham10000,ISIC_0025997,nv,HAM_0001256
0,0.14351966977119446,0,ham10000,ISIC_0024614,nv,HAM_0001257
1,0.49296894669532776,1,ham10000,ISIC_0025331,akiec,HAM_0001258
0,0.615607500076294,1,ham10000,ISIC_0028252,nv,HAM_0001259
0,0.5241988301277161,1,ham10000,ISIC_0024421,nv,HAM_0001260
0,0.08647500723600388,0,ham10000,ISIC_0025332,nv,HAM_0001261
0,0.1941099464893341,1,ham10000,ISIC_0026677,nv,HAM_0001262
0,0.40411102771759033,1,ham10000,ISIC_0031463,nv,HAM_0001263
0,0.4425203204154968,1,ham10000,ISIC_0032838,nv,HAM_0001264
0,0.5545971393585205,1,ham10000,ISIC_0025061,nv,HAM_0001265
1,0.7115986943244934,1,ham10000,ISIC_0029909,mel,HAM_0001266
0,0.32160836458206177,1,ham10000,ISIC_0030454,nv,HAM_0001267
0,0.0993850827217102,0,ham10000,ISIC_0025535,nv,HAM_0001268
0,0.699371874332428,1,ham10000,ISIC_0027582,nv,HAM_0001269
0,0.29899781942367554,1,ham10000,ISIC_0031935,nv,HAM_0001270
0,0.2961149215698242,1,ham10000,ISIC_0030949,nv,HAM_0001271
1,0.7529892325401306,1,ham10000,ISIC_0029265,mel,HAM_0001272
0,0.6465314030647278,1,ham10000,ISIC_0027806,bkl,HAM_0001273
1,0.5575810074806213,1,ham10000,ISIC_0032462,mel,HAM_0001274
0,0.22336651384830475,1,ham10000,ISIC_0025495,nv,HAM_0001275
0,0.6367876529693604,1,ham10000,ISIC_0031948,nv,HAM_0001276
1,0.5517822504043579,1,ham10000,ISIC_0031927,akiec,HAM_0001277
0,0.4900054931640625,1,ham10000,ISIC_0024527,nv,HAM_0001278
0,0.761242687702179,1,ham10000,ISIC_0025855,nv,HAM_0001279
1,0.6874138712882996,1,ham10000,ISIC_0033704,mel,HAM_0001280
0,0.15797345340251923,0,ham10000,ISIC_0027048,nv,HAM_0001281
0,0.4729416072368622,1,ham10000,ISIC_0028269,nv,HAM_0001282
1,0.8229929804801941,1,ham10000,ISIC_0026845,bcc,HAM_0001283
1,0.7656515836715698,1,ham10000,ISIC_0024972,mel,HAM_0001284
0,0.18911731243133545,1,ham10000,ISIC_0031553,nv,HAM_0001285
0,0.43525493144989014,1,ham10000,ISIC_0031846,nv,HAM_0001286
0,0.34107014536857605,1,ham10000,ISIC_0024535,nv,HAM_0001287
0,0.474215567111969,1,ham10000,ISIC_0029757,nv,HAM_0001288
0,0.09804785251617432,0,ham10000,ISIC_0026725,nv,HAM_0001289
0,0.2689400911331177,1,ham10000,ISIC_0032263,nv,HAM_0001290
0,0.07145699858665466,0,ham10000,ISIC_0024613,nv,HAM_0001291
0,0.4167511761188507,1,ham10000,ISIC_0027094,bkl,HAM_0001292
0,0.1713334023952484,1,ham10000,ISIC_0030062,nv,HAM_0001293
0,0.674602210521698,1,ham10000,ISIC_0028124,bkl,HAM_0001294
0,0.169158473610878,1,ham10000,ISIC_0024703,nv,HAM_0001295
1,0.4705052375793457,1,ham10000,ISIC_0028316,bcc,HAM_0001296
0,0.5235486030578613,1,ham10000,ISIC_0030135,nv,HAM_0001297
0,0.4208769202232361,1,ham10000,ISIC_0024731,nv,HAM_0001298
1,0.6989858746528625,1,ham10000,ISIC_0026545,mel,HAM_0001299
0,0.45964762568473816,1,ham10000,ISIC_0029497,nv,HAM_0001300
1,0.6183696389198303,1,ham10000,ISIC_0032307,bcc,HAM_0001301
1,0.6420851945877075,1,ham10000,ISIC_0032206,akiec,HAM_0001302
0,0.09846188873052597,0,ham10000,ISIC_0028753,nv,HAM_0001303
0,0.14970694482326508,0,ham10000,ISIC_0028328,nv,HAM_0001304
0,0.10205379128456116,0,ham10000,ISIC_0030887,nv,HAM_0001305
0,0.2580622732639313,1,ham10000,ISIC_0026603,nv,HAM_0001306
0,0.4535747766494751,1,ham10000,ISIC_0025041,nv,HAM_0001307
0,0.41802409291267395,1,ham10000,ISIC_0025740,nv,HAM_0001308
0,0.4134247303009033,1,ham10000,ISIC_0032876,bkl,HAM_0001309
0,0.5419425964355469,1,ham10000,ISIC_0027820,bkl,HAM_0001310
0,0.35475921630859375,1,ham10000,ISIC_0031544,nv,HAM_0001311
0,0.4947271943092346,1,ham10000,ISIC_0024871,bkl,HAM_0001312
0,0.5153471231460571,1,ham10000,ISIC_0025562,nv,HAM_0001313
0,0.3423188328742981,1,ham10000,ISIC_0029675,nv,HAM_0001314
0,0.5030878782272339,1,ham10000,ISIC_0031628,nv,HAM_0001315
0,0.4524667263031006,1,ham10000,ISIC_0031660,nv,HAM_0001316
0,0.45519375801086426,1,ham10000,ISIC_0027995,nv,HAM_0001317
0,0.18652454018592834,1,ham10000,ISIC_0028305,nv,HAM_0001318
0,0.5262312889099121,1,ham10000,ISIC_0026053,nv,HAM_0001319
0,0.3122480809688568,1,ham10000,ISIC_0028638,nv,HAM_0001320
0,0.6340130567550659,1,ham10000,ISIC_0032831,nv,HAM_0001321
0,0.30257073044776917,1,ham10000,ISIC_0028962,nv,HAM_0001322
0,0.25019732117652893,1,ham10000,ISIC_0032087,nv,HAM_0001323
0,0.5049117803573608,1,ham10000,ISIC_0028435,nv,HAM_0001324
0,0.3786531984806061,1,ham10000,ISIC_0030522,bkl,HAM_0001325
1,0.75674968957901,1,ham10000,ISIC_0030145,bcc,HAM_0001326
0,0.6059787273406982,1,ham10000,ISIC_0032489,nv,HAM_0001327
1,0.7519985437393188,1,ham10000,ISIC_0028442,mel,HAM_0001328
0,0.20259781181812286,1,ham10000,ISIC_0029650,nv,HAM_0001329
0,0.26643213629722595,1,ham10000,ISIC_0026818,nv,HAM_0001330
1,0.810577392578125,1,ham10000,ISIC_0025824,bcc,HAM_0001331
0,0.15602056682109833,0,ham10000,ISIC_0026953,nv,HAM_0001332
0,0.20932765305042267,1,ham10000,ISIC_0028948,nv,HAM_0001333
0,0.43949583172798157,1,ham10000,ISIC_0030328,nv,HAM_0001334
0,0.29630085825920105,1,ham10000,ISIC_0026555,nv,HAM_0001335
0,0.49616295099258423,1,ham10000,ISIC_0028935,nv,HAM_0001336
1,0.8756676316261292,1,ham10000,ISIC_0032455,akiec,HAM_0001337
0,0.3174982964992523,1,ham10000,ISIC_0028428,nv,HAM_0001338
0,0.28444904088974,1,ham10000,ISIC_0026201,nv,HAM_0001339
0,0.07448425143957138,0,ham10000,ISIC_0025290,nv,HAM_0001340
0,0.3522271513938904,1,ham10000,ISIC_0025191,nv,HAM_0001341
0,0.6148781776428223,1,ham10000,ISIC_0029366,nv,HAM_0001342
1,0.8312233686447144,1,ham10000,ISIC_0032687,mel,HAM_0001344
0,0.2958824038505554,1,ham10000,ISIC_0028407,nv,HAM_0001345
0,0.17321214079856873,1,ham10000,ISIC_0026928,nv,HAM_0001346
0,0.36159101128578186,1,ham10000,ISIC_0025181,nv,HAM_0001347
0,0.0896216332912445,0,ham10000,ISIC_0028259,nv,HAM_0001348
1,0.45269134640693665,1,ham10000,ISIC_0024351,mel,HAM_0001349
0,0.13731195032596588,0,ham10000,ISIC_0030221,nv,HAM_0001350
0,0.18111789226531982,1,ham10000,ISIC_0031684,nv,HAM_0001351
0,0.19743099808692932,1,ham10000,ISIC_0029896,nv,HAM_0001352
1,0.49189090728759766,1,ham10000,ISIC_0024886,mel,HAM_0001353
0,0.7289626002311707,1,ham10000,ISIC_0033321,bkl,HAM_0001354
0,0.33468881249427795,1,ham10000,ISIC_0028711,nv,HAM_0001355
0,0.1571628898382187,0,ham10000,ISIC_0026333,nv,HAM_0001356
0,0.052267905324697495,0,ham10000,ISIC_0027145,nv,HAM_0001357
0,0.5330464243888855,1,ham10000,ISIC_0032680,nv,HAM_0001358
0,0.5828819870948792,1,ham10000,ISIC_0024312,bkl,HAM_0001359
0,0.18634368479251862,1,ham10000,ISIC_0029965,nv,HAM_0001360
0,0.4803191125392914,1,ham10000,ISIC_0026076,nv,HAM_0001361
0,0.6978481411933899,1,ham10000,ISIC_0025838,bkl,HAM_0001362
0,0.3500346541404724,1,ham10000,ISIC_0026900,nv,HAM_0001363
0,0.1670907437801361,1,ham10000,ISIC_0029510,nv,HAM_0001364
0,0.3264428973197937,1,ham10000,ISIC_0026307,nv,HAM_0001365
0,0.1512748897075653,0,ham10000,ISIC_0032814,nv,HAM_0001366
0,0.41937339305877686,1,ham10000,ISIC_0029239,nv,HAM_0001367
0,0.6034141778945923,1,ham10000,ISIC_0029445,nv,HAM_0001368
1,0.453806608915329,1,ham10000,ISIC_0026957,bcc,HAM_0001369
0,0.042631782591342926,0,ham10000,ISIC_0030257,nv,HAM_0001370
0,0.07827842980623245,0,ham10000,ISIC_0029322,nv,HAM_0001371
0,0.05687699466943741,0,ham10000,ISIC_0031103,vasc,HAM_0001372
0,0.5119404196739197,1,ham10000,ISIC_0029999,nv,HAM_0001373
0,0.3588234782218933,1,ham10000,ISIC_0029946,nv,HAM_0001374
0,0.026462087407708168,0,ham10000,ISIC_0026238,nv,HAM_0001375
0,0.3260228633880615,1,ham10000,ISIC_0031437,nv,HAM_0001376
0,0.1582898497581482,0,ham10000,ISIC_0030054,nv,HAM_0001377
1,0.6062638759613037,1,ham10000,ISIC_0025313,mel,HAM_0001378
0,0.1797925978899002,1,ham10000,ISIC_0030618,nv,HAM_0001379
0,0.4296717047691345,1,ham10000,ISIC_0031568,nv,HAM_0001380
0,0.44840940833091736,1,ham10000,ISIC_0028870,nv,HAM_0001381
0,0.44308432936668396,1,ham10000,ISIC_0028922,nv,HAM_0001382
1,0.6224846243858337,1,ham10000,ISIC_0027700,akiec,HAM_0001383
0,0.468157023191452,1,ham10000,ISIC_0033397,bkl,HAM_0001384
0,0.6772623062133789,1,ham10000,ISIC_0033212,bkl,HAM_0001385
1,0.33235350251197815,1,ham10000,ISIC_0027668,akiec,HAM_0001386
0,0.30559372901916504,1,ham10000,ISIC_0024879,nv,HAM_0001387
1,0.5548549890518188,1,ham10000,ISIC_0032225,bcc,HAM_0001388
0,0.5835996270179749,1,ham10000,ISIC_0026775,bkl,HAM_0001389
1,0.5913558602333069,1,ham10000,ISIC_0024411,bcc,HAM_0001390
0,0.3765125572681427,1,ham10000,ISIC_0024584,nv,HAM_0001391
0,0.20531614124774933,1,ham10000,ISIC_0030411,nv,HAM_0001392
0,0.34762972593307495,1,ham10000,ISIC_0027418,nv,HAM_0001393
0,0.3995809257030487,1,ham10000,ISIC_0031864,nv,HAM_0001394
0,0.027038564905524254,0,ham10000,ISIC_0031818,nv,HAM_0001395
0,0.7979555726051331,1,ham10000,ISIC_0025276,bkl,HAM_0001396
1,0.5073602795600891,1,ham10000,ISIC_0026796,mel,HAM_0001397
0,0.18704412877559662,1,ham10000,ISIC_0027934,nv,HAM_0001398
0,0.10481423884630203,0,ham10000,ISIC_0030207,bkl,HAM_0001399
0,0.5380449891090393,1,ham10000,ISIC_0033059,nv,HAM_0001400
0,0.3681831955909729,1,ham10000,ISIC_0031729,nv,HAM_0001401
0,0.5521194934844971,1,ham10000,ISIC_0031558,bkl,HAM_0001402
0,0.3301858901977539,1,ham10000,ISIC_0025852,nv,HAM_0001403
0,0.23925599455833435,1,ham10000,ISIC_0028533,nv,HAM_0001404
0,0.37690484523773193,1,ham10000,ISIC_0033033,nv,HAM_0001405
0,0.3859890103340149,1,ham10000,ISIC_0026592,nv,HAM_0001406
0,0.19814656674861908,1,ham10000,ISIC_0025931,nv,HAM_0001407
0,0.10582441091537476,0,ham10000,ISIC_0031004,nv,HAM_0001408
1,0.6819701790809631,1,ham10000,ISIC_0026188,mel,HAM_0001409
0,0.471517950296402,1,ham10000,ISIC_0024830,nv,HAM_0001410
0,0.17949779331684113,1,ham10000,ISIC_0027869,nv,HAM_0001411
1,0.6897653341293335,1,ham10000,ISIC_0033678,mel,HAM_0001412
0,0.18680143356323242,1,ham10000,ISIC_0032104,nv,HAM_0001413
0,0.6471056938171387,1,ham10000,ISIC_0024473,nv,HAM_0001414
1,0.4929659366607666,1,ham10000,ISIC_0025019,bcc,HAM_0001415
1,0.6796112656593323,1,ham10000,ISIC_0025427,akiec,HAM_0001416
0,0.4608602523803711,1,ham10000,ISIC_0027533,bkl,HAM_0001417
0,0.4031359553337097,1,ham10000,ISIC_0025062,nv,HAM_0001418
0,0.07030279189348221,0,ham10000,ISIC_0024892,nv,HAM_0001419
0,0.22130584716796875,1,ham10000,ISIC_0025544,nv,HAM_0001420
0,0.24182942509651184,1,ham10000,ISIC_0027586,nv,HAM_0001421
0,0.4763205051422119,1,ham10000,ISIC_0029414,nv,HAM_0001422
0,0.4795423150062561,1,ham10000,ISIC_0025454,bkl,HAM_0001423
1,0.3386128544807434,1,ham10000,ISIC_0031318,bcc,HAM_0001424
0,0.37014147639274597,1,ham10000,ISIC_0029701,nv,HAM_0001425
0,0.29370129108428955,1,ham10000,ISIC_0029154,nv,HAM_0001426
0,0.44482511281967163,1,ham10000,ISIC_0032163,nv,HAM_0001427
1,0.6416497826576233,1,ham10000,ISIC_0026268,mel,HAM_0001428
0,0.5184247493743896,1,ham10000,ISIC_0027875,bkl,HAM_0001429
0,0.20031094551086426,1,ham10000,ISIC_0031088,bkl,HAM_0001430
0,0.2453422248363495,1,ham10000,ISIC_0028142,nv,HAM_0001431
0,0.3902958333492279,1,ham10000,ISIC_0024393,nv,HAM_0001432
0,0.38739442825317383,1,ham10000,ISIC_0033735,nv,HAM_0001433
1,0.48844873905181885,1,ham10000,ISIC_0028568,bcc,HAM_0001434
0,0.4626884460449219,1,ham10000,ISIC_0028970,bkl,HAM_0001435
0,0.5374970436096191,1,ham10000,ISIC_0029128,nv,HAM_0001436
0,0.5281354188919067,1,ham10000,ISIC_0033314,nv,HAM_0001437
0,0.3581419289112091,1,ham10000,ISIC_0030490,nv,HAM_0001438
0,0.08897597342729568,0,ham10000,ISIC_0024442,nv,HAM_0001439
1,0.584434986114502,1,ham10000,ISIC_0027704,bcc,HAM_0001440
0,0.26243072748184204,1,ham10000,ISIC_0024660,nv,HAM_0001441
0,0.4296322762966156,1,ham10000,ISIC_0034053,nv,HAM_0001442
0,0.37546971440315247,1,ham10000,ISIC_0025804,bkl,HAM_0001443
1,0.6381487250328064,1,ham10000,ISIC_0024688,mel,HAM_0001444
0,0.37535038590431213,1,ham10000,ISIC_0029433,nv,HAM_0001445
1,0.7891079187393188,1,ham10000,ISIC_0026754,mel,HAM_0001446
0,0.12604758143424988,0,ham10000,ISIC_0027247,nv,HAM_0001447
0,0.06426816433668137,0,ham10000,ISIC_0029496,nv,HAM_0001448
0,0.28470027446746826,1,ham10000,ISIC_0028967,nv,HAM_0001449
0,0.45664873719215393,1,ham10000,ISIC_0030771,nv,HAM_0001450
0,0.16588962078094482,1,ham10000,ISIC_0029960,nv,HAM_0001451
0,0.5619103312492371,1,ham10000,ISIC_0026402,nv,HAM_0001452
1,0.4836806058883667,1,ham10000,ISIC_0030991,akiec,HAM_0001453
0,0.3756924271583557,1,ham10000,ISIC_0027466,nv,HAM_0001454
0,0.2736735939979553,1,ham10000,ISIC_0031933,nv,HAM_0001455
1,0.42316123843193054,1,ham10000,ISIC_0025835,mel,HAM_0001456
1,0.6714717745780945,1,ham10000,ISIC_0029856,bcc,HAM_0001457
0,0.45040348172187805,1,ham10000,ISIC_0032136,nv,HAM_0001458
0,0.270114004611969,1,ham10000,ISIC_0030529,nv,HAM_0001459
1,0.6624963283538818,1,ham10000,ISIC_0025637,akiec,HAM_0001460
0,0.3952046036720276,1,ham10000,ISIC_0028440,nv,HAM_0001461
0,0.15064238011837006,0,ham10000,ISIC_0026748,nv,HAM_0001462
0,0.21105808019638062,1,ham10000,ISIC_0028040,nv,HAM_0001463
0,0.17586426436901093,1,ham10000,ISIC_0028319,nv,HAM_0001464
1,0.6576693654060364,1,ham10000,ISIC_0032699,mel,HAM_0001465
0,0.8091548681259155,1,ham10000,ISIC_0027850,bkl,HAM_0001466
0,0.44878530502319336,1,ham10000,ISIC_0032501,nv,HAM_0001467
0,0.16798028349876404,1,ham10000,ISIC_0024469,nv,HAM_0001468
0,0.3673507571220398,1,ham10000,ISIC_0029289,bkl,HAM_0001469
0,0.5291844606399536,1,ham10000,ISIC_0030361,nv,HAM_0001470
0,0.5655907392501831,1,ham10000,ISIC_0031843,nv,HAM_0001471
0,0.070131316781044,0,ham10000,ISIC_0024334,nv,HAM_0001472
0,0.5575506091117859,1,ham10000,ISIC_0029022,bkl,HAM_0001473
1,0.7674927115440369,1,ham10000,ISIC_0026765,akiec,HAM_0001474
0,0.5050500631332397,1,ham10000,ISIC_0024446,bkl,HAM_0001475
0,0.47908955812454224,1,ham10000,ISIC_0025343,nv,HAM_0001476
0,0.2642229199409485,1,ham10000,ISIC_0024308,nv,HAM_0001477
0,0.36126792430877686,1,ham10000,ISIC_0031689,nv,HAM_0001478
0,0.2621098458766937,1,ham10000,ISIC_0024784,nv,HAM_0001479
0,0.5390876531600952,1,ham10000,ISIC_0026835,bkl,HAM_0001480
0,0.3052479326725006,1,ham10000,ISIC_0028363,nv,HAM_0001481
0,0.13647596538066864,0,ham10000,ISIC_0027691,nv,HAM_0001482
0,0.21948078274726868,1,ham10000,ISIC_0030752,nv,HAM_0001483
0,0.39433395862579346,1,ham10000,ISIC_0032623,nv,HAM_0001484
0,0.08696698397397995,0,ham10000,ISIC_0029853,nv,HAM_0001485
0,0.49637550115585327,1,ham10000,ISIC_0029384,bkl,HAM_0001486
0,0.24199078977108002,1,ham10000,ISIC_0031601,bkl,HAM_0001487
0,0.057008665055036545,0,ham10000,ISIC_0031765,nv,HAM_0001489
0,0.4618074595928192,1,ham10000,ISIC_0033176,nv,HAM_0001490
0,0.303234726190567,1,ham10000,ISIC_0027396,nv,HAM_0001491
0,0.37113717198371887,1,ham10000,ISIC_0025305,nv,HAM_0001492
0,0.7286216616630554,1,ham10000,ISIC_0032373,bkl,HAM_0001493
0,0.43066415190696716,1,ham10000,ISIC_0026621,nv,HAM_0001494
1,0.834414541721344,1,ham10000,ISIC_0024913,akiec,HAM_0001495
0,0.2312108725309372,1,ham10000,ISIC_0028000,nv,HAM_0001496
0,0.6185224652290344,1,ham10000,ISIC_0026608,nv,HAM_0001497
0,0.23547479510307312,1,ham10000,ISIC_0027523,nv,HAM_0001498
1,0.6893396973609924,1,ham10000,ISIC_0031929,akiec,HAM_0001499
0,0.3923051059246063,1,ham10000,ISIC_0025527,nv,HAM_0001500
0,0.1987679898738861,1,ham10000,ISIC_0024397,nv,HAM_0001501
0,0.135389506816864,0,ham10000,ISIC_0027482,nv,HAM_0001502
1,0.4866243600845337,1,ham10000,ISIC_0025940,bcc,HAM_0001503
0,0.132833793759346,0,ham10000,ISIC_0025274,nv,HAM_0001504
1,0.7108480334281921,1,ham10000,ISIC_0024511,akiec,HAM_0001505
1,0.5169656872749329,1,ham10000,ISIC_0033051,mel,HAM_0001506
0,0.6210270524024963,1,ham10000,ISIC_0028362,nv,HAM_0001507
0,0.3738768696784973,1,ham10000,ISIC_0029298,nv,HAM_0001508
0,0.5286349654197693,1,ham10000,ISIC_0033044,nv,HAM_0001509
0,0.34731122851371765,1,ham10000,ISIC_0028100,bkl,HAM_0001510
0,0.5225808024406433,1,ham10000,ISIC_0033002,nv,HAM_0001511
0,0.5835034251213074,1,ham10000,ISIC_0025078,nv,HAM_0001512
0,0.16497363150119781,1,ham10000,ISIC_0032491,nv,HAM_0001513
0,0.1931157112121582,1,ham10000,ISIC_0024659,nv,HAM_0001514
0,0.5063369870185852,1,ham10000,ISIC_0028842,bkl,HAM_0001515
0,0.12170383334159851,0,ham10000,ISIC_0027830,nv,HAM_0001516
0,0.6012582182884216,1,ham10000,ISIC_0028825,nv,HAM_0001517
0,0.1940557062625885,1,ham10000,ISIC_0028914,nv,HAM_0001518
0,0.18611186742782593,1,ham10000,ISIC_0031661,nv,HAM_0001519
1,0.5141119360923767,1,ham10000,ISIC_0027294,akiec,HAM_0001520
0,0.27182355523109436,1,ham10000,ISIC_0031860,nv,HAM_0001521
0,0.17401044070720673,1,ham10000,ISIC_0025084,nv,HAM_0001522
0,0.329524427652359,1,ham10000,ISIC_0028523,nv,HAM_0001523
1,0.8087660670280457,1,ham10000,ISIC_0032915,mel,HAM_0001524
0,0.5220950245857239,1,ham10000,ISIC_0024355,nv,HAM_0001525
1,0.6589667201042175,1,ham10000,ISIC_0027795,akiec,HAM_0001526
0,0.5104777812957764,1,ham10000,ISIC_0026767,nv,HAM_0001527
1,0.6235300302505493,1,ham10000,ISIC_0025601,bcc,HAM_0001528
0,0.621408224105835,1,ham10000,ISIC_0025103,bkl,HAM_0001529
0,0.370896577835083,1,ham10000,ISIC_0030013,nv,HAM_0001530
1,0.8008528351783752,1,ham10000,ISIC_0024951,mel,HAM_0001531
1,0.5652987360954285,1,ham10000,ISIC_0027204,mel,HAM_0001532
0,0.4148416817188263,1,ham10000,ISIC_0028244,nv,HAM_0001533
0,0.3603235185146332,1,ham10000,ISIC_0024365,nv,HAM_0001534
0,0.48118335008621216,1,ham10000,ISIC_0026653,nv,HAM_0001535
0,0.5629158616065979,1,ham10000,ISIC_0026842,bkl,HAM_0001536
0,0.26812610030174255,1,ham10000,ISIC_0026467,vasc,HAM_0001537
0,0.18237799406051636,1,ham10000,ISIC_0024322,nv,HAM_0001538
0,0.5940424799919128,1,ham10000,ISIC_0026444,bkl,HAM_0001539
0,0.4197603464126587,1,ham10000,ISIC_0028299,nv,HAM_0001540
0,0.4428209066390991,1,ham10000,ISIC_0026218,nv,HAM_0001541
0,0.4812453091144562,1,ham10000,ISIC_0026874,nv,HAM_0001542
0,0.13508069515228271,0,ham10000,ISIC_0029639,nv,HAM_0001543
0,0.222049281001091,1,ham10000,ISIC_0030875,nv,HAM_0001544
0,0.03385818004608154,0,ham10000,ISIC_0030278,nv,HAM_0001545
0,0.4895157814025879,1,ham10000,ISIC_0027584,bkl,HAM_0001546
0,0.5215767025947571,1,ham10000,ISIC_0034209,nv,HAM_0001547
0,0.2535330653190613,1,ham10000,ISIC_0032254,nv,HAM_0001548
0,0.3467862904071808,1,ham10000,ISIC_0026723,nv,HAM_0001549
0,0.025357400998473167,0,ham10000,ISIC_0026020,nv,HAM_0001550
1,0.51283198595047,1,ham10000,ISIC_0027420,mel,HAM_0001551
0,0.4812799096107483,1,ham10000,ISIC_0025899,nv,HAM_0001552
0,0.20505699515342712,1,ham10000,ISIC_0025966,nv,HAM_0001553
0,0.613204300403595,1,ham10000,ISIC_0030836,nv,HAM_0001554
0,0.23628726601600647,1,ham10000,ISIC_0027236,nv,HAM_0001555
0,0.2097238004207611,1,ham10000,ISIC_0031865,nv,HAM_0001556
0,0.26878833770751953,1,ham10000,ISIC_0029939,nv,HAM_0001557
0,0.19247110188007355,1,ham10000,ISIC_0025007,nv,HAM_0001558
0,0.3799322247505188,1,ham10000,ISIC_0029968,nv,HAM_0001559
0,0.16405044496059418,1,ham10000,ISIC_0026181,nv,HAM_0001560
0,0.7240720987319946,1,ham10000,ISIC_0032740,bkl,HAM_0001561
0,0.49430763721466064,1,ham10000,ISIC_0027713,bkl,HAM_0001562
0,0.4554497301578522,1,ham10000,ISIC_0028633,nv,HAM_0001563
0,0.07295192033052444,0,ham10000,ISIC_0027913,nv,HAM_0001564
1,0.7504173517227173,1,ham10000,ISIC_0026709,akiec,HAM_0001565
0,0.42894378304481506,1,ham10000,ISIC_0024747,vasc,HAM_0001566
0,0.4732113480567932,1,ham10000,ISIC_0027398,nv,HAM_0001567
0,0.16699516773223877,1,ham10000,ISIC_0030614,nv,HAM_0001568
0,0.5074170827865601,1,ham10000,ISIC_0030994,nv,HAM_0001569
1,0.7295060753822327,1,ham10000,ISIC_0032872,mel,HAM_0001570
0,0.05501740798354149,0,ham10000,ISIC_0029156,nv,HAM_0001571
0,0.36703309416770935,1,ham10000,ISIC_0028933,nv,HAM_0001572
1,0.7109177112579346,1,ham10000,ISIC_0024799,bcc,HAM_0001573
0,0.36391741037368774,1,ham10000,ISIC_0031859,nv,HAM_0001574
1,0.4990704655647278,1,ham10000,ISIC_0028652,bcc,HAM_0001575
1,0.6074946522712708,1,ham10000,ISIC_0033705,akiec,HAM_0001576
0,0.5574934482574463,1,ham10000,ISIC_0029818,nv,HAM_0001577
0,0.21235348284244537,1,ham10000,ISIC_0031003,nv,HAM_0001578
0,0.3763006627559662,1,ham10000,ISIC_0025636,nv,HAM_0001579
0,0.3780761957168579,1,ham10000,ISIC_0024378,nv,HAM_0001580
0,0.06498128920793533,0,ham10000,ISIC_0027288,nv,HAM_0001581
0,0.31138482689857483,1,ham10000,ISIC_0031771,nv,HAM_0001582
0,0.11128383129835129,0,ham10000,ISIC_0025280,nv,HAM_0001583
0,0.14309903979301453,0,ham10000,ISIC_0029004,nv,HAM_0001584
0,0.4365643262863159,1,ham10000,ISIC_0028697,nv,HAM_0001585
0,0.03518113121390343,0,ham10000,ISIC_0030256,nv,HAM_0001586
0,0.5116345286369324,1,ham10000,ISIC_0024828,nv,HAM_0001587
0,0.30324268341064453,1,ham10000,ISIC_0031956,nv,HAM_0001588
0,0.5419583320617676,1,ham10000,ISIC_0030067,bkl,HAM_0001589
0,0.5416913032531738,1,ham10000,ISIC_0025722,nv,HAM_0001590
0,0.4441528022289276,1,ham10000,ISIC_0032231,nv,HAM_0001591
0,0.140999436378479,0,ham10000,ISIC_0030686,nv,HAM_0001592
1,0.4915113151073456,1,ham10000,ISIC_0028941,akiec,HAM_0001593
0,0.27589941024780273,1,ham10000,ISIC_0025311,nv,HAM_0001594
0,0.30229848623275757,1,ham10000,ISIC_0032127,nv,HAM_0001595
1,0.5358027815818787,1,ham10000,ISIC_0027071,mel,HAM_0001596
0,0.6773552298545837,1,ham10000,ISIC_0024426,bkl,HAM_0001597
1,0.7202622294425964,1,ham10000,ISIC_0029238,mel,HAM_0001598
0,0.334474116563797,1,ham10000,ISIC_0026066,nv,HAM_0001599
1,0.487458735704422,1,ham10000,ISIC_0024675,mel,HAM_0001600
0,0.429962158203125,1,ham10000,ISIC_0025915,bkl,HAM_0001601
0,0.27905595302581787,1,ham10000,ISIC_0032458,nv,HAM_0001602
0,0.583549439907074,1,ham10000,ISIC_0031016,bkl,HAM_0001603
0,0.3968566358089447,1,ham10000,ISIC_0024664,nv,HAM_0001604
0,0.26100707054138184,1,ham10000,ISIC_0024422,bkl,HAM_0001605
0,0.3455178439617157,1,ham10000,ISIC_0024901,nv,HAM_0001606
1,0.5989103317260742,1,ham10000,ISIC_0028508,mel,HAM_0001607
0,0.49780064821243286,1,ham10000,ISIC_0028792,bkl,HAM_0001608
0,0.5818776488304138,1,ham10000,ISIC_0027766,nv,HAM_0001609
1,0.8693344593048096,1,ham10000,ISIC_0028693,bcc,HAM_0001610
0,0.29570630192756653,1,ham10000,ISIC_0031032,nv,HAM_0001611
0,0.27639108896255493,1,ham10000,ISIC_0025618,nv,HAM_0001612
0,0.3211941123008728,1,ham10000,ISIC_0032748,nv,HAM_0001613
0,0.2602364420890808,1,ham10000,ISIC_0027591,nv,HAM_0001614
0,0.49976444244384766,1,ham10000,ISIC_0033048,nv,HAM_0001615
1,0.5250637531280518,1,ham10000,ISIC_0029669,bcc,HAM_0001616
0,0.42825573682785034,1,ham10000,ISIC_0027091,nv,HAM_0001617
1,0.4621831774711609,1,ham10000,ISIC_0030659,bcc,HAM_0001618
0,0.3073972463607788,1,ham10000,ISIC_0033065,nv,HAM_0001619
0,0.36413857340812683,1,ham10000,ISIC_0025466,bkl,HAM_0001620
1,0.7093176245689392,1,ham10000,ISIC_0030297,akiec,HAM_0001621
0,0.3148561716079712,1,ham10000,ISIC_0032360,nv,HAM_0001622
0,0.5875552892684937,1,ham10000,ISIC_0027099,nv,HAM_0001623
1,0.6060432195663452,1,ham10000,ISIC_0032277,akiec,HAM_0001624
1,0.5547535419464111,1,ham10000,ISIC_0028224,akiec,HAM_0001625
0,0.2234227955341339,1,ham10000,ISIC_0029124,nv,HAM_0001626
0,0.5643960237503052,1,ham10000,ISIC_0032153,nv,HAM_0001627
0,0.24629192054271698,1,ham10000,ISIC_0024810,nv,HAM_0001628
0,0.2612403631210327,1,ham10000,ISIC_0032317,nv,HAM_0001629
0,0.36957207322120667,1,ham10000,ISIC_0028297,nv,HAM_0001630
0,0.3413039445877075,1,ham10000,ISIC_0025390,nv,HAM_0001631
0,0.37964802980422974,1,ham10000,ISIC_0029132,nv,HAM_0001632
0,0.5318832397460938,1,ham10000,ISIC_0028618,nv,HAM_0001633
0,0.2699507176876068,1,ham10000,ISIC_0025792,nv,HAM_0001634
0,0.5053192973136902,1,ham10000,ISIC_0028240,nv,HAM_0001635
0,0.06215277686715126,0,ham10000,ISIC_0030866,nv,HAM_0001636
0,0.6357796788215637,1,ham10000,ISIC_0031521,nv,HAM_0001637
0,0.5279113054275513,1,ham10000,ISIC_0031006,nv,HAM_0001638
0,0.19246435165405273,1,ham10000,ISIC_0026160,nv,HAM_0001639
1,0.4941457211971283,1,ham10000,ISIC_0031026,bcc,HAM_0001640
0,0.4770004451274872,1,ham10000,ISIC_0033427,nv,HAM_0001641
0,0.6790829300880432,1,ham10000,ISIC_0028490,bkl,HAM_0001642
0,0.37547606229782104,1,ham10000,ISIC_0025000,nv,HAM_0001643
0,0.4357357323169708,1,ham10000,ISIC_0029906,nv,HAM_0001644
0,0.5772708654403687,1,ham10000,ISIC_0032601,nv,HAM_0001645
0,0.22101154923439026,1,ham10000,ISIC_0029908,nv,HAM_0001646
1,0.6589282155036926,1,ham10000,ISIC_0032975,mel,HAM_0001647
0,0.4917008876800537,1,ham10000,ISIC_0030239,nv,HAM_0001648
0,0.299865186214447,1,ham10000,ISIC_0030024,nv,HAM_0001650
0,0.5560327172279358,1,ham10000,ISIC_0033251,nv,HAM_0001651
0,0.40428414940834045,1,ham10000,ISIC_0026899,nv,HAM_0001652
0,0.08570176362991333,0,ham10000,ISIC_0027895,nv,HAM_0001653
1,0.5948046445846558,1,ham10000,ISIC_0024472,bcc,HAM_0001654
1,0.5448310375213623,1,ham10000,ISIC_0030110,mel,HAM_0001655
0,0.2830035984516144,1,ham10000,ISIC_0026759,nv,HAM_0001656
1,0.1916375458240509,1,ham10000,ISIC_0031529,mel,HAM_0001657
0,0.21283592283725739,1,ham10000,ISIC_0030001,nv,HAM_0001658
0,0.33625587821006775,1,ham10000,ISIC_0026564,nv,HAM_0001659
0,0.12155748158693314,0,ham10000,ISIC_0027078,nv,HAM_0001660
0,0.2660300135612488,1,ham10000,ISIC_0032059,nv,HAM_0001661
0,0.20187141001224518,1,ham10000,ISIC_0030050,nv,HAM_0001662
0,0.007456205785274506,0,ham10000,ISIC_0029521,nv,HAM_0001663
0,0.2816116213798523,1,ham10000,ISIC_0025217,nv,HAM_0001664
0,0.40717941522598267,1,ham10000,ISIC_0027957,bkl,HAM_0001665
1,0.7040493488311768,1,ham10000,ISIC_0024632,bcc,HAM_0001666
0,0.47776883840560913,1,ham10000,ISIC_0033080,nv,HAM_0001667
0,0.2978889048099518,1,ham10000,ISIC_0027434,nv,HAM_0001668
0,0.5495229959487915,1,ham10000,ISIC_0025020,nv,HAM_0001669
0,0.5543137192726135,1,ham10000,ISIC_0027910,nv,HAM_0001670
1,0.632572591304779,1,ham10000,ISIC_0031586,mel,HAM_0001671
0,0.3070334494113922,1,ham10000,ISIC_0024398,nv,HAM_0001672
0,0.40489891171455383,1,ham10000,ISIC_0033966,nv,HAM_0001673
0,0.3214053809642792,1,ham10000,ISIC_0031551,nv,HAM_0001674
0,0.07423307001590729,0,ham10000,ISIC_0024433,nv,HAM_0001675
0,0.4099975824356079,1,ham10000,ISIC_0031587,nv,HAM_0001676
0,0.09250400215387344,0,ham10000,ISIC_0028191,nv,HAM_0001677
0,0.6458319425582886,1,ham10000,ISIC_0027831,bkl,HAM_0001678
0,0.41786450147628784,1,ham10000,ISIC_0027783,nv,HAM_0001679
0,0.6232494115829468,1,ham10000,ISIC_0026303,nv,HAM_0001680
0,0.26770639419555664,1,ham10000,ISIC_0024651,nv,HAM_0001681
0,0.3711497485637665,1,ham10000,ISIC_0026630,nv,HAM_0001682
0,0.39157551527023315,1,ham10000,ISIC_0033513,nv,HAM_0001683
0,0.32370370626449585,1,ham10000,ISIC_0028576,nv,HAM_0001684
0,0.2907252311706543,1,ham10000,ISIC_0027516,nv,HAM_0001685
1,0.7272918820381165,1,ham10000,ISIC_0032698,mel,HAM_0001686
0,0.2940467894077301,1,ham10000,ISIC_0027230,nv,HAM_0001687
0,0.5382573008537292,1,ham10000,ISIC_0031049,nv,HAM_0001688
0,0.43547141551971436,1,ham10000,ISIC_0025166,nv,HAM_0001689
0,0.11658896505832672,0,ham10000,ISIC_0032361,nv,HAM_0001690
0,0.09649373590946198,0,ham10000,ISIC_0029264,nv,HAM_0001691
0,0.48251625895500183,1,ham10000,ISIC_0032743,nv,HAM_0001692
1,0.7531859874725342,1,ham10000,ISIC_0026995,bcc,HAM_0001693
1,0.42105811834335327,1,ham10000,ISIC_0032173,akiec,HAM_0001694
0,0.17174169421195984,1,ham10000,ISIC_0028752,nv,HAM_0001695
0,0.4490768313407898,1,ham10000,ISIC_0027408,nv,HAM_0001696
0,0.4152897000312805,1,ham10000,ISIC_0033497,nv,HAM_0001697
0,0.46399974822998047,1,ham10000,ISIC_0025797,nv,HAM_0001698
0,0.4287935793399811,1,ham10000,ISIC_0029661,nv,HAM_0001699
0,0.37421292066574097,1,ham10000,ISIC_0030971,nv,HAM_0001700
0,0.46185120940208435,1,ham10000,ISIC_0025237,nv,HAM_0001701
0,0.4770568609237671,1,ham10000,ISIC_0028592,nv,HAM_0001702
1,0.5716970562934875,1,ham10000,ISIC_0024496,mel,HAM_0001703
0,0.42071831226348877,1,ham10000,ISIC_0031415,nv,HAM_0001704
0,0.18053090572357178,1,ham10000,ISIC_0029009,nv,HAM_0001705
0,0.6012999415397644,1,ham10000,ISIC_0030023,nv,HAM_0001706
1,0.520814061164856,1,ham10000,ISIC_0031925,bcc,HAM_0001707
0,0.3066350519657135,1,ham10000,ISIC_0033719,nv,HAM_0001708
0,0.2641885578632355,1,ham10000,ISIC_0030364,nv,HAM_0001709
0,0.2985307276248932,1,ham10000,ISIC_0030808,nv,HAM_0001710
1,0.45917874574661255,1,ham10000,ISIC_0028677,bcc,HAM_0001711
0,0.5697173476219177,1,ham10000,ISIC_0030793,nv,HAM_0001712
1,0.6568768620491028,1,ham10000,ISIC_0028671,bcc,HAM_0001713
0,0.18242040276527405,1,ham10000,ISIC_0032354,nv,HAM_0001714
0,0.42889654636383057,1,ham10000,ISIC_0027208,nv,HAM_0001715
0,0.2420945167541504,1,ham10000,ISIC_0026901,nv,HAM_0001716
0,0.555908739566803,1,ham10000,ISIC_0028700,nv,HAM_0001717
0,0.1314733624458313,0,ham10000,ISIC_0026357,nv,HAM_0001718
0,0.5907169580459595,1,ham10000,ISIC_0031090,vasc,HAM_0001719
0,0.764374852180481,1,ham10000,ISIC_0032819,nv,HAM_0001720
0,0.33731162548065186,1,ham10000,ISIC_0024947,bkl,HAM_0001721
0,0.8620796203613281,1,ham10000,ISIC_0030976,bkl,HAM_0001722
0,0.07789894193410873,0,ham10000,ISIC_0027784,nv,HAM_0001723
0,0.23898519575595856,1,ham10000,ISIC_0027386,nv,HAM_0001724
0,0.5099337697029114,1,ham10000,ISIC_0027509,bkl,HAM_0001725
1,0.5523703098297119,1,ham10000,ISIC_0024367,mel,HAM_0001726
0,0.4807969033718109,1,ham10000,ISIC_0028799,nv,HAM_0001727
0,0.3973597586154938,1,ham10000,ISIC_0033539,bkl,HAM_0001728
1,0.6566699743270874,1,ham10000,ISIC_0024537,mel,HAM_0001729
0,0.2071167528629303,1,ham10000,ISIC_0030790,nv,HAM_0001730
0,0.07628710567951202,0,ham10000,ISIC_0028172,nv,HAM_0001731
0,0.04181952029466629,0,ham10000,ISIC_0024502,nv,HAM_0001732
0,0.577979326248169,1,ham10000,ISIC_0028414,bkl,HAM_0001733
1,0.6423701643943787,1,ham10000,ISIC_0024865,mel,HAM_0001734
0,0.42883408069610596,1,ham10000,ISIC_0028587,bkl,HAM_0001735
0,0.22599926590919495,1,ham10000,ISIC_0026407,nv,HAM_0001736
0,0.30270916223526,1,ham10000,ISIC_0027883,nv,HAM_0001737
0,0.3254601061344147,1,ham10000,ISIC_0027218,bkl,HAM_0001738
0,0.4556586444377899,1,ham10000,ISIC_0032884,nv,HAM_0001739
0,0.38693854212760925,1,ham10000,ISIC_0032761,nv,HAM_0001740
1,0.6458127498626709,1,ham10000,ISIC_0026963,mel,HAM_0001741
0,0.2532316744327545,1,ham10000,ISIC_0028456,nv,HAM_0001742
0,0.711400032043457,1,ham10000,ISIC_0030130,bkl,HAM_0001743
1,0.6771520972251892,1,ham10000,ISIC_0029353,mel,HAM_0001744
0,0.5618880391120911,1,ham10000,ISIC_0025045,nv,HAM_0001745
0,0.4236581325531006,1,ham10000,ISIC_0027296,nv,HAM_0001746
1,0.7687544226646423,1,ham10000,ISIC_0028361,mel,HAM_0001747
0,0.02685413882136345,0,ham10000,ISIC_0031739,nv,HAM_0001748
1,0.7988191843032837,1,ham10000,ISIC_0033372,bcc,HAM_0001749
0,0.5393043756484985,1,ham10000,ISIC_0028832,nv,HAM_0001750
0,0.3849296271800995,1,ham10000,ISIC_0024698,nv,HAM_0001751
0,0.46311089396476746,1,ham10000,ISIC_0028925,bkl,HAM_0001752
1,0.5879606604576111,1,ham10000,ISIC_0024929,mel,HAM_0001753
0,0.4518492817878723,1,ham10000,ISIC_0027775,nv,HAM_0001754
0,0.591852068901062,1,ham10000,ISIC_0029393,nv,HAM_0001755
0,0.4701653718948364,1,ham10000,ISIC_0027484,nv,HAM_0001756
0,0.7257746458053589,1,ham10000,ISIC_0025049,nv,HAM_0001757
0,0.44867101311683655,1,ham10000,ISIC_0024362,nv,HAM_0001758
1,0.5465810894966125,1,ham10000,ISIC_0032497,bcc,HAM_0001759
0,0.31757158041000366,1,ham10000,ISIC_0024389,nv,HAM_0001760
0,0.23454150557518005,1,ham10000,ISIC_0026732,nv,HAM_0001761
0,0.3501181900501251,1,ham10000,ISIC_0030535,nv,HAM_0001762
0,0.5948737859725952,1,ham10000,ISIC_0029029,bkl,HAM_0001763
0,0.5353213548660278,1,ham10000,ISIC_0032251,nv,HAM_0001764
0,0.3925415277481079,1,ham10000,ISIC_0026788,nv,HAM_0001765
0,0.2555522620677948,1,ham10000,ISIC_0026591,nv,HAM_0001766
0,0.4975402355194092,1,ham10000,ISIC_0025812,nv,HAM_0001767
0,0.4793677031993866,1,ham10000,ISIC_0026019,nv,HAM_0001768
0,0.6125775575637817,1,ham10000,ISIC_0032176,nv,HAM_0001769
0,0.06854576617479324,0,ham10000,ISIC_0025974,nv,HAM_0001770
0,0.25631576776504517,1,ham10000,ISIC_0030556,nv,HAM_0001771
0,0.605316698551178,1,ham10000,ISIC_0032636,bkl,HAM_0001772
0,0.7335910201072693,1,ham10000,ISIC_0024832,bkl,HAM_0001773
0,0.4682167172431946,1,ham10000,ISIC_0029073,nv,HAM_0001774
0,0.26051226258277893,1,ham10000,ISIC_0030338,nv,HAM_0001775
0,0.13869941234588623,0,ham10000,ISIC_0030044,nv,HAM_0001776
0,0.3861668109893799,1,ham10000,ISIC_0033273,nv,HAM_0001777
0,0.08698546141386032,0,ham10000,ISIC_0026792,nv,HAM_0001778
0,0.23310334980487823,1,ham10000,ISIC_0031439,nv,HAM_0001779
0,0.14387719333171844,0,ham10000,ISIC_0024370,vasc,HAM_0001780
0,0.6366724967956543,1,ham10000,ISIC_0025515,bkl,HAM_0001781
0,0.1478348821401596,0,ham10000,ISIC_0032289,nv,HAM_0001782
0,0.19591186940670013,1,ham10000,ISIC_0029256,nv,HAM_0001783
0,0.3155119717121124,1,ham10000,ISIC_0026450,nv,HAM_0001784
0,0.8238720893859863,1,ham10000,ISIC_0032941,df,HAM_0001785
1,0.2418598234653473,1,ham10000,ISIC_0027047,akiec,HAM_0001786
0,0.14848244190216064,0,ham10000,ISIC_0029700,nv,HAM_0001787
0,0.6215983033180237,1,ham10000,ISIC_0029100,bkl,HAM_0001788
0,0.5181056261062622,1,ham10000,ISIC_0026882,nv,HAM_0001789
0,0.43059203028678894,1,ham10000,ISIC_0032739,nv,HAM_0001790
1,0.4216107130050659,1,ham10000,ISIC_0027956,mel,HAM_0001791
0,0.07247757911682129,0,ham10000,ISIC_0024419,nv,HAM_0001792
1,0.5545219779014587,1,ham10000,ISIC_0028520,mel,HAM_0001793
0,0.3458072245121002,1,ham10000,ISIC_0032073,nv,HAM_0001794
0,0.15190714597702026,0,ham10000,ISIC_0030611,nv,HAM_0001795
1,0.8100426197052002,1,ham10000,ISIC_0025363,mel,HAM_0001796
0,0.3934536576271057,1,ham10000,ISIC_0031155,nv,HAM_0001797
0,0.3109753429889679,1,ham10000,ISIC_0030141,nv,HAM_0001798
0,0.13657179474830627,0,ham10000,ISIC_0028675,nv,HAM_0001799
0,0.25754299759864807,1,ham10000,ISIC_0031073,nv,HAM_0001800
0,0.2652132511138916,1,ham10000,ISIC_0033293,nv,HAM_0001801
0,0.1723831593990326,1,ham10000,ISIC_0030224,nv,HAM_0001802
0,0.44648876786231995,1,ham10000,ISIC_0026330,nv,HAM_0001803
0,0.08172253519296646,0,ham10000,ISIC_0029604,nv,HAM_0001804
0,0.06808948516845703,0,ham10000,ISIC_0027200,nv,HAM_0001805
0,0.08515460044145584,0,ham10000,ISIC_0026920,nv,HAM_0001806
0,0.2291364073753357,1,ham10000,ISIC_0029637,nv,HAM_0001807
0,0.48751169443130493,1,ham10000,ISIC_0032615,nv,HAM_0001808
0,0.7359504103660583,1,ham10000,ISIC_0029897,bkl,HAM_0001809
0,0.37869200110435486,1,ham10000,ISIC_0025794,nv,HAM_0001810
1,0.3281814157962799,1,ham10000,ISIC_0028069,mel,HAM_0001811
0,0.2778080999851227,1,ham10000,ISIC_0024326,nv,HAM_0001812
0,0.5279359817504883,1,ham10000,ISIC_0030609,nv,HAM_0001813
1,0.4401155710220337,1,ham10000,ISIC_0028567,mel,HAM_0001814
0,0.6619356870651245,1,ham10000,ISIC_0024970,bkl,HAM_0001815
0,0.11246319115161896,0,ham10000,ISIC_0028827,nv,HAM_0001816
0,0.574545681476593,1,ham10000,ISIC_0024938,nv,HAM_0001817
0,0.7076814770698547,1,ham10000,ISIC_0025620,nv,HAM_0001818
1,0.6765509247779846,1,ham10000,ISIC_0028584,mel,HAM_0001819
0,0.5359158515930176,1,ham10000,ISIC_0026744,bkl,HAM_0001820
0,0.037679340690374374,0,ham10000,ISIC_0025308,nv,HAM_0001821
0,0.07772167026996613,0,ham10000,ISIC_0031244,nv,HAM_0001822
0,0.3759019076824188,1,ham10000,ISIC_0027882,nv,HAM_0001823
0,0.5395040512084961,1,ham10000,ISIC_0033121,nv,HAM_0001824
0,0.37653595209121704,1,ham10000,ISIC_0029673,nv,HAM_0001825
0,0.46682557463645935,1,ham10000,ISIC_0029509,nv,HAM_0001826
0,0.09029651433229446,0,ham10000,ISIC_0031275,nv,HAM_0001827
0,0.47587794065475464,1,ham10000,ISIC_0030692,nv,HAM_0001828
0,0.19108714163303375,1,ham10000,ISIC_0027779,nv,HAM_0001829
0,0.43127432465553284,1,ham10000,ISIC_0028057,nv,HAM_0001830
0,0.27871862053871155,1,ham10000,ISIC_0029556,nv,HAM_0001831
0,0.37112945318222046,1,ham10000,ISIC_0031030,nv,HAM_0001832
0,0.25989779829978943,1,ham10000,ISIC_0027227,nv,HAM_0001833
0,0.35348281264305115,1,ham10000,ISIC_0032631,nv,HAM_0001834
1,0.7739010453224182,1,ham10000,ISIC_0026652,mel,HAM_0001835
0,0.3974272310733795,1,ham10000,ISIC_0030500,nv,HAM_0001836
0,0.4558699429035187,1,ham10000,ISIC_0033635,bkl,HAM_0001837
0,0.3711857199668884,1,ham10000,ISIC_0028797,bkl,HAM_0001838
0,0.7803938388824463,1,ham10000,ISIC_0033434,nv,HAM_0001839
0,0.36825886368751526,1,ham10000,ISIC_0025490,nv,HAM_0001840
0,0.6207801103591919,1,ham10000,ISIC_0025771,df,HAM_0001841
0,0.4899938702583313,1,ham10000,ISIC_0028359,nv,HAM_0001842
0,0.6340975165367126,1,ham10000,ISIC_0028279,nv,HAM_0001843
0,0.27795982360839844,1,ham10000,ISIC_0026736,nv,HAM_0001844
0,0.34043315052986145,1,ham10000,ISIC_0026462,nv,HAM_0001845
0,0.27347782254219055,1,ham10000,ISIC_0029457,nv,HAM_0001846
1,0.5609554648399353,1,ham10000,ISIC_0024792,mel,HAM_0001847
0,0.4345178008079529,1,ham10000,ISIC_0030587,nv,HAM_0001848
0,0.4314156472682953,1,ham10000,ISIC_0027209,nv,HAM_0001849
0,0.15904419124126434,1,ham10000,ISIC_0030947,nv,HAM_0001850
0,0.03502129763364792,0,ham10000,ISIC_0027015,nv,HAM_0001851
0,0.7258720397949219,1,ham10000,ISIC_0033749,vasc,HAM_0001852
0,0.5128006935119629,1,ham10000,ISIC_0032306,bkl,HAM_0001853
0,0.43590328097343445,1,ham10000,ISIC_0027013,nv,HAM_0001854
0,0.5023161172866821,1,ham10000,ISIC_0033581,bkl,HAM_0001855
0,0.06432048231363297,0,ham10000,ISIC_0027666,nv,HAM_0001856
0,0.2968996465206146,1,ham10000,ISIC_0027317,nv,HAM_0001857
0,0.7321754693984985,1,ham10000,ISIC_0026085,bkl,HAM_0001858
0,0.23971675336360931,1,ham10000,ISIC_0029565,nv,HAM_0001859
0,0.2042149156332016,1,ham10000,ISIC_0027665,vasc,HAM_0001860
0,0.3917871415615082,1,ham10000,ISIC_0026688,nv,HAM_0001861
0,0.024515341967344284,0,ham10000,ISIC_0031625,nv,HAM_0001862
1,0.697831928730011,1,ham10000,ISIC_0032596,mel,HAM_0001863
0,0.3312866985797882,1,ham10000,ISIC_0030111,nv,HAM_0001864
0,0.09824542701244354,0,ham10000,ISIC_0032464,nv,HAM_0001865
0,0.20966194570064545,1,ham10000,ISIC_0026873,nv,HAM_0001866
0,0.2820749580860138,1,ham10000,ISIC_0030136,nv,HAM_0001867
0,0.19790388643741608,1,ham10000,ISIC_0028037,nv,HAM_0001868
0,0.4277285933494568,1,ham10000,ISIC_0027249,nv,HAM_0001869
0,0.4882354736328125,1,ham10000,ISIC_0033090,nv,HAM_0001870
0,0.1798558533191681,1,ham10000,ISIC_0030834,nv,HAM_0001871
0,0.48652535676956177,1,ham10000,ISIC_0027800,nv,HAM_0001872
0,0.26560091972351074,1,ham10000,ISIC_0029283,nv,HAM_0001873
0,0.2769626975059509,1,ham10000,ISIC_0024601,nv,HAM_0001874
0,0.1815795600414276,1,ham10000,ISIC_0031231,nv,HAM_0001875
0,0.40419936180114746,1,ham10000,ISIC_0030470,nv,HAM_0001876
1,0.5354140996932983,1,ham10000,ISIC_0025409,mel,HAM_0001877
0,0.5027694702148438,1,ham10000,ISIC_0025434,bkl,HAM_0001878
0,0.5086929798126221,1,ham10000,ISIC_0024440,nv,HAM_0001879
0,0.4097280502319336,1,ham10000,ISIC_0026199,nv,HAM_0001880
0,0.3475436866283417,1,ham10000,ISIC_0024620,nv,HAM_0001881
0,0.1554110199213028,0,ham10000,ISIC_0025866,nv,HAM_0001882
0,0.6151876449584961,1,ham10000,ISIC_0033224,nv,HAM_0001883
1,0.8029272556304932,1,ham10000,ISIC_0025718,bcc,HAM_0001884
0,0.3065277338027954,1,ham10000,ISIC_0027534,nv,HAM_0001885
0,0.07075713574886322,0,ham10000,ISIC_0028318,nv,HAM_0001886
0,0.06342141330242157,0,ham10000,ISIC_0025107,nv,HAM_0001887
0,0.4529794156551361,1,ham10000,ISIC_0026806,nv,HAM_0001888
0,0.602114200592041,1,ham10000,ISIC_0033621,nv,HAM_0001889
1,0.7137396335601807,1,ham10000,ISIC_0030707,akiec,HAM_0001890
0,0.49913567304611206,1,ham10000,ISIC_0024466,nv,HAM_0001891
0,0.2744712233543396,1,ham10000,ISIC_0025110,nv,HAM_0001893
1,0.6867015361785889,1,ham10000,ISIC_0024517,akiec,HAM_0001894
0,0.42075446248054504,1,ham10000,ISIC_0024777,nv,HAM_0001895
0,0.7966969013214111,1,ham10000,ISIC_0030203,bkl,HAM_0001896
0,0.23535290360450745,1,ham10000,ISIC_0026185,nv,HAM_0001897
0,0.12595973908901215,0,ham10000,ISIC_0026917,nv,HAM_0001898
0,0.3620670437812805,1,ham10000,ISIC_0031549,nv,HAM_0001899
1,0.8083093166351318,1,ham10000,ISIC_0025557,bcc,HAM_0001900
0,0.35279300808906555,1,ham10000,ISIC_0026274,nv,HAM_0001901
0,0.66591876745224,1,ham10000,ISIC_0026480,nv,HAM_0001902
1,0.4345010817050934,1,ham10000,ISIC_0026984,akiec,HAM_0001903
0,0.3626861274242401,1,ham10000,ISIC_0030306,nv,HAM_0001904
0,0.7364821434020996,1,ham10000,ISIC_0033116,nv,HAM_0001905
0,0.5292796492576599,1,ham10000,ISIC_0032025,nv,HAM_0001906
1,0.8031302690505981,1,ham10000,ISIC_0025383,bcc,HAM_0001907
0,0.2770608067512512,1,ham10000,ISIC_0032851,nv,HAM_0001908
0,0.26764553785324097,1,ham10000,ISIC_0025481,nv,HAM_0001909
1,0.41898229718208313,1,ham10000,ISIC_0024739,mel,HAM_0001910
0,0.21784210205078125,1,ham10000,ISIC_0029197,nv,HAM_0001911
0,0.40825340151786804,1,ham10000,ISIC_0033145,nv,HAM_0001912
1,0.7048707604408264,1,ham10000,ISIC_0030798,mel,HAM_0001913
0,0.5532253980636597,1,ham10000,ISIC_0028702,bkl,HAM_0001914
0,0.22216831147670746,1,ham10000,ISIC_0025813,nv,HAM_0001915
0,0.5268515944480896,1,ham10000,ISIC_0032721,nv,HAM_0001916
0,0.2747887969017029,1,ham10000,ISIC_0030046,nv,HAM_0001917
0,0.39402806758880615,1,ham10000,ISIC_0031291,nv,HAM_0001918
0,0.4103638231754303,1,ham10000,ISIC_0026424,nv,HAM_0001919
0,0.7804843783378601,1,ham10000,ISIC_0029486,vasc,HAM_0001920
0,0.17976118624210358,1,ham10000,ISIC_0032205,nv,HAM_0001921
1,0.7942361831665039,1,ham10000,ISIC_0031874,akiec,HAM_0001922
0,0.3152680993080139,1,ham10000,ISIC_0029219,nv,HAM_0001923
0,0.19061124324798584,1,ham10000,ISIC_0031112,nv,HAM_0001924
0,0.026830995455384254,0,ham10000,ISIC_0027583,nv,HAM_0001925
1,0.4224165380001068,1,ham10000,ISIC_0028095,bcc,HAM_0001926
0,0.5496394634246826,1,ham10000,ISIC_0029600,bkl,HAM_0001927
1,0.7630326151847839,1,ham10000,ISIC_0032537,mel,HAM_0001928
0,0.36564019322395325,1,ham10000,ISIC_0026938,nv,HAM_0001929
0,0.5107147693634033,1,ham10000,ISIC_0032600,nv,HAM_0001930
0,0.22254720330238342,1,ham10000,ISIC_0026755,nv,HAM_0001931
0,0.27642449736595154,1,ham10000,ISIC_0031082,nv,HAM_0001932
0,0.46212226152420044,1,ham10000,ISIC_0025243,nv,HAM_0001933
0,0.4390440881252289,1,ham10000,ISIC_0026008,nv,HAM_0001934
0,0.5422512888908386,1,ham10000,ISIC_0032787,nv,HAM_0001935
0,0.26377028226852417,1,ham10000,ISIC_0024704,nv,HAM_0001936
0,0.12026860564947128,0,ham10000,ISIC_0032432,nv,HAM_0001937
0,0.4787430167198181,1,ham10000,ISIC_0026245,bkl,HAM_0001938
0,0.49201467633247375,1,ham10000,ISIC_0025468,nv,HAM_0001939
0,0.2604706585407257,1,ham10000,ISIC_0028502,nv,HAM_0001940
0,0.24313724040985107,1,ham10000,ISIC_0024790,nv,HAM_0001941
0,0.17043548822402954,1,ham10000,ISIC_0027476,nv,HAM_0001942
0,0.3135089874267578,1,ham10000,ISIC_0025769,nv,HAM_0001943
0,0.5594698190689087,1,ham10000,ISIC_0029810,bkl,HAM_0001944
0,0.24848449230194092,1,ham10000,ISIC_0026919,nv,HAM_0001945
0,0.21393686532974243,1,ham10000,ISIC_0029333,nv,HAM_0001946
0,0.3868386149406433,1,ham10000,ISIC_0032051,bkl,HAM_0001947
0,0.2706599235534668,1,ham10000,ISIC_0032926,nv,HAM_0001948
0,0.29077768325805664,1,ham10000,ISIC_0025767,bkl,HAM_0001949
1,0.5937803983688354,1,ham10000,ISIC_0024449,mel,HAM_0001950
0,0.3978762626647949,1,ham10000,ISIC_0030216,nv,HAM_0001951
0,0.10375265777111053,0,ham10000,ISIC_0025660,nv,HAM_0001952
1,0.6469706296920776,1,ham10000,ISIC_0025611,mel,HAM_0001953
0,0.38627779483795166,1,ham10000,ISIC_0032776,bkl,HAM_0001954
0,0.39850088953971863,1,ham10000,ISIC_0029304,nv,HAM_0001955
0,0.304977148771286,1,ham10000,ISIC_0024955,nv,HAM_0001956
0,0.2688279449939728,1,ham10000,ISIC_0025593,nv,HAM_0001957
0,0.5959174036979675,1,ham10000,ISIC_0029580,bkl,HAM_0001958
0,0.34172382950782776,1,ham10000,ISIC_0027600,nv,HAM_0001959
0,0.3208514451980591,1,ham10000,ISIC_0032166,nv,HAM_0001960
0,0.6347772479057312,1,ham10000,ISIC_0031076,nv,HAM_0001961
0,0.6777364015579224,1,ham10000,ISIC_0029749,nv,HAM_0001962
0,0.5089688301086426,1,ham10000,ISIC_0025721,nv,HAM_0001963
1,0.5747429728507996,1,ham10000,ISIC_0024733,mel,HAM_0001964
0,0.3088839650154114,1,ham10000,ISIC_0031269,nv,HAM_0001965
0,0.2735084891319275,1,ham10000,ISIC_0025230,nv,HAM_0001966
1,0.7600334882736206,1,ham10000,ISIC_0025471,akiec,HAM_0001967
0,0.528075635433197,1,ham10000,ISIC_0027421,nv,HAM_0001968
0,0.29897627234458923,1,ham10000,ISIC_0026651,nv,HAM_0001969
0,0.19796468317508698,1,ham10000,ISIC_0031136,nv,HAM_0001970
0,0.706351637840271,1,ham10000,ISIC_0025327,nv,HAM_0001971
0,0.2763989567756653,1,ham10000,ISIC_0027228,nv,HAM_0001972
0,0.3373255133628845,1,ham10000,ISIC_0026061,nv,HAM_0001973
1,0.6841408014297485,1,ham10000,ISIC_0033533,mel,HAM_0001974
0,0.4175892472267151,1,ham10000,ISIC_0028488,nv,HAM_0001975
1,0.7080852389335632,1,ham10000,ISIC_0025732,mel,HAM_0001976
0,0.5785037875175476,1,ham10000,ISIC_0029261,nv,HAM_0001977
0,0.25275108218193054,1,ham10000,ISIC_0031237,nv,HAM_0001978
0,0.6392232179641724,1,ham10000,ISIC_0027527,bkl,HAM_0001979
0,0.03303379938006401,0,ham10000,ISIC_0032012,nv,HAM_0001980
0,0.48508381843566895,1,ham10000,ISIC_0024342,nv,HAM_0001981
0,0.625636100769043,1,ham10000,ISIC_0029012,bkl,HAM_0001982
0,0.5648771524429321,1,ham10000,ISIC_0030377,bkl,HAM_0001983
0,0.27738791704177856,1,ham10000,ISIC_0025092,nv,HAM_0001984
0,0.23940175771713257,1,ham10000,ISIC_0027330,nv,HAM_0001985
1,0.6602634787559509,1,ham10000,ISIC_0024999,mel,HAM_0001986
0,0.26690664887428284,1,ham10000,ISIC_0024636,nv,HAM_0001987
0,0.050639692693948746,0,ham10000,ISIC_0029948,nv,HAM_0001988
0,0.39098164439201355,1,ham10000,ISIC_0030251,nv,HAM_0001989
0,0.39265140891075134,1,ham10000,ISIC_0027612,bkl,HAM_0001990
0,0.6133068799972534,1,ham10000,ISIC_0028347,bkl,HAM_0001991
0,0.002469878178089857,0,ham10000,ISIC_0025399,nv,HAM_0001992
0,0.20247651636600494,1,ham10000,ISIC_0029848,nv,HAM_0001993
0,0.4418027102947235,1,ham10000,ISIC_0033407,nv,HAM_0001994
0,0.5604287385940552,1,ham10000,ISIC_0024581,bkl,HAM_0001995
0,0.23463842272758484,1,ham10000,ISIC_0031179,nv,HAM_0001996
0,0.49408483505249023,1,ham10000,ISIC_0029251,bkl,HAM_0001997
0,0.05842791497707367,0,ham10000,ISIC_0032038,nv,HAM_0001998
0,0.322610467672348,1,ham10000,ISIC_0025884,nv,HAM_0001999
0,0.31067803502082825,1,ham10000,ISIC_0030092,nv,HAM_0002000
0,0.4373798966407776,1,ham10000,ISIC_0030595,nv,HAM_0002001
0,0.25543212890625,1,ham10000,ISIC_0024486,nv,HAM_0002002
0,0.35410869121551514,1,ham10000,ISIC_0031934,nv,HAM_0002003
1,0.3394829332828522,1,ham10000,ISIC_0032847,mel,HAM_0002004
0,0.4540829658508301,1,ham10000,ISIC_0026556,bkl,HAM_0002005
0,0.18985728919506073,1,ham10000,ISIC_0025360,nv,HAM_0002006
0,0.6019027829170227,1,ham10000,ISIC_0024476,nv,HAM_0002007
0,0.6268887519836426,1,ham10000,ISIC_0032983,bkl,HAM_0002008
0,0.539862334728241,1,ham10000,ISIC_0033165,nv,HAM_0002009
1,0.5798413157463074,1,ham10000,ISIC_0024729,mel,HAM_0002011
1,0.4758008122444153,1,ham10000,ISIC_0026327,akiec,HAM_0002012
0,0.23333272337913513,1,ham10000,ISIC_0026168,nv,HAM_0002013
0,0.3549152612686157,1,ham10000,ISIC_0031120,nv,HAM_0002014
0,0.38190460205078125,1,ham10000,ISIC_0033771,nv,HAM_0002015
0,0.6042537093162537,1,ham10000,ISIC_0032753,nv,HAM_0002016
1,0.49167588353157043,1,ham10000,ISIC_0025630,bcc,HAM_0002017
1,0.6467395424842834,1,ham10000,ISIC_0029501,bcc,HAM_0002018
0,0.34509819746017456,1,ham10000,ISIC_0030402,nv,HAM_0002019
0,0.2708710730075836,1,ham10000,ISIC_0032301,nv,HAM_0002020
1,0.8639596700668335,1,ham10000,ISIC_0027057,bcc,HAM_0002021
0,0.3199339509010315,1,ham10000,ISIC_0026579,nv,HAM_0002022
0,0.5274789929389954,1,ham10000,ISIC_0028540,nv,HAM_0002023
1,0.6584439277648926,1,ham10000,ISIC_0029412,bcc,HAM_0002024
0,0.5403183102607727,1,ham10000,ISIC_0025169,nv,HAM_0002025
0,0.2837333083152771,1,ham10000,ISIC_0027524,nv,HAM_0002026
0,0.5374733805656433,1,ham10000,ISIC_0032697,nv,HAM_0002027
0,0.36108294129371643,1,ham10000,ISIC_0031939,nv,HAM_0002028
0,0.2590056359767914,1,ham10000,ISIC_0030270,nv,HAM_0002029
0,0.3199573755264282,1,ham10000,ISIC_0032916,nv,HAM_0002030
0,0.44830653071403503,1,ham10000,ISIC_0027925,nv,HAM_0002031
1,0.5844624638557434,1,ham10000,ISIC_0030575,mel,HAM_0002032
0,0.43793317675590515,1,ham10000,ISIC_0024899,nv,HAM_0002033
0,0.4201273024082184,1,ham10000,ISIC_0027954,bkl,HAM_0002034
0,0.07042059302330017,0,ham10000,ISIC_0024989,nv,HAM_0002035
0,0.1471753716468811,0,ham10000,ISIC_0025739,nv,HAM_0002036
0,0.4630482494831085,1,ham10000,ISIC_0033733,nv,HAM_0002037
0,0.48829856514930725,1,ham10000,ISIC_0032337,nv,HAM_0002038
0,0.3619115650653839,1,ham10000,ISIC_0029663,nv,HAM_0002039
0,0.5180721282958984,1,ham10000,ISIC_0033041,bkl,HAM_0002040
0,0.12781879305839539,0,ham10000,ISIC_0028532,nv,HAM_0002041
0,0.6208975911140442,1,ham10000,ISIC_0026263,bkl,HAM_0002042
0,0.7333254218101501,1,ham10000,ISIC_0030160,bkl,HAM_0002043
0,0.3462403416633606,1,ham10000,ISIC_0024325,nv,HAM_0002044
0,0.34020501375198364,1,ham10000,ISIC_0029973,df,HAM_0002045
0,0.35920751094818115,1,ham10000,ISIC_0024569,nv,HAM_0002046
0,0.0322650745511055,0,ham10000,ISIC_0030928,nv,HAM_0002047
0,0.1897118091583252,1,ham10000,ISIC_0029137,nv,HAM_0002048
0,0.32108595967292786,1,ham10000,ISIC_0029169,nv,HAM_0002049
0,0.563015341758728,1,ham10000,ISIC_0032215,bkl,HAM_0002050
1,0.6954494118690491,1,ham10000,ISIC_0031784,mel,HAM_0002051
0,0.3727540671825409,1,ham10000,ISIC_0032155,nv,HAM_0002052
0,0.32209765911102295,1,ham10000,ISIC_0028715,nv,HAM_0002053
0,0.01855851151049137,0,ham10000,ISIC_0031685,nv,HAM_0002054
0,0.2531852722167969,1,ham10000,ISIC_0027520,nv,HAM_0002055
0,0.252584844827652,1,ham10000,ISIC_0026762,nv,HAM_0002056
0,0.625714898109436,1,ham10000,ISIC_0024893,bkl,HAM_0002058
0,0.0642395168542862,0,ham10000,ISIC_0028061,nv,HAM_0002059
0,0.5711053609848022,1,ham10000,ISIC_0026979,nv,HAM_0002060
1,0.8045385479927063,1,ham10000,ISIC_0030408,akiec,HAM_0002061
0,0.2833535373210907,1,ham10000,ISIC_0027400,nv,HAM_0002062
0,0.23751300573349,1,ham10000,ISIC_0024819,nv,HAM_0002063
0,0.24239599704742432,1,ham10000,ISIC_0030131,nv,HAM_0002064
0,0.32200247049331665,1,ham10000,ISIC_0028776,nv,HAM_0002065
0,0.33626970648765564,1,ham10000,ISIC_0030936,nv,HAM_0002066
0,0.4832734167575836,1,ham10000,ISIC_0025094,nv,HAM_0002067
0,0.08129800111055374,0,ham10000,ISIC_0029710,nv,HAM_0002068
1,0.847279965877533,1,ham10000,ISIC_0029331,bcc,HAM_0002069
1,0.7555035352706909,1,ham10000,ISIC_0028659,akiec,HAM_0002070
0,0.39574748277664185,1,ham10000,ISIC_0031616,nv,HAM_0002071
0,0.24601653218269348,1,ham10000,ISIC_0027794,nv,HAM_0002072
0,0.20138536393642426,1,ham10000,ISIC_0025406,nv,HAM_0002073
0,0.44740140438079834,1,ham10000,ISIC_0032575,nv,HAM_0002074
0,0.424728125333786,1,ham10000,ISIC_0026678,nv,HAM_0002075
0,0.404126912355423,1,ham10000,ISIC_0024720,nv,HAM_0002076
0,0.4069991707801819,1,ham10000,ISIC_0031936,nv,HAM_0002077
0,0.7142997980117798,1,ham10000,ISIC_0027042,bkl,HAM_0002078
1,0.5283214449882507,1,ham10000,ISIC_0029146,mel,HAM_0002079
0,0.17161622643470764,1,ham10000,ISIC_0029619,nv,HAM_0002080
0,0.5568094849586487,1,ham10000,ISIC_0029120,nv,HAM_0002081
0,0.29471397399902344,1,ham10000,ISIC_0031325,nv,HAM_0002082
1,0.5059056282043457,1,ham10000,ISIC_0024432,bcc,HAM_0002083
0,0.45519310235977173,1,ham10000,ISIC_0027311,nv,HAM_0002084
0,0.1132294237613678,0,ham10000,ISIC_0031336,nv,HAM_0002085
1,0.5490592122077942,1,ham10000,ISIC_0033814,mel,HAM_0002086
0,0.5549483299255371,1,ham10000,ISIC_0027949,nv,HAM_0002087
0,0.3559514880180359,1,ham10000,ISIC_0024377,nv,HAM_0002088
0,0.3933050334453583,1,ham10000,ISIC_0025614,nv,HAM_0002089
0,0.19501502811908722,1,ham10000,ISIC_0032299,nv,HAM_0002090
0,0.02174796164035797,0,ham10000,ISIC_0025857,nv,HAM_0002091
0,0.5324150919914246,1,ham10000,ISIC_0025510,bkl,HAM_0002092
0,0.2925797998905182,1,ham10000,ISIC_0027032,nv,HAM_0002093
1,0.06153469905257225,0,ham10000,ISIC_0030549,akiec,HAM_0002094
0,0.25068044662475586,1,ham10000,ISIC_0026244,nv,HAM_0002095
0,0.545113205909729,1,ham10000,ISIC_0028209,bkl,HAM_0002096
0,0.378442645072937,1,ham10000,ISIC_0025687,nv,HAM_0002097
0,0.3661084473133087,1,ham10000,ISIC_0030218,nv,HAM_0002098
1,0.6186516284942627,1,ham10000,ISIC_0026847,mel,HAM_0002099
0,0.5298963189125061,1,ham10000,ISIC_0031440,nv,HAM_0002100
0,0.416858047246933,1,ham10000,ISIC_0029398,nv,HAM_0002101
0,0.3813168704509735,1,ham10000,ISIC_0024474,nv,HAM_0002102
0,0.6128343939781189,1,ham10000,ISIC_0026034,nv,HAM_0002103
0,0.3027348220348358,1,ham10000,ISIC_0026410,nv,HAM_0002104
0,0.2955056428909302,1,ham10000,ISIC_0027854,nv,HAM_0002105
0,0.32411399483680725,1,ham10000,ISIC_0025156,nv,HAM_0002106
0,0.4133833348751068,1,ham10000,ISIC_0028857,nv,HAM_0002107
0,0.4142906367778778,1,ham10000,ISIC_0025457,nv,HAM_0002108
1,0.5767517685890198,1,ham10000,ISIC_0028897,mel,HAM_0002109
0,0.37387925386428833,1,ham10000,ISIC_0026782,nv,HAM_0002110
0,0.3742242157459259,1,ham10000,ISIC_0031534,nv,HAM_0002111
0,0.42394986748695374,1,ham10000,ISIC_0030820,nv,HAM_0002112
1,0.31515586376190186,1,ham10000,ISIC_0029839,mel,HAM_0002113
0,0.48192188143730164,1,ham10000,ISIC_0026504,nv,HAM_0002114
1,0.8347537517547607,1,ham10000,ISIC_0032408,mel,HAM_0002115
0,0.3859531581401825,1,ham10000,ISIC_0029407,nv,HAM_0002116
0,0.42296794056892395,1,ham10000,ISIC_0032324,nv,HAM_0002117
0,0.12950073182582855,0,ham10000,ISIC_0028249,nv,HAM_0002118
1,0.7748753428459167,1,ham10000,ISIC_0032248,mel,HAM_0002119
0,0.4592524468898773,1,ham10000,ISIC_0028010,nv,HAM_0002120
0,0.580195426940918,1,ham10000,ISIC_0032486,bkl,HAM_0002121
0,0.11975293606519699,0,ham10000,ISIC_0029408,nv,HAM_0002122
0,0.0955161303281784,0,ham10000,ISIC_0030412,nv,HAM_0002123
0,0.48158884048461914,1,ham10000,ISIC_0025175,nv,HAM_0002124
0,0.20198459923267365,1,ham10000,ISIC_0025502,nv,HAM_0002125
0,0.3637882173061371,1,ham10000,ISIC_0028563,nv,HAM_0002126
0,0.49087098240852356,1,ham10000,ISIC_0029837,bkl,HAM_0002127
0,0.5894865393638611,1,ham10000,ISIC_0029867,nv,HAM_0002128
0,0.4441997706890106,1,ham10000,ISIC_0025903,df,HAM_0002129
1,0.34627261757850647,1,ham10000,ISIC_0029570,mel,HAM_0002130
1,0.5776203274726868,1,ham10000,ISIC_0030901,mel,HAM_0002131
0,0.44640201330184937,1,ham10000,ISIC_0027647,nv,HAM_0002132
0,0.18579339981079102,1,ham10000,ISIC_0027885,nv,HAM_0002133
1,0.7427589893341064,1,ham10000,ISIC_0024431,bcc,HAM_0002134
0,0.5907021760940552,1,ham10000,ISIC_0032974,nv,HAM_0002135
0,0.6891340613365173,1,ham10000,ISIC_0032914,nv,HAM_0002136
0,0.46721386909484863,1,ham10000,ISIC_0030217,nv,HAM_0002137
0,0.14694176614284515,0,ham10000,ISIC_0027834,nv,HAM_0002138
0,0.4559353291988373,1,ham10000,ISIC_0032786,nv,HAM_0002139
0,0.4233786463737488,1,ham10000,ISIC_0032472,nv,HAM_0002140
0,0.1568240076303482,0,ham10000,ISIC_0029338,nv,HAM_0002141
0,0.5810919404029846,1,ham10000,ISIC_0025960,nv,HAM_0002142
1,0.4505416452884674,1,ham10000,ISIC_0025451,mel,HAM_0002143
0,0.42394542694091797,1,ham10000,ISIC_0031682,nv,HAM_0002144
0,0.2300005406141281,1,ham10000,ISIC_0028469,nv,HAM_0002145
0,0.48174911737442017,1,ham10000,ISIC_0025686,nv,HAM_0002146
0,0.4976178705692291,1,ham10000,ISIC_0029537,nv,HAM_0002147
0,0.27213355898857117,1,ham10000,ISIC_0031214,nv,HAM_0002148
1,0.7620503902435303,1,ham10000,ISIC_0033042,mel,HAM_0002149
0,0.5023910403251648,1,ham10000,ISIC_0027364,nv,HAM_0002150
0,0.17301924526691437,1,ham10000,ISIC_0029870,nv,HAM_0002151
0,0.2137957662343979,1,ham10000,ISIC_0030234,nv,HAM_0002152
0,0.5599084496498108,1,ham10000,ISIC_0029297,df,HAM_0002153
0,0.5887795090675354,1,ham10000,ISIC_0027379,nv,HAM_0002154
0,0.4417261779308319,1,ham10000,ISIC_0027696,nv,HAM_0002155
0,0.2474302500486374,1,ham10000,ISIC_0024802,nv,HAM_0002156
0,0.2755248248577118,1,ham10000,ISIC_0030763,nv,HAM_0002157
1,0.5569084882736206,1,ham10000,ISIC_0025411,akiec,HAM_0002158
0,0.43825215101242065,1,ham10000,ISIC_0030355,nv,HAM_0002159
0,0.24311356246471405,1,ham10000,ISIC_0028712,nv,HAM_0002160
0,0.21766138076782227,1,ham10000,ISIC_0025392,bkl,HAM_0002161
0,0.10990060120820999,0,ham10000,ISIC_0030708,nv,HAM_0002162
0,0.2942781150341034,1,ham10000,ISIC_0030250,nv,HAM_0002163
0,0.1200239434838295,0,ham10000,ISIC_0032852,nv,HAM_0002164
0,0.22797058522701263,1,ham10000,ISIC_0031172,nv,HAM_0002165
0,0.5441382527351379,1,ham10000,ISIC_0028077,nv,HAM_0002166
1,0.6598376035690308,1,ham10000,ISIC_0026952,bcc,HAM_0002167
0,0.040526680648326874,0,ham10000,ISIC_0028002,nv,HAM_0002168
0,0.8003599047660828,1,ham10000,ISIC_0031593,bkl,HAM_0002169
0,0.5093942284584045,1,ham10000,ISIC_0033075,nv,HAM_0002170
0,0.42426660656929016,1,ham10000,ISIC_0028529,nv,HAM_0002171
0,0.4454670548439026,1,ham10000,ISIC_0024416,nv,HAM_0002172
0,0.28043320775032043,1,ham10000,ISIC_0030157,nv,HAM_0002173
0,0.06700028479099274,0,ham10000,ISIC_0025138,nv,HAM_0002174
0,0.1577034443616867,0,ham10000,ISIC_0028369,nv,HAM_0002175
0,0.273632287979126,1,ham10000,ISIC_0026341,nv,HAM_0002176
0,0.28450334072113037,1,ham10000,ISIC_0025612,vasc,HAM_0002177
0,0.055669501423835754,0,ham10000,ISIC_0024401,nv,HAM_0002178
0,0.3805256187915802,1,ham10000,ISIC_0028654,nv,HAM_0002179
0,0.34151265025138855,1,ham10000,ISIC_0027479,nv,HAM_0002180
0,0.279643714427948,1,ham10000,ISIC_0030972,nv,HAM_0002181
1,0.7774969339370728,1,ham10000,ISIC_0030539,mel,HAM_0002182
0,0.2032632827758789,1,ham10000,ISIC_0031912,nv,HAM_0002183
0,0.3672391176223755,1,ham10000,ISIC_0032325,bkl,HAM_0002184
1,0.7052751183509827,1,ham10000,ISIC_0030794,akiec,HAM_0002185
1,0.6154543161392212,1,ham10000,ISIC_0028463,mel,HAM_0002186
0,0.5041289329528809,1,ham10000,ISIC_0028981,nv,HAM_0002187
0,0.296520471572876,1,ham10000,ISIC_0032196,nv,HAM_0002188
0,0.5898061990737915,1,ham10000,ISIC_0030940,nv,HAM_0002189
0,0.5716363787651062,1,ham10000,ISIC_0026046,bkl,HAM_0002190
0,0.16591434180736542,1,ham10000,ISIC_0028278,nv,HAM_0002191
0,0.5971355438232422,1,ham10000,ISIC_0027388,bkl,HAM_0002192
0,0.6049781441688538,1,ham10000,ISIC_0027392,bkl,HAM_0002193
1,0.6818482875823975,1,ham10000,ISIC_0025814,mel,HAM_0002194
0,0.3221527934074402,1,ham10000,ISIC_0031576,nv,HAM_0002195
1,0.6192931532859802,1,ham10000,ISIC_0024930,mel,HAM_0002196
1,0.572252631187439,1,ham10000,ISIC_0028709,mel,HAM_0002197
0,0.731722354888916,1,ham10000,ISIC_0024314,nv,HAM_0002198
0,0.5805677175521851,1,ham10000,ISIC_0029522,bkl,HAM_0002199
0,0.07200908660888672,0,ham10000,ISIC_0025951,nv,HAM_0002200
0,0.4996260702610016,1,ham10000,ISIC_0024514,nv,HAM_0002201
0,0.4182177782058716,1,ham10000,ISIC_0027315,nv,HAM_0002202
0,0.2763654589653015,1,ham10000,ISIC_0031391,nv,HAM_0002203
0,0.4108988344669342,1,ham10000,ISIC_0026217,nv,HAM_0002205
0,0.06601113826036453,0,ham10000,ISIC_0033727,nv,HAM_0002206
0,0.5086292028427124,1,ham10000,ISIC_0025588,nv,HAM_0002207
0,0.48624277114868164,1,ham10000,ISIC_0033818,nv,HAM_0002208
0,0.32714927196502686,1,ham10000,ISIC_0031226,bkl,HAM_0002209
0,0.21060997247695923,1,ham10000,ISIC_0031627,nv,HAM_0002210
0,0.3526028096675873,1,ham10000,ISIC_0026862,nv,HAM_0002211
0,0.43049198389053345,1,ham10000,ISIC_0029988,nv,HAM_0002212
0,0.5220604538917542,1,ham10000,ISIC_0030222,nv,HAM_0002213
0,0.2930205762386322,1,ham10000,ISIC_0027465,nv,HAM_0002214
0,0.15756508708000183,0,ham10000,ISIC_0028539,nv,HAM_0002215
0,0.6885547637939453,1,ham10000,ISIC_0026305,nv,HAM_0002216
0,0.3481552302837372,1,ham10000,ISIC_0024906,nv,HAM_0002217
0,0.48148202896118164,1,ham10000,ISIC_0025578,vasc,HAM_0002218
0,0.40512651205062866,1,ham10000,ISIC_0031679,nv,HAM_0002219
0,0.23041926324367523,1,ham10000,ISIC_0024942,nv,HAM_0002220
0,0.42944127321243286,1,ham10000,ISIC_0026255,nv,HAM_0002221
0,0.3330571949481964,1,ham10000,ISIC_0025021,nv,HAM_0002222
0,0.26662954688072205,1,ham10000,ISIC_0026176,nv,HAM_0002223
1,0.8340202569961548,1,ham10000,ISIC_0029278,bcc,HAM_0002224
0,0.44714516401290894,1,ham10000,ISIC_0032066,nv,HAM_0002225
0,0.3279157876968384,1,ham10000,ISIC_0025407,nv,HAM_0002226
0,0.5382616519927979,1,ham10000,ISIC_0024786,bkl,HAM_0002227
0,0.6754956841468811,1,ham10000,ISIC_0032035,nv,HAM_0002228
0,0.3194435238838196,1,ham10000,ISIC_0025423,nv,HAM_0002229
0,0.5263785719871521,1,ham10000,ISIC_0026243,nv,HAM_0002230
0,0.37810567021369934,1,ham10000,ISIC_0028235,nv,HAM_0002231
1,0.49952635169029236,1,ham10000,ISIC_0025825,akiec,HAM_0002232
0,0.15635164082050323,0,ham10000,ISIC_0025774,nv,HAM_0002233
0,0.6028667688369751,1,ham10000,ISIC_0032412,nv,HAM_0002234
1,0.5989313721656799,1,ham10000,ISIC_0032569,mel,HAM_0002235
0,0.44893768429756165,1,ham10000,ISIC_0027894,nv,HAM_0002236
0,0.5432429909706116,1,ham10000,ISIC_0028053,nv,HAM_0002237
0,0.7596685290336609,1,ham10000,ISIC_0026374,nv,HAM_0002238
0,0.48627299070358276,1,ham10000,ISIC_0028021,nv,HAM_0002239
1,0.5916025638580322,1,ham10000,ISIC_0024332,bcc,HAM_0002240
0,0.5075271129608154,1,ham10000,ISIC_0026459,nv,HAM_0002241
0,0.19189150631427765,1,ham10000,ISIC_0026511,bkl,HAM_0002242
1,0.8451731204986572,1,ham10000,ISIC_0032777,bcc,HAM_0002243
0,0.4877030849456787,1,ham10000,ISIC_0032549,nv,HAM_0002244
0,0.09458386152982712,0,ham10000,ISIC_0028248,nv,HAM_0002245
0,0.30346739292144775,1,ham10000,ISIC_0030702,nv,HAM_0002246
0,0.1627616137266159,1,ham10000,ISIC_0029205,nv,HAM_0002247
0,0.16892234981060028,1,ham10000,ISIC_0029011,nv,HAM_0002248
0,0.5103650689125061,1,ham10000,ISIC_0029520,nv,HAM_0002249
0,0.12843094766139984,0,ham10000,ISIC_0029426,nv,HAM_0002250
0,0.23969924449920654,1,ham10000,ISIC_0024438,nv,HAM_0002251
0,0.10292748361825943,0,ham10000,ISIC_0031227,nv,HAM_0002252
0,0.7608267664909363,1,ham10000,ISIC_0032548,nv,HAM_0002253
0,0.32880058884620667,1,ham10000,ISIC_0028027,nv,HAM_0002254
0,0.09637287259101868,0,ham10000,ISIC_0030726,nv,HAM_0002255
0,0.461580753326416,1,ham10000,ISIC_0026214,nv,HAM_0002256
0,0.21935254335403442,1,ham10000,ISIC_0033448,nv,HAM_0002257
1,0.5543689131736755,1,ham10000,ISIC_0029220,bcc,HAM_0002258
0,0.5631933808326721,1,ham10000,ISIC_0028333,nv,HAM_0002259
0,0.4889138638973236,1,ham10000,ISIC_0028699,nv,HAM_0002260
1,0.6103166341781616,1,ham10000,ISIC_0025808,akiec,HAM_0002261
0,0.5669158697128296,1,ham10000,ISIC_0027307,nv,HAM_0002262
0,0.21231809258460999,1,ham10000,ISIC_0030252,nv,HAM_0002263
0,0.31347206234931946,1,ham10000,ISIC_0024838,nv,HAM_0002264
0,0.35953179001808167,1,ham10000,ISIC_0030791,nv,HAM_0002265
0,0.11077378690242767,0,ham10000,ISIC_0027136,nv,HAM_0002266
0,0.22700263559818268,1,ham10000,ISIC_0026937,nv,HAM_0002267
0,0.6636174917221069,1,ham10000,ISIC_0026070,bkl,HAM_0002268
1,0.6529380679130554,1,ham10000,ISIC_0024443,bcc,HAM_0002269
0,0.29230988025665283,1,ham10000,ISIC_0031607,nv,HAM_0002270
0,0.5066909790039062,1,ham10000,ISIC_0026048,nv,HAM_0002271
0,0.4523555636405945,1,ham10000,ISIC_0025371,nv,HAM_0002272
0,0.2773578464984894,1,ham10000,ISIC_0026772,nv,HAM_0002273
0,0.13051718473434448,0,ham10000,ISIC_0026381,nv,HAM_0002274
0,0.43706151843070984,1,ham10000,ISIC_0031774,nv,HAM_0002275
0,0.21161998808383942,1,ham10000,ISIC_0025366,bkl,HAM_0002276
0,0.5230449438095093,1,ham10000,ISIC_0025080,nv,HAM_0002277
0,0.36125969886779785,1,ham10000,ISIC_0026353,nv,HAM_0002278
0,0.018239354714751244,0,ham10000,ISIC_0031427,nv,HAM_0002279
0,0.09645932167768478,0,ham10000,ISIC_0027275,bkl,HAM_0002280
0,0.20389153063297272,1,ham10000,ISIC_0031193,nv,HAM_0002281
0,0.21331879496574402,1,ham10000,ISIC_0034045,nv,HAM_0002282
0,0.533383846282959,1,ham10000,ISIC_0028869,nv,HAM_0002283
0,0.3898622989654541,1,ham10000,ISIC_0026449,nv,HAM_0002284
0,0.11825341731309891,0,ham10000,ISIC_0026309,nv,HAM_0002285
0,0.36654865741729736,1,ham10000,ISIC_0029876,nv,HAM_0002286
0,0.3279033601284027,1,ham10000,ISIC_0026891,nv,HAM_0002287
0,0.4722789227962494,1,ham10000,ISIC_0027803,nv,HAM_0002288
0,0.25503110885620117,1,ham10000,ISIC_0032266,nv,HAM_0002289
0,0.4271283745765686,1,ham10000,ISIC_0027941,nv,HAM_0002290
0,0.3200138509273529,1,ham10000,ISIC_0024836,nv,HAM_0002291
0,0.35682323575019836,1,ham10000,ISIC_0031183,nv,HAM_0002292
0,0.5804190039634705,1,ham10000,ISIC_0027351,nv,HAM_0002293
0,0.2713262140750885,1,ham10000,ISIC_0025221,nv,HAM_0002294
0,0.36109456419944763,1,ham10000,ISIC_0025488,nv,HAM_0002295
0,0.23308448493480682,1,ham10000,ISIC_0026834,nv,HAM_0002296
0,0.3122727572917938,1,ham10000,ISIC_0026095,nv,HAM_0002297
0,0.2223837822675705,1,ham10000,ISIC_0031483,nv,HAM_0002298
0,0.578961968421936,1,ham10000,ISIC_0025819,bkl,HAM_0002299
0,0.2860841751098633,1,ham10000,ISIC_0024366,nv,HAM_0002300
0,0.6903664469718933,1,ham10000,ISIC_0028555,bkl,HAM_0002301
0,0.37437376379966736,1,ham10000,ISIC_0029633,nv,HAM_0002302
0,0.4926401674747467,1,ham10000,ISIC_0031037,bkl,HAM_0002303
0,0.09036797285079956,0,ham10000,ISIC_0024648,nv,HAM_0002304
0,0.19162368774414062,1,ham10000,ISIC_0029693,nv,HAM_0002305
0,0.6618797779083252,1,ham10000,ISIC_0027606,bkl,HAM_0002306
1,0.44761526584625244,1,ham10000,ISIC_0026549,akiec,HAM_0002307
0,0.17376424372196198,1,ham10000,ISIC_0027193,nv,HAM_0002308
0,0.29091745615005493,1,ham10000,ISIC_0031910,nv,HAM_0002309
0,0.48774856328964233,1,ham10000,ISIC_0025848,nv,HAM_0002310
0,0.13295283913612366,0,ham10000,ISIC_0028514,nv,HAM_0002311
1,0.4667549729347229,1,ham10000,ISIC_0025650,bcc,HAM_0002312
1,0.1935340017080307,1,ham10000,ISIC_0024461,bcc,HAM_0002313
0,0.5130267143249512,1,ham10000,ISIC_0027662,nv,HAM_0002314
0,0.20261980593204498,1,ham10000,ISIC_0028312,nv,HAM_0002315
0,0.5453288555145264,1,ham10000,ISIC_0029217,bkl,HAM_0002316
0,0.2692766785621643,1,ham10000,ISIC_0027268,nv,HAM_0002317
0,0.405478298664093,1,ham10000,ISIC_0026797,nv,HAM_0002318
0,0.17842544615268707,1,ham10000,ISIC_0026600,nv,HAM_0002319
0,0.5209516882896423,1,ham10000,ISIC_0025163,nv,HAM_0002320
0,0.17796961963176727,1,ham10000,ISIC_0029015,nv,HAM_0002321
0,0.08160702139139175,0,ham10000,ISIC_0027912,nv,HAM_0002322
0,0.7041705846786499,1,ham10000,ISIC_0029976,nv,HAM_0002323
0,0.20938056707382202,1,ham10000,ISIC_0025381,nv,HAM_0002324
0,0.40056928992271423,1,ham10000,ISIC_0033021,nv,HAM_0002325
0,0.624346911907196,1,ham10000,ISIC_0027346,nv,HAM_0002326
0,0.6435045003890991,1,ham10000,ISIC_0032883,bkl,HAM_0002327
0,0.05134562402963638,0,ham10000,ISIC_0026896,nv,HAM_0002328
0,0.33319997787475586,1,ham10000,ISIC_0032911,nv,HAM_0002329
0,0.08877187222242355,0,ham10000,ISIC_0027430,nv,HAM_0002330
0,0.23628656566143036,1,ham10000,ISIC_0028068,nv,HAM_0002331
0,0.09833819419145584,0,ham10000,ISIC_0025670,nv,HAM_0002332
0,0.6186227798461914,1,ham10000,ISIC_0031405,nv,HAM_0002333
1,0.8346668481826782,1,ham10000,ISIC_0027786,bcc,HAM_0002334
0,0.6809051036834717,1,ham10000,ISIC_0030465,bkl,HAM_0002335
0,0.222304567694664,1,ham10000,ISIC_0031446,nv,HAM_0002336
0,0.4622552990913391,1,ham10000,ISIC_0029949,nv,HAM_0002337
1,0.5112277269363403,1,ham10000,ISIC_0028103,mel,HAM_0002338
0,0.327805757522583,1,ham10000,ISIC_0026597,nv,HAM_0002339
0,0.38184210658073425,1,ham10000,ISIC_0029047,nv,HAM_0002340
0,0.17665769159793854,1,ham10000,ISIC_0029117,nv,HAM_0002341
1,0.7776059508323669,1,ham10000,ISIC_0032917,mel,HAM_0002342
1,0.4325944781303406,1,ham10000,ISIC_0028158,akiec,HAM_0002343
0,0.1888071596622467,1,ham10000,ISIC_0026778,nv,HAM_0002344
0,0.4322332441806793,1,ham10000,ISIC_0031982,nv,HAM_0002345
1,0.5264183878898621,1,ham10000,ISIC_0026343,bcc,HAM_0002346
0,0.39299046993255615,1,ham10000,ISIC_0030022,nv,HAM_0002347
0,0.6154572367668152,1,ham10000,ISIC_0025240,nv,HAM_0002348
0,0.76125568151474,1,ham10000,ISIC_0025008,nv,HAM_0002349
0,0.5974038243293762,1,ham10000,ISIC_0026015,bkl,HAM_0002350
0,0.1256730854511261,0,ham10000,ISIC_0028788,nv,HAM_0002351
0,0.10056954622268677,0,ham10000,ISIC_0032319,nv,HAM_0002352
0,0.30629414319992065,1,ham10000,ISIC_0028705,nv,HAM_0002353
0,0.6799728870391846,1,ham10000,ISIC_0025559,nv,HAM_0002354
0,0.29667675495147705,1,ham10000,ISIC_0029202,bkl,HAM_0002355
0,0.3246311545372009,1,ham10000,ISIC_0030889,nv,HAM_0002356
0,0.5514494180679321,1,ham10000,ISIC_0030137,bkl,HAM_0002357
0,0.36324211955070496,1,ham10000,ISIC_0027973,bkl,HAM_0002358
0,0.4612979292869568,1,ham10000,ISIC_0024863,nv,HAM_0002359
0,0.43661609292030334,1,ham10000,ISIC_0028024,nv,HAM_0002360
0,0.3933831751346588,1,ham10000,ISIC_0026285,nv,HAM_0002361
0,0.3585326373577118,1,ham10000,ISIC_0025307,nv,HAM_0002362
0,0.6703531742095947,1,ham10000,ISIC_0032924,nv,HAM_0002363
0,0.5326663851737976,1,ham10000,ISIC_0024712,nv,HAM_0002364
0,0.5009607672691345,1,ham10000,ISIC_0029880,bkl,HAM_0002366
0,0.3901834189891815,1,ham10000,ISIC_0033150,nv,HAM_0002367
0,0.46635422110557556,1,ham10000,ISIC_0024841,nv,HAM_0002368
0,0.11707925796508789,0,ham10000,ISIC_0027016,nv,HAM_0002369
0,0.2990347743034363,1,ham10000,ISIC_0028945,nv,HAM_0002370
0,0.4065794050693512,1,ham10000,ISIC_0032271,bkl,HAM_0002371
0,0.49646899104118347,1,ham10000,ISIC_0033124,bkl,HAM_0002372
0,0.2527120113372803,1,ham10000,ISIC_0030703,nv,HAM_0002373
0,0.3330020010471344,1,ham10000,ISIC_0024780,nv,HAM_0002374
1,0.7903338074684143,1,ham10000,ISIC_0024940,mel,HAM_0002375
1,0.8371469974517822,1,ham10000,ISIC_0033856,mel,HAM_0002377
0,0.2308855652809143,1,ham10000,ISIC_0026087,nv,HAM_0002378
0,0.1865374892950058,1,ham10000,ISIC_0026082,nv,HAM_0002379
0,0.33572912216186523,1,ham10000,ISIC_0029807,nv,HAM_0002380
0,0.5829179883003235,1,ham10000,ISIC_0030680,nv,HAM_0002381
0,0.26078474521636963,1,ham10000,ISIC_0025916,nv,HAM_0002382
0,0.1658293455839157,1,ham10000,ISIC_0032488,nv,HAM_0002383
0,0.36653628945350647,1,ham10000,ISIC_0026195,nv,HAM_0002384
0,0.42301562428474426,1,ham10000,ISIC_0024549,nv,HAM_0002385
0,0.24282018840312958,1,ham10000,ISIC_0033640,nv,HAM_0002386
0,0.1408027857542038,0,ham10000,ISIC_0030292,nv,HAM_0002387
0,0.17430821061134338,1,ham10000,ISIC_0025200,nv,HAM_0002388
0,0.29197433590888977,1,ham10000,ISIC_0026701,nv,HAM_0002389
0,0.06677641719579697,0,ham10000,ISIC_0029439,vasc,HAM_0002390
1,0.6183266043663025,1,ham10000,ISIC_0027260,mel,HAM_0002391
0,0.4551900327205658,1,ham10000,ISIC_0028233,bkl,HAM_0002392
0,0.5127763152122498,1,ham10000,ISIC_0026879,nv,HAM_0002393
0,0.05340000241994858,0,ham10000,ISIC_0029550,nv,HAM_0002394
0,0.06989291310310364,0,ham10000,ISIC_0029750,nv,HAM_0002395
0,0.40322890877723694,1,ham10000,ISIC_0026025,nv,HAM_0002396
1,0.7817277312278748,1,ham10000,ISIC_0029192,bcc,HAM_0002397
0,0.09439957141876221,0,ham10000,ISIC_0028208,nv,HAM_0002398
0,0.5832807421684265,1,ham10000,ISIC_0030330,nv,HAM_0002399
0,0.278070330619812,1,ham10000,ISIC_0024772,bkl,HAM_0002400
0,0.34165409207344055,1,ham10000,ISIC_0028204,nv,HAM_0002401
0,0.36157524585723877,1,ham10000,ISIC_0033515,nv,HAM_0002402
0,0.16881944239139557,1,ham10000,ISIC_0028612,nv,HAM_0002403
0,0.476730078458786,1,ham10000,ISIC_0031776,nv,HAM_0002404
0,0.16751548647880554,1,ham10000,ISIC_0030380,nv,HAM_0002405
0,0.18464209139347076,1,ham10000,ISIC_0030568,nv,HAM_0002406
0,0.228862926363945,1,ham10000,ISIC_0028731,nv,HAM_0002407
0,0.7108111381530762,1,ham10000,ISIC_0031359,nv,HAM_0002408
0,0.45895862579345703,1,ham10000,ISIC_0028368,nv,HAM_0002409
0,0.3030124306678772,1,ham10000,ISIC_0026639,nv,HAM_0002410
0,0.47201573848724365,1,ham10000,ISIC_0025946,nv,HAM_0002411
0,0.4348364472389221,1,ham10000,ISIC_0026287,nv,HAM_0002412
0,0.327972948551178,1,ham10000,ISIC_0032543,nv,HAM_0002413
0,0.5006687045097351,1,ham10000,ISIC_0027661,nv,HAM_0002414
0,0.005990506149828434,0,ham10000,ISIC_0026121,nv,HAM_0002415
0,0.3858852982521057,1,ham10000,ISIC_0026816,nv,HAM_0002416
0,0.5788415670394897,1,ham10000,ISIC_0032943,nv,HAM_0002417
0,0.3274221420288086,1,ham10000,ISIC_0030711,nv,HAM_0002418
0,0.23977921903133392,1,ham10000,ISIC_0032359,bkl,HAM_0002419
0,0.09396092593669891,0,ham10000,ISIC_0028796,nv,HAM_0002420
1,0.6302847266197205,1,ham10000,ISIC_0028556,bcc,HAM_0002421
0,0.2911261320114136,1,ham10000,ISIC_0031566,nv,HAM_0002422
0,0.0757998675107956,0,ham10000,ISIC_0025088,nv,HAM_0002423
0,0.6326507329940796,1,ham10000,ISIC_0028104,bkl,HAM_0002424
0,0.5527795553207397,1,ham10000,ISIC_0032682,nv,HAM_0002425
0,0.3567769527435303,1,ham10000,ISIC_0024348,nv,HAM_0002426
1,0.5177525281906128,1,ham10000,ISIC_0027629,bcc,HAM_0002427
0,0.025485675781965256,0,ham10000,ISIC_0026510,nv,HAM_0002428
0,0.32070422172546387,1,ham10000,ISIC_0028139,nv,HAM_0002429
1,0.7001764178276062,1,ham10000,ISIC_0027673,mel,HAM_0002430
0,0.46462100744247437,1,ham10000,ISIC_0032657,nv,HAM_0002431
0,0.5604162216186523,1,ham10000,ISIC_0029775,nv,HAM_0002432
0,0.2791110575199127,1,ham10000,ISIC_0032011,nv,HAM_0002433
0,0.5517039895057678,1,ham10000,ISIC_0033253,nv,HAM_0002434
0,0.08814392238855362,0,ham10000,ISIC_0028366,nv,HAM_0002435
1,0.5858513712882996,1,ham10000,ISIC_0025127,mel,HAM_0002436
0,0.16098004579544067,1,ham10000,ISIC_0031899,nv,HAM_0002437
0,0.17841032147407532,1,ham10000,ISIC_0026527,nv,HAM_0002438
0,0.2832069396972656,1,ham10000,ISIC_0031083,nv,HAM_0002439
0,0.4073027968406677,1,ham10000,ISIC_0029723,nv,HAM_0002440
1,0.7017708420753479,1,ham10000,ISIC_0030491,akiec,HAM_0002441
0,0.4927951991558075,1,ham10000,ISIC_0026325,nv,HAM_0002442
0,0.15610818564891815,0,ham10000,ISIC_0029685,nv,HAM_0002443
0,0.1922450065612793,1,ham10000,ISIC_0029852,nv,HAM_0002444
0,0.4295279085636139,1,ham10000,ISIC_0030879,nv,HAM_0002445
0,0.020196303725242615,0,ham10000,ISIC_0028521,nv,HAM_0002446
0,0.22691664099693298,1,ham10000,ISIC_0033281,nv,HAM_0002448
0,0.19160199165344238,1,ham10000,ISIC_0024391,nv,HAM_0002449
0,0.6820873022079468,1,ham10000,ISIC_0024318,df,HAM_0002450
0,0.5278517007827759,1,ham10000,ISIC_0028150,nv,HAM_0002451
0,0.06135743483901024,0,ham10000,ISIC_0024491,nv,HAM_0002452
0,0.16914890706539154,1,ham10000,ISIC_0029921,nv,HAM_0002453
0,0.03970814868807793,0,ham10000,ISIC_0024628,nv,HAM_0002454
0,0.660875678062439,1,ham10000,ISIC_0032099,bkl,HAM_0002455
0,0.33099088072776794,1,ham10000,ISIC_0031223,bkl,HAM_0002456
0,0.1329471319913864,0,ham10000,ISIC_0027457,nv,HAM_0002457
0,0.4013943374156952,1,ham10000,ISIC_0026155,nv,HAM_0002458
0,0.11330695450305939,0,ham10000,ISIC_0029305,nv,HAM_0002459
0,0.19740502536296844,1,ham10000,ISIC_0032336,nv,HAM_0002460
1,0.499521940946579,1,ham10000,ISIC_0025953,akiec,HAM_0002461
0,0.6802718639373779,1,ham10000,ISIC_0024498,bkl,HAM_0002462
0,0.7218822836875916,1,ham10000,ISIC_0029052,df,HAM_0002463
0,0.46766114234924316,1,ham10000,ISIC_0030566,nv,HAM_0002464
0,0.326443612575531,1,ham10000,ISIC_0026565,nv,HAM_0002465
0,0.09398435056209564,0,ham10000,ISIC_0030128,nv,HAM_0002466
1,0.8634827733039856,1,ham10000,ISIC_0030893,bcc,HAM_0002467
0,0.32847973704338074,1,ham10000,ISIC_0028018,nv,HAM_0002468
0,0.16600146889686584,1,ham10000,ISIC_0029419,nv,HAM_0002469
0,0.43050268292427063,1,ham10000,ISIC_0026611,nv,HAM_0002470
1,0.6817308664321899,1,ham10000,ISIC_0027060,mel,HAM_0002471
1,0.6780579090118408,1,ham10000,ISIC_0025696,akiec,HAM_0002472
0,0.22986860573291779,1,ham10000,ISIC_0025922,nv,HAM_0002473
0,0.27224618196487427,1,ham10000,ISIC_0030658,nv,HAM_0002474
0,0.04528357461094856,0,ham10000,ISIC_0026685,nv,HAM_0002475
0,0.32679465413093567,1,ham10000,ISIC_0027837,nv,HAM_0002476
1,0.5512151122093201,1,ham10000,ISIC_0025145,mel,HAM_0002477
0,0.028249850496649742,0,ham10000,ISIC_0031787,nv,HAM_0002478
0,0.49421629309654236,1,ham10000,ISIC_0029768,nv,HAM_0002479
0,0.6061822772026062,1,ham10000,ISIC_0028589,nv,HAM_0002480
0,0.598542332649231,1,ham10000,ISIC_0024684,nv,HAM_0002481
0,0.05686993896961212,0,ham10000,ISIC_0032064,nv,HAM_0002482
0,0.18284252285957336,1,ham10000,ISIC_0032446,nv,HAM_0002483
0,0.41076722741127014,1,ham10000,ISIC_0029194,nv,HAM_0002484
0,0.26864421367645264,1,ham10000,ISIC_0028351,nv,HAM_0002485
0,0.19052167236804962,1,ham10000,ISIC_0028947,nv,HAM_0002486
0,0.06302746385335922,0,ham10000,ISIC_0032503,nv,HAM_0002487
1,0.7449608445167542,1,ham10000,ISIC_0032645,mel,HAM_0002488
0,0.5931378602981567,1,ham10000,ISIC_0030874,nv,HAM_0002489
0,0.5189765691757202,1,ham10000,ISIC_0027889,nv,HAM_0002490
1,0.6681146025657654,1,ham10000,ISIC_0026770,mel,HAM_0002491
0,0.22421184182167053,1,ham10000,ISIC_0028875,nv,HAM_0002492
1,0.04946994036436081,0,ham10000,ISIC_0024323,mel,HAM_0002493
0,0.5223616361618042,1,ham10000,ISIC_0033686,nv,HAM_0002494
0,0.1387835443019867,0,ham10000,ISIC_0031330,nv,HAM_0002495
0,0.31856584548950195,1,ham10000,ISIC_0030861,nv,HAM_0002496
0,0.5581798553466797,1,ham10000,ISIC_0025443,nv,HAM_0002497
0,0.6044653654098511,1,ham10000,ISIC_0032839,vasc,HAM_0002498
0,0.10507630556821823,0,ham10000,ISIC_0024600,nv,HAM_0002499
0,0.24018336832523346,1,ham10000,ISIC_0028169,nv,HAM_0002500
0,0.46676868200302124,1,ham10000,ISIC_0032928,nv,HAM_0002501
0,0.356836199760437,1,ham10000,ISIC_0032973,nv,HAM_0002502
0,0.6852641701698303,1,ham10000,ISIC_0029676,bkl,HAM_0002503
0,0.3464013338088989,1,ham10000,ISIC_0025455,nv,HAM_0002504
0,0.3427662253379822,1,ham10000,ISIC_0031402,nv,HAM_0002505
1,0.8019399046897888,1,ham10000,ISIC_0029337,bcc,HAM_0002506
0,0.47934454679489136,1,ham10000,ISIC_0030428,nv,HAM_0002508
1,0.5302591323852539,1,ham10000,ISIC_0024732,mel,HAM_0002509
0,0.27821317315101624,1,ham10000,ISIC_0031124,nv,HAM_0002510
0,0.31287190318107605,1,ham10000,ISIC_0025148,nv,HAM_0002511
0,0.1745004653930664,1,ham10000,ISIC_0025768,nv,HAM_0002512
0,0.043104976415634155,0,ham10000,ISIC_0027088,nv,HAM_0002513
0,0.382414847612381,1,ham10000,ISIC_0026768,nv,HAM_0002514
0,0.2319299429655075,1,ham10000,ISIC_0028744,nv,HAM_0002515
0,0.23152029514312744,1,ham10000,ISIC_0028315,nv,HAM_0002516
0,0.2706291675567627,1,ham10000,ISIC_0031838,nv,HAM_0002517
0,0.23350252211093903,1,ham10000,ISIC_0032028,nv,HAM_0002518
0,0.4873760938644409,1,ham10000,ISIC_0032986,nv,HAM_0002519
0,0.4039289057254791,1,ham10000,ISIC_0032177,nv,HAM_0002520
0,0.48571428656578064,1,ham10000,ISIC_0027828,bkl,HAM_0002521
0,0.3102220594882965,1,ham10000,ISIC_0028382,nv,HAM_0002522
1,0.6858632564544678,1,ham10000,ISIC_0024516,mel,HAM_0002523
0,0.24065496027469635,1,ham10000,ISIC_0026184,nv,HAM_0002524
1,0.4095189869403839,1,ham10000,ISIC_0025188,mel,HAM_0002525
1,0.8766835331916809,1,ham10000,ISIC_0032799,bcc,HAM_0002526
0,0.7299955487251282,1,ham10000,ISIC_0026717,bkl,HAM_0002527
0,0.3745749592781067,1,ham10000,ISIC_0025821,nv,HAM_0002528
0,0.4897550046443939,1,ham10000,ISIC_0026298,bkl,HAM_0002529
0,0.2832665741443634,1,ham10000,ISIC_0028239,nv,HAM_0002530
0,0.28887274861335754,1,ham10000,ISIC_0027467,nv,HAM_0002531
0,0.45275840163230896,1,ham10000,ISIC_0026615,nv,HAM_0002532
0,0.40667250752449036,1,ham10000,ISIC_0027755,nv,HAM_0002533
1,0.2961617708206177,1,ham10000,ISIC_0024898,mel,HAM_0002534
0,0.608670175075531,1,ham10000,ISIC_0027754,bkl,HAM_0002535
0,0.7474626302719116,1,ham10000,ISIC_0032124,bkl,HAM_0002536
0,0.39767080545425415,1,ham10000,ISIC_0028689,nv,HAM_0002537
0,0.4146852493286133,1,ham10000,ISIC_0030770,vasc,HAM_0002538
0,0.3302871882915497,1,ham10000,ISIC_0027422,nv,HAM_0002539
0,0.3897175192832947,1,ham10000,ISIC_0030471,nv,HAM_0002540
0,0.535071074962616,1,ham10000,ISIC_0028098,nv,HAM_0002541
0,0.17663000524044037,1,ham10000,ISIC_0025817,nv,HAM_0002542
0,0.2872851490974426,1,ham10000,ISIC_0025645,nv,HAM_0002543
0,0.23158827424049377,1,ham10000,ISIC_0029711,nv,HAM_0002544
0,0.39703115820884705,1,ham10000,ISIC_0029149,nv,HAM_0002545
0,0.8741713166236877,1,ham10000,ISIC_0030579,df,HAM_0002546
0,0.5033482313156128,1,ham10000,ISIC_0024394,nv,HAM_0002547
0,0.14215810596942902,0,ham10000,ISIC_0027470,bkl,HAM_0002548
0,0.06242278963327408,0,ham10000,ISIC_0030043,nv,HAM_0002549
0,0.18043409287929535,1,ham10000,ISIC_0027682,nv,HAM_0002550
1,0.8247910737991333,1,ham10000,ISIC_0024539,akiec,HAM_0002551
1,0.5965549945831299,1,ham10000,ISIC_0032936,mel,HAM_0002552
0,0.42189154028892517,1,ham10000,ISIC_0032931,nv,HAM_0002553
0,0.4053861200809479,1,ham10000,ISIC_0028585,nv,HAM_0002554
0,0.2874607443809509,1,ham10000,ISIC_0032398,nv,HAM_0002555
0,0.35986843705177307,1,ham10000,ISIC_0025436,nv,HAM_0002556
1,0.8064476251602173,1,ham10000,ISIC_0025927,mel,HAM_0002557
1,0.7446452379226685,1,ham10000,ISIC_0034047,bcc,HAM_0002559
0,0.20967687666416168,1,ham10000,ISIC_0025325,nv,HAM_0002561
0,0.42859819531440735,1,ham10000,ISIC_0025024,nv,HAM_0002562
0,0.05591535195708275,0,ham10000,ISIC_0024607,nv,HAM_0002563
0,0.429098516702652,1,ham10000,ISIC_0029626,nv,HAM_0002564
1,0.8188804388046265,1,ham10000,ISIC_0032660,bcc,HAM_0002565
0,0.34036508202552795,1,ham10000,ISIC_0024437,nv,HAM_0002566
0,0.2336660921573639,1,ham10000,ISIC_0031048,nv,HAM_0002567
0,0.35095179080963135,1,ham10000,ISIC_0030037,nv,HAM_0002568
0,0.1420895755290985,0,ham10000,ISIC_0034018,nv,HAM_0002569
0,0.16082483530044556,1,ham10000,ISIC_0029952,nv,HAM_0002570
0,0.3635963797569275,1,ham10000,ISIC_0025881,nv,HAM_0002571
0,0.5280818939208984,1,ham10000,ISIC_0025422,nv,HAM_0002572
0,0.4627728760242462,1,ham10000,ISIC_0030018,nv,HAM_0002573
0,0.36510103940963745,1,ham10000,ISIC_0032666,nv,HAM_0002574
0,0.2762957811355591,1,ham10000,ISIC_0026781,nv,HAM_0002575
1,0.46267107129096985,1,ham10000,ISIC_0025414,mel,HAM_0002576
1,0.5203121304512024,1,ham10000,ISIC_0025417,bcc,HAM_0002577
0,0.21910031139850616,1,ham10000,ISIC_0027656,nv,HAM_0002578
0,0.09623373299837112,0,ham10000,ISIC_0031683,nv,HAM_0002579
0,0.2959654629230499,1,ham10000,ISIC_0031252,nv,HAM_0002580
0,0.744226336479187,1,ham10000,ISIC_0026544,nv,HAM_0002581
0,0.48861274123191833,1,ham10000,ISIC_0032813,nv,HAM_0002582
0,0.07334208488464355,0,ham10000,ISIC_0026572,nv,HAM_0002583
0,0.10903886705636978,0,ham10000,ISIC_0030315,nv,HAM_0002584
0,0.6937856674194336,1,ham10000,ISIC_0027026,bkl,HAM_0002585
0,0.23240627348423004,1,ham10000,ISIC_0025186,nv,HAM_0002586
0,0.3153732717037201,1,ham10000,ISIC_0030485,nv,HAM_0002587
0,0.14345726370811462,0,ham10000,ISIC_0031452,nv,HAM_0002588
0,0.5083425045013428,1,ham10000,ISIC_0026318,nv,HAM_0002589
0,0.42087307572364807,1,ham10000,ISIC_0025010,nv,HAM_0002590
1,0.3188260793685913,1,ham10000,ISIC_0028930,mel,HAM_0002591
0,0.5327985286712646,1,ham10000,ISIC_0029311,bkl,HAM_0002592
0,0.04282088577747345,0,ham10000,ISIC_0029935,nv,HAM_0002593
0,0.39643779397010803,1,ham10000,ISIC_0031047,nv,HAM_0002594
0,0.38441383838653564,1,ham10000,ISIC_0032933,nv,HAM_0002595
0,0.3491460382938385,1,ham10000,ISIC_0032848,nv,HAM_0002596
0,0.4358832836151123,1,ham10000,ISIC_0033045,nv,HAM_0002597
0,0.6978543400764465,1,ham10000,ISIC_0033873,nv,HAM_0002598
0,0.47131407260894775,1,ham10000,ISIC_0033143,nv,HAM_0002599
0,0.36284783482551575,1,ham10000,ISIC_0032588,nv,HAM_0002600
0,0.5164850950241089,1,ham10000,ISIC_0032510,nv,HAM_0002601
0,0.2218923419713974,1,ham10000,ISIC_0032798,nv,HAM_0002602
0,0.5414522886276245,1,ham10000,ISIC_0033697,nv,HAM_0002603
0,0.45776161551475525,1,ham10000,ISIC_0033656,nv,HAM_0002604
0,0.5290278196334839,1,ham10000,ISIC_0034164,nv,HAM_0002605
0,0.4550651013851166,1,ham10000,ISIC_0033228,nv,HAM_0002606
0,0.3515324592590332,1,ham10000,ISIC_0032744,nv,HAM_0002607
0,0.0904482826590538,0,ham10000,ISIC_0026484,nv,HAM_0002608
1,0.5081149339675903,1,ham10000,ISIC_0029318,mel,HAM_0002609
0,0.4508863091468811,1,ham10000,ISIC_0026876,vasc,HAM_0002610
1,0.6639914512634277,1,ham10000,ISIC_0026192,bcc,HAM_0002611
0,0.22225439548492432,1,ham10000,ISIC_0031180,nv,HAM_0002612
1,0.46717461943626404,1,ham10000,ISIC_0024958,mel,HAM_0002613
0,0.4837760627269745,1,ham10000,ISIC_0027637,nv,HAM_0002614
1,0.803564727306366,1,ham10000,ISIC_0033413,akiec,HAM_0002615
0,0.7116426229476929,1,ham10000,ISIC_0032555,nv,HAM_0002616
1,0.5053081512451172,1,ham10000,ISIC_0033393,mel,HAM_0002617
0,0.08153089135885239,0,ham10000,ISIC_0027705,nv,HAM_0002618
0,0.07694833725690842,0,ham10000,ISIC_0025435,nv,HAM_0002619
0,0.30672577023506165,1,ham10000,ISIC_0032490,nv,HAM_0002620
0,0.048302412033081055,0,ham10000,ISIC_0028047,nv,HAM_0002621
1,0.7284972071647644,1,ham10000,ISIC_0030187,mel,HAM_0002622
0,0.2741398215293884,1,ham10000,ISIC_0025384,nv,HAM_0002623
0,0.3186209797859192,1,ham10000,ISIC_0028282,nv,HAM_0002624
0,0.505617618560791,1,ham10000,ISIC_0026822,nv,HAM_0002626
0,0.1439037173986435,0,ham10000,ISIC_0027014,nv,HAM_0002627
0,0.6903436183929443,1,ham10000,ISIC_0030652,nv,HAM_0002628
0,0.282851904630661,1,ham10000,ISIC_0024551,nv,HAM_0002629
0,0.16269198060035706,1,ham10000,ISIC_0026257,nv,HAM_0002630
0,0.35166066884994507,1,ham10000,ISIC_0028048,nv,HAM_0002631
0,0.23412607610225677,1,ham10000,ISIC_0029943,nv,HAM_0002632
0,0.38991326093673706,1,ham10000,ISIC_0031525,nv,HAM_0002633
0,0.09241030365228653,0,ham10000,ISIC_0028392,nv,HAM_0002634
0,0.44579625129699707,1,ham10000,ISIC_0029364,nv,HAM_0002635
0,0.22995036840438843,1,ham10000,ISIC_0031782,nv,HAM_0002636
0,0.2992153763771057,1,ham10000,ISIC_0029376,nv,HAM_0002637
0,0.4416712820529938,1,ham10000,ISIC_0028096,nv,HAM_0002638
0,0.3617165684700012,1,ham10000,ISIC_0025249,vasc,HAM_0002639
0,0.5182551741600037,1,ham10000,ISIC_0030337,nv,HAM_0002640
0,0.250343918800354,1,ham10000,ISIC_0032676,nv,HAM_0002641
0,0.26834654808044434,1,ham10000,ISIC_0031467,nv,HAM_0002642
0,0.25430211424827576,1,ham10000,ISIC_0030017,nv,HAM_0002643
1,0.8123050928115845,1,ham10000,ISIC_0029417,akiec,HAM_0002644
0,0.6741019487380981,1,ham10000,ISIC_0024587,nv,HAM_0002645
1,0.49809056520462036,1,ham10000,ISIC_0028558,akiec,HAM_0002646
0,0.4138779044151306,1,ham10000,ISIC_0030534,nv,HAM_0002647
1,0.5616912841796875,1,ham10000,ISIC_0027650,akiec,HAM_0002648
0,0.36837080121040344,1,ham10000,ISIC_0026235,nv,HAM_0002649
0,0.1895449161529541,1,ham10000,ISIC_0029742,vasc,HAM_0002650
0,0.23020030558109283,1,ham10000,ISIC_0028682,nv,HAM_0002651
0,0.42609918117523193,1,ham10000,ISIC_0024934,nv,HAM_0002652
0,0.4888468384742737,1,ham10000,ISIC_0026817,nv,HAM_0002653
0,0.4538407027721405,1,ham10000,ISIC_0025698,nv,HAM_0002654
0,0.24860206246376038,1,ham10000,ISIC_0027116,nv,HAM_0002656
0,0.40228044986724854,1,ham10000,ISIC_0031046,nv,HAM_0002657
0,0.5695151686668396,1,ham10000,ISIC_0025907,nv,HAM_0002658
0,0.3765008747577667,1,ham10000,ISIC_0026448,nv,HAM_0002659
0,0.5179824829101562,1,ham10000,ISIC_0033750,bkl,HAM_0002660
0,0.47134456038475037,1,ham10000,ISIC_0025665,nv,HAM_0002661
0,0.31112584471702576,1,ham10000,ISIC_0031572,nv,HAM_0002662
0,0.017447348684072495,0,ham10000,ISIC_0030720,nv,HAM_0002663
1,0.8373109102249146,1,ham10000,ISIC_0033054,bcc,HAM_0002664
0,0.2860632836818695,1,ham10000,ISIC_0032208,nv,HAM_0002665
1,0.5915594100952148,1,ham10000,ISIC_0024564,bcc,HAM_0002666
0,0.17409156262874603,1,ham10000,ISIC_0024388,nv,HAM_0002667
0,0.701433539390564,1,ham10000,ISIC_0026784,nv,HAM_0002668
0,0.505673885345459,1,ham10000,ISIC_0031994,nv,HAM_0002669
0,0.7752295732498169,1,ham10000,ISIC_0027734,nv,HAM_0002670
1,0.8053314685821533,1,ham10000,ISIC_0033068,mel,HAM_0002671
1,0.534957230091095,1,ham10000,ISIC_0025948,akiec,HAM_0002672
0,0.16641868650913239,1,ham10000,ISIC_0027686,nv,HAM_0002673
0,0.2527378499507904,1,ham10000,ISIC_0029646,nv,HAM_0002674
0,0.4913373291492462,1,ham10000,ISIC_0024969,nv,HAM_0002675
0,0.2821294963359833,1,ham10000,ISIC_0024610,nv,HAM_0002676
0,0.5086240172386169,1,ham10000,ISIC_0031024,bkl,HAM_0002677
0,0.24368059635162354,1,ham10000,ISIC_0030739,nv,HAM_0002678
0,0.06656666845083237,0,ham10000,ISIC_0029590,nv,HAM_0002679
0,0.10812189429998398,0,ham10000,ISIC_0031315,nv,HAM_0002680
0,0.4716898500919342,1,ham10000,ISIC_0029381,nv,HAM_0002681
0,0.02929367870092392,0,ham10000,ISIC_0024478,nv,HAM_0002682
0,0.6813693642616272,1,ham10000,ISIC_0031677,bkl,HAM_0002683
0,0.5707770586013794,1,ham10000,ISIC_0027874,nv,HAM_0002684
0,0.41169610619544983,1,ham10000,ISIC_0030593,nv,HAM_0002685
0,0.6391065120697021,1,ham10000,ISIC_0031716,bkl,HAM_0002686
0,0.14101940393447876,0,ham10000,ISIC_0032037,nv,HAM_0002687
0,0.3245415985584259,1,ham10000,ISIC_0025348,nv,HAM_0002688
1,0.6992914080619812,1,ham10000,ISIC_0026687,bcc,HAM_0002689
0,0.3314662575721741,1,ham10000,ISIC_0028828,nv,HAM_0002690
0,0.5842589735984802,1,ham10000,ISIC_0031345,bkl,HAM_0002691
0,0.45072436332702637,1,ham10000,ISIC_0029404,vasc,HAM_0002692
1,0.4863365590572357,1,ham10000,ISIC_0031550,mel,HAM_0002693
0,0.1756802350282669,1,ham10000,ISIC_0030100,nv,HAM_0002694
0,0.5254915952682495,1,ham10000,ISIC_0028664,nv,HAM_0002695
1,0.39812543988227844,1,ham10000,ISIC_0026207,mel,HAM_0002696
0,0.34823113679885864,1,ham10000,ISIC_0028055,nv,HAM_0002697
0,0.4838154911994934,1,ham10000,ISIC_0031247,nv,HAM_0002698
1,0.5476193428039551,1,ham10000,ISIC_0029827,akiec,HAM_0002699
0,0.328296422958374,1,ham10000,ISIC_0025011,nv,HAM_0002700
0,0.46821993589401245,1,ham10000,ISIC_0024328,nv,HAM_0002701
0,0.2890348732471466,1,ham10000,ISIC_0028196,nv,HAM_0002702
0,0.6472349762916565,1,ham10000,ISIC_0025402,nv,HAM_0002703
0,0.4979974031448364,1,ham10000,ISIC_0031638,nv,HAM_0002704
1,0.5552433133125305,1,ham10000,ISIC_0025089,akiec,HAM_0002705
0,0.5254630446434021,1,ham10000,ISIC_0025954,df,HAM_0002706
0,0.28251132369041443,1,ham10000,ISIC_0030628,nv,HAM_0002707
0,0.4275173246860504,1,ham10000,ISIC_0024752,nv,HAM_0002708
0,0.36313313245773315,1,ham10000,ISIC_0025773,nv,HAM_0002709
0,0.29984238743782043,1,ham10000,ISIC_0025241,nv,HAM_0002710
1,0.6917952299118042,1,ham10000,ISIC_0027669,mel,HAM_0002711
0,0.14677774906158447,0,ham10000,ISIC_0034238,nv,HAM_0002712
0,0.3667876720428467,1,ham10000,ISIC_0026695,nv,HAM_0002713
1,0.45459234714508057,1,ham10000,ISIC_0026113,mel,HAM_0002714
0,0.4909018278121948,1,ham10000,ISIC_0024714,nv,HAM_0002715
0,0.0768403634428978,0,ham10000,ISIC_0030779,nv,HAM_0002716
1,0.6195008754730225,1,ham10000,ISIC_0031284,bcc,HAM_0002717
0,0.32527196407318115,1,ham10000,ISIC_0024316,nv,HAM_0002718
1,0.42837369441986084,1,ham10000,ISIC_0029033,mel,HAM_0002719
1,0.6788509488105774,1,ham10000,ISIC_0025277,mel,HAM_0002720
0,0.3136686682701111,1,ham10000,ISIC_0032585,nv,HAM_0002721
0,0.6033505201339722,1,ham10000,ISIC_0027991,bkl,HAM_0002722
1,0.7062469720840454,1,ham10000,ISIC_0034050,mel,HAM_0002723
0,0.5378825068473816,1,ham10000,ISIC_0032580,nv,HAM_0002724
0,0.18644118309020996,1,ham10000,ISIC_0025523,nv,HAM_0002725
0,0.46559518575668335,1,ham10000,ISIC_0025473,nv,HAM_0002726
0,0.2721405327320099,1,ham10000,ISIC_0025459,nv,HAM_0002727
0,0.10737214982509613,0,ham10000,ISIC_0026570,nv,HAM_0002728
0,0.4398975968360901,1,ham10000,ISIC_0026346,nv,HAM_0002729
0,0.6499309539794922,1,ham10000,ISIC_0025661,bkl,HAM_0002730
0,0.5678451657295227,1,ham10000,ISIC_0028236,bkl,HAM_0002731
1,0.6897179484367371,1,ham10000,ISIC_0033017,mel,HAM_0002732
1,0.6991257071495056,1,ham10000,ISIC_0031041,bcc,HAM_0002733
1,0.4754873514175415,1,ham10000,ISIC_0028190,akiec,HAM_0002734
0,0.407107949256897,1,ham10000,ISIC_0029992,nv,HAM_0002735
1,0.5995500683784485,1,ham10000,ISIC_0030594,bcc,HAM_0002736
0,0.20761337876319885,1,ham10000,ISIC_0029795,nv,HAM_0002737
0,0.502069890499115,1,ham10000,ISIC_0029438,nv,HAM_0002738
0,0.5833062529563904,1,ham10000,ISIC_0032452,nv,HAM_0002739
0,0.4522383511066437,1,ham10000,ISIC_0027246,nv,HAM_0002740
0,0.4581301212310791,1,ham10000,ISIC_0027939,nv,HAM_0002741
0,0.6522904634475708,1,ham10000,ISIC_0025654,bkl,HAM_0002742
0,0.41044655442237854,1,ham10000,ISIC_0030439,nv,HAM_0002743
1,0.43724325299263,1,ham10000,ISIC_0031236,bcc,HAM_0002744
1,0.38371121883392334,1,ham10000,ISIC_0024562,akiec,HAM_0002745
0,0.368285208940506,1,ham10000,ISIC_0031399,nv,HAM_0002746
0,0.38976144790649414,1,ham10000,ISIC_0025242,nv,HAM_0002747
0,0.34458473324775696,1,ham10000,ISIC_0028289,nv,HAM_0002748
0,0.5690078735351562,1,ham10000,ISIC_0025066,bkl,HAM_0002749
0,0.4129650294780731,1,ham10000,ISIC_0033003,nv,HAM_0002750
0,0.2075454741716385,1,ham10000,ISIC_0026073,nv,HAM_0002751
1,0.3804273307323456,1,ham10000,ISIC_0025748,mel,HAM_0002752
0,0.4423012137413025,1,ham10000,ISIC_0026641,nv,HAM_0002753
0,0.2400144785642624,1,ham10000,ISIC_0025892,nv,HAM_0002754
0,0.24514389038085938,1,ham10000,ISIC_0032523,nv,HAM_0002755
0,0.39235731959342957,1,ham10000,ISIC_0027157,nv,HAM_0002756
0,0.6513893008232117,1,ham10000,ISIC_0024909,bkl,HAM_0002757
0,0.15906572341918945,1,ham10000,ISIC_0027575,nv,HAM_0002758
0,0.49943381547927856,1,ham10000,ISIC_0033062,nv,HAM_0002759
0,0.04938912019133568,0,ham10000,ISIC_0031815,nv,HAM_0002760
0,0.6597077250480652,1,ham10000,ISIC_0029068,bkl,HAM_0002761
0,0.4567772448062897,1,ham10000,ISIC_0029458,nv,HAM_0002762
0,0.2548024356365204,1,ham10000,ISIC_0026884,nv,HAM_0002763
1,0.34487536549568176,1,ham10000,ISIC_0030366,mel,HAM_0002764
0,0.40288588404655457,1,ham10000,ISIC_0024860,nv,HAM_0002765
0,0.5023372173309326,1,ham10000,ISIC_0030532,nv,HAM_0002766
0,0.05275556445121765,0,ham10000,ISIC_0031914,nv,HAM_0002767
0,0.32811468839645386,1,ham10000,ISIC_0026657,nv,HAM_0002768
0,0.5382871031761169,1,ham10000,ISIC_0032481,bkl,HAM_0002769
1,0.49195441603660583,1,ham10000,ISIC_0025265,mel,HAM_0002770
1,0.4259085953235626,1,ham10000,ISIC_0029059,akiec,HAM_0002771
1,0.22595477104187012,1,ham10000,ISIC_0026897,mel,HAM_0002772
0,0.4535851776599884,1,ham10000,ISIC_0028690,nv,HAM_0002773
0,0.684688925743103,1,ham10000,ISIC_0029683,bkl,HAM_0002774
0,0.283674955368042,1,ham10000,ISIC_0024407,nv,HAM_0002775
0,0.316443532705307,1,ham10000,ISIC_0026143,nv,HAM_0002776
0,0.12625953555107117,0,ham10000,ISIC_0030228,nv,HAM_0002777
0,0.15604643523693085,0,ham10000,ISIC_0026540,nv,HAM_0002778
0,0.18952326476573944,1,ham10000,ISIC_0026515,nv,HAM_0002779
0,0.402797132730484,1,ham10000,ISIC_0028732,nv,HAM_0002780
0,0.27506253123283386,1,ham10000,ISIC_0029379,nv,HAM_0002781
0,0.6513070464134216,1,ham10000,ISIC_0030536,nv,HAM_0002782
0,0.3490321636199951,1,ham10000,ISIC_0029507,nv,HAM_0002783
0,0.3353535830974579,1,ham10000,ISIC_0027712,nv,HAM_0002784
0,0.20357805490493774,1,ham10000,ISIC_0029258,nv,HAM_0002786
0,0.17797213792800903,1,ham10000,ISIC_0025425,vasc,HAM_0002787
0,0.45387890934944153,1,ham10000,ISIC_0027563,vasc,HAM_0002788
0,0.4583277702331543,1,ham10000,ISIC_0030578,nv,HAM_0002789
0,0.2843521237373352,1,ham10000,ISIC_0026721,nv,HAM_0002790
1,0.6504911780357361,1,ham10000,ISIC_0029847,bcc,HAM_0002791
0,0.2995951771736145,1,ham10000,ISIC_0033169,bkl,HAM_0002792
0,0.6142416000366211,1,ham10000,ISIC_0029953,nv,HAM_0002793
0,0.47554725408554077,1,ham10000,ISIC_0031596,nv,HAM_0002794
0,0.031930722296237946,0,ham10000,ISIC_0025278,nv,HAM_0002795
0,0.3770272433757782,1,ham10000,ISIC_0025261,nv,HAM_0002796
0,0.288401335477829,1,ham10000,ISIC_0026883,nv,HAM_0002797
0,0.28631192445755005,1,ham10000,ISIC_0025323,nv,HAM_0002798
0,0.24363787472248077,1,ham10000,ISIC_0027975,nv,HAM_0002799
1,0.4216107130050659,1,ham10000,ISIC_0026239,mel,HAM_0002800
0,0.13034182786941528,0,ham10000,ISIC_0025889,nv,HAM_0002801
0,0.1382589489221573,0,ham10000,ISIC_0029717,nv,HAM_0002802
0,0.5153880715370178,1,ham10000,ISIC_0028110,nv,HAM_0002803
0,0.21862562000751495,1,ham10000,ISIC_0031722,nv,HAM_0002805
0,0.21896886825561523,1,ham10000,ISIC_0029175,nv,HAM_0002806
0,0.37520739436149597,1,ham10000,ISIC_0025050,nv,HAM_0002807
0,0.33427923917770386,1,ham10000,ISIC_0031503,nv,HAM_0002808
0,0.4235445559024811,1,ham10000,ISIC_0024338,bkl,HAM_0002809
0,0.5922131538391113,1,ham10000,ISIC_0030542,bkl,HAM_0002810
0,0.06991178542375565,0,ham10000,ISIC_0030632,nv,HAM_0002811
1,0.48126325011253357,1,ham10000,ISIC_0027788,bcc,HAM_0002812
0,0.1251702606678009,0,ham10000,ISIC_0030751,nv,HAM_0002813
0,0.3732505738735199,1,ham10000,ISIC_0028140,nv,HAM_0002814
0,0.48879900574684143,1,ham10000,ISIC_0025298,nv,HAM_0002815
0,0.045066479593515396,0,ham10000,ISIC_0028405,nv,HAM_0002816
1,0.4184068441390991,1,ham10000,ISIC_0029495,mel,HAM_0002817
1,0.5760431885719299,1,ham10000,ISIC_0028570,bcc,HAM_0002818
0,0.4343969523906708,1,ham10000,ISIC_0024467,nv,HAM_0002819
0,0.36155375838279724,1,ham10000,ISIC_0028422,nv,HAM_0002820
0,0.6990404725074768,1,ham10000,ISIC_0028479,bkl,HAM_0002821
0,0.29388076066970825,1,ham10000,ISIC_0026863,nv,HAM_0002822
0,0.5198057889938354,1,ham10000,ISIC_0031354,nv,HAM_0002823
1,0.4912124574184418,1,ham10000,ISIC_0025987,mel,HAM_0002824
0,0.2276986539363861,1,ham10000,ISIC_0031296,nv,HAM_0002825
0,0.48458150029182434,1,ham10000,ISIC_0028334,nv,HAM_0002826
0,0.6367378234863281,1,ham10000,ISIC_0025777,bkl,HAM_0002827
0,0.050354816019535065,0,ham10000,ISIC_0030164,nv,HAM_0002828
0,0.17509236931800842,1,ham10000,ISIC_0029134,nv,HAM_0002829
0,0.4362989366054535,1,ham10000,ISIC_0025796,nv,HAM_0002830
0,0.1964537352323532,1,ham10000,ISIC_0026977,nv,HAM_0002831
0,0.3226221799850464,1,ham10000,ISIC_0029091,nv,HAM_0002832
0,0.17251016199588776,1,ham10000,ISIC_0026889,nv,HAM_0002833
1,0.6845234632492065,1,ham10000,ISIC_0026500,mel,HAM_0002834
0,0.211969792842865,1,ham10000,ISIC_0028510,nv,HAM_0002835
0,0.5038748383522034,1,ham10000,ISIC_0030289,nv,HAM_0002836
0,0.2416757494211197,1,ham10000,ISIC_0025859,nv,HAM_0002837
1,0.4002830684185028,1,ham10000,ISIC_0030818,mel,HAM_0002838
0,0.6272899508476257,1,ham10000,ISIC_0025982,bkl,HAM_0002839
0,0.39038634300231934,1,ham10000,ISIC_0027424,nv,HAM_0002840
1,0.36267930269241333,1,ham10000,ISIC_0032653,mel,HAM_0002841
0,0.25676271319389343,1,ham10000,ISIC_0029616,nv,HAM_0002842
0,0.046026408672332764,0,ham10000,ISIC_0031855,nv,HAM_0002843
0,0.6061193346977234,1,ham10000,ISIC_0029329,bkl,HAM_0002844
0,0.3643006384372711,1,ham10000,ISIC_0031319,nv,HAM_0002845
0,0.3335072994232178,1,ham10000,ISIC_0028616,nv,HAM_0002846
0,0.09825675189495087,0,ham10000,ISIC_0024353,nv,HAM_0002847
0,0.20482955873012543,1,ham10000,ISIC_0027598,df,HAM_0002848
0,0.398086816072464,1,ham10000,ISIC_0032229,nv,HAM_0002849
0,0.3239798843860626,1,ham10000,ISIC_0024638,nv,HAM_0002850
0,0.09842994064092636,0,ham10000,ISIC_0026915,nv,HAM_0002851
0,0.45573562383651733,1,ham10000,ISIC_0031530,nv,HAM_0002852
0,0.25944122672080994,1,ham10000,ISIC_0027429,nv,HAM_0002853
0,0.09431599825620651,0,ham10000,ISIC_0031673,nv,HAM_0002854
0,0.06263113021850586,0,ham10000,ISIC_0026116,nv,HAM_0002855
0,0.5039299130439758,1,ham10000,ISIC_0028154,nv,HAM_0002856
0,0.04316137731075287,0,ham10000,ISIC_0024528,nv,HAM_0002857
0,0.12115079164505005,0,ham10000,ISIC_0029990,nv,HAM_0002858
0,0.5084993243217468,1,ham10000,ISIC_0025119,nv,HAM_0002859
0,0.5363056063652039,1,ham10000,ISIC_0030027,nv,HAM_0002860
0,0.38104942440986633,1,ham10000,ISIC_0031462,nv,HAM_0002861
0,0.452147513628006,1,ham10000,ISIC_0024769,nv,HAM_0002863
0,0.3444702625274658,1,ham10000,ISIC_0025176,nv,HAM_0002864
0,0.6602211594581604,1,ham10000,ISIC_0031708,nv,HAM_0002865
0,0.5809648633003235,1,ham10000,ISIC_0029411,nv,HAM_0002866
1,0.7860997319221497,1,ham10000,ISIC_0033084,akiec,HAM_0002867
0,0.17224542796611786,1,ham10000,ISIC_0031998,nv,HAM_0002868
1,0.5573257803916931,1,ham10000,ISIC_0024313,mel,HAM_0002869
0,0.3138747811317444,1,ham10000,ISIC_0027267,nv,HAM_0002870
0,0.3418451249599457,1,ham10000,ISIC_0027044,df,HAM_0002871
0,0.09970897436141968,0,ham10000,ISIC_0026164,nv,HAM_0002872
0,0.29496246576309204,1,ham10000,ISIC_0026412,nv,HAM_0002873
0,0.4114128649234772,1,ham10000,ISIC_0033707,nv,HAM_0002874
0,0.3762143850326538,1,ham10000,ISIC_0032050,nv,HAM_0002875
0,0.7020283937454224,1,ham10000,ISIC_0033082,nv,HAM_0002876
0,0.4212926924228668,1,ham10000,ISIC_0030435,nv,HAM_0002877
0,0.5833789110183716,1,ham10000,ISIC_0032640,nv,HAM_0002878
0,0.5820394158363342,1,ham10000,ISIC_0025693,bkl,HAM_0002879
0,0.12998685240745544,0,ham10000,ISIC_0029691,nv,HAM_0002880
0,0.1676459014415741,1,ham10000,ISIC_0026328,nv,HAM_0002881
1,0.7600690126419067,1,ham10000,ISIC_0026014,akiec,HAM_0002882
0,0.058367904275655746,0,ham10000,ISIC_0030071,nv,HAM_0002883
0,0.1868065893650055,1,ham10000,ISIC_0028251,nv,HAM_0002884
0,0.2828332185745239,1,ham10000,ISIC_0026386,nv,HAM_0002885
0,0.15815682709217072,0,ham10000,ISIC_0032089,nv,HAM_0002887
0,0.20636172592639923,1,ham10000,ISIC_0025571,nv,HAM_0002888
0,0.7409088015556335,1,ham10000,ISIC_0030774,nv,HAM_0002889
0,0.5633184909820557,1,ham10000,ISIC_0032704,nv,HAM_0002890
0,0.10958641767501831,0,ham10000,ISIC_0028906,nv,HAM_0002891
0,0.023481840267777443,0,ham10000,ISIC_0032469,nv,HAM_0002892
0,0.4522566795349121,1,ham10000,ISIC_0025037,nv,HAM_0002893
0,0.7481173872947693,1,ham10000,ISIC_0033056,bkl,HAM_0002894
0,0.5961494445800781,1,ham10000,ISIC_0029578,df,HAM_0002895
0,0.3998742997646332,1,ham10000,ISIC_0030235,nv,HAM_0002896
1,0.4716807007789612,1,ham10000,ISIC_0030552,mel,HAM_0002897
0,0.5040543079376221,1,ham10000,ISIC_0033179,nv,HAM_0002898
0,0.5631276369094849,1,ham10000,ISIC_0026601,nv,HAM_0002899
0,0.1781928688287735,1,ham10000,ISIC_0024985,nv,HAM_0002900
0,0.17918497323989868,1,ham10000,ISIC_0028722,nv,HAM_0002901
0,0.45576319098472595,1,ham10000,ISIC_0026443,bkl,HAM_0002902
0,0.5269663333892822,1,ham10000,ISIC_0024774,bkl,HAM_0002903
0,0.5864522457122803,1,ham10000,ISIC_0027213,nv,HAM_0002904
0,0.5009143352508545,1,ham10000,ISIC_0029026,nv,HAM_0002905
1,0.6915647387504578,1,ham10000,ISIC_0026604,mel,HAM_0002906
0,0.6523853540420532,1,ham10000,ISIC_0029730,nv,HAM_0002907
0,0.3536958694458008,1,ham10000,ISIC_0032650,nv,HAM_0002908
0,0.6332664489746094,1,ham10000,ISIC_0032642,df,HAM_0002909
0,0.3030562102794647,1,ham10000,ISIC_0031010,nv,HAM_0002910
1,0.4293598532676697,1,ham10000,ISIC_0029272,mel,HAM_0002911
0,0.40840771794319153,1,ham10000,ISIC_0028958,bkl,HAM_0002912
0,0.4427831470966339,1,ham10000,ISIC_0025070,nv,HAM_0002913
0,0.7690395712852478,1,ham10000,ISIC_0024904,vasc,HAM_0002914
0,0.4839857220649719,1,ham10000,ISIC_0034009,nv,HAM_0002915
0,0.48644840717315674,1,ham10000,ISIC_0030581,nv,HAM_0002916
0,0.15796013176441193,0,ham10000,ISIC_0032506,nv,HAM_0002917
0,0.3476989269256592,1,ham10000,ISIC_0031704,nv,HAM_0002918
0,0.5869203209877014,1,ham10000,ISIC_0028518,nv,HAM_0002919
0,0.21385259926319122,1,ham10000,ISIC_0031205,nv,HAM_0002920
0,0.6431574821472168,1,ham10000,ISIC_0029308,bkl,HAM_0002921
0,0.1346830129623413,0,ham10000,ISIC_0027625,nv,HAM_0002922
0,0.5860995054244995,1,ham10000,ISIC_0032992,nv,HAM_0002923
0,0.13890236616134644,0,ham10000,ISIC_0030682,nv,HAM_0002924
0,0.46678343415260315,1,ham10000,ISIC_0025338,nv,HAM_0002925
0,0.3398914039134979,1,ham10000,ISIC_0030831,nv,HAM_0002926
0,0.35660555958747864,1,ham10000,ISIC_0028012,nv,HAM_0002927
0,0.6060197353363037,1,ham10000,ISIC_0032665,bkl,HAM_0002928
0,0.45118021965026855,1,ham10000,ISIC_0032068,nv,HAM_0002929
0,0.18985672295093536,1,ham10000,ISIC_0026994,nv,HAM_0002930
0,0.5168410539627075,1,ham10000,ISIC_0028427,nv,HAM_0002931
0,0.059507373720407486,0,ham10000,ISIC_0027841,nv,HAM_0002932
0,0.5457756519317627,1,ham10000,ISIC_0024494,bkl,HAM_0002933
1,0.6159657835960388,1,ham10000,ISIC_0025031,bcc,HAM_0002934
0,0.2065371721982956,1,ham10000,ISIC_0024670,nv,HAM_0002935
0,0.359954297542572,1,ham10000,ISIC_0024380,nv,HAM_0002936
0,0.17171378433704376,1,ham10000,ISIC_0029478,nv,HAM_0002937
0,0.35180678963661194,1,ham10000,ISIC_0025580,nv,HAM_0002938
1,0.6720508337020874,1,ham10000,ISIC_0032888,mel,HAM_0002939
0,0.10240583121776581,0,ham10000,ISIC_0024791,nv,HAM_0002940
0,0.20102500915527344,1,ham10000,ISIC_0031028,nv,HAM_0002941
0,0.5142486691474915,1,ham10000,ISIC_0027911,nv,HAM_0002942
0,0.2086317390203476,1,ham10000,ISIC_0026054,nv,HAM_0002943
0,0.2713703215122223,1,ham10000,ISIC_0028135,nv,HAM_0002944
0,0.03450680524110794,0,ham10000,ISIC_0029077,nv,HAM_0002945
0,0.5037806034088135,1,ham10000,ISIC_0031663,nv,HAM_0002946
0,0.33766666054725647,1,ham10000,ISIC_0031589,nv,HAM_0002947
0,0.15924252569675446,1,ham10000,ISIC_0030927,nv,HAM_0002948
0,0.5636489391326904,1,ham10000,ISIC_0030761,nv,HAM_0002949
0,0.2767302393913269,1,ham10000,ISIC_0028176,nv,HAM_0002950
0,0.15337753295898438,0,ham10000,ISIC_0024341,nv,HAM_0002951
1,0.6465598940849304,1,ham10000,ISIC_0033518,mel,HAM_0002952
0,0.37326133251190186,1,ham10000,ISIC_0025126,nv,HAM_0002953
1,0.6217318177223206,1,ham10000,ISIC_0024329,akiec,HAM_0002954
1,0.78085857629776,1,ham10000,ISIC_0029212,mel,HAM_0002955
1,0.7430493831634521,1,ham10000,ISIC_0032637,mel,HAM_0002956
0,0.6791523694992065,1,ham10000,ISIC_0025876,bkl,HAM_0002957
0,0.21004463732242584,1,ham10000,ISIC_0026088,nv,HAM_0002958
1,0.5043709874153137,1,ham10000,ISIC_0025362,bcc,HAM_0002959
0,0.26405709981918335,1,ham10000,ISIC_0024994,df,HAM_0002960
0,0.27600154280662537,1,ham10000,ISIC_0031947,nv,HAM_0002961
0,0.37191423773765564,1,ham10000,ISIC_0028331,bkl,HAM_0002962
0,0.31424480676651,1,ham10000,ISIC_0032435,nv,HAM_0002963
0,0.23089241981506348,1,ham10000,ISIC_0024927,nv,HAM_0002964
0,0.13074800372123718,0,ham10000,ISIC_0026446,bkl,HAM_0002965
0,0.22985291481018066,1,ham10000,ISIC_0024509,nv,HAM_0002966
0,0.03498983755707741,0,ham10000,ISIC_0025380,nv,HAM_0002967
0,0.45891648530960083,1,ham10000,ISIC_0027446,nv,HAM_0002968
0,0.27578747272491455,1,ham10000,ISIC_0030913,nv,HAM_0002969
1,0.5523391366004944,1,ham10000,ISIC_0026930,mel,HAM_0002970
0,0.30540183186531067,1,ham10000,ISIC_0026425,nv,HAM_0002971
0,0.1549416482448578,0,ham10000,ISIC_0025430,nv,HAM_0002972
0,0.6011479496955872,1,ham10000,ISIC_0026140,nv,HAM_0002973
0,0.05501889809966087,0,ham10000,ISIC_0027553,nv,HAM_0002974
0,0.6904374361038208,1,ham10000,ISIC_0026148,nv,HAM_0002975
0,0.26976433396339417,1,ham10000,ISIC_0026908,nv,HAM_0002976
0,0.1882895678281784,1,ham10000,ISIC_0025629,nv,HAM_0002977
0,0.15922577679157257,1,ham10000,ISIC_0030215,nv,HAM_0002978
0,0.5907092690467834,1,ham10000,ISIC_0025511,nv,HAM_0002979
0,0.37467101216316223,1,ham10000,ISIC_0030395,nv,HAM_0002980
1,0.63350510597229,1,ham10000,ISIC_0026664,mel,HAM_0002981
0,0.09506415575742722,0,ham10000,ISIC_0031423,nv,HAM_0002982
1,0.8602176904678345,1,ham10000,ISIC_0029392,bcc,HAM_0002983
0,0.6230484843254089,1,ham10000,ISIC_0024602,bkl,HAM_0002984
0,0.7447556853294373,1,ham10000,ISIC_0025063,bkl,HAM_0002985
0,0.43896734714508057,1,ham10000,ISIC_0028706,nv,HAM_0002986
0,0.495244562625885,1,ham10000,ISIC_0030647,nv,HAM_0002987
0,0.5612573027610779,1,ham10000,ISIC_0025337,bkl,HAM_0002988
0,0.31316429376602173,1,ham10000,ISIC_0027378,nv,HAM_0002989
0,0.4873739778995514,1,ham10000,ISIC_0028437,nv,HAM_0002990
0,0.3055255115032196,1,ham10000,ISIC_0030502,nv,HAM_0002991
0,0.4860357642173767,1,ham10000,ISIC_0024627,nv,HAM_0002992
1,0.676097571849823,1,ham10000,ISIC_0032547,mel,HAM_0002993
0,0.3387143015861511,1,ham10000,ISIC_0027836,nv,HAM_0002994
0,0.380662739276886,1,ham10000,ISIC_0028886,nv,HAM_0002995
0,0.10510674864053726,0,ham10000,ISIC_0025496,nv,HAM_0002996
0,0.14436845481395721,0,ham10000,ISIC_0029972,nv,HAM_0002997
1,0.1099492609500885,0,ham10000,ISIC_0028928,bcc,HAM_0002998
0,0.4127581715583801,1,ham10000,ISIC_0029844,nv,HAM_0002999
0,0.7101632952690125,1,ham10000,ISIC_0025326,bkl,HAM_0003000
0,0.49652376770973206,1,ham10000,ISIC_0032514,bkl,HAM_0003001
0,0.5858649015426636,1,ham10000,ISIC_0032830,nv,HAM_0003002
0,0.812912106513977,1,ham10000,ISIC_0033343,nv,HAM_0003003
0,0.19244766235351562,1,ham10000,ISIC_0028889,nv,HAM_0003004
0,0.43281620740890503,1,ham10000,ISIC_0028304,nv,HAM_0003005
0,0.2145785391330719,1,ham10000,ISIC_0032097,nv,HAM_0003006
0,0.42347854375839233,1,ham10000,ISIC_0025388,bkl,HAM_0003007
0,0.46291282773017883,1,ham10000,ISIC_0029729,nv,HAM_0003008
0,0.3733774423599243,1,ham10000,ISIC_0025569,nv,HAM_0003009
0,0.6374509930610657,1,ham10000,ISIC_0029924,bkl,HAM_0003010
0,0.5447003245353699,1,ham10000,ISIC_0030959,bkl,HAM_0003011
0,0.3214937448501587,1,ham10000,ISIC_0029375,nv,HAM_0003012
0,0.08780873566865921,0,ham10000,ISIC_0026800,nv,HAM_0003013
0,0.5757795572280884,1,ham10000,ISIC_0031542,bkl,HAM_0003014
0,0.5966075658798218,1,ham10000,ISIC_0025083,bkl,HAM_0003015
0,0.6343677639961243,1,ham10000,ISIC_0027097,nv,HAM_0003016
0,0.43077516555786133,1,ham10000,ISIC_0033535,nv,HAM_0003017
0,0.36141976714134216,1,ham10000,ISIC_0032639,nv,HAM_0003018
0,0.17423491179943085,1,ham10000,ISIC_0032001,nv,HAM_0003019
0,0.45988744497299194,1,ham10000,ISIC_0031579,nv,HAM_0003020
0,0.8148154616355896,1,ham10000,ISIC_0030005,bkl,HAM_0003021
0,0.058062244206666946,0,ham10000,ISIC_0025551,nv,HAM_0003022
0,0.6423854827880859,1,ham10000,ISIC_0031257,df,HAM_0003023
0,0.4809896647930145,1,ham10000,ISIC_0024768,nv,HAM_0003024
0,0.36199653148651123,1,ham10000,ISIC_0027440,nv,HAM_0003025
0,0.5041869878768921,1,ham10000,ISIC_0030416,nv,HAM_0003026
0,0.4505666196346283,1,ham10000,ISIC_0025355,nv,HAM_0003027
0,0.3257606327533722,1,ham10000,ISIC_0031870,nv,HAM_0003028
0,0.30292996764183044,1,ham10000,ISIC_0025685,nv,HAM_0003029
0,0.6421648263931274,1,ham10000,ISIC_0028876,bkl,HAM_0003030
1,0.8062552809715271,1,ham10000,ISIC_0030445,mel,HAM_0003031
0,0.3821512460708618,1,ham10000,ISIC_0028789,nv,HAM_0003032
0,0.5495943427085876,1,ham10000,ISIC_0025165,nv,HAM_0003033
0,0.1996344029903412,1,ham10000,ISIC_0033187,nv,HAM_0003034
0,0.6454823613166809,1,ham10000,ISIC_0024617,nv,HAM_0003035
0,0.3153330087661743,1,ham10000,ISIC_0030917,nv,HAM_0003036
0,0.5517232418060303,1,ham10000,ISIC_0026036,nv,HAM_0003038
1,0.745819628238678,1,ham10000,ISIC_0026350,bcc,HAM_0003039
0,0.5655136704444885,1,ham10000,ISIC_0028170,nv,HAM_0003040
0,0.26571255922317505,1,ham10000,ISIC_0024558,nv,HAM_0003041
0,0.3975864350795746,1,ham10000,ISIC_0031282,nv,HAM_0003042
1,0.4259594976902008,1,ham10000,ISIC_0030915,bcc,HAM_0003043
0,0.6758172512054443,1,ham10000,ISIC_0028544,nv,HAM_0003044
0,0.26311811804771423,1,ham10000,ISIC_0031071,nv,HAM_0003045
1,0.7279956936836243,1,ham10000,ISIC_0033257,bcc,HAM_0003046
0,0.19089914858341217,1,ham10000,ISIC_0026505,nv,HAM_0003047
0,0.257415235042572,1,ham10000,ISIC_0030729,nv,HAM_0003048
0,0.504065990447998,1,ham10000,ISIC_0027041,bkl,HAM_0003049
0,0.574355959892273,1,ham10000,ISIC_0033659,bkl,HAM_0003050
1,0.6082965731620789,1,ham10000,ISIC_0030175,akiec,HAM_0003051
0,0.39827755093574524,1,ham10000,ISIC_0024796,nv,HAM_0003052
0,0.3959556221961975,1,ham10000,ISIC_0028824,nv,HAM_0003053
0,0.6831040382385254,1,ham10000,ISIC_0027945,nv,HAM_0003054
1,0.46811115741729736,1,ham10000,ISIC_0032420,mel,HAM_0003055
0,0.17333778738975525,1,ham10000,ISIC_0026684,nv,HAM_0003056
0,0.3732144236564636,1,ham10000,ISIC_0033026,nv,HAM_0003057
0,0.5065717697143555,1,ham10000,ISIC_0028032,nv,HAM_0003058
0,0.2574954330921173,1,ham10000,ISIC_0032223,nv,HAM_0003059
0,0.43523508310317993,1,ham10000,ISIC_0027485,nv,HAM_0003060
0,0.3899405300617218,1,ham10000,ISIC_0032262,nv,HAM_0003061
0,0.4665243625640869,1,ham10000,ISIC_0024319,nv,HAM_0003062
0,0.1550966501235962,0,ham10000,ISIC_0027576,nv,HAM_0003063
0,0.5286698937416077,1,ham10000,ISIC_0029966,nv,HAM_0003064
0,0.34481000900268555,1,ham10000,ISIC_0031879,nv,HAM_0003065
0,0.5205715298652649,1,ham10000,ISIC_0032084,nv,HAM_0003067
0,0.32618382573127747,1,ham10000,ISIC_0027344,bkl,HAM_0003069
0,0.5811456441879272,1,ham10000,ISIC_0032323,nv,HAM_0003070
0,0.36938998103141785,1,ham10000,ISIC_0026000,nv,HAM_0003071
1,0.7922239303588867,1,ham10000,ISIC_0032611,bcc,HAM_0003072
1,0.47483596205711365,1,ham10000,ISIC_0032836,mel,HAM_0003073
0,0.2649298906326294,1,ham10000,ISIC_0029816,nv,HAM_0003074
0,0.2140180617570877,1,ham10000,ISIC_0028553,nv,HAM_0003075
0,0.45234808325767517,1,ham10000,ISIC_0029062,bkl,HAM_0003076
0,0.28331971168518066,1,ham10000,ISIC_0031230,nv,HAM_0003077
0,0.4818865656852722,1,ham10000,ISIC_0025918,nv,HAM_0003078
0,0.3463422656059265,1,ham10000,ISIC_0032369,nv,HAM_0003079
0,0.28510037064552307,1,ham10000,ISIC_0024868,nv,HAM_0003080
0,0.4476202726364136,1,ham10000,ISIC_0033808,df,HAM_0003081
0,0.22498184442520142,1,ham10000,ISIC_0029579,nv,HAM_0003082
1,0.7551546096801758,1,ham10000,ISIC_0032604,mel,HAM_0003083
0,0.3015950918197632,1,ham10000,ISIC_0026191,nv,HAM_0003084
0,0.15350066125392914,0,ham10000,ISIC_0027809,nv,HAM_0003085
1,0.8020598888397217,1,ham10000,ISIC_0032349,akiec,HAM_0003086
0,0.39267802238464355,1,ham10000,ISIC_0028133,nv,HAM_0003087
0,0.5213543176651001,1,ham10000,ISIC_0029736,nv,HAM_0003088
0,0.6372286677360535,1,ham10000,ISIC_0030706,bkl,HAM_0003089
0,0.26606112718582153,1,ham10000,ISIC_0028020,bkl,HAM_0003090
0,0.5969910621643066,1,ham10000,ISIC_0027152,nv,HAM_0003091
0,0.0683721974492073,0,ham10000,ISIC_0027301,nv,HAM_0003092
0,0.5017487406730652,1,ham10000,ISIC_0025218,nv,HAM_0003093
1,0.8443044424057007,1,ham10000,ISIC_0027858,bcc,HAM_0003094
1,0.4216446280479431,1,ham10000,ISIC_0025755,mel,HAM_0003095
0,0.37428784370422363,1,ham10000,ISIC_0031793,nv,HAM_0003096
0,0.40320420265197754,1,ham10000,ISIC_0033181,nv,HAM_0003097
0,0.4186062812805176,1,ham10000,ISIC_0030498,nv,HAM_0003098
0,0.5947784781455994,1,ham10000,ISIC_0025734,nv,HAM_0003099
0,0.30489400029182434,1,ham10000,ISIC_0028976,nv,HAM_0003100
1,0.6809380650520325,1,ham10000,ISIC_0030094,bcc,HAM_0003101
1,0.3577748239040375,1,ham10000,ISIC_0025709,mel,HAM_0003102
0,0.19941166043281555,1,ham10000,ISIC_0031921,nv,HAM_0003103
1,0.8158159852027893,1,ham10000,ISIC_0025029,akiec,HAM_0003105
0,0.44936421513557434,1,ham10000,ISIC_0030420,nv,HAM_0003106
1,0.7021879553794861,1,ham10000,ISIC_0030844,akiec,HAM_0003107
0,0.12159039825201035,0,ham10000,ISIC_0027166,nv,HAM_0003108
0,0.3405837118625641,1,ham10000,ISIC_0028946,nv,HAM_0003109
0,0.6996208429336548,1,ham10000,ISIC_0026473,df,HAM_0003110
0,0.27323248982429504,1,ham10000,ISIC_0030495,nv,HAM_0003111
1,0.645283579826355,1,ham10000,ISIC_0030233,bcc,HAM_0003112
0,0.5984179973602295,1,ham10000,ISIC_0024520,nv,HAM_0003113
0,0.23029005527496338,1,ham10000,ISIC_0032091,nv,HAM_0003114
1,0.27394887804985046,1,ham10000,ISIC_0030954,bcc,HAM_0003115
0,0.124357208609581,0,ham10000,ISIC_0030453,nv,HAM_0003116
0,0.4657745957374573,1,ham10000,ISIC_0027917,nv,HAM_0003117
0,0.10215236991643906,0,ham10000,ISIC_0026483,nv,HAM_0003118
1,0.7039872407913208,1,ham10000,ISIC_0030737,bcc,HAM_0003119
0,0.5397027134895325,1,ham10000,ISIC_0028593,bkl,HAM_0003120
0,0.23954638838768005,1,ham10000,ISIC_0024347,nv,HAM_0003121
0,0.16965751349925995,1,ham10000,ISIC_0031069,nv,HAM_0003122
1,0.3327537178993225,1,ham10000,ISIC_0028232,akiec,HAM_0003123
0,0.20019219815731049,1,ham10000,ISIC_0031512,nv,HAM_0003124
0,0.29201069474220276,1,ham10000,ISIC_0025477,nv,HAM_0003125
0,0.34064987301826477,1,ham10000,ISIC_0029181,nv,HAM_0003126
0,0.4706501364707947,1,ham10000,ISIC_0024658,nv,HAM_0003127
0,0.029271408915519714,0,ham10000,ISIC_0030660,nv,HAM_0003128
0,0.4512222707271576,1,ham10000,ISIC_0029195,bkl,HAM_0003129
0,0.4469652473926544,1,ham10000,ISIC_0032708,nv,HAM_0003130
0,0.23251862823963165,1,ham10000,ISIC_0025833,nv,HAM_0003131
0,0.21625064313411713,1,ham10000,ISIC_0029259,nv,HAM_0003132
0,0.49554356932640076,1,ham10000,ISIC_0032794,nv,HAM_0003133
0,0.18861623108386993,1,ham10000,ISIC_0027001,nv,HAM_0003134
1,0.5976468920707703,1,ham10000,ISIC_0028107,bcc,HAM_0003135
1,0.5233704447746277,1,ham10000,ISIC_0026645,akiec,HAM_0003136
0,0.17893266677856445,1,ham10000,ISIC_0032770,nv,HAM_0003137
0,0.5455005168914795,1,ham10000,ISIC_0025706,nv,HAM_0003138
0,0.4968300759792328,1,ham10000,ISIC_0026063,nv,HAM_0003139
0,0.6531215310096741,1,ham10000,ISIC_0027037,bkl,HAM_0003140
1,0.6804627180099487,1,ham10000,ISIC_0031918,akiec,HAM_0003141
0,0.4557288885116577,1,ham10000,ISIC_0026956,nv,HAM_0003142
0,0.7439715266227722,1,ham10000,ISIC_0033555,nv,HAM_0003143
1,0.6013189554214478,1,ham10000,ISIC_0032135,akiec,HAM_0003144
0,0.22053518891334534,1,ham10000,ISIC_0026136,nv,HAM_0003145
1,0.7157175540924072,1,ham10000,ISIC_0026992,akiec,HAM_0003146
0,0.4895401895046234,1,ham10000,ISIC_0029168,nv,HAM_0003147
0,0.5396232604980469,1,ham10000,ISIC_0025353,nv,HAM_0003148
1,0.5431491732597351,1,ham10000,ISIC_0030246,mel,HAM_0003149
0,0.29540136456489563,1,ham10000,ISIC_0025213,nv,HAM_0003150
0,0.19579936563968658,1,ham10000,ISIC_0024556,nv,HAM_0003151
0,0.623191237449646,1,ham10000,ISIC_0027996,bkl,HAM_0003152
0,0.1239512637257576,0,ham10000,ISIC_0025565,nv,HAM_0003153
0,0.3963165879249573,1,ham10000,ISIC_0031075,nv,HAM_0003154
0,0.4685336649417877,1,ham10000,ISIC_0028247,nv,HAM_0003155
0,0.5238891243934631,1,ham10000,ISIC_0026494,nv,HAM_0003156
1,0.8745323419570923,1,ham10000,ISIC_0029811,akiec,HAM_0003157
0,0.23307085037231445,1,ham10000,ISIC_0025456,nv,HAM_0003158
0,0.18502818048000336,1,ham10000,ISIC_0026108,nv,HAM_0003159
0,0.14143109321594238,0,ham10000,ISIC_0029587,nv,HAM_0003160
1,0.47568991780281067,1,ham10000,ISIC_0030191,akiec,HAM_0003161
0,0.5014685988426208,1,ham10000,ISIC_0032997,bkl,HAM_0003162
0,0.219115749001503,1,ham10000,ISIC_0029327,nv,HAM_0003163
0,0.27998945116996765,1,ham10000,ISIC_0027897,nv,HAM_0003164
0,0.2315821647644043,1,ham10000,ISIC_0025856,bkl,HAM_0003165
0,0.0991954356431961,0,ham10000,ISIC_0030848,nv,HAM_0003166
1,0.5945744514465332,1,ham10000,ISIC_0024864,mel,HAM_0003167
0,0.4068927466869354,1,ham10000,ISIC_0026228,nv,HAM_0003168
0,0.2679995000362396,1,ham10000,ISIC_0028867,nv,HAM_0003169
0,0.23885008692741394,1,ham10000,ISIC_0029631,nv,HAM_0003170
1,0.44814273715019226,1,ham10000,ISIC_0025941,mel,HAM_0003171
1,0.43496882915496826,1,ham10000,ISIC_0025832,mel,HAM_0003172
0,0.2544149160385132,1,ham10000,ISIC_0032131,nv,HAM_0003173
1,0.6365383267402649,1,ham10000,ISIC_0032873,mel,HAM_0003174
0,0.4298504889011383,1,ham10000,ISIC_0028145,nv,HAM_0003175
1,0.6197160482406616,1,ham10000,ISIC_0028148,mel,HAM_0003176
1,0.4954119324684143,1,ham10000,ISIC_0031697,bcc,HAM_0003177
0,0.5138810873031616,1,ham10000,ISIC_0025713,nv,HAM_0003178
0,0.554587185382843,1,ham10000,ISIC_0029108,bkl,HAM_0003179
0,0.14382372796535492,0,ham10000,ISIC_0031058,nv,HAM_0003180
0,0.539955198764801,1,ham10000,ISIC_0033085,nv,HAM_0003181
1,0.6237518787384033,1,ham10000,ISIC_0027125,mel,HAM_0003182
0,0.6114441752433777,1,ham10000,ISIC_0027017,bkl,HAM_0003183
0,0.32450172305107117,1,ham10000,ISIC_0028844,nv,HAM_0003184
0,0.010849113576114178,0,ham10000,ISIC_0030430,nv,HAM_0003185
1,0.6432351469993591,1,ham10000,ISIC_0027297,bcc,HAM_0003186
0,0.5333438515663147,1,ham10000,ISIC_0025526,bkl,HAM_0003187
0,0.4066457450389862,1,ham10000,ISIC_0024730,nv,HAM_0003188
0,0.4350518584251404,1,ham10000,ISIC_0027324,nv,HAM_0003189
0,0.21412333846092224,1,ham10000,ISIC_0030571,nv,HAM_0003190
1,0.7483143210411072,1,ham10000,ISIC_0028050,bcc,HAM_0003191
0,0.4617312550544739,1,ham10000,ISIC_0030284,nv,HAM_0003192
0,0.5619868636131287,1,ham10000,ISIC_0032818,nv,HAM_0003193
1,0.349214106798172,1,ham10000,ISIC_0026954,mel,HAM_0003194
1,0.5972496867179871,1,ham10000,ISIC_0025319,akiec,HAM_0003195
0,0.20269836485385895,1,ham10000,ISIC_0025475,nv,HAM_0003196
0,0.431734561920166,1,ham10000,ISIC_0028668,nv,HAM_0003197
1,0.308411180973053,1,ham10000,ISIC_0027759,bcc,HAM_0003198
0,0.061150066554546356,0,ham10000,ISIC_0027309,nv,HAM_0003199
0,0.21181385219097137,1,ham10000,ISIC_0030805,nv,HAM_0003200
0,0.287198007106781,1,ham10000,ISIC_0030386,nv,HAM_0003201
1,0.717317521572113,1,ham10000,ISIC_0032718,mel,HAM_0003202
0,0.307771235704422,1,ham10000,ISIC_0029421,nv,HAM_0003203
0,0.13857030868530273,0,ham10000,ISIC_0028564,nv,HAM_0003204
0,0.6076715588569641,1,ham10000,ISIC_0031287,bkl,HAM_0003205
0,0.07472874969244003,0,ham10000,ISIC_0025199,bkl,HAM_0003206
0,0.39561033248901367,1,ham10000,ISIC_0024534,nv,HAM_0003207
0,0.7677096128463745,1,ham10000,ISIC_0033572,nv,HAM_0003208
0,0.18406744301319122,1,ham10000,ISIC_0031156,nv,HAM_0003209
0,0.3688327372074127,1,ham10000,ISIC_0030237,nv,HAM_0003210
0,0.2587420344352722,1,ham10000,ISIC_0029942,nv,HAM_0003211
1,0.8472808003425598,1,ham10000,ISIC_0024767,mel,HAM_0003212
0,0.14298301935195923,0,ham10000,ISIC_0031747,nv,HAM_0003213
0,0.12342240661382675,0,ham10000,ISIC_0028745,nv,HAM_0003214
0,0.5693278908729553,1,ham10000,ISIC_0027643,nv,HAM_0003215
1,0.7318884134292603,1,ham10000,ISIC_0034015,bcc,HAM_0003216
0,0.2328755408525467,1,ham10000,ISIC_0029888,nv,HAM_0003217
0,0.5367491245269775,1,ham10000,ISIC_0033305,bkl,HAM_0003218
0,0.5068029165267944,1,ham10000,ISIC_0024737,nv,HAM_0003219
1,0.7477784752845764,1,ham10000,ISIC_0034093,bcc,HAM_0003220
0,0.26635441184043884,1,ham10000,ISIC_0029104,nv,HAM_0003221
0,0.30579710006713867,1,ham10000,ISIC_0026382,nv,HAM_0003222
0,0.6806067228317261,1,ham10000,ISIC_0024922,nv,HAM_0003223
1,0.4991271197795868,1,ham10000,ISIC_0029740,mel,HAM_0003225
0,0.16982777416706085,1,ham10000,ISIC_0029225,nv,HAM_0003226
0,0.27646347880363464,1,ham10000,ISIC_0029594,nv,HAM_0003227
0,0.28923967480659485,1,ham10000,ISIC_0027369,nv,HAM_0003228
1,0.13446521759033203,0,ham10000,ISIC_0031140,bcc,HAM_0003229
0,0.6770797371864319,1,ham10000,ISIC_0027640,nv,HAM_0003230
0,0.26837143301963806,1,ham10000,ISIC_0025028,nv,HAM_0003231
0,0.44795146584510803,1,ham10000,ISIC_0032448,nv,HAM_0003232
0,0.40036094188690186,1,ham10000,ISIC_0031571,nv,HAM_0003233
0,0.5048335790634155,1,ham10000,ISIC_0032467,nv,HAM_0003234
0,0.5844696164131165,1,ham10000,ISIC_0025001,nv,HAM_0003235
0,0.4135986864566803,1,ham10000,ISIC_0033025,nv,HAM_0003236
0,0.2533990442752838,1,ham10000,ISIC_0028595,nv,HAM_0003237
0,0.15818892419338226,0,ham10000,ISIC_0031157,nv,HAM_0003238
0,0.11105549335479736,0,ham10000,ISIC_0024533,nv,HAM_0003239
0,0.23647147417068481,1,ham10000,ISIC_0026387,nv,HAM_0003240
0,0.5097274780273438,1,ham10000,ISIC_0024908,nv,HAM_0003241
0,0.19141890108585358,1,ham10000,ISIC_0031242,nv,HAM_0003242
0,0.5122777819633484,1,ham10000,ISIC_0026279,nv,HAM_0003243
0,0.5492435097694397,1,ham10000,ISIC_0027368,nv,HAM_0003244
0,0.37424299120903015,1,ham10000,ISIC_0025211,nv,HAM_0003245
0,0.4975709319114685,1,ham10000,ISIC_0029018,nv,HAM_0003246
0,0.4007277190685272,1,ham10000,ISIC_0026707,nv,HAM_0003247
0,0.23562881350517273,1,ham10000,ISIC_0025447,nv,HAM_0003248
0,0.2403828650712967,1,ham10000,ISIC_0025114,nv,HAM_0003249
0,0.2871580123901367,1,ham10000,ISIC_0031997,nv,HAM_0003250
0,0.28609463572502136,1,ham10000,ISIC_0025868,nv,HAM_0003251
0,0.34299859404563904,1,ham10000,ISIC_0029977,nv,HAM_0003252
0,0.5171782374382019,1,ham10000,ISIC_0028998,nv,HAM_0003253
0,0.41613897681236267,1,ham10000,ISIC_0032478,nv,HAM_0003254
0,0.5488728880882263,1,ham10000,ISIC_0026172,nv,HAM_0003255
1,0.5504722595214844,1,ham10000,ISIC_0028218,mel,HAM_0003256
0,0.25491949915885925,1,ham10000,ISIC_0024559,nv,HAM_0003257
0,0.1611563265323639,1,ham10000,ISIC_0026187,nv,HAM_0003258
0,0.30584877729415894,1,ham10000,ISIC_0032895,nv,HAM_0003259
0,0.2965932786464691,1,ham10000,ISIC_0029345,bkl,HAM_0003260
0,0.2036595195531845,1,ham10000,ISIC_0026031,nv,HAM_0003261
1,0.4815311133861542,1,ham10000,ISIC_0026212,akiec,HAM_0003262
0,0.4623429477214813,1,ham10000,ISIC_0028226,nv,HAM_0003263
0,0.3718813955783844,1,ham10000,ISIC_0027723,nv,HAM_0003264
0,0.41531941294670105,1,ham10000,ISIC_0025180,bkl,HAM_0003265
0,0.11467023193836212,0,ham10000,ISIC_0029468,nv,HAM_0003266
0,0.07038090378046036,0,ham10000,ISIC_0024991,nv,HAM_0003267
0,0.39833152294158936,1,ham10000,ISIC_0025572,nv,HAM_0003268
0,0.29623720049858093,1,ham10000,ISIC_0028904,nv,HAM_0003269
0,0.05253572762012482,0,ham10000,ISIC_0025764,nv,HAM_0003270
0,0.42214539647102356,1,ham10000,ISIC_0031850,nv,HAM_0003271
0,0.02169792540371418,0,ham10000,ISIC_0027979,nv,HAM_0003272
0,0.555486798286438,1,ham10000,ISIC_0024536,nv,HAM_0003273
0,0.22679387032985687,1,ham10000,ISIC_0031348,nv,HAM_0003274
0,0.41966432332992554,1,ham10000,ISIC_0032116,bkl,HAM_0003275
0,0.6580132246017456,1,ham10000,ISIC_0024975,nv,HAM_0003276
0,0.1397419273853302,0,ham10000,ISIC_0026730,nv,HAM_0003277
0,0.5071418881416321,1,ham10000,ISIC_0026537,nv,HAM_0003278
0,0.3722698390483856,1,ham10000,ISIC_0030329,bkl,HAM_0003279
1,0.5433281064033508,1,ham10000,ISIC_0032841,mel,HAM_0003280
0,0.4806351661682129,1,ham10000,ISIC_0031903,bkl,HAM_0003281
0,0.253345251083374,1,ham10000,ISIC_0032474,nv,HAM_0003282
0,0.3915519118309021,1,ham10000,ISIC_0031469,nv,HAM_0003283
0,0.48456236720085144,1,ham10000,ISIC_0030894,nv,HAM_0003284
0,0.18046894669532776,1,ham10000,ISIC_0029907,nv,HAM_0003285
0,0.37165987491607666,1,ham10000,ISIC_0026846,bkl,HAM_0003287
0,0.29979634284973145,1,ham10000,ISIC_0032587,nv,HAM_0003288
0,0.1413276344537735,0,ham10000,ISIC_0031357,nv,HAM_0003289
0,0.76576167345047,1,ham10000,ISIC_0030757,df,HAM_0003290
0,0.20018544793128967,1,ham10000,ISIC_0029428,nv,HAM_0003291
0,0.11097098886966705,0,ham10000,ISIC_0029173,nv,HAM_0003292
0,0.48455822467803955,1,ham10000,ISIC_0029010,bkl,HAM_0003293
0,0.31945857405662537,1,ham10000,ISIC_0028817,nv,HAM_0003294
0,0.3412586748600006,1,ham10000,ISIC_0026110,nv,HAM_0003295
0,0.46510905027389526,1,ham10000,ISIC_0024944,nv,HAM_0003296
0,0.27799347043037415,1,ham10000,ISIC_0024373,nv,HAM_0003297
0,0.299628883600235,1,ham10000,ISIC_0031535,nv,HAM_0003298
0,0.2524057924747467,1,ham10000,ISIC_0025547,nv,HAM_0003299
0,0.28920939564704895,1,ham10000,ISIC_0034195,nv,HAM_0003300
0,0.5225313305854797,1,ham10000,ISIC_0025033,bkl,HAM_0003301
0,0.5568444728851318,1,ham10000,ISIC_0032434,nv,HAM_0003302
0,0.42849674820899963,1,ham10000,ISIC_0024597,nv,HAM_0003303
0,0.3048439621925354,1,ham10000,ISIC_0029367,nv,HAM_0003304
0,0.23849937319755554,1,ham10000,ISIC_0025172,nv,HAM_0003305
0,0.22541867196559906,1,ham10000,ISIC_0025259,nv,HAM_0003306
0,0.01640540361404419,0,ham10000,ISIC_0031147,nv,HAM_0003307
0,0.42967069149017334,1,ham10000,ISIC_0024615,nv,HAM_0003308
0,0.20440420508384705,1,ham10000,ISIC_0028403,nv,HAM_0003309
0,0.47973984479904175,1,ham10000,ISIC_0032952,nv,HAM_0003310
0,0.38238221406936646,1,ham10000,ISIC_0026452,nv,HAM_0003311
0,0.249863401055336,1,ham10000,ISIC_0030516,nv,HAM_0003312
0,0.3904951810836792,1,ham10000,ISIC_0032107,nv,HAM_0003313
0,0.42610374093055725,1,ham10000,ISIC_0026470,nv,HAM_0003314
1,0.6927120089530945,1,ham10000,ISIC_0024481,mel,HAM_0003315
0,0.1340329647064209,0,ham10000,ISIC_0031472,nv,HAM_0003316
0,0.5553309321403503,1,ham10000,ISIC_0024435,bkl,HAM_0003317
0,0.5828321576118469,1,ham10000,ISIC_0031979,nv,HAM_0003318
0,0.23654399812221527,1,ham10000,ISIC_0026033,nv,HAM_0003319
0,0.454923152923584,1,ham10000,ISIC_0030367,nv,HAM_0003320
0,0.5764446258544922,1,ham10000,ISIC_0032929,bkl,HAM_0003321
0,0.5096101760864258,1,ham10000,ISIC_0028596,nv,HAM_0003322
0,0.38199567794799805,1,ham10000,ISIC_0031297,nv,HAM_0003323
0,0.3924912214279175,1,ham10000,ISIC_0024650,nv,HAM_0003324
0,0.6294694542884827,1,ham10000,ISIC_0034190,nv,HAM_0003325
0,0.5852407217025757,1,ham10000,ISIC_0025548,bkl,HAM_0003326
0,0.5952327251434326,1,ham10000,ISIC_0027312,nv,HAM_0003327
1,0.6177061200141907,1,ham10000,ISIC_0026453,bcc,HAM_0003328
0,0.22416158020496368,1,ham10000,ISIC_0031581,nv,HAM_0003329
1,0.6365085244178772,1,ham10000,ISIC_0028696,mel,HAM_0003330
0,0.4252045154571533,1,ham10000,ISIC_0027035,nv,HAM_0003331
0,0.19649584591388702,1,ham10000,ISIC_0028416,nv,HAM_0003332
0,0.16137365996837616,1,ham10000,ISIC_0028379,nv,HAM_0003333
0,0.4405149519443512,1,ham10000,ISIC_0030886,nv,HAM_0003334
1,0.692284345626831,1,ham10000,ISIC_0032509,mel,HAM_0003335
0,0.04483475163578987,0,ham10000,ISIC_0030298,nv,HAM_0003336
0,0.3250153660774231,1,ham10000,ISIC_0024677,nv,HAM_0003337
0,0.13503587245941162,0,ham10000,ISIC_0029722,nv,HAM_0003338
0,0.03983844444155693,0,ham10000,ISIC_0030715,nv,HAM_0003339
0,0.5738045573234558,1,ham10000,ISIC_0028507,nv,HAM_0003340
0,0.3580196499824524,1,ham10000,ISIC_0027212,nv,HAM_0003341
0,0.22823655605316162,1,ham10000,ISIC_0027726,nv,HAM_0003342
0,0.8037505745887756,1,ham10000,ISIC_0027861,nv,HAM_0003343
0,0.14849014580249786,0,ham10000,ISIC_0026399,nv,HAM_0003344
0,0.5671809315681458,1,ham10000,ISIC_0024718,nv,HAM_0003345
0,0.4877007007598877,1,ham10000,ISIC_0032714,nv,HAM_0003346
0,0.12717275321483612,0,ham10000,ISIC_0032416,nv,HAM_0003347
0,0.7837239503860474,1,ham10000,ISIC_0031799,df,HAM_0003348
0,0.14040496945381165,0,ham10000,ISIC_0028917,nv,HAM_0003349
1,0.7614437341690063,1,ham10000,ISIC_0024310,mel,HAM_0003350
1,0.6258069276809692,1,ham10000,ISIC_0033878,mel,HAM_0003351
0,0.5975367426872253,1,ham10000,ISIC_0032599,nv,HAM_0003352
0,0.31230854988098145,1,ham10000,ISIC_0025162,nv,HAM_0003353
1,0.7254169583320618,1,ham10000,ISIC_0032892,mel,HAM_0003354
0,0.40825220942497253,1,ham10000,ISIC_0029138,nv,HAM_0003355
0,0.40988391637802124,1,ham10000,ISIC_0032572,nv,HAM_0003356
0,0.33418524265289307,1,ham10000,ISIC_0032912,nv,HAM_0003357
0,0.2644951343536377,1,ham10000,ISIC_0032939,nv,HAM_0003358
0,0.4452626705169678,1,ham10000,ISIC_0032979,nv,HAM_0003359
0,0.5034728646278381,1,ham10000,ISIC_0033140,nv,HAM_0003360
0,0.4225413203239441,1,ham10000,ISIC_0033234,nv,HAM_0003361
0,0.4909639358520508,1,ham10000,ISIC_0033313,nv,HAM_0003362
0,0.38844889402389526,1,ham10000,ISIC_0033381,nv,HAM_0003363
0,0.6208791732788086,1,ham10000,ISIC_0033474,nv,HAM_0003364
0,0.28895318508148193,1,ham10000,ISIC_0033682,nv,HAM_0003365
0,0.44828861951828003,1,ham10000,ISIC_0033765,nv,HAM_0003366
0,0.3820398449897766,1,ham10000,ISIC_0033903,nv,HAM_0003367
0,0.5510126948356628,1,ham10000,ISIC_0034270,nv,HAM_0003368
0,0.5248552560806274,1,ham10000,ISIC_0032181,nv,HAM_0003369
0,0.4076022207736969,1,ham10000,ISIC_0032237,nv,HAM_0003370
0,0.41377153992652893,1,ham10000,ISIC_0030957,nv,HAM_0003371
0,0.3419637084007263,1,ham10000,ISIC_0028883,nv,HAM_0003372
1,0.6690816283226013,1,ham10000,ISIC_0024515,bcc,HAM_0003373
0,0.14586344361305237,0,ham10000,ISIC_0030265,nv,HAM_0003374
0,0.3086591958999634,1,ham10000,ISIC_0031422,nv,HAM_0003375
1,0.6448031067848206,1,ham10000,ISIC_0025394,mel,HAM_0003376
0,0.4155932366847992,1,ham10000,ISIC_0032085,nv,HAM_0003377
0,0.32883378863334656,1,ham10000,ISIC_0027674,nv,HAM_0003378
0,0.19238795340061188,1,ham10000,ISIC_0030619,nv,HAM_0003379
1,0.4147064685821533,1,ham10000,ISIC_0024418,akiec,HAM_0003380
0,0.35040098428726196,1,ham10000,ISIC_0028862,nv,HAM_0003382
0,0.42999890446662903,1,ham10000,ISIC_0026594,nv,HAM_0003383
0,0.42256537079811096,1,ham10000,ISIC_0028438,nv,HAM_0003384
0,0.3345138430595398,1,ham10000,ISIC_0025839,nv,HAM_0003385
1,0.6523153781890869,1,ham10000,ISIC_0032662,mel,HAM_0003386
0,0.48039183020591736,1,ham10000,ISIC_0028524,nv,HAM_0003387
0,0.08241397887468338,0,ham10000,ISIC_0027176,nv,HAM_0003388
1,0.689507782459259,1,ham10000,ISIC_0031122,bcc,HAM_0003389
0,0.2552434504032135,1,ham10000,ISIC_0024859,nv,HAM_0003390
0,0.23649625480175018,1,ham10000,ISIC_0030025,nv,HAM_0003391
0,0.5677170753479004,1,ham10000,ISIC_0030240,bkl,HAM_0003392
0,0.3999772369861603,1,ham10000,ISIC_0032113,bkl,HAM_0003393
0,0.697284996509552,1,ham10000,ISIC_0029405,nv,HAM_0003394
0,0.4563553035259247,1,ham10000,ISIC_0030392,nv,HAM_0003395
0,0.3125915229320526,1,ham10000,ISIC_0031068,nv,HAM_0003396
0,0.26785364747047424,1,ham10000,ISIC_0027740,nv,HAM_0003397
0,0.6693812608718872,1,ham10000,ISIC_0031888,bkl,HAM_0003398
0,0.2503621280193329,1,ham10000,ISIC_0028398,nv,HAM_0003399
1,0.6085079908370972,1,ham10000,ISIC_0026167,mel,HAM_0003400
1,0.6457653641700745,1,ham10000,ISIC_0029002,akiec,HAM_0003401
0,0.549410343170166,1,ham10000,ISIC_0031409,nv,HAM_0003403
0,0.22017186880111694,1,ham10000,ISIC_0029797,nv,HAM_0003404
0,0.2479868084192276,1,ham10000,ISIC_0024580,nv,HAM_0003405
0,0.26540833711624146,1,ham10000,ISIC_0030896,nv,HAM_0003406
0,0.33431440591812134,1,ham10000,ISIC_0026971,nv,HAM_0003407
0,0.5133596658706665,1,ham10000,ISIC_0031942,nv,HAM_0003408
0,0.425447940826416,1,ham10000,ISIC_0025913,nv,HAM_0003409
0,0.7526801824569702,1,ham10000,ISIC_0024635,bkl,HAM_0003410
0,0.07936833053827286,0,ham10000,ISIC_0024346,nv,HAM_0003411
0,0.18386590480804443,1,ham10000,ISIC_0026241,nv,HAM_0003412
0,0.2936517000198364,1,ham10000,ISIC_0030969,nv,HAM_0003413
0,0.3929625153541565,1,ham10000,ISIC_0027944,nv,HAM_0003414
0,0.40113139152526855,1,ham10000,ISIC_0027789,nv,HAM_0003415
0,0.10592181980609894,0,ham10000,ISIC_0030379,nv,HAM_0003416
0,0.3724730610847473,1,ham10000,ISIC_0027891,nv,HAM_0003417
0,0.4220289885997772,1,ham10000,ISIC_0033182,nv,HAM_0003418
0,0.7638029456138611,1,ham10000,ISIC_0026097,nv,HAM_0003419
0,0.2954770624637604,1,ham10000,ISIC_0024748,bkl,HAM_0003420
1,0.53565913438797,1,ham10000,ISIC_0033470,mel,HAM_0003421
1,0.6955462694168091,1,ham10000,ISIC_0031198,akiec,HAM_0003422
0,0.1925513595342636,1,ham10000,ISIC_0028344,nv,HAM_0003423
0,0.42155003547668457,1,ham10000,ISIC_0033451,nv,HAM_0003424
0,0.7134679555892944,1,ham10000,ISIC_0031434,nv,HAM_0003425
0,0.4084712266921997,1,ham10000,ISIC_0026959,bkl,HAM_0003426
1,0.6254251599311829,1,ham10000,ISIC_0032959,bcc,HAM_0003427
1,0.4704657793045044,1,ham10000,ISIC_0024652,mel,HAM_0003428
1,0.7981418967247009,1,ham10000,ISIC_0024673,bcc,HAM_0003429
0,0.5113702416419983,1,ham10000,ISIC_0025271,nv,HAM_0003430
0,0.09144888073205948,0,ham10000,ISIC_0031847,nv,HAM_0003431
0,0.402578741312027,1,ham10000,ISIC_0027962,nv,HAM_0003432
0,0.06286023557186127,0,ham10000,ISIC_0029483,nv,HAM_0003433
0,0.31400007009506226,1,ham10000,ISIC_0028608,nv,HAM_0003434
1,0.6152439117431641,1,ham10000,ISIC_0031350,mel,HAM_0003435
0,0.2297205775976181,1,ham10000,ISIC_0027940,nv,HAM_0003436
0,0.5707759261131287,1,ham10000,ISIC_0031151,nv,HAM_0003438
1,0.6357436180114746,1,ham10000,ISIC_0033050,mel,HAM_0003439
0,0.029450610280036926,0,ham10000,ISIC_0026943,nv,HAM_0003440
0,0.47980016469955444,1,ham10000,ISIC_0032673,nv,HAM_0003441
0,0.19925986230373383,1,ham10000,ISIC_0027929,nv,HAM_0003442
0,0.2153756320476532,1,ham10000,ISIC_0032485,nv,HAM_0003443
1,0.37583133578300476,1,ham10000,ISIC_0027120,bcc,HAM_0003444
1,0.7201534509658813,1,ham10000,ISIC_0026229,mel,HAM_0003445
0,0.08973869681358337,0,ham10000,ISIC_0027201,nv,HAM_0003446
0,0.717710554599762,1,ham10000,ISIC_0032703,nv,HAM_0003447
1,0.8345043659210205,1,ham10000,ISIC_0026158,mel,HAM_0003448
1,0.7099751830101013,1,ham10000,ISIC_0027263,mel,HAM_0003449
0,0.3251599073410034,1,ham10000,ISIC_0027746,nv,HAM_0003450
0,0.5153484344482422,1,ham10000,ISIC_0027098,nv,HAM_0003451
0,0.5186349153518677,1,ham10000,ISIC_0028920,bkl,HAM_0003452
0,0.24767547845840454,1,ham10000,ISIC_0031508,nv,HAM_0003453
0,0.12783682346343994,0,ham10000,ISIC_0031764,nv,HAM_0003454
1,0.09888967871665955,0,ham10000,ISIC_0027896,akiec,HAM_0003455
0,0.4933377206325531,1,ham10000,ISIC_0025077,nv,HAM_0003456
0,0.29863959550857544,1,ham10000,ISIC_0024887,nv,HAM_0003457
0,0.6376448273658752,1,ham10000,ISIC_0024623,bkl,HAM_0003458
0,0.3133898973464966,1,ham10000,ISIC_0025697,nv,HAM_0003459
0,0.6397890448570251,1,ham10000,ISIC_0032577,nv,HAM_0003460
0,0.05522102862596512,0,ham10000,ISIC_0027833,nv,HAM_0003461
0,0.6588586568832397,1,ham10000,ISIC_0025239,nv,HAM_0003462
0,0.4695046544075012,1,ham10000,ISIC_0031388,nv,HAM_0003463
0,0.17525483667850494,1,ham10000,ISIC_0031715,nv,HAM_0003464
0,0.4384090006351471,1,ham10000,ISIC_0024368,nv,HAM_0003465
1,0.7626997232437134,1,ham10000,ISIC_0033038,mel,HAM_0003466
0,0.0436219796538353,0,ham10000,ISIC_0031089,nv,HAM_0003467
0,0.4860563278198242,1,ham10000,ISIC_0025641,nv,HAM_0003468
0,0.2466697245836258,1,ham10000,ISIC_0031636,nv,HAM_0003469
0,0.14026404917240143,0,ham10000,ISIC_0025979,nv,HAM_0003470
0,0.33974871039390564,1,ham10000,ISIC_0025284,nv,HAM_0003471
0,0.4592615067958832,1,ham10000,ISIC_0024417,nv,HAM_0003473
0,0.2834644317626953,1,ham10000,ISIC_0025212,nv,HAM_0003474
0,0.4308391809463501,1,ham10000,ISIC_0029825,nv,HAM_0003475
0,0.7256675958633423,1,ham10000,ISIC_0028972,bkl,HAM_0003476
0,0.06353508681058884,0,ham10000,ISIC_0029207,nv,HAM_0003477
0,0.22329752147197723,1,ham10000,ISIC_0027493,nv,HAM_0003478
0,0.2713124454021454,1,ham10000,ISIC_0030857,nv,HAM_0003479
0,0.34161701798439026,1,ham10000,ISIC_0031996,vasc,HAM_0003480
0,0.2929758131504059,1,ham10000,ISIC_0029050,nv,HAM_0003481
0,0.3097250163555145,1,ham10000,ISIC_0025150,nv,HAM_0003482
0,0.30643054842948914,1,ham10000,ISIC_0025501,nv,HAM_0003483
1,0.4256627857685089,1,ham10000,ISIC_0028003,mel,HAM_0003484
0,0.3692220151424408,1,ham10000,ISIC_0031968,nv,HAM_0003485
0,0.4019332826137543,1,ham10000,ISIC_0029494,nv,HAM_0003486
0,0.6828640699386597,1,ham10000,ISIC_0024845,df,HAM_0003487
0,0.36088111996650696,1,ham10000,ISIC_0028630,nv,HAM_0003488
0,0.22513292729854584,1,ham10000,ISIC_0032275,nv,HAM_0003489
0,0.4163704812526703,1,ham10000,ISIC_0031162,nv,HAM_0003490
0,0.5773178339004517,1,ham10000,ISIC_0026123,nv,HAM_0003491
0,0.34606730937957764,1,ham10000,ISIC_0029228,nv,HAM_0003492
0,0.3766476809978485,1,ham10000,ISIC_0028322,nv,HAM_0003493
0,0.3509211838245392,1,ham10000,ISIC_0031347,nv,HAM_0003494
1,0.5597853064537048,1,ham10000,ISIC_0032869,mel,HAM_0003495
0,0.41962847113609314,1,ham10000,ISIC_0027308,nv,HAM_0003496
1,0.7029502391815186,1,ham10000,ISIC_0030970,mel,HAM_0003497
0,0.34804290533065796,1,ham10000,ISIC_0024609,nv,HAM_0003498
0,0.07379075139760971,0,ham10000,ISIC_0031516,nv,HAM_0003499
0,0.16390298306941986,1,ham10000,ISIC_0025917,nv,HAM_0003500
1,0.5441244840621948,1,ham10000,ISIC_0026927,akiec,HAM_0003501
0,0.4954703748226166,1,ham10000,ISIC_0027290,nv,HAM_0003502
0,0.14395974576473236,0,ham10000,ISIC_0027555,nv,HAM_0003503
1,0.47893789410591125,1,ham10000,ISIC_0026823,mel,HAM_0003504
0,0.2750931978225708,1,ham10000,ISIC_0033032,nv,HAM_0003505
1,0.48702192306518555,1,ham10000,ISIC_0033336,mel,HAM_0003506
0,0.5570122003555298,1,ham10000,ISIC_0032710,nv,HAM_0003507
0,0.4152943193912506,1,ham10000,ISIC_0030319,bkl,HAM_0003508
1,0.46667447686195374,1,ham10000,ISIC_0027832,mel,HAM_0003509
0,0.4854956269264221,1,ham10000,ISIC_0031507,nv,HAM_0003510
0,0.13551777601242065,0,ham10000,ISIC_0024321,nv,HAM_0003511
0,0.6122320890426636,1,ham10000,ISIC_0032609,nv,HAM_0003512
0,0.20432601869106293,1,ham10000,ISIC_0030743,nv,HAM_0003513
0,0.5331323742866516,1,ham10000,ISIC_0030369,bkl,HAM_0003514
0,0.06829363107681274,0,ham10000,ISIC_0025862,nv,HAM_0003515
0,0.41136687994003296,1,ham10000,ISIC_0029540,nv,HAM_0003516
0,0.3984917998313904,1,ham10000,ISIC_0029798,nv,HAM_0003517
0,0.21852512657642365,1,ham10000,ISIC_0025498,nv,HAM_0003518
0,0.14777007699012756,0,ham10000,ISIC_0026627,nv,HAM_0003519
1,0.07930267602205276,0,ham10000,ISIC_0025724,mel,HAM_0003520
1,0.49149537086486816,1,ham10000,ISIC_0032220,mel,HAM_0003521
1,0.3461427688598633,1,ham10000,ISIC_0029013,mel,HAM_0003522
0,0.26536375284194946,1,ham10000,ISIC_0026179,nv,HAM_0003523
0,0.23794682323932648,1,ham10000,ISIC_0028779,nv,HAM_0003524
0,0.574637234210968,1,ham10000,ISIC_0024653,nv,HAM_0003525
0,0.042060840874910355,0,ham10000,ISIC_0027070,nv,HAM_0003526
0,0.15754614770412445,0,ham10000,ISIC_0029874,nv,HAM_0003527
0,0.19724878668785095,1,ham10000,ISIC_0028575,nv,HAM_0003528
0,0.28602033853530884,1,ham10000,ISIC_0029871,nv,HAM_0003529
1,0.5602084398269653,1,ham10000,ISIC_0030929,mel,HAM_0003530
1,0.5630013346672058,1,ham10000,ISIC_0031999,mel,HAM_0003531
0,0.4742708206176758,1,ham10000,ISIC_0026517,nv,HAM_0003532
0,0.2114802747964859,1,ham10000,ISIC_0030178,nv,HAM_0003533
1,0.5189043283462524,1,ham10000,ISIC_0028493,mel,HAM_0003534
0,0.39347556233406067,1,ham10000,ISIC_0033259,nv,HAM_0003535
0,0.1879449486732483,1,ham10000,ISIC_0028819,nv,HAM_0003536
0,0.1943402737379074,1,ham10000,ISIC_0029734,nv,HAM_0003537
0,0.27641886472702026,1,ham10000,ISIC_0031246,nv,HAM_0003538
0,0.4311963617801666,1,ham10000,ISIC_0025897,nv,HAM_0003539
0,0.48398494720458984,1,ham10000,ISIC_0029808,nv,HAM_0003540
0,0.5545166730880737,1,ham10000,ISIC_0028426,nv,HAM_0003541
0,0.427353173494339,1,ham10000,ISIC_0033506,nv,HAM_0003542
0,0.2240104228258133,1,ham10000,ISIC_0030040,nv,HAM_0003543
0,0.26554545760154724,1,ham10000,ISIC_0029718,nv,HAM_0003545
0,0.6048182845115662,1,ham10000,ISIC_0030006,nv,HAM_0003546
0,0.3132910430431366,1,ham10000,ISIC_0027921,nv,HAM_0003547
0,0.5965656638145447,1,ham10000,ISIC_0028480,nv,HAM_0003548
0,0.27936798334121704,1,ham10000,ISIC_0028741,nv,HAM_0003549
0,0.29302725195884705,1,ham10000,ISIC_0026334,nv,HAM_0003550
0,0.498318612575531,1,ham10000,ISIC_0031800,nv,HAM_0003551
0,0.08166982978582382,0,ham10000,ISIC_0029084,nv,HAM_0003552
0,0.4023587107658386,1,ham10000,ISIC_0026469,nv,HAM_0003553
0,0.07408688962459564,0,ham10000,ISIC_0027494,nv,HAM_0003554
0,0.5615527033805847,1,ham10000,ISIC_0030321,df,HAM_0003555
1,0.4944281280040741,1,ham10000,ISIC_0033175,mel,HAM_0003556
0,0.46040263772010803,1,ham10000,ISIC_0026973,nv,HAM_0003557
1,0.556642472743988,1,ham10000,ISIC_0025303,mel,HAM_0003558
0,0.5320255160331726,1,ham10000,ISIC_0025810,bkl,HAM_0003559
0,0.2536119520664215,1,ham10000,ISIC_0028136,nv,HAM_0003560
0,0.5273769497871399,1,ham10000,ISIC_0034154,nv,HAM_0003561
0,0.5390217304229736,1,ham10000,ISIC_0030544,nv,HAM_0003562
0,0.1904774159193039,1,ham10000,ISIC_0030075,nv,HAM_0003563
0,0.36209335923194885,1,ham10000,ISIC_0029294,nv,HAM_0003564
0,0.11835931986570358,0,ham10000,ISIC_0027289,nv,HAM_0003565
1,0.3491450846195221,1,ham10000,ISIC_0032684,mel,HAM_0003566
0,0.43163833022117615,1,ham10000,ISIC_0028895,nv,HAM_0003567
0,0.16521233320236206,1,ham10000,ISIC_0030675,nv,HAM_0003568
0,0.5490896701812744,1,ham10000,ISIC_0026955,bkl,HAM_0003569
0,0.3630673289299011,1,ham10000,ISIC_0024847,nv,HAM_0003570
0,0.36157846450805664,1,ham10000,ISIC_0026602,nv,HAM_0003571
0,0.24232600629329681,1,ham10000,ISIC_0029817,nv,HAM_0003572
0,0.31234073638916016,1,ham10000,ISIC_0026447,nv,HAM_0003573
0,0.5684563517570496,1,ham10000,ISIC_0024877,bkl,HAM_0003574
0,0.3044631779193878,1,ham10000,ISIC_0031548,nv,HAM_0003575
0,0.5764188766479492,1,ham10000,ISIC_0027106,nv,HAM_0003576
0,0.41995352506637573,1,ham10000,ISIC_0024307,nv,HAM_0003577
0,0.6785385608673096,1,ham10000,ISIC_0027242,nv,HAM_0003578
0,0.5110610127449036,1,ham10000,ISIC_0028042,nv,HAM_0003579
0,0.3125492036342621,1,ham10000,ISIC_0026030,nv,HAM_0003580
0,0.49834465980529785,1,ham10000,ISIC_0030051,nv,HAM_0003581
0,0.5762592554092407,1,ham10000,ISIC_0027332,bkl,HAM_0003582
0,0.4209495186805725,1,ham10000,ISIC_0026006,nv,HAM_0003583
0,0.2595369517803192,1,ham10000,ISIC_0029875,nv,HAM_0003584
0,0.5377974510192871,1,ham10000,ISIC_0029583,nv,HAM_0003585
1,0.4077721834182739,1,ham10000,ISIC_0027678,akiec,HAM_0003586
1,0.5433070063591003,1,ham10000,ISIC_0026870,mel,HAM_0003587
0,0.18117333948612213,1,ham10000,ISIC_0025232,nv,HAM_0003588
0,0.08883248269557953,0,ham10000,ISIC_0025403,nv,HAM_0003589
0,0.2956310212612152,1,ham10000,ISIC_0024916,nv,HAM_0003590
0,0.3953897953033447,1,ham10000,ISIC_0025788,nv,HAM_0003591
0,0.18202829360961914,1,ham10000,ISIC_0031416,nv,HAM_0003592
1,0.6929101347923279,1,ham10000,ISIC_0027478,bcc,HAM_0003593
0,0.08382759243249893,0,ham10000,ISIC_0027009,nv,HAM_0003594
0,0.06401887536048889,0,ham10000,ISIC_0027621,nv,HAM_0003595
1,0.7427787780761719,1,ham10000,ISIC_0032194,bcc,HAM_0003596
0,0.8161099553108215,1,ham10000,ISIC_0027488,df,HAM_0003597
0,0.05938772112131119,0,ham10000,ISIC_0028725,nv,HAM_0003598
0,0.44696685671806335,1,ham10000,ISIC_0029607,nv,HAM_0003599
1,0.5230367183685303,1,ham10000,ISIC_0031836,bcc,HAM_0003600
1,0.4158981740474701,1,ham10000,ISIC_0027507,mel,HAM_0003601
1,0.46477383375167847,1,ham10000,ISIC_0032533,mel,HAM_0003602
0,0.44564691185951233,1,ham10000,ISIC_0026795,nv,HAM_0003603
0,0.3968680202960968,1,ham10000,ISIC_0028125,nv,HAM_0003604
0,0.524697482585907,1,ham10000,ISIC_0026895,bkl,HAM_0003605
0,0.4076840579509735,1,ham10000,ISIC_0032661,nv,HAM_0003606
0,0.38341066241264343,1,ham10000,ISIC_0030648,nv,HAM_0003607
1,0.49786457419395447,1,ham10000,ISIC_0028228,mel,HAM_0003608
0,0.28332826495170593,1,ham10000,ISIC_0025729,nv,HAM_0003609
1,0.6396086812019348,1,ham10000,ISIC_0028937,bcc,HAM_0003610
0,0.14754682779312134,0,ham10000,ISIC_0031699,nv,HAM_0003611
0,0.27365586161613464,1,ham10000,ISIC_0024456,nv,HAM_0003612
0,0.7072997689247131,1,ham10000,ISIC_0030118,bkl,HAM_0003613
0,0.7784150242805481,1,ham10000,ISIC_0032560,nv,HAM_0003614
0,0.5893106460571289,1,ham10000,ISIC_0029222,nv,HAM_0003615
0,0.06404247879981995,0,ham10000,ISIC_0025291,nv,HAM_0003616
1,0.5646938681602478,1,ham10000,ISIC_0029502,mel,HAM_0003617
0,0.08275415003299713,0,ham10000,ISIC_0028234,nv,HAM_0003618
0,0.7315705418586731,1,ham10000,ISIC_0025553,nv,HAM_0003619
1,0.6818267107009888,1,ham10000,ISIC_0032511,mel,HAM_0003620
0,0.4758640229701996,1,ham10000,ISIC_0030048,nv,HAM_0003621
1,0.6165602207183838,1,ham10000,ISIC_0027776,mel,HAM_0003622
0,0.7711508274078369,1,ham10000,ISIC_0032788,nv,HAM_0003623
0,0.22206123173236847,1,ham10000,ISIC_0025608,nv,HAM_0003624
1,0.6060380935668945,1,ham10000,ISIC_0032875,mel,HAM_0003625
0,0.10430095344781876,0,ham10000,ISIC_0030288,nv,HAM_0003626
0,0.45393577218055725,1,ham10000,ISIC_0024855,nv,HAM_0003627
0,0.16933725774288177,1,ham10000,ISIC_0031324,nv,HAM_0003628
0,0.09166030585765839,0,ham10000,ISIC_0024978,nv,HAM_0003629
0,0.3196692168712616,1,ham10000,ISIC_0030538,nv,HAM_0003630
0,0.48515480756759644,1,ham10000,ISIC_0024779,nv,HAM_0003631
0,0.18793286383152008,1,ham10000,ISIC_0029274,nv,HAM_0003632
1,0.6643712520599365,1,ham10000,ISIC_0030280,akiec,HAM_0003633
0,0.47834891080856323,1,ham10000,ISIC_0033194,nv,HAM_0003634
0,0.3240886926651001,1,ham10000,ISIC_0024801,nv,HAM_0003635
0,0.25339818000793457,1,ham10000,ISIC_0027124,nv,HAM_0003636
0,0.09349549561738968,0,ham10000,ISIC_0029738,nv,HAM_0003637
0,0.15623585879802704,0,ham10000,ISIC_0031492,nv,HAM_0003638
0,0.6808239817619324,1,ham10000,ISIC_0028894,nv,HAM_0003639
0,0.1853189468383789,1,ham10000,ISIC_0027181,nv,HAM_0003640
0,0.23916327953338623,1,ham10000,ISIC_0027492,nv,HAM_0003642
0,0.2212773859500885,1,ham10000,ISIC_0027923,nv,HAM_0003643
0,0.28605616092681885,1,ham10000,ISIC_0030202,nv,HAM_0003644
0,0.4851208031177521,1,ham10000,ISIC_0024390,nv,HAM_0003645
0,0.409857839345932,1,ham10000,ISIC_0026518,nv,HAM_0003646
0,0.6133100390434265,1,ham10000,ISIC_0028840,bkl,HAM_0003647
0,0.4802669584751129,1,ham10000,ISIC_0031730,nv,HAM_0003648
0,0.4777217209339142,1,ham10000,ISIC_0032946,nv,HAM_0003649
0,0.4274042248725891,1,ham10000,ISIC_0024995,nv,HAM_0003650
0,0.3162749409675598,1,ham10000,ISIC_0026252,nv,HAM_0003651
0,0.584971010684967,1,ham10000,ISIC_0025784,nv,HAM_0003652
0,0.43024832010269165,1,ham10000,ISIC_0028534,nv,HAM_0003653
0,0.08780671656131744,0,ham10000,ISIC_0026283,nv,HAM_0003654
0,0.4909959137439728,1,ham10000,ISIC_0031305,nv,HAM_0003655
0,0.11094915121793747,0,ham10000,ISIC_0032213,nv,HAM_0003656
0,0.21805280447006226,1,ham10000,ISIC_0026740,nv,HAM_0003657
0,0.39508962631225586,1,ham10000,ISIC_0026379,nv,HAM_0003658
0,0.5881850123405457,1,ham10000,ISIC_0033449,bkl,HAM_0003659
0,0.14066128432750702,0,ham10000,ISIC_0026667,nv,HAM_0003660
0,0.1693684160709381,1,ham10000,ISIC_0026910,nv,HAM_0003661
0,0.4903692901134491,1,ham10000,ISIC_0028757,nv,HAM_0003662
0,0.7384002208709717,1,ham10000,ISIC_0026403,nv,HAM_0003663
0,0.4048694968223572,1,ham10000,ISIC_0030533,bkl,HAM_0003664
0,0.31626880168914795,1,ham10000,ISIC_0030573,nv,HAM_0003665
0,0.38085997104644775,1,ham10000,ISIC_0029246,nv,HAM_0003666
0,0.5514242053031921,1,ham10000,ISIC_0025695,nv,HAM_0003667
0,0.5291374921798706,1,ham10000,ISIC_0024383,bkl,HAM_0003668
1,0.7788729667663574,1,ham10000,ISIC_0030096,bcc,HAM_0003669
0,0.768653392791748,1,ham10000,ISIC_0030105,bkl,HAM_0003670
0,0.06739934533834457,0,ham10000,ISIC_0029373,nv,HAM_0003671
0,0.42255616188049316,1,ham10000,ISIC_0030263,nv,HAM_0003672
0,0.2299010157585144,1,ham10000,ISIC_0030016,nv,HAM_0003673
0,0.363417387008667,1,ham10000,ISIC_0028660,nv,HAM_0003674
0,0.6735706329345703,1,ham10000,ISIC_0028573,nv,HAM_0003675
0,0.5431431531906128,1,ham10000,ISIC_0032530,nv,HAM_0003676
0,0.4074016213417053,1,ham10000,ISIC_0029409,nv,HAM_0003677
0,0.29895761609077454,1,ham10000,ISIC_0026197,nv,HAM_0003678
1,0.7825742959976196,1,ham10000,ISIC_0032840,mel,HAM_0003679
1,0.5015722513198853,1,ham10000,ISIC_0024403,bcc,HAM_0003680
0,0.24421587586402893,1,ham10000,ISIC_0032907,nv,HAM_0003681
0,0.6271459460258484,1,ham10000,ISIC_0031630,bkl,HAM_0003682
1,0.5932209491729736,1,ham10000,ISIC_0027352,mel,HAM_0003683
0,0.5639228820800781,1,ham10000,ISIC_0031385,nv,HAM_0003684
0,0.445382297039032,1,ham10000,ISIC_0032292,nv,HAM_0003685
0,0.35955172777175903,1,ham10000,ISIC_0024870,nv,HAM_0003686
0,0.012342364527285099,0,ham10000,ISIC_0027515,nv,HAM_0003687
1,0.47183674573898315,1,ham10000,ISIC_0028231,akiec,HAM_0003688
0,0.4122510552406311,1,ham10000,ISIC_0025874,bkl,HAM_0003689
1,0.7245280146598816,1,ham10000,ISIC_0033146,bcc,HAM_0003690
0,0.2017185091972351,1,ham10000,ISIC_0027428,bkl,HAM_0003691
0,0.6035293936729431,1,ham10000,ISIC_0027684,nv,HAM_0003692
0,0.08660859614610672,0,ham10000,ISIC_0030149,nv,HAM_0003693
1,0.5987616777420044,1,ham10000,ISIC_0028818,bcc,HAM_0003694
0,0.07178670912981033,0,ham10000,ISIC_0025679,nv,HAM_0003695
0,0.12320594489574432,0,ham10000,ISIC_0032945,nv,HAM_0003696
0,0.2969130277633667,1,ham10000,ISIC_0025438,nv,HAM_0003697
0,0.5521034598350525,1,ham10000,ISIC_0025518,nv,HAM_0003698
0,0.44854193925857544,1,ham10000,ISIC_0027397,nv,HAM_0003699
1,0.2840863764286041,1,ham10000,ISIC_0029606,mel,HAM_0003700
0,0.4271499812602997,1,ham10000,ISIC_0027191,nv,HAM_0003701
0,0.10306122153997421,0,ham10000,ISIC_0029800,nv,HAM_0003702
0,0.24589495360851288,1,ham10000,ISIC_0030468,nv,HAM_0003703
0,0.40991175174713135,1,ham10000,ISIC_0029463,nv,HAM_0003704
0,0.21281269192695618,1,ham10000,ISIC_0025263,nv,HAM_0003705
0,0.33507704734802246,1,ham10000,ISIC_0028099,nv,HAM_0003706
0,0.3266485333442688,1,ham10000,ISIC_0029528,nv,HAM_0003707
0,0.5867977142333984,1,ham10000,ISIC_0027232,nv,HAM_0003708
0,0.1649564653635025,1,ham10000,ISIC_0028483,nv,HAM_0003709
0,0.2618965208530426,1,ham10000,ISIC_0031611,nv,HAM_0003710
0,0.017924191430211067,0,ham10000,ISIC_0024896,nv,HAM_0003711
0,0.42953845858573914,1,ham10000,ISIC_0024513,nv,HAM_0003712
0,0.2958286702632904,1,ham10000,ISIC_0032885,nv,HAM_0003713
0,0.1166163757443428,0,ham10000,ISIC_0026064,nv,HAM_0003714
0,0.23118887841701508,1,ham10000,ISIC_0026941,bkl,HAM_0003715
1,0.5268700122833252,1,ham10000,ISIC_0024897,bcc,HAM_0003716
0,0.36188653111457825,1,ham10000,ISIC_0030414,nv,HAM_0003717
0,0.411530077457428,1,ham10000,ISIC_0025233,nv,HAM_0003718
0,0.3799152970314026,1,ham10000,ISIC_0028046,nv,HAM_0003719
0,0.34522271156311035,1,ham10000,ISIC_0029250,nv,HAM_0003720
0,0.4118211269378662,1,ham10000,ISIC_0029490,nv,HAM_0003721
0,0.10494162887334824,0,ham10000,ISIC_0030052,nv,HAM_0003722
0,0.36145859956741333,1,ham10000,ISIC_0025742,nv,HAM_0003723
0,0.2695768177509308,1,ham10000,ISIC_0025036,nv,HAM_0003724
0,0.0692262127995491,0,ham10000,ISIC_0027986,nv,HAM_0003725
0,0.5250632166862488,1,ham10000,ISIC_0028503,bkl,HAM_0003726
0,0.38428789377212524,1,ham10000,ISIC_0026404,nv,HAM_0003727
0,0.7404948472976685,1,ham10000,ISIC_0033949,bkl,HAM_0003728
0,0.04053352400660515,0,ham10000,ISIC_0026234,nv,HAM_0003729
0,0.5226043462753296,1,ham10000,ISIC_0026431,nv,HAM_0003730
0,0.35387730598449707,1,ham10000,ISIC_0031680,nv,HAM_0003731
0,0.20698478817939758,1,ham10000,ISIC_0026710,nv,HAM_0003732
0,0.07897660881280899,0,ham10000,ISIC_0025448,nv,HAM_0003733
0,0.2090107500553131,1,ham10000,ISIC_0029767,nv,HAM_0003734
0,0.435977041721344,1,ham10000,ISIC_0032512,nv,HAM_0003735
0,0.30743271112442017,1,ham10000,ISIC_0026373,nv,HAM_0003736
0,0.4983060657978058,1,ham10000,ISIC_0024451,nv,HAM_0003737
1,0.7413986921310425,1,ham10000,ISIC_0031243,bcc,HAM_0003738
0,0.6036930084228516,1,ham10000,ISIC_0026675,bkl,HAM_0003739
0,0.467318058013916,1,ham10000,ISIC_0026568,nv,HAM_0003740
1,0.8269904255867004,1,ham10000,ISIC_0028980,bcc,HAM_0003741
0,0.4656203091144562,1,ham10000,ISIC_0027150,nv,HAM_0003742
0,0.7025832533836365,1,ham10000,ISIC_0033592,bkl,HAM_0003743
0,0.42970481514930725,1,ham10000,ISIC_0032518,nv,HAM_0003744
0,0.6133784651756287,1,ham10000,ISIC_0029704,nv,HAM_0003745
0,0.19720827043056488,1,ham10000,ISIC_0030437,nv,HAM_0003746
0,0.3486516773700714,1,ham10000,ISIC_0026582,nv,HAM_0003747
0,0.2599370777606964,1,ham10000,ISIC_0031051,nv,HAM_0003748
1,0.522986114025116,1,ham10000,ISIC_0025268,mel,HAM_0003749
0,0.30457955598831177,1,ham10000,ISIC_0028624,nv,HAM_0003750
0,0.6252068877220154,1,ham10000,ISIC_0026302,nv,HAM_0003751
0,0.47920751571655273,1,ham10000,ISIC_0028308,bkl,HAM_0003752
0,0.39523252844810486,1,ham10000,ISIC_0031911,nv,HAM_0003753
0,0.23684675991535187,1,ham10000,ISIC_0028649,nv,HAM_0003754
0,0.23697896301746368,1,ham10000,ISIC_0033489,nv,HAM_0003755
0,0.32543274760246277,1,ham10000,ISIC_0030832,nv,HAM_0003756
0,0.10119110345840454,0,ham10000,ISIC_0029233,bkl,HAM_0003757
0,0.5354664921760559,1,ham10000,ISIC_0028581,nv,HAM_0003758
1,0.6991898417472839,1,ham10000,ISIC_0032630,mel,HAM_0003759
0,0.4036754369735718,1,ham10000,ISIC_0032145,nv,HAM_0003760
1,0.41036152839660645,1,ham10000,ISIC_0025316,mel,HAM_0003761
0,0.2679048478603363,1,ham10000,ISIC_0024736,nv,HAM_0003762
0,0.06515426188707352,0,ham10000,ISIC_0029709,nv,HAM_0003763
1,0.7627590894699097,1,ham10000,ISIC_0028877,bcc,HAM_0003764
0,0.586997926235199,1,ham10000,ISIC_0026538,bkl,HAM_0003766
0,0.46247121691703796,1,ham10000,ISIC_0024604,nv,HAM_0003767
0,0.48219847679138184,1,ham10000,ISIC_0026634,bkl,HAM_0003768
0,0.2170751392841339,1,ham10000,ISIC_0027692,nv,HAM_0003769
0,0.5387589931488037,1,ham10000,ISIC_0032877,bkl,HAM_0003770
0,0.7394284009933472,1,ham10000,ISIC_0025807,vasc,HAM_0003771
0,0.28579142689704895,1,ham10000,ISIC_0024379,nv,HAM_0003772
0,0.23556245863437653,1,ham10000,ISIC_0027952,nv,HAM_0003773
0,0.37476420402526855,1,ham10000,ISIC_0033144,nv,HAM_0003774
0,0.15093053877353668,0,ham10000,ISIC_0025347,nv,HAM_0003776
0,0.6383731365203857,1,ham10000,ISIC_0033118,nv,HAM_0003777
1,0.7223315834999084,1,ham10000,ISIC_0027337,bcc,HAM_0003778
0,0.36780041456222534,1,ham10000,ISIC_0024656,nv,HAM_0003779
0,0.2034412920475006,1,ham10000,ISIC_0027123,nv,HAM_0003780
0,0.22870922088623047,1,ham10000,ISIC_0026225,nv,HAM_0003781
1,0.7655685544013977,1,ham10000,ISIC_0027102,mel,HAM_0003782
0,0.06827706843614578,0,ham10000,ISIC_0024488,nv,HAM_0003783
0,0.302865207195282,1,ham10000,ISIC_0027965,nv,HAM_0003784
0,0.442806601524353,1,ham10000,ISIC_0025776,nv,HAM_0003785
0,0.35419607162475586,1,ham10000,ISIC_0031590,nv,HAM_0003786
0,0.5179797410964966,1,ham10000,ISIC_0030630,bkl,HAM_0003787
0,0.3971496820449829,1,ham10000,ISIC_0026246,nv,HAM_0003788
0,0.37039506435394287,1,ham10000,ISIC_0024915,bkl,HAM_0003789
0,0.3772140145301819,1,ham10000,ISIC_0028131,nv,HAM_0003790
0,0.7488106489181519,1,ham10000,ISIC_0026893,bkl,HAM_0003791
0,0.22473986446857452,1,ham10000,ISIC_0029069,nv,HAM_0003792
0,0.16331370174884796,1,ham10000,ISIC_0025382,nv,HAM_0003793
0,0.3911866545677185,1,ham10000,ISIC_0029429,nv,HAM_0003794
0,0.16807527840137482,1,ham10000,ISIC_0028811,nv,HAM_0003795
0,0.2508239448070526,1,ham10000,ISIC_0030696,nv,HAM_0003796
0,0.12344890832901001,0,ham10000,ISIC_0024639,nv,HAM_0003797
0,0.31089723110198975,1,ham10000,ISIC_0030307,nv,HAM_0003798
0,0.21519355475902557,1,ham10000,ISIC_0031954,nv,HAM_0003799
0,0.6201198697090149,1,ham10000,ISIC_0026623,bkl,HAM_0003800
0,0.3867483139038086,1,ham10000,ISIC_0033718,nv,HAM_0003801
1,0.742344856262207,1,ham10000,ISIC_0032308,mel,HAM_0003802
0,0.5000782012939453,1,ham10000,ISIC_0033083,nv,HAM_0003803
0,0.2846890687942505,1,ham10000,ISIC_0026617,nv,HAM_0003804
1,0.7961341142654419,1,ham10000,ISIC_0030446,bcc,HAM_0003805
0,0.3691777288913727,1,ham10000,ISIC_0028667,nv,HAM_0003806
0,0.48224812746047974,1,ham10000,ISIC_0032655,bkl,HAM_0003807
0,0.5011128783226013,1,ham10000,ISIC_0034040,bkl,HAM_0003808
0,0.022212380543351173,0,ham10000,ISIC_0032402,nv,HAM_0003809
0,0.36916854977607727,1,ham10000,ISIC_0034309,nv,HAM_0003810
0,0.12282595783472061,0,ham10000,ISIC_0032900,nv,HAM_0003811
0,0.07909396290779114,0,ham10000,ISIC_0033898,nv,HAM_0003812
0,0.0730423629283905,0,ham10000,ISIC_0033173,nv,HAM_0003813
0,0.18253245949745178,1,ham10000,ISIC_0032647,nv,HAM_0003814
0,0.17065146565437317,1,ham10000,ISIC_0024715,nv,HAM_0003815
0,0.061399850994348526,0,ham10000,ISIC_0029152,nv,HAM_0003816
0,0.11483418941497803,0,ham10000,ISIC_0032800,nv,HAM_0003817
0,0.03938653692603111,0,ham10000,ISIC_0033622,nv,HAM_0003818
0,0.26845648884773254,1,ham10000,ISIC_0027689,nv,HAM_0003819
0,0.5422865748405457,1,ham10000,ISIC_0029109,nv,HAM_0003820
0,0.4295627474784851,1,ham10000,ISIC_0026588,nv,HAM_0003821
0,0.5298548340797424,1,ham10000,ISIC_0030115,nv,HAM_0003822
0,0.3135340213775635,1,ham10000,ISIC_0027081,nv,HAM_0003823
0,0.5550627112388611,1,ham10000,ISIC_0032971,nv,HAM_0003824
0,0.06390350311994553,0,ham10000,ISIC_0030656,nv,HAM_0003825
1,0.6903316974639893,1,ham10000,ISIC_0026433,bcc,HAM_0003826
1,0.49739745259284973,1,ham10000,ISIC_0028350,bcc,HAM_0003827
0,0.5372764468193054,1,ham10000,ISIC_0029865,nv,HAM_0003828
0,0.4028111398220062,1,ham10000,ISIC_0026349,vasc,HAM_0003829
0,0.5032880902290344,1,ham10000,ISIC_0028496,bkl,HAM_0003830
0,0.16850128769874573,1,ham10000,ISIC_0026724,nv,HAM_0003831
1,0.462117999792099,1,ham10000,ISIC_0024586,mel,HAM_0003832
0,0.5036134719848633,1,ham10000,ISIC_0025945,nv,HAM_0003833
0,0.19650477170944214,1,ham10000,ISIC_0030398,nv,HAM_0003834
0,0.4944314956665039,1,ham10000,ISIC_0024412,bkl,HAM_0003835
0,0.3414141833782196,1,ham10000,ISIC_0031802,nv,HAM_0003836
0,0.14511679112911224,0,ham10000,ISIC_0028850,nv,HAM_0003837
0,0.6235700249671936,1,ham10000,ISIC_0028888,nv,HAM_0003838
0,0.8163911700248718,1,ham10000,ISIC_0026693,vasc,HAM_0003839
0,0.5508922934532166,1,ham10000,ISIC_0027801,bkl,HAM_0003840
0,0.3543485999107361,1,ham10000,ISIC_0028349,nv,HAM_0003841
0,0.12010829150676727,0,ham10000,ISIC_0027217,nv,HAM_0003842
1,0.7976917624473572,1,ham10000,ISIC_0034036,mel,HAM_0003843
0,0.14994926750659943,0,ham10000,ISIC_0027169,nv,HAM_0003844
0,0.4563709795475006,1,ham10000,ISIC_0032829,bkl,HAM_0003845
1,0.4665670692920685,1,ham10000,ISIC_0028113,bcc,HAM_0003846
0,0.647545337677002,1,ham10000,ISIC_0027053,bkl,HAM_0003847
0,0.6037774682044983,1,ham10000,ISIC_0027077,nv,HAM_0003848
0,0.21465514600276947,1,ham10000,ISIC_0027185,nv,HAM_0003849
0,0.6138826012611389,1,ham10000,ISIC_0027237,nv,HAM_0003850
1,0.5795275568962097,1,ham10000,ISIC_0031643,bcc,HAM_0003851
0,0.596376895904541,1,ham10000,ISIC_0032542,nv,HAM_0003852
1,0.6926217079162598,1,ham10000,ISIC_0030644,bcc,HAM_0003853
0,0.40150701999664307,1,ham10000,ISIC_0031655,nv,HAM_0003854
0,0.04450130835175514,0,ham10000,ISIC_0028801,nv,HAM_0003855
0,0.6828587055206299,1,ham10000,ISIC_0024760,bkl,HAM_0003856
0,0.5580075979232788,1,ham10000,ISIC_0028210,nv,HAM_0003857
0,0.10329335927963257,0,ham10000,ISIC_0031356,nv,HAM_0003858
0,0.2241976261138916,1,ham10000,ISIC_0027167,bkl,HAM_0003859
0,0.42045125365257263,1,ham10000,ISIC_0025669,nv,HAM_0003860
0,0.12550532817840576,0,ham10000,ISIC_0026951,nv,HAM_0003861
0,0.757077157497406,1,ham10000,ISIC_0032775,vasc,HAM_0003862
0,0.25815147161483765,1,ham10000,ISIC_0027879,nv,HAM_0003863
0,0.1577465534210205,0,ham10000,ISIC_0029586,nv,HAM_0003864
0,0.07054686546325684,0,ham10000,ISIC_0032188,nv,HAM_0003865
1,0.4389788806438446,1,ham10000,ISIC_0024665,bcc,HAM_0003866
0,0.5638289451599121,1,ham10000,ISIC_0028425,nv,HAM_0003867
0,0.3777817189693451,1,ham10000,ISIC_0024708,bkl,HAM_0003868
1,0.5068488717079163,1,ham10000,ISIC_0025766,mel,HAM_0003869
0,0.21857239305973053,1,ham10000,ISIC_0024852,nv,HAM_0003870
0,0.06029164418578148,0,ham10000,ISIC_0031664,nv,HAM_0003871
0,0.4186250567436218,1,ham10000,ISIC_0028903,nv,HAM_0003872
0,0.4858234226703644,1,ham10000,ISIC_0024475,vasc,HAM_0003873
0,0.5216226577758789,1,ham10000,ISIC_0024809,nv,HAM_0003874
0,0.47960641980171204,1,ham10000,ISIC_0028955,nv,HAM_0003875
0,0.29466986656188965,1,ham10000,ISIC_0030481,nv,HAM_0003876
0,0.6334678530693054,1,ham10000,ISIC_0031537,bkl,HAM_0003877
0,0.031031742691993713,0,ham10000,ISIC_0031072,nv,HAM_0003878
0,0.33034461736679077,1,ham10000,ISIC_0024894,nv,HAM_0003879
0,0.21587811410427094,1,ham10000,ISIC_0027508,nv,HAM_0003880
0,0.6951008439064026,1,ham10000,ISIC_0029061,bkl,HAM_0003881
0,0.5965741276741028,1,ham10000,ISIC_0028266,nv,HAM_0003882
0,0.19386890530586243,1,ham10000,ISIC_0029112,nv,HAM_0003883
0,0.17552240192890167,1,ham10000,ISIC_0033605,nv,HAM_0003884
1,0.47800570726394653,1,ham10000,ISIC_0027560,mel,HAM_0003885
1,0.8086364269256592,1,ham10000,ISIC_0032857,bcc,HAM_0003887
0,0.422488272190094,1,ham10000,ISIC_0028672,nv,HAM_0003888
0,0.2927249073982239,1,ham10000,ISIC_0026005,nv,HAM_0003889
0,0.10555803775787354,0,ham10000,ISIC_0028940,nv,HAM_0003890
0,0.5129657983779907,1,ham10000,ISIC_0028487,nv,HAM_0003891
0,0.3294977843761444,1,ham10000,ISIC_0028045,nv,HAM_0003892
0,0.12121252715587616,0,ham10000,ISIC_0025560,nv,HAM_0003894
1,0.3323955237865448,1,ham10000,ISIC_0026203,akiec,HAM_0003895
0,0.36177560687065125,1,ham10000,ISIC_0030952,nv,HAM_0003896
0,0.3284020721912384,1,ham10000,ISIC_0025853,nv,HAM_0003897
0,0.31787487864494324,1,ham10000,ISIC_0028713,nv,HAM_0003898
0,0.5746287703514099,1,ham10000,ISIC_0029991,bkl,HAM_0003899
0,0.5805697441101074,1,ham10000,ISIC_0027868,nv,HAM_0003900
0,0.07639375329017639,0,ham10000,ISIC_0026931,nv,HAM_0003901
0,0.27186304330825806,1,ham10000,ISIC_0030313,nv,HAM_0003902
0,0.35560426115989685,1,ham10000,ISIC_0028536,nv,HAM_0003903
0,0.21295933425426483,1,ham10000,ISIC_0025871,nv,HAM_0003904
0,0.19212880730628967,1,ham10000,ISIC_0029275,nv,HAM_0003905
0,0.14608998596668243,0,ham10000,ISIC_0029955,nv,HAM_0003906
0,0.1875024437904358,1,ham10000,ISIC_0027587,nv,HAM_0003907
0,0.2008432298898697,1,ham10000,ISIC_0030854,nv,HAM_0003908
0,0.38902953267097473,1,ham10000,ISIC_0026935,nv,HAM_0003909
1,0.6418015956878662,1,ham10000,ISIC_0026194,akiec,HAM_0003910
0,0.632250189781189,1,ham10000,ISIC_0030645,nv,HAM_0003911
0,0.1717999130487442,1,ham10000,ISIC_0028367,nv,HAM_0003912
0,0.667061448097229,1,ham10000,ISIC_0027295,bkl,HAM_0003913
0,0.3625810742378235,1,ham10000,ISIC_0029300,nv,HAM_0003914
0,0.02606409788131714,0,ham10000,ISIC_0026850,nv,HAM_0003915
0,0.11821996420621872,0,ham10000,ISIC_0032370,nv,HAM_0003916
0,0.31195417046546936,1,ham10000,ISIC_0026814,nv,HAM_0003917
0,0.4370875954627991,1,ham10000,ISIC_0029127,nv,HAM_0003918
0,0.25209686160087585,1,ham10000,ISIC_0024781,nv,HAM_0003919
0,0.6249524354934692,1,ham10000,ISIC_0026351,bkl,HAM_0003920
0,0.1790364384651184,1,ham10000,ISIC_0025728,nv,HAM_0003921
0,0.40338239073753357,1,ham10000,ISIC_0027603,nv,HAM_0003922
0,0.09489503502845764,0,ham10000,ISIC_0025282,nv,HAM_0003923
0,0.5528863668441772,1,ham10000,ISIC_0030569,nv,HAM_0003924
0,0.5151631832122803,1,ham10000,ISIC_0031759,vasc,HAM_0003925
0,0.3272368609905243,1,ham10000,ISIC_0026422,bkl,HAM_0003926
0,0.471891313791275,1,ham10000,ISIC_0032567,bkl,HAM_0003927
0,0.3922384977340698,1,ham10000,ISIC_0031755,nv,HAM_0003928
0,0.20290544629096985,1,ham10000,ISIC_0027792,nv,HAM_0003929
0,0.4802686274051666,1,ham10000,ISIC_0028221,nv,HAM_0003930
0,0.35845479369163513,1,ham10000,ISIC_0026007,nv,HAM_0003931
0,0.6182783246040344,1,ham10000,ISIC_0026151,nv,HAM_0003932
0,0.4904213547706604,1,ham10000,ISIC_0029854,nv,HAM_0003933
1,0.7187135219573975,1,ham10000,ISIC_0027767,akiec,HAM_0003934
0,0.029117625206708908,0,ham10000,ISIC_0033782,nv,HAM_0003935
0,0.10241928696632385,0,ham10000,ISIC_0024576,nv,HAM_0003936
0,0.28845012187957764,1,ham10000,ISIC_0025309,nv,HAM_0003937
0,0.5171563625335693,1,ham10000,ISIC_0030231,bkl,HAM_0003938
1,0.5836300253868103,1,ham10000,ISIC_0027172,akiec,HAM_0003939
0,0.36347904801368713,1,ham10000,ISIC_0029803,nv,HAM_0003940
1,0.6140577793121338,1,ham10000,ISIC_0028419,bcc,HAM_0003941
0,0.27417683601379395,1,ham10000,ISIC_0029024,nv,HAM_0003942
0,0.49769455194473267,1,ham10000,ISIC_0025973,bkl,HAM_0003943
0,0.4843665063381195,1,ham10000,ISIC_0026672,nv,HAM_0003944
0,0.08769112825393677,0,ham10000,ISIC_0032528,nv,HAM_0003945
0,0.3703802824020386,1,ham10000,ISIC_0026991,nv,HAM_0003946
0,0.2979578673839569,1,ham10000,ISIC_0032551,nv,HAM_0003947
0,0.32643237709999084,1,ham10000,ISIC_0025806,nv,HAM_0003948
1,0.5173832774162292,1,ham10000,ISIC_0027254,akiec,HAM_0003949
0,0.21503926813602448,1,ham10000,ISIC_0026474,nv,HAM_0003950
0,0.40774646401405334,1,ham10000,ISIC_0024317,nv,HAM_0003951
0,0.14641818404197693,0,ham10000,ISIC_0031176,nv,HAM_0003952
0,0.053007643669843674,0,ham10000,ISIC_0027158,nv,HAM_0003953
0,0.1125069335103035,0,ham10000,ISIC_0031382,nv,HAM_0003954
0,0.09472189098596573,0,ham10000,ISIC_0026250,nv,HAM_0003955
0,0.014134775847196579,0,ham10000,ISIC_0030190,nv,HAM_0003956
1,0.42313238978385925,1,ham10000,ISIC_0030653,mel,HAM_0003957
0,0.6161919236183167,1,ham10000,ISIC_0027360,nv,HAM_0003958
0,0.29053357243537903,1,ham10000,ISIC_0029314,nv,HAM_0003959
0,0.16992796957492828,1,ham10000,ISIC_0026256,nv,HAM_0003960
0,0.1710369735956192,1,ham10000,ISIC_0026624,nv,HAM_0003961
0,0.3782215416431427,1,ham10000,ISIC_0027805,nv,HAM_0003962
0,0.4036320745944977,1,ham10000,ISIC_0027448,nv,HAM_0003963
0,0.13483983278274536,0,ham10000,ISIC_0029111,nv,HAM_0003964
0,0.21562562882900238,1,ham10000,ISIC_0025652,nv,HAM_0003965
0,0.34721794724464417,1,ham10000,ISIC_0032584,nv,HAM_0003966
0,0.41285690665245056,1,ham10000,ISIC_0032796,nv,HAM_0003968
0,0.5235844254493713,1,ham10000,ISIC_0032627,nv,HAM_0003969
0,0.023632464930415154,0,ham10000,ISIC_0025093,nv,HAM_0003970
1,0.5207189917564392,1,ham10000,ISIC_0029634,akiec,HAM_0003971
0,0.3354179263114929,1,ham10000,ISIC_0029706,nv,HAM_0003972
0,0.38256925344467163,1,ham10000,ISIC_0026867,bkl,HAM_0003973
0,0.6054279208183289,1,ham10000,ISIC_0026512,nv,HAM_0003974
0,0.3941682279109955,1,ham10000,ISIC_0030098,nv,HAM_0003975
0,0.48356205224990845,1,ham10000,ISIC_0029469,nv,HAM_0003976
0,0.21189606189727783,1,ham10000,ISIC_0026495,nv,HAM_0003977
0,0.5357083082199097,1,ham10000,ISIC_0033284,bkl,HAM_0003978
0,0.16745634377002716,1,ham10000,ISIC_0026416,bkl,HAM_0003979
0,0.3946121335029602,1,ham10000,ISIC_0026712,nv,HAM_0003980
1,0.6406533718109131,1,ham10000,ISIC_0025731,bcc,HAM_0003981
0,0.49954473972320557,1,ham10000,ISIC_0030056,bkl,HAM_0003982
1,0.729365885257721,1,ham10000,ISIC_0033278,mel,HAM_0003983
0,0.5317586660385132,1,ham10000,ISIC_0032228,nv,HAM_0003984
0,0.459214448928833,1,ham10000,ISIC_0025570,nv,HAM_0003985
0,0.5095856189727783,1,ham10000,ISIC_0030020,nv,HAM_0003986
0,0.2960198223590851,1,ham10000,ISIC_0030354,nv,HAM_0003987
0,0.13927194476127625,0,ham10000,ISIC_0024427,nv,HAM_0003988
1,0.8236159086227417,1,ham10000,ISIC_0030714,akiec,HAM_0003989
1,0.8103272914886475,1,ham10000,ISIC_0025996,mel,HAM_0003990
1,0.2302391082048416,1,ham10000,ISIC_0029602,bcc,HAM_0003991
0,0.12671414017677307,0,ham10000,ISIC_0028821,nv,HAM_0003992
0,0.5702551007270813,1,ham10000,ISIC_0033097,nv,HAM_0003993
0,0.09380362182855606,0,ham10000,ISIC_0026648,nv,HAM_0003994
0,0.5461809039115906,1,ham10000,ISIC_0029799,nv,HAM_0003995
0,0.5804101824760437,1,ham10000,ISIC_0025465,bkl,HAM_0003996
0,0.49540045857429504,1,ham10000,ISIC_0030537,nv,HAM_0003997
0,0.1692647635936737,1,ham10000,ISIC_0033809,nv,HAM_0003998
0,0.06955146789550781,0,ham10000,ISIC_0026945,nv,HAM_0003999
0,0.40869298577308655,1,ham10000,ISIC_0032594,nv,HAM_0004000
0,0.2613535523414612,1,ham10000,ISIC_0029996,nv,HAM_0004001
0,0.09314271807670593,0,ham10000,ISIC_0027628,nv,HAM_0004002
0,0.10136736184358597,0,ham10000,ISIC_0031097,nv,HAM_0004003
0,0.5174378156661987,1,ham10000,ISIC_0024782,bkl,HAM_0004004
0,0.38921332359313965,1,ham10000,ISIC_0032093,nv,HAM_0004005
0,0.3263104259967804,1,ham10000,ISIC_0031653,nv,HAM_0004006
0,0.3734719157218933,1,ham10000,ISIC_0027596,nv,HAM_0004007
0,0.43246185779571533,1,ham10000,ISIC_0027997,nv,HAM_0004008
0,0.22995156049728394,1,ham10000,ISIC_0024856,nv,HAM_0004009
0,0.5862746834754944,1,ham10000,ISIC_0031061,bkl,HAM_0004010
1,0.7519672513008118,1,ham10000,ISIC_0033023,mel,HAM_0004011
1,0.573259711265564,1,ham10000,ISIC_0025831,akiec,HAM_0004012
0,0.29911041259765625,1,ham10000,ISIC_0026021,nv,HAM_0004013
0,0.6164030432701111,1,ham10000,ISIC_0029809,nv,HAM_0004014
0,0.60135817527771,1,ham10000,ISIC_0027892,nv,HAM_0004015
0,0.3679804801940918,1,ham10000,ISIC_0032935,nv,HAM_0004016
0,0.1230388954281807,0,ham10000,ISIC_0030351,nv,HAM_0004017
0,0.5080452561378479,1,ham10000,ISIC_0028112,nv,HAM_0004018
0,0.11449296027421951,0,ham10000,ISIC_0029629,nv,HAM_0004019
0,0.5905945897102356,1,ham10000,ISIC_0025245,nv,HAM_0004020
1,0.7541132569313049,1,ham10000,ISIC_0025800,mel,HAM_0004021
0,0.2831571400165558,1,ham10000,ISIC_0028134,nv,HAM_0004022
0,0.38826441764831543,1,ham10000,ISIC_0029766,nv,HAM_0004023
0,0.3497627079486847,1,ham10000,ISIC_0032338,nv,HAM_0004024
0,0.4117818772792816,1,ham10000,ISIC_0025983,nv,HAM_0004025
0,0.24061428010463715,1,ham10000,ISIC_0030357,nv,HAM_0004026
1,0.5757978558540344,1,ham10000,ISIC_0024595,bcc,HAM_0004027
0,0.381574809551239,1,ham10000,ISIC_0028526,nv,HAM_0004028
0,0.6387562155723572,1,ham10000,ISIC_0029472,bkl,HAM_0004029
0,0.3146507740020752,1,ham10000,ISIC_0029926,nv,HAM_0004030
0,0.3220483362674713,1,ham10000,ISIC_0029517,nv,HAM_0004031
0,0.45499977469444275,1,ham10000,ISIC_0032403,nv,HAM_0004032
1,0.6712477207183838,1,ham10000,ISIC_0027452,akiec,HAM_0004033
1,0.47156989574432373,1,ham10000,ISIC_0024948,akiec,HAM_0004034
0,0.21103018522262573,1,ham10000,ISIC_0027039,nv,HAM_0004035
0,0.428414911031723,1,ham10000,ISIC_0027107,df,HAM_0004036
0,0.4653330445289612,1,ham10000,ISIC_0027383,nv,HAM_0004037
0,0.39900168776512146,1,ham10000,ISIC_0032582,nv,HAM_0004038
0,0.092496357858181,0,ham10000,ISIC_0026383,nv,HAM_0004039
0,0.3365646302700043,1,ham10000,ISIC_0029042,nv,HAM_0004040
0,0.18287667632102966,1,ham10000,ISIC_0026375,nv,HAM_0004041
1,0.6526161432266235,1,ham10000,ISIC_0026978,bcc,HAM_0004042
0,0.4860284626483917,1,ham10000,ISIC_0030492,nv,HAM_0004043
0,0.08953686058521271,0,ham10000,ISIC_0028606,nv,HAM_0004044
0,0.2781892716884613,1,ham10000,ISIC_0030939,nv,HAM_0004045
0,0.47924068570137024,1,ham10000,ISIC_0032366,nv,HAM_0004046
1,0.4944270849227905,1,ham10000,ISIC_0025500,mel,HAM_0004047
0,0.10993488878011703,0,ham10000,ISIC_0025203,nv,HAM_0004048
0,0.22610251605510712,1,ham10000,ISIC_0030924,nv,HAM_0004049
0,0.5091800093650818,1,ham10000,ISIC_0025086,bkl,HAM_0004050
0,0.21942448616027832,1,ham10000,ISIC_0028049,nv,HAM_0004051
0,0.24211624264717102,1,ham10000,ISIC_0028206,nv,HAM_0004052
1,0.5074902772903442,1,ham10000,ISIC_0027067,mel,HAM_0004053
0,0.5761226415634155,1,ham10000,ISIC_0031756,nv,HAM_0004054
0,0.37641647458076477,1,ham10000,ISIC_0030287,nv,HAM_0004055
1,0.6055065393447876,1,ham10000,ISIC_0033377,mel,HAM_0004056
0,0.07426010817289352,0,ham10000,ISIC_0026635,nv,HAM_0004057
0,0.5889192223548889,1,ham10000,ISIC_0030802,nv,HAM_0004058
0,0.12980341911315918,0,ham10000,ISIC_0029399,nv,HAM_0004059
1,0.7321205139160156,1,ham10000,ISIC_0029210,akiec,HAM_0004060
0,0.22215653955936432,1,ham10000,ISIC_0029925,nv,HAM_0004061
0,0.31297609210014343,1,ham10000,ISIC_0028742,nv,HAM_0004062
0,0.4606541693210602,1,ham10000,ISIC_0032896,nv,HAM_0004063
0,0.4146904945373535,1,ham10000,ISIC_0024399,nv,HAM_0004064
0,0.39287760853767395,1,ham10000,ISIC_0026629,df,HAM_0004065
0,0.2085936814546585,1,ham10000,ISIC_0026390,nv,HAM_0004066
0,0.31980058550834656,1,ham10000,ISIC_0029065,nv,HAM_0004067
0,0.5788200497627258,1,ham10000,ISIC_0027853,nv,HAM_0004068
0,0.5834860801696777,1,ham10000,ISIC_0029476,nv,HAM_0004069
0,0.3138461410999298,1,ham10000,ISIC_0027657,nv,HAM_0004070
0,0.5441199541091919,1,ham10000,ISIC_0032607,nv,HAM_0004071
0,0.18169206380844116,1,ham10000,ISIC_0032130,nv,HAM_0004072
0,0.2919121980667114,1,ham10000,ISIC_0028093,nv,HAM_0004073
0,0.4274478554725647,1,ham10000,ISIC_0030599,nv,HAM_0004074
0,0.5890223383903503,1,ham10000,ISIC_0030276,bkl,HAM_0004075
0,0.4545365273952484,1,ham10000,ISIC_0032966,nv,HAM_0004076
0,0.6969009041786194,1,ham10000,ISIC_0026566,bkl,HAM_0004078
0,0.4424543082714081,1,ham10000,ISIC_0031182,nv,HAM_0004079
0,0.4605540931224823,1,ham10000,ISIC_0028613,nv,HAM_0004080
1,0.20091061294078827,1,ham10000,ISIC_0031957,mel,HAM_0004081
0,0.30377858877182007,1,ham10000,ISIC_0025676,nv,HAM_0004082
1,0.5113176107406616,1,ham10000,ISIC_0032652,bcc,HAM_0004083
1,0.3685452938079834,1,ham10000,ISIC_0025285,bcc,HAM_0004084
0,0.2219768911600113,1,ham10000,ISIC_0028471,nv,HAM_0004085
0,0.47728225588798523,1,ham10000,ISIC_0034215,nv,HAM_0004088
0,0.1621822565793991,1,ham10000,ISIC_0026589,nv,HAM_0004089
0,0.8054649233818054,1,ham10000,ISIC_0031271,df,HAM_0004090
0,0.4877496361732483,1,ham10000,ISIC_0032675,bkl,HAM_0004091
0,0.0881180614233017,0,ham10000,ISIC_0028300,nv,HAM_0004092
0,0.19557102024555206,1,ham10000,ISIC_0030562,nv,HAM_0004093
0,0.5490005612373352,1,ham10000,ISIC_0031313,nv,HAM_0004094
0,0.3726239800453186,1,ham10000,ISIC_0026017,nv,HAM_0004095
0,0.30724939703941345,1,ham10000,ISIC_0028541,nv,HAM_0004096
0,0.06826332956552505,0,ham10000,ISIC_0025677,vasc,HAM_0004097
0,0.30516400933265686,1,ham10000,ISIC_0025843,nv,HAM_0004098
0,0.3324889540672302,1,ham10000,ISIC_0033010,nv,HAM_0004099
0,0.5206722021102905,1,ham10000,ISIC_0031106,nv,HAM_0004100
0,0.39261898398399353,1,ham10000,ISIC_0030881,nv,HAM_0004101
1,0.6503816246986389,1,ham10000,ISIC_0029726,mel,HAM_0004102
0,0.7307506203651428,1,ham10000,ISIC_0028880,df,HAM_0004103
0,0.14901834726333618,0,ham10000,ISIC_0032483,nv,HAM_0004104
0,0.6432567238807678,1,ham10000,ISIC_0030007,bkl,HAM_0004105
0,0.6459317207336426,1,ham10000,ISIC_0028943,bkl,HAM_0004106
0,0.548910915851593,1,ham10000,ISIC_0029769,nv,HAM_0004107
1,0.6212225556373596,1,ham10000,ISIC_0033037,mel,HAM_0004109
0,0.3890279531478882,1,ham10000,ISIC_0030195,nv,HAM_0004110
0,0.4880390167236328,1,ham10000,ISIC_0028138,nv,HAM_0004111
0,0.3394720256328583,1,ham10000,ISIC_0030363,nv,HAM_0004112
0,0.7001007199287415,1,ham10000,ISIC_0033185,bkl,HAM_0004113
0,0.6626355648040771,1,ham10000,ISIC_0026844,bkl,HAM_0004114
0,0.28168705105781555,1,ham10000,ISIC_0027676,nv,HAM_0004115
0,0.4046207070350647,1,ham10000,ISIC_0026613,nv,HAM_0004116
0,0.151151642203331,0,ham10000,ISIC_0024354,nv,HAM_0004117
0,0.30469805002212524,1,ham10000,ISIC_0032593,nv,HAM_0004118
0,0.20727364718914032,1,ham10000,ISIC_0025015,nv,HAM_0004119
0,0.0677952766418457,0,ham10000,ISIC_0034266,nv,HAM_0004120
1,0.5311484932899475,1,ham10000,ISIC_0025324,mel,HAM_0004121
0,0.6915106773376465,1,ham10000,ISIC_0031102,nv,HAM_0004122
0,0.34535834193229675,1,ham10000,ISIC_0032216,nv,HAM_0004123
0,0.6826858520507812,1,ham10000,ISIC_0029153,nv,HAM_0004124
0,0.4205315113067627,1,ham10000,ISIC_0027437,bkl,HAM_0004125
1,0.7069289684295654,1,ham10000,ISIC_0030060,mel,HAM_0004126
0,0.5237275958061218,1,ham10000,ISIC_0027073,nv,HAM_0004127
0,0.5606178045272827,1,ham10000,ISIC_0027072,nv,HAM_0004128
1,0.6483708620071411,1,ham10000,ISIC_0032624,mel,HAM_0004129
0,0.49328678846359253,1,ham10000,ISIC_0026173,nv,HAM_0004130
0,0.6030622124671936,1,ham10000,ISIC_0025583,bkl,HAM_0004131
0,0.23216068744659424,1,ham10000,ISIC_0025801,nv,HAM_0004132
0,0.4218859374523163,1,ham10000,ISIC_0024941,nv,HAM_0004133
0,0.45591357350349426,1,ham10000,ISIC_0026075,nv,HAM_0004134
0,0.26866939663887024,1,ham10000,ISIC_0025634,nv,HAM_0004135
0,0.5146874785423279,1,ham10000,ISIC_0029787,nv,HAM_0004136
0,0.10124585032463074,0,ham10000,ISIC_0024966,nv,HAM_0004137
0,0.34383857250213623,1,ham10000,ISIC_0025905,nv,HAM_0004138
0,0.05824408680200577,0,ham10000,ISIC_0027496,nv,HAM_0004139
0,0.14421693980693817,0,ham10000,ISIC_0028298,nv,HAM_0004140
0,0.2703762352466583,1,ham10000,ISIC_0030705,bkl,HAM_0004141
0,0.4383140206336975,1,ham10000,ISIC_0032643,bkl,HAM_0004142
0,0.6994594931602478,1,ham10000,ISIC_0029031,bkl,HAM_0004143
0,0.290732741355896,1,ham10000,ISIC_0027980,nv,HAM_0004144
0,0.6362695097923279,1,ham10000,ISIC_0032749,nv,HAM_0004145
0,0.26881542801856995,1,ham10000,ISIC_0027450,nv,HAM_0004146
1,0.4920685887336731,1,ham10000,ISIC_0031712,bcc,HAM_0004147
0,0.0801125168800354,0,ham10000,ISIC_0026503,nv,HAM_0004148
0,0.05778589844703674,0,ham10000,ISIC_0032755,nv,HAM_0004149
0,0.19826370477676392,1,ham10000,ISIC_0026632,nv,HAM_0004150
0,0.3041492700576782,1,ham10000,ISIC_0028996,nv,HAM_0004151
0,0.3044079840183258,1,ham10000,ISIC_0025137,nv,HAM_0004152
1,0.7224017381668091,1,ham10000,ISIC_0026489,mel,HAM_0004153
0,0.4758356809616089,1,ham10000,ISIC_0031471,nv,HAM_0004154
0,0.38605621457099915,1,ham10000,ISIC_0025269,nv,HAM_0004155
0,0.4778297543525696,1,ham10000,ISIC_0024387,nv,HAM_0004156
0,0.34239426255226135,1,ham10000,ISIC_0031610,nv,HAM_0004157
0,0.4283353090286255,1,ham10000,ISIC_0028229,bkl,HAM_0004158
0,0.37097740173339844,1,ham10000,ISIC_0031086,nv,HAM_0004159
0,0.21749450266361237,1,ham10000,ISIC_0029066,nv,HAM_0004160
1,0.651373028755188,1,ham10000,ISIC_0025564,bcc,HAM_0004161
0,0.5395414233207703,1,ham10000,ISIC_0031944,nv,HAM_0004162
0,0.44640663266181946,1,ham10000,ISIC_0025142,nv,HAM_0004163
1,0.6867320537567139,1,ham10000,ISIC_0030695,mel,HAM_0004164
0,0.33665451407432556,1,ham10000,ISIC_0033346,nv,HAM_0004165
0,0.48023101687431335,1,ham10000,ISIC_0028313,nv,HAM_0004166
0,0.30232149362564087,1,ham10000,ISIC_0033753,nv,HAM_0004167
0,0.10916892439126968,0,ham10000,ISIC_0029477,nv,HAM_0004168
0,0.28109079599380493,1,ham10000,ISIC_0028482,nv,HAM_0004169
0,0.36912646889686584,1,ham10000,ISIC_0029046,nv,HAM_0004170
1,0.5271859765052795,1,ham10000,ISIC_0024644,mel,HAM_0004171
0,0.28700631856918335,1,ham10000,ISIC_0033996,nv,HAM_0004172
0,0.24999842047691345,1,ham10000,ISIC_0030637,nv,HAM_0004173
0,0.6027300953865051,1,ham10000,ISIC_0032281,nv,HAM_0004174
0,0.1328122466802597,0,ham10000,ISIC_0028806,nv,HAM_0004175
0,0.44481396675109863,1,ham10000,ISIC_0033373,nv,HAM_0004176
0,0.33334583044052124,1,ham10000,ISIC_0031907,nv,HAM_0004177
0,0.4501457214355469,1,ham10000,ISIC_0029171,nv,HAM_0004179
0,0.18957121670246124,1,ham10000,ISIC_0031055,nv,HAM_0004180
0,0.6269935369491577,1,ham10000,ISIC_0032571,nv,HAM_0004181
0,0.4004148542881012,1,ham10000,ISIC_0032591,nv,HAM_0004182
0,0.42343175411224365,1,ham10000,ISIC_0032606,nv,HAM_0004183
0,0.5404660105705261,1,ham10000,ISIC_0032634,nv,HAM_0004184
0,0.21432332694530487,1,ham10000,ISIC_0032635,nv,HAM_0004185
0,0.4210079610347748,1,ham10000,ISIC_0032759,nv,HAM_0004186
0,0.38751232624053955,1,ham10000,ISIC_0032956,nv,HAM_0004187
0,0.4366335868835449,1,ham10000,ISIC_0032996,nv,HAM_0004188
0,0.22963345050811768,1,ham10000,ISIC_0033036,nv,HAM_0004189
0,0.346116304397583,1,ham10000,ISIC_0033039,nv,HAM_0004190
0,0.37511003017425537,1,ham10000,ISIC_0032562,nv,HAM_0004191
0,0.4819032847881317,1,ham10000,ISIC_0033066,nv,HAM_0004192
0,0.4010118842124939,1,ham10000,ISIC_0033072,nv,HAM_0004193
0,0.7437428832054138,1,ham10000,ISIC_0033101,nv,HAM_0004194
0,0.22198864817619324,1,ham10000,ISIC_0033383,nv,HAM_0004195
0,0.589876115322113,1,ham10000,ISIC_0033421,nv,HAM_0004196
0,0.27427685260772705,1,ham10000,ISIC_0033467,nv,HAM_0004197
0,0.6454232335090637,1,ham10000,ISIC_0033481,nv,HAM_0004198
0,0.5478642582893372,1,ham10000,ISIC_0033556,nv,HAM_0004199
0,0.597678005695343,1,ham10000,ISIC_0033567,nv,HAM_0004200
0,0.23019343614578247,1,ham10000,ISIC_0033602,nv,HAM_0004201
0,0.37751591205596924,1,ham10000,ISIC_0033623,nv,HAM_0004202
0,0.30852559208869934,1,ham10000,ISIC_0033647,nv,HAM_0004203
0,0.6724826693534851,1,ham10000,ISIC_0033772,nv,HAM_0004204
0,0.3466377258300781,1,ham10000,ISIC_0033797,nv,HAM_0004205
0,0.3196907341480255,1,ham10000,ISIC_0033826,nv,HAM_0004206
0,0.3011797070503235,1,ham10000,ISIC_0033858,nv,HAM_0004207
0,0.5834653377532959,1,ham10000,ISIC_0033892,nv,HAM_0004208
0,0.6057285666465759,1,ham10000,ISIC_0034075,nv,HAM_0004209
0,0.47165077924728394,1,ham10000,ISIC_0034081,nv,HAM_0004210
0,0.27681028842926025,1,ham10000,ISIC_0034082,nv,HAM_0004211
0,0.2734869718551636,1,ham10000,ISIC_0034114,nv,HAM_0004212
0,0.4938599169254303,1,ham10000,ISIC_0034228,nv,HAM_0004213
0,0.4868365228176117,1,ham10000,ISIC_0034248,nv,HAM_0004214
0,0.38127782940864563,1,ham10000,ISIC_0034302,nv,HAM_0004215
0,0.3958735466003418,1,ham10000,ISIC_0034312,nv,HAM_0004216
0,0.12281136959791183,0,ham10000,ISIC_0031116,nv,HAM_0004217
0,0.10899097472429276,0,ham10000,ISIC_0028256,nv,HAM_0004218
1,0.6788168549537659,1,ham10000,ISIC_0031585,bcc,HAM_0004219
0,0.24328042566776276,1,ham10000,ISIC_0027787,nv,HAM_0004220
0,0.40313348174095154,1,ham10000,ISIC_0033163,nv,HAM_0004221
0,0.6105676293373108,1,ham10000,ISIC_0030899,nv,HAM_0004222
0,0.15673016011714935,0,ham10000,ISIC_0025632,nv,HAM_0004223
0,0.5992224216461182,1,ham10000,ISIC_0026248,bkl,HAM_0004224
0,0.30400508642196655,1,ham10000,ISIC_0026029,nv,HAM_0004225
0,0.36939212679862976,1,ham10000,ISIC_0032494,nv,HAM_0004226
0,0.17569880187511444,1,ham10000,ISIC_0029628,nv,HAM_0004227
0,0.3867625892162323,1,ham10000,ISIC_0027748,nv,HAM_0004228
0,0.4935551881790161,1,ham10000,ISIC_0029593,nv,HAM_0004229
0,0.2817069888114929,1,ham10000,ISIC_0024585,nv,HAM_0004230
0,0.43422019481658936,1,ham10000,ISIC_0030323,bkl,HAM_0004232
0,0.3301098644733429,1,ham10000,ISIC_0029979,nv,HAM_0004233
0,0.4894654154777527,1,ham10000,ISIC_0025984,bkl,HAM_0004234
1,0.5898045897483826,1,ham10000,ISIC_0030452,bcc,HAM_0004235
0,0.09066630899906158,0,ham10000,ISIC_0032180,nv,HAM_0004236
0,0.06808821111917496,0,ham10000,ISIC_0033877,nv,HAM_0004237
0,0.33455973863601685,1,ham10000,ISIC_0024903,nv,HAM_0004238
0,0.4357631504535675,1,ham10000,ISIC_0024928,nv,HAM_0004239
1,0.7580772638320923,1,ham10000,ISIC_0032517,mel,HAM_0004240
0,0.5245696902275085,1,ham10000,ISIC_0024616,nv,HAM_0004241
0,0.3002684712409973,1,ham10000,ISIC_0028769,nv,HAM_0004242
1,0.7176048159599304,1,ham10000,ISIC_0031119,akiec,HAM_0004243
0,0.5076289176940918,1,ham10000,ISIC_0032352,nv,HAM_0004244
0,0.5727137923240662,1,ham10000,ISIC_0033701,bkl,HAM_0004245
0,0.47918128967285156,1,ham10000,ISIC_0033854,bkl,HAM_0004246
0,0.29573094844818115,1,ham10000,ISIC_0031532,nv,HAM_0004247
0,0.032265372574329376,0,ham10000,ISIC_0028812,nv,HAM_0004248
0,0.7163103222846985,1,ham10000,ISIC_0031591,bkl,HAM_0004249
0,0.05298325791954994,0,ham10000,ISIC_0032499,nv,HAM_0004250
0,0.3158586323261261,1,ham10000,ISIC_0026673,nv,HAM_0004251
0,0.35069647431373596,1,ham10000,ISIC_0030461,nv,HAM_0004252
0,0.61687171459198,1,ham10000,ISIC_0031035,nv,HAM_0004253
1,0.6114663481712341,1,ham10000,ISIC_0027030,mel,HAM_0004254
0,0.7082781791687012,1,ham10000,ISIC_0033264,bkl,HAM_0004255
0,0.5717067122459412,1,ham10000,ISIC_0027472,nv,HAM_0004256
0,0.05380668118596077,0,ham10000,ISIC_0025452,vasc,HAM_0004257
0,0.6605435013771057,1,ham10000,ISIC_0033693,bkl,HAM_0004258
0,0.6053339838981628,1,ham10000,ISIC_0026644,bkl,HAM_0004259
0,0.5084086060523987,1,ham10000,ISIC_0025525,nv,HAM_0004260
0,0.140686497092247,0,ham10000,ISIC_0027075,nv,HAM_0004261
0,0.41991984844207764,1,ham10000,ISIC_0025236,nv,HAM_0004262
0,0.15001894533634186,0,ham10000,ISIC_0031781,nv,HAM_0004263
0,0.40910089015960693,1,ham10000,ISIC_0031671,nv,HAM_0004264
1,0.3090393543243408,1,ham10000,ISIC_0025018,mel,HAM_0004265
0,0.38330328464508057,1,ham10000,ISIC_0024483,nv,HAM_0004266
0,0.5117138624191284,1,ham10000,ISIC_0028430,nv,HAM_0004267
0,0.0789777934551239,0,ham10000,ISIC_0025003,nv,HAM_0004269
0,0.1417877972126007,0,ham10000,ISIC_0028455,nv,HAM_0004270
0,0.4111699163913727,1,ham10000,ISIC_0025474,nv,HAM_0004271
0,0.43675944209098816,1,ham10000,ISIC_0032957,nv,HAM_0004272
1,0.7924642562866211,1,ham10000,ISIC_0028059,bcc,HAM_0004273
0,0.5642964243888855,1,ham10000,ISIC_0025842,bkl,HAM_0004274
0,0.6681240797042847,1,ham10000,ISIC_0026921,nv,HAM_0004275
0,0.3359079957008362,1,ham10000,ISIC_0029622,nv,HAM_0004276
0,0.35270121693611145,1,ham10000,ISIC_0026472,nv,HAM_0004277
0,0.4683598577976227,1,ham10000,ISIC_0026610,nv,HAM_0004279
0,0.30482763051986694,1,ham10000,ISIC_0030905,nv,HAM_0004280
1,0.6538767218589783,1,ham10000,ISIC_0028965,mel,HAM_0004281
1,0.759864091873169,1,ham10000,ISIC_0033151,akiec,HAM_0004282
0,0.6194714903831482,1,ham10000,ISIC_0028357,nv,HAM_0004283
1,0.6509921550750732,1,ham10000,ISIC_0032709,mel,HAM_0004284
1,0.6148408651351929,1,ham10000,ISIC_0029129,bcc,HAM_0004285
0,0.29102155566215515,1,ham10000,ISIC_0029410,nv,HAM_0004286
0,0.30229687690734863,1,ham10000,ISIC_0031128,nv,HAM_0004287
0,0.36342570185661316,1,ham10000,ISIC_0026445,nv,HAM_0004288
0,0.12855719029903412,0,ham10000,ISIC_0025879,bkl,HAM_0004289
0,0.45034903287887573,1,ham10000,ISIC_0031184,nv,HAM_0004290
0,0.3550117313861847,1,ham10000,ISIC_0031932,nv,HAM_0004291
0,0.32828548550605774,1,ham10000,ISIC_0029625,nv,HAM_0004292
0,0.400913804769516,1,ham10000,ISIC_0028153,nv,HAM_0004294
0,0.09089506417512894,0,ham10000,ISIC_0029292,nv,HAM_0004295
0,0.6263788938522339,1,ham10000,ISIC_0033739,nv,HAM_0004296
1,0.6197779178619385,1,ham10000,ISIC_0027550,akiec,HAM_0004297
0,0.38735902309417725,1,ham10000,ISIC_0025648,nv,HAM_0004298
0,0.22329241037368774,1,ham10000,ISIC_0031307,nv,HAM_0004299
1,0.5884596109390259,1,ham10000,ISIC_0025266,bcc,HAM_0004300
0,0.22208169102668762,1,ham10000,ISIC_0032487,nv,HAM_0004301
1,0.6315898895263672,1,ham10000,ISIC_0028582,mel,HAM_0004302
0,0.5003557205200195,1,ham10000,ISIC_0033737,nv,HAM_0004303
1,0.8274273872375488,1,ham10000,ISIC_0033324,mel,HAM_0004304
0,0.5534510612487793,1,ham10000,ISIC_0026392,nv,HAM_0004305
0,0.06670798361301422,0,ham10000,ISIC_0032056,nv,HAM_0004306
0,0.23798216879367828,1,ham10000,ISIC_0031714,nv,HAM_0004307
0,0.15577009320259094,0,ham10000,ISIC_0027370,bkl,HAM_0004308
0,0.4891478717327118,1,ham10000,ISIC_0028681,bkl,HAM_0004309
0,0.17135144770145416,1,ham10000,ISIC_0027871,nv,HAM_0004310
0,0.4832502007484436,1,ham10000,ISIC_0029037,nv,HAM_0004311
0,0.2711818516254425,1,ham10000,ISIC_0031768,nv,HAM_0004312
0,0.17730337381362915,1,ham10000,ISIC_0026924,nv,HAM_0004313
0,0.03695324808359146,0,ham10000,ISIC_0029758,nv,HAM_0004314
0,0.19318841397762299,1,ham10000,ISIC_0029244,nv,HAM_0004315
0,0.44715118408203125,1,ham10000,ISIC_0025116,nv,HAM_0004316
0,0.34137704968452454,1,ham10000,ISIC_0025504,df,HAM_0004317
0,0.48327693343162537,1,ham10000,ISIC_0031678,nv,HAM_0004318
0,0.36073723435401917,1,ham10000,ISIC_0026686,nv,HAM_0004319
0,0.04927375540137291,0,ham10000,ISIC_0027901,nv,HAM_0004320
1,0.7251107096672058,1,ham10000,ISIC_0033479,mel,HAM_0004321
0,0.3539998233318329,1,ham10000,ISIC_0027142,bkl,HAM_0004322
0,0.12069027870893478,0,ham10000,ISIC_0028492,nv,HAM_0004323
0,0.3433314561843872,1,ham10000,ISIC_0029898,nv,HAM_0004324
0,0.3550735414028168,1,ham10000,ISIC_0031669,nv,HAM_0004325
1,0.6108438968658447,1,ham10000,ISIC_0030883,mel,HAM_0004326
0,0.5731620788574219,1,ham10000,ISIC_0030081,bkl,HAM_0004327
0,0.4161781072616577,1,ham10000,ISIC_0027164,nv,HAM_0004328
0,0.5541584491729736,1,ham10000,ISIC_0027866,nv,HAM_0004329
0,0.6731186509132385,1,ham10000,ISIC_0029760,df,HAM_0004330
0,0.812639057636261,1,ham10000,ISIC_0032534,bkl,HAM_0004332
0,0.05871465057134628,0,ham10000,ISIC_0032259,nv,HAM_0004333
0,0.16982309520244598,1,ham10000,ISIC_0032077,nv,HAM_0004334
0,0.4505248963832855,1,ham10000,ISIC_0025187,nv,HAM_0004335
0,0.2944166660308838,1,ham10000,ISIC_0031760,nv,HAM_0004336
0,0.07738423347473145,0,ham10000,ISIC_0031981,nv,HAM_0004337
0,0.6131866574287415,1,ham10000,ISIC_0026523,bkl,HAM_0004338
0,0.24293331801891327,1,ham10000,ISIC_0026332,nv,HAM_0004339
0,0.17691637575626373,1,ham10000,ISIC_0024506,nv,HAM_0004340
0,0.4956883192062378,1,ham10000,ISIC_0031584,bkl,HAM_0004341
1,0.7242642641067505,1,ham10000,ISIC_0027976,bcc,HAM_0004342
0,0.5461192727088928,1,ham10000,ISIC_0028343,bkl,HAM_0004343
0,0.25985631346702576,1,ham10000,ISIC_0032678,nv,HAM_0004344
0,0.38283571600914,1,ham10000,ISIC_0033208,nv,HAM_0004345
0,0.22104695439338684,1,ham10000,ISIC_0033577,nv,HAM_0004346
0,0.4572049081325531,1,ham10000,ISIC_0033690,nv,HAM_0004347
0,0.4135446548461914,1,ham10000,ISIC_0033895,nv,HAM_0004348
0,0.28878355026245117,1,ham10000,ISIC_0033896,nv,HAM_0004349
0,0.5290819406509399,1,ham10000,ISIC_0033970,nv,HAM_0004350
0,0.2723495364189148,1,ham10000,ISIC_0034193,nv,HAM_0004351
0,0.18408815562725067,1,ham10000,ISIC_0034250,nv,HAM_0004352
0,0.40864431858062744,1,ham10000,ISIC_0029262,nv,HAM_0004353
1,0.6322475671768188,1,ham10000,ISIC_0026877,mel,HAM_0004354
0,0.0334194079041481,0,ham10000,ISIC_0030934,nv,HAM_0004355
0,0.5750061869621277,1,ham10000,ISIC_0025214,nv,HAM_0004356
0,0.11760884523391724,0,ham10000,ISIC_0027985,nv,HAM_0004357
0,0.2874577045440674,1,ham10000,ISIC_0025393,nv,HAM_0004358
0,0.5380357503890991,1,ham10000,ISIC_0025087,nv,HAM_0004359
0,0.42750129103660583,1,ham10000,ISIC_0024857,nv,HAM_0004360
0,0.4695591628551483,1,ham10000,ISIC_0030515,nv,HAM_0004361
0,0.14417797327041626,0,ham10000,ISIC_0031873,nv,HAM_0004362
1,0.597966194152832,1,ham10000,ISIC_0026857,akiec,HAM_0004363
1,0.618442714214325,1,ham10000,ISIC_0026697,mel,HAM_0004364
1,0.6140860319137573,1,ham10000,ISIC_0028719,bcc,HAM_0004365
0,0.36909574270248413,1,ham10000,ISIC_0030147,nv,HAM_0004366
0,0.6131970882415771,1,ham10000,ISIC_0033396,nv,HAM_0004367
0,0.4519481062889099,1,ham10000,ISIC_0030236,nv,HAM_0004368
0,0.15855714678764343,1,ham10000,ISIC_0025969,nv,HAM_0004369
0,0.3904838263988495,1,ham10000,ISIC_0024757,nv,HAM_0004370
0,0.7604853510856628,1,ham10000,ISIC_0027626,df,HAM_0004371
0,0.6381880640983582,1,ham10000,ISIC_0026964,nv,HAM_0004372
0,0.5515815019607544,1,ham10000,ISIC_0029014,bkl,HAM_0004373
0,0.1039934977889061,0,ham10000,ISIC_0030651,nv,HAM_0004374
0,0.6316559910774231,1,ham10000,ISIC_0033102,nv,HAM_0004375
1,0.5134390592575073,1,ham10000,ISIC_0024843,akiec,HAM_0004376
0,0.370680034160614,1,ham10000,ISIC_0030561,bkl,HAM_0004377
0,0.6500830054283142,1,ham10000,ISIC_0025738,nv,HAM_0004378
0,0.4026951193809509,1,ham10000,ISIC_0031352,bkl,HAM_0004379
0,0.5121672749519348,1,ham10000,ISIC_0026251,nv,HAM_0004380
0,0.394083708524704,1,ham10000,ISIC_0027426,nv,HAM_0004381
0,0.7037099599838257,1,ham10000,ISIC_0025743,bkl,HAM_0004382
0,0.5609467625617981,1,ham10000,ISIC_0031261,bkl,HAM_0004383
1,0.5688084363937378,1,ham10000,ISIC_0029025,akiec,HAM_0004384
0,0.33531540632247925,1,ham10000,ISIC_0026310,nv,HAM_0004385
0,0.27273547649383545,1,ham10000,ISIC_0024766,nv,HAM_0004386
0,0.44761961698532104,1,ham10000,ISIC_0033132,nv,HAM_0004387
1,0.3031173646450043,1,ham10000,ISIC_0027135,bcc,HAM_0004388
0,0.6021289825439453,1,ham10000,ISIC_0028121,bkl,HAM_0004389
0,0.48441004753112793,1,ham10000,ISIC_0031210,nv,HAM_0004390
0,0.1531633585691452,0,ham10000,ISIC_0030290,nv,HAM_0004391
0,0.5316885113716125,1,ham10000,ISIC_0033095,nv,HAM_0004392
0,0.38800185918807983,1,ham10000,ISIC_0029774,nv,HAM_0004393
0,0.1402849704027176,0,ham10000,ISIC_0025060,nv,HAM_0004394
0,0.30981066823005676,1,ham10000,ISIC_0025206,nv,HAM_0004395
0,0.40567466616630554,1,ham10000,ISIC_0028913,bkl,HAM_0004396
1,0.6748971939086914,1,ham10000,ISIC_0025589,mel,HAM_0004397
1,0.7269007563591003,1,ham10000,ISIC_0025358,akiec,HAM_0004398
0,0.39100632071495056,1,ham10000,ISIC_0028905,nv,HAM_0004399
0,0.551358699798584,1,ham10000,ISIC_0030026,bkl,HAM_0004400
0,0.12736353278160095,0,ham10000,ISIC_0027817,nv,HAM_0004401
0,0.2843959927558899,1,ham10000,ISIC_0025397,nv,HAM_0004402
0,0.25229790806770325,1,ham10000,ISIC_0028006,nv,HAM_0004403
0,0.39020073413848877,1,ham10000,ISIC_0025822,nv,HAM_0004404
1,0.6155587434768677,1,ham10000,ISIC_0032532,mel,HAM_0004405
0,0.5263911485671997,1,ham10000,ISIC_0033060,bkl,HAM_0004406
0,0.02125721238553524,0,ham10000,ISIC_0024555,nv,HAM_0004407
0,0.2687365412712097,1,ham10000,ISIC_0026824,nv,HAM_0004408
0,0.07706444710493088,0,ham10000,ISIC_0027888,vasc,HAM_0004409
0,0.5224787592887878,1,ham10000,ISIC_0032342,nv,HAM_0004410
0,0.5768904685974121,1,ham10000,ISIC_0032524,nv,HAM_0004411
0,0.5807589888572693,1,ham10000,ISIC_0029531,nv,HAM_0004412
0,0.11140862852334976,0,ham10000,ISIC_0026068,vasc,HAM_0004413
0,0.29894930124282837,1,ham10000,ISIC_0030576,nv,HAM_0004414
0,0.31495919823646545,1,ham10000,ISIC_0024532,nv,HAM_0004415
0,0.2359198033809662,1,ham10000,ISIC_0027947,nv,HAM_0004416
0,0.14264017343521118,0,ham10000,ISIC_0028566,nv,HAM_0004417
0,0.45829930901527405,1,ham10000,ISIC_0026376,nv,HAM_0004418
0,0.19789338111877441,1,ham10000,ISIC_0031331,nv,HAM_0004419
1,0.6527489423751831,1,ham10000,ISIC_0024795,bcc,HAM_0004420
0,0.49360305070877075,1,ham10000,ISIC_0029481,nv,HAM_0004421
0,0.6887658834457397,1,ham10000,ISIC_0027239,bkl,HAM_0004422
0,0.4429328143596649,1,ham10000,ISIC_0026737,bkl,HAM_0004423
0,0.5974118709564209,1,ham10000,ISIC_0033557,nv,HAM_0004424
0,0.03813730180263519,0,ham10000,ISIC_0025147,nv,HAM_0004425
0,0.44120585918426514,1,ham10000,ISIC_0026378,bkl,HAM_0004426
1,0.6266413927078247,1,ham10000,ISIC_0029092,mel,HAM_0004427
1,0.884984016418457,1,ham10000,ISIC_0025317,mel,HAM_0004428
0,0.20492517948150635,1,ham10000,ISIC_0032789,nv,HAM_0004430
0,0.3330692946910858,1,ham10000,ISIC_0024335,nv,HAM_0004431
0,0.5211257338523865,1,ham10000,ISIC_0024529,nv,HAM_0004432
0,0.5107735395431519,1,ham10000,ISIC_0029623,nv,HAM_0004433
0,0.26405221223831177,1,ham10000,ISIC_0024744,nv,HAM_0004434
1,0.5081316828727722,1,ham10000,ISIC_0032146,bcc,HAM_0004435
0,0.3997001349925995,1,ham10000,ISIC_0030042,nv,HAM_0004436
0,0.35274288058280945,1,ham10000,ISIC_0027316,nv,HAM_0004437
0,0.32908764481544495,1,ham10000,ISIC_0029712,nv,HAM_0004438
1,0.4876522719860077,1,ham10000,ISIC_0030986,akiec,HAM_0004439
1,0.5767413377761841,1,ham10000,ISIC_0027631,bcc,HAM_0004440
1,0.41413000226020813,1,ham10000,ISIC_0031852,akiec,HAM_0004441
0,0.7430463433265686,1,ham10000,ISIC_0033576,bkl,HAM_0004442
0,0.43640780448913574,1,ham10000,ISIC_0028758,nv,HAM_0004443
0,0.4001096785068512,1,ham10000,ISIC_0032769,nv,HAM_0004444
0,0.5724649429321289,1,ham10000,ISIC_0030551,nv,HAM_0004445
0,0.12519490718841553,0,ham10000,ISIC_0031862,nv,HAM_0004446
0,0.7285588979721069,1,ham10000,ISIC_0031831,bkl,HAM_0004448
0,0.25508353114128113,1,ham10000,ISIC_0032332,nv,HAM_0004449
0,0.597936749458313,1,ham10000,ISIC_0028868,nv,HAM_0004450
0,0.38781243562698364,1,ham10000,ISIC_0027992,nv,HAM_0004451
0,0.4120919406414032,1,ham10000,ISIC_0027381,nv,HAM_0004452
0,0.7254146337509155,1,ham10000,ISIC_0030677,bkl,HAM_0004453
0,0.10956032574176788,0,ham10000,ISIC_0029834,nv,HAM_0004454
0,0.4661834239959717,1,ham10000,ISIC_0027385,vasc,HAM_0004455
0,0.15986108779907227,1,ham10000,ISIC_0026306,nv,HAM_0004456
0,0.4696308374404907,1,ham10000,ISIC_0029485,nv,HAM_0004457
0,0.5393060445785522,1,ham10000,ISIC_0033453,bkl,HAM_0004458
0,0.16324228048324585,1,ham10000,ISIC_0029971,nv,HAM_0004459
0,0.3293044865131378,1,ham10000,ISIC_0028784,nv,HAM_0004460
0,0.5084872245788574,1,ham10000,ISIC_0031817,nv,HAM_0004461
1,0.7510554790496826,1,ham10000,ISIC_0027334,akiec,HAM_0004462
0,0.5534757375717163,1,ham10000,ISIC_0027770,bkl,HAM_0004463
0,0.34331029653549194,1,ham10000,ISIC_0025720,nv,HAM_0004464
0,0.2334054857492447,1,ham10000,ISIC_0024500,nv,HAM_0004465
0,0.45816323161125183,1,ham10000,ISIC_0031396,bkl,HAM_0004466
0,0.317761093378067,1,ham10000,ISIC_0027687,nv,HAM_0004467
0,0.44929370284080505,1,ham10000,ISIC_0030480,nv,HAM_0004468
0,0.04371529445052147,0,ham10000,ISIC_0025787,nv,HAM_0004469
0,0.22245846688747406,1,ham10000,ISIC_0028387,nv,HAM_0004470
0,0.22302822768688202,1,ham10000,ISIC_0027353,nv,HAM_0004471
1,0.6510288119316101,1,ham10000,ISIC_0025368,akiec,HAM_0004472
0,0.5342904925346375,1,ham10000,ISIC_0027881,nv,HAM_0004473
0,0.018497051671147346,0,ham10000,ISIC_0030908,nv,HAM_0004474
0,0.46368566155433655,1,ham10000,ISIC_0029920,nv,HAM_0004475
1,0.6774763464927673,1,ham10000,ISIC_0030417,mel,HAM_0004476
0,0.24234075844287872,1,ham10000,ISIC_0026646,nv,HAM_0004477
0,0.3935920000076294,1,ham10000,ISIC_0026793,nv,HAM_0004478
0,0.4482736587524414,1,ham10000,ISIC_0025027,nv,HAM_0004479
1,0.769940197467804,1,ham10000,ISIC_0032290,bcc,HAM_0004480
0,0.32783448696136475,1,ham10000,ISIC_0032391,nv,HAM_0004481
0,0.5242740511894226,1,ham10000,ISIC_0025449,nv,HAM_0004482
1,0.7233712673187256,1,ham10000,ISIC_0027487,mel,HAM_0004483
0,0.020532457157969475,0,ham10000,ISIC_0025124,nv,HAM_0004484
0,0.5458269715309143,1,ham10000,ISIC_0029814,nv,HAM_0004485
0,0.5785526037216187,1,ham10000,ISIC_0031448,nv,HAM_0004486
1,0.30214330554008484,1,ham10000,ISIC_0028989,bcc,HAM_0004487
0,0.13344523310661316,0,ham10000,ISIC_0030601,nv,HAM_0004488
0,0.3883184790611267,1,ham10000,ISIC_0031229,nv,HAM_0004489
0,0.25034087896347046,1,ham10000,ISIC_0031788,nv,HAM_0004490
0,0.4751092195510864,1,ham10000,ISIC_0025157,bkl,HAM_0004491
0,0.05548594146966934,0,ham10000,ISIC_0026026,nv,HAM_0004492
0,0.3848923146724701,1,ham10000,ISIC_0030325,nv,HAM_0004493
0,0.42964476346969604,1,ham10000,ISIC_0030458,bkl,HAM_0004494
1,0.3470114767551422,1,ham10000,ISIC_0024743,bcc,HAM_0004495
0,0.35043013095855713,1,ham10000,ISIC_0028651,df,HAM_0004496
0,0.11533020436763763,0,ham10000,ISIC_0025625,nv,HAM_0004497
0,0.35095471143722534,1,ham10000,ISIC_0025586,nv,HAM_0004498
0,0.2718072831630707,1,ham10000,ISIC_0027331,nv,HAM_0004499
0,0.40285569429397583,1,ham10000,ISIC_0025032,bkl,HAM_0004500
0,0.37942981719970703,1,ham10000,ISIC_0028856,bkl,HAM_0004501
0,0.42172348499298096,1,ham10000,ISIC_0024541,nv,HAM_0004502
0,0.5886281728744507,1,ham10000,ISIC_0032735,nv,HAM_0004503
0,0.5035379528999329,1,ham10000,ISIC_0029415,nv,HAM_0004504
0,0.553156316280365,1,ham10000,ISIC_0029369,nv,HAM_0004505
0,0.5606598854064941,1,ham10000,ISIC_0027320,bkl,HAM_0004506
1,0.5865889191627502,1,ham10000,ISIC_0024554,mel,HAM_0004507
0,0.18946297466754913,1,ham10000,ISIC_0033628,nv,HAM_0004508
0,0.22025489807128906,1,ham10000,ISIC_0028028,nv,HAM_0004509
0,0.07538213580846786,0,ham10000,ISIC_0031110,nv,HAM_0004510
1,0.42459574341773987,1,ham10000,ISIC_0024590,bcc,HAM_0004511
0,0.4017021059989929,1,ham10000,ISIC_0027977,nv,HAM_0004512
0,0.2924436330795288,1,ham10000,ISIC_0026011,nv,HAM_0004513
1,0.48585471510887146,1,ham10000,ISIC_0030690,bcc,HAM_0004514
1,0.3230915367603302,1,ham10000,ISIC_0029564,bcc,HAM_0004515
0,0.22304826974868774,1,ham10000,ISIC_0025775,nv,HAM_0004516
0,0.32719433307647705,1,ham10000,ISIC_0025359,nv,HAM_0004517
0,0.1414373368024826,0,ham10000,ISIC_0024578,nv,HAM_0004518
0,0.6019603610038757,1,ham10000,ISIC_0028230,nv,HAM_0004519
0,0.3136538565158844,1,ham10000,ISIC_0027259,nv,HAM_0004520
1,0.5953242182731628,1,ham10000,ISIC_0031413,bcc,HAM_0004521
1,0.7600188851356506,1,ham10000,ISIC_0028381,akiec,HAM_0004522
0,0.2507093846797943,1,ham10000,ISIC_0029984,nv,HAM_0004523
0,0.5316462516784668,1,ham10000,ISIC_0027406,nv,HAM_0004524
0,0.3703523576259613,1,ham10000,ISIC_0032106,nv,HAM_0004526
0,0.4100971519947052,1,ham10000,ISIC_0027638,nv,HAM_0004527
0,0.4425632357597351,1,ham10000,ISIC_0031969,nv,HAM_0004528
0,0.27568376064300537,1,ham10000,ISIC_0029245,nv,HAM_0004529
0,0.36174899339675903,1,ham10000,ISIC_0030667,nv,HAM_0004530
0,0.5353313088417053,1,ham10000,ISIC_0025799,bkl,HAM_0004531
0,0.6377654671669006,1,ham10000,ISIC_0026706,nv,HAM_0004532
0,0.1737295389175415,1,ham10000,ISIC_0030871,nv,HAM_0004533
0,0.3338969349861145,1,ham10000,ISIC_0024363,nv,HAM_0004534
0,0.40250417590141296,1,ham10000,ISIC_0024364,nv,HAM_0004535
1,0.4903007745742798,1,ham10000,ISIC_0025644,bcc,HAM_0004536
0,0.197835773229599,1,ham10000,ISIC_0026361,nv,HAM_0004537
0,0.5902369618415833,1,ham10000,ISIC_0029273,nv,HAM_0004538
1,0.5585295557975769,1,ham10000,ISIC_0025617,bcc,HAM_0004539
0,0.24388088285923004,1,ham10000,ISIC_0027357,nv,HAM_0004540
0,0.04438818618655205,0,ham10000,ISIC_0028838,nv,HAM_0004541
0,0.22288654744625092,1,ham10000,ISIC_0024402,vasc,HAM_0004542
0,0.09748318791389465,0,ham10000,ISIC_0032170,bkl,HAM_0004543
0,0.34983181953430176,1,ham10000,ISIC_0031099,nv,HAM_0004544
0,0.614521324634552,1,ham10000,ISIC_0025985,bkl,HAM_0004545
0,0.27804988622665405,1,ham10000,ISIC_0026561,nv,HAM_0004546
1,0.4894295930862427,1,ham10000,ISIC_0031303,mel,HAM_0004547
0,0.4373478293418884,1,ham10000,ISIC_0032520,nv,HAM_0004548
0,0.08769998699426651,0,ham10000,ISIC_0031201,vasc,HAM_0004549
0,0.4589264392852783,1,ham10000,ISIC_0032728,nv,HAM_0004550
0,0.3207663297653198,1,ham10000,ISIC_0031763,nv,HAM_0004551
0,0.1143835037946701,0,ham10000,ISIC_0027593,nv,HAM_0004552
0,0.4054776430130005,1,ham10000,ISIC_0028673,nv,HAM_0004553
0,0.31483355164527893,1,ham10000,ISIC_0026065,nv,HAM_0004554
0,0.6989206671714783,1,ham10000,ISIC_0033200,bkl,HAM_0004555
0,0.5298239588737488,1,ham10000,ISIC_0028123,bkl,HAM_0004556
0,0.012503722682595253,0,ham10000,ISIC_0032465,nv,HAM_0004557
1,0.696567952632904,1,ham10000,ISIC_0030341,akiec,HAM_0004558
1,0.4919440448284149,1,ham10000,ISIC_0028220,mel,HAM_0004559
0,0.23941738903522491,1,ham10000,ISIC_0030738,nv,HAM_0004560
0,0.21204300224781036,1,ham10000,ISIC_0024775,nv,HAM_0004561
0,0.3774232566356659,1,ham10000,ISIC_0031387,nv,HAM_0004562
1,0.8071531057357788,1,ham10000,ISIC_0031211,akiec,HAM_0004563
0,0.4645998179912567,1,ham10000,ISIC_0026761,nv,HAM_0004564
1,0.4648926258087158,1,ham10000,ISIC_0027561,mel,HAM_0004565
0,0.2481270581483841,1,ham10000,ISIC_0029394,bkl,HAM_0004566
0,0.5825325846672058,1,ham10000,ISIC_0027372,nv,HAM_0004567
1,0.7768033146858215,1,ham10000,ISIC_0024463,akiec,HAM_0004568
0,0.3676252067089081,1,ham10000,ISIC_0026104,bkl,HAM_0004569
0,0.6008884310722351,1,ham10000,ISIC_0030396,bkl,HAM_0004570
1,0.594843864440918,1,ham10000,ISIC_0033578,mel,HAM_0004571
0,0.30749160051345825,1,ham10000,ISIC_0032868,nv,HAM_0004572
0,0.3378530740737915,1,ham10000,ISIC_0024849,nv,HAM_0004573
0,0.5826361179351807,1,ham10000,ISIC_0032566,nv,HAM_0004574
0,0.5029341578483582,1,ham10000,ISIC_0024789,nv,HAM_0004575
0,0.05588570609688759,0,ham10000,ISIC_0028738,nv,HAM_0004576
0,0.20525531470775604,1,ham10000,ISIC_0027134,nv,HAM_0004577
1,0.7129577398300171,1,ham10000,ISIC_0034239,mel,HAM_0004578
1,0.5876335501670837,1,ham10000,ISIC_0025603,mel,HAM_0004579
0,0.47662025690078735,1,ham10000,ISIC_0030872,nv,HAM_0004580
0,0.4392077624797821,1,ham10000,ISIC_0032539,nv,HAM_0004581
0,0.4780369699001312,1,ham10000,ISIC_0033875,nv,HAM_0004582
0,0.3228759467601776,1,ham10000,ISIC_0034200,nv,HAM_0004583
0,0.4461764991283417,1,ham10000,ISIC_0034249,nv,HAM_0004584
0,0.36034703254699707,1,ham10000,ISIC_0032881,nv,HAM_0004585
0,0.46354106068611145,1,ham10000,ISIC_0033329,nv,HAM_0004586
0,0.34697598218917847,1,ham10000,ISIC_0034181,nv,HAM_0004587
0,0.1053972840309143,0,ham10000,ISIC_0033277,nv,HAM_0004588
0,0.29083946347236633,1,ham10000,ISIC_0033197,nv,HAM_0004589
0,0.4865614175796509,1,ham10000,ISIC_0032824,nv,HAM_0004590
0,0.4308677017688751,1,ham10000,ISIC_0027743,nv,HAM_0004591
1,0.5265392065048218,1,ham10000,ISIC_0029141,akiec,HAM_0004592
1,0.4477651119232178,1,ham10000,ISIC_0024900,mel,HAM_0004593
0,0.41809865832328796,1,ham10000,ISIC_0032418,nv,HAM_0004594
0,0.2511008679866791,1,ham10000,ISIC_0027844,nv,HAM_0004595
1,0.4512309432029724,1,ham10000,ISIC_0027187,mel,HAM_0004596
0,0.08568862080574036,0,ham10000,ISIC_0027050,nv,HAM_0004597
0,0.012293540872633457,0,ham10000,ISIC_0030345,nv,HAM_0004598
0,0.5462981462478638,1,ham10000,ISIC_0033861,nv,HAM_0004599
0,0.42748159170150757,1,ham10000,ISIC_0028464,nv,HAM_0004600
0,0.22300706803798676,1,ham10000,ISIC_0028443,nv,HAM_0004601
0,0.15253271162509918,0,ham10000,ISIC_0031240,nv,HAM_0004602
1,0.5911945104598999,1,ham10000,ISIC_0025793,bcc,HAM_0004603
0,0.4008391499519348,1,ham10000,ISIC_0027133,nv,HAM_0004604
0,0.2833661735057831,1,ham10000,ISIC_0032267,nv,HAM_0004605
0,0.3695964515209198,1,ham10000,ISIC_0027273,nv,HAM_0004606
1,0.4925607442855835,1,ham10000,ISIC_0026150,mel,HAM_0004607
0,0.2812701165676117,1,ham10000,ISIC_0028979,nv,HAM_0004608
1,0.8283427357673645,1,ham10000,ISIC_0024710,akiec,HAM_0004609
0,0.1495111584663391,0,ham10000,ISIC_0025042,nv,HAM_0004610
0,0.36077597737312317,1,ham10000,ISIC_0027716,nv,HAM_0004611
0,0.015357797965407372,0,ham10000,ISIC_0031333,nv,HAM_0004612
0,0.3001750409603119,1,ham10000,ISIC_0031938,nv,HAM_0004613
0,0.5146227478981018,1,ham10000,ISIC_0030151,nv,HAM_0004614
0,0.19492094218730927,1,ham10000,ISIC_0032815,nv,HAM_0004615
0,0.4064722955226898,1,ham10000,ISIC_0030084,nv,HAM_0004616
0,0.1942085474729538,1,ham10000,ISIC_0025664,nv,HAM_0004619
1,0.5901322960853577,1,ham10000,ISIC_0033122,mel,HAM_0004620
1,0.6112223267555237,1,ham10000,ISIC_0025818,bcc,HAM_0004621
1,0.4734799265861511,1,ham10000,ISIC_0028666,mel,HAM_0004622
0,0.19907230138778687,1,ham10000,ISIC_0024746,nv,HAM_0004623
1,0.45567506551742554,1,ham10000,ISIC_0028329,bcc,HAM_0004624
0,0.21175242960453033,1,ham10000,ISIC_0029346,nv,HAM_0004625
0,0.3498150110244751,1,ham10000,ISIC_0026904,nv,HAM_0004626
1,0.5972974896430969,1,ham10000,ISIC_0029974,bcc,HAM_0004627
0,0.21281874179840088,1,ham10000,ISIC_0027405,nv,HAM_0004628
0,0.44718313217163086,1,ham10000,ISIC_0027019,nv,HAM_0004629
0,0.7468122839927673,1,ham10000,ISIC_0025292,bkl,HAM_0004630
0,0.05910671874880791,0,ham10000,ISIC_0032473,nv,HAM_0004631
0,0.5663440227508545,1,ham10000,ISIC_0024382,bkl,HAM_0004632
0,0.6310939192771912,1,ham10000,ISIC_0025772,nv,HAM_0004633
0,0.5745255351066589,1,ham10000,ISIC_0032454,nv,HAM_0004634
1,0.42540568113327026,1,ham10000,ISIC_0029541,akiec,HAM_0004636
1,0.4135501980781555,1,ham10000,ISIC_0032036,mel,HAM_0004637
0,0.3746924102306366,1,ham10000,ISIC_0029344,nv,HAM_0004638
0,0.34770897030830383,1,ham10000,ISIC_0025635,nv,HAM_0004639
0,0.20626947283744812,1,ham10000,ISIC_0031834,nv,HAM_0004640
0,0.5014215707778931,1,ham10000,ISIC_0025099,bkl,HAM_0004641
1,0.5973712801933289,1,ham10000,ISIC_0025121,mel,HAM_0004642
1,0.8022042512893677,1,ham10000,ISIC_0029651,mel,HAM_0004643
0,0.2908368706703186,1,ham10000,ISIC_0031232,nv,HAM_0004644
0,0.31634023785591125,1,ham10000,ISIC_0030028,nv,HAM_0004645
0,0.4964185655117035,1,ham10000,ISIC_0029140,nv,HAM_0004646
0,0.3908091187477112,1,ham10000,ISIC_0025639,nv,HAM_0004647
0,0.6253848075866699,1,ham10000,ISIC_0025911,df,HAM_0004648
0,0.04985526576638222,0,ham10000,ISIC_0031373,nv,HAM_0004649
0,0.2760007083415985,1,ham10000,ISIC_0028149,nv,HAM_0004650
1,0.46123701333999634,1,ham10000,ISIC_0027328,mel,HAM_0004651
0,0.3690970242023468,1,ham10000,ISIC_0024583,nv,HAM_0004652
0,0.2206476330757141,1,ham10000,ISIC_0028431,vasc,HAM_0004653
1,0.5442097783088684,1,ham10000,ISIC_0027130,mel,HAM_0004654
1,0.4874049723148346,1,ham10000,ISIC_0030463,akiec,HAM_0004655
0,0.46041062474250793,1,ham10000,ISIC_0027475,nv,HAM_0004656
0,0.5548762679100037,1,ham10000,ISIC_0024369,nv,HAM_0004657
0,0.4393911361694336,1,ham10000,ISIC_0031478,nv,HAM_0004658
0,0.1048383116722107,0,ham10000,ISIC_0027993,nv,HAM_0004659
0,0.6736651062965393,1,ham10000,ISIC_0027504,bkl,HAM_0004660
0,0.3505268692970276,1,ham10000,ISIC_0026808,nv,HAM_0004661
1,0.630063533782959,1,ham10000,ISIC_0024331,bcc,HAM_0004662
0,0.5658915638923645,1,ham10000,ISIC_0025809,nv,HAM_0004663
0,0.4638403356075287,1,ham10000,ISIC_0027566,nv,HAM_0004664
0,0.1900782734155655,1,ham10000,ISIC_0030990,nv,HAM_0004665
0,0.5871132612228394,1,ham10000,ISIC_0029165,nv,HAM_0004666
0,0.6498668193817139,1,ham10000,ISIC_0031317,nv,HAM_0004667
0,0.09537352621555328,0,ham10000,ISIC_0027272,nv,HAM_0004668
1,0.45827698707580566,1,ham10000,ISIC_0028543,mel,HAM_0004669
0,0.19177745282649994,1,ham10000,ISIC_0033190,nv,HAM_0004670
0,0.31302565336227417,1,ham10000,ISIC_0026013,nv,HAM_0004671
0,0.039040543138980865,0,ham10000,ISIC_0026550,nv,HAM_0004672
0,0.5837863087654114,1,ham10000,ISIC_0027455,bkl,HAM_0004673
0,0.3141874074935913,1,ham10000,ISIC_0027252,nv,HAM_0004674
0,0.5116173028945923,1,ham10000,ISIC_0031411,nv,HAM_0004675
1,0.5003952980041504,1,ham10000,ISIC_0026247,mel,HAM_0004676
0,0.7315025925636292,1,ham10000,ISIC_0027680,bkl,HAM_0004677
0,0.45087701082229614,1,ham10000,ISIC_0025952,nv,HAM_0004678
0,0.15829606354236603,0,ham10000,ISIC_0030985,nv,HAM_0004679
0,0.19179843366146088,1,ham10000,ISIC_0024876,nv,HAM_0004680
0,0.615946352481842,1,ham10000,ISIC_0031919,nv,HAM_0004681
0,0.038081806153059006,0,ham10000,ISIC_0028474,nv,HAM_0004682
0,0.29175183176994324,1,ham10000,ISIC_0026079,nv,HAM_0004683
0,0.16768933832645416,1,ham10000,ISIC_0028394,nv,HAM_0004684
1,0.8200860619544983,1,ham10000,ISIC_0030767,bcc,HAM_0004685
0,0.20382122695446014,1,ham10000,ISIC_0028574,nv,HAM_0004686
1,0.7983143329620361,1,ham10000,ISIC_0032938,mel,HAM_0004687
0,0.41142603754997253,1,ham10000,ISIC_0032000,nv,HAM_0004688
0,0.2041085958480835,1,ham10000,ISIC_0029158,nv,HAM_0004689
0,0.5874866843223572,1,ham10000,ISIC_0027374,bkl,HAM_0004690
0,0.4288201332092285,1,ham10000,ISIC_0025805,bkl,HAM_0004691
0,0.25805211067199707,1,ham10000,ISIC_0030734,nv,HAM_0004692
0,0.025019437074661255,0,ham10000,ISIC_0025283,nv,HAM_0004693
0,0.6708747148513794,1,ham10000,ISIC_0028611,bkl,HAM_0004695
0,0.8621475100517273,1,ham10000,ISIC_0024881,bkl,HAM_0004696
0,0.15449073910713196,0,ham10000,ISIC_0026856,nv,HAM_0004697
0,0.5294274091720581,1,ham10000,ISIC_0030127,nv,HAM_0004698
0,0.46461257338523865,1,ham10000,ISIC_0027497,nv,HAM_0004699
0,0.17051388323307037,1,ham10000,ISIC_0024727,nv,HAM_0004700
0,0.5741395950317383,1,ham10000,ISIC_0032243,nv,HAM_0004701
0,0.2027052491903305,1,ham10000,ISIC_0028462,nv,HAM_0004702
0,0.41770264506340027,1,ham10000,ISIC_0028658,nv,HAM_0004703
0,0.37490805983543396,1,ham10000,ISIC_0026093,nv,HAM_0004704
0,0.6850449442863464,1,ham10000,ISIC_0034260,nv,HAM_0004705
0,0.4065527617931366,1,ham10000,ISIC_0033308,nv,HAM_0004706
0,0.2322598248720169,1,ham10000,ISIC_0029386,nv,HAM_0004707
0,0.4297340512275696,1,ham10000,ISIC_0033561,nv,HAM_0004708
1,0.6329425573348999,1,ham10000,ISIC_0026558,mel,HAM_0004709
0,0.2179732471704483,1,ham10000,ISIC_0028270,nv,HAM_0004710
1,0.5618182420730591,1,ham10000,ISIC_0028197,bcc,HAM_0004711
0,0.14839260280132294,0,ham10000,ISIC_0030101,nv,HAM_0004712
0,0.41244742274284363,1,ham10000,ISIC_0031125,bkl,HAM_0004713
0,0.3365817070007324,1,ham10000,ISIC_0032651,nv,HAM_0004714
0,0.2595926821231842,1,ham10000,ISIC_0030494,nv,HAM_0004715
0,0.2251630574464798,1,ham10000,ISIC_0032729,nv,HAM_0004716
0,0.6458266377449036,1,ham10000,ISIC_0025227,nv,HAM_0004717
0,0.37270456552505493,1,ham10000,ISIC_0027589,nv,HAM_0004718
0,0.5911431908607483,1,ham10000,ISIC_0029276,nv,HAM_0004719
1,0.7752805352210999,1,ham10000,ISIC_0027277,mel,HAM_0004720
0,0.487393856048584,1,ham10000,ISIC_0032234,nv,HAM_0004721
1,0.7076090574264526,1,ham10000,ISIC_0024575,akiec,HAM_0004722
0,0.29822784662246704,1,ham10000,ISIC_0032413,nv,HAM_0004723
0,0.5868403315544128,1,ham10000,ISIC_0024924,nv,HAM_0004724
0,0.30305665731430054,1,ham10000,ISIC_0032507,nv,HAM_0004725
0,0.5066612958908081,1,ham10000,ISIC_0027579,nv,HAM_0004726
0,0.16609184443950653,1,ham10000,ISIC_0028250,nv,HAM_0004727
0,0.45534253120422363,1,ham10000,ISIC_0026779,nv,HAM_0004728
0,0.24832913279533386,1,ham10000,ISIC_0026198,nv,HAM_0004729
0,0.2602754533290863,1,ham10000,ISIC_0032297,nv,HAM_0004730
0,0.4138352572917938,1,ham10000,ISIC_0031248,nv,HAM_0004731
0,0.16080963611602783,1,ham10000,ISIC_0024858,nv,HAM_0004732
0,0.16162095963954926,1,ham10000,ISIC_0027565,nv,HAM_0004733
0,0.3622532784938812,1,ham10000,ISIC_0026396,nv,HAM_0004734
0,0.4293970465660095,1,ham10000,ISIC_0030000,nv,HAM_0004735
0,0.43917638063430786,1,ham10000,ISIC_0031990,nv,HAM_0004736
0,0.3042551875114441,1,ham10000,ISIC_0027221,nv,HAM_0004737
0,0.5924031138420105,1,ham10000,ISIC_0027512,nv,HAM_0004738
1,0.8122286200523376,1,ham10000,ISIC_0025234,mel,HAM_0004739
0,0.3372155725955963,1,ham10000,ISIC_0024992,nv,HAM_0004740
0,0.22642916440963745,1,ham10000,ISIC_0031687,nv,HAM_0004741
0,0.08846523612737656,0,ham10000,ISIC_0028338,nv,HAM_0004742
0,0.42493078112602234,1,ham10000,ISIC_0024692,nv,HAM_0004744
0,0.4696071743965149,1,ham10000,ISIC_0028004,nv,HAM_0004745
1,0.47541531920433044,1,ham10000,ISIC_0028764,mel,HAM_0004746
0,0.33892175555229187,1,ham10000,ISIC_0031435,nv,HAM_0004747
0,0.36708521842956543,1,ham10000,ISIC_0027513,bkl,HAM_0004748
0,0.683401882648468,1,ham10000,ISIC_0024543,nv,HAM_0004749
0,0.23761548101902008,1,ham10000,ISIC_0029266,nv,HAM_0004750
0,0.08948327600955963,0,ham10000,ISIC_0026776,nv,HAM_0004751
0,0.031605761498212814,0,ham10000,ISIC_0028549,nv,HAM_0004752
0,0.2833142578601837,1,ham10000,ISIC_0031884,nv,HAM_0004753
1,0.7263023853302002,1,ham10000,ISIC_0032790,mel,HAM_0004754
0,0.23610195517539978,1,ham10000,ISIC_0029151,nv,HAM_0004755
0,0.5976627469062805,1,ham10000,ISIC_0029248,df,HAM_0004756
0,0.2859322130680084,1,ham10000,ISIC_0025607,nv,HAM_0004757
0,0.14348319172859192,0,ham10000,ISIC_0028491,nv,HAM_0004758
0,0.2489967793226242,1,ham10000,ISIC_0030467,nv,HAM_0004759
0,0.41602763533592224,1,ham10000,ISIC_0026826,nv,HAM_0004761
0,0.509662926197052,1,ham10000,ISIC_0026080,nv,HAM_0004762
0,0.6198315620422363,1,ham10000,ISIC_0024891,nv,HAM_0004763
0,0.23016981780529022,1,ham10000,ISIC_0025270,nv,HAM_0004764
0,0.35163095593452454,1,ham10000,ISIC_0025599,vasc,HAM_0004765
0,0.5704556107521057,1,ham10000,ISIC_0030462,nv,HAM_0004766
1,0.5571427941322327,1,ham10000,ISIC_0025531,mel,HAM_0004767
0,0.49838826060295105,1,ham10000,ISIC_0024408,bkl,HAM_0004768
0,0.19171977043151855,1,ham10000,ISIC_0025250,vasc,HAM_0004769
0,0.3488166630268097,1,ham10000,ISIC_0032495,nv,HAM_0004770
0,0.2441263198852539,1,ham10000,ISIC_0024622,nv,HAM_0004771
0,0.20427319407463074,1,ham10000,ISIC_0027223,nv,HAM_0004772
0,0.6913530230522156,1,ham10000,ISIC_0032853,nv,HAM_0004773
0,0.1554577350616455,0,ham10000,ISIC_0031497,nv,HAM_0004774
0,0.5179110765457153,1,ham10000,ISIC_0027293,nv,HAM_0004775
0,0.8175808191299438,1,ham10000,ISIC_0032545,vasc,HAM_0004776
0,0.3993038237094879,1,ham10000,ISIC_0026749,nv,HAM_0004777
0,0.40168869495391846,1,ham10000,ISIC_0028432,nv,HAM_0004778
1,0.6304739117622375,1,ham10000,ISIC_0024823,mel,HAM_0004779
1,0.5557633638381958,1,ham10000,ISIC_0029315,akiec,HAM_0004780
0,0.36438488960266113,1,ham10000,ISIC_0025025,nv,HAM_0004781
0,0.41623520851135254,1,ham10000,ISIC_0026264,nv,HAM_0004782
0,0.233189195394516,1,ham10000,ISIC_0025671,nv,HAM_0004783
1,0.514458179473877,1,ham10000,ISIC_0027872,mel,HAM_0004784
0,0.4342564344406128,1,ham10000,ISIC_0030788,nv,HAM_0004785
0,0.32128092646598816,1,ham10000,ISIC_0029751,nv,HAM_0004786
0,0.5868600606918335,1,ham10000,ISIC_0029566,nv,HAM_0004787
0,0.8296638131141663,1,ham10000,ISIC_0032835,bkl,HAM_0004788
0,0.40197643637657166,1,ham10000,ISIC_0031652,nv,HAM_0004789
0,0.24380917847156525,1,ham10000,ISIC_0030902,nv,HAM_0004790
0,0.8046586513519287,1,ham10000,ISIC_0032538,vasc,HAM_0004791
0,0.20353123545646667,1,ham10000,ISIC_0031604,nv,HAM_0004792
0,0.2894377112388611,1,ham10000,ISIC_0028102,nv,HAM_0004793
0,0.1316935271024704,0,ham10000,ISIC_0027481,nv,HAM_0004794
0,0.36398810148239136,1,ham10000,ISIC_0026595,nv,HAM_0004795
0,0.5309817790985107,1,ham10000,ISIC_0032143,nv,HAM_0004796
0,0.14879867434501648,0,ham10000,ISIC_0024895,nv,HAM_0004797
0,0.27381864190101624,1,ham10000,ISIC_0029103,nv,HAM_0004798
0,0.16910895705223083,1,ham10000,ISIC_0030807,nv,HAM_0004799
0,0.386974960565567,1,ham10000,ISIC_0029620,nv,HAM_0004800
0,0.4440852701663971,1,ham10000,ISIC_0030365,bkl,HAM_0004801
0,0.5113160014152527,1,ham10000,ISIC_0024596,nv,HAM_0004802
0,0.5311508774757385,1,ham10000,ISIC_0030880,nv,HAM_0004803
0,0.37214571237564087,1,ham10000,ISIC_0030497,nv,HAM_0004804
0,0.23211610317230225,1,ham10000,ISIC_0028641,nv,HAM_0004805
0,0.6009033918380737,1,ham10000,ISIC_0031031,nv,HAM_0004806
0,0.6415589451789856,1,ham10000,ISIC_0030124,bkl,HAM_0004807
0,0.32818546891212463,1,ham10000,ISIC_0029078,nv,HAM_0004808
1,0.79814213514328,1,ham10000,ISIC_0029840,akiec,HAM_0004809
0,0.20072446763515472,1,ham10000,ISIC_0030220,nv,HAM_0004810
1,0.7092597484588623,1,ham10000,ISIC_0032602,mel,HAM_0004811
0,0.15252313017845154,0,ham10000,ISIC_0025682,nv,HAM_0004812
1,0.5833819508552551,1,ham10000,ISIC_0027063,mel,HAM_0004813
0,0.6168406009674072,1,ham10000,ISIC_0032702,nv,HAM_0004814
0,0.2958512008190155,1,ham10000,ISIC_0031342,nv,HAM_0004815
0,0.38970595598220825,1,ham10000,ISIC_0031608,nv,HAM_0004816
1,0.65406334400177,1,ham10000,ISIC_0025238,mel,HAM_0004817
0,0.18389929831027985,1,ham10000,ISIC_0030736,nv,HAM_0004818
0,0.41768747568130493,1,ham10000,ISIC_0028975,nv,HAM_0004819
0,0.8789385557174683,1,ham10000,ISIC_0030722,vasc,HAM_0004820
0,0.05596518516540527,0,ham10000,ISIC_0031885,nv,HAM_0004821
0,0.22658847272396088,1,ham10000,ISIC_0029788,nv,HAM_0004822
0,0.3354805111885071,1,ham10000,ISIC_0032108,nv,HAM_0004823
0,0.3911827802658081,1,ham10000,ISIC_0026698,nv,HAM_0004824
0,0.2984580993652344,1,ham10000,ISIC_0028152,nv,HAM_0004825
0,0.39057761430740356,1,ham10000,ISIC_0027564,nv,HAM_0004826
1,0.20592235028743744,1,ham10000,ISIC_0027819,bcc,HAM_0004827
0,0.2710497975349426,1,ham10000,ISIC_0028848,nv,HAM_0004828
0,0.452515184879303,1,ham10000,ISIC_0032595,nv,HAM_0004829
0,0.4624002277851105,1,ham10000,ISIC_0027248,nv,HAM_0004830
1,0.6474506855010986,1,ham10000,ISIC_0025144,bcc,HAM_0004831
0,0.7662420272827148,1,ham10000,ISIC_0024709,bkl,HAM_0004832
0,0.512246310710907,1,ham10000,ISIC_0026133,nv,HAM_0004833
0,0.38846203684806824,1,ham10000,ISIC_0025328,nv,HAM_0004834
0,0.37524688243865967,1,ham10000,ISIC_0031809,nv,HAM_0004835
0,0.4572690427303314,1,ham10000,ISIC_0025533,nv,HAM_0004836
0,0.17282092571258545,1,ham10000,ISIC_0030735,nv,HAM_0004837
0,0.3777715861797333,1,ham10000,ISIC_0030869,nv,HAM_0004838
0,0.29196980595588684,1,ham10000,ISIC_0024599,nv,HAM_0004839
0,0.44280314445495605,1,ham10000,ISIC_0025273,nv,HAM_0004840
0,0.0627112165093422,0,ham10000,ISIC_0028694,nv,HAM_0004841
0,0.4970509707927704,1,ham10000,ISIC_0026854,nv,HAM_0004842
0,0.26211869716644287,1,ham10000,ISIC_0031280,nv,HAM_0004843
1,0.6219100952148438,1,ham10000,ISIC_0033394,mel,HAM_0004844
0,0.2866612672805786,1,ham10000,ISIC_0026486,nv,HAM_0004845
1,0.4870016872882843,1,ham10000,ISIC_0026411,akiec,HAM_0004846
0,0.3193695545196533,1,ham10000,ISIC_0030906,nv,HAM_0004847
1,0.536778450012207,1,ham10000,ISIC_0032727,bcc,HAM_0004848
1,0.7329251170158386,1,ham10000,ISIC_0032991,bcc,HAM_0004849
1,0.5237657427787781,1,ham10000,ISIC_0026438,mel,HAM_0004850
0,0.17430035769939423,1,ham10000,ISIC_0031219,nv,HAM_0004851
0,0.5283722281455994,1,ham10000,ISIC_0028774,bkl,HAM_0004852
1,0.70587158203125,1,ham10000,ISIC_0030333,mel,HAM_0004853
0,0.10811997205018997,0,ham10000,ISIC_0033078,nv,HAM_0004854
0,0.48058652877807617,1,ham10000,ISIC_0026642,nv,HAM_0004855
0,0.42494481801986694,1,ham10000,ISIC_0026299,nv,HAM_0004856
0,0.6252998113632202,1,ham10000,ISIC_0029038,nv,HAM_0004857
0,0.24302132427692413,1,ham10000,ISIC_0032239,nv,HAM_0004858
1,0.4547031819820404,1,ham10000,ISIC_0033653,mel,HAM_0004859
0,0.2585359811782837,1,ham10000,ISIC_0031732,nv,HAM_0004860
0,0.27054619789123535,1,ham10000,ISIC_0031153,nv,HAM_0004861
0,0.0977393239736557,0,ham10000,ISIC_0032057,vasc,HAM_0004862
0,0.38424909114837646,1,ham10000,ISIC_0024945,nv,HAM_0004863
0,0.6756888628005981,1,ham10000,ISIC_0024682,nv,HAM_0004864
0,0.029147254303097725,0,ham10000,ISIC_0028157,nv,HAM_0004865
0,0.6862452626228333,1,ham10000,ISIC_0032184,nv,HAM_0004866
0,0.38731908798217773,1,ham10000,ISIC_0031538,nv,HAM_0004868
0,0.4281878173351288,1,ham10000,ISIC_0025370,nv,HAM_0004869
0,0.44561395049095154,1,ham10000,ISIC_0024751,nv,HAM_0004870
1,0.8088440299034119,1,ham10000,ISIC_0030261,bcc,HAM_0004871
0,0.36643534898757935,1,ham10000,ISIC_0033202,nv,HAM_0004872
1,0.8698151111602783,1,ham10000,ISIC_0029020,bcc,HAM_0004873
0,0.2515159249305725,1,ham10000,ISIC_0032160,nv,HAM_0004874
0,0.3456007242202759,1,ham10000,ISIC_0028268,nv,HAM_0004875
0,0.568733274936676,1,ham10000,ISIC_0029356,nv,HAM_0004876
0,0.5764138698577881,1,ham10000,ISIC_0027159,vasc,HAM_0004877
1,0.5079749226570129,1,ham10000,ISIC_0026802,mel,HAM_0004878
0,0.29849469661712646,1,ham10000,ISIC_0032419,nv,HAM_0004879
1,0.6718010902404785,1,ham10000,ISIC_0028583,bcc,HAM_0004880
1,0.7804905772209167,1,ham10000,ISIC_0032913,mel,HAM_0004881
0,0.32743170857429504,1,ham10000,ISIC_0033357,nv,HAM_0004882
0,0.6584185361862183,1,ham10000,ISIC_0030436,bkl,HAM_0004883
0,0.4276900887489319,1,ham10000,ISIC_0025937,bkl,HAM_0004884
0,0.2270566076040268,1,ham10000,ISIC_0030570,nv,HAM_0004885
0,0.37632784247398376,1,ham10000,ISIC_0027112,nv,HAM_0004886
0,0.018651243299245834,0,ham10000,ISIC_0024717,nv,HAM_0004887
1,0.41811472177505493,1,ham10000,ISIC_0030107,mel,HAM_0004888
0,0.6625086665153503,1,ham10000,ISIC_0026714,bkl,HAM_0004889
0,0.36945632100105286,1,ham10000,ISIC_0028054,nv,HAM_0004890
0,0.07703755795955658,0,ham10000,ISIC_0027943,nv,HAM_0004891
0,0.43352222442626953,1,ham10000,ISIC_0025228,nv,HAM_0004892
0,0.4141039550304413,1,ham10000,ISIC_0031906,nv,HAM_0004893
0,0.30189746618270874,1,ham10000,ISIC_0030643,nv,HAM_0004894
0,0.04045528173446655,0,ham10000,ISIC_0024753,nv,HAM_0004895
0,0.15924908220767975,1,ham10000,ISIC_0025369,nv,HAM_0004896
0,0.3267366886138916,1,ham10000,ISIC_0024352,nv,HAM_0004897
1,0.311151385307312,1,ham10000,ISIC_0024932,mel,HAM_0004898
1,0.5922074317932129,1,ham10000,ISIC_0027930,akiec,HAM_0004899
0,0.24083559215068817,1,ham10000,ISIC_0027860,nv,HAM_0004900
0,0.44670090079307556,1,ham10000,ISIC_0025361,nv,HAM_0004901
0,0.3082728385925293,1,ham10000,ISIC_0030823,nv,HAM_0004902
0,0.32605263590812683,1,ham10000,ISIC_0025604,nv,HAM_0004903
0,0.48360008001327515,1,ham10000,ISIC_0032381,nv,HAM_0004904
0,0.6510148048400879,1,ham10000,ISIC_0027162,bkl,HAM_0004905
0,0.4283277094364166,1,ham10000,ISIC_0028522,nv,HAM_0004906
0,0.2944791615009308,1,ham10000,ISIC_0026001,nv,HAM_0004907
0,0.4586024880409241,1,ham10000,ISIC_0028710,bkl,HAM_0004908
0,0.3675256669521332,1,ham10000,ISIC_0025118,nv,HAM_0004909
1,0.6549735069274902,1,ham10000,ISIC_0026115,mel,HAM_0004910
0,0.36730098724365234,1,ham10000,ISIC_0030860,nv,HAM_0004911
0,0.5278838872909546,1,ham10000,ISIC_0025753,bkl,HAM_0004912
0,0.24512514472007751,1,ham10000,ISIC_0025770,nv,HAM_0004913
1,0.4431751072406769,1,ham10000,ISIC_0034062,mel,HAM_0004914
0,0.15148228406906128,0,ham10000,ISIC_0025272,nv,HAM_0004915
0,0.0400109700858593,0,ham10000,ISIC_0026010,nv,HAM_0004916
0,0.5463333129882812,1,ham10000,ISIC_0026301,bkl,HAM_0004917
0,0.28427591919898987,1,ham10000,ISIC_0026317,nv,HAM_0004918
0,0.5291980504989624,1,ham10000,ISIC_0025226,nv,HAM_0004919
0,0.08320978283882141,0,ham10000,ISIC_0030983,nv,HAM_0004920
0,0.5304031372070312,1,ham10000,ISIC_0025389,bkl,HAM_0004921
0,0.5261586904525757,1,ham10000,ISIC_0027108,nv,HAM_0004922
0,0.4873672425746918,1,ham10000,ISIC_0030444,nv,HAM_0004923
0,0.22912947833538055,1,ham10000,ISIC_0027040,nv,HAM_0004924
0,0.22130683064460754,1,ham10000,ISIC_0024873,nv,HAM_0004925
0,0.2243533581495285,1,ham10000,ISIC_0024785,nv,HAM_0004926
1,0.8418611884117126,1,ham10000,ISIC_0032921,mel,HAM_0004927
0,0.5315256714820862,1,ham10000,ISIC_0029770,bkl,HAM_0004928
0,0.18071655929088593,1,ham10000,ISIC_0029044,nv,HAM_0004929
0,0.23319660127162933,1,ham10000,ISIC_0026428,nv,HAM_0004931
0,0.012913948856294155,0,ham10000,ISIC_0032212,nv,HAM_0004932
0,0.4268808364868164,1,ham10000,ISIC_0025558,nv,HAM_0004933
0,0.31309041380882263,1,ham10000,ISIC_0030629,nv,HAM_0004935
1,0.534297525882721,1,ham10000,ISIC_0025573,mel,HAM_0004936
1,0.8083386421203613,1,ham10000,ISIC_0026988,bcc,HAM_0004937
0,0.2247520536184311,1,ham10000,ISIC_0027214,nv,HAM_0004938
0,0.5039742588996887,1,ham10000,ISIC_0026521,nv,HAM_0004939
1,0.3580099940299988,1,ham10000,ISIC_0026970,bcc,HAM_0004940
0,0.44227585196495056,1,ham10000,ISIC_0027121,nv,HAM_0004941
0,0.5310057401657104,1,ham10000,ISIC_0028202,nv,HAM_0004942
0,0.7659275531768799,1,ham10000,ISIC_0027790,vasc,HAM_0004943
0,0.4152856469154358,1,ham10000,ISIC_0030559,nv,HAM_0004944
0,0.6364004611968994,1,ham10000,ISIC_0029358,bkl,HAM_0004945
0,0.403507262468338,1,ham10000,ISIC_0030425,nv,HAM_0004946
0,0.5958555936813354,1,ham10000,ISIC_0024711,bkl,HAM_0004947
0,0.02651766873896122,0,ham10000,ISIC_0025736,nv,HAM_0004948
1,0.40370193123817444,1,ham10000,ISIC_0032981,mel,HAM_0004949
0,0.4491135776042938,1,ham10000,ISIC_0031878,nv,HAM_0004950
0,0.3297543227672577,1,ham10000,ISIC_0026339,nv,HAM_0004951
0,0.12091542035341263,0,ham10000,ISIC_0028111,nv,HAM_0004952
0,0.5061857104301453,1,ham10000,ISIC_0030156,nv,HAM_0004954
0,0.2569682002067566,1,ham10000,ISIC_0027128,nv,HAM_0004955
0,0.47590866684913635,1,ham10000,ISIC_0030810,nv,HAM_0004956
0,0.6031620502471924,1,ham10000,ISIC_0027652,bkl,HAM_0004958
0,0.03242646902799606,0,ham10000,ISIC_0028262,nv,HAM_0004959
0,0.6026014685630798,1,ham10000,ISIC_0027876,df,HAM_0004960
0,0.3667716085910797,1,ham10000,ISIC_0025705,nv,HAM_0004961
0,0.6138548254966736,1,ham10000,ISIC_0032563,nv,HAM_0004963
0,0.40605705976486206,1,ham10000,ISIC_0028062,nv,HAM_0004964
0,0.1463405042886734,0,ham10000,ISIC_0025287,nv,HAM_0004965
0,0.389190673828125,1,ham10000,ISIC_0029508,nv,HAM_0004966
1,0.5205333232879639,1,ham10000,ISIC_0028815,bcc,HAM_0004967
0,0.03852448612451553,0,ham10000,ISIC_0025521,nv,HAM_0004969
1,0.7535690069198608,1,ham10000,ISIC_0026593,bcc,HAM_0004970
0,0.28108882904052734,1,ham10000,ISIC_0028836,nv,HAM_0004971
0,0.3498417139053345,1,ham10000,ISIC_0026997,nv,HAM_0004972
0,0.15835706889629364,0,ham10000,ISIC_0025872,nv,HAM_0004973
0,0.2995178997516632,1,ham10000,ISIC_0028959,nv,HAM_0004974
0,0.7380372285842896,1,ham10000,ISIC_0032863,bkl,HAM_0004975
1,0.44242629408836365,1,ham10000,ISIC_0028499,akiec,HAM_0004976
0,0.1824810802936554,1,ham10000,ISIC_0028740,nv,HAM_0004977
0,0.03637171909213066,0,ham10000,ISIC_0032101,nv,HAM_0004978
1,0.5129669904708862,1,ham10000,ISIC_0026596,mel,HAM_0004979
1,0.5765814781188965,1,ham10000,ISIC_0027693,mel,HAM_0004980
0,0.19477929174900055,1,ham10000,ISIC_0030493,nv,HAM_0004981
0,0.3341495394706726,1,ham10000,ISIC_0025192,nv,HAM_0004982
0,0.028708329424262047,0,ham10000,ISIC_0030291,nv,HAM_0004983
1,0.6849914789199829,1,ham10000,ISIC_0032879,mel,HAM_0004984
0,0.6153444647789001,1,ham10000,ISIC_0024518,nv,HAM_0004985
0,0.3634324073791504,1,ham10000,ISIC_0025598,nv,HAM_0004986
0,0.20545729994773865,1,ham10000,ISIC_0027132,nv,HAM_0004987
0,0.6256383061408997,1,ham10000,ISIC_0025659,bkl,HAM_0004988
0,0.2950848937034607,1,ham10000,ISIC_0028669,nv,HAM_0004989
0,0.08635184168815613,0,ham10000,ISIC_0028433,nv,HAM_0004990
0,0.2638090252876282,1,ham10000,ISIC_0028809,nv,HAM_0004991
1,0.49983519315719604,1,ham10000,ISIC_0026132,akiec,HAM_0004992
0,0.1725083291530609,1,ham10000,ISIC_0031736,nv,HAM_0004993
0,0.10352828353643417,0,ham10000,ISIC_0028839,nv,HAM_0004994
0,0.21956688165664673,1,ham10000,ISIC_0029869,nv,HAM_0004995
0,0.19622346758842468,1,ham10000,ISIC_0028909,nv,HAM_0004996
0,0.365707129240036,1,ham10000,ISIC_0027305,nv,HAM_0004997
1,0.6393576860427856,1,ham10000,ISIC_0033304,mel,HAM_0004998
0,0.3885982036590576,1,ham10000,ISIC_0027690,nv,HAM_0004999
0,0.22836335003376007,1,ham10000,ISIC_0031312,nv,HAM_0005000
0,0.4022965133190155,1,ham10000,ISIC_0031438,nv,HAM_0005001
0,0.5299068093299866,1,ham10000,ISIC_0031869,nv,HAM_0005002
0,0.24688316881656647,1,ham10000,ISIC_0026689,nv,HAM_0005003
0,0.29896610975265503,1,ham10000,ISIC_0028708,nv,HAM_0005004
0,0.1331365555524826,0,ham10000,ISIC_0031920,nv,HAM_0005005
1,0.7229488492012024,1,ham10000,ISIC_0031146,mel,HAM_0005006
0,0.5455158352851868,1,ham10000,ISIC_0024668,nv,HAM_0005007
0,0.5266560316085815,1,ham10000,ISIC_0026580,nv,HAM_0005008
0,0.7269055247306824,1,ham10000,ISIC_0027569,nv,HAM_0005009
1,0.09122592210769653,0,ham10000,ISIC_0033180,mel,HAM_0005010
0,0.09463933110237122,0,ham10000,ISIC_0026393,vasc,HAM_0005011
0,0.03305959701538086,0,ham10000,ISIC_0031251,nv,HAM_0005012
0,0.3977140188217163,1,ham10000,ISIC_0030448,nv,HAM_0005013
0,0.4952491223812103,1,ham10000,ISIC_0030504,nv,HAM_0005014
0,0.2372456043958664,1,ham10000,ISIC_0026355,nv,HAM_0005015
0,0.47478872537612915,1,ham10000,ISIC_0027045,nv,HAM_0005016
0,0.5104303956031799,1,ham10000,ISIC_0025310,nv,HAM_0005017
0,0.1164800226688385,0,ham10000,ISIC_0026440,nv,HAM_0005018
0,0.38489097356796265,1,ham10000,ISIC_0029097,nv,HAM_0005019
1,0.4911116361618042,1,ham10000,ISIC_0026626,akiec,HAM_0005020
1,0.5235206484794617,1,ham10000,ISIC_0033454,mel,HAM_0005021
0,0.5499037504196167,1,ham10000,ISIC_0027367,bkl,HAM_0005022
0,0.28879669308662415,1,ham10000,ISIC_0031805,nv,HAM_0005023
1,0.3599795699119568,1,ham10000,ISIC_0025803,akiec,HAM_0005024
0,0.21552109718322754,1,ham10000,ISIC_0032261,nv,HAM_0005025
1,0.8211406469345093,1,ham10000,ISIC_0028728,bcc,HAM_0005026
1,0.6769965887069702,1,ham10000,ISIC_0026138,akiec,HAM_0005027
0,0.1768566220998764,1,ham10000,ISIC_0031190,nv,HAM_0005028
0,0.037214286625385284,0,ham10000,ISIC_0031514,nv,HAM_0005029
1,0.5948629975318909,1,ham10000,ISIC_0028303,bcc,HAM_0005030
0,0.39121341705322266,1,ham10000,ISIC_0025109,nv,HAM_0005031
0,0.25930994749069214,1,ham10000,ISIC_0027376,nv,HAM_0005032
0,0.20465818047523499,1,ham10000,ISIC_0032224,nv,HAM_0005033
0,0.5092855095863342,1,ham10000,ISIC_0027024,nv,HAM_0005034
0,0.3185538649559021,1,ham10000,ISIC_0025536,nv,HAM_0005035
0,0.45766931772232056,1,ham10000,ISIC_0025815,nv,HAM_0005036
0,0.1167745590209961,0,ham10000,ISIC_0028108,nv,HAM_0005037
0,0.43545740842819214,1,ham10000,ISIC_0026914,nv,HAM_0005038
0,0.5382772088050842,1,ham10000,ISIC_0024320,nv,HAM_0005039
1,0.4969111680984497,1,ham10000,ISIC_0033302,mel,HAM_0005040
0,0.352485328912735,1,ham10000,ISIC_0028019,nv,HAM_0005041
0,0.12000314891338348,0,ham10000,ISIC_0026220,nv,HAM_0005042
0,0.13760030269622803,0,ham10000,ISIC_0025004,nv,HAM_0005043
0,0.14663459360599518,0,ham10000,ISIC_0032169,nv,HAM_0005044
0,0.055340882390737534,0,ham10000,ISIC_0030701,nv,HAM_0005045
0,0.2543094754219055,1,ham10000,ISIC_0029561,nv,HAM_0005046
0,0.603870153427124,1,ham10000,ISIC_0029105,nv,HAM_0005047
0,0.37939372658729553,1,ham10000,ISIC_0029553,nv,HAM_0005048
0,0.5449990034103394,1,ham10000,ISIC_0028201,bkl,HAM_0005049
0,0.17060840129852295,1,ham10000,ISIC_0025949,nv,HAM_0005050
0,0.41850730776786804,1,ham10000,ISIC_0031798,nv,HAM_0005051
0,0.17132030427455902,1,ham10000,ISIC_0033724,nv,HAM_0005052
0,0.43048080801963806,1,ham10000,ISIC_0024761,bkl,HAM_0005053
0,0.026281364262104034,0,ham10000,ISIC_0030676,nv,HAM_0005054
0,0.22949199378490448,1,ham10000,ISIC_0030903,nv,HAM_0005055
0,0.541101336479187,1,ham10000,ISIC_0031094,nv,HAM_0005056
0,0.45207345485687256,1,ham10000,ISIC_0027711,nv,HAM_0005057
1,0.659458577632904,1,ham10000,ISIC_0025700,bcc,HAM_0005058
0,0.5590797066688538,1,ham10000,ISIC_0034027,nv,HAM_0005059
0,0.6989665627479553,1,ham10000,ISIC_0027852,nv,HAM_0005060
1,0.6305309534072876,1,ham10000,ISIC_0032466,mel,HAM_0005061
0,0.5479852557182312,1,ham10000,ISIC_0033211,nv,HAM_0005062
0,0.11678210645914078,0,ham10000,ISIC_0030419,nv,HAM_0005063
1,0.6459289789199829,1,ham10000,ISIC_0027144,mel,HAM_0005064
0,0.3965132534503937,1,ham10000,ISIC_0031256,nv,HAM_0005065
0,0.5227866768836975,1,ham10000,ISIC_0030787,nv,HAM_0005066
0,0.39448076486587524,1,ham10000,ISIC_0026261,nv,HAM_0005067
1,0.5389239192008972,1,ham10000,ISIC_0026156,bcc,HAM_0005068
0,0.2004474699497223,1,ham10000,ISIC_0028301,nv,HAM_0005069
0,0.13012884557247162,0,ham10000,ISIC_0030863,nv,HAM_0005070
0,0.24653273820877075,1,ham10000,ISIC_0029987,nv,HAM_0005071
0,0.16436949372291565,1,ham10000,ISIC_0031632,nv,HAM_0005072
0,0.05576794967055321,0,ham10000,ISIC_0029956,nv,HAM_0005073
0,0.6344124674797058,1,ham10000,ISIC_0028200,bkl,HAM_0005074
0,0.36720120906829834,1,ham10000,ISIC_0029060,bkl,HAM_0005075
0,0.14306171238422394,0,ham10000,ISIC_0024404,nv,HAM_0005076
0,0.5856587290763855,1,ham10000,ISIC_0028646,bkl,HAM_0005077
1,0.6552678346633911,1,ham10000,ISIC_0030784,mel,HAM_0005078
0,0.4946344196796417,1,ham10000,ISIC_0028420,nv,HAM_0005079
0,0.25725144147872925,1,ham10000,ISIC_0027951,nv,HAM_0005080
0,0.1858299821615219,1,ham10000,ISIC_0029326,nv,HAM_0005081
0,0.47338706254959106,1,ham10000,ISIC_0025699,bkl,HAM_0005082
0,0.31216469407081604,1,ham10000,ISIC_0031482,nv,HAM_0005083
1,0.7356200814247131,1,ham10000,ISIC_0027261,mel,HAM_0005084
0,0.5632272362709045,1,ham10000,ISIC_0029257,nv,HAM_0005085
0,0.4732140600681305,1,ham10000,ISIC_0030772,nv,HAM_0005086
0,0.01862972415983677,0,ham10000,ISIC_0024765,nv,HAM_0005087
0,0.240022674202919,1,ham10000,ISIC_0031647,nv,HAM_0005088
0,0.3504142761230469,1,ham10000,ISIC_0025673,nv,HAM_0005089
0,0.5985881090164185,1,ham10000,ISIC_0029162,nv,HAM_0005090
0,0.5160860419273376,1,ham10000,ISIC_0027345,nv,HAM_0005091
0,0.5800082087516785,1,ham10000,ISIC_0030232,nv,HAM_0005092
0,0.2969774603843689,1,ham10000,ISIC_0030517,nv,HAM_0005093
0,0.2523070275783539,1,ham10000,ISIC_0027816,nv,HAM_0005094
1,0.7126659154891968,1,ham10000,ISIC_0030324,mel,HAM_0005095
0,0.25227802991867065,1,ham10000,ISIC_0029741,bkl,HAM_0005096
0,0.42238399386405945,1,ham10000,ISIC_0031018,nv,HAM_0005097
0,0.033015117049217224,0,ham10000,ISIC_0024728,nv,HAM_0005098
0,0.4297936260700226,1,ham10000,ISIC_0029648,nv,HAM_0005099
0,0.36187058687210083,1,ham10000,ISIC_0030274,nv,HAM_0005100
0,0.02921161986887455,0,ham10000,ISIC_0024643,bkl,HAM_0005101
0,0.7048108577728271,1,ham10000,ISIC_0028128,nv,HAM_0005102
0,0.11843691021203995,0,ham10000,ISIC_0025079,nv,HAM_0005103
0,0.32259830832481384,1,ham10000,ISIC_0030204,nv,HAM_0005104
0,0.12216407060623169,0,ham10000,ISIC_0027377,nv,HAM_0005105
0,0.6305913329124451,1,ham10000,ISIC_0032901,nv,HAM_0005106
0,0.423280268907547,1,ham10000,ISIC_0026502,nv,HAM_0005107
0,0.38817745447158813,1,ham10000,ISIC_0026078,nv,HAM_0005108
0,0.5562297105789185,1,ham10000,ISIC_0025412,nv,HAM_0005110
0,0.1943337768316269,1,ham10000,ISIC_0030911,nv,HAM_0005111
0,0.5217527151107788,1,ham10000,ISIC_0024386,df,HAM_0005112
0,0.3203425705432892,1,ham10000,ISIC_0028516,nv,HAM_0005113
0,0.1754748523235321,1,ham10000,ISIC_0028038,nv,HAM_0005114
0,0.4423048496246338,1,ham10000,ISIC_0033008,nv,HAM_0005115
0,0.42697349190711975,1,ham10000,ISIC_0032953,nv,HAM_0005116
1,0.8165690898895264,1,ham10000,ISIC_0025712,akiec,HAM_0005117
0,0.1543729603290558,0,ham10000,ISIC_0025357,nv,HAM_0005118
0,0.16504111886024475,1,ham10000,ISIC_0029335,nv,HAM_0005119
0,0.14159587025642395,0,ham10000,ISIC_0027685,nv,HAM_0005120
1,0.5183277130126953,1,ham10000,ISIC_0029591,mel,HAM_0005121
0,0.6659864783287048,1,ham10000,ISIC_0034265,nv,HAM_0005122
0,0.21276618540287018,1,ham10000,ISIC_0025877,nv,HAM_0005123
1,0.5907184481620789,1,ham10000,ISIC_0030150,mel,HAM_0005124
0,0.6316442489624023,1,ham10000,ISIC_0024726,bkl,HAM_0005125
0,0.5607637763023376,1,ham10000,ISIC_0028822,bkl,HAM_0005126
0,0.3740230202674866,1,ham10000,ISIC_0026384,nv,HAM_0005127
0,0.17915724217891693,1,ham10000,ISIC_0025549,nv,HAM_0005128
0,0.1218656450510025,0,ham10000,ISIC_0027870,nv,HAM_0005129
0,0.2624002695083618,1,ham10000,ISIC_0032002,nv,HAM_0005130
0,0.6718774437904358,1,ham10000,ISIC_0034007,bkl,HAM_0005131
0,0.7561980485916138,1,ham10000,ISIC_0025209,bkl,HAM_0005132
0,0.1553729623556137,0,ham10000,ISIC_0028409,nv,HAM_0005133
0,0.3918856084346771,1,ham10000,ISIC_0029523,nv,HAM_0005134
0,0.46548816561698914,1,ham10000,ISIC_0032989,nv,HAM_0005135
0,0.12368810176849365,0,ham10000,ISIC_0024337,bkl,HAM_0005136
0,0.15855583548545837,1,ham10000,ISIC_0027207,nv,HAM_0005138
0,0.46701475977897644,1,ham10000,ISIC_0028260,nv,HAM_0005139
0,0.15605291724205017,0,ham10000,ISIC_0026662,nv,HAM_0005140
1,0.6263280510902405,1,ham10000,ISIC_0033217,mel,HAM_0005141
0,0.5708757638931274,1,ham10000,ISIC_0031701,nv,HAM_0005142
0,0.518568217754364,1,ham10000,ISIC_0030303,nv,HAM_0005143
0,0.02448664978146553,0,ham10000,ISIC_0026130,nv,HAM_0005144
0,0.20026634633541107,1,ham10000,ISIC_0032255,nv,HAM_0005145
0,0.42196547985076904,1,ham10000,ISIC_0026526,bkl,HAM_0005146
0,0.4734157621860504,1,ham10000,ISIC_0029076,nv,HAM_0005147
0,0.3418404757976532,1,ham10000,ISIC_0026969,nv,HAM_0005148
0,0.22347109019756317,1,ham10000,ISIC_0028161,nv,HAM_0005150
0,0.45652711391448975,1,ham10000,ISIC_0030992,nv,HAM_0005151
0,0.1851075142621994,1,ham10000,ISIC_0030112,nv,HAM_0005152
0,0.5721863508224487,1,ham10000,ISIC_0030847,nv,HAM_0005153
0,0.5362450480461121,1,ham10000,ISIC_0024762,nv,HAM_0005154
0,0.5757346153259277,1,ham10000,ISIC_0025321,vasc,HAM_0005155
0,0.29861143231391907,1,ham10000,ISIC_0033330,nv,HAM_0005156
0,0.4182615280151367,1,ham10000,ISIC_0024880,bkl,HAM_0005157
0,0.6371826529502869,1,ham10000,ISIC_0031950,vasc,HAM_0005158
0,0.7119022607803345,1,ham10000,ISIC_0025352,nv,HAM_0005159
0,0.5106793642044067,1,ham10000,ISIC_0024935,nv,HAM_0005160
0,0.3390948176383972,1,ham10000,ISIC_0030472,nv,HAM_0005161
0,0.42395004630088806,1,ham10000,ISIC_0025568,nv,HAM_0005162
0,0.42610448598861694,1,ham10000,ISIC_0026888,nv,HAM_0005163
0,0.3540317118167877,1,ham10000,ISIC_0028837,nv,HAM_0005164
0,0.30751141905784607,1,ham10000,ISIC_0030108,nv,HAM_0005165
0,0.07584317028522491,0,ham10000,ISIC_0024815,nv,HAM_0005166
0,0.1008320152759552,0,ham10000,ISIC_0031780,nv,HAM_0005167
0,0.03938891738653183,0,ham10000,ISIC_0028277,nv,HAM_0005168
0,0.15853898227214813,1,ham10000,ISIC_0027557,nv,HAM_0005169
0,0.26311200857162476,1,ham10000,ISIC_0026253,nv,HAM_0005170
0,0.3543585538864136,1,ham10000,ISIC_0029380,nv,HAM_0005171
0,0.529552698135376,1,ham10000,ISIC_0027156,nv,HAM_0005172
0,0.43781784176826477,1,ham10000,ISIC_0025400,nv,HAM_0005173
0,0.5561798214912415,1,ham10000,ISIC_0032276,nv,HAM_0005174
0,0.7233194708824158,1,ham10000,ISIC_0029479,nv,HAM_0005175
0,0.47073113918304443,1,ham10000,ISIC_0031117,nv,HAM_0005176
0,0.13330700993537903,0,ham10000,ISIC_0029423,nv,HAM_0005177
0,0.08387745171785355,0,ham10000,ISIC_0030285,nv,HAM_0005178
0,0.07332361489534378,0,ham10000,ISIC_0024957,nv,HAM_0005179
1,0.5043172240257263,1,ham10000,ISIC_0024454,bcc,HAM_0005180
0,0.02929084375500679,0,ham10000,ISIC_0027483,nv,HAM_0005181
0,0.1752963364124298,1,ham10000,ISIC_0031288,nv,HAM_0005182
0,0.5139613747596741,1,ham10000,ISIC_0029696,nv,HAM_0005183
1,0.6347841024398804,1,ham10000,ISIC_0029644,bcc,HAM_0005184
0,0.5454527139663696,1,ham10000,ISIC_0033412,nv,HAM_0005185
1,0.7153843641281128,1,ham10000,ISIC_0026993,mel,HAM_0005186
0,0.3642611503601074,1,ham10000,ISIC_0029385,nv,HAM_0005187
0,0.5413761734962463,1,ham10000,ISIC_0024824,nv,HAM_0005188
0,0.45670899748802185,1,ham10000,ISIC_0025762,nv,HAM_0005189
0,0.7451034188270569,1,ham10000,ISIC_0032700,nv,HAM_0005190
1,0.43525198101997375,1,ham10000,ISIC_0031177,mel,HAM_0005191
0,0.16319110989570618,1,ham10000,ISIC_0031858,nv,HAM_0005192
0,0.5993661880493164,1,ham10000,ISIC_0026742,nv,HAM_0005193
0,0.48565083742141724,1,ham10000,ISIC_0032561,nv,HAM_0005194
0,0.20793107151985168,1,ham10000,ISIC_0025929,nv,HAM_0005195
0,0.3806178867816925,1,ham10000,ISIC_0030922,nv,HAM_0005197
0,0.47955241799354553,1,ham10000,ISIC_0032920,nv,HAM_0005198
0,0.6137149333953857,1,ham10000,ISIC_0024982,bkl,HAM_0005199
0,0.44859644770622253,1,ham10000,ISIC_0032393,nv,HAM_0005200
0,0.20772762596607208,1,ham10000,ISIC_0028855,nv,HAM_0005201
0,0.37870365381240845,1,ham10000,ISIC_0028974,nv,HAM_0005202
1,0.42053455114364624,1,ham10000,ISIC_0027742,mel,HAM_0005203
0,0.6038826704025269,1,ham10000,ISIC_0024749,nv,HAM_0005204
0,0.2592978775501251,1,ham10000,ISIC_0027581,nv,HAM_0005205
0,0.6576613783836365,1,ham10000,ISIC_0032521,nv,HAM_0005206
0,0.3320525288581848,1,ham10000,ISIC_0028781,nv,HAM_0005208
0,0.47584566473960876,1,ham10000,ISIC_0032713,nv,HAM_0005209
0,0.06467745453119278,0,ham10000,ISIC_0025965,nv,HAM_0005210
0,0.4487253427505493,1,ham10000,ISIC_0030282,nv,HAM_0005211
0,0.14159199595451355,0,ham10000,ISIC_0033356,nv,HAM_0005213
0,0.027165528386831284,0,ham10000,ISIC_0031114,nv,HAM_0005214
0,0.08005335927009583,0,ham10000,ISIC_0028406,vasc,HAM_0005215
0,0.22661006450653076,1,ham10000,ISIC_0032161,nv,HAM_0005216
0,0.13243579864501953,0,ham10000,ISIC_0025057,nv,HAM_0005217
0,0.08736969530582428,0,ham10000,ISIC_0028939,nv,HAM_0005218
0,0.056077323853969574,0,ham10000,ISIC_0027935,nv,HAM_0005219
0,0.2510331869125366,1,ham10000,ISIC_0025479,nv,HAM_0005220
0,0.2624232769012451,1,ham10000,ISIC_0029019,nv,HAM_0005221
0,0.23064036667346954,1,ham10000,ISIC_0026636,nv,HAM_0005222
0,0.02516523376107216,0,ham10000,ISIC_0029536,nv,HAM_0005223
0,0.5015413761138916,1,ham10000,ISIC_0026929,nv,HAM_0005224
0,0.4442080557346344,1,ham10000,ISIC_0031213,nv,HAM_0005225
0,0.3572606146335602,1,ham10000,ISIC_0029290,nv,HAM_0005226
0,0.5101967453956604,1,ham10000,ISIC_0027410,nv,HAM_0005227
1,0.46387147903442383,1,ham10000,ISIC_0026702,akiec,HAM_0005228
0,0.2789197564125061,1,ham10000,ISIC_0030003,nv,HAM_0005229
0,0.1378418654203415,0,ham10000,ISIC_0027127,nv,HAM_0005230
1,0.5070146918296814,1,ham10000,ISIC_0025247,akiec,HAM_0005231
0,0.6068148016929626,1,ham10000,ISIC_0025993,nv,HAM_0005232
0,0.41439661383628845,1,ham10000,ISIC_0026289,nv,HAM_0005233
0,0.381883442401886,1,ham10000,ISIC_0027347,nv,HAM_0005234
0,0.4809148907661438,1,ham10000,ISIC_0029437,nv,HAM_0005235
0,0.44112730026245117,1,ham10000,ISIC_0026366,nv,HAM_0005236
0,0.5591230988502502,1,ham10000,ISIC_0027240,nv,HAM_0005237
0,0.24781690537929535,1,ham10000,ISIC_0030393,nv,HAM_0005238
0,0.6505905389785767,1,ham10000,ISIC_0028679,nv,HAM_0005239
0,0.4553866386413574,1,ham10000,ISIC_0030169,nv,HAM_0005240
0,0.39418506622314453,1,ham10000,ISIC_0029699,nv,HAM_0005241
0,0.5367327332496643,1,ham10000,ISIC_0027597,nv,HAM_0005242
1,0.8214482069015503,1,ham10000,ISIC_0024885,bcc,HAM_0005243
0,0.44122517108917236,1,ham10000,ISIC_0030473,nv,HAM_0005244
0,0.08135898411273956,0,ham10000,ISIC_0024375,vasc,HAM_0005245
0,0.4611494839191437,1,ham10000,ISIC_0030059,nv,HAM_0005246
0,0.2368374466896057,1,ham10000,ISIC_0024687,nv,HAM_0005247
0,0.3127647936344147,1,ham10000,ISIC_0032902,nv,HAM_0005248
1,0.31140950322151184,1,ham10000,ISIC_0032526,mel,HAM_0005249
0,0.3588559031486511,1,ham10000,ISIC_0029792,nv,HAM_0005250
1,0.8485367298126221,1,ham10000,ISIC_0026868,mel,HAM_0005251
0,0.4320125877857208,1,ham10000,ISIC_0028185,nv,HAM_0005252
0,0.21594230830669403,1,ham10000,ISIC_0026715,nv,HAM_0005253
0,0.12674136459827423,0,ham10000,ISIC_0026820,nv,HAM_0005254
1,0.7192719578742981,1,ham10000,ISIC_0025811,akiec,HAM_0005255
1,0.5142510533332825,1,ham10000,ISIC_0033728,mel,HAM_0005256
0,0.23353996872901917,1,ham10000,ISIC_0033751,nv,HAM_0005257
0,0.4643780589103699,1,ham10000,ISIC_0033262,bkl,HAM_0005258
0,0.18874897062778473,1,ham10000,ISIC_0030174,nv,HAM_0005259
0,0.430388867855072,1,ham10000,ISIC_0025485,bkl,HAM_0005260
0,0.34456756711006165,1,ham10000,ISIC_0027390,nv,HAM_0005261
0,0.5313268899917603,1,ham10000,ISIC_0030488,bkl,HAM_0005262
0,0.4698890745639801,1,ham10000,ISIC_0032889,nv,HAM_0005263
1,0.8065682053565979,1,ham10000,ISIC_0024946,akiec,HAM_0005264
0,0.41989248991012573,1,ham10000,ISIC_0032998,nv,HAM_0005265
0,0.5001600384712219,1,ham10000,ISIC_0027605,nv,HAM_0005266
0,0.5796427726745605,1,ham10000,ISIC_0026423,nv,HAM_0005267
1,0.6540590524673462,1,ham10000,ISIC_0027825,bcc,HAM_0005268
0,0.4266108572483063,1,ham10000,ISIC_0025649,nv,HAM_0005269
0,0.4737618863582611,1,ham10000,ISIC_0032270,vasc,HAM_0005270
0,0.09996901452541351,0,ham10000,ISIC_0025306,nv,HAM_0005271
0,0.3003593683242798,1,ham10000,ISIC_0028786,nv,HAM_0005272
0,0.29642266035079956,1,ham10000,ISIC_0025065,nv,HAM_0005273
1,0.3407783508300781,1,ham10000,ISIC_0032766,mel,HAM_0005274
0,0.666435956954956,1,ham10000,ISIC_0028749,bkl,HAM_0005275
0,0.7816238403320312,1,ham10000,ISIC_0027008,df,HAM_0005276
0,0.1898428201675415,1,ham10000,ISIC_0030750,nv,HAM_0005277
0,0.5641545653343201,1,ham10000,ISIC_0027826,bkl,HAM_0005278
0,0.194081649184227,1,ham10000,ISIC_0030322,nv,HAM_0005279
1,0.6708759069442749,1,ham10000,ISIC_0033063,mel,HAM_0005280
0,0.28281453251838684,1,ham10000,ISIC_0028908,nv,HAM_0005281
1,0.7482737302780151,1,ham10000,ISIC_0025178,akiec,HAM_0005282
0,0.22447587549686432,1,ham10000,ISIC_0030418,nv,HAM_0005283
0,0.5869243741035461,1,ham10000,ISIC_0027707,nv,HAM_0005284
0,0.05793472006917,0,ham10000,ISIC_0025167,nv,HAM_0005285
0,0.1214047223329544,0,ham10000,ISIC_0025999,nv,HAM_0005286
0,0.518746018409729,1,ham10000,ISIC_0026354,nv,HAM_0005288
0,0.12296630442142487,0,ham10000,ISIC_0026703,nv,HAM_0005290
0,0.3539007306098938,1,ham10000,ISIC_0026907,bkl,HAM_0005291
0,0.11412248760461807,0,ham10000,ISIC_0030974,nv,HAM_0005292
0,0.027475647628307343,0,ham10000,ISIC_0025342,nv,HAM_0005293
0,0.4246351420879364,1,ham10000,ISIC_0027055,nv,HAM_0005294
0,0.5732210278511047,1,ham10000,ISIC_0024690,nv,HAM_0005295
0,0.3677208423614502,1,ham10000,ISIC_0029484,nv,HAM_0005296
0,0.27460601925849915,1,ham10000,ISIC_0029662,nv,HAM_0005298
0,0.6065230369567871,1,ham10000,ISIC_0032732,bkl,HAM_0005299
0,0.34246641397476196,1,ham10000,ISIC_0033625,nv,HAM_0005300
1,0.4873490631580353,1,ham10000,ISIC_0026362,akiec,HAM_0005301
1,0.41339826583862305,1,ham10000,ISIC_0031539,bcc,HAM_0005302
1,0.6993475556373596,1,ham10000,ISIC_0032522,mel,HAM_0005303
1,0.7168691754341125,1,ham10000,ISIC_0026056,bcc,HAM_0005304
0,0.18539533019065857,1,ham10000,ISIC_0028771,nv,HAM_0005305
0,0.27466702461242676,1,ham10000,ISIC_0027056,nv,HAM_0005306
0,0.11396267265081406,0,ham10000,ISIC_0027765,nv,HAM_0005307
0,0.3878343403339386,1,ham10000,ISIC_0032828,nv,HAM_0005308
1,0.6467653512954712,1,ham10000,ISIC_0026282,bcc,HAM_0005309
1,0.7683342695236206,1,ham10000,ISIC_0027231,akiec,HAM_0005310
0,0.06812833994626999,0,ham10000,ISIC_0025556,nv,HAM_0005311
0,0.6347540020942688,1,ham10000,ISIC_0034033,nv,HAM_0005312
0,0.47723788022994995,1,ham10000,ISIC_0033335,nv,HAM_0005313
0,0.6227715015411377,1,ham10000,ISIC_0030693,nv,HAM_0005314
1,0.5565087199211121,1,ham10000,ISIC_0029319,mel,HAM_0005315
0,0.6557445526123047,1,ham10000,ISIC_0033139,nv,HAM_0005316
0,0.04779238998889923,0,ham10000,ISIC_0030415,nv,HAM_0005317
0,0.5375372767448425,1,ham10000,ISIC_0026347,nv,HAM_0005318
0,0.7253736257553101,1,ham10000,ISIC_0025133,nv,HAM_0005319
0,0.23915264010429382,1,ham10000,ISIC_0025356,nv,HAM_0005320
0,0.29328227043151855,1,ham10000,ISIC_0031816,nv,HAM_0005321
0,0.47478771209716797,1,ham10000,ISIC_0030068,nv,HAM_0005322
0,0.1732250601053238,1,ham10000,ISIC_0027456,nv,HAM_0005323
0,0.716339111328125,1,ham10000,ISIC_0029931,bkl,HAM_0005324
0,0.6962524652481079,1,ham10000,ISIC_0024971,bkl,HAM_0005325
0,0.2207920253276825,1,ham10000,ISIC_0026145,nv,HAM_0005326
0,0.2640760838985443,1,ham10000,ISIC_0031703,nv,HAM_0005327
1,0.8110567927360535,1,ham10000,ISIC_0028969,mel,HAM_0005328
0,0.38495564460754395,1,ham10000,ISIC_0028686,nv,HAM_0005329
0,0.7405101656913757,1,ham10000,ISIC_0024553,df,HAM_0005330
0,0.7794556617736816,1,ham10000,ISIC_0032860,nv,HAM_0005331
0,0.36917421221733093,1,ham10000,ISIC_0027389,nv,HAM_0005332
0,0.37437471747398376,1,ham10000,ISIC_0032383,nv,HAM_0005333
1,0.6085015535354614,1,ham10000,ISIC_0031298,bcc,HAM_0005334
0,0.7461604475975037,1,ham10000,ISIC_0025627,bkl,HAM_0005335
1,0.5536919832229614,1,ham10000,ISIC_0033154,mel,HAM_0005336
0,0.7368629574775696,1,ham10000,ISIC_0025098,nv,HAM_0005337
0,0.054655496031045914,0,ham10000,ISIC_0031577,bkl,HAM_0005338
0,0.565789520740509,1,ham10000,ISIC_0025428,nv,HAM_0005339
0,0.1631181389093399,1,ham10000,ISIC_0031830,nv,HAM_0005340
0,0.3237859904766083,1,ham10000,ISIC_0031882,nv,HAM_0005341
0,0.19196292757987976,1,ham10000,ISIC_0028401,nv,HAM_0005342
0,0.17912325263023376,1,ham10000,ISIC_0027380,nv,HAM_0005343
0,0.4669138491153717,1,ham10000,ISIC_0029383,nv,HAM_0005344
0,0.2673667371273041,1,ham10000,ISIC_0028171,nv,HAM_0005346
0,0.5038892030715942,1,ham10000,ISIC_0025653,nv,HAM_0005347
0,0.30830273032188416,1,ham10000,ISIC_0029765,nv,HAM_0005348
0,0.13830339908599854,0,ham10000,ISIC_0027375,nv,HAM_0005349
0,0.3776967227458954,1,ham10000,ISIC_0032054,nv,HAM_0005350
0,0.49330615997314453,1,ham10000,ISIC_0032590,nv,HAM_0005351
1,0.5191840529441833,1,ham10000,ISIC_0027100,mel,HAM_0005352
0,0.34200939536094666,1,ham10000,ISIC_0032923,nv,HAM_0005353
1,0.5043349862098694,1,ham10000,ISIC_0026625,akiec,HAM_0005354
0,0.10260911285877228,0,ham10000,ISIC_0031731,nv,HAM_0005355
1,0.7350274324417114,1,ham10000,ISIC_0028854,akiec,HAM_0005356
0,0.01274449285119772,0,ham10000,ISIC_0029981,nv,HAM_0005357
0,0.15952569246292114,1,ham10000,ISIC_0026982,nv,HAM_0005358
0,0.28063124418258667,1,ham10000,ISIC_0030665,df,HAM_0005359
0,0.12247702479362488,0,ham10000,ISIC_0027264,nv,HAM_0005360
0,0.2576237916946411,1,ham10000,ISIC_0024374,nv,HAM_0005361
0,0.5660390257835388,1,ham10000,ISIC_0025622,df,HAM_0005362
0,0.4262121021747589,1,ham10000,ISIC_0032717,nv,HAM_0005363
0,0.2719181776046753,1,ham10000,ISIC_0032525,nv,HAM_0005364
0,0.33044567704200745,1,ham10000,ISIC_0025253,nv,HAM_0005365
0,0.557246744632721,1,ham10000,ISIC_0026211,nv,HAM_0005366
0,0.0877167284488678,0,ham10000,ISIC_0029743,nv,HAM_0005367
1,0.7004742622375488,1,ham10000,ISIC_0032722,mel,HAM_0005368
0,0.2581979036331177,1,ham10000,ISIC_0026799,nv,HAM_0005369
0,0.4164668917655945,1,ham10000,ISIC_0025923,nv,HAM_0005370
1,0.28459063172340393,1,ham10000,ISIC_0027046,bcc,HAM_0005371
0,0.04056914523243904,0,ham10000,ISIC_0030476,nv,HAM_0005372
0,0.2934214770793915,1,ham10000,ISIC_0030718,nv,HAM_0005373
0,0.4304390847682953,1,ham10000,ISIC_0032871,nv,HAM_0005374
1,0.4615170657634735,1,ham10000,ISIC_0028814,bcc,HAM_0005375
0,0.4712144732475281,1,ham10000,ISIC_0025606,vasc,HAM_0005376
0,0.4108361303806305,1,ham10000,ISIC_0028936,nv,HAM_0005377
1,0.1427321881055832,0,ham10000,ISIC_0024787,bcc,HAM_0005379
0,0.19342075288295746,1,ham10000,ISIC_0027464,nv,HAM_0005380
1,0.4203561842441559,1,ham10000,ISIC_0025153,mel,HAM_0005381
1,0.4990961253643036,1,ham10000,ISIC_0026230,bcc,HAM_0005382
0,0.41789406538009644,1,ham10000,ISIC_0032683,nv,HAM_0005383
0,0.4167906939983368,1,ham10000,ISIC_0030072,nv,HAM_0005384
0,0.2281356304883957,1,ham10000,ISIC_0028754,nv,HAM_0005385
0,0.5197722911834717,1,ham10000,ISIC_0033505,bkl,HAM_0005386
0,0.5771783590316772,1,ham10000,ISIC_0026488,nv,HAM_0005387
0,0.6841326951980591,1,ham10000,ISIC_0027815,bkl,HAM_0005388
1,0.8100214600563049,1,ham10000,ISIC_0024372,akiec,HAM_0005389
0,0.03404847905039787,0,ham10000,ISIC_0024574,nv,HAM_0005390
0,0.3537653982639313,1,ham10000,ISIC_0030633,nv,HAM_0005391
1,0.6442626714706421,1,ham10000,ISIC_0024436,bcc,HAM_0005392
0,0.4642493724822998,1,ham10000,ISIC_0025506,nv,HAM_0005393
0,0.1934806853532791,1,ham10000,ISIC_0026903,nv,HAM_0005394
0,0.24838528037071228,1,ham10000,ISIC_0027471,nv,HAM_0005395
1,0.6518679857254028,1,ham10000,ISIC_0032834,bcc,HAM_0005396
0,0.4083327651023865,1,ham10000,ISIC_0028105,nv,HAM_0005397
0,0.22346623241901398,1,ham10000,ISIC_0028374,nv,HAM_0005398
0,0.4448126554489136,1,ham10000,ISIC_0030474,nv,HAM_0005399
1,0.5743281245231628,1,ham10000,ISIC_0029363,mel,HAM_0005400
0,0.5016120672225952,1,ham10000,ISIC_0029998,nv,HAM_0005401
0,0.19804780185222626,1,ham10000,ISIC_0031695,nv,HAM_0005402
1,0.6962308287620544,1,ham10000,ISIC_0026086,mel,HAM_0005403
0,0.5218780636787415,1,ham10000,ISIC_0028094,bkl,HAM_0005404
0,0.37533310055732727,1,ham10000,ISIC_0025164,nv,HAM_0005405
0,0.35346904397010803,1,ham10000,ISIC_0027807,nv,HAM_0005406
0,0.11252640932798386,0,ham10000,ISIC_0028090,nv,HAM_0005407
0,0.32267341017723083,1,ham10000,ISIC_0031613,nv,HAM_0005408
1,0.7382798790931702,1,ham10000,ISIC_0032531,mel,HAM_0005409
1,0.5262280702590942,1,ham10000,ISIC_0025433,bcc,HAM_0005410
0,0.4066689610481262,1,ham10000,ISIC_0026300,nv,HAM_0005411
0,0.37676283717155457,1,ham10000,ISIC_0030548,nv,HAM_0005412
1,0.6520603895187378,1,ham10000,ISIC_0028132,akiec,HAM_0005413
0,0.07799860835075378,0,ham10000,ISIC_0027054,nv,HAM_0005414
0,0.5378358364105225,1,ham10000,ISIC_0027154,bkl,HAM_0005415
0,0.39127838611602783,1,ham10000,ISIC_0029136,nv,HAM_0005416
1,0.5741849541664124,1,ham10000,ISIC_0024448,bcc,HAM_0005417
0,0.3447026014328003,1,ham10000,ISIC_0029957,nv,HAM_0005418
0,0.4543663561344147,1,ham10000,ISIC_0030524,nv,HAM_0005419
0,0.41560444235801697,1,ham10000,ISIC_0024740,bkl,HAM_0005420
0,0.5901013612747192,1,ham10000,ISIC_0028060,nv,HAM_0005421
0,0.33587002754211426,1,ham10000,ISIC_0030554,nv,HAM_0005422
0,0.30869218707084656,1,ham10000,ISIC_0025503,nv,HAM_0005423
0,0.3833102583885193,1,ham10000,ISIC_0025052,nv,HAM_0005424
1,0.6496949195861816,1,ham10000,ISIC_0029698,mel,HAM_0005425
0,0.15887129306793213,1,ham10000,ISIC_0028902,nv,HAM_0005426
0,0.2584083080291748,1,ham10000,ISIC_0028885,vasc,HAM_0005427
0,0.3991498351097107,1,ham10000,ISIC_0031654,nv,HAM_0005428
0,0.5122400522232056,1,ham10000,ISIC_0028261,nv,HAM_0005429
0,0.14918288588523865,0,ham10000,ISIC_0024990,nv,HAM_0005430
0,0.33189821243286133,1,ham10000,ISIC_0026413,nv,HAM_0005431
0,0.09096190333366394,0,ham10000,ISIC_0031902,nv,HAM_0005432
0,0.42746737599372864,1,ham10000,ISIC_0033298,nv,HAM_0005433
0,0.4452880024909973,1,ham10000,ISIC_0033457,nv,HAM_0005434
1,0.6951228380203247,1,ham10000,ISIC_0024666,bcc,HAM_0005435
0,0.397664874792099,1,ham10000,ISIC_0026658,nv,HAM_0005436
0,0.17451155185699463,1,ham10000,ISIC_0030029,nv,HAM_0005437
1,0.47363927960395813,1,ham10000,ISIC_0027708,akiec,HAM_0005438
0,0.3551488220691681,1,ham10000,ISIC_0033597,nv,HAM_0005439
0,0.3992610573768616,1,ham10000,ISIC_0027139,bkl,HAM_0005440
0,0.34631070494651794,1,ham10000,ISIC_0031804,nv,HAM_0005441
0,0.7379201054573059,1,ham10000,ISIC_0034057,bkl,HAM_0005442
0,0.11644269526004791,0,ham10000,ISIC_0025758,bkl,HAM_0005443
0,0.4884074032306671,1,ham10000,ISIC_0025745,nv,HAM_0005444
0,0.20609600841999054,1,ham10000,ISIC_0027695,nv,HAM_0005445
0,0.18006356060504913,1,ham10000,ISIC_0031868,nv,HAM_0005446
0,0.3202688992023468,1,ham10000,ISIC_0026389,nv,HAM_0005447
1,0.6147398948669434,1,ham10000,ISIC_0024707,akiec,HAM_0005448
0,0.20635607838630676,1,ham10000,ISIC_0030102,nv,HAM_0005449
0,0.38585740327835083,1,ham10000,ISIC_0029286,nv,HAM_0005450
0,0.28571799397468567,1,ham10000,ISIC_0029643,nv,HAM_0005451
0,0.3604185879230499,1,ham10000,ISIC_0024722,nv,HAM_0005452
0,0.3992072343826294,1,ham10000,ISIC_0027022,nv,HAM_0005453
0,0.41195762157440186,1,ham10000,ISIC_0029184,nv,HAM_0005454
0,0.14406448602676392,0,ham10000,ISIC_0029416,nv,HAM_0005455
0,0.40215224027633667,1,ham10000,ISIC_0026960,nv,HAM_0005456
0,0.38146963715553284,1,ham10000,ISIC_0025039,nv,HAM_0005457
0,0.05950307846069336,0,ham10000,ISIC_0030584,nv,HAM_0005458
1,0.5282339453697205,1,ham10000,ISIC_0029268,akiec,HAM_0005459
0,0.14310720562934875,0,ham10000,ISIC_0028199,nv,HAM_0005460
0,0.05967441946268082,0,ham10000,ISIC_0027699,nv,HAM_0005461
0,0.18620721995830536,1,ham10000,ISIC_0028025,nv,HAM_0005462
0,0.5424739122390747,1,ham10000,ISIC_0028411,bkl,HAM_0005463
0,0.039735663682222366,0,ham10000,ISIC_0031477,nv,HAM_0005464
0,0.5462081432342529,1,ham10000,ISIC_0026827,bkl,HAM_0005465
0,0.5204698443412781,1,ham10000,ISIC_0024721,nv,HAM_0005466
1,0.6576141715049744,1,ham10000,ISIC_0024640,mel,HAM_0005467
0,0.2876354455947876,1,ham10000,ISIC_0029785,nv,HAM_0005468
1,0.8441864252090454,1,ham10000,ISIC_0026643,bcc,HAM_0005469
0,0.09285307675600052,0,ham10000,ISIC_0028286,nv,HAM_0005470
0,0.39066562056541443,1,ham10000,ISIC_0028146,vasc,HAM_0005471
0,0.2762777805328369,1,ham10000,ISIC_0027173,nv,HAM_0005472
0,0.16944542527198792,1,ham10000,ISIC_0026050,nv,HAM_0005473
0,0.3060968220233917,1,ham10000,ISIC_0031398,nv,HAM_0005474
0,0.08324678987264633,0,ham10000,ISIC_0025628,vasc,HAM_0005475
0,0.17796500027179718,1,ham10000,ISIC_0027165,nv,HAM_0005476
0,0.455237478017807,1,ham10000,ISIC_0029552,nv,HAM_0005477
1,0.678191602230072,1,ham10000,ISIC_0032741,bcc,HAM_0005478
0,0.45023223757743835,1,ham10000,ISIC_0028009,nv,HAM_0005479
1,0.4134495258331299,1,ham10000,ISIC_0025992,akiec,HAM_0005480
1,0.5279481410980225,1,ham10000,ISIC_0025955,mel,HAM_0005481
1,0.8244836330413818,1,ham10000,ISIC_0029546,bcc,HAM_0005482
1,0.4602530896663666,1,ham10000,ISIC_0032965,mel,HAM_0005483
0,0.47193580865859985,1,ham10000,ISIC_0032443,nv,HAM_0005484
0,0.09202863276004791,0,ham10000,ISIC_0029635,nv,HAM_0005485
0,0.3437425494194031,1,ham10000,ISIC_0024565,nv,HAM_0005486
0,0.4209207594394684,1,ham10000,ISIC_0031486,nv,HAM_0005487
1,0.37350448966026306,1,ham10000,ISIC_0024931,bcc,HAM_0005488
0,0.4498068392276764,1,ham10000,ISIC_0033851,nv,HAM_0005489
1,0.656208336353302,1,ham10000,ISIC_0033931,mel,HAM_0005490
0,0.15071260929107666,0,ham10000,ISIC_0032083,nv,HAM_0005491
0,0.7778067588806152,1,ham10000,ISIC_0032138,df,HAM_0005492
0,0.2987591326236725,1,ham10000,ISIC_0028535,nv,HAM_0005493
0,0.09024497121572495,0,ham10000,ISIC_0027161,nv,HAM_0005494
0,0.4477863013744354,1,ham10000,ISIC_0028775,nv,HAM_0005495
0,0.5737870335578918,1,ham10000,ISIC_0032772,nv,HAM_0005496
0,0.296721875667572,1,ham10000,ISIC_0029506,nv,HAM_0005497
0,0.7719585299491882,1,ham10000,ISIC_0032335,bkl,HAM_0005498
0,0.24247318506240845,1,ham10000,ISIC_0025478,nv,HAM_0005499
1,0.6755150556564331,1,ham10000,ISIC_0033636,mel,HAM_0005500
1,0.7296597957611084,1,ham10000,ISIC_0025711,bcc,HAM_0005501
0,0.06415466964244843,0,ham10000,ISIC_0029605,nv,HAM_0005502
0,0.23190036416053772,1,ham10000,ISIC_0029692,nv,HAM_0005503
1,0.24207545816898346,1,ham10000,ISIC_0027480,mel,HAM_0005504
1,0.7691195011138916,1,ham10000,ISIC_0024450,akiec,HAM_0005505
0,0.38089755177497864,1,ham10000,ISIC_0032484,nv,HAM_0005506
0,0.18420085310935974,1,ham10000,ISIC_0029159,nv,HAM_0005507
0,0.02854745462536812,0,ham10000,ISIC_0032060,nv,HAM_0005508
1,0.5159513354301453,1,ham10000,ISIC_0026865,bcc,HAM_0005509
0,0.2771294414997101,1,ham10000,ISIC_0026406,nv,HAM_0005510
0,0.4044030010700226,1,ham10000,ISIC_0031807,nv,HAM_0005511
0,0.3735695481300354,1,ham10000,ISIC_0025194,nv,HAM_0005512
0,0.47800731658935547,1,ham10000,ISIC_0033214,nv,HAM_0005513
0,0.5557544827461243,1,ham10000,ISIC_0024453,bkl,HAM_0005514
0,0.08874402940273285,0,ham10000,ISIC_0031020,nv,HAM_0005515
0,0.40141069889068604,1,ham10000,ISIC_0028748,nv,HAM_0005516
0,0.3860364556312561,1,ham10000,ISIC_0028561,nv,HAM_0005517
0,0.8031359314918518,1,ham10000,ISIC_0032410,df,HAM_0005518
0,0.45211902260780334,1,ham10000,ISIC_0026215,nv,HAM_0005519
0,0.6395925283432007,1,ham10000,ISIC_0031255,nv,HAM_0005520
0,0.35579246282577515,1,ham10000,ISIC_0031963,nv,HAM_0005521
0,0.3263186812400818,1,ham10000,ISIC_0029368,nv,HAM_0005522
0,0.5098589062690735,1,ham10000,ISIC_0027087,nv,HAM_0005523
0,0.35548943281173706,1,ham10000,ISIC_0026162,nv,HAM_0005525
0,0.34296759963035583,1,ham10000,ISIC_0026563,nv,HAM_0005526
0,0.7622058987617493,1,ham10000,ISIC_0031819,bkl,HAM_0005527
0,0.39956802129745483,1,ham10000,ISIC_0028391,nv,HAM_0005528
0,0.592335045337677,1,ham10000,ISIC_0025980,df,HAM_0005529
1,0.5557416677474976,1,ham10000,ISIC_0024360,bcc,HAM_0005530
0,0.5281174182891846,1,ham10000,ISIC_0024577,nv,HAM_0005531
1,0.5890620946884155,1,ham10000,ISIC_0030183,mel,HAM_0005532
1,0.6082866787910461,1,ham10000,ISIC_0027065,mel,HAM_0005533
0,0.25592589378356934,1,ham10000,ISIC_0032075,nv,HAM_0005534
1,0.5753905177116394,1,ham10000,ISIC_0025391,mel,HAM_0005535
1,0.04530751332640648,0,ham10000,ISIC_0026798,bcc,HAM_0005536
0,0.5298824310302734,1,ham10000,ISIC_0024657,nv,HAM_0005537
0,0.4531967341899872,1,ham10000,ISIC_0028246,nv,HAM_0005538
0,0.23030413687229156,1,ham10000,ISIC_0033296,nv,HAM_0005539
1,0.542762279510498,1,ham10000,ISIC_0024525,mel,HAM_0005540
0,0.1439477950334549,0,ham10000,ISIC_0025410,nv,HAM_0005541
0,0.27286505699157715,1,ham10000,ISIC_0024444,nv,HAM_0005543
0,0.5704713463783264,1,ham10000,ISIC_0027791,nv,HAM_0005544
1,0.6029519438743591,1,ham10000,ISIC_0033881,mel,HAM_0005545
0,0.5544918775558472,1,ham10000,ISIC_0029519,bkl,HAM_0005546
1,0.6426702737808228,1,ham10000,ISIC_0032439,bcc,HAM_0005547
0,0.23871822655200958,1,ham10000,ISIC_0027632,nv,HAM_0005548
0,0.46608152985572815,1,ham10000,ISIC_0028802,nv,HAM_0005549
0,0.4519858956336975,1,ham10000,ISIC_0030407,nv,HAM_0005550
1,0.45432963967323303,1,ham10000,ISIC_0029900,akiec,HAM_0005551
0,0.3076033890247345,1,ham10000,ISIC_0025723,nv,HAM_0005552
0,0.32787489891052246,1,ham10000,ISIC_0027521,nv,HAM_0005554
1,0.5951651930809021,1,ham10000,ISIC_0032079,mel,HAM_0005555
0,0.20697595179080963,1,ham10000,ISIC_0028383,nv,HAM_0005556
1,0.7876745462417603,1,ham10000,ISIC_0028215,mel,HAM_0005557
0,0.7470288276672363,1,ham10000,ISIC_0029802,bkl,HAM_0005558
1,0.5680453777313232,1,ham10000,ISIC_0032174,bcc,HAM_0005559
0,0.2986086308956146,1,ham10000,ISIC_0027269,vasc,HAM_0005560
0,0.22430503368377686,1,ham10000,ISIC_0028961,nv,HAM_0005561
0,0.059052880853414536,0,ham10000,ISIC_0025901,nv,HAM_0005562
0,0.1708558201789856,1,ham10000,ISIC_0029784,nv,HAM_0005563
0,0.1640370786190033,1,ham10000,ISIC_0026320,nv,HAM_0005564
0,0.417446106672287,1,ham10000,ISIC_0027384,nv,HAM_0005565
0,0.685949444770813,1,ham10000,ISIC_0032608,nv,HAM_0005566
0,0.2766910791397095,1,ham10000,ISIC_0028485,nv,HAM_0005567
0,0.38466301560401917,1,ham10000,ISIC_0032047,nv,HAM_0005568
0,0.44447457790374756,1,ham10000,ISIC_0027932,nv,HAM_0005569
0,0.3885776102542877,1,ham10000,ISIC_0032440,nv,HAM_0005570
0,0.5092756152153015,1,ham10000,ISIC_0032803,nv,HAM_0005571
0,0.5106424689292908,1,ham10000,ISIC_0033382,nv,HAM_0005573
0,0.2665126323699951,1,ham10000,ISIC_0027823,nv,HAM_0005574
1,0.44541406631469727,1,ham10000,ISIC_0029805,bcc,HAM_0005575
0,0.37652385234832764,1,ham10000,ISIC_0026479,nv,HAM_0005576
0,0.15962593257427216,1,ham10000,ISIC_0028320,nv,HAM_0005577
0,0.5469184517860413,1,ham10000,ISIC_0032496,nv,HAM_0005578
1,0.4731522500514984,1,ham10000,ISIC_0028393,akiec,HAM_0005579
0,0.48673975467681885,1,ham10000,ISIC_0029235,bkl,HAM_0005580
1,0.5325120091438293,1,ham10000,ISIC_0033337,mel,HAM_0005581
0,0.045369841158390045,0,ham10000,ISIC_0030433,nv,HAM_0005582
0,0.45295554399490356,1,ham10000,ISIC_0025574,nv,HAM_0005583
0,0.7342734932899475,1,ham10000,ISIC_0032613,df,HAM_0005584
1,0.1890692263841629,1,ham10000,ISIC_0025826,bcc,HAM_0005585
0,0.3308921754360199,1,ham10000,ISIC_0024415,nv,HAM_0005586
1,0.7046680450439453,1,ham10000,ISIC_0025219,mel,HAM_0005588
0,0.06821603327989578,0,ham10000,ISIC_0026224,nv,HAM_0005589
0,0.6863453984260559,1,ham10000,ISIC_0024458,nv,HAM_0005590
0,0.6200476288795471,1,ham10000,ISIC_0025746,bkl,HAM_0005591
0,0.10075797885656357,0,ham10000,ISIC_0026077,nv,HAM_0005592
0,0.12810301780700684,0,ham10000,ISIC_0029658,nv,HAM_0005593
0,0.5240163803100586,1,ham10000,ISIC_0033703,nv,HAM_0005594
0,0.17438891530036926,1,ham10000,ISIC_0029180,nv,HAM_0005595
0,0.4292334020137787,1,ham10000,ISIC_0027706,bkl,HAM_0005596
0,0.46122416853904724,1,ham10000,ISIC_0025528,nv,HAM_0005597
0,0.16057546436786652,1,ham10000,ISIC_0029023,nv,HAM_0005598
1,0.6856056451797485,1,ham10000,ISIC_0030511,bcc,HAM_0005599
1,0.659005343914032,1,ham10000,ISIC_0025520,mel,HAM_0005600
0,0.41561299562454224,1,ham10000,ISIC_0032670,nv,HAM_0005601
0,0.03933754563331604,0,ham10000,ISIC_0027532,nv,HAM_0005602
0,0.24691921472549438,1,ham10000,ISIC_0024464,nv,HAM_0005604
0,0.6537685394287109,1,ham10000,ISIC_0024361,nv,HAM_0005605
0,0.7579129934310913,1,ham10000,ISIC_0025928,bkl,HAM_0005606
1,0.7311407923698425,1,ham10000,ISIC_0032685,mel,HAM_0005608
0,0.44681549072265625,1,ham10000,ISIC_0025847,nv,HAM_0005609
0,0.6723722219467163,1,ham10000,ISIC_0025312,bkl,HAM_0005610
0,0.36447203159332275,1,ham10000,ISIC_0025850,nv,HAM_0005611
0,0.511175811290741,1,ham10000,ISIC_0024981,bkl,HAM_0005612
1,0.468294233083725,1,ham10000,ISIC_0030564,mel,HAM_0005613
0,0.11384380608797073,0,ham10000,ISIC_0030397,nv,HAM_0005614
0,0.25499486923217773,1,ham10000,ISIC_0031067,nv,HAM_0005615
0,0.545115053653717,1,ham10000,ISIC_0029107,bkl,HAM_0005616
1,0.5894494652748108,1,ham10000,ISIC_0024833,bcc,HAM_0005617
0,0.04718270152807236,0,ham10000,ISIC_0027280,nv,HAM_0005618
0,0.3132360577583313,1,ham10000,ISIC_0025415,nv,HAM_0005619
0,0.5410095453262329,1,ham10000,ISIC_0024963,nv,HAM_0005620
0,0.17685557901859283,1,ham10000,ISIC_0028861,nv,HAM_0005621
0,0.32164302468299866,1,ham10000,ISIC_0030213,nv,HAM_0005622
1,0.46346521377563477,1,ham10000,ISIC_0030616,mel,HAM_0005623
1,0.5702778697013855,1,ham10000,ISIC_0028565,mel,HAM_0005624
0,0.6498433947563171,1,ham10000,ISIC_0031623,nv,HAM_0005625
0,0.56550133228302,1,ham10000,ISIC_0031619,bkl,HAM_0005626
1,0.29007744789123535,1,ham10000,ISIC_0033568,mel,HAM_0005627
1,0.7889041304588318,1,ham10000,ISIC_0032940,mel,HAM_0005628
0,0.13334643840789795,0,ham10000,ISIC_0029317,nv,HAM_0005629
0,0.2503156363964081,1,ham10000,ISIC_0025864,nv,HAM_0005630
0,0.5640478730201721,1,ham10000,ISIC_0024439,nv,HAM_0005631
0,0.4999151825904846,1,ham10000,ISIC_0025470,bkl,HAM_0005632
0,0.08257599174976349,0,ham10000,ISIC_0029218,nv,HAM_0005633
0,0.4976927936077118,1,ham10000,ISIC_0025944,nv,HAM_0005634
0,0.30370479822158813,1,ham10000,ISIC_0024878,nv,HAM_0005635
1,0.7932219505310059,1,ham10000,ISIC_0032984,mel,HAM_0005636
0,0.416914165019989,1,ham10000,ISIC_0028078,nv,HAM_0005637
0,0.36566856503486633,1,ham10000,ISIC_0030201,nv,HAM_0005638
0,0.3548681139945984,1,ham10000,ISIC_0030657,nv,HAM_0005639
1,0.44551190733909607,1,ham10000,ISIC_0030382,mel,HAM_0005640
0,0.4260781705379486,1,ham10000,ISIC_0032554,nv,HAM_0005641
1,0.5476210117340088,1,ham10000,ISIC_0027659,mel,HAM_0005642
0,0.45458194613456726,1,ham10000,ISIC_0032015,nv,HAM_0005643
0,0.5474706292152405,1,ham10000,ISIC_0027899,nv,HAM_0005644
0,0.39021193981170654,1,ham10000,ISIC_0030389,nv,HAM_0005645
0,0.34763431549072266,1,ham10000,ISIC_0029753,nv,HAM_0005646
0,0.5937228202819824,1,ham10000,ISIC_0027717,nv,HAM_0005647
1,0.49252668023109436,1,ham10000,ISIC_0027580,akiec,HAM_0005648
1,0.26260024309158325,1,ham10000,ISIC_0024522,akiec,HAM_0005650
0,0.7825142741203308,1,ham10000,ISIC_0028863,nv,HAM_0005651
0,0.46277889609336853,1,ham10000,ISIC_0027701,nv,HAM_0005653
0,0.20514975488185883,1,ham10000,ISIC_0032039,nv,HAM_0005654
0,0.4055759906768799,1,ham10000,ISIC_0029618,nv,HAM_0005655
0,0.14256460964679718,0,ham10000,ISIC_0026478,nv,HAM_0005656
1,0.6204278469085693,1,ham10000,ISIC_0024572,bcc,HAM_0005657
0,0.31666645407676697,1,ham10000,ISIC_0024996,nv,HAM_0005658
0,0.33106154203414917,1,ham10000,ISIC_0028896,nv,HAM_0005659
1,0.7732291221618652,1,ham10000,ISIC_0026574,bcc,HAM_0005660
0,0.30966129899024963,1,ham10000,ISIC_0025053,nv,HAM_0005661
0,0.5931245684623718,1,ham10000,ISIC_0026417,df,HAM_0005663
0,0.37206682562828064,1,ham10000,ISIC_0028016,nv,HAM_0005664
1,0.08358781784772873,0,ham10000,ISIC_0028973,bcc,HAM_0005665
0,0.21196478605270386,1,ham10000,ISIC_0025171,nv,HAM_0005666
0,0.2663857042789459,1,ham10000,ISIC_0032394,nv,HAM_0005667
1,0.5544146299362183,1,ham10000,ISIC_0028370,akiec,HAM_0005668
1,0.592085599899292,1,ham10000,ISIC_0024949,bcc,HAM_0005669
0,0.27296754717826843,1,ham10000,ISIC_0028648,nv,HAM_0005670
0,0.5251638293266296,1,ham10000,ISIC_0029697,nv,HAM_0005671
0,0.4769562780857086,1,ham10000,ISIC_0028388,bkl,HAM_0005672
1,0.729943573474884,1,ham10000,ISIC_0033487,mel,HAM_0005673
0,0.634605348110199,1,ham10000,ISIC_0031060,bkl,HAM_0005674
0,0.2770150601863861,1,ham10000,ISIC_0030814,nv,HAM_0005675
0,0.3350277245044708,1,ham10000,ISIC_0024357,nv,HAM_0005676
0,0.3440001606941223,1,ham10000,ISIC_0032399,nv,HAM_0005677
1,0.7480608820915222,1,ham10000,ISIC_0028086,mel,HAM_0005678
0,0.02229255624115467,0,ham10000,ISIC_0027177,nv,HAM_0005680
1,0.582902729511261,1,ham10000,ISIC_0027234,mel,HAM_0005681
0,0.2523731589317322,1,ham10000,ISIC_0028770,nv,HAM_0005682
0,0.3226538598537445,1,ham10000,ISIC_0025416,nv,HAM_0005683
0,0.7764804363250732,1,ham10000,ISIC_0027613,df,HAM_0005684
0,0.17714330554008484,1,ham10000,ISIC_0031490,nv,HAM_0005685
0,0.7151873111724854,1,ham10000,ISIC_0033112,nv,HAM_0005686
0,0.2950137257575989,1,ham10000,ISIC_0027880,nv,HAM_0005687
0,0.08004184067249298,0,ham10000,ISIC_0027186,nv,HAM_0005688
0,0.5291725993156433,1,ham10000,ISIC_0028066,nv,HAM_0005689
0,0.49182894825935364,1,ham10000,ISIC_0025487,nv,HAM_0005690
0,0.10120675712823868,0,ham10000,ISIC_0032457,nv,HAM_0005691
1,0.6340208649635315,1,ham10000,ISIC_0031931,mel,HAM_0005692
0,0.5550463199615479,1,ham10000,ISIC_0027781,bkl,HAM_0005693
0,0.37683331966400146,1,ham10000,ISIC_0030753,nv,HAM_0005694
0,0.46513694524765015,1,ham10000,ISIC_0030198,nv,HAM_0005695
0,0.44702592492103577,1,ham10000,ISIC_0025499,nv,HAM_0005696
1,0.6984817385673523,1,ham10000,ISIC_0027253,mel,HAM_0005697
0,0.15878629684448242,1,ham10000,ISIC_0028907,nv,HAM_0005698
0,0.36547595262527466,1,ham10000,ISIC_0028547,nv,HAM_0005699
0,0.5780301094055176,1,ham10000,ISIC_0031904,nv,HAM_0005700
1,0.5935085415840149,1,ham10000,ISIC_0025350,akiec,HAM_0005701
0,0.23907363414764404,1,ham10000,ISIC_0030381,nv,HAM_0005702
0,0.3577231764793396,1,ham10000,ISIC_0030519,nv,HAM_0005703
1,0.7222021818161011,1,ham10000,ISIC_0024654,akiec,HAM_0005705
0,0.1437576860189438,0,ham10000,ISIC_0027205,nv,HAM_0005706
0,0.16981634497642517,1,ham10000,ISIC_0029821,nv,HAM_0005707
0,0.5368984937667847,1,ham10000,ISIC_0029791,bkl,HAM_0005708
0,0.15874111652374268,1,ham10000,ISIC_0028569,nv,HAM_0005709
1,0.7413438558578491,1,ham10000,ISIC_0032638,mel,HAM_0005711
0,0.43122145533561707,1,ham10000,ISIC_0025101,nv,HAM_0005712
0,0.4525645971298218,1,ham10000,ISIC_0028714,vasc,HAM_0005713
0,0.3699234426021576,1,ham10000,ISIC_0026308,nv,HAM_0005714
0,0.5916087627410889,1,ham10000,ISIC_0032519,nv,HAM_0005715
0,0.1945057064294815,1,ham10000,ISIC_0031841,nv,HAM_0005716
0,0.16684505343437195,1,ham10000,ISIC_0032658,nv,HAM_0005717
1,0.6532857418060303,1,ham10000,ISIC_0029549,akiec,HAM_0005718
1,0.4954776465892792,1,ham10000,ISIC_0029453,mel,HAM_0005719
0,0.2983439266681671,1,ham10000,ISIC_0027714,nv,HAM_0005720
1,0.722902238368988,1,ham10000,ISIC_0024550,bcc,HAM_0005721
0,0.22126878798007965,1,ham10000,ISIC_0028525,bkl,HAM_0005722
1,0.6061471700668335,1,ham10000,ISIC_0024805,mel,HAM_0005724
0,0.15881164371967316,1,ham10000,ISIC_0027634,nv,HAM_0005725
0,0.49403607845306396,1,ham10000,ISIC_0026898,nv,HAM_0005726
0,0.5693044066429138,1,ham10000,ISIC_0025781,bkl,HAM_0005728
0,0.42946985363960266,1,ham10000,ISIC_0030113,nv,HAM_0005729
0,0.48540422320365906,1,ham10000,ISIC_0028923,nv,HAM_0005730
0,0.20002733170986176,1,ham10000,ISIC_0024920,nv,HAM_0005731
0,0.1984018087387085,1,ham10000,ISIC_0025741,nv,HAM_0005732
0,0.38123348355293274,1,ham10000,ISIC_0030434,nv,HAM_0005733
0,0.2251741737127304,1,ham10000,ISIC_0025048,nv,HAM_0005734
1,0.614031195640564,1,ham10000,ISIC_0025543,mel,HAM_0005735
1,0.6890307664871216,1,ham10000,ISIC_0033885,mel,HAM_0005737
0,0.23697564005851746,1,ham10000,ISIC_0027683,nv,HAM_0005738
0,0.7377198934555054,1,ham10000,ISIC_0029763,nv,HAM_0005739
0,0.2846091687679291,1,ham10000,ISIC_0033303,nv,HAM_0005740
0,0.010903880931437016,0,ham10000,ISIC_0027222,nv,HAM_0005741
1,0.5166181921958923,1,ham10000,ISIC_0027651,mel,HAM_0005742
0,0.5514110326766968,1,ham10000,ISIC_0025038,bkl,HAM_0005743
0,0.433953195810318,1,ham10000,ISIC_0025880,nv,HAM_0005744
0,0.6422867774963379,1,ham10000,ISIC_0028447,nv,HAM_0005745
1,0.6582933068275452,1,ham10000,ISIC_0030002,mel,HAM_0005746
1,0.63042151927948,1,ham10000,ISIC_0027105,mel,HAM_0005747
1,0.4049891233444214,1,ham10000,ISIC_0032812,mel,HAM_0005748
0,0.6812933087348938,1,ham10000,ISIC_0032843,bkl,HAM_0005749
0,0.3996190130710602,1,ham10000,ISIC_0029733,nv,HAM_0005750
0,0.3150096833705902,1,ham10000,ISIC_0028386,bkl,HAM_0005751
1,0.7398465275764465,1,ham10000,ISIC_0028317,mel,HAM_0005752
0,0.18928711116313934,1,ham10000,ISIC_0028034,nv,HAM_0005753
0,0.13547983765602112,0,ham10000,ISIC_0029684,nv,HAM_0005754
0,0.43248727917671204,1,ham10000,ISIC_0024566,nv,HAM_0005755
0,0.1634465456008911,1,ham10000,ISIC_0030090,nv,HAM_0005756
1,0.6922804117202759,1,ham10000,ISIC_0026496,bcc,HAM_0005757
1,0.8030231595039368,1,ham10000,ISIC_0032586,mel,HAM_0005758
0,0.5367379784584045,1,ham10000,ISIC_0033263,nv,HAM_0005759
0,0.4966769814491272,1,ham10000,ISIC_0032621,nv,HAM_0005760
0,0.5853747129440308,1,ham10000,ISIC_0029493,nv,HAM_0005761
0,0.4815789461135864,1,ham10000,ISIC_0025179,nv,HAM_0005762
0,0.49079975485801697,1,ham10000,ISIC_0030073,nv,HAM_0005764
0,0.3551689684391022,1,ham10000,ISIC_0028031,nv,HAM_0005765
1,0.7210320234298706,1,ham10000,ISIC_0031738,akiec,HAM_0005766
0,0.18577174842357635,1,ham10000,ISIC_0030975,nv,HAM_0005767
0,0.12072449177503586,0,ham10000,ISIC_0029330,nv,HAM_0005768
0,0.5258155465126038,1,ham10000,ISIC_0028472,nv,HAM_0005769
0,0.6247514486312866,1,ham10000,ISIC_0026052,nv,HAM_0005770
0,0.15378369390964508,0,ham10000,ISIC_0030799,nv,HAM_0005771
0,0.6917299628257751,1,ham10000,ISIC_0031017,bkl,HAM_0005772
0,0.35373640060424805,1,ham10000,ISIC_0031096,nv,HAM_0005773
0,0.27249839901924133,1,ham10000,ISIC_0031137,nv,HAM_0005774
0,0.47651010751724243,1,ham10000,ISIC_0027725,nv,HAM_0005775
1,0.5036985874176025,1,ham10000,ISIC_0028238,bcc,HAM_0005776
1,0.7192264795303345,1,ham10000,ISIC_0033325,mel,HAM_0005777
0,0.14220575988292694,0,ham10000,ISIC_0028001,nv,HAM_0005778
0,0.4890049397945404,1,ham10000,ISIC_0026790,bkl,HAM_0005779
0,0.1527855396270752,0,ham10000,ISIC_0024625,nv,HAM_0005780
0,0.23022572696208954,1,ham10000,ISIC_0024339,nv,HAM_0005781
0,0.055215876549482346,0,ham10000,ISIC_0026906,nv,HAM_0005782
1,0.5205806493759155,1,ham10000,ISIC_0029271,mel,HAM_0005783
0,0.3074261546134949,1,ham10000,ISIC_0030679,nv,HAM_0005784
1,0.23443928360939026,1,ham10000,ISIC_0026236,mel,HAM_0005785
0,0.4147256016731262,1,ham10000,ISIC_0026491,nv,HAM_0005786
0,0.38390928506851196,1,ham10000,ISIC_0027114,nv,HAM_0005787
0,0.20522432029247284,1,ham10000,ISIC_0031828,nv,HAM_0005788
1,0.3854788839817047,1,ham10000,ISIC_0028033,mel,HAM_0005789
0,0.48933595418930054,1,ham10000,ISIC_0024547,bkl,HAM_0005790
0,0.25424495339393616,1,ham10000,ISIC_0031966,nv,HAM_0005792
0,0.25886270403862,1,ham10000,ISIC_0024629,nv,HAM_0005793
0,0.2907579243183136,1,ham10000,ISIC_0027574,nv,HAM_0005794
0,0.5322490930557251,1,ham10000,ISIC_0030296,nv,HAM_0005795
0,0.027096303179860115,0,ham10000,ISIC_0030078,nv,HAM_0005796
0,0.31012752652168274,1,ham10000,ISIC_0027220,nv,HAM_0005797
1,0.8029406070709229,1,ham10000,ISIC_0031095,bcc,HAM_0005798
0,0.18600137531757355,1,ham10000,ISIC_0025827,nv,HAM_0005799
0,0.18574975430965424,1,ham10000,ISIC_0028864,nv,HAM_0005800
0,0.6919234991073608,1,ham10000,ISIC_0029413,bkl,HAM_0005801
0,0.16303180158138275,1,ham10000,ISIC_0031173,nv,HAM_0005802
0,0.38705864548683167,1,ham10000,ISIC_0028717,nv,HAM_0005803
1,0.6100655198097229,1,ham10000,ISIC_0024573,bcc,HAM_0005804
0,0.43916791677474976,1,ham10000,ISIC_0027505,nv,HAM_0005805
0,0.17659103870391846,1,ham10000,ISIC_0024980,nv,HAM_0005806
0,0.7335525751113892,1,ham10000,ISIC_0026508,nv,HAM_0005807
0,0.5525423884391785,1,ham10000,ISIC_0030496,nv,HAM_0005808
1,0.592696487903595,1,ham10000,ISIC_0033368,mel,HAM_0005809
0,0.36754029989242554,1,ham10000,ISIC_0030469,nv,HAM_0005810
0,0.31115302443504333,1,ham10000,ISIC_0031250,nv,HAM_0005812
0,0.2836862802505493,1,ham10000,ISIC_0026051,nv,HAM_0005813
0,0.19471074640750885,1,ham10000,ISIC_0032701,nv,HAM_0005814
0,0.38903433084487915,1,ham10000,ISIC_0030327,nv,HAM_0005815
0,0.3489963710308075,1,ham10000,ISIC_0027257,nv,HAM_0005816
0,0.24598200619220734,1,ham10000,ISIC_0028384,nv,HAM_0005817
0,0.37759527564048767,1,ham10000,ISIC_0032427,nv,HAM_0005818
0,0.32273462414741516,1,ham10000,ISIC_0025111,nv,HAM_0005819
0,0.38106873631477356,1,ham10000,ISIC_0033265,nv,HAM_0005820
0,0.4882943630218506,1,ham10000,ISIC_0029054,nv,HAM_0005822
0,0.4348522126674652,1,ham10000,ISIC_0024872,nv,HAM_0005823
0,0.09142420440912247,0,ham10000,ISIC_0029873,nv,HAM_0005824
0,0.2871663570404053,1,ham10000,ISIC_0027304,nv,HAM_0005825
1,0.5722426772117615,1,ham10000,ISIC_0031077,mel,HAM_0005826
0,0.3567785918712616,1,ham10000,ISIC_0026119,nv,HAM_0005827
0,0.4227393567562103,1,ham10000,ISIC_0026554,nv,HAM_0005828
0,0.6407654881477356,1,ham10000,ISIC_0030091,nv,HAM_0005829
0,0.29398027062416077,1,ham10000,ISIC_0026418,nv,HAM_0005831
0,0.3275454342365265,1,ham10000,ISIC_0027286,nv,HAM_0005832
0,0.027747228741645813,0,ham10000,ISIC_0030431,nv,HAM_0005833
0,0.5894390940666199,1,ham10000,ISIC_0032249,bkl,HAM_0005834
1,0.7965100407600403,1,ham10000,ISIC_0025975,bcc,HAM_0005835
0,0.35809504985809326,1,ham10000,ISIC_0030153,nv,HAM_0005836
1,0.6011973023414612,1,ham10000,ISIC_0028653,bcc,HAM_0005837
0,0.5796869993209839,1,ham10000,ISIC_0030888,nv,HAM_0005838
0,0.3240887224674225,1,ham10000,ISIC_0027366,nv,HAM_0005839
0,0.5082201361656189,1,ham10000,ISIC_0028692,nv,HAM_0005840
0,0.2498304545879364,1,ham10000,ISIC_0027804,nv,HAM_0005841
1,0.623444676399231,1,ham10000,ISIC_0027601,bcc,HAM_0005842
0,0.2369339019060135,1,ham10000,ISIC_0024820,nv,HAM_0005843
0,0.010684717446565628,0,ham10000,ISIC_0027918,nv,HAM_0005844
0,0.6308557987213135,1,ham10000,ISIC_0025851,bkl,HAM_0005845
1,0.6637250781059265,1,ham10000,ISIC_0024459,mel,HAM_0005846
0,0.6992740631103516,1,ham10000,ISIC_0033460,bkl,HAM_0005847
0,0.20117542147636414,1,ham10000,ISIC_0025517,nv,HAM_0005848
0,0.2751762568950653,1,ham10000,ISIC_0028647,nv,HAM_0005849
0,0.43780606985092163,1,ham10000,ISIC_0026708,nv,HAM_0005850
0,0.13953354954719543,0,ham10000,ISIC_0029804,nv,HAM_0005851
0,0.44188445806503296,1,ham10000,ISIC_0029569,nv,HAM_0005853
0,0.4402531385421753,1,ham10000,ISIC_0025926,nv,HAM_0005854
0,0.2728620171546936,1,ham10000,ISIC_0031727,nv,HAM_0005855
1,0.511821448802948,1,ham10000,ISIC_0024984,bcc,HAM_0005856
0,0.29939237236976624,1,ham10000,ISIC_0030132,nv,HAM_0005857
0,0.026866313070058823,0,ham10000,ISIC_0028879,nv,HAM_0005858
0,0.08786653727293015,0,ham10000,ISIC_0025367,nv,HAM_0005859
0,0.34507399797439575,1,ham10000,ISIC_0024641,nv,HAM_0005860
0,0.6242697834968567,1,ham10000,ISIC_0028346,df,HAM_0005861
0,0.5999277830123901,1,ham10000,ISIC_0031376,bkl,HAM_0005862
0,0.33796969056129456,1,ham10000,ISIC_0029336,nv,HAM_0005863
0,0.08547617495059967,0,ham10000,ISIC_0025054,nv,HAM_0005864
0,0.657076895236969,1,ham10000,ISIC_0030731,bkl,HAM_0005865
0,0.5527704358100891,1,ham10000,ISIC_0029422,nv,HAM_0005866
0,0.17129944264888763,1,ham10000,ISIC_0032387,nv,HAM_0005867
0,0.21810895204544067,1,ham10000,ISIC_0025845,nv,HAM_0005868
0,0.55678790807724,1,ham10000,ISIC_0029249,bkl,HAM_0005869
0,0.5556593537330627,1,ham10000,ISIC_0030399,nv,HAM_0005870
0,0.15129025280475616,0,ham10000,ISIC_0032080,nv,HAM_0005871
0,0.18897958099842072,1,ham10000,ISIC_0030518,nv,HAM_0005872
0,0.5937063097953796,1,ham10000,ISIC_0031612,nv,HAM_0005873
0,0.34670373797416687,1,ham10000,ISIC_0027326,bkl,HAM_0005874
0,0.585387110710144,1,ham10000,ISIC_0032250,nv,HAM_0005875
0,0.03325687348842621,0,ham10000,ISIC_0026980,nv,HAM_0005876
0,0.3638399541378021,1,ham10000,ISIC_0029204,nv,HAM_0005877
0,0.8355234861373901,1,ham10000,ISIC_0033254,vasc,HAM_0005878
0,0.45695677399635315,1,ham10000,ISIC_0025262,nv,HAM_0005879
0,0.34230950474739075,1,ham10000,ISIC_0025117,nv,HAM_0005880
0,0.5131039023399353,1,ham10000,ISIC_0030967,nv,HAM_0005881
0,0.20478564500808716,1,ham10000,ISIC_0025666,nv,HAM_0005882
0,0.4896742105484009,1,ham10000,ISIC_0026018,bkl,HAM_0005883
0,0.38091057538986206,1,ham10000,ISIC_0027469,nv,HAM_0005884
0,0.466228723526001,1,ham10000,ISIC_0031215,vasc,HAM_0005885
0,0.39011141657829285,1,ham10000,ISIC_0029982,nv,HAM_0005886
0,0.5967267751693726,1,ham10000,ISIC_0033221,nv,HAM_0005887
0,0.11983352899551392,0,ham10000,ISIC_0032355,nv,HAM_0005888
1,0.37849166989326477,1,ham10000,ISIC_0029930,akiec,HAM_0005889
0,0.23096586763858795,1,ham10000,ISIC_0027653,nv,HAM_0005890
0,0.5809931755065918,1,ham10000,ISIC_0026060,bkl,HAM_0005891
0,0.5101106762886047,1,ham10000,ISIC_0024861,nv,HAM_0005892
1,0.614574134349823,1,ham10000,ISIC_0032833,mel,HAM_0005893
0,0.15019182860851288,0,ham10000,ISIC_0025579,nv,HAM_0005894
0,0.30355721712112427,1,ham10000,ISIC_0032252,nv,HAM_0005895
0,0.6586743593215942,1,ham10000,ISIC_0024814,bkl,HAM_0005896
0,0.393550843000412,1,ham10000,ISIC_0027511,nv,HAM_0005897
0,0.36463311314582825,1,ham10000,ISIC_0033401,bkl,HAM_0005898
0,0.48636388778686523,1,ham10000,ISIC_0031767,nv,HAM_0005899
0,0.20218701660633087,1,ham10000,ISIC_0028726,nv,HAM_0005900
1,0.46413812041282654,1,ham10000,ISIC_0031245,bcc,HAM_0005901
0,0.5756666660308838,1,ham10000,ISIC_0027285,nv,HAM_0005902
0,0.48684877157211304,1,ham10000,ISIC_0032179,bkl,HAM_0005903
0,0.16804617643356323,1,ham10000,ISIC_0024956,nv,HAM_0005904
0,0.7261272072792053,1,ham10000,ISIC_0034257,nv,HAM_0005905
0,0.08359896391630173,0,ham10000,ISIC_0025609,nv,HAM_0005906
0,0.4659145176410675,1,ham10000,ISIC_0027623,nv,HAM_0005907
0,0.06053457409143448,0,ham10000,ISIC_0029150,nv,HAM_0005908
1,0.5841134786605835,1,ham10000,ISIC_0026045,mel,HAM_0005909
0,0.5293651223182678,1,ham10000,ISIC_0026513,nv,HAM_0005910
1,0.5634108781814575,1,ham10000,ISIC_0028127,mel,HAM_0005911
0,0.023492513224482536,0,ham10000,ISIC_0027028,nv,HAM_0005912
0,0.4474129378795624,1,ham10000,ISIC_0028640,bkl,HAM_0005913
0,0.2749195098876953,1,ham10000,ISIC_0028785,nv,HAM_0005914
0,0.6585869789123535,1,ham10000,ISIC_0025656,bkl,HAM_0005915
0,0.04927525296807289,0,ham10000,ISIC_0027556,nv,HAM_0005916
0,0.2898697257041931,1,ham10000,ISIC_0032272,nv,HAM_0005917
0,0.7446579337120056,1,ham10000,ISIC_0029177,df,HAM_0005918
0,0.14351484179496765,0,ham10000,ISIC_0030503,nv,HAM_0005919
0,0.08223486691713333,0,ham10000,ISIC_0026727,nv,HAM_0005920
1,0.802057147026062,1,ham10000,ISIC_0029034,bcc,HAM_0005921
0,0.08844705671072006,0,ham10000,ISIC_0025896,nv,HAM_0005922
0,0.1860397756099701,1,ham10000,ISIC_0031419,nv,HAM_0005923
1,0.7302935719490051,1,ham10000,ISIC_0025196,akiec,HAM_0005924
0,0.30730560421943665,1,ham10000,ISIC_0026222,nv,HAM_0005925
1,0.7534007430076599,1,ham10000,ISIC_0027069,mel,HAM_0005926
1,0.4791601002216339,1,ham10000,ISIC_0028173,mel,HAM_0005927
0,0.04264095053076744,0,ham10000,ISIC_0031574,nv,HAM_0005928
0,0.6034919619560242,1,ham10000,ISIC_0026638,nv,HAM_0005929
0,0.435270220041275,1,ham10000,ISIC_0031484,nv,HAM_0005930
1,0.6354394555091858,1,ham10000,ISIC_0031191,akiec,HAM_0005931
0,0.0826660618185997,0,ham10000,ISIC_0027747,bkl,HAM_0005932
1,0.5882623195648193,1,ham10000,ISIC_0024634,bcc,HAM_0005933
0,0.07971891760826111,0,ham10000,ISIC_0031740,nv,HAM_0005934
0,0.4499587416648865,1,ham10000,ISIC_0026679,bkl,HAM_0005935
0,0.5213888883590698,1,ham10000,ISIC_0024921,nv,HAM_0005936
0,0.4316765069961548,1,ham10000,ISIC_0027679,nv,HAM_0005937
0,0.08470996469259262,0,ham10000,ISIC_0025596,vasc,HAM_0005938
0,0.22829189896583557,1,ham10000,ISIC_0024327,nv,HAM_0005939
0,0.1942841112613678,1,ham10000,ISIC_0026331,nv,HAM_0005940
0,0.14363384246826172,0,ham10000,ISIC_0029295,nv,HAM_0005941
0,0.4179622232913971,1,ham10000,ISIC_0032529,nv,HAM_0005942
0,0.2926841378211975,1,ham10000,ISIC_0032033,nv,HAM_0005943
0,0.2595738172531128,1,ham10000,ISIC_0030850,nv,HAM_0005944
0,0.2146955281496048,1,ham10000,ISIC_0032053,nv,HAM_0005945
0,0.24236106872558594,1,ham10000,ISIC_0026368,nv,HAM_0005946
1,0.7820403575897217,1,ham10000,ISIC_0027998,bcc,HAM_0005947
0,0.17162612080574036,1,ham10000,ISIC_0029761,nv,HAM_0005948
0,0.32835859060287476,1,ham10000,ISIC_0027148,nv,HAM_0005949
0,0.325013667345047,1,ham10000,ISIC_0026165,nv,HAM_0005950
0,0.08799828588962555,0,ham10000,ISIC_0027325,nv,HAM_0005951
0,0.5696094036102295,1,ham10000,ISIC_0027916,bkl,HAM_0005952
1,0.7665646076202393,1,ham10000,ISIC_0032626,mel,HAM_0005953
1,0.6958232522010803,1,ham10000,ISIC_0032203,akiec,HAM_0005954
0,0.42421865463256836,1,ham10000,ISIC_0024713,nv,HAM_0005955
0,0.40738311409950256,1,ham10000,ISIC_0030727,nv,HAM_0005957
1,0.5849682092666626,1,ham10000,ISIC_0027577,akiec,HAM_0005958
0,0.055599529296159744,0,ham10000,ISIC_0025058,nv,HAM_0005959
0,0.6992871761322021,1,ham10000,ISIC_0028632,nv,HAM_0005960
0,0.18777725100517273,1,ham10000,ISIC_0032795,nv,HAM_0005961
0,0.3201014995574951,1,ham10000,ISIC_0028129,nv,HAM_0005963
0,0.07536807656288147,0,ham10000,ISIC_0026405,nv,HAM_0005964
0,0.3212030529975891,1,ham10000,ISIC_0029858,nv,HAM_0005965
0,0.2435029298067093,1,ham10000,ISIC_0025902,nv,HAM_0005966
0,0.711097240447998,1,ham10000,ISIC_0032031,bkl,HAM_0005967
0,0.516808271408081,1,ham10000,ISIC_0024758,bkl,HAM_0005968
0,0.2808826267719269,1,ham10000,ISIC_0028257,nv,HAM_0005969
1,0.5824512839317322,1,ham10000,ISIC_0032806,mel,HAM_0005970
1,0.6134594678878784,1,ham10000,ISIC_0024452,bcc,HAM_0005971
0,0.36776429414749146,1,ham10000,ISIC_0033319,nv,HAM_0005972
1,0.594527006149292,1,ham10000,ISIC_0026940,bcc,HAM_0005973
0,0.7203399538993835,1,ham10000,ISIC_0031395,nv,HAM_0005974
0,0.536427915096283,1,ham10000,ISIC_0031837,nv,HAM_0005975
0,0.3419252038002014,1,ham10000,ISIC_0030638,nv,HAM_0005976
0,0.5397210717201233,1,ham10000,ISIC_0028396,nv,HAM_0005977
1,0.548738420009613,1,ham10000,ISIC_0030143,akiec,HAM_0005978
0,0.6292583346366882,1,ham10000,ISIC_0030422,nv,HAM_0005980
1,0.43303051590919495,1,ham10000,ISIC_0027371,bcc,HAM_0005981
1,0.7257893681526184,1,ham10000,ISIC_0026766,bcc,HAM_0005982
0,0.7666414976119995,1,ham10000,ISIC_0025594,df,HAM_0005983
1,0.5416431427001953,1,ham10000,ISIC_0026117,bcc,HAM_0005984
1,0.645065188407898,1,ham10000,ISIC_0027038,bcc,HAM_0005985
1,0.6561080813407898,1,ham10000,ISIC_0029574,mel,HAM_0005986
0,0.2381751835346222,1,ham10000,ISIC_0026741,nv,HAM_0005987
0,0.31534698605537415,1,ham10000,ISIC_0025646,nv,HAM_0005988
0,0.7648149132728577,1,ham10000,ISIC_0031648,vasc,HAM_0005989
0,0.1812772899866104,1,ham10000,ISIC_0032320,nv,HAM_0005990
0,0.13694272935390472,0,ham10000,ISIC_0031505,nv,HAM_0005991
1,0.6378052830696106,1,ham10000,ISIC_0032597,mel,HAM_0005992
0,0.47046729922294617,1,ham10000,ISIC_0026441,bkl,HAM_0005993
0,0.44306766986846924,1,ham10000,ISIC_0029975,nv,HAM_0005994
0,0.6390429139137268,1,ham10000,ISIC_0033331,nv,HAM_0005995
0,0.15824219584465027,0,ham10000,ISIC_0031338,nv,HAM_0005996
0,0.6237157583236694,1,ham10000,ISIC_0033740,nv,HAM_0005997
1,0.6795982718467712,1,ham10000,ISIC_0027058,bcc,HAM_0005998
0,0.06918592005968094,0,ham10000,ISIC_0030958,nv,HAM_0005999
0,0.46488717198371887,1,ham10000,ISIC_0032121,nv,HAM_0006000
0,0.5122227072715759,1,ham10000,ISIC_0028395,nv,HAM_0006001
1,0.7583712339401245,1,ham10000,ISIC_0029915,akiec,HAM_0006002
0,0.6309192180633545,1,ham10000,ISIC_0032827,bkl,HAM_0006003
1,0.5185150504112244,1,ham10000,ISIC_0027702,mel,HAM_0006004
1,0.8324366211891174,1,ham10000,ISIC_0029489,bcc,HAM_0006005
1,0.5436702370643616,1,ham10000,ISIC_0024961,mel,HAM_0006006
0,0.15783672034740448,0,ham10000,ISIC_0031737,nv,HAM_0006007
0,0.014351638965308666,0,ham10000,ISIC_0028342,nv,HAM_0006008
0,0.5801329612731934,1,ham10000,ISIC_0026174,bkl,HAM_0006009
0,0.2844301164150238,1,ham10000,ISIC_0028695,nv,HAM_0006010
1,0.5691972970962524,1,ham10000,ISIC_0034012,mel,HAM_0006011
0,0.05771976336836815,0,ham10000,ISIC_0029240,nv,HAM_0006012
0,0.15204952657222748,0,ham10000,ISIC_0028572,nv,HAM_0006013
0,0.5950937271118164,1,ham10000,ISIC_0032737,nv,HAM_0006014
0,0.21705514192581177,1,ham10000,ISIC_0025294,nv,HAM_0006015
0,0.42892929911613464,1,ham10000,ISIC_0029670,nv,HAM_0006016
1,0.5642126202583313,1,ham10000,ISIC_0027282,mel,HAM_0006017
0,0.45885133743286133,1,ham10000,ISIC_0033486,bkl,HAM_0006018
0,0.03158790245652199,0,ham10000,ISIC_0030347,nv,HAM_0006019
0,0.6162595152854919,1,ham10000,ISIC_0029572,nv,HAM_0006020
0,0.3708973526954651,1,ham10000,ISIC_0026881,nv,HAM_0006021
0,0.4314107596874237,1,ham10000,ISIC_0029901,nv,HAM_0006022
0,0.33696895837783813,1,ham10000,ISIC_0025002,nv,HAM_0006023
1,0.6144338846206665,1,ham10000,ISIC_0027884,akiec,HAM_0006024
0,0.3753263056278229,1,ham10000,ISIC_0031285,nv,HAM_0006025
0,0.47207194566726685,1,ham10000,ISIC_0032804,bkl,HAM_0006026
0,0.700764000415802,1,ham10000,ISIC_0032189,nv,HAM_0006028
0,0.14267513155937195,0,ham10000,ISIC_0025935,nv,HAM_0006029
0,0.7398631572723389,1,ham10000,ISIC_0024618,nv,HAM_0006030
0,0.6930884122848511,1,ham10000,ISIC_0025374,bkl,HAM_0006031
0,0.26453205943107605,1,ham10000,ISIC_0027501,nv,HAM_0006032
0,0.36615434288978577,1,ham10000,ISIC_0026128,nv,HAM_0006033
0,0.3597961962223053,1,ham10000,ISIC_0026426,nv,HAM_0006034
0,0.39962634444236755,1,ham10000,ISIC_0027551,nv,HAM_0006035
1,0.7734677195549011,1,ham10000,ISIC_0029713,akiec,HAM_0006036
1,0.7400729656219482,1,ham10000,ISIC_0026571,mel,HAM_0006037
0,0.22074352204799652,1,ham10000,ISIC_0029969,nv,HAM_0006038
0,0.49769461154937744,1,ham10000,ISIC_0028092,nv,HAM_0006039
0,0.5632361769676208,1,ham10000,ISIC_0029978,nv,HAM_0006040
0,0.5589100122451782,1,ham10000,ISIC_0029313,nv,HAM_0006041
0,0.5408603549003601,1,ham10000,ISIC_0033983,nv,HAM_0006042
0,0.24611115455627441,1,ham10000,ISIC_0027782,nv,HAM_0006043
0,0.140557199716568,0,ham10000,ISIC_0026986,nv,HAM_0006044
0,0.3010338246822357,1,ham10000,ISIC_0029910,nv,HAM_0006045
0,0.19409534335136414,1,ham10000,ISIC_0031199,nv,HAM_0006046
1,0.8591957092285156,1,ham10000,ISIC_0025467,bcc,HAM_0006047
0,0.7597562670707703,1,ham10000,ISIC_0030064,nv,HAM_0006048
1,0.3357318937778473,1,ham10000,ISIC_0031614,bcc,HAM_0006049
0,0.27534979581832886,1,ham10000,ISIC_0029122,nv,HAM_0006050
0,0.33839184045791626,1,ham10000,ISIC_0030475,nv,HAM_0006051
0,0.5562684535980225,1,ham10000,ISIC_0025476,nv,HAM_0006052
1,0.6116856336593628,1,ham10000,ISIC_0028147,bcc,HAM_0006053
0,0.20274710655212402,1,ham10000,ISIC_0030982,nv,HAM_0006054
0,0.3073490262031555,1,ham10000,ISIC_0031456,nv,HAM_0006055
0,0.03703645244240761,0,ham10000,ISIC_0030999,nv,HAM_0006057
0,0.10116629302501678,0,ham10000,ISIC_0028911,nv,HAM_0006058
0,0.3430057764053345,1,ham10000,ISIC_0028089,nv,HAM_0006059
0,0.1578633189201355,0,ham10000,ISIC_0030513,nv,HAM_0006060
1,0.8229255080223083,1,ham10000,ISIC_0027179,mel,HAM_0006061
0,0.4530411660671234,1,ham10000,ISIC_0029435,nv,HAM_0006062
0,0.04397641122341156,0,ham10000,ISIC_0026975,nv,HAM_0006063
0,0.493089884519577,1,ham10000,ISIC_0031132,bkl,HAM_0006064
0,0.5471604466438293,1,ham10000,ISIC_0028952,bkl,HAM_0006065
0,0.04520215094089508,0,ham10000,ISIC_0028245,nv,HAM_0006067
0,0.2810104191303253,1,ham10000,ISIC_0024591,nv,HAM_0006068
0,0.3515033721923828,1,ham10000,ISIC_0031681,nv,HAM_0006069
0,0.046605441719293594,0,ham10000,ISIC_0026833,nv,HAM_0006070
0,0.6920154690742493,1,ham10000,ISIC_0032343,bkl,HAM_0006071
0,0.34094488620758057,1,ham10000,ISIC_0027168,nv,HAM_0006072
0,0.3508908152580261,1,ham10000,ISIC_0025761,nv,HAM_0006073
0,0.6906654834747314,1,ham10000,ISIC_0033829,bkl,HAM_0006074
0,0.19158314168453217,1,ham10000,ISIC_0026999,nv,HAM_0006075
0,0.4000224173069,1,ham10000,ISIC_0027323,nv,HAM_0006077
0,0.6610089540481567,1,ham10000,ISIC_0032809,nv,HAM_0006078
0,0.3508152663707733,1,ham10000,ISIC_0030641,nv,HAM_0006079
0,0.42076075077056885,1,ham10000,ISIC_0032668,nv,HAM_0006080
0,0.3330889940261841,1,ham10000,ISIC_0030691,nv,HAM_0006081
0,0.24763236939907074,1,ham10000,ISIC_0027500,nv,HAM_0006082
0,0.21753299236297607,1,ham10000,ISIC_0028178,nv,HAM_0006083
0,0.012621781788766384,0,ham10000,ISIC_0027641,nv,HAM_0006084
0,0.6661540865898132,1,ham10000,ISIC_0032949,bkl,HAM_0006085
0,0.40807726979255676,1,ham10000,ISIC_0025563,nv,HAM_0006086
0,0.24593700468540192,1,ham10000,ISIC_0032094,nv,HAM_0006087
1,0.24952033162117004,1,ham10000,ISIC_0028760,mel,HAM_0006088
0,0.15655934810638428,0,ham10000,ISIC_0031316,nv,HAM_0006089
0,0.062478989362716675,0,ham10000,ISIC_0026859,nv,HAM_0006090
0,0.5491376519203186,1,ham10000,ISIC_0026507,nv,HAM_0006091
1,0.5736463069915771,1,ham10000,ISIC_0029241,mel,HAM_0006092
0,0.036508556455373764,0,ham10000,ISIC_0024974,nv,HAM_0006093
0,0.5030474066734314,1,ham10000,ISIC_0026998,nv,HAM_0006094
0,0.20646531879901886,1,ham10000,ISIC_0025933,nv,HAM_0006095
0,0.43078961968421936,1,ham10000,ISIC_0025190,nv,HAM_0006096
1,0.5634349584579468,1,ham10000,ISIC_0027306,mel,HAM_0006097
0,0.3169863522052765,1,ham10000,ISIC_0030938,nv,HAM_0006098
0,0.5170634984970093,1,ham10000,ISIC_0026311,bkl,HAM_0006099
0,0.5533483624458313,1,ham10000,ISIC_0032288,nv,HAM_0006100
1,0.8409157395362854,1,ham10000,ISIC_0032617,mel,HAM_0006101
0,0.500629186630249,1,ham10000,ISIC_0032105,nv,HAM_0006102
0,0.3668794631958008,1,ham10000,ISIC_0031504,nv,HAM_0006103
0,0.36333733797073364,1,ham10000,ISIC_0026323,nv,HAM_0006104
0,0.11518938839435577,0,ham10000,ISIC_0032236,nv,HAM_0006105
0,0.46772563457489014,1,ham10000,ISIC_0032295,nv,HAM_0006106
0,0.6100686192512512,1,ham10000,ISIC_0024697,nv,HAM_0006108
0,0.4491460919380188,1,ham10000,ISIC_0028459,nv,HAM_0006109
0,0.6434947848320007,1,ham10000,ISIC_0025289,nv,HAM_0006110
1,0.28054502606391907,1,ham10000,ISIC_0030138,bcc,HAM_0006111
0,0.3364327847957611,1,ham10000,ISIC_0031696,nv,HAM_0006113
0,0.23966331779956818,1,ham10000,ISIC_0027873,nv,HAM_0006114
1,0.787266731262207,1,ham10000,ISIC_0025576,bcc,HAM_0006115
0,0.47515225410461426,1,ham10000,ISIC_0028117,nv,HAM_0006116
0,0.24721167981624603,1,ham10000,ISIC_0025566,nv,HAM_0006117
0,0.5467668771743774,1,ham10000,ISIC_0026429,nv,HAM_0006118
0,0.29819154739379883,1,ham10000,ISIC_0029944,nv,HAM_0006119
0,0.7034022808074951,1,ham10000,ISIC_0025372,nv,HAM_0006120
0,0.5701060891151428,1,ham10000,ISIC_0032792,nv,HAM_0006121
0,0.5474543571472168,1,ham10000,ISIC_0031556,bkl,HAM_0006122
0,0.4236433207988739,1,ham10000,ISIC_0025275,bkl,HAM_0006123
0,0.6450505256652832,1,ham10000,ISIC_0025131,bkl,HAM_0006124
0,0.3032180368900299,1,ham10000,ISIC_0028144,nv,HAM_0006125
0,0.5735347867012024,1,ham10000,ISIC_0027715,nv,HAM_0006126
0,0.13373331725597382,0,ham10000,ISIC_0032449,nv,HAM_0006127
0,0.31524333357810974,1,ham10000,ISIC_0028701,bkl,HAM_0006128
0,0.6113141179084778,1,ham10000,ISIC_0027849,nv,HAM_0006129
1,0.5697747468948364,1,ham10000,ISIC_0031670,mel,HAM_0006130
0,0.3533150851726532,1,ham10000,ISIC_0024822,nv,HAM_0006131
0,0.2143925130367279,1,ham10000,ISIC_0027732,nv,HAM_0006132
0,0.14602160453796387,0,ham10000,ISIC_0024755,nv,HAM_0006133
0,0.3375549018383026,1,ham10000,ISIC_0030622,nv,HAM_0006134
1,0.5404748916625977,1,ham10000,ISIC_0031044,akiec,HAM_0006135
0,0.23872876167297363,1,ham10000,ISIC_0028910,nv,HAM_0006136
1,0.4783508777618408,1,ham10000,ISIC_0026738,mel,HAM_0006137
0,0.3956148624420166,1,ham10000,ISIC_0026713,vasc,HAM_0006138
0,0.006094488315284252,0,ham10000,ISIC_0025349,nv,HAM_0006139
0,0.04459789767861366,0,ham10000,ISIC_0030163,nv,HAM_0006140
0,0.10575481504201889,0,ham10000,ISIC_0024603,nv,HAM_0006141
0,0.6350017189979553,1,ham10000,ISIC_0026509,nv,HAM_0006142
0,0.711763858795166,1,ham10000,ISIC_0032168,bkl,HAM_0006143
0,0.21721883118152618,1,ham10000,ISIC_0029388,nv,HAM_0006144
0,0.4866372346878052,1,ham10000,ISIC_0031713,nv,HAM_0006145
0,0.48681116104125977,1,ham10000,ISIC_0028159,nv,HAM_0006146
0,0.5580815672874451,1,ham10000,ISIC_0032641,nv,HAM_0006147
0,0.5589498281478882,1,ham10000,ISIC_0033987,bkl,HAM_0006148
0,0.5260673761367798,1,ham10000,ISIC_0025047,nv,HAM_0006149
0,0.6626392006874084,1,ham10000,ISIC_0026569,nv,HAM_0006150
0,0.1897185742855072,1,ham10000,ISIC_0032296,nv,HAM_0006151
1,0.639223039150238,1,ham10000,ISIC_0027238,mel,HAM_0006152
0,0.19671012461185455,1,ham10000,ISIC_0030749,nv,HAM_0006153
0,0.6475393176078796,1,ham10000,ISIC_0030082,nv,HAM_0006154
0,0.5860968828201294,1,ham10000,ISIC_0029728,nv,HAM_0006155
0,0.6211400628089905,1,ham10000,ISIC_0027903,vasc,HAM_0006156
0,0.40328249335289,1,ham10000,ISIC_0033855,bkl,HAM_0006157
0,0.6846596002578735,1,ham10000,ISIC_0033096,nv,HAM_0006158
0,0.6139749884605408,1,ham10000,ISIC_0028977,bkl,HAM_0006159
1,0.7577014565467834,1,ham10000,ISIC_0030950,mel,HAM_0006160
0,0.4645666778087616,1,ham10000,ISIC_0029164,nv,HAM_0006161
0,0.08660034090280533,0,ham10000,ISIC_0027245,nv,HAM_0006162
0,0.33157044649124146,1,ham10000,ISIC_0030331,nv,HAM_0006163
0,0.025705639272928238,0,ham10000,ISIC_0024385,nv,HAM_0006164
0,0.24267862737178802,1,ham10000,ISIC_0029964,nv,HAM_0006165
0,0.3095920979976654,1,ham10000,ISIC_0028805,nv,HAM_0006166
0,0.08957904577255249,0,ham10000,ISIC_0027845,nv,HAM_0006167
0,0.060836657881736755,0,ham10000,ISIC_0026464,nv,HAM_0006168
0,0.5250136256217957,1,ham10000,ISIC_0026747,nv,HAM_0006169
0,0.23936288058757782,1,ham10000,ISIC_0027969,bkl,HAM_0006170
1,0.5188268423080444,1,ham10000,ISIC_0025663,mel,HAM_0006171
0,0.18678554892539978,1,ham10000,ISIC_0024485,nv,HAM_0006172
0,0.6465092897415161,1,ham10000,ISIC_0031961,bkl,HAM_0006173
0,0.5236014723777771,1,ham10000,ISIC_0028116,nv,HAM_0006174
0,0.369475781917572,1,ham10000,ISIC_0024954,nv,HAM_0006175
0,0.44772836565971375,1,ham10000,ISIC_0027539,nv,HAM_0006176
0,0.40290677547454834,1,ham10000,ISIC_0031234,nv,HAM_0006177
0,0.3722976744174957,1,ham10000,ISIC_0031100,nv,HAM_0006178
0,0.010361608117818832,0,ham10000,ISIC_0030662,nv,HAM_0006179
1,0.6276313066482544,1,ham10000,ISIC_0026905,akiec,HAM_0006180
0,0.5785399079322815,1,ham10000,ISIC_0026961,bkl,HAM_0006181
0,0.5946347117424011,1,ham10000,ISIC_0033419,nv,HAM_0006182
0,0.2501395344734192,1,ham10000,ISIC_0028397,nv,HAM_0006183
1,0.6973555088043213,1,ham10000,ISIC_0033024,mel,HAM_0006184
0,0.33018600940704346,1,ham10000,ISIC_0028759,nv,HAM_0006185
0,0.39256250858306885,1,ham10000,ISIC_0029320,bkl,HAM_0006186
0,0.7367504239082336,1,ham10000,ISIC_0025453,nv,HAM_0006187
0,0.8657808899879456,1,ham10000,ISIC_0024330,df,HAM_0006188
1,0.7442253232002258,1,ham10000,ISIC_0033269,mel,HAM_0006189
0,0.41842541098594666,1,ham10000,ISIC_0025507,bkl,HAM_0006190
0,0.42700791358947754,1,ham10000,ISIC_0028829,nv,HAM_0006191
0,0.5517935156822205,1,ham10000,ISIC_0027416,nv,HAM_0006192
0,0.3249603509902954,1,ham10000,ISIC_0029877,vasc,HAM_0006193
0,0.4990851879119873,1,ham10000,ISIC_0030968,nv,HAM_0006194
0,0.1367505043745041,0,ham10000,ISIC_0028267,nv,HAM_0006195
1,0.7126865386962891,1,ham10000,ISIC_0025248,mel,HAM_0006196
0,0.6203187704086304,1,ham10000,ISIC_0028332,nv,HAM_0006197
0,0.354917049407959,1,ham10000,ISIC_0028676,nv,HAM_0006198
0,0.39273929595947266,1,ham10000,ISIC_0024888,nv,HAM_0006199
0,0.4915216863155365,1,ham10000,ISIC_0024420,bkl,HAM_0006201
0,0.32093918323516846,1,ham10000,ISIC_0030627,nv,HAM_0006202
0,0.7106900811195374,1,ham10000,ISIC_0026456,vasc,HAM_0006203
0,0.4025813937187195,1,ham10000,ISIC_0029806,nv,HAM_0006204
0,0.547748327255249,1,ham10000,ISIC_0031121,nv,HAM_0006205
0,0.16085676848888397,1,ham10000,ISIC_0030438,nv,HAM_0006206
1,0.4997680187225342,1,ham10000,ISIC_0030034,mel,HAM_0006207
1,0.6747733354568481,1,ham10000,ISIC_0028916,mel,HAM_0006208
0,0.19537319242954254,1,ham10000,ISIC_0028626,nv,HAM_0006209
0,0.3780839145183563,1,ham10000,ISIC_0026454,nv,HAM_0006210
0,0.46745848655700684,1,ham10000,ISIC_0025519,bkl,HAM_0006211
0,0.23523816466331482,1,ham10000,ISIC_0029721,nv,HAM_0006212
1,0.7658445239067078,1,ham10000,ISIC_0025182,akiec,HAM_0006213
1,0.6393901109695435,1,ham10000,ISIC_0031189,mel,HAM_0006214
0,0.29490065574645996,1,ham10000,ISIC_0027321,nv,HAM_0006215
0,0.21296972036361694,1,ham10000,ISIC_0030214,nv,HAM_0006216
1,0.4509655237197876,1,ham10000,ISIC_0031043,akiec,HAM_0006217
0,0.5516971945762634,1,ham10000,ISIC_0032589,nv,HAM_0006218
0,0.1333855390548706,0,ham10000,ISIC_0026202,nv,HAM_0006219
1,0.7793641686439514,1,ham10000,ISIC_0024470,akiec,HAM_0006220
0,0.20523005723953247,1,ham10000,ISIC_0025300,nv,HAM_0006221
1,0.6564136743545532,1,ham10000,ISIC_0025069,akiec,HAM_0006222
1,0.49610424041748047,1,ham10000,ISIC_0025791,mel,HAM_0006223
0,0.260285347700119,1,ham10000,ISIC_0029351,nv,HAM_0006224
0,0.6237761378288269,1,ham10000,ISIC_0028887,nv,HAM_0006225
0,0.2542569935321808,1,ham10000,ISIC_0024414,nv,HAM_0006226
0,0.3124348521232605,1,ham10000,ISIC_0031264,nv,HAM_0006227
0,0.3474906086921692,1,ham10000,ISIC_0028594,nv,HAM_0006228
0,0.09853408485651016,0,ham10000,ISIC_0027733,nv,HAM_0006229
0,0.6828155517578125,1,ham10000,ISIC_0032632,nv,HAM_0006230
0,0.5072028636932373,1,ham10000,ISIC_0032849,nv,HAM_0006231
0,0.5681023001670837,1,ham10000,ISIC_0033043,nv,HAM_0006232
0,0.29672807455062866,1,ham10000,ISIC_0033290,nv,HAM_0006233
0,0.46843141317367554,1,ham10000,ISIC_0033341,nv,HAM_0006234
0,0.6173001527786255,1,ham10000,ISIC_0033681,nv,HAM_0006235
0,0.422278493642807,1,ham10000,ISIC_0033741,nv,HAM_0006236
0,0.5834043622016907,1,ham10000,ISIC_0034072,nv,HAM_0006237
0,0.4683181345462799,1,ham10000,ISIC_0034151,bkl,HAM_0006238
0,0.3440737724304199,1,ham10000,ISIC_0034177,nv,HAM_0006239
0,0.783947765827179,1,ham10000,ISIC_0030188,bkl,HAM_0006240
0,0.48415103554725647,1,ham10000,ISIC_0031379,nv,HAM_0006241
0,0.46776512265205383,1,ham10000,ISIC_0030846,nv,HAM_0006242
0,0.34611356258392334,1,ham10000,ISIC_0031436,bkl,HAM_0006243
0,0.4062334895133972,1,ham10000,ISIC_0027197,nv,HAM_0006244
0,0.6086431741714478,1,ham10000,ISIC_0030733,nv,HAM_0006245
0,0.3332297205924988,1,ham10000,ISIC_0024523,nv,HAM_0006246
0,0.14817680418491364,0,ham10000,ISIC_0031393,nv,HAM_0006247
0,0.2235223799943924,1,ham10000,ISIC_0030087,nv,HAM_0006248
0,0.04804906249046326,0,ham10000,ISIC_0024759,nv,HAM_0006249
0,0.38906118273735046,1,ham10000,ISIC_0030308,nv,HAM_0006250
0,0.4544403851032257,1,ham10000,ISIC_0026437,nv,HAM_0006251
1,0.5158384442329407,1,ham10000,ISIC_0024646,akiec,HAM_0006252
1,0.7083947658538818,1,ham10000,ISIC_0028291,mel,HAM_0006253
0,0.3458789587020874,1,ham10000,ISIC_0024633,nv,HAM_0006254
0,0.4153579771518707,1,ham10000,ISIC_0026548,nv,HAM_0006255
0,0.33072173595428467,1,ham10000,ISIC_0027624,nv,HAM_0006256
1,0.5781312584877014,1,ham10000,ISIC_0029843,mel,HAM_0006257
0,0.4896259009838104,1,ham10000,ISIC_0028484,nv,HAM_0006258
0,0.02936325967311859,0,ham10000,ISIC_0027785,nv,HAM_0006259
0,0.23292310535907745,1,ham10000,ISIC_0029748,nv,HAM_0006260
0,0.2287149578332901,1,ham10000,ISIC_0028466,nv,HAM_0006261
0,0.4363723695278168,1,ham10000,ISIC_0027211,nv,HAM_0006262
0,0.41258642077445984,1,ham10000,ISIC_0029447,nv,HAM_0006263
0,0.10265856236219406,0,ham10000,ISIC_0024350,nv,HAM_0006264
0,0.31713247299194336,1,ham10000,ISIC_0028212,nv,HAM_0006266
0,0.503221869468689,1,ham10000,ISIC_0031200,bkl,HAM_0006267
0,0.29936936497688293,1,ham10000,ISIC_0026432,nv,HAM_0006268
0,0.48568880558013916,1,ham10000,ISIC_0031606,nv,HAM_0006270
0,0.30697280168533325,1,ham10000,ISIC_0027572,nv,HAM_0006271
0,0.5070806741714478,1,ham10000,ISIC_0024429,nv,HAM_0006272
0,0.6509003639221191,1,ham10000,ISIC_0028571,nv,HAM_0006273
1,0.548112154006958,1,ham10000,ISIC_0031351,bcc,HAM_0006274
0,0.4687946140766144,1,ham10000,ISIC_0029186,nv,HAM_0006275
0,0.5734089016914368,1,ham10000,ISIC_0029285,nv,HAM_0006276
0,0.6243696212768555,1,ham10000,ISIC_0031428,bkl,HAM_0006277
0,0.11619085818529129,0,ham10000,ISIC_0031141,nv,HAM_0006278
0,0.12458948791027069,0,ham10000,ISIC_0027195,nv,HAM_0006279
0,0.15660694241523743,0,ham10000,ISIC_0027937,vasc,HAM_0006280
0,0.5956107378005981,1,ham10000,ISIC_0033507,bkl,HAM_0006281
0,0.11108586192131042,0,ham10000,ISIC_0031772,nv,HAM_0006282
0,0.42801493406295776,1,ham10000,ISIC_0027924,nv,HAM_0006283
0,0.45623406767845154,1,ham10000,ISIC_0032904,nv,HAM_0006284
0,0.13731251657009125,0,ham10000,ISIC_0030596,nv,HAM_0006285
0,0.3870769739151001,1,ham10000,ISIC_0027619,nv,HAM_0006286
0,0.5974231362342834,1,ham10000,ISIC_0029101,bkl,HAM_0006287
0,0.14059656858444214,0,ham10000,ISIC_0031835,nv,HAM_0006289
0,0.06139902397990227,0,ham10000,ISIC_0026490,vasc,HAM_0006291
0,0.06392750144004822,0,ham10000,ISIC_0029058,nv,HAM_0006292
0,0.40533918142318726,1,ham10000,ISIC_0027314,nv,HAM_0006293
0,0.650978147983551,1,ham10000,ISIC_0032348,bkl,HAM_0006294
0,0.5535693764686584,1,ham10000,ISIC_0032720,nv,HAM_0006295
0,0.5868433117866516,1,ham10000,ISIC_0028999,nv,HAM_0006296
0,0.4181017577648163,1,ham10000,ISIC_0025962,nv,HAM_0006297
0,0.23639313876628876,1,ham10000,ISIC_0030613,nv,HAM_0006298
0,0.08431617170572281,0,ham10000,ISIC_0031582,nv,HAM_0006299
0,0.4298105835914612,1,ham10000,ISIC_0028281,nv,HAM_0006300
1,0.5672683715820312,1,ham10000,ISIC_0024468,akiec,HAM_0006301
0,0.4223390519618988,1,ham10000,ISIC_0030819,nv,HAM_0006302
0,0.20498496294021606,1,ham10000,ISIC_0026911,nv,HAM_0006303
0,0.45475998520851135,1,ham10000,ISIC_0032406,nv,HAM_0006304
0,0.515319287776947,1,ham10000,ISIC_0031274,nv,HAM_0006305
0,0.341105580329895,1,ham10000,ISIC_0026242,nv,HAM_0006306
0,0.11443866789340973,0,ham10000,ISIC_0024570,nv,HAM_0006307
0,0.3508342504501343,1,ham10000,ISIC_0030716,nv,HAM_0006308
0,0.17529800534248352,1,ham10000,ISIC_0026640,nv,HAM_0006309
0,0.6004021763801575,1,ham10000,ISIC_0031334,bkl,HAM_0006310
0,0.2532895505428314,1,ham10000,ISIC_0024392,nv,HAM_0006311
0,0.33864834904670715,1,ham10000,ISIC_0025631,nv,HAM_0006312
0,0.27288925647735596,1,ham10000,ISIC_0026926,nv,HAM_0006313
0,0.31674692034721375,1,ham10000,ISIC_0029532,nv,HAM_0006314
0,0.0077583445236086845,0,ham10000,ISIC_0031144,nv,HAM_0006316
0,0.2783040702342987,1,ham10000,ISIC_0029934,nv,HAM_0006317
0,0.3095802962779999,1,ham10000,ISIC_0024937,nv,HAM_0006318
0,0.20584674179553986,1,ham10000,ISIC_0028348,nv,HAM_0006319
1,0.49087774753570557,1,ham10000,ISIC_0033174,mel,HAM_0006321
0,0.365092396736145,1,ham10000,ISIC_0030309,nv,HAM_0006322
0,0.15342463552951813,0,ham10000,ISIC_0024680,nv,HAM_0006323
0,0.6146795153617859,1,ham10000,ISIC_0029889,vasc,HAM_0006324
0,0.5380381345748901,1,ham10000,ISIC_0027739,bkl,HAM_0006325
0,0.4020613431930542,1,ham10000,ISIC_0028500,nv,HAM_0006326
0,0.6641586422920227,1,ham10000,ISIC_0028237,bkl,HAM_0006327
0,0.30585601925849915,1,ham10000,ISIC_0030450,nv,HAM_0006328
0,0.49922609329223633,1,ham10000,ISIC_0032758,nv,HAM_0006329
1,0.6515509486198425,1,ham10000,ISIC_0026745,mel,HAM_0006330
0,0.18427559733390808,1,ham10000,ISIC_0029229,nv,HAM_0006331
0,0.3165053725242615,1,ham10000,ISIC_0029822,nv,HAM_0006332
0,0.5131781697273254,1,ham10000,ISIC_0024424,nv,HAM_0006333
0,0.08748968690633774,0,ham10000,ISIC_0032605,nv,HAM_0006334
0,0.2940899133682251,1,ham10000,ISIC_0028892,nv,HAM_0006335
0,0.04784388840198517,0,ham10000,ISIC_0032117,nv,HAM_0006336
0,0.08091063797473907,0,ham10000,ISIC_0029106,nv,HAM_0006337
0,0.5769225358963013,1,ham10000,ISIC_0025125,nv,HAM_0006338
0,0.18535031378269196,1,ham10000,ISIC_0031279,nv,HAM_0006339
0,0.6249614357948303,1,ham10000,ISIC_0028639,nv,HAM_0006340
0,0.18572433292865753,1,ham10000,ISIC_0024681,nv,HAM_0006341
0,0.5717593431472778,1,ham10000,ISIC_0024425,nv,HAM_0006342
0,0.5441165566444397,1,ham10000,ISIC_0024997,bkl,HAM_0006343
0,0.17228254675865173,1,ham10000,ISIC_0026966,nv,HAM_0006344
0,0.2037394642829895,1,ham10000,ISIC_0027762,nv,HAM_0006345
0,0.5604763627052307,1,ham10000,ISIC_0026280,bkl,HAM_0006346
0,0.4167470932006836,1,ham10000,ISIC_0025702,nv,HAM_0006347
0,0.31852659583091736,1,ham10000,ISIC_0027110,nv,HAM_0006348
0,0.29406169056892395,1,ham10000,ISIC_0024919,nv,HAM_0006349
0,0.42296093702316284,1,ham10000,ISIC_0031130,bkl,HAM_0006350
1,0.6840932369232178,1,ham10000,ISIC_0027117,bcc,HAM_0006351
0,0.3247879147529602,1,ham10000,ISIC_0025341,nv,HAM_0006352
0,0.5401927828788757,1,ham10000,ISIC_0032712,nv,HAM_0006353
0,0.22559262812137604,1,ham10000,ISIC_0032137,nv,HAM_0006354
1,0.6681220531463623,1,ham10000,ISIC_0027663,mel,HAM_0006355
0,0.09501432627439499,0,ham10000,ISIC_0029732,nv,HAM_0006356
0,0.09516889601945877,0,ham10000,ISIC_0024835,nv,HAM_0006357
0,0.420747846364975,1,ham10000,ISIC_0025581,nv,HAM_0006358
0,0.29916882514953613,1,ham10000,ISIC_0027403,nv,HAM_0006359
0,0.18136471509933472,1,ham10000,ISIC_0027926,nv,HAM_0006360
0,0.3197711706161499,1,ham10000,ISIC_0030196,nv,HAM_0006361
0,0.41171568632125854,1,ham10000,ISIC_0030523,nv,HAM_0006362
0,0.6308305263519287,1,ham10000,ISIC_0024936,nv,HAM_0006363
0,0.5448247790336609,1,ham10000,ISIC_0029027,nv,HAM_0006364
0,0.36976543068885803,1,ham10000,ISIC_0028296,nv,HAM_0006365
0,0.43336552381515503,1,ham10000,ISIC_0030732,nv,HAM_0006366
0,0.34383875131607056,1,ham10000,ISIC_0024926,nv,HAM_0006367
0,0.4806246757507324,1,ham10000,ISIC_0029688,nv,HAM_0006369
0,0.23677760362625122,1,ham10000,ISIC_0026032,nv,HAM_0006370
0,0.5443199872970581,1,ham10000,ISIC_0033626,df,HAM_0006371
0,0.478823184967041,1,ham10000,ISIC_0032817,nv,HAM_0006372
0,0.3115924000740051,1,ham10000,ISIC_0028143,nv,HAM_0006373
0,0.19622452557086945,1,ham10000,ISIC_0031540,nv,HAM_0006374
0,0.29635414481163025,1,ham10000,ISIC_0026114,nv,HAM_0006375
1,0.4157884120941162,1,ham10000,ISIC_0032845,mel,HAM_0006376
0,0.2266436666250229,1,ham10000,ISIC_0024465,nv,HAM_0006377
0,0.33988484740257263,1,ham10000,ISIC_0024735,nv,HAM_0006378
0,0.5050937533378601,1,ham10000,ISIC_0032937,nv,HAM_0006379
1,0.36798569560050964,1,ham10000,ISIC_0028718,mel,HAM_0006380
0,0.20078535377979279,1,ham10000,ISIC_0025023,nv,HAM_0006381
0,0.05634650960564613,0,ham10000,ISIC_0029883,nv,HAM_0006382
0,0.3271876871585846,1,ham10000,ISIC_0025183,nv,HAM_0006383
1,0.8293582797050476,1,ham10000,ISIC_0031272,bcc,HAM_0006384
0,0.3069312572479248,1,ham10000,ISIC_0026733,nv,HAM_0006385
1,0.5805311799049377,1,ham10000,ISIC_0029035,bcc,HAM_0006386
1,0.5213706493377686,1,ham10000,ISIC_0026831,bcc,HAM_0006387
0,0.2661544382572174,1,ham10000,ISIC_0029542,nv,HAM_0006388
0,0.4478576183319092,1,ham10000,ISIC_0027738,nv,HAM_0006389
0,0.5811711549758911,1,ham10000,ISIC_0025887,nv,HAM_0006390
0,0.2318078875541687,1,ham10000,ISIC_0032783,nv,HAM_0006391
0,0.11872627586126328,0,ham10000,ISIC_0028064,nv,HAM_0006392
0,0.47422730922698975,1,ham10000,ISIC_0029189,nv,HAM_0006393
0,0.07391273230314255,0,ham10000,ISIC_0027635,nv,HAM_0006394
0,0.2384791225194931,1,ham10000,ISIC_0025934,nv,HAM_0006395
0,0.33242836594581604,1,ham10000,ISIC_0033015,nv,HAM_0006396
0,0.40009981393814087,1,ham10000,ISIC_0029475,nv,HAM_0006397
0,0.6391395330429077,1,ham10000,ISIC_0027568,nv,HAM_0006398
0,0.6198943257331848,1,ham10000,ISIC_0026219,bkl,HAM_0006399
1,0.36963924765586853,1,ham10000,ISIC_0031741,mel,HAM_0006400
0,0.041184812784194946,0,ham10000,ISIC_0031451,nv,HAM_0006401
0,0.018688557669520378,0,ham10000,ISIC_0025602,nv,HAM_0006402
0,0.0816064178943634,0,ham10000,ISIC_0030248,nv,HAM_0006403
0,0.111829973757267,0,ham10000,ISIC_0026983,nv,HAM_0006404
0,0.10043927282094955,0,ham10000,ISIC_0031641,nv,HAM_0006405
0,0.06703940033912659,0,ham10000,ISIC_0026336,vasc,HAM_0006406
0,0.28977227210998535,1,ham10000,ISIC_0025198,nv,HAM_0006408
0,0.6000322699546814,1,ham10000,ISIC_0028987,nv,HAM_0006409
0,0.2933848798274994,1,ham10000,ISIC_0027449,nv,HAM_0006410
0,0.3187255859375,1,ham10000,ISIC_0027140,nv,HAM_0006411
0,0.30087751150131226,1,ham10000,ISIC_0027720,nv,HAM_0006412
0,0.02533220499753952,0,ham10000,ISIC_0031165,nv,HAM_0006413
0,0.21686555445194244,1,ham10000,ISIC_0026485,nv,HAM_0006414
0,0.3380453884601593,1,ham10000,ISIC_0032367,nv,HAM_0006415
0,0.067567840218544,0,ham10000,ISIC_0028137,nv,HAM_0006416
0,0.5006836652755737,1,ham10000,ISIC_0033599,nv,HAM_0006418
0,0.6264542937278748,1,ham10000,ISIC_0026193,nv,HAM_0006419
0,0.4611373245716095,1,ham10000,ISIC_0029905,nv,HAM_0006420
0,0.29654669761657715,1,ham10000,ISIC_0031403,nv,HAM_0006421
0,0.19345316290855408,1,ham10000,ISIC_0030368,nv,HAM_0006422
1,0.6915740370750427,1,ham10000,ISIC_0028352,mel,HAM_0006423
0,0.18751947581768036,1,ham10000,ISIC_0032256,nv,HAM_0006424
0,0.06092275306582451,0,ham10000,ISIC_0028530,nv,HAM_0006425
1,0.6357508897781372,1,ham10000,ISIC_0032922,mel,HAM_0006426
0,0.1746891438961029,1,ham10000,ISIC_0028704,nv,HAM_0006427
0,0.44983452558517456,1,ham10000,ISIC_0030862,nv,HAM_0006428
0,0.36930975317955017,1,ham10000,ISIC_0026240,nv,HAM_0006429
0,0.44782349467277527,1,ham10000,ISIC_0026487,nv,HAM_0006430
0,0.21523097157478333,1,ham10000,ISIC_0031992,nv,HAM_0006431
0,0.321561723947525,1,ham10000,ISIC_0030884,nv,HAM_0006432
1,0.6655017137527466,1,ham10000,ISIC_0029370,mel,HAM_0006433
1,0.5728878974914551,1,ham10000,ISIC_0028076,akiec,HAM_0006434
1,0.7797935009002686,1,ham10000,ISIC_0033573,mel,HAM_0006435
0,0.23531417548656464,1,ham10000,ISIC_0027655,nv,HAM_0006436
1,0.6267138123512268,1,ham10000,ISIC_0033469,mel,HAM_0006437
0,0.37799420952796936,1,ham10000,ISIC_0033722,bkl,HAM_0006438
0,0.3108822703361511,1,ham10000,ISIC_0025621,nv,HAM_0006439
0,0.10940681397914886,0,ham10000,ISIC_0028074,nv,HAM_0006440
0,0.25743743777275085,1,ham10000,ISIC_0029016,nv,HAM_0006441
1,0.6959959864616394,1,ham10000,ISIC_0032947,akiec,HAM_0006442
0,0.3915485441684723,1,ham10000,ISIC_0028164,nv,HAM_0006443
1,0.7848771214485168,1,ham10000,ISIC_0032318,bcc,HAM_0006444
1,0.5365957021713257,1,ham10000,ISIC_0033333,mel,HAM_0006445
0,0.3734990656375885,1,ham10000,ISIC_0025591,nv,HAM_0006446
0,0.10091902315616608,0,ham10000,ISIC_0031276,vasc,HAM_0006447
0,0.41258057951927185,1,ham10000,ISIC_0028912,nv,HAM_0006448
0,0.024907978251576424,0,ham10000,ISIC_0028604,nv,HAM_0006449
0,0.19740067422389984,1,ham10000,ISIC_0028724,nv,HAM_0006450
0,0.5331000685691833,1,ham10000,ISIC_0032274,nv,HAM_0006451
0,0.12336687743663788,0,ham10000,ISIC_0030424,nv,HAM_0006452
1,0.6933178901672363,1,ham10000,ISIC_0025744,mel,HAM_0006453
0,0.46000176668167114,1,ham10000,ISIC_0030009,nv,HAM_0006454
0,0.32574617862701416,1,ham10000,ISIC_0029690,nv,HAM_0006455
0,0.570965051651001,1,ham10000,ISIC_0032305,nv,HAM_0006456
0,0.5309397578239441,1,ham10000,ISIC_0027987,nv,HAM_0006457
0,0.5978959202766418,1,ham10000,ISIC_0027578,nv,HAM_0006458
0,0.3850615620613098,1,ham10000,ISIC_0033011,nv,HAM_0006459
0,0.09434810280799866,0,ham10000,ISIC_0027292,nv,HAM_0006460
0,0.3441704511642456,1,ham10000,ISIC_0026830,nv,HAM_0006461
1,0.5777267813682556,1,ham10000,ISIC_0033520,mel,HAM_0006462
0,0.2925712764263153,1,ham10000,ISIC_0028515,nv,HAM_0006463
0,0.19893716275691986,1,ham10000,ISIC_0025424,nv,HAM_0006464
1,0.618552565574646,1,ham10000,ISIC_0030813,bcc,HAM_0006465
0,0.3177493214607239,1,ham10000,ISIC_0024495,bkl,HAM_0006466
1,0.664310872554779,1,ham10000,ISIC_0027622,mel,HAM_0006467
0,0.2699738144874573,1,ham10000,ISIC_0030162,nv,HAM_0006468
0,0.3065967857837677,1,ham10000,ISIC_0024479,nv,HAM_0006469
0,0.4746861457824707,1,ham10000,ISIC_0027978,nv,HAM_0006470
0,0.5583100318908691,1,ham10000,ISIC_0028187,nv,HAM_0006471
0,0.5781757235527039,1,ham10000,ISIC_0027394,bkl,HAM_0006472
0,0.10294703394174576,0,ham10000,ISIC_0026696,nv,HAM_0006473
0,0.2602994441986084,1,ham10000,ISIC_0030262,nv,HAM_0006474
0,0.5837242007255554,1,ham10000,ISIC_0030965,bkl,HAM_0006475
0,0.04611664265394211,0,ham10000,ISIC_0031877,nv,HAM_0006476
0,0.08255583792924881,0,ham10000,ISIC_0029237,nv,HAM_0006477
0,0.5851730108261108,1,ham10000,ISIC_0025210,nv,HAM_0006478
0,0.04791990667581558,0,ham10000,ISIC_0026004,nv,HAM_0006479
0,0.2148207128047943,1,ham10000,ISIC_0026536,nv,HAM_0006480
1,0.6304848194122314,1,ham10000,ISIC_0026492,akiec,HAM_0006481
1,0.7220490574836731,1,ham10000,ISIC_0027506,akiec,HAM_0006482
1,0.7216758728027344,1,ham10000,ISIC_0032371,akiec,HAM_0006483
0,0.6842801570892334,1,ham10000,ISIC_0027244,nv,HAM_0006484
0,0.2116803526878357,1,ham10000,ISIC_0024423,nv,HAM_0006485
0,0.43470922112464905,1,ham10000,ISIC_0026880,nv,HAM_0006486
0,0.06031615659594536,0,ham10000,ISIC_0028617,nv,HAM_0006487
0,0.3651544749736786,1,ham10000,ISIC_0031066,nv,HAM_0006488
0,0.5743703246116638,1,ham10000,ISIC_0029624,nv,HAM_0006489
0,0.43931737542152405,1,ham10000,ISIC_0024979,nv,HAM_0006490
0,0.5861480236053467,1,ham10000,ISIC_0033070,nv,HAM_0006491
0,0.3309440612792969,1,ham10000,ISIC_0031092,nv,HAM_0006492
0,0.13518840074539185,0,ham10000,ISIC_0024950,nv,HAM_0006493
0,0.14026868343353271,0,ham10000,ISIC_0029714,nv,HAM_0006494
0,0.22699452936649323,1,ham10000,ISIC_0025215,nv,HAM_0006495
0,0.6274533867835999,1,ham10000,ISIC_0032579,nv,HAM_0006496
1,0.5164536833763123,1,ham10000,ISIC_0027302,mel,HAM_0006497
0,0.29092633724212646,1,ham10000,ISIC_0028446,nv,HAM_0006498
0,0.17132940888404846,1,ham10000,ISIC_0031027,nv,HAM_0006499
0,0.2810288965702057,1,ham10000,ISIC_0032479,nv,HAM_0006500
0,0.1857994794845581,1,ham10000,ISIC_0025873,vasc,HAM_0006501
0,0.10838741064071655,0,ham10000,ISIC_0029312,nv,HAM_0006502
0,0.2358044683933258,1,ham10000,ISIC_0032217,nv,HAM_0006503
0,0.2290840446949005,1,ham10000,ISIC_0031098,nv,HAM_0006504
0,0.38724827766418457,1,ham10000,ISIC_0031343,nv,HAM_0006505
0,0.18966442346572876,1,ham10000,ISIC_0028408,nv,HAM_0006506
0,0.39277321100234985,1,ham10000,ISIC_0026585,nv,HAM_0006507
0,0.0554007925093174,0,ham10000,ISIC_0030342,nv,HAM_0006508
0,0.12042581290006638,0,ham10000,ISIC_0025733,nv,HAM_0006509
0,0.41723257303237915,1,ham10000,ISIC_0029828,nv,HAM_0006510
0,0.07312718778848648,0,ham10000,ISIC_0029892,nv,HAM_0006511
0,0.5164494514465332,1,ham10000,ISIC_0027614,nv,HAM_0006512
0,0.6511029005050659,1,ham10000,ISIC_0030783,bkl,HAM_0006513
0,0.20797164738178253,1,ham10000,ISIC_0026559,nv,HAM_0006514
0,0.39953598380088806,1,ham10000,ISIC_0025828,nv,HAM_0006515
0,0.4779779016971588,1,ham10000,ISIC_0033315,nv,HAM_0006516
1,0.7620096802711487,1,ham10000,ISIC_0032672,mel,HAM_0006517
0,0.37477412819862366,1,ham10000,ISIC_0027618,nv,HAM_0006518
0,0.07298417389392853,0,ham10000,ISIC_0025258,nv,HAM_0006519
0,0.5397675633430481,1,ham10000,ISIC_0032767,nv,HAM_0006520
1,0.6155988574028015,1,ham10000,ISIC_0025155,mel,HAM_0006521
1,0.7150739431381226,1,ham10000,ISIC_0026369,mel,HAM_0006522
0,0.43279963731765747,1,ham10000,ISIC_0027919,nv,HAM_0006523
1,0.4885005056858063,1,ham10000,ISIC_0024763,akiec,HAM_0006524
0,0.2477083057165146,1,ham10000,ISIC_0027018,bkl,HAM_0006525
0,0.3408639132976532,1,ham10000,ISIC_0026671,nv,HAM_0006526
1,0.7576557397842407,1,ham10000,ISIC_0029094,mel,HAM_0006527
0,0.5777499079704285,1,ham10000,ISIC_0032763,bkl,HAM_0006528
0,0.5078563094139099,1,ham10000,ISIC_0024695,nv,HAM_0006529
0,0.4470924437046051,1,ham10000,ISIC_0029686,nv,HAM_0006530
0,0.5334768891334534,1,ham10000,ISIC_0027681,bkl,HAM_0006531
0,0.14400453865528107,0,ham10000,ISIC_0026435,nv,HAM_0006532
0,0.5858610272407532,1,ham10000,ISIC_0028497,bkl,HAM_0006533
0,0.16697970032691956,1,ham10000,ISIC_0028778,nv,HAM_0006534
0,0.3524249792098999,1,ham10000,ISIC_0032069,nv,HAM_0006535
0,0.43856745958328247,1,ham10000,ISIC_0032171,nv,HAM_0006536
0,0.46419546008110046,1,ham10000,ISIC_0029815,nv,HAM_0006537
1,0.5521649718284607,1,ham10000,ISIC_0029397,mel,HAM_0006538
0,0.5653483271598816,1,ham10000,ISIC_0032516,nv,HAM_0006539
1,0.6597421169281006,1,ham10000,ISIC_0032988,mel,HAM_0006540
0,0.2009209543466568,1,ham10000,ISIC_0024883,bkl,HAM_0006541
0,0.8533400893211365,1,ham10000,ISIC_0030015,df,HAM_0006542
0,0.4359317719936371,1,ham10000,ISIC_0026096,nv,HAM_0006543
0,0.315104603767395,1,ham10000,ISIC_0031881,nv,HAM_0006544
1,0.29644179344177246,1,ham10000,ISIC_0032598,mel,HAM_0006545
0,0.36035630106925964,1,ham10000,ISIC_0030413,nv,HAM_0006546
0,0.6729878783226013,1,ham10000,ISIC_0027258,nv,HAM_0006547
1,0.6414723992347717,1,ham10000,ISIC_0030010,bcc,HAM_0006548
0,0.665657103061676,1,ham10000,ISIC_0033007,nv,HAM_0006550
0,0.38936847448349,1,ham10000,ISIC_0027970,nv,HAM_0006551
0,0.28866204619407654,1,ham10000,ISIC_0024531,nv,HAM_0006552
0,0.3777594566345215,1,ham10000,ISIC_0026942,nv,HAM_0006553
0,0.34819287061691284,1,ham10000,ISIC_0028866,nv,HAM_0006554
0,0.3583308756351471,1,ham10000,ISIC_0030405,nv,HAM_0006555
1,0.5967789888381958,1,ham10000,ISIC_0027402,mel,HAM_0006556
0,0.10716479271650314,0,ham10000,ISIC_0025334,nv,HAM_0006557
0,0.7821879982948303,1,ham10000,ISIC_0031639,bkl,HAM_0006558
0,0.47199347615242004,1,ham10000,ISIC_0033455,nv,HAM_0006559
1,0.6310482025146484,1,ham10000,ISIC_0026729,akiec,HAM_0006560
0,0.02946353144943714,0,ham10000,ISIC_0026612,nv,HAM_0006561
0,0.08575879782438278,0,ham10000,ISIC_0031084,nv,HAM_0006562
0,0.34359627962112427,1,ham10000,ISIC_0026477,bkl,HAM_0006563
1,0.7169805765151978,1,ham10000,ISIC_0031721,bcc,HAM_0006564
0,0.340044230222702,1,ham10000,ISIC_0027489,nv,HAM_0006565
1,0.687131404876709,1,ham10000,ISIC_0032535,mel,HAM_0006566
0,0.4420243799686432,1,ham10000,ISIC_0032649,nv,HAM_0006567
0,0.5107723474502563,1,ham10000,ISIC_0025615,nv,HAM_0006568
0,0.12454429268836975,0,ham10000,ISIC_0030483,nv,HAM_0006569
0,0.7198850512504578,1,ham10000,ISIC_0030343,nv,HAM_0006570
0,0.2480175942182541,1,ham10000,ISIC_0025418,nv,HAM_0006571
1,0.8562518954277039,1,ham10000,ISIC_0026091,bcc,HAM_0006572
0,0.3786117434501648,1,ham10000,ISIC_0026918,nv,HAM_0006573
0,0.2987031638622284,1,ham10000,ISIC_0025567,bkl,HAM_0006574
1,0.6566867232322693,1,ham10000,ISIC_0029391,bcc,HAM_0006575
0,0.24148140847682953,1,ham10000,ISIC_0024606,nv,HAM_0006576
0,0.28361010551452637,1,ham10000,ISIC_0030671,nv,HAM_0006578
0,0.033390264958143234,0,ham10000,ISIC_0030668,nv,HAM_0006579
0,0.5630493760108948,1,ham10000,ISIC_0025376,bkl,HAM_0006580
0,0.2010669857263565,1,ham10000,ISIC_0026231,nv,HAM_0006581
0,0.48508813977241516,1,ham10000,ISIC_0029487,nv,HAM_0006582
0,0.5742942690849304,1,ham10000,ISIC_0026177,nv,HAM_0006583
0,0.29782938957214355,1,ham10000,ISIC_0024983,nv,HAM_0006584
0,0.03051447868347168,0,ham10000,ISIC_0024455,nv,HAM_0006585
1,0.7942474484443665,1,ham10000,ISIC_0034026,bcc,HAM_0006586
1,0.4946216940879822,1,ham10000,ISIC_0025780,akiec,HAM_0006587
1,0.508152186870575,1,ham10000,ISIC_0031552,bcc,HAM_0006588
0,0.3054628372192383,1,ham10000,ISIC_0031187,nv,HAM_0006589
0,0.5009452104568481,1,ham10000,ISIC_0029694,nv,HAM_0006590
0,0.5954626798629761,1,ham10000,ISIC_0030678,nv,HAM_0006591
1,0.5112914443016052,1,ham10000,ISIC_0024925,akiec,HAM_0006592
1,0.5206502079963684,1,ham10000,ISIC_0025708,mel,HAM_0006593
1,0.55340975522995,1,ham10000,ISIC_0025195,mel,HAM_0006594
0,0.6624018549919128,1,ham10000,ISIC_0028223,bkl,HAM_0006595
0,0.7480075359344482,1,ham10000,ISIC_0027005,nv,HAM_0006596
0,0.12237530946731567,0,ham10000,ISIC_0028657,nv,HAM_0006597
0,0.5572887659072876,1,ham10000,ISIC_0024508,nv,HAM_0006598
0,0.30366817116737366,1,ham10000,ISIC_0025141,nv,HAM_0006599
0,0.48676827549934387,1,ham10000,ISIC_0028891,nv,HAM_0006600
0,0.597804844379425,1,ham10000,ISIC_0031511,bkl,HAM_0006601
0,0.22723270952701569,1,ham10000,ISIC_0026598,nv,HAM_0006602
1,0.5984184741973877,1,ham10000,ISIC_0030821,akiec,HAM_0006604
0,0.45541611313819885,1,ham10000,ISIC_0026055,nv,HAM_0006605
0,0.2542288899421692,1,ham10000,ISIC_0028794,nv,HAM_0006606
0,0.13268530368804932,0,ham10000,ISIC_0026985,nv,HAM_0006607
0,0.6364356875419617,1,ham10000,ISIC_0025491,nv,HAM_0006608
1,0.6627599000930786,1,ham10000,ISIC_0031266,bcc,HAM_0006609
0,0.4617558717727661,1,ham10000,ISIC_0033250,nv,HAM_0006610
0,0.4161648750305176,1,ham10000,ISIC_0028985,nv,HAM_0006611
0,0.3951658606529236,1,ham10000,ISIC_0031426,nv,HAM_0006612
0,0.3609978258609772,1,ham10000,ISIC_0031894,nv,HAM_0006613
0,0.07857710123062134,0,ham10000,ISIC_0027927,nv,HAM_0006614
0,0.6021977663040161,1,ham10000,ISIC_0032780,nv,HAM_0006615
0,0.4873822033405304,1,ham10000,ISIC_0031794,nv,HAM_0006616
0,0.24889376759529114,1,ham10000,ISIC_0024669,vasc,HAM_0006617
0,0.690608561038971,1,ham10000,ISIC_0028804,nv,HAM_0006618
0,0.44939884543418884,1,ham10000,ISIC_0029983,nv,HAM_0006619
0,0.11532337963581085,0,ham10000,ISIC_0029378,nv,HAM_0006620
0,0.3355043828487396,1,ham10000,ISIC_0026649,nv,HAM_0006621
0,0.41757732629776,1,ham10000,ISIC_0025939,bkl,HAM_0006622
0,0.5755025744438171,1,ham10000,ISIC_0033404,nv,HAM_0006623
1,0.44373857975006104,1,ham10000,ISIC_0027595,bcc,HAM_0006624
0,0.28678956627845764,1,ham10000,ISIC_0034043,nv,HAM_0006625
1,0.6975579857826233,1,ham10000,ISIC_0029914,mel,HAM_0006626
0,0.40982580184936523,1,ham10000,ISIC_0029511,nv,HAM_0006627
0,0.5892130732536316,1,ham10000,ISIC_0033111,nv,HAM_0006628
0,0.2924952208995819,1,ham10000,ISIC_0025689,nv,HAM_0006629
0,0.6634414196014404,1,ham10000,ISIC_0032063,bkl,HAM_0006630
1,0.052302807569503784,0,ham10000,ISIC_0027814,bcc,HAM_0006631
0,0.09378267079591751,0,ham10000,ISIC_0026196,nv,HAM_0006632
0,0.34608444571495056,1,ham10000,ISIC_0028598,nv,HAM_0006633
0,0.2696773409843445,1,ham10000,ISIC_0033227,nv,HAM_0006634
1,0.7735121250152588,1,ham10000,ISIC_0028900,mel,HAM_0006635
1,0.7807526588439941,1,ham10000,ISIC_0028051,mel,HAM_0006636
0,0.3190194070339203,1,ham10000,ISIC_0033435,nv,HAM_0006637
0,0.018340151757001877,0,ham10000,ISIC_0025220,nv,HAM_0006638
0,0.3517952859401703,1,ham10000,ISIC_0028733,nv,HAM_0006639
0,0.347025066614151,1,ham10000,ISIC_0029551,nv,HAM_0006640
0,0.2978072762489319,1,ham10000,ISIC_0026659,nv,HAM_0006641
0,0.23320108652114868,1,ham10000,ISIC_0030916,nv,HAM_0006642
0,0.35413628816604614,1,ham10000,ISIC_0033982,nv,HAM_0006643
0,0.24046383798122406,1,ham10000,ISIC_0033882,nv,HAM_0006644
0,0.5739462375640869,1,ham10000,ISIC_0024818,nv,HAM_0006645
0,0.38440170884132385,1,ham10000,ISIC_0030320,nv,HAM_0006646
0,0.15539182722568512,0,ham10000,ISIC_0030895,nv,HAM_0006647
0,0.09751466661691666,0,ham10000,ISIC_0027981,nv,HAM_0006648
0,0.46591687202453613,1,ham10000,ISIC_0031995,nv,HAM_0006649
0,0.40840649604797363,1,ham10000,ISIC_0032502,nv,HAM_0006650
1,0.8648024797439575,1,ham10000,ISIC_0032182,mel,HAM_0006651
0,0.5093134641647339,1,ham10000,ISIC_0030123,bkl,HAM_0006652
0,0.3444824814796448,1,ham10000,ISIC_0025320,nv,HAM_0006653
0,0.6493133306503296,1,ham10000,ISIC_0032556,bkl,HAM_0006654
0,0.4036734104156494,1,ham10000,ISIC_0025994,nv,HAM_0006655
0,0.17579060792922974,1,ham10000,ISIC_0028192,nv,HAM_0006656
0,0.07925760000944138,0,ham10000,ISIC_0030541,nv,HAM_0006657
1,0.53975909948349,1,ham10000,ISIC_0026154,bcc,HAM_0006658
0,0.22980324923992157,1,ham10000,ISIC_0028160,nv,HAM_0006659
0,0.1750173270702362,1,ham10000,ISIC_0025055,nv,HAM_0006660
0,0.04422681778669357,0,ham10000,ISIC_0026465,nv,HAM_0006661
0,0.33659276366233826,1,ham10000,ISIC_0030457,nv,HAM_0006662
0,0.5586555600166321,1,ham10000,ISIC_0033201,bkl,HAM_0006663
0,0.660696268081665,1,ham10000,ISIC_0029833,nv,HAM_0006664
0,0.012602357193827629,0,ham10000,ISIC_0030775,nv,HAM_0006665
0,0.5107117295265198,1,ham10000,ISIC_0032908,nv,HAM_0006666
0,0.2057337611913681,1,ham10000,ISIC_0031744,nv,HAM_0006667
0,0.27525386214256287,1,ham10000,ISIC_0027808,nv,HAM_0006668
0,0.46388423442840576,1,ham10000,ISIC_0026137,nv,HAM_0006669
0,0.6774338483810425,1,ham10000,ISIC_0027335,bkl,HAM_0006670
0,0.30258941650390625,1,ham10000,ISIC_0027843,nv,HAM_0006671
0,0.0752004086971283,0,ham10000,ISIC_0029096,nv,HAM_0006672
0,0.4427080750465393,1,ham10000,ISIC_0032719,bkl,HAM_0006673
0,0.5132293701171875,1,ham10000,ISIC_0029280,nv,HAM_0006674
0,0.49966636300086975,1,ham10000,ISIC_0032846,nv,HAM_0006675
0,0.21045085787773132,1,ham10000,ISIC_0026221,nv,HAM_0006676
0,0.2730231285095215,1,ham10000,ISIC_0025426,nv,HAM_0006677
0,0.4242430031299591,1,ham10000,ISIC_0028727,nv,HAM_0006678
0,0.4932675063610077,1,ham10000,ISIC_0031267,nv,HAM_0006679
0,0.11063981056213379,0,ham10000,ISIC_0028458,nv,HAM_0006680
0,0.3308045566082001,1,ham10000,ISIC_0030219,nv,HAM_0006681
0,0.2451036274433136,1,ham10000,ISIC_0027778,nv,HAM_0006682
0,0.09295479208230972,0,ham10000,ISIC_0031139,nv,HAM_0006683
0,0.2737194299697876,1,ham10000,ISIC_0029614,nv,HAM_0006684
0,0.49031001329421997,1,ham10000,ISIC_0025542,nv,HAM_0006685
0,0.4629887640476227,1,ham10000,ISIC_0028292,nv,HAM_0006686
0,0.12510958313941956,0,ham10000,ISIC_0031273,nv,HAM_0006687
0,0.5977622270584106,1,ham10000,ISIC_0030699,nv,HAM_0006688
0,0.47348058223724365,1,ham10000,ISIC_0024493,nv,HAM_0006689
0,0.05440586432814598,0,ham10000,ISIC_0028942,nv,HAM_0006690
0,0.36890560388565063,1,ham10000,ISIC_0030797,nv,HAM_0006691
1,0.6746809482574463,1,ham10000,ISIC_0029163,mel,HAM_0006692
0,0.4544146955013275,1,ham10000,ISIC_0024462,nv,HAM_0006693
0,0.3483322858810425,1,ham10000,ISIC_0029657,nv,HAM_0006694
0,0.2164487987756729,1,ham10000,ISIC_0029224,nv,HAM_0006695
1,0.5412994623184204,1,ham10000,ISIC_0026094,mel,HAM_0006696
0,0.20155645906925201,1,ham10000,ISIC_0030272,bkl,HAM_0006697
0,0.1587270349264145,1,ham10000,ISIC_0026771,nv,HAM_0006698
1,0.3262818157672882,1,ham10000,ISIC_0024571,mel,HAM_0006699
0,0.5263866186141968,1,ham10000,ISIC_0032659,nv,HAM_0006700
0,0.08409256488084793,0,ham10000,ISIC_0029310,nv,HAM_0006701
0,0.4543605446815491,1,ham10000,ISIC_0030580,nv,HAM_0006702
0,0.14351586997509003,0,ham10000,ISIC_0031833,nv,HAM_0006703
0,0.5361984968185425,1,ham10000,ISIC_0025464,nv,HAM_0006704
0,0.09819821268320084,0,ham10000,ISIC_0024840,nv,HAM_0006705
0,0.4569377601146698,1,ham10000,ISIC_0031725,nv,HAM_0006706
0,0.7669387459754944,1,ham10000,ISIC_0030870,df,HAM_0006707
1,0.8219142556190491,1,ham10000,ISIC_0027189,bcc,HAM_0006708
0,0.7270404100418091,1,ham10000,ISIC_0031158,nv,HAM_0006709
0,0.29531461000442505,1,ham10000,ISIC_0028324,nv,HAM_0006710
0,0.5753691792488098,1,ham10000,ISIC_0027010,nv,HAM_0006711
0,0.18153005838394165,1,ham10000,ISIC_0025072,nv,HAM_0006712
0,0.2940932512283325,1,ham10000,ISIC_0030527,nv,HAM_0006713
0,0.2163056880235672,1,ham10000,ISIC_0029850,nv,HAM_0006714
0,0.2602948248386383,1,ham10000,ISIC_0025161,nv,HAM_0006715
0,0.017036722972989082,0,ham10000,ISIC_0024434,nv,HAM_0006716
0,0.37802550196647644,1,ham10000,ISIC_0027890,nv,HAM_0006717
0,0.22343678772449493,1,ham10000,ISIC_0026763,nv,HAM_0006718
0,0.33594122529029846,1,ham10000,ISIC_0027409,nv,HAM_0006719
0,0.23022140562534332,1,ham10000,ISIC_0024725,nv,HAM_0006720
1,0.7437958717346191,1,ham10000,ISIC_0030443,mel,HAM_0006722
0,0.46931102871894836,1,ham10000,ISIC_0026365,bkl,HAM_0006723
0,0.0908849686384201,0,ham10000,ISIC_0026022,nv,HAM_0006725
0,0.6116669178009033,1,ham10000,ISIC_0027736,nv,HAM_0006726
1,0.4065955877304077,1,ham10000,ISIC_0024582,bcc,HAM_0006727
0,0.2564636170864105,1,ham10000,ISIC_0031365,nv,HAM_0006728
0,0.09844576567411423,0,ham10000,ISIC_0031790,nv,HAM_0006729
0,0.4058631658554077,1,ham10000,ISIC_0025657,nv,HAM_0006730
0,0.27320414781570435,1,ham10000,ISIC_0026683,nv,HAM_0006731
0,0.7080411911010742,1,ham10000,ISIC_0024336,bkl,HAM_0006732
0,0.1506141871213913,0,ham10000,ISIC_0024804,nv,HAM_0006733
0,0.41397324204444885,1,ham10000,ISIC_0029794,nv,HAM_0006734
0,0.5712554454803467,1,ham10000,ISIC_0029615,nv,HAM_0006735
0,0.3037269711494446,1,ham10000,ISIC_0024492,nv,HAM_0006736
0,0.47494587302207947,1,ham10000,ISIC_0029302,bkl,HAM_0006737
0,0.34820476174354553,1,ham10000,ISIC_0029374,nv,HAM_0006738
1,0.6709240674972534,1,ham10000,ISIC_0028901,mel,HAM_0006739
0,0.3454444110393524,1,ham10000,ISIC_0025886,nv,HAM_0006741
0,0.4222164452075958,1,ham10000,ISIC_0024813,nv,HAM_0006742
0,0.22108997404575348,1,ham10000,ISIC_0030055,nv,HAM_0006743
1,0.5581576228141785,1,ham10000,ISIC_0031561,mel,HAM_0006744
0,0.2224579006433487,1,ham10000,ISIC_0026363,nv,HAM_0006745
1,0.7051718235015869,1,ham10000,ISIC_0026872,akiec,HAM_0006746
0,0.4558756649494171,1,ham10000,ISIC_0029223,nv,HAM_0006747
0,0.5739966034889221,1,ham10000,ISIC_0025924,vasc,HAM_0006748
0,0.31415483355522156,1,ham10000,ISIC_0029198,nv,HAM_0006749
1,0.6813264489173889,1,ham10000,ISIC_0024400,mel,HAM_0006751
0,0.08959992974996567,0,ham10000,ISIC_0031842,nv,HAM_0006752
0,0.06359335780143738,0,ham10000,ISIC_0028073,nv,HAM_0006753
0,0.5188026428222656,1,ham10000,ISIC_0029664,nv,HAM_0006754
0,0.6670535206794739,1,ham10000,ISIC_0025339,bkl,HAM_0006755
0,0.041326381266117096,0,ham10000,ISIC_0026037,nv,HAM_0006756
0,0.39037150144577026,1,ham10000,ISIC_0024497,nv,HAM_0006757
0,0.15794216096401215,0,ham10000,ISIC_0029234,nv,HAM_0006758
0,0.09510735422372818,0,ham10000,ISIC_0030254,nv,HAM_0006759
0,0.5041690468788147,1,ham10000,ISIC_0031559,nv,HAM_0006760
0,0.18362972140312195,1,ham10000,ISIC_0029866,nv,HAM_0006761
0,0.2218102216720581,1,ham10000,ISIC_0029467,nv,HAM_0006762
1,0.6110671162605286,1,ham10000,ISIC_0034005,mel,HAM_0006763
1,0.6308360695838928,1,ham10000,ISIC_0024647,mel,HAM_0006764
1,0.6030464768409729,1,ham10000,ISIC_0029352,bcc,HAM_0006765
0,0.5074009299278259,1,ham10000,ISIC_0033374,nv,HAM_0006766
0,0.41529497504234314,1,ham10000,ISIC_0031033,nv,HAM_0006767
0,0.030926015228033066,0,ham10000,ISIC_0028284,nv,HAM_0006768
0,0.6089422106742859,1,ham10000,ISIC_0030721,bkl,HAM_0006769
0,0.5149358510971069,1,ham10000,ISIC_0027905,bkl,HAM_0006770
0,0.47727328538894653,1,ham10000,ISIC_0030624,nv,HAM_0006771
0,0.21783287823200226,1,ham10000,ISIC_0026135,bkl,HAM_0006772
0,0.4236336648464203,1,ham10000,ISIC_0026680,nv,HAM_0006773
0,0.5550409555435181,1,ham10000,ISIC_0025256,nv,HAM_0006774
0,0.3160163462162018,1,ham10000,ISIC_0028661,nv,HAM_0006776
0,0.3317638635635376,1,ham10000,ISIC_0028181,nv,HAM_0006777
0,0.40447813272476196,1,ham10000,ISIC_0030617,nv,HAM_0006778
1,0.5744383335113525,1,ham10000,ISIC_0028860,mel,HAM_0006779
0,0.2889177203178406,1,ham10000,ISIC_0031021,nv,HAM_0006780
0,0.22552180290222168,1,ham10000,ISIC_0025765,nv,HAM_0006781
0,0.17877137660980225,1,ham10000,ISIC_0032581,nv,HAM_0006782
0,0.3332439661026001,1,ham10000,ISIC_0025624,nv,HAM_0006783
0,0.23582875728607178,1,ham10000,ISIC_0025486,nv,HAM_0006784
0,0.3033486008644104,1,ham10000,ISIC_0026169,nv,HAM_0006785
0,0.5479103922843933,1,ham10000,ISIC_0029436,nv,HAM_0006786
0,0.7523154616355896,1,ham10000,ISIC_0026471,df,HAM_0006787
0,0.16589675843715668,1,ham10000,ISIC_0026482,nv,HAM_0006788
0,0.10738842189311981,0,ham10000,ISIC_0024976,nv,HAM_0006789
0,0.539616048336029,1,ham10000,ISIC_0028625,nv,HAM_0006790
0,0.2375127077102661,1,ham10000,ISIC_0025514,nv,HAM_0006791
0,0.4668404757976532,1,ham10000,ISIC_0026460,nv,HAM_0006792
0,0.5239688754081726,1,ham10000,ISIC_0030796,nv,HAM_0006793
0,0.24372783303260803,1,ham10000,ISIC_0030830,df,HAM_0006794
0,0.21349048614501953,1,ham10000,ISIC_0031892,nv,HAM_0006795
0,0.06552814692258835,0,ham10000,ISIC_0025707,vasc,HAM_0006796
0,0.12966279685497284,0,ham10000,ISIC_0025754,nv,HAM_0006797
0,0.3760257065296173,1,ham10000,ISIC_0024685,nv,HAM_0006798
0,0.6203335523605347,1,ham10000,ISIC_0032677,nv,HAM_0006799
1,0.8385084867477417,1,ham10000,ISIC_0029747,bcc,HAM_0006800
0,0.30930739641189575,1,ham10000,ISIC_0032570,bkl,HAM_0006801
1,0.5017943382263184,1,ham10000,ISIC_0032610,mel,HAM_0006802
1,0.7001459002494812,1,ham10000,ISIC_0024545,mel,HAM_0006803
0,0.43895596265792847,1,ham10000,ISIC_0028341,nv,HAM_0006804
0,0.1622025966644287,1,ham10000,ISIC_0029772,nv,HAM_0006805
0,0.12084043771028519,0,ham10000,ISIC_0026681,nv,HAM_0006806
0,0.49681711196899414,1,ham10000,ISIC_0031341,nv,HAM_0006807
0,0.41335251927375793,1,ham10000,ISIC_0027438,nv,HAM_0006808
0,0.18070274591445923,1,ham10000,ISIC_0031690,nv,HAM_0006809
0,0.5820633172988892,1,ham10000,ISIC_0030546,nv,HAM_0006810
0,0.45848947763442993,1,ham10000,ISIC_0024794,nv,HAM_0006811
0,0.344375878572464,1,ham10000,ISIC_0024637,nv,HAM_0006812
0,0.6335648894309998,1,ham10000,ISIC_0033167,nv,HAM_0006813
0,0.10729771852493286,0,ham10000,ISIC_0032264,nv,HAM_0006814
0,0.6110072731971741,1,ham10000,ISIC_0026254,df,HAM_0006816
0,0.2947709560394287,1,ham10000,ISIC_0030269,nv,HAM_0006817
0,0.03344447910785675,0,ham10000,ISIC_0031723,nv,HAM_0006818
0,0.4163721799850464,1,ham10000,ISIC_0025590,nv,HAM_0006819
0,0.31786051392555237,1,ham10000,ISIC_0025460,nv,HAM_0006820
0,0.4431398808956146,1,ham10000,ISIC_0027535,nv,HAM_0006821
0,0.38231587409973145,1,ham10000,ISIC_0030350,nv,HAM_0006822
1,0.7608304023742676,1,ham10000,ISIC_0032958,mel,HAM_0006824
0,0.27769795060157776,1,ham10000,ISIC_0030997,nv,HAM_0006825
0,0.1977398544549942,1,ham10000,ISIC_0025129,nv,HAM_0006826
0,0.6140142679214478,1,ham10000,ISIC_0031702,bkl,HAM_0006827
1,0.5973445177078247,1,ham10000,ISIC_0031977,mel,HAM_0006828
0,0.46492859721183777,1,ham10000,ISIC_0024619,nv,HAM_0006829
0,0.1602238565683365,1,ham10000,ISIC_0032285,nv,HAM_0006830
0,0.3588348925113678,1,ham10000,ISIC_0030545,nv,HAM_0006831
1,0.5722196102142334,1,ham10000,ISIC_0028915,mel,HAM_0006832
1,0.3393375277519226,1,ham10000,ISIC_0030512,mel,HAM_0006833
1,0.6739140748977661,1,ham10000,ISIC_0027526,bcc,HAM_0006834
0,0.52097487449646,1,ham10000,ISIC_0026577,nv,HAM_0006835
0,0.3772560656070709,1,ham10000,ISIC_0025678,nv,HAM_0006836
0,0.5538092851638794,1,ham10000,ISIC_0025834,nv,HAM_0006837
0,0.377422034740448,1,ham10000,ISIC_0028506,nv,HAM_0006838
0,0.1499847173690796,0,ham10000,ISIC_0028683,nv,HAM_0006839
0,0.3634262979030609,1,ham10000,ISIC_0025844,nv,HAM_0006840
0,0.05086493864655495,0,ham10000,ISIC_0026102,nv,HAM_0006841
0,0.13888952136039734,0,ham10000,ISIC_0030728,nv,HAM_0006842
1,0.7690743803977966,1,ham10000,ISIC_0024457,bcc,HAM_0006843
1,0.5483184456825256,1,ham10000,ISIC_0028688,bcc,HAM_0006844
0,0.04262112081050873,0,ham10000,ISIC_0030170,nv,HAM_0006845
0,0.3852297067642212,1,ham10000,ISIC_0027199,nv,HAM_0006846
0,0.564125120639801,1,ham10000,ISIC_0025095,nv,HAM_0006847
0,0.3341851234436035,1,ham10000,ISIC_0031129,nv,HAM_0006848
0,0.45919936895370483,1,ham10000,ISIC_0028189,nv,HAM_0006849
0,0.2874850034713745,1,ham10000,ISIC_0030186,nv,HAM_0006850
1,0.6717124581336975,1,ham10000,ISIC_0031976,bcc,HAM_0006851
0,0.03913946822285652,0,ham10000,ISIC_0032715,vasc,HAM_0006852
0,0.5991889238357544,1,ham10000,ISIC_0031143,nv,HAM_0006853
0,0.4811025559902191,1,ham10000,ISIC_0030842,nv,HAM_0006855
0,0.4319334924221039,1,ham10000,ISIC_0025909,nv,HAM_0006856
0,0.46414682269096375,1,ham10000,ISIC_0033210,nv,HAM_0006857
0,0.5403350591659546,1,ham10000,ISIC_0031751,nv,HAM_0006858
0,0.19240343570709229,1,ham10000,ISIC_0032321,nv,HAM_0006859
0,0.5753939151763916,1,ham10000,ISIC_0032500,nv,HAM_0006860
0,0.5488294363021851,1,ham10000,ISIC_0031216,nv,HAM_0006861
0,0.19269205629825592,1,ham10000,ISIC_0025296,nv,HAM_0006862
0,0.47570955753326416,1,ham10000,ISIC_0030907,nv,HAM_0006863
0,0.46207237243652344,1,ham10000,ISIC_0030045,nv,HAM_0006864
0,0.2578744888305664,1,ham10000,ISIC_0029842,nv,HAM_0006865
0,0.18080732226371765,1,ham10000,ISIC_0030713,nv,HAM_0006866
0,0.05413682386279106,0,ham10000,ISIC_0032147,nv,HAM_0006867
0,0.5954062938690186,1,ham10000,ISIC_0031050,bkl,HAM_0006868
0,0.4068130850791931,1,ham10000,ISIC_0032558,nv,HAM_0006869
1,0.2511659264564514,1,ham10000,ISIC_0027793,mel,HAM_0006870
0,0.34515583515167236,1,ham10000,ISIC_0026836,nv,HAM_0006871
1,0.7213531136512756,1,ham10000,ISIC_0024345,bcc,HAM_0006872
0,0.35860762000083923,1,ham10000,ISIC_0033566,nv,HAM_0006873
0,0.23104383051395416,1,ham10000,ISIC_0025017,nv,HAM_0006874
1,0.7087227702140808,1,ham10000,ISIC_0026575,akiec,HAM_0006875
0,0.5565467476844788,1,ham10000,ISIC_0032460,bkl,HAM_0006876
1,0.6989471316337585,1,ham10000,ISIC_0028227,mel,HAM_0006877
1,0.5736594796180725,1,ham10000,ISIC_0029573,akiec,HAM_0006879
0,0.08803436905145645,0,ham10000,ISIC_0029672,nv,HAM_0006880
0,0.16290195286273956,1,ham10000,ISIC_0025798,nv,HAM_0006881
0,0.5347685813903809,1,ham10000,ISIC_0032910,nv,HAM_0006882
0,0.4568434953689575,1,ham10000,ISIC_0032619,nv,HAM_0006883
0,0.5366601347923279,1,ham10000,ISIC_0029459,nv,HAM_0006884
0,0.4447232782840729,1,ham10000,ISIC_0027938,nv,HAM_0006885
1,0.6803966164588928,1,ham10000,ISIC_0032823,mel,HAM_0006886
1,0.5112244486808777,1,ham10000,ISIC_0029500,akiec,HAM_0006887
0,0.2559724748134613,1,ham10000,ISIC_0026146,nv,HAM_0006888
0,0.327101469039917,1,ham10000,ISIC_0031197,vasc,HAM_0006889
0,0.10176096111536026,0,ham10000,ISIC_0031983,nv,HAM_0006890
0,0.19894783198833466,1,ham10000,ISIC_0031367,nv,HAM_0006891
0,0.5008995532989502,1,ham10000,ISIC_0031444,nv,HAM_0006892
1,0.6319060921669006,1,ham10000,ISIC_0027084,akiec,HAM_0006893
0,0.407636821269989,1,ham10000,ISIC_0029503,nv,HAM_0006894
0,0.30541980266571045,1,ham10000,ISIC_0030146,nv,HAM_0006895
1,0.46874427795410156,1,ham10000,ISIC_0024911,mel,HAM_0006896
0,0.2755982577800751,1,ham10000,ISIC_0028475,nv,HAM_0006897
1,0.5412834882736206,1,ham10000,ISIC_0029041,akiec,HAM_0006898
1,0.3456830680370331,1,ham10000,ISIC_0025128,mel,HAM_0006899
1,0.6467390656471252,1,ham10000,ISIC_0030080,mel,HAM_0006900
0,0.25864866375923157,1,ham10000,ISIC_0026700,nv,HAM_0006901
1,0.1233178973197937,0,ham10000,ISIC_0031506,akiec,HAM_0006902
0,0.1581418216228485,0,ham10000,ISIC_0031487,nv,HAM_0006903
1,0.4001306891441345,1,ham10000,ISIC_0027281,bcc,HAM_0006904
0,0.459216445684433,1,ham10000,ISIC_0030451,nv,HAM_0006905
0,0.23564623296260834,1,ham10000,ISIC_0031254,nv,HAM_0006906
0,0.45208123326301575,1,ham10000,ISIC_0027953,bkl,HAM_0006907
1,0.805931568145752,1,ham10000,ISIC_0025904,mel,HAM_0006908
0,0.2872781753540039,1,ham10000,ISIC_0031777,nv,HAM_0006909
0,0.32634931802749634,1,ham10000,ISIC_0028504,nv,HAM_0006910
0,0.020080024376511574,0,ham10000,ISIC_0025747,nv,HAM_0006911
0,0.5100260376930237,1,ham10000,ISIC_0026205,bkl,HAM_0006912
0,0.6317861676216125,1,ham10000,ISIC_0024683,nv,HAM_0006913
0,0.6325324177742004,1,ham10000,ISIC_0025254,nv,HAM_0006914
0,0.47630783915519714,1,ham10000,ISIC_0027439,nv,HAM_0006915
0,0.6971700191497803,1,ham10000,ISIC_0026618,nv,HAM_0006916
0,0.40900400280952454,1,ham10000,ISIC_0025861,nv,HAM_0006917
0,0.3092644512653351,1,ham10000,ISIC_0031491,nv,HAM_0006918
0,0.1733093410730362,1,ham10000,ISIC_0031724,nv,HAM_0006919
0,0.4487881064414978,1,ham10000,ISIC_0025432,nv,HAM_0006920
0,0.6185113191604614,1,ham10000,ISIC_0030603,nv,HAM_0006921
0,0.2738642394542694,1,ham10000,ISIC_0024807,nv,HAM_0006922
1,0.680571973323822,1,ham10000,ISIC_0032592,mel,HAM_0006923
0,0.5139150023460388,1,ham10000,ISIC_0032065,nv,HAM_0006924
0,0.6233323216438293,1,ham10000,ISIC_0033338,nv,HAM_0006925
0,0.6631466150283813,1,ham10000,ISIC_0030839,nv,HAM_0006926
0,0.02528311125934124,0,ham10000,ISIC_0026312,nv,HAM_0006927
0,0.3138156533241272,1,ham10000,ISIC_0028097,nv,HAM_0006928
0,0.41100576519966125,1,ham10000,ISIC_0026542,nv,HAM_0006929
0,0.29789116978645325,1,ham10000,ISIC_0027818,nv,HAM_0006930
0,0.37457820773124695,1,ham10000,ISIC_0024588,nv,HAM_0006931
0,0.6684846878051758,1,ham10000,ISIC_0031192,nv,HAM_0006932
0,0.2056116908788681,1,ham10000,ISIC_0027594,nv,HAM_0006933
0,0.48770204186439514,1,ham10000,ISIC_0028287,nv,HAM_0006934
0,0.24534872174263,1,ham10000,ISIC_0026628,nv,HAM_0006935
0,0.49585071206092834,1,ham10000,ISIC_0027729,nv,HAM_0006936
0,0.6268326044082642,1,ham10000,ISIC_0033613,bkl,HAM_0006938
0,0.16630145907402039,1,ham10000,ISIC_0031675,nv,HAM_0006939
1,0.6728039383888245,1,ham10000,ISIC_0027021,mel,HAM_0006940
0,0.514815092086792,1,ham10000,ISIC_0025684,nv,HAM_0006941
1,0.4374825060367584,1,ham10000,ISIC_0027573,mel,HAM_0006942
0,0.34574320912361145,1,ham10000,ISIC_0027336,nv,HAM_0006943
0,0.20213492214679718,1,ham10000,ISIC_0030762,nv,HAM_0006944
0,0.30434760451316833,1,ham10000,ISIC_0026044,bkl,HAM_0006945
0,0.31979700922966003,1,ham10000,ISIC_0032614,vasc,HAM_0006946
0,0.11370879411697388,0,ham10000,ISIC_0031662,nv,HAM_0006947
0,0.2859238088130951,1,ham10000,ISIC_0026463,nv,HAM_0006948
0,0.18396952748298645,1,ham10000,ISIC_0031886,nv,HAM_0006949
0,0.3649177849292755,1,ham10000,ISIC_0027215,nv,HAM_0006950
0,0.1441756933927536,0,ham10000,ISIC_0030482,nv,HAM_0006951
0,0.3506770730018616,1,ham10000,ISIC_0027543,nv,HAM_0006952
0,0.27667585015296936,1,ham10000,ISIC_0026175,nv,HAM_0006953
1,0.5054419040679932,1,ham10000,ISIC_0025105,mel,HAM_0006955
0,0.29503199458122253,1,ham10000,ISIC_0030547,nv,HAM_0006956
0,0.2513532340526581,1,ham10000,ISIC_0028402,nv,HAM_0006957
0,0.23447847366333008,1,ham10000,ISIC_0029395,nv,HAM_0006958
0,0.43643033504486084,1,ham10000,ISIC_0032286,nv,HAM_0006959
0,0.16856269538402557,1,ham10000,ISIC_0027592,nv,HAM_0006960
0,0.2634943127632141,1,ham10000,ISIC_0031792,nv,HAM_0006961
0,0.3641993999481201,1,ham10000,ISIC_0025914,nv,HAM_0006962
0,0.3121979236602783,1,ham10000,ISIC_0032351,nv,HAM_0006963
1,0.49703896045684814,1,ham10000,ISIC_0027163,mel,HAM_0006964
1,0.26802825927734375,1,ham10000,ISIC_0026475,mel,HAM_0006965
0,0.3841635286808014,1,ham10000,ISIC_0028614,nv,HAM_0006966
0,0.540626049041748,1,ham10000,ISIC_0026295,nv,HAM_0006967
0,0.4111612141132355,1,ham10000,ISIC_0025340,nv,HAM_0006968
0,0.1650126576423645,1,ham10000,ISIC_0028007,nv,HAM_0006969
0,0.42185327410697937,1,ham10000,ISIC_0026059,nv,HAM_0006970
0,0.2640766501426697,1,ham10000,ISIC_0025185,nv,HAM_0006971
0,0.45344430208206177,1,ham10000,ISIC_0027051,nv,HAM_0006972
0,0.5123917460441589,1,ham10000,ISIC_0029377,nv,HAM_0006973
0,0.36777985095977783,1,ham10000,ISIC_0026541,nv,HAM_0006974
1,0.845737636089325,1,ham10000,ISIC_0024967,mel,HAM_0006975
0,0.3590819537639618,1,ham10000,ISIC_0029689,nv,HAM_0006976
0,0.2786051332950592,1,ham10000,ISIC_0029456,nv,HAM_0006977
1,0.6887012124061584,1,ham10000,ISIC_0029316,mel,HAM_0006978
0,0.3923419117927551,1,ham10000,ISIC_0026605,nv,HAM_0006979
0,0.23495793342590332,1,ham10000,ISIC_0033715,nv,HAM_0006980
0,0.41886618733406067,1,ham10000,ISIC_0029451,nv,HAM_0006981
0,0.502458393573761,1,ham10000,ISIC_0032071,nv,HAM_0006982
0,0.3896856904029846,1,ham10000,ISIC_0026147,nv,HAM_0006983
0,0.012038536369800568,0,ham10000,ISIC_0026894,nv,HAM_0006984
0,0.40614673495292664,1,ham10000,ISIC_0029131,nv,HAM_0006985
0,0.5487644076347351,1,ham10000,ISIC_0025071,nv,HAM_0006986
0,0.577293336391449,1,ham10000,ISIC_0027649,bkl,HAM_0006987
0,0.5514423847198486,1,ham10000,ISIC_0024943,bkl,HAM_0006988
0,0.09907346963882446,0,ham10000,ISIC_0028729,nv,HAM_0006989
0,0.11324674636125565,0,ham10000,ISIC_0025480,nv,HAM_0006990
0,0.06306129693984985,0,ham10000,ISIC_0031840,nv,HAM_0006991
0,0.33675122261047363,1,ham10000,ISIC_0029829,nv,HAM_0006992
0,0.4222564697265625,1,ham10000,ISIC_0029206,bkl,HAM_0006993
0,0.2566220462322235,1,ham10000,ISIC_0026987,nv,HAM_0006994
0,0.11762769520282745,0,ham10000,ISIC_0025115,nv,HAM_0006995
0,0.10651656240224838,0,ham10000,ISIC_0027610,nv,HAM_0006996
0,0.19076193869113922,1,ham10000,ISIC_0028375,nv,HAM_0006997
0,0.5462984442710876,1,ham10000,ISIC_0030993,nv,HAM_0006998
0,0.2581726312637329,1,ham10000,ISIC_0027459,nv,HAM_0006999
0,0.5731835961341858,1,ham10000,ISIC_0026042,bkl,HAM_0007000
0,0.4476996660232544,1,ham10000,ISIC_0026573,nv,HAM_0007001
1,0.8070944547653198,1,ham10000,ISIC_0027433,bcc,HAM_0007002
0,0.5660688877105713,1,ham10000,ISIC_0025638,nv,HAM_0007003
0,0.45298370718955994,1,ham10000,ISIC_0030525,nv,HAM_0007004
0,0.3724302053451538,1,ham10000,ISIC_0032568,nv,HAM_0007005
0,0.1266336739063263,0,ham10000,ISIC_0025497,nv,HAM_0007006
0,0.4275670349597931,1,ham10000,ISIC_0031665,nv,HAM_0007007
1,0.7154531478881836,1,ham10000,ISIC_0030036,akiec,HAM_0007008
1,0.4575652480125427,1,ham10000,ISIC_0027146,bcc,HAM_0007009
0,0.36177828907966614,1,ham10000,ISIC_0025419,bkl,HAM_0007010
0,0.1441943496465683,0,ham10000,ISIC_0032493,nv,HAM_0007011
0,0.2873784899711609,1,ham10000,ISIC_0030865,nv,HAM_0007012
0,0.337057888507843,1,ham10000,ISIC_0029544,nv,HAM_0007013
0,0.24428009986877441,1,ham10000,ISIC_0027498,nv,HAM_0007014
0,0.0396357886493206,0,ham10000,ISIC_0025760,nv,HAM_0007015
1,0.6650576591491699,1,ham10000,ISIC_0027838,mel,HAM_0007016
0,0.028513872995972633,0,ham10000,ISIC_0030838,nv,HAM_0007017
0,0.6024038791656494,1,ham10000,ISIC_0027006,bkl,HAM_0007018
1,0.5159450173377991,1,ham10000,ISIC_0029454,mel,HAM_0007019
0,0.36009666323661804,1,ham10000,ISIC_0030070,vasc,HAM_0007020
1,0.6963123083114624,1,ham10000,ISIC_0033477,mel,HAM_0007021
0,0.2978132367134094,1,ham10000,ISIC_0026364,nv,HAM_0007022
0,0.10955572128295898,0,ham10000,ISIC_0030642,nv,HAM_0007023
0,0.565169095993042,1,ham10000,ISIC_0026553,bkl,HAM_0007024
0,0.2159823626279831,1,ham10000,ISIC_0029963,nv,HAM_0007025
0,0.06541500985622406,0,ham10000,ISIC_0027085,nv,HAM_0007026
0,0.4981273412704468,1,ham10000,ISIC_0026967,bkl,HAM_0007027
0,0.3319723606109619,1,ham10000,ISIC_0028851,nv,HAM_0007028
0,0.7005823850631714,1,ham10000,ISIC_0030608,bkl,HAM_0007029
0,0.33249446749687195,1,ham10000,ISIC_0026711,nv,HAM_0007030
1,0.47127822041511536,1,ham10000,ISIC_0025616,mel,HAM_0007031
1,0.7041841745376587,1,ham10000,ISIC_0033034,mel,HAM_0007032
0,0.1293448954820633,0,ham10000,ISIC_0032350,nv,HAM_0007033
0,0.21825054287910461,1,ham10000,ISIC_0029529,nv,HAM_0007034
0,0.26539355516433716,1,ham10000,ISIC_0030332,nv,HAM_0007035
0,0.5132456421852112,1,ham10000,ISIC_0026655,nv,HAM_0007036
1,0.5458834171295166,1,ham10000,ISIC_0030375,akiec,HAM_0007037
1,0.5621290802955627,1,ham10000,ISIC_0032404,akiec,HAM_0007038
0,0.25355663895606995,1,ham10000,ISIC_0025202,nv,HAM_0007039
0,0.23147307336330414,1,ham10000,ISIC_0026946,nv,HAM_0007040
0,0.12521260976791382,0,ham10000,ISIC_0027341,nv,HAM_0007041
0,0.3592008054256439,1,ham10000,ISIC_0024754,nv,HAM_0007042
0,0.4441930949687958,1,ham10000,ISIC_0029135,bkl,HAM_0007043
0,0.35091447830200195,1,ham10000,ISIC_0024501,nv,HAM_0007044
0,0.04814273491501808,0,ham10000,ISIC_0032088,nv,HAM_0007045
0,0.551128089427948,1,ham10000,ISIC_0027401,nv,HAM_0007046
1,0.5912827253341675,1,ham10000,ISIC_0025605,akiec,HAM_0007047
0,0.19011719524860382,1,ham10000,ISIC_0029284,nv,HAM_0007048
0,0.7015769481658936,1,ham10000,ISIC_0028179,nv,HAM_0007049
0,0.17307351529598236,1,ham10000,ISIC_0027160,nv,HAM_0007050
0,0.7517004013061523,1,ham10000,ISIC_0025668,df,HAM_0007051
0,0.4199671149253845,1,ham10000,ISIC_0032752,nv,HAM_0007052
0,0.1986749917268753,1,ham10000,ISIC_0024487,nv,HAM_0007053
1,0.5258422493934631,1,ham10000,ISIC_0024482,mel,HAM_0007054
0,0.3782401978969574,1,ham10000,ISIC_0031235,nv,HAM_0007055
0,0.2192157506942749,1,ham10000,ISIC_0025750,nv,HAM_0007056
0,0.016266850754618645,0,ham10000,ISIC_0025694,nv,HAM_0007057
0,0.426361083984375,1,ham10000,ISIC_0027642,nv,HAM_0007058
0,0.3474268615245819,1,ham10000,ISIC_0025947,nv,HAM_0007060
0,0.3667603135108948,1,ham10000,ISIC_0031433,nv,HAM_0007061
0,0.25631073117256165,1,ham10000,ISIC_0029116,nv,HAM_0007062
0,0.4465114176273346,1,ham10000,ISIC_0031432,nv,HAM_0007063
0,0.054375775158405304,0,ham10000,ISIC_0032282,nv,HAM_0007064
0,0.10594364255666733,0,ham10000,ISIC_0031773,nv,HAM_0007065
0,0.5073403716087341,1,ham10000,ISIC_0029959,nv,HAM_0007066
0,0.33143430948257446,1,ham10000,ISIC_0027251,nv,HAM_0007067
0,0.30266937613487244,1,ham10000,ISIC_0024866,nv,HAM_0007068
0,0.504819929599762,1,ham10000,ISIC_0029355,nv,HAM_0007069
1,0.4844723045825958,1,ham10000,ISIC_0032192,mel,HAM_0007070
0,0.12062299996614456,0,ham10000,ISIC_0030449,nv,HAM_0007071
0,0.3000634014606476,1,ham10000,ISIC_0032339,nv,HAM_0007072
1,0.6066974401473999,1,ham10000,ISIC_0025035,mel,HAM_0007073
0,0.28847354650497437,1,ham10000,ISIC_0030646,nv,HAM_0007074
0,0.29822391271591187,1,ham10000,ISIC_0025463,nv,HAM_0007075
0,0.043659649789333344,0,ham10000,ISIC_0026757,nv,HAM_0007076
0,0.5499843955039978,1,ham10000,ISIC_0032505,nv,HAM_0007077
0,0.5625541806221008,1,ham10000,ISIC_0024851,bkl,HAM_0007078
0,0.3392728567123413,1,ham10000,ISIC_0029904,nv,HAM_0007079
0,0.5462875962257385,1,ham10000,ISIC_0029994,nv,HAM_0007080
0,0.17655758559703827,1,ham10000,ISIC_0027971,nv,HAM_0007082
0,0.4699271321296692,1,ham10000,ISIC_0027959,nv,HAM_0007083
0,0.03837180510163307,0,ham10000,ISIC_0025315,nv,HAM_0007084
1,0.7337475419044495,1,ham10000,ISIC_0030076,akiec,HAM_0007085
1,0.6009041666984558,1,ham10000,ISIC_0033267,mel,HAM_0007086
0,0.3335103392601013,1,ham10000,ISIC_0031425,nv,HAM_0007087
1,0.7966192960739136,1,ham10000,ISIC_0024800,akiec,HAM_0007088
0,0.5344468355178833,1,ham10000,ISIC_0030066,nv,HAM_0007089
0,0.3804245591163635,1,ham10000,ISIC_0029555,bkl,HAM_0007090
1,0.6867051124572754,1,ham10000,ISIC_0027552,mel,HAM_0007091
0,0.2868768870830536,1,ham10000,ISIC_0031370,nv,HAM_0007092
0,0.4002387821674347,1,ham10000,ISIC_0026858,nv,HAM_0007093
0,0.0829402357339859,0,ham10000,ISIC_0026785,nv,HAM_0007094
0,0.3850736618041992,1,ham10000,ISIC_0030374,nv,HAM_0007095
0,0.6290830969810486,1,ham10000,ISIC_0024674,nv,HAM_0007096
0,0.6667583584785461,1,ham10000,ISIC_0033230,vasc,HAM_0007097
0,0.08849988877773285,0,ham10000,ISIC_0032357,nv,HAM_0007098
0,0.21904303133487701,1,ham10000,ISIC_0025921,nv,HAM_0007099
0,0.668571949005127,1,ham10000,ISIC_0031989,bkl,HAM_0007100
0,0.7119605541229248,1,ham10000,ISIC_0032513,bkl,HAM_0007101
1,0.7187197208404541,1,ham10000,ISIC_0028655,mel,HAM_0007102
0,0.05312759429216385,0,ham10000,ISIC_0026271,nv,HAM_0007103
0,0.3202093541622162,1,ham10000,ISIC_0032133,nv,HAM_0007104
0,0.18789921700954437,1,ham10000,ISIC_0026616,nv,HAM_0007105
0,0.4845963418483734,1,ham10000,ISIC_0031991,nv,HAM_0007108
0,0.10663021355867386,0,ham10000,ISIC_0026529,nv,HAM_0007109
0,0.6340075135231018,1,ham10000,ISIC_0026861,bkl,HAM_0007110
0,0.2433682084083557,1,ham10000,ISIC_0025715,nv,HAM_0007111
0,0.5867468118667603,1,ham10000,ISIC_0026819,nv,HAM_0007112
0,0.15394297242164612,0,ham10000,ISIC_0027522,vasc,HAM_0007113
1,0.44804075360298157,1,ham10000,ISIC_0028418,mel,HAM_0007114
0,0.39152848720550537,1,ham10000,ISIC_0029584,nv,HAM_0007115
0,0.5865525603294373,1,ham10000,ISIC_0028951,nv,HAM_0007116
1,0.6703276038169861,1,ham10000,ISIC_0033312,mel,HAM_0007117
0,0.3319873809814453,1,ham10000,ISIC_0027856,vasc,HAM_0007118
0,0.29925933480262756,1,ham10000,ISIC_0026134,nv,HAM_0007119
0,0.3774791657924652,1,ham10000,ISIC_0029782,nv,HAM_0007120
0,0.5159879326820374,1,ham10000,ISIC_0029922,nv,HAM_0007121
0,0.34036269783973694,1,ham10000,ISIC_0025816,nv,HAM_0007122
0,0.4876859486103058,1,ham10000,ISIC_0025672,nv,HAM_0007123
0,0.735077440738678,1,ham10000,ISIC_0032707,nv,HAM_0007124
0,0.6603565812110901,1,ham10000,ISIC_0025016,bkl,HAM_0007125
0,0.5240814685821533,1,ham10000,ISIC_0027835,nv,HAM_0007126
0,0.46622300148010254,1,ham10000,ISIC_0032362,nv,HAM_0007127
0,0.07299310714006424,0,ham10000,ISIC_0025104,nv,HAM_0007128
0,0.514019787311554,1,ham10000,ISIC_0027216,df,HAM_0007129
0,0.28510963916778564,1,ham10000,ISIC_0027395,nv,HAM_0007130
1,0.7411457300186157,1,ham10000,ISIC_0031692,akiec,HAM_0007131
0,0.14229460060596466,0,ham10000,ISIC_0029621,nv,HAM_0007132
0,0.46981990337371826,1,ham10000,ISIC_0027490,nv,HAM_0007133
0,0.07321679592132568,0,ham10000,ISIC_0026394,nv,HAM_0007134
0,0.3946676254272461,1,ham10000,ISIC_0024460,nv,HAM_0007135
0,0.43800249695777893,1,ham10000,ISIC_0030563,nv,HAM_0007136
0,0.4349931478500366,1,ham10000,ISIC_0031327,nv,HAM_0007137
0,0.3988054692745209,1,ham10000,ISIC_0028823,nv,HAM_0007138
1,0.6936721205711365,1,ham10000,ISIC_0028577,bcc,HAM_0007139
0,0.4968075156211853,1,ham10000,ISIC_0026345,nv,HAM_0007140
1,0.4261285364627838,1,ham10000,ISIC_0029230,bcc,HAM_0007141
0,0.3253140151500702,1,ham10000,ISIC_0025255,nv,HAM_0007142
0,0.048679616302251816,0,ham10000,ISIC_0028841,nv,HAM_0007143
0,0.4800857901573181,1,ham10000,ISIC_0026599,nv,HAM_0007144
0,0.3217456638813019,1,ham10000,ISIC_0027758,nv,HAM_0007145
0,0.21579496562480927,1,ham10000,ISIC_0031493,nv,HAM_0007146
0,0.48187896609306335,1,ham10000,ISIC_0032858,nv,HAM_0007148
0,0.22674639523029327,1,ham10000,ISIC_0025304,nv,HAM_0007149
0,0.17920352518558502,1,ham10000,ISIC_0028680,vasc,HAM_0007150
0,0.5794876217842102,1,ham10000,ISIC_0029793,bkl,HAM_0007151
0,0.3173603415489197,1,ham10000,ISIC_0028184,nv,HAM_0007152
0,0.4332365095615387,1,ham10000,ISIC_0027813,nv,HAM_0007153
0,0.32831066846847534,1,ham10000,ISIC_0024719,nv,HAM_0007154
0,0.39949899911880493,1,ham10000,ISIC_0025056,nv,HAM_0007155
0,0.6580213904380798,1,ham10000,ISIC_0025893,nv,HAM_0007156
0,0.06876584887504578,0,ham10000,ISIC_0030600,nv,HAM_0007157
0,0.06167377158999443,0,ham10000,ISIC_0027206,nv,HAM_0007158
0,0.24252848327159882,1,ham10000,ISIC_0031637,nv,HAM_0007159
0,0.3242144286632538,1,ham10000,ISIC_0028723,nv,HAM_0007160
0,0.1972627341747284,1,ham10000,ISIC_0026734,nv,HAM_0007161
0,0.21717673540115356,1,ham10000,ISIC_0029321,nv,HAM_0007162
1,0.5586693286895752,1,ham10000,ISIC_0032750,mel,HAM_0007163
0,0.44118738174438477,1,ham10000,ISIC_0025972,nv,HAM_0007164
1,0.732772707939148,1,ham10000,ISIC_0026622,mel,HAM_0007165
0,0.5210983157157898,1,ham10000,ISIC_0030878,nv,HAM_0007166
0,0.550024688243866,1,ham10000,ISIC_0026400,nv,HAM_0007167
0,0.5013948678970337,1,ham10000,ISIC_0028115,nv,HAM_0007168
0,0.5169186592102051,1,ham10000,ISIC_0032934,nv,HAM_0007169
0,0.16919749975204468,1,ham10000,ISIC_0025483,nv,HAM_0007170
1,0.2528722286224365,1,ham10000,ISIC_0026909,mel,HAM_0007171
0,0.33255094289779663,1,ham10000,ISIC_0034130,nv,HAM_0007172
0,0.48593035340309143,1,ham10000,ISIC_0028721,nv,HAM_0007173
0,0.5319761037826538,1,ham10000,ISIC_0031052,nv,HAM_0007174
0,0.08293338119983673,0,ham10000,ISIC_0029442,nv,HAM_0007175
0,0.3437754511833191,1,ham10000,ISIC_0032144,nv,HAM_0007176
0,0.0573308952152729,0,ham10000,ISIC_0025626,nv,HAM_0007177
0,0.3388523459434509,1,ham10000,ISIC_0025184,nv,HAM_0007178
0,0.47227993607521057,1,ham10000,ISIC_0025906,bkl,HAM_0007179
1,0.5920488238334656,1,ham10000,ISIC_0032726,mel,HAM_0007180
0,0.29913923144340515,1,ham10000,ISIC_0031964,nv,HAM_0007181
0,0.03343178331851959,0,ham10000,ISIC_0030421,nv,HAM_0007183
0,0.35075831413269043,1,ham10000,ISIC_0033436,nv,HAM_0007184
0,0.29464757442474365,1,ham10000,ISIC_0025189,nv,HAM_0007185
0,0.10674572736024857,0,ham10000,ISIC_0028295,nv,HAM_0007186
0,0.49121543765068054,1,ham10000,ISIC_0028950,nv,HAM_0007187
1,0.5824939012527466,1,ham10000,ISIC_0031543,mel,HAM_0007188
0,0.42838969826698303,1,ham10000,ISIC_0027878,nv,HAM_0007189
0,0.3917337954044342,1,ham10000,ISIC_0030505,nv,HAM_0007190
0,0.6316823959350586,1,ham10000,ISIC_0032738,nv,HAM_0007191
0,0.10808097571134567,0,ham10000,ISIC_0030558,nv,HAM_0007192
0,0.25884443521499634,1,ham10000,ISIC_0025398,nv,HAM_0007193
0,0.35959532856941223,1,ham10000,ISIC_0025920,nv,HAM_0007194
0,0.41015684604644775,1,ham10000,ISIC_0031923,nv,HAM_0007195
0,0.23267251253128052,1,ham10000,ISIC_0024907,nv,HAM_0007196
0,0.23337987065315247,1,ham10000,ISIC_0031856,nv,HAM_0007197
0,0.41977041959762573,1,ham10000,ISIC_0026200,nv,HAM_0007198
1,0.5836141109466553,1,ham10000,ISIC_0030344,akiec,HAM_0007199
0,0.39050397276878357,1,ham10000,ISIC_0026304,nv,HAM_0007200
0,0.39137744903564453,1,ham10000,ISIC_0026208,nv,HAM_0007201
0,0.5276604890823364,1,ham10000,ISIC_0026726,nv,HAM_0007202
0,0.042510587722063065,0,ham10000,ISIC_0031845,nv,HAM_0007203
0,0.45549604296684265,1,ham10000,ISIC_0025205,nv,HAM_0007204
0,0.28546205163002014,1,ham10000,ISIC_0026269,nv,HAM_0007205
0,0.4465624988079071,1,ham10000,ISIC_0031524,nv,HAM_0007206
0,0.5229277610778809,1,ham10000,ISIC_0031326,bkl,HAM_0007207
0,0.5491111278533936,1,ham10000,ISIC_0030159,nv,HAM_0007208
0,0.5856840014457703,1,ham10000,ISIC_0028365,nv,HAM_0007209
0,0.3978804647922516,1,ham10000,ISIC_0026699,nv,HAM_0007210
0,0.38331496715545654,1,ham10000,ISIC_0025377,nv,HAM_0007211
0,0.20430989563465118,1,ham10000,ISIC_0030897,nv,HAM_0007213
0,0.10221624374389648,0,ham10000,ISIC_0031928,nv,HAM_0007214
0,0.16842412948608398,1,ham10000,ISIC_0030294,nv,HAM_0007215
0,0.49471089243888855,1,ham10000,ISIC_0032962,nv,HAM_0007216
0,0.15919411182403564,1,ham10000,ISIC_0024844,nv,HAM_0007217
0,0.14114446938037872,0,ham10000,ISIC_0025006,nv,HAM_0007218
0,0.3696601688861847,1,ham10000,ISIC_0029227,bkl,HAM_0007219
0,0.5682791471481323,1,ham10000,ISIC_0025867,bkl,HAM_0007220
0,0.6536951065063477,1,ham10000,ISIC_0030264,nv,HAM_0007221
0,0.030769262462854385,0,ham10000,ISIC_0030996,nv,HAM_0007222
0,0.1533917635679245,0,ham10000,ISIC_0024783,nv,HAM_0007223
0,0.4422551393508911,1,ham10000,ISIC_0024977,nv,HAM_0007224
0,0.6252931952476501,1,ham10000,ISIC_0031429,df,HAM_0007225
0,0.07930205017328262,0,ham10000,ISIC_0027946,nv,HAM_0007226
0,0.6983173489570618,1,ham10000,ISIC_0024973,df,HAM_0007227
0,0.5572885870933533,1,ham10000,ISIC_0025681,nv,HAM_0007228
1,0.5648496150970459,1,ham10000,ISIC_0031545,mel,HAM_0007229
0,0.2358415424823761,1,ham10000,ISIC_0031164,nv,HAM_0007230
0,0.1498335748910904,0,ham10000,ISIC_0029114,nv,HAM_0007231
0,0.6215121746063232,1,ham10000,ISIC_0025830,bkl,HAM_0007232
0,0.3703083395957947,1,ham10000,ISIC_0029113,bkl,HAM_0007233
1,0.6355571150779724,1,ham10000,ISIC_0033362,mel,HAM_0007234
0,0.4397669732570648,1,ham10000,ISIC_0027278,nv,HAM_0007236
1,0.609869122505188,1,ham10000,ISIC_0028306,mel,HAM_0007238
0,0.5419201254844666,1,ham10000,ISIC_0025252,nv,HAM_0007239
0,0.5715150237083435,1,ham10000,ISIC_0027988,nv,HAM_0007240
0,0.18253830075263977,1,ham10000,ISIC_0027752,nv,HAM_0007241
1,0.2480880469083786,1,ham10000,ISIC_0026774,mel,HAM_0007242
1,0.6123231649398804,1,ham10000,ISIC_0028029,mel,HAM_0007243
0,0.513492226600647,1,ham10000,ISIC_0030669,nv,HAM_0007244
1,0.6933453679084778,1,ham10000,ISIC_0032870,mel,HAM_0007245
0,0.03804992511868477,0,ham10000,ISIC_0024764,nv,HAM_0007246
1,0.5871654152870178,1,ham10000,ISIC_0025102,bcc,HAM_0007248
0,0.4846135377883911,1,ham10000,ISIC_0025789,nv,HAM_0007249
0,0.4464186429977417,1,ham10000,ISIC_0024964,nv,HAM_0007251
0,0.41081228852272034,1,ham10000,ISIC_0026949,nv,HAM_0007252
0,0.32583898305892944,1,ham10000,ISIC_0026840,nv,HAM_0007253
0,0.2217462956905365,1,ham10000,ISIC_0027541,nv,HAM_0007254
0,0.6004577875137329,1,ham10000,ISIC_0026519,nv,HAM_0007255
0,0.5974308848381042,1,ham10000,ISIC_0031480,nv,HAM_0007256
0,0.4359603524208069,1,ham10000,ISIC_0025537,nv,HAM_0007257
0,0.4504811763763428,1,ham10000,ISIC_0025090,nv,HAM_0007258
0,0.26688626408576965,1,ham10000,ISIC_0032669,nv,HAM_0007259
0,0.5575808882713318,1,ham10000,ISIC_0028336,bkl,HAM_0007260
0,0.3200761377811432,1,ham10000,ISIC_0031686,bkl,HAM_0007261
1,0.8204611539840698,1,ham10000,ISIC_0025932,bcc,HAM_0007262
0,0.41058018803596497,1,ham10000,ISIC_0028130,nv,HAM_0007263
0,0.5213003754615784,1,ham10000,ISIC_0028476,nv,HAM_0007264
0,0.6492419242858887,1,ham10000,ISIC_0033447,nv,HAM_0007265
0,0.29347914457321167,1,ham10000,ISIC_0031909,nv,HAM_0007266
0,0.6222769618034363,1,ham10000,ISIC_0031441,nv,HAM_0007267
0,0.4531245529651642,1,ham10000,ISIC_0028600,nv,HAM_0007268
0,0.4469062387943268,1,ham10000,ISIC_0024430,nv,HAM_0007269
0,0.15865939855575562,1,ham10000,ISIC_0030166,nv,HAM_0007270
0,0.288126140832901,1,ham10000,ISIC_0027862,nv,HAM_0007271
1,0.7050931453704834,1,ham10000,ISIC_0024756,mel,HAM_0007272
0,0.031123850494623184,0,ham10000,ISIC_0025437,nv,HAM_0007273
0,0.44750621914863586,1,ham10000,ISIC_0030484,nv,HAM_0007274
0,0.6129969358444214,1,ham10000,ISIC_0026705,nv,HAM_0007275
0,0.5185201168060303,1,ham10000,ISIC_0028538,nv,HAM_0007276
0,0.2474328726530075,1,ham10000,ISIC_0031195,nv,HAM_0007277
0,0.5465067028999329,1,ham10000,ISIC_0025009,nv,HAM_0007278
0,0.4359329044818878,1,ham10000,ISIC_0025405,nv,HAM_0007279
0,0.2794327139854431,1,ham10000,ISIC_0024917,nv,HAM_0007280
0,0.6456712484359741,1,ham10000,ISIC_0034283,bkl,HAM_0007281
0,0.5087197422981262,1,ham10000,ISIC_0025690,nv,HAM_0007282
0,0.4597923457622528,1,ham10000,ISIC_0027255,nv,HAM_0007284
0,0.20510128140449524,1,ham10000,ISIC_0026718,nv,HAM_0007285
0,0.3357071280479431,1,ham10000,ISIC_0031978,nv,HAM_0007286
0,0.5341953039169312,1,ham10000,ISIC_0027413,nv,HAM_0007287
0,0.17851045727729797,1,ham10000,ISIC_0027243,nv,HAM_0007288
1,0.6566409468650818,1,ham10000,ISIC_0031263,bcc,HAM_0007289
0,0.5904508233070374,1,ham10000,ISIC_0025961,nv,HAM_0007290
0,0.4650329351425171,1,ham10000,ISIC_0027633,nv,HAM_0007291
0,0.2564202845096588,1,ham10000,ISIC_0031626,nv,HAM_0007292
1,0.7591955065727234,1,ham10000,ISIC_0026735,mel,HAM_0007293
0,0.06998670846223831,0,ham10000,ISIC_0025749,nv,HAM_0007294
0,0.5059036612510681,1,ham10000,ISIC_0031380,nv,HAM_0007295
0,0.5059744119644165,1,ham10000,ISIC_0027068,bkl,HAM_0007296
0,0.32316097617149353,1,ham10000,ISIC_0029940,nv,HAM_0007297
0,0.21970492601394653,1,ham10000,ISIC_0028345,nv,HAM_0007298
0,0.7036060094833374,1,ham10000,ISIC_0032565,nv,HAM_0007299
0,0.4529538154602051,1,ham10000,ISIC_0025158,nv,HAM_0007300
0,0.6389729380607605,1,ham10000,ISIC_0033417,nv,HAM_0007301
0,0.4262622892856598,1,ham10000,ISIC_0028302,nv,HAM_0007302
1,0.48907679319381714,1,ham10000,ISIC_0026457,akiec,HAM_0007303
0,0.11135836690664291,0,ham10000,ISIC_0027196,nv,HAM_0007304
1,0.6876348257064819,1,ham10000,ISIC_0029933,mel,HAM_0007305
0,0.3667401075363159,1,ham10000,ISIC_0026810,nv,HAM_0007306
1,0.6448977589607239,1,ham10000,ISIC_0026848,akiec,HAM_0007308
0,0.2578749358654022,1,ham10000,ISIC_0025151,nv,HAM_0007309
1,0.7922259569168091,1,ham10000,ISIC_0026120,mel,HAM_0007310
0,0.459753155708313,1,ham10000,ISIC_0026367,nv,HAM_0007311
0,0.33492234349250793,1,ham10000,ISIC_0027709,nv,HAM_0007312
1,0.6763468384742737,1,ham10000,ISIC_0025299,bcc,HAM_0007313
0,0.00965073611587286,0,ham10000,ISIC_0031152,nv,HAM_0007314
0,0.5065939426422119,1,ham10000,ISIC_0026249,bkl,HAM_0007315
0,0.20112894475460052,1,ham10000,ISIC_0031895,nv,HAM_0007316
0,0.20726409554481506,1,ham10000,ISIC_0030008,nv,HAM_0007317
0,0.27389517426490784,1,ham10000,ISIC_0029005,nv,HAM_0007318
0,0.17398209869861603,1,ham10000,ISIC_0029144,nv,HAM_0007319
0,0.05773960053920746,0,ham10000,ISIC_0026780,nv,HAM_0007320
0,0.17119100689888,1,ham10000,ISIC_0026821,nv,HAM_0007321
0,0.5030708312988281,1,ham10000,ISIC_0030205,nv,HAM_0007322
0,0.1926545947790146,1,ham10000,ISIC_0031038,nv,HAM_0007323
0,0.4521135091781616,1,ham10000,ISIC_0026398,nv,HAM_0007324
0,0.49825990200042725,1,ham10000,ISIC_0026267,nv,HAM_0007325
0,0.10442066937685013,0,ham10000,ISIC_0028783,nv,HAM_0007326
0,0.15883654356002808,1,ham10000,ISIC_0030684,nv,HAM_0007328
0,0.5647517442703247,1,ham10000,ISIC_0026583,nv,HAM_0007329
0,0.35614851117134094,1,ham10000,ISIC_0024521,nv,HAM_0007330
0,0.3173075020313263,1,ham10000,ISIC_0031752,nv,HAM_0007331
0,0.6266191005706787,1,ham10000,ISIC_0026481,bkl,HAM_0007332
0,0.42922765016555786,1,ham10000,ISIC_0033614,nv,HAM_0007333
0,0.1462671011686325,0,ham10000,ISIC_0026962,nv,HAM_0007334
1,0.5150623917579651,1,ham10000,ISIC_0032808,bcc,HAM_0007335
0,0.35194283723831177,1,ham10000,ISIC_0024544,nv,HAM_0007336
0,0.5797473788261414,1,ham10000,ISIC_0026912,bkl,HAM_0007337
0,0.1253928542137146,0,ham10000,ISIC_0028986,nv,HAM_0007338
0,0.35836198925971985,1,ham10000,ISIC_0031536,nv,HAM_0007339
0,0.5923951268196106,1,ham10000,ISIC_0028944,nv,HAM_0007340
0,0.6708148717880249,1,ham10000,ISIC_0032898,bkl,HAM_0007341
0,0.49212661385536194,1,ham10000,ISIC_0030625,nv,HAM_0007342
1,0.6555057764053345,1,ham10000,ISIC_0032447,mel,HAM_0007343
0,0.1509931981563568,0,ham10000,ISIC_0029461,nv,HAM_0007344
0,0.04424435645341873,0,ham10000,ISIC_0028703,nv,HAM_0007345
1,0.5774166584014893,1,ham10000,ISIC_0027425,bcc,HAM_0007346
0,0.058711934834718704,0,ham10000,ISIC_0031054,nv,HAM_0007347
0,0.3388367295265198,1,ham10000,ISIC_0032625,nv,HAM_0007348
1,0.6034213304519653,1,ham10000,ISIC_0026178,akiec,HAM_0007349
0,0.41728878021240234,1,ham10000,ISIC_0030892,nv,HAM_0007350
0,0.20951266586780548,1,ham10000,ISIC_0032183,nv,HAM_0007351
0,0.08932612836360931,0,ham10000,ISIC_0029739,nv,HAM_0007352
0,0.21728551387786865,1,ham10000,ISIC_0025207,nv,HAM_0007353
1,0.18625620007514954,1,ham10000,ISIC_0027719,akiec,HAM_0007354
0,0.3884855806827545,1,ham10000,ISIC_0024705,bkl,HAM_0007355
0,0.5871461629867554,1,ham10000,ISIC_0025335,nv,HAM_0007356
0,0.2563736140727997,1,ham10000,ISIC_0031265,nv,HAM_0007357
0,0.5574913620948792,1,ham10000,ISIC_0028030,nv,HAM_0007358
0,0.6996470093727112,1,ham10000,ISIC_0027354,bkl,HAM_0007359
0,0.46662741899490356,1,ham10000,ISIC_0027773,nv,HAM_0007360
0,0.12066233903169632,0,ham10000,ISIC_0026058,nv,HAM_0007361
0,0.4394073486328125,1,ham10000,ISIC_0030373,nv,HAM_0007362
0,0.09911169856786728,0,ham10000,ISIC_0028013,nv,HAM_0007363
1,0.6019813418388367,1,ham10000,ISIC_0029917,bcc,HAM_0007364
0,0.24269014596939087,1,ham10000,ISIC_0028798,nv,HAM_0007365
0,0.2356293946504593,1,ham10000,ISIC_0032062,nv,HAM_0007366
0,0.4952911138534546,1,ham10000,ISIC_0032689,nv,HAM_0007367
1,0.6209317445755005,1,ham10000,ISIC_0032017,mel,HAM_0007368
0,0.35683655738830566,1,ham10000,ISIC_0024593,nv,HAM_0007369
0,0.1445925235748291,0,ham10000,ISIC_0026002,nv,HAM_0007371
0,0.06053812429308891,0,ham10000,ISIC_0030283,vasc,HAM_0007372
0,0.6795430183410645,1,ham10000,ISIC_0024723,nv,HAM_0007373
0,0.3276488482952118,1,ham10000,ISIC_0025730,nv,HAM_0007374
0,0.28122225403785706,1,ham10000,ISIC_0027233,nv,HAM_0007375
0,0.31973326206207275,1,ham10000,ISIC_0032616,nv,HAM_0007376
0,0.1108618900179863,0,ham10000,ISIC_0029695,nv,HAM_0007377
0,0.08593805134296417,0,ham10000,ISIC_0025692,nv,HAM_0007378
0,0.22246086597442627,1,ham10000,ISIC_0029155,nv,HAM_0007379
0,0.12283536791801453,0,ham10000,ISIC_0029324,nv,HAM_0007380
0,0.5898277163505554,1,ham10000,ISIC_0027083,bkl,HAM_0007381
0,0.37228700518608093,1,ham10000,ISIC_0030030,nv,HAM_0007382
0,0.2666678726673126,1,ham10000,ISIC_0026812,nv,HAM_0007383
0,0.6317952275276184,1,ham10000,ISIC_0032725,bkl,HAM_0007384
0,0.5221181511878967,1,ham10000,ISIC_0025043,nv,HAM_0007385
0,0.06344062089920044,0,ham10000,ISIC_0024568,nv,HAM_0007386
0,0.42098069190979004,1,ham10000,ISIC_0027119,nv,HAM_0007387
0,0.45203959941864014,1,ham10000,ISIC_0031693,nv,HAM_0007388
0,0.3594764173030853,1,ham10000,ISIC_0029090,nv,HAM_0007389
1,0.5232683420181274,1,ham10000,ISIC_0027043,mel,HAM_0007390
0,0.5630459189414978,1,ham10000,ISIC_0031926,nv,HAM_0007391
0,0.3285180926322937,1,ham10000,ISIC_0024905,nv,HAM_0007392
0,0.24471300840377808,1,ham10000,ISIC_0024850,bkl,HAM_0007393
0,0.22705744206905365,1,ham10000,ISIC_0030864,nv,HAM_0007394
0,0.32831987738609314,1,ham10000,ISIC_0031133,bkl,HAM_0007395
0,0.5029306411743164,1,ham10000,ISIC_0033554,df,HAM_0007396
0,0.21874891221523285,1,ham10000,ISIC_0027393,nv,HAM_0007397
0,0.41872695088386536,1,ham10000,ISIC_0027445,nv,HAM_0007399
0,0.0416872501373291,0,ham10000,ISIC_0027329,nv,HAM_0007400
0,0.22421543300151825,1,ham10000,ISIC_0031849,nv,HAM_0007401
0,0.7353423237800598,1,ham10000,ISIC_0033079,bkl,HAM_0007402
0,0.42128515243530273,1,ham10000,ISIC_0025440,nv,HAM_0007403
0,0.22985291481018066,1,ham10000,ISIC_0030295,nv,HAM_0007404
0,0.35708558559417725,1,ham10000,ISIC_0027694,nv,HAM_0007405
0,0.20570829510688782,1,ham10000,ISIC_0028253,nv,HAM_0007406
0,0.299549400806427,1,ham10000,ISIC_0026161,nv,HAM_0007407
0,0.3775877356529236,1,ham10000,ISIC_0028377,nv,HAM_0007408
0,0.3508768081665039,1,ham10000,ISIC_0025076,bkl,HAM_0007409
0,0.7505414485931396,1,ham10000,ISIC_0029962,df,HAM_0007410
0,0.42179176211357117,1,ham10000,ISIC_0028444,nv,HAM_0007411
0,0.2535015940666199,1,ham10000,ISIC_0031949,nv,HAM_0007412
0,0.5017828941345215,1,ham10000,ISIC_0027984,nv,HAM_0007413
0,0.47059139609336853,1,ham10000,ISIC_0026434,nv,HAM_0007414
0,0.3638368546962738,1,ham10000,ISIC_0032515,nv,HAM_0007415
0,0.31046655774116516,1,ham10000,ISIC_0025281,nv,HAM_0007416
0,0.26251405477523804,1,ham10000,ISIC_0026801,nv,HAM_0007417
0,0.6422994136810303,1,ham10000,ISIC_0026313,df,HAM_0007418
0,0.2521502375602722,1,ham10000,ISIC_0029543,nv,HAM_0007419
1,0.6861681342124939,1,ham10000,ISIC_0031890,mel,HAM_0007420
0,0.6055361032485962,1,ham10000,ISIC_0025302,df,HAM_0007421
0,0.6100365519523621,1,ham10000,ISIC_0024862,nv,HAM_0007422
0,0.4054563343524933,1,ham10000,ISIC_0025582,nv,HAM_0007423
0,0.34917593002319336,1,ham10000,ISIC_0030560,nv,HAM_0007424
0,0.23751187324523926,1,ham10000,ISIC_0025823,nv,HAM_0007425
0,0.24403512477874756,1,ham10000,ISIC_0027034,nv,HAM_0007426
0,0.3779267966747284,1,ham10000,ISIC_0033491,bkl,HAM_0007427
1,0.7657447457313538,1,ham10000,ISIC_0028106,bcc,HAM_0007428
0,0.4724460244178772,1,ham10000,ISIC_0024447,nv,HAM_0007429
0,0.2657410800457001,1,ham10000,ISIC_0029088,nv,HAM_0007430
0,0.6381891369819641,1,ham10000,ISIC_0031620,bkl,HAM_0007431
0,0.37693700194358826,1,ham10000,ISIC_0025067,nv,HAM_0007432
0,0.20733821392059326,1,ham10000,ISIC_0033077,nv,HAM_0007433
0,0.4973539113998413,1,ham10000,ISIC_0024816,nv,HAM_0007434
0,0.23024585843086243,1,ham10000,ISIC_0030359,nv,HAM_0007435
0,0.3495084047317505,1,ham10000,ISIC_0026878,nv,HAM_0007436
0,0.2898325026035309,1,ham10000,ISIC_0024745,nv,HAM_0007437
0,0.13431745767593384,0,ham10000,ISIC_0028203,nv,HAM_0007438
0,0.5942067503929138,1,ham10000,ISIC_0024890,bkl,HAM_0007439
0,0.26053231954574585,1,ham10000,ISIC_0029882,nv,HAM_0007440
0,0.05580165237188339,0,ham10000,ISIC_0024548,nv,HAM_0007441
0,0.5419430732727051,1,ham10000,ISIC_0032067,nv,HAM_0007442
0,0.49550333619117737,1,ham10000,ISIC_0031206,nv,HAM_0007443
0,0.5203337073326111,1,ham10000,ISIC_0032977,nv,HAM_0007444
0,0.3768990635871887,1,ham10000,ISIC_0024734,nv,HAM_0007445
1,0.7432055473327637,1,ham10000,ISIC_0028457,bcc,HAM_0007446
0,0.2062091827392578,1,ham10000,ISIC_0030489,nv,HAM_0007447
0,0.5746721029281616,1,ham10000,ISIC_0032294,nv,HAM_0007448
0,0.34416794776916504,1,ham10000,ISIC_0025912,nv,HAM_0007449
0,0.25856104493141174,1,ham10000,ISIC_0027340,nv,HAM_0007450
0,0.449022114276886,1,ham10000,ISIC_0032527,nv,HAM_0007451
0,0.3023155927658081,1,ham10000,ISIC_0024811,nv,HAM_0007452
0,0.25424081087112427,1,ham10000,ISIC_0024510,nv,HAM_0007453
1,0.6252638101577759,1,ham10000,ISIC_0032214,mel,HAM_0007454
0,0.0935416966676712,0,ham10000,ISIC_0027441,nv,HAM_0007455
0,0.342779278755188,1,ham10000,ISIC_0028167,nv,HAM_0007456
0,0.3869864046573639,1,ham10000,ISIC_0029813,nv,HAM_0007457
0,0.47764304280281067,1,ham10000,ISIC_0030266,nv,HAM_0007458
0,0.09621845930814743,0,ham10000,ISIC_0029886,nv,HAM_0007459
0,0.03269018232822418,0,ham10000,ISIC_0032578,nv,HAM_0007460
0,0.2862047255039215,1,ham10000,ISIC_0025717,nv,HAM_0007461
0,0.47479048371315,1,ham10000,ISIC_0032633,nv,HAM_0007462
0,0.44061174988746643,1,ham10000,ISIC_0028371,nv,HAM_0007464
0,0.3045181930065155,1,ham10000,ISIC_0031392,nv,HAM_0007465
0,0.13195981085300446,0,ham10000,ISIC_0031355,nv,HAM_0007466
0,0.21334049105644226,1,ham10000,ISIC_0029085,nv,HAM_0007467
0,0.40712568163871765,1,ham10000,ISIC_0024831,nv,HAM_0007468
0,0.3203451633453369,1,ham10000,ISIC_0030049,nv,HAM_0007469
1,0.7736609578132629,1,ham10000,ISIC_0032536,bcc,HAM_0007471
0,0.24246205389499664,1,ham10000,ISIC_0027274,nv,HAM_0007472
0,0.051971063017845154,0,ham10000,ISIC_0025858,nv,HAM_0007473
1,0.571277379989624,1,ham10000,ISIC_0024848,bcc,HAM_0007474
0,0.24581165611743927,1,ham10000,ISIC_0033408,nv,HAM_0007475
0,0.3374785780906677,1,ham10000,ISIC_0025108,nv,HAM_0007476
0,0.42852604389190674,1,ham10000,ISIC_0025950,nv,HAM_0007477
0,0.15613417327404022,0,ham10000,ISIC_0033040,nv,HAM_0007478
0,0.46939778327941895,1,ham10000,ISIC_0024406,nv,HAM_0007480
0,0.4009780287742615,1,ham10000,ISIC_0026837,nv,HAM_0007481
0,0.5235740542411804,1,ham10000,ISIC_0030004,nv,HAM_0007482
0,0.32021114230155945,1,ham10000,ISIC_0032628,nv,HAM_0007483
0,0.41889798641204834,1,ham10000,ISIC_0030710,nv,HAM_0007484
0,0.17022091150283813,1,ham10000,ISIC_0032438,nv,HAM_0007485
0,0.5966042876243591,1,ham10000,ISIC_0031500,nv,HAM_0007486
0,0.4990702271461487,1,ham10000,ISIC_0030097,nv,HAM_0007487
1,0.5142096877098083,1,ham10000,ISIC_0024952,mel,HAM_0007488
0,0.2304587960243225,1,ham10000,ISIC_0028011,nv,HAM_0007489
0,0.36293670535087585,1,ham10000,ISIC_0025968,nv,HAM_0007490
0,0.4500289559364319,1,ham10000,ISIC_0029183,nv,HAM_0007491
0,0.5619571208953857,1,ham10000,ISIC_0032193,nv,HAM_0007492
0,0.4671487510204315,1,ham10000,ISIC_0030931,nv,HAM_0007493
0,0.24674373865127563,1,ham10000,ISIC_0033136,nv,HAM_0007494
0,0.06559816747903824,0,ham10000,ISIC_0027491,nv,HAM_0007495
0,0.3359006643295288,1,ham10000,ISIC_0028083,nv,HAM_0007496
1,0.3306868374347687,1,ham10000,ISIC_0026829,bcc,HAM_0007497
1,0.517771303653717,1,ham10000,ISIC_0025546,mel,HAM_0007498
0,0.24080027639865875,1,ham10000,ISIC_0025981,nv,HAM_0007499
0,0.4520035982131958,1,ham10000,ISIC_0027435,bkl,HAM_0007500
0,0.2838197648525238,1,ham10000,ISIC_0030780,nv,HAM_0007501
1,0.5705530047416687,1,ham10000,ISIC_0030754,mel,HAM_0007502
0,0.09249091893434525,0,ham10000,ISIC_0026109,nv,HAM_0007503
0,0.5969430208206177,1,ham10000,ISIC_0026359,nv,HAM_0007504
0,0.09022250771522522,0,ham10000,ISIC_0027061,nv,HAM_0007505
0,0.3177894353866577,1,ham10000,ISIC_0029403,nv,HAM_0007506
1,0.548713743686676,1,ham10000,ISIC_0031056,bcc,HAM_0007507
0,0.30103927850723267,1,ham10000,ISIC_0025763,nv,HAM_0007508
0,0.17420697212219238,1,ham10000,ISIC_0027542,nv,HAM_0007509
0,0.06102355197072029,0,ham10000,ISIC_0025587,nv,HAM_0007510
1,0.5931487083435059,1,ham10000,ISIC_0024333,mel,HAM_0007511
0,0.2342292070388794,1,ham10000,ISIC_0028546,nv,HAM_0007512
0,0.5571651458740234,1,ham10000,ISIC_0024676,bkl,HAM_0007513
0,0.4005259871482849,1,ham10000,ISIC_0028118,nv,HAM_0007514
0,0.3301405906677246,1,ham10000,ISIC_0025333,nv,HAM_0007515
0,0.2189391553401947,1,ham10000,ISIC_0024441,nv,HAM_0007516
0,0.535584568977356,1,ham10000,ISIC_0032172,nv,HAM_0007517
0,0.35264962911605835,1,ham10000,ISIC_0031015,nv,HAM_0007518
0,0.3602179288864136,1,ham10000,ISIC_0032865,nv,HAM_0007519
0,0.1323833018541336,0,ham10000,ISIC_0029595,nv,HAM_0007520
0,0.6000461578369141,1,ham10000,ISIC_0032156,bkl,HAM_0007521
1,0.5606426000595093,1,ham10000,ISIC_0027904,mel,HAM_0007522
0,0.37566423416137695,1,ham10000,ISIC_0026461,nv,HAM_0007523
0,0.3543474078178406,1,ham10000,ISIC_0027994,nv,HAM_0007525
0,0.7835110425949097,1,ham10000,ISIC_0030244,df,HAM_0007526
0,0.11539410799741745,0,ham10000,ISIC_0032426,nv,HAM_0007527
0,0.7996791005134583,1,ham10000,ISIC_0027003,nv,HAM_0007528
0,0.6626877784729004,1,ham10000,ISIC_0026607,bkl,HAM_0007529
1,0.3401499390602112,1,ham10000,ISIC_0024410,mel,HAM_0007530
0,0.06056327000260353,0,ham10000,ISIC_0030837,nv,HAM_0007531
0,0.5427860021591187,1,ham10000,ISIC_0024662,vasc,HAM_0007532
0,0.36400336027145386,1,ham10000,ISIC_0033463,nv,HAM_0007533
1,0.642288863658905,1,ham10000,ISIC_0024829,bcc,HAM_0007535
0,0.3382897973060608,1,ham10000,ISIC_0025445,nv,HAM_0007536
0,0.11226654052734375,0,ham10000,ISIC_0025420,nv,HAM_0007537
1,0.5921949148178101,1,ham10000,ISIC_0024315,mel,HAM_0007538
0,0.19072751700878143,1,ham10000,ISIC_0026875,nv,HAM_0007539
0,0.3928309381008148,1,ham10000,ISIC_0032118,nv,HAM_0007540
0,0.49842971563339233,1,ham10000,ISIC_0032540,nv,HAM_0007541
0,0.5486802458763123,1,ham10000,ISIC_0024519,nv,HAM_0007543
0,0.08423417806625366,0,ham10000,ISIC_0031390,nv,HAM_0007544
0,0.0811460092663765,0,ham10000,ISIC_0027129,nv,HAM_0007545
0,0.4471251666545868,1,ham10000,ISIC_0025429,nv,HAM_0007547
0,0.20023506879806519,1,ham10000,ISIC_0026633,nv,HAM_0007548
0,0.35276705026626587,1,ham10000,ISIC_0025216,nv,HAM_0007549
1,0.8414612412452698,1,ham10000,ISIC_0026528,bcc,HAM_0007550
0,0.3563747704029083,1,ham10000,ISIC_0032016,nv,HAM_0007551
0,0.6193645596504211,1,ham10000,ISIC_0032731,nv,HAM_0007552
0,0.6124958992004395,1,ham10000,ISIC_0031676,nv,HAM_0007553
0,0.23553718626499176,1,ham10000,ISIC_0028193,nv,HAM_0007554
1,0.5540615916252136,1,ham10000,ISIC_0030602,akiec,HAM_0007555
0,0.2556154429912567,1,ham10000,ISIC_0028893,nv,HAM_0007556
1,0.6130503416061401,1,ham10000,ISIC_0030964,bcc,HAM_0007557
1,0.44260838627815247,1,ham10000,ISIC_0028410,mel,HAM_0007558
0,0.014926564879715443,0,ham10000,ISIC_0028603,nv,HAM_0007559
1,0.6119264364242554,1,ham10000,ISIC_0024987,mel,HAM_0007560
0,0.12149795889854431,0,ham10000,ISIC_0031458,nv,HAM_0007561
0,0.34940415620803833,1,ham10000,ISIC_0033671,nv,HAM_0007562
0,0.48241153359413147,1,ham10000,ISIC_0025075,bkl,HAM_0007563
0,0.4715440273284912,1,ham10000,ISIC_0028119,nv,HAM_0007564
0,0.4992012083530426,1,ham10000,ISIC_0028241,nv,HAM_0007565
0,0.676108181476593,1,ham10000,ISIC_0028834,nv,HAM_0007566
0,0.21171361207962036,1,ham10000,ISIC_0031588,nv,HAM_0007567
0,0.16233445703983307,1,ham10000,ISIC_0024867,vasc,HAM_0007568
0,0.3446088433265686,1,ham10000,ISIC_0025373,df,HAM_0007569
1,0.43843212723731995,1,ham10000,ISIC_0026430,mel,HAM_0007570
0,0.7606918215751648,1,ham10000,ISIC_0029836,bkl,HAM_0007571
0,0.535742998123169,1,ham10000,ISIC_0029420,bkl,HAM_0007573
1,0.5163120031356812,1,ham10000,ISIC_0033238,mel,HAM_0007574
0,0.3828241527080536,1,ham10000,ISIC_0027115,nv,HAM_0007576
0,0.5976999402046204,1,ham10000,ISIC_0030305,nv,HAM_0007577
0,0.17064841091632843,1,ham10000,ISIC_0030867,nv,HAM_0007578
0,0.42069894075393677,1,ham10000,ISIC_0027571,nv,HAM_0007579
0,0.4236288070678711,1,ham10000,ISIC_0027877,nv,HAM_0007580
0,0.26761144399642944,1,ham10000,ISIC_0027092,nv,HAM_0007582
1,0.4326440095901489,1,ham10000,ISIC_0033081,mel,HAM_0007583
0,0.30527517199516296,1,ham10000,ISIC_0025139,nv,HAM_0007584
0,0.44417643547058105,1,ham10000,ISIC_0032347,nv,HAM_0007585
1,0.6165229082107544,1,ham10000,ISIC_0029819,mel,HAM_0007586
0,0.05247741565108299,0,ham10000,ISIC_0029762,nv,HAM_0007587
1,0.06043070927262306,0,ham10000,ISIC_0030230,bcc,HAM_0007588
1,0.6223374009132385,1,ham10000,ISIC_0034049,mel,HAM_0007589
0,0.5277844667434692,1,ham10000,ISIC_0028615,bkl,HAM_0007590
0,0.6339913010597229,1,ham10000,ISIC_0025351,bkl,HAM_0007591
1,0.5641940236091614,1,ham10000,ISIC_0027149,mel,HAM_0007592
0,0.2376547008752823,1,ham10000,ISIC_0031854,nv,HAM_0007593
0,0.191879004240036,1,ham10000,ISIC_0028772,nv,HAM_0007594
0,0.17297294735908508,1,ham10000,ISIC_0025288,nv,HAM_0007595
0,0.6272253394126892,1,ham10000,ISIC_0032764,nv,HAM_0007596
0,0.1908007711172104,1,ham10000,ISIC_0028274,nv,HAM_0007597
0,0.7191155552864075,1,ham10000,ISIC_0026514,bkl,HAM_0007598
0,0.1762075573205948,1,ham10000,ISIC_0029255,nv,HAM_0007599
0,0.3167954087257385,1,ham10000,ISIC_0025375,nv,HAM_0007600
1,0.40796002745628357,1,ham10000,ISIC_0027447,akiec,HAM_0007601
0,0.2141413688659668,1,ham10000,ISIC_0031262,nv,HAM_0007602
0,0.49215149879455566,1,ham10000,ISIC_0029139,bkl,HAM_0007603
0,0.4903092682361603,1,ham10000,ISIC_0027027,bkl,HAM_0007604
0,0.2174512892961502,1,ham10000,ISIC_0024699,nv,HAM_0007605
0,0.4910832941532135,1,ham10000,ISIC_0025870,nv,HAM_0007606
0,0.6601425409317017,1,ham10000,ISIC_0025883,bkl,HAM_0007607
0,0.1771639734506607,1,ham10000,ISIC_0028609,nv,HAM_0007608
0,0.8382735252380371,1,ham10000,ISIC_0026326,nv,HAM_0007609
0,0.0867629274725914,0,ham10000,ISIC_0030855,nv,HAM_0007610
1,0.7126847505569458,1,ham10000,ISIC_0032314,bcc,HAM_0007611
0,0.006500712130218744,0,ham10000,ISIC_0025688,nv,HAM_0007612
0,0.13013675808906555,0,ham10000,ISIC_0024912,nv,HAM_0007613
0,0.6855559945106506,1,ham10000,ISIC_0027672,vasc,HAM_0007614
0,0.2390078604221344,1,ham10000,ISIC_0027417,nv,HAM_0007615
0,0.4130585193634033,1,ham10000,ISIC_0027373,nv,HAM_0007616
1,0.816789984703064,1,ham10000,ISIC_0024875,mel,HAM_0007617
0,0.4004221260547638,1,ham10000,ISIC_0030293,nv,HAM_0007618
0,0.24267098307609558,1,ham10000,ISIC_0026948,nv,HAM_0007619
1,0.8207165598869324,1,ham10000,ISIC_0027616,mel,HAM_0007620
0,0.696971595287323,1,ham10000,ISIC_0024626,bkl,HAM_0007621
1,0.4063219130039215,1,ham10000,ISIC_0027562,akiec,HAM_0007622
1,0.6022742390632629,1,ham10000,ISIC_0025264,akiec,HAM_0007623
0,0.5038624405860901,1,ham10000,ISIC_0026322,nv,HAM_0007624
0,0.8261926770210266,1,ham10000,ISIC_0033378,bkl,HAM_0007625
0,0.5021255612373352,1,ham10000,ISIC_0031300,nv,HAM_0007626
1,0.5948919057846069,1,ham10000,ISIC_0026118,bcc,HAM_0007627
0,0.08247562497854233,0,ham10000,ISIC_0027059,nv,HAM_0007628
