y_true,y_prob,y_pred,source,image_id,dx,lesion_id
0,0.5715019106864929,1,ham10000,ISIC_0025346,nv,HAM_0000000
0,0.46294286847114563,1,ham10000,ISIC_0027859,bkl,HAM_0000001
1,0.5785325765609741,1,ham10000,ISIC_0032622,mel,HAM_0000002
0,0.515925407409668,1,ham10000,ISIC_0027886,nv,HAM_0000003
0,0.4713945686817169,1,ham10000,ISIC_0024645,nv,HAM_0000004
1,0.4163186550140381,1,ham10000,ISIC_0024579,akiec,HAM_0000005
1,0.68561190366745,1,ham10000,ISIC_0032187,mel,HAM_0000006
0,0.43648478388786316,1,ham10000,ISIC_0033879,nv,HAM_0000007
0,0.5078139305114746,1,ham10000,ISIC_0029868,nv,HAM_0000008
1,0.7421354651451111,1,ham10000,ISIC_0026439,bcc,HAM_0000009
0,0.1735670119524002,0,ham10000,ISIC_0027730,nv,HAM_0000010
0,0.1225132942199707,0,ham10000,ISIC_0024678,nv,HAM_0000011
0,0.6524289846420288,1,ham10000,ISIC_0029348,nv,HAM_0000012
0,0.2647783160209656,1,ham10000,ISIC_0024655,nv,HAM_0000013
0,0.3275458812713623,1,ham10000,ISIC_0025640,nv,HAM_0000014
0,0.35956230759620667,1,ham10000,ISIC_0031453,nv,HAM_0000015
0,0.40783897042274475,1,ham10000,ISIC_0029142,nv,HAM_0000016
0,0.2258843630552292,1,ham10000,ISIC_0025894,nv,HAM_0000017
0,0.521533727645874,1,ham10000,ISIC_0032122,nv,HAM_0000018
0,0.6056899428367615,1,ham10000,ISIC_0025396,nv,HAM_0000019
1,0.6813167929649353,1,ham10000,ISIC_0031922,akiec,HAM_0000020
0,0.3716268539428711,1,ham10000,ISIC_0026773,nv,HAM_0000021
1,0.7027188539505005,1,ham10000,ISIC_0031377,mel,HAM_0000022
0,0.3613448143005371,1,ham10000,ISIC_0026144,nv,HAM_0000023
0,0.5196344256401062,1,ham10000,ISIC_0027141,df,HAM_0000024
0,0.7605675458908081,1,ham10000,ISIC_0024349,nv,HAM_0000025
0,0.14223918318748474,0,ham10000,ISIC_0029325,nv,HAM_0000026
0,0.04555435851216316,0,ham10000,ISIC_0030509,nv,HAM_0000027
0,0.3577967584133148,1,ham10000,ISIC_0026012,nv,HAM_0000028
0,0.12620529532432556,0,ham10000,ISIC_0026815,nv,HAM_0000029
0,0.39332282543182373,1,ham10000,ISIC_0031383,nv,HAM_0000030
0,0.30797189474105835,1,ham10000,ISIC_0028177,nv,HAM_0000031
0,0.5460377335548401,1,ham10000,ISIC_0032291,nv,HAM_0000032
0,0.2338886708021164,1,ham10000,ISIC_0031861,nv,HAM_0000033
0,0.5170392990112305,1,ham10000,ISIC_0032411,nv,HAM_0000034
0,0.4089154005050659,1,ham10000,ISIC_0028039,nv,HAM_0000035
0,0.21258579194545746,0,ham10000,ISIC_0024812,nv,HAM_0000036
0,0.5046455264091492,1,ham10000,ISIC_0027391,nv,HAM_0000037
0,0.28452879190444946,1,ham10000,ISIC_0026057,nv,HAM_0000038
0,0.45016515254974365,1,ham10000,ISIC_0026103,nv,HAM_0000039
1,0.6135047674179077,1,ham10000,ISIC_0027190,mel,HAM_0000040
0,0.38015058636665344,1,ham10000,ISIC_0032211,nv,HAM_0000041
1,0.596747100353241,1,ham10000,ISIC_0033905,mel,HAM_0000042
0,0.47843676805496216,1,ham10000,ISIC_0030152,nv,HAM_0000043
0,0.4501124918460846,1,ham10000,ISIC_0024798,nv,HAM_0000044
0,0.5294622182846069,1,ham10000,ISIC_0032126,nv,HAM_0000045
0,0.4220811426639557,1,ham10000,ISIC_0024631,nv,HAM_0000046
0,0.42124563455581665,1,ham10000,ISIC_0027810,nv,HAM_0000047
1,0.806685209274292,1,ham10000,ISIC_0032774,mel,HAM_0000048
0,0.4385671019554138,1,ham10000,ISIC_0029130,df,HAM_0000049
0,0.7228438258171082,1,ham10000,ISIC_0030095,bkl,HAM_0000050
0,0.393152117729187,1,ham10000,ISIC_0026342,nv,HAM_0000051
0,0.41629692912101746,1,ham10000,ISIC_0029890,nv,HAM_0000052
0,0.4110201895236969,1,ham10000,ISIC_0030376,nv,HAM_0000053
0,0.74382084608078,1,ham10000,ISIC_0025795,nv,HAM_0000054
1,0.6486063003540039,1,ham10000,ISIC_0033546,mel,HAM_0000055
0,0.3615002930164337,1,ham10000,ISIC_0025725,nv,HAM_0000056
0,0.5085809826850891,1,ham10000,ISIC_0025122,nv,HAM_0000057
0,0.4248926639556885,1,ham10000,ISIC_0030302,nv,HAM_0000058
1,0.7586429715156555,1,ham10000,ISIC_0027033,mel,HAM_0000059
1,0.4752883315086365,1,ham10000,ISIC_0031406,mel,HAM_0000060
0,0.5610073804855347,1,ham10000,ISIC_0028417,nv,HAM_0000061
1,0.3868885934352875,1,ham10000,ISIC_0028878,mel,HAM_0000062
0,0.5803614854812622,1,ham10000,ISIC_0031306,nv,HAM_0000063
1,0.58245450258255,1,ham10000,ISIC_0032603,mel,HAM_0000064
1,0.40732356905937195,1,ham10000,ISIC_0025691,bcc,HAM_0000065
0,0.378017395734787,1,ham10000,ISIC_0025014,nv,HAM_0000066
0,0.7105556130409241,1,ham10000,ISIC_0034017,nv,HAM_0000067
0,0.5506811738014221,1,ham10000,ISIC_0029045,nv,HAM_0000068
0,0.41754841804504395,1,ham10000,ISIC_0030226,bkl,HAM_0000069
0,0.6244651675224304,1,ham10000,ISIC_0027933,nv,HAM_0000070
0,0.06562887132167816,0,ham10000,ISIC_0029299,nv,HAM_0000071
0,0.5583259463310242,1,ham10000,ISIC_0028461,nv,HAM_0000072
0,0.6882972717285156,1,ham10000,ISIC_0029470,nv,HAM_0000073
0,0.373747318983078,1,ham10000,ISIC_0024939,nv,HAM_0000074
1,0.733764111995697,1,ham10000,ISIC_0025651,mel,HAM_0000075
0,0.17594484984874725,0,ham10000,ISIC_0028605,nv,HAM_0000076
0,0.5278124809265137,1,ham10000,ISIC_0030851,nv,HAM_0000077
0,0.3735309839248657,1,ham10000,ISIC_0030853,nv,HAM_0000078
1,0.49011003971099854,1,ham10000,ISIC_0033424,mel,HAM_0000079
0,0.5267479419708252,1,ham10000,ISIC_0033528,bkl,HAM_0000080
0,0.34039101004600525,1,ham10000,ISIC_0028072,nv,HAM_0000081
1,0.5852794051170349,1,ham10000,ISIC_0031698,bcc,HAM_0000082
0,0.6904492974281311,1,ham10000,ISIC_0028622,bkl,HAM_0000083
0,0.07593490928411484,0,ham10000,ISIC_0028036,nv,HAM_0000084
0,0.4721355438232422,1,ham10000,ISIC_0028421,nv,HAM_0000085
0,0.2648025155067444,1,ham10000,ISIC_0028081,nv,HAM_0000086
0,0.7591835260391235,1,ham10000,ISIC_0033709,bkl,HAM_0000087
0,0.30608275532722473,1,ham10000,ISIC_0027131,nv,HAM_0000088
0,0.6132115721702576,1,ham10000,ISIC_0026783,bkl,HAM_0000089
0,0.601823627948761,1,ham10000,ISIC_0032330,bkl,HAM_0000090
0,0.4244801104068756,1,ham10000,ISIC_0025737,nv,HAM_0000091
1,0.3131345212459564,1,ham10000,ISIC_0028964,bcc,HAM_0000092
0,0.6269737482070923,1,ham10000,ISIC_0030845,nv,HAM_0000093
0,0.4707750976085663,1,ham10000,ISIC_0026233,nv,HAM_0000094
1,0.6595923900604248,1,ham10000,ISIC_0033186,mel,HAM_0000095
0,0.3422905206680298,1,ham10000,ISIC_0029071,nv,HAM_0000096
1,0.7143141031265259,1,ham10000,ISIC_0033103,mel,HAM_0000097
0,0.40214771032333374,1,ham10000,ISIC_0029716,nv,HAM_0000098
1,0.7175135612487793,1,ham10000,ISIC_0027769,mel,HAM_0000099
0,0.36241796612739563,1,ham10000,ISIC_0024914,nv,HAM_0000100
0,0.4558778405189514,1,ham10000,ISIC_0032100,nv,HAM_0000101
0,0.6080300211906433,1,ham10000,ISIC_0031547,nv,HAM_0000102
0,0.044163692742586136,0,ham10000,ISIC_0032041,nv,HAM_0000103
0,0.6464265584945679,1,ham10000,ISIC_0031913,nv,HAM_0000104
0,0.47068989276885986,1,ham10000,ISIC_0031362,bkl,HAM_0000105
0,0.6298878788948059,1,ham10000,ISIC_0024770,bkl,HAM_0000106
1,0.7255010604858398,1,ham10000,ISIC_0033299,mel,HAM_0000107
0,0.5055748224258423,1,ham10000,ISIC_0027630,nv,HAM_0000108
0,0.48492372035980225,1,ham10000,ISIC_0031065,vasc,HAM_0000109
0,0.6685884594917297,1,ham10000,ISIC_0025703,bkl,HAM_0000110
0,0.31956493854522705,1,ham10000,ISIC_0024742,nv,HAM_0000111
0,0.6448633670806885,1,ham10000,ISIC_0033465,bkl,HAM_0000112
0,0.7758320569992065,1,ham10000,ISIC_0027989,bkl,HAM_0000113
0,0.5648443698883057,1,ham10000,ISIC_0028607,bkl,HAM_0000114
0,0.5806107521057129,1,ham10000,ISIC_0030745,nv,HAM_0000115
0,0.20451480150222778,0,ham10000,ISIC_0031688,nv,HAM_0000116
0,0.49482792615890503,1,ham10000,ISIC_0028005,nv,HAM_0000117
0,0.7011711597442627,1,ham10000,ISIC_0025030,bkl,HAM_0000118
1,0.8295518159866333,1,ham10000,ISIC_0033310,mel,HAM_0000119
0,0.13460473716259003,0,ham10000,ISIC_0030904,nv,HAM_0000120
0,0.15012650191783905,0,ham10000,ISIC_0027025,bkl,HAM_0000121
0,0.6757763624191284,1,ham10000,ISIC_0028354,bkl,HAM_0000122
0,0.41485193371772766,1,ham10000,ISIC_0032293,nv,HAM_0000123
0,0.35796067118644714,1,ham10000,ISIC_0025091,nv,HAM_0000124
1,0.8360356688499451,1,ham10000,ISIC_0027964,mel,HAM_0000125
0,0.5130833387374878,1,ham10000,ISIC_0025354,nv,HAM_0000126
0,0.5122987627983093,1,ham10000,ISIC_0031375,nv,HAM_0000127
0,0.5200423002243042,1,ham10000,ISIC_0024968,nv,HAM_0000128
0,0.5875061750411987,1,ham10000,ISIC_0027486,nv,HAM_0000129
0,0.5199227929115295,1,ham10000,ISIC_0025727,nv,HAM_0000130
0,0.47762957215309143,1,ham10000,ISIC_0030769,nv,HAM_0000131
0,0.5949354767799377,1,ham10000,ISIC_0032453,nv,HAM_0000132
1,0.6321212649345398,1,ham10000,ISIC_0028548,mel,HAM_0000133
0,0.17103233933448792,0,ham10000,ISIC_0029064,nv,HAM_0000134
0,0.7537463903427124,1,ham10000,ISIC_0030362,nv,HAM_0000135
1,0.3678976595401764,1,ham10000,ISIC_0028065,mel,HAM_0000136
0,0.14432789385318756,0,ham10000,ISIC_0027460,nv,HAM_0000137
0,0.5303817987442017,1,ham10000,ISIC_0028780,nv,HAM_0000138
0,0.6245013475418091,1,ham10000,ISIC_0027909,nv,HAM_0000139
0,0.645044207572937,1,ham10000,ISIC_0030074,nv,HAM_0000140
0,0.34229257702827454,1,ham10000,ISIC_0030477,nv,HAM_0000141
0,0.3253072500228882,1,ham10000,ISIC_0028501,nv,HAM_0000142
0,0.652409553527832,1,ham10000,ISIC_0027751,nv,HAM_0000143
0,0.6329060792922974,1,ham10000,ISIC_0027558,nv,HAM_0000144
0,0.48785486817359924,1,ham10000,ISIC_0026807,nv,HAM_0000145
0,0.663969874382019,1,ham10000,ISIC_0027667,nv,HAM_0000146
0,0.35958734154701233,1,ham10000,ISIC_0024993,nv,HAM_0000147
0,0.3406223952770233,1,ham10000,ISIC_0028768,nv,HAM_0000148
0,0.36435139179229736,1,ham10000,ISIC_0025113,bkl,HAM_0000149
0,0.40195056796073914,1,ham10000,ISIC_0024343,nv,HAM_0000150
0,0.07222110778093338,0,ham10000,ISIC_0029350,nv,HAM_0000151
1,0.7372919321060181,1,ham10000,ISIC_0032244,mel,HAM_0000152
1,0.6804190874099731,1,ham10000,ISIC_0031007,bcc,HAM_0000153
0,0.33687180280685425,1,ham10000,ISIC_0025930,nv,HAM_0000154
0,0.4486357867717743,1,ham10000,ISIC_0032390,nv,HAM_0000155
0,0.2375575304031372,1,ham10000,ISIC_0025643,nv,HAM_0000156
0,0.22053001821041107,1,ham10000,ISIC_0032392,nv,HAM_0000157
0,0.17113082110881805,0,ham10000,ISIC_0025082,nv,HAM_0000158
0,0.4890243411064148,1,ham10000,ISIC_0024540,nv,HAM_0000159
0,0.43878594040870667,1,ham10000,ISIC_0027611,nv,HAM_0000160
0,0.20582611858844757,0,ham10000,ISIC_0031820,nv,HAM_0000161
0,0.2577558159828186,1,ham10000,ISIC_0026609,nv,HAM_0000162
0,0.6469771265983582,1,ham10000,ISIC_0025534,nv,HAM_0000163
0,0.7588586807250977,1,ham10000,ISIC_0026273,bkl,HAM_0000164
0,0.6855323910713196,1,ham10000,ISIC_0033833,nv,HAM_0000165
0,0.3851405084133148,1,ham10000,ISIC_0028954,nv,HAM_0000166
0,0.7582677006721497,1,ham10000,ISIC_0029431,nv,HAM_0000167
0,0.5494517087936401,1,ham10000,ISIC_0031353,nv,HAM_0000168
1,0.6509290337562561,1,ham10000,ISIC_0032960,mel,HAM_0000169
0,0.677440881729126,1,ham10000,ISIC_0029918,nv,HAM_0000170
0,0.15830296277999878,0,ham10000,ISIC_0027660,nv,HAM_0000171
0,0.34454581141471863,1,ham10000,ISIC_0027182,nv,HAM_0000172
0,0.5400270223617554,1,ham10000,ISIC_0025026,nv,HAM_0000173
0,0.7084474563598633,1,ham10000,ISIC_0031091,nv,HAM_0000174
0,0.28006449341773987,1,ham10000,ISIC_0028356,nv,HAM_0000175
1,0.8855048418045044,1,ham10000,ISIC_0032862,mel,HAM_0000176
0,0.5363584756851196,1,ham10000,ISIC_0025820,nv,HAM_0000177
0,0.5633165240287781,1,ham10000,ISIC_0031397,nv,HAM_0000178
1,0.6842526793479919,1,ham10000,ISIC_0032550,mel,HAM_0000179
0,0.15910978615283966,0,ham10000,ISIC_0029086,nv,HAM_0000180
0,0.4819336235523224,1,ham10000,ISIC_0033543,nv,HAM_0000181
0,0.6821712255477905,1,ham10000,ISIC_0025096,nv,HAM_0000182
0,0.43518802523612976,1,ham10000,ISIC_0027764,nv,HAM_0000183
0,0.4626244306564331,1,ham10000,ISIC_0027412,nv,HAM_0000184
0,0.4672587215900421,1,ham10000,ISIC_0027906,nv,HAM_0000185
0,0.6048556566238403,1,ham10000,ISIC_0029080,bkl,HAM_0000186
0,0.6707908511161804,1,ham10000,ISIC_0026260,nv,HAM_0000187
0,0.676909863948822,1,ham10000,ISIC_0027020,nv,HAM_0000188
1,0.7372135519981384,1,ham10000,ISIC_0024504,bcc,HAM_0000189
0,0.5145866274833679,1,ham10000,ISIC_0031946,nv,HAM_0000190
0,0.4119407832622528,1,ham10000,ISIC_0030206,nv,HAM_0000191
0,0.4566459357738495,1,ham10000,ISIC_0025595,nv,HAM_0000192
1,0.53812575340271,1,ham10000,ISIC_0027950,akiec,HAM_0000193
0,0.4627442955970764,1,ham10000,ISIC_0030456,nv,HAM_0000194
1,0.7835617065429688,1,ham10000,ISIC_0028495,bcc,HAM_0000195
0,0.23782265186309814,1,ham10000,ISIC_0032377,nv,HAM_0000196
0,0.28840333223342896,1,ham10000,ISIC_0024889,nv,HAM_0000197
0,0.22770889103412628,1,ham10000,ISIC_0026923,bkl,HAM_0000198
0,0.3725045621395111,1,ham10000,ISIC_0026127,nv,HAM_0000199
0,0.4122374355792999,1,ham10000,ISIC_0028213,nv,HAM_0000200
1,0.6976619958877563,1,ham10000,ISIC_0031408,mel,HAM_0000201
0,0.6514323353767395,1,ham10000,ISIC_0027219,bkl,HAM_0000202
0,0.29806840419769287,1,ham10000,ISIC_0024738,nv,HAM_0000203
0,0.2858041226863861,1,ham10000,ISIC_0026825,nv,HAM_0000204
0,0.35251346230506897,1,ham10000,ISIC_0029471,nv,HAM_0000205
1,0.7648187875747681,1,ham10000,ISIC_0033431,mel,HAM_0000206
0,0.6150674223899841,1,ham10000,ISIC_0027451,bkl,HAM_0000207
0,0.6241595149040222,1,ham10000,ISIC_0032681,bkl,HAM_0000208
0,0.5605576038360596,1,ham10000,ISIC_0024776,nv,HAM_0000209
1,0.7717630863189697,1,ham10000,ISIC_0024624,mel,HAM_0000210
0,0.607376754283905,1,ham10000,ISIC_0029482,nv,HAM_0000211
1,0.6993953585624695,1,ham10000,ISIC_0028871,bcc,HAM_0000212
0,0.23987175524234772,1,ham10000,ISIC_0029167,nv,HAM_0000213
0,0.6148828864097595,1,ham10000,ISIC_0033364,nv,HAM_0000214
0,0.536130428314209,1,ham10000,ISIC_0025484,bkl,HAM_0000215
0,0.6249945163726807,1,ham10000,ISIC_0033936,nv,HAM_0000216
0,0.6409955024719238,1,ham10000,ISIC_0029881,nv,HAM_0000217
0,0.5153794288635254,1,ham10000,ISIC_0025552,nv,HAM_0000218
0,0.41345643997192383,1,ham10000,ISIC_0030550,nv,HAM_0000219
1,0.36270540952682495,1,ham10000,ISIC_0030360,mel,HAM_0000220
0,0.11959350854158401,0,ham10000,ISIC_0026344,nv,HAM_0000221
0,0.7228531241416931,1,ham10000,ISIC_0027658,nv,HAM_0000222
0,0.4526064395904541,1,ham10000,ISIC_0027968,nv,HAM_0000223
0,0.21355856955051422,0,ham10000,ISIC_0024542,nv,HAM_0000224
0,0.6581188440322876,1,ham10000,ISIC_0029645,nv,HAM_0000225
0,0.7053042650222778,1,ham10000,ISIC_0024854,nv,HAM_0000226
0,0.23198625445365906,1,ham10000,ISIC_0032201,nv,HAM_0000227
0,0.3447500169277191,1,ham10000,ISIC_0025146,nv,HAM_0000228
0,0.5191429257392883,1,ham10000,ISIC_0030086,nv,HAM_0000229
0,0.44488662481307983,1,ham10000,ISIC_0029720,nv,HAM_0000230
0,0.7065603733062744,1,ham10000,ISIC_0024608,nv,HAM_0000231
0,0.2838487923145294,1,ham10000,ISIC_0029950,nv,HAM_0000232
1,0.43162891268730164,1,ham10000,ISIC_0026314,mel,HAM_0000233
0,0.2923712432384491,1,ham10000,ISIC_0032431,nv,HAM_0000234
0,0.22257909178733826,1,ham10000,ISIC_0025910,nv,HAM_0000235
0,0.7938899397850037,1,ham10000,ISIC_0024592,bkl,HAM_0000236
0,0.5733357071876526,1,ham10000,ISIC_0027893,bkl,HAM_0000237
0,0.4819785952568054,1,ham10000,ISIC_0024910,bkl,HAM_0000238
1,0.693717896938324,1,ham10000,ISIC_0032854,akiec,HAM_0000239
0,0.46670979261398315,1,ham10000,ISIC_0028552,nv,HAM_0000240
1,0.7317751049995422,1,ham10000,ISIC_0030932,mel,HAM_0000241
0,0.5204364061355591,1,ham10000,ISIC_0028273,nv,HAM_0000242
0,0.6623260378837585,1,ham10000,ISIC_0024445,bkl,HAM_0000243
0,0.09599825739860535,0,ham10000,ISIC_0029057,nv,HAM_0000244
0,0.6524020433425903,1,ham10000,ISIC_0027454,bkl,HAM_0000245
0,0.3601299524307251,1,ham10000,ISIC_0027079,nv,HAM_0000246
1,0.6502529978752136,1,ham10000,ISIC_0025132,mel,HAM_0000247
0,0.34679409861564636,1,ham10000,ISIC_0024667,nv,HAM_0000248
0,0.5087926387786865,1,ham10000,ISIC_0027847,nv,HAM_0000249
0,0.4424935579299927,1,ham10000,ISIC_0026838,nv,HAM_0000250
0,0.4738711714744568,1,ham10000,ISIC_0025404,nv,HAM_0000251
0,0.2340414673089981,1,ham10000,ISIC_0024953,nv,HAM_0000252
0,0.5342137813568115,1,ham10000,ISIC_0030012,nv,HAM_0000253
0,0.25659653544425964,1,ham10000,ISIC_0026939,nv,HAM_0000254
0,0.3707311451435089,1,ham10000,ISIC_0031786,nv,HAM_0000255
0,0.4785957336425781,1,ham10000,ISIC_0029347,nv,HAM_0000256
0,0.530902087688446,1,ham10000,ISIC_0030531,nv,HAM_0000257
0,0.47334346175193787,1,ham10000,ISIC_0030909,nv,HAM_0000258
0,0.7648704051971436,1,ham10000,ISIC_0024477,bkl,HAM_0000259
0,0.46318599581718445,1,ham10000,ISIC_0026436,nv,HAM_0000260
0,0.7561370134353638,1,ham10000,ISIC_0026743,nv,HAM_0000261
0,0.6237602829933167,1,ham10000,ISIC_0030326,nv,HAM_0000262
1,0.7487589120864868,1,ham10000,ISIC_0033001,bcc,HAM_0000263
0,0.4210508465766907,1,ham10000,ISIC_0027074,nv,HAM_0000264
0,0.29195383191108704,1,ham10000,ISIC_0027283,nv,HAM_0000265
0,0.6003022193908691,1,ham10000,ISIC_0024933,nv,HAM_0000266
0,0.6617681980133057,1,ham10000,ISIC_0026809,nv,HAM_0000267
0,0.6997447609901428,1,ham10000,ISIC_0025160,nv,HAM_0000268
0,0.5635290145874023,1,ham10000,ISIC_0029354,nv,HAM_0000269
0,0.4915010631084442,1,ham10000,ISIC_0031167,nv,HAM_0000270
0,0.2672567665576935,1,ham10000,ISIC_0026408,nv,HAM_0000271
0,0.6363801956176758,1,ham10000,ISIC_0026370,nv,HAM_0000272
0,0.6925590634346008,1,ham10000,ISIC_0025106,nv,HAM_0000273
1,0.6589953899383545,1,ham10000,ISIC_0031479,mel,HAM_0000274
0,0.6705626249313354,1,ham10000,ISIC_0028645,nv,HAM_0000275
0,0.3850122094154358,1,ham10000,ISIC_0029864,nv,HAM_0000276
0,0.3282725512981415,1,ham10000,ISIC_0029182,nv,HAM_0000277
0,0.3922492563724518,1,ham10000,ISIC_0024484,nv,HAM_0000278
0,0.6454759240150452,1,ham10000,ISIC_0028429,nv,HAM_0000279
0,0.28525224328041077,1,ham10000,ISIC_0032326,nv,HAM_0000280
0,0.4770326614379883,1,ham10000,ISIC_0030577,nv,HAM_0000281
1,0.779854953289032,1,ham10000,ISIC_0027155,mel,HAM_0000282
0,0.40624743700027466,1,ham10000,ISIC_0025159,nv,HAM_0000283
0,0.5001547932624817,1,ham10000,ISIC_0025225,nv,HAM_0000284
0,0.46999073028564453,1,ham10000,ISIC_0026925,nv,HAM_0000285
0,0.27531129121780396,1,ham10000,ISIC_0029099,vasc,HAM_0000286
0,0.5628430843353271,1,ham10000,ISIC_0027203,nv,HAM_0000287
0,0.569088876247406,1,ham10000,ISIC_0027062,nv,HAM_0000288
0,0.5612854361534119,1,ham10000,ISIC_0032226,nv,HAM_0000289
0,0.498244971036911,1,ham10000,ISIC_0024526,nv,HAM_0000290
0,0.6599674820899963,1,ham10000,ISIC_0028263,nv,HAM_0000291
0,0.41613614559173584,1,ham10000,ISIC_0031445,nv,HAM_0000292
0,0.40890008211135864,1,ham10000,ISIC_0030154,nv,HAM_0000293
0,0.7186607122421265,1,ham10000,ISIC_0032664,nv,HAM_0000294
0,0.4904673397541046,1,ham10000,ISIC_0028590,nv,HAM_0000295
0,0.4881959855556488,1,ham10000,ISIC_0031761,bkl,HAM_0000296
0,0.32481059432029724,1,ham10000,ISIC_0029424,nv,HAM_0000297
0,0.6750974059104919,1,ham10000,ISIC_0029051,bkl,HAM_0000298
0,0.6621644496917725,1,ham10000,ISIC_0024471,bkl,HAM_0000299
0,0.37315353751182556,1,ham10000,ISIC_0030725,nv,HAM_0000300
0,0.12275636196136475,0,ham10000,ISIC_0026112,nv,HAM_0000301
0,0.617138683795929,1,ham10000,ISIC_0025942,nv,HAM_0000302
0,0.3455081284046173,1,ham10000,ISIC_0026476,nv,HAM_0000303
0,0.17179051041603088,0,ham10000,ISIC_0033276,nv,HAM_0000304
0,0.47376006841659546,1,ham10000,ISIC_0030815,nv,HAM_0000305
0,0.39298591017723083,1,ham10000,ISIC_0029253,nv,HAM_0000306
0,0.3626013398170471,1,ham10000,ISIC_0027011,nv,HAM_0000307
0,0.6675155758857727,1,ham10000,ISIC_0025136,bkl,HAM_0000308
0,0.8699536323547363,1,ham10000,ISIC_0034142,bkl,HAM_0000309
0,0.28866642713546753,1,ham10000,ISIC_0032386,nv,HAM_0000310
0,0.6168709993362427,1,ham10000,ISIC_0028205,nv,HAM_0000311
0,0.6521189212799072,1,ham10000,ISIC_0029654,nv,HAM_0000312
0,0.6456683278083801,1,ham10000,ISIC_0033100,nv,HAM_0000313
0,0.1823684275150299,0,ham10000,ISIC_0024621,nv,HAM_0000314
0,0.46533000469207764,1,ham10000,ISIC_0027474,nv,HAM_0000315
0,0.6407506465911865,1,ham10000,ISIC_0033339,nv,HAM_0000316
0,0.13985000550746918,0,ham10000,ISIC_0030984,nv,HAM_0000317
0,0.34471413493156433,1,ham10000,ISIC_0028750,bkl,HAM_0000318
1,0.7470700740814209,1,ham10000,ISIC_0029209,mel,HAM_0000319
1,0.5973941087722778,1,ham10000,ISIC_0026916,mel,HAM_0000320
1,0.9009847640991211,1,ham10000,ISIC_0032564,mel,HAM_0000321
1,0.7465330958366394,1,ham10000,ISIC_0033473,mel,HAM_0000322
0,0.3566040098667145,1,ham10000,ISIC_0027170,nv,HAM_0000323
0,0.6958215832710266,1,ham10000,ISIC_0028528,nv,HAM_0000324
0,0.39763063192367554,1,ham10000,ISIC_0029832,nv,HAM_0000325
0,0.5975089073181152,1,ham10000,ISIC_0028353,nv,HAM_0000326
0,0.5958033800125122,1,ham10000,ISIC_0026682,nv,HAM_0000327
0,0.24958957731723785,1,ham10000,ISIC_0025482,nv,HAM_0000328
0,0.3622238039970398,1,ham10000,ISIC_0031185,nv,HAM_0000329
1,0.786792516708374,1,ham10000,ISIC_0030824,mel,HAM_0000330
0,0.35464024543762207,1,ham10000,ISIC_0026944,nv,HAM_0000331
0,0.6824281811714172,1,ham10000,ISIC_0033307,bkl,HAM_0000332
0,0.0233002882450819,0,ham10000,ISIC_0029098,nv,HAM_0000333
0,0.46508392691612244,1,ham10000,ISIC_0026860,nv,HAM_0000334
0,0.4599180817604065,1,ham10000,ISIC_0032021,nv,HAM_0000335
0,0.3779630959033966,1,ham10000,ISIC_0028859,nv,HAM_0000336
1,0.5098358988761902,1,ham10000,ISIC_0026081,mel,HAM_0000337
0,0.5469387769699097,1,ham10000,ISIC_0028631,nv,HAM_0000338
0,0.589020311832428,1,ham10000,ISIC_0025044,nv,HAM_0000339
0,0.5015553832054138,1,ham10000,ISIC_0026397,nv,HAM_0000340
0,0.33481812477111816,1,ham10000,ISIC_0031634,nv,HAM_0000341
0,0.682746410369873,1,ham10000,ISIC_0027226,nv,HAM_0000342
0,0.3247746229171753,1,ham10000,ISIC_0027824,nv,HAM_0000343
0,0.7030378580093384,1,ham10000,ISIC_0032972,bkl,HAM_0000344
0,0.1864047348499298,0,ham10000,ISIC_0031361,nv,HAM_0000345
0,0.5606011152267456,1,ham10000,ISIC_0027518,nv,HAM_0000346
0,0.6032917499542236,1,ham10000,ISIC_0029665,nv,HAM_0000347
0,0.6233392357826233,1,ham10000,ISIC_0028290,nv,HAM_0000348
0,0.6885682344436646,1,ham10000,ISIC_0033005,df,HAM_0000349
0,0.42299962043762207,1,ham10000,ISIC_0030921,nv,HAM_0000350
0,0.6842859983444214,1,ham10000,ISIC_0024324,bkl,HAM_0000351
1,0.5356519818305969,1,ham10000,ISIC_0031225,bcc,HAM_0000352
0,0.5409922003746033,1,ham10000,ISIC_0032157,nv,HAM_0000353
0,0.5689253211021423,1,ham10000,ISIC_0027348,nv,HAM_0000354
0,0.5100378394126892,1,ham10000,ISIC_0027842,nv,HAM_0000355
1,0.7386396527290344,1,ham10000,ISIC_0026171,akiec,HAM_0000356
0,0.585229754447937,1,ham10000,ISIC_0025134,nv,HAM_0000357
1,0.6168618202209473,1,ham10000,ISIC_0026976,mel,HAM_0000358
0,0.5155128240585327,1,ham10000,ISIC_0025701,nv,HAM_0000359
0,0.5048593282699585,1,ham10000,ISIC_0025854,nv,HAM_0000360
1,0.3248745799064636,1,ham10000,ISIC_0032199,akiec,HAM_0000361
0,0.5891742706298828,1,ham10000,ISIC_0026043,nv,HAM_0000362
0,0.49161121249198914,1,ham10000,ISIC_0027617,nv,HAM_0000363
0,0.14393100142478943,0,ham10000,ISIC_0024505,bkl,HAM_0000364
0,0.29048487544059753,1,ham10000,ISIC_0026534,nv,HAM_0000365
0,0.30116763710975647,1,ham10000,ISIC_0027147,nv,HAM_0000366
0,0.3429701328277588,1,ham10000,ISIC_0025462,nv,HAM_0000367
0,0.3531040549278259,1,ham10000,ISIC_0027111,nv,HAM_0000368
0,0.25897136330604553,1,ham10000,ISIC_0029400,nv,HAM_0000369
0,0.24794833362102509,1,ham10000,ISIC_0025998,nv,HAM_0000370
0,0.523413896560669,1,ham10000,ISIC_0025395,nv,HAM_0000371
0,0.7516560554504395,1,ham10000,ISIC_0033685,bkl,HAM_0000372
1,0.5668671727180481,1,ham10000,ISIC_0024806,mel,HAM_0000373
0,0.49290210008621216,1,ham10000,ISIC_0026111,nv,HAM_0000374
1,0.5582482814788818,1,ham10000,ISIC_0030238,mel,HAM_0000375
0,0.5189176797866821,1,ham10000,ISIC_0025173,nv,HAM_0000376
0,0.5104817152023315,1,ham10000,ISIC_0025201,nv,HAM_0000377
0,0.6311988234519958,1,ham10000,ISIC_0031973,nv,HAM_0000378
0,0.34480971097946167,1,ham10000,ISIC_0029980,nv,HAM_0000379
0,0.7246479392051697,1,ham10000,ISIC_0024344,nv,HAM_0000380
0,0.2622981369495392,1,ham10000,ISIC_0030148,nv,HAM_0000381
0,0.33630815148353577,1,ham10000,ISIC_0031897,bkl,HAM_0000382
0,0.5801001191139221,1,ham10000,ISIC_0024612,bkl,HAM_0000383
0,0.1535932719707489,0,ham10000,ISIC_0030506,nv,HAM_0000384
0,0.06972504407167435,0,ham10000,ISIC_0024611,nv,HAM_0000385
0,0.6998156905174255,1,ham10000,ISIC_0026787,bkl,HAM_0000386
0,0.17836298048496246,0,ham10000,ISIC_0031826,nv,HAM_0000387
1,0.7624558210372925,1,ham10000,ISIC_0032544,mel,HAM_0000388
0,0.2154313325881958,0,ham10000,ISIC_0029754,nv,HAM_0000389
0,0.18060478568077087,0,ham10000,ISIC_0026756,nv,HAM_0000390
0,0.5734831094741821,1,ham10000,ISIC_0025683,nv,HAM_0000391
1,0.7688772082328796,1,ham10000,ISIC_0033440,mel,HAM_0000392
1,0.7993800044059753,1,ham10000,ISIC_0027865,bcc,HAM_0000393
1,0.7136442065238953,1,ham10000,ISIC_0033579,bcc,HAM_0000394
0,0.6569740772247314,1,ham10000,ISIC_0025421,nv,HAM_0000395
1,0.6222898364067078,1,ham10000,ISIC_0028481,mel,HAM_0000396
0,0.5862555503845215,1,ham10000,ISIC_0024538,nv,HAM_0000397
0,0.7373049259185791,1,ham10000,ISIC_0027064,bkl,HAM_0000398
0,0.35038062930107117,1,ham10000,ISIC_0027599,nv,HAM_0000399
0,0.4083109498023987,1,ham10000,ISIC_0031414,nv,HAM_0000400
0,0.2958463430404663,1,ham10000,ISIC_0031135,nv,HAM_0000401
0,0.4507681727409363,1,ham10000,ISIC_0032612,nv,HAM_0000402
0,0.3549371361732483,1,ham10000,ISIC_0024874,nv,HAM_0000403
0,0.37638726830482483,1,ham10000,ISIC_0031241,nv,HAM_0000404
0,0.3868342638015747,1,ham10000,ISIC_0027225,nv,HAM_0000405
0,0.5798014402389526,1,ham10000,ISIC_0030890,nv,HAM_0000406
0,0.715233564376831,1,ham10000,ISIC_0032771,nv,HAM_0000407
0,0.11607373505830765,0,ham10000,ISIC_0027000,nv,HAM_0000408
0,0.29586032032966614,1,ham10000,ISIC_0025829,nv,HAM_0000409
0,0.5399135947227478,1,ham10000,ISIC_0031796,nv,HAM_0000410
0,0.3644532263278961,1,ham10000,ISIC_0031283,nv,HAM_0000411
0,0.5679887533187866,1,ham10000,ISIC_0032706,nv,HAM_0000412
0,0.52564936876297,1,ham10000,ISIC_0024589,nv,HAM_0000413
0,0.19450251758098602,0,ham10000,ISIC_0032451,nv,HAM_0000414
0,0.09098256379365921,0,ham10000,ISIC_0025680,vasc,HAM_0000415
0,0.2647075057029724,1,ham10000,ISIC_0028162,nv,HAM_0000416
1,0.5158456563949585,1,ham10000,ISIC_0025783,mel,HAM_0000417
0,0.7698034048080444,1,ham10000,ISIC_0029339,nv,HAM_0000418
0,0.43468010425567627,1,ham10000,ISIC_0027741,nv,HAM_0000419
0,0.21152029931545258,0,ham10000,ISIC_0026864,nv,HAM_0000420
0,0.6356085538864136,1,ham10000,ISIC_0034080,nv,HAM_0000421
0,0.1402672380208969,0,ham10000,ISIC_0027664,nv,HAM_0000422
1,0.7011117339134216,1,ham10000,ISIC_0033813,mel,HAM_0000423
0,0.1077997162938118,0,ham10000,ISIC_0031328,nv,HAM_0000424
0,0.3738937973976135,1,ham10000,ISIC_0024839,bkl,HAM_0000425
0,0.185041606426239,0,ham10000,ISIC_0028182,nv,HAM_0000426
0,0.23691588640213013,1,ham10000,ISIC_0025444,nv,HAM_0000427
0,0.3749740421772003,1,ham10000,ISIC_0027936,nv,HAM_0000428
0,0.5047022700309753,1,ham10000,ISIC_0026562,nv,HAM_0000429
0,0.2632298171520233,1,ham10000,ISIC_0032477,nv,HAM_0000430
0,0.6695417761802673,1,ham10000,ISIC_0026067,nv,HAM_0000431
0,0.5679575204849243,1,ham10000,ISIC_0033822,nv,HAM_0000432
1,0.7225875854492188,1,ham10000,ISIC_0025472,mel,HAM_0000433
0,0.52733314037323,1,ham10000,ISIC_0031635,nv,HAM_0000434
0,0.34086763858795166,1,ham10000,ISIC_0026620,nv,HAM_0000435
0,0.34826841950416565,1,ham10000,ISIC_0026547,nv,HAM_0000436
0,0.4797121286392212,1,ham10000,ISIC_0027731,nv,HAM_0000437
0,0.5502950549125671,1,ham10000,ISIC_0025532,nv,HAM_0000438
0,0.3858933448791504,1,ham10000,ISIC_0033729,nv,HAM_0000439
0,0.3709180951118469,1,ham10000,ISIC_0027972,nv,HAM_0000440
0,0.19202280044555664,0,ham10000,ISIC_0030316,bkl,HAM_0000441
1,0.6129573583602905,1,ham10000,ISIC_0031565,mel,HAM_0000442
0,0.5689370632171631,1,ham10000,ISIC_0034271,nv,HAM_0000443
0,0.36619094014167786,1,ham10000,ISIC_0029118,nv,HAM_0000444
0,0.4777829945087433,1,ham10000,ISIC_0032010,nv,HAM_0000445
0,0.5646554827690125,1,ham10000,ISIC_0025613,nv,HAM_0000446
0,0.2715906798839569,1,ham10000,ISIC_0024817,nv,HAM_0000447
0,0.7032930850982666,1,ham10000,ISIC_0025100,nv,HAM_0000448
0,0.18985755741596222,0,ham10000,ISIC_0028327,nv,HAM_0000449
0,0.6077941060066223,1,ham10000,ISIC_0025059,nv,HAM_0000450
1,0.6277258396148682,1,ham10000,ISIC_0029123,bcc,HAM_0000451
0,0.4184485077857971,1,ham10000,ISIC_0029048,bkl,HAM_0000452
0,0.09464498609304428,0,ham10000,ISIC_0025330,bkl,HAM_0000453
0,0.09651965647935867,0,ham10000,ISIC_0025522,nv,HAM_0000454
0,0.5328572392463684,1,ham10000,ISIC_0032005,nv,HAM_0000455
1,0.08135196566581726,0,ham10000,ISIC_0026466,akiec,HAM_0000456
1,0.5438371896743774,1,ham10000,ISIC_0026855,bcc,HAM_0000457
0,0.1277683675289154,0,ham10000,ISIC_0025714,nv,HAM_0000458
0,0.5478337407112122,1,ham10000,ISIC_0026584,nv,HAM_0000459
0,0.06660106033086777,0,ham10000,ISIC_0025197,vasc,HAM_0000460
0,0.19108816981315613,0,ham10000,ISIC_0027750,nv,HAM_0000461
1,0.3811896741390228,1,ham10000,ISIC_0032897,akiec,HAM_0000462
1,0.7314104437828064,1,ham10000,ISIC_0030177,bcc,HAM_0000463
0,0.3322904706001282,1,ham10000,ISIC_0026223,nv,HAM_0000464
0,0.19693191349506378,0,ham10000,ISIC_0030583,bkl,HAM_0000465
0,0.4021052420139313,1,ham10000,ISIC_0027749,nv,HAM_0000466
0,0.1233217790722847,0,ham10000,ISIC_0030612,nv,HAM_0000467
0,0.7795963287353516,1,ham10000,ISIC_0024524,nv,HAM_0000468
0,0.21022792160511017,0,ham10000,ISIC_0025408,nv,HAM_0000469
0,0.048294831067323685,0,ham10000,ISIC_0026965,nv,HAM_0000470
0,0.4554513096809387,1,ham10000,ISIC_0031656,nv,HAM_0000471
0,0.46173959970474243,1,ham10000,ISIC_0028339,nv,HAM_0000472
0,0.36720529198646545,1,ham10000,ISIC_0027356,nv,HAM_0000473
0,0.3383432626724243,1,ham10000,ISIC_0030099,nv,HAM_0000474
0,0.4313978850841522,1,ham10000,ISIC_0027299,nv,HAM_0000475
0,0.6618978977203369,1,ham10000,ISIC_0028293,nv,HAM_0000476
0,0.5000925064086914,1,ham10000,ISIC_0026292,nv,HAM_0000477
0,0.2521452009677887,1,ham10000,ISIC_0025895,nv,HAM_0000478
0,0.4975329041481018,1,ham10000,ISIC_0030441,nv,HAM_0000479
0,0.5238087773323059,1,ham10000,ISIC_0031952,nv,HAM_0000480
0,0.22989517450332642,1,ham10000,ISIC_0028634,nv,HAM_0000481
0,0.6445909738540649,1,ham10000,ISIC_0026885,nv,HAM_0000482
1,0.753251314163208,1,ham10000,ISIC_0032629,mel,HAM_0000483
0,0.5307573080062866,1,ham10000,ISIC_0024309,nv,HAM_0000484
0,0.36354759335517883,1,ham10000,ISIC_0024959,nv,HAM_0000485
0,0.6279486417770386,1,ham10000,ISIC_0028882,nv,HAM_0000486
0,0.5465443730354309,1,ham10000,ISIC_0032268,nv,HAM_0000487
0,0.5250134468078613,1,ham10000,ISIC_0032930,nv,HAM_0000488
0,0.18702147901058197,0,ham10000,ISIC_0024960,nv,HAM_0000489
1,0.6310690641403198,1,ham10000,ISIC_0026206,akiec,HAM_0000490
0,0.1529134064912796,0,ham10000,ISIC_0028207,nv,HAM_0000491
1,0.6026007533073425,1,ham10000,ISIC_0027076,mel,HAM_0000492
0,0.4566594362258911,1,ham10000,ISIC_0030304,nv,HAM_0000493
0,0.8063152432441711,1,ham10000,ISIC_0032557,vasc,HAM_0000494
0,0.34591975808143616,1,ham10000,ISIC_0030200,nv,HAM_0000495
1,0.5290413498878479,1,ham10000,ISIC_0029545,bcc,HAM_0000496
0,0.39666658639907837,1,ham10000,ISIC_0024563,nv,HAM_0000497
1,0.6861169338226318,1,ham10000,ISIC_0029067,akiec,HAM_0000498
0,0.5207299590110779,1,ham10000,ISIC_0029599,nv,HAM_0000499
0,0.7080145478248596,1,ham10000,ISIC_0029145,nv,HAM_0000500
1,0.7977054715156555,1,ham10000,ISIC_0031335,akiec,HAM_0000501
0,0.08946416527032852,0,ham10000,ISIC_0029608,vasc,HAM_0000502
0,0.45827344059944153,1,ham10000,ISIC_0029236,nv,HAM_0000503
1,0.6648144721984863,1,ham10000,ISIC_0025971,bcc,HAM_0000504
0,0.5465145707130432,1,ham10000,ISIC_0024902,nv,HAM_0000505
0,0.532101571559906,1,ham10000,ISIC_0031891,nv,HAM_0000506
0,0.6112050414085388,1,ham10000,ISIC_0028921,nv,HAM_0000507
0,0.6470987796783447,1,ham10000,ISIC_0027495,nv,HAM_0000508
0,0.4621082842350006,1,ham10000,ISIC_0024837,nv,HAM_0000509
0,0.21172700822353363,0,ham10000,ISIC_0027342,nv,HAM_0000510
0,0.49480703473091125,1,ham10000,ISIC_0026669,nv,HAM_0000511
1,0.7306047081947327,1,ham10000,ISIC_0030528,bcc,HAM_0000512
1,0.5903576612472534,1,ham10000,ISIC_0032207,mel,HAM_0000513
0,0.30371737480163574,1,ham10000,ISIC_0028934,nv,HAM_0000514
0,0.3575937747955322,1,ham10000,ISIC_0029737,nv,HAM_0000515
0,0.7166779637336731,1,ham10000,ISIC_0033952,bkl,HAM_0000516
1,0.44612404704093933,1,ham10000,ISIC_0030507,mel,HAM_0000517
0,0.35054710507392883,1,ham10000,ISIC_0030943,nv,HAM_0000518
0,0.42581865191459656,1,ham10000,ISIC_0030758,bkl,HAM_0000519
0,0.2929741144180298,1,ham10000,ISIC_0026415,nv,HAM_0000520
0,0.6268977522850037,1,ham10000,ISIC_0031889,nv,HAM_0000521
0,0.5673922896385193,1,ham10000,ISIC_0024826,nv,HAM_0000522
0,0.4981854557991028,1,ham10000,ISIC_0025978,nv,HAM_0000523
0,0.43584224581718445,1,ham10000,ISIC_0026069,bkl,HAM_0000524
0,0.6953936815261841,1,ham10000,ISIC_0031510,nv,HAM_0000525
0,0.5057668685913086,1,ham10000,ISIC_0029997,nv,HAM_0000526
0,0.5965628027915955,1,ham10000,ISIC_0032508,bkl,HAM_0000527
0,0.5381289124488831,1,ham10000,ISIC_0028782,nv,HAM_0000528
0,0.3558577001094818,1,ham10000,ISIC_0030540,nv,HAM_0000529
0,0.3725815713405609,1,ham10000,ISIC_0025135,nv,HAM_0000530
1,0.7082574367523193,1,ham10000,ISIC_0025674,mel,HAM_0000531
0,0.5041810870170593,1,ham10000,ISIC_0025365,nv,HAM_0000532
0,0.1846826821565628,0,ham10000,ISIC_0026380,nv,HAM_0000533
1,0.49239450693130493,1,ham10000,ISIC_0025235,mel,HAM_0000534
0,0.18300418555736542,0,ham10000,ISIC_0032353,nv,HAM_0000535
1,0.49398860335350037,1,ham10000,ISIC_0027359,mel,HAM_0000536
0,0.45975375175476074,1,ham10000,ISIC_0027095,nv,HAM_0000537
0,0.4922927916049957,1,ham10000,ISIC_0030650,nv,HAM_0000538
0,0.332988440990448,1,ham10000,ISIC_0024512,nv,HAM_0000539
0,0.3794843554496765,1,ham10000,ISIC_0030748,nv,HAM_0000540
0,0.27610182762145996,1,ham10000,ISIC_0027646,nv,HAM_0000541
0,0.5638927817344666,1,ham10000,ISIC_0025068,bkl,HAM_0000542
0,0.31847110390663147,1,ham10000,ISIC_0030776,nv,HAM_0000543
0,0.39317211508750916,1,ham10000,ISIC_0031810,nv,HAM_0000544
1,0.7158167362213135,1,ham10000,ISIC_0026650,akiec,HAM_0000545
0,0.37340185046195984,1,ham10000,ISIC_0028337,nv,HAM_0000546
0,0.6799402832984924,1,ham10000,ISIC_0032546,nv,HAM_0000547
0,0.4183672368526459,1,ham10000,ISIC_0027763,nv,HAM_0000548
1,0.800983726978302,1,ham10000,ISIC_0026152,akiec,HAM_0000549
0,0.4336671829223633,1,ham10000,ISIC_0024306,nv,HAM_0000550
0,0.6291301250457764,1,ham10000,ISIC_0025120,nv,HAM_0000551
1,0.6765532493591309,1,ham10000,ISIC_0026083,akiec,HAM_0000552
1,0.7374855279922485,1,ham10000,ISIC_0032716,mel,HAM_0000553
0,0.4074932038784027,1,ham10000,ISIC_0026791,nv,HAM_0000555
0,0.786603569984436,1,ham10000,ISIC_0033484,nv,HAM_0000556
0,0.47379136085510254,1,ham10000,ISIC_0025675,nv,HAM_0000557
0,0.20564612746238708,0,ham10000,ISIC_0027547,nv,HAM_0000558
0,0.2688950300216675,1,ham10000,ISIC_0024693,nv,HAM_0000559
0,0.43742844462394714,1,ham10000,ISIC_0031509,nv,HAM_0000560
0,0.49704602360725403,1,ham10000,ISIC_0025143,nv,HAM_0000561
0,0.37910327315330505,1,ham10000,ISIC_0026166,nv,HAM_0000562
1,0.535223126411438,1,ham10000,ISIC_0027900,mel,HAM_0000563
0,0.6095552444458008,1,ham10000,ISIC_0027333,nv,HAM_0000564
0,0.18187804520130157,0,ham10000,ISIC_0025976,nv,HAM_0000565
0,0.6178197264671326,1,ham10000,ISIC_0026794,bkl,HAM_0000566
0,0.4328893721103668,1,ham10000,ISIC_0029677,nv,HAM_0000567
0,0.2395281195640564,1,ham10000,ISIC_0026990,nv,HAM_0000568
0,0.587797224521637,1,ham10000,ISIC_0031592,nv,HAM_0000569
0,0.19713616371154785,0,ham10000,ISIC_0027404,nv,HAM_0000570
0,0.7408764958381653,1,ham10000,ISIC_0032773,bkl,HAM_0000571
0,0.2763355076313019,1,ham10000,ISIC_0025224,nv,HAM_0000572
0,0.0926642194390297,0,ham10000,ISIC_0024988,nv,HAM_0000573
0,0.4157175123691559,1,ham10000,ISIC_0026936,nv,HAM_0000574
0,0.4309093654155731,1,ham10000,ISIC_0029936,nv,HAM_0000575
0,0.27530863881111145,1,ham10000,ISIC_0025585,nv,HAM_0000576
0,0.473241925239563,1,ham10000,ISIC_0026385,nv,HAM_0000577
0,0.5416315793991089,1,ham10000,ISIC_0033087,nv,HAM_0000578
0,0.7030085921287537,1,ham10000,ISIC_0032742,nv,HAM_0000579
0,0.5001540780067444,1,ham10000,ISIC_0029293,nv,HAM_0000580
0,0.6285163760185242,1,ham10000,ISIC_0032826,bkl,HAM_0000581
0,0.6438774466514587,1,ham10000,ISIC_0025885,bkl,HAM_0000582
0,0.3088609278202057,1,ham10000,ISIC_0029681,nv,HAM_0000583
0,0.49884408712387085,1,ham10000,ISIC_0025888,nv,HAM_0000584
0,0.21193261444568634,0,ham10000,ISIC_0030685,nv,HAM_0000585
0,0.49572354555130005,1,ham10000,ISIC_0029649,nv,HAM_0000586
0,0.31079065799713135,1,ham10000,ISIC_0025379,nv,HAM_0000587
1,0.5096283555030823,1,ham10000,ISIC_0026746,mel,HAM_0000588
0,0.6347638964653015,1,ham10000,ISIC_0027103,nv,HAM_0000589
1,0.5546190738677979,1,ham10000,ISIC_0030951,mel,HAM_0000590
0,0.25828006863594055,1,ham10000,ISIC_0026654,nv,HAM_0000591
0,0.04288452863693237,0,ham10000,ISIC_0030781,nv,HAM_0000592
1,0.6850918531417847,1,ham10000,ISIC_0024679,mel,HAM_0000593
0,0.25103995203971863,1,ham10000,ISIC_0029178,nv,HAM_0000594
0,0.37559306621551514,1,ham10000,ISIC_0025991,nv,HAM_0000595
0,0.4860914349555969,1,ham10000,ISIC_0025385,nv,HAM_0000596
0,0.6746554374694824,1,ham10000,ISIC_0030654,nv,HAM_0000597
0,0.4862169027328491,1,ham10000,ISIC_0026557,nv,HAM_0000598
0,0.567712128162384,1,ham10000,ISIC_0026543,nv,HAM_0000599
0,0.24371939897537231,1,ham10000,ISIC_0028311,nv,HAM_0000600
0,0.19500033557415009,0,ham10000,ISIC_0026578,nv,HAM_0000601
0,0.4897525906562805,1,ham10000,ISIC_0026719,nv,HAM_0000602
0,0.5902568697929382,1,ham10000,ISIC_0028441,nv,HAM_0000603
0,0.7179688811302185,1,ham10000,ISIC_0029208,nv,HAM_0000604
0,0.5098995566368103,1,ham10000,ISIC_0030212,nv,HAM_0000605
0,0.48343586921691895,1,ham10000,ISIC_0030109,nv,HAM_0000606
0,0.30431172251701355,1,ham10000,ISIC_0025431,bkl,HAM_0000607
0,0.4160454273223877,1,ham10000,ISIC_0025756,nv,HAM_0000608
0,0.6622049808502197,1,ham10000,ISIC_0025778,nv,HAM_0000609
0,0.5475987792015076,1,ham10000,ISIC_0024689,nv,HAM_0000610
1,0.7123532891273499,1,ham10000,ISIC_0033216,mel,HAM_0000611
1,0.7218307852745056,1,ham10000,ISIC_0026968,bcc,HAM_0000612
0,0.2891683876514435,1,ham10000,ISIC_0031253,bkl,HAM_0000613
0,0.07908228039741516,0,ham10000,ISIC_0025493,nv,HAM_0000614
0,0.40543219447135925,1,ham10000,ISIC_0026758,nv,HAM_0000615
0,0.4859183132648468,1,ham10000,ISIC_0024750,nv,HAM_0000616
0,0.4996388256549835,1,ham10000,ISIC_0029703,nv,HAM_0000617
0,0.6530365943908691,1,ham10000,ISIC_0025840,nv,HAM_0000618
1,0.5846067070960999,1,ham10000,ISIC_0026690,mel,HAM_0000619
0,0.43541163206100464,1,ham10000,ISIC_0027414,nv,HAM_0000620
0,0.46949416399002075,1,ham10000,ISIC_0031101,nv,HAM_0000621
0,0.5384367108345032,1,ham10000,ISIC_0030161,nv,HAM_0000622
0,0.35988444089889526,1,ham10000,ISIC_0032004,nv,HAM_0000623
1,0.29516926407814026,1,ham10000,ISIC_0029089,mel,HAM_0000624
0,0.22091157734394073,1,ham10000,ISIC_0026062,nv,HAM_0000625
0,0.5486149787902832,1,ham10000,ISIC_0025267,nv,HAM_0000626
0,0.5190234184265137,1,ham10000,ISIC_0034019,nv,HAM_0000627
0,0.36461323499679565,1,ham10000,ISIC_0024567,nv,HAM_0000628
0,0.42239660024642944,1,ham10000,ISIC_0029008,nv,HAM_0000629
0,0.07990677654743195,0,ham10000,ISIC_0026832,nv,HAM_0000630
0,0.5577508211135864,1,ham10000,ISIC_0030885,nv,HAM_0000631
0,0.5114611387252808,1,ham10000,ISIC_0031070,nv,HAM_0000632
0,0.2564069628715515,1,ham10000,ISIC_0030719,nv,HAM_0000633
0,0.645386815071106,1,ham10000,ISIC_0026099,nv,HAM_0000634
0,0.3083439767360687,1,ham10000,ISIC_0028663,nv,HAM_0000635
0,0.1710088849067688,0,ham10000,ISIC_0027104,nv,HAM_0000636
0,0.5878716707229614,1,ham10000,ISIC_0027514,nv,HAM_0000637
0,0.13867932558059692,0,ham10000,ISIC_0029887,nv,HAM_0000638
0,0.6170369982719421,1,ham10000,ISIC_0025257,nv,HAM_0000639
0,0.07389475405216217,0,ham10000,ISIC_0024663,nv,HAM_0000640
0,0.25526124238967896,1,ham10000,ISIC_0027477,nv,HAM_0000641
0,0.41606003046035767,1,ham10000,ISIC_0026520,nv,HAM_0000642
0,0.466025710105896,1,ham10000,ISIC_0029731,bkl,HAM_0000643
0,0.4957188665866852,1,ham10000,ISIC_0027728,nv,HAM_0000644
1,0.667699933052063,1,ham10000,ISIC_0024853,mel,HAM_0000645
0,0.40479522943496704,1,ham10000,ISIC_0025890,nv,HAM_0000646
0,0.24899592995643616,1,ham10000,ISIC_0029911,nv,HAM_0000647
0,0.383075475692749,1,ham10000,ISIC_0027080,nv,HAM_0000648
0,0.5147819519042969,1,ham10000,ISIC_0027276,nv,HAM_0000649
0,0.1693585067987442,0,ham10000,ISIC_0033464,nv,HAM_0000650
0,0.3520751893520355,1,ham10000,ISIC_0032178,nv,HAM_0000651
0,0.35737594962120056,1,ham10000,ISIC_0028597,nv,HAM_0000652
1,0.7113457322120667,1,ham10000,ISIC_0024552,mel,HAM_0000653
0,0.26189687848091125,1,ham10000,ISIC_0027799,nv,HAM_0000654
1,0.7264444231987,1,ham10000,ISIC_0027175,bcc,HAM_0000655
0,0.3704864978790283,1,ham10000,ISIC_0027096,nv,HAM_0000656
0,0.30419763922691345,1,ham10000,ISIC_0030955,nv,HAM_0000657
1,0.8695506453514099,1,ham10000,ISIC_0031986,bcc,HAM_0000658
0,0.3522215187549591,1,ham10000,ISIC_0030088,bkl,HAM_0000659
0,0.3807688355445862,1,ham10000,ISIC_0028953,nv,HAM_0000660
0,0.5298873782157898,1,ham10000,ISIC_0025538,nv,HAM_0000661
1,0.7894089818000793,1,ham10000,ISIC_0033317,mel,HAM_0000662
0,0.597722053527832,1,ham10000,ISIC_0027761,nv,HAM_0000663
0,0.0610717311501503,0,ham10000,ISIC_0029535,nv,HAM_0000664
0,0.45749473571777344,1,ham10000,ISIC_0030259,nv,HAM_0000665
0,0.5933995246887207,1,ham10000,ISIC_0026024,nv,HAM_0000666
0,0.35463473200798035,1,ham10000,ISIC_0028551,nv,HAM_0000667
0,0.3561594784259796,1,ham10000,ISIC_0024808,nv,HAM_0000668
0,0.21384331583976746,0,ham10000,ISIC_0032052,nv,HAM_0000669
0,0.43360772728919983,1,ham10000,ISIC_0026204,nv,HAM_0000670
0,0.3648761510848999,1,ham10000,ISIC_0030193,nv,HAM_0000671
0,0.1988808661699295,0,ham10000,ISIC_0029007,nv,HAM_0000672
1,0.696984052658081,1,ham10000,ISIC_0029659,akiec,HAM_0000673
0,0.6914948225021362,1,ham10000,ISIC_0028983,nv,HAM_0000674
0,0.4651019275188446,1,ham10000,ISIC_0033418,nv,HAM_0000675
0,0.6997913718223572,1,ham10000,ISIC_0032969,nv,HAM_0000676
0,0.5257747769355774,1,ham10000,ISIC_0025494,nv,HAM_0000677
0,0.1969652622938156,0,ham10000,ISIC_0029074,nv,HAM_0000678
0,0.42734113335609436,1,ham10000,ISIC_0024724,nv,HAM_0000679
0,0.3203487992286682,1,ham10000,ISIC_0028927,nv,HAM_0000680
0,0.3825875222682953,1,ham10000,ISIC_0032032,nv,HAM_0000681
0,0.7053076028823853,1,ham10000,ISIC_0030786,nv,HAM_0000682
0,0.35183417797088623,1,ham10000,ISIC_0028439,nv,HAM_0000684
0,0.5594518184661865,1,ham10000,ISIC_0026291,bkl,HAM_0000685
0,0.3091372549533844,1,ham10000,ISIC_0031523,nv,HAM_0000686
1,0.7803035974502563,1,ham10000,ISIC_0028994,bcc,HAM_0000687
1,0.6297928690910339,1,ham10000,ISIC_0026720,akiec,HAM_0000688
0,0.5241686701774597,1,ham10000,ISIC_0024356,nv,HAM_0000689
0,0.42656904458999634,1,ham10000,ISIC_0028586,nv,HAM_0000690
0,0.4325738847255707,1,ham10000,ISIC_0026535,nv,HAM_0000691
0,0.41147881746292114,1,ham10000,ISIC_0025364,nv,HAM_0000692
0,0.6687796115875244,1,ham10000,ISIC_0028310,nv,HAM_0000693
0,0.5850577354431152,1,ham10000,ISIC_0032298,nv,HAM_0000694
0,0.451006144285202,1,ham10000,ISIC_0025757,nv,HAM_0000695
0,0.5772671103477478,1,ham10000,ISIC_0026277,bkl,HAM_0000696
0,0.508826732635498,1,ham10000,ISIC_0029148,nv,HAM_0000697
0,0.1547287106513977,0,ham10000,ISIC_0027431,nv,HAM_0000698
0,0.3938646912574768,1,ham10000,ISIC_0031575,nv,HAM_0000699
0,0.4832249879837036,1,ham10000,ISIC_0028052,bkl,HAM_0000700
0,0.5684776902198792,1,ham10000,ISIC_0032115,nv,HAM_0000701
0,0.2860574424266815,1,ham10000,ISIC_0030804,nv,HAM_0000702
0,0.5520074963569641,1,ham10000,ISIC_0028424,nv,HAM_0000703
0,0.5820607542991638,1,ham10000,ISIC_0032954,nv,HAM_0000704
0,0.6080933809280396,1,ham10000,ISIC_0025508,nv,HAM_0000705
1,0.6866044402122498,1,ham10000,ISIC_0032690,mel,HAM_0000706
0,0.4885273575782776,1,ham10000,ISIC_0024561,nv,HAM_0000707
0,0.28336280584335327,1,ham10000,ISIC_0024499,nv,HAM_0000708
1,0.7492548823356628,1,ham10000,ISIC_0032559,mel,HAM_0000709
0,0.42758989334106445,1,ham10000,ISIC_0024489,bkl,HAM_0000710
0,0.4531545341014862,1,ham10000,ISIC_0029387,nv,HAM_0000711
0,0.35989707708358765,1,ham10000,ISIC_0028434,nv,HAM_0000712
0,0.20729616284370422,0,ham10000,ISIC_0031174,nv,HAM_0000713
0,0.5689030885696411,1,ham10000,ISIC_0027857,nv,HAM_0000714
0,0.42118895053863525,1,ham10000,ISIC_0029287,nv,HAM_0000715
0,0.4709092676639557,1,ham10000,ISIC_0029801,bkl,HAM_0000716
0,0.639424204826355,1,ham10000,ISIC_0030455,nv,HAM_0000717
1,0.8489155173301697,1,ham10000,ISIC_0025130,akiec,HAM_0000718
1,0.7201248407363892,1,ham10000,ISIC_0026337,bcc,HAM_0000719
0,0.7867864966392517,1,ham10000,ISIC_0028926,df,HAM_0000720
0,0.6489537358283997,1,ham10000,ISIC_0030243,nv,HAM_0000721
0,0.23966878652572632,1,ham10000,ISIC_0025875,nv,HAM_0000722
0,0.6636725664138794,1,ham10000,ISIC_0031364,nv,HAM_0000723
0,0.3419803977012634,1,ham10000,ISIC_0026038,nv,HAM_0000724
0,0.5338068008422852,1,ham10000,ISIC_0027349,nv,HAM_0000725
0,0.4358534514904022,1,ham10000,ISIC_0030670,nv,HAM_0000726
0,0.47634607553482056,1,ham10000,ISIC_0029961,nv,HAM_0000727
0,0.5755979418754578,1,ham10000,ISIC_0025286,bkl,HAM_0000728
0,0.415557861328125,1,ham10000,ISIC_0030120,nv,HAM_0000729
0,0.35889047384262085,1,ham10000,ISIC_0026619,nv,HAM_0000730
0,0.5200639367103577,1,ham10000,ISIC_0026813,nv,HAM_0000731
0,0.41075894236564636,1,ham10000,ISIC_0026183,nv,HAM_0000732
0,0.2792857885360718,1,ham10000,ISIC_0024965,nv,HAM_0000733
0,0.39266905188560486,1,ham10000,ISIC_0031196,bkl,HAM_0000734
0,0.11322295665740967,0,ham10000,ISIC_0029492,nv,HAM_0000735
0,0.4426351487636566,1,ham10000,ISIC_0029954,nv,HAM_0000736
0,0.3165179193019867,1,ham10000,ISIC_0030353,nv,HAM_0000737
0,0.031624723225831985,0,ham10000,ISIC_0027443,nv,HAM_0000738
0,0.2379688024520874,1,ham10000,ISIC_0025561,nv,HAM_0000739
0,0.3561973571777344,1,ham10000,ISIC_0032142,nv,HAM_0000740
0,0.6200922131538391,1,ham10000,ISIC_0025956,nv,HAM_0000741
0,0.595679521560669,1,ham10000,ISIC_0032048,nv,HAM_0000742
0,0.38994351029396057,1,ham10000,ISIC_0024661,nv,HAM_0000743
0,0.5665084719657898,1,ham10000,ISIC_0029474,bkl,HAM_0000744
0,0.5597555637359619,1,ham10000,ISIC_0027796,bkl,HAM_0000745
0,0.502294659614563,1,ham10000,ISIC_0027023,bkl,HAM_0000746
0,0.3998720049858093,1,ham10000,ISIC_0033748,nv,HAM_0000747
0,0.5456801652908325,1,ham10000,ISIC_0024598,nv,HAM_0000748
0,0.4851275384426117,1,ham10000,ISIC_0029446,nv,HAM_0000749
0,0.3199312388896942,1,ham10000,ISIC_0027974,nv,HAM_0000750
0,0.704627275466919,1,ham10000,ISIC_0025545,nv,HAM_0000751
0,0.7494498491287231,1,ham10000,ISIC_0026419,nv,HAM_0000752
0,0.42742547392845154,1,ham10000,ISIC_0031224,nv,HAM_0000753
0,0.5727841258049011,1,ham10000,ISIC_0032967,bkl,HAM_0000754
0,0.13946403563022614,0,ham10000,ISIC_0026180,nv,HAM_0000755
0,0.42518019676208496,1,ham10000,ISIC_0025279,nv,HAM_0000756
0,0.550707995891571,1,ham10000,ISIC_0025314,df,HAM_0000757
0,0.466077595949173,1,ham10000,ISIC_0031974,nv,HAM_0000758
0,0.54112708568573,1,ham10000,ISIC_0025655,nv,HAM_0000759
0,0.46547913551330566,1,ham10000,ISIC_0025318,nv,HAM_0000760
0,0.4043692648410797,1,ham10000,ISIC_0026259,nv,HAM_0000761
0,0.5082908272743225,1,ham10000,ISIC_0025667,nv,HAM_0000762
0,0.5580915808677673,1,ham10000,ISIC_0028217,nv,HAM_0000763
0,0.7059716582298279,1,ham10000,ISIC_0028151,nv,HAM_0000764
0,0.5417707562446594,1,ham10000,ISIC_0033445,nv,HAM_0000765
1,0.6213973164558411,1,ham10000,ISIC_0029937,mel,HAM_0000766
1,0.46768954396247864,1,ham10000,ISIC_0031239,mel,HAM_0000767
0,0.3314704895019531,1,ham10000,ISIC_0028242,nv,HAM_0000768
1,0.7838456630706787,1,ham10000,ISIC_0029279,akiec,HAM_0000769
0,0.7688694596290588,1,ham10000,ISIC_0024741,bkl,HAM_0000770
0,0.5055800080299377,1,ham10000,ISIC_0029349,nv,HAM_0000771
0,0.6278697848320007,1,ham10000,ISIC_0032994,nv,HAM_0000772
0,0.718900203704834,1,ham10000,ISIC_0026049,nv,HAM_0000773
0,0.5420766472816467,1,ham10000,ISIC_0029707,nv,HAM_0000774
1,0.8005644679069519,1,ham10000,ISIC_0025097,mel,HAM_0000775
0,0.3817354738712311,1,ham10000,ISIC_0027339,nv,HAM_0000776
0,0.5472532510757446,1,ham10000,ISIC_0028364,nv,HAM_0000777
0,0.6083446741104126,1,ham10000,ISIC_0026665,nv,HAM_0000778
0,0.8132076263427734,1,ham10000,ISIC_0032978,bkl,HAM_0000779
0,0.33620643615722656,1,ham10000,ISIC_0027453,nv,HAM_0000780
1,0.7667197585105896,1,ham10000,ISIC_0028155,bcc,HAM_0000781
0,0.8620352149009705,1,ham10000,ISIC_0030723,bkl,HAM_0000782
0,0.7244244813919067,1,ham10000,ISIC_0025633,nv,HAM_0000783
0,0.3165568709373474,1,ham10000,ISIC_0030989,nv,HAM_0000784
0,0.5481591820716858,1,ham10000,ISIC_0027585,nv,HAM_0000785
0,0.36773473024368286,1,ham10000,ISIC_0028956,nv,HAM_0000786
0,0.46066513657569885,1,ham10000,ISIC_0026157,nv,HAM_0000787
0,0.2296600192785263,1,ham10000,ISIC_0030301,nv,HAM_0000788
0,0.38901638984680176,1,ham10000,ISIC_0028932,nv,HAM_0000789
0,0.726928174495697,1,ham10000,ISIC_0032576,bkl,HAM_0000790
1,0.7770664691925049,1,ham10000,ISIC_0025584,bcc,HAM_0000791
0,0.5502420663833618,1,ham10000,ISIC_0025387,bkl,HAM_0000792
0,0.3736511766910553,1,ham10000,ISIC_0030286,nv,HAM_0000793
0,0.697256326675415,1,ham10000,ISIC_0026340,nv,HAM_0000794
1,0.6890235543251038,1,ham10000,ISIC_0033012,bcc,HAM_0000795
1,0.6088706254959106,1,ham10000,ISIC_0028041,mel,HAM_0000796
0,0.38742363452911377,1,ham10000,ISIC_0026039,nv,HAM_0000797
0,0.5854341387748718,1,ham10000,ISIC_0026751,nv,HAM_0000798
1,0.6943114995956421,1,ham10000,ISIC_0033226,mel,HAM_0000799
0,0.31168311834335327,1,ham10000,ISIC_0028852,nv,HAM_0000800
0,0.7094723582267761,1,ham10000,ISIC_0025619,nv,HAM_0000801
0,0.6622857451438904,1,ham10000,ISIC_0032553,bkl,HAM_0000802
0,0.45123612880706787,1,ham10000,ISIC_0025925,nv,HAM_0000803
0,0.388802707195282,1,ham10000,ISIC_0029863,nv,HAM_0000804
0,0.7163547873497009,1,ham10000,ISIC_0033306,bkl,HAM_0000805
0,0.2713935077190399,1,ham10000,ISIC_0024371,bkl,HAM_0000806
1,0.6679686307907104,1,ham10000,ISIC_0032164,bcc,HAM_0000807
0,0.5900224447250366,1,ham10000,ISIC_0026315,nv,HAM_0000808
0,0.2959669828414917,1,ham10000,ISIC_0030572,nv,HAM_0000809
0,0.270755797624588,1,ham10000,ISIC_0031734,nv,HAM_0000810
0,0.3864496350288391,1,ham10000,ISIC_0028470,nv,HAM_0000811
0,0.3410075902938843,1,ham10000,ISIC_0032442,nv,HAM_0000812
0,0.24408546090126038,1,ham10000,ISIC_0024395,nv,HAM_0000813
1,0.6677777171134949,1,ham10000,ISIC_0025751,mel,HAM_0000814
0,0.476510226726532,1,ham10000,ISIC_0026023,nv,HAM_0000815
0,0.37101566791534424,1,ham10000,ISIC_0027082,nv,HAM_0000816
0,0.49968892335891724,1,ham10000,ISIC_0025174,nv,HAM_0000817
0,0.5533061623573303,1,ham10000,ISIC_0029611,nv,HAM_0000818
0,0.18480148911476135,0,ham10000,ISIC_0027777,nv,HAM_0000819
0,0.1303977370262146,0,ham10000,ISIC_0028835,nv,HAM_0000820
0,0.5906317830085754,1,ham10000,ISIC_0025623,bkl,HAM_0000821
0,0.364955872297287,1,ham10000,ISIC_0033841,nv,HAM_0000822
1,0.8459584712982178,1,ham10000,ISIC_0032894,bcc,HAM_0000823
0,0.3531516492366791,1,ham10000,ISIC_0029702,nv,HAM_0000824
0,0.8283701539039612,1,ham10000,ISIC_0034186,bkl,HAM_0000825
0,0.08393377810716629,0,ham10000,ISIC_0027362,nv,HAM_0000826
0,0.8285810947418213,1,ham10000,ISIC_0025223,df,HAM_0000827
0,0.4531380832195282,1,ham10000,ISIC_0024797,nv,HAM_0000828
0,0.27467915415763855,1,ham10000,ISIC_0029440,nv,HAM_0000829
0,0.44791075587272644,1,ham10000,ISIC_0030634,nv,HAM_0000830
0,0.6095567345619202,1,ham10000,ISIC_0029226,nv,HAM_0000831
1,0.443358451128006,1,ham10000,ISIC_0028763,akiec,HAM_0000832
0,0.7249059081077576,1,ham10000,ISIC_0025719,bkl,HAM_0000833
0,0.48245638608932495,1,ham10000,ISIC_0029989,nv,HAM_0000834
0,0.3978968858718872,1,ham10000,ISIC_0024409,bkl,HAM_0000835
0,0.6103095412254333,1,ham10000,ISIC_0025505,nv,HAM_0000836
0,0.5803961753845215,1,ham10000,ISIC_0024986,nv,HAM_0000837
0,0.4197888970375061,1,ham10000,ISIC_0027029,nv,HAM_0000838
0,0.4119608402252197,1,ham10000,ISIC_0032049,nv,HAM_0000839
0,0.4915647804737091,1,ham10000,ISIC_0026828,nv,HAM_0000840
0,0.4250207841396332,1,ham10000,ISIC_0031455,nv,HAM_0000841
0,0.5729781985282898,1,ham10000,ISIC_0025401,nv,HAM_0000842
0,0.6833592653274536,1,ham10000,ISIC_0029260,bkl,HAM_0000843
0,0.7490369081497192,1,ham10000,ISIC_0024773,bkl,HAM_0000844
0,0.37329721450805664,1,ham10000,ISIC_0025244,vasc,HAM_0000845
0,0.698347806930542,1,ham10000,ISIC_0029115,bkl,HAM_0000846
0,0.5488049983978271,1,ham10000,ISIC_0030744,bkl,HAM_0000847
0,0.4034532904624939,1,ham10000,ISIC_0026294,nv,HAM_0000848
0,0.47156456112861633,1,ham10000,ISIC_0029200,nv,HAM_0000849
0,0.5927925705909729,1,ham10000,ISIC_0028588,nv,HAM_0000850
0,0.49619758129119873,1,ham10000,ISIC_0025074,nv,HAM_0000851
0,0.5760779976844788,1,ham10000,ISIC_0025461,nv,HAM_0000852
0,0.5628473162651062,1,ham10000,ISIC_0027153,nv,HAM_0000853
0,0.6897420287132263,1,ham10000,ISIC_0029534,nv,HAM_0000854
0,0.6422170400619507,1,ham10000,ISIC_0033694,nv,HAM_0000855
1,0.6076884865760803,1,ham10000,ISIC_0028537,mel,HAM_0000856
0,0.08728188276290894,0,ham10000,ISIC_0025229,nv,HAM_0000857
0,0.5774998068809509,1,ham10000,ISIC_0030944,nv,HAM_0000858
1,0.7243185043334961,1,ham10000,ISIC_0029715,akiec,HAM_0000859
0,0.551033079624176,1,ham10000,ISIC_0029796,nv,HAM_0000860
0,0.7256491184234619,1,ham10000,ISIC_0026125,nv,HAM_0000861
0,0.5809481739997864,1,ham10000,ISIC_0030724,nv,HAM_0000862
1,0.781765878200531,1,ham10000,ISIC_0028899,mel,HAM_0000863
0,0.24597150087356567,1,ham10000,ISIC_0028716,nv,HAM_0000864
0,0.4742394983768463,1,ham10000,ISIC_0028826,bkl,HAM_0000865
0,0.6077215671539307,1,ham10000,ISIC_0024480,nv,HAM_0000866
0,0.31136518716812134,1,ham10000,ISIC_0028044,nv,HAM_0000867
1,0.6554741859436035,1,ham10000,ISIC_0032316,bcc,HAM_0000868
0,0.3085871636867523,1,ham10000,ISIC_0031109,nv,HAM_0000869
0,0.2446368932723999,1,ham10000,ISIC_0029923,nv,HAM_0000870
1,0.6200773119926453,1,ham10000,ISIC_0025964,mel,HAM_0000871
1,0.5572908520698547,1,ham10000,ISIC_0029323,bcc,HAM_0000872
0,0.5805171728134155,1,ham10000,ISIC_0025012,nv,HAM_0000873
0,0.24258559942245483,1,ham10000,ISIC_0032119,nv,HAM_0000874
0,0.11676693707704544,0,ham10000,ISIC_0031022,nv,HAM_0000875
1,0.6077759861946106,1,ham10000,ISIC_0026531,mel,HAM_0000876
0,0.25893622636795044,1,ham10000,ISIC_0030267,nv,HAM_0000877
1,0.6572780013084412,1,ham10000,ISIC_0028746,mel,HAM_0000878
1,0.663953423500061,1,ham10000,ISIC_0032816,bcc,HAM_0000879
1,0.6944514513015747,1,ham10000,ISIC_0033089,mel,HAM_0000880
0,0.7142570614814758,1,ham10000,ISIC_0028404,bkl,HAM_0000881
0,0.28935179114341736,1,ham10000,ISIC_0032241,nv,HAM_0000882
0,0.28999191522598267,1,ham10000,ISIC_0030631,nv,HAM_0000883
0,0.6458246111869812,1,ham10000,ISIC_0026728,bkl,HAM_0000884
0,0.09359335154294968,0,ham10000,ISIC_0025293,nv,HAM_0000885
0,0.647836446762085,1,ham10000,ISIC_0024560,nv,HAM_0000886
1,0.6064826250076294,1,ham10000,ISIC_0030501,mel,HAM_0000887
1,0.6593001484870911,1,ham10000,ISIC_0025085,mel,HAM_0000888
0,0.43692970275878906,1,ham10000,ISIC_0025936,nv,HAM_0000889
0,0.07930704206228256,0,ham10000,ISIC_0029185,nv,HAM_0000890
0,0.46354955434799194,1,ham10000,ISIC_0027963,nv,HAM_0000891
0,0.4194224178791046,1,ham10000,ISIC_0024594,nv,HAM_0000892
0,0.42722171545028687,1,ham10000,ISIC_0024825,bkl,HAM_0000893
0,0.41558876633644104,1,ham10000,ISIC_0030478,nv,HAM_0000894
0,0.20553265511989594,0,ham10000,ISIC_0030510,nv,HAM_0000895
0,0.5184985995292664,1,ham10000,ISIC_0025051,nv,HAM_0000896
0,0.5912207365036011,1,ham10000,ISIC_0029306,nv,HAM_0000897
0,0.7645024657249451,1,ham10000,ISIC_0025529,bkl,HAM_0000898
0,0.32706117630004883,1,ham10000,ISIC_0029708,nv,HAM_0000899
0,0.4850926995277405,1,ham10000,ISIC_0026552,nv,HAM_0000900
0,0.3140591084957123,1,ham10000,ISIC_0032120,nv,HAM_0000901
0,0.48882484436035156,1,ham10000,ISIC_0027745,df,HAM_0000902
1,0.7845749855041504,1,ham10000,ISIC_0024702,mel,HAM_0000903
0,0.3515098989009857,1,ham10000,ISIC_0025149,nv,HAM_0000904
0,0.3815002143383026,1,ham10000,ISIC_0026338,nv,HAM_0000905
0,0.6017446517944336,1,ham10000,ISIC_0026750,nv,HAM_0000906
0,0.7133941650390625,1,ham10000,ISIC_0025140,bkl,HAM_0000907
0,0.47872716188430786,1,ham10000,ISIC_0028340,nv,HAM_0000908
1,0.655589759349823,1,ham10000,ISIC_0026981,akiec,HAM_0000909
1,0.6348709464073181,1,ham10000,ISIC_0027797,mel,HAM_0000910
0,0.4685029983520508,1,ham10000,ISIC_0029087,nv,HAM_0000911
0,0.4476536214351654,1,ham10000,ISIC_0026232,nv,HAM_0000912
0,0.46060478687286377,1,ham10000,ISIC_0028559,nv,HAM_0000913
0,0.19093771278858185,0,ham10000,ISIC_0025995,nv,HAM_0000914
1,0.5193856954574585,1,ham10000,ISIC_0030339,bcc,HAM_0000915
0,0.5160488486289978,1,ham10000,ISIC_0032167,nv,HAM_0000916
1,0.6804131269454956,1,ham10000,ISIC_0024701,mel,HAM_0000917
1,0.7001480460166931,1,ham10000,ISIC_0029133,akiec,HAM_0000918
0,0.28487327694892883,1,ham10000,ISIC_0025204,nv,HAM_0000919
0,0.8734870553016663,1,ham10000,ISIC_0028707,bkl,HAM_0000920
0,0.45093539357185364,1,ham10000,ISIC_0026098,nv,HAM_0000921
0,0.7897968292236328,1,ham10000,ISIC_0031111,nv,HAM_0000922
0,0.4896758198738098,1,ham10000,ISIC_0024428,nv,HAM_0000923
0,0.36286213994026184,1,ham10000,ISIC_0026804,nv,HAM_0000924
0,0.425935298204422,1,ham10000,ISIC_0030041,nv,HAM_0000925
0,0.32806357741355896,1,ham10000,ISIC_0026189,nv,HAM_0000926
0,0.5122261643409729,1,ham10000,ISIC_0027318,nv,HAM_0000927
0,0.5712235569953918,1,ham10000,ISIC_0026777,nv,HAM_0000928
0,0.34689512848854065,1,ham10000,ISIC_0029727,nv,HAM_0000929
0,0.5854552388191223,1,ham10000,ISIC_0027848,nv,HAM_0000930
1,0.7983657121658325,1,ham10000,ISIC_0028820,akiec,HAM_0000931
0,0.06850240379571915,0,ham10000,ISIC_0026288,nv,HAM_0000932
0,0.6880714893341064,1,ham10000,ISIC_0024358,bkl,HAM_0000933
0,0.15254122018814087,0,ham10000,ISIC_0031706,vasc,HAM_0000934
0,0.1888912320137024,0,ham10000,ISIC_0027399,nv,HAM_0000935
0,0.09833692759275436,0,ham10000,ISIC_0030388,nv,HAM_0000936
0,0.3744600713253021,1,ham10000,ISIC_0025344,nv,HAM_0000937
0,0.3927377462387085,1,ham10000,ISIC_0031916,nv,HAM_0000938
0,0.4119982123374939,1,ham10000,ISIC_0028620,nv,HAM_0000939
0,0.6547375321388245,1,ham10000,ISIC_0032692,vasc,HAM_0000940
0,0.33794105052948,1,ham10000,ISIC_0025658,nv,HAM_0000941
0,0.5968833565711975,1,ham10000,ISIC_0028554,nv,HAM_0000942
0,0.5549545288085938,1,ham10000,ISIC_0025900,nv,HAM_0000943
0,0.49057626724243164,1,ham10000,ISIC_0027864,nv,HAM_0000944
0,0.22081118822097778,1,ham10000,ISIC_0031104,nv,HAM_0000945
0,0.35150420665740967,1,ham10000,ISIC_0031775,nv,HAM_0000946
0,0.37575143575668335,1,ham10000,ISIC_0024642,nv,HAM_0000947
0,0.5791596174240112,1,ham10000,ISIC_0033631,bkl,HAM_0000948
0,0.49955686926841736,1,ham10000,ISIC_0032444,nv,HAM_0000949
0,0.5204446315765381,1,ham10000,ISIC_0030590,nv,HAM_0000950
0,0.27639856934547424,1,ham10000,ISIC_0026003,nv,HAM_0000951
1,0.27505752444267273,1,ham10000,ISIC_0024546,mel,HAM_0000952
1,0.5910476446151733,1,ham10000,ISIC_0026213,bcc,HAM_0000953
1,0.6579723954200745,1,ham10000,ISIC_0026100,akiec,HAM_0000954
0,0.551106870174408,1,ham10000,ISIC_0029036,bkl,HAM_0000955
0,0.5089194774627686,1,ham10000,ISIC_0025251,nv,HAM_0000956
0,0.30053478479385376,1,ham10000,ISIC_0029449,nv,HAM_0000957
0,0.4494876265525818,1,ham10000,ISIC_0028175,nv,HAM_0000958
0,0.6308614611625671,1,ham10000,ISIC_0026532,bkl,HAM_0000959
0,0.5833951830863953,1,ham10000,ISIC_0025779,nv,HAM_0000960
0,0.6126771569252014,1,ham10000,ISIC_0024882,nv,HAM_0000961
0,0.2581789195537567,1,ham10000,ISIC_0028674,nv,HAM_0000962
0,0.6535840034484863,1,ham10000,ISIC_0032227,nv,HAM_0000963
0,0.1809300035238266,0,ham10000,ISIC_0028919,nv,HAM_0000964
0,0.6328379511833191,1,ham10000,ISIC_0027855,nv,HAM_0000965
0,0.6792792081832886,1,ham10000,ISIC_0030168,nv,HAM_0000966
1,0.6614128351211548,1,ham10000,ISIC_0025539,akiec,HAM_0000967
1,0.40713122487068176,1,ham10000,ISIC_0026074,bcc,HAM_0000968
0,0.4946366250514984,1,ham10000,ISIC_0028071,nv,HAM_0000969
0,0.6431304216384888,1,ham10000,ISIC_0032574,nv,HAM_0000970
0,0.5973828434944153,1,ham10000,ISIC_0026546,nv,HAM_0000971
0,0.29419222474098206,1,ham10000,ISIC_0031605,nv,HAM_0000972
0,0.7814857363700867,1,ham10000,ISIC_0025222,bkl,HAM_0000973
0,0.25737351179122925,1,ham10000,ISIC_0026262,bkl,HAM_0000974
0,0.3187365233898163,1,ham10000,ISIC_0029267,nv,HAM_0000975
0,0.7073414325714111,1,ham10000,ISIC_0030833,nv,HAM_0000976
0,0.5733640789985657,1,ham10000,ISIC_0024842,nv,HAM_0000977
0,0.2581018805503845,1,ham10000,ISIC_0025882,nv,HAM_0000978
0,0.7533758282661438,1,ham10000,ISIC_0028043,bkl,HAM_0000979
0,0.3932843506336212,1,ham10000,ISIC_0028627,nv,HAM_0000980
0,0.38967305421829224,1,ham10000,ISIC_0024311,nv,HAM_0000981
1,0.9116071462631226,1,ham10000,ISIC_0032356,akiec,HAM_0000982
0,0.6395177245140076,1,ham10000,ISIC_0033490,bkl,HAM_0000983
0,0.2194386124610901,1,ham10000,ISIC_0024376,nv,HAM_0000984
0,0.5859745740890503,1,ham10000,ISIC_0024490,bkl,HAM_0000985
0,0.40683311223983765,1,ham10000,ISIC_0026227,nv,HAM_0000986
1,0.768436074256897,1,ham10000,ISIC_0025301,bcc,HAM_0000987
1,0.4830394387245178,1,ham10000,ISIC_0031186,mel,HAM_0000988
0,0.06023867055773735,0,ham10000,ISIC_0028070,nv,HAM_0000989
0,0.5150839686393738,1,ham10000,ISIC_0031801,nv,HAM_0000990
0,0.3182554841041565,1,ham10000,ISIC_0028275,nv,HAM_0000991
0,0.5991185903549194,1,ham10000,ISIC_0026661,bkl,HAM_0000992
1,0.7649823427200317,1,ham10000,ISIC_0032696,bcc,HAM_0000993
1,0.7116383910179138,1,ham10000,ISIC_0027545,bcc,HAM_0000994
0,0.34942516684532166,1,ham10000,ISIC_0027241,nv,HAM_0000995
0,0.6987569332122803,1,ham10000,ISIC_0024793,nv,HAM_0000996
0,0.44483304023742676,1,ham10000,ISIC_0030385,nv,HAM_0000997
1,0.8099583983421326,1,ham10000,ISIC_0027544,bcc,HAM_0000998
0,0.4966467618942261,1,ham10000,ISIC_0026567,bkl,HAM_0000999
0,0.3143378496170044,1,ham10000,ISIC_0033353,nv,HAM_0001000
0,0.30268025398254395,1,ham10000,ISIC_0026852,nv,HAM_0001001
0,0.6904371976852417,1,ham10000,ISIC_0026348,nv,HAM_0001002
0,0.5304332971572876,1,ham10000,ISIC_0028629,nv,HAM_0001003
1,0.5777453184127808,1,ham10000,ISIC_0024923,akiec,HAM_0001004
0,0.4094247817993164,1,ham10000,ISIC_0028058,nv,HAM_0001005
0,0.2840597927570343,1,ham10000,ISIC_0027602,nv,HAM_0001006
0,0.17890571057796478,0,ham10000,ISIC_0031758,nv,HAM_0001007
0,0.42188239097595215,1,ham10000,ISIC_0031898,nv,HAM_0001008
0,0.572583019733429,1,ham10000,ISIC_0029401,nv,HAM_0001009
0,0.23233990371227264,1,ham10000,ISIC_0026170,nv,HAM_0001010
0,0.3617292642593384,1,ham10000,ISIC_0027202,bkl,HAM_0001011
0,0.608627200126648,1,ham10000,ISIC_0031867,nv,HAM_0001012
0,0.46139129996299744,1,ham10000,ISIC_0031533,nv,HAM_0001013
0,0.5806849002838135,1,ham10000,ISIC_0031278,nv,HAM_0001014
0,0.2929365634918213,1,ham10000,ISIC_0028833,nv,HAM_0001015
0,0.5284873843193054,1,ham10000,ISIC_0028845,nv,HAM_0001016
0,0.5804048180580139,1,ham10000,ISIC_0024507,nv,HAM_0001017
1,0.7287359237670898,1,ham10000,ISIC_0027090,bcc,HAM_0001018
0,0.4968445301055908,1,ham10000,ISIC_0026377,nv,HAM_0001019
0,0.7230550646781921,1,ham10000,ISIC_0030912,nv,HAM_0001020
0,0.5042234659194946,1,ham10000,ISIC_0031332,nv,HAM_0001021
0,0.7244657874107361,1,ham10000,ISIC_0026414,nv,HAM_0001022
1,0.24577461183071136,1,ham10000,ISIC_0026468,akiec,HAM_0001023
0,0.47019821405410767,1,ham10000,ISIC_0027192,bkl,HAM_0001024
0,0.12554648518562317,0,ham10000,ISIC_0030891,nv,HAM_0001025
0,0.3984335958957672,1,ham10000,ISIC_0033743,nv,HAM_0001026
0,0.5279645919799805,1,ham10000,ISIC_0026455,nv,HAM_0001027
0,0.3852406144142151,1,ham10000,ISIC_0031220,nv,HAM_0001028
0,0.20046943426132202,0,ham10000,ISIC_0024384,nv,HAM_0001029
0,0.4959140419960022,1,ham10000,ISIC_0027363,nv,HAM_0001030
0,0.7285382151603699,1,ham10000,ISIC_0030626,nv,HAM_0001031
0,0.27263563871383667,1,ham10000,ISIC_0028321,nv,HAM_0001032
0,0.19401511549949646,0,ham10000,ISIC_0031658,nv,HAM_0001033
0,0.09551823884248734,0,ham10000,ISIC_0026691,nv,HAM_0001034
0,0.1772552728652954,0,ham10000,ISIC_0026129,nv,HAM_0001035
1,0.6334028244018555,1,ham10000,ISIC_0027588,akiec,HAM_0001036
0,0.6810767650604248,1,ham10000,ISIC_0031645,nv,HAM_0001037
0,0.15592996776103973,0,ham10000,ISIC_0024706,vasc,HAM_0001038
0,0.3032466471195221,1,ham10000,ISIC_0026356,nv,HAM_0001039
0,0.6904423236846924,1,ham10000,ISIC_0032747,nv,HAM_0001040
0,0.7100329399108887,1,ham10000,ISIC_0026886,nv,HAM_0001041
0,0.45593327283859253,1,ham10000,ISIC_0025246,nv,HAM_0001042
0,0.39968371391296387,1,ham10000,ISIC_0026035,nv,HAM_0001043
0,0.08048377931118011,0,ham10000,ISIC_0027322,nv,HAM_0001044
0,0.11052583158016205,0,ham10000,ISIC_0024605,nv,HAM_0001045
0,0.5696757435798645,1,ham10000,ISIC_0032951,nv,HAM_0001046
0,0.4121725261211395,1,ham10000,ISIC_0028853,nv,HAM_0001047
1,0.24964407086372375,1,ham10000,ISIC_0026525,akiec,HAM_0001048
0,0.3302557170391083,1,ham10000,ISIC_0027703,nv,HAM_0001049
0,0.11273326724767685,0,ham10000,ISIC_0030317,nv,HAM_0001050
0,0.23469527065753937,1,ham10000,ISIC_0024686,nv,HAM_0001051
0,0.6195838451385498,1,ham10000,ISIC_0031053,nv,HAM_0001052
0,0.6400613188743591,1,ham10000,ISIC_0030998,bkl,HAM_0001053
0,0.20859608054161072,0,ham10000,ISIC_0029006,nv,HAM_0001054
0,0.6785435080528259,1,ham10000,ISIC_0028120,bkl,HAM_0001055
0,0.21869660913944244,1,ham10000,ISIC_0025329,nv,HAM_0001056
0,0.6921106576919556,1,ham10000,ISIC_0024381,bkl,HAM_0001057
0,0.6371633410453796,1,ham10000,ISIC_0024716,nv,HAM_0001058
0,0.14247244596481323,0,ham10000,ISIC_0029282,nv,HAM_0001059
0,0.3244767189025879,1,ham10000,ISIC_0024405,nv,HAM_0001060
0,0.5107018351554871,1,ham10000,ISIC_0029526,nv,HAM_0001061
0,0.29962119460105896,1,ham10000,ISIC_0027710,bkl,HAM_0001062
0,0.5423074960708618,1,ham10000,ISIC_0027180,nv,HAM_0001063
0,0.31443163752555847,1,ham10000,ISIC_0031797,nv,HAM_0001064
0,0.37733858823776245,1,ham10000,ISIC_0030035,nv,HAM_0001065
0,0.32237812876701355,1,ham10000,ISIC_0028949,nv,HAM_0001066
0,0.5885596871376038,1,ham10000,ISIC_0028813,nv,HAM_0001067
0,0.455188512802124,1,ham10000,ISIC_0029365,nv,HAM_0001068
1,0.4978899359703064,1,ham10000,ISIC_0028898,mel,HAM_0001069
0,0.4018199145793915,1,ham10000,ISIC_0027499,nv,HAM_0001070
0,0.6009867787361145,1,ham10000,ISIC_0027570,nv,HAM_0001071
0,0.47265663743019104,1,ham10000,ISIC_0026041,nv,HAM_0001072
0,0.5366132855415344,1,ham10000,ISIC_0027990,bkl,HAM_0001073
0,0.41280415654182434,1,ham10000,ISIC_0030764,nv,HAM_0001074
0,0.5444157719612122,1,ham10000,ISIC_0028743,nv,HAM_0001075
0,0.6146498322486877,1,ham10000,ISIC_0032646,nv,HAM_0001076
0,0.3849070072174072,1,ham10000,ISIC_0025846,nv,HAM_0001077
1,0.5742112398147583,1,ham10000,ISIC_0027851,bcc,HAM_0001078
0,0.5078535079956055,1,ham10000,ISIC_0031371,nv,HAM_0001079
0,0.5276660323143005,1,ham10000,ISIC_0028762,nv,HAM_0001080
0,0.3933773934841156,1,ham10000,ISIC_0026278,nv,HAM_0001081
0,0.662510097026825,1,ham10000,ISIC_0024696,bkl,HAM_0001082
0,0.5617839694023132,1,ham10000,ISIC_0025540,nv,HAM_0001083
0,0.4992656707763672,1,ham10000,ISIC_0030946,nv,HAM_0001084
0,0.4628264904022217,1,ham10000,ISIC_0025919,nv,HAM_0001085
0,0.39624515175819397,1,ham10000,ISIC_0030499,nv,HAM_0001086
0,0.5765766501426697,1,ham10000,ISIC_0031785,nv,HAM_0001087
0,0.5233127474784851,1,ham10000,ISIC_0031959,nv,HAM_0001088
0,0.4924183189868927,1,ham10000,ISIC_0029941,nv,HAM_0001089
0,0.5043113827705383,1,ham10000,ISIC_0031207,nv,HAM_0001090
0,0.5042807459831238,1,ham10000,ISIC_0031955,vasc,HAM_0001091
0,0.25519439578056335,1,ham10000,ISIC_0031962,nv,HAM_0001092
0,0.34358978271484375,1,ham10000,ISIC_0032198,nv,HAM_0001093
0,0.48120543360710144,1,ham10000,ISIC_0031150,bkl,HAM_0001094
1,0.37674131989479065,1,ham10000,ISIC_0026647,mel,HAM_0001095
0,0.18347784876823425,0,ham10000,ISIC_0026932,nv,HAM_0001096
0,0.6839760541915894,1,ham10000,ISIC_0032950,nv,HAM_0001097
0,0.3687295913696289,1,ham10000,ISIC_0024671,nv,HAM_0001098
0,0.4698074162006378,1,ham10000,ISIC_0027955,nv,HAM_0001099
0,0.6110858917236328,1,ham10000,ISIC_0028194,nv,HAM_0001100
0,0.6007391810417175,1,ham10000,ISIC_0030621,nv,HAM_0001101
0,0.49530234932899475,1,ham10000,ISIC_0029903,nv,HAM_0001102
0,0.5486499071121216,1,ham10000,ISIC_0030918,nv,HAM_0001103
0,0.696429967880249,1,ham10000,ISIC_0027183,nv,HAM_0001104
1,0.5210705399513245,1,ham10000,ISIC_0025592,mel,HAM_0001105
0,0.39851853251457214,1,ham10000,ISIC_0033225,nv,HAM_0001106
0,0.5367608070373535,1,ham10000,ISIC_0027644,nv,HAM_0001107
0,0.5582519173622131,1,ham10000,ISIC_0027313,nv,HAM_0001108
0,0.5697039365768433,1,ham10000,ISIC_0027636,nv,HAM_0001109
0,0.2021069973707199,0,ham10000,ISIC_0024413,nv,HAM_0001110
0,0.6302289366722107,1,ham10000,ISIC_0026209,nv,HAM_0001111
0,0.47808176279067993,1,ham10000,ISIC_0024359,nv,HAM_0001112
1,0.6544533967971802,1,ham10000,ISIC_0031900,mel,HAM_0001113
0,0.496174156665802,1,ham10000,ISIC_0031260,nv,HAM_0001114
0,0.2593861520290375,1,ham10000,ISIC_0024778,nv,HAM_0001115
0,0.4672131836414337,1,ham10000,ISIC_0028601,nv,HAM_0001116
0,0.5005415081977844,1,ham10000,ISIC_0027411,nv,HAM_0001117
0,0.21240058541297913,0,ham10000,ISIC_0033332,nv,HAM_0001118
0,0.5108110904693604,1,ham10000,ISIC_0025726,nv,HAM_0001120
0,0.3074965178966522,1,ham10000,ISIC_0024788,nv,HAM_0001121
0,0.2482311725616455,1,ham10000,ISIC_0030104,vasc,HAM_0001122
0,0.2357644885778427,1,ham10000,ISIC_0027554,nv,HAM_0001123
0,0.3076379895210266,1,ham10000,ISIC_0026587,nv,HAM_0001124
0,0.6205172538757324,1,ham10000,ISIC_0024827,nv,HAM_0001125
0,0.4945238530635834,1,ham10000,ISIC_0025123,nv,HAM_0001126
0,0.3403141498565674,1,ham10000,ISIC_0029307,nv,HAM_0001127
0,0.12077264487743378,0,ham10000,ISIC_0029444,nv,HAM_0001128
1,0.12928317487239838,0,ham10000,ISIC_0030352,bcc,HAM_0001129
0,0.6325457692146301,1,ham10000,ISIC_0024694,nv,HAM_0001130
0,0.435511976480484,1,ham10000,ISIC_0029601,nv,HAM_0001131
0,0.23162928223609924,1,ham10000,ISIC_0031562,nv,HAM_0001132
0,0.26430779695510864,1,ham10000,ISIC_0032980,nv,HAM_0001133
0,0.654927134513855,1,ham10000,ISIC_0026913,nv,HAM_0001134
1,0.45084667205810547,1,ham10000,ISIC_0033152,mel,HAM_0001135
0,0.6093922853469849,1,ham10000,ISIC_0031848,nv,HAM_0001136
0,0.5006049275398254,1,ham10000,ISIC_0029359,nv,HAM_0001137
1,0.4672367572784424,1,ham10000,ISIC_0032768,bcc,HAM_0001138
0,0.5095900297164917,1,ham10000,ISIC_0033028,nv,HAM_0001139
0,0.20938177406787872,0,ham10000,ISIC_0024884,nv,HAM_0001140
0,0.5237923860549927,1,ham10000,ISIC_0028918,nv,HAM_0001141
0,0.24230919778347015,1,ham10000,ISIC_0024503,nv,HAM_0001142
1,0.7910443544387817,1,ham10000,ISIC_0033426,mel,HAM_0001143
0,0.47239866852760315,1,ham10000,ISIC_0030673,nv,HAM_0001144
0,0.5128724575042725,1,ham10000,ISIC_0030400,nv,HAM_0001145
0,0.45833808183670044,1,ham10000,ISIC_0032480,nv,HAM_0001146
0,0.44642215967178345,1,ham10000,ISIC_0033375,nv,HAM_0001147
0,0.5757188200950623,1,ham10000,ISIC_0030103,nv,HAM_0001148
0,0.276252418756485,1,ham10000,ISIC_0028924,nv,HAM_0001149
1,0.7788175940513611,1,ham10000,ISIC_0030486,mel,HAM_0001150
0,0.44047197699546814,1,ham10000,ISIC_0024649,nv,HAM_0001151
1,0.7093228697776794,1,ham10000,ISIC_0030133,akiec,HAM_0001152
0,0.4385949969291687,1,ham10000,ISIC_0025849,nv,HAM_0001153
0,0.5109884738922119,1,ham10000,ISIC_0025013,nv,HAM_0001154
1,0.556734561920166,1,ham10000,ISIC_0032987,mel,HAM_0001155
0,0.3927595913410187,1,ham10000,ISIC_0030811,nv,HAM_0001156
0,0.7293409109115601,1,ham10000,ISIC_0027423,nv,HAM_0001157
0,0.41710081696510315,1,ham10000,ISIC_0025022,nv,HAM_0001158
0,0.4033520221710205,1,ham10000,ISIC_0026533,nv,HAM_0001159
0,0.5478460192680359,1,ham10000,ISIC_0024340,nv,HAM_0001160
0,0.45466533303260803,1,ham10000,ISIC_0028691,nv,HAM_0001161
0,0.4945235550403595,1,ham10000,ISIC_0029211,nv,HAM_0001162
0,0.2768614590167999,1,ham10000,ISIC_0028997,nv,HAM_0001163
0,0.6293511986732483,1,ham10000,ISIC_0027118,df,HAM_0001164
0,0.34768134355545044,1,ham10000,ISIC_0030199,nv,HAM_0001165
0,0.4584415853023529,1,ham10000,ISIC_0026851,nv,HAM_0001166
0,0.2292369306087494,1,ham10000,ISIC_0028448,bkl,HAM_0001167
0,0.5510950684547424,1,ham10000,ISIC_0024803,nv,HAM_0001168
0,0.53717440366745,1,ham10000,ISIC_0029328,nv,HAM_0001169
0,0.504676103591919,1,ham10000,ISIC_0032202,nv,HAM_0001170
0,0.3321227431297302,1,ham10000,ISIC_0032346,nv,HAM_0001171
0,0.3367583751678467,1,ham10000,ISIC_0024821,nv,HAM_0001172
1,0.2787961959838867,1,ham10000,ISIC_0030827,akiec,HAM_0001173
1,0.7297178506851196,1,ham10000,ISIC_0033027,mel,HAM_0001174
0,0.5148134231567383,1,ham10000,ISIC_0033191,nv,HAM_0001175
1,0.37929466366767883,1,ham10000,ISIC_0028644,akiec,HAM_0001176
0,0.6482969522476196,1,ham10000,ISIC_0025154,df,HAM_0001177
1,0.7503215074539185,1,ham10000,ISIC_0031570,akiec,HAM_0001178
0,0.33807265758514404,1,ham10000,ISIC_0029928,nv,HAM_0001179
0,0.2912534475326538,1,ham10000,ISIC_0029303,nv,HAM_0001180
0,0.33528321981430054,1,ham10000,ISIC_0030409,nv,HAM_0001181
0,0.41581034660339355,1,ham10000,ISIC_0029361,nv,HAM_0001182
1,0.8006027340888977,1,ham10000,ISIC_0027846,bcc,HAM_0001183
0,0.3377605676651001,1,ham10000,ISIC_0028330,nv,HAM_0001184
0,0.3300899565219879,1,ham10000,ISIC_0029063,nv,HAM_0001185
0,0.8276193141937256,1,ham10000,ISIC_0033391,bkl,HAM_0001186
0,0.24352210760116577,1,ham10000,ISIC_0027914,nv,HAM_0001187
0,0.4856174886226654,1,ham10000,ISIC_0032162,nv,HAM_0001188
0,0.2272767871618271,1,ham10000,ISIC_0029777,nv,HAM_0001189
0,0.2660295069217682,1,ham10000,ISIC_0026071,nv,HAM_0001190
0,0.45493853092193604,1,ham10000,ISIC_0028452,nv,HAM_0001191
0,0.5744165182113647,1,ham10000,ISIC_0031546,nv,HAM_0001192
0,0.11690514534711838,0,ham10000,ISIC_0029125,nv,HAM_0001193
0,0.28187334537506104,1,ham10000,ISIC_0028991,nv,HAM_0001194
0,0.4331510663032532,1,ham10000,ISIC_0031161,nv,HAM_0001195
0,0.0808684378862381,0,ham10000,ISIC_0028088,nv,HAM_0001196
0,0.09793967008590698,0,ham10000,ISIC_0031420,nv,HAM_0001197
0,0.2692020833492279,1,ham10000,ISIC_0025441,nv,HAM_0001198
0,0.3013320863246918,1,ham10000,ISIC_0025802,nv,HAM_0001199
0,0.7967103123664856,1,ham10000,ISIC_0025716,bkl,HAM_0001200
0,0.14632023870944977,0,ham10000,ISIC_0024691,nv,HAM_0001201
1,0.7806922793388367,1,ham10000,ISIC_0028022,mel,HAM_0001202
1,0.5758169889450073,1,ham10000,ISIC_0025081,mel,HAM_0001203
0,0.515183687210083,1,ham10000,ISIC_0030185,nv,HAM_0001204
0,0.216456338763237,0,ham10000,ISIC_0025034,nv,HAM_0001205
0,0.35379940271377563,1,ham10000,ISIC_0031320,nv,HAM_0001206
0,0.5871462821960449,1,ham10000,ISIC_0032436,nv,HAM_0001207
0,0.4349778890609741,1,ham10000,ISIC_0026047,nv,HAM_0001208
0,0.5873759388923645,1,ham10000,ISIC_0033064,nv,HAM_0001209
0,0.5154026746749878,1,ham10000,ISIC_0025841,nv,HAM_0001210
0,0.5164911150932312,1,ham10000,ISIC_0033781,nv,HAM_0001211
0,0.7449138164520264,1,ham10000,ISIC_0024846,nv,HAM_0001212
0,0.29210662841796875,1,ham10000,ISIC_0026731,nv,HAM_0001213
1,0.818409264087677,1,ham10000,ISIC_0025439,mel,HAM_0001214
1,0.7198566198348999,1,ham10000,ISIC_0025260,bcc,HAM_0001215
0,0.5062628388404846,1,ham10000,ISIC_0026499,nv,HAM_0001216
0,0.6105348467826843,1,ham10000,ISIC_0032864,nv,HAM_0001218
1,0.46301981806755066,1,ham10000,ISIC_0028335,akiec,HAM_0001219
0,0.5363896489143372,1,ham10000,ISIC_0027931,nv,HAM_0001220
0,0.692389965057373,1,ham10000,ISIC_0026637,bkl,HAM_0001221
0,0.48677968978881836,1,ham10000,ISIC_0029916,nv,HAM_0001222
0,0.6688054203987122,1,ham10000,ISIC_0030789,bkl,HAM_0001223
0,0.23929831385612488,1,ham10000,ISIC_0030777,nv,HAM_0001224
0,0.43136125802993774,1,ham10000,ISIC_0025977,nv,HAM_0001225
0,0.7097377777099609,1,ham10000,ISIC_0030636,bkl,HAM_0001226
0,0.3826799690723419,1,ham10000,ISIC_0032210,nv,HAM_0001227
0,0.3155064880847931,1,ham10000,ISIC_0031717,nv,HAM_0001228
0,0.08966043591499329,0,ham10000,ISIC_0032401,nv,HAM_0001229
0,0.7674853801727295,1,ham10000,ISIC_0025295,nv,HAM_0001230
0,0.3404950201511383,1,ham10000,ISIC_0025878,nv,HAM_0001231
0,0.17420613765716553,0,ham10000,ISIC_0026614,bkl,HAM_0001232
0,0.13291767239570618,0,ham10000,ISIC_0029110,nv,HAM_0001233
1,0.7266227006912231,1,ham10000,ISIC_0031940,akiec,HAM_0001234
0,0.09756795316934586,0,ham10000,ISIC_0024530,nv,HAM_0001235
0,0.6462637186050415,1,ham10000,ISIC_0030615,nv,HAM_0001236
1,0.5693923234939575,1,ham10000,ISIC_0029680,bcc,HAM_0001237
0,0.17284859716892242,0,ham10000,ISIC_0032409,vasc,HAM_0001238
1,0.7396095991134644,1,ham10000,ISIC_0031640,bcc,HAM_0001239
0,0.15157495439052582,0,ham10000,ISIC_0026871,bkl,HAM_0001240
0,0.3130698502063751,1,ham10000,ISIC_0031461,nv,HAM_0001241
0,0.6061419248580933,1,ham10000,ISIC_0025988,nv,HAM_0001242
1,0.6938833594322205,1,ham10000,ISIC_0033747,bcc,HAM_0001243
0,0.41243183612823486,1,ham10000,ISIC_0030530,nv,HAM_0001244
0,0.4194360673427582,1,ham10000,ISIC_0025575,bkl,HAM_0001245
0,0.6890838146209717,1,ham10000,ISIC_0032822,nv,HAM_0001246
0,0.4236030578613281,1,ham10000,ISIC_0024557,nv,HAM_0001247
0,0.6729352474212646,1,ham10000,ISIC_0025177,nv,HAM_0001248
0,0.4951322674751282,1,ham10000,ISIC_0033817,vasc,HAM_0001249
0,0.11373426020145416,0,ham10000,ISIC_0026972,nv,HAM_0001251
0,0.25812071561813354,1,ham10000,ISIC_0026284,nv,HAM_0001252
0,0.4815892279148102,1,ham10000,ISIC_0025704,nv,HAM_0001253
0,0.23388829827308655,1,ham10000,ISIC_0030987,nv,HAM_0001254
0,0.5161890983581543,1,ham10000,ISIC_0030948,nv,HAM_0001255
0,0.2659723460674286,1,ham10000,ISIC_0025997,nv,HAM_0001256
0,0.29445862770080566,1,ham10000,ISIC_0024614,nv,HAM_0001257
1,0.6913036704063416,1,ham10000,ISIC_0025331,akiec,HAM_0001258
0,0.6316325068473816,1,ham10000,ISIC_0028252,nv,HAM_0001259
0,0.35004132986068726,1,ham10000,ISIC_0024421,nv,HAM_0001260
0,0.4359350800514221,1,ham10000,ISIC_0025332,nv,HAM_0001261
0,0.18728801608085632,0,ham10000,ISIC_0026677,nv,HAM_0001262
0,0.58501136302948,1,ham10000,ISIC_0031463,nv,HAM_0001263
0,0.650347888469696,1,ham10000,ISIC_0032838,nv,HAM_0001264
0,0.3894321918487549,1,ham10000,ISIC_0025061,nv,HAM_0001265
1,0.670422375202179,1,ham10000,ISIC_0029909,mel,HAM_0001266
0,0.5113859176635742,1,ham10000,ISIC_0030454,nv,HAM_0001267
0,0.20943300426006317,0,ham10000,ISIC_0025535,nv,HAM_0001268
0,0.628113865852356,1,ham10000,ISIC_0027582,nv,HAM_0001269
0,0.41112130880355835,1,ham10000,ISIC_0031935,nv,HAM_0001270
0,0.37829068303108215,1,ham10000,ISIC_0030949,nv,HAM_0001271
1,0.7153177261352539,1,ham10000,ISIC_0029265,mel,HAM_0001272
0,0.7216758728027344,1,ham10000,ISIC_0027806,bkl,HAM_0001273
1,0.6111193299293518,1,ham10000,ISIC_0032462,mel,HAM_0001274
0,0.2375817596912384,1,ham10000,ISIC_0025495,nv,HAM_0001275
0,0.7322375178337097,1,ham10000,ISIC_0031948,nv,HAM_0001276
1,0.6658191084861755,1,ham10000,ISIC_0031927,akiec,HAM_0001277
0,0.3950301706790924,1,ham10000,ISIC_0024527,nv,HAM_0001278
0,0.651370644569397,1,ham10000,ISIC_0025855,nv,HAM_0001279
1,0.7026523351669312,1,ham10000,ISIC_0033704,mel,HAM_0001280
0,0.39004966616630554,1,ham10000,ISIC_0027048,nv,HAM_0001281
0,0.3537418246269226,1,ham10000,ISIC_0028269,nv,HAM_0001282
1,0.8788607120513916,1,ham10000,ISIC_0026845,bcc,HAM_0001283
1,0.6443009972572327,1,ham10000,ISIC_0024972,mel,HAM_0001284
0,0.48858341574668884,1,ham10000,ISIC_0031553,nv,HAM_0001285
0,0.5662188529968262,1,ham10000,ISIC_0031846,nv,HAM_0001286
0,0.435591459274292,1,ham10000,ISIC_0024535,nv,HAM_0001287
0,0.32464271783828735,1,ham10000,ISIC_0029757,nv,HAM_0001288
0,0.3341161608695984,1,ham10000,ISIC_0026725,nv,HAM_0001289
0,0.44405272603034973,1,ham10000,ISIC_0032263,nv,HAM_0001290
0,0.27083489298820496,1,ham10000,ISIC_0024613,nv,HAM_0001291
0,0.5639253854751587,1,ham10000,ISIC_0027094,bkl,HAM_0001292
0,0.14533878862857819,0,ham10000,ISIC_0030062,nv,HAM_0001293
0,0.6262344121932983,1,ham10000,ISIC_0028124,bkl,HAM_0001294
0,0.5102582573890686,1,ham10000,ISIC_0024703,nv,HAM_0001295
1,0.7005155682563782,1,ham10000,ISIC_0028316,bcc,HAM_0001296
0,0.6885335445404053,1,ham10000,ISIC_0030135,nv,HAM_0001297
0,0.3822603225708008,1,ham10000,ISIC_0024731,nv,HAM_0001298
1,0.6944191455841064,1,ham10000,ISIC_0026545,mel,HAM_0001299
0,0.11691899597644806,0,ham10000,ISIC_0029497,nv,HAM_0001300
1,0.6910263299942017,1,ham10000,ISIC_0032307,bcc,HAM_0001301
1,0.7417204976081848,1,ham10000,ISIC_0032206,akiec,HAM_0001302
0,0.09143966436386108,0,ham10000,ISIC_0028753,nv,HAM_0001303
0,0.47222378849983215,1,ham10000,ISIC_0028328,nv,HAM_0001304
0,0.2873634994029999,1,ham10000,ISIC_0030887,nv,HAM_0001305
0,0.5834631323814392,1,ham10000,ISIC_0026603,nv,HAM_0001306
0,0.3430401682853699,1,ham10000,ISIC_0025041,nv,HAM_0001307
0,0.4238613545894623,1,ham10000,ISIC_0025740,nv,HAM_0001308
0,0.49680769443511963,1,ham10000,ISIC_0032876,bkl,HAM_0001309
0,0.6539623737335205,1,ham10000,ISIC_0027820,bkl,HAM_0001310
0,0.5055226683616638,1,ham10000,ISIC_0031544,nv,HAM_0001311
0,0.39381855726242065,1,ham10000,ISIC_0024871,bkl,HAM_0001312
0,0.7700223326683044,1,ham10000,ISIC_0025562,nv,HAM_0001313
0,0.46164390444755554,1,ham10000,ISIC_0029675,nv,HAM_0001314
0,0.6148908138275146,1,ham10000,ISIC_0031628,nv,HAM_0001315
0,0.6457319855690002,1,ham10000,ISIC_0031660,nv,HAM_0001316
0,0.5594924688339233,1,ham10000,ISIC_0027995,nv,HAM_0001317
0,0.48312118649482727,1,ham10000,ISIC_0028305,nv,HAM_0001318
0,0.6483214497566223,1,ham10000,ISIC_0026053,nv,HAM_0001319
0,0.5798428654670715,1,ham10000,ISIC_0028638,nv,HAM_0001320
0,0.6820740103721619,1,ham10000,ISIC_0032831,nv,HAM_0001321
0,0.3676109313964844,1,ham10000,ISIC_0028962,nv,HAM_0001322
0,0.507314920425415,1,ham10000,ISIC_0032087,nv,HAM_0001323
0,0.22345533967018127,1,ham10000,ISIC_0028435,nv,HAM_0001324
0,0.6767777800559998,1,ham10000,ISIC_0030522,bkl,HAM_0001325
1,0.802111804485321,1,ham10000,ISIC_0030145,bcc,HAM_0001326
0,0.49687355756759644,1,ham10000,ISIC_0032489,nv,HAM_0001327
1,0.7699752449989319,1,ham10000,ISIC_0028442,mel,HAM_0001328
0,0.3123587369918823,1,ham10000,ISIC_0029650,nv,HAM_0001329
0,0.5015715956687927,1,ham10000,ISIC_0026818,nv,HAM_0001330
1,0.7711624503135681,1,ham10000,ISIC_0025824,bcc,HAM_0001331
0,0.26616963744163513,1,ham10000,ISIC_0026953,nv,HAM_0001332
0,0.4485514461994171,1,ham10000,ISIC_0028948,nv,HAM_0001333
0,0.3291037976741791,1,ham10000,ISIC_0030328,nv,HAM_0001334
0,0.41601625084877014,1,ham10000,ISIC_0026555,nv,HAM_0001335
0,0.7028180956840515,1,ham10000,ISIC_0028935,nv,HAM_0001336
1,0.8390312790870667,1,ham10000,ISIC_0032455,akiec,HAM_0001337
0,0.4011012017726898,1,ham10000,ISIC_0028428,nv,HAM_0001338
0,0.3166671693325043,1,ham10000,ISIC_0026201,nv,HAM_0001339
0,0.24151550233364105,1,ham10000,ISIC_0025290,nv,HAM_0001340
0,0.4685918092727661,1,ham10000,ISIC_0025191,nv,HAM_0001341
0,0.7208003401756287,1,ham10000,ISIC_0029366,nv,HAM_0001342
1,0.7291946411132812,1,ham10000,ISIC_0032687,mel,HAM_0001344
0,0.5000683665275574,1,ham10000,ISIC_0028407,nv,HAM_0001345
0,0.1344890296459198,0,ham10000,ISIC_0026928,nv,HAM_0001346
0,0.45331212878227234,1,ham10000,ISIC_0025181,nv,HAM_0001347
0,0.3701058030128479,1,ham10000,ISIC_0028259,nv,HAM_0001348
1,0.37616413831710815,1,ham10000,ISIC_0024351,mel,HAM_0001349
0,0.2747091054916382,1,ham10000,ISIC_0030221,nv,HAM_0001350
0,0.23292645812034607,1,ham10000,ISIC_0031684,nv,HAM_0001351
0,0.3651021718978882,1,ham10000,ISIC_0029896,nv,HAM_0001352
1,0.5286652445793152,1,ham10000,ISIC_0024886,mel,HAM_0001353
0,0.704646110534668,1,ham10000,ISIC_0033321,bkl,HAM_0001354
0,0.3952067494392395,1,ham10000,ISIC_0028711,nv,HAM_0001355
0,0.27101460099220276,1,ham10000,ISIC_0026333,nv,HAM_0001356
0,0.17500261962413788,0,ham10000,ISIC_0027145,nv,HAM_0001357
0,0.6945390701293945,1,ham10000,ISIC_0032680,nv,HAM_0001358
0,0.6506110429763794,1,ham10000,ISIC_0024312,bkl,HAM_0001359
0,0.34046030044555664,1,ham10000,ISIC_0029965,nv,HAM_0001360
0,0.5606382489204407,1,ham10000,ISIC_0026076,nv,HAM_0001361
0,0.731170117855072,1,ham10000,ISIC_0025838,bkl,HAM_0001362
0,0.31285813450813293,1,ham10000,ISIC_0026900,nv,HAM_0001363
0,0.1899144947528839,0,ham10000,ISIC_0029510,nv,HAM_0001364
0,0.357348769903183,1,ham10000,ISIC_0026307,nv,HAM_0001365
0,0.15181253850460052,0,ham10000,ISIC_0032814,nv,HAM_0001366
0,0.38815736770629883,1,ham10000,ISIC_0029239,nv,HAM_0001367
0,0.5627133250236511,1,ham10000,ISIC_0029445,nv,HAM_0001368
1,0.5784050822257996,1,ham10000,ISIC_0026957,bcc,HAM_0001369
0,0.4054483473300934,1,ham10000,ISIC_0030257,nv,HAM_0001370
0,0.1440366804599762,0,ham10000,ISIC_0029322,nv,HAM_0001371
0,0.08186352998018265,0,ham10000,ISIC_0031103,vasc,HAM_0001372
0,0.20300453901290894,0,ham10000,ISIC_0029999,nv,HAM_0001373
0,0.4628167748451233,1,ham10000,ISIC_0029946,nv,HAM_0001374
0,0.027473684400320053,0,ham10000,ISIC_0026238,nv,HAM_0001375
0,0.4670102298259735,1,ham10000,ISIC_0031437,nv,HAM_0001376
0,0.41787225008010864,1,ham10000,ISIC_0030054,nv,HAM_0001377
1,0.7191246747970581,1,ham10000,ISIC_0025313,mel,HAM_0001378
0,0.319623202085495,1,ham10000,ISIC_0030618,nv,HAM_0001379
0,0.27791693806648254,1,ham10000,ISIC_0031568,nv,HAM_0001380
0,0.6161306500434875,1,ham10000,ISIC_0028870,nv,HAM_0001381
0,0.5914901494979858,1,ham10000,ISIC_0028922,nv,HAM_0001382
1,0.7537975311279297,1,ham10000,ISIC_0027700,akiec,HAM_0001383
0,0.5742365121841431,1,ham10000,ISIC_0033397,bkl,HAM_0001384
0,0.6564420461654663,1,ham10000,ISIC_0033212,bkl,HAM_0001385
1,0.45188623666763306,1,ham10000,ISIC_0027668,akiec,HAM_0001386
0,0.5773698091506958,1,ham10000,ISIC_0024879,nv,HAM_0001387
1,0.4534948468208313,1,ham10000,ISIC_0032225,bcc,HAM_0001388
0,0.7157776951789856,1,ham10000,ISIC_0026775,bkl,HAM_0001389
1,0.6326727271080017,1,ham10000,ISIC_0024411,bcc,HAM_0001390
0,0.5657588243484497,1,ham10000,ISIC_0024584,nv,HAM_0001391
0,0.3844236731529236,1,ham10000,ISIC_0030411,nv,HAM_0001392
0,0.5762670040130615,1,ham10000,ISIC_0027418,nv,HAM_0001393
0,0.5393773913383484,1,ham10000,ISIC_0031864,nv,HAM_0001394
0,0.057378027588129044,0,ham10000,ISIC_0031818,nv,HAM_0001395
0,0.7971693277359009,1,ham10000,ISIC_0025276,bkl,HAM_0001396
1,0.6815071702003479,1,ham10000,ISIC_0026796,mel,HAM_0001397
0,0.3641912043094635,1,ham10000,ISIC_0027934,nv,HAM_0001398
0,0.14976482093334198,0,ham10000,ISIC_0030207,bkl,HAM_0001399
0,0.6632283926010132,1,ham10000,ISIC_0033059,nv,HAM_0001400
0,0.46875694394111633,1,ham10000,ISIC_0031729,nv,HAM_0001401
0,0.3786153197288513,1,ham10000,ISIC_0031558,bkl,HAM_0001402
0,0.20953242480754852,0,ham10000,ISIC_0025852,nv,HAM_0001403
0,0.14670954644680023,0,ham10000,ISIC_0028533,nv,HAM_0001404
0,0.638053297996521,1,ham10000,ISIC_0033033,nv,HAM_0001405
0,0.48613467812538147,1,ham10000,ISIC_0026592,nv,HAM_0001406
0,0.4340544641017914,1,ham10000,ISIC_0025931,nv,HAM_0001407
0,0.336345374584198,1,ham10000,ISIC_0031004,nv,HAM_0001408
1,0.6737359762191772,1,ham10000,ISIC_0026188,mel,HAM_0001409
0,0.40138009190559387,1,ham10000,ISIC_0024830,nv,HAM_0001410
0,0.3429505228996277,1,ham10000,ISIC_0027869,nv,HAM_0001411
1,0.7090936899185181,1,ham10000,ISIC_0033678,mel,HAM_0001412
0,0.38001012802124023,1,ham10000,ISIC_0032104,nv,HAM_0001413
0,0.5609524250030518,1,ham10000,ISIC_0024473,nv,HAM_0001414
1,0.525730311870575,1,ham10000,ISIC_0025019,bcc,HAM_0001415
1,0.8176756501197815,1,ham10000,ISIC_0025427,akiec,HAM_0001416
0,0.7196258306503296,1,ham10000,ISIC_0027533,bkl,HAM_0001417
0,0.6258842945098877,1,ham10000,ISIC_0025062,nv,HAM_0001418
0,0.4593527913093567,1,ham10000,ISIC_0024892,nv,HAM_0001419
0,0.22463417053222656,1,ham10000,ISIC_0025544,nv,HAM_0001420
0,0.1302880495786667,0,ham10000,ISIC_0027586,nv,HAM_0001421
0,0.504345178604126,1,ham10000,ISIC_0029414,nv,HAM_0001422
0,0.5693736672401428,1,ham10000,ISIC_0025454,bkl,HAM_0001423
1,0.279923677444458,1,ham10000,ISIC_0031318,bcc,HAM_0001424
0,0.49795183539390564,1,ham10000,ISIC_0029701,nv,HAM_0001425
0,0.5628785490989685,1,ham10000,ISIC_0029154,nv,HAM_0001426
0,0.5648995637893677,1,ham10000,ISIC_0032163,nv,HAM_0001427
1,0.7652784585952759,1,ham10000,ISIC_0026268,mel,HAM_0001428
0,0.6549999713897705,1,ham10000,ISIC_0027875,bkl,HAM_0001429
0,0.47062867879867554,1,ham10000,ISIC_0031088,bkl,HAM_0001430
0,0.4605269432067871,1,ham10000,ISIC_0028142,nv,HAM_0001431
0,0.5532882809638977,1,ham10000,ISIC_0024393,nv,HAM_0001432
0,0.558826208114624,1,ham10000,ISIC_0033735,nv,HAM_0001433
1,0.5527998208999634,1,ham10000,ISIC_0028568,bcc,HAM_0001434
0,0.6481819152832031,1,ham10000,ISIC_0028970,bkl,HAM_0001435
0,0.4056644141674042,1,ham10000,ISIC_0029128,nv,HAM_0001436
0,0.5287961959838867,1,ham10000,ISIC_0033314,nv,HAM_0001437
0,0.4202477037906647,1,ham10000,ISIC_0030490,nv,HAM_0001438
0,0.10532788932323456,0,ham10000,ISIC_0024442,nv,HAM_0001439
1,0.6928325891494751,1,ham10000,ISIC_0027704,bcc,HAM_0001440
0,0.41442641615867615,1,ham10000,ISIC_0024660,nv,HAM_0001441
0,0.43156683444976807,1,ham10000,ISIC_0034053,nv,HAM_0001442
0,0.32468000054359436,1,ham10000,ISIC_0025804,bkl,HAM_0001443
1,0.7142702341079712,1,ham10000,ISIC_0024688,mel,HAM_0001444
0,0.2933921217918396,1,ham10000,ISIC_0029433,nv,HAM_0001445
1,0.7232906222343445,1,ham10000,ISIC_0026754,mel,HAM_0001446
0,0.18220190703868866,0,ham10000,ISIC_0027247,nv,HAM_0001447
0,0.1611218899488449,0,ham10000,ISIC_0029496,nv,HAM_0001448
0,0.3663322329521179,1,ham10000,ISIC_0028967,nv,HAM_0001449
0,0.663105309009552,1,ham10000,ISIC_0030771,nv,HAM_0001450
0,0.4885016977787018,1,ham10000,ISIC_0029960,nv,HAM_0001451
0,0.7373510003089905,1,ham10000,ISIC_0026402,nv,HAM_0001452
1,0.3780072331428528,1,ham10000,ISIC_0030991,akiec,HAM_0001453
0,0.4758191704750061,1,ham10000,ISIC_0027466,nv,HAM_0001454
0,0.5336488485336304,1,ham10000,ISIC_0031933,nv,HAM_0001455
1,0.5344255566596985,1,ham10000,ISIC_0025835,mel,HAM_0001456
1,0.7316635847091675,1,ham10000,ISIC_0029856,bcc,HAM_0001457
0,0.6426146626472473,1,ham10000,ISIC_0032136,nv,HAM_0001458
0,0.353825181722641,1,ham10000,ISIC_0030529,nv,HAM_0001459
1,0.7883808016777039,1,ham10000,ISIC_0025637,akiec,HAM_0001460
0,0.3497682809829712,1,ham10000,ISIC_0028440,nv,HAM_0001461
0,0.1129966676235199,0,ham10000,ISIC_0026748,nv,HAM_0001462
0,0.30340367555618286,1,ham10000,ISIC_0028040,nv,HAM_0001463
0,0.309815913438797,1,ham10000,ISIC_0028319,nv,HAM_0001464
1,0.7865781784057617,1,ham10000,ISIC_0032699,mel,HAM_0001465
0,0.7377704381942749,1,ham10000,ISIC_0027850,bkl,HAM_0001466
0,0.18537762761116028,0,ham10000,ISIC_0032501,nv,HAM_0001467
0,0.2640061378479004,1,ham10000,ISIC_0024469,nv,HAM_0001468
0,0.5833093523979187,1,ham10000,ISIC_0029289,bkl,HAM_0001469
0,0.5582950115203857,1,ham10000,ISIC_0030361,nv,HAM_0001470
0,0.35049906373023987,1,ham10000,ISIC_0031843,nv,HAM_0001471
0,0.25167909264564514,1,ham10000,ISIC_0024334,nv,HAM_0001472
0,0.7281516194343567,1,ham10000,ISIC_0029022,bkl,HAM_0001473
1,0.792187511920929,1,ham10000,ISIC_0026765,akiec,HAM_0001474
0,0.2132418155670166,0,ham10000,ISIC_0024446,bkl,HAM_0001475
0,0.5418406128883362,1,ham10000,ISIC_0025343,nv,HAM_0001476
0,0.46295711398124695,1,ham10000,ISIC_0024308,nv,HAM_0001477
0,0.4768199622631073,1,ham10000,ISIC_0031689,nv,HAM_0001478
0,0.5292229652404785,1,ham10000,ISIC_0024784,nv,HAM_0001479
0,0.6265842318534851,1,ham10000,ISIC_0026835,bkl,HAM_0001480
0,0.25395262241363525,1,ham10000,ISIC_0028363,nv,HAM_0001481
0,0.30334073305130005,1,ham10000,ISIC_0027691,nv,HAM_0001482
0,0.4744744598865509,1,ham10000,ISIC_0030752,nv,HAM_0001483
0,0.48876309394836426,1,ham10000,ISIC_0032623,nv,HAM_0001484
0,0.3525192141532898,1,ham10000,ISIC_0029853,nv,HAM_0001485
0,0.6412546634674072,1,ham10000,ISIC_0029384,bkl,HAM_0001486
0,0.2623777687549591,1,ham10000,ISIC_0031601,bkl,HAM_0001487
0,0.15723152458667755,0,ham10000,ISIC_0031765,nv,HAM_0001489
0,0.593643307685852,1,ham10000,ISIC_0033176,nv,HAM_0001490
0,0.33924755454063416,1,ham10000,ISIC_0027396,nv,HAM_0001491
0,0.30302345752716064,1,ham10000,ISIC_0025305,nv,HAM_0001492
0,0.8814201951026917,1,ham10000,ISIC_0032373,bkl,HAM_0001493
0,0.5883323550224304,1,ham10000,ISIC_0026621,nv,HAM_0001494
1,0.821056604385376,1,ham10000,ISIC_0024913,akiec,HAM_0001495
0,0.47236642241477966,1,ham10000,ISIC_0028000,nv,HAM_0001496
0,0.7933033108711243,1,ham10000,ISIC_0026608,nv,HAM_0001497
0,0.45184123516082764,1,ham10000,ISIC_0027523,nv,HAM_0001498
1,0.7239630818367004,1,ham10000,ISIC_0031929,akiec,HAM_0001499
0,0.09155526757240295,0,ham10000,ISIC_0025527,nv,HAM_0001500
0,0.35380151867866516,1,ham10000,ISIC_0024397,nv,HAM_0001501
0,0.4771951138973236,1,ham10000,ISIC_0027482,nv,HAM_0001502
1,0.7264766097068787,1,ham10000,ISIC_0025940,bcc,HAM_0001503
0,0.09677048027515411,0,ham10000,ISIC_0025274,nv,HAM_0001504
1,0.695890486240387,1,ham10000,ISIC_0024511,akiec,HAM_0001505
1,0.809985876083374,1,ham10000,ISIC_0033051,mel,HAM_0001506
0,0.6526020169258118,1,ham10000,ISIC_0028362,nv,HAM_0001507
0,0.5550464987754822,1,ham10000,ISIC_0029298,nv,HAM_0001508
0,0.7302867770195007,1,ham10000,ISIC_0033044,nv,HAM_0001509
0,0.35891133546829224,1,ham10000,ISIC_0028100,bkl,HAM_0001510
0,0.6197469830513,1,ham10000,ISIC_0033002,nv,HAM_0001511
0,0.6340975165367126,1,ham10000,ISIC_0025078,nv,HAM_0001512
0,0.24359248578548431,1,ham10000,ISIC_0032491,nv,HAM_0001513
0,0.4602455198764801,1,ham10000,ISIC_0024659,nv,HAM_0001514
0,0.44217658042907715,1,ham10000,ISIC_0028842,bkl,HAM_0001515
0,0.34302011132240295,1,ham10000,ISIC_0027830,nv,HAM_0001516
0,0.5463295578956604,1,ham10000,ISIC_0028825,nv,HAM_0001517
0,0.1356605440378189,0,ham10000,ISIC_0028914,nv,HAM_0001518
0,0.4233402907848358,1,ham10000,ISIC_0031661,nv,HAM_0001519
1,0.6776396632194519,1,ham10000,ISIC_0027294,akiec,HAM_0001520
0,0.21484093368053436,0,ham10000,ISIC_0031860,nv,HAM_0001521
0,0.2565998136997223,1,ham10000,ISIC_0025084,nv,HAM_0001522
0,0.42843928933143616,1,ham10000,ISIC_0028523,nv,HAM_0001523
1,0.8479018211364746,1,ham10000,ISIC_0032915,mel,HAM_0001524
0,0.6907172799110413,1,ham10000,ISIC_0024355,nv,HAM_0001525
1,0.796312689781189,1,ham10000,ISIC_0027795,akiec,HAM_0001526
0,0.5703611969947815,1,ham10000,ISIC_0026767,nv,HAM_0001527
1,0.39838090538978577,1,ham10000,ISIC_0025601,bcc,HAM_0001528
0,0.5678619742393494,1,ham10000,ISIC_0025103,bkl,HAM_0001529
0,0.3163925111293793,1,ham10000,ISIC_0030013,nv,HAM_0001530
1,0.8343381285667419,1,ham10000,ISIC_0024951,mel,HAM_0001531
1,0.20924657583236694,0,ham10000,ISIC_0027204,mel,HAM_0001532
0,0.5413422584533691,1,ham10000,ISIC_0028244,nv,HAM_0001533
0,0.4413895308971405,1,ham10000,ISIC_0024365,nv,HAM_0001534
0,0.40395885705947876,1,ham10000,ISIC_0026653,nv,HAM_0001535
0,0.44861093163490295,1,ham10000,ISIC_0026842,bkl,HAM_0001536
0,0.27496954798698425,1,ham10000,ISIC_0026467,vasc,HAM_0001537
0,0.09001366794109344,0,ham10000,ISIC_0024322,nv,HAM_0001538
0,0.6384005546569824,1,ham10000,ISIC_0026444,bkl,HAM_0001539
0,0.5347864627838135,1,ham10000,ISIC_0028299,nv,HAM_0001540
0,0.6345668435096741,1,ham10000,ISIC_0026218,nv,HAM_0001541
0,0.3901868760585785,1,ham10000,ISIC_0026874,nv,HAM_0001542
0,0.37082263827323914,1,ham10000,ISIC_0029639,nv,HAM_0001543
0,0.30758029222488403,1,ham10000,ISIC_0030875,nv,HAM_0001544
0,0.04650116339325905,0,ham10000,ISIC_0030278,nv,HAM_0001545
0,0.3559063673019409,1,ham10000,ISIC_0027584,bkl,HAM_0001546
0,0.7444998621940613,1,ham10000,ISIC_0034209,nv,HAM_0001547
0,0.26431187987327576,1,ham10000,ISIC_0032254,nv,HAM_0001548
0,0.4813831150531769,1,ham10000,ISIC_0026723,nv,HAM_0001549
0,0.04279961809515953,0,ham10000,ISIC_0026020,nv,HAM_0001550
1,0.683027982711792,1,ham10000,ISIC_0027420,mel,HAM_0001551
0,0.5856265425682068,1,ham10000,ISIC_0025899,nv,HAM_0001552
0,0.27441173791885376,1,ham10000,ISIC_0025966,nv,HAM_0001553
0,0.2591123580932617,1,ham10000,ISIC_0030836,nv,HAM_0001554
0,0.4707792401313782,1,ham10000,ISIC_0027236,nv,HAM_0001555
0,0.4487110376358032,1,ham10000,ISIC_0031865,nv,HAM_0001556
0,0.19570228457450867,0,ham10000,ISIC_0029939,nv,HAM_0001557
0,0.394636332988739,1,ham10000,ISIC_0025007,nv,HAM_0001558
0,0.5890568494796753,1,ham10000,ISIC_0029968,nv,HAM_0001559
0,0.354423850774765,1,ham10000,ISIC_0026181,nv,HAM_0001560
0,0.849467396736145,1,ham10000,ISIC_0032740,bkl,HAM_0001561
0,0.43101292848587036,1,ham10000,ISIC_0027713,bkl,HAM_0001562
0,0.5068361759185791,1,ham10000,ISIC_0028633,nv,HAM_0001563
0,0.10497800260782242,0,ham10000,ISIC_0027913,nv,HAM_0001564
1,0.852864146232605,1,ham10000,ISIC_0026709,akiec,HAM_0001565
0,0.6903796792030334,1,ham10000,ISIC_0024747,vasc,HAM_0001566
0,0.60084468126297,1,ham10000,ISIC_0027398,nv,HAM_0001567
0,0.463641494512558,1,ham10000,ISIC_0030614,nv,HAM_0001568
0,0.6203845739364624,1,ham10000,ISIC_0030994,nv,HAM_0001569
1,0.672359824180603,1,ham10000,ISIC_0032872,mel,HAM_0001570
0,0.14068898558616638,0,ham10000,ISIC_0029156,nv,HAM_0001571
0,0.35691940784454346,1,ham10000,ISIC_0028933,nv,HAM_0001572
1,0.790873646736145,1,ham10000,ISIC_0024799,bcc,HAM_0001573
0,0.2741817831993103,1,ham10000,ISIC_0031859,nv,HAM_0001574
1,0.6901760101318359,1,ham10000,ISIC_0028652,bcc,HAM_0001575
1,0.7009618282318115,1,ham10000,ISIC_0033705,akiec,HAM_0001576
0,0.5132812857627869,1,ham10000,ISIC_0029818,nv,HAM_0001577
0,0.48568838834762573,1,ham10000,ISIC_0031003,nv,HAM_0001578
0,0.48928776383399963,1,ham10000,ISIC_0025636,nv,HAM_0001579
0,0.5759422183036804,1,ham10000,ISIC_0024378,nv,HAM_0001580
0,0.29649102687835693,1,ham10000,ISIC_0027288,nv,HAM_0001581
0,0.2772097885608673,1,ham10000,ISIC_0031771,nv,HAM_0001582
0,0.27411770820617676,1,ham10000,ISIC_0025280,nv,HAM_0001583
0,0.43596887588500977,1,ham10000,ISIC_0029004,nv,HAM_0001584
0,0.5582627058029175,1,ham10000,ISIC_0028697,nv,HAM_0001585
0,0.10175325721502304,0,ham10000,ISIC_0030256,nv,HAM_0001586
0,0.46354925632476807,1,ham10000,ISIC_0024828,nv,HAM_0001587
0,0.3787184953689575,1,ham10000,ISIC_0031956,nv,HAM_0001588
0,0.44694599509239197,1,ham10000,ISIC_0030067,bkl,HAM_0001589
0,0.5264236927032471,1,ham10000,ISIC_0025722,nv,HAM_0001590
0,0.4872928559780121,1,ham10000,ISIC_0032231,nv,HAM_0001591
0,0.2224920243024826,1,ham10000,ISIC_0030686,nv,HAM_0001592
1,0.5875550508499146,1,ham10000,ISIC_0028941,akiec,HAM_0001593
0,0.5376034379005432,1,ham10000,ISIC_0025311,nv,HAM_0001594
0,0.5253331065177917,1,ham10000,ISIC_0032127,nv,HAM_0001595
1,0.5475782752037048,1,ham10000,ISIC_0027071,mel,HAM_0001596
0,0.7289727926254272,1,ham10000,ISIC_0024426,bkl,HAM_0001597
1,0.7173084616661072,1,ham10000,ISIC_0029238,mel,HAM_0001598
0,0.2896229922771454,1,ham10000,ISIC_0026066,nv,HAM_0001599
1,0.5727860331535339,1,ham10000,ISIC_0024675,mel,HAM_0001600
0,0.6421979665756226,1,ham10000,ISIC_0025915,bkl,HAM_0001601
0,0.5190279483795166,1,ham10000,ISIC_0032458,nv,HAM_0001602
0,0.7592366337776184,1,ham10000,ISIC_0031016,bkl,HAM_0001603
0,0.4788933992385864,1,ham10000,ISIC_0024664,nv,HAM_0001604
0,0.3669073283672333,1,ham10000,ISIC_0024422,bkl,HAM_0001605
0,0.37541091442108154,1,ham10000,ISIC_0024901,nv,HAM_0001606
1,0.5840350985527039,1,ham10000,ISIC_0028508,mel,HAM_0001607
0,0.4136730134487152,1,ham10000,ISIC_0028792,bkl,HAM_0001608
0,0.5469869375228882,1,ham10000,ISIC_0027766,nv,HAM_0001609
1,0.8799080848693848,1,ham10000,ISIC_0028693,bcc,HAM_0001610
0,0.530432403087616,1,ham10000,ISIC_0031032,nv,HAM_0001611
0,0.5382199287414551,1,ham10000,ISIC_0025618,nv,HAM_0001612
0,0.4863697588443756,1,ham10000,ISIC_0032748,nv,HAM_0001613
0,0.5290096998214722,1,ham10000,ISIC_0027591,nv,HAM_0001614
0,0.5950980186462402,1,ham10000,ISIC_0033048,nv,HAM_0001615
1,0.46781134605407715,1,ham10000,ISIC_0029669,bcc,HAM_0001616
0,0.6094799041748047,1,ham10000,ISIC_0027091,nv,HAM_0001617
1,0.320519357919693,1,ham10000,ISIC_0030659,bcc,HAM_0001618
0,0.2640232741832733,1,ham10000,ISIC_0033065,nv,HAM_0001619
0,0.5145959854125977,1,ham10000,ISIC_0025466,bkl,HAM_0001620
1,0.5887359976768494,1,ham10000,ISIC_0030297,akiec,HAM_0001621
0,0.5466789603233337,1,ham10000,ISIC_0032360,nv,HAM_0001622
0,0.7775545120239258,1,ham10000,ISIC_0027099,nv,HAM_0001623
1,0.5844436287879944,1,ham10000,ISIC_0032277,akiec,HAM_0001624
1,0.6256476044654846,1,ham10000,ISIC_0028224,akiec,HAM_0001625
0,0.19563984870910645,0,ham10000,ISIC_0029124,nv,HAM_0001626
0,0.39005157351493835,1,ham10000,ISIC_0032153,nv,HAM_0001627
0,0.6159979104995728,1,ham10000,ISIC_0024810,nv,HAM_0001628
0,0.38571375608444214,1,ham10000,ISIC_0032317,nv,HAM_0001629
0,0.539738118648529,1,ham10000,ISIC_0028297,nv,HAM_0001630
0,0.26736363768577576,1,ham10000,ISIC_0025390,nv,HAM_0001631
0,0.5377305746078491,1,ham10000,ISIC_0029132,nv,HAM_0001632
0,0.4226953983306885,1,ham10000,ISIC_0028618,nv,HAM_0001633
0,0.5000651478767395,1,ham10000,ISIC_0025792,nv,HAM_0001634
0,0.56920325756073,1,ham10000,ISIC_0028240,nv,HAM_0001635
0,0.3394163250923157,1,ham10000,ISIC_0030866,nv,HAM_0001636
0,0.6323975920677185,1,ham10000,ISIC_0031521,nv,HAM_0001637
0,0.49989548325538635,1,ham10000,ISIC_0031006,nv,HAM_0001638
0,0.4643939137458801,1,ham10000,ISIC_0026160,nv,HAM_0001639
1,0.7112822532653809,1,ham10000,ISIC_0031026,bcc,HAM_0001640
0,0.5937845706939697,1,ham10000,ISIC_0033427,nv,HAM_0001641
0,0.7219634056091309,1,ham10000,ISIC_0028490,bkl,HAM_0001642
0,0.618366003036499,1,ham10000,ISIC_0025000,nv,HAM_0001643
0,0.39098089933395386,1,ham10000,ISIC_0029906,nv,HAM_0001644
0,0.6106835007667542,1,ham10000,ISIC_0032601,nv,HAM_0001645
0,0.1453724056482315,0,ham10000,ISIC_0029908,nv,HAM_0001646
1,0.8017604351043701,1,ham10000,ISIC_0032975,mel,HAM_0001647
0,0.48465317487716675,1,ham10000,ISIC_0030239,nv,HAM_0001648
0,0.5209982395172119,1,ham10000,ISIC_0030024,nv,HAM_0001650
0,0.7158582806587219,1,ham10000,ISIC_0033251,nv,HAM_0001651
0,0.5321512222290039,1,ham10000,ISIC_0026899,nv,HAM_0001652
0,0.13126197457313538,0,ham10000,ISIC_0027895,nv,HAM_0001653
1,0.7383981943130493,1,ham10000,ISIC_0024472,bcc,HAM_0001654
1,0.6806027293205261,1,ham10000,ISIC_0030110,mel,HAM_0001655
0,0.5267743468284607,1,ham10000,ISIC_0026759,nv,HAM_0001656
1,0.4741816818714142,1,ham10000,ISIC_0031529,mel,HAM_0001657
0,0.24068434536457062,1,ham10000,ISIC_0030001,nv,HAM_0001658
0,0.5212304592132568,1,ham10000,ISIC_0026564,nv,HAM_0001659
0,0.3645213842391968,1,ham10000,ISIC_0027078,nv,HAM_0001660
0,0.5356314182281494,1,ham10000,ISIC_0032059,nv,HAM_0001661
0,0.2606399655342102,1,ham10000,ISIC_0030050,nv,HAM_0001662
0,0.11095090210437775,0,ham10000,ISIC_0029521,nv,HAM_0001663
0,0.474457710981369,1,ham10000,ISIC_0025217,nv,HAM_0001664
0,0.576249897480011,1,ham10000,ISIC_0027957,bkl,HAM_0001665
1,0.7342730164527893,1,ham10000,ISIC_0024632,bcc,HAM_0001666
0,0.6398201584815979,1,ham10000,ISIC_0033080,nv,HAM_0001667
0,0.5450766086578369,1,ham10000,ISIC_0027434,nv,HAM_0001668
0,0.6508765816688538,1,ham10000,ISIC_0025020,nv,HAM_0001669
0,0.4908241033554077,1,ham10000,ISIC_0027910,nv,HAM_0001670
1,0.679339587688446,1,ham10000,ISIC_0031586,mel,HAM_0001671
0,0.5633092522621155,1,ham10000,ISIC_0024398,nv,HAM_0001672
0,0.6531972885131836,1,ham10000,ISIC_0033966,nv,HAM_0001673
0,0.2874457836151123,1,ham10000,ISIC_0031551,nv,HAM_0001674
0,0.2925316095352173,1,ham10000,ISIC_0024433,nv,HAM_0001675
0,0.47289881110191345,1,ham10000,ISIC_0031587,nv,HAM_0001676
0,0.3879071772098541,1,ham10000,ISIC_0028191,nv,HAM_0001677
0,0.5368193984031677,1,ham10000,ISIC_0027831,bkl,HAM_0001678
0,0.6575608849525452,1,ham10000,ISIC_0027783,nv,HAM_0001679
0,0.47604236006736755,1,ham10000,ISIC_0026303,nv,HAM_0001680
0,0.33129867911338806,1,ham10000,ISIC_0024651,nv,HAM_0001681
0,0.5150939226150513,1,ham10000,ISIC_0026630,nv,HAM_0001682
0,0.5999053716659546,1,ham10000,ISIC_0033513,nv,HAM_0001683
0,0.3391985595226288,1,ham10000,ISIC_0028576,nv,HAM_0001684
0,0.4693927466869354,1,ham10000,ISIC_0027516,nv,HAM_0001685
1,0.7749362587928772,1,ham10000,ISIC_0032698,mel,HAM_0001686
0,0.45076197385787964,1,ham10000,ISIC_0027230,nv,HAM_0001687
0,0.5792509317398071,1,ham10000,ISIC_0031049,nv,HAM_0001688
0,0.44012323021888733,1,ham10000,ISIC_0025166,nv,HAM_0001689
0,0.31275713443756104,1,ham10000,ISIC_0032361,nv,HAM_0001690
0,0.09529096633195877,0,ham10000,ISIC_0029264,nv,HAM_0001691
0,0.39589276909828186,1,ham10000,ISIC_0032743,nv,HAM_0001692
1,0.7489535808563232,1,ham10000,ISIC_0026995,bcc,HAM_0001693
1,0.6779653429985046,1,ham10000,ISIC_0032173,akiec,HAM_0001694
0,0.5014285445213318,1,ham10000,ISIC_0028752,nv,HAM_0001695
0,0.7189513444900513,1,ham10000,ISIC_0027408,nv,HAM_0001696
0,0.5660187005996704,1,ham10000,ISIC_0033497,nv,HAM_0001697
0,0.561529815196991,1,ham10000,ISIC_0025797,nv,HAM_0001698
0,0.6062367558479309,1,ham10000,ISIC_0029661,nv,HAM_0001699
0,0.390482097864151,1,ham10000,ISIC_0030971,nv,HAM_0001700
0,0.5890676379203796,1,ham10000,ISIC_0025237,nv,HAM_0001701
0,0.635841429233551,1,ham10000,ISIC_0028592,nv,HAM_0001702
1,0.6359135508537292,1,ham10000,ISIC_0024496,mel,HAM_0001703
0,0.5581295490264893,1,ham10000,ISIC_0031415,nv,HAM_0001704
0,0.29866284132003784,1,ham10000,ISIC_0029009,nv,HAM_0001705
0,0.6604584455490112,1,ham10000,ISIC_0030023,nv,HAM_0001706
1,0.5799165368080139,1,ham10000,ISIC_0031925,bcc,HAM_0001707
0,0.5504580140113831,1,ham10000,ISIC_0033719,nv,HAM_0001708
0,0.13165798783302307,0,ham10000,ISIC_0030364,nv,HAM_0001709
0,0.336753785610199,1,ham10000,ISIC_0030808,nv,HAM_0001710
1,0.3906477093696594,1,ham10000,ISIC_0028677,bcc,HAM_0001711
0,0.6702430844306946,1,ham10000,ISIC_0030793,nv,HAM_0001712
1,0.7534458637237549,1,ham10000,ISIC_0028671,bcc,HAM_0001713
0,0.5318759679794312,1,ham10000,ISIC_0032354,nv,HAM_0001714
0,0.5339170694351196,1,ham10000,ISIC_0027208,nv,HAM_0001715
0,0.37299925088882446,1,ham10000,ISIC_0026901,nv,HAM_0001716
0,0.38002026081085205,1,ham10000,ISIC_0028700,nv,HAM_0001717
0,0.3107072412967682,1,ham10000,ISIC_0026357,nv,HAM_0001718
0,0.827450692653656,1,ham10000,ISIC_0031090,vasc,HAM_0001719
0,0.6283980011940002,1,ham10000,ISIC_0032819,nv,HAM_0001720
0,0.61314857006073,1,ham10000,ISIC_0024947,bkl,HAM_0001721
0,0.8828433752059937,1,ham10000,ISIC_0030976,bkl,HAM_0001722
0,0.34446826577186584,1,ham10000,ISIC_0027784,nv,HAM_0001723
0,0.3713439106941223,1,ham10000,ISIC_0027386,nv,HAM_0001724
0,0.4630025625228882,1,ham10000,ISIC_0027509,bkl,HAM_0001725
1,0.7227935194969177,1,ham10000,ISIC_0024367,mel,HAM_0001726
0,0.578397274017334,1,ham10000,ISIC_0028799,nv,HAM_0001727
0,0.5101680159568787,1,ham10000,ISIC_0033539,bkl,HAM_0001728
1,0.7842004299163818,1,ham10000,ISIC_0024537,mel,HAM_0001729
0,0.28341272473335266,1,ham10000,ISIC_0030790,nv,HAM_0001730
0,0.0532630980014801,0,ham10000,ISIC_0028172,nv,HAM_0001731
0,0.10238686949014664,0,ham10000,ISIC_0024502,nv,HAM_0001732
0,0.7280820608139038,1,ham10000,ISIC_0028414,bkl,HAM_0001733
1,0.6377371549606323,1,ham10000,ISIC_0024865,mel,HAM_0001734
0,0.6917866468429565,1,ham10000,ISIC_0028587,bkl,HAM_0001735
0,0.2459837943315506,1,ham10000,ISIC_0026407,nv,HAM_0001736
0,0.19739067554473877,0,ham10000,ISIC_0027883,nv,HAM_0001737
0,0.6504011154174805,1,ham10000,ISIC_0027218,bkl,HAM_0001738
0,0.5884867310523987,1,ham10000,ISIC_0032884,nv,HAM_0001739
0,0.5643046498298645,1,ham10000,ISIC_0032761,nv,HAM_0001740
1,0.7480883002281189,1,ham10000,ISIC_0026963,mel,HAM_0001741
0,0.3003406524658203,1,ham10000,ISIC_0028456,nv,HAM_0001742
0,0.7965446710586548,1,ham10000,ISIC_0030130,bkl,HAM_0001743
1,0.5937630534172058,1,ham10000,ISIC_0029353,mel,HAM_0001744
0,0.6717687845230103,1,ham10000,ISIC_0025045,nv,HAM_0001745
0,0.5407412648200989,1,ham10000,ISIC_0027296,nv,HAM_0001746
1,0.7546549439430237,1,ham10000,ISIC_0028361,mel,HAM_0001747
0,0.10878406465053558,0,ham10000,ISIC_0031739,nv,HAM_0001748
1,0.803446352481842,1,ham10000,ISIC_0033372,bcc,HAM_0001749
0,0.5577406287193298,1,ham10000,ISIC_0028832,nv,HAM_0001750
0,0.5841079354286194,1,ham10000,ISIC_0024698,nv,HAM_0001751
0,0.43201935291290283,1,ham10000,ISIC_0028925,bkl,HAM_0001752
1,0.6925272941589355,1,ham10000,ISIC_0024929,mel,HAM_0001753
0,0.36449629068374634,1,ham10000,ISIC_0027775,nv,HAM_0001754
0,0.6854777932167053,1,ham10000,ISIC_0029393,nv,HAM_0001755
0,0.3667421042919159,1,ham10000,ISIC_0027484,nv,HAM_0001756
0,0.6444554924964905,1,ham10000,ISIC_0025049,nv,HAM_0001757
0,0.43297240138053894,1,ham10000,ISIC_0024362,nv,HAM_0001758
1,0.583171546459198,1,ham10000,ISIC_0032497,bcc,HAM_0001759
0,0.277034729719162,1,ham10000,ISIC_0024389,nv,HAM_0001760
0,0.3254888355731964,1,ham10000,ISIC_0026732,nv,HAM_0001761
0,0.6140872836112976,1,ham10000,ISIC_0030535,nv,HAM_0001762
0,0.5093747973442078,1,ham10000,ISIC_0029029,bkl,HAM_0001763
0,0.7056112289428711,1,ham10000,ISIC_0032251,nv,HAM_0001764
0,0.4528246223926544,1,ham10000,ISIC_0026788,nv,HAM_0001765
0,0.3395041823387146,1,ham10000,ISIC_0026591,nv,HAM_0001766
0,0.7214002013206482,1,ham10000,ISIC_0025812,nv,HAM_0001767
0,0.4552324414253235,1,ham10000,ISIC_0026019,nv,HAM_0001768
0,0.7022058963775635,1,ham10000,ISIC_0032176,nv,HAM_0001769
0,0.14254717528820038,0,ham10000,ISIC_0025974,nv,HAM_0001770
0,0.5152498483657837,1,ham10000,ISIC_0030556,nv,HAM_0001771
0,0.7121342420578003,1,ham10000,ISIC_0032636,bkl,HAM_0001772
0,0.723970890045166,1,ham10000,ISIC_0024832,bkl,HAM_0001773
0,0.5192066431045532,1,ham10000,ISIC_0029073,nv,HAM_0001774
0,0.5306665301322937,1,ham10000,ISIC_0030338,nv,HAM_0001775
0,0.13265874981880188,0,ham10000,ISIC_0030044,nv,HAM_0001776
0,0.36915385723114014,1,ham10000,ISIC_0033273,nv,HAM_0001777
0,0.125044047832489,0,ham10000,ISIC_0026792,nv,HAM_0001778
0,0.5190775990486145,1,ham10000,ISIC_0031439,nv,HAM_0001779
0,0.4785230755805969,1,ham10000,ISIC_0024370,vasc,HAM_0001780
0,0.5876153707504272,1,ham10000,ISIC_0025515,bkl,HAM_0001781
0,0.28142985701560974,1,ham10000,ISIC_0032289,nv,HAM_0001782
0,0.4847122132778168,1,ham10000,ISIC_0029256,nv,HAM_0001783
0,0.24588733911514282,1,ham10000,ISIC_0026450,nv,HAM_0001784
0,0.7919616103172302,1,ham10000,ISIC_0032941,df,HAM_0001785
1,0.16141897439956665,0,ham10000,ISIC_0027047,akiec,HAM_0001786
0,0.4293970465660095,1,ham10000,ISIC_0029700,nv,HAM_0001787
0,0.6542512774467468,1,ham10000,ISIC_0029100,bkl,HAM_0001788
0,0.4901067912578583,1,ham10000,ISIC_0026882,nv,HAM_0001789
0,0.5622143745422363,1,ham10000,ISIC_0032739,nv,HAM_0001790
1,0.38424748182296753,1,ham10000,ISIC_0027956,mel,HAM_0001791
0,0.4567808210849762,1,ham10000,ISIC_0024419,nv,HAM_0001792
1,0.5559383630752563,1,ham10000,ISIC_0028520,mel,HAM_0001793
0,0.4694395065307617,1,ham10000,ISIC_0032073,nv,HAM_0001794
0,0.42099687457084656,1,ham10000,ISIC_0030611,nv,HAM_0001795
1,0.7705754637718201,1,ham10000,ISIC_0025363,mel,HAM_0001796
0,0.5230422019958496,1,ham10000,ISIC_0031155,nv,HAM_0001797
0,0.5231424570083618,1,ham10000,ISIC_0030141,nv,HAM_0001798
0,0.12273011356592178,0,ham10000,ISIC_0028675,nv,HAM_0001799
0,0.2558375597000122,1,ham10000,ISIC_0031073,nv,HAM_0001800
0,0.30670198798179626,1,ham10000,ISIC_0033293,nv,HAM_0001801
0,0.17305687069892883,0,ham10000,ISIC_0030224,nv,HAM_0001802
0,0.41337519884109497,1,ham10000,ISIC_0026330,nv,HAM_0001803
0,0.1691691130399704,0,ham10000,ISIC_0029604,nv,HAM_0001804
0,0.26282799243927,1,ham10000,ISIC_0027200,nv,HAM_0001805
0,0.049067672342061996,0,ham10000,ISIC_0026920,nv,HAM_0001806
0,0.48247092962265015,1,ham10000,ISIC_0029637,nv,HAM_0001807
0,0.5297917127609253,1,ham10000,ISIC_0032615,nv,HAM_0001808
0,0.7800418734550476,1,ham10000,ISIC_0029897,bkl,HAM_0001809
0,0.358634889125824,1,ham10000,ISIC_0025794,nv,HAM_0001810
1,0.5134243965148926,1,ham10000,ISIC_0028069,mel,HAM_0001811
0,0.41800734400749207,1,ham10000,ISIC_0024326,nv,HAM_0001812
0,0.5616055727005005,1,ham10000,ISIC_0030609,nv,HAM_0001813
1,0.4572131633758545,1,ham10000,ISIC_0028567,mel,HAM_0001814
0,0.6754908561706543,1,ham10000,ISIC_0024970,bkl,HAM_0001815
0,0.3461316227912903,1,ham10000,ISIC_0028827,nv,HAM_0001816
0,0.49646082520484924,1,ham10000,ISIC_0024938,nv,HAM_0001817
0,0.5873918533325195,1,ham10000,ISIC_0025620,nv,HAM_0001818
1,0.7897595763206482,1,ham10000,ISIC_0028584,mel,HAM_0001819
0,0.5780788660049438,1,ham10000,ISIC_0026744,bkl,HAM_0001820
0,0.11332055926322937,0,ham10000,ISIC_0025308,nv,HAM_0001821
0,0.19110551476478577,0,ham10000,ISIC_0031244,nv,HAM_0001822
0,0.1976136416196823,0,ham10000,ISIC_0027882,nv,HAM_0001823
0,0.7060884833335876,1,ham10000,ISIC_0033121,nv,HAM_0001824
0,0.5568286776542664,1,ham10000,ISIC_0029673,nv,HAM_0001825
0,0.329366534948349,1,ham10000,ISIC_0029509,nv,HAM_0001826
0,0.04677746072411537,0,ham10000,ISIC_0031275,nv,HAM_0001827
0,0.5655611157417297,1,ham10000,ISIC_0030692,nv,HAM_0001828
0,0.21761086583137512,1,ham10000,ISIC_0027779,nv,HAM_0001829
0,0.5506625175476074,1,ham10000,ISIC_0028057,nv,HAM_0001830
0,0.44394955039024353,1,ham10000,ISIC_0029556,nv,HAM_0001831
0,0.2016512155532837,0,ham10000,ISIC_0031030,nv,HAM_0001832
0,0.5180438160896301,1,ham10000,ISIC_0027227,nv,HAM_0001833
0,0.46919143199920654,1,ham10000,ISIC_0032631,nv,HAM_0001834
1,0.6899042129516602,1,ham10000,ISIC_0026652,mel,HAM_0001835
0,0.5601188540458679,1,ham10000,ISIC_0030500,nv,HAM_0001836
0,0.5873616933822632,1,ham10000,ISIC_0033635,bkl,HAM_0001837
0,0.42153477668762207,1,ham10000,ISIC_0028797,bkl,HAM_0001838
0,0.7218733429908752,1,ham10000,ISIC_0033434,nv,HAM_0001839
0,0.33369383215904236,1,ham10000,ISIC_0025490,nv,HAM_0001840
0,0.5499188899993896,1,ham10000,ISIC_0025771,df,HAM_0001841
0,0.13432973623275757,0,ham10000,ISIC_0028359,nv,HAM_0001842
0,0.5144563317298889,1,ham10000,ISIC_0028279,nv,HAM_0001843
0,0.43419066071510315,1,ham10000,ISIC_0026736,nv,HAM_0001844
0,0.25090113282203674,1,ham10000,ISIC_0026462,nv,HAM_0001845
0,0.4655979871749878,1,ham10000,ISIC_0029457,nv,HAM_0001846
1,0.6767258048057556,1,ham10000,ISIC_0024792,mel,HAM_0001847
0,0.39624717831611633,1,ham10000,ISIC_0030587,nv,HAM_0001848
0,0.6148155331611633,1,ham10000,ISIC_0027209,nv,HAM_0001849
0,0.30936020612716675,1,ham10000,ISIC_0030947,nv,HAM_0001850
0,0.18237629532814026,0,ham10000,ISIC_0027015,nv,HAM_0001851
0,0.8080648183822632,1,ham10000,ISIC_0033749,vasc,HAM_0001852
0,0.5413541197776794,1,ham10000,ISIC_0032306,bkl,HAM_0001853
0,0.5743196606636047,1,ham10000,ISIC_0027013,nv,HAM_0001854
0,0.5940920114517212,1,ham10000,ISIC_0033581,bkl,HAM_0001855
0,0.2392260879278183,1,ham10000,ISIC_0027666,nv,HAM_0001856
0,0.40541160106658936,1,ham10000,ISIC_0027317,nv,HAM_0001857
0,0.7058818936347961,1,ham10000,ISIC_0026085,bkl,HAM_0001858
0,0.27617013454437256,1,ham10000,ISIC_0029565,nv,HAM_0001859
0,0.16299179196357727,0,ham10000,ISIC_0027665,vasc,HAM_0001860
0,0.526419460773468,1,ham10000,ISIC_0026688,nv,HAM_0001861
0,0.20697562396526337,0,ham10000,ISIC_0031625,nv,HAM_0001862
1,0.7473791837692261,1,ham10000,ISIC_0032596,mel,HAM_0001863
0,0.3822507858276367,1,ham10000,ISIC_0030111,nv,HAM_0001864
0,0.19550009071826935,0,ham10000,ISIC_0032464,nv,HAM_0001865
0,0.2208225578069687,1,ham10000,ISIC_0026873,nv,HAM_0001866
0,0.5255751013755798,1,ham10000,ISIC_0030136,nv,HAM_0001867
0,0.49392494559288025,1,ham10000,ISIC_0028037,nv,HAM_0001868
0,0.6281287670135498,1,ham10000,ISIC_0027249,nv,HAM_0001869
0,0.5886258482933044,1,ham10000,ISIC_0033090,nv,HAM_0001870
0,0.4918147623538971,1,ham10000,ISIC_0030834,nv,HAM_0001871
0,0.5730562210083008,1,ham10000,ISIC_0027800,nv,HAM_0001872
0,0.45965227484703064,1,ham10000,ISIC_0029283,nv,HAM_0001873
0,0.47081464529037476,1,ham10000,ISIC_0024601,nv,HAM_0001874
0,0.4077568054199219,1,ham10000,ISIC_0031231,nv,HAM_0001875
0,0.19323791563510895,0,ham10000,ISIC_0030470,nv,HAM_0001876
1,0.7158247828483582,1,ham10000,ISIC_0025409,mel,HAM_0001877
0,0.5970958471298218,1,ham10000,ISIC_0025434,bkl,HAM_0001878
0,0.5188172459602356,1,ham10000,ISIC_0024440,nv,HAM_0001879
0,0.5672634243965149,1,ham10000,ISIC_0026199,nv,HAM_0001880
0,0.5251321792602539,1,ham10000,ISIC_0024620,nv,HAM_0001881
0,0.2398122102022171,1,ham10000,ISIC_0025866,nv,HAM_0001882
0,0.6580292582511902,1,ham10000,ISIC_0033224,nv,HAM_0001883
1,0.8026733994483948,1,ham10000,ISIC_0025718,bcc,HAM_0001884
0,0.315351277589798,1,ham10000,ISIC_0027534,nv,HAM_0001885
0,0.10864053666591644,0,ham10000,ISIC_0028318,nv,HAM_0001886
0,0.32565274834632874,1,ham10000,ISIC_0025107,nv,HAM_0001887
0,0.2764855921268463,1,ham10000,ISIC_0026806,nv,HAM_0001888
0,0.6281359791755676,1,ham10000,ISIC_0033621,nv,HAM_0001889
1,0.5626223683357239,1,ham10000,ISIC_0030707,akiec,HAM_0001890
0,0.5081198215484619,1,ham10000,ISIC_0024466,nv,HAM_0001891
0,0.3968084454536438,1,ham10000,ISIC_0025110,nv,HAM_0001893
1,0.49320927262306213,1,ham10000,ISIC_0024517,akiec,HAM_0001894
0,0.4891064465045929,1,ham10000,ISIC_0024777,nv,HAM_0001895
0,0.8767165541648865,1,ham10000,ISIC_0030203,bkl,HAM_0001896
0,0.4449756443500519,1,ham10000,ISIC_0026185,nv,HAM_0001897
0,0.3675755262374878,1,ham10000,ISIC_0026917,nv,HAM_0001898
0,0.46596160531044006,1,ham10000,ISIC_0031549,nv,HAM_0001899
1,0.7741380333900452,1,ham10000,ISIC_0025557,bcc,HAM_0001900
0,0.24939760565757751,1,ham10000,ISIC_0026274,nv,HAM_0001901
0,0.68467777967453,1,ham10000,ISIC_0026480,nv,HAM_0001902
1,0.18940740823745728,0,ham10000,ISIC_0026984,akiec,HAM_0001903
0,0.22937798500061035,1,ham10000,ISIC_0030306,nv,HAM_0001904
0,0.6586059331893921,1,ham10000,ISIC_0033116,nv,HAM_0001905
0,0.35763126611709595,1,ham10000,ISIC_0032025,nv,HAM_0001906
1,0.5038139224052429,1,ham10000,ISIC_0025383,bcc,HAM_0001907
0,0.5668785572052002,1,ham10000,ISIC_0032851,nv,HAM_0001908
0,0.19486917555332184,0,ham10000,ISIC_0025481,nv,HAM_0001909
1,0.40229982137680054,1,ham10000,ISIC_0024739,mel,HAM_0001910
0,0.06696322560310364,0,ham10000,ISIC_0029197,nv,HAM_0001911
0,0.6229909658432007,1,ham10000,ISIC_0033145,nv,HAM_0001912
1,0.6979902982711792,1,ham10000,ISIC_0030798,mel,HAM_0001913
0,0.720734179019928,1,ham10000,ISIC_0028702,bkl,HAM_0001914
0,0.34074297547340393,1,ham10000,ISIC_0025813,nv,HAM_0001915
0,0.5592478513717651,1,ham10000,ISIC_0032721,nv,HAM_0001916
0,0.2752365469932556,1,ham10000,ISIC_0030046,nv,HAM_0001917
0,0.47660964727401733,1,ham10000,ISIC_0031291,nv,HAM_0001918
0,0.6166602969169617,1,ham10000,ISIC_0026424,nv,HAM_0001919
0,0.8408145904541016,1,ham10000,ISIC_0029486,vasc,HAM_0001920
0,0.13058415055274963,0,ham10000,ISIC_0032205,nv,HAM_0001921
1,0.7529881596565247,1,ham10000,ISIC_0031874,akiec,HAM_0001922
0,0.274360328912735,1,ham10000,ISIC_0029219,nv,HAM_0001923
0,0.26167142391204834,1,ham10000,ISIC_0031112,nv,HAM_0001924
0,0.17510509490966797,0,ham10000,ISIC_0027583,nv,HAM_0001925
1,0.6416998505592346,1,ham10000,ISIC_0028095,bcc,HAM_0001926
0,0.7630437016487122,1,ham10000,ISIC_0029600,bkl,HAM_0001927
1,0.7753870487213135,1,ham10000,ISIC_0032537,mel,HAM_0001928
0,0.29607895016670227,1,ham10000,ISIC_0026938,nv,HAM_0001929
0,0.6948536038398743,1,ham10000,ISIC_0032600,nv,HAM_0001930
0,0.2102966010570526,0,ham10000,ISIC_0026755,nv,HAM_0001931
0,0.49320706725120544,1,ham10000,ISIC_0031082,nv,HAM_0001932
0,0.5638443827629089,1,ham10000,ISIC_0025243,nv,HAM_0001933
0,0.5826590061187744,1,ham10000,ISIC_0026008,nv,HAM_0001934
0,0.6204723715782166,1,ham10000,ISIC_0032787,nv,HAM_0001935
0,0.3397628664970398,1,ham10000,ISIC_0024704,nv,HAM_0001936
0,0.3153999149799347,1,ham10000,ISIC_0032432,nv,HAM_0001937
0,0.3589647114276886,1,ham10000,ISIC_0026245,bkl,HAM_0001938
0,0.30378106236457825,1,ham10000,ISIC_0025468,nv,HAM_0001939
0,0.2946709990501404,1,ham10000,ISIC_0028502,nv,HAM_0001940
0,0.30959367752075195,1,ham10000,ISIC_0024790,nv,HAM_0001941
0,0.550895631313324,1,ham10000,ISIC_0027476,nv,HAM_0001942
0,0.5569838285446167,1,ham10000,ISIC_0025769,nv,HAM_0001943
0,0.5430655479431152,1,ham10000,ISIC_0029810,bkl,HAM_0001944
0,0.5591081380844116,1,ham10000,ISIC_0026919,nv,HAM_0001945
0,0.20145563781261444,0,ham10000,ISIC_0029333,nv,HAM_0001946
0,0.4722546339035034,1,ham10000,ISIC_0032051,bkl,HAM_0001947
0,0.4737912118434906,1,ham10000,ISIC_0032926,nv,HAM_0001948
0,0.49610137939453125,1,ham10000,ISIC_0025767,bkl,HAM_0001949
1,0.7642031908035278,1,ham10000,ISIC_0024449,mel,HAM_0001950
0,0.5049781203269958,1,ham10000,ISIC_0030216,nv,HAM_0001951
0,0.25850388407707214,1,ham10000,ISIC_0025660,nv,HAM_0001952
1,0.6512471437454224,1,ham10000,ISIC_0025611,mel,HAM_0001953
0,0.4745396375656128,1,ham10000,ISIC_0032776,bkl,HAM_0001954
0,0.4582284092903137,1,ham10000,ISIC_0029304,nv,HAM_0001955
0,0.3715885877609253,1,ham10000,ISIC_0024955,nv,HAM_0001956
0,0.4340496361255646,1,ham10000,ISIC_0025593,nv,HAM_0001957
0,0.6709949374198914,1,ham10000,ISIC_0029580,bkl,HAM_0001958
0,0.5087226629257202,1,ham10000,ISIC_0027600,nv,HAM_0001959
0,0.49476587772369385,1,ham10000,ISIC_0032166,nv,HAM_0001960
0,0.5623108744621277,1,ham10000,ISIC_0031076,nv,HAM_0001961
0,0.6276143789291382,1,ham10000,ISIC_0029749,nv,HAM_0001962
0,0.5014774799346924,1,ham10000,ISIC_0025721,nv,HAM_0001963
1,0.37723875045776367,1,ham10000,ISIC_0024733,mel,HAM_0001964
0,0.5159697532653809,1,ham10000,ISIC_0031269,nv,HAM_0001965
0,0.13411681354045868,0,ham10000,ISIC_0025230,nv,HAM_0001966
1,0.7783001065254211,1,ham10000,ISIC_0025471,akiec,HAM_0001967
0,0.6213012933731079,1,ham10000,ISIC_0027421,nv,HAM_0001968
0,0.5130326151847839,1,ham10000,ISIC_0026651,nv,HAM_0001969
0,0.3042965829372406,1,ham10000,ISIC_0031136,nv,HAM_0001970
0,0.7659451365470886,1,ham10000,ISIC_0025327,nv,HAM_0001971
0,0.48941469192504883,1,ham10000,ISIC_0027228,nv,HAM_0001972
0,0.32942995429039,1,ham10000,ISIC_0026061,nv,HAM_0001973
1,0.7844257354736328,1,ham10000,ISIC_0033533,mel,HAM_0001974
0,0.5651849508285522,1,ham10000,ISIC_0028488,nv,HAM_0001975
1,0.713155210018158,1,ham10000,ISIC_0025732,mel,HAM_0001976
0,0.29706934094429016,1,ham10000,ISIC_0029261,nv,HAM_0001977
0,0.4650702476501465,1,ham10000,ISIC_0031237,nv,HAM_0001978
0,0.5623053312301636,1,ham10000,ISIC_0027527,bkl,HAM_0001979
0,0.2303462028503418,1,ham10000,ISIC_0032012,nv,HAM_0001980
0,0.48007896542549133,1,ham10000,ISIC_0024342,nv,HAM_0001981
0,0.5632579922676086,1,ham10000,ISIC_0029012,bkl,HAM_0001982
0,0.6877964735031128,1,ham10000,ISIC_0030377,bkl,HAM_0001983
0,0.44531288743019104,1,ham10000,ISIC_0025092,nv,HAM_0001984
0,0.24379824101924896,1,ham10000,ISIC_0027330,nv,HAM_0001985
1,0.7626379728317261,1,ham10000,ISIC_0024999,mel,HAM_0001986
0,0.4278135895729065,1,ham10000,ISIC_0024636,nv,HAM_0001987
0,0.23174235224723816,1,ham10000,ISIC_0029948,nv,HAM_0001988
0,0.46540945768356323,1,ham10000,ISIC_0030251,nv,HAM_0001989
0,0.5157214403152466,1,ham10000,ISIC_0027612,bkl,HAM_0001990
0,0.5795928239822388,1,ham10000,ISIC_0028347,bkl,HAM_0001991
0,0.048699118196964264,0,ham10000,ISIC_0025399,nv,HAM_0001992
0,0.45442691445350647,1,ham10000,ISIC_0029848,nv,HAM_0001993
0,0.6694794297218323,1,ham10000,ISIC_0033407,nv,HAM_0001994
0,0.4665737450122833,1,ham10000,ISIC_0024581,bkl,HAM_0001995
0,0.4003722667694092,1,ham10000,ISIC_0031179,nv,HAM_0001996
0,0.5840694904327393,1,ham10000,ISIC_0029251,bkl,HAM_0001997
0,0.20302201807498932,0,ham10000,ISIC_0032038,nv,HAM_0001998
0,0.4700063169002533,1,ham10000,ISIC_0025884,nv,HAM_0001999
0,0.3415963053703308,1,ham10000,ISIC_0030092,nv,HAM_0002000
0,0.2683280110359192,1,ham10000,ISIC_0030595,nv,HAM_0002001
0,0.4061894416809082,1,ham10000,ISIC_0024486,nv,HAM_0002002
0,0.4870954751968384,1,ham10000,ISIC_0031934,nv,HAM_0002003
1,0.5237811803817749,1,ham10000,ISIC_0032847,mel,HAM_0002004
0,0.5847454071044922,1,ham10000,ISIC_0026556,bkl,HAM_0002005
0,0.4686850905418396,1,ham10000,ISIC_0025360,nv,HAM_0002006
0,0.6196640133857727,1,ham10000,ISIC_0024476,nv,HAM_0002007
0,0.6493783593177795,1,ham10000,ISIC_0032983,bkl,HAM_0002008
0,0.7099312543869019,1,ham10000,ISIC_0033165,nv,HAM_0002009
1,0.7303217649459839,1,ham10000,ISIC_0024729,mel,HAM_0002011
1,0.4728631377220154,1,ham10000,ISIC_0026327,akiec,HAM_0002012
0,0.38170745968818665,1,ham10000,ISIC_0026168,nv,HAM_0002013
0,0.3634227514266968,1,ham10000,ISIC_0031120,nv,HAM_0002014
0,0.6734065413475037,1,ham10000,ISIC_0033771,nv,HAM_0002015
0,0.5473976731300354,1,ham10000,ISIC_0032753,nv,HAM_0002016
1,0.6192286610603333,1,ham10000,ISIC_0025630,bcc,HAM_0002017
1,0.6848581433296204,1,ham10000,ISIC_0029501,bcc,HAM_0002018
0,0.5530508756637573,1,ham10000,ISIC_0030402,nv,HAM_0002019
0,0.2271939516067505,1,ham10000,ISIC_0032301,nv,HAM_0002020
1,0.9238309860229492,1,ham10000,ISIC_0027057,bcc,HAM_0002021
0,0.5096416473388672,1,ham10000,ISIC_0026579,nv,HAM_0002022
0,0.6910589933395386,1,ham10000,ISIC_0028540,nv,HAM_0002023
1,0.669261634349823,1,ham10000,ISIC_0029412,bcc,HAM_0002024
0,0.6280826926231384,1,ham10000,ISIC_0025169,nv,HAM_0002025
0,0.5514509081840515,1,ham10000,ISIC_0027524,nv,HAM_0002026
0,0.6556417346000671,1,ham10000,ISIC_0032697,nv,HAM_0002027
0,0.2511589229106903,1,ham10000,ISIC_0031939,nv,HAM_0002028
0,0.46153393387794495,1,ham10000,ISIC_0030270,nv,HAM_0002029
0,0.6136928796768188,1,ham10000,ISIC_0032916,nv,HAM_0002030
0,0.6137405037879944,1,ham10000,ISIC_0027925,nv,HAM_0002031
1,0.6228203773498535,1,ham10000,ISIC_0030575,mel,HAM_0002032
0,0.3706745207309723,1,ham10000,ISIC_0024899,nv,HAM_0002033
0,0.43713438510894775,1,ham10000,ISIC_0027954,bkl,HAM_0002034
0,0.05721035599708557,0,ham10000,ISIC_0024989,nv,HAM_0002035
0,0.22415372729301453,1,ham10000,ISIC_0025739,nv,HAM_0002036
0,0.5720764994621277,1,ham10000,ISIC_0033733,nv,HAM_0002037
0,0.4816667437553406,1,ham10000,ISIC_0032337,nv,HAM_0002038
0,0.5298628807067871,1,ham10000,ISIC_0029663,nv,HAM_0002039
0,0.6921593546867371,1,ham10000,ISIC_0033041,bkl,HAM_0002040
0,0.23137709498405457,1,ham10000,ISIC_0028532,nv,HAM_0002041
0,0.5683916211128235,1,ham10000,ISIC_0026263,bkl,HAM_0002042
0,0.5923662781715393,1,ham10000,ISIC_0030160,bkl,HAM_0002043
0,0.4212988615036011,1,ham10000,ISIC_0024325,nv,HAM_0002044
0,0.19676266610622406,0,ham10000,ISIC_0029973,df,HAM_0002045
0,0.4030390679836273,1,ham10000,ISIC_0024569,nv,HAM_0002046
0,0.2082822620868683,0,ham10000,ISIC_0030928,nv,HAM_0002047
0,0.27975785732269287,1,ham10000,ISIC_0029137,nv,HAM_0002048
0,0.2745978534221649,1,ham10000,ISIC_0029169,nv,HAM_0002049
0,0.5018314719200134,1,ham10000,ISIC_0032215,bkl,HAM_0002050
1,0.6680006384849548,1,ham10000,ISIC_0031784,mel,HAM_0002051
0,0.4086669385433197,1,ham10000,ISIC_0032155,nv,HAM_0002052
0,0.39329037070274353,1,ham10000,ISIC_0028715,nv,HAM_0002053
0,0.15893855690956116,0,ham10000,ISIC_0031685,nv,HAM_0002054
0,0.31027719378471375,1,ham10000,ISIC_0027520,nv,HAM_0002055
0,0.358156681060791,1,ham10000,ISIC_0026762,nv,HAM_0002056
0,0.6291733384132385,1,ham10000,ISIC_0024893,bkl,HAM_0002058
0,0.17422477900981903,0,ham10000,ISIC_0028061,nv,HAM_0002059
0,0.6760385036468506,1,ham10000,ISIC_0026979,nv,HAM_0002060
1,0.7957991361618042,1,ham10000,ISIC_0030408,akiec,HAM_0002061
0,0.42468690872192383,1,ham10000,ISIC_0027400,nv,HAM_0002062
0,0.07032859325408936,0,ham10000,ISIC_0024819,nv,HAM_0002063
0,0.1306561827659607,0,ham10000,ISIC_0030131,nv,HAM_0002064
0,0.5014755725860596,1,ham10000,ISIC_0028776,nv,HAM_0002065
0,0.5457087755203247,1,ham10000,ISIC_0030936,nv,HAM_0002066
0,0.5754275321960449,1,ham10000,ISIC_0025094,nv,HAM_0002067
0,0.4105934798717499,1,ham10000,ISIC_0029710,nv,HAM_0002068
1,0.8309325575828552,1,ham10000,ISIC_0029331,bcc,HAM_0002069
1,0.847689151763916,1,ham10000,ISIC_0028659,akiec,HAM_0002070
0,0.30321937799453735,1,ham10000,ISIC_0031616,nv,HAM_0002071
0,0.3956320881843567,1,ham10000,ISIC_0027794,nv,HAM_0002072
0,0.3522147238254547,1,ham10000,ISIC_0025406,nv,HAM_0002073
0,0.70652836561203,1,ham10000,ISIC_0032575,nv,HAM_0002074
0,0.6070652008056641,1,ham10000,ISIC_0026678,nv,HAM_0002075
0,0.5127367973327637,1,ham10000,ISIC_0024720,nv,HAM_0002076
0,0.49367445707321167,1,ham10000,ISIC_0031936,nv,HAM_0002077
0,0.8318414092063904,1,ham10000,ISIC_0027042,bkl,HAM_0002078
1,0.21285389363765717,0,ham10000,ISIC_0029146,mel,HAM_0002079
0,0.20691542327404022,0,ham10000,ISIC_0029619,nv,HAM_0002080
0,0.5618560314178467,1,ham10000,ISIC_0029120,nv,HAM_0002081
0,0.5326201915740967,1,ham10000,ISIC_0031325,nv,HAM_0002082
1,0.6629313230514526,1,ham10000,ISIC_0024432,bcc,HAM_0002083
0,0.433260053396225,1,ham10000,ISIC_0027311,nv,HAM_0002084
0,0.19914770126342773,0,ham10000,ISIC_0031336,nv,HAM_0002085
1,0.8728107810020447,1,ham10000,ISIC_0033814,mel,HAM_0002086
0,0.7757098078727722,1,ham10000,ISIC_0027949,nv,HAM_0002087
0,0.6072648763656616,1,ham10000,ISIC_0024377,nv,HAM_0002088
0,0.5635982155799866,1,ham10000,ISIC_0025614,nv,HAM_0002089
0,0.17347519099712372,0,ham10000,ISIC_0032299,nv,HAM_0002090
0,0.09627674520015717,0,ham10000,ISIC_0025857,nv,HAM_0002091
0,0.7103361487388611,1,ham10000,ISIC_0025510,bkl,HAM_0002092
0,0.27994707226753235,1,ham10000,ISIC_0027032,nv,HAM_0002093
1,0.060041505843400955,0,ham10000,ISIC_0030549,akiec,HAM_0002094
0,0.5725400447845459,1,ham10000,ISIC_0026244,nv,HAM_0002095
0,0.6812018752098083,1,ham10000,ISIC_0028209,bkl,HAM_0002096
0,0.569919764995575,1,ham10000,ISIC_0025687,nv,HAM_0002097
0,0.28871938586235046,1,ham10000,ISIC_0030218,nv,HAM_0002098
1,0.6802603006362915,1,ham10000,ISIC_0026847,mel,HAM_0002099
0,0.7327086925506592,1,ham10000,ISIC_0031440,nv,HAM_0002100
0,0.5550398230552673,1,ham10000,ISIC_0029398,nv,HAM_0002101
0,0.42848995327949524,1,ham10000,ISIC_0024474,nv,HAM_0002102
0,0.4589442014694214,1,ham10000,ISIC_0026034,nv,HAM_0002103
0,0.16700728237628937,0,ham10000,ISIC_0026410,nv,HAM_0002104
0,0.4778757095336914,1,ham10000,ISIC_0027854,nv,HAM_0002105
0,0.4896572232246399,1,ham10000,ISIC_0025156,nv,HAM_0002106
0,0.4723704755306244,1,ham10000,ISIC_0028857,nv,HAM_0002107
0,0.46540164947509766,1,ham10000,ISIC_0025457,nv,HAM_0002108
1,0.6373125314712524,1,ham10000,ISIC_0028897,mel,HAM_0002109
0,0.5834941864013672,1,ham10000,ISIC_0026782,nv,HAM_0002110
0,0.30689921975135803,1,ham10000,ISIC_0031534,nv,HAM_0002111
0,0.5504604578018188,1,ham10000,ISIC_0030820,nv,HAM_0002112
1,0.2635859549045563,1,ham10000,ISIC_0029839,mel,HAM_0002113
0,0.3319184184074402,1,ham10000,ISIC_0026504,nv,HAM_0002114
1,0.7946784496307373,1,ham10000,ISIC_0032408,mel,HAM_0002115
0,0.4397479295730591,1,ham10000,ISIC_0029407,nv,HAM_0002116
0,0.260973185300827,1,ham10000,ISIC_0032324,nv,HAM_0002117
0,0.4247884154319763,1,ham10000,ISIC_0028249,nv,HAM_0002118
1,0.7267488837242126,1,ham10000,ISIC_0032248,mel,HAM_0002119
0,0.5662718415260315,1,ham10000,ISIC_0028010,nv,HAM_0002120
0,0.7399072051048279,1,ham10000,ISIC_0032486,bkl,HAM_0002121
0,0.22995330393314362,1,ham10000,ISIC_0029408,nv,HAM_0002122
0,0.3083646297454834,1,ham10000,ISIC_0030412,nv,HAM_0002123
0,0.22806578874588013,1,ham10000,ISIC_0025175,nv,HAM_0002124
0,0.46257132291793823,1,ham10000,ISIC_0025502,nv,HAM_0002125
0,0.4515670835971832,1,ham10000,ISIC_0028563,nv,HAM_0002126
0,0.49992263317108154,1,ham10000,ISIC_0029837,bkl,HAM_0002127
0,0.5893662571907043,1,ham10000,ISIC_0029867,nv,HAM_0002128
0,0.3361161947250366,1,ham10000,ISIC_0025903,df,HAM_0002129
1,0.48683249950408936,1,ham10000,ISIC_0029570,mel,HAM_0002130
1,0.4269571900367737,1,ham10000,ISIC_0030901,mel,HAM_0002131
0,0.4205166697502136,1,ham10000,ISIC_0027647,nv,HAM_0002132
0,0.2283189445734024,1,ham10000,ISIC_0027885,nv,HAM_0002133
1,0.6939458250999451,1,ham10000,ISIC_0024431,bcc,HAM_0002134
0,0.693940281867981,1,ham10000,ISIC_0032974,nv,HAM_0002135
0,0.7329279780387878,1,ham10000,ISIC_0032914,nv,HAM_0002136
0,0.423505038022995,1,ham10000,ISIC_0030217,nv,HAM_0002137
0,0.16703923046588898,0,ham10000,ISIC_0027834,nv,HAM_0002138
0,0.6048374176025391,1,ham10000,ISIC_0032786,nv,HAM_0002139
0,0.4932817816734314,1,ham10000,ISIC_0032472,nv,HAM_0002140
0,0.3546605110168457,1,ham10000,ISIC_0029338,nv,HAM_0002141
0,0.7296114563941956,1,ham10000,ISIC_0025960,nv,HAM_0002142
1,0.6073969602584839,1,ham10000,ISIC_0025451,mel,HAM_0002143
0,0.41607150435447693,1,ham10000,ISIC_0031682,nv,HAM_0002144
0,0.09938322752714157,0,ham10000,ISIC_0028469,nv,HAM_0002145
0,0.40143096446990967,1,ham10000,ISIC_0025686,nv,HAM_0002146
0,0.4581570327281952,1,ham10000,ISIC_0029537,nv,HAM_0002147
0,0.36385542154312134,1,ham10000,ISIC_0031214,nv,HAM_0002148
1,0.6485251784324646,1,ham10000,ISIC_0033042,mel,HAM_0002149
0,0.6312286257743835,1,ham10000,ISIC_0027364,nv,HAM_0002150
0,0.3616183400154114,1,ham10000,ISIC_0029870,nv,HAM_0002151
0,0.4087703227996826,1,ham10000,ISIC_0030234,nv,HAM_0002152
0,0.34200921654701233,1,ham10000,ISIC_0029297,df,HAM_0002153
0,0.5579719543457031,1,ham10000,ISIC_0027379,nv,HAM_0002154
0,0.44835567474365234,1,ham10000,ISIC_0027696,nv,HAM_0002155
0,0.31708618998527527,1,ham10000,ISIC_0024802,nv,HAM_0002156
0,0.48543280363082886,1,ham10000,ISIC_0030763,nv,HAM_0002157
1,0.4253573417663574,1,ham10000,ISIC_0025411,akiec,HAM_0002158
0,0.6078818440437317,1,ham10000,ISIC_0030355,nv,HAM_0002159
0,0.4013633131980896,1,ham10000,ISIC_0028712,nv,HAM_0002160
0,0.37727710604667664,1,ham10000,ISIC_0025392,bkl,HAM_0002161
0,0.3740220069885254,1,ham10000,ISIC_0030708,nv,HAM_0002162
0,0.3339216113090515,1,ham10000,ISIC_0030250,nv,HAM_0002163
0,0.08412591367959976,0,ham10000,ISIC_0032852,nv,HAM_0002164
0,0.11671841144561768,0,ham10000,ISIC_0031172,nv,HAM_0002165
0,0.4558226466178894,1,ham10000,ISIC_0028077,nv,HAM_0002166
1,0.7536763548851013,1,ham10000,ISIC_0026952,bcc,HAM_0002167
0,0.3416886627674103,1,ham10000,ISIC_0028002,nv,HAM_0002168
0,0.7615191340446472,1,ham10000,ISIC_0031593,bkl,HAM_0002169
0,0.5436304211616516,1,ham10000,ISIC_0033075,nv,HAM_0002170
0,0.5722469091415405,1,ham10000,ISIC_0028529,nv,HAM_0002171
0,0.6610841751098633,1,ham10000,ISIC_0024416,nv,HAM_0002172
0,0.23458585143089294,1,ham10000,ISIC_0030157,nv,HAM_0002173
0,0.30321580171585083,1,ham10000,ISIC_0025138,nv,HAM_0002174
0,0.29173317551612854,1,ham10000,ISIC_0028369,nv,HAM_0002175
0,0.49898865818977356,1,ham10000,ISIC_0026341,nv,HAM_0002176
0,0.175848126411438,0,ham10000,ISIC_0025612,vasc,HAM_0002177
0,0.1419549137353897,0,ham10000,ISIC_0024401,nv,HAM_0002178
0,0.4885864853858948,1,ham10000,ISIC_0028654,nv,HAM_0002179
0,0.4304944574832916,1,ham10000,ISIC_0027479,nv,HAM_0002180
0,0.15909647941589355,0,ham10000,ISIC_0030972,nv,HAM_0002181
1,0.8203911781311035,1,ham10000,ISIC_0030539,mel,HAM_0002182
0,0.34172889590263367,1,ham10000,ISIC_0031912,nv,HAM_0002183
0,0.6213823556900024,1,ham10000,ISIC_0032325,bkl,HAM_0002184
1,0.8056913614273071,1,ham10000,ISIC_0030794,akiec,HAM_0002185
1,0.6939058303833008,1,ham10000,ISIC_0028463,mel,HAM_0002186
0,0.7006092667579651,1,ham10000,ISIC_0028981,nv,HAM_0002187
0,0.2062770128250122,0,ham10000,ISIC_0032196,nv,HAM_0002188
0,0.5708572864532471,1,ham10000,ISIC_0030940,nv,HAM_0002189
0,0.42521098256111145,1,ham10000,ISIC_0026046,bkl,HAM_0002190
0,0.3614139258861542,1,ham10000,ISIC_0028278,nv,HAM_0002191
0,0.5066705346107483,1,ham10000,ISIC_0027388,bkl,HAM_0002192
0,0.603328287601471,1,ham10000,ISIC_0027392,bkl,HAM_0002193
1,0.755965530872345,1,ham10000,ISIC_0025814,mel,HAM_0002194
0,0.6393365263938904,1,ham10000,ISIC_0031576,nv,HAM_0002195
1,0.7375723719596863,1,ham10000,ISIC_0024930,mel,HAM_0002196
1,0.5656867623329163,1,ham10000,ISIC_0028709,mel,HAM_0002197
0,0.6384763121604919,1,ham10000,ISIC_0024314,nv,HAM_0002198
0,0.560864269733429,1,ham10000,ISIC_0029522,bkl,HAM_0002199
0,0.3249224126338959,1,ham10000,ISIC_0025951,nv,HAM_0002200
0,0.544100821018219,1,ham10000,ISIC_0024514,nv,HAM_0002201
0,0.5445123910903931,1,ham10000,ISIC_0027315,nv,HAM_0002202
0,0.33972275257110596,1,ham10000,ISIC_0031391,nv,HAM_0002203
0,0.4267144203186035,1,ham10000,ISIC_0026217,nv,HAM_0002205
0,0.0546848438680172,0,ham10000,ISIC_0033727,nv,HAM_0002206
0,0.5255540013313293,1,ham10000,ISIC_0025588,nv,HAM_0002207
0,0.5404754281044006,1,ham10000,ISIC_0033818,nv,HAM_0002208
0,0.411857545375824,1,ham10000,ISIC_0031226,bkl,HAM_0002209
0,0.3467095196247101,1,ham10000,ISIC_0031627,nv,HAM_0002210
0,0.3784998059272766,1,ham10000,ISIC_0026862,nv,HAM_0002211
0,0.2790433466434479,1,ham10000,ISIC_0029988,nv,HAM_0002212
0,0.5820412635803223,1,ham10000,ISIC_0030222,nv,HAM_0002213
0,0.3989432156085968,1,ham10000,ISIC_0027465,nv,HAM_0002214
0,0.2806233763694763,1,ham10000,ISIC_0028539,nv,HAM_0002215
0,0.7950707674026489,1,ham10000,ISIC_0026305,nv,HAM_0002216
0,0.5622507333755493,1,ham10000,ISIC_0024906,nv,HAM_0002217
0,0.7021936178207397,1,ham10000,ISIC_0025578,vasc,HAM_0002218
0,0.38716596364974976,1,ham10000,ISIC_0031679,nv,HAM_0002219
0,0.43692833185195923,1,ham10000,ISIC_0024942,nv,HAM_0002220
0,0.41776493191719055,1,ham10000,ISIC_0026255,nv,HAM_0002221
0,0.34453123807907104,1,ham10000,ISIC_0025021,nv,HAM_0002222
0,0.2852655053138733,1,ham10000,ISIC_0026176,nv,HAM_0002223
1,0.7772290706634521,1,ham10000,ISIC_0029278,bcc,HAM_0002224
0,0.5568575263023376,1,ham10000,ISIC_0032066,nv,HAM_0002225
0,0.4927186965942383,1,ham10000,ISIC_0025407,nv,HAM_0002226
0,0.5381323099136353,1,ham10000,ISIC_0024786,bkl,HAM_0002227
0,0.786162793636322,1,ham10000,ISIC_0032035,nv,HAM_0002228
0,0.421173632144928,1,ham10000,ISIC_0025423,nv,HAM_0002229
0,0.4509061872959137,1,ham10000,ISIC_0026243,nv,HAM_0002230
0,0.5546771287918091,1,ham10000,ISIC_0028235,nv,HAM_0002231
1,0.6419660449028015,1,ham10000,ISIC_0025825,akiec,HAM_0002232
0,0.2627396285533905,1,ham10000,ISIC_0025774,nv,HAM_0002233
0,0.6031153798103333,1,ham10000,ISIC_0032412,nv,HAM_0002234
1,0.6927832961082458,1,ham10000,ISIC_0032569,mel,HAM_0002235
0,0.16900071501731873,0,ham10000,ISIC_0027894,nv,HAM_0002236
0,0.5748910307884216,1,ham10000,ISIC_0028053,nv,HAM_0002237
0,0.6759877800941467,1,ham10000,ISIC_0026374,nv,HAM_0002238
0,0.3134528398513794,1,ham10000,ISIC_0028021,nv,HAM_0002239
1,0.6367067098617554,1,ham10000,ISIC_0024332,bcc,HAM_0002240
0,0.4106060564517975,1,ham10000,ISIC_0026459,nv,HAM_0002241
0,0.2714500427246094,1,ham10000,ISIC_0026511,bkl,HAM_0002242
1,0.8038604259490967,1,ham10000,ISIC_0032777,bcc,HAM_0002243
0,0.688468337059021,1,ham10000,ISIC_0032549,nv,HAM_0002244
0,0.19746096432209015,0,ham10000,ISIC_0028248,nv,HAM_0002245
0,0.5326072573661804,1,ham10000,ISIC_0030702,nv,HAM_0002246
0,0.4783308207988739,1,ham10000,ISIC_0029205,nv,HAM_0002247
0,0.3681845963001251,1,ham10000,ISIC_0029011,nv,HAM_0002248
0,0.668067991733551,1,ham10000,ISIC_0029520,nv,HAM_0002249
0,0.20855459570884705,0,ham10000,ISIC_0029426,nv,HAM_0002250
0,0.37598440051078796,1,ham10000,ISIC_0024438,nv,HAM_0002251
0,0.25454649329185486,1,ham10000,ISIC_0031227,nv,HAM_0002252
0,0.6939730048179626,1,ham10000,ISIC_0032548,nv,HAM_0002253
0,0.3077489733695984,1,ham10000,ISIC_0028027,nv,HAM_0002254
0,0.07023941725492477,0,ham10000,ISIC_0030726,nv,HAM_0002255
0,0.554097056388855,1,ham10000,ISIC_0026214,nv,HAM_0002256
0,0.5390400886535645,1,ham10000,ISIC_0033448,nv,HAM_0002257
1,0.5903410911560059,1,ham10000,ISIC_0029220,bcc,HAM_0002258
0,0.3499605655670166,1,ham10000,ISIC_0028333,nv,HAM_0002259
0,0.43321558833122253,1,ham10000,ISIC_0028699,nv,HAM_0002260
1,0.7444084882736206,1,ham10000,ISIC_0025808,akiec,HAM_0002261
0,0.36025357246398926,1,ham10000,ISIC_0027307,nv,HAM_0002262
0,0.3286131024360657,1,ham10000,ISIC_0030252,nv,HAM_0002263
0,0.23664537072181702,1,ham10000,ISIC_0024838,nv,HAM_0002264
0,0.577216625213623,1,ham10000,ISIC_0030791,nv,HAM_0002265
0,0.1751672923564911,0,ham10000,ISIC_0027136,nv,HAM_0002266
0,0.1652720868587494,0,ham10000,ISIC_0026937,nv,HAM_0002267
0,0.5550692081451416,1,ham10000,ISIC_0026070,bkl,HAM_0002268
1,0.7420769929885864,1,ham10000,ISIC_0024443,bcc,HAM_0002269
0,0.4831719994544983,1,ham10000,ISIC_0031607,nv,HAM_0002270
0,0.6356797814369202,1,ham10000,ISIC_0026048,nv,HAM_0002271
0,0.5028905272483826,1,ham10000,ISIC_0025371,nv,HAM_0002272
0,0.2763669788837433,1,ham10000,ISIC_0026772,nv,HAM_0002273
0,0.4728468060493469,1,ham10000,ISIC_0026381,nv,HAM_0002274
0,0.5814735889434814,1,ham10000,ISIC_0031774,nv,HAM_0002275
0,0.4700067937374115,1,ham10000,ISIC_0025366,bkl,HAM_0002276
0,0.18203230202198029,0,ham10000,ISIC_0025080,nv,HAM_0002277
0,0.41297000646591187,1,ham10000,ISIC_0026353,nv,HAM_0002278
0,0.07671099901199341,0,ham10000,ISIC_0031427,nv,HAM_0002279
0,0.18616902828216553,0,ham10000,ISIC_0027275,bkl,HAM_0002280
0,0.4007485508918762,1,ham10000,ISIC_0031193,nv,HAM_0002281
0,0.34584739804267883,1,ham10000,ISIC_0034045,nv,HAM_0002282
0,0.5719119906425476,1,ham10000,ISIC_0028869,nv,HAM_0002283
0,0.5734827518463135,1,ham10000,ISIC_0026449,nv,HAM_0002284
0,0.33946341276168823,1,ham10000,ISIC_0026309,nv,HAM_0002285
0,0.20602743327617645,0,ham10000,ISIC_0029876,nv,HAM_0002286
0,0.433366596698761,1,ham10000,ISIC_0026891,nv,HAM_0002287
0,0.46396756172180176,1,ham10000,ISIC_0027803,nv,HAM_0002288
0,0.37976881861686707,1,ham10000,ISIC_0032266,nv,HAM_0002289
0,0.17335714399814606,0,ham10000,ISIC_0027941,nv,HAM_0002290
0,0.36129531264305115,1,ham10000,ISIC_0024836,nv,HAM_0002291
0,0.4424161911010742,1,ham10000,ISIC_0031183,nv,HAM_0002292
0,0.6919159293174744,1,ham10000,ISIC_0027351,nv,HAM_0002293
0,0.4354798495769501,1,ham10000,ISIC_0025221,nv,HAM_0002294
0,0.4553377330303192,1,ham10000,ISIC_0025488,nv,HAM_0002295
0,0.4010133743286133,1,ham10000,ISIC_0026834,nv,HAM_0002296
0,0.5652056932449341,1,ham10000,ISIC_0026095,nv,HAM_0002297
0,0.34198373556137085,1,ham10000,ISIC_0031483,nv,HAM_0002298
0,0.5969785451889038,1,ham10000,ISIC_0025819,bkl,HAM_0002299
0,0.5157419443130493,1,ham10000,ISIC_0024366,nv,HAM_0002300
0,0.4988291263580322,1,ham10000,ISIC_0028555,bkl,HAM_0002301
0,0.2672519087791443,1,ham10000,ISIC_0029633,nv,HAM_0002302
0,0.598747730255127,1,ham10000,ISIC_0031037,bkl,HAM_0002303
0,0.14411737024784088,0,ham10000,ISIC_0024648,nv,HAM_0002304
0,0.49903473258018494,1,ham10000,ISIC_0029693,nv,HAM_0002305
0,0.7259213328361511,1,ham10000,ISIC_0027606,bkl,HAM_0002306
1,0.31507137417793274,1,ham10000,ISIC_0026549,akiec,HAM_0002307
0,0.4025759994983673,1,ham10000,ISIC_0027193,nv,HAM_0002308
0,0.3733862638473511,1,ham10000,ISIC_0031910,nv,HAM_0002309
0,0.33917737007141113,1,ham10000,ISIC_0025848,nv,HAM_0002310
0,0.4533297121524811,1,ham10000,ISIC_0028514,nv,HAM_0002311
1,0.4620765447616577,1,ham10000,ISIC_0025650,bcc,HAM_0002312
1,0.5951710343360901,1,ham10000,ISIC_0024461,bcc,HAM_0002313
0,0.6107897162437439,1,ham10000,ISIC_0027662,nv,HAM_0002314
0,0.18799573183059692,0,ham10000,ISIC_0028312,nv,HAM_0002315
0,0.7314800024032593,1,ham10000,ISIC_0029217,bkl,HAM_0002316
0,0.18283674120903015,0,ham10000,ISIC_0027268,nv,HAM_0002317
0,0.38990703225135803,1,ham10000,ISIC_0026797,nv,HAM_0002318
0,0.446022629737854,1,ham10000,ISIC_0026600,nv,HAM_0002319
0,0.4844854176044464,1,ham10000,ISIC_0025163,nv,HAM_0002320
0,0.3431483209133148,1,ham10000,ISIC_0029015,nv,HAM_0002321
0,0.3231215476989746,1,ham10000,ISIC_0027912,nv,HAM_0002322
0,0.7138081192970276,1,ham10000,ISIC_0029976,nv,HAM_0002323
0,0.23236240446567535,1,ham10000,ISIC_0025381,nv,HAM_0002324
0,0.5402393937110901,1,ham10000,ISIC_0033021,nv,HAM_0002325
0,0.37125810980796814,1,ham10000,ISIC_0027346,nv,HAM_0002326
0,0.7159528732299805,1,ham10000,ISIC_0032883,bkl,HAM_0002327
0,0.13124489784240723,0,ham10000,ISIC_0026896,nv,HAM_0002328
0,0.5004832744598389,1,ham10000,ISIC_0032911,nv,HAM_0002329
0,0.09124995023012161,0,ham10000,ISIC_0027430,nv,HAM_0002330
0,0.37139418721199036,1,ham10000,ISIC_0028068,nv,HAM_0002331
0,0.4372323155403137,1,ham10000,ISIC_0025670,nv,HAM_0002332
0,0.6195767521858215,1,ham10000,ISIC_0031405,nv,HAM_0002333
1,0.7692767381668091,1,ham10000,ISIC_0027786,bcc,HAM_0002334
0,0.672760009765625,1,ham10000,ISIC_0030465,bkl,HAM_0002335
0,0.203160360455513,0,ham10000,ISIC_0031446,nv,HAM_0002336
0,0.5026321411132812,1,ham10000,ISIC_0029949,nv,HAM_0002337
1,0.3214643895626068,1,ham10000,ISIC_0028103,mel,HAM_0002338
0,0.2922239899635315,1,ham10000,ISIC_0026597,nv,HAM_0002339
0,0.360001802444458,1,ham10000,ISIC_0029047,nv,HAM_0002340
0,0.4270274341106415,1,ham10000,ISIC_0029117,nv,HAM_0002341
1,0.8757801651954651,1,ham10000,ISIC_0032917,mel,HAM_0002342
1,0.5676945447921753,1,ham10000,ISIC_0028158,akiec,HAM_0002343
0,0.4727202355861664,1,ham10000,ISIC_0026778,nv,HAM_0002344
0,0.565061628818512,1,ham10000,ISIC_0031982,nv,HAM_0002345
1,0.7153737545013428,1,ham10000,ISIC_0026343,bcc,HAM_0002346
0,0.3345978260040283,1,ham10000,ISIC_0030022,nv,HAM_0002347
0,0.6851421594619751,1,ham10000,ISIC_0025240,nv,HAM_0002348
0,0.7207865118980408,1,ham10000,ISIC_0025008,nv,HAM_0002349
0,0.4394356310367584,1,ham10000,ISIC_0026015,bkl,HAM_0002350
0,0.1507711410522461,0,ham10000,ISIC_0028788,nv,HAM_0002351
0,0.41177791357040405,1,ham10000,ISIC_0032319,nv,HAM_0002352
0,0.2567673325538635,1,ham10000,ISIC_0028705,nv,HAM_0002353
0,0.6036191582679749,1,ham10000,ISIC_0025559,nv,HAM_0002354
0,0.5762525200843811,1,ham10000,ISIC_0029202,bkl,HAM_0002355
0,0.05727338418364525,0,ham10000,ISIC_0030889,nv,HAM_0002356
0,0.27258220314979553,1,ham10000,ISIC_0030137,bkl,HAM_0002357
0,0.24346324801445007,1,ham10000,ISIC_0027973,bkl,HAM_0002358
0,0.3533082604408264,1,ham10000,ISIC_0024863,nv,HAM_0002359
0,0.4545634388923645,1,ham10000,ISIC_0028024,nv,HAM_0002360
0,0.38080254197120667,1,ham10000,ISIC_0026285,nv,HAM_0002361
0,0.30877113342285156,1,ham10000,ISIC_0025307,nv,HAM_0002362
0,0.7417734861373901,1,ham10000,ISIC_0032924,nv,HAM_0002363
0,0.6436985731124878,1,ham10000,ISIC_0024712,nv,HAM_0002364
0,0.5193794965744019,1,ham10000,ISIC_0029880,bkl,HAM_0002366
0,0.38785555958747864,1,ham10000,ISIC_0033150,nv,HAM_0002367
0,0.6206841468811035,1,ham10000,ISIC_0024841,nv,HAM_0002368
0,0.39651140570640564,1,ham10000,ISIC_0027016,nv,HAM_0002369
0,0.2108313888311386,0,ham10000,ISIC_0028945,nv,HAM_0002370
0,0.21559548377990723,0,ham10000,ISIC_0032271,bkl,HAM_0002371
0,0.6011040806770325,1,ham10000,ISIC_0033124,bkl,HAM_0002372
0,0.5909224152565002,1,ham10000,ISIC_0030703,nv,HAM_0002373
0,0.13785962760448456,0,ham10000,ISIC_0024780,nv,HAM_0002374
1,0.5887334942817688,1,ham10000,ISIC_0024940,mel,HAM_0002375
1,0.8307243585586548,1,ham10000,ISIC_0033856,mel,HAM_0002377
0,0.2553301155567169,1,ham10000,ISIC_0026087,nv,HAM_0002378
0,0.28099024295806885,1,ham10000,ISIC_0026082,nv,HAM_0002379
0,0.40790805220603943,1,ham10000,ISIC_0029807,nv,HAM_0002380
0,0.5352364778518677,1,ham10000,ISIC_0030680,nv,HAM_0002381
0,0.4572095274925232,1,ham10000,ISIC_0025916,nv,HAM_0002382
0,0.3062218725681305,1,ham10000,ISIC_0032488,nv,HAM_0002383
0,0.4260949492454529,1,ham10000,ISIC_0026195,nv,HAM_0002384
0,0.40063539147377014,1,ham10000,ISIC_0024549,nv,HAM_0002385
0,0.4679263234138489,1,ham10000,ISIC_0033640,nv,HAM_0002386
0,0.37186169624328613,1,ham10000,ISIC_0030292,nv,HAM_0002387
0,0.41695693135261536,1,ham10000,ISIC_0025200,nv,HAM_0002388
0,0.44804492592811584,1,ham10000,ISIC_0026701,nv,HAM_0002389
0,0.13892950117588043,0,ham10000,ISIC_0029439,vasc,HAM_0002390
1,0.675410270690918,1,ham10000,ISIC_0027260,mel,HAM_0002391
0,0.44003826379776,1,ham10000,ISIC_0028233,bkl,HAM_0002392
0,0.4629073143005371,1,ham10000,ISIC_0026879,nv,HAM_0002393
0,0.32470452785491943,1,ham10000,ISIC_0029550,nv,HAM_0002394
0,0.31267258524894714,1,ham10000,ISIC_0029750,nv,HAM_0002395
0,0.46774208545684814,1,ham10000,ISIC_0026025,nv,HAM_0002396
1,0.7172159552574158,1,ham10000,ISIC_0029192,bcc,HAM_0002397
0,0.08691901713609695,0,ham10000,ISIC_0028208,nv,HAM_0002398
0,0.5151979327201843,1,ham10000,ISIC_0030330,nv,HAM_0002399
0,0.4011850655078888,1,ham10000,ISIC_0024772,bkl,HAM_0002400
0,0.4277906119823456,1,ham10000,ISIC_0028204,nv,HAM_0002401
0,0.5099219083786011,1,ham10000,ISIC_0033515,nv,HAM_0002402
0,0.48343920707702637,1,ham10000,ISIC_0028612,nv,HAM_0002403
0,0.5603948831558228,1,ham10000,ISIC_0031776,nv,HAM_0002404
0,0.42691925168037415,1,ham10000,ISIC_0030380,nv,HAM_0002405
0,0.45648303627967834,1,ham10000,ISIC_0030568,nv,HAM_0002406
0,0.2184383124113083,1,ham10000,ISIC_0028731,nv,HAM_0002407
0,0.675591766834259,1,ham10000,ISIC_0031359,nv,HAM_0002408
0,0.6527377367019653,1,ham10000,ISIC_0028368,nv,HAM_0002409
0,0.578098475933075,1,ham10000,ISIC_0026639,nv,HAM_0002410
0,0.24550975859165192,1,ham10000,ISIC_0025946,nv,HAM_0002411
0,0.29740792512893677,1,ham10000,ISIC_0026287,nv,HAM_0002412
0,0.44170841574668884,1,ham10000,ISIC_0032543,nv,HAM_0002413
0,0.3352331817150116,1,ham10000,ISIC_0027661,nv,HAM_0002414
0,0.28737619519233704,1,ham10000,ISIC_0026121,nv,HAM_0002415
0,0.6190939545631409,1,ham10000,ISIC_0026816,nv,HAM_0002416
0,0.6674220561981201,1,ham10000,ISIC_0032943,nv,HAM_0002417
0,0.23309290409088135,1,ham10000,ISIC_0030711,nv,HAM_0002418
0,0.45245206356048584,1,ham10000,ISIC_0032359,bkl,HAM_0002419
0,0.15939746797084808,0,ham10000,ISIC_0028796,nv,HAM_0002420
1,0.7041950225830078,1,ham10000,ISIC_0028556,bcc,HAM_0002421
0,0.32980337738990784,1,ham10000,ISIC_0031566,nv,HAM_0002422
0,0.2609330117702484,1,ham10000,ISIC_0025088,nv,HAM_0002423
0,0.8113166093826294,1,ham10000,ISIC_0028104,bkl,HAM_0002424
0,0.5954774022102356,1,ham10000,ISIC_0032682,nv,HAM_0002425
0,0.24735142290592194,1,ham10000,ISIC_0024348,nv,HAM_0002426
1,0.5303557515144348,1,ham10000,ISIC_0027629,bcc,HAM_0002427
0,0.17952531576156616,0,ham10000,ISIC_0026510,nv,HAM_0002428
0,0.37620052695274353,1,ham10000,ISIC_0028139,nv,HAM_0002429
1,0.8317276835441589,1,ham10000,ISIC_0027673,mel,HAM_0002430
0,0.5626657605171204,1,ham10000,ISIC_0032657,nv,HAM_0002431
0,0.6914277076721191,1,ham10000,ISIC_0029775,nv,HAM_0002432
0,0.38228562474250793,1,ham10000,ISIC_0032011,nv,HAM_0002433
0,0.6259213089942932,1,ham10000,ISIC_0033253,nv,HAM_0002434
0,0.1889975219964981,0,ham10000,ISIC_0028366,nv,HAM_0002435
1,0.6792786717414856,1,ham10000,ISIC_0025127,mel,HAM_0002436
0,0.30648645758628845,1,ham10000,ISIC_0031899,nv,HAM_0002437
0,0.2686513662338257,1,ham10000,ISIC_0026527,nv,HAM_0002438
0,0.37333282828330994,1,ham10000,ISIC_0031083,nv,HAM_0002439
0,0.46355295181274414,1,ham10000,ISIC_0029723,nv,HAM_0002440
1,0.6453102231025696,1,ham10000,ISIC_0030491,akiec,HAM_0002441
0,0.4799225330352783,1,ham10000,ISIC_0026325,nv,HAM_0002442
0,0.3142799735069275,1,ham10000,ISIC_0029685,nv,HAM_0002443
0,0.4681670665740967,1,ham10000,ISIC_0029852,nv,HAM_0002444
0,0.308719277381897,1,ham10000,ISIC_0030879,nv,HAM_0002445
0,0.033446066081523895,0,ham10000,ISIC_0028521,nv,HAM_0002446
0,0.5684925317764282,1,ham10000,ISIC_0033281,nv,HAM_0002448
0,0.1549406498670578,0,ham10000,ISIC_0024391,nv,HAM_0002449
0,0.7421360015869141,1,ham10000,ISIC_0024318,df,HAM_0002450
0,0.4700707495212555,1,ham10000,ISIC_0028150,nv,HAM_0002451
0,0.09343117475509644,0,ham10000,ISIC_0024491,nv,HAM_0002452
0,0.30958396196365356,1,ham10000,ISIC_0029921,nv,HAM_0002453
0,0.14460435509681702,0,ham10000,ISIC_0024628,nv,HAM_0002454
0,0.7384699583053589,1,ham10000,ISIC_0032099,bkl,HAM_0002455
0,0.5643718838691711,1,ham10000,ISIC_0031223,bkl,HAM_0002456
0,0.38760507106781006,1,ham10000,ISIC_0027457,nv,HAM_0002457
0,0.46627965569496155,1,ham10000,ISIC_0026155,nv,HAM_0002458
0,0.3661312460899353,1,ham10000,ISIC_0029305,nv,HAM_0002459
0,0.26949170231819153,1,ham10000,ISIC_0032336,nv,HAM_0002460
1,0.6048776507377625,1,ham10000,ISIC_0025953,akiec,HAM_0002461
0,0.7822636365890503,1,ham10000,ISIC_0024498,bkl,HAM_0002462
0,0.43732476234436035,1,ham10000,ISIC_0029052,df,HAM_0002463
0,0.5820519924163818,1,ham10000,ISIC_0030566,nv,HAM_0002464
0,0.4418022930622101,1,ham10000,ISIC_0026565,nv,HAM_0002465
0,0.15743598341941833,0,ham10000,ISIC_0030128,nv,HAM_0002466
1,0.846903920173645,1,ham10000,ISIC_0030893,bcc,HAM_0002467
0,0.21486935019493103,0,ham10000,ISIC_0028018,nv,HAM_0002468
0,0.17414700984954834,0,ham10000,ISIC_0029419,nv,HAM_0002469
0,0.5842637419700623,1,ham10000,ISIC_0026611,nv,HAM_0002470
1,0.7345038056373596,1,ham10000,ISIC_0027060,mel,HAM_0002471
1,0.7314394116401672,1,ham10000,ISIC_0025696,akiec,HAM_0002472
0,0.3846856653690338,1,ham10000,ISIC_0025922,nv,HAM_0002473
0,0.35720548033714294,1,ham10000,ISIC_0030658,nv,HAM_0002474
0,0.15212035179138184,0,ham10000,ISIC_0026685,nv,HAM_0002475
0,0.6387700438499451,1,ham10000,ISIC_0027837,nv,HAM_0002476
1,0.6904195547103882,1,ham10000,ISIC_0025145,mel,HAM_0002477
0,0.1451539844274521,0,ham10000,ISIC_0031787,nv,HAM_0002478
0,0.2828386127948761,1,ham10000,ISIC_0029768,nv,HAM_0002479
0,0.7372576594352722,1,ham10000,ISIC_0028589,nv,HAM_0002480
0,0.6646335124969482,1,ham10000,ISIC_0024684,nv,HAM_0002481
0,0.1443265825510025,0,ham10000,ISIC_0032064,nv,HAM_0002482
0,0.21499839425086975,0,ham10000,ISIC_0032446,nv,HAM_0002483
0,0.48625022172927856,1,ham10000,ISIC_0029194,nv,HAM_0002484
0,0.27731072902679443,1,ham10000,ISIC_0028351,nv,HAM_0002485
0,0.1503787338733673,0,ham10000,ISIC_0028947,nv,HAM_0002486
0,0.3070038855075836,1,ham10000,ISIC_0032503,nv,HAM_0002487
1,0.8042996525764465,1,ham10000,ISIC_0032645,mel,HAM_0002488
0,0.5518399477005005,1,ham10000,ISIC_0030874,nv,HAM_0002489
0,0.7190473675727844,1,ham10000,ISIC_0027889,nv,HAM_0002490
1,0.7723394632339478,1,ham10000,ISIC_0026770,mel,HAM_0002491
0,0.48553889989852905,1,ham10000,ISIC_0028875,nv,HAM_0002492
1,0.2520006000995636,1,ham10000,ISIC_0024323,mel,HAM_0002493
0,0.6921730637550354,1,ham10000,ISIC_0033686,nv,HAM_0002494
0,0.4976036846637726,1,ham10000,ISIC_0031330,nv,HAM_0002495
0,0.2892458438873291,1,ham10000,ISIC_0030861,nv,HAM_0002496
0,0.6086315512657166,1,ham10000,ISIC_0025443,nv,HAM_0002497
0,0.8214022517204285,1,ham10000,ISIC_0032839,vasc,HAM_0002498
0,0.2272457629442215,1,ham10000,ISIC_0024600,nv,HAM_0002499
0,0.43001019954681396,1,ham10000,ISIC_0028169,nv,HAM_0002500
0,0.8066546320915222,1,ham10000,ISIC_0032928,nv,HAM_0002501
0,0.6222684383392334,1,ham10000,ISIC_0032973,nv,HAM_0002502
0,0.7107352018356323,1,ham10000,ISIC_0029676,bkl,HAM_0002503
0,0.17144256830215454,0,ham10000,ISIC_0025455,nv,HAM_0002504
0,0.6731467843055725,1,ham10000,ISIC_0031402,nv,HAM_0002505
1,0.7044031023979187,1,ham10000,ISIC_0029337,bcc,HAM_0002506
0,0.4698309004306793,1,ham10000,ISIC_0030428,nv,HAM_0002508
1,0.6604971289634705,1,ham10000,ISIC_0024732,mel,HAM_0002509
0,0.1651819944381714,0,ham10000,ISIC_0031124,nv,HAM_0002510
0,0.5066719651222229,1,ham10000,ISIC_0025148,nv,HAM_0002511
0,0.4717617928981781,1,ham10000,ISIC_0025768,nv,HAM_0002512
0,0.15008389949798584,0,ham10000,ISIC_0027088,nv,HAM_0002513
0,0.45303040742874146,1,ham10000,ISIC_0026768,nv,HAM_0002514
0,0.5255386233329773,1,ham10000,ISIC_0028744,nv,HAM_0002515
0,0.2920500934123993,1,ham10000,ISIC_0028315,nv,HAM_0002516
0,0.37352433800697327,1,ham10000,ISIC_0031838,nv,HAM_0002517
0,0.3168613910675049,1,ham10000,ISIC_0032028,nv,HAM_0002518
0,0.5768948793411255,1,ham10000,ISIC_0032986,nv,HAM_0002519
0,0.3687436878681183,1,ham10000,ISIC_0032177,nv,HAM_0002520
0,0.7373477816581726,1,ham10000,ISIC_0027828,bkl,HAM_0002521
0,0.45475953817367554,1,ham10000,ISIC_0028382,nv,HAM_0002522
1,0.30430635809898376,1,ham10000,ISIC_0024516,mel,HAM_0002523
0,0.48646149039268494,1,ham10000,ISIC_0026184,nv,HAM_0002524
1,0.40321671962738037,1,ham10000,ISIC_0025188,mel,HAM_0002525
1,0.7557977437973022,1,ham10000,ISIC_0032799,bcc,HAM_0002526
0,0.7051770091056824,1,ham10000,ISIC_0026717,bkl,HAM_0002527
0,0.5813116431236267,1,ham10000,ISIC_0025821,nv,HAM_0002528
0,0.6543117761611938,1,ham10000,ISIC_0026298,bkl,HAM_0002529
0,0.33764708042144775,1,ham10000,ISIC_0028239,nv,HAM_0002530
0,0.6165708303451538,1,ham10000,ISIC_0027467,nv,HAM_0002531
0,0.6434503197669983,1,ham10000,ISIC_0026615,nv,HAM_0002532
0,0.517783522605896,1,ham10000,ISIC_0027755,nv,HAM_0002533
1,0.47224536538124084,1,ham10000,ISIC_0024898,mel,HAM_0002534
0,0.6939330101013184,1,ham10000,ISIC_0027754,bkl,HAM_0002535
0,0.6211162805557251,1,ham10000,ISIC_0032124,bkl,HAM_0002536
0,0.5484751462936401,1,ham10000,ISIC_0028689,nv,HAM_0002537
0,0.5925931930541992,1,ham10000,ISIC_0030770,vasc,HAM_0002538
0,0.3026118278503418,1,ham10000,ISIC_0027422,nv,HAM_0002539
0,0.2904292345046997,1,ham10000,ISIC_0030471,nv,HAM_0002540
0,0.4698127508163452,1,ham10000,ISIC_0028098,nv,HAM_0002541
0,0.5594964623451233,1,ham10000,ISIC_0025817,nv,HAM_0002542
0,0.3844844400882721,1,ham10000,ISIC_0025645,nv,HAM_0002543
0,0.41001439094543457,1,ham10000,ISIC_0029711,nv,HAM_0002544
0,0.354135662317276,1,ham10000,ISIC_0029149,nv,HAM_0002545
0,0.7928034663200378,1,ham10000,ISIC_0030579,df,HAM_0002546
0,0.5772914886474609,1,ham10000,ISIC_0024394,nv,HAM_0002547
0,0.23769822716712952,1,ham10000,ISIC_0027470,bkl,HAM_0002548
0,0.06952621042728424,0,ham10000,ISIC_0030043,nv,HAM_0002549
0,0.5055127739906311,1,ham10000,ISIC_0027682,nv,HAM_0002550
1,0.6813875436782837,1,ham10000,ISIC_0024539,akiec,HAM_0002551
1,0.7501089572906494,1,ham10000,ISIC_0032936,mel,HAM_0002552
0,0.5982446074485779,1,ham10000,ISIC_0032931,nv,HAM_0002553
0,0.6917451620101929,1,ham10000,ISIC_0028585,nv,HAM_0002554
0,0.49706676602363586,1,ham10000,ISIC_0032398,nv,HAM_0002555
0,0.5704843997955322,1,ham10000,ISIC_0025436,nv,HAM_0002556
1,0.8159365057945251,1,ham10000,ISIC_0025927,mel,HAM_0002557
1,0.8454567790031433,1,ham10000,ISIC_0034047,bcc,HAM_0002559
0,0.4362977147102356,1,ham10000,ISIC_0025325,nv,HAM_0002561
0,0.5686865448951721,1,ham10000,ISIC_0025024,nv,HAM_0002562
0,0.17561033368110657,0,ham10000,ISIC_0024607,nv,HAM_0002563
0,0.5065557956695557,1,ham10000,ISIC_0029626,nv,HAM_0002564
1,0.7683582901954651,1,ham10000,ISIC_0032660,bcc,HAM_0002565
0,0.49963095784187317,1,ham10000,ISIC_0024437,nv,HAM_0002566
0,0.41932305693626404,1,ham10000,ISIC_0031048,nv,HAM_0002567
0,0.5751842260360718,1,ham10000,ISIC_0030037,nv,HAM_0002568
0,0.41630759835243225,1,ham10000,ISIC_0034018,nv,HAM_0002569
0,0.07024728506803513,0,ham10000,ISIC_0029952,nv,HAM_0002570
0,0.4436075985431671,1,ham10000,ISIC_0025881,nv,HAM_0002571
0,0.66861891746521,1,ham10000,ISIC_0025422,nv,HAM_0002572
0,0.423823744058609,1,ham10000,ISIC_0030018,nv,HAM_0002573
0,0.4199492037296295,1,ham10000,ISIC_0032666,nv,HAM_0002574
0,0.635717511177063,1,ham10000,ISIC_0026781,nv,HAM_0002575
1,0.2529032230377197,1,ham10000,ISIC_0025414,mel,HAM_0002576
1,0.5869365930557251,1,ham10000,ISIC_0025417,bcc,HAM_0002577
0,0.33079206943511963,1,ham10000,ISIC_0027656,nv,HAM_0002578
0,0.13468395173549652,0,ham10000,ISIC_0031683,nv,HAM_0002579
0,0.3804754912853241,1,ham10000,ISIC_0031252,nv,HAM_0002580
0,0.5653426051139832,1,ham10000,ISIC_0026544,nv,HAM_0002581
0,0.4563789367675781,1,ham10000,ISIC_0032813,nv,HAM_0002582
0,0.39371585845947266,1,ham10000,ISIC_0026572,nv,HAM_0002583
0,0.19967034459114075,0,ham10000,ISIC_0030315,nv,HAM_0002584
0,0.8074399828910828,1,ham10000,ISIC_0027026,bkl,HAM_0002585
0,0.26776498556137085,1,ham10000,ISIC_0025186,nv,HAM_0002586
0,0.4850772023200989,1,ham10000,ISIC_0030485,nv,HAM_0002587
0,0.09793251007795334,0,ham10000,ISIC_0031452,nv,HAM_0002588
0,0.5619012713432312,1,ham10000,ISIC_0026318,nv,HAM_0002589
0,0.2963528633117676,1,ham10000,ISIC_0025010,nv,HAM_0002590
1,0.6391061544418335,1,ham10000,ISIC_0028930,mel,HAM_0002591
0,0.5786412358283997,1,ham10000,ISIC_0029311,bkl,HAM_0002592
0,0.08508661389350891,0,ham10000,ISIC_0029935,nv,HAM_0002593
0,0.43696123361587524,1,ham10000,ISIC_0031047,nv,HAM_0002594
0,0.5959212183952332,1,ham10000,ISIC_0032933,nv,HAM_0002595
0,0.5338869094848633,1,ham10000,ISIC_0032848,nv,HAM_0002596
0,0.5446347594261169,1,ham10000,ISIC_0033045,nv,HAM_0002597
0,0.650381863117218,1,ham10000,ISIC_0033873,nv,HAM_0002598
0,0.6339675784111023,1,ham10000,ISIC_0033143,nv,HAM_0002599
0,0.5309579968452454,1,ham10000,ISIC_0032588,nv,HAM_0002600
0,0.7073273658752441,1,ham10000,ISIC_0032510,nv,HAM_0002601
0,0.44354966282844543,1,ham10000,ISIC_0032798,nv,HAM_0002602
0,0.4726913869380951,1,ham10000,ISIC_0033697,nv,HAM_0002603
0,0.5763449668884277,1,ham10000,ISIC_0033656,nv,HAM_0002604
0,0.6877665519714355,1,ham10000,ISIC_0034164,nv,HAM_0002605
0,0.662559986114502,1,ham10000,ISIC_0033228,nv,HAM_0002606
0,0.6484401226043701,1,ham10000,ISIC_0032744,nv,HAM_0002607
0,0.12224781513214111,0,ham10000,ISIC_0026484,nv,HAM_0002608
1,0.2186552733182907,1,ham10000,ISIC_0029318,mel,HAM_0002609
0,0.4234525263309479,1,ham10000,ISIC_0026876,vasc,HAM_0002610
1,0.6758151054382324,1,ham10000,ISIC_0026192,bcc,HAM_0002611
0,0.19693739712238312,0,ham10000,ISIC_0031180,nv,HAM_0002612
1,0.4670632481575012,1,ham10000,ISIC_0024958,mel,HAM_0002613
0,0.2562772035598755,1,ham10000,ISIC_0027637,nv,HAM_0002614
1,0.8038021922111511,1,ham10000,ISIC_0033413,akiec,HAM_0002615
0,0.6299052834510803,1,ham10000,ISIC_0032555,nv,HAM_0002616
1,0.658841073513031,1,ham10000,ISIC_0033393,mel,HAM_0002617
0,0.24232827126979828,1,ham10000,ISIC_0027705,nv,HAM_0002618
0,0.24181678891181946,1,ham10000,ISIC_0025435,nv,HAM_0002619
0,0.630120575428009,1,ham10000,ISIC_0032490,nv,HAM_0002620
0,0.11314992606639862,0,ham10000,ISIC_0028047,nv,HAM_0002621
1,0.7861507534980774,1,ham10000,ISIC_0030187,mel,HAM_0002622
0,0.4311915934085846,1,ham10000,ISIC_0025384,nv,HAM_0002623
0,0.3940991163253784,1,ham10000,ISIC_0028282,nv,HAM_0002624
0,0.5286517143249512,1,ham10000,ISIC_0026822,nv,HAM_0002626
0,0.42551466822624207,1,ham10000,ISIC_0027014,nv,HAM_0002627
0,0.6815481781959534,1,ham10000,ISIC_0030652,nv,HAM_0002628
0,0.3161775469779968,1,ham10000,ISIC_0024551,nv,HAM_0002629
0,0.5231750011444092,1,ham10000,ISIC_0026257,nv,HAM_0002630
0,0.36174121499061584,1,ham10000,ISIC_0028048,nv,HAM_0002631
0,0.4304733872413635,1,ham10000,ISIC_0029943,nv,HAM_0002632
0,0.22503335773944855,1,ham10000,ISIC_0031525,nv,HAM_0002633
0,0.21543961763381958,0,ham10000,ISIC_0028392,nv,HAM_0002634
0,0.4899514615535736,1,ham10000,ISIC_0029364,nv,HAM_0002635
0,0.4774884581565857,1,ham10000,ISIC_0031782,nv,HAM_0002636
0,0.25427037477493286,1,ham10000,ISIC_0029376,nv,HAM_0002637
0,0.6220893263816833,1,ham10000,ISIC_0028096,nv,HAM_0002638
0,0.4314938485622406,1,ham10000,ISIC_0025249,vasc,HAM_0002639
0,0.3016892969608307,1,ham10000,ISIC_0030337,nv,HAM_0002640
0,0.35268425941467285,1,ham10000,ISIC_0032676,nv,HAM_0002641
0,0.4500199556350708,1,ham10000,ISIC_0031467,nv,HAM_0002642
0,0.4013434946537018,1,ham10000,ISIC_0030017,nv,HAM_0002643
1,0.7871852517127991,1,ham10000,ISIC_0029417,akiec,HAM_0002644
0,0.7131404280662537,1,ham10000,ISIC_0024587,nv,HAM_0002645
1,0.35640034079551697,1,ham10000,ISIC_0028558,akiec,HAM_0002646
0,0.29310885071754456,1,ham10000,ISIC_0030534,nv,HAM_0002647
1,0.35216382145881653,1,ham10000,ISIC_0027650,akiec,HAM_0002648
0,0.2647189199924469,1,ham10000,ISIC_0026235,nv,HAM_0002649
0,0.2707623243331909,1,ham10000,ISIC_0029742,vasc,HAM_0002650
0,0.15321186184883118,0,ham10000,ISIC_0028682,nv,HAM_0002651
0,0.591701865196228,1,ham10000,ISIC_0024934,nv,HAM_0002652
0,0.46693557500839233,1,ham10000,ISIC_0026817,nv,HAM_0002653
0,0.4367084205150604,1,ham10000,ISIC_0025698,nv,HAM_0002654
0,0.52372807264328,1,ham10000,ISIC_0027116,nv,HAM_0002656
0,0.535622775554657,1,ham10000,ISIC_0031046,nv,HAM_0002657
0,0.5560640096664429,1,ham10000,ISIC_0025907,nv,HAM_0002658
0,0.6037436127662659,1,ham10000,ISIC_0026448,nv,HAM_0002659
0,0.6942174434661865,1,ham10000,ISIC_0033750,bkl,HAM_0002660
0,0.629825234413147,1,ham10000,ISIC_0025665,nv,HAM_0002661
0,0.42934781312942505,1,ham10000,ISIC_0031572,nv,HAM_0002662
0,0.15470144152641296,0,ham10000,ISIC_0030720,nv,HAM_0002663
1,0.7771597504615784,1,ham10000,ISIC_0033054,bcc,HAM_0002664
0,0.20967718958854675,0,ham10000,ISIC_0032208,nv,HAM_0002665
1,0.6579502820968628,1,ham10000,ISIC_0024564,bcc,HAM_0002666
0,0.06359148025512695,0,ham10000,ISIC_0024388,nv,HAM_0002667
0,0.6162619590759277,1,ham10000,ISIC_0026784,nv,HAM_0002668
0,0.4349452555179596,1,ham10000,ISIC_0031994,nv,HAM_0002669
0,0.7650696039199829,1,ham10000,ISIC_0027734,nv,HAM_0002670
1,0.7962788939476013,1,ham10000,ISIC_0033068,mel,HAM_0002671
1,0.6701645851135254,1,ham10000,ISIC_0025948,akiec,HAM_0002672
0,0.11868701130151749,0,ham10000,ISIC_0027686,nv,HAM_0002673
0,0.38126057386398315,1,ham10000,ISIC_0029646,nv,HAM_0002674
0,0.7035375833511353,1,ham10000,ISIC_0024969,nv,HAM_0002675
0,0.23208746314048767,1,ham10000,ISIC_0024610,nv,HAM_0002676
0,0.5466281175613403,1,ham10000,ISIC_0031024,bkl,HAM_0002677
0,0.34715157747268677,1,ham10000,ISIC_0030739,nv,HAM_0002678
0,0.13753816485404968,0,ham10000,ISIC_0029590,nv,HAM_0002679
0,0.13099834322929382,0,ham10000,ISIC_0031315,nv,HAM_0002680
0,0.4811245799064636,1,ham10000,ISIC_0029381,nv,HAM_0002681
0,0.39985954761505127,1,ham10000,ISIC_0024478,nv,HAM_0002682
0,0.5955380797386169,1,ham10000,ISIC_0031677,bkl,HAM_0002683
0,0.702129602432251,1,ham10000,ISIC_0027874,nv,HAM_0002684
0,0.47671493887901306,1,ham10000,ISIC_0030593,nv,HAM_0002685
0,0.4319140911102295,1,ham10000,ISIC_0031716,bkl,HAM_0002686
0,0.05611390620470047,0,ham10000,ISIC_0032037,nv,HAM_0002687
0,0.40700003504753113,1,ham10000,ISIC_0025348,nv,HAM_0002688
1,0.6280686855316162,1,ham10000,ISIC_0026687,bcc,HAM_0002689
0,0.536372721195221,1,ham10000,ISIC_0028828,nv,HAM_0002690
0,0.5479637384414673,1,ham10000,ISIC_0031345,bkl,HAM_0002691
0,0.6180334091186523,1,ham10000,ISIC_0029404,vasc,HAM_0002692
1,0.48101475834846497,1,ham10000,ISIC_0031550,mel,HAM_0002693
0,0.5364075303077698,1,ham10000,ISIC_0030100,nv,HAM_0002694
0,0.3900861442089081,1,ham10000,ISIC_0028664,nv,HAM_0002695
1,0.47105342149734497,1,ham10000,ISIC_0026207,mel,HAM_0002696
0,0.4471774995326996,1,ham10000,ISIC_0028055,nv,HAM_0002697
0,0.6724908351898193,1,ham10000,ISIC_0031247,nv,HAM_0002698
1,0.7926802635192871,1,ham10000,ISIC_0029827,akiec,HAM_0002699
0,0.39432600140571594,1,ham10000,ISIC_0025011,nv,HAM_0002700
0,0.5536214709281921,1,ham10000,ISIC_0024328,nv,HAM_0002701
0,0.403157114982605,1,ham10000,ISIC_0028196,nv,HAM_0002702
0,0.6948525309562683,1,ham10000,ISIC_0025402,nv,HAM_0002703
0,0.46146029233932495,1,ham10000,ISIC_0031638,nv,HAM_0002704
1,0.5531392097473145,1,ham10000,ISIC_0025089,akiec,HAM_0002705
0,0.5228394865989685,1,ham10000,ISIC_0025954,df,HAM_0002706
0,0.4148341715335846,1,ham10000,ISIC_0030628,nv,HAM_0002707
0,0.5944266319274902,1,ham10000,ISIC_0024752,nv,HAM_0002708
0,0.3848784863948822,1,ham10000,ISIC_0025773,nv,HAM_0002709
0,0.21845868229866028,1,ham10000,ISIC_0025241,nv,HAM_0002710
1,0.7837260365486145,1,ham10000,ISIC_0027669,mel,HAM_0002711
0,0.44085386395454407,1,ham10000,ISIC_0034238,nv,HAM_0002712
0,0.42793387174606323,1,ham10000,ISIC_0026695,nv,HAM_0002713
1,0.495402455329895,1,ham10000,ISIC_0026113,mel,HAM_0002714
0,0.24117159843444824,1,ham10000,ISIC_0024714,nv,HAM_0002715
0,0.3839990496635437,1,ham10000,ISIC_0030779,nv,HAM_0002716
1,0.6999843120574951,1,ham10000,ISIC_0031284,bcc,HAM_0002717
0,0.321657657623291,1,ham10000,ISIC_0024316,nv,HAM_0002718
1,0.5315822958946228,1,ham10000,ISIC_0029033,mel,HAM_0002719
1,0.6801007986068726,1,ham10000,ISIC_0025277,mel,HAM_0002720
0,0.506853461265564,1,ham10000,ISIC_0032585,nv,HAM_0002721
0,0.7263416647911072,1,ham10000,ISIC_0027991,bkl,HAM_0002722
1,0.7279885411262512,1,ham10000,ISIC_0034050,mel,HAM_0002723
0,0.7158889174461365,1,ham10000,ISIC_0032580,nv,HAM_0002724
0,0.35249099135398865,1,ham10000,ISIC_0025523,nv,HAM_0002725
0,0.5960149168968201,1,ham10000,ISIC_0025473,nv,HAM_0002726
0,0.5187569856643677,1,ham10000,ISIC_0025459,nv,HAM_0002727
0,0.23513838648796082,1,ham10000,ISIC_0026570,nv,HAM_0002728
0,0.29599395394325256,1,ham10000,ISIC_0026346,nv,HAM_0002729
0,0.7911522388458252,1,ham10000,ISIC_0025661,bkl,HAM_0002730
0,0.5417871475219727,1,ham10000,ISIC_0028236,bkl,HAM_0002731
1,0.7721626162528992,1,ham10000,ISIC_0033017,mel,HAM_0002732
1,0.854894757270813,1,ham10000,ISIC_0031041,bcc,HAM_0002733
1,0.3980580270290375,1,ham10000,ISIC_0028190,akiec,HAM_0002734
0,0.45468494296073914,1,ham10000,ISIC_0029992,nv,HAM_0002735
1,0.8143907785415649,1,ham10000,ISIC_0030594,bcc,HAM_0002736
0,0.4832642376422882,1,ham10000,ISIC_0029795,nv,HAM_0002737
0,0.7320839166641235,1,ham10000,ISIC_0029438,nv,HAM_0002738
0,0.5587288737297058,1,ham10000,ISIC_0032452,nv,HAM_0002739
0,0.5607237815856934,1,ham10000,ISIC_0027246,nv,HAM_0002740
0,0.46415776014328003,1,ham10000,ISIC_0027939,nv,HAM_0002741
0,0.5463695526123047,1,ham10000,ISIC_0025654,bkl,HAM_0002742
0,0.49249371886253357,1,ham10000,ISIC_0030439,nv,HAM_0002743
1,0.583162248134613,1,ham10000,ISIC_0031236,bcc,HAM_0002744
1,0.6661510467529297,1,ham10000,ISIC_0024562,akiec,HAM_0002745
0,0.4860709309577942,1,ham10000,ISIC_0031399,nv,HAM_0002746
0,0.49111393094062805,1,ham10000,ISIC_0025242,nv,HAM_0002747
0,0.40547415614128113,1,ham10000,ISIC_0028289,nv,HAM_0002748
0,0.5181078314781189,1,ham10000,ISIC_0025066,bkl,HAM_0002749
0,0.6357701420783997,1,ham10000,ISIC_0033003,nv,HAM_0002750
0,0.48794302344322205,1,ham10000,ISIC_0026073,nv,HAM_0002751
1,0.5564332008361816,1,ham10000,ISIC_0025748,mel,HAM_0002752
0,0.4673160910606384,1,ham10000,ISIC_0026641,nv,HAM_0002753
0,0.2910400927066803,1,ham10000,ISIC_0025892,nv,HAM_0002754
0,0.49072831869125366,1,ham10000,ISIC_0032523,nv,HAM_0002755
0,0.44718998670578003,1,ham10000,ISIC_0027157,nv,HAM_0002756
0,0.5642326474189758,1,ham10000,ISIC_0024909,bkl,HAM_0002757
0,0.09345900267362595,0,ham10000,ISIC_0027575,nv,HAM_0002758
0,0.589017391204834,1,ham10000,ISIC_0033062,nv,HAM_0002759
0,0.22299379110336304,1,ham10000,ISIC_0031815,nv,HAM_0002760
0,0.7704819440841675,1,ham10000,ISIC_0029068,bkl,HAM_0002761
0,0.49665045738220215,1,ham10000,ISIC_0029458,nv,HAM_0002762
0,0.40447139739990234,1,ham10000,ISIC_0026884,nv,HAM_0002763
1,0.5785205364227295,1,ham10000,ISIC_0030366,mel,HAM_0002764
0,0.1701156497001648,0,ham10000,ISIC_0024860,nv,HAM_0002765
0,0.6217336058616638,1,ham10000,ISIC_0030532,nv,HAM_0002766
0,0.41640257835388184,1,ham10000,ISIC_0031914,nv,HAM_0002767
0,0.18881168961524963,0,ham10000,ISIC_0026657,nv,HAM_0002768
0,0.8116501569747925,1,ham10000,ISIC_0032481,bkl,HAM_0002769
1,0.48678386211395264,1,ham10000,ISIC_0025265,mel,HAM_0002770
1,0.620491087436676,1,ham10000,ISIC_0029059,akiec,HAM_0002771
1,0.3889671862125397,1,ham10000,ISIC_0026897,mel,HAM_0002772
0,0.48043563961982727,1,ham10000,ISIC_0028690,nv,HAM_0002773
0,0.6553970575332642,1,ham10000,ISIC_0029683,bkl,HAM_0002774
0,0.49225905537605286,1,ham10000,ISIC_0024407,nv,HAM_0002775
0,0.2521527111530304,1,ham10000,ISIC_0026143,nv,HAM_0002776
0,0.37797772884368896,1,ham10000,ISIC_0030228,nv,HAM_0002777
0,0.2136848270893097,0,ham10000,ISIC_0026540,nv,HAM_0002778
0,0.23656931519508362,1,ham10000,ISIC_0026515,nv,HAM_0002779
0,0.37587061524391174,1,ham10000,ISIC_0028732,nv,HAM_0002780
0,0.1715850681066513,0,ham10000,ISIC_0029379,nv,HAM_0002781
0,0.5058237910270691,1,ham10000,ISIC_0030536,nv,HAM_0002782
0,0.376819908618927,1,ham10000,ISIC_0029507,nv,HAM_0002783
0,0.4649216830730438,1,ham10000,ISIC_0027712,nv,HAM_0002784
0,0.3200165331363678,1,ham10000,ISIC_0029258,nv,HAM_0002786
0,0.17641016840934753,0,ham10000,ISIC_0025425,vasc,HAM_0002787
0,0.6273850202560425,1,ham10000,ISIC_0027563,vasc,HAM_0002788
0,0.33081623911857605,1,ham10000,ISIC_0030578,nv,HAM_0002789
0,0.36627963185310364,1,ham10000,ISIC_0026721,nv,HAM_0002790
1,0.7118927836418152,1,ham10000,ISIC_0029847,bcc,HAM_0002791
0,0.5436994433403015,1,ham10000,ISIC_0033169,bkl,HAM_0002792
0,0.6465303301811218,1,ham10000,ISIC_0029953,nv,HAM_0002793
0,0.6176214814186096,1,ham10000,ISIC_0031596,nv,HAM_0002794
0,0.12897127866744995,0,ham10000,ISIC_0025278,nv,HAM_0002795
0,0.37669867277145386,1,ham10000,ISIC_0025261,nv,HAM_0002796
0,0.42433813214302063,1,ham10000,ISIC_0026883,nv,HAM_0002797
0,0.519692063331604,1,ham10000,ISIC_0025323,nv,HAM_0002798
0,0.263282835483551,1,ham10000,ISIC_0027975,nv,HAM_0002799
1,0.5981671214103699,1,ham10000,ISIC_0026239,mel,HAM_0002800
0,0.18501895666122437,0,ham10000,ISIC_0025889,nv,HAM_0002801
0,0.33756494522094727,1,ham10000,ISIC_0029717,nv,HAM_0002802
0,0.5057222843170166,1,ham10000,ISIC_0028110,nv,HAM_0002803
0,0.19338704645633698,0,ham10000,ISIC_0031722,nv,HAM_0002805
0,0.28676241636276245,1,ham10000,ISIC_0029175,nv,HAM_0002806
0,0.22996625304222107,1,ham10000,ISIC_0025050,nv,HAM_0002807
0,0.3263128995895386,1,ham10000,ISIC_0031503,nv,HAM_0002808
0,0.38243451714515686,1,ham10000,ISIC_0024338,bkl,HAM_0002809
0,0.748883843421936,1,ham10000,ISIC_0030542,bkl,HAM_0002810
0,0.13137978315353394,0,ham10000,ISIC_0030632,nv,HAM_0002811
1,0.5319811105728149,1,ham10000,ISIC_0027788,bcc,HAM_0002812
0,0.3866003751754761,1,ham10000,ISIC_0030751,nv,HAM_0002813
0,0.5972549915313721,1,ham10000,ISIC_0028140,nv,HAM_0002814
0,0.586098849773407,1,ham10000,ISIC_0025298,nv,HAM_0002815
0,0.2921956777572632,1,ham10000,ISIC_0028405,nv,HAM_0002816
1,0.6315275430679321,1,ham10000,ISIC_0029495,mel,HAM_0002817
1,0.7111034989356995,1,ham10000,ISIC_0028570,bcc,HAM_0002818
0,0.4409056007862091,1,ham10000,ISIC_0024467,nv,HAM_0002819
0,0.4284553825855255,1,ham10000,ISIC_0028422,nv,HAM_0002820
0,0.6240066885948181,1,ham10000,ISIC_0028479,bkl,HAM_0002821
0,0.5417906045913696,1,ham10000,ISIC_0026863,nv,HAM_0002822
0,0.6862049698829651,1,ham10000,ISIC_0031354,nv,HAM_0002823
1,0.6644220948219299,1,ham10000,ISIC_0025987,mel,HAM_0002824
0,0.2524457573890686,1,ham10000,ISIC_0031296,nv,HAM_0002825
0,0.45089808106422424,1,ham10000,ISIC_0028334,nv,HAM_0002826
0,0.6680287718772888,1,ham10000,ISIC_0025777,bkl,HAM_0002827
0,0.4045886993408203,1,ham10000,ISIC_0030164,nv,HAM_0002828
0,0.3648470640182495,1,ham10000,ISIC_0029134,nv,HAM_0002829
0,0.4145718812942505,1,ham10000,ISIC_0025796,nv,HAM_0002830
0,0.31617310643196106,1,ham10000,ISIC_0026977,nv,HAM_0002831
0,0.45982441306114197,1,ham10000,ISIC_0029091,nv,HAM_0002832
0,0.2818763554096222,1,ham10000,ISIC_0026889,nv,HAM_0002833
1,0.7485417127609253,1,ham10000,ISIC_0026500,mel,HAM_0002834
0,0.4488995671272278,1,ham10000,ISIC_0028510,nv,HAM_0002835
0,0.400570273399353,1,ham10000,ISIC_0030289,nv,HAM_0002836
0,0.38593053817749023,1,ham10000,ISIC_0025859,nv,HAM_0002837
1,0.6376872062683105,1,ham10000,ISIC_0030818,mel,HAM_0002838
0,0.6915948390960693,1,ham10000,ISIC_0025982,bkl,HAM_0002839
0,0.5325270891189575,1,ham10000,ISIC_0027424,nv,HAM_0002840
1,0.6048421859741211,1,ham10000,ISIC_0032653,mel,HAM_0002841
0,0.47159215807914734,1,ham10000,ISIC_0029616,nv,HAM_0002842
0,0.18962636590003967,0,ham10000,ISIC_0031855,nv,HAM_0002843
0,0.7581120133399963,1,ham10000,ISIC_0029329,bkl,HAM_0002844
0,0.41109704971313477,1,ham10000,ISIC_0031319,nv,HAM_0002845
0,0.12934960424900055,0,ham10000,ISIC_0028616,nv,HAM_0002846
0,0.33601975440979004,1,ham10000,ISIC_0024353,nv,HAM_0002847
0,0.3472840487957001,1,ham10000,ISIC_0027598,df,HAM_0002848
0,0.48545488715171814,1,ham10000,ISIC_0032229,nv,HAM_0002849
0,0.6114341020584106,1,ham10000,ISIC_0024638,nv,HAM_0002850
0,0.33455491065979004,1,ham10000,ISIC_0026915,nv,HAM_0002851
0,0.5089011788368225,1,ham10000,ISIC_0031530,nv,HAM_0002852
0,0.36378851532936096,1,ham10000,ISIC_0027429,nv,HAM_0002853
0,0.2667839527130127,1,ham10000,ISIC_0031673,nv,HAM_0002854
0,0.3252541720867157,1,ham10000,ISIC_0026116,nv,HAM_0002855
0,0.576102614402771,1,ham10000,ISIC_0028154,nv,HAM_0002856
0,0.1616092175245285,0,ham10000,ISIC_0024528,nv,HAM_0002857
0,0.4625232219696045,1,ham10000,ISIC_0029990,nv,HAM_0002858
0,0.35832542181015015,1,ham10000,ISIC_0025119,nv,HAM_0002859
0,0.5801874399185181,1,ham10000,ISIC_0030027,nv,HAM_0002860
0,0.42175987362861633,1,ham10000,ISIC_0031462,nv,HAM_0002861
0,0.498892605304718,1,ham10000,ISIC_0024769,nv,HAM_0002863
0,0.21957536041736603,1,ham10000,ISIC_0025176,nv,HAM_0002864
0,0.6425077319145203,1,ham10000,ISIC_0031708,nv,HAM_0002865
0,0.5819362998008728,1,ham10000,ISIC_0029411,nv,HAM_0002866
1,0.7285429239273071,1,ham10000,ISIC_0033084,akiec,HAM_0002867
0,0.19642940163612366,0,ham10000,ISIC_0031998,nv,HAM_0002868
1,0.6125432252883911,1,ham10000,ISIC_0024313,mel,HAM_0002869
0,0.39376652240753174,1,ham10000,ISIC_0027267,nv,HAM_0002870
0,0.13446779549121857,0,ham10000,ISIC_0027044,df,HAM_0002871
0,0.28884556889533997,1,ham10000,ISIC_0026164,nv,HAM_0002872
0,0.24543319642543793,1,ham10000,ISIC_0026412,nv,HAM_0002873
0,0.5649401545524597,1,ham10000,ISIC_0033707,nv,HAM_0002874
0,0.2993057668209076,1,ham10000,ISIC_0032050,nv,HAM_0002875
0,0.6025860905647278,1,ham10000,ISIC_0033082,nv,HAM_0002876
0,0.42609283328056335,1,ham10000,ISIC_0030435,nv,HAM_0002877
0,0.7206054329872131,1,ham10000,ISIC_0032640,nv,HAM_0002878
0,0.7290171980857849,1,ham10000,ISIC_0025693,bkl,HAM_0002879
0,0.3400236964225769,1,ham10000,ISIC_0029691,nv,HAM_0002880
0,0.4881668984889984,1,ham10000,ISIC_0026328,nv,HAM_0002881
1,0.5465219020843506,1,ham10000,ISIC_0026014,akiec,HAM_0002882
0,0.17469310760498047,0,ham10000,ISIC_0030071,nv,HAM_0002883
0,0.300055593252182,1,ham10000,ISIC_0028251,nv,HAM_0002884
0,0.5494260787963867,1,ham10000,ISIC_0026386,nv,HAM_0002885
0,0.2602192461490631,1,ham10000,ISIC_0032089,nv,HAM_0002887
0,0.36080706119537354,1,ham10000,ISIC_0025571,nv,HAM_0002888
0,0.556214451789856,1,ham10000,ISIC_0030774,nv,HAM_0002889
0,0.7001394629478455,1,ham10000,ISIC_0032704,nv,HAM_0002890
0,0.23633359372615814,1,ham10000,ISIC_0028906,nv,HAM_0002891
0,0.07172419875860214,0,ham10000,ISIC_0032469,nv,HAM_0002892
0,0.5033222436904907,1,ham10000,ISIC_0025037,nv,HAM_0002893
0,0.8104406595230103,1,ham10000,ISIC_0033056,bkl,HAM_0002894
0,0.6594967246055603,1,ham10000,ISIC_0029578,df,HAM_0002895
0,0.3216574490070343,1,ham10000,ISIC_0030235,nv,HAM_0002896
1,0.4114249050617218,1,ham10000,ISIC_0030552,mel,HAM_0002897
0,0.6950674653053284,1,ham10000,ISIC_0033179,nv,HAM_0002898
0,0.612473726272583,1,ham10000,ISIC_0026601,nv,HAM_0002899
0,0.316807359457016,1,ham10000,ISIC_0024985,nv,HAM_0002900
0,0.3939322531223297,1,ham10000,ISIC_0028722,nv,HAM_0002901
0,0.5370512008666992,1,ham10000,ISIC_0026443,bkl,HAM_0002902
0,0.4495483934879303,1,ham10000,ISIC_0024774,bkl,HAM_0002903
0,0.6354082226753235,1,ham10000,ISIC_0027213,nv,HAM_0002904
0,0.4150121808052063,1,ham10000,ISIC_0029026,nv,HAM_0002905
1,0.6782238483428955,1,ham10000,ISIC_0026604,mel,HAM_0002906
0,0.6669922471046448,1,ham10000,ISIC_0029730,nv,HAM_0002907
0,0.5468525886535645,1,ham10000,ISIC_0032650,nv,HAM_0002908
0,0.6696733236312866,1,ham10000,ISIC_0032642,df,HAM_0002909
0,0.48954883217811584,1,ham10000,ISIC_0031010,nv,HAM_0002910
1,0.5731440186500549,1,ham10000,ISIC_0029272,mel,HAM_0002911
0,0.13583476841449738,0,ham10000,ISIC_0028958,bkl,HAM_0002912
0,0.4848485291004181,1,ham10000,ISIC_0025070,nv,HAM_0002913
0,0.9203574657440186,1,ham10000,ISIC_0024904,vasc,HAM_0002914
0,0.714742124080658,1,ham10000,ISIC_0034009,nv,HAM_0002915
0,0.6809248328208923,1,ham10000,ISIC_0030581,nv,HAM_0002916
0,0.2282843291759491,1,ham10000,ISIC_0032506,nv,HAM_0002917
0,0.42543825507164,1,ham10000,ISIC_0031704,nv,HAM_0002918
0,0.7206791043281555,1,ham10000,ISIC_0028518,nv,HAM_0002919
0,0.3365198075771332,1,ham10000,ISIC_0031205,nv,HAM_0002920
0,0.46050727367401123,1,ham10000,ISIC_0029308,bkl,HAM_0002921
0,0.31733575463294983,1,ham10000,ISIC_0027625,nv,HAM_0002922
0,0.6572253704071045,1,ham10000,ISIC_0032992,nv,HAM_0002923
0,0.3911486268043518,1,ham10000,ISIC_0030682,nv,HAM_0002924
0,0.6044302582740784,1,ham10000,ISIC_0025338,nv,HAM_0002925
0,0.4694405496120453,1,ham10000,ISIC_0030831,nv,HAM_0002926
0,0.3784101903438568,1,ham10000,ISIC_0028012,nv,HAM_0002927
0,0.6733186841011047,1,ham10000,ISIC_0032665,bkl,HAM_0002928
0,0.5126582384109497,1,ham10000,ISIC_0032068,nv,HAM_0002929
0,0.2686956822872162,1,ham10000,ISIC_0026994,nv,HAM_0002930
0,0.4506169557571411,1,ham10000,ISIC_0028427,nv,HAM_0002931
0,0.10557056218385696,0,ham10000,ISIC_0027841,nv,HAM_0002932
0,0.6482664942741394,1,ham10000,ISIC_0024494,bkl,HAM_0002933
1,0.6696560382843018,1,ham10000,ISIC_0025031,bcc,HAM_0002934
0,0.09840657562017441,0,ham10000,ISIC_0024670,nv,HAM_0002935
0,0.3718597888946533,1,ham10000,ISIC_0024380,nv,HAM_0002936
0,0.2754959762096405,1,ham10000,ISIC_0029478,nv,HAM_0002937
0,0.5473209023475647,1,ham10000,ISIC_0025580,nv,HAM_0002938
1,0.6389520168304443,1,ham10000,ISIC_0032888,mel,HAM_0002939
0,0.29097145795822144,1,ham10000,ISIC_0024791,nv,HAM_0002940
0,0.1937927007675171,0,ham10000,ISIC_0031028,nv,HAM_0002941
0,0.5563431978225708,1,ham10000,ISIC_0027911,nv,HAM_0002942
0,0.30904778838157654,1,ham10000,ISIC_0026054,nv,HAM_0002943
0,0.4255671501159668,1,ham10000,ISIC_0028135,nv,HAM_0002944
0,0.12373518198728561,0,ham10000,ISIC_0029077,nv,HAM_0002945
0,0.5996825098991394,1,ham10000,ISIC_0031663,nv,HAM_0002946
0,0.3930819630622864,1,ham10000,ISIC_0031589,nv,HAM_0002947
0,0.4998334050178528,1,ham10000,ISIC_0030927,nv,HAM_0002948
0,0.6013389229774475,1,ham10000,ISIC_0030761,nv,HAM_0002949
0,0.27589404582977295,1,ham10000,ISIC_0028176,nv,HAM_0002950
0,0.25461500883102417,1,ham10000,ISIC_0024341,nv,HAM_0002951
1,0.7547308206558228,1,ham10000,ISIC_0033518,mel,HAM_0002952
0,0.32113975286483765,1,ham10000,ISIC_0025126,nv,HAM_0002953
1,0.7349264621734619,1,ham10000,ISIC_0024329,akiec,HAM_0002954
1,0.7974769473075867,1,ham10000,ISIC_0029212,mel,HAM_0002955
1,0.7895931005477905,1,ham10000,ISIC_0032637,mel,HAM_0002956
0,0.7952266335487366,1,ham10000,ISIC_0025876,bkl,HAM_0002957
0,0.2827669084072113,1,ham10000,ISIC_0026088,nv,HAM_0002958
1,0.6540622711181641,1,ham10000,ISIC_0025362,bcc,HAM_0002959
0,0.10317348688840866,0,ham10000,ISIC_0024994,df,HAM_0002960
0,0.2844340205192566,1,ham10000,ISIC_0031947,nv,HAM_0002961
0,0.45538654923439026,1,ham10000,ISIC_0028331,bkl,HAM_0002962
0,0.3390793800354004,1,ham10000,ISIC_0032435,nv,HAM_0002963
0,0.27810972929000854,1,ham10000,ISIC_0024927,nv,HAM_0002964
0,0.3548697233200073,1,ham10000,ISIC_0026446,bkl,HAM_0002965
0,0.3614977300167084,1,ham10000,ISIC_0024509,nv,HAM_0002966
0,0.25469598174095154,1,ham10000,ISIC_0025380,nv,HAM_0002967
0,0.43711429834365845,1,ham10000,ISIC_0027446,nv,HAM_0002968
0,0.5192530155181885,1,ham10000,ISIC_0030913,nv,HAM_0002969
1,0.557846188545227,1,ham10000,ISIC_0026930,mel,HAM_0002970
0,0.3673718273639679,1,ham10000,ISIC_0026425,nv,HAM_0002971
0,0.3728693425655365,1,ham10000,ISIC_0025430,nv,HAM_0002972
0,0.6906747221946716,1,ham10000,ISIC_0026140,nv,HAM_0002973
0,0.3053145706653595,1,ham10000,ISIC_0027553,nv,HAM_0002974
0,0.8111646175384521,1,ham10000,ISIC_0026148,nv,HAM_0002975
0,0.23405471444129944,1,ham10000,ISIC_0026908,nv,HAM_0002976
0,0.29434555768966675,1,ham10000,ISIC_0025629,nv,HAM_0002977
0,0.5794258713722229,1,ham10000,ISIC_0030215,nv,HAM_0002978
0,0.7835314273834229,1,ham10000,ISIC_0025511,nv,HAM_0002979
0,0.2744022607803345,1,ham10000,ISIC_0030395,nv,HAM_0002980
1,0.7250568866729736,1,ham10000,ISIC_0026664,mel,HAM_0002981
0,0.19665159285068512,0,ham10000,ISIC_0031423,nv,HAM_0002982
1,0.8339629173278809,1,ham10000,ISIC_0029392,bcc,HAM_0002983
0,0.7421941757202148,1,ham10000,ISIC_0024602,bkl,HAM_0002984
0,0.7976638674736023,1,ham10000,ISIC_0025063,bkl,HAM_0002985
0,0.6245414018630981,1,ham10000,ISIC_0028706,nv,HAM_0002986
0,0.45255929231643677,1,ham10000,ISIC_0030647,nv,HAM_0002987
0,0.30208736658096313,1,ham10000,ISIC_0025337,bkl,HAM_0002988
0,0.39649224281311035,1,ham10000,ISIC_0027378,nv,HAM_0002989
0,0.49689245223999023,1,ham10000,ISIC_0028437,nv,HAM_0002990
0,0.21768076717853546,1,ham10000,ISIC_0030502,nv,HAM_0002991
0,0.5492904782295227,1,ham10000,ISIC_0024627,nv,HAM_0002992
1,0.7856374979019165,1,ham10000,ISIC_0032547,mel,HAM_0002993
0,0.45099925994873047,1,ham10000,ISIC_0027836,nv,HAM_0002994
0,0.45167258381843567,1,ham10000,ISIC_0028886,nv,HAM_0002995
0,0.23672863841056824,1,ham10000,ISIC_0025496,nv,HAM_0002996
0,0.055314093828201294,0,ham10000,ISIC_0029972,nv,HAM_0002997
1,0.23352612555027008,1,ham10000,ISIC_0028928,bcc,HAM_0002998
0,0.1194085031747818,0,ham10000,ISIC_0029844,nv,HAM_0002999
0,0.8075966835021973,1,ham10000,ISIC_0025326,bkl,HAM_0003000
0,0.6006989479064941,1,ham10000,ISIC_0032514,bkl,HAM_0003001
0,0.7101296782493591,1,ham10000,ISIC_0032830,nv,HAM_0003002
0,0.5968858003616333,1,ham10000,ISIC_0033343,nv,HAM_0003003
0,0.48834434151649475,1,ham10000,ISIC_0028889,nv,HAM_0003004
0,0.4533429443836212,1,ham10000,ISIC_0028304,nv,HAM_0003005
0,0.5111203193664551,1,ham10000,ISIC_0032097,nv,HAM_0003006
0,0.7465909123420715,1,ham10000,ISIC_0025388,bkl,HAM_0003007
0,0.6278515458106995,1,ham10000,ISIC_0029729,nv,HAM_0003008
0,0.6052656769752502,1,ham10000,ISIC_0025569,nv,HAM_0003009
0,0.44898852705955505,1,ham10000,ISIC_0029924,bkl,HAM_0003010
0,0.6971437335014343,1,ham10000,ISIC_0030959,bkl,HAM_0003011
0,0.46582311391830444,1,ham10000,ISIC_0029375,nv,HAM_0003012
0,0.0841965600848198,0,ham10000,ISIC_0026800,nv,HAM_0003013
0,0.6801674962043762,1,ham10000,ISIC_0031542,bkl,HAM_0003014
0,0.6955674886703491,1,ham10000,ISIC_0025083,bkl,HAM_0003015
0,0.7185032367706299,1,ham10000,ISIC_0027097,nv,HAM_0003016
0,0.48306939005851746,1,ham10000,ISIC_0033535,nv,HAM_0003017
0,0.33807435631752014,1,ham10000,ISIC_0032639,nv,HAM_0003018
0,0.278227299451828,1,ham10000,ISIC_0032001,nv,HAM_0003019
0,0.43488752841949463,1,ham10000,ISIC_0031579,nv,HAM_0003020
0,0.7934800386428833,1,ham10000,ISIC_0030005,bkl,HAM_0003021
0,0.15310660004615784,0,ham10000,ISIC_0025551,nv,HAM_0003022
0,0.5615606307983398,1,ham10000,ISIC_0031257,df,HAM_0003023
0,0.3848669230937958,1,ham10000,ISIC_0024768,nv,HAM_0003024
0,0.45183444023132324,1,ham10000,ISIC_0027440,nv,HAM_0003025
0,0.6336339116096497,1,ham10000,ISIC_0030416,nv,HAM_0003026
0,0.6720746159553528,1,ham10000,ISIC_0025355,nv,HAM_0003027
0,0.17302314937114716,0,ham10000,ISIC_0031870,nv,HAM_0003028
0,0.22250519692897797,1,ham10000,ISIC_0025685,nv,HAM_0003029
0,0.6741684675216675,1,ham10000,ISIC_0028876,bkl,HAM_0003030
1,0.7842344641685486,1,ham10000,ISIC_0030445,mel,HAM_0003031
0,0.3257250487804413,1,ham10000,ISIC_0028789,nv,HAM_0003032
0,0.5979355573654175,1,ham10000,ISIC_0025165,nv,HAM_0003033
0,0.3375217616558075,1,ham10000,ISIC_0033187,nv,HAM_0003034
0,0.7253099679946899,1,ham10000,ISIC_0024617,nv,HAM_0003035
0,0.5477875471115112,1,ham10000,ISIC_0030917,nv,HAM_0003036
0,0.6162020564079285,1,ham10000,ISIC_0026036,nv,HAM_0003038
1,0.8206707239151001,1,ham10000,ISIC_0026350,bcc,HAM_0003039
0,0.38241124153137207,1,ham10000,ISIC_0028170,nv,HAM_0003040
0,0.3852289915084839,1,ham10000,ISIC_0024558,nv,HAM_0003041
0,0.41537678241729736,1,ham10000,ISIC_0031282,nv,HAM_0003042
1,0.2220734804868698,1,ham10000,ISIC_0030915,bcc,HAM_0003043
0,0.7899055480957031,1,ham10000,ISIC_0028544,nv,HAM_0003044
0,0.36588212847709656,1,ham10000,ISIC_0031071,nv,HAM_0003045
1,0.7728469371795654,1,ham10000,ISIC_0033257,bcc,HAM_0003046
0,0.39304712414741516,1,ham10000,ISIC_0026505,nv,HAM_0003047
0,0.4289214015007019,1,ham10000,ISIC_0030729,nv,HAM_0003048
0,0.20399318635463715,0,ham10000,ISIC_0027041,bkl,HAM_0003049
0,0.5275159478187561,1,ham10000,ISIC_0033659,bkl,HAM_0003050
1,0.5856333374977112,1,ham10000,ISIC_0030175,akiec,HAM_0003051
0,0.49235299229621887,1,ham10000,ISIC_0024796,nv,HAM_0003052
0,0.37002649903297424,1,ham10000,ISIC_0028824,nv,HAM_0003053
0,0.7757032513618469,1,ham10000,ISIC_0027945,nv,HAM_0003054
1,0.41288989782333374,1,ham10000,ISIC_0032420,mel,HAM_0003055
0,0.46836698055267334,1,ham10000,ISIC_0026684,nv,HAM_0003056
0,0.5650896430015564,1,ham10000,ISIC_0033026,nv,HAM_0003057
0,0.5787304639816284,1,ham10000,ISIC_0028032,nv,HAM_0003058
0,0.2101060003042221,0,ham10000,ISIC_0032223,nv,HAM_0003059
0,0.3188757300376892,1,ham10000,ISIC_0027485,nv,HAM_0003060
0,0.4520806074142456,1,ham10000,ISIC_0032262,nv,HAM_0003061
0,0.6757232546806335,1,ham10000,ISIC_0024319,nv,HAM_0003062
0,0.40469321608543396,1,ham10000,ISIC_0027576,nv,HAM_0003063
0,0.554279088973999,1,ham10000,ISIC_0029966,nv,HAM_0003064
0,0.5125789642333984,1,ham10000,ISIC_0031879,nv,HAM_0003065
0,0.49243414402008057,1,ham10000,ISIC_0032084,nv,HAM_0003067
0,0.2009696513414383,0,ham10000,ISIC_0027344,bkl,HAM_0003069
0,0.4283753037452698,1,ham10000,ISIC_0032323,nv,HAM_0003070
0,0.3171500563621521,1,ham10000,ISIC_0026000,nv,HAM_0003071
1,0.7891067266464233,1,ham10000,ISIC_0032611,bcc,HAM_0003072
1,0.6429912447929382,1,ham10000,ISIC_0032836,mel,HAM_0003073
0,0.3700149655342102,1,ham10000,ISIC_0029816,nv,HAM_0003074
0,0.46389007568359375,1,ham10000,ISIC_0028553,nv,HAM_0003075
0,0.5665243864059448,1,ham10000,ISIC_0029062,bkl,HAM_0003076
0,0.4723171591758728,1,ham10000,ISIC_0031230,nv,HAM_0003077
0,0.594183623790741,1,ham10000,ISIC_0025918,nv,HAM_0003078
0,0.4885868430137634,1,ham10000,ISIC_0032369,nv,HAM_0003079
0,0.36802127957344055,1,ham10000,ISIC_0024868,nv,HAM_0003080
0,0.5684776902198792,1,ham10000,ISIC_0033808,df,HAM_0003081
0,0.46442994475364685,1,ham10000,ISIC_0029579,nv,HAM_0003082
1,0.8444293737411499,1,ham10000,ISIC_0032604,mel,HAM_0003083
0,0.3328778147697449,1,ham10000,ISIC_0026191,nv,HAM_0003084
0,0.20890399813652039,0,ham10000,ISIC_0027809,nv,HAM_0003085
1,0.8537075519561768,1,ham10000,ISIC_0032349,akiec,HAM_0003086
0,0.41930943727493286,1,ham10000,ISIC_0028133,nv,HAM_0003087
0,0.5508449077606201,1,ham10000,ISIC_0029736,nv,HAM_0003088
0,0.43043550848960876,1,ham10000,ISIC_0030706,bkl,HAM_0003089
0,0.37093842029571533,1,ham10000,ISIC_0028020,bkl,HAM_0003090
0,0.6270251274108887,1,ham10000,ISIC_0027152,nv,HAM_0003091
0,0.36783790588378906,1,ham10000,ISIC_0027301,nv,HAM_0003092
0,0.44399720430374146,1,ham10000,ISIC_0025218,nv,HAM_0003093
1,0.8592961430549622,1,ham10000,ISIC_0027858,bcc,HAM_0003094
1,0.588539183139801,1,ham10000,ISIC_0025755,mel,HAM_0003095
0,0.324871301651001,1,ham10000,ISIC_0031793,nv,HAM_0003096
0,0.6244866251945496,1,ham10000,ISIC_0033181,nv,HAM_0003097
0,0.4680657982826233,1,ham10000,ISIC_0030498,nv,HAM_0003098
0,0.720593273639679,1,ham10000,ISIC_0025734,nv,HAM_0003099
0,0.5433323383331299,1,ham10000,ISIC_0028976,nv,HAM_0003100
1,0.8029538989067078,1,ham10000,ISIC_0030094,bcc,HAM_0003101
1,0.17143438756465912,0,ham10000,ISIC_0025709,mel,HAM_0003102
0,0.450752854347229,1,ham10000,ISIC_0031921,nv,HAM_0003103
1,0.7081096768379211,1,ham10000,ISIC_0025029,akiec,HAM_0003105
0,0.618305504322052,1,ham10000,ISIC_0030420,nv,HAM_0003106
1,0.785112738609314,1,ham10000,ISIC_0030844,akiec,HAM_0003107
0,0.20725776255130768,0,ham10000,ISIC_0027166,nv,HAM_0003108
0,0.5031352639198303,1,ham10000,ISIC_0028946,nv,HAM_0003109
0,0.6443149447441101,1,ham10000,ISIC_0026473,df,HAM_0003110
0,0.0966213122010231,0,ham10000,ISIC_0030495,nv,HAM_0003111
1,0.5521644949913025,1,ham10000,ISIC_0030233,bcc,HAM_0003112
0,0.7155168056488037,1,ham10000,ISIC_0024520,nv,HAM_0003113
0,0.3837341368198395,1,ham10000,ISIC_0032091,nv,HAM_0003114
1,0.44962409138679504,1,ham10000,ISIC_0030954,bcc,HAM_0003115
0,0.2769262492656708,1,ham10000,ISIC_0030453,nv,HAM_0003116
0,0.6573601365089417,1,ham10000,ISIC_0027917,nv,HAM_0003117
0,0.17369575798511505,0,ham10000,ISIC_0026483,nv,HAM_0003118
1,0.7534226179122925,1,ham10000,ISIC_0030737,bcc,HAM_0003119
0,0.5741977095603943,1,ham10000,ISIC_0028593,bkl,HAM_0003120
0,0.4899778962135315,1,ham10000,ISIC_0024347,nv,HAM_0003121
0,0.25905463099479675,1,ham10000,ISIC_0031069,nv,HAM_0003122
1,0.36378997564315796,1,ham10000,ISIC_0028232,akiec,HAM_0003123
0,0.2896732985973358,1,ham10000,ISIC_0031512,nv,HAM_0003124
0,0.49768534302711487,1,ham10000,ISIC_0025477,nv,HAM_0003125
0,0.2565164566040039,1,ham10000,ISIC_0029181,nv,HAM_0003126
0,0.6234378218650818,1,ham10000,ISIC_0024658,nv,HAM_0003127
0,0.10587041825056076,0,ham10000,ISIC_0030660,nv,HAM_0003128
0,0.37887412309646606,1,ham10000,ISIC_0029195,bkl,HAM_0003129
0,0.6276379227638245,1,ham10000,ISIC_0032708,nv,HAM_0003130
0,0.5077199935913086,1,ham10000,ISIC_0025833,nv,HAM_0003131
0,0.25356051325798035,1,ham10000,ISIC_0029259,nv,HAM_0003132
0,0.4610939621925354,1,ham10000,ISIC_0032794,nv,HAM_0003133
0,0.11717814207077026,0,ham10000,ISIC_0027001,nv,HAM_0003134
1,0.6913952231407166,1,ham10000,ISIC_0028107,bcc,HAM_0003135
1,0.6327664256095886,1,ham10000,ISIC_0026645,akiec,HAM_0003136
0,0.20857460796833038,0,ham10000,ISIC_0032770,nv,HAM_0003137
0,0.3023206889629364,1,ham10000,ISIC_0025706,nv,HAM_0003138
0,0.34878578782081604,1,ham10000,ISIC_0026063,nv,HAM_0003139
0,0.5166784524917603,1,ham10000,ISIC_0027037,bkl,HAM_0003140
1,0.8208463191986084,1,ham10000,ISIC_0031918,akiec,HAM_0003141
0,0.35724249482154846,1,ham10000,ISIC_0026956,nv,HAM_0003142
0,0.6416603922843933,1,ham10000,ISIC_0033555,nv,HAM_0003143
1,0.6711719036102295,1,ham10000,ISIC_0032135,akiec,HAM_0003144
0,0.5064990520477295,1,ham10000,ISIC_0026136,nv,HAM_0003145
1,0.7591496109962463,1,ham10000,ISIC_0026992,akiec,HAM_0003146
0,0.6029251217842102,1,ham10000,ISIC_0029168,nv,HAM_0003147
0,0.5294901728630066,1,ham10000,ISIC_0025353,nv,HAM_0003148
1,0.6156142354011536,1,ham10000,ISIC_0030246,mel,HAM_0003149
0,0.4360264241695404,1,ham10000,ISIC_0025213,nv,HAM_0003150
0,0.2339509278535843,1,ham10000,ISIC_0024556,nv,HAM_0003151
0,0.5379709005355835,1,ham10000,ISIC_0027996,bkl,HAM_0003152
0,0.4658595323562622,1,ham10000,ISIC_0025565,nv,HAM_0003153
0,0.5792651772499084,1,ham10000,ISIC_0031075,nv,HAM_0003154
0,0.5856238007545471,1,ham10000,ISIC_0028247,nv,HAM_0003155
0,0.5673422813415527,1,ham10000,ISIC_0026494,nv,HAM_0003156
1,0.7762652635574341,1,ham10000,ISIC_0029811,akiec,HAM_0003157
0,0.33922871947288513,1,ham10000,ISIC_0025456,nv,HAM_0003158
0,0.48900648951530457,1,ham10000,ISIC_0026108,nv,HAM_0003159
0,0.43528497219085693,1,ham10000,ISIC_0029587,nv,HAM_0003160
1,0.44148385524749756,1,ham10000,ISIC_0030191,akiec,HAM_0003161
0,0.6072972416877747,1,ham10000,ISIC_0032997,bkl,HAM_0003162
0,0.44471776485443115,1,ham10000,ISIC_0029327,nv,HAM_0003163
0,0.5335493683815002,1,ham10000,ISIC_0027897,nv,HAM_0003164
0,0.1700037270784378,0,ham10000,ISIC_0025856,bkl,HAM_0003165
0,0.18826818466186523,0,ham10000,ISIC_0030848,nv,HAM_0003166
1,0.5625990033149719,1,ham10000,ISIC_0024864,mel,HAM_0003167
0,0.5029208660125732,1,ham10000,ISIC_0026228,nv,HAM_0003168
0,0.24868451058864594,1,ham10000,ISIC_0028867,nv,HAM_0003169
0,0.47285374999046326,1,ham10000,ISIC_0029631,nv,HAM_0003170
1,0.7048783898353577,1,ham10000,ISIC_0025941,mel,HAM_0003171
1,0.3436269164085388,1,ham10000,ISIC_0025832,mel,HAM_0003172
0,0.30883485078811646,1,ham10000,ISIC_0032131,nv,HAM_0003173
1,0.7346786260604858,1,ham10000,ISIC_0032873,mel,HAM_0003174
0,0.6264582276344299,1,ham10000,ISIC_0028145,nv,HAM_0003175
1,0.6816561222076416,1,ham10000,ISIC_0028148,mel,HAM_0003176
1,0.6308786273002625,1,ham10000,ISIC_0031697,bcc,HAM_0003177
0,0.5918700695037842,1,ham10000,ISIC_0025713,nv,HAM_0003178
0,0.5769190788269043,1,ham10000,ISIC_0029108,bkl,HAM_0003179
0,0.2749786078929901,1,ham10000,ISIC_0031058,nv,HAM_0003180
0,0.6560301780700684,1,ham10000,ISIC_0033085,nv,HAM_0003181
1,0.6855137348175049,1,ham10000,ISIC_0027125,mel,HAM_0003182
0,0.7140384316444397,1,ham10000,ISIC_0027017,bkl,HAM_0003183
0,0.3335878252983093,1,ham10000,ISIC_0028844,nv,HAM_0003184
0,0.2440398782491684,1,ham10000,ISIC_0030430,nv,HAM_0003185
1,0.6705036163330078,1,ham10000,ISIC_0027297,bcc,HAM_0003186
0,0.5428161025047302,1,ham10000,ISIC_0025526,bkl,HAM_0003187
0,0.5931000709533691,1,ham10000,ISIC_0024730,nv,HAM_0003188
0,0.4010447561740875,1,ham10000,ISIC_0027324,nv,HAM_0003189
0,0.39407825469970703,1,ham10000,ISIC_0030571,nv,HAM_0003190
1,0.8146438598632812,1,ham10000,ISIC_0028050,bcc,HAM_0003191
0,0.6683629751205444,1,ham10000,ISIC_0030284,nv,HAM_0003192
0,0.6327824592590332,1,ham10000,ISIC_0032818,nv,HAM_0003193
1,0.45224708318710327,1,ham10000,ISIC_0026954,mel,HAM_0003194
1,0.5743240714073181,1,ham10000,ISIC_0025319,akiec,HAM_0003195
0,0.4391309916973114,1,ham10000,ISIC_0025475,nv,HAM_0003196
0,0.4568135142326355,1,ham10000,ISIC_0028668,nv,HAM_0003197
1,0.49804311990737915,1,ham10000,ISIC_0027759,bcc,HAM_0003198
0,0.2323027104139328,1,ham10000,ISIC_0027309,nv,HAM_0003199
0,0.16121502220630646,0,ham10000,ISIC_0030805,nv,HAM_0003200
0,0.32367274165153503,1,ham10000,ISIC_0030386,nv,HAM_0003201
1,0.7311742305755615,1,ham10000,ISIC_0032718,mel,HAM_0003202
0,0.2898092269897461,1,ham10000,ISIC_0029421,nv,HAM_0003203
0,0.38361868262290955,1,ham10000,ISIC_0028564,nv,HAM_0003204
0,0.5275390148162842,1,ham10000,ISIC_0031287,bkl,HAM_0003205
0,0.35104823112487793,1,ham10000,ISIC_0025199,bkl,HAM_0003206
0,0.4277327060699463,1,ham10000,ISIC_0024534,nv,HAM_0003207
0,0.6879816651344299,1,ham10000,ISIC_0033572,nv,HAM_0003208
0,0.2974507808685303,1,ham10000,ISIC_0031156,nv,HAM_0003209
0,0.3894818127155304,1,ham10000,ISIC_0030237,nv,HAM_0003210
0,0.5421836972236633,1,ham10000,ISIC_0029942,nv,HAM_0003211
1,0.7784513235092163,1,ham10000,ISIC_0024767,mel,HAM_0003212
0,0.24175778031349182,1,ham10000,ISIC_0031747,nv,HAM_0003213
0,0.03461700677871704,0,ham10000,ISIC_0028745,nv,HAM_0003214
0,0.6124226450920105,1,ham10000,ISIC_0027643,nv,HAM_0003215
1,0.6395401954650879,1,ham10000,ISIC_0034015,bcc,HAM_0003216
0,0.2626127302646637,1,ham10000,ISIC_0029888,nv,HAM_0003217
0,0.7068151235580444,1,ham10000,ISIC_0033305,bkl,HAM_0003218
0,0.5919449925422668,1,ham10000,ISIC_0024737,nv,HAM_0003219
1,0.7505534291267395,1,ham10000,ISIC_0034093,bcc,HAM_0003220
0,0.557706892490387,1,ham10000,ISIC_0029104,nv,HAM_0003221
0,0.5888969302177429,1,ham10000,ISIC_0026382,nv,HAM_0003222
0,0.7103902697563171,1,ham10000,ISIC_0024922,nv,HAM_0003223
1,0.4683845341205597,1,ham10000,ISIC_0029740,mel,HAM_0003225
0,0.23790699243545532,1,ham10000,ISIC_0029225,nv,HAM_0003226
0,0.38145744800567627,1,ham10000,ISIC_0029594,nv,HAM_0003227
0,0.5173739194869995,1,ham10000,ISIC_0027369,nv,HAM_0003228
1,0.44345933198928833,1,ham10000,ISIC_0031140,bcc,HAM_0003229
0,0.6695469617843628,1,ham10000,ISIC_0027640,nv,HAM_0003230
0,0.4374953806400299,1,ham10000,ISIC_0025028,nv,HAM_0003231
0,0.4551151692867279,1,ham10000,ISIC_0032448,nv,HAM_0003232
0,0.32624533772468567,1,ham10000,ISIC_0031571,nv,HAM_0003233
0,0.40111052989959717,1,ham10000,ISIC_0032467,nv,HAM_0003234
0,0.4824892282485962,1,ham10000,ISIC_0025001,nv,HAM_0003235
0,0.6076829433441162,1,ham10000,ISIC_0033025,nv,HAM_0003236
0,0.1783779412508011,0,ham10000,ISIC_0028595,nv,HAM_0003237
0,0.4976577162742615,1,ham10000,ISIC_0031157,nv,HAM_0003238
0,0.16653649508953094,0,ham10000,ISIC_0024533,nv,HAM_0003239
0,0.2506308853626251,1,ham10000,ISIC_0026387,nv,HAM_0003240
0,0.6729609966278076,1,ham10000,ISIC_0024908,nv,HAM_0003241
0,0.43223270773887634,1,ham10000,ISIC_0031242,nv,HAM_0003242
0,0.6456137299537659,1,ham10000,ISIC_0026279,nv,HAM_0003243
0,0.6174914836883545,1,ham10000,ISIC_0027368,nv,HAM_0003244
0,0.3890822231769562,1,ham10000,ISIC_0025211,nv,HAM_0003245
0,0.5575747489929199,1,ham10000,ISIC_0029018,nv,HAM_0003246
0,0.43142279982566833,1,ham10000,ISIC_0026707,nv,HAM_0003247
0,0.530232310295105,1,ham10000,ISIC_0025447,nv,HAM_0003248
0,0.5192198753356934,1,ham10000,ISIC_0025114,nv,HAM_0003249
0,0.5664960145950317,1,ham10000,ISIC_0031997,nv,HAM_0003250
0,0.4563215374946594,1,ham10000,ISIC_0025868,nv,HAM_0003251
0,0.23536795377731323,1,ham10000,ISIC_0029977,nv,HAM_0003252
0,0.5494590997695923,1,ham10000,ISIC_0028998,nv,HAM_0003253
0,0.510752260684967,1,ham10000,ISIC_0032478,nv,HAM_0003254
0,0.5894221067428589,1,ham10000,ISIC_0026172,nv,HAM_0003255
1,0.5577636957168579,1,ham10000,ISIC_0028218,mel,HAM_0003256
0,0.47934430837631226,1,ham10000,ISIC_0024559,nv,HAM_0003257
0,0.1565922647714615,0,ham10000,ISIC_0026187,nv,HAM_0003258
0,0.4421727657318115,1,ham10000,ISIC_0032895,nv,HAM_0003259
0,0.6604083776473999,1,ham10000,ISIC_0029345,bkl,HAM_0003260
0,0.4648611843585968,1,ham10000,ISIC_0026031,nv,HAM_0003261
1,0.5113409161567688,1,ham10000,ISIC_0026212,akiec,HAM_0003262
0,0.48506155610084534,1,ham10000,ISIC_0028226,nv,HAM_0003263
0,0.41747283935546875,1,ham10000,ISIC_0027723,nv,HAM_0003264
0,0.4672108292579651,1,ham10000,ISIC_0025180,bkl,HAM_0003265
0,0.14093591272830963,0,ham10000,ISIC_0029468,nv,HAM_0003266
0,0.35885462164878845,1,ham10000,ISIC_0024991,nv,HAM_0003267
0,0.21854403614997864,1,ham10000,ISIC_0025572,nv,HAM_0003268
0,0.1459517627954483,0,ham10000,ISIC_0028904,nv,HAM_0003269
0,0.05105962976813316,0,ham10000,ISIC_0025764,nv,HAM_0003270
0,0.5203109979629517,1,ham10000,ISIC_0031850,nv,HAM_0003271
0,0.19514989852905273,0,ham10000,ISIC_0027979,nv,HAM_0003272
0,0.5690555572509766,1,ham10000,ISIC_0024536,nv,HAM_0003273
0,0.4254551827907562,1,ham10000,ISIC_0031348,nv,HAM_0003274
0,0.2621322274208069,1,ham10000,ISIC_0032116,bkl,HAM_0003275
0,0.7823280096054077,1,ham10000,ISIC_0024975,nv,HAM_0003276
0,0.13101208209991455,0,ham10000,ISIC_0026730,nv,HAM_0003277
0,0.4215618968009949,1,ham10000,ISIC_0026537,nv,HAM_0003278
0,0.203219473361969,0,ham10000,ISIC_0030329,bkl,HAM_0003279
1,0.7410325407981873,1,ham10000,ISIC_0032841,mel,HAM_0003280
0,0.5106391906738281,1,ham10000,ISIC_0031903,bkl,HAM_0003281
0,0.3537790775299072,1,ham10000,ISIC_0032474,nv,HAM_0003282
0,0.6025013327598572,1,ham10000,ISIC_0031469,nv,HAM_0003283
0,0.4696316123008728,1,ham10000,ISIC_0030894,nv,HAM_0003284
0,0.4349614381790161,1,ham10000,ISIC_0029907,nv,HAM_0003285
0,0.6156030297279358,1,ham10000,ISIC_0026846,bkl,HAM_0003287
0,0.6179457306861877,1,ham10000,ISIC_0032587,nv,HAM_0003288
0,0.4907967746257782,1,ham10000,ISIC_0031357,nv,HAM_0003289
0,0.5427424907684326,1,ham10000,ISIC_0030757,df,HAM_0003290
0,0.33466824889183044,1,ham10000,ISIC_0029428,nv,HAM_0003291
0,0.30119967460632324,1,ham10000,ISIC_0029173,nv,HAM_0003292
0,0.6944606304168701,1,ham10000,ISIC_0029010,bkl,HAM_0003293
0,0.32069772481918335,1,ham10000,ISIC_0028817,nv,HAM_0003294
0,0.48331698775291443,1,ham10000,ISIC_0026110,nv,HAM_0003295
0,0.5159177780151367,1,ham10000,ISIC_0024944,nv,HAM_0003296
0,0.45910120010375977,1,ham10000,ISIC_0024373,nv,HAM_0003297
0,0.3299156427383423,1,ham10000,ISIC_0031535,nv,HAM_0003298
0,0.48334628343582153,1,ham10000,ISIC_0025547,nv,HAM_0003299
0,0.5452410578727722,1,ham10000,ISIC_0034195,nv,HAM_0003300
0,0.6740190982818604,1,ham10000,ISIC_0025033,bkl,HAM_0003301
0,0.46456384658813477,1,ham10000,ISIC_0032434,nv,HAM_0003302
0,0.36182984709739685,1,ham10000,ISIC_0024597,nv,HAM_0003303
0,0.2893279194831848,1,ham10000,ISIC_0029367,nv,HAM_0003304
0,0.22255270183086395,1,ham10000,ISIC_0025172,nv,HAM_0003305
0,0.49722951650619507,1,ham10000,ISIC_0025259,nv,HAM_0003306
0,0.2678675651550293,1,ham10000,ISIC_0031147,nv,HAM_0003307
0,0.5831052660942078,1,ham10000,ISIC_0024615,nv,HAM_0003308
0,0.27410829067230225,1,ham10000,ISIC_0028403,nv,HAM_0003309
0,0.5187911987304688,1,ham10000,ISIC_0032952,nv,HAM_0003310
0,0.5095393657684326,1,ham10000,ISIC_0026452,nv,HAM_0003311
0,0.48782050609588623,1,ham10000,ISIC_0030516,nv,HAM_0003312
0,0.5643752217292786,1,ham10000,ISIC_0032107,nv,HAM_0003313
0,0.4257233440876007,1,ham10000,ISIC_0026470,nv,HAM_0003314
1,0.7429190874099731,1,ham10000,ISIC_0024481,mel,HAM_0003315
0,0.07642898708581924,0,ham10000,ISIC_0031472,nv,HAM_0003316
0,0.5102900266647339,1,ham10000,ISIC_0024435,bkl,HAM_0003317
0,0.5894948244094849,1,ham10000,ISIC_0031979,nv,HAM_0003318
0,0.2409975826740265,1,ham10000,ISIC_0026033,nv,HAM_0003319
0,0.6150442957878113,1,ham10000,ISIC_0030367,nv,HAM_0003320
0,0.4484553337097168,1,ham10000,ISIC_0032929,bkl,HAM_0003321
0,0.4333639144897461,1,ham10000,ISIC_0028596,nv,HAM_0003322
0,0.5364753603935242,1,ham10000,ISIC_0031297,nv,HAM_0003323
0,0.5172152519226074,1,ham10000,ISIC_0024650,nv,HAM_0003324
0,0.5875749588012695,1,ham10000,ISIC_0034190,nv,HAM_0003325
0,0.6971575021743774,1,ham10000,ISIC_0025548,bkl,HAM_0003326
0,0.6090288162231445,1,ham10000,ISIC_0027312,nv,HAM_0003327
1,0.6954866647720337,1,ham10000,ISIC_0026453,bcc,HAM_0003328
0,0.32880041003227234,1,ham10000,ISIC_0031581,nv,HAM_0003329
1,0.6467990875244141,1,ham10000,ISIC_0028696,mel,HAM_0003330
0,0.4191150665283203,1,ham10000,ISIC_0027035,nv,HAM_0003331
0,0.5103680491447449,1,ham10000,ISIC_0028416,nv,HAM_0003332
0,0.33350870013237,1,ham10000,ISIC_0028379,nv,HAM_0003333
0,0.41420987248420715,1,ham10000,ISIC_0030886,nv,HAM_0003334
1,0.5664530396461487,1,ham10000,ISIC_0032509,mel,HAM_0003335
0,0.34366273880004883,1,ham10000,ISIC_0030298,nv,HAM_0003336
0,0.46802401542663574,1,ham10000,ISIC_0024677,nv,HAM_0003337
0,0.11740770936012268,0,ham10000,ISIC_0029722,nv,HAM_0003338
0,0.32769110798835754,1,ham10000,ISIC_0030715,nv,HAM_0003339
0,0.6727293729782104,1,ham10000,ISIC_0028507,nv,HAM_0003340
0,0.4118442237377167,1,ham10000,ISIC_0027212,nv,HAM_0003341
0,0.0858980044722557,0,ham10000,ISIC_0027726,nv,HAM_0003342
0,0.816497266292572,1,ham10000,ISIC_0027861,nv,HAM_0003343
0,0.21485504508018494,0,ham10000,ISIC_0026399,nv,HAM_0003344
0,0.796862006187439,1,ham10000,ISIC_0024718,nv,HAM_0003345
0,0.5718693137168884,1,ham10000,ISIC_0032714,nv,HAM_0003346
0,0.04296104609966278,0,ham10000,ISIC_0032416,nv,HAM_0003347
0,0.5772470831871033,1,ham10000,ISIC_0031799,df,HAM_0003348
0,0.20320385694503784,0,ham10000,ISIC_0028917,nv,HAM_0003349
1,0.7508264183998108,1,ham10000,ISIC_0024310,mel,HAM_0003350
1,0.7468454241752625,1,ham10000,ISIC_0033878,mel,HAM_0003351
0,0.6661860346794128,1,ham10000,ISIC_0032599,nv,HAM_0003352
0,0.4749678075313568,1,ham10000,ISIC_0025162,nv,HAM_0003353
1,0.7954174876213074,1,ham10000,ISIC_0032892,mel,HAM_0003354
0,0.4743644595146179,1,ham10000,ISIC_0029138,nv,HAM_0003355
0,0.6346105933189392,1,ham10000,ISIC_0032572,nv,HAM_0003356
0,0.4262401759624481,1,ham10000,ISIC_0032912,nv,HAM_0003357
0,0.48206549882888794,1,ham10000,ISIC_0032939,nv,HAM_0003358
0,0.5631499886512756,1,ham10000,ISIC_0032979,nv,HAM_0003359
0,0.5946811437606812,1,ham10000,ISIC_0033140,nv,HAM_0003360
0,0.609710693359375,1,ham10000,ISIC_0033234,nv,HAM_0003361
0,0.5212540030479431,1,ham10000,ISIC_0033313,nv,HAM_0003362
0,0.6887516975402832,1,ham10000,ISIC_0033381,nv,HAM_0003363
0,0.6887248158454895,1,ham10000,ISIC_0033474,nv,HAM_0003364
0,0.5257374048233032,1,ham10000,ISIC_0033682,nv,HAM_0003365
0,0.5634540915489197,1,ham10000,ISIC_0033765,nv,HAM_0003366
0,0.5494564771652222,1,ham10000,ISIC_0033903,nv,HAM_0003367
0,0.6346905827522278,1,ham10000,ISIC_0034270,nv,HAM_0003368
0,0.5541689395904541,1,ham10000,ISIC_0032181,nv,HAM_0003369
0,0.5021181106567383,1,ham10000,ISIC_0032237,nv,HAM_0003370
0,0.5590252876281738,1,ham10000,ISIC_0030957,nv,HAM_0003371
0,0.4692942202091217,1,ham10000,ISIC_0028883,nv,HAM_0003372
1,0.7926539778709412,1,ham10000,ISIC_0024515,bcc,HAM_0003373
0,0.3303508758544922,1,ham10000,ISIC_0030265,nv,HAM_0003374
0,0.40602177381515503,1,ham10000,ISIC_0031422,nv,HAM_0003375
1,0.49234166741371155,1,ham10000,ISIC_0025394,mel,HAM_0003376
0,0.4726734161376953,1,ham10000,ISIC_0032085,nv,HAM_0003377
0,0.08783023804426193,0,ham10000,ISIC_0027674,nv,HAM_0003378
0,0.46267834305763245,1,ham10000,ISIC_0030619,nv,HAM_0003379
1,0.602841854095459,1,ham10000,ISIC_0024418,akiec,HAM_0003380
0,0.5071057677268982,1,ham10000,ISIC_0028862,nv,HAM_0003382
0,0.5541308522224426,1,ham10000,ISIC_0026594,nv,HAM_0003383
0,0.40212318301200867,1,ham10000,ISIC_0028438,nv,HAM_0003384
0,0.5089807510375977,1,ham10000,ISIC_0025839,nv,HAM_0003385
1,0.6420468688011169,1,ham10000,ISIC_0032662,mel,HAM_0003386
0,0.6897014379501343,1,ham10000,ISIC_0028524,nv,HAM_0003387
0,0.3054784834384918,1,ham10000,ISIC_0027176,nv,HAM_0003388
1,0.7556225657463074,1,ham10000,ISIC_0031122,bcc,HAM_0003389
0,0.3243069052696228,1,ham10000,ISIC_0024859,nv,HAM_0003390
0,0.24794745445251465,1,ham10000,ISIC_0030025,nv,HAM_0003391
0,0.69734787940979,1,ham10000,ISIC_0030240,bkl,HAM_0003392
0,0.3243882358074188,1,ham10000,ISIC_0032113,bkl,HAM_0003393
0,0.6364808678627014,1,ham10000,ISIC_0029405,nv,HAM_0003394
0,0.47180086374282837,1,ham10000,ISIC_0030392,nv,HAM_0003395
0,0.4925176501274109,1,ham10000,ISIC_0031068,nv,HAM_0003396
0,0.2092173844575882,0,ham10000,ISIC_0027740,nv,HAM_0003397
0,0.7286821007728577,1,ham10000,ISIC_0031888,bkl,HAM_0003398
0,0.39583253860473633,1,ham10000,ISIC_0028398,nv,HAM_0003399
1,0.6845197081565857,1,ham10000,ISIC_0026167,mel,HAM_0003400
1,0.7734089493751526,1,ham10000,ISIC_0029002,akiec,HAM_0003401
0,0.46486762166023254,1,ham10000,ISIC_0031409,nv,HAM_0003403
0,0.4676668643951416,1,ham10000,ISIC_0029797,nv,HAM_0003404
0,0.4730122983455658,1,ham10000,ISIC_0024580,nv,HAM_0003405
0,0.34690120816230774,1,ham10000,ISIC_0030896,nv,HAM_0003406
0,0.2285405844449997,1,ham10000,ISIC_0026971,nv,HAM_0003407
0,0.6422736644744873,1,ham10000,ISIC_0031942,nv,HAM_0003408
0,0.41027429699897766,1,ham10000,ISIC_0025913,nv,HAM_0003409
0,0.7153251767158508,1,ham10000,ISIC_0024635,bkl,HAM_0003410
0,0.2659471035003662,1,ham10000,ISIC_0024346,nv,HAM_0003411
0,0.46845778822898865,1,ham10000,ISIC_0026241,nv,HAM_0003412
0,0.2959519028663635,1,ham10000,ISIC_0030969,nv,HAM_0003413
0,0.3773241937160492,1,ham10000,ISIC_0027944,nv,HAM_0003414
0,0.1355890929698944,0,ham10000,ISIC_0027789,nv,HAM_0003415
0,0.29356852173805237,1,ham10000,ISIC_0030379,nv,HAM_0003416
0,0.3248167037963867,1,ham10000,ISIC_0027891,nv,HAM_0003417
0,0.618617594242096,1,ham10000,ISIC_0033182,nv,HAM_0003418
0,0.698311984539032,1,ham10000,ISIC_0026097,nv,HAM_0003419
0,0.5155284404754639,1,ham10000,ISIC_0024748,bkl,HAM_0003420
1,0.7798185348510742,1,ham10000,ISIC_0033470,mel,HAM_0003421
1,0.8114517331123352,1,ham10000,ISIC_0031198,akiec,HAM_0003422
0,0.465099960565567,1,ham10000,ISIC_0028344,nv,HAM_0003423
0,0.5232170820236206,1,ham10000,ISIC_0033451,nv,HAM_0003424
0,0.4740673303604126,1,ham10000,ISIC_0031434,nv,HAM_0003425
0,0.2916962206363678,1,ham10000,ISIC_0026959,bkl,HAM_0003426
1,0.7836964130401611,1,ham10000,ISIC_0032959,bcc,HAM_0003427
1,0.6383199691772461,1,ham10000,ISIC_0024652,mel,HAM_0003428
1,0.7924172878265381,1,ham10000,ISIC_0024673,bcc,HAM_0003429
0,0.6675935387611389,1,ham10000,ISIC_0025271,nv,HAM_0003430
0,0.20331884920597076,0,ham10000,ISIC_0031847,nv,HAM_0003431
0,0.5066941380500793,1,ham10000,ISIC_0027962,nv,HAM_0003432
0,0.3247184753417969,1,ham10000,ISIC_0029483,nv,HAM_0003433
0,0.3281490206718445,1,ham10000,ISIC_0028608,nv,HAM_0003434
1,0.514801561832428,1,ham10000,ISIC_0031350,mel,HAM_0003435
0,0.3141283690929413,1,ham10000,ISIC_0027940,nv,HAM_0003436
0,0.29156795144081116,1,ham10000,ISIC_0031151,nv,HAM_0003438
1,0.6406984925270081,1,ham10000,ISIC_0033050,mel,HAM_0003439
0,0.08090365678071976,0,ham10000,ISIC_0026943,nv,HAM_0003440
0,0.6609224081039429,1,ham10000,ISIC_0032673,nv,HAM_0003441
0,0.3938528001308441,1,ham10000,ISIC_0027929,nv,HAM_0003442
0,0.4201243221759796,1,ham10000,ISIC_0032485,nv,HAM_0003443
1,0.27808842062950134,1,ham10000,ISIC_0027120,bcc,HAM_0003444
1,0.7942534685134888,1,ham10000,ISIC_0026229,mel,HAM_0003445
0,0.19677767157554626,0,ham10000,ISIC_0027201,nv,HAM_0003446
0,0.6027913093566895,1,ham10000,ISIC_0032703,nv,HAM_0003447
1,0.8772875666618347,1,ham10000,ISIC_0026158,mel,HAM_0003448
1,0.7522653341293335,1,ham10000,ISIC_0027263,mel,HAM_0003449
0,0.44840019941329956,1,ham10000,ISIC_0027746,nv,HAM_0003450
0,0.7311915159225464,1,ham10000,ISIC_0027098,nv,HAM_0003451
0,0.6035343408584595,1,ham10000,ISIC_0028920,bkl,HAM_0003452
0,0.41840648651123047,1,ham10000,ISIC_0031508,nv,HAM_0003453
0,0.19740404188632965,0,ham10000,ISIC_0031764,nv,HAM_0003454
1,0.603350043296814,1,ham10000,ISIC_0027896,akiec,HAM_0003455
0,0.5910215973854065,1,ham10000,ISIC_0025077,nv,HAM_0003456
0,0.48174265027046204,1,ham10000,ISIC_0024887,nv,HAM_0003457
0,0.8092705607414246,1,ham10000,ISIC_0024623,bkl,HAM_0003458
0,0.3526323735713959,1,ham10000,ISIC_0025697,nv,HAM_0003459
0,0.744297444820404,1,ham10000,ISIC_0032577,nv,HAM_0003460
0,0.07733692228794098,0,ham10000,ISIC_0027833,nv,HAM_0003461
0,0.7817980647087097,1,ham10000,ISIC_0025239,nv,HAM_0003462
0,0.5105221271514893,1,ham10000,ISIC_0031388,nv,HAM_0003463
0,0.4333314895629883,1,ham10000,ISIC_0031715,nv,HAM_0003464
0,0.2714272439479828,1,ham10000,ISIC_0024368,nv,HAM_0003465
1,0.7537131905555725,1,ham10000,ISIC_0033038,mel,HAM_0003466
0,0.3549331724643707,1,ham10000,ISIC_0031089,nv,HAM_0003467
0,0.5498170256614685,1,ham10000,ISIC_0025641,nv,HAM_0003468
0,0.59385085105896,1,ham10000,ISIC_0031636,nv,HAM_0003469
0,0.29362329840660095,1,ham10000,ISIC_0025979,nv,HAM_0003470
0,0.2947568893432617,1,ham10000,ISIC_0025284,nv,HAM_0003471
0,0.4276931881904602,1,ham10000,ISIC_0024417,nv,HAM_0003473
0,0.36852121353149414,1,ham10000,ISIC_0025212,nv,HAM_0003474
0,0.3931809365749359,1,ham10000,ISIC_0029825,nv,HAM_0003475
0,0.7633678317070007,1,ham10000,ISIC_0028972,bkl,HAM_0003476
0,0.08370784670114517,0,ham10000,ISIC_0029207,nv,HAM_0003477
0,0.2920078933238983,1,ham10000,ISIC_0027493,nv,HAM_0003478
0,0.4236651360988617,1,ham10000,ISIC_0030857,nv,HAM_0003479
0,0.46989384293556213,1,ham10000,ISIC_0031996,vasc,HAM_0003480
0,0.3817234933376312,1,ham10000,ISIC_0029050,nv,HAM_0003481
0,0.48328956961631775,1,ham10000,ISIC_0025150,nv,HAM_0003482
0,0.17985382676124573,0,ham10000,ISIC_0025501,nv,HAM_0003483
1,0.5299216508865356,1,ham10000,ISIC_0028003,mel,HAM_0003484
0,0.5050671696662903,1,ham10000,ISIC_0031968,nv,HAM_0003485
0,0.42884060740470886,1,ham10000,ISIC_0029494,nv,HAM_0003486
0,0.47110432386398315,1,ham10000,ISIC_0024845,df,HAM_0003487
0,0.46829333901405334,1,ham10000,ISIC_0028630,nv,HAM_0003488
0,0.3424357771873474,1,ham10000,ISIC_0032275,nv,HAM_0003489
0,0.5185598731040955,1,ham10000,ISIC_0031162,nv,HAM_0003490
0,0.7178065776824951,1,ham10000,ISIC_0026123,nv,HAM_0003491
0,0.5412063002586365,1,ham10000,ISIC_0029228,nv,HAM_0003492
0,0.2183859497308731,1,ham10000,ISIC_0028322,nv,HAM_0003493
0,0.3876924216747284,1,ham10000,ISIC_0031347,nv,HAM_0003494
1,0.643634557723999,1,ham10000,ISIC_0032869,mel,HAM_0003495
0,0.46249884366989136,1,ham10000,ISIC_0027308,nv,HAM_0003496
1,0.8324701189994812,1,ham10000,ISIC_0030970,mel,HAM_0003497
0,0.2788405418395996,1,ham10000,ISIC_0024609,nv,HAM_0003498
0,0.1292850226163864,0,ham10000,ISIC_0031516,nv,HAM_0003499
0,0.24468550086021423,1,ham10000,ISIC_0025917,nv,HAM_0003500
1,0.5901090502738953,1,ham10000,ISIC_0026927,akiec,HAM_0003501
0,0.4465464949607849,1,ham10000,ISIC_0027290,nv,HAM_0003502
0,0.45139726996421814,1,ham10000,ISIC_0027555,nv,HAM_0003503
1,0.24151299893856049,1,ham10000,ISIC_0026823,mel,HAM_0003504
0,0.6351471543312073,1,ham10000,ISIC_0033032,nv,HAM_0003505
1,0.6015703678131104,1,ham10000,ISIC_0033336,mel,HAM_0003506
0,0.6522842645645142,1,ham10000,ISIC_0032710,nv,HAM_0003507
0,0.5782986879348755,1,ham10000,ISIC_0030319,bkl,HAM_0003508
1,0.6183612942695618,1,ham10000,ISIC_0027832,mel,HAM_0003509
0,0.4561939239501953,1,ham10000,ISIC_0031507,nv,HAM_0003510
0,0.22906853258609772,1,ham10000,ISIC_0024321,nv,HAM_0003511
0,0.3194814622402191,1,ham10000,ISIC_0032609,nv,HAM_0003512
0,0.11737190932035446,0,ham10000,ISIC_0030743,nv,HAM_0003513
0,0.6016599535942078,1,ham10000,ISIC_0030369,bkl,HAM_0003514
0,0.05143975093960762,0,ham10000,ISIC_0025862,nv,HAM_0003515
0,0.4508315324783325,1,ham10000,ISIC_0029540,nv,HAM_0003516
0,0.3927368223667145,1,ham10000,ISIC_0029798,nv,HAM_0003517
0,0.2554437816143036,1,ham10000,ISIC_0025498,nv,HAM_0003518
0,0.1516353040933609,0,ham10000,ISIC_0026627,nv,HAM_0003519
1,0.38009414076805115,1,ham10000,ISIC_0025724,mel,HAM_0003520
1,0.5802115201950073,1,ham10000,ISIC_0032220,mel,HAM_0003521
1,0.5961618423461914,1,ham10000,ISIC_0029013,mel,HAM_0003522
0,0.5673608779907227,1,ham10000,ISIC_0026179,nv,HAM_0003523
0,0.46131786704063416,1,ham10000,ISIC_0028779,nv,HAM_0003524
0,0.7246411442756653,1,ham10000,ISIC_0024653,nv,HAM_0003525
0,0.24167513847351074,1,ham10000,ISIC_0027070,nv,HAM_0003526
0,0.45291435718536377,1,ham10000,ISIC_0029874,nv,HAM_0003527
0,0.4925936162471771,1,ham10000,ISIC_0028575,nv,HAM_0003528
0,0.2877265512943268,1,ham10000,ISIC_0029871,nv,HAM_0003529
1,0.42918166518211365,1,ham10000,ISIC_0030929,mel,HAM_0003530
1,0.6680986881256104,1,ham10000,ISIC_0031999,mel,HAM_0003531
0,0.44765782356262207,1,ham10000,ISIC_0026517,nv,HAM_0003532
0,0.30755478143692017,1,ham10000,ISIC_0030178,nv,HAM_0003533
1,0.3988105356693268,1,ham10000,ISIC_0028493,mel,HAM_0003534
0,0.6110743284225464,1,ham10000,ISIC_0033259,nv,HAM_0003535
0,0.46383756399154663,1,ham10000,ISIC_0028819,nv,HAM_0003536
0,0.3086235225200653,1,ham10000,ISIC_0029734,nv,HAM_0003537
0,0.4585736095905304,1,ham10000,ISIC_0031246,nv,HAM_0003538
0,0.6027238368988037,1,ham10000,ISIC_0025897,nv,HAM_0003539
0,0.6315296292304993,1,ham10000,ISIC_0029808,nv,HAM_0003540
0,0.41803300380706787,1,ham10000,ISIC_0028426,nv,HAM_0003541
0,0.43141263723373413,1,ham10000,ISIC_0033506,nv,HAM_0003542
0,0.46611204743385315,1,ham10000,ISIC_0030040,nv,HAM_0003543
0,0.26398521661758423,1,ham10000,ISIC_0029718,nv,HAM_0003545
0,0.6025705933570862,1,ham10000,ISIC_0030006,nv,HAM_0003546
0,0.372482031583786,1,ham10000,ISIC_0027921,nv,HAM_0003547
0,0.15527977049350739,0,ham10000,ISIC_0028480,nv,HAM_0003548
0,0.5336009860038757,1,ham10000,ISIC_0028741,nv,HAM_0003549
0,0.24283306300640106,1,ham10000,ISIC_0026334,nv,HAM_0003550
0,0.2751259207725525,1,ham10000,ISIC_0031800,nv,HAM_0003551
0,0.07355546206235886,0,ham10000,ISIC_0029084,nv,HAM_0003552
0,0.46749943494796753,1,ham10000,ISIC_0026469,nv,HAM_0003553
0,0.34894585609436035,1,ham10000,ISIC_0027494,nv,HAM_0003554
0,0.6525722146034241,1,ham10000,ISIC_0030321,df,HAM_0003555
1,0.37297335267066956,1,ham10000,ISIC_0033175,mel,HAM_0003556
0,0.32025569677352905,1,ham10000,ISIC_0026973,nv,HAM_0003557
1,0.698165774345398,1,ham10000,ISIC_0025303,mel,HAM_0003558
0,0.6741293668746948,1,ham10000,ISIC_0025810,bkl,HAM_0003559
0,0.22520014643669128,1,ham10000,ISIC_0028136,nv,HAM_0003560
0,0.6722087860107422,1,ham10000,ISIC_0034154,nv,HAM_0003561
0,0.55251145362854,1,ham10000,ISIC_0030544,nv,HAM_0003562
0,0.4708036482334137,1,ham10000,ISIC_0030075,nv,HAM_0003563
0,0.5289109945297241,1,ham10000,ISIC_0029294,nv,HAM_0003564
0,0.3058064877986908,1,ham10000,ISIC_0027289,nv,HAM_0003565
1,0.502339780330658,1,ham10000,ISIC_0032684,mel,HAM_0003566
0,0.42942097783088684,1,ham10000,ISIC_0028895,nv,HAM_0003567
0,0.1915624737739563,0,ham10000,ISIC_0030675,nv,HAM_0003568
0,0.46928027272224426,1,ham10000,ISIC_0026955,bkl,HAM_0003569
0,0.49836575984954834,1,ham10000,ISIC_0024847,nv,HAM_0003570
0,0.49021396040916443,1,ham10000,ISIC_0026602,nv,HAM_0003571
0,0.3780319094657898,1,ham10000,ISIC_0029817,nv,HAM_0003572
0,0.4468660056591034,1,ham10000,ISIC_0026447,nv,HAM_0003573
0,0.6330121159553528,1,ham10000,ISIC_0024877,bkl,HAM_0003574
0,0.4338785707950592,1,ham10000,ISIC_0031548,nv,HAM_0003575
0,0.3016974627971649,1,ham10000,ISIC_0027106,nv,HAM_0003576
0,0.24645330011844635,1,ham10000,ISIC_0024307,nv,HAM_0003577
0,0.6583681106567383,1,ham10000,ISIC_0027242,nv,HAM_0003578
0,0.5786551237106323,1,ham10000,ISIC_0028042,nv,HAM_0003579
0,0.5344524383544922,1,ham10000,ISIC_0026030,nv,HAM_0003580
0,0.6110694408416748,1,ham10000,ISIC_0030051,nv,HAM_0003581
0,0.07973673939704895,0,ham10000,ISIC_0027332,bkl,HAM_0003582
0,0.40311485528945923,1,ham10000,ISIC_0026006,nv,HAM_0003583
0,0.263672411441803,1,ham10000,ISIC_0029875,nv,HAM_0003584
0,0.7641152739524841,1,ham10000,ISIC_0029583,nv,HAM_0003585
1,0.09515112638473511,0,ham10000,ISIC_0027678,akiec,HAM_0003586
1,0.6434089541435242,1,ham10000,ISIC_0026870,mel,HAM_0003587
0,0.395220011472702,1,ham10000,ISIC_0025232,nv,HAM_0003588
0,0.20549526810646057,0,ham10000,ISIC_0025403,nv,HAM_0003589
0,0.40530598163604736,1,ham10000,ISIC_0024916,nv,HAM_0003590
0,0.4230540692806244,1,ham10000,ISIC_0025788,nv,HAM_0003591
0,0.44758522510528564,1,ham10000,ISIC_0031416,nv,HAM_0003592
1,0.7826744318008423,1,ham10000,ISIC_0027478,bcc,HAM_0003593
0,0.14551417529582977,0,ham10000,ISIC_0027009,nv,HAM_0003594
0,0.31842461228370667,1,ham10000,ISIC_0027621,nv,HAM_0003595
1,0.7587000727653503,1,ham10000,ISIC_0032194,bcc,HAM_0003596
0,0.806662917137146,1,ham10000,ISIC_0027488,df,HAM_0003597
0,0.3686230480670929,1,ham10000,ISIC_0028725,nv,HAM_0003598
0,0.49543362855911255,1,ham10000,ISIC_0029607,nv,HAM_0003599
1,0.6751290559768677,1,ham10000,ISIC_0031836,bcc,HAM_0003600
1,0.6034507155418396,1,ham10000,ISIC_0027507,mel,HAM_0003601
1,0.6137998104095459,1,ham10000,ISIC_0032533,mel,HAM_0003602
0,0.61835777759552,1,ham10000,ISIC_0026795,nv,HAM_0003603
0,0.27844613790512085,1,ham10000,ISIC_0028125,nv,HAM_0003604
0,0.5804365873336792,1,ham10000,ISIC_0026895,bkl,HAM_0003605
0,0.658621072769165,1,ham10000,ISIC_0032661,nv,HAM_0003606
0,0.34323301911354065,1,ham10000,ISIC_0030648,nv,HAM_0003607
1,0.5794575810432434,1,ham10000,ISIC_0028228,mel,HAM_0003608
0,0.23371335864067078,1,ham10000,ISIC_0025729,nv,HAM_0003609
1,0.5730641484260559,1,ham10000,ISIC_0028937,bcc,HAM_0003610
0,0.3890668451786041,1,ham10000,ISIC_0031699,nv,HAM_0003611
0,0.24758273363113403,1,ham10000,ISIC_0024456,nv,HAM_0003612
0,0.7553354501724243,1,ham10000,ISIC_0030118,bkl,HAM_0003613
0,0.7749432921409607,1,ham10000,ISIC_0032560,nv,HAM_0003614
0,0.709028422832489,1,ham10000,ISIC_0029222,nv,HAM_0003615
0,0.13822132349014282,0,ham10000,ISIC_0025291,nv,HAM_0003616
1,0.7077682018280029,1,ham10000,ISIC_0029502,mel,HAM_0003617
0,0.4588336646556854,1,ham10000,ISIC_0028234,nv,HAM_0003618
0,0.7629793286323547,1,ham10000,ISIC_0025553,nv,HAM_0003619
1,0.7859184145927429,1,ham10000,ISIC_0032511,mel,HAM_0003620
0,0.4716126322746277,1,ham10000,ISIC_0030048,nv,HAM_0003621
1,0.570499837398529,1,ham10000,ISIC_0027776,mel,HAM_0003622
0,0.8001351356506348,1,ham10000,ISIC_0032788,nv,HAM_0003623
0,0.27204176783561707,1,ham10000,ISIC_0025608,nv,HAM_0003624
1,0.6812945604324341,1,ham10000,ISIC_0032875,mel,HAM_0003625
0,0.23158042132854462,1,ham10000,ISIC_0030288,nv,HAM_0003626
0,0.6039937138557434,1,ham10000,ISIC_0024855,nv,HAM_0003627
0,0.3302205204963684,1,ham10000,ISIC_0031324,nv,HAM_0003628
0,0.150019571185112,0,ham10000,ISIC_0024978,nv,HAM_0003629
0,0.5131465196609497,1,ham10000,ISIC_0030538,nv,HAM_0003630
0,0.3523949980735779,1,ham10000,ISIC_0024779,nv,HAM_0003631
0,0.3651859164237976,1,ham10000,ISIC_0029274,nv,HAM_0003632
1,0.7319983243942261,1,ham10000,ISIC_0030280,akiec,HAM_0003633
0,0.603513240814209,1,ham10000,ISIC_0033194,nv,HAM_0003634
0,0.27903321385383606,1,ham10000,ISIC_0024801,nv,HAM_0003635
0,0.4676513373851776,1,ham10000,ISIC_0027124,nv,HAM_0003636
0,0.3235701024532318,1,ham10000,ISIC_0029738,nv,HAM_0003637
0,0.3480745255947113,1,ham10000,ISIC_0031492,nv,HAM_0003638
0,0.7816706299781799,1,ham10000,ISIC_0028894,nv,HAM_0003639
0,0.2265336960554123,1,ham10000,ISIC_0027181,nv,HAM_0003640
0,0.32164132595062256,1,ham10000,ISIC_0027492,nv,HAM_0003642
0,0.4254441261291504,1,ham10000,ISIC_0027923,nv,HAM_0003643
0,0.43088990449905396,1,ham10000,ISIC_0030202,nv,HAM_0003644
0,0.49514442682266235,1,ham10000,ISIC_0024390,nv,HAM_0003645
0,0.5336849689483643,1,ham10000,ISIC_0026518,nv,HAM_0003646
0,0.25958964228630066,1,ham10000,ISIC_0028840,bkl,HAM_0003647
0,0.2273533195257187,1,ham10000,ISIC_0031730,nv,HAM_0003648
0,0.6315878629684448,1,ham10000,ISIC_0032946,nv,HAM_0003649
0,0.5757286548614502,1,ham10000,ISIC_0024995,nv,HAM_0003650
0,0.15779443085193634,0,ham10000,ISIC_0026252,nv,HAM_0003651
0,0.6159358024597168,1,ham10000,ISIC_0025784,nv,HAM_0003652
0,0.6730173230171204,1,ham10000,ISIC_0028534,nv,HAM_0003653
0,0.18140223622322083,0,ham10000,ISIC_0026283,nv,HAM_0003654
0,0.431466668844223,1,ham10000,ISIC_0031305,nv,HAM_0003655
0,0.17048601806163788,0,ham10000,ISIC_0032213,nv,HAM_0003656
0,0.4703817665576935,1,ham10000,ISIC_0026740,nv,HAM_0003657
0,0.3635304272174835,1,ham10000,ISIC_0026379,nv,HAM_0003658
0,0.4878791570663452,1,ham10000,ISIC_0033449,bkl,HAM_0003659
0,0.3767637312412262,1,ham10000,ISIC_0026667,nv,HAM_0003660
0,0.2509300112724304,1,ham10000,ISIC_0026910,nv,HAM_0003661
0,0.33304548263549805,1,ham10000,ISIC_0028757,nv,HAM_0003662
0,0.7995355129241943,1,ham10000,ISIC_0026403,nv,HAM_0003663
0,0.336024671792984,1,ham10000,ISIC_0030533,bkl,HAM_0003664
0,0.24143542349338531,1,ham10000,ISIC_0030573,nv,HAM_0003665
0,0.41495317220687866,1,ham10000,ISIC_0029246,nv,HAM_0003666
0,0.6119481921195984,1,ham10000,ISIC_0025695,nv,HAM_0003667
0,0.46794840693473816,1,ham10000,ISIC_0024383,bkl,HAM_0003668
1,0.716095507144928,1,ham10000,ISIC_0030096,bcc,HAM_0003669
0,0.7927588820457458,1,ham10000,ISIC_0030105,bkl,HAM_0003670
0,0.265475332736969,1,ham10000,ISIC_0029373,nv,HAM_0003671
0,0.4990653693675995,1,ham10000,ISIC_0030263,nv,HAM_0003672
0,0.20654842257499695,0,ham10000,ISIC_0030016,nv,HAM_0003673
0,0.29617393016815186,1,ham10000,ISIC_0028660,nv,HAM_0003674
0,0.6781989932060242,1,ham10000,ISIC_0028573,nv,HAM_0003675
0,0.6191498041152954,1,ham10000,ISIC_0032530,nv,HAM_0003676
0,0.35954445600509644,1,ham10000,ISIC_0029409,nv,HAM_0003677
0,0.4150013327598572,1,ham10000,ISIC_0026197,nv,HAM_0003678
1,0.7801414132118225,1,ham10000,ISIC_0032840,mel,HAM_0003679
1,0.6920454502105713,1,ham10000,ISIC_0024403,bcc,HAM_0003680
0,0.44473493099212646,1,ham10000,ISIC_0032907,nv,HAM_0003681
0,0.5850198268890381,1,ham10000,ISIC_0031630,bkl,HAM_0003682
1,0.6864722371101379,1,ham10000,ISIC_0027352,mel,HAM_0003683
0,0.6938365697860718,1,ham10000,ISIC_0031385,nv,HAM_0003684
0,0.6375778317451477,1,ham10000,ISIC_0032292,nv,HAM_0003685
0,0.5525982975959778,1,ham10000,ISIC_0024870,nv,HAM_0003686
0,0.046200431883335114,0,ham10000,ISIC_0027515,nv,HAM_0003687
1,0.5763620734214783,1,ham10000,ISIC_0028231,akiec,HAM_0003688
0,0.20162193477153778,0,ham10000,ISIC_0025874,bkl,HAM_0003689
1,0.7721216678619385,1,ham10000,ISIC_0033146,bcc,HAM_0003690
0,0.319761723279953,1,ham10000,ISIC_0027428,bkl,HAM_0003691
0,0.7170677781105042,1,ham10000,ISIC_0027684,nv,HAM_0003692
0,0.19986453652381897,0,ham10000,ISIC_0030149,nv,HAM_0003693
1,0.5085776448249817,1,ham10000,ISIC_0028818,bcc,HAM_0003694
0,0.22761477530002594,1,ham10000,ISIC_0025679,nv,HAM_0003695
0,0.16287726163864136,0,ham10000,ISIC_0032945,nv,HAM_0003696
0,0.2551257312297821,1,ham10000,ISIC_0025438,nv,HAM_0003697
0,0.6290905475616455,1,ham10000,ISIC_0025518,nv,HAM_0003698
0,0.4851929843425751,1,ham10000,ISIC_0027397,nv,HAM_0003699
1,0.5007120966911316,1,ham10000,ISIC_0029606,mel,HAM_0003700
0,0.27602505683898926,1,ham10000,ISIC_0027191,nv,HAM_0003701
0,0.07605572044849396,0,ham10000,ISIC_0029800,nv,HAM_0003702
0,0.32816141843795776,1,ham10000,ISIC_0030468,nv,HAM_0003703
0,0.37773776054382324,1,ham10000,ISIC_0029463,nv,HAM_0003704
0,0.17181017994880676,0,ham10000,ISIC_0025263,nv,HAM_0003705
0,0.4640178680419922,1,ham10000,ISIC_0028099,nv,HAM_0003706
0,0.35437288880348206,1,ham10000,ISIC_0029528,nv,HAM_0003707
0,0.4788092076778412,1,ham10000,ISIC_0027232,nv,HAM_0003708
0,0.13295620679855347,0,ham10000,ISIC_0028483,nv,HAM_0003709
0,0.5601878762245178,1,ham10000,ISIC_0031611,nv,HAM_0003710
0,0.03495838865637779,0,ham10000,ISIC_0024896,nv,HAM_0003711
0,0.39422833919525146,1,ham10000,ISIC_0024513,nv,HAM_0003712
0,0.4615718722343445,1,ham10000,ISIC_0032885,nv,HAM_0003713
0,0.2503197491168976,1,ham10000,ISIC_0026064,nv,HAM_0003714
0,0.23446305096149445,1,ham10000,ISIC_0026941,bkl,HAM_0003715
1,0.6826018691062927,1,ham10000,ISIC_0024897,bcc,HAM_0003716
0,0.42057520151138306,1,ham10000,ISIC_0030414,nv,HAM_0003717
0,0.5712215900421143,1,ham10000,ISIC_0025233,nv,HAM_0003718
0,0.5040478110313416,1,ham10000,ISIC_0028046,nv,HAM_0003719
0,0.2175208479166031,1,ham10000,ISIC_0029250,nv,HAM_0003720
0,0.49914929270744324,1,ham10000,ISIC_0029490,nv,HAM_0003721
0,0.35219770669937134,1,ham10000,ISIC_0030052,nv,HAM_0003722
0,0.4307780861854553,1,ham10000,ISIC_0025742,nv,HAM_0003723
0,0.23848670721054077,1,ham10000,ISIC_0025036,nv,HAM_0003724
0,0.22522243857383728,1,ham10000,ISIC_0027986,nv,HAM_0003725
0,0.5486872792243958,1,ham10000,ISIC_0028503,bkl,HAM_0003726
0,0.320483535528183,1,ham10000,ISIC_0026404,nv,HAM_0003727
0,0.7471785545349121,1,ham10000,ISIC_0033949,bkl,HAM_0003728
0,0.4151953160762787,1,ham10000,ISIC_0026234,nv,HAM_0003729
0,0.4954206943511963,1,ham10000,ISIC_0026431,nv,HAM_0003730
0,0.49730485677719116,1,ham10000,ISIC_0031680,nv,HAM_0003731
0,0.4190129041671753,1,ham10000,ISIC_0026710,nv,HAM_0003732
0,0.13948337733745575,0,ham10000,ISIC_0025448,nv,HAM_0003733
0,0.22799035906791687,1,ham10000,ISIC_0029767,nv,HAM_0003734
0,0.6009401082992554,1,ham10000,ISIC_0032512,nv,HAM_0003735
0,0.47473347187042236,1,ham10000,ISIC_0026373,nv,HAM_0003736
0,0.46380919218063354,1,ham10000,ISIC_0024451,nv,HAM_0003737
1,0.7602892518043518,1,ham10000,ISIC_0031243,bcc,HAM_0003738
0,0.7296446561813354,1,ham10000,ISIC_0026675,bkl,HAM_0003739
0,0.5015069842338562,1,ham10000,ISIC_0026568,nv,HAM_0003740
1,0.7462456226348877,1,ham10000,ISIC_0028980,bcc,HAM_0003741
0,0.5764842629432678,1,ham10000,ISIC_0027150,nv,HAM_0003742
0,0.7317221164703369,1,ham10000,ISIC_0033592,bkl,HAM_0003743
0,0.5688313245773315,1,ham10000,ISIC_0032518,nv,HAM_0003744
0,0.6986188292503357,1,ham10000,ISIC_0029704,nv,HAM_0003745
0,0.4552064836025238,1,ham10000,ISIC_0030437,nv,HAM_0003746
0,0.437541663646698,1,ham10000,ISIC_0026582,nv,HAM_0003747
0,0.4179275333881378,1,ham10000,ISIC_0031051,nv,HAM_0003748
1,0.5884393453598022,1,ham10000,ISIC_0025268,mel,HAM_0003749
0,0.3846637010574341,1,ham10000,ISIC_0028624,nv,HAM_0003750
0,0.4724464416503906,1,ham10000,ISIC_0026302,nv,HAM_0003751
0,0.47451144456863403,1,ham10000,ISIC_0028308,bkl,HAM_0003752
0,0.49777960777282715,1,ham10000,ISIC_0031911,nv,HAM_0003753
0,0.44020646810531616,1,ham10000,ISIC_0028649,nv,HAM_0003754
0,0.5576506853103638,1,ham10000,ISIC_0033489,nv,HAM_0003755
0,0.4579140841960907,1,ham10000,ISIC_0030832,nv,HAM_0003756
0,0.2912009656429291,1,ham10000,ISIC_0029233,bkl,HAM_0003757
0,0.7507535815238953,1,ham10000,ISIC_0028581,nv,HAM_0003758
1,0.7099104523658752,1,ham10000,ISIC_0032630,mel,HAM_0003759
0,0.5632964968681335,1,ham10000,ISIC_0032145,nv,HAM_0003760
1,0.5920736193656921,1,ham10000,ISIC_0025316,mel,HAM_0003761
0,0.3666057884693146,1,ham10000,ISIC_0024736,nv,HAM_0003762
0,0.27784472703933716,1,ham10000,ISIC_0029709,nv,HAM_0003763
1,0.7832794189453125,1,ham10000,ISIC_0028877,bcc,HAM_0003764
0,0.6320889592170715,1,ham10000,ISIC_0026538,bkl,HAM_0003766
0,0.5270413756370544,1,ham10000,ISIC_0024604,nv,HAM_0003767
0,0.29995012283325195,1,ham10000,ISIC_0026634,bkl,HAM_0003768
0,0.4397237300872803,1,ham10000,ISIC_0027692,nv,HAM_0003769
0,0.6756115555763245,1,ham10000,ISIC_0032877,bkl,HAM_0003770
0,0.6142903566360474,1,ham10000,ISIC_0025807,vasc,HAM_0003771
0,0.35371139645576477,1,ham10000,ISIC_0024379,nv,HAM_0003772
0,0.487335205078125,1,ham10000,ISIC_0027952,nv,HAM_0003773
0,0.6150537133216858,1,ham10000,ISIC_0033144,nv,HAM_0003774
0,0.3101864755153656,1,ham10000,ISIC_0025347,nv,HAM_0003776
0,0.7023277282714844,1,ham10000,ISIC_0033118,nv,HAM_0003777
1,0.7263792157173157,1,ham10000,ISIC_0027337,bcc,HAM_0003778
0,0.39416196942329407,1,ham10000,ISIC_0024656,nv,HAM_0003779
0,0.420298308134079,1,ham10000,ISIC_0027123,nv,HAM_0003780
0,0.527561366558075,1,ham10000,ISIC_0026225,nv,HAM_0003781
1,0.7026721835136414,1,ham10000,ISIC_0027102,mel,HAM_0003782
0,0.19473843276500702,0,ham10000,ISIC_0024488,nv,HAM_0003783
0,0.2578720450401306,1,ham10000,ISIC_0027965,nv,HAM_0003784
0,0.32441994547843933,1,ham10000,ISIC_0025776,nv,HAM_0003785
0,0.4250887632369995,1,ham10000,ISIC_0031590,nv,HAM_0003786
0,0.6102791428565979,1,ham10000,ISIC_0030630,bkl,HAM_0003787
0,0.3368315100669861,1,ham10000,ISIC_0026246,nv,HAM_0003788
0,0.414383202791214,1,ham10000,ISIC_0024915,bkl,HAM_0003789
0,0.6596975922584534,1,ham10000,ISIC_0028131,nv,HAM_0003790
0,0.7667863368988037,1,ham10000,ISIC_0026893,bkl,HAM_0003791
0,0.3935870826244354,1,ham10000,ISIC_0029069,nv,HAM_0003792
0,0.4497047960758209,1,ham10000,ISIC_0025382,nv,HAM_0003793
0,0.5357493162155151,1,ham10000,ISIC_0029429,nv,HAM_0003794
0,0.120627760887146,0,ham10000,ISIC_0028811,nv,HAM_0003795
0,0.04636750370264053,0,ham10000,ISIC_0030696,nv,HAM_0003796
0,0.5123109817504883,1,ham10000,ISIC_0024639,nv,HAM_0003797
0,0.42917323112487793,1,ham10000,ISIC_0030307,nv,HAM_0003798
0,0.20603816211223602,0,ham10000,ISIC_0031954,nv,HAM_0003799
0,0.7630953788757324,1,ham10000,ISIC_0026623,bkl,HAM_0003800
0,0.542957603931427,1,ham10000,ISIC_0033718,nv,HAM_0003801
1,0.7674947381019592,1,ham10000,ISIC_0032308,mel,HAM_0003802
0,0.6735309362411499,1,ham10000,ISIC_0033083,nv,HAM_0003803
0,0.27302175760269165,1,ham10000,ISIC_0026617,nv,HAM_0003804
1,0.8001527786254883,1,ham10000,ISIC_0030446,bcc,HAM_0003805
0,0.31887286901474,1,ham10000,ISIC_0028667,nv,HAM_0003806
0,0.4781377911567688,1,ham10000,ISIC_0032655,bkl,HAM_0003807
0,0.47133079171180725,1,ham10000,ISIC_0034040,bkl,HAM_0003808
0,0.05366060510277748,0,ham10000,ISIC_0032402,nv,HAM_0003809
0,0.16500313580036163,0,ham10000,ISIC_0034309,nv,HAM_0003810
0,0.20793692767620087,0,ham10000,ISIC_0032900,nv,HAM_0003811
0,0.0639386996626854,0,ham10000,ISIC_0033898,nv,HAM_0003812
0,0.27811241149902344,1,ham10000,ISIC_0033173,nv,HAM_0003813
0,0.4078843295574188,1,ham10000,ISIC_0032647,nv,HAM_0003814
0,0.42092519998550415,1,ham10000,ISIC_0024715,nv,HAM_0003815
0,0.13855046033859253,0,ham10000,ISIC_0029152,nv,HAM_0003816
0,0.20954768359661102,0,ham10000,ISIC_0032800,nv,HAM_0003817
0,0.10451893508434296,0,ham10000,ISIC_0033622,nv,HAM_0003818
0,0.37098047137260437,1,ham10000,ISIC_0027689,nv,HAM_0003819
0,0.5880151391029358,1,ham10000,ISIC_0029109,nv,HAM_0003820
0,0.5608022809028625,1,ham10000,ISIC_0026588,nv,HAM_0003821
0,0.5943453311920166,1,ham10000,ISIC_0030115,nv,HAM_0003822
0,0.5476800203323364,1,ham10000,ISIC_0027081,nv,HAM_0003823
0,0.722158670425415,1,ham10000,ISIC_0032971,nv,HAM_0003824
0,0.27338099479675293,1,ham10000,ISIC_0030656,nv,HAM_0003825
1,0.6805936694145203,1,ham10000,ISIC_0026433,bcc,HAM_0003826
1,0.566154956817627,1,ham10000,ISIC_0028350,bcc,HAM_0003827
0,0.626189649105072,1,ham10000,ISIC_0029865,nv,HAM_0003828
0,0.44092273712158203,1,ham10000,ISIC_0026349,vasc,HAM_0003829
0,0.5143015384674072,1,ham10000,ISIC_0028496,bkl,HAM_0003830
0,0.38363316655158997,1,ham10000,ISIC_0026724,nv,HAM_0003831
1,0.5287956595420837,1,ham10000,ISIC_0024586,mel,HAM_0003832
0,0.6559789776802063,1,ham10000,ISIC_0025945,nv,HAM_0003833
0,0.338818222284317,1,ham10000,ISIC_0030398,nv,HAM_0003834
0,0.749591052532196,1,ham10000,ISIC_0024412,bkl,HAM_0003835
0,0.5277445316314697,1,ham10000,ISIC_0031802,nv,HAM_0003836
0,0.28878122568130493,1,ham10000,ISIC_0028850,nv,HAM_0003837
0,0.6605335474014282,1,ham10000,ISIC_0028888,nv,HAM_0003838
0,0.6412763595581055,1,ham10000,ISIC_0026693,vasc,HAM_0003839
0,0.5157294273376465,1,ham10000,ISIC_0027801,bkl,HAM_0003840
0,0.3685500919818878,1,ham10000,ISIC_0028349,nv,HAM_0003841
0,0.3168450891971588,1,ham10000,ISIC_0027217,nv,HAM_0003842
1,0.7028244137763977,1,ham10000,ISIC_0034036,mel,HAM_0003843
0,0.2762000560760498,1,ham10000,ISIC_0027169,nv,HAM_0003844
0,0.6120087504386902,1,ham10000,ISIC_0032829,bkl,HAM_0003845
1,0.5230089426040649,1,ham10000,ISIC_0028113,bcc,HAM_0003846
0,0.7134894132614136,1,ham10000,ISIC_0027053,bkl,HAM_0003847
0,0.7231599688529968,1,ham10000,ISIC_0027077,nv,HAM_0003848
0,0.39713913202285767,1,ham10000,ISIC_0027185,nv,HAM_0003849
0,0.7755640745162964,1,ham10000,ISIC_0027237,nv,HAM_0003850
1,0.6785638332366943,1,ham10000,ISIC_0031643,bcc,HAM_0003851
0,0.7490894198417664,1,ham10000,ISIC_0032542,nv,HAM_0003852
1,0.42701107263565063,1,ham10000,ISIC_0030644,bcc,HAM_0003853
0,0.5158984065055847,1,ham10000,ISIC_0031655,nv,HAM_0003854
0,0.1736103743314743,0,ham10000,ISIC_0028801,nv,HAM_0003855
0,0.6258477568626404,1,ham10000,ISIC_0024760,bkl,HAM_0003856
0,0.6147826910018921,1,ham10000,ISIC_0028210,nv,HAM_0003857
0,0.31103581190109253,1,ham10000,ISIC_0031356,nv,HAM_0003858
0,0.49155187606811523,1,ham10000,ISIC_0027167,bkl,HAM_0003859
0,0.215968519449234,0,ham10000,ISIC_0025669,nv,HAM_0003860
0,0.4632115364074707,1,ham10000,ISIC_0026951,nv,HAM_0003861
0,0.8458064198493958,1,ham10000,ISIC_0032775,vasc,HAM_0003862
0,0.42833882570266724,1,ham10000,ISIC_0027879,nv,HAM_0003863
0,0.215006023645401,0,ham10000,ISIC_0029586,nv,HAM_0003864
0,0.12863092124462128,0,ham10000,ISIC_0032188,nv,HAM_0003865
1,0.6312113404273987,1,ham10000,ISIC_0024665,bcc,HAM_0003866
0,0.7501241564750671,1,ham10000,ISIC_0028425,nv,HAM_0003867
0,0.47701334953308105,1,ham10000,ISIC_0024708,bkl,HAM_0003868
1,0.6555672287940979,1,ham10000,ISIC_0025766,mel,HAM_0003869
0,0.29451945424079895,1,ham10000,ISIC_0024852,nv,HAM_0003870
0,0.3154529333114624,1,ham10000,ISIC_0031664,nv,HAM_0003871
0,0.6126909255981445,1,ham10000,ISIC_0028903,nv,HAM_0003872
0,0.528357744216919,1,ham10000,ISIC_0024475,vasc,HAM_0003873
0,0.4905557930469513,1,ham10000,ISIC_0024809,nv,HAM_0003874
0,0.17599287629127502,0,ham10000,ISIC_0028955,nv,HAM_0003875
0,0.39413896203041077,1,ham10000,ISIC_0030481,nv,HAM_0003876
0,0.6826665997505188,1,ham10000,ISIC_0031537,bkl,HAM_0003877
0,0.040923986583948135,0,ham10000,ISIC_0031072,nv,HAM_0003878
0,0.4495916962623596,1,ham10000,ISIC_0024894,nv,HAM_0003879
0,0.1346587985754013,0,ham10000,ISIC_0027508,nv,HAM_0003880
0,0.596398115158081,1,ham10000,ISIC_0029061,bkl,HAM_0003881
0,0.5621660351753235,1,ham10000,ISIC_0028266,nv,HAM_0003882
0,0.2651144862174988,1,ham10000,ISIC_0029112,nv,HAM_0003883
0,0.3753030598163605,1,ham10000,ISIC_0033605,nv,HAM_0003884
1,0.44703638553619385,1,ham10000,ISIC_0027560,mel,HAM_0003885
1,0.7892599105834961,1,ham10000,ISIC_0032857,bcc,HAM_0003887
0,0.4381698668003082,1,ham10000,ISIC_0028672,nv,HAM_0003888
0,0.5458256006240845,1,ham10000,ISIC_0026005,nv,HAM_0003889
0,0.257520854473114,1,ham10000,ISIC_0028940,nv,HAM_0003890
0,0.6130961775779724,1,ham10000,ISIC_0028487,nv,HAM_0003891
0,0.6096117496490479,1,ham10000,ISIC_0028045,nv,HAM_0003892
0,0.14317405223846436,0,ham10000,ISIC_0025560,nv,HAM_0003894
1,0.389529824256897,1,ham10000,ISIC_0026203,akiec,HAM_0003895
0,0.29231953620910645,1,ham10000,ISIC_0030952,nv,HAM_0003896
0,0.28058257699012756,1,ham10000,ISIC_0025853,nv,HAM_0003897
0,0.4046781063079834,1,ham10000,ISIC_0028713,nv,HAM_0003898
0,0.6796669960021973,1,ham10000,ISIC_0029991,bkl,HAM_0003899
0,0.5891443490982056,1,ham10000,ISIC_0027868,nv,HAM_0003900
0,0.2977488338947296,1,ham10000,ISIC_0026931,nv,HAM_0003901
0,0.3155677616596222,1,ham10000,ISIC_0030313,nv,HAM_0003902
0,0.41872718930244446,1,ham10000,ISIC_0028536,nv,HAM_0003903
0,0.46424371004104614,1,ham10000,ISIC_0025871,nv,HAM_0003904
0,0.35897690057754517,1,ham10000,ISIC_0029275,nv,HAM_0003905
0,0.36851269006729126,1,ham10000,ISIC_0029955,nv,HAM_0003906
0,0.39820435643196106,1,ham10000,ISIC_0027587,nv,HAM_0003907
0,0.3279343545436859,1,ham10000,ISIC_0030854,nv,HAM_0003908
0,0.39931365847587585,1,ham10000,ISIC_0026935,nv,HAM_0003909
1,0.6971046924591064,1,ham10000,ISIC_0026194,akiec,HAM_0003910
0,0.7096428275108337,1,ham10000,ISIC_0030645,nv,HAM_0003911
0,0.3786843419075012,1,ham10000,ISIC_0028367,nv,HAM_0003912
0,0.6667352318763733,1,ham10000,ISIC_0027295,bkl,HAM_0003913
0,0.43941015005111694,1,ham10000,ISIC_0029300,nv,HAM_0003914
0,0.2375568449497223,1,ham10000,ISIC_0026850,nv,HAM_0003915
0,0.31322363018989563,1,ham10000,ISIC_0032370,nv,HAM_0003916
0,0.5164501667022705,1,ham10000,ISIC_0026814,nv,HAM_0003917
0,0.5986024141311646,1,ham10000,ISIC_0029127,nv,HAM_0003918
0,0.5294290781021118,1,ham10000,ISIC_0024781,nv,HAM_0003919
0,0.6720672845840454,1,ham10000,ISIC_0026351,bkl,HAM_0003920
0,0.24228163063526154,1,ham10000,ISIC_0025728,nv,HAM_0003921
0,0.5531729459762573,1,ham10000,ISIC_0027603,nv,HAM_0003922
0,0.1576918214559555,0,ham10000,ISIC_0025282,nv,HAM_0003923
0,0.5759864449501038,1,ham10000,ISIC_0030569,nv,HAM_0003924
0,0.6728076338768005,1,ham10000,ISIC_0031759,vasc,HAM_0003925
0,0.5011540055274963,1,ham10000,ISIC_0026422,bkl,HAM_0003926
0,0.5877138376235962,1,ham10000,ISIC_0032567,bkl,HAM_0003927
0,0.2577633261680603,1,ham10000,ISIC_0031755,nv,HAM_0003928
0,0.4102018475532532,1,ham10000,ISIC_0027792,nv,HAM_0003929
0,0.23963655531406403,1,ham10000,ISIC_0028221,nv,HAM_0003930
0,0.2673693299293518,1,ham10000,ISIC_0026007,nv,HAM_0003931
0,0.646725594997406,1,ham10000,ISIC_0026151,nv,HAM_0003932
0,0.6352667212486267,1,ham10000,ISIC_0029854,nv,HAM_0003933
1,0.8228642344474792,1,ham10000,ISIC_0027767,akiec,HAM_0003934
0,0.12256091088056564,0,ham10000,ISIC_0033782,nv,HAM_0003935
0,0.1217905580997467,0,ham10000,ISIC_0024576,nv,HAM_0003936
0,0.49122723937034607,1,ham10000,ISIC_0025309,nv,HAM_0003937
0,0.6015356183052063,1,ham10000,ISIC_0030231,bkl,HAM_0003938
1,0.660890519618988,1,ham10000,ISIC_0027172,akiec,HAM_0003939
0,0.3611910343170166,1,ham10000,ISIC_0029803,nv,HAM_0003940
1,0.7556701302528381,1,ham10000,ISIC_0028419,bcc,HAM_0003941
0,0.3203088045120239,1,ham10000,ISIC_0029024,nv,HAM_0003942
0,0.5396615862846375,1,ham10000,ISIC_0025973,bkl,HAM_0003943
0,0.5657699108123779,1,ham10000,ISIC_0026672,nv,HAM_0003944
0,0.3252507746219635,1,ham10000,ISIC_0032528,nv,HAM_0003945
0,0.555419385433197,1,ham10000,ISIC_0026991,nv,HAM_0003946
0,0.33486589789390564,1,ham10000,ISIC_0032551,nv,HAM_0003947
0,0.2596381902694702,1,ham10000,ISIC_0025806,nv,HAM_0003948
1,0.5152723789215088,1,ham10000,ISIC_0027254,akiec,HAM_0003949
0,0.21148468554019928,0,ham10000,ISIC_0026474,nv,HAM_0003950
0,0.5541940927505493,1,ham10000,ISIC_0024317,nv,HAM_0003951
0,0.4279065430164337,1,ham10000,ISIC_0031176,nv,HAM_0003952
0,0.20370978116989136,0,ham10000,ISIC_0027158,nv,HAM_0003953
0,0.31640273332595825,1,ham10000,ISIC_0031382,nv,HAM_0003954
0,0.30677521228790283,1,ham10000,ISIC_0026250,nv,HAM_0003955
0,0.04042897745966911,0,ham10000,ISIC_0030190,nv,HAM_0003956
1,0.5533188581466675,1,ham10000,ISIC_0030653,mel,HAM_0003957
0,0.6928606629371643,1,ham10000,ISIC_0027360,nv,HAM_0003958
0,0.12331187725067139,0,ham10000,ISIC_0029314,nv,HAM_0003959
0,0.2304261028766632,1,ham10000,ISIC_0026256,nv,HAM_0003960
0,0.4218772053718567,1,ham10000,ISIC_0026624,nv,HAM_0003961
0,0.44878026843070984,1,ham10000,ISIC_0027805,nv,HAM_0003962
0,0.5695820450782776,1,ham10000,ISIC_0027448,nv,HAM_0003963
0,0.2010691910982132,0,ham10000,ISIC_0029111,nv,HAM_0003964
0,0.38903772830963135,1,ham10000,ISIC_0025652,nv,HAM_0003965
0,0.4623563587665558,1,ham10000,ISIC_0032584,nv,HAM_0003966
0,0.6611251831054688,1,ham10000,ISIC_0032796,nv,HAM_0003968
0,0.6937803030014038,1,ham10000,ISIC_0032627,nv,HAM_0003969
0,0.2490263432264328,1,ham10000,ISIC_0025093,nv,HAM_0003970
1,0.5570951700210571,1,ham10000,ISIC_0029634,akiec,HAM_0003971
0,0.26687750220298767,1,ham10000,ISIC_0029706,nv,HAM_0003972
0,0.3960726857185364,1,ham10000,ISIC_0026867,bkl,HAM_0003973
0,0.559014618396759,1,ham10000,ISIC_0026512,nv,HAM_0003974
0,0.40287575125694275,1,ham10000,ISIC_0030098,nv,HAM_0003975
0,0.47978928685188293,1,ham10000,ISIC_0029469,nv,HAM_0003976
0,0.36982718110084534,1,ham10000,ISIC_0026495,nv,HAM_0003977
0,0.7402362823486328,1,ham10000,ISIC_0033284,bkl,HAM_0003978
0,0.3302423655986786,1,ham10000,ISIC_0026416,bkl,HAM_0003979
0,0.316205769777298,1,ham10000,ISIC_0026712,nv,HAM_0003980
1,0.7765501141548157,1,ham10000,ISIC_0025731,bcc,HAM_0003981
0,0.42266368865966797,1,ham10000,ISIC_0030056,bkl,HAM_0003982
1,0.7207503914833069,1,ham10000,ISIC_0033278,mel,HAM_0003983
0,0.4933551251888275,1,ham10000,ISIC_0032228,nv,HAM_0003984
0,0.44647374749183655,1,ham10000,ISIC_0025570,nv,HAM_0003985
0,0.4944097101688385,1,ham10000,ISIC_0030020,nv,HAM_0003986
0,0.5349222421646118,1,ham10000,ISIC_0030354,nv,HAM_0003987
0,0.1955302655696869,0,ham10000,ISIC_0024427,nv,HAM_0003988
1,0.9229534864425659,1,ham10000,ISIC_0030714,akiec,HAM_0003989
1,0.7563192844390869,1,ham10000,ISIC_0025996,mel,HAM_0003990
1,0.5584092736244202,1,ham10000,ISIC_0029602,bcc,HAM_0003991
0,0.2554944157600403,1,ham10000,ISIC_0028821,nv,HAM_0003992
0,0.5938448905944824,1,ham10000,ISIC_0033097,nv,HAM_0003993
0,0.109809011220932,0,ham10000,ISIC_0026648,nv,HAM_0003994
0,0.4623039662837982,1,ham10000,ISIC_0029799,nv,HAM_0003995
0,0.5540262460708618,1,ham10000,ISIC_0025465,bkl,HAM_0003996
0,0.6817452311515808,1,ham10000,ISIC_0030537,nv,HAM_0003997
0,0.49450552463531494,1,ham10000,ISIC_0033809,nv,HAM_0003998
0,0.38977739214897156,1,ham10000,ISIC_0026945,nv,HAM_0003999
0,0.2991272211074829,1,ham10000,ISIC_0032594,nv,HAM_0004000
0,0.4208257794380188,1,ham10000,ISIC_0029996,nv,HAM_0004001
0,0.15952342748641968,0,ham10000,ISIC_0027628,nv,HAM_0004002
0,0.3475247025489807,1,ham10000,ISIC_0031097,nv,HAM_0004003
0,0.5101110935211182,1,ham10000,ISIC_0024782,bkl,HAM_0004004
0,0.5158758163452148,1,ham10000,ISIC_0032093,nv,HAM_0004005
0,0.2684541344642639,1,ham10000,ISIC_0031653,nv,HAM_0004006
0,0.6027811169624329,1,ham10000,ISIC_0027596,nv,HAM_0004007
0,0.534442126750946,1,ham10000,ISIC_0027997,nv,HAM_0004008
0,0.46727070212364197,1,ham10000,ISIC_0024856,nv,HAM_0004009
0,0.5774602293968201,1,ham10000,ISIC_0031061,bkl,HAM_0004010
1,0.7128299474716187,1,ham10000,ISIC_0033023,mel,HAM_0004011
1,0.580270528793335,1,ham10000,ISIC_0025831,akiec,HAM_0004012
0,0.42830994725227356,1,ham10000,ISIC_0026021,nv,HAM_0004013
0,0.7085480093955994,1,ham10000,ISIC_0029809,nv,HAM_0004014
0,0.47835972905158997,1,ham10000,ISIC_0027892,nv,HAM_0004015
0,0.5498896241188049,1,ham10000,ISIC_0032935,nv,HAM_0004016
0,0.1322423815727234,0,ham10000,ISIC_0030351,nv,HAM_0004017
0,0.48038309812545776,1,ham10000,ISIC_0028112,nv,HAM_0004018
0,0.37143781781196594,1,ham10000,ISIC_0029629,nv,HAM_0004019
0,0.5808806419372559,1,ham10000,ISIC_0025245,nv,HAM_0004020
1,0.5478805899620056,1,ham10000,ISIC_0025800,mel,HAM_0004021
0,0.4035314917564392,1,ham10000,ISIC_0028134,nv,HAM_0004022
0,0.5884999632835388,1,ham10000,ISIC_0029766,nv,HAM_0004023
0,0.5537280440330505,1,ham10000,ISIC_0032338,nv,HAM_0004024
0,0.601283848285675,1,ham10000,ISIC_0025983,nv,HAM_0004025
0,0.43510985374450684,1,ham10000,ISIC_0030357,nv,HAM_0004026
1,0.5062407851219177,1,ham10000,ISIC_0024595,bcc,HAM_0004027
0,0.40248939394950867,1,ham10000,ISIC_0028526,nv,HAM_0004028
0,0.6160786151885986,1,ham10000,ISIC_0029472,bkl,HAM_0004029
0,0.4874267280101776,1,ham10000,ISIC_0029926,nv,HAM_0004030
0,0.19319984316825867,0,ham10000,ISIC_0029517,nv,HAM_0004031
0,0.3268423080444336,1,ham10000,ISIC_0032403,nv,HAM_0004032
1,0.6561145186424255,1,ham10000,ISIC_0027452,akiec,HAM_0004033
1,0.49914267659187317,1,ham10000,ISIC_0024948,akiec,HAM_0004034
0,0.47275248169898987,1,ham10000,ISIC_0027039,nv,HAM_0004035
0,0.7619820833206177,1,ham10000,ISIC_0027107,df,HAM_0004036
0,0.43309861421585083,1,ham10000,ISIC_0027383,nv,HAM_0004037
0,0.5942191481590271,1,ham10000,ISIC_0032582,nv,HAM_0004038
0,0.122368223965168,0,ham10000,ISIC_0026383,nv,HAM_0004039
0,0.2662183344364166,1,ham10000,ISIC_0029042,nv,HAM_0004040
0,0.1208483949303627,0,ham10000,ISIC_0026375,nv,HAM_0004041
1,0.8200714588165283,1,ham10000,ISIC_0026978,bcc,HAM_0004042
0,0.6701830625534058,1,ham10000,ISIC_0030492,nv,HAM_0004043
0,0.19964726269245148,0,ham10000,ISIC_0028606,nv,HAM_0004044
0,0.386576384305954,1,ham10000,ISIC_0030939,nv,HAM_0004045
0,0.4281954765319824,1,ham10000,ISIC_0032366,nv,HAM_0004046
1,0.3296566903591156,1,ham10000,ISIC_0025500,mel,HAM_0004047
0,0.43209874629974365,1,ham10000,ISIC_0025203,nv,HAM_0004048
0,0.23696233332157135,1,ham10000,ISIC_0030924,nv,HAM_0004049
0,0.5095452666282654,1,ham10000,ISIC_0025086,bkl,HAM_0004050
0,0.4503641128540039,1,ham10000,ISIC_0028049,nv,HAM_0004051
0,0.5268731117248535,1,ham10000,ISIC_0028206,nv,HAM_0004052
1,0.60891193151474,1,ham10000,ISIC_0027067,mel,HAM_0004053
0,0.7913033366203308,1,ham10000,ISIC_0031756,nv,HAM_0004054
0,0.34131595492362976,1,ham10000,ISIC_0030287,nv,HAM_0004055
1,0.8006439805030823,1,ham10000,ISIC_0033377,mel,HAM_0004056
0,0.12278004735708237,0,ham10000,ISIC_0026635,nv,HAM_0004057
0,0.6696491837501526,1,ham10000,ISIC_0030802,nv,HAM_0004058
0,0.27056390047073364,1,ham10000,ISIC_0029399,nv,HAM_0004059
1,0.6804083585739136,1,ham10000,ISIC_0029210,akiec,HAM_0004060
0,0.4621814489364624,1,ham10000,ISIC_0029925,nv,HAM_0004061
0,0.48902103304862976,1,ham10000,ISIC_0028742,nv,HAM_0004062
0,0.41558292508125305,1,ham10000,ISIC_0032896,nv,HAM_0004063
0,0.3218674957752228,1,ham10000,ISIC_0024399,nv,HAM_0004064
0,0.37475335597991943,1,ham10000,ISIC_0026629,df,HAM_0004065
0,0.35006996989250183,1,ham10000,ISIC_0026390,nv,HAM_0004066
0,0.5860602855682373,1,ham10000,ISIC_0029065,nv,HAM_0004067
0,0.7090920209884644,1,ham10000,ISIC_0027853,nv,HAM_0004068
0,0.5121986865997314,1,ham10000,ISIC_0029476,nv,HAM_0004069
0,0.3925411105155945,1,ham10000,ISIC_0027657,nv,HAM_0004070
0,0.617048978805542,1,ham10000,ISIC_0032607,nv,HAM_0004071
0,0.2586918771266937,1,ham10000,ISIC_0032130,nv,HAM_0004072
0,0.3745560348033905,1,ham10000,ISIC_0028093,nv,HAM_0004073
0,0.4654216468334198,1,ham10000,ISIC_0030599,nv,HAM_0004074
0,0.7842005491256714,1,ham10000,ISIC_0030276,bkl,HAM_0004075
0,0.5519496202468872,1,ham10000,ISIC_0032966,nv,HAM_0004076
0,0.6611429452896118,1,ham10000,ISIC_0026566,bkl,HAM_0004078
0,0.4161021113395691,1,ham10000,ISIC_0031182,nv,HAM_0004079
0,0.5225023627281189,1,ham10000,ISIC_0028613,nv,HAM_0004080
1,0.4866861402988434,1,ham10000,ISIC_0031957,mel,HAM_0004081
0,0.3537648618221283,1,ham10000,ISIC_0025676,nv,HAM_0004082
1,0.6672660708427429,1,ham10000,ISIC_0032652,bcc,HAM_0004083
1,0.3627279996871948,1,ham10000,ISIC_0025285,bcc,HAM_0004084
0,0.37603560090065,1,ham10000,ISIC_0028471,nv,HAM_0004085
0,0.658169686794281,1,ham10000,ISIC_0034215,nv,HAM_0004088
0,0.21348603069782257,0,ham10000,ISIC_0026589,nv,HAM_0004089
0,0.7209556698799133,1,ham10000,ISIC_0031271,df,HAM_0004090
0,0.5142977237701416,1,ham10000,ISIC_0032675,bkl,HAM_0004091
0,0.27465906739234924,1,ham10000,ISIC_0028300,nv,HAM_0004092
0,0.4707965552806854,1,ham10000,ISIC_0030562,nv,HAM_0004093
0,0.44657623767852783,1,ham10000,ISIC_0031313,nv,HAM_0004094
0,0.39267250895500183,1,ham10000,ISIC_0026017,nv,HAM_0004095
0,0.3437485098838806,1,ham10000,ISIC_0028541,nv,HAM_0004096
0,0.11751440912485123,0,ham10000,ISIC_0025677,vasc,HAM_0004097
0,0.3537585139274597,1,ham10000,ISIC_0025843,nv,HAM_0004098
0,0.5367734432220459,1,ham10000,ISIC_0033010,nv,HAM_0004099
0,0.5560733079910278,1,ham10000,ISIC_0031106,nv,HAM_0004100
0,0.4091365933418274,1,ham10000,ISIC_0030881,nv,HAM_0004101
1,0.7469127178192139,1,ham10000,ISIC_0029726,mel,HAM_0004102
0,0.6714129447937012,1,ham10000,ISIC_0028880,df,HAM_0004103
0,0.3716161847114563,1,ham10000,ISIC_0032483,nv,HAM_0004104
0,0.7561863660812378,1,ham10000,ISIC_0030007,bkl,HAM_0004105
0,0.8393182158470154,1,ham10000,ISIC_0028943,bkl,HAM_0004106
0,0.5280112624168396,1,ham10000,ISIC_0029769,nv,HAM_0004107
1,0.7207750082015991,1,ham10000,ISIC_0033037,mel,HAM_0004109
0,0.28407302498817444,1,ham10000,ISIC_0030195,nv,HAM_0004110
0,0.5696777105331421,1,ham10000,ISIC_0028138,nv,HAM_0004111
0,0.3142733573913574,1,ham10000,ISIC_0030363,nv,HAM_0004112
0,0.7485610842704773,1,ham10000,ISIC_0033185,bkl,HAM_0004113
0,0.7806916236877441,1,ham10000,ISIC_0026844,bkl,HAM_0004114
0,0.27766287326812744,1,ham10000,ISIC_0027676,nv,HAM_0004115
0,0.6096460819244385,1,ham10000,ISIC_0026613,nv,HAM_0004116
0,0.15725311636924744,0,ham10000,ISIC_0024354,nv,HAM_0004117
0,0.5390997529029846,1,ham10000,ISIC_0032593,nv,HAM_0004118
0,0.4029163122177124,1,ham10000,ISIC_0025015,nv,HAM_0004119
0,0.37043774127960205,1,ham10000,ISIC_0034266,nv,HAM_0004120
1,0.6385231614112854,1,ham10000,ISIC_0025324,mel,HAM_0004121
0,0.3726963698863983,1,ham10000,ISIC_0031102,nv,HAM_0004122
0,0.38411396741867065,1,ham10000,ISIC_0032216,nv,HAM_0004123
0,0.602689802646637,1,ham10000,ISIC_0029153,nv,HAM_0004124
0,0.4085158407688141,1,ham10000,ISIC_0027437,bkl,HAM_0004125
1,0.7999873161315918,1,ham10000,ISIC_0030060,mel,HAM_0004126
0,0.6147493720054626,1,ham10000,ISIC_0027073,nv,HAM_0004127
0,0.6223392486572266,1,ham10000,ISIC_0027072,nv,HAM_0004128
1,0.7329396605491638,1,ham10000,ISIC_0032624,mel,HAM_0004129
0,0.5187785625457764,1,ham10000,ISIC_0026173,nv,HAM_0004130
0,0.6944047808647156,1,ham10000,ISIC_0025583,bkl,HAM_0004131
0,0.2058364450931549,0,ham10000,ISIC_0025801,nv,HAM_0004132
0,0.6461048722267151,1,ham10000,ISIC_0024941,nv,HAM_0004133
0,0.4618205428123474,1,ham10000,ISIC_0026075,nv,HAM_0004134
0,0.2864634692668915,1,ham10000,ISIC_0025634,nv,HAM_0004135
0,0.5697393417358398,1,ham10000,ISIC_0029787,nv,HAM_0004136
0,0.09399402141571045,0,ham10000,ISIC_0024966,nv,HAM_0004137
0,0.4333105981349945,1,ham10000,ISIC_0025905,nv,HAM_0004138
0,0.13267385959625244,0,ham10000,ISIC_0027496,nv,HAM_0004139
0,0.44332432746887207,1,ham10000,ISIC_0028298,nv,HAM_0004140
0,0.47336745262145996,1,ham10000,ISIC_0030705,bkl,HAM_0004141
0,0.4671642780303955,1,ham10000,ISIC_0032643,bkl,HAM_0004142
0,0.7646608352661133,1,ham10000,ISIC_0029031,bkl,HAM_0004143
0,0.45142388343811035,1,ham10000,ISIC_0027980,nv,HAM_0004144
0,0.781388521194458,1,ham10000,ISIC_0032749,nv,HAM_0004145
0,0.529329240322113,1,ham10000,ISIC_0027450,nv,HAM_0004146
1,0.6668730974197388,1,ham10000,ISIC_0031712,bcc,HAM_0004147
0,0.3571847081184387,1,ham10000,ISIC_0026503,nv,HAM_0004148
0,0.4135209321975708,1,ham10000,ISIC_0032755,nv,HAM_0004149
0,0.13137131929397583,0,ham10000,ISIC_0026632,nv,HAM_0004150
0,0.1667822301387787,0,ham10000,ISIC_0028996,nv,HAM_0004151
0,0.30752021074295044,1,ham10000,ISIC_0025137,nv,HAM_0004152
1,0.7013444900512695,1,ham10000,ISIC_0026489,mel,HAM_0004153
0,0.3887553811073303,1,ham10000,ISIC_0031471,nv,HAM_0004154
0,0.33297640085220337,1,ham10000,ISIC_0025269,nv,HAM_0004155
0,0.528885543346405,1,ham10000,ISIC_0024387,nv,HAM_0004156
0,0.4294446110725403,1,ham10000,ISIC_0031610,nv,HAM_0004157
0,0.5816709995269775,1,ham10000,ISIC_0028229,bkl,HAM_0004158
0,0.363259881734848,1,ham10000,ISIC_0031086,nv,HAM_0004159
0,0.13260453939437866,0,ham10000,ISIC_0029066,nv,HAM_0004160
1,0.763626217842102,1,ham10000,ISIC_0025564,bcc,HAM_0004161
0,0.25854572653770447,1,ham10000,ISIC_0031944,nv,HAM_0004162
0,0.44592612981796265,1,ham10000,ISIC_0025142,nv,HAM_0004163
1,0.6934422254562378,1,ham10000,ISIC_0030695,mel,HAM_0004164
0,0.3901238441467285,1,ham10000,ISIC_0033346,nv,HAM_0004165
0,0.5786494612693787,1,ham10000,ISIC_0028313,nv,HAM_0004166
0,0.5024782419204712,1,ham10000,ISIC_0033753,nv,HAM_0004167
0,0.1697320193052292,0,ham10000,ISIC_0029477,nv,HAM_0004168
0,0.423678457736969,1,ham10000,ISIC_0028482,nv,HAM_0004169
0,0.5499010682106018,1,ham10000,ISIC_0029046,nv,HAM_0004170
1,0.3317417502403259,1,ham10000,ISIC_0024644,mel,HAM_0004171
0,0.6400582194328308,1,ham10000,ISIC_0033996,nv,HAM_0004172
0,0.08404987305402756,0,ham10000,ISIC_0030637,nv,HAM_0004173
0,0.6396927237510681,1,ham10000,ISIC_0032281,nv,HAM_0004174
0,0.414205938577652,1,ham10000,ISIC_0028806,nv,HAM_0004175
0,0.7142199277877808,1,ham10000,ISIC_0033373,nv,HAM_0004176
0,0.5343682169914246,1,ham10000,ISIC_0031907,nv,HAM_0004177
0,0.31021758913993835,1,ham10000,ISIC_0029171,nv,HAM_0004179
0,0.19354850053787231,0,ham10000,ISIC_0031055,nv,HAM_0004180
0,0.4698980748653412,1,ham10000,ISIC_0032571,nv,HAM_0004181
0,0.4669346511363983,1,ham10000,ISIC_0032591,nv,HAM_0004182
0,0.3613239526748657,1,ham10000,ISIC_0032606,nv,HAM_0004183
0,0.6285738348960876,1,ham10000,ISIC_0032634,nv,HAM_0004184
0,0.4885028898715973,1,ham10000,ISIC_0032635,nv,HAM_0004185
0,0.4360593855381012,1,ham10000,ISIC_0032759,nv,HAM_0004186
0,0.5773491859436035,1,ham10000,ISIC_0032956,nv,HAM_0004187
0,0.5957742929458618,1,ham10000,ISIC_0032996,nv,HAM_0004188
0,0.3305891454219818,1,ham10000,ISIC_0033036,nv,HAM_0004189
0,0.5789140462875366,1,ham10000,ISIC_0033039,nv,HAM_0004190
0,0.5590682029724121,1,ham10000,ISIC_0032562,nv,HAM_0004191
0,0.46752217411994934,1,ham10000,ISIC_0033066,nv,HAM_0004192
0,0.37962210178375244,1,ham10000,ISIC_0033072,nv,HAM_0004193
0,0.5389772653579712,1,ham10000,ISIC_0033101,nv,HAM_0004194
0,0.37650227546691895,1,ham10000,ISIC_0033383,nv,HAM_0004195
0,0.541026771068573,1,ham10000,ISIC_0033421,nv,HAM_0004196
0,0.4674054682254791,1,ham10000,ISIC_0033467,nv,HAM_0004197
0,0.5494765043258667,1,ham10000,ISIC_0033481,nv,HAM_0004198
0,0.6283352971076965,1,ham10000,ISIC_0033556,nv,HAM_0004199
0,0.42904239892959595,1,ham10000,ISIC_0033567,nv,HAM_0004200
0,0.5595017671585083,1,ham10000,ISIC_0033602,nv,HAM_0004201
0,0.47976452112197876,1,ham10000,ISIC_0033623,nv,HAM_0004202
0,0.4998278021812439,1,ham10000,ISIC_0033647,nv,HAM_0004203
0,0.4405786991119385,1,ham10000,ISIC_0033772,nv,HAM_0004204
0,0.3983217477798462,1,ham10000,ISIC_0033797,nv,HAM_0004205
0,0.4682040214538574,1,ham10000,ISIC_0033826,nv,HAM_0004206
0,0.5402743816375732,1,ham10000,ISIC_0033858,nv,HAM_0004207
0,0.44782519340515137,1,ham10000,ISIC_0033892,nv,HAM_0004208
0,0.6174901723861694,1,ham10000,ISIC_0034075,nv,HAM_0004209
0,0.4889763295650482,1,ham10000,ISIC_0034081,nv,HAM_0004210
0,0.41925203800201416,1,ham10000,ISIC_0034082,nv,HAM_0004211
0,0.4007091820240021,1,ham10000,ISIC_0034114,nv,HAM_0004212
0,0.4997674226760864,1,ham10000,ISIC_0034228,nv,HAM_0004213
0,0.4853690564632416,1,ham10000,ISIC_0034248,nv,HAM_0004214
0,0.3627752661705017,1,ham10000,ISIC_0034302,nv,HAM_0004215
0,0.3701828420162201,1,ham10000,ISIC_0034312,nv,HAM_0004216
0,0.4384644031524658,1,ham10000,ISIC_0031116,nv,HAM_0004217
0,0.5350377559661865,1,ham10000,ISIC_0028256,nv,HAM_0004218
1,0.6548804044723511,1,ham10000,ISIC_0031585,bcc,HAM_0004219
0,0.48118704557418823,1,ham10000,ISIC_0027787,nv,HAM_0004220
0,0.5527011752128601,1,ham10000,ISIC_0033163,nv,HAM_0004221
0,0.6366495490074158,1,ham10000,ISIC_0030899,nv,HAM_0004222
0,0.4633021354675293,1,ham10000,ISIC_0025632,nv,HAM_0004223
0,0.4640759825706482,1,ham10000,ISIC_0026248,bkl,HAM_0004224
0,0.4769875407218933,1,ham10000,ISIC_0026029,nv,HAM_0004225
0,0.6321357488632202,1,ham10000,ISIC_0032494,nv,HAM_0004226
0,0.2596869170665741,1,ham10000,ISIC_0029628,nv,HAM_0004227
0,0.3497151732444763,1,ham10000,ISIC_0027748,nv,HAM_0004228
0,0.5345097780227661,1,ham10000,ISIC_0029593,nv,HAM_0004229
0,0.3533230721950531,1,ham10000,ISIC_0024585,nv,HAM_0004230
0,0.6098402738571167,1,ham10000,ISIC_0030323,bkl,HAM_0004232
0,0.5462505221366882,1,ham10000,ISIC_0029979,nv,HAM_0004233
0,0.5149706602096558,1,ham10000,ISIC_0025984,bkl,HAM_0004234
1,0.7520572543144226,1,ham10000,ISIC_0030452,bcc,HAM_0004235
0,0.1604701727628708,0,ham10000,ISIC_0032180,nv,HAM_0004236
0,0.2389887124300003,1,ham10000,ISIC_0033877,nv,HAM_0004237
0,0.42825719714164734,1,ham10000,ISIC_0024903,nv,HAM_0004238
0,0.5033254623413086,1,ham10000,ISIC_0024928,nv,HAM_0004239
1,0.7573062181472778,1,ham10000,ISIC_0032517,mel,HAM_0004240
0,0.34786832332611084,1,ham10000,ISIC_0024616,nv,HAM_0004241
0,0.2141004055738449,0,ham10000,ISIC_0028769,nv,HAM_0004242
1,0.7069287300109863,1,ham10000,ISIC_0031119,akiec,HAM_0004243
0,0.5623853206634521,1,ham10000,ISIC_0032352,nv,HAM_0004244
0,0.715247392654419,1,ham10000,ISIC_0033701,bkl,HAM_0004245
0,0.2544032633304596,1,ham10000,ISIC_0033854,bkl,HAM_0004246
0,0.4790230095386505,1,ham10000,ISIC_0031532,nv,HAM_0004247
0,0.06405169516801834,0,ham10000,ISIC_0028812,nv,HAM_0004248
0,0.8264143466949463,1,ham10000,ISIC_0031591,bkl,HAM_0004249
0,0.09643732011318207,0,ham10000,ISIC_0032499,nv,HAM_0004250
0,0.3920429050922394,1,ham10000,ISIC_0026673,nv,HAM_0004251
0,0.28700605034828186,1,ham10000,ISIC_0030461,nv,HAM_0004252
0,0.6020578742027283,1,ham10000,ISIC_0031035,nv,HAM_0004253
1,0.46571454405784607,1,ham10000,ISIC_0027030,mel,HAM_0004254
0,0.7627121806144714,1,ham10000,ISIC_0033264,bkl,HAM_0004255
0,0.5124507546424866,1,ham10000,ISIC_0027472,nv,HAM_0004256
0,0.17547659575939178,0,ham10000,ISIC_0025452,vasc,HAM_0004257
0,0.7622653245925903,1,ham10000,ISIC_0033693,bkl,HAM_0004258
0,0.7248377799987793,1,ham10000,ISIC_0026644,bkl,HAM_0004259
0,0.6727524399757385,1,ham10000,ISIC_0025525,nv,HAM_0004260
0,0.3600715398788452,1,ham10000,ISIC_0027075,nv,HAM_0004261
0,0.39092910289764404,1,ham10000,ISIC_0025236,nv,HAM_0004262
0,0.25559723377227783,1,ham10000,ISIC_0031781,nv,HAM_0004263
0,0.2566460967063904,1,ham10000,ISIC_0031671,nv,HAM_0004264
1,0.40130019187927246,1,ham10000,ISIC_0025018,mel,HAM_0004265
0,0.42596521973609924,1,ham10000,ISIC_0024483,nv,HAM_0004266
0,0.5825017690658569,1,ham10000,ISIC_0028430,nv,HAM_0004267
0,0.17842599749565125,0,ham10000,ISIC_0025003,nv,HAM_0004269
0,0.38206958770751953,1,ham10000,ISIC_0028455,nv,HAM_0004270
0,0.399954229593277,1,ham10000,ISIC_0025474,nv,HAM_0004271
0,0.6699893474578857,1,ham10000,ISIC_0032957,nv,HAM_0004272
1,0.6662754416465759,1,ham10000,ISIC_0028059,bcc,HAM_0004273
0,0.6811198592185974,1,ham10000,ISIC_0025842,bkl,HAM_0004274
0,0.7187920212745667,1,ham10000,ISIC_0026921,nv,HAM_0004275
0,0.37526991963386536,1,ham10000,ISIC_0029622,nv,HAM_0004276
0,0.605485737323761,1,ham10000,ISIC_0026472,nv,HAM_0004277
0,0.5270471572875977,1,ham10000,ISIC_0026610,nv,HAM_0004279
0,0.5447514653205872,1,ham10000,ISIC_0030905,nv,HAM_0004280
1,0.7547115683555603,1,ham10000,ISIC_0028965,mel,HAM_0004281
1,0.7914665937423706,1,ham10000,ISIC_0033151,akiec,HAM_0004282
0,0.5980658531188965,1,ham10000,ISIC_0028357,nv,HAM_0004283
1,0.7008152008056641,1,ham10000,ISIC_0032709,mel,HAM_0004284
1,0.808244526386261,1,ham10000,ISIC_0029129,bcc,HAM_0004285
0,0.3508676290512085,1,ham10000,ISIC_0029410,nv,HAM_0004286
0,0.15255610644817352,0,ham10000,ISIC_0031128,nv,HAM_0004287
0,0.5879300832748413,1,ham10000,ISIC_0026445,nv,HAM_0004288
0,0.3921288847923279,1,ham10000,ISIC_0025879,bkl,HAM_0004289
0,0.2609345614910126,1,ham10000,ISIC_0031184,nv,HAM_0004290
0,0.5178210139274597,1,ham10000,ISIC_0031932,nv,HAM_0004291
0,0.3120403289794922,1,ham10000,ISIC_0029625,nv,HAM_0004292
0,0.5850287675857544,1,ham10000,ISIC_0028153,nv,HAM_0004294
0,0.3258972764015198,1,ham10000,ISIC_0029292,nv,HAM_0004295
0,0.46512728929519653,1,ham10000,ISIC_0033739,nv,HAM_0004296
1,0.6861268877983093,1,ham10000,ISIC_0027550,akiec,HAM_0004297
0,0.43770310282707214,1,ham10000,ISIC_0025648,nv,HAM_0004298
0,0.21310584247112274,0,ham10000,ISIC_0031307,nv,HAM_0004299
1,0.7426956295967102,1,ham10000,ISIC_0025266,bcc,HAM_0004300
0,0.4410620331764221,1,ham10000,ISIC_0032487,nv,HAM_0004301
1,0.6725353598594666,1,ham10000,ISIC_0028582,mel,HAM_0004302
0,0.6203202605247498,1,ham10000,ISIC_0033737,nv,HAM_0004303
1,0.8841165900230408,1,ham10000,ISIC_0033324,mel,HAM_0004304
0,0.4291701912879944,1,ham10000,ISIC_0026392,nv,HAM_0004305
0,0.3258906304836273,1,ham10000,ISIC_0032056,nv,HAM_0004306
0,0.2721223533153534,1,ham10000,ISIC_0031714,nv,HAM_0004307
0,0.22748322784900665,1,ham10000,ISIC_0027370,bkl,HAM_0004308
0,0.17743265628814697,0,ham10000,ISIC_0028681,bkl,HAM_0004309
0,0.21894529461860657,1,ham10000,ISIC_0027871,nv,HAM_0004310
0,0.37918639183044434,1,ham10000,ISIC_0029037,nv,HAM_0004311
0,0.36127209663391113,1,ham10000,ISIC_0031768,nv,HAM_0004312
0,0.18405380845069885,0,ham10000,ISIC_0026924,nv,HAM_0004313
0,0.17573149502277374,0,ham10000,ISIC_0029758,nv,HAM_0004314
0,0.49439337849617004,1,ham10000,ISIC_0029244,nv,HAM_0004315
0,0.3549287021160126,1,ham10000,ISIC_0025116,nv,HAM_0004316
0,0.33986878395080566,1,ham10000,ISIC_0025504,df,HAM_0004317
0,0.5889406800270081,1,ham10000,ISIC_0031678,nv,HAM_0004318
0,0.3832450807094574,1,ham10000,ISIC_0026686,nv,HAM_0004319
0,0.05385537073016167,0,ham10000,ISIC_0027901,nv,HAM_0004320
1,0.6972284317016602,1,ham10000,ISIC_0033479,mel,HAM_0004321
0,0.4436914622783661,1,ham10000,ISIC_0027142,bkl,HAM_0004322
0,0.11192970722913742,0,ham10000,ISIC_0028492,nv,HAM_0004323
0,0.4223274886608124,1,ham10000,ISIC_0029898,nv,HAM_0004324
0,0.2989366948604584,1,ham10000,ISIC_0031669,nv,HAM_0004325
1,0.528015673160553,1,ham10000,ISIC_0030883,mel,HAM_0004326
0,0.78716641664505,1,ham10000,ISIC_0030081,bkl,HAM_0004327
0,0.4939742684364319,1,ham10000,ISIC_0027164,nv,HAM_0004328
0,0.5294281244277954,1,ham10000,ISIC_0027866,nv,HAM_0004329
0,0.6861366629600525,1,ham10000,ISIC_0029760,df,HAM_0004330
0,0.8842732906341553,1,ham10000,ISIC_0032534,bkl,HAM_0004332
0,0.28034311532974243,1,ham10000,ISIC_0032259,nv,HAM_0004333
0,0.11989414691925049,0,ham10000,ISIC_0032077,nv,HAM_0004334
0,0.5102822780609131,1,ham10000,ISIC_0025187,nv,HAM_0004335
0,0.2833496630191803,1,ham10000,ISIC_0031760,nv,HAM_0004336
0,0.564475417137146,1,ham10000,ISIC_0031981,nv,HAM_0004337
0,0.7953535318374634,1,ham10000,ISIC_0026523,bkl,HAM_0004338
0,0.39053547382354736,1,ham10000,ISIC_0026332,nv,HAM_0004339
0,0.4725351333618164,1,ham10000,ISIC_0024506,nv,HAM_0004340
0,0.446087509393692,1,ham10000,ISIC_0031584,bkl,HAM_0004341
1,0.7434628009796143,1,ham10000,ISIC_0027976,bcc,HAM_0004342
0,0.7165249586105347,1,ham10000,ISIC_0028343,bkl,HAM_0004343
0,0.42912083864212036,1,ham10000,ISIC_0032678,nv,HAM_0004344
0,0.6496921181678772,1,ham10000,ISIC_0033208,nv,HAM_0004345
0,0.44397005438804626,1,ham10000,ISIC_0033577,nv,HAM_0004346
0,0.670893669128418,1,ham10000,ISIC_0033690,nv,HAM_0004347
0,0.6179041266441345,1,ham10000,ISIC_0033895,nv,HAM_0004348
0,0.5935680270195007,1,ham10000,ISIC_0033896,nv,HAM_0004349
0,0.6385507583618164,1,ham10000,ISIC_0033970,nv,HAM_0004350
0,0.4060210585594177,1,ham10000,ISIC_0034193,nv,HAM_0004351
0,0.22215206921100616,1,ham10000,ISIC_0034250,nv,HAM_0004352
0,0.4798419177532196,1,ham10000,ISIC_0029262,nv,HAM_0004353
1,0.6751062870025635,1,ham10000,ISIC_0026877,mel,HAM_0004354
0,0.19513410329818726,0,ham10000,ISIC_0030934,nv,HAM_0004355
0,0.1853964775800705,0,ham10000,ISIC_0025214,nv,HAM_0004356
0,0.1387922614812851,0,ham10000,ISIC_0027985,nv,HAM_0004357
0,0.5538020730018616,1,ham10000,ISIC_0025393,nv,HAM_0004358
0,0.4031458795070648,1,ham10000,ISIC_0025087,nv,HAM_0004359
0,0.5230887532234192,1,ham10000,ISIC_0024857,nv,HAM_0004360
0,0.49121683835983276,1,ham10000,ISIC_0030515,nv,HAM_0004361
0,0.189978688955307,0,ham10000,ISIC_0031873,nv,HAM_0004362
1,0.6435821056365967,1,ham10000,ISIC_0026857,akiec,HAM_0004363
1,0.5947648882865906,1,ham10000,ISIC_0026697,mel,HAM_0004364
1,0.8034849762916565,1,ham10000,ISIC_0028719,bcc,HAM_0004365
0,0.39023643732070923,1,ham10000,ISIC_0030147,nv,HAM_0004366
0,0.4271431565284729,1,ham10000,ISIC_0033396,nv,HAM_0004367
0,0.47356975078582764,1,ham10000,ISIC_0030236,nv,HAM_0004368
0,0.3545524775981903,1,ham10000,ISIC_0025969,nv,HAM_0004369
0,0.5306856632232666,1,ham10000,ISIC_0024757,nv,HAM_0004370
0,0.8054776787757874,1,ham10000,ISIC_0027626,df,HAM_0004371
0,0.563741147518158,1,ham10000,ISIC_0026964,nv,HAM_0004372
0,0.7449076175689697,1,ham10000,ISIC_0029014,bkl,HAM_0004373
0,0.17408309876918793,0,ham10000,ISIC_0030651,nv,HAM_0004374
0,0.6119069457054138,1,ham10000,ISIC_0033102,nv,HAM_0004375
1,0.6434382200241089,1,ham10000,ISIC_0024843,akiec,HAM_0004376
0,0.37201565504074097,1,ham10000,ISIC_0030561,bkl,HAM_0004377
0,0.41008540987968445,1,ham10000,ISIC_0025738,nv,HAM_0004378
0,0.5104473233222961,1,ham10000,ISIC_0031352,bkl,HAM_0004379
0,0.543478786945343,1,ham10000,ISIC_0026251,nv,HAM_0004380
0,0.5009178519248962,1,ham10000,ISIC_0027426,nv,HAM_0004381
0,0.8538662195205688,1,ham10000,ISIC_0025743,bkl,HAM_0004382
0,0.45184606313705444,1,ham10000,ISIC_0031261,bkl,HAM_0004383
1,0.685572624206543,1,ham10000,ISIC_0029025,akiec,HAM_0004384
0,0.3562609851360321,1,ham10000,ISIC_0026310,nv,HAM_0004385
0,0.24206894636154175,1,ham10000,ISIC_0024766,nv,HAM_0004386
0,0.3224554657936096,1,ham10000,ISIC_0033132,nv,HAM_0004387
1,0.40450209379196167,1,ham10000,ISIC_0027135,bcc,HAM_0004388
0,0.7761790752410889,1,ham10000,ISIC_0028121,bkl,HAM_0004389
0,0.5000124573707581,1,ham10000,ISIC_0031210,nv,HAM_0004390
0,0.3251209855079651,1,ham10000,ISIC_0030290,nv,HAM_0004391
0,0.665991485118866,1,ham10000,ISIC_0033095,nv,HAM_0004392
0,0.41575726866722107,1,ham10000,ISIC_0029774,nv,HAM_0004393
0,0.28609219193458557,1,ham10000,ISIC_0025060,nv,HAM_0004394
0,0.32079431414604187,1,ham10000,ISIC_0025206,nv,HAM_0004395
0,0.5832968354225159,1,ham10000,ISIC_0028913,bkl,HAM_0004396
1,0.7834566831588745,1,ham10000,ISIC_0025589,mel,HAM_0004397
1,0.7548069357872009,1,ham10000,ISIC_0025358,akiec,HAM_0004398
0,0.4740962088108063,1,ham10000,ISIC_0028905,nv,HAM_0004399
0,0.7622541189193726,1,ham10000,ISIC_0030026,bkl,HAM_0004400
0,0.5257907509803772,1,ham10000,ISIC_0027817,nv,HAM_0004401
0,0.33260196447372437,1,ham10000,ISIC_0025397,nv,HAM_0004402
0,0.23198822140693665,1,ham10000,ISIC_0028006,nv,HAM_0004403
0,0.43682020902633667,1,ham10000,ISIC_0025822,nv,HAM_0004404
1,0.682643473148346,1,ham10000,ISIC_0032532,mel,HAM_0004405
0,0.5272645950317383,1,ham10000,ISIC_0033060,bkl,HAM_0004406
0,0.0810718983411789,0,ham10000,ISIC_0024555,nv,HAM_0004407
0,0.40425631403923035,1,ham10000,ISIC_0026824,nv,HAM_0004408
0,0.07790309935808182,0,ham10000,ISIC_0027888,vasc,HAM_0004409
0,0.523374080657959,1,ham10000,ISIC_0032342,nv,HAM_0004410
0,0.6451318264007568,1,ham10000,ISIC_0032524,nv,HAM_0004411
0,0.6584539413452148,1,ham10000,ISIC_0029531,nv,HAM_0004412
0,0.25947684049606323,1,ham10000,ISIC_0026068,vasc,HAM_0004413
0,0.39355504512786865,1,ham10000,ISIC_0030576,nv,HAM_0004414
0,0.21184025704860687,0,ham10000,ISIC_0024532,nv,HAM_0004415
0,0.24243102967739105,1,ham10000,ISIC_0027947,nv,HAM_0004416
0,0.3425457179546356,1,ham10000,ISIC_0028566,nv,HAM_0004417
0,0.6602555513381958,1,ham10000,ISIC_0026376,nv,HAM_0004418
0,0.442932665348053,1,ham10000,ISIC_0031331,nv,HAM_0004419
1,0.7109178900718689,1,ham10000,ISIC_0024795,bcc,HAM_0004420
0,0.42342302203178406,1,ham10000,ISIC_0029481,nv,HAM_0004421
0,0.8688567876815796,1,ham10000,ISIC_0027239,bkl,HAM_0004422
0,0.22803980112075806,1,ham10000,ISIC_0026737,bkl,HAM_0004423
0,0.5958183407783508,1,ham10000,ISIC_0033557,nv,HAM_0004424
0,0.13411113619804382,0,ham10000,ISIC_0025147,nv,HAM_0004425
0,0.46862471103668213,1,ham10000,ISIC_0026378,bkl,HAM_0004426
1,0.793402910232544,1,ham10000,ISIC_0029092,mel,HAM_0004427
1,0.851727306842804,1,ham10000,ISIC_0025317,mel,HAM_0004428
0,0.4108457863330841,1,ham10000,ISIC_0032789,nv,HAM_0004430
0,0.5132909417152405,1,ham10000,ISIC_0024335,nv,HAM_0004431
0,0.6486711502075195,1,ham10000,ISIC_0024529,nv,HAM_0004432
0,0.5144386291503906,1,ham10000,ISIC_0029623,nv,HAM_0004433
0,0.40047961473464966,1,ham10000,ISIC_0024744,nv,HAM_0004434
1,0.6985722780227661,1,ham10000,ISIC_0032146,bcc,HAM_0004435
0,0.524924635887146,1,ham10000,ISIC_0030042,nv,HAM_0004436
0,0.39523565769195557,1,ham10000,ISIC_0027316,nv,HAM_0004437
0,0.5229895710945129,1,ham10000,ISIC_0029712,nv,HAM_0004438
1,0.5854193568229675,1,ham10000,ISIC_0030986,akiec,HAM_0004439
1,0.7640958428382874,1,ham10000,ISIC_0027631,bcc,HAM_0004440
1,0.4207460582256317,1,ham10000,ISIC_0031852,akiec,HAM_0004441
0,0.7875840663909912,1,ham10000,ISIC_0033576,bkl,HAM_0004442
0,0.5275889039039612,1,ham10000,ISIC_0028758,nv,HAM_0004443
0,0.5412025451660156,1,ham10000,ISIC_0032769,nv,HAM_0004444
0,0.5337821245193481,1,ham10000,ISIC_0030551,nv,HAM_0004445
0,0.17920947074890137,0,ham10000,ISIC_0031862,nv,HAM_0004446
0,0.8408549427986145,1,ham10000,ISIC_0031831,bkl,HAM_0004448
0,0.2171965390443802,1,ham10000,ISIC_0032332,nv,HAM_0004449
0,0.6219103336334229,1,ham10000,ISIC_0028868,nv,HAM_0004450
0,0.3346671164035797,1,ham10000,ISIC_0027992,nv,HAM_0004451
0,0.4280658960342407,1,ham10000,ISIC_0027381,nv,HAM_0004452
0,0.6968271732330322,1,ham10000,ISIC_0030677,bkl,HAM_0004453
0,0.40389344096183777,1,ham10000,ISIC_0029834,nv,HAM_0004454
0,0.696625828742981,1,ham10000,ISIC_0027385,vasc,HAM_0004455
0,0.06169656291604042,0,ham10000,ISIC_0026306,nv,HAM_0004456
0,0.4630461633205414,1,ham10000,ISIC_0029485,nv,HAM_0004457
0,0.5845889449119568,1,ham10000,ISIC_0033453,bkl,HAM_0004458
0,0.31844574213027954,1,ham10000,ISIC_0029971,nv,HAM_0004459
0,0.13095082342624664,0,ham10000,ISIC_0028784,nv,HAM_0004460
0,0.644794225692749,1,ham10000,ISIC_0031817,nv,HAM_0004461
1,0.6202900409698486,1,ham10000,ISIC_0027334,akiec,HAM_0004462
0,0.7583006024360657,1,ham10000,ISIC_0027770,bkl,HAM_0004463
0,0.3811154067516327,1,ham10000,ISIC_0025720,nv,HAM_0004464
0,0.4296872913837433,1,ham10000,ISIC_0024500,nv,HAM_0004465
0,0.3190375864505768,1,ham10000,ISIC_0031396,bkl,HAM_0004466
0,0.22688028216362,1,ham10000,ISIC_0027687,nv,HAM_0004467
0,0.3172544836997986,1,ham10000,ISIC_0030480,nv,HAM_0004468
0,0.06778258830308914,0,ham10000,ISIC_0025787,nv,HAM_0004469
0,0.46469762921333313,1,ham10000,ISIC_0028387,nv,HAM_0004470
0,0.2619006633758545,1,ham10000,ISIC_0027353,nv,HAM_0004471
1,0.7573013305664062,1,ham10000,ISIC_0025368,akiec,HAM_0004472
0,0.30783089995384216,1,ham10000,ISIC_0027881,nv,HAM_0004473
0,0.29654446244239807,1,ham10000,ISIC_0030908,nv,HAM_0004474
0,0.38847631216049194,1,ham10000,ISIC_0029920,nv,HAM_0004475
1,0.7087633013725281,1,ham10000,ISIC_0030417,mel,HAM_0004476
0,0.07636448740959167,0,ham10000,ISIC_0026646,nv,HAM_0004477
0,0.4297214448451996,1,ham10000,ISIC_0026793,nv,HAM_0004478
0,0.4388369023799896,1,ham10000,ISIC_0025027,nv,HAM_0004479
1,0.7624770402908325,1,ham10000,ISIC_0032290,bcc,HAM_0004480
0,0.19480067491531372,0,ham10000,ISIC_0032391,nv,HAM_0004481
0,0.5013831853866577,1,ham10000,ISIC_0025449,nv,HAM_0004482
1,0.634273886680603,1,ham10000,ISIC_0027487,mel,HAM_0004483
0,0.1215224340558052,0,ham10000,ISIC_0025124,nv,HAM_0004484
0,0.5542147159576416,1,ham10000,ISIC_0029814,nv,HAM_0004485
0,0.5535860657691956,1,ham10000,ISIC_0031448,nv,HAM_0004486
1,0.5263352990150452,1,ham10000,ISIC_0028989,bcc,HAM_0004487
0,0.29818522930145264,1,ham10000,ISIC_0030601,nv,HAM_0004488
0,0.4516097605228424,1,ham10000,ISIC_0031229,nv,HAM_0004489
0,0.3790537118911743,1,ham10000,ISIC_0031788,nv,HAM_0004490
0,0.3840823173522949,1,ham10000,ISIC_0025157,bkl,HAM_0004491
0,0.3647105395793915,1,ham10000,ISIC_0026026,nv,HAM_0004492
0,0.5826264023780823,1,ham10000,ISIC_0030325,nv,HAM_0004493
0,0.6720203161239624,1,ham10000,ISIC_0030458,bkl,HAM_0004494
1,0.198138028383255,0,ham10000,ISIC_0024743,bcc,HAM_0004495
0,0.33691173791885376,1,ham10000,ISIC_0028651,df,HAM_0004496
0,0.30504918098449707,1,ham10000,ISIC_0025625,nv,HAM_0004497
0,0.5570531487464905,1,ham10000,ISIC_0025586,nv,HAM_0004498
0,0.2626623213291168,1,ham10000,ISIC_0027331,nv,HAM_0004499
0,0.5104588270187378,1,ham10000,ISIC_0025032,bkl,HAM_0004500
0,0.5863207578659058,1,ham10000,ISIC_0028856,bkl,HAM_0004501
0,0.5723166465759277,1,ham10000,ISIC_0024541,nv,HAM_0004502
0,0.6448909640312195,1,ham10000,ISIC_0032735,nv,HAM_0004503
0,0.4033454656600952,1,ham10000,ISIC_0029415,nv,HAM_0004504
0,0.46259698271751404,1,ham10000,ISIC_0029369,nv,HAM_0004505
0,0.3639034628868103,1,ham10000,ISIC_0027320,bkl,HAM_0004506
1,0.6726069450378418,1,ham10000,ISIC_0024554,mel,HAM_0004507
0,0.31655946373939514,1,ham10000,ISIC_0033628,nv,HAM_0004508
0,0.3680402636528015,1,ham10000,ISIC_0028028,nv,HAM_0004509
0,0.4209637939929962,1,ham10000,ISIC_0031110,nv,HAM_0004510
1,0.698202908039093,1,ham10000,ISIC_0024590,bcc,HAM_0004511
0,0.49746689200401306,1,ham10000,ISIC_0027977,nv,HAM_0004512
0,0.5897327661514282,1,ham10000,ISIC_0026011,nv,HAM_0004513
1,0.2672913074493408,1,ham10000,ISIC_0030690,bcc,HAM_0004514
1,0.5729455351829529,1,ham10000,ISIC_0029564,bcc,HAM_0004515
0,0.3776996433734894,1,ham10000,ISIC_0025775,nv,HAM_0004516
0,0.3523176610469818,1,ham10000,ISIC_0025359,nv,HAM_0004517
0,0.22617825865745544,1,ham10000,ISIC_0024578,nv,HAM_0004518
0,0.6159483194351196,1,ham10000,ISIC_0028230,nv,HAM_0004519
0,0.45177003741264343,1,ham10000,ISIC_0027259,nv,HAM_0004520
1,0.7700299024581909,1,ham10000,ISIC_0031413,bcc,HAM_0004521
1,0.7691559791564941,1,ham10000,ISIC_0028381,akiec,HAM_0004522
0,0.3854300081729889,1,ham10000,ISIC_0029984,nv,HAM_0004523
0,0.7691197991371155,1,ham10000,ISIC_0027406,nv,HAM_0004524
0,0.2601243853569031,1,ham10000,ISIC_0032106,nv,HAM_0004526
0,0.3393636643886566,1,ham10000,ISIC_0027638,nv,HAM_0004527
0,0.5632798671722412,1,ham10000,ISIC_0031969,nv,HAM_0004528
0,0.38715627789497375,1,ham10000,ISIC_0029245,nv,HAM_0004529
0,0.431170254945755,1,ham10000,ISIC_0030667,nv,HAM_0004530
0,0.5447537302970886,1,ham10000,ISIC_0025799,bkl,HAM_0004531
0,0.5604528784751892,1,ham10000,ISIC_0026706,nv,HAM_0004532
0,0.11831635981798172,0,ham10000,ISIC_0030871,nv,HAM_0004533
0,0.41115105152130127,1,ham10000,ISIC_0024363,nv,HAM_0004534
0,0.6341014504432678,1,ham10000,ISIC_0024364,nv,HAM_0004535
1,0.7053778171539307,1,ham10000,ISIC_0025644,bcc,HAM_0004536
0,0.4941125512123108,1,ham10000,ISIC_0026361,nv,HAM_0004537
0,0.5474943518638611,1,ham10000,ISIC_0029273,nv,HAM_0004538
1,0.6550482511520386,1,ham10000,ISIC_0025617,bcc,HAM_0004539
0,0.25516536831855774,1,ham10000,ISIC_0027357,nv,HAM_0004540
0,0.3099246323108673,1,ham10000,ISIC_0028838,nv,HAM_0004541
0,0.2749084234237671,1,ham10000,ISIC_0024402,vasc,HAM_0004542
0,0.09496589750051498,0,ham10000,ISIC_0032170,bkl,HAM_0004543
0,0.5156739354133606,1,ham10000,ISIC_0031099,nv,HAM_0004544
0,0.71029132604599,1,ham10000,ISIC_0025985,bkl,HAM_0004545
0,0.38789016008377075,1,ham10000,ISIC_0026561,nv,HAM_0004546
1,0.33714258670806885,1,ham10000,ISIC_0031303,mel,HAM_0004547
0,0.6216784119606018,1,ham10000,ISIC_0032520,nv,HAM_0004548
0,0.1449725329875946,0,ham10000,ISIC_0031201,vasc,HAM_0004549
0,0.6329734921455383,1,ham10000,ISIC_0032728,nv,HAM_0004550
0,0.3432815670967102,1,ham10000,ISIC_0031763,nv,HAM_0004551
0,0.16965265572071075,0,ham10000,ISIC_0027593,nv,HAM_0004552
0,0.6256276369094849,1,ham10000,ISIC_0028673,nv,HAM_0004553
0,0.1877470314502716,0,ham10000,ISIC_0026065,nv,HAM_0004554
0,0.8418095111846924,1,ham10000,ISIC_0033200,bkl,HAM_0004555
0,0.7298524975776672,1,ham10000,ISIC_0028123,bkl,HAM_0004556
0,0.15136820077896118,0,ham10000,ISIC_0032465,nv,HAM_0004557
1,0.7988805174827576,1,ham10000,ISIC_0030341,akiec,HAM_0004558
1,0.2901855409145355,1,ham10000,ISIC_0028220,mel,HAM_0004559
0,0.4249660074710846,1,ham10000,ISIC_0030738,nv,HAM_0004560
0,0.3998834192752838,1,ham10000,ISIC_0024775,nv,HAM_0004561
0,0.5066934823989868,1,ham10000,ISIC_0031387,nv,HAM_0004562
1,0.7933030128479004,1,ham10000,ISIC_0031211,akiec,HAM_0004563
0,0.608946681022644,1,ham10000,ISIC_0026761,nv,HAM_0004564
1,0.3206856846809387,1,ham10000,ISIC_0027561,mel,HAM_0004565
0,0.25523483753204346,1,ham10000,ISIC_0029394,bkl,HAM_0004566
0,0.578092634677887,1,ham10000,ISIC_0027372,nv,HAM_0004567
1,0.6968326568603516,1,ham10000,ISIC_0024463,akiec,HAM_0004568
0,0.2651122510433197,1,ham10000,ISIC_0026104,bkl,HAM_0004569
0,0.6548420190811157,1,ham10000,ISIC_0030396,bkl,HAM_0004570
1,0.7352206707000732,1,ham10000,ISIC_0033578,mel,HAM_0004571
0,0.549517035484314,1,ham10000,ISIC_0032868,nv,HAM_0004572
0,0.36763182282447815,1,ham10000,ISIC_0024849,nv,HAM_0004573
0,0.6902335286140442,1,ham10000,ISIC_0032566,nv,HAM_0004574
0,0.5640699863433838,1,ham10000,ISIC_0024789,nv,HAM_0004575
0,0.32353904843330383,1,ham10000,ISIC_0028738,nv,HAM_0004576
0,0.24741052091121674,1,ham10000,ISIC_0027134,nv,HAM_0004577
1,0.7858256101608276,1,ham10000,ISIC_0034239,mel,HAM_0004578
1,0.6777308583259583,1,ham10000,ISIC_0025603,mel,HAM_0004579
0,0.2464117854833603,1,ham10000,ISIC_0030872,nv,HAM_0004580
0,0.6346501708030701,1,ham10000,ISIC_0032539,nv,HAM_0004581
0,0.6685062646865845,1,ham10000,ISIC_0033875,nv,HAM_0004582
0,0.6217637658119202,1,ham10000,ISIC_0034200,nv,HAM_0004583
0,0.5666030645370483,1,ham10000,ISIC_0034249,nv,HAM_0004584
0,0.6044306755065918,1,ham10000,ISIC_0032881,nv,HAM_0004585
0,0.6781800985336304,1,ham10000,ISIC_0033329,nv,HAM_0004586
0,0.35800424218177795,1,ham10000,ISIC_0034181,nv,HAM_0004587
0,0.12394321709871292,0,ham10000,ISIC_0033277,nv,HAM_0004588
0,0.5513680577278137,1,ham10000,ISIC_0033197,nv,HAM_0004589
0,0.5944004058837891,1,ham10000,ISIC_0032824,nv,HAM_0004590
0,0.5546940565109253,1,ham10000,ISIC_0027743,nv,HAM_0004591
1,0.5395704507827759,1,ham10000,ISIC_0029141,akiec,HAM_0004592
1,0.6743004322052002,1,ham10000,ISIC_0024900,mel,HAM_0004593
0,0.4781261682510376,1,ham10000,ISIC_0032418,nv,HAM_0004594
0,0.18619294464588165,0,ham10000,ISIC_0027844,nv,HAM_0004595
1,0.5300946831703186,1,ham10000,ISIC_0027187,mel,HAM_0004596
0,0.24382562935352325,1,ham10000,ISIC_0027050,nv,HAM_0004597
0,0.07881420105695724,0,ham10000,ISIC_0030345,nv,HAM_0004598
0,0.5802261233329773,1,ham10000,ISIC_0033861,nv,HAM_0004599
0,0.584816575050354,1,ham10000,ISIC_0028464,nv,HAM_0004600
0,0.25794318318367004,1,ham10000,ISIC_0028443,nv,HAM_0004601
0,0.21046002209186554,0,ham10000,ISIC_0031240,nv,HAM_0004602
1,0.7490404844284058,1,ham10000,ISIC_0025793,bcc,HAM_0004603
0,0.597539484500885,1,ham10000,ISIC_0027133,nv,HAM_0004604
0,0.35895583033561707,1,ham10000,ISIC_0032267,nv,HAM_0004605
0,0.4497523307800293,1,ham10000,ISIC_0027273,nv,HAM_0004606
1,0.6672000885009766,1,ham10000,ISIC_0026150,mel,HAM_0004607
0,0.31709298491477966,1,ham10000,ISIC_0028979,nv,HAM_0004608
1,0.7899819612503052,1,ham10000,ISIC_0024710,akiec,HAM_0004609
0,0.4039318561553955,1,ham10000,ISIC_0025042,nv,HAM_0004610
0,0.47549334168434143,1,ham10000,ISIC_0027716,nv,HAM_0004611
0,0.1722484678030014,0,ham10000,ISIC_0031333,nv,HAM_0004612
0,0.3259901702404022,1,ham10000,ISIC_0031938,nv,HAM_0004613
0,0.43666255474090576,1,ham10000,ISIC_0030151,nv,HAM_0004614
0,0.3647250533103943,1,ham10000,ISIC_0032815,nv,HAM_0004615
0,0.5502743124961853,1,ham10000,ISIC_0030084,nv,HAM_0004616
0,0.3004719018936157,1,ham10000,ISIC_0025664,nv,HAM_0004619
1,0.6217814087867737,1,ham10000,ISIC_0033122,mel,HAM_0004620
1,0.7196786403656006,1,ham10000,ISIC_0025818,bcc,HAM_0004621
1,0.618346631526947,1,ham10000,ISIC_0028666,mel,HAM_0004622
0,0.12960600852966309,0,ham10000,ISIC_0024746,nv,HAM_0004623
1,0.7256502509117126,1,ham10000,ISIC_0028329,bcc,HAM_0004624
0,0.3181244730949402,1,ham10000,ISIC_0029346,nv,HAM_0004625
0,0.3558555841445923,1,ham10000,ISIC_0026904,nv,HAM_0004626
1,0.5590364336967468,1,ham10000,ISIC_0029974,bcc,HAM_0004627
0,0.2836252748966217,1,ham10000,ISIC_0027405,nv,HAM_0004628
0,0.5765852332115173,1,ham10000,ISIC_0027019,nv,HAM_0004629
0,0.7583470344543457,1,ham10000,ISIC_0025292,bkl,HAM_0004630
0,0.08400411903858185,0,ham10000,ISIC_0032473,nv,HAM_0004631
0,0.603988528251648,1,ham10000,ISIC_0024382,bkl,HAM_0004632
0,0.5518792271614075,1,ham10000,ISIC_0025772,nv,HAM_0004633
0,0.6000956296920776,1,ham10000,ISIC_0032454,nv,HAM_0004634
1,0.5512189269065857,1,ham10000,ISIC_0029541,akiec,HAM_0004636
1,0.27533629536628723,1,ham10000,ISIC_0032036,mel,HAM_0004637
0,0.5750308036804199,1,ham10000,ISIC_0029344,nv,HAM_0004638
0,0.5564805269241333,1,ham10000,ISIC_0025635,nv,HAM_0004639
0,0.18781228363513947,0,ham10000,ISIC_0031834,nv,HAM_0004640
0,0.6239360570907593,1,ham10000,ISIC_0025099,bkl,HAM_0004641
1,0.7843188047409058,1,ham10000,ISIC_0025121,mel,HAM_0004642
1,0.7067344784736633,1,ham10000,ISIC_0029651,mel,HAM_0004643
0,0.27117469906806946,1,ham10000,ISIC_0031232,nv,HAM_0004644
0,0.4072793126106262,1,ham10000,ISIC_0030028,nv,HAM_0004645
0,0.5087560415267944,1,ham10000,ISIC_0029140,nv,HAM_0004646
0,0.47398641705513,1,ham10000,ISIC_0025639,nv,HAM_0004647
0,0.4329479932785034,1,ham10000,ISIC_0025911,df,HAM_0004648
0,0.2785126566886902,1,ham10000,ISIC_0031373,nv,HAM_0004649
0,0.5174407362937927,1,ham10000,ISIC_0028149,nv,HAM_0004650
1,0.38835421204566956,1,ham10000,ISIC_0027328,mel,HAM_0004651
0,0.480668306350708,1,ham10000,ISIC_0024583,nv,HAM_0004652
0,0.27194681763648987,1,ham10000,ISIC_0028431,vasc,HAM_0004653
1,0.6539503335952759,1,ham10000,ISIC_0027130,mel,HAM_0004654
1,0.5806973576545715,1,ham10000,ISIC_0030463,akiec,HAM_0004655
0,0.5055220127105713,1,ham10000,ISIC_0027475,nv,HAM_0004656
0,0.4823873043060303,1,ham10000,ISIC_0024369,nv,HAM_0004657
0,0.31844472885131836,1,ham10000,ISIC_0031478,nv,HAM_0004658
0,0.2292889505624771,1,ham10000,ISIC_0027993,nv,HAM_0004659
0,0.7434393763542175,1,ham10000,ISIC_0027504,bkl,HAM_0004660
0,0.4639465808868408,1,ham10000,ISIC_0026808,nv,HAM_0004661
1,0.799422562122345,1,ham10000,ISIC_0024331,bcc,HAM_0004662
0,0.7063968181610107,1,ham10000,ISIC_0025809,nv,HAM_0004663
0,0.5868319272994995,1,ham10000,ISIC_0027566,nv,HAM_0004664
0,0.1755075305700302,0,ham10000,ISIC_0030990,nv,HAM_0004665
0,0.5520066618919373,1,ham10000,ISIC_0029165,nv,HAM_0004666
0,0.4897436797618866,1,ham10000,ISIC_0031317,nv,HAM_0004667
0,0.17441917955875397,0,ham10000,ISIC_0027272,nv,HAM_0004668
1,0.5705652832984924,1,ham10000,ISIC_0028543,mel,HAM_0004669
0,0.15744628012180328,0,ham10000,ISIC_0033190,nv,HAM_0004670
0,0.5713732838630676,1,ham10000,ISIC_0026013,nv,HAM_0004671
0,0.09610781073570251,0,ham10000,ISIC_0026550,nv,HAM_0004672
0,0.6972988843917847,1,ham10000,ISIC_0027455,bkl,HAM_0004673
0,0.4566137492656708,1,ham10000,ISIC_0027252,nv,HAM_0004674
0,0.5488651990890503,1,ham10000,ISIC_0031411,nv,HAM_0004675
1,0.5375464558601379,1,ham10000,ISIC_0026247,mel,HAM_0004676
0,0.7999951839447021,1,ham10000,ISIC_0027680,bkl,HAM_0004677
0,0.518691897392273,1,ham10000,ISIC_0025952,nv,HAM_0004678
0,0.45326244831085205,1,ham10000,ISIC_0030985,nv,HAM_0004679
0,0.3665388226509094,1,ham10000,ISIC_0024876,nv,HAM_0004680
0,0.4936399459838867,1,ham10000,ISIC_0031919,nv,HAM_0004681
0,0.18228553235530853,0,ham10000,ISIC_0028474,nv,HAM_0004682
0,0.4109335243701935,1,ham10000,ISIC_0026079,nv,HAM_0004683
0,0.445997953414917,1,ham10000,ISIC_0028394,nv,HAM_0004684
1,0.814549446105957,1,ham10000,ISIC_0030767,bcc,HAM_0004685
0,0.33531543612480164,1,ham10000,ISIC_0028574,nv,HAM_0004686
1,0.7053706049919128,1,ham10000,ISIC_0032938,mel,HAM_0004687
0,0.3583377003669739,1,ham10000,ISIC_0032000,nv,HAM_0004688
0,0.4429405927658081,1,ham10000,ISIC_0029158,nv,HAM_0004689
0,0.7721715569496155,1,ham10000,ISIC_0027374,bkl,HAM_0004690
0,0.5313467383384705,1,ham10000,ISIC_0025805,bkl,HAM_0004691
0,0.3397974371910095,1,ham10000,ISIC_0030734,nv,HAM_0004692
0,0.11280602216720581,0,ham10000,ISIC_0025283,nv,HAM_0004693
0,0.7358722686767578,1,ham10000,ISIC_0028611,bkl,HAM_0004695
0,0.8451758623123169,1,ham10000,ISIC_0024881,bkl,HAM_0004696
0,0.21220257878303528,0,ham10000,ISIC_0026856,nv,HAM_0004697
0,0.5567727088928223,1,ham10000,ISIC_0030127,nv,HAM_0004698
0,0.6595987677574158,1,ham10000,ISIC_0027497,nv,HAM_0004699
0,0.47645413875579834,1,ham10000,ISIC_0024727,nv,HAM_0004700
0,0.40166646242141724,1,ham10000,ISIC_0032243,nv,HAM_0004701
0,0.45405569672584534,1,ham10000,ISIC_0028462,nv,HAM_0004702
0,0.5953311920166016,1,ham10000,ISIC_0028658,nv,HAM_0004703
0,0.44993308186531067,1,ham10000,ISIC_0026093,nv,HAM_0004704
0,0.5794899463653564,1,ham10000,ISIC_0034260,nv,HAM_0004705
0,0.33674830198287964,1,ham10000,ISIC_0033308,nv,HAM_0004706
0,0.22272099554538727,1,ham10000,ISIC_0029386,nv,HAM_0004707
0,0.6687823534011841,1,ham10000,ISIC_0033561,nv,HAM_0004708
1,0.7785031199455261,1,ham10000,ISIC_0026558,mel,HAM_0004709
0,0.36615487933158875,1,ham10000,ISIC_0028270,nv,HAM_0004710
1,0.6466276049613953,1,ham10000,ISIC_0028197,bcc,HAM_0004711
0,0.2947187125682831,1,ham10000,ISIC_0030101,nv,HAM_0004712
0,0.6873758435249329,1,ham10000,ISIC_0031125,bkl,HAM_0004713
0,0.6063528656959534,1,ham10000,ISIC_0032651,nv,HAM_0004714
0,0.5126755833625793,1,ham10000,ISIC_0030494,nv,HAM_0004715
0,0.31602123379707336,1,ham10000,ISIC_0032729,nv,HAM_0004716
0,0.651495635509491,1,ham10000,ISIC_0025227,nv,HAM_0004717
0,0.1386873424053192,0,ham10000,ISIC_0027589,nv,HAM_0004718
0,0.6353092789649963,1,ham10000,ISIC_0029276,nv,HAM_0004719
1,0.7428004741668701,1,ham10000,ISIC_0027277,mel,HAM_0004720
0,0.3336314558982849,1,ham10000,ISIC_0032234,nv,HAM_0004721
1,0.7147840857505798,1,ham10000,ISIC_0024575,akiec,HAM_0004722
0,0.5132462978363037,1,ham10000,ISIC_0032413,nv,HAM_0004723
0,0.6915796995162964,1,ham10000,ISIC_0024924,nv,HAM_0004724
0,0.47746020555496216,1,ham10000,ISIC_0032507,nv,HAM_0004725
0,0.5014622211456299,1,ham10000,ISIC_0027579,nv,HAM_0004726
0,0.333760529756546,1,ham10000,ISIC_0028250,nv,HAM_0004727
0,0.46349287033081055,1,ham10000,ISIC_0026779,nv,HAM_0004728
0,0.12588585913181305,0,ham10000,ISIC_0026198,nv,HAM_0004729
0,0.3568234443664551,1,ham10000,ISIC_0032297,nv,HAM_0004730
0,0.5479546189308167,1,ham10000,ISIC_0031248,nv,HAM_0004731
0,0.16065925359725952,0,ham10000,ISIC_0024858,nv,HAM_0004732
0,0.11331502348184586,0,ham10000,ISIC_0027565,nv,HAM_0004733
0,0.5672096610069275,1,ham10000,ISIC_0026396,nv,HAM_0004734
0,0.41117653250694275,1,ham10000,ISIC_0030000,nv,HAM_0004735
0,0.3459514379501343,1,ham10000,ISIC_0031990,nv,HAM_0004736
0,0.33534058928489685,1,ham10000,ISIC_0027221,nv,HAM_0004737
0,0.6700409650802612,1,ham10000,ISIC_0027512,nv,HAM_0004738
1,0.798026978969574,1,ham10000,ISIC_0025234,mel,HAM_0004739
0,0.20057903230190277,0,ham10000,ISIC_0024992,nv,HAM_0004740
0,0.31141817569732666,1,ham10000,ISIC_0031687,nv,HAM_0004741
0,0.25450146198272705,1,ham10000,ISIC_0028338,nv,HAM_0004742
0,0.425544798374176,1,ham10000,ISIC_0024692,nv,HAM_0004744
0,0.3832796812057495,1,ham10000,ISIC_0028004,nv,HAM_0004745
1,0.6331843733787537,1,ham10000,ISIC_0028764,mel,HAM_0004746
0,0.6322530508041382,1,ham10000,ISIC_0031435,nv,HAM_0004747
0,0.5654973983764648,1,ham10000,ISIC_0027513,bkl,HAM_0004748
0,0.5185710191726685,1,ham10000,ISIC_0024543,nv,HAM_0004749
0,0.4795946776866913,1,ham10000,ISIC_0029266,nv,HAM_0004750
0,0.3022896945476532,1,ham10000,ISIC_0026776,nv,HAM_0004751
0,0.21326002478599548,0,ham10000,ISIC_0028549,nv,HAM_0004752
0,0.390529602766037,1,ham10000,ISIC_0031884,nv,HAM_0004753
1,0.683555006980896,1,ham10000,ISIC_0032790,mel,HAM_0004754
0,0.5273629426956177,1,ham10000,ISIC_0029151,nv,HAM_0004755
0,0.6330893039703369,1,ham10000,ISIC_0029248,df,HAM_0004756
0,0.43740010261535645,1,ham10000,ISIC_0025607,nv,HAM_0004757
0,0.4814145565032959,1,ham10000,ISIC_0028491,nv,HAM_0004758
0,0.37967920303344727,1,ham10000,ISIC_0030467,nv,HAM_0004759
0,0.5411744713783264,1,ham10000,ISIC_0026826,nv,HAM_0004761
0,0.41797491908073425,1,ham10000,ISIC_0026080,nv,HAM_0004762
0,0.7589053511619568,1,ham10000,ISIC_0024891,nv,HAM_0004763
0,0.5431397557258606,1,ham10000,ISIC_0025270,nv,HAM_0004764
0,0.1390736699104309,0,ham10000,ISIC_0025599,vasc,HAM_0004765
0,0.7020748257637024,1,ham10000,ISIC_0030462,nv,HAM_0004766
1,0.44479236006736755,1,ham10000,ISIC_0025531,mel,HAM_0004767
0,0.5462883710861206,1,ham10000,ISIC_0024408,bkl,HAM_0004768
0,0.403340220451355,1,ham10000,ISIC_0025250,vasc,HAM_0004769
0,0.4123571813106537,1,ham10000,ISIC_0032495,nv,HAM_0004770
0,0.5029353499412537,1,ham10000,ISIC_0024622,nv,HAM_0004771
0,0.15114082396030426,0,ham10000,ISIC_0027223,nv,HAM_0004772
0,0.711986780166626,1,ham10000,ISIC_0032853,nv,HAM_0004773
0,0.3179480731487274,1,ham10000,ISIC_0031497,nv,HAM_0004774
0,0.5435885787010193,1,ham10000,ISIC_0027293,nv,HAM_0004775
0,0.7773236036300659,1,ham10000,ISIC_0032545,vasc,HAM_0004776
0,0.449174702167511,1,ham10000,ISIC_0026749,nv,HAM_0004777
0,0.5579730272293091,1,ham10000,ISIC_0028432,nv,HAM_0004778
1,0.787983238697052,1,ham10000,ISIC_0024823,mel,HAM_0004779
1,0.6916932463645935,1,ham10000,ISIC_0029315,akiec,HAM_0004780
0,0.386243999004364,1,ham10000,ISIC_0025025,nv,HAM_0004781
0,0.5436549186706543,1,ham10000,ISIC_0026264,nv,HAM_0004782
0,0.4931618571281433,1,ham10000,ISIC_0025671,nv,HAM_0004783
1,0.561745822429657,1,ham10000,ISIC_0027872,mel,HAM_0004784
0,0.3872964084148407,1,ham10000,ISIC_0030788,nv,HAM_0004785
0,0.2974208891391754,1,ham10000,ISIC_0029751,nv,HAM_0004786
0,0.699093222618103,1,ham10000,ISIC_0029566,nv,HAM_0004787
0,0.7677569389343262,1,ham10000,ISIC_0032835,bkl,HAM_0004788
0,0.465666264295578,1,ham10000,ISIC_0031652,nv,HAM_0004789
0,0.23794256150722504,1,ham10000,ISIC_0030902,nv,HAM_0004790
0,0.8121941685676575,1,ham10000,ISIC_0032538,vasc,HAM_0004791
0,0.4605989158153534,1,ham10000,ISIC_0031604,nv,HAM_0004792
0,0.4502440094947815,1,ham10000,ISIC_0028102,nv,HAM_0004793
0,0.18340939283370972,0,ham10000,ISIC_0027481,nv,HAM_0004794
0,0.3067711293697357,1,ham10000,ISIC_0026595,nv,HAM_0004795
0,0.5741318464279175,1,ham10000,ISIC_0032143,nv,HAM_0004796
0,0.14089609682559967,0,ham10000,ISIC_0024895,nv,HAM_0004797
0,0.5582587718963623,1,ham10000,ISIC_0029103,nv,HAM_0004798
0,0.3926699757575989,1,ham10000,ISIC_0030807,nv,HAM_0004799
0,0.25475016236305237,1,ham10000,ISIC_0029620,nv,HAM_0004800
0,0.441205233335495,1,ham10000,ISIC_0030365,bkl,HAM_0004801
0,0.6087865233421326,1,ham10000,ISIC_0024596,nv,HAM_0004802
0,0.580132246017456,1,ham10000,ISIC_0030880,nv,HAM_0004803
0,0.29873207211494446,1,ham10000,ISIC_0030497,nv,HAM_0004804
0,0.152446910738945,0,ham10000,ISIC_0028641,nv,HAM_0004805
0,0.6138452291488647,1,ham10000,ISIC_0031031,nv,HAM_0004806
0,0.7548199892044067,1,ham10000,ISIC_0030124,bkl,HAM_0004807
0,0.23760809004306793,1,ham10000,ISIC_0029078,nv,HAM_0004808
1,0.7763108015060425,1,ham10000,ISIC_0029840,akiec,HAM_0004809
0,0.2783813774585724,1,ham10000,ISIC_0030220,nv,HAM_0004810
1,0.7333720326423645,1,ham10000,ISIC_0032602,mel,HAM_0004811
0,0.5116374492645264,1,ham10000,ISIC_0025682,nv,HAM_0004812
1,0.7203632593154907,1,ham10000,ISIC_0027063,mel,HAM_0004813
0,0.5402379035949707,1,ham10000,ISIC_0032702,nv,HAM_0004814
0,0.0654391348361969,0,ham10000,ISIC_0031342,nv,HAM_0004815
0,0.5471915006637573,1,ham10000,ISIC_0031608,nv,HAM_0004816
1,0.6890202760696411,1,ham10000,ISIC_0025238,mel,HAM_0004817
0,0.5079406499862671,1,ham10000,ISIC_0030736,nv,HAM_0004818
0,0.6140770316123962,1,ham10000,ISIC_0028975,nv,HAM_0004819
0,0.6864991784095764,1,ham10000,ISIC_0030722,vasc,HAM_0004820
0,0.09543278068304062,0,ham10000,ISIC_0031885,nv,HAM_0004821
0,0.4698229134082794,1,ham10000,ISIC_0029788,nv,HAM_0004822
0,0.40857890248298645,1,ham10000,ISIC_0032108,nv,HAM_0004823
0,0.5064886808395386,1,ham10000,ISIC_0026698,nv,HAM_0004824
0,0.29912644624710083,1,ham10000,ISIC_0028152,nv,HAM_0004825
0,0.2805859446525574,1,ham10000,ISIC_0027564,nv,HAM_0004826
1,0.4788302481174469,1,ham10000,ISIC_0027819,bcc,HAM_0004827
0,0.29686638712882996,1,ham10000,ISIC_0028848,nv,HAM_0004828
0,0.7153781056404114,1,ham10000,ISIC_0032595,nv,HAM_0004829
0,0.6897826194763184,1,ham10000,ISIC_0027248,nv,HAM_0004830
1,0.831473171710968,1,ham10000,ISIC_0025144,bcc,HAM_0004831
0,0.7683243155479431,1,ham10000,ISIC_0024709,bkl,HAM_0004832
0,0.11906678229570389,0,ham10000,ISIC_0026133,nv,HAM_0004833
0,0.4396829903125763,1,ham10000,ISIC_0025328,nv,HAM_0004834
0,0.6443111896514893,1,ham10000,ISIC_0031809,nv,HAM_0004835
0,0.5765276551246643,1,ham10000,ISIC_0025533,nv,HAM_0004836
0,0.42119884490966797,1,ham10000,ISIC_0030735,nv,HAM_0004837
0,0.4917817711830139,1,ham10000,ISIC_0030869,nv,HAM_0004838
0,0.455720454454422,1,ham10000,ISIC_0024599,nv,HAM_0004839
0,0.33675944805145264,1,ham10000,ISIC_0025273,nv,HAM_0004840
0,0.17541734874248505,0,ham10000,ISIC_0028694,nv,HAM_0004841
0,0.5465179681777954,1,ham10000,ISIC_0026854,nv,HAM_0004842
0,0.07125313580036163,0,ham10000,ISIC_0031280,nv,HAM_0004843
1,0.6576201319694519,1,ham10000,ISIC_0033394,mel,HAM_0004844
0,0.45219022035598755,1,ham10000,ISIC_0026486,nv,HAM_0004845
1,0.734045147895813,1,ham10000,ISIC_0026411,akiec,HAM_0004846
0,0.549019992351532,1,ham10000,ISIC_0030906,nv,HAM_0004847
1,0.6979079246520996,1,ham10000,ISIC_0032727,bcc,HAM_0004848
1,0.5530151128768921,1,ham10000,ISIC_0032991,bcc,HAM_0004849
1,0.6642770767211914,1,ham10000,ISIC_0026438,mel,HAM_0004850
0,0.4311296343803406,1,ham10000,ISIC_0031219,nv,HAM_0004851
0,0.6398345232009888,1,ham10000,ISIC_0028774,bkl,HAM_0004852
1,0.8207630515098572,1,ham10000,ISIC_0030333,mel,HAM_0004853
0,0.2974444329738617,1,ham10000,ISIC_0033078,nv,HAM_0004854
0,0.3476610481739044,1,ham10000,ISIC_0026642,nv,HAM_0004855
0,0.24195285141468048,1,ham10000,ISIC_0026299,nv,HAM_0004856
0,0.6138171553611755,1,ham10000,ISIC_0029038,nv,HAM_0004857
0,0.5333206057548523,1,ham10000,ISIC_0032239,nv,HAM_0004858
1,0.698097825050354,1,ham10000,ISIC_0033653,mel,HAM_0004859
0,0.20059794187545776,0,ham10000,ISIC_0031732,nv,HAM_0004860
0,0.3128398060798645,1,ham10000,ISIC_0031153,nv,HAM_0004861
0,0.15601694583892822,0,ham10000,ISIC_0032057,vasc,HAM_0004862
0,0.4360116720199585,1,ham10000,ISIC_0024945,nv,HAM_0004863
0,0.8223327398300171,1,ham10000,ISIC_0024682,nv,HAM_0004864
0,0.09043213725090027,0,ham10000,ISIC_0028157,nv,HAM_0004865
0,0.5050103664398193,1,ham10000,ISIC_0032184,nv,HAM_0004866
0,0.3544481098651886,1,ham10000,ISIC_0031538,nv,HAM_0004868
0,0.6310209035873413,1,ham10000,ISIC_0025370,nv,HAM_0004869
0,0.50040203332901,1,ham10000,ISIC_0024751,nv,HAM_0004870
1,0.8293546438217163,1,ham10000,ISIC_0030261,bcc,HAM_0004871
0,0.601756751537323,1,ham10000,ISIC_0033202,nv,HAM_0004872
1,0.8265036344528198,1,ham10000,ISIC_0029020,bcc,HAM_0004873
0,0.5364034175872803,1,ham10000,ISIC_0032160,nv,HAM_0004874
0,0.5164251327514648,1,ham10000,ISIC_0028268,nv,HAM_0004875
0,0.4934627413749695,1,ham10000,ISIC_0029356,nv,HAM_0004876
0,0.6722880005836487,1,ham10000,ISIC_0027159,vasc,HAM_0004877
1,0.6404674053192139,1,ham10000,ISIC_0026802,mel,HAM_0004878
0,0.5269929766654968,1,ham10000,ISIC_0032419,nv,HAM_0004879
1,0.7487054467201233,1,ham10000,ISIC_0028583,bcc,HAM_0004880
1,0.6792754530906677,1,ham10000,ISIC_0032913,mel,HAM_0004881
0,0.35052216053009033,1,ham10000,ISIC_0033357,nv,HAM_0004882
0,0.7939049005508423,1,ham10000,ISIC_0030436,bkl,HAM_0004883
0,0.6282806396484375,1,ham10000,ISIC_0025937,bkl,HAM_0004884
0,0.49209022521972656,1,ham10000,ISIC_0030570,nv,HAM_0004885
0,0.26409634947776794,1,ham10000,ISIC_0027112,nv,HAM_0004886
0,0.07667546719312668,0,ham10000,ISIC_0024717,nv,HAM_0004887
1,0.5507293343544006,1,ham10000,ISIC_0030107,mel,HAM_0004888
0,0.6746457815170288,1,ham10000,ISIC_0026714,bkl,HAM_0004889
0,0.2109128087759018,0,ham10000,ISIC_0028054,nv,HAM_0004890
0,0.2407234013080597,1,ham10000,ISIC_0027943,nv,HAM_0004891
0,0.3776504099369049,1,ham10000,ISIC_0025228,nv,HAM_0004892
0,0.47311845421791077,1,ham10000,ISIC_0031906,nv,HAM_0004893
0,0.42918381094932556,1,ham10000,ISIC_0030643,nv,HAM_0004894
0,0.21381467580795288,0,ham10000,ISIC_0024753,nv,HAM_0004895
0,0.2500133812427521,1,ham10000,ISIC_0025369,nv,HAM_0004896
0,0.5878071188926697,1,ham10000,ISIC_0024352,nv,HAM_0004897
1,0.4587166905403137,1,ham10000,ISIC_0024932,mel,HAM_0004898
1,0.6395376324653625,1,ham10000,ISIC_0027930,akiec,HAM_0004899
0,0.45392149686813354,1,ham10000,ISIC_0027860,nv,HAM_0004900
0,0.49407994747161865,1,ham10000,ISIC_0025361,nv,HAM_0004901
0,0.311421662569046,1,ham10000,ISIC_0030823,nv,HAM_0004902
0,0.0962272584438324,0,ham10000,ISIC_0025604,nv,HAM_0004903
0,0.3919386863708496,1,ham10000,ISIC_0032381,nv,HAM_0004904
0,0.6045224070549011,1,ham10000,ISIC_0027162,bkl,HAM_0004905
0,0.3191365897655487,1,ham10000,ISIC_0028522,nv,HAM_0004906
0,0.3960048258304596,1,ham10000,ISIC_0026001,nv,HAM_0004907
0,0.4560399651527405,1,ham10000,ISIC_0028710,bkl,HAM_0004908
0,0.4229362905025482,1,ham10000,ISIC_0025118,nv,HAM_0004909
1,0.5702086091041565,1,ham10000,ISIC_0026115,mel,HAM_0004910
0,0.46289196610450745,1,ham10000,ISIC_0030860,nv,HAM_0004911
0,0.6491734981536865,1,ham10000,ISIC_0025753,bkl,HAM_0004912
0,0.5123761296272278,1,ham10000,ISIC_0025770,nv,HAM_0004913
1,0.3846651315689087,1,ham10000,ISIC_0034062,mel,HAM_0004914
0,0.16580237448215485,0,ham10000,ISIC_0025272,nv,HAM_0004915
0,0.15598417818546295,0,ham10000,ISIC_0026010,nv,HAM_0004916
0,0.721622109413147,1,ham10000,ISIC_0026301,bkl,HAM_0004917
0,0.3305988013744354,1,ham10000,ISIC_0026317,nv,HAM_0004918
0,0.6613484025001526,1,ham10000,ISIC_0025226,nv,HAM_0004919
0,0.10554930567741394,0,ham10000,ISIC_0030983,nv,HAM_0004920
0,0.6743913292884827,1,ham10000,ISIC_0025389,bkl,HAM_0004921
0,0.2905218303203583,1,ham10000,ISIC_0027108,nv,HAM_0004922
0,0.5014677047729492,1,ham10000,ISIC_0030444,nv,HAM_0004923
0,0.5022731423377991,1,ham10000,ISIC_0027040,nv,HAM_0004924
0,0.1335921436548233,0,ham10000,ISIC_0024873,nv,HAM_0004925
0,0.5390833616256714,1,ham10000,ISIC_0024785,nv,HAM_0004926
1,0.7484970688819885,1,ham10000,ISIC_0032921,mel,HAM_0004927
0,0.6185304522514343,1,ham10000,ISIC_0029770,bkl,HAM_0004928
0,0.4164465665817261,1,ham10000,ISIC_0029044,nv,HAM_0004929
0,0.4549386203289032,1,ham10000,ISIC_0026428,nv,HAM_0004931
0,0.04837197810411453,0,ham10000,ISIC_0032212,nv,HAM_0004932
0,0.47317153215408325,1,ham10000,ISIC_0025558,nv,HAM_0004933
0,0.2568196654319763,1,ham10000,ISIC_0030629,nv,HAM_0004935
1,0.5781787037849426,1,ham10000,ISIC_0025573,mel,HAM_0004936
1,0.8496939539909363,1,ham10000,ISIC_0026988,bcc,HAM_0004937
0,0.39998355507850647,1,ham10000,ISIC_0027214,nv,HAM_0004938
0,0.22426699101924896,1,ham10000,ISIC_0026521,nv,HAM_0004939
1,0.534516453742981,1,ham10000,ISIC_0026970,bcc,HAM_0004940
0,0.5349323153495789,1,ham10000,ISIC_0027121,nv,HAM_0004941
0,0.73391193151474,1,ham10000,ISIC_0028202,nv,HAM_0004942
0,0.6492692232131958,1,ham10000,ISIC_0027790,vasc,HAM_0004943
0,0.48772212862968445,1,ham10000,ISIC_0030559,nv,HAM_0004944
0,0.5293132066726685,1,ham10000,ISIC_0029358,bkl,HAM_0004945
0,0.08965973556041718,0,ham10000,ISIC_0030425,nv,HAM_0004946
0,0.6228941082954407,1,ham10000,ISIC_0024711,bkl,HAM_0004947
0,0.08692000806331635,0,ham10000,ISIC_0025736,nv,HAM_0004948
1,0.5691794157028198,1,ham10000,ISIC_0032981,mel,HAM_0004949
0,0.4311179518699646,1,ham10000,ISIC_0031878,nv,HAM_0004950
0,0.3606136739253998,1,ham10000,ISIC_0026339,nv,HAM_0004951
0,0.3389607071876526,1,ham10000,ISIC_0028111,nv,HAM_0004952
0,0.7100236415863037,1,ham10000,ISIC_0030156,nv,HAM_0004954
0,0.40382957458496094,1,ham10000,ISIC_0027128,nv,HAM_0004955
0,0.27312082052230835,1,ham10000,ISIC_0030810,nv,HAM_0004956
0,0.5788654685020447,1,ham10000,ISIC_0027652,bkl,HAM_0004958
0,0.19779269397258759,0,ham10000,ISIC_0028262,nv,HAM_0004959
0,0.33021974563598633,1,ham10000,ISIC_0027876,df,HAM_0004960
0,0.48412805795669556,1,ham10000,ISIC_0025705,nv,HAM_0004961
0,0.5892158150672913,1,ham10000,ISIC_0032563,nv,HAM_0004963
0,0.3895317018032074,1,ham10000,ISIC_0028062,nv,HAM_0004964
0,0.44097113609313965,1,ham10000,ISIC_0025287,nv,HAM_0004965
0,0.5068538188934326,1,ham10000,ISIC_0029508,nv,HAM_0004966
1,0.6388599872589111,1,ham10000,ISIC_0028815,bcc,HAM_0004967
0,0.1927141398191452,0,ham10000,ISIC_0025521,nv,HAM_0004969
1,0.7905037999153137,1,ham10000,ISIC_0026593,bcc,HAM_0004970
0,0.2995309829711914,1,ham10000,ISIC_0028836,nv,HAM_0004971
0,0.38981086015701294,1,ham10000,ISIC_0026997,nv,HAM_0004972
0,0.21630758047103882,0,ham10000,ISIC_0025872,nv,HAM_0004973
0,0.24260130524635315,1,ham10000,ISIC_0028959,nv,HAM_0004974
0,0.7312599420547485,1,ham10000,ISIC_0032863,bkl,HAM_0004975
1,0.3074153661727905,1,ham10000,ISIC_0028499,akiec,HAM_0004976
0,0.35856616497039795,1,ham10000,ISIC_0028740,nv,HAM_0004977
0,0.1798272579908371,0,ham10000,ISIC_0032101,nv,HAM_0004978
1,0.6699580550193787,1,ham10000,ISIC_0026596,mel,HAM_0004979
1,0.6658108234405518,1,ham10000,ISIC_0027693,mel,HAM_0004980
0,0.55148845911026,1,ham10000,ISIC_0030493,nv,HAM_0004981
0,0.31520670652389526,1,ham10000,ISIC_0025192,nv,HAM_0004982
0,0.08682435005903244,0,ham10000,ISIC_0030291,nv,HAM_0004983
1,0.8253751397132874,1,ham10000,ISIC_0032879,mel,HAM_0004984
0,0.6999664306640625,1,ham10000,ISIC_0024518,nv,HAM_0004985
0,0.42776164412498474,1,ham10000,ISIC_0025598,nv,HAM_0004986
0,0.27054476737976074,1,ham10000,ISIC_0027132,nv,HAM_0004987
0,0.6189722418785095,1,ham10000,ISIC_0025659,bkl,HAM_0004988
0,0.31017181277275085,1,ham10000,ISIC_0028669,nv,HAM_0004989
0,0.1774025708436966,0,ham10000,ISIC_0028433,nv,HAM_0004990
0,0.489062637090683,1,ham10000,ISIC_0028809,nv,HAM_0004991
1,0.378435343503952,1,ham10000,ISIC_0026132,akiec,HAM_0004992
0,0.32826894521713257,1,ham10000,ISIC_0031736,nv,HAM_0004993
0,0.2058778703212738,0,ham10000,ISIC_0028839,nv,HAM_0004994
0,0.316648930311203,1,ham10000,ISIC_0029869,nv,HAM_0004995
0,0.41652828454971313,1,ham10000,ISIC_0028909,nv,HAM_0004996
0,0.6999028921127319,1,ham10000,ISIC_0027305,nv,HAM_0004997
1,0.6424074172973633,1,ham10000,ISIC_0033304,mel,HAM_0004998
0,0.3533097505569458,1,ham10000,ISIC_0027690,nv,HAM_0004999
0,0.3480347692966461,1,ham10000,ISIC_0031312,nv,HAM_0005000
0,0.4477189779281616,1,ham10000,ISIC_0031438,nv,HAM_0005001
0,0.25962018966674805,1,ham10000,ISIC_0031869,nv,HAM_0005002
0,0.41789957880973816,1,ham10000,ISIC_0026689,nv,HAM_0005003
0,0.30724918842315674,1,ham10000,ISIC_0028708,nv,HAM_0005004
0,0.2721380591392517,1,ham10000,ISIC_0031920,nv,HAM_0005005
1,0.5696191191673279,1,ham10000,ISIC_0031146,mel,HAM_0005006
0,0.6376714706420898,1,ham10000,ISIC_0024668,nv,HAM_0005007
0,0.5952237248420715,1,ham10000,ISIC_0026580,nv,HAM_0005008
0,0.6934078931808472,1,ham10000,ISIC_0027569,nv,HAM_0005009
1,0.22979949414730072,1,ham10000,ISIC_0033180,mel,HAM_0005010
0,0.19183795154094696,0,ham10000,ISIC_0026393,vasc,HAM_0005011
0,0.09385546296834946,0,ham10000,ISIC_0031251,nv,HAM_0005012
0,0.4716392755508423,1,ham10000,ISIC_0030448,nv,HAM_0005013
0,0.6735034584999084,1,ham10000,ISIC_0030504,nv,HAM_0005014
0,0.2603616416454315,1,ham10000,ISIC_0026355,nv,HAM_0005015
0,0.6913160085678101,1,ham10000,ISIC_0027045,nv,HAM_0005016
0,0.6701411008834839,1,ham10000,ISIC_0025310,nv,HAM_0005017
0,0.15922746062278748,0,ham10000,ISIC_0026440,nv,HAM_0005018
0,0.40248215198516846,1,ham10000,ISIC_0029097,nv,HAM_0005019
1,0.6177571415901184,1,ham10000,ISIC_0026626,akiec,HAM_0005020
1,0.6496694087982178,1,ham10000,ISIC_0033454,mel,HAM_0005021
0,0.6352837681770325,1,ham10000,ISIC_0027367,bkl,HAM_0005022
0,0.5595853924751282,1,ham10000,ISIC_0031805,nv,HAM_0005023
1,0.4368179738521576,1,ham10000,ISIC_0025803,akiec,HAM_0005024
0,0.4883268177509308,1,ham10000,ISIC_0032261,nv,HAM_0005025
1,0.8142886757850647,1,ham10000,ISIC_0028728,bcc,HAM_0005026
1,0.7107770442962646,1,ham10000,ISIC_0026138,akiec,HAM_0005027
0,0.48184797167778015,1,ham10000,ISIC_0031190,nv,HAM_0005028
0,0.2960023283958435,1,ham10000,ISIC_0031514,nv,HAM_0005029
1,0.5639253258705139,1,ham10000,ISIC_0028303,bcc,HAM_0005030
0,0.4775790274143219,1,ham10000,ISIC_0025109,nv,HAM_0005031
0,0.2681920528411865,1,ham10000,ISIC_0027376,nv,HAM_0005032
0,0.14633357524871826,0,ham10000,ISIC_0032224,nv,HAM_0005033
0,0.3185845911502838,1,ham10000,ISIC_0027024,nv,HAM_0005034
0,0.29387012124061584,1,ham10000,ISIC_0025536,nv,HAM_0005035
0,0.42666298151016235,1,ham10000,ISIC_0025815,nv,HAM_0005036
0,0.15983323752880096,0,ham10000,ISIC_0028108,nv,HAM_0005037
0,0.2941255271434784,1,ham10000,ISIC_0026914,nv,HAM_0005038
0,0.5328543186187744,1,ham10000,ISIC_0024320,nv,HAM_0005039
1,0.6283547878265381,1,ham10000,ISIC_0033302,mel,HAM_0005040
0,0.17489652335643768,0,ham10000,ISIC_0028019,nv,HAM_0005041
0,0.29429617524147034,1,ham10000,ISIC_0026220,nv,HAM_0005042
0,0.07690183073282242,0,ham10000,ISIC_0025004,nv,HAM_0005043
0,0.24462510645389557,1,ham10000,ISIC_0032169,nv,HAM_0005044
0,0.17916329205036163,0,ham10000,ISIC_0030701,nv,HAM_0005045
0,0.26800528168678284,1,ham10000,ISIC_0029561,nv,HAM_0005046
0,0.5812088251113892,1,ham10000,ISIC_0029105,nv,HAM_0005047
0,0.5053113698959351,1,ham10000,ISIC_0029553,nv,HAM_0005048
0,0.7653843760490417,1,ham10000,ISIC_0028201,bkl,HAM_0005049
0,0.16186730563640594,0,ham10000,ISIC_0025949,nv,HAM_0005050
0,0.6105096936225891,1,ham10000,ISIC_0031798,nv,HAM_0005051
0,0.5710886716842651,1,ham10000,ISIC_0033724,nv,HAM_0005052
0,0.42369335889816284,1,ham10000,ISIC_0024761,bkl,HAM_0005053
0,0.059797510504722595,0,ham10000,ISIC_0030676,nv,HAM_0005054
0,0.23212411999702454,1,ham10000,ISIC_0030903,nv,HAM_0005055
0,0.7165568470954895,1,ham10000,ISIC_0031094,nv,HAM_0005056
0,0.6746683716773987,1,ham10000,ISIC_0027711,nv,HAM_0005057
1,0.7402660846710205,1,ham10000,ISIC_0025700,bcc,HAM_0005058
0,0.2748861312866211,1,ham10000,ISIC_0034027,nv,HAM_0005059
0,0.8245620131492615,1,ham10000,ISIC_0027852,nv,HAM_0005060
1,0.755126416683197,1,ham10000,ISIC_0032466,mel,HAM_0005061
0,0.5316053032875061,1,ham10000,ISIC_0033211,nv,HAM_0005062
0,0.30508843064308167,1,ham10000,ISIC_0030419,nv,HAM_0005063
1,0.7980206608772278,1,ham10000,ISIC_0027144,mel,HAM_0005064
0,0.3129824101924896,1,ham10000,ISIC_0031256,nv,HAM_0005065
0,0.365162193775177,1,ham10000,ISIC_0030787,nv,HAM_0005066
0,0.5485939383506775,1,ham10000,ISIC_0026261,nv,HAM_0005067
1,0.6944670677185059,1,ham10000,ISIC_0026156,bcc,HAM_0005068
0,0.4152347147464752,1,ham10000,ISIC_0028301,nv,HAM_0005069
0,0.3850320875644684,1,ham10000,ISIC_0030863,nv,HAM_0005070
0,0.4369186758995056,1,ham10000,ISIC_0029987,nv,HAM_0005071
0,0.2341911792755127,1,ham10000,ISIC_0031632,nv,HAM_0005072
0,0.205364391207695,0,ham10000,ISIC_0029956,nv,HAM_0005073
0,0.6094978451728821,1,ham10000,ISIC_0028200,bkl,HAM_0005074
0,0.5250365138053894,1,ham10000,ISIC_0029060,bkl,HAM_0005075
0,0.3843480944633484,1,ham10000,ISIC_0024404,nv,HAM_0005076
0,0.6019238233566284,1,ham10000,ISIC_0028646,bkl,HAM_0005077
1,0.6470316648483276,1,ham10000,ISIC_0030784,mel,HAM_0005078
0,0.5228052735328674,1,ham10000,ISIC_0028420,nv,HAM_0005079
0,0.47214382886886597,1,ham10000,ISIC_0027951,nv,HAM_0005080
0,0.26088833808898926,1,ham10000,ISIC_0029326,nv,HAM_0005081
0,0.5486542582511902,1,ham10000,ISIC_0025699,bkl,HAM_0005082
0,0.37435877323150635,1,ham10000,ISIC_0031482,nv,HAM_0005083
1,0.7036758065223694,1,ham10000,ISIC_0027261,mel,HAM_0005084
0,0.6506081819534302,1,ham10000,ISIC_0029257,nv,HAM_0005085
0,0.34954148530960083,1,ham10000,ISIC_0030772,nv,HAM_0005086
0,0.1524115800857544,0,ham10000,ISIC_0024765,nv,HAM_0005087
0,0.31796732544898987,1,ham10000,ISIC_0031647,nv,HAM_0005088
0,0.3778272867202759,1,ham10000,ISIC_0025673,nv,HAM_0005089
0,0.6431442499160767,1,ham10000,ISIC_0029162,nv,HAM_0005090
0,0.6179583668708801,1,ham10000,ISIC_0027345,nv,HAM_0005091
0,0.7415340542793274,1,ham10000,ISIC_0030232,nv,HAM_0005092
0,0.21902357041835785,1,ham10000,ISIC_0030517,nv,HAM_0005093
0,0.5631497502326965,1,ham10000,ISIC_0027816,nv,HAM_0005094
1,0.786241888999939,1,ham10000,ISIC_0030324,mel,HAM_0005095
0,0.07196436822414398,0,ham10000,ISIC_0029741,bkl,HAM_0005096
0,0.4070294201374054,1,ham10000,ISIC_0031018,nv,HAM_0005097
0,0.26377105712890625,1,ham10000,ISIC_0024728,nv,HAM_0005098
0,0.37839749455451965,1,ham10000,ISIC_0029648,nv,HAM_0005099
0,0.3220985531806946,1,ham10000,ISIC_0030274,nv,HAM_0005100
0,0.048421356827020645,0,ham10000,ISIC_0024643,bkl,HAM_0005101
0,0.638717532157898,1,ham10000,ISIC_0028128,nv,HAM_0005102
0,0.18041709065437317,0,ham10000,ISIC_0025079,nv,HAM_0005103
0,0.32684609293937683,1,ham10000,ISIC_0030204,nv,HAM_0005104
0,0.35254621505737305,1,ham10000,ISIC_0027377,nv,HAM_0005105
0,0.6861015558242798,1,ham10000,ISIC_0032901,nv,HAM_0005106
0,0.6912402510643005,1,ham10000,ISIC_0026502,nv,HAM_0005107
0,0.5082955360412598,1,ham10000,ISIC_0026078,nv,HAM_0005108
0,0.6333256959915161,1,ham10000,ISIC_0025412,nv,HAM_0005110
0,0.5022792220115662,1,ham10000,ISIC_0030911,nv,HAM_0005111
0,0.5458185076713562,1,ham10000,ISIC_0024386,df,HAM_0005112
0,0.37273722887039185,1,ham10000,ISIC_0028516,nv,HAM_0005113
0,0.35744509100914,1,ham10000,ISIC_0028038,nv,HAM_0005114
0,0.6358640789985657,1,ham10000,ISIC_0033008,nv,HAM_0005115
0,0.6524993777275085,1,ham10000,ISIC_0032953,nv,HAM_0005116
1,0.7044054269790649,1,ham10000,ISIC_0025712,akiec,HAM_0005117
0,0.3643591105937958,1,ham10000,ISIC_0025357,nv,HAM_0005118
0,0.24737094342708588,1,ham10000,ISIC_0029335,nv,HAM_0005119
0,0.403219997882843,1,ham10000,ISIC_0027685,nv,HAM_0005120
1,0.28163430094718933,1,ham10000,ISIC_0029591,mel,HAM_0005121
0,0.5378584265708923,1,ham10000,ISIC_0034265,nv,HAM_0005122
0,0.2942489683628082,1,ham10000,ISIC_0025877,nv,HAM_0005123
1,0.710002601146698,1,ham10000,ISIC_0030150,mel,HAM_0005124
0,0.5258582830429077,1,ham10000,ISIC_0024726,bkl,HAM_0005125
0,0.7039811611175537,1,ham10000,ISIC_0028822,bkl,HAM_0005126
0,0.5643117427825928,1,ham10000,ISIC_0026384,nv,HAM_0005127
0,0.4497469961643219,1,ham10000,ISIC_0025549,nv,HAM_0005128
0,0.27522802352905273,1,ham10000,ISIC_0027870,nv,HAM_0005129
0,0.352496862411499,1,ham10000,ISIC_0032002,nv,HAM_0005130
0,0.8161876201629639,1,ham10000,ISIC_0034007,bkl,HAM_0005131
0,0.7764414548873901,1,ham10000,ISIC_0025209,bkl,HAM_0005132
0,0.4275154769420624,1,ham10000,ISIC_0028409,nv,HAM_0005133
0,0.3265382647514343,1,ham10000,ISIC_0029523,nv,HAM_0005134
0,0.621234655380249,1,ham10000,ISIC_0032989,nv,HAM_0005135
0,0.1185164526104927,0,ham10000,ISIC_0024337,bkl,HAM_0005136
0,0.3897756040096283,1,ham10000,ISIC_0027207,nv,HAM_0005138
0,0.38058292865753174,1,ham10000,ISIC_0028260,nv,HAM_0005139
0,0.1434343159198761,0,ham10000,ISIC_0026662,nv,HAM_0005140
1,0.6639355421066284,1,ham10000,ISIC_0033217,mel,HAM_0005141
0,0.4738902449607849,1,ham10000,ISIC_0031701,nv,HAM_0005142
0,0.48799586296081543,1,ham10000,ISIC_0030303,nv,HAM_0005143
0,0.20885367691516876,0,ham10000,ISIC_0026130,nv,HAM_0005144
0,0.48803243041038513,1,ham10000,ISIC_0032255,nv,HAM_0005145
0,0.23310847580432892,1,ham10000,ISIC_0026526,bkl,HAM_0005146
0,0.5426175594329834,1,ham10000,ISIC_0029076,nv,HAM_0005147
0,0.36253705620765686,1,ham10000,ISIC_0026969,nv,HAM_0005148
0,0.4345237612724304,1,ham10000,ISIC_0028161,nv,HAM_0005150
0,0.46962136030197144,1,ham10000,ISIC_0030992,nv,HAM_0005151
0,0.24751628935337067,1,ham10000,ISIC_0030112,nv,HAM_0005152
0,0.6140844225883484,1,ham10000,ISIC_0030847,nv,HAM_0005153
0,0.588830828666687,1,ham10000,ISIC_0024762,nv,HAM_0005154
0,0.7331730127334595,1,ham10000,ISIC_0025321,vasc,HAM_0005155
0,0.5228668451309204,1,ham10000,ISIC_0033330,nv,HAM_0005156
0,0.6911382079124451,1,ham10000,ISIC_0024880,bkl,HAM_0005157
0,0.7352885603904724,1,ham10000,ISIC_0031950,vasc,HAM_0005158
0,0.725354790687561,1,ham10000,ISIC_0025352,nv,HAM_0005159
0,0.5391308665275574,1,ham10000,ISIC_0024935,nv,HAM_0005160
0,0.30913227796554565,1,ham10000,ISIC_0030472,nv,HAM_0005161
0,0.6179906725883484,1,ham10000,ISIC_0025568,nv,HAM_0005162
0,0.556606650352478,1,ham10000,ISIC_0026888,nv,HAM_0005163
0,0.30347901582717896,1,ham10000,ISIC_0028837,nv,HAM_0005164
0,0.34768104553222656,1,ham10000,ISIC_0030108,nv,HAM_0005165
0,0.37316396832466125,1,ham10000,ISIC_0024815,nv,HAM_0005166
0,0.20907968282699585,0,ham10000,ISIC_0031780,nv,HAM_0005167
0,0.21551841497421265,0,ham10000,ISIC_0028277,nv,HAM_0005168
0,0.21242986619472504,0,ham10000,ISIC_0027557,nv,HAM_0005169
0,0.4444000720977783,1,ham10000,ISIC_0026253,nv,HAM_0005170
0,0.5707967877388,1,ham10000,ISIC_0029380,nv,HAM_0005171
0,0.3158843219280243,1,ham10000,ISIC_0027156,nv,HAM_0005172
0,0.3249761760234833,1,ham10000,ISIC_0025400,nv,HAM_0005173
0,0.6340283155441284,1,ham10000,ISIC_0032276,nv,HAM_0005174
0,0.7662813663482666,1,ham10000,ISIC_0029479,nv,HAM_0005175
0,0.6552157402038574,1,ham10000,ISIC_0031117,nv,HAM_0005176
0,0.23762477934360504,1,ham10000,ISIC_0029423,nv,HAM_0005177
0,0.1126948744058609,0,ham10000,ISIC_0030285,nv,HAM_0005178
0,0.2615547776222229,1,ham10000,ISIC_0024957,nv,HAM_0005179
1,0.7560654878616333,1,ham10000,ISIC_0024454,bcc,HAM_0005180
0,0.05710146576166153,0,ham10000,ISIC_0027483,nv,HAM_0005181
0,0.32616472244262695,1,ham10000,ISIC_0031288,nv,HAM_0005182
0,0.5154822468757629,1,ham10000,ISIC_0029696,nv,HAM_0005183
1,0.6955733895301819,1,ham10000,ISIC_0029644,bcc,HAM_0005184
0,0.46080222725868225,1,ham10000,ISIC_0033412,nv,HAM_0005185
1,0.6902730464935303,1,ham10000,ISIC_0026993,mel,HAM_0005186
0,0.604492723941803,1,ham10000,ISIC_0029385,nv,HAM_0005187
0,0.6908470392227173,1,ham10000,ISIC_0024824,nv,HAM_0005188
0,0.3259294927120209,1,ham10000,ISIC_0025762,nv,HAM_0005189
0,0.7510433197021484,1,ham10000,ISIC_0032700,nv,HAM_0005190
1,0.256282240152359,1,ham10000,ISIC_0031177,mel,HAM_0005191
0,0.25327199697494507,1,ham10000,ISIC_0031858,nv,HAM_0005192
0,0.5595414042472839,1,ham10000,ISIC_0026742,nv,HAM_0005193
0,0.4780261814594269,1,ham10000,ISIC_0032561,nv,HAM_0005194
0,0.3511445224285126,1,ham10000,ISIC_0025929,nv,HAM_0005195
0,0.41705086827278137,1,ham10000,ISIC_0030922,nv,HAM_0005197
0,0.28705883026123047,1,ham10000,ISIC_0032920,nv,HAM_0005198
0,0.5942469835281372,1,ham10000,ISIC_0024982,bkl,HAM_0005199
0,0.5197516679763794,1,ham10000,ISIC_0032393,nv,HAM_0005200
0,0.32939639687538147,1,ham10000,ISIC_0028855,nv,HAM_0005201
0,0.46857547760009766,1,ham10000,ISIC_0028974,nv,HAM_0005202
1,0.641921877861023,1,ham10000,ISIC_0027742,mel,HAM_0005203
0,0.36663001775741577,1,ham10000,ISIC_0024749,nv,HAM_0005204
0,0.2578461766242981,1,ham10000,ISIC_0027581,nv,HAM_0005205
0,0.7864648103713989,1,ham10000,ISIC_0032521,nv,HAM_0005206
0,0.578545093536377,1,ham10000,ISIC_0028781,nv,HAM_0005208
0,0.5903301239013672,1,ham10000,ISIC_0032713,nv,HAM_0005209
0,0.1424962729215622,0,ham10000,ISIC_0025965,nv,HAM_0005210
0,0.5729895234107971,1,ham10000,ISIC_0030282,nv,HAM_0005211
0,0.32233455777168274,1,ham10000,ISIC_0033356,nv,HAM_0005213
0,0.08170478045940399,0,ham10000,ISIC_0031114,nv,HAM_0005214
0,0.12721087038516998,0,ham10000,ISIC_0028406,vasc,HAM_0005215
0,0.30713382363319397,1,ham10000,ISIC_0032161,nv,HAM_0005216
0,0.46874144673347473,1,ham10000,ISIC_0025057,nv,HAM_0005217
0,0.051704421639442444,0,ham10000,ISIC_0028939,nv,HAM_0005218
0,0.20121507346630096,0,ham10000,ISIC_0027935,nv,HAM_0005219
0,0.2630423605442047,1,ham10000,ISIC_0025479,nv,HAM_0005220
0,0.42578810453414917,1,ham10000,ISIC_0029019,nv,HAM_0005221
0,0.4857625365257263,1,ham10000,ISIC_0026636,nv,HAM_0005222
0,0.18242968618869781,0,ham10000,ISIC_0029536,nv,HAM_0005223
0,0.5829623341560364,1,ham10000,ISIC_0026929,nv,HAM_0005224
0,0.47546759247779846,1,ham10000,ISIC_0031213,nv,HAM_0005225
0,0.5655696392059326,1,ham10000,ISIC_0029290,nv,HAM_0005226
0,0.41086456179618835,1,ham10000,ISIC_0027410,nv,HAM_0005227
1,0.6761792898178101,1,ham10000,ISIC_0026702,akiec,HAM_0005228
0,0.29006728529930115,1,ham10000,ISIC_0030003,nv,HAM_0005229
0,0.48248547315597534,1,ham10000,ISIC_0027127,nv,HAM_0005230
1,0.5638937950134277,1,ham10000,ISIC_0025247,akiec,HAM_0005231
0,0.6245302557945251,1,ham10000,ISIC_0025993,nv,HAM_0005232
0,0.5656812787055969,1,ham10000,ISIC_0026289,nv,HAM_0005233
0,0.2470693737268448,1,ham10000,ISIC_0027347,nv,HAM_0005234
0,0.4970540404319763,1,ham10000,ISIC_0029437,nv,HAM_0005235
0,0.5466588735580444,1,ham10000,ISIC_0026366,nv,HAM_0005236
0,0.5503526329994202,1,ham10000,ISIC_0027240,nv,HAM_0005237
0,0.40344852209091187,1,ham10000,ISIC_0030393,nv,HAM_0005238
0,0.6464200019836426,1,ham10000,ISIC_0028679,nv,HAM_0005239
0,0.492373526096344,1,ham10000,ISIC_0030169,nv,HAM_0005240
0,0.4997189939022064,1,ham10000,ISIC_0029699,nv,HAM_0005241
0,0.5750676393508911,1,ham10000,ISIC_0027597,nv,HAM_0005242
1,0.7990359663963318,1,ham10000,ISIC_0024885,bcc,HAM_0005243
0,0.5318300724029541,1,ham10000,ISIC_0030473,nv,HAM_0005244
0,0.09977354109287262,0,ham10000,ISIC_0024375,vasc,HAM_0005245
0,0.33833158016204834,1,ham10000,ISIC_0030059,nv,HAM_0005246
0,0.32923057675361633,1,ham10000,ISIC_0024687,nv,HAM_0005247
0,0.6068404912948608,1,ham10000,ISIC_0032902,nv,HAM_0005248
1,0.5874354243278503,1,ham10000,ISIC_0032526,mel,HAM_0005249
0,0.4038710594177246,1,ham10000,ISIC_0029792,nv,HAM_0005250
1,0.842006266117096,1,ham10000,ISIC_0026868,mel,HAM_0005251
0,0.49587082862854004,1,ham10000,ISIC_0028185,nv,HAM_0005252
0,0.29781392216682434,1,ham10000,ISIC_0026715,nv,HAM_0005253
0,0.2619848847389221,1,ham10000,ISIC_0026820,nv,HAM_0005254
1,0.6197153329849243,1,ham10000,ISIC_0025811,akiec,HAM_0005255
1,0.6325339078903198,1,ham10000,ISIC_0033728,mel,HAM_0005256
0,0.3346785604953766,1,ham10000,ISIC_0033751,nv,HAM_0005257
0,0.6553924679756165,1,ham10000,ISIC_0033262,bkl,HAM_0005258
0,0.42589375376701355,1,ham10000,ISIC_0030174,nv,HAM_0005259
0,0.5435924530029297,1,ham10000,ISIC_0025485,bkl,HAM_0005260
0,0.261399507522583,1,ham10000,ISIC_0027390,nv,HAM_0005261
0,0.5135033130645752,1,ham10000,ISIC_0030488,bkl,HAM_0005262
0,0.4216096103191376,1,ham10000,ISIC_0032889,nv,HAM_0005263
1,0.7588849663734436,1,ham10000,ISIC_0024946,akiec,HAM_0005264
0,0.7326434850692749,1,ham10000,ISIC_0032998,nv,HAM_0005265
0,0.3848220705986023,1,ham10000,ISIC_0027605,nv,HAM_0005266
0,0.4357275366783142,1,ham10000,ISIC_0026423,nv,HAM_0005267
1,0.7690016031265259,1,ham10000,ISIC_0027825,bcc,HAM_0005268
0,0.48481273651123047,1,ham10000,ISIC_0025649,nv,HAM_0005269
0,0.6962843537330627,1,ham10000,ISIC_0032270,vasc,HAM_0005270
0,0.13236591219902039,0,ham10000,ISIC_0025306,nv,HAM_0005271
0,0.35723671317100525,1,ham10000,ISIC_0028786,nv,HAM_0005272
0,0.20026876032352448,0,ham10000,ISIC_0025065,nv,HAM_0005273
1,0.5689980983734131,1,ham10000,ISIC_0032766,mel,HAM_0005274
0,0.6982177495956421,1,ham10000,ISIC_0028749,bkl,HAM_0005275
0,0.7598714828491211,1,ham10000,ISIC_0027008,df,HAM_0005276
0,0.343384712934494,1,ham10000,ISIC_0030750,nv,HAM_0005277
0,0.49898913502693176,1,ham10000,ISIC_0027826,bkl,HAM_0005278
0,0.4896584451198578,1,ham10000,ISIC_0030322,nv,HAM_0005279
1,0.6153202652931213,1,ham10000,ISIC_0033063,mel,HAM_0005280
0,0.38284048438072205,1,ham10000,ISIC_0028908,nv,HAM_0005281
1,0.7423818707466125,1,ham10000,ISIC_0025178,akiec,HAM_0005282
0,0.4830109775066376,1,ham10000,ISIC_0030418,nv,HAM_0005283
0,0.6331275105476379,1,ham10000,ISIC_0027707,nv,HAM_0005284
0,0.163325697183609,0,ham10000,ISIC_0025167,nv,HAM_0005285
0,0.40979626774787903,1,ham10000,ISIC_0025999,nv,HAM_0005286
0,0.2198406159877777,1,ham10000,ISIC_0026354,nv,HAM_0005288
0,0.4160503149032593,1,ham10000,ISIC_0026703,nv,HAM_0005290
0,0.4904903769493103,1,ham10000,ISIC_0026907,bkl,HAM_0005291
0,0.22485336661338806,1,ham10000,ISIC_0030974,nv,HAM_0005292
0,0.09409095346927643,0,ham10000,ISIC_0025342,nv,HAM_0005293
0,0.505627453327179,1,ham10000,ISIC_0027055,nv,HAM_0005294
0,0.5215665698051453,1,ham10000,ISIC_0024690,nv,HAM_0005295
0,0.6159170269966125,1,ham10000,ISIC_0029484,nv,HAM_0005296
0,0.3844587504863739,1,ham10000,ISIC_0029662,nv,HAM_0005298
0,0.7373037934303284,1,ham10000,ISIC_0032732,bkl,HAM_0005299
0,0.5173704624176025,1,ham10000,ISIC_0033625,nv,HAM_0005300
1,0.2868410050868988,1,ham10000,ISIC_0026362,akiec,HAM_0005301
1,0.5041882991790771,1,ham10000,ISIC_0031539,bcc,HAM_0005302
1,0.8063549399375916,1,ham10000,ISIC_0032522,mel,HAM_0005303
1,0.8302000761032104,1,ham10000,ISIC_0026056,bcc,HAM_0005304
0,0.26088565587997437,1,ham10000,ISIC_0028771,nv,HAM_0005305
0,0.41740864515304565,1,ham10000,ISIC_0027056,nv,HAM_0005306
0,0.21740278601646423,1,ham10000,ISIC_0027765,nv,HAM_0005307
0,0.47734522819519043,1,ham10000,ISIC_0032828,nv,HAM_0005308
1,0.7119231820106506,1,ham10000,ISIC_0026282,bcc,HAM_0005309
1,0.7298913598060608,1,ham10000,ISIC_0027231,akiec,HAM_0005310
0,0.25472092628479004,1,ham10000,ISIC_0025556,nv,HAM_0005311
0,0.6240578889846802,1,ham10000,ISIC_0034033,nv,HAM_0005312
0,0.48050376772880554,1,ham10000,ISIC_0033335,nv,HAM_0005313
0,0.6590718030929565,1,ham10000,ISIC_0030693,nv,HAM_0005314
1,0.6616122126579285,1,ham10000,ISIC_0029319,mel,HAM_0005315
0,0.3050095736980438,1,ham10000,ISIC_0033139,nv,HAM_0005316
0,0.2662237882614136,1,ham10000,ISIC_0030415,nv,HAM_0005317
0,0.6224677562713623,1,ham10000,ISIC_0026347,nv,HAM_0005318
0,0.7296944856643677,1,ham10000,ISIC_0025133,nv,HAM_0005319
0,0.47442907094955444,1,ham10000,ISIC_0025356,nv,HAM_0005320
0,0.457042396068573,1,ham10000,ISIC_0031816,nv,HAM_0005321
0,0.6054867506027222,1,ham10000,ISIC_0030068,nv,HAM_0005322
0,0.2554484009742737,1,ham10000,ISIC_0027456,nv,HAM_0005323
0,0.8242248892784119,1,ham10000,ISIC_0029931,bkl,HAM_0005324
0,0.6773861646652222,1,ham10000,ISIC_0024971,bkl,HAM_0005325
0,0.4168473184108734,1,ham10000,ISIC_0026145,nv,HAM_0005326
0,0.5315983891487122,1,ham10000,ISIC_0031703,nv,HAM_0005327
1,0.61245197057724,1,ham10000,ISIC_0028969,mel,HAM_0005328
0,0.553774356842041,1,ham10000,ISIC_0028686,nv,HAM_0005329
0,0.563219428062439,1,ham10000,ISIC_0024553,df,HAM_0005330
0,0.8501302003860474,1,ham10000,ISIC_0032860,nv,HAM_0005331
0,0.2707715332508087,1,ham10000,ISIC_0027389,nv,HAM_0005332
0,0.36915865540504456,1,ham10000,ISIC_0032383,nv,HAM_0005333
1,0.6875869035720825,1,ham10000,ISIC_0031298,bcc,HAM_0005334
0,0.791504442691803,1,ham10000,ISIC_0025627,bkl,HAM_0005335
1,0.6253491044044495,1,ham10000,ISIC_0033154,mel,HAM_0005336
0,0.4333970844745636,1,ham10000,ISIC_0025098,nv,HAM_0005337
0,0.07274597138166428,0,ham10000,ISIC_0031577,bkl,HAM_0005338
0,0.6206696033477783,1,ham10000,ISIC_0025428,nv,HAM_0005339
0,0.04649979993700981,0,ham10000,ISIC_0031830,nv,HAM_0005340
0,0.3964445888996124,1,ham10000,ISIC_0031882,nv,HAM_0005341
0,0.5686578154563904,1,ham10000,ISIC_0028401,nv,HAM_0005342
0,0.3310737907886505,1,ham10000,ISIC_0027380,nv,HAM_0005343
0,0.43473020195961,1,ham10000,ISIC_0029383,nv,HAM_0005344
0,0.5087078213691711,1,ham10000,ISIC_0028171,nv,HAM_0005346
0,0.33001089096069336,1,ham10000,ISIC_0025653,nv,HAM_0005347
0,0.4124738574028015,1,ham10000,ISIC_0029765,nv,HAM_0005348
0,0.3892056941986084,1,ham10000,ISIC_0027375,nv,HAM_0005349
0,0.39367759227752686,1,ham10000,ISIC_0032054,nv,HAM_0005350
0,0.6309269666671753,1,ham10000,ISIC_0032590,nv,HAM_0005351
1,0.5479958653450012,1,ham10000,ISIC_0027100,mel,HAM_0005352
0,0.6256764531135559,1,ham10000,ISIC_0032923,nv,HAM_0005353
1,0.671808660030365,1,ham10000,ISIC_0026625,akiec,HAM_0005354
0,0.3342544734477997,1,ham10000,ISIC_0031731,nv,HAM_0005355
1,0.8010616898536682,1,ham10000,ISIC_0028854,akiec,HAM_0005356
0,0.05061899498105049,0,ham10000,ISIC_0029981,nv,HAM_0005357
0,0.40592074394226074,1,ham10000,ISIC_0026982,nv,HAM_0005358
0,0.2925207316875458,1,ham10000,ISIC_0030665,df,HAM_0005359
0,0.6331980228424072,1,ham10000,ISIC_0027264,nv,HAM_0005360
0,0.4347957372665405,1,ham10000,ISIC_0024374,nv,HAM_0005361
0,0.823583722114563,1,ham10000,ISIC_0025622,df,HAM_0005362
0,0.5717106461524963,1,ham10000,ISIC_0032717,nv,HAM_0005363
0,0.3672563433647156,1,ham10000,ISIC_0032525,nv,HAM_0005364
0,0.5910099744796753,1,ham10000,ISIC_0025253,nv,HAM_0005365
0,0.6168699860572815,1,ham10000,ISIC_0026211,nv,HAM_0005366
0,0.33629682660102844,1,ham10000,ISIC_0029743,nv,HAM_0005367
1,0.7159491181373596,1,ham10000,ISIC_0032722,mel,HAM_0005368
0,0.33991140127182007,1,ham10000,ISIC_0026799,nv,HAM_0005369
0,0.5124784708023071,1,ham10000,ISIC_0025923,nv,HAM_0005370
1,0.4228079617023468,1,ham10000,ISIC_0027046,bcc,HAM_0005371
0,0.3678264021873474,1,ham10000,ISIC_0030476,nv,HAM_0005372
0,0.5324949622154236,1,ham10000,ISIC_0030718,nv,HAM_0005373
0,0.48025014996528625,1,ham10000,ISIC_0032871,nv,HAM_0005374
1,0.2588217854499817,1,ham10000,ISIC_0028814,bcc,HAM_0005375
0,0.33279949426651,1,ham10000,ISIC_0025606,vasc,HAM_0005376
0,0.4539128541946411,1,ham10000,ISIC_0028936,nv,HAM_0005377
1,0.20625612139701843,0,ham10000,ISIC_0024787,bcc,HAM_0005379
0,0.4176855683326721,1,ham10000,ISIC_0027464,nv,HAM_0005380
1,0.6764426827430725,1,ham10000,ISIC_0025153,mel,HAM_0005381
1,0.6453428268432617,1,ham10000,ISIC_0026230,bcc,HAM_0005382
0,0.6138798594474792,1,ham10000,ISIC_0032683,nv,HAM_0005383
0,0.35546037554740906,1,ham10000,ISIC_0030072,nv,HAM_0005384
0,0.5893572568893433,1,ham10000,ISIC_0028754,nv,HAM_0005385
0,0.7017016410827637,1,ham10000,ISIC_0033505,bkl,HAM_0005386
0,0.8079178929328918,1,ham10000,ISIC_0026488,nv,HAM_0005387
0,0.620413601398468,1,ham10000,ISIC_0027815,bkl,HAM_0005388
1,0.5902513861656189,1,ham10000,ISIC_0024372,akiec,HAM_0005389
0,0.04139411449432373,0,ham10000,ISIC_0024574,nv,HAM_0005390
0,0.45811331272125244,1,ham10000,ISIC_0030633,nv,HAM_0005391
1,0.6823582649230957,1,ham10000,ISIC_0024436,bcc,HAM_0005392
0,0.655001163482666,1,ham10000,ISIC_0025506,nv,HAM_0005393
0,0.41158849000930786,1,ham10000,ISIC_0026903,nv,HAM_0005394
0,0.3436611592769623,1,ham10000,ISIC_0027471,nv,HAM_0005395
1,0.6101222634315491,1,ham10000,ISIC_0032834,bcc,HAM_0005396
0,0.4274435043334961,1,ham10000,ISIC_0028105,nv,HAM_0005397
0,0.514518141746521,1,ham10000,ISIC_0028374,nv,HAM_0005398
0,0.47181063890457153,1,ham10000,ISIC_0030474,nv,HAM_0005399
1,0.5882530212402344,1,ham10000,ISIC_0029363,mel,HAM_0005400
0,0.5537094473838806,1,ham10000,ISIC_0029998,nv,HAM_0005401
0,0.17542003095149994,0,ham10000,ISIC_0031695,nv,HAM_0005402
1,0.6213515996932983,1,ham10000,ISIC_0026086,mel,HAM_0005403
0,0.6297756433486938,1,ham10000,ISIC_0028094,bkl,HAM_0005404
0,0.37288564443588257,1,ham10000,ISIC_0025164,nv,HAM_0005405
0,0.5451352596282959,1,ham10000,ISIC_0027807,nv,HAM_0005406
0,0.3614519536495209,1,ham10000,ISIC_0028090,nv,HAM_0005407
0,0.5161764025688171,1,ham10000,ISIC_0031613,nv,HAM_0005408
1,0.7643294334411621,1,ham10000,ISIC_0032531,mel,HAM_0005409
1,0.6897132992744446,1,ham10000,ISIC_0025433,bcc,HAM_0005410
0,0.3205726146697998,1,ham10000,ISIC_0026300,nv,HAM_0005411
0,0.40916189551353455,1,ham10000,ISIC_0030548,nv,HAM_0005412
1,0.721674382686615,1,ham10000,ISIC_0028132,akiec,HAM_0005413
0,0.19731001555919647,0,ham10000,ISIC_0027054,nv,HAM_0005414
0,0.6876115798950195,1,ham10000,ISIC_0027154,bkl,HAM_0005415
0,0.4773336350917816,1,ham10000,ISIC_0029136,nv,HAM_0005416
1,0.7743858695030212,1,ham10000,ISIC_0024448,bcc,HAM_0005417
0,0.47194424271583557,1,ham10000,ISIC_0029957,nv,HAM_0005418
0,0.48272058367729187,1,ham10000,ISIC_0030524,nv,HAM_0005419
0,0.4725411832332611,1,ham10000,ISIC_0024740,bkl,HAM_0005420
0,0.713749885559082,1,ham10000,ISIC_0028060,nv,HAM_0005421
0,0.1833481639623642,0,ham10000,ISIC_0030554,nv,HAM_0005422
0,0.23205293715000153,1,ham10000,ISIC_0025503,nv,HAM_0005423
0,0.4437788724899292,1,ham10000,ISIC_0025052,nv,HAM_0005424
1,0.7507240176200867,1,ham10000,ISIC_0029698,mel,HAM_0005425
0,0.50777268409729,1,ham10000,ISIC_0028902,nv,HAM_0005426
0,0.20949305593967438,0,ham10000,ISIC_0028885,vasc,HAM_0005427
0,0.47986093163490295,1,ham10000,ISIC_0031654,nv,HAM_0005428
0,0.5164082646369934,1,ham10000,ISIC_0028261,nv,HAM_0005429
0,0.288775771856308,1,ham10000,ISIC_0024990,nv,HAM_0005430
0,0.33484435081481934,1,ham10000,ISIC_0026413,nv,HAM_0005431
0,0.3037629723548889,1,ham10000,ISIC_0031902,nv,HAM_0005432
0,0.5066602826118469,1,ham10000,ISIC_0033298,nv,HAM_0005433
0,0.4904264509677887,1,ham10000,ISIC_0033457,nv,HAM_0005434
1,0.6791744828224182,1,ham10000,ISIC_0024666,bcc,HAM_0005435
0,0.6024764776229858,1,ham10000,ISIC_0026658,nv,HAM_0005436
0,0.3139292001724243,1,ham10000,ISIC_0030029,nv,HAM_0005437
1,0.6262069344520569,1,ham10000,ISIC_0027708,akiec,HAM_0005438
0,0.4976114332675934,1,ham10000,ISIC_0033597,nv,HAM_0005439
0,0.484619140625,1,ham10000,ISIC_0027139,bkl,HAM_0005440
0,0.36587804555892944,1,ham10000,ISIC_0031804,nv,HAM_0005441
0,0.789358913898468,1,ham10000,ISIC_0034057,bkl,HAM_0005442
0,0.41057777404785156,1,ham10000,ISIC_0025758,bkl,HAM_0005443
0,0.5438891053199768,1,ham10000,ISIC_0025745,nv,HAM_0005444
0,0.463478684425354,1,ham10000,ISIC_0027695,nv,HAM_0005445
0,0.21697360277175903,1,ham10000,ISIC_0031868,nv,HAM_0005446
0,0.4988979697227478,1,ham10000,ISIC_0026389,nv,HAM_0005447
1,0.7732375860214233,1,ham10000,ISIC_0024707,akiec,HAM_0005448
0,0.5336384177207947,1,ham10000,ISIC_0030102,nv,HAM_0005449
0,0.5504916310310364,1,ham10000,ISIC_0029286,nv,HAM_0005450
0,0.4061637818813324,1,ham10000,ISIC_0029643,nv,HAM_0005451
0,0.400241494178772,1,ham10000,ISIC_0024722,nv,HAM_0005452
0,0.22795571386814117,1,ham10000,ISIC_0027022,nv,HAM_0005453
0,0.5224769711494446,1,ham10000,ISIC_0029184,nv,HAM_0005454
0,0.26144570112228394,1,ham10000,ISIC_0029416,nv,HAM_0005455
0,0.48731333017349243,1,ham10000,ISIC_0026960,nv,HAM_0005456
0,0.4678354561328888,1,ham10000,ISIC_0025039,nv,HAM_0005457
0,0.049703244119882584,0,ham10000,ISIC_0030584,nv,HAM_0005458
1,0.41590824723243713,1,ham10000,ISIC_0029268,akiec,HAM_0005459
0,0.1952507644891739,0,ham10000,ISIC_0028199,nv,HAM_0005460
0,0.24094350636005402,1,ham10000,ISIC_0027699,nv,HAM_0005461
0,0.3590640425682068,1,ham10000,ISIC_0028025,nv,HAM_0005462
0,0.6756324768066406,1,ham10000,ISIC_0028411,bkl,HAM_0005463
0,0.04245971515774727,0,ham10000,ISIC_0031477,nv,HAM_0005464
0,0.6283036470413208,1,ham10000,ISIC_0026827,bkl,HAM_0005465
0,0.5833256840705872,1,ham10000,ISIC_0024721,nv,HAM_0005466
1,0.7452987432479858,1,ham10000,ISIC_0024640,mel,HAM_0005467
0,0.3959959149360657,1,ham10000,ISIC_0029785,nv,HAM_0005468
1,0.863162636756897,1,ham10000,ISIC_0026643,bcc,HAM_0005469
0,0.1820259839296341,0,ham10000,ISIC_0028286,nv,HAM_0005470
0,0.5577531456947327,1,ham10000,ISIC_0028146,vasc,HAM_0005471
0,0.170868381857872,0,ham10000,ISIC_0027173,nv,HAM_0005472
0,0.25073403120040894,1,ham10000,ISIC_0026050,nv,HAM_0005473
0,0.3611772358417511,1,ham10000,ISIC_0031398,nv,HAM_0005474
0,0.31772133708000183,1,ham10000,ISIC_0025628,vasc,HAM_0005475
0,0.2598313093185425,1,ham10000,ISIC_0027165,nv,HAM_0005476
0,0.43913206458091736,1,ham10000,ISIC_0029552,nv,HAM_0005477
1,0.8042606115341187,1,ham10000,ISIC_0032741,bcc,HAM_0005478
0,0.5227494835853577,1,ham10000,ISIC_0028009,nv,HAM_0005479
1,0.1361209899187088,0,ham10000,ISIC_0025992,akiec,HAM_0005480
1,0.6455636620521545,1,ham10000,ISIC_0025955,mel,HAM_0005481
1,0.8493127822875977,1,ham10000,ISIC_0029546,bcc,HAM_0005482
1,0.6344493627548218,1,ham10000,ISIC_0032965,mel,HAM_0005483
0,0.6005151271820068,1,ham10000,ISIC_0032443,nv,HAM_0005484
0,0.14314872026443481,0,ham10000,ISIC_0029635,nv,HAM_0005485
0,0.2595244348049164,1,ham10000,ISIC_0024565,nv,HAM_0005486
0,0.5020603537559509,1,ham10000,ISIC_0031486,nv,HAM_0005487
1,0.4842362105846405,1,ham10000,ISIC_0024931,bcc,HAM_0005488
0,0.5437988042831421,1,ham10000,ISIC_0033851,nv,HAM_0005489
1,0.7908269762992859,1,ham10000,ISIC_0033931,mel,HAM_0005490
0,0.4867490530014038,1,ham10000,ISIC_0032083,nv,HAM_0005491
0,0.6938381791114807,1,ham10000,ISIC_0032138,df,HAM_0005492
0,0.5173325538635254,1,ham10000,ISIC_0028535,nv,HAM_0005493
0,0.12126007676124573,0,ham10000,ISIC_0027161,nv,HAM_0005494
0,0.2993898391723633,1,ham10000,ISIC_0028775,nv,HAM_0005495
0,0.6026067733764648,1,ham10000,ISIC_0032772,nv,HAM_0005496
0,0.17880086600780487,0,ham10000,ISIC_0029506,nv,HAM_0005497
0,0.9238960146903992,1,ham10000,ISIC_0032335,bkl,HAM_0005498
0,0.16604329645633698,0,ham10000,ISIC_0025478,nv,HAM_0005499
1,0.7150592803955078,1,ham10000,ISIC_0033636,mel,HAM_0005500
1,0.7795605063438416,1,ham10000,ISIC_0025711,bcc,HAM_0005501
0,0.14665773510932922,0,ham10000,ISIC_0029605,nv,HAM_0005502
0,0.4151585102081299,1,ham10000,ISIC_0029692,nv,HAM_0005503
1,0.29957115650177,1,ham10000,ISIC_0027480,mel,HAM_0005504
1,0.7448638081550598,1,ham10000,ISIC_0024450,akiec,HAM_0005505
0,0.5343467593193054,1,ham10000,ISIC_0032484,nv,HAM_0005506
0,0.40944135189056396,1,ham10000,ISIC_0029159,nv,HAM_0005507
0,0.0934637188911438,0,ham10000,ISIC_0032060,nv,HAM_0005508
1,0.7242960333824158,1,ham10000,ISIC_0026865,bcc,HAM_0005509
0,0.2588680684566498,1,ham10000,ISIC_0026406,nv,HAM_0005510
0,0.5791057348251343,1,ham10000,ISIC_0031807,nv,HAM_0005511
0,0.2580702006816864,1,ham10000,ISIC_0025194,nv,HAM_0005512
0,0.7474035024642944,1,ham10000,ISIC_0033214,nv,HAM_0005513
0,0.7183751463890076,1,ham10000,ISIC_0024453,bkl,HAM_0005514
0,0.1245042011141777,0,ham10000,ISIC_0031020,nv,HAM_0005515
0,0.5311546921730042,1,ham10000,ISIC_0028748,nv,HAM_0005516
0,0.34491369128227234,1,ham10000,ISIC_0028561,nv,HAM_0005517
0,0.8694744110107422,1,ham10000,ISIC_0032410,df,HAM_0005518
0,0.4718981087207794,1,ham10000,ISIC_0026215,nv,HAM_0005519
0,0.5226203203201294,1,ham10000,ISIC_0031255,nv,HAM_0005520
0,0.6372236013412476,1,ham10000,ISIC_0031963,nv,HAM_0005521
0,0.4736461639404297,1,ham10000,ISIC_0029368,nv,HAM_0005522
0,0.38115766644477844,1,ham10000,ISIC_0027087,nv,HAM_0005523
0,0.21654464304447174,0,ham10000,ISIC_0026162,nv,HAM_0005525
0,0.36270976066589355,1,ham10000,ISIC_0026563,nv,HAM_0005526
0,0.775603175163269,1,ham10000,ISIC_0031819,bkl,HAM_0005527
0,0.25673332810401917,1,ham10000,ISIC_0028391,nv,HAM_0005528
0,0.45115411281585693,1,ham10000,ISIC_0025980,df,HAM_0005529
1,0.5883902311325073,1,ham10000,ISIC_0024360,bcc,HAM_0005530
0,0.6571459174156189,1,ham10000,ISIC_0024577,nv,HAM_0005531
1,0.6530666351318359,1,ham10000,ISIC_0030183,mel,HAM_0005532
1,0.5217954516410828,1,ham10000,ISIC_0027065,mel,HAM_0005533
0,0.4869289696216583,1,ham10000,ISIC_0032075,nv,HAM_0005534
1,0.3138428330421448,1,ham10000,ISIC_0025391,mel,HAM_0005535
1,0.2401059865951538,1,ham10000,ISIC_0026798,bcc,HAM_0005536
0,0.6250043511390686,1,ham10000,ISIC_0024657,nv,HAM_0005537
0,0.4371662437915802,1,ham10000,ISIC_0028246,nv,HAM_0005538
0,0.5078595876693726,1,ham10000,ISIC_0033296,nv,HAM_0005539
1,0.4397694766521454,1,ham10000,ISIC_0024525,mel,HAM_0005540
0,0.4906291961669922,1,ham10000,ISIC_0025410,nv,HAM_0005541
0,0.521919846534729,1,ham10000,ISIC_0024444,nv,HAM_0005543
0,0.36441197991371155,1,ham10000,ISIC_0027791,nv,HAM_0005544
1,0.7522500157356262,1,ham10000,ISIC_0033881,mel,HAM_0005545
0,0.6427257061004639,1,ham10000,ISIC_0029519,bkl,HAM_0005546
1,0.8142648935317993,1,ham10000,ISIC_0032439,bcc,HAM_0005547
0,0.5109387040138245,1,ham10000,ISIC_0027632,nv,HAM_0005548
0,0.49390190839767456,1,ham10000,ISIC_0028802,nv,HAM_0005549
0,0.5277760624885559,1,ham10000,ISIC_0030407,nv,HAM_0005550
1,0.5917468667030334,1,ham10000,ISIC_0029900,akiec,HAM_0005551
0,0.22918491065502167,1,ham10000,ISIC_0025723,nv,HAM_0005552
0,0.27165094017982483,1,ham10000,ISIC_0027521,nv,HAM_0005554
1,0.6887362003326416,1,ham10000,ISIC_0032079,mel,HAM_0005555
0,0.4700056314468384,1,ham10000,ISIC_0028383,nv,HAM_0005556
1,0.8134129047393799,1,ham10000,ISIC_0028215,mel,HAM_0005557
0,0.833501398563385,1,ham10000,ISIC_0029802,bkl,HAM_0005558
1,0.7321557998657227,1,ham10000,ISIC_0032174,bcc,HAM_0005559
0,0.2948267459869385,1,ham10000,ISIC_0027269,vasc,HAM_0005560
0,0.40114647150039673,1,ham10000,ISIC_0028961,nv,HAM_0005561
0,0.21743927896022797,1,ham10000,ISIC_0025901,nv,HAM_0005562
0,0.12570855021476746,0,ham10000,ISIC_0029784,nv,HAM_0005563
0,0.36051321029663086,1,ham10000,ISIC_0026320,nv,HAM_0005564
0,0.2667563557624817,1,ham10000,ISIC_0027384,nv,HAM_0005565
0,0.7079828977584839,1,ham10000,ISIC_0032608,nv,HAM_0005566
0,0.21657678484916687,0,ham10000,ISIC_0028485,nv,HAM_0005567
0,0.4499770402908325,1,ham10000,ISIC_0032047,nv,HAM_0005568
0,0.5761898159980774,1,ham10000,ISIC_0027932,nv,HAM_0005569
0,0.4670238792896271,1,ham10000,ISIC_0032440,nv,HAM_0005570
0,0.6342393159866333,1,ham10000,ISIC_0032803,nv,HAM_0005571
0,0.6302944421768188,1,ham10000,ISIC_0033382,nv,HAM_0005573
0,0.29340967535972595,1,ham10000,ISIC_0027823,nv,HAM_0005574
1,0.6284017562866211,1,ham10000,ISIC_0029805,bcc,HAM_0005575
0,0.4663429260253906,1,ham10000,ISIC_0026479,nv,HAM_0005576
0,0.4118852913379669,1,ham10000,ISIC_0028320,nv,HAM_0005577
0,0.7361240983009338,1,ham10000,ISIC_0032496,nv,HAM_0005578
1,0.5044100284576416,1,ham10000,ISIC_0028393,akiec,HAM_0005579
0,0.35177281498908997,1,ham10000,ISIC_0029235,bkl,HAM_0005580
1,0.7334768772125244,1,ham10000,ISIC_0033337,mel,HAM_0005581
0,0.4784313142299652,1,ham10000,ISIC_0030433,nv,HAM_0005582
0,0.5707593560218811,1,ham10000,ISIC_0025574,nv,HAM_0005583
0,0.7190727591514587,1,ham10000,ISIC_0032613,df,HAM_0005584
1,0.4096566438674927,1,ham10000,ISIC_0025826,bcc,HAM_0005585
0,0.36797329783439636,1,ham10000,ISIC_0024415,nv,HAM_0005586
1,0.7343694567680359,1,ham10000,ISIC_0025219,mel,HAM_0005588
0,0.0394846610724926,0,ham10000,ISIC_0026224,nv,HAM_0005589
0,0.7255957126617432,1,ham10000,ISIC_0024458,nv,HAM_0005590
0,0.7010161876678467,1,ham10000,ISIC_0025746,bkl,HAM_0005591
0,0.06585901230573654,0,ham10000,ISIC_0026077,nv,HAM_0005592
0,0.38854387402534485,1,ham10000,ISIC_0029658,nv,HAM_0005593
0,0.743324339389801,1,ham10000,ISIC_0033703,nv,HAM_0005594
0,0.4064543545246124,1,ham10000,ISIC_0029180,nv,HAM_0005595
0,0.43704479932785034,1,ham10000,ISIC_0027706,bkl,HAM_0005596
0,0.4278925359249115,1,ham10000,ISIC_0025528,nv,HAM_0005597
0,0.3805050849914551,1,ham10000,ISIC_0029023,nv,HAM_0005598
1,0.7183106541633606,1,ham10000,ISIC_0030511,bcc,HAM_0005599
1,0.7196314930915833,1,ham10000,ISIC_0025520,mel,HAM_0005600
0,0.5085774660110474,1,ham10000,ISIC_0032670,nv,HAM_0005601
0,0.33251845836639404,1,ham10000,ISIC_0027532,nv,HAM_0005602
0,0.4512380361557007,1,ham10000,ISIC_0024464,nv,HAM_0005604
0,0.6768727898597717,1,ham10000,ISIC_0024361,nv,HAM_0005605
0,0.8269215226173401,1,ham10000,ISIC_0025928,bkl,HAM_0005606
1,0.7314157485961914,1,ham10000,ISIC_0032685,mel,HAM_0005608
0,0.653744637966156,1,ham10000,ISIC_0025847,nv,HAM_0005609
0,0.7654460072517395,1,ham10000,ISIC_0025312,bkl,HAM_0005610
0,0.6339053511619568,1,ham10000,ISIC_0025850,nv,HAM_0005611
0,0.5273818373680115,1,ham10000,ISIC_0024981,bkl,HAM_0005612
1,0.44335469603538513,1,ham10000,ISIC_0030564,mel,HAM_0005613
0,0.4516005218029022,1,ham10000,ISIC_0030397,nv,HAM_0005614
0,0.5115132927894592,1,ham10000,ISIC_0031067,nv,HAM_0005615
0,0.591468870639801,1,ham10000,ISIC_0029107,bkl,HAM_0005616
1,0.7034647464752197,1,ham10000,ISIC_0024833,bcc,HAM_0005617
0,0.10230663418769836,0,ham10000,ISIC_0027280,nv,HAM_0005618
0,0.39149710536003113,1,ham10000,ISIC_0025415,nv,HAM_0005619
0,0.6175798177719116,1,ham10000,ISIC_0024963,nv,HAM_0005620
0,0.45177003741264343,1,ham10000,ISIC_0028861,nv,HAM_0005621
0,0.41565120220184326,1,ham10000,ISIC_0030213,nv,HAM_0005622
1,0.7996571063995361,1,ham10000,ISIC_0030616,mel,HAM_0005623
1,0.6599295139312744,1,ham10000,ISIC_0028565,mel,HAM_0005624
0,0.7449616193771362,1,ham10000,ISIC_0031623,nv,HAM_0005625
0,0.5370246171951294,1,ham10000,ISIC_0031619,bkl,HAM_0005626
1,0.6051727533340454,1,ham10000,ISIC_0033568,mel,HAM_0005627
1,0.8105962872505188,1,ham10000,ISIC_0032940,mel,HAM_0005628
0,0.38565000891685486,1,ham10000,ISIC_0029317,nv,HAM_0005629
0,0.5201432108879089,1,ham10000,ISIC_0025864,nv,HAM_0005630
0,0.4962175190448761,1,ham10000,ISIC_0024439,nv,HAM_0005631
0,0.568462073802948,1,ham10000,ISIC_0025470,bkl,HAM_0005632
0,0.06294701248407364,0,ham10000,ISIC_0029218,nv,HAM_0005633
0,0.60985267162323,1,ham10000,ISIC_0025944,nv,HAM_0005634
0,0.4249247908592224,1,ham10000,ISIC_0024878,nv,HAM_0005635
1,0.8389285802841187,1,ham10000,ISIC_0032984,mel,HAM_0005636
0,0.6368697881698608,1,ham10000,ISIC_0028078,nv,HAM_0005637
0,0.6015675663948059,1,ham10000,ISIC_0030201,nv,HAM_0005638
0,0.45288434624671936,1,ham10000,ISIC_0030657,nv,HAM_0005639
1,0.7055871486663818,1,ham10000,ISIC_0030382,mel,HAM_0005640
0,0.5306879281997681,1,ham10000,ISIC_0032554,nv,HAM_0005641
1,0.6184853911399841,1,ham10000,ISIC_0027659,mel,HAM_0005642
0,0.3881078362464905,1,ham10000,ISIC_0032015,nv,HAM_0005643
0,0.3231108486652374,1,ham10000,ISIC_0027899,nv,HAM_0005644
0,0.2917025685310364,1,ham10000,ISIC_0030389,nv,HAM_0005645
0,0.3407146632671356,1,ham10000,ISIC_0029753,nv,HAM_0005646
0,0.43881160020828247,1,ham10000,ISIC_0027717,nv,HAM_0005647
1,0.5591598749160767,1,ham10000,ISIC_0027580,akiec,HAM_0005648
1,0.3558599352836609,1,ham10000,ISIC_0024522,akiec,HAM_0005650
0,0.5636875033378601,1,ham10000,ISIC_0028863,nv,HAM_0005651
0,0.46844857931137085,1,ham10000,ISIC_0027701,nv,HAM_0005653
0,0.4844658076763153,1,ham10000,ISIC_0032039,nv,HAM_0005654
0,0.47509875893592834,1,ham10000,ISIC_0029618,nv,HAM_0005655
0,0.43299591541290283,1,ham10000,ISIC_0026478,nv,HAM_0005656
1,0.7844521403312683,1,ham10000,ISIC_0024572,bcc,HAM_0005657
0,0.48245903849601746,1,ham10000,ISIC_0024996,nv,HAM_0005658
0,0.39613115787506104,1,ham10000,ISIC_0028896,nv,HAM_0005659
1,0.7840277552604675,1,ham10000,ISIC_0026574,bcc,HAM_0005660
0,0.36916470527648926,1,ham10000,ISIC_0025053,nv,HAM_0005661
0,0.33979320526123047,1,ham10000,ISIC_0026417,df,HAM_0005663
0,0.6112945675849915,1,ham10000,ISIC_0028016,nv,HAM_0005664
1,0.42570996284484863,1,ham10000,ISIC_0028973,bcc,HAM_0005665
0,0.346394419670105,1,ham10000,ISIC_0025171,nv,HAM_0005666
0,0.27249065041542053,1,ham10000,ISIC_0032394,nv,HAM_0005667
1,0.6154283285140991,1,ham10000,ISIC_0028370,akiec,HAM_0005668
1,0.7031887173652649,1,ham10000,ISIC_0024949,bcc,HAM_0005669
0,0.49553290009498596,1,ham10000,ISIC_0028648,nv,HAM_0005670
0,0.5634129047393799,1,ham10000,ISIC_0029697,nv,HAM_0005671
0,0.48694276809692383,1,ham10000,ISIC_0028388,bkl,HAM_0005672
1,0.7512410879135132,1,ham10000,ISIC_0033487,mel,HAM_0005673
0,0.7381877303123474,1,ham10000,ISIC_0031060,bkl,HAM_0005674
0,0.36496415734291077,1,ham10000,ISIC_0030814,nv,HAM_0005675
0,0.3972093164920807,1,ham10000,ISIC_0024357,nv,HAM_0005676
0,0.427323579788208,1,ham10000,ISIC_0032399,nv,HAM_0005677
1,0.640485405921936,1,ham10000,ISIC_0028086,mel,HAM_0005678
0,0.2120680958032608,0,ham10000,ISIC_0027177,nv,HAM_0005680
1,0.5314993262290955,1,ham10000,ISIC_0027234,mel,HAM_0005681
0,0.5738972425460815,1,ham10000,ISIC_0028770,nv,HAM_0005682
0,0.45746585726737976,1,ham10000,ISIC_0025416,nv,HAM_0005683
0,0.7049197554588318,1,ham10000,ISIC_0027613,df,HAM_0005684
0,0.41233769059181213,1,ham10000,ISIC_0031490,nv,HAM_0005685
0,0.8643290400505066,1,ham10000,ISIC_0033112,nv,HAM_0005686
0,0.40737292170524597,1,ham10000,ISIC_0027880,nv,HAM_0005687
0,0.15594136714935303,0,ham10000,ISIC_0027186,nv,HAM_0005688
0,0.451119065284729,1,ham10000,ISIC_0028066,nv,HAM_0005689
0,0.3494650423526764,1,ham10000,ISIC_0025487,nv,HAM_0005690
0,0.3295072913169861,1,ham10000,ISIC_0032457,nv,HAM_0005691
1,0.7634177803993225,1,ham10000,ISIC_0031931,mel,HAM_0005692
0,0.6830518245697021,1,ham10000,ISIC_0027781,bkl,HAM_0005693
0,0.13126517832279205,0,ham10000,ISIC_0030753,nv,HAM_0005694
0,0.5985592603683472,1,ham10000,ISIC_0030198,nv,HAM_0005695
0,0.47728878259658813,1,ham10000,ISIC_0025499,nv,HAM_0005696
1,0.7076696157455444,1,ham10000,ISIC_0027253,mel,HAM_0005697
0,0.2818380892276764,1,ham10000,ISIC_0028907,nv,HAM_0005698
0,0.49760735034942627,1,ham10000,ISIC_0028547,nv,HAM_0005699
0,0.5725384950637817,1,ham10000,ISIC_0031904,nv,HAM_0005700
1,0.7393252849578857,1,ham10000,ISIC_0025350,akiec,HAM_0005701
0,0.5254718065261841,1,ham10000,ISIC_0030381,nv,HAM_0005702
0,0.3754386603832245,1,ham10000,ISIC_0030519,nv,HAM_0005703
1,0.7769871354103088,1,ham10000,ISIC_0024654,akiec,HAM_0005705
0,0.276388019323349,1,ham10000,ISIC_0027205,nv,HAM_0005706
0,0.38717085123062134,1,ham10000,ISIC_0029821,nv,HAM_0005707
0,0.7050024271011353,1,ham10000,ISIC_0029791,bkl,HAM_0005708
0,0.4570304751396179,1,ham10000,ISIC_0028569,nv,HAM_0005709
1,0.7335880994796753,1,ham10000,ISIC_0032638,mel,HAM_0005711
0,0.5189750790596008,1,ham10000,ISIC_0025101,nv,HAM_0005712
0,0.5865945816040039,1,ham10000,ISIC_0028714,vasc,HAM_0005713
0,0.5369588136672974,1,ham10000,ISIC_0026308,nv,HAM_0005714
0,0.5538893938064575,1,ham10000,ISIC_0032519,nv,HAM_0005715
0,0.20924878120422363,0,ham10000,ISIC_0031841,nv,HAM_0005716
0,0.34252867102622986,1,ham10000,ISIC_0032658,nv,HAM_0005717
1,0.8277118802070618,1,ham10000,ISIC_0029549,akiec,HAM_0005718
1,0.6475974321365356,1,ham10000,ISIC_0029453,mel,HAM_0005719
0,0.32557761669158936,1,ham10000,ISIC_0027714,nv,HAM_0005720
1,0.79257732629776,1,ham10000,ISIC_0024550,bcc,HAM_0005721
0,0.29484692215919495,1,ham10000,ISIC_0028525,bkl,HAM_0005722
1,0.6617285013198853,1,ham10000,ISIC_0024805,mel,HAM_0005724
0,0.37214961647987366,1,ham10000,ISIC_0027634,nv,HAM_0005725
0,0.4354100227355957,1,ham10000,ISIC_0026898,nv,HAM_0005726
0,0.2842443883419037,1,ham10000,ISIC_0025781,bkl,HAM_0005728
0,0.295946329832077,1,ham10000,ISIC_0030113,nv,HAM_0005729
0,0.6095500588417053,1,ham10000,ISIC_0028923,nv,HAM_0005730
0,0.46101081371307373,1,ham10000,ISIC_0024920,nv,HAM_0005731
0,0.2371981143951416,1,ham10000,ISIC_0025741,nv,HAM_0005732
0,0.5130684971809387,1,ham10000,ISIC_0030434,nv,HAM_0005733
0,0.3145110607147217,1,ham10000,ISIC_0025048,nv,HAM_0005734
1,0.48887574672698975,1,ham10000,ISIC_0025543,mel,HAM_0005735
1,0.7356124520301819,1,ham10000,ISIC_0033885,mel,HAM_0005737
0,0.18156173825263977,0,ham10000,ISIC_0027683,nv,HAM_0005738
0,0.5215888023376465,1,ham10000,ISIC_0029763,nv,HAM_0005739
0,0.27956852316856384,1,ham10000,ISIC_0033303,nv,HAM_0005740
0,0.029642481356859207,0,ham10000,ISIC_0027222,nv,HAM_0005741
1,0.7036049365997314,1,ham10000,ISIC_0027651,mel,HAM_0005742
0,0.5572258830070496,1,ham10000,ISIC_0025038,bkl,HAM_0005743
0,0.3022325038909912,1,ham10000,ISIC_0025880,nv,HAM_0005744
0,0.5885927677154541,1,ham10000,ISIC_0028447,nv,HAM_0005745
1,0.6649594306945801,1,ham10000,ISIC_0030002,mel,HAM_0005746
1,0.6775273680686951,1,ham10000,ISIC_0027105,mel,HAM_0005747
1,0.607305109500885,1,ham10000,ISIC_0032812,mel,HAM_0005748
0,0.5642615556716919,1,ham10000,ISIC_0032843,bkl,HAM_0005749
0,0.5309344530105591,1,ham10000,ISIC_0029733,nv,HAM_0005750
0,0.15586158633232117,0,ham10000,ISIC_0028386,bkl,HAM_0005751
1,0.75400710105896,1,ham10000,ISIC_0028317,mel,HAM_0005752
0,0.38886332511901855,1,ham10000,ISIC_0028034,nv,HAM_0005753
0,0.3133541941642761,1,ham10000,ISIC_0029684,nv,HAM_0005754
0,0.575722336769104,1,ham10000,ISIC_0024566,nv,HAM_0005755
0,0.4978739321231842,1,ham10000,ISIC_0030090,nv,HAM_0005756
1,0.8621432185173035,1,ham10000,ISIC_0026496,bcc,HAM_0005757
1,0.749014139175415,1,ham10000,ISIC_0032586,mel,HAM_0005758
0,0.6718899011611938,1,ham10000,ISIC_0033263,nv,HAM_0005759
0,0.6398159861564636,1,ham10000,ISIC_0032621,nv,HAM_0005760
0,0.7198655605316162,1,ham10000,ISIC_0029493,nv,HAM_0005761
0,0.674873948097229,1,ham10000,ISIC_0025179,nv,HAM_0005762
0,0.27144595980644226,1,ham10000,ISIC_0030073,nv,HAM_0005764
0,0.5075570344924927,1,ham10000,ISIC_0028031,nv,HAM_0005765
1,0.7633428573608398,1,ham10000,ISIC_0031738,akiec,HAM_0005766
0,0.28646644949913025,1,ham10000,ISIC_0030975,nv,HAM_0005767
0,0.10933499783277512,0,ham10000,ISIC_0029330,nv,HAM_0005768
0,0.6084144711494446,1,ham10000,ISIC_0028472,nv,HAM_0005769
0,0.7282649278640747,1,ham10000,ISIC_0026052,nv,HAM_0005770
0,0.49868282675743103,1,ham10000,ISIC_0030799,nv,HAM_0005771
0,0.6140505075454712,1,ham10000,ISIC_0031017,bkl,HAM_0005772
0,0.3691348731517792,1,ham10000,ISIC_0031096,nv,HAM_0005773
0,0.24150799214839935,1,ham10000,ISIC_0031137,nv,HAM_0005774
0,0.6184218525886536,1,ham10000,ISIC_0027725,nv,HAM_0005775
1,0.46882474422454834,1,ham10000,ISIC_0028238,bcc,HAM_0005776
1,0.7894675135612488,1,ham10000,ISIC_0033325,mel,HAM_0005777
0,0.2906705439090729,1,ham10000,ISIC_0028001,nv,HAM_0005778
0,0.5696507096290588,1,ham10000,ISIC_0026790,bkl,HAM_0005779
0,0.3964907228946686,1,ham10000,ISIC_0024625,nv,HAM_0005780
0,0.5269814133644104,1,ham10000,ISIC_0024339,nv,HAM_0005781
0,0.3439903259277344,1,ham10000,ISIC_0026906,nv,HAM_0005782
1,0.5944423079490662,1,ham10000,ISIC_0029271,mel,HAM_0005783
0,0.21984811127185822,1,ham10000,ISIC_0030679,nv,HAM_0005784
1,0.45620837807655334,1,ham10000,ISIC_0026236,mel,HAM_0005785
0,0.5389113426208496,1,ham10000,ISIC_0026491,nv,HAM_0005786
0,0.4728512465953827,1,ham10000,ISIC_0027114,nv,HAM_0005787
0,0.4149434566497803,1,ham10000,ISIC_0031828,nv,HAM_0005788
1,0.6755673885345459,1,ham10000,ISIC_0028033,mel,HAM_0005789
0,0.47363904118537903,1,ham10000,ISIC_0024547,bkl,HAM_0005790
0,0.3211739957332611,1,ham10000,ISIC_0031966,nv,HAM_0005792
0,0.3285667300224304,1,ham10000,ISIC_0024629,nv,HAM_0005793
0,0.3460492789745331,1,ham10000,ISIC_0027574,nv,HAM_0005794
0,0.7326017022132874,1,ham10000,ISIC_0030296,nv,HAM_0005795
0,0.06545769423246384,0,ham10000,ISIC_0030078,nv,HAM_0005796
0,0.3247247636318207,1,ham10000,ISIC_0027220,nv,HAM_0005797
1,0.7402997612953186,1,ham10000,ISIC_0031095,bcc,HAM_0005798
0,0.29971957206726074,1,ham10000,ISIC_0025827,nv,HAM_0005799
0,0.5211321711540222,1,ham10000,ISIC_0028864,nv,HAM_0005800
0,0.7637704610824585,1,ham10000,ISIC_0029413,bkl,HAM_0005801
0,0.4957219064235687,1,ham10000,ISIC_0031173,nv,HAM_0005802
0,0.39135199785232544,1,ham10000,ISIC_0028717,nv,HAM_0005803
1,0.747992753982544,1,ham10000,ISIC_0024573,bcc,HAM_0005804
0,0.7051238417625427,1,ham10000,ISIC_0027505,nv,HAM_0005805
0,0.5600295662879944,1,ham10000,ISIC_0024980,nv,HAM_0005806
0,0.6362565159797668,1,ham10000,ISIC_0026508,nv,HAM_0005807
0,0.4722731411457062,1,ham10000,ISIC_0030496,nv,HAM_0005808
1,0.6700674891471863,1,ham10000,ISIC_0033368,mel,HAM_0005809
0,0.643218457698822,1,ham10000,ISIC_0030469,nv,HAM_0005810
0,0.17693758010864258,0,ham10000,ISIC_0031250,nv,HAM_0005812
0,0.1681075245141983,0,ham10000,ISIC_0026051,nv,HAM_0005813
0,0.41237303614616394,1,ham10000,ISIC_0032701,nv,HAM_0005814
0,0.35206684470176697,1,ham10000,ISIC_0030327,nv,HAM_0005815
0,0.3470748960971832,1,ham10000,ISIC_0027257,nv,HAM_0005816
0,0.22857722640037537,1,ham10000,ISIC_0028384,nv,HAM_0005817
0,0.5734348297119141,1,ham10000,ISIC_0032427,nv,HAM_0005818
0,0.0484236404299736,0,ham10000,ISIC_0025111,nv,HAM_0005819
0,0.6108843684196472,1,ham10000,ISIC_0033265,nv,HAM_0005820
0,0.6018279790878296,1,ham10000,ISIC_0029054,nv,HAM_0005822
0,0.4688858687877655,1,ham10000,ISIC_0024872,nv,HAM_0005823
0,0.2895161509513855,1,ham10000,ISIC_0029873,nv,HAM_0005824
0,0.4943024516105652,1,ham10000,ISIC_0027304,nv,HAM_0005825
1,0.5428277254104614,1,ham10000,ISIC_0031077,mel,HAM_0005826
0,0.25199151039123535,1,ham10000,ISIC_0026119,nv,HAM_0005827
0,0.21497642993927002,0,ham10000,ISIC_0026554,nv,HAM_0005828
0,0.7187968492507935,1,ham10000,ISIC_0030091,nv,HAM_0005829
0,0.23288880288600922,1,ham10000,ISIC_0026418,nv,HAM_0005831
0,0.4057404696941376,1,ham10000,ISIC_0027286,nv,HAM_0005832
0,0.05691354721784592,0,ham10000,ISIC_0030431,nv,HAM_0005833
0,0.5350489616394043,1,ham10000,ISIC_0032249,bkl,HAM_0005834
1,0.832798182964325,1,ham10000,ISIC_0025975,bcc,HAM_0005835
0,0.2456674575805664,1,ham10000,ISIC_0030153,nv,HAM_0005836
1,0.6945145130157471,1,ham10000,ISIC_0028653,bcc,HAM_0005837
0,0.4232393801212311,1,ham10000,ISIC_0030888,nv,HAM_0005838
0,0.5726407766342163,1,ham10000,ISIC_0027366,nv,HAM_0005839
0,0.6836823225021362,1,ham10000,ISIC_0028692,nv,HAM_0005840
0,0.4886164367198944,1,ham10000,ISIC_0027804,nv,HAM_0005841
1,0.6400156617164612,1,ham10000,ISIC_0027601,bcc,HAM_0005842
0,0.24919413030147552,1,ham10000,ISIC_0024820,nv,HAM_0005843
0,0.26884835958480835,1,ham10000,ISIC_0027918,nv,HAM_0005844
0,0.5064606070518494,1,ham10000,ISIC_0025851,bkl,HAM_0005845
1,0.8294187784194946,1,ham10000,ISIC_0024459,mel,HAM_0005846
0,0.6757705211639404,1,ham10000,ISIC_0033460,bkl,HAM_0005847
0,0.4362943172454834,1,ham10000,ISIC_0025517,nv,HAM_0005848
0,0.5007261037826538,1,ham10000,ISIC_0028647,nv,HAM_0005849
0,0.5497834086418152,1,ham10000,ISIC_0026708,nv,HAM_0005850
0,0.35766446590423584,1,ham10000,ISIC_0029804,nv,HAM_0005851
0,0.36656177043914795,1,ham10000,ISIC_0029569,nv,HAM_0005853
0,0.6830013990402222,1,ham10000,ISIC_0025926,nv,HAM_0005854
0,0.5933973789215088,1,ham10000,ISIC_0031727,nv,HAM_0005855
1,0.7026218771934509,1,ham10000,ISIC_0024984,bcc,HAM_0005856
0,0.3134445250034332,1,ham10000,ISIC_0030132,nv,HAM_0005857
0,0.23513324558734894,1,ham10000,ISIC_0028879,nv,HAM_0005858
0,0.13893604278564453,0,ham10000,ISIC_0025367,nv,HAM_0005859
0,0.40663331747055054,1,ham10000,ISIC_0024641,nv,HAM_0005860
0,0.6800307631492615,1,ham10000,ISIC_0028346,df,HAM_0005861
0,0.7343620657920837,1,ham10000,ISIC_0031376,bkl,HAM_0005862
0,0.3140642046928406,1,ham10000,ISIC_0029336,nv,HAM_0005863
0,0.35443350672721863,1,ham10000,ISIC_0025054,nv,HAM_0005864
0,0.6314951181411743,1,ham10000,ISIC_0030731,bkl,HAM_0005865
0,0.5418075919151306,1,ham10000,ISIC_0029422,nv,HAM_0005866
0,0.25389358401298523,1,ham10000,ISIC_0032387,nv,HAM_0005867
0,0.45937487483024597,1,ham10000,ISIC_0025845,nv,HAM_0005868
0,0.6972001791000366,1,ham10000,ISIC_0029249,bkl,HAM_0005869
0,0.7350456714630127,1,ham10000,ISIC_0030399,nv,HAM_0005870
0,0.5293422937393188,1,ham10000,ISIC_0032080,nv,HAM_0005871
0,0.43323084712028503,1,ham10000,ISIC_0030518,nv,HAM_0005872
0,0.6420102715492249,1,ham10000,ISIC_0031612,nv,HAM_0005873
0,0.5504664182662964,1,ham10000,ISIC_0027326,bkl,HAM_0005874
0,0.3334287106990814,1,ham10000,ISIC_0032250,nv,HAM_0005875
0,0.06540253013372421,0,ham10000,ISIC_0026980,nv,HAM_0005876
0,0.43525099754333496,1,ham10000,ISIC_0029204,nv,HAM_0005877
0,0.8086337447166443,1,ham10000,ISIC_0033254,vasc,HAM_0005878
0,0.6989474892616272,1,ham10000,ISIC_0025262,nv,HAM_0005879
0,0.4544481635093689,1,ham10000,ISIC_0025117,nv,HAM_0005880
0,0.6567621827125549,1,ham10000,ISIC_0030967,nv,HAM_0005881
0,0.44377702474594116,1,ham10000,ISIC_0025666,nv,HAM_0005882
0,0.46513038873672485,1,ham10000,ISIC_0026018,bkl,HAM_0005883
0,0.42455431818962097,1,ham10000,ISIC_0027469,nv,HAM_0005884
0,0.699729859828949,1,ham10000,ISIC_0031215,vasc,HAM_0005885
0,0.6177119016647339,1,ham10000,ISIC_0029982,nv,HAM_0005886
0,0.6618664860725403,1,ham10000,ISIC_0033221,nv,HAM_0005887
0,0.19324153661727905,0,ham10000,ISIC_0032355,nv,HAM_0005888
1,0.3140483796596527,1,ham10000,ISIC_0029930,akiec,HAM_0005889
0,0.36683183908462524,1,ham10000,ISIC_0027653,nv,HAM_0005890
0,0.7728248238563538,1,ham10000,ISIC_0026060,bkl,HAM_0005891
0,0.44131240248680115,1,ham10000,ISIC_0024861,nv,HAM_0005892
1,0.6923537850379944,1,ham10000,ISIC_0032833,mel,HAM_0005893
0,0.5023325085639954,1,ham10000,ISIC_0025579,nv,HAM_0005894
0,0.43418172001838684,1,ham10000,ISIC_0032252,nv,HAM_0005895
0,0.6981307864189148,1,ham10000,ISIC_0024814,bkl,HAM_0005896
0,0.36706849932670593,1,ham10000,ISIC_0027511,nv,HAM_0005897
0,0.35110312700271606,1,ham10000,ISIC_0033401,bkl,HAM_0005898
0,0.32462072372436523,1,ham10000,ISIC_0031767,nv,HAM_0005899
0,0.3244191110134125,1,ham10000,ISIC_0028726,nv,HAM_0005900
1,0.6815651655197144,1,ham10000,ISIC_0031245,bcc,HAM_0005901
0,0.7389283776283264,1,ham10000,ISIC_0027285,nv,HAM_0005902
0,0.6723251938819885,1,ham10000,ISIC_0032179,bkl,HAM_0005903
0,0.2950790524482727,1,ham10000,ISIC_0024956,nv,HAM_0005904
0,0.6679980754852295,1,ham10000,ISIC_0034257,nv,HAM_0005905
0,0.1790064424276352,0,ham10000,ISIC_0025609,nv,HAM_0005906
0,0.5500897169113159,1,ham10000,ISIC_0027623,nv,HAM_0005907
0,0.09839793294668198,0,ham10000,ISIC_0029150,nv,HAM_0005908
1,0.369427353143692,1,ham10000,ISIC_0026045,mel,HAM_0005909
0,0.7275807857513428,1,ham10000,ISIC_0026513,nv,HAM_0005910
1,0.7337414026260376,1,ham10000,ISIC_0028127,mel,HAM_0005911
0,0.10860089957714081,0,ham10000,ISIC_0027028,nv,HAM_0005912
0,0.5857396125793457,1,ham10000,ISIC_0028640,bkl,HAM_0005913
0,0.4717429280281067,1,ham10000,ISIC_0028785,nv,HAM_0005914
0,0.815602719783783,1,ham10000,ISIC_0025656,bkl,HAM_0005915
0,0.15704743564128876,0,ham10000,ISIC_0027556,nv,HAM_0005916
0,0.3669760823249817,1,ham10000,ISIC_0032272,nv,HAM_0005917
0,0.446540892124176,1,ham10000,ISIC_0029177,df,HAM_0005918
0,0.10438933968544006,0,ham10000,ISIC_0030503,nv,HAM_0005919
0,0.1186622828245163,0,ham10000,ISIC_0026727,nv,HAM_0005920
1,0.925751268863678,1,ham10000,ISIC_0029034,bcc,HAM_0005921
0,0.28551632165908813,1,ham10000,ISIC_0025896,nv,HAM_0005922
0,0.49215495586395264,1,ham10000,ISIC_0031419,nv,HAM_0005923
1,0.6571563482284546,1,ham10000,ISIC_0025196,akiec,HAM_0005924
0,0.5021926760673523,1,ham10000,ISIC_0026222,nv,HAM_0005925
1,0.7628459334373474,1,ham10000,ISIC_0027069,mel,HAM_0005926
1,0.6283800005912781,1,ham10000,ISIC_0028173,mel,HAM_0005927
0,0.14620894193649292,0,ham10000,ISIC_0031574,nv,HAM_0005928
0,0.37218180298805237,1,ham10000,ISIC_0026638,nv,HAM_0005929
0,0.3983635902404785,1,ham10000,ISIC_0031484,nv,HAM_0005930
1,0.7318682670593262,1,ham10000,ISIC_0031191,akiec,HAM_0005931
0,0.04598352685570717,0,ham10000,ISIC_0027747,bkl,HAM_0005932
1,0.7252411842346191,1,ham10000,ISIC_0024634,bcc,HAM_0005933
0,0.5156028866767883,1,ham10000,ISIC_0031740,nv,HAM_0005934
0,0.24595396220684052,1,ham10000,ISIC_0026679,bkl,HAM_0005935
0,0.349996954202652,1,ham10000,ISIC_0024921,nv,HAM_0005936
0,0.5396779179573059,1,ham10000,ISIC_0027679,nv,HAM_0005937
0,0.10990641266107559,0,ham10000,ISIC_0025596,vasc,HAM_0005938
0,0.3474082946777344,1,ham10000,ISIC_0024327,nv,HAM_0005939
0,0.2506570518016815,1,ham10000,ISIC_0026331,nv,HAM_0005940
0,0.11544269323348999,0,ham10000,ISIC_0029295,nv,HAM_0005941
0,0.5427897572517395,1,ham10000,ISIC_0032529,nv,HAM_0005942
0,0.22009381651878357,1,ham10000,ISIC_0032033,nv,HAM_0005943
0,0.2530093193054199,1,ham10000,ISIC_0030850,nv,HAM_0005944
0,0.31307563185691833,1,ham10000,ISIC_0032053,nv,HAM_0005945
0,0.22877296805381775,1,ham10000,ISIC_0026368,nv,HAM_0005946
1,0.8767416477203369,1,ham10000,ISIC_0027998,bcc,HAM_0005947
0,0.14849033951759338,0,ham10000,ISIC_0029761,nv,HAM_0005948
0,0.3745814859867096,1,ham10000,ISIC_0027148,nv,HAM_0005949
0,0.42739591002464294,1,ham10000,ISIC_0026165,nv,HAM_0005950
0,0.0655243918299675,0,ham10000,ISIC_0027325,nv,HAM_0005951
0,0.6657370924949646,1,ham10000,ISIC_0027916,bkl,HAM_0005952
1,0.8277095556259155,1,ham10000,ISIC_0032626,mel,HAM_0005953
1,0.6713970303535461,1,ham10000,ISIC_0032203,akiec,HAM_0005954
0,0.4712069630622864,1,ham10000,ISIC_0024713,nv,HAM_0005955
0,0.4153638184070587,1,ham10000,ISIC_0030727,nv,HAM_0005957
1,0.36166879534721375,1,ham10000,ISIC_0027577,akiec,HAM_0005958
0,0.1242741122841835,0,ham10000,ISIC_0025058,nv,HAM_0005959
0,0.5844668745994568,1,ham10000,ISIC_0028632,nv,HAM_0005960
0,0.6011637449264526,1,ham10000,ISIC_0032795,nv,HAM_0005961
0,0.4549093246459961,1,ham10000,ISIC_0028129,nv,HAM_0005963
0,0.13661286234855652,0,ham10000,ISIC_0026405,nv,HAM_0005964
0,0.5145136713981628,1,ham10000,ISIC_0029858,nv,HAM_0005965
0,0.5031195282936096,1,ham10000,ISIC_0025902,nv,HAM_0005966
0,0.7470447421073914,1,ham10000,ISIC_0032031,bkl,HAM_0005967
0,0.7133923172950745,1,ham10000,ISIC_0024758,bkl,HAM_0005968
0,0.4294142723083496,1,ham10000,ISIC_0028257,nv,HAM_0005969
1,0.6366071701049805,1,ham10000,ISIC_0032806,mel,HAM_0005970
1,0.5013285875320435,1,ham10000,ISIC_0024452,bcc,HAM_0005971
0,0.5697296261787415,1,ham10000,ISIC_0033319,nv,HAM_0005972
1,0.8246424198150635,1,ham10000,ISIC_0026940,bcc,HAM_0005973
0,0.5194170475006104,1,ham10000,ISIC_0031395,nv,HAM_0005974
0,0.5410076379776001,1,ham10000,ISIC_0031837,nv,HAM_0005975
0,0.33180224895477295,1,ham10000,ISIC_0030638,nv,HAM_0005976
0,0.4573136270046234,1,ham10000,ISIC_0028396,nv,HAM_0005977
1,0.7237423062324524,1,ham10000,ISIC_0030143,akiec,HAM_0005978
0,0.4359115958213806,1,ham10000,ISIC_0030422,nv,HAM_0005980
1,0.24546821415424347,1,ham10000,ISIC_0027371,bcc,HAM_0005981
1,0.6962969899177551,1,ham10000,ISIC_0026766,bcc,HAM_0005982
0,0.6638546586036682,1,ham10000,ISIC_0025594,df,HAM_0005983
1,0.7965567111968994,1,ham10000,ISIC_0026117,bcc,HAM_0005984
1,0.6802415251731873,1,ham10000,ISIC_0027038,bcc,HAM_0005985
1,0.6255794167518616,1,ham10000,ISIC_0029574,mel,HAM_0005986
0,0.494435578584671,1,ham10000,ISIC_0026741,nv,HAM_0005987
0,0.43417614698410034,1,ham10000,ISIC_0025646,nv,HAM_0005988
0,0.63039630651474,1,ham10000,ISIC_0031648,vasc,HAM_0005989
0,0.39304476976394653,1,ham10000,ISIC_0032320,nv,HAM_0005990
0,0.19052869081497192,0,ham10000,ISIC_0031505,nv,HAM_0005991
1,0.7065120339393616,1,ham10000,ISIC_0032597,mel,HAM_0005992
0,0.5229225754737854,1,ham10000,ISIC_0026441,bkl,HAM_0005993
0,0.5577389597892761,1,ham10000,ISIC_0029975,nv,HAM_0005994
0,0.6126247644424438,1,ham10000,ISIC_0033331,nv,HAM_0005995
0,0.5248461365699768,1,ham10000,ISIC_0031338,nv,HAM_0005996
0,0.7565041780471802,1,ham10000,ISIC_0033740,nv,HAM_0005997
1,0.76243656873703,1,ham10000,ISIC_0027058,bcc,HAM_0005998
0,0.1944047063589096,0,ham10000,ISIC_0030958,nv,HAM_0005999
0,0.43178364634513855,1,ham10000,ISIC_0032121,nv,HAM_0006000
0,0.2363559454679489,1,ham10000,ISIC_0028395,nv,HAM_0006001
1,0.7476937770843506,1,ham10000,ISIC_0029915,akiec,HAM_0006002
0,0.4507574141025543,1,ham10000,ISIC_0032827,bkl,HAM_0006003
1,0.67527836561203,1,ham10000,ISIC_0027702,mel,HAM_0006004
1,0.915261447429657,1,ham10000,ISIC_0029489,bcc,HAM_0006005
1,0.5368101596832275,1,ham10000,ISIC_0024961,mel,HAM_0006006
0,0.2977786362171173,1,ham10000,ISIC_0031737,nv,HAM_0006007
0,0.0915834903717041,0,ham10000,ISIC_0028342,nv,HAM_0006008
0,0.6392038464546204,1,ham10000,ISIC_0026174,bkl,HAM_0006009
0,0.5249502658843994,1,ham10000,ISIC_0028695,nv,HAM_0006010
1,0.6367172002792358,1,ham10000,ISIC_0034012,mel,HAM_0006011
0,0.28156137466430664,1,ham10000,ISIC_0029240,nv,HAM_0006012
0,0.19389647245407104,0,ham10000,ISIC_0028572,nv,HAM_0006013
0,0.7529841065406799,1,ham10000,ISIC_0032737,nv,HAM_0006014
0,0.2679387927055359,1,ham10000,ISIC_0025294,nv,HAM_0006015
0,0.3326055705547333,1,ham10000,ISIC_0029670,nv,HAM_0006016
1,0.7210569977760315,1,ham10000,ISIC_0027282,mel,HAM_0006017
0,0.6679275631904602,1,ham10000,ISIC_0033486,bkl,HAM_0006018
0,0.05757376551628113,0,ham10000,ISIC_0030347,nv,HAM_0006019
0,0.673704981803894,1,ham10000,ISIC_0029572,nv,HAM_0006020
0,0.15205013751983643,0,ham10000,ISIC_0026881,nv,HAM_0006021
0,0.4510452449321747,1,ham10000,ISIC_0029901,nv,HAM_0006022
0,0.26708418130874634,1,ham10000,ISIC_0025002,nv,HAM_0006023
1,0.6894553899765015,1,ham10000,ISIC_0027884,akiec,HAM_0006024
0,0.597999095916748,1,ham10000,ISIC_0031285,nv,HAM_0006025
0,0.5756377577781677,1,ham10000,ISIC_0032804,bkl,HAM_0006026
0,0.7550652027130127,1,ham10000,ISIC_0032189,nv,HAM_0006028
0,0.21100617945194244,0,ham10000,ISIC_0025935,nv,HAM_0006029
0,0.6848978400230408,1,ham10000,ISIC_0024618,nv,HAM_0006030
0,0.7401087284088135,1,ham10000,ISIC_0025374,bkl,HAM_0006031
0,0.4788679778575897,1,ham10000,ISIC_0027501,nv,HAM_0006032
0,0.24979093670845032,1,ham10000,ISIC_0026128,nv,HAM_0006033
0,0.5637733936309814,1,ham10000,ISIC_0026426,nv,HAM_0006034
0,0.39541342854499817,1,ham10000,ISIC_0027551,nv,HAM_0006035
1,0.8207863569259644,1,ham10000,ISIC_0029713,akiec,HAM_0006036
1,0.6251757144927979,1,ham10000,ISIC_0026571,mel,HAM_0006037
0,0.5174391865730286,1,ham10000,ISIC_0029969,nv,HAM_0006038
0,0.5853344202041626,1,ham10000,ISIC_0028092,nv,HAM_0006039
0,0.33670127391815186,1,ham10000,ISIC_0029978,nv,HAM_0006040
0,0.799018144607544,1,ham10000,ISIC_0029313,nv,HAM_0006041
0,0.6705791354179382,1,ham10000,ISIC_0033983,nv,HAM_0006042
0,0.39295822381973267,1,ham10000,ISIC_0027782,nv,HAM_0006043
0,0.27574479579925537,1,ham10000,ISIC_0026986,nv,HAM_0006044
0,0.21238036453723907,0,ham10000,ISIC_0029910,nv,HAM_0006045
0,0.37037333846092224,1,ham10000,ISIC_0031199,nv,HAM_0006046
1,0.7531108260154724,1,ham10000,ISIC_0025467,bcc,HAM_0006047
0,0.7355262637138367,1,ham10000,ISIC_0030064,nv,HAM_0006048
1,0.28983423113822937,1,ham10000,ISIC_0031614,bcc,HAM_0006049
0,0.2862336039543152,1,ham10000,ISIC_0029122,nv,HAM_0006050
0,0.16050007939338684,0,ham10000,ISIC_0030475,nv,HAM_0006051
0,0.6347894072532654,1,ham10000,ISIC_0025476,nv,HAM_0006052
1,0.8486655950546265,1,ham10000,ISIC_0028147,bcc,HAM_0006053
0,0.5031101703643799,1,ham10000,ISIC_0030982,nv,HAM_0006054
0,0.5271967649459839,1,ham10000,ISIC_0031456,nv,HAM_0006055
0,0.1566115766763687,0,ham10000,ISIC_0030999,nv,HAM_0006057
0,0.3297289311885834,1,ham10000,ISIC_0028911,nv,HAM_0006058
0,0.25326186418533325,1,ham10000,ISIC_0028089,nv,HAM_0006059
0,0.09092425554990768,0,ham10000,ISIC_0030513,nv,HAM_0006060
1,0.8079423904418945,1,ham10000,ISIC_0027179,mel,HAM_0006061
0,0.6654318571090698,1,ham10000,ISIC_0029435,nv,HAM_0006062
0,0.07888047397136688,0,ham10000,ISIC_0026975,nv,HAM_0006063
0,0.7028928995132446,1,ham10000,ISIC_0031132,bkl,HAM_0006064
0,0.6369923949241638,1,ham10000,ISIC_0028952,bkl,HAM_0006065
0,0.023908652365207672,0,ham10000,ISIC_0028245,nv,HAM_0006067
0,0.3920576274394989,1,ham10000,ISIC_0024591,nv,HAM_0006068
0,0.2603303790092468,1,ham10000,ISIC_0031681,nv,HAM_0006069
0,0.09016003459692001,0,ham10000,ISIC_0026833,nv,HAM_0006070
0,0.6402409076690674,1,ham10000,ISIC_0032343,bkl,HAM_0006071
0,0.17599040269851685,0,ham10000,ISIC_0027168,nv,HAM_0006072
0,0.4655125141143799,1,ham10000,ISIC_0025761,nv,HAM_0006073
0,0.8302002549171448,1,ham10000,ISIC_0033829,bkl,HAM_0006074
0,0.27557575702667236,1,ham10000,ISIC_0026999,nv,HAM_0006075
0,0.6451435685157776,1,ham10000,ISIC_0027323,nv,HAM_0006077
0,0.5212528109550476,1,ham10000,ISIC_0032809,nv,HAM_0006078
0,0.5351762175559998,1,ham10000,ISIC_0030641,nv,HAM_0006079
0,0.5967612862586975,1,ham10000,ISIC_0032668,nv,HAM_0006080
0,0.5276897549629211,1,ham10000,ISIC_0030691,nv,HAM_0006081
0,0.4481753706932068,1,ham10000,ISIC_0027500,nv,HAM_0006082
0,0.42063024640083313,1,ham10000,ISIC_0028178,nv,HAM_0006083
0,0.08803831785917282,0,ham10000,ISIC_0027641,nv,HAM_0006084
0,0.7516682147979736,1,ham10000,ISIC_0032949,bkl,HAM_0006085
0,0.4727909564971924,1,ham10000,ISIC_0025563,nv,HAM_0006086
0,0.1998337209224701,0,ham10000,ISIC_0032094,nv,HAM_0006087
1,0.5199136137962341,1,ham10000,ISIC_0028760,mel,HAM_0006088
0,0.41576534509658813,1,ham10000,ISIC_0031316,nv,HAM_0006089
0,0.14741861820220947,0,ham10000,ISIC_0026859,nv,HAM_0006090
0,0.3342554271221161,1,ham10000,ISIC_0026507,nv,HAM_0006091
1,0.6889926195144653,1,ham10000,ISIC_0029241,mel,HAM_0006092
0,0.20210933685302734,0,ham10000,ISIC_0024974,nv,HAM_0006093
0,0.6555115580558777,1,ham10000,ISIC_0026998,nv,HAM_0006094
0,0.42908093333244324,1,ham10000,ISIC_0025933,nv,HAM_0006095
0,0.4582313597202301,1,ham10000,ISIC_0025190,nv,HAM_0006096
1,0.6163471937179565,1,ham10000,ISIC_0027306,mel,HAM_0006097
0,0.4058179557323456,1,ham10000,ISIC_0030938,nv,HAM_0006098
0,0.4422471821308136,1,ham10000,ISIC_0026311,bkl,HAM_0006099
0,0.5271300077438354,1,ham10000,ISIC_0032288,nv,HAM_0006100
1,0.8114663362503052,1,ham10000,ISIC_0032617,mel,HAM_0006101
0,0.2915850281715393,1,ham10000,ISIC_0032105,nv,HAM_0006102
0,0.46319469809532166,1,ham10000,ISIC_0031504,nv,HAM_0006103
0,0.5192312002182007,1,ham10000,ISIC_0026323,nv,HAM_0006104
0,0.2968120872974396,1,ham10000,ISIC_0032236,nv,HAM_0006105
0,0.47496432065963745,1,ham10000,ISIC_0032295,nv,HAM_0006106
0,0.7301759719848633,1,ham10000,ISIC_0024697,nv,HAM_0006108
0,0.27569863200187683,1,ham10000,ISIC_0028459,nv,HAM_0006109
0,0.7142353057861328,1,ham10000,ISIC_0025289,nv,HAM_0006110
1,0.4217395484447479,1,ham10000,ISIC_0030138,bcc,HAM_0006111
0,0.46778351068496704,1,ham10000,ISIC_0031696,nv,HAM_0006113
0,0.4560590088367462,1,ham10000,ISIC_0027873,nv,HAM_0006114
1,0.892845630645752,1,ham10000,ISIC_0025576,bcc,HAM_0006115
0,0.5104056596755981,1,ham10000,ISIC_0028117,nv,HAM_0006116
0,0.1611211597919464,0,ham10000,ISIC_0025566,nv,HAM_0006117
0,0.7304051518440247,1,ham10000,ISIC_0026429,nv,HAM_0006118
0,0.472116619348526,1,ham10000,ISIC_0029944,nv,HAM_0006119
0,0.6937674880027771,1,ham10000,ISIC_0025372,nv,HAM_0006120
0,0.661848783493042,1,ham10000,ISIC_0032792,nv,HAM_0006121
0,0.6864256262779236,1,ham10000,ISIC_0031556,bkl,HAM_0006122
0,0.53794264793396,1,ham10000,ISIC_0025275,bkl,HAM_0006123
0,0.7215045690536499,1,ham10000,ISIC_0025131,bkl,HAM_0006124
0,0.26450294256210327,1,ham10000,ISIC_0028144,nv,HAM_0006125
0,0.768173336982727,1,ham10000,ISIC_0027715,nv,HAM_0006126
0,0.31587621569633484,1,ham10000,ISIC_0032449,nv,HAM_0006127
0,0.28730231523513794,1,ham10000,ISIC_0028701,bkl,HAM_0006128
0,0.6965338587760925,1,ham10000,ISIC_0027849,nv,HAM_0006129
1,0.630265474319458,1,ham10000,ISIC_0031670,mel,HAM_0006130
0,0.35316434502601624,1,ham10000,ISIC_0024822,nv,HAM_0006131
0,0.4316042363643646,1,ham10000,ISIC_0027732,nv,HAM_0006132
0,0.27583667635917664,1,ham10000,ISIC_0024755,nv,HAM_0006133
0,0.25875189900398254,1,ham10000,ISIC_0030622,nv,HAM_0006134
1,0.49656373262405396,1,ham10000,ISIC_0031044,akiec,HAM_0006135
0,0.514098048210144,1,ham10000,ISIC_0028910,nv,HAM_0006136
1,0.48066964745521545,1,ham10000,ISIC_0026738,mel,HAM_0006137
0,0.5265563130378723,1,ham10000,ISIC_0026713,vasc,HAM_0006138
0,0.011017092503607273,0,ham10000,ISIC_0025349,nv,HAM_0006139
0,0.21925626695156097,1,ham10000,ISIC_0030163,nv,HAM_0006140
0,0.29294121265411377,1,ham10000,ISIC_0024603,nv,HAM_0006141
0,0.5872896909713745,1,ham10000,ISIC_0026509,nv,HAM_0006142
0,0.6709426045417786,1,ham10000,ISIC_0032168,bkl,HAM_0006143
0,0.3951575458049774,1,ham10000,ISIC_0029388,nv,HAM_0006144
0,0.6778313517570496,1,ham10000,ISIC_0031713,nv,HAM_0006145
0,0.6796668767929077,1,ham10000,ISIC_0028159,nv,HAM_0006146
0,0.5853245258331299,1,ham10000,ISIC_0032641,nv,HAM_0006147
0,0.6390994191169739,1,ham10000,ISIC_0033987,bkl,HAM_0006148
0,0.5908634066581726,1,ham10000,ISIC_0025047,nv,HAM_0006149
0,0.6778314709663391,1,ham10000,ISIC_0026569,nv,HAM_0006150
0,0.3465157747268677,1,ham10000,ISIC_0032296,nv,HAM_0006151
1,0.6802201271057129,1,ham10000,ISIC_0027238,mel,HAM_0006152
0,0.36013880372047424,1,ham10000,ISIC_0030749,nv,HAM_0006153
0,0.5505802631378174,1,ham10000,ISIC_0030082,nv,HAM_0006154
0,0.662661612033844,1,ham10000,ISIC_0029728,nv,HAM_0006155
0,0.6579762697219849,1,ham10000,ISIC_0027903,vasc,HAM_0006156
0,0.5553897619247437,1,ham10000,ISIC_0033855,bkl,HAM_0006157
0,0.7154129147529602,1,ham10000,ISIC_0033096,nv,HAM_0006158
0,0.5912404656410217,1,ham10000,ISIC_0028977,bkl,HAM_0006159
1,0.8109914660453796,1,ham10000,ISIC_0030950,mel,HAM_0006160
0,0.4821974039077759,1,ham10000,ISIC_0029164,nv,HAM_0006161
0,0.37639909982681274,1,ham10000,ISIC_0027245,nv,HAM_0006162
0,0.2403084635734558,1,ham10000,ISIC_0030331,nv,HAM_0006163
0,0.20146651566028595,0,ham10000,ISIC_0024385,nv,HAM_0006164
0,0.3893711566925049,1,ham10000,ISIC_0029964,nv,HAM_0006165
0,0.3889003098011017,1,ham10000,ISIC_0028805,nv,HAM_0006166
0,0.20073041319847107,0,ham10000,ISIC_0027845,nv,HAM_0006167
0,0.14310334622859955,0,ham10000,ISIC_0026464,nv,HAM_0006168
0,0.1966152936220169,0,ham10000,ISIC_0026747,nv,HAM_0006169
0,0.40732541680336,1,ham10000,ISIC_0027969,bkl,HAM_0006170
1,0.6386967897415161,1,ham10000,ISIC_0025663,mel,HAM_0006171
0,0.46325528621673584,1,ham10000,ISIC_0024485,nv,HAM_0006172
0,0.8184345364570618,1,ham10000,ISIC_0031961,bkl,HAM_0006173
0,0.4265389144420624,1,ham10000,ISIC_0028116,nv,HAM_0006174
0,0.3680531680583954,1,ham10000,ISIC_0024954,nv,HAM_0006175
0,0.3921033442020416,1,ham10000,ISIC_0027539,nv,HAM_0006176
0,0.41120120882987976,1,ham10000,ISIC_0031234,nv,HAM_0006177
0,0.3563934564590454,1,ham10000,ISIC_0031100,nv,HAM_0006178
0,0.023795852437615395,0,ham10000,ISIC_0030662,nv,HAM_0006179
1,0.7638800740242004,1,ham10000,ISIC_0026905,akiec,HAM_0006180
0,0.32748207449913025,1,ham10000,ISIC_0026961,bkl,HAM_0006181
0,0.5961491465568542,1,ham10000,ISIC_0033419,nv,HAM_0006182
0,0.17308799922466278,0,ham10000,ISIC_0028397,nv,HAM_0006183
1,0.756385087966919,1,ham10000,ISIC_0033024,mel,HAM_0006184
0,0.5025248527526855,1,ham10000,ISIC_0028759,nv,HAM_0006185
0,0.43726229667663574,1,ham10000,ISIC_0029320,bkl,HAM_0006186
0,0.7077994346618652,1,ham10000,ISIC_0025453,nv,HAM_0006187
0,0.8279110193252563,1,ham10000,ISIC_0024330,df,HAM_0006188
1,0.753054141998291,1,ham10000,ISIC_0033269,mel,HAM_0006189
0,0.28765901923179626,1,ham10000,ISIC_0025507,bkl,HAM_0006190
0,0.5104166269302368,1,ham10000,ISIC_0028829,nv,HAM_0006191
0,0.5155713558197021,1,ham10000,ISIC_0027416,nv,HAM_0006192
0,0.43046078085899353,1,ham10000,ISIC_0029877,vasc,HAM_0006193
0,0.2953978478908539,1,ham10000,ISIC_0030968,nv,HAM_0006194
0,0.3776746988296509,1,ham10000,ISIC_0028267,nv,HAM_0006195
1,0.7083901166915894,1,ham10000,ISIC_0025248,mel,HAM_0006196
0,0.5724697709083557,1,ham10000,ISIC_0028332,nv,HAM_0006197
0,0.3320499062538147,1,ham10000,ISIC_0028676,nv,HAM_0006198
0,0.5234447717666626,1,ham10000,ISIC_0024888,nv,HAM_0006199
0,0.5382570028305054,1,ham10000,ISIC_0024420,bkl,HAM_0006201
0,0.5170647501945496,1,ham10000,ISIC_0030627,nv,HAM_0006202
0,0.6028956174850464,1,ham10000,ISIC_0026456,vasc,HAM_0006203
0,0.25775447487831116,1,ham10000,ISIC_0029806,nv,HAM_0006204
0,0.6021919846534729,1,ham10000,ISIC_0031121,nv,HAM_0006205
0,0.2991302013397217,1,ham10000,ISIC_0030438,nv,HAM_0006206
1,0.5609283447265625,1,ham10000,ISIC_0030034,mel,HAM_0006207
1,0.5748492479324341,1,ham10000,ISIC_0028916,mel,HAM_0006208
0,0.27374157309532166,1,ham10000,ISIC_0028626,nv,HAM_0006209
0,0.629518449306488,1,ham10000,ISIC_0026454,nv,HAM_0006210
0,0.4083077609539032,1,ham10000,ISIC_0025519,bkl,HAM_0006211
0,0.3292584717273712,1,ham10000,ISIC_0029721,nv,HAM_0006212
1,0.8311290740966797,1,ham10000,ISIC_0025182,akiec,HAM_0006213
1,0.7555900812149048,1,ham10000,ISIC_0031189,mel,HAM_0006214
0,0.21085211634635925,0,ham10000,ISIC_0027321,nv,HAM_0006215
0,0.3197281062602997,1,ham10000,ISIC_0030214,nv,HAM_0006216
1,0.38651108741760254,1,ham10000,ISIC_0031043,akiec,HAM_0006217
0,0.5687671899795532,1,ham10000,ISIC_0032589,nv,HAM_0006218
0,0.11104672402143478,0,ham10000,ISIC_0026202,nv,HAM_0006219
1,0.6798065304756165,1,ham10000,ISIC_0024470,akiec,HAM_0006220
0,0.45824939012527466,1,ham10000,ISIC_0025300,nv,HAM_0006221
1,0.6942508220672607,1,ham10000,ISIC_0025069,akiec,HAM_0006222
1,0.45747482776641846,1,ham10000,ISIC_0025791,mel,HAM_0006223
0,0.22629497945308685,1,ham10000,ISIC_0029351,nv,HAM_0006224
0,0.6293730139732361,1,ham10000,ISIC_0028887,nv,HAM_0006225
0,0.4784376323223114,1,ham10000,ISIC_0024414,nv,HAM_0006226
0,0.575271725654602,1,ham10000,ISIC_0031264,nv,HAM_0006227
0,0.39061567187309265,1,ham10000,ISIC_0028594,nv,HAM_0006228
0,0.20915846526622772,0,ham10000,ISIC_0027733,nv,HAM_0006229
0,0.5105452537536621,1,ham10000,ISIC_0032632,nv,HAM_0006230
0,0.2909165620803833,1,ham10000,ISIC_0032849,nv,HAM_0006231
0,0.5728818774223328,1,ham10000,ISIC_0033043,nv,HAM_0006232
0,0.6182095408439636,1,ham10000,ISIC_0033290,nv,HAM_0006233
0,0.5032649040222168,1,ham10000,ISIC_0033341,nv,HAM_0006234
0,0.35867857933044434,1,ham10000,ISIC_0033681,nv,HAM_0006235
0,0.5896188616752625,1,ham10000,ISIC_0033741,nv,HAM_0006236
0,0.48057544231414795,1,ham10000,ISIC_0034072,nv,HAM_0006237
0,0.6260761022567749,1,ham10000,ISIC_0034151,bkl,HAM_0006238
0,0.5045971274375916,1,ham10000,ISIC_0034177,nv,HAM_0006239
0,0.7978466153144836,1,ham10000,ISIC_0030188,bkl,HAM_0006240
0,0.7310438752174377,1,ham10000,ISIC_0031379,nv,HAM_0006241
0,0.5185724496841431,1,ham10000,ISIC_0030846,nv,HAM_0006242
0,0.12683197855949402,0,ham10000,ISIC_0031436,bkl,HAM_0006243
0,0.5476003885269165,1,ham10000,ISIC_0027197,nv,HAM_0006244
0,0.6265241503715515,1,ham10000,ISIC_0030733,nv,HAM_0006245
0,0.42823734879493713,1,ham10000,ISIC_0024523,nv,HAM_0006246
0,0.3720352053642273,1,ham10000,ISIC_0031393,nv,HAM_0006247
0,0.18665185570716858,0,ham10000,ISIC_0030087,nv,HAM_0006248
0,0.16967657208442688,0,ham10000,ISIC_0024759,nv,HAM_0006249
0,0.47660714387893677,1,ham10000,ISIC_0030308,nv,HAM_0006250
0,0.46533530950546265,1,ham10000,ISIC_0026437,nv,HAM_0006251
1,0.39949679374694824,1,ham10000,ISIC_0024646,akiec,HAM_0006252
1,0.6775727868080139,1,ham10000,ISIC_0028291,mel,HAM_0006253
0,0.40499359369277954,1,ham10000,ISIC_0024633,nv,HAM_0006254
0,0.5805414915084839,1,ham10000,ISIC_0026548,nv,HAM_0006255
0,0.4850146770477295,1,ham10000,ISIC_0027624,nv,HAM_0006256
1,0.540178656578064,1,ham10000,ISIC_0029843,mel,HAM_0006257
0,0.6239072680473328,1,ham10000,ISIC_0028484,nv,HAM_0006258
0,0.03405240923166275,0,ham10000,ISIC_0027785,nv,HAM_0006259
0,0.3280085623264313,1,ham10000,ISIC_0029748,nv,HAM_0006260
0,0.4300931990146637,1,ham10000,ISIC_0028466,nv,HAM_0006261
0,0.5118612051010132,1,ham10000,ISIC_0027211,nv,HAM_0006262
0,0.5125988721847534,1,ham10000,ISIC_0029447,nv,HAM_0006263
0,0.07245189696550369,0,ham10000,ISIC_0024350,nv,HAM_0006264
0,0.48218515515327454,1,ham10000,ISIC_0028212,nv,HAM_0006266
0,0.6356591582298279,1,ham10000,ISIC_0031200,bkl,HAM_0006267
0,0.6037178635597229,1,ham10000,ISIC_0026432,nv,HAM_0006268
0,0.6560801267623901,1,ham10000,ISIC_0031606,nv,HAM_0006270
0,0.3052704632282257,1,ham10000,ISIC_0027572,nv,HAM_0006271
0,0.497168630361557,1,ham10000,ISIC_0024429,nv,HAM_0006272
0,0.8006348609924316,1,ham10000,ISIC_0028571,nv,HAM_0006273
1,0.4811045229434967,1,ham10000,ISIC_0031351,bcc,HAM_0006274
0,0.5955392718315125,1,ham10000,ISIC_0029186,nv,HAM_0006275
0,0.5036619305610657,1,ham10000,ISIC_0029285,nv,HAM_0006276
0,0.6730235815048218,1,ham10000,ISIC_0031428,bkl,HAM_0006277
0,0.36660337448120117,1,ham10000,ISIC_0031141,nv,HAM_0006278
0,0.34485217928886414,1,ham10000,ISIC_0027195,nv,HAM_0006279
0,0.11183618009090424,0,ham10000,ISIC_0027937,vasc,HAM_0006280
0,0.7479163408279419,1,ham10000,ISIC_0033507,bkl,HAM_0006281
0,0.32277417182922363,1,ham10000,ISIC_0031772,nv,HAM_0006282
0,0.5585509538650513,1,ham10000,ISIC_0027924,nv,HAM_0006283
0,0.5278286337852478,1,ham10000,ISIC_0032904,nv,HAM_0006284
0,0.24792341887950897,1,ham10000,ISIC_0030596,nv,HAM_0006285
0,0.2251114696264267,1,ham10000,ISIC_0027619,nv,HAM_0006286
0,0.6246979832649231,1,ham10000,ISIC_0029101,bkl,HAM_0006287
0,0.4212595820426941,1,ham10000,ISIC_0031835,nv,HAM_0006289
0,0.13863113522529602,0,ham10000,ISIC_0026490,vasc,HAM_0006291
0,0.15927325189113617,0,ham10000,ISIC_0029058,nv,HAM_0006292
0,0.3597886562347412,1,ham10000,ISIC_0027314,nv,HAM_0006293
0,0.7076586484909058,1,ham10000,ISIC_0032348,bkl,HAM_0006294
0,0.612707257270813,1,ham10000,ISIC_0032720,nv,HAM_0006295
0,0.702915608882904,1,ham10000,ISIC_0028999,nv,HAM_0006296
0,0.04050275310873985,0,ham10000,ISIC_0025962,nv,HAM_0006297
0,0.2834547758102417,1,ham10000,ISIC_0030613,nv,HAM_0006298
0,0.19320477545261383,0,ham10000,ISIC_0031582,nv,HAM_0006299
0,0.6919180750846863,1,ham10000,ISIC_0028281,nv,HAM_0006300
1,0.7697054147720337,1,ham10000,ISIC_0024468,akiec,HAM_0006301
0,0.5738308429718018,1,ham10000,ISIC_0030819,nv,HAM_0006302
0,0.4568500816822052,1,ham10000,ISIC_0026911,nv,HAM_0006303
0,0.4667757451534271,1,ham10000,ISIC_0032406,nv,HAM_0006304
0,0.59091717004776,1,ham10000,ISIC_0031274,nv,HAM_0006305
0,0.2535240650177002,1,ham10000,ISIC_0026242,nv,HAM_0006306
0,0.28665071725845337,1,ham10000,ISIC_0024570,nv,HAM_0006307
0,0.5995831489562988,1,ham10000,ISIC_0030716,nv,HAM_0006308
0,0.4765317142009735,1,ham10000,ISIC_0026640,nv,HAM_0006309
0,0.7461019158363342,1,ham10000,ISIC_0031334,bkl,HAM_0006310
0,0.4468870162963867,1,ham10000,ISIC_0024392,nv,HAM_0006311
0,0.4606291651725769,1,ham10000,ISIC_0025631,nv,HAM_0006312
0,0.2623092532157898,1,ham10000,ISIC_0026926,nv,HAM_0006313
0,0.5161166191101074,1,ham10000,ISIC_0029532,nv,HAM_0006314
0,0.1344631463289261,0,ham10000,ISIC_0031144,nv,HAM_0006316
0,0.5316538214683533,1,ham10000,ISIC_0029934,nv,HAM_0006317
0,0.5959768891334534,1,ham10000,ISIC_0024937,nv,HAM_0006318
0,0.4610399007797241,1,ham10000,ISIC_0028348,nv,HAM_0006319
1,0.6355830430984497,1,ham10000,ISIC_0033174,mel,HAM_0006321
0,0.06377316266298294,0,ham10000,ISIC_0030309,nv,HAM_0006322
0,0.29312920570373535,1,ham10000,ISIC_0024680,nv,HAM_0006323
0,0.687264621257782,1,ham10000,ISIC_0029889,vasc,HAM_0006324
0,0.5564101338386536,1,ham10000,ISIC_0027739,bkl,HAM_0006325
0,0.5008374452590942,1,ham10000,ISIC_0028500,nv,HAM_0006326
0,0.6557267308235168,1,ham10000,ISIC_0028237,bkl,HAM_0006327
0,0.5469028353691101,1,ham10000,ISIC_0030450,nv,HAM_0006328
0,0.6822449564933777,1,ham10000,ISIC_0032758,nv,HAM_0006329
1,0.7752168774604797,1,ham10000,ISIC_0026745,mel,HAM_0006330
0,0.19080886244773865,0,ham10000,ISIC_0029229,nv,HAM_0006331
0,0.5324735641479492,1,ham10000,ISIC_0029822,nv,HAM_0006332
0,0.6354026198387146,1,ham10000,ISIC_0024424,nv,HAM_0006333
0,0.30746036767959595,1,ham10000,ISIC_0032605,nv,HAM_0006334
0,0.21871036291122437,1,ham10000,ISIC_0028892,nv,HAM_0006335
0,0.06869891285896301,0,ham10000,ISIC_0032117,nv,HAM_0006336
0,0.13612884283065796,0,ham10000,ISIC_0029106,nv,HAM_0006337
0,0.3778287470340729,1,ham10000,ISIC_0025125,nv,HAM_0006338
0,0.34901732206344604,1,ham10000,ISIC_0031279,nv,HAM_0006339
0,0.480547696352005,1,ham10000,ISIC_0028639,nv,HAM_0006340
0,0.15773996710777283,0,ham10000,ISIC_0024681,nv,HAM_0006341
0,0.5690361857414246,1,ham10000,ISIC_0024425,nv,HAM_0006342
0,0.4368945062160492,1,ham10000,ISIC_0024997,bkl,HAM_0006343
0,0.42921292781829834,1,ham10000,ISIC_0026966,nv,HAM_0006344
0,0.4355292022228241,1,ham10000,ISIC_0027762,nv,HAM_0006345
0,0.4590745270252228,1,ham10000,ISIC_0026280,bkl,HAM_0006346
0,0.42453500628471375,1,ham10000,ISIC_0025702,nv,HAM_0006347
0,0.5541538596153259,1,ham10000,ISIC_0027110,nv,HAM_0006348
0,0.3364977538585663,1,ham10000,ISIC_0024919,nv,HAM_0006349
0,0.633603036403656,1,ham10000,ISIC_0031130,bkl,HAM_0006350
1,0.7899385690689087,1,ham10000,ISIC_0027117,bcc,HAM_0006351
0,0.6342638731002808,1,ham10000,ISIC_0025341,nv,HAM_0006352
0,0.49207064509391785,1,ham10000,ISIC_0032712,nv,HAM_0006353
0,0.4340572655200958,1,ham10000,ISIC_0032137,nv,HAM_0006354
1,0.7002849578857422,1,ham10000,ISIC_0027663,mel,HAM_0006355
0,0.13121870160102844,0,ham10000,ISIC_0029732,nv,HAM_0006356
0,0.07215353101491928,0,ham10000,ISIC_0024835,nv,HAM_0006357
0,0.4201945662498474,1,ham10000,ISIC_0025581,nv,HAM_0006358
0,0.6412254571914673,1,ham10000,ISIC_0027403,nv,HAM_0006359
0,0.1886829435825348,0,ham10000,ISIC_0027926,nv,HAM_0006360
0,0.5210719704627991,1,ham10000,ISIC_0030196,nv,HAM_0006361
0,0.45418909192085266,1,ham10000,ISIC_0030523,nv,HAM_0006362
0,0.7345456480979919,1,ham10000,ISIC_0024936,nv,HAM_0006363
0,0.578058123588562,1,ham10000,ISIC_0029027,nv,HAM_0006364
0,0.4289318323135376,1,ham10000,ISIC_0028296,nv,HAM_0006365
0,0.5198364853858948,1,ham10000,ISIC_0030732,nv,HAM_0006366
0,0.15361528098583221,0,ham10000,ISIC_0024926,nv,HAM_0006367
0,0.2097625583410263,0,ham10000,ISIC_0029688,nv,HAM_0006369
0,0.4463033974170685,1,ham10000,ISIC_0026032,nv,HAM_0006370
0,0.33877089619636536,1,ham10000,ISIC_0033626,df,HAM_0006371
0,0.5552971363067627,1,ham10000,ISIC_0032817,nv,HAM_0006372
0,0.26795992255210876,1,ham10000,ISIC_0028143,nv,HAM_0006373
0,0.34318438172340393,1,ham10000,ISIC_0031540,nv,HAM_0006374
0,0.2782370150089264,1,ham10000,ISIC_0026114,nv,HAM_0006375
1,0.6031420230865479,1,ham10000,ISIC_0032845,mel,HAM_0006376
0,0.2047770768404007,0,ham10000,ISIC_0024465,nv,HAM_0006377
0,0.45257529616355896,1,ham10000,ISIC_0024735,nv,HAM_0006378
0,0.5287511944770813,1,ham10000,ISIC_0032937,nv,HAM_0006379
1,0.3504595160484314,1,ham10000,ISIC_0028718,mel,HAM_0006380
0,0.3891434371471405,1,ham10000,ISIC_0025023,nv,HAM_0006381
0,0.19412001967430115,0,ham10000,ISIC_0029883,nv,HAM_0006382
0,0.4253770112991333,1,ham10000,ISIC_0025183,nv,HAM_0006383
1,0.8012321591377258,1,ham10000,ISIC_0031272,bcc,HAM_0006384
0,0.3606494963169098,1,ham10000,ISIC_0026733,nv,HAM_0006385
1,0.8396050333976746,1,ham10000,ISIC_0029035,bcc,HAM_0006386
1,0.6923454403877258,1,ham10000,ISIC_0026831,bcc,HAM_0006387
0,0.44227248430252075,1,ham10000,ISIC_0029542,nv,HAM_0006388
0,0.6222554445266724,1,ham10000,ISIC_0027738,nv,HAM_0006389
0,0.7300355434417725,1,ham10000,ISIC_0025887,nv,HAM_0006390
0,0.36267897486686707,1,ham10000,ISIC_0032783,nv,HAM_0006391
0,0.3373139500617981,1,ham10000,ISIC_0028064,nv,HAM_0006392
0,0.5048761367797852,1,ham10000,ISIC_0029189,nv,HAM_0006393
0,0.3732808530330658,1,ham10000,ISIC_0027635,nv,HAM_0006394
0,0.10787101835012436,0,ham10000,ISIC_0025934,nv,HAM_0006395
0,0.45893728733062744,1,ham10000,ISIC_0033015,nv,HAM_0006396
0,0.5864047408103943,1,ham10000,ISIC_0029475,nv,HAM_0006397
0,0.7171194553375244,1,ham10000,ISIC_0027568,nv,HAM_0006398
0,0.6963902711868286,1,ham10000,ISIC_0026219,bkl,HAM_0006399
1,0.6880061626434326,1,ham10000,ISIC_0031741,mel,HAM_0006400
0,0.11479845643043518,0,ham10000,ISIC_0031451,nv,HAM_0006401
0,0.11459114402532578,0,ham10000,ISIC_0025602,nv,HAM_0006402
0,0.16008687019348145,0,ham10000,ISIC_0030248,nv,HAM_0006403
0,0.23585039377212524,1,ham10000,ISIC_0026983,nv,HAM_0006404
0,0.25485730171203613,1,ham10000,ISIC_0031641,nv,HAM_0006405
0,0.22557735443115234,1,ham10000,ISIC_0026336,vasc,HAM_0006406
0,0.48872801661491394,1,ham10000,ISIC_0025198,nv,HAM_0006408
0,0.6895371675491333,1,ham10000,ISIC_0028987,nv,HAM_0006409
0,0.5090941190719604,1,ham10000,ISIC_0027449,nv,HAM_0006410
0,0.6121151447296143,1,ham10000,ISIC_0027140,nv,HAM_0006411
0,0.5642942190170288,1,ham10000,ISIC_0027720,nv,HAM_0006412
0,0.05341910943388939,0,ham10000,ISIC_0031165,nv,HAM_0006413
0,0.2662346363067627,1,ham10000,ISIC_0026485,nv,HAM_0006414
0,0.4462902843952179,1,ham10000,ISIC_0032367,nv,HAM_0006415
0,0.2327873408794403,1,ham10000,ISIC_0028137,nv,HAM_0006416
0,0.6109048128128052,1,ham10000,ISIC_0033599,nv,HAM_0006418
0,0.5925812721252441,1,ham10000,ISIC_0026193,nv,HAM_0006419
0,0.7009214758872986,1,ham10000,ISIC_0029905,nv,HAM_0006420
0,0.5513075590133667,1,ham10000,ISIC_0031403,nv,HAM_0006421
0,0.3521179258823395,1,ham10000,ISIC_0030368,nv,HAM_0006422
1,0.6693124175071716,1,ham10000,ISIC_0028352,mel,HAM_0006423
0,0.28719884157180786,1,ham10000,ISIC_0032256,nv,HAM_0006424
0,0.24384938180446625,1,ham10000,ISIC_0028530,nv,HAM_0006425
1,0.8017528057098389,1,ham10000,ISIC_0032922,mel,HAM_0006426
0,0.35758817195892334,1,ham10000,ISIC_0028704,nv,HAM_0006427
0,0.5102999806404114,1,ham10000,ISIC_0030862,nv,HAM_0006428
0,0.5826486349105835,1,ham10000,ISIC_0026240,nv,HAM_0006429
0,0.6357734799385071,1,ham10000,ISIC_0026487,nv,HAM_0006430
0,0.17897307872772217,0,ham10000,ISIC_0031992,nv,HAM_0006431
0,0.307047575712204,1,ham10000,ISIC_0030884,nv,HAM_0006432
1,0.6988292336463928,1,ham10000,ISIC_0029370,mel,HAM_0006433
1,0.6274991631507874,1,ham10000,ISIC_0028076,akiec,HAM_0006434
1,0.7921541333198547,1,ham10000,ISIC_0033573,mel,HAM_0006435
0,0.30600711703300476,1,ham10000,ISIC_0027655,nv,HAM_0006436
1,0.7279986143112183,1,ham10000,ISIC_0033469,mel,HAM_0006437
0,0.6114267706871033,1,ham10000,ISIC_0033722,bkl,HAM_0006438
0,0.597026526927948,1,ham10000,ISIC_0025621,nv,HAM_0006439
0,0.152290940284729,0,ham10000,ISIC_0028074,nv,HAM_0006440
0,0.45983853936195374,1,ham10000,ISIC_0029016,nv,HAM_0006441
1,0.8459632396697998,1,ham10000,ISIC_0032947,akiec,HAM_0006442
0,0.519949197769165,1,ham10000,ISIC_0028164,nv,HAM_0006443
1,0.9076430797576904,1,ham10000,ISIC_0032318,bcc,HAM_0006444
1,0.6583126187324524,1,ham10000,ISIC_0033333,mel,HAM_0006445
0,0.3435059189796448,1,ham10000,ISIC_0025591,nv,HAM_0006446
0,0.18173284828662872,0,ham10000,ISIC_0031276,vasc,HAM_0006447
0,0.4607710540294647,1,ham10000,ISIC_0028912,nv,HAM_0006448
0,0.15077264606952667,0,ham10000,ISIC_0028604,nv,HAM_0006449
0,0.4895773231983185,1,ham10000,ISIC_0028724,nv,HAM_0006450
0,0.39232945442199707,1,ham10000,ISIC_0032274,nv,HAM_0006451
0,0.3396267294883728,1,ham10000,ISIC_0030424,nv,HAM_0006452
1,0.6640731692314148,1,ham10000,ISIC_0025744,mel,HAM_0006453
0,0.2028723806142807,0,ham10000,ISIC_0030009,nv,HAM_0006454
0,0.167518749833107,0,ham10000,ISIC_0029690,nv,HAM_0006455
0,0.694553792476654,1,ham10000,ISIC_0032305,nv,HAM_0006456
0,0.6436300277709961,1,ham10000,ISIC_0027987,nv,HAM_0006457
0,0.743137538433075,1,ham10000,ISIC_0027578,nv,HAM_0006458
0,0.5133098363876343,1,ham10000,ISIC_0033011,nv,HAM_0006459
0,0.029347261413931847,0,ham10000,ISIC_0027292,nv,HAM_0006460
0,0.2894138693809509,1,ham10000,ISIC_0026830,nv,HAM_0006461
1,0.7355055212974548,1,ham10000,ISIC_0033520,mel,HAM_0006462
0,0.13428649306297302,0,ham10000,ISIC_0028515,nv,HAM_0006463
0,0.40421050786972046,1,ham10000,ISIC_0025424,nv,HAM_0006464
1,0.761059582233429,1,ham10000,ISIC_0030813,bcc,HAM_0006465
0,0.6299831867218018,1,ham10000,ISIC_0024495,bkl,HAM_0006466
1,0.7112195491790771,1,ham10000,ISIC_0027622,mel,HAM_0006467
0,0.5081058144569397,1,ham10000,ISIC_0030162,nv,HAM_0006468
0,0.5635063648223877,1,ham10000,ISIC_0024479,nv,HAM_0006469
0,0.6174888014793396,1,ham10000,ISIC_0027978,nv,HAM_0006470
0,0.364414244890213,1,ham10000,ISIC_0028187,nv,HAM_0006471
0,0.578821063041687,1,ham10000,ISIC_0027394,bkl,HAM_0006472
0,0.2482595294713974,1,ham10000,ISIC_0026696,nv,HAM_0006473
0,0.4236685335636139,1,ham10000,ISIC_0030262,nv,HAM_0006474
0,0.6573135852813721,1,ham10000,ISIC_0030965,bkl,HAM_0006475
0,0.145986869931221,0,ham10000,ISIC_0031877,nv,HAM_0006476
0,0.2896781265735626,1,ham10000,ISIC_0029237,nv,HAM_0006477
0,0.672888994216919,1,ham10000,ISIC_0025210,nv,HAM_0006478
0,0.0424819141626358,0,ham10000,ISIC_0026004,nv,HAM_0006479
0,0.41215425729751587,1,ham10000,ISIC_0026536,nv,HAM_0006480
1,0.6274722218513489,1,ham10000,ISIC_0026492,akiec,HAM_0006481
1,0.7084008455276489,1,ham10000,ISIC_0027506,akiec,HAM_0006482
1,0.8979330062866211,1,ham10000,ISIC_0032371,akiec,HAM_0006483
0,0.6584824323654175,1,ham10000,ISIC_0027244,nv,HAM_0006484
0,0.35394904017448425,1,ham10000,ISIC_0024423,nv,HAM_0006485
0,0.46920451521873474,1,ham10000,ISIC_0026880,nv,HAM_0006486
0,0.06963643431663513,0,ham10000,ISIC_0028617,nv,HAM_0006487
0,0.26047801971435547,1,ham10000,ISIC_0031066,nv,HAM_0006488
0,0.6075829863548279,1,ham10000,ISIC_0029624,nv,HAM_0006489
0,0.3662647306919098,1,ham10000,ISIC_0024979,nv,HAM_0006490
0,0.6893311738967896,1,ham10000,ISIC_0033070,nv,HAM_0006491
0,0.4428838789463043,1,ham10000,ISIC_0031092,nv,HAM_0006492
0,0.18299517035484314,0,ham10000,ISIC_0024950,nv,HAM_0006493
0,0.2702997326850891,1,ham10000,ISIC_0029714,nv,HAM_0006494
0,0.37525492906570435,1,ham10000,ISIC_0025215,nv,HAM_0006495
0,0.5945078730583191,1,ham10000,ISIC_0032579,nv,HAM_0006496
1,0.5816629528999329,1,ham10000,ISIC_0027302,mel,HAM_0006497
0,0.49353525042533875,1,ham10000,ISIC_0028446,nv,HAM_0006498
0,0.4717550277709961,1,ham10000,ISIC_0031027,nv,HAM_0006499
0,0.4699375033378601,1,ham10000,ISIC_0032479,nv,HAM_0006500
0,0.29103806614875793,1,ham10000,ISIC_0025873,vasc,HAM_0006501
0,0.3497009873390198,1,ham10000,ISIC_0029312,nv,HAM_0006502
0,0.3632049560546875,1,ham10000,ISIC_0032217,nv,HAM_0006503
0,0.4866848886013031,1,ham10000,ISIC_0031098,nv,HAM_0006504
0,0.5572004914283752,1,ham10000,ISIC_0031343,nv,HAM_0006505
0,0.5035001039505005,1,ham10000,ISIC_0028408,nv,HAM_0006506
0,0.5168803334236145,1,ham10000,ISIC_0026585,nv,HAM_0006507
0,0.07054959237575531,0,ham10000,ISIC_0030342,nv,HAM_0006508
0,0.2687482535839081,1,ham10000,ISIC_0025733,nv,HAM_0006509
0,0.6408302783966064,1,ham10000,ISIC_0029828,nv,HAM_0006510
0,0.42842036485671997,1,ham10000,ISIC_0029892,nv,HAM_0006511
0,0.6635726690292358,1,ham10000,ISIC_0027614,nv,HAM_0006512
0,0.7050654292106628,1,ham10000,ISIC_0030783,bkl,HAM_0006513
0,0.36858731508255005,1,ham10000,ISIC_0026559,nv,HAM_0006514
0,0.5217068195343018,1,ham10000,ISIC_0025828,nv,HAM_0006515
0,0.7318816781044006,1,ham10000,ISIC_0033315,nv,HAM_0006516
1,0.7160801291465759,1,ham10000,ISIC_0032672,mel,HAM_0006517
0,0.3706440031528473,1,ham10000,ISIC_0027618,nv,HAM_0006518
0,0.22183847427368164,1,ham10000,ISIC_0025258,nv,HAM_0006519
0,0.724556565284729,1,ham10000,ISIC_0032767,nv,HAM_0006520
1,0.6581228971481323,1,ham10000,ISIC_0025155,mel,HAM_0006521
1,0.6432652473449707,1,ham10000,ISIC_0026369,mel,HAM_0006522
0,0.3662266731262207,1,ham10000,ISIC_0027919,nv,HAM_0006523
1,0.49978575110435486,1,ham10000,ISIC_0024763,akiec,HAM_0006524
0,0.23774436116218567,1,ham10000,ISIC_0027018,bkl,HAM_0006525
0,0.5570683479309082,1,ham10000,ISIC_0026671,nv,HAM_0006526
1,0.48556432127952576,1,ham10000,ISIC_0029094,mel,HAM_0006527
0,0.690169632434845,1,ham10000,ISIC_0032763,bkl,HAM_0006528
0,0.6771014332771301,1,ham10000,ISIC_0024695,nv,HAM_0006529
0,0.31005483865737915,1,ham10000,ISIC_0029686,nv,HAM_0006530
0,0.5368796586990356,1,ham10000,ISIC_0027681,bkl,HAM_0006531
0,0.46781396865844727,1,ham10000,ISIC_0026435,nv,HAM_0006532
0,0.5442233085632324,1,ham10000,ISIC_0028497,bkl,HAM_0006533
0,0.22780293226242065,1,ham10000,ISIC_0028778,nv,HAM_0006534
0,0.3902554512023926,1,ham10000,ISIC_0032069,nv,HAM_0006535
0,0.5601061582565308,1,ham10000,ISIC_0032171,nv,HAM_0006536
0,0.4960196018218994,1,ham10000,ISIC_0029815,nv,HAM_0006537
1,0.5847946405410767,1,ham10000,ISIC_0029397,mel,HAM_0006538
0,0.6764325499534607,1,ham10000,ISIC_0032516,nv,HAM_0006539
1,0.8221109509468079,1,ham10000,ISIC_0032988,mel,HAM_0006540
0,0.5350410342216492,1,ham10000,ISIC_0024883,bkl,HAM_0006541
0,0.6993935108184814,1,ham10000,ISIC_0030015,df,HAM_0006542
0,0.459677517414093,1,ham10000,ISIC_0026096,nv,HAM_0006543
0,0.5170488357543945,1,ham10000,ISIC_0031881,nv,HAM_0006544
1,0.5475859045982361,1,ham10000,ISIC_0032598,mel,HAM_0006545
0,0.4713338613510132,1,ham10000,ISIC_0030413,nv,HAM_0006546
0,0.6823217868804932,1,ham10000,ISIC_0027258,nv,HAM_0006547
1,0.7310110330581665,1,ham10000,ISIC_0030010,bcc,HAM_0006548
0,0.6968681812286377,1,ham10000,ISIC_0033007,nv,HAM_0006550
0,0.27274394035339355,1,ham10000,ISIC_0027970,nv,HAM_0006551
0,0.2791006863117218,1,ham10000,ISIC_0024531,nv,HAM_0006552
0,0.543362021446228,1,ham10000,ISIC_0026942,nv,HAM_0006553
0,0.589705765247345,1,ham10000,ISIC_0028866,nv,HAM_0006554
0,0.5036453008651733,1,ham10000,ISIC_0030405,nv,HAM_0006555
1,0.7003755569458008,1,ham10000,ISIC_0027402,mel,HAM_0006556
0,0.38983818888664246,1,ham10000,ISIC_0025334,nv,HAM_0006557
0,0.8204954862594604,1,ham10000,ISIC_0031639,bkl,HAM_0006558
0,0.6724334955215454,1,ham10000,ISIC_0033455,nv,HAM_0006559
1,0.7441990375518799,1,ham10000,ISIC_0026729,akiec,HAM_0006560
0,0.0891270637512207,0,ham10000,ISIC_0026612,nv,HAM_0006561
0,0.3547244369983673,1,ham10000,ISIC_0031084,nv,HAM_0006562
0,0.47070130705833435,1,ham10000,ISIC_0026477,bkl,HAM_0006563
1,0.6470795273780823,1,ham10000,ISIC_0031721,bcc,HAM_0006564
0,0.5705617070198059,1,ham10000,ISIC_0027489,nv,HAM_0006565
1,0.8474746346473694,1,ham10000,ISIC_0032535,mel,HAM_0006566
0,0.6454904079437256,1,ham10000,ISIC_0032649,nv,HAM_0006567
0,0.4243374466896057,1,ham10000,ISIC_0025615,nv,HAM_0006568
0,0.42275455594062805,1,ham10000,ISIC_0030483,nv,HAM_0006569
0,0.6399801969528198,1,ham10000,ISIC_0030343,nv,HAM_0006570
0,0.3610588014125824,1,ham10000,ISIC_0025418,nv,HAM_0006571
1,0.8613951802253723,1,ham10000,ISIC_0026091,bcc,HAM_0006572
0,0.46444475650787354,1,ham10000,ISIC_0026918,nv,HAM_0006573
0,0.49620938301086426,1,ham10000,ISIC_0025567,bkl,HAM_0006574
1,0.7819625735282898,1,ham10000,ISIC_0029391,bcc,HAM_0006575
0,0.3376965820789337,1,ham10000,ISIC_0024606,nv,HAM_0006576
0,0.3290936350822449,1,ham10000,ISIC_0030671,nv,HAM_0006578
0,0.025346774607896805,0,ham10000,ISIC_0030668,nv,HAM_0006579
0,0.6719304323196411,1,ham10000,ISIC_0025376,bkl,HAM_0006580
0,0.4326009750366211,1,ham10000,ISIC_0026231,nv,HAM_0006581
0,0.5341286659240723,1,ham10000,ISIC_0029487,nv,HAM_0006582
0,0.661254346370697,1,ham10000,ISIC_0026177,nv,HAM_0006583
0,0.5038356184959412,1,ham10000,ISIC_0024983,nv,HAM_0006584
0,0.179351806640625,0,ham10000,ISIC_0024455,nv,HAM_0006585
1,0.847017228603363,1,ham10000,ISIC_0034026,bcc,HAM_0006586
1,0.4278319478034973,1,ham10000,ISIC_0025780,akiec,HAM_0006587
1,0.7476634979248047,1,ham10000,ISIC_0031552,bcc,HAM_0006588
0,0.5361526012420654,1,ham10000,ISIC_0031187,nv,HAM_0006589
0,0.361459344625473,1,ham10000,ISIC_0029694,nv,HAM_0006590
0,0.4118955135345459,1,ham10000,ISIC_0030678,nv,HAM_0006591
1,0.4761946201324463,1,ham10000,ISIC_0024925,akiec,HAM_0006592
1,0.6876768469810486,1,ham10000,ISIC_0025708,mel,HAM_0006593
1,0.6325565576553345,1,ham10000,ISIC_0025195,mel,HAM_0006594
0,0.7343142628669739,1,ham10000,ISIC_0028223,bkl,HAM_0006595
0,0.7084064483642578,1,ham10000,ISIC_0027005,nv,HAM_0006596
0,0.12076211720705032,0,ham10000,ISIC_0028657,nv,HAM_0006597
0,0.5796113610267639,1,ham10000,ISIC_0024508,nv,HAM_0006598
0,0.47301560640335083,1,ham10000,ISIC_0025141,nv,HAM_0006599
0,0.3593595325946808,1,ham10000,ISIC_0028891,nv,HAM_0006600
0,0.5668817758560181,1,ham10000,ISIC_0031511,bkl,HAM_0006601
0,0.34516942501068115,1,ham10000,ISIC_0026598,nv,HAM_0006602
1,0.554739773273468,1,ham10000,ISIC_0030821,akiec,HAM_0006604
0,0.6134345531463623,1,ham10000,ISIC_0026055,nv,HAM_0006605
0,0.29116034507751465,1,ham10000,ISIC_0028794,nv,HAM_0006606
0,0.2642751932144165,1,ham10000,ISIC_0026985,nv,HAM_0006607
0,0.581969678401947,1,ham10000,ISIC_0025491,nv,HAM_0006608
1,0.6845450401306152,1,ham10000,ISIC_0031266,bcc,HAM_0006609
0,0.7304489016532898,1,ham10000,ISIC_0033250,nv,HAM_0006610
0,0.5431653261184692,1,ham10000,ISIC_0028985,nv,HAM_0006611
0,0.48651447892189026,1,ham10000,ISIC_0031426,nv,HAM_0006612
0,0.6152929067611694,1,ham10000,ISIC_0031894,nv,HAM_0006613
0,0.2841353416442871,1,ham10000,ISIC_0027927,nv,HAM_0006614
0,0.6491022706031799,1,ham10000,ISIC_0032780,nv,HAM_0006615
0,0.6466792821884155,1,ham10000,ISIC_0031794,nv,HAM_0006616
0,0.5102043747901917,1,ham10000,ISIC_0024669,vasc,HAM_0006617
0,0.6915013790130615,1,ham10000,ISIC_0028804,nv,HAM_0006618
0,0.3812236189842224,1,ham10000,ISIC_0029983,nv,HAM_0006619
0,0.5406383872032166,1,ham10000,ISIC_0029378,nv,HAM_0006620
0,0.5879578590393066,1,ham10000,ISIC_0026649,nv,HAM_0006621
0,0.23934610188007355,1,ham10000,ISIC_0025939,bkl,HAM_0006622
0,0.6460279822349548,1,ham10000,ISIC_0033404,nv,HAM_0006623
1,0.6496891379356384,1,ham10000,ISIC_0027595,bcc,HAM_0006624
0,0.37295642495155334,1,ham10000,ISIC_0034043,nv,HAM_0006625
1,0.7533518075942993,1,ham10000,ISIC_0029914,mel,HAM_0006626
0,0.22656135261058807,1,ham10000,ISIC_0029511,nv,HAM_0006627
0,0.7108519077301025,1,ham10000,ISIC_0033111,nv,HAM_0006628
0,0.4892016053199768,1,ham10000,ISIC_0025689,nv,HAM_0006629
0,0.7835847735404968,1,ham10000,ISIC_0032063,bkl,HAM_0006630
1,0.11443207412958145,0,ham10000,ISIC_0027814,bcc,HAM_0006631
0,0.2934868633747101,1,ham10000,ISIC_0026196,nv,HAM_0006632
0,0.5157548785209656,1,ham10000,ISIC_0028598,nv,HAM_0006633
0,0.5161291360855103,1,ham10000,ISIC_0033227,nv,HAM_0006634
1,0.7469116449356079,1,ham10000,ISIC_0028900,mel,HAM_0006635
1,0.7863866090774536,1,ham10000,ISIC_0028051,mel,HAM_0006636
0,0.3171311020851135,1,ham10000,ISIC_0033435,nv,HAM_0006637
0,0.27108585834503174,1,ham10000,ISIC_0025220,nv,HAM_0006638
0,0.2948307394981384,1,ham10000,ISIC_0028733,nv,HAM_0006639
0,0.4837369918823242,1,ham10000,ISIC_0029551,nv,HAM_0006640
0,0.35842329263687134,1,ham10000,ISIC_0026659,nv,HAM_0006641
0,0.4911707043647766,1,ham10000,ISIC_0030916,nv,HAM_0006642
0,0.539297878742218,1,ham10000,ISIC_0033982,nv,HAM_0006643
0,0.29865729808807373,1,ham10000,ISIC_0033882,nv,HAM_0006644
0,0.6230019330978394,1,ham10000,ISIC_0024818,nv,HAM_0006645
0,0.4594661593437195,1,ham10000,ISIC_0030320,nv,HAM_0006646
0,0.3398512899875641,1,ham10000,ISIC_0030895,nv,HAM_0006647
0,0.21224971115589142,0,ham10000,ISIC_0027981,nv,HAM_0006648
0,0.4102669358253479,1,ham10000,ISIC_0031995,nv,HAM_0006649
0,0.3597331643104553,1,ham10000,ISIC_0032502,nv,HAM_0006650
1,0.8730641603469849,1,ham10000,ISIC_0032182,mel,HAM_0006651
0,0.5740538239479065,1,ham10000,ISIC_0030123,bkl,HAM_0006652
0,0.48671603202819824,1,ham10000,ISIC_0025320,nv,HAM_0006653
0,0.7394204139709473,1,ham10000,ISIC_0032556,bkl,HAM_0006654
0,0.5779836177825928,1,ham10000,ISIC_0025994,nv,HAM_0006655
0,0.3142247796058655,1,ham10000,ISIC_0028192,nv,HAM_0006656
0,0.25986248254776,1,ham10000,ISIC_0030541,nv,HAM_0006657
1,0.6935590505599976,1,ham10000,ISIC_0026154,bcc,HAM_0006658
0,0.19836445152759552,0,ham10000,ISIC_0028160,nv,HAM_0006659
0,0.49601268768310547,1,ham10000,ISIC_0025055,nv,HAM_0006660
0,0.3859996497631073,1,ham10000,ISIC_0026465,nv,HAM_0006661
0,0.5391046404838562,1,ham10000,ISIC_0030457,nv,HAM_0006662
0,0.39494743943214417,1,ham10000,ISIC_0033201,bkl,HAM_0006663
0,0.6109819412231445,1,ham10000,ISIC_0029833,nv,HAM_0006664
0,0.14023861289024353,0,ham10000,ISIC_0030775,nv,HAM_0006665
0,0.7622677683830261,1,ham10000,ISIC_0032908,nv,HAM_0006666
0,0.39729630947113037,1,ham10000,ISIC_0031744,nv,HAM_0006667
0,0.35009536147117615,1,ham10000,ISIC_0027808,nv,HAM_0006668
0,0.5692629814147949,1,ham10000,ISIC_0026137,nv,HAM_0006669
0,0.6445797085762024,1,ham10000,ISIC_0027335,bkl,HAM_0006670
0,0.5015771389007568,1,ham10000,ISIC_0027843,nv,HAM_0006671
0,0.34831368923187256,1,ham10000,ISIC_0029096,nv,HAM_0006672
0,0.37466248869895935,1,ham10000,ISIC_0032719,bkl,HAM_0006673
0,0.47217604517936707,1,ham10000,ISIC_0029280,nv,HAM_0006674
0,0.7115107774734497,1,ham10000,ISIC_0032846,nv,HAM_0006675
0,0.3000229597091675,1,ham10000,ISIC_0026221,nv,HAM_0006676
0,0.28915953636169434,1,ham10000,ISIC_0025426,nv,HAM_0006677
0,0.49365609884262085,1,ham10000,ISIC_0028727,nv,HAM_0006678
0,0.4127277731895447,1,ham10000,ISIC_0031267,nv,HAM_0006679
0,0.41841432452201843,1,ham10000,ISIC_0028458,nv,HAM_0006680
0,0.32906436920166016,1,ham10000,ISIC_0030219,nv,HAM_0006681
0,0.23415464162826538,1,ham10000,ISIC_0027778,nv,HAM_0006682
0,0.09178312867879868,0,ham10000,ISIC_0031139,nv,HAM_0006683
0,0.40190261602401733,1,ham10000,ISIC_0029614,nv,HAM_0006684
0,0.634352445602417,1,ham10000,ISIC_0025542,nv,HAM_0006685
0,0.3408079743385315,1,ham10000,ISIC_0028292,nv,HAM_0006686
0,0.30810296535491943,1,ham10000,ISIC_0031273,nv,HAM_0006687
0,0.5900959968566895,1,ham10000,ISIC_0030699,nv,HAM_0006688
0,0.449785053730011,1,ham10000,ISIC_0024493,nv,HAM_0006689
0,0.28131720423698425,1,ham10000,ISIC_0028942,nv,HAM_0006690
0,0.5809485912322998,1,ham10000,ISIC_0030797,nv,HAM_0006691
1,0.6409714221954346,1,ham10000,ISIC_0029163,mel,HAM_0006692
0,0.5429243445396423,1,ham10000,ISIC_0024462,nv,HAM_0006693
0,0.4806058406829834,1,ham10000,ISIC_0029657,nv,HAM_0006694
0,0.317180335521698,1,ham10000,ISIC_0029224,nv,HAM_0006695
1,0.6999948620796204,1,ham10000,ISIC_0026094,mel,HAM_0006696
0,0.32427412271499634,1,ham10000,ISIC_0030272,bkl,HAM_0006697
0,0.2811605930328369,1,ham10000,ISIC_0026771,nv,HAM_0006698
1,0.36565855145454407,1,ham10000,ISIC_0024571,mel,HAM_0006699
0,0.405954509973526,1,ham10000,ISIC_0032659,nv,HAM_0006700
0,0.12578469514846802,0,ham10000,ISIC_0029310,nv,HAM_0006701
0,0.38336172699928284,1,ham10000,ISIC_0030580,nv,HAM_0006702
0,0.35141393542289734,1,ham10000,ISIC_0031833,nv,HAM_0006703
0,0.5333994626998901,1,ham10000,ISIC_0025464,nv,HAM_0006704
0,0.4927622377872467,1,ham10000,ISIC_0024840,nv,HAM_0006705
0,0.642548680305481,1,ham10000,ISIC_0031725,nv,HAM_0006706
0,0.5516217947006226,1,ham10000,ISIC_0030870,df,HAM_0006707
1,0.8702311515808105,1,ham10000,ISIC_0027189,bcc,HAM_0006708
0,0.6928718686103821,1,ham10000,ISIC_0031158,nv,HAM_0006709
0,0.31431758403778076,1,ham10000,ISIC_0028324,nv,HAM_0006710
0,0.6466680765151978,1,ham10000,ISIC_0027010,nv,HAM_0006711
0,0.1730298548936844,0,ham10000,ISIC_0025072,nv,HAM_0006712
0,0.37904587388038635,1,ham10000,ISIC_0030527,nv,HAM_0006713
0,0.18870215117931366,0,ham10000,ISIC_0029850,nv,HAM_0006714
0,0.6324110627174377,1,ham10000,ISIC_0025161,nv,HAM_0006715
0,0.05710415169596672,0,ham10000,ISIC_0024434,nv,HAM_0006716
0,0.25775811076164246,1,ham10000,ISIC_0027890,nv,HAM_0006717
0,0.26699018478393555,1,ham10000,ISIC_0026763,nv,HAM_0006718
0,0.30084481835365295,1,ham10000,ISIC_0027409,nv,HAM_0006719
0,0.4317898750305176,1,ham10000,ISIC_0024725,nv,HAM_0006720
1,0.7442923784255981,1,ham10000,ISIC_0030443,mel,HAM_0006722
0,0.6601758599281311,1,ham10000,ISIC_0026365,bkl,HAM_0006723
0,0.2680845260620117,1,ham10000,ISIC_0026022,nv,HAM_0006725
0,0.4904235303401947,1,ham10000,ISIC_0027736,nv,HAM_0006726
1,0.6742629408836365,1,ham10000,ISIC_0024582,bcc,HAM_0006727
0,0.28324243426322937,1,ham10000,ISIC_0031365,nv,HAM_0006728
0,0.30495092272758484,1,ham10000,ISIC_0031790,nv,HAM_0006729
0,0.4414478838443756,1,ham10000,ISIC_0025657,nv,HAM_0006730
0,0.31018194556236267,1,ham10000,ISIC_0026683,nv,HAM_0006731
0,0.7805489301681519,1,ham10000,ISIC_0024336,bkl,HAM_0006732
0,0.22556449472904205,1,ham10000,ISIC_0024804,nv,HAM_0006733
0,0.5575401782989502,1,ham10000,ISIC_0029794,nv,HAM_0006734
0,0.7475506067276001,1,ham10000,ISIC_0029615,nv,HAM_0006735
0,0.37234535813331604,1,ham10000,ISIC_0024492,nv,HAM_0006736
0,0.6193153262138367,1,ham10000,ISIC_0029302,bkl,HAM_0006737
0,0.46977296471595764,1,ham10000,ISIC_0029374,nv,HAM_0006738
1,0.599587619304657,1,ham10000,ISIC_0028901,mel,HAM_0006739
0,0.3717937767505646,1,ham10000,ISIC_0025886,nv,HAM_0006741
0,0.6819134950637817,1,ham10000,ISIC_0024813,nv,HAM_0006742
0,0.1583692878484726,0,ham10000,ISIC_0030055,nv,HAM_0006743
1,0.5233081579208374,1,ham10000,ISIC_0031561,mel,HAM_0006744
0,0.35566651821136475,1,ham10000,ISIC_0026363,nv,HAM_0006745
1,0.7092294096946716,1,ham10000,ISIC_0026872,akiec,HAM_0006746
0,0.5795961618423462,1,ham10000,ISIC_0029223,nv,HAM_0006747
0,0.7033144235610962,1,ham10000,ISIC_0025924,vasc,HAM_0006748
0,0.18929174542427063,0,ham10000,ISIC_0029198,nv,HAM_0006749
1,0.8115993142127991,1,ham10000,ISIC_0024400,mel,HAM_0006751
0,0.23588265478610992,1,ham10000,ISIC_0031842,nv,HAM_0006752
0,0.21695050597190857,1,ham10000,ISIC_0028073,nv,HAM_0006753
0,0.642997682094574,1,ham10000,ISIC_0029664,nv,HAM_0006754
0,0.8185105919837952,1,ham10000,ISIC_0025339,bkl,HAM_0006755
0,0.11051096767187119,0,ham10000,ISIC_0026037,nv,HAM_0006756
0,0.5176051259040833,1,ham10000,ISIC_0024497,nv,HAM_0006757
0,0.2716503441333771,1,ham10000,ISIC_0029234,nv,HAM_0006758
0,0.06812839955091476,0,ham10000,ISIC_0030254,nv,HAM_0006759
0,0.6709945201873779,1,ham10000,ISIC_0031559,nv,HAM_0006760
0,0.1405976116657257,0,ham10000,ISIC_0029866,nv,HAM_0006761
0,0.2943818271160126,1,ham10000,ISIC_0029467,nv,HAM_0006762
1,0.6055634021759033,1,ham10000,ISIC_0034005,mel,HAM_0006763
1,0.5727745890617371,1,ham10000,ISIC_0024647,mel,HAM_0006764
1,0.6811121106147766,1,ham10000,ISIC_0029352,bcc,HAM_0006765
0,0.583827555179596,1,ham10000,ISIC_0033374,nv,HAM_0006766
0,0.510127067565918,1,ham10000,ISIC_0031033,nv,HAM_0006767
0,0.052088119089603424,0,ham10000,ISIC_0028284,nv,HAM_0006768
0,0.7219858765602112,1,ham10000,ISIC_0030721,bkl,HAM_0006769
0,0.6729624271392822,1,ham10000,ISIC_0027905,bkl,HAM_0006770
0,0.478724867105484,1,ham10000,ISIC_0030624,nv,HAM_0006771
0,0.28036850690841675,1,ham10000,ISIC_0026135,bkl,HAM_0006772
0,0.4474005401134491,1,ham10000,ISIC_0026680,nv,HAM_0006773
0,0.25080618262290955,1,ham10000,ISIC_0025256,nv,HAM_0006774
0,0.26406657695770264,1,ham10000,ISIC_0028661,nv,HAM_0006776
0,0.32504943013191223,1,ham10000,ISIC_0028181,nv,HAM_0006777
0,0.5060048699378967,1,ham10000,ISIC_0030617,nv,HAM_0006778
1,0.497296005487442,1,ham10000,ISIC_0028860,mel,HAM_0006779
0,0.4081588387489319,1,ham10000,ISIC_0031021,nv,HAM_0006780
0,0.21953646838665009,1,ham10000,ISIC_0025765,nv,HAM_0006781
0,0.3403834402561188,1,ham10000,ISIC_0032581,nv,HAM_0006782
0,0.499702513217926,1,ham10000,ISIC_0025624,nv,HAM_0006783
0,0.37421756982803345,1,ham10000,ISIC_0025486,nv,HAM_0006784
0,0.41339948773384094,1,ham10000,ISIC_0026169,nv,HAM_0006785
0,0.5411012768745422,1,ham10000,ISIC_0029436,nv,HAM_0006786
0,0.6540048122406006,1,ham10000,ISIC_0026471,df,HAM_0006787
0,0.37567034363746643,1,ham10000,ISIC_0026482,nv,HAM_0006788
0,0.2585395574569702,1,ham10000,ISIC_0024976,nv,HAM_0006789
0,0.6323071718215942,1,ham10000,ISIC_0028625,nv,HAM_0006790
0,0.5234968066215515,1,ham10000,ISIC_0025514,nv,HAM_0006791
0,0.3755545914173126,1,ham10000,ISIC_0026460,nv,HAM_0006792
0,0.6412466764450073,1,ham10000,ISIC_0030796,nv,HAM_0006793
0,0.5096215605735779,1,ham10000,ISIC_0030830,df,HAM_0006794
0,0.26484474539756775,1,ham10000,ISIC_0031892,nv,HAM_0006795
0,0.2354319542646408,1,ham10000,ISIC_0025707,vasc,HAM_0006796
0,0.16181780397891998,0,ham10000,ISIC_0025754,nv,HAM_0006797
0,0.25968244671821594,1,ham10000,ISIC_0024685,nv,HAM_0006798
0,0.5107411742210388,1,ham10000,ISIC_0032677,nv,HAM_0006799
1,0.8227406144142151,1,ham10000,ISIC_0029747,bcc,HAM_0006800
0,0.7079089879989624,1,ham10000,ISIC_0032570,bkl,HAM_0006801
1,0.543811023235321,1,ham10000,ISIC_0032610,mel,HAM_0006802
1,0.7202973365783691,1,ham10000,ISIC_0024545,mel,HAM_0006803
0,0.3699890077114105,1,ham10000,ISIC_0028341,nv,HAM_0006804
0,0.3549017906188965,1,ham10000,ISIC_0029772,nv,HAM_0006805
0,0.278530478477478,1,ham10000,ISIC_0026681,nv,HAM_0006806
0,0.5031536221504211,1,ham10000,ISIC_0031341,nv,HAM_0006807
0,0.15708942711353302,0,ham10000,ISIC_0027438,nv,HAM_0006808
0,0.43766579031944275,1,ham10000,ISIC_0031690,nv,HAM_0006809
0,0.6707471609115601,1,ham10000,ISIC_0030546,nv,HAM_0006810
0,0.48464614152908325,1,ham10000,ISIC_0024794,nv,HAM_0006811
0,0.604222297668457,1,ham10000,ISIC_0024637,nv,HAM_0006812
0,0.6210747361183167,1,ham10000,ISIC_0033167,nv,HAM_0006813
0,0.3613920509815216,1,ham10000,ISIC_0032264,nv,HAM_0006814
0,0.6052731871604919,1,ham10000,ISIC_0026254,df,HAM_0006816
0,0.47754189372062683,1,ham10000,ISIC_0030269,nv,HAM_0006817
0,0.08129967004060745,0,ham10000,ISIC_0031723,nv,HAM_0006818
0,0.5010146498680115,1,ham10000,ISIC_0025590,nv,HAM_0006819
0,0.2050524652004242,0,ham10000,ISIC_0025460,nv,HAM_0006820
0,0.5549483299255371,1,ham10000,ISIC_0027535,nv,HAM_0006821
0,0.666546106338501,1,ham10000,ISIC_0030350,nv,HAM_0006822
1,0.8274692893028259,1,ham10000,ISIC_0032958,mel,HAM_0006824
0,0.2694430351257324,1,ham10000,ISIC_0030997,nv,HAM_0006825
0,0.5001211762428284,1,ham10000,ISIC_0025129,nv,HAM_0006826
0,0.7023728489875793,1,ham10000,ISIC_0031702,bkl,HAM_0006827
1,0.6487672924995422,1,ham10000,ISIC_0031977,mel,HAM_0006828
0,0.17896278202533722,0,ham10000,ISIC_0024619,nv,HAM_0006829
0,0.45757076144218445,1,ham10000,ISIC_0032285,nv,HAM_0006830
0,0.4181080162525177,1,ham10000,ISIC_0030545,nv,HAM_0006831
1,0.8619752526283264,1,ham10000,ISIC_0028915,mel,HAM_0006832
1,0.5657893419265747,1,ham10000,ISIC_0030512,mel,HAM_0006833
1,0.7666631937026978,1,ham10000,ISIC_0027526,bcc,HAM_0006834
0,0.17431345582008362,0,ham10000,ISIC_0026577,nv,HAM_0006835
0,0.2986462116241455,1,ham10000,ISIC_0025678,nv,HAM_0006836
0,0.6666138768196106,1,ham10000,ISIC_0025834,nv,HAM_0006837
0,0.3268263041973114,1,ham10000,ISIC_0028506,nv,HAM_0006838
0,0.36056220531463623,1,ham10000,ISIC_0028683,nv,HAM_0006839
0,0.33036983013153076,1,ham10000,ISIC_0025844,nv,HAM_0006840
0,0.1814131885766983,0,ham10000,ISIC_0026102,nv,HAM_0006841
0,0.011174894869327545,0,ham10000,ISIC_0030728,nv,HAM_0006842
1,0.7552810311317444,1,ham10000,ISIC_0024457,bcc,HAM_0006843
1,0.6972159147262573,1,ham10000,ISIC_0028688,bcc,HAM_0006844
0,0.21358250081539154,0,ham10000,ISIC_0030170,nv,HAM_0006845
0,0.47560349106788635,1,ham10000,ISIC_0027199,nv,HAM_0006846
0,0.37640082836151123,1,ham10000,ISIC_0025095,nv,HAM_0006847
0,0.2980835437774658,1,ham10000,ISIC_0031129,nv,HAM_0006848
0,0.5192369818687439,1,ham10000,ISIC_0028189,nv,HAM_0006849
0,0.2531319558620453,1,ham10000,ISIC_0030186,nv,HAM_0006850
1,0.8066018223762512,1,ham10000,ISIC_0031976,bcc,HAM_0006851
0,0.1329086720943451,0,ham10000,ISIC_0032715,vasc,HAM_0006852
0,0.7088573575019836,1,ham10000,ISIC_0031143,nv,HAM_0006853
0,0.6485270857810974,1,ham10000,ISIC_0030842,nv,HAM_0006855
0,0.6805459856987,1,ham10000,ISIC_0025909,nv,HAM_0006856
0,0.6154671311378479,1,ham10000,ISIC_0033210,nv,HAM_0006857
0,0.3957492411136627,1,ham10000,ISIC_0031751,nv,HAM_0006858
0,0.4032924175262451,1,ham10000,ISIC_0032321,nv,HAM_0006859
0,0.3449096977710724,1,ham10000,ISIC_0032500,nv,HAM_0006860
0,0.6148940324783325,1,ham10000,ISIC_0031216,nv,HAM_0006861
0,0.46558961272239685,1,ham10000,ISIC_0025296,nv,HAM_0006862
0,0.6028308868408203,1,ham10000,ISIC_0030907,nv,HAM_0006863
0,0.4632273018360138,1,ham10000,ISIC_0030045,nv,HAM_0006864
0,0.5596337914466858,1,ham10000,ISIC_0029842,nv,HAM_0006865
0,0.2607143819332123,1,ham10000,ISIC_0030713,nv,HAM_0006866
0,0.3842330873012543,1,ham10000,ISIC_0032147,nv,HAM_0006867
0,0.39605528116226196,1,ham10000,ISIC_0031050,bkl,HAM_0006868
0,0.5920454859733582,1,ham10000,ISIC_0032558,nv,HAM_0006869
1,0.4594894349575043,1,ham10000,ISIC_0027793,mel,HAM_0006870
0,0.25864917039871216,1,ham10000,ISIC_0026836,nv,HAM_0006871
1,0.7009890079498291,1,ham10000,ISIC_0024345,bcc,HAM_0006872
0,0.655725359916687,1,ham10000,ISIC_0033566,nv,HAM_0006873
0,0.42322662472724915,1,ham10000,ISIC_0025017,nv,HAM_0006874
1,0.7780213952064514,1,ham10000,ISIC_0026575,akiec,HAM_0006875
0,0.730569064617157,1,ham10000,ISIC_0032460,bkl,HAM_0006876
1,0.3618188500404358,1,ham10000,ISIC_0028227,mel,HAM_0006877
1,0.6361241340637207,1,ham10000,ISIC_0029573,akiec,HAM_0006879
0,0.1180516704916954,0,ham10000,ISIC_0029672,nv,HAM_0006880
0,0.49168267846107483,1,ham10000,ISIC_0025798,nv,HAM_0006881
0,0.6212572455406189,1,ham10000,ISIC_0032910,nv,HAM_0006882
0,0.5408228635787964,1,ham10000,ISIC_0032619,nv,HAM_0006883
0,0.6503900289535522,1,ham10000,ISIC_0029459,nv,HAM_0006884
0,0.5280935764312744,1,ham10000,ISIC_0027938,nv,HAM_0006885
1,0.7592247724533081,1,ham10000,ISIC_0032823,mel,HAM_0006886
1,0.5999057292938232,1,ham10000,ISIC_0029500,akiec,HAM_0006887
0,0.20401693880558014,0,ham10000,ISIC_0026146,nv,HAM_0006888
0,0.26621150970458984,1,ham10000,ISIC_0031197,vasc,HAM_0006889
0,0.12576133012771606,0,ham10000,ISIC_0031983,nv,HAM_0006890
0,0.23071256279945374,1,ham10000,ISIC_0031367,nv,HAM_0006891
0,0.33865484595298767,1,ham10000,ISIC_0031444,nv,HAM_0006892
1,0.708942711353302,1,ham10000,ISIC_0027084,akiec,HAM_0006893
0,0.2943522334098816,1,ham10000,ISIC_0029503,nv,HAM_0006894
0,0.48396873474121094,1,ham10000,ISIC_0030146,nv,HAM_0006895
1,0.6006322503089905,1,ham10000,ISIC_0024911,mel,HAM_0006896
0,0.31569188833236694,1,ham10000,ISIC_0028475,nv,HAM_0006897
1,0.7537320256233215,1,ham10000,ISIC_0029041,akiec,HAM_0006898
1,0.4116477072238922,1,ham10000,ISIC_0025128,mel,HAM_0006899
1,0.6010567545890808,1,ham10000,ISIC_0030080,mel,HAM_0006900
0,0.4374747574329376,1,ham10000,ISIC_0026700,nv,HAM_0006901
1,0.5979124903678894,1,ham10000,ISIC_0031506,akiec,HAM_0006902
0,0.3476007580757141,1,ham10000,ISIC_0031487,nv,HAM_0006903
1,0.4988197684288025,1,ham10000,ISIC_0027281,bcc,HAM_0006904
0,0.48040494322776794,1,ham10000,ISIC_0030451,nv,HAM_0006905
0,0.2123587727546692,0,ham10000,ISIC_0031254,nv,HAM_0006906
0,0.46334221959114075,1,ham10000,ISIC_0027953,bkl,HAM_0006907
1,0.8417070508003235,1,ham10000,ISIC_0025904,mel,HAM_0006908
0,0.3552565276622772,1,ham10000,ISIC_0031777,nv,HAM_0006909
0,0.47099265456199646,1,ham10000,ISIC_0028504,nv,HAM_0006910
0,0.2117861658334732,0,ham10000,ISIC_0025747,nv,HAM_0006911
0,0.48539185523986816,1,ham10000,ISIC_0026205,bkl,HAM_0006912
0,0.4876345694065094,1,ham10000,ISIC_0024683,nv,HAM_0006913
0,0.6911414861679077,1,ham10000,ISIC_0025254,nv,HAM_0006914
0,0.5210728049278259,1,ham10000,ISIC_0027439,nv,HAM_0006915
0,0.584562361240387,1,ham10000,ISIC_0026618,nv,HAM_0006916
0,0.41946941614151,1,ham10000,ISIC_0025861,nv,HAM_0006917
0,0.3751303553581238,1,ham10000,ISIC_0031491,nv,HAM_0006918
0,0.1080353632569313,0,ham10000,ISIC_0031724,nv,HAM_0006919
0,0.4013462960720062,1,ham10000,ISIC_0025432,nv,HAM_0006920
0,0.48641183972358704,1,ham10000,ISIC_0030603,nv,HAM_0006921
0,0.3845730125904083,1,ham10000,ISIC_0024807,nv,HAM_0006922
1,0.7731092572212219,1,ham10000,ISIC_0032592,mel,HAM_0006923
0,0.4941026568412781,1,ham10000,ISIC_0032065,nv,HAM_0006924
0,0.6973134279251099,1,ham10000,ISIC_0033338,nv,HAM_0006925
0,0.724746823310852,1,ham10000,ISIC_0030839,nv,HAM_0006926
0,0.14442415535449982,0,ham10000,ISIC_0026312,nv,HAM_0006927
0,0.543708086013794,1,ham10000,ISIC_0028097,nv,HAM_0006928
0,0.3655148446559906,1,ham10000,ISIC_0026542,nv,HAM_0006929
0,0.1922416388988495,0,ham10000,ISIC_0027818,nv,HAM_0006930
0,0.33810099959373474,1,ham10000,ISIC_0024588,nv,HAM_0006931
0,0.7419804334640503,1,ham10000,ISIC_0031192,nv,HAM_0006932
0,0.38833680748939514,1,ham10000,ISIC_0027594,nv,HAM_0006933
0,0.5349944233894348,1,ham10000,ISIC_0028287,nv,HAM_0006934
0,0.32037827372550964,1,ham10000,ISIC_0026628,nv,HAM_0006935
0,0.5696374177932739,1,ham10000,ISIC_0027729,nv,HAM_0006936
0,0.6415537595748901,1,ham10000,ISIC_0033613,bkl,HAM_0006938
0,0.19326238334178925,0,ham10000,ISIC_0031675,nv,HAM_0006939
1,0.6830987930297852,1,ham10000,ISIC_0027021,mel,HAM_0006940
0,0.6142252683639526,1,ham10000,ISIC_0025684,nv,HAM_0006941
1,0.5007342100143433,1,ham10000,ISIC_0027573,mel,HAM_0006942
0,0.49565383791923523,1,ham10000,ISIC_0027336,nv,HAM_0006943
0,0.45267003774642944,1,ham10000,ISIC_0030762,nv,HAM_0006944
0,0.43397822976112366,1,ham10000,ISIC_0026044,bkl,HAM_0006945
0,0.6523438096046448,1,ham10000,ISIC_0032614,vasc,HAM_0006946
0,0.3141346275806427,1,ham10000,ISIC_0031662,nv,HAM_0006947
0,0.5535926222801208,1,ham10000,ISIC_0026463,nv,HAM_0006948
0,0.121890589594841,0,ham10000,ISIC_0031886,nv,HAM_0006949
0,0.29199305176734924,1,ham10000,ISIC_0027215,nv,HAM_0006950
0,0.15839950740337372,0,ham10000,ISIC_0030482,nv,HAM_0006951
0,0.3404378592967987,1,ham10000,ISIC_0027543,nv,HAM_0006952
0,0.5396023988723755,1,ham10000,ISIC_0026175,nv,HAM_0006953
1,0.6534433960914612,1,ham10000,ISIC_0025105,mel,HAM_0006955
0,0.44400012493133545,1,ham10000,ISIC_0030547,nv,HAM_0006956
0,0.30692076683044434,1,ham10000,ISIC_0028402,nv,HAM_0006957
0,0.289150208234787,1,ham10000,ISIC_0029395,nv,HAM_0006958
0,0.5756362080574036,1,ham10000,ISIC_0032286,nv,HAM_0006959
0,0.2068268209695816,0,ham10000,ISIC_0027592,nv,HAM_0006960
0,0.5431446433067322,1,ham10000,ISIC_0031792,nv,HAM_0006961
0,0.2518937289714813,1,ham10000,ISIC_0025914,nv,HAM_0006962
0,0.23705177009105682,1,ham10000,ISIC_0032351,nv,HAM_0006963
1,0.595001220703125,1,ham10000,ISIC_0027163,mel,HAM_0006964
1,0.4249798655509949,1,ham10000,ISIC_0026475,mel,HAM_0006965
0,0.45013317465782166,1,ham10000,ISIC_0028614,nv,HAM_0006966
0,0.5530146360397339,1,ham10000,ISIC_0026295,nv,HAM_0006967
0,0.4342269003391266,1,ham10000,ISIC_0025340,nv,HAM_0006968
0,0.27546215057373047,1,ham10000,ISIC_0028007,nv,HAM_0006969
0,0.4064640998840332,1,ham10000,ISIC_0026059,nv,HAM_0006970
0,0.4997940957546234,1,ham10000,ISIC_0025185,nv,HAM_0006971
0,0.6455822587013245,1,ham10000,ISIC_0027051,nv,HAM_0006972
0,0.33763325214385986,1,ham10000,ISIC_0029377,nv,HAM_0006973
0,0.48671719431877136,1,ham10000,ISIC_0026541,nv,HAM_0006974
1,0.7215326428413391,1,ham10000,ISIC_0024967,mel,HAM_0006975
0,0.4006642997264862,1,ham10000,ISIC_0029689,nv,HAM_0006976
0,0.4148332476615906,1,ham10000,ISIC_0029456,nv,HAM_0006977
1,0.6573923826217651,1,ham10000,ISIC_0029316,mel,HAM_0006978
0,0.2813042402267456,1,ham10000,ISIC_0026605,nv,HAM_0006979
0,0.6165438294410706,1,ham10000,ISIC_0033715,nv,HAM_0006980
0,0.5427617430686951,1,ham10000,ISIC_0029451,nv,HAM_0006981
0,0.3624875843524933,1,ham10000,ISIC_0032071,nv,HAM_0006982
0,0.6173244118690491,1,ham10000,ISIC_0026147,nv,HAM_0006983
0,0.10320205241441727,0,ham10000,ISIC_0026894,nv,HAM_0006984
0,0.30389776825904846,1,ham10000,ISIC_0029131,nv,HAM_0006985
0,0.20056015253067017,0,ham10000,ISIC_0025071,nv,HAM_0006986
0,0.7363570332527161,1,ham10000,ISIC_0027649,bkl,HAM_0006987
0,0.6469489932060242,1,ham10000,ISIC_0024943,bkl,HAM_0006988
0,0.14494840800762177,0,ham10000,ISIC_0028729,nv,HAM_0006989
0,0.14259254932403564,0,ham10000,ISIC_0025480,nv,HAM_0006990
0,0.23964542150497437,1,ham10000,ISIC_0031840,nv,HAM_0006991
0,0.5135305523872375,1,ham10000,ISIC_0029829,nv,HAM_0006992
0,0.41196537017822266,1,ham10000,ISIC_0029206,bkl,HAM_0006993
0,0.3826816976070404,1,ham10000,ISIC_0026987,nv,HAM_0006994
0,0.1386583149433136,0,ham10000,ISIC_0025115,nv,HAM_0006995
0,0.1578536182641983,0,ham10000,ISIC_0027610,nv,HAM_0006996
0,0.47538578510284424,1,ham10000,ISIC_0028375,nv,HAM_0006997
0,0.5293726325035095,1,ham10000,ISIC_0030993,nv,HAM_0006998
0,0.3313579559326172,1,ham10000,ISIC_0027459,nv,HAM_0006999
0,0.6817357540130615,1,ham10000,ISIC_0026042,bkl,HAM_0007000
0,0.5528287291526794,1,ham10000,ISIC_0026573,nv,HAM_0007001
1,0.85941481590271,1,ham10000,ISIC_0027433,bcc,HAM_0007002
0,0.6025217771530151,1,ham10000,ISIC_0025638,nv,HAM_0007003
0,0.5772550702095032,1,ham10000,ISIC_0030525,nv,HAM_0007004
0,0.4270932078361511,1,ham10000,ISIC_0032568,nv,HAM_0007005
0,0.3617067039012909,1,ham10000,ISIC_0025497,nv,HAM_0007006
0,0.47123631834983826,1,ham10000,ISIC_0031665,nv,HAM_0007007
1,0.5278385877609253,1,ham10000,ISIC_0030036,akiec,HAM_0007008
1,0.448059618473053,1,ham10000,ISIC_0027146,bcc,HAM_0007009
0,0.5995208024978638,1,ham10000,ISIC_0025419,bkl,HAM_0007010
0,0.2752080261707306,1,ham10000,ISIC_0032493,nv,HAM_0007011
0,0.4346349239349365,1,ham10000,ISIC_0030865,nv,HAM_0007012
0,0.10134056210517883,0,ham10000,ISIC_0029544,nv,HAM_0007013
0,0.47831642627716064,1,ham10000,ISIC_0027498,nv,HAM_0007014
0,0.12093618512153625,0,ham10000,ISIC_0025760,nv,HAM_0007015
1,0.6806642413139343,1,ham10000,ISIC_0027838,mel,HAM_0007016
0,0.06636524200439453,0,ham10000,ISIC_0030838,nv,HAM_0007017
0,0.6662127375602722,1,ham10000,ISIC_0027006,bkl,HAM_0007018
1,0.46966466307640076,1,ham10000,ISIC_0029454,mel,HAM_0007019
0,0.3569798469543457,1,ham10000,ISIC_0030070,vasc,HAM_0007020
1,0.8076599836349487,1,ham10000,ISIC_0033477,mel,HAM_0007021
0,0.23986630141735077,1,ham10000,ISIC_0026364,nv,HAM_0007022
0,0.2697461247444153,1,ham10000,ISIC_0030642,nv,HAM_0007023
0,0.7162780165672302,1,ham10000,ISIC_0026553,bkl,HAM_0007024
0,0.3789461553096771,1,ham10000,ISIC_0029963,nv,HAM_0007025
0,0.31503891944885254,1,ham10000,ISIC_0027085,nv,HAM_0007026
0,0.48283514380455017,1,ham10000,ISIC_0026967,bkl,HAM_0007027
0,0.6432138681411743,1,ham10000,ISIC_0028851,nv,HAM_0007028
0,0.7819392681121826,1,ham10000,ISIC_0030608,bkl,HAM_0007029
0,0.5427188873291016,1,ham10000,ISIC_0026711,nv,HAM_0007030
1,0.5138290524482727,1,ham10000,ISIC_0025616,mel,HAM_0007031
1,0.8118169903755188,1,ham10000,ISIC_0033034,mel,HAM_0007032
0,0.18675720691680908,0,ham10000,ISIC_0032350,nv,HAM_0007033
0,0.3319365978240967,1,ham10000,ISIC_0029529,nv,HAM_0007034
0,0.3549235761165619,1,ham10000,ISIC_0030332,nv,HAM_0007035
0,0.539531946182251,1,ham10000,ISIC_0026655,nv,HAM_0007036
1,0.5513766407966614,1,ham10000,ISIC_0030375,akiec,HAM_0007037
1,0.5828474760055542,1,ham10000,ISIC_0032404,akiec,HAM_0007038
0,0.3377129137516022,1,ham10000,ISIC_0025202,nv,HAM_0007039
0,0.4791673421859741,1,ham10000,ISIC_0026946,nv,HAM_0007040
0,0.22421054542064667,1,ham10000,ISIC_0027341,nv,HAM_0007041
0,0.25018852949142456,1,ham10000,ISIC_0024754,nv,HAM_0007042
0,0.5522571802139282,1,ham10000,ISIC_0029135,bkl,HAM_0007043
0,0.47433221340179443,1,ham10000,ISIC_0024501,nv,HAM_0007044
0,0.12631414830684662,0,ham10000,ISIC_0032088,nv,HAM_0007045
0,0.6192075610160828,1,ham10000,ISIC_0027401,nv,HAM_0007046
1,0.8037697672843933,1,ham10000,ISIC_0025605,akiec,HAM_0007047
0,0.23554086685180664,1,ham10000,ISIC_0029284,nv,HAM_0007048
0,0.7387592792510986,1,ham10000,ISIC_0028179,nv,HAM_0007049
0,0.4242059290409088,1,ham10000,ISIC_0027160,nv,HAM_0007050
0,0.689420759677887,1,ham10000,ISIC_0025668,df,HAM_0007051
0,0.5295060873031616,1,ham10000,ISIC_0032752,nv,HAM_0007052
0,0.3171398937702179,1,ham10000,ISIC_0024487,nv,HAM_0007053
1,0.569826602935791,1,ham10000,ISIC_0024482,mel,HAM_0007054
0,0.4290589988231659,1,ham10000,ISIC_0031235,nv,HAM_0007055
0,0.3432275652885437,1,ham10000,ISIC_0025750,nv,HAM_0007056
0,0.10452884435653687,0,ham10000,ISIC_0025694,nv,HAM_0007057
0,0.4306296110153198,1,ham10000,ISIC_0027642,nv,HAM_0007058
0,0.45175278186798096,1,ham10000,ISIC_0025947,nv,HAM_0007060
0,0.5163445472717285,1,ham10000,ISIC_0031433,nv,HAM_0007061
0,0.3941037058830261,1,ham10000,ISIC_0029116,nv,HAM_0007062
0,0.545975923538208,1,ham10000,ISIC_0031432,nv,HAM_0007063
0,0.16560547053813934,0,ham10000,ISIC_0032282,nv,HAM_0007064
0,0.2113088071346283,0,ham10000,ISIC_0031773,nv,HAM_0007065
0,0.5720698237419128,1,ham10000,ISIC_0029959,nv,HAM_0007066
0,0.1324072629213333,0,ham10000,ISIC_0027251,nv,HAM_0007067
0,0.40689817070961,1,ham10000,ISIC_0024866,nv,HAM_0007068
0,0.46016159653663635,1,ham10000,ISIC_0029355,nv,HAM_0007069
1,0.5889313220977783,1,ham10000,ISIC_0032192,mel,HAM_0007070
0,0.4041064381599426,1,ham10000,ISIC_0030449,nv,HAM_0007071
0,0.530698835849762,1,ham10000,ISIC_0032339,nv,HAM_0007072
1,0.6784892082214355,1,ham10000,ISIC_0025035,mel,HAM_0007073
0,0.2707395851612091,1,ham10000,ISIC_0030646,nv,HAM_0007074
0,0.4594002962112427,1,ham10000,ISIC_0025463,nv,HAM_0007075
0,0.27224379777908325,1,ham10000,ISIC_0026757,nv,HAM_0007076
0,0.520877480506897,1,ham10000,ISIC_0032505,nv,HAM_0007077
0,0.5373432040214539,1,ham10000,ISIC_0024851,bkl,HAM_0007078
0,0.6796413660049438,1,ham10000,ISIC_0029904,nv,HAM_0007079
0,0.40935951471328735,1,ham10000,ISIC_0029994,nv,HAM_0007080
0,0.2619403004646301,1,ham10000,ISIC_0027971,nv,HAM_0007082
0,0.6460088491439819,1,ham10000,ISIC_0027959,nv,HAM_0007083
0,0.041725043207407,0,ham10000,ISIC_0025315,nv,HAM_0007084
1,0.764801561832428,1,ham10000,ISIC_0030076,akiec,HAM_0007085
1,0.6136322617530823,1,ham10000,ISIC_0033267,mel,HAM_0007086
0,0.563564121723175,1,ham10000,ISIC_0031425,nv,HAM_0007087
1,0.5819465517997742,1,ham10000,ISIC_0024800,akiec,HAM_0007088
0,0.7272863984107971,1,ham10000,ISIC_0030066,nv,HAM_0007089
0,0.41205471754074097,1,ham10000,ISIC_0029555,bkl,HAM_0007090
1,0.6469135284423828,1,ham10000,ISIC_0027552,mel,HAM_0007091
0,0.23147015273571014,1,ham10000,ISIC_0031370,nv,HAM_0007092
0,0.49937838315963745,1,ham10000,ISIC_0026858,nv,HAM_0007093
0,0.2508913278579712,1,ham10000,ISIC_0026785,nv,HAM_0007094
0,0.3906751871109009,1,ham10000,ISIC_0030374,nv,HAM_0007095
0,0.7424784898757935,1,ham10000,ISIC_0024674,nv,HAM_0007096
0,0.7458783984184265,1,ham10000,ISIC_0033230,vasc,HAM_0007097
0,0.2259478121995926,1,ham10000,ISIC_0032357,nv,HAM_0007098
0,0.2912691533565521,1,ham10000,ISIC_0025921,nv,HAM_0007099
0,0.6736650466918945,1,ham10000,ISIC_0031989,bkl,HAM_0007100
0,0.8274641633033752,1,ham10000,ISIC_0032513,bkl,HAM_0007101
1,0.6272672414779663,1,ham10000,ISIC_0028655,mel,HAM_0007102
0,0.2233697921037674,1,ham10000,ISIC_0026271,nv,HAM_0007103
0,0.4124426245689392,1,ham10000,ISIC_0032133,nv,HAM_0007104
0,0.1262759268283844,0,ham10000,ISIC_0026616,nv,HAM_0007105
0,0.6392223238945007,1,ham10000,ISIC_0031991,nv,HAM_0007108
0,0.2509421110153198,1,ham10000,ISIC_0026529,nv,HAM_0007109
0,0.7472212314605713,1,ham10000,ISIC_0026861,bkl,HAM_0007110
0,0.5036745071411133,1,ham10000,ISIC_0025715,nv,HAM_0007111
0,0.6874446272850037,1,ham10000,ISIC_0026819,nv,HAM_0007112
0,0.19355013966560364,0,ham10000,ISIC_0027522,vasc,HAM_0007113
1,0.5538861751556396,1,ham10000,ISIC_0028418,mel,HAM_0007114
0,0.5206917524337769,1,ham10000,ISIC_0029584,nv,HAM_0007115
0,0.6948326826095581,1,ham10000,ISIC_0028951,nv,HAM_0007116
1,0.6440920829772949,1,ham10000,ISIC_0033312,mel,HAM_0007117
0,0.42098772525787354,1,ham10000,ISIC_0027856,vasc,HAM_0007118
0,0.41718482971191406,1,ham10000,ISIC_0026134,nv,HAM_0007119
0,0.5430198311805725,1,ham10000,ISIC_0029782,nv,HAM_0007120
0,0.5617456436157227,1,ham10000,ISIC_0029922,nv,HAM_0007121
0,0.23286914825439453,1,ham10000,ISIC_0025816,nv,HAM_0007122
0,0.4145525395870209,1,ham10000,ISIC_0025672,nv,HAM_0007123
0,0.7341673970222473,1,ham10000,ISIC_0032707,nv,HAM_0007124
0,0.7773017883300781,1,ham10000,ISIC_0025016,bkl,HAM_0007125
0,0.564717173576355,1,ham10000,ISIC_0027835,nv,HAM_0007126
0,0.6801437735557556,1,ham10000,ISIC_0032362,nv,HAM_0007127
0,0.22738629579544067,1,ham10000,ISIC_0025104,nv,HAM_0007128
0,0.4152158796787262,1,ham10000,ISIC_0027216,df,HAM_0007129
0,0.44050532579421997,1,ham10000,ISIC_0027395,nv,HAM_0007130
1,0.7396798729896545,1,ham10000,ISIC_0031692,akiec,HAM_0007131
0,0.30396655201911926,1,ham10000,ISIC_0029621,nv,HAM_0007132
0,0.5636924505233765,1,ham10000,ISIC_0027490,nv,HAM_0007133
0,0.2837928235530853,1,ham10000,ISIC_0026394,nv,HAM_0007134
0,0.44166702032089233,1,ham10000,ISIC_0024460,nv,HAM_0007135
0,0.6434000134468079,1,ham10000,ISIC_0030563,nv,HAM_0007136
0,0.22699998319149017,1,ham10000,ISIC_0031327,nv,HAM_0007137
0,0.536576509475708,1,ham10000,ISIC_0028823,nv,HAM_0007138
1,0.6655468344688416,1,ham10000,ISIC_0028577,bcc,HAM_0007139
0,0.3797946572303772,1,ham10000,ISIC_0026345,nv,HAM_0007140
1,0.4896734058856964,1,ham10000,ISIC_0029230,bcc,HAM_0007141
0,0.4176992177963257,1,ham10000,ISIC_0025255,nv,HAM_0007142
0,0.2549341022968292,1,ham10000,ISIC_0028841,nv,HAM_0007143
0,0.7087723016738892,1,ham10000,ISIC_0026599,nv,HAM_0007144
0,0.3783104717731476,1,ham10000,ISIC_0027758,nv,HAM_0007145
0,0.48039519786834717,1,ham10000,ISIC_0031493,nv,HAM_0007146
0,0.5614897608757019,1,ham10000,ISIC_0032858,nv,HAM_0007148
0,0.3465770483016968,1,ham10000,ISIC_0025304,nv,HAM_0007149
0,0.35529112815856934,1,ham10000,ISIC_0028680,vasc,HAM_0007150
0,0.39316463470458984,1,ham10000,ISIC_0029793,bkl,HAM_0007151
0,0.28349292278289795,1,ham10000,ISIC_0028184,nv,HAM_0007152
0,0.3529631495475769,1,ham10000,ISIC_0027813,nv,HAM_0007153
0,0.37989696860313416,1,ham10000,ISIC_0024719,nv,HAM_0007154
0,0.4940428137779236,1,ham10000,ISIC_0025056,nv,HAM_0007155
0,0.4899959862232208,1,ham10000,ISIC_0025893,nv,HAM_0007156
0,0.22342205047607422,1,ham10000,ISIC_0030600,nv,HAM_0007157
0,0.10103553533554077,0,ham10000,ISIC_0027206,nv,HAM_0007158
0,0.4694405198097229,1,ham10000,ISIC_0031637,nv,HAM_0007159
0,0.5448459386825562,1,ham10000,ISIC_0028723,nv,HAM_0007160
0,0.17541728913784027,0,ham10000,ISIC_0026734,nv,HAM_0007161
0,0.24892443418502808,1,ham10000,ISIC_0029321,nv,HAM_0007162
1,0.6382211446762085,1,ham10000,ISIC_0032750,mel,HAM_0007163
0,0.6004600524902344,1,ham10000,ISIC_0025972,nv,HAM_0007164
1,0.6577587723731995,1,ham10000,ISIC_0026622,mel,HAM_0007165
0,0.28904110193252563,1,ham10000,ISIC_0030878,nv,HAM_0007166
0,0.6952521800994873,1,ham10000,ISIC_0026400,nv,HAM_0007167
0,0.639015257358551,1,ham10000,ISIC_0028115,nv,HAM_0007168
0,0.6996898055076599,1,ham10000,ISIC_0032934,nv,HAM_0007169
0,0.16385215520858765,0,ham10000,ISIC_0025483,nv,HAM_0007170
1,0.47532516717910767,1,ham10000,ISIC_0026909,mel,HAM_0007171
0,0.575531542301178,1,ham10000,ISIC_0034130,nv,HAM_0007172
0,0.42908674478530884,1,ham10000,ISIC_0028721,nv,HAM_0007173
0,0.5656280517578125,1,ham10000,ISIC_0031052,nv,HAM_0007174
0,0.37966635823249817,1,ham10000,ISIC_0029442,nv,HAM_0007175
0,0.34122350811958313,1,ham10000,ISIC_0032144,nv,HAM_0007176
0,0.475704163312912,1,ham10000,ISIC_0025626,nv,HAM_0007177
0,0.447437584400177,1,ham10000,ISIC_0025184,nv,HAM_0007178
0,0.49500346183776855,1,ham10000,ISIC_0025906,bkl,HAM_0007179
1,0.568570613861084,1,ham10000,ISIC_0032726,mel,HAM_0007180
0,0.55589759349823,1,ham10000,ISIC_0031964,nv,HAM_0007181
0,0.2501073479652405,1,ham10000,ISIC_0030421,nv,HAM_0007183
0,0.32905080914497375,1,ham10000,ISIC_0033436,nv,HAM_0007184
0,0.30585604906082153,1,ham10000,ISIC_0025189,nv,HAM_0007185
0,0.2165580838918686,0,ham10000,ISIC_0028295,nv,HAM_0007186
0,0.35465115308761597,1,ham10000,ISIC_0028950,nv,HAM_0007187
1,0.5524032711982727,1,ham10000,ISIC_0031543,mel,HAM_0007188
0,0.5951549410820007,1,ham10000,ISIC_0027878,nv,HAM_0007189
0,0.44003596901893616,1,ham10000,ISIC_0030505,nv,HAM_0007190
0,0.6251104474067688,1,ham10000,ISIC_0032738,nv,HAM_0007191
0,0.2644652724266052,1,ham10000,ISIC_0030558,nv,HAM_0007192
0,0.2923857271671295,1,ham10000,ISIC_0025398,nv,HAM_0007193
0,0.4813595116138458,1,ham10000,ISIC_0025920,nv,HAM_0007194
0,0.6172375082969666,1,ham10000,ISIC_0031923,nv,HAM_0007195
0,0.5554763674736023,1,ham10000,ISIC_0024907,nv,HAM_0007196
0,0.25611263513565063,1,ham10000,ISIC_0031856,nv,HAM_0007197
0,0.18387073278427124,0,ham10000,ISIC_0026200,nv,HAM_0007198
1,0.5029211640357971,1,ham10000,ISIC_0030344,akiec,HAM_0007199
0,0.3991904854774475,1,ham10000,ISIC_0026304,nv,HAM_0007200
0,0.41022247076034546,1,ham10000,ISIC_0026208,nv,HAM_0007201
0,0.6099939942359924,1,ham10000,ISIC_0026726,nv,HAM_0007202
0,0.15232905745506287,0,ham10000,ISIC_0031845,nv,HAM_0007203
0,0.4787251055240631,1,ham10000,ISIC_0025205,nv,HAM_0007204
0,0.4341198801994324,1,ham10000,ISIC_0026269,nv,HAM_0007205
0,0.5970262885093689,1,ham10000,ISIC_0031524,nv,HAM_0007206
0,0.48004424571990967,1,ham10000,ISIC_0031326,bkl,HAM_0007207
0,0.7475855350494385,1,ham10000,ISIC_0030159,nv,HAM_0007208
0,0.32079780101776123,1,ham10000,ISIC_0028365,nv,HAM_0007209
0,0.48602935671806335,1,ham10000,ISIC_0026699,nv,HAM_0007210
0,0.5630587935447693,1,ham10000,ISIC_0025377,nv,HAM_0007211
0,0.3668442368507385,1,ham10000,ISIC_0030897,nv,HAM_0007213
0,0.34110522270202637,1,ham10000,ISIC_0031928,nv,HAM_0007214
0,0.3516755998134613,1,ham10000,ISIC_0030294,nv,HAM_0007215
0,0.4763963520526886,1,ham10000,ISIC_0032962,nv,HAM_0007216
0,0.30922001600265503,1,ham10000,ISIC_0024844,nv,HAM_0007217
0,0.28553253412246704,1,ham10000,ISIC_0025006,nv,HAM_0007218
0,0.3832894563674927,1,ham10000,ISIC_0029227,bkl,HAM_0007219
0,0.7028123736381531,1,ham10000,ISIC_0025867,bkl,HAM_0007220
0,0.6596411466598511,1,ham10000,ISIC_0030264,nv,HAM_0007221
0,0.29494354128837585,1,ham10000,ISIC_0030996,nv,HAM_0007222
0,0.23852263391017914,1,ham10000,ISIC_0024783,nv,HAM_0007223
0,0.5841800570487976,1,ham10000,ISIC_0024977,nv,HAM_0007224
0,0.72676682472229,1,ham10000,ISIC_0031429,df,HAM_0007225
0,0.13268336653709412,0,ham10000,ISIC_0027946,nv,HAM_0007226
0,0.7932606339454651,1,ham10000,ISIC_0024973,df,HAM_0007227
0,0.6298941373825073,1,ham10000,ISIC_0025681,nv,HAM_0007228
1,0.765984296798706,1,ham10000,ISIC_0031545,mel,HAM_0007229
0,0.46902984380722046,1,ham10000,ISIC_0031164,nv,HAM_0007230
0,0.31770893931388855,1,ham10000,ISIC_0029114,nv,HAM_0007231
0,0.5418456196784973,1,ham10000,ISIC_0025830,bkl,HAM_0007232
0,0.2042543739080429,0,ham10000,ISIC_0029113,bkl,HAM_0007233
1,0.6734599471092224,1,ham10000,ISIC_0033362,mel,HAM_0007234
0,0.34394001960754395,1,ham10000,ISIC_0027278,nv,HAM_0007236
1,0.660799503326416,1,ham10000,ISIC_0028306,mel,HAM_0007238
0,0.6059125661849976,1,ham10000,ISIC_0025252,nv,HAM_0007239
0,0.48409727215766907,1,ham10000,ISIC_0027988,nv,HAM_0007240
0,0.4128381907939911,1,ham10000,ISIC_0027752,nv,HAM_0007241
1,0.5041544437408447,1,ham10000,ISIC_0026774,mel,HAM_0007242
1,0.782597005367279,1,ham10000,ISIC_0028029,mel,HAM_0007243
0,0.5207688808441162,1,ham10000,ISIC_0030669,nv,HAM_0007244
1,0.30073586106300354,1,ham10000,ISIC_0032870,mel,HAM_0007245
0,0.12874047458171844,0,ham10000,ISIC_0024764,nv,HAM_0007246
1,0.7426854372024536,1,ham10000,ISIC_0025102,bcc,HAM_0007248
0,0.6389550566673279,1,ham10000,ISIC_0025789,nv,HAM_0007249
0,0.3663153350353241,1,ham10000,ISIC_0024964,nv,HAM_0007251
0,0.4512912929058075,1,ham10000,ISIC_0026949,nv,HAM_0007252
0,0.5296520590782166,1,ham10000,ISIC_0026840,nv,HAM_0007253
0,0.4964596927165985,1,ham10000,ISIC_0027541,nv,HAM_0007254
0,0.39089563488960266,1,ham10000,ISIC_0026519,nv,HAM_0007255
0,0.44097113609313965,1,ham10000,ISIC_0031480,nv,HAM_0007256
0,0.5543092489242554,1,ham10000,ISIC_0025537,nv,HAM_0007257
0,0.5863184332847595,1,ham10000,ISIC_0025090,nv,HAM_0007258
0,0.6584901809692383,1,ham10000,ISIC_0032669,nv,HAM_0007259
0,0.7733004093170166,1,ham10000,ISIC_0028336,bkl,HAM_0007260
0,0.20822490751743317,0,ham10000,ISIC_0031686,bkl,HAM_0007261
1,0.9074433445930481,1,ham10000,ISIC_0025932,bcc,HAM_0007262
0,0.48607170581817627,1,ham10000,ISIC_0028130,nv,HAM_0007263
0,0.40299010276794434,1,ham10000,ISIC_0028476,nv,HAM_0007264
0,0.6893998980522156,1,ham10000,ISIC_0033447,nv,HAM_0007265
0,0.4632776379585266,1,ham10000,ISIC_0031909,nv,HAM_0007266
0,0.5522060394287109,1,ham10000,ISIC_0031441,nv,HAM_0007267
0,0.5170058012008667,1,ham10000,ISIC_0028600,nv,HAM_0007268
0,0.5474079251289368,1,ham10000,ISIC_0024430,nv,HAM_0007269
0,0.5092427730560303,1,ham10000,ISIC_0030166,nv,HAM_0007270
0,0.3303847312927246,1,ham10000,ISIC_0027862,nv,HAM_0007271
1,0.6514039635658264,1,ham10000,ISIC_0024756,mel,HAM_0007272
0,0.146767258644104,0,ham10000,ISIC_0025437,nv,HAM_0007273
0,0.4992569386959076,1,ham10000,ISIC_0030484,nv,HAM_0007274
0,0.6486620306968689,1,ham10000,ISIC_0026705,nv,HAM_0007275
0,0.6548463702201843,1,ham10000,ISIC_0028538,nv,HAM_0007276
0,0.46365517377853394,1,ham10000,ISIC_0031195,nv,HAM_0007277
0,0.5413498878479004,1,ham10000,ISIC_0025009,nv,HAM_0007278
0,0.5743783712387085,1,ham10000,ISIC_0025405,nv,HAM_0007279
0,0.17899268865585327,0,ham10000,ISIC_0024917,nv,HAM_0007280
0,0.7845211625099182,1,ham10000,ISIC_0034283,bkl,HAM_0007281
0,0.3325783610343933,1,ham10000,ISIC_0025690,nv,HAM_0007282
0,0.49557197093963623,1,ham10000,ISIC_0027255,nv,HAM_0007284
0,0.16192784905433655,0,ham10000,ISIC_0026718,nv,HAM_0007285
0,0.3950573801994324,1,ham10000,ISIC_0031978,nv,HAM_0007286
0,0.4232671558856964,1,ham10000,ISIC_0027413,nv,HAM_0007287
0,0.4811782240867615,1,ham10000,ISIC_0027243,nv,HAM_0007288
1,0.6689117550849915,1,ham10000,ISIC_0031263,bcc,HAM_0007289
0,0.4149720370769501,1,ham10000,ISIC_0025961,nv,HAM_0007290
0,0.45702996850013733,1,ham10000,ISIC_0027633,nv,HAM_0007291
0,0.5530546307563782,1,ham10000,ISIC_0031626,nv,HAM_0007292
1,0.7235347628593445,1,ham10000,ISIC_0026735,mel,HAM_0007293
0,0.26865261793136597,1,ham10000,ISIC_0025749,nv,HAM_0007294
0,0.6714959144592285,1,ham10000,ISIC_0031380,nv,HAM_0007295
0,0.5619243383407593,1,ham10000,ISIC_0027068,bkl,HAM_0007296
0,0.22508276998996735,1,ham10000,ISIC_0029940,nv,HAM_0007297
0,0.4528827667236328,1,ham10000,ISIC_0028345,nv,HAM_0007298
0,0.6934061050415039,1,ham10000,ISIC_0032565,nv,HAM_0007299
0,0.5440989136695862,1,ham10000,ISIC_0025158,nv,HAM_0007300
0,0.6106445789337158,1,ham10000,ISIC_0033417,nv,HAM_0007301
0,0.596736490726471,1,ham10000,ISIC_0028302,nv,HAM_0007302
1,0.7770758867263794,1,ham10000,ISIC_0026457,akiec,HAM_0007303
0,0.28439465165138245,1,ham10000,ISIC_0027196,nv,HAM_0007304
1,0.8065934181213379,1,ham10000,ISIC_0029933,mel,HAM_0007305
0,0.5916466116905212,1,ham10000,ISIC_0026810,nv,HAM_0007306
1,0.631492018699646,1,ham10000,ISIC_0026848,akiec,HAM_0007308
0,0.3503149449825287,1,ham10000,ISIC_0025151,nv,HAM_0007309
1,0.6773998141288757,1,ham10000,ISIC_0026120,mel,HAM_0007310
0,0.5897621512413025,1,ham10000,ISIC_0026367,nv,HAM_0007311
0,0.48168322443962097,1,ham10000,ISIC_0027709,nv,HAM_0007312
1,0.720323383808136,1,ham10000,ISIC_0025299,bcc,HAM_0007313
0,0.24519461393356323,1,ham10000,ISIC_0031152,nv,HAM_0007314
0,0.7337980270385742,1,ham10000,ISIC_0026249,bkl,HAM_0007315
0,0.471328467130661,1,ham10000,ISIC_0031895,nv,HAM_0007316
0,0.49257493019104004,1,ham10000,ISIC_0030008,nv,HAM_0007317
0,0.17653429508209229,0,ham10000,ISIC_0029005,nv,HAM_0007318
0,0.25506648421287537,1,ham10000,ISIC_0029144,nv,HAM_0007319
0,0.37621745467185974,1,ham10000,ISIC_0026780,nv,HAM_0007320
0,0.3254469633102417,1,ham10000,ISIC_0026821,nv,HAM_0007321
0,0.5236045122146606,1,ham10000,ISIC_0030205,nv,HAM_0007322
0,0.21201522648334503,0,ham10000,ISIC_0031038,nv,HAM_0007323
0,0.5430204272270203,1,ham10000,ISIC_0026398,nv,HAM_0007324
0,0.5097954869270325,1,ham10000,ISIC_0026267,nv,HAM_0007325
0,0.16381165385246277,0,ham10000,ISIC_0028783,nv,HAM_0007326
0,0.22828540205955505,1,ham10000,ISIC_0030684,nv,HAM_0007328
0,0.5439260601997375,1,ham10000,ISIC_0026583,nv,HAM_0007329
0,0.4920976758003235,1,ham10000,ISIC_0024521,nv,HAM_0007330
0,0.29364925622940063,1,ham10000,ISIC_0031752,nv,HAM_0007331
0,0.5708411931991577,1,ham10000,ISIC_0026481,bkl,HAM_0007332
0,0.3604961335659027,1,ham10000,ISIC_0033614,nv,HAM_0007333
0,0.40362104773521423,1,ham10000,ISIC_0026962,nv,HAM_0007334
1,0.6998497247695923,1,ham10000,ISIC_0032808,bcc,HAM_0007335
0,0.4558705985546112,1,ham10000,ISIC_0024544,nv,HAM_0007336
0,0.6697693467140198,1,ham10000,ISIC_0026912,bkl,HAM_0007337
0,0.3201555609703064,1,ham10000,ISIC_0028986,nv,HAM_0007338
0,0.3796761631965637,1,ham10000,ISIC_0031536,nv,HAM_0007339
0,0.7515406608581543,1,ham10000,ISIC_0028944,nv,HAM_0007340
0,0.8503983020782471,1,ham10000,ISIC_0032898,bkl,HAM_0007341
0,0.595903217792511,1,ham10000,ISIC_0030625,nv,HAM_0007342
1,0.6839041113853455,1,ham10000,ISIC_0032447,mel,HAM_0007343
0,0.10506055504083633,0,ham10000,ISIC_0029461,nv,HAM_0007344
0,0.3159120976924896,1,ham10000,ISIC_0028703,nv,HAM_0007345
1,0.6905927658081055,1,ham10000,ISIC_0027425,bcc,HAM_0007346
0,0.057177841663360596,0,ham10000,ISIC_0031054,nv,HAM_0007347
0,0.6414403319358826,1,ham10000,ISIC_0032625,nv,HAM_0007348
1,0.8539696335792542,1,ham10000,ISIC_0026178,akiec,HAM_0007349
0,0.5991445183753967,1,ham10000,ISIC_0030892,nv,HAM_0007350
0,0.4764269292354584,1,ham10000,ISIC_0032183,nv,HAM_0007351
0,0.34112548828125,1,ham10000,ISIC_0029739,nv,HAM_0007352
0,0.4314103126525879,1,ham10000,ISIC_0025207,nv,HAM_0007353
1,0.23283521831035614,1,ham10000,ISIC_0027719,akiec,HAM_0007354
0,0.2921033203601837,1,ham10000,ISIC_0024705,bkl,HAM_0007355
0,0.6621940732002258,1,ham10000,ISIC_0025335,nv,HAM_0007356
0,0.30538731813430786,1,ham10000,ISIC_0031265,nv,HAM_0007357
0,0.6495019197463989,1,ham10000,ISIC_0028030,nv,HAM_0007358
0,0.5705636143684387,1,ham10000,ISIC_0027354,bkl,HAM_0007359
0,0.4805046617984772,1,ham10000,ISIC_0027773,nv,HAM_0007360
0,0.380282998085022,1,ham10000,ISIC_0026058,nv,HAM_0007361
0,0.2292575240135193,1,ham10000,ISIC_0030373,nv,HAM_0007362
0,0.12942485511302948,0,ham10000,ISIC_0028013,nv,HAM_0007363
1,0.7032672166824341,1,ham10000,ISIC_0029917,bcc,HAM_0007364
0,0.5096982717514038,1,ham10000,ISIC_0028798,nv,HAM_0007365
0,0.4216175079345703,1,ham10000,ISIC_0032062,nv,HAM_0007366
0,0.620306134223938,1,ham10000,ISIC_0032689,nv,HAM_0007367
1,0.7069684863090515,1,ham10000,ISIC_0032017,mel,HAM_0007368
0,0.578016996383667,1,ham10000,ISIC_0024593,nv,HAM_0007369
0,0.41427740454673767,1,ham10000,ISIC_0026002,nv,HAM_0007371
0,0.22595973312854767,1,ham10000,ISIC_0030283,vasc,HAM_0007372
0,0.6421605944633484,1,ham10000,ISIC_0024723,nv,HAM_0007373
0,0.420642614364624,1,ham10000,ISIC_0025730,nv,HAM_0007374
0,0.10050652176141739,0,ham10000,ISIC_0027233,nv,HAM_0007375
0,0.44199317693710327,1,ham10000,ISIC_0032616,nv,HAM_0007376
0,0.23031766712665558,1,ham10000,ISIC_0029695,nv,HAM_0007377
0,0.1321733295917511,0,ham10000,ISIC_0025692,nv,HAM_0007378
0,0.1550319790840149,0,ham10000,ISIC_0029155,nv,HAM_0007379
0,0.4976223409175873,1,ham10000,ISIC_0029324,nv,HAM_0007380
0,0.4213921129703522,1,ham10000,ISIC_0027083,bkl,HAM_0007381
0,0.29948708415031433,1,ham10000,ISIC_0030030,nv,HAM_0007382
0,0.1428859829902649,0,ham10000,ISIC_0026812,nv,HAM_0007383
0,0.8116986751556396,1,ham10000,ISIC_0032725,bkl,HAM_0007384
0,0.6683309674263,1,ham10000,ISIC_0025043,nv,HAM_0007385
0,0.1020459309220314,0,ham10000,ISIC_0024568,nv,HAM_0007386
0,0.30141711235046387,1,ham10000,ISIC_0027119,nv,HAM_0007387
0,0.41575661301612854,1,ham10000,ISIC_0031693,nv,HAM_0007388
0,0.412246435880661,1,ham10000,ISIC_0029090,nv,HAM_0007389
1,0.5600312352180481,1,ham10000,ISIC_0027043,mel,HAM_0007390
0,0.4949183166027069,1,ham10000,ISIC_0031926,nv,HAM_0007391
0,0.46567943692207336,1,ham10000,ISIC_0024905,nv,HAM_0007392
0,0.18167126178741455,0,ham10000,ISIC_0024850,bkl,HAM_0007393
0,0.3721252381801605,1,ham10000,ISIC_0030864,nv,HAM_0007394
0,0.3931943476200104,1,ham10000,ISIC_0031133,bkl,HAM_0007395
0,0.4437698423862457,1,ham10000,ISIC_0033554,df,HAM_0007396
0,0.4007437527179718,1,ham10000,ISIC_0027393,nv,HAM_0007397
0,0.5178754925727844,1,ham10000,ISIC_0027445,nv,HAM_0007399
0,0.1374024748802185,0,ham10000,ISIC_0027329,nv,HAM_0007400
0,0.12884727120399475,0,ham10000,ISIC_0031849,nv,HAM_0007401
0,0.8346059918403625,1,ham10000,ISIC_0033079,bkl,HAM_0007402
0,0.2868410348892212,1,ham10000,ISIC_0025440,nv,HAM_0007403
0,0.2677581310272217,1,ham10000,ISIC_0030295,nv,HAM_0007404
0,0.2655177712440491,1,ham10000,ISIC_0027694,nv,HAM_0007405
0,0.13458621501922607,0,ham10000,ISIC_0028253,nv,HAM_0007406
0,0.4008045196533203,1,ham10000,ISIC_0026161,nv,HAM_0007407
0,0.5200947523117065,1,ham10000,ISIC_0028377,nv,HAM_0007408
0,0.4949715733528137,1,ham10000,ISIC_0025076,bkl,HAM_0007409
0,0.7234675288200378,1,ham10000,ISIC_0029962,df,HAM_0007410
0,0.6228891611099243,1,ham10000,ISIC_0028444,nv,HAM_0007411
0,0.4295155107975006,1,ham10000,ISIC_0031949,nv,HAM_0007412
0,0.6427937746047974,1,ham10000,ISIC_0027984,nv,HAM_0007413
0,0.5167714357376099,1,ham10000,ISIC_0026434,nv,HAM_0007414
0,0.43840646743774414,1,ham10000,ISIC_0032515,nv,HAM_0007415
0,0.4273287057876587,1,ham10000,ISIC_0025281,nv,HAM_0007416
0,0.4759223759174347,1,ham10000,ISIC_0026801,nv,HAM_0007417
0,0.7352194786071777,1,ham10000,ISIC_0026313,df,HAM_0007418
0,0.4992484450340271,1,ham10000,ISIC_0029543,nv,HAM_0007419
1,0.5928221344947815,1,ham10000,ISIC_0031890,mel,HAM_0007420
0,0.6697301864624023,1,ham10000,ISIC_0025302,df,HAM_0007421
0,0.6276553869247437,1,ham10000,ISIC_0024862,nv,HAM_0007422
0,0.5365040898323059,1,ham10000,ISIC_0025582,nv,HAM_0007423
0,0.3367812931537628,1,ham10000,ISIC_0030560,nv,HAM_0007424
0,0.38977688550949097,1,ham10000,ISIC_0025823,nv,HAM_0007425
0,0.48592984676361084,1,ham10000,ISIC_0027034,nv,HAM_0007426
0,0.32839611172676086,1,ham10000,ISIC_0033491,bkl,HAM_0007427
1,0.7596730589866638,1,ham10000,ISIC_0028106,bcc,HAM_0007428
0,0.5506776571273804,1,ham10000,ISIC_0024447,nv,HAM_0007429
0,0.2482469528913498,1,ham10000,ISIC_0029088,nv,HAM_0007430
0,0.806208610534668,1,ham10000,ISIC_0031620,bkl,HAM_0007431
0,0.2570984661579132,1,ham10000,ISIC_0025067,nv,HAM_0007432
0,0.4567347466945648,1,ham10000,ISIC_0033077,nv,HAM_0007433
0,0.5108748078346252,1,ham10000,ISIC_0024816,nv,HAM_0007434
0,0.3082163333892822,1,ham10000,ISIC_0030359,nv,HAM_0007435
0,0.061535224318504333,0,ham10000,ISIC_0026878,nv,HAM_0007436
0,0.5670347809791565,1,ham10000,ISIC_0024745,nv,HAM_0007437
0,0.15176460146903992,0,ham10000,ISIC_0028203,nv,HAM_0007438
0,0.7381029725074768,1,ham10000,ISIC_0024890,bkl,HAM_0007439
0,0.3425566554069519,1,ham10000,ISIC_0029882,nv,HAM_0007440
0,0.19306233525276184,0,ham10000,ISIC_0024548,nv,HAM_0007441
0,0.600506603717804,1,ham10000,ISIC_0032067,nv,HAM_0007442
0,0.6644492745399475,1,ham10000,ISIC_0031206,nv,HAM_0007443
0,0.6175729036331177,1,ham10000,ISIC_0032977,nv,HAM_0007444
0,0.6103646755218506,1,ham10000,ISIC_0024734,nv,HAM_0007445
1,0.5979690551757812,1,ham10000,ISIC_0028457,bcc,HAM_0007446
0,0.43460196256637573,1,ham10000,ISIC_0030489,nv,HAM_0007447
0,0.6770663261413574,1,ham10000,ISIC_0032294,nv,HAM_0007448
0,0.44646015763282776,1,ham10000,ISIC_0025912,nv,HAM_0007449
0,0.47533950209617615,1,ham10000,ISIC_0027340,nv,HAM_0007450
0,0.3203589916229248,1,ham10000,ISIC_0032527,nv,HAM_0007451
0,0.10188599675893784,0,ham10000,ISIC_0024811,nv,HAM_0007452
0,0.34035176038742065,1,ham10000,ISIC_0024510,nv,HAM_0007453
1,0.629230260848999,1,ham10000,ISIC_0032214,mel,HAM_0007454
0,0.21548864245414734,0,ham10000,ISIC_0027441,nv,HAM_0007455
0,0.6224832534790039,1,ham10000,ISIC_0028167,nv,HAM_0007456
0,0.060548413544893265,0,ham10000,ISIC_0029813,nv,HAM_0007457
0,0.5924966335296631,1,ham10000,ISIC_0030266,nv,HAM_0007458
0,0.1844724416732788,0,ham10000,ISIC_0029886,nv,HAM_0007459
0,0.16818328201770782,0,ham10000,ISIC_0032578,nv,HAM_0007460
0,0.33177754282951355,1,ham10000,ISIC_0025717,nv,HAM_0007461
0,0.6985177993774414,1,ham10000,ISIC_0032633,nv,HAM_0007462
0,0.5911287069320679,1,ham10000,ISIC_0028371,nv,HAM_0007464
0,0.3137875199317932,1,ham10000,ISIC_0031392,nv,HAM_0007465
0,0.4375063180923462,1,ham10000,ISIC_0031355,nv,HAM_0007466
0,0.2878035008907318,1,ham10000,ISIC_0029085,nv,HAM_0007467
0,0.6101043820381165,1,ham10000,ISIC_0024831,nv,HAM_0007468
0,0.5950746536254883,1,ham10000,ISIC_0030049,nv,HAM_0007469
1,0.7251681685447693,1,ham10000,ISIC_0032536,bcc,HAM_0007471
0,0.39822128415107727,1,ham10000,ISIC_0027274,nv,HAM_0007472
0,0.1792096495628357,0,ham10000,ISIC_0025858,nv,HAM_0007473
1,0.7697080969810486,1,ham10000,ISIC_0024848,bcc,HAM_0007474
0,0.43717581033706665,1,ham10000,ISIC_0033408,nv,HAM_0007475
0,0.6384153366088867,1,ham10000,ISIC_0025108,nv,HAM_0007476
0,0.49807098507881165,1,ham10000,ISIC_0025950,nv,HAM_0007477
0,0.3318827450275421,1,ham10000,ISIC_0033040,nv,HAM_0007478
0,0.5458153486251831,1,ham10000,ISIC_0024406,nv,HAM_0007480
0,0.35140034556388855,1,ham10000,ISIC_0026837,nv,HAM_0007481
0,0.5257897973060608,1,ham10000,ISIC_0030004,nv,HAM_0007482
0,0.26146286725997925,1,ham10000,ISIC_0032628,nv,HAM_0007483
0,0.6271094083786011,1,ham10000,ISIC_0030710,nv,HAM_0007484
0,0.14629781246185303,0,ham10000,ISIC_0032438,nv,HAM_0007485
0,0.4948643445968628,1,ham10000,ISIC_0031500,nv,HAM_0007486
0,0.3578115999698639,1,ham10000,ISIC_0030097,nv,HAM_0007487
1,0.6742599010467529,1,ham10000,ISIC_0024952,mel,HAM_0007488
0,0.2669978439807892,1,ham10000,ISIC_0028011,nv,HAM_0007489
0,0.39153632521629333,1,ham10000,ISIC_0025968,nv,HAM_0007490
0,0.5875536203384399,1,ham10000,ISIC_0029183,nv,HAM_0007491
0,0.5030566453933716,1,ham10000,ISIC_0032193,nv,HAM_0007492
0,0.2287255972623825,1,ham10000,ISIC_0030931,nv,HAM_0007493
0,0.5089151859283447,1,ham10000,ISIC_0033136,nv,HAM_0007494
0,0.2673379182815552,1,ham10000,ISIC_0027491,nv,HAM_0007495
0,0.5497337579727173,1,ham10000,ISIC_0028083,nv,HAM_0007496
1,0.5158147811889648,1,ham10000,ISIC_0026829,bcc,HAM_0007497
1,0.633186399936676,1,ham10000,ISIC_0025546,mel,HAM_0007498
0,0.4050247371196747,1,ham10000,ISIC_0025981,nv,HAM_0007499
0,0.3991594910621643,1,ham10000,ISIC_0027435,bkl,HAM_0007500
0,0.5359709858894348,1,ham10000,ISIC_0030780,nv,HAM_0007501
1,0.6738536953926086,1,ham10000,ISIC_0030754,mel,HAM_0007502
0,0.2673107087612152,1,ham10000,ISIC_0026109,nv,HAM_0007503
0,0.6798760890960693,1,ham10000,ISIC_0026359,nv,HAM_0007504
0,0.16801559925079346,0,ham10000,ISIC_0027061,nv,HAM_0007505
0,0.4828970730304718,1,ham10000,ISIC_0029403,nv,HAM_0007506
1,0.779513418674469,1,ham10000,ISIC_0031056,bcc,HAM_0007507
0,0.31732743978500366,1,ham10000,ISIC_0025763,nv,HAM_0007508
0,0.3423236906528473,1,ham10000,ISIC_0027542,nv,HAM_0007509
0,0.1423579454421997,0,ham10000,ISIC_0025587,nv,HAM_0007510
1,0.6575069427490234,1,ham10000,ISIC_0024333,mel,HAM_0007511
0,0.3356158137321472,1,ham10000,ISIC_0028546,nv,HAM_0007512
0,0.5459995865821838,1,ham10000,ISIC_0024676,bkl,HAM_0007513
0,0.570805549621582,1,ham10000,ISIC_0028118,nv,HAM_0007514
0,0.44554972648620605,1,ham10000,ISIC_0025333,nv,HAM_0007515
0,0.2708272635936737,1,ham10000,ISIC_0024441,nv,HAM_0007516
0,0.4014620780944824,1,ham10000,ISIC_0032172,nv,HAM_0007517
0,0.5258240699768066,1,ham10000,ISIC_0031015,nv,HAM_0007518
0,0.6025399565696716,1,ham10000,ISIC_0032865,nv,HAM_0007519
0,0.21975837647914886,1,ham10000,ISIC_0029595,nv,HAM_0007520
0,0.6642483472824097,1,ham10000,ISIC_0032156,bkl,HAM_0007521
1,0.6641071438789368,1,ham10000,ISIC_0027904,mel,HAM_0007522
0,0.3129379451274872,1,ham10000,ISIC_0026461,nv,HAM_0007523
0,0.48859503865242004,1,ham10000,ISIC_0027994,nv,HAM_0007525
0,0.7763895392417908,1,ham10000,ISIC_0030244,df,HAM_0007526
0,0.4427627623081207,1,ham10000,ISIC_0032426,nv,HAM_0007527
0,0.6808832287788391,1,ham10000,ISIC_0027003,nv,HAM_0007528
0,0.7092146277427673,1,ham10000,ISIC_0026607,bkl,HAM_0007529
1,0.5121121406555176,1,ham10000,ISIC_0024410,mel,HAM_0007530
0,0.06684696674346924,0,ham10000,ISIC_0030837,nv,HAM_0007531
0,0.550022542476654,1,ham10000,ISIC_0024662,vasc,HAM_0007532
0,0.3341537415981293,1,ham10000,ISIC_0033463,nv,HAM_0007533
1,0.7801270484924316,1,ham10000,ISIC_0024829,bcc,HAM_0007535
0,0.5611926317214966,1,ham10000,ISIC_0025445,nv,HAM_0007536
0,0.3920344114303589,1,ham10000,ISIC_0025420,nv,HAM_0007537
1,0.7151081562042236,1,ham10000,ISIC_0024315,mel,HAM_0007538
0,0.4179271161556244,1,ham10000,ISIC_0026875,nv,HAM_0007539
0,0.312942236661911,1,ham10000,ISIC_0032118,nv,HAM_0007540
0,0.6369655728340149,1,ham10000,ISIC_0032540,nv,HAM_0007541
0,0.6585831642150879,1,ham10000,ISIC_0024519,nv,HAM_0007543
0,0.12556257843971252,0,ham10000,ISIC_0031390,nv,HAM_0007544
0,0.4183060824871063,1,ham10000,ISIC_0027129,nv,HAM_0007545
0,0.5078033804893494,1,ham10000,ISIC_0025429,nv,HAM_0007547
0,0.41296061873435974,1,ham10000,ISIC_0026633,nv,HAM_0007548
0,0.3490857183933258,1,ham10000,ISIC_0025216,nv,HAM_0007549
1,0.76873779296875,1,ham10000,ISIC_0026528,bcc,HAM_0007550
0,0.22776369750499725,1,ham10000,ISIC_0032016,nv,HAM_0007551
0,0.701228678226471,1,ham10000,ISIC_0032731,nv,HAM_0007552
0,0.6919480562210083,1,ham10000,ISIC_0031676,nv,HAM_0007553
0,0.24950070679187775,1,ham10000,ISIC_0028193,nv,HAM_0007554
1,0.5005828738212585,1,ham10000,ISIC_0030602,akiec,HAM_0007555
0,0.42389532923698425,1,ham10000,ISIC_0028893,nv,HAM_0007556
1,0.630401611328125,1,ham10000,ISIC_0030964,bcc,HAM_0007557
1,0.45090189576148987,1,ham10000,ISIC_0028410,mel,HAM_0007558
0,0.08947721123695374,0,ham10000,ISIC_0028603,nv,HAM_0007559
1,0.7074930667877197,1,ham10000,ISIC_0024987,mel,HAM_0007560
0,0.1540832221508026,0,ham10000,ISIC_0031458,nv,HAM_0007561
0,0.4619416892528534,1,ham10000,ISIC_0033671,nv,HAM_0007562
0,0.7510325312614441,1,ham10000,ISIC_0025075,bkl,HAM_0007563
0,0.4393707513809204,1,ham10000,ISIC_0028119,nv,HAM_0007564
0,0.5467026233673096,1,ham10000,ISIC_0028241,nv,HAM_0007565
0,0.5214902758598328,1,ham10000,ISIC_0028834,nv,HAM_0007566
0,0.30334654450416565,1,ham10000,ISIC_0031588,nv,HAM_0007567
0,0.18072272837162018,0,ham10000,ISIC_0024867,vasc,HAM_0007568
0,0.3547670245170593,1,ham10000,ISIC_0025373,df,HAM_0007569
1,0.6122243404388428,1,ham10000,ISIC_0026430,mel,HAM_0007570
0,0.8264689445495605,1,ham10000,ISIC_0029836,bkl,HAM_0007571
0,0.30905357003211975,1,ham10000,ISIC_0029420,bkl,HAM_0007573
1,0.7763610482215881,1,ham10000,ISIC_0033238,mel,HAM_0007574
0,0.5459877252578735,1,ham10000,ISIC_0027115,nv,HAM_0007576
0,0.7034709453582764,1,ham10000,ISIC_0030305,nv,HAM_0007577
0,0.25771379470825195,1,ham10000,ISIC_0030867,nv,HAM_0007578
0,0.6461623907089233,1,ham10000,ISIC_0027571,nv,HAM_0007579
0,0.48311129212379456,1,ham10000,ISIC_0027877,nv,HAM_0007580
0,0.4912945032119751,1,ham10000,ISIC_0027092,nv,HAM_0007582
1,0.5810397267341614,1,ham10000,ISIC_0033081,mel,HAM_0007583
0,0.3483423590660095,1,ham10000,ISIC_0025139,nv,HAM_0007584
0,0.6641948223114014,1,ham10000,ISIC_0032347,nv,HAM_0007585
1,0.8155273199081421,1,ham10000,ISIC_0029819,mel,HAM_0007586
0,0.16651345789432526,0,ham10000,ISIC_0029762,nv,HAM_0007587
1,0.3287554681301117,1,ham10000,ISIC_0030230,bcc,HAM_0007588
1,0.8341969847679138,1,ham10000,ISIC_0034049,mel,HAM_0007589
0,0.18313805758953094,0,ham10000,ISIC_0028615,bkl,HAM_0007590
0,0.7086427807807922,1,ham10000,ISIC_0025351,bkl,HAM_0007591
1,0.6015556454658508,1,ham10000,ISIC_0027149,mel,HAM_0007592
0,0.11217202246189117,0,ham10000,ISIC_0031854,nv,HAM_0007593
0,0.3530298173427582,1,ham10000,ISIC_0028772,nv,HAM_0007594
0,0.2661305069923401,1,ham10000,ISIC_0025288,nv,HAM_0007595
0,0.6413673758506775,1,ham10000,ISIC_0032764,nv,HAM_0007596
0,0.3093266785144806,1,ham10000,ISIC_0028274,nv,HAM_0007597
0,0.7556828856468201,1,ham10000,ISIC_0026514,bkl,HAM_0007598
0,0.2530491054058075,1,ham10000,ISIC_0029255,nv,HAM_0007599
0,0.607009768486023,1,ham10000,ISIC_0025375,nv,HAM_0007600
1,0.6617736220359802,1,ham10000,ISIC_0027447,akiec,HAM_0007601
0,0.30354243516921997,1,ham10000,ISIC_0031262,nv,HAM_0007602
0,0.5777144432067871,1,ham10000,ISIC_0029139,bkl,HAM_0007603
0,0.4872065782546997,1,ham10000,ISIC_0027027,bkl,HAM_0007604
0,0.3288782835006714,1,ham10000,ISIC_0024699,nv,HAM_0007605
0,0.5538027882575989,1,ham10000,ISIC_0025870,nv,HAM_0007606
0,0.7750548124313354,1,ham10000,ISIC_0025883,bkl,HAM_0007607
0,0.4264153242111206,1,ham10000,ISIC_0028609,nv,HAM_0007608
0,0.8063778281211853,1,ham10000,ISIC_0026326,nv,HAM_0007609
0,0.3090361952781677,1,ham10000,ISIC_0030855,nv,HAM_0007610
1,0.776470959186554,1,ham10000,ISIC_0032314,bcc,HAM_0007611
0,0.054337773472070694,0,ham10000,ISIC_0025688,nv,HAM_0007612
0,0.4621075987815857,1,ham10000,ISIC_0024912,nv,HAM_0007613
0,0.6809550523757935,1,ham10000,ISIC_0027672,vasc,HAM_0007614
0,0.46569356322288513,1,ham10000,ISIC_0027417,nv,HAM_0007615
0,0.6054372191429138,1,ham10000,ISIC_0027373,nv,HAM_0007616
1,0.8764462471008301,1,ham10000,ISIC_0024875,mel,HAM_0007617
0,0.3070376217365265,1,ham10000,ISIC_0030293,nv,HAM_0007618
0,0.3390929102897644,1,ham10000,ISIC_0026948,nv,HAM_0007619
1,0.8110510110855103,1,ham10000,ISIC_0027616,mel,HAM_0007620
0,0.6562652587890625,1,ham10000,ISIC_0024626,bkl,HAM_0007621
1,0.37668317556381226,1,ham10000,ISIC_0027562,akiec,HAM_0007622
1,0.6969591975212097,1,ham10000,ISIC_0025264,akiec,HAM_0007623
0,0.5615275502204895,1,ham10000,ISIC_0026322,nv,HAM_0007624
0,0.7277845740318298,1,ham10000,ISIC_0033378,bkl,HAM_0007625
0,0.23257695138454437,1,ham10000,ISIC_0031300,nv,HAM_0007626
1,0.5913561582565308,1,ham10000,ISIC_0026118,bcc,HAM_0007627
0,0.2777012884616852,1,ham10000,ISIC_0027059,nv,HAM_0007628
